Time (s),Channel 1 (V),Channel 2 (V)
-0.00258006,5.996511236960881,0.9380405083776273
-0.00257943,5.981720466968674,0.9269009799446186
-0.0025788,5.98541815946672,0.9231878038002755
-0.00257817,5.99281354446282,0.9120482753672551
-0.00257754,5.97432508197256,0.8971955707899101
-0.00257691,5.966929696976452,0.8971955707899101
-0.00257628,5.948441234486192,0.8860560423569015
-0.00257565,5.944743541988131,0.8786296900682206
-0.00257502,5.944743541988131,0.8860560423568964
-0.00257439,5.933650464493976,0.8712033377795515
-0.00257376,5.93365046449397,0.8637769854908688
-0.00257313,5.933650464493961,0.8637769854908655
-0.0025725,5.911464309505648,0.856350633202193
-0.00257187,5.900371232011488,0.8526374570578551
-0.00257124,5.896673539513433,0.8452111047691759
-0.00257061,5.89297584701538,0.8377847524805034
-0.00256998,5.870789692027059,0.8229320479031517
-0.00256935,5.878185077023163,0.8229320479031517
-0.00256872,5.863394307030952,0.811792519470138
-0.00256809,5.859696614532893,0.7932266387484483
-0.00256746,5.848603537038738,0.7932266387484483
-0.00256683,5.837510459544577,0.7895134626041104
-0.0025662,5.833812767046521,0.774660758026757
-0.00256557,5.83011507454847,0.7709475818824209
-0.00256494,5.822719689552363,0.7560948773050691
-0.00256431,5.811626612058207,0.7560948773050691
-0.00256368,5.807928919560148,0.7560948773050691
-0.00256305,5.804231227062095,0.7486685250163899
-0.00256242,5.804231227062095,0.7412421727277174
-0.00256179,5.793138149567934,0.7301026442947037
-0.00256116,5.763556609583505,0.7301026442946953
-0.00256053,5.763556609583505,0.7115367635730141
-0.0025599,5.759858917085452,0.7078235874286761
-0.00255927,5.748765839591297,0.6892577067069949
-0.00255864,5.73767276209713,0.7003972351400003
-0.00255801,5.726579684602969,0.6892577067069865
-0.00255738,5.722881992104916,0.670691825985297
-0.00255675,5.726579684602969,0.6632654736966211
-0.00255612,5.704393529614642,0.6669786498409522
-0.00255549,5.693300452120488,0.6521259452636073
-0.00255486,5.700695837116594,0.6409864168305935
-0.00255423,5.685905067124387,0.6224205361089123
-0.0025536,5.667416604634112,0.6335600645419177
-0.00255297,5.667416604634112,0.6149941838202282
-0.00255234,5.660021219638005,0.6187073599645661
-0.00255171,5.648928142143844,0.6149941838202282
-0.00255108,5.656323527139942,0.6001414792428713
-0.00255045,5.634137372151629,0.5890019508098627
-0.00254982,5.630439679653576,0.5964283030985386
-0.00254919,5.630439679653576,0.5778624223768574
-0.00254856,5.608253524665255,0.5704360700881731
-0.00254793,5.597160447171094,0.5592965416551593
-0.0025473,5.597160447171094,0.5481570132221507
-0.00254667,5.586067369676933,0.5555833655108214
-0.00254604,5.567578907186667,0.5407306609334596
-0.00254541,5.571276599684719,0.5184516040674422
-0.00254478,5.556485829692504,0.525877956356118
-0.00254415,5.552788137194453,0.5110252517787731
-0.00254352,5.549090444696398,0.5035988994900905
-0.00254289,5.534299674704183,0.4998857233457525
-0.00254226,5.537997367202235,0.4961725472014163
-0.00254163,5.53060198220613,0.4776066664797251
-0.002541,5.515811212213908,0.473893490335382
-0.00254037,5.501020442221701,0.4627539619023734
-0.00253974,5.497322749723647,0.4664671380467112
-0.00253911,5.489927364727544,0.4590407857580388
-0.00253848,5.471438902237272,0.4441880811806838
-0.00253785,5.464043517241165,0.4144826720259804
-0.00253722,5.464043517241165,0.4219090243146529
-0.00253659,5.44925274724895,0.4144826720259804
-0.00253596,5.449252747248948,0.4107694958816391
-0.00253533,5.445555054750897,0.4033431435929666
-0.0025347,5.430764284758682,0.4070563197373046
-0.00253407,5.419671207264519,0.3996299674486202
-0.00253344,5.412275822268414,0.3810640867269391
-0.00253281,5.412275822268414,0.3810640867269391
-0.00253218,5.404880437272311,0.3699245582939304
-0.00253155,5.393787359778146,0.3587850298609115
-0.00253092,5.382694282283984,0.3550718537165686
-0.00253029,5.378996589785933,0.3439323252835599
-0.00252966,5.375298897287879,0.3327927968505461
-0.00252903,5.356810434797609,0.3327927968505377
-0.0025284,5.353112742299557,0.3142269161288566
-0.00252777,5.34571735730345,0.3179400922731944
-0.00252714,5.334624279809295,0.3030873876958495
-0.00252651,5.330926587311236,0.3105137399845186
-0.00252588,5.323531202315129,0.2993742115515048
-0.00252525,5.312438124820968,0.2733819785411394
-0.00252462,5.301345047326807,0.2770951546854773
-0.00252399,5.286554277334595,0.2696688023967998
-0.00252336,5.290251969832647,0.2659556262524636
-0.00252273,5.279158892338486,0.2511029216751118
-0.0025221,5.271763507342382,0.2436765693864394
-0.00252147,5.256972737350164,0.243676569386436
-0.00252084,5.260670429848218,0.2325370409534223
-0.00252021,5.245879659856003,0.2102579840873947
-0.00251958,5.227391197365735,0.2028316317987189
-0.00251895,5.22739119736573,0.2065448079430551
-0.00251832,5.216298119871575,0.2028316317987189
-0.00251769,5.216298119871575,0.1879789272213672
-0.00251706,5.194111964883263,0.1805525749326947
-0.00251643,5.186716579887146,0.1619866942110018
-0.0025158,5.171925809894931,0.1582735180666638
-0.00251517,5.179321194891036,0.1582735180666638
-0.00251454,5.157135039902718,0.1434208134893121
-0.00251391,5.153437347404662,0.1322812850562984
-0.00251328,5.14973965490661,0.1322812850562984
-0.00251265,5.142344269910503,0.1248549327676225
-0.00251202,5.120158114922192,0.1174285804789501
-0.00251139,5.112762729926074,0.1211417566232846
-0.00251076,5.131251192416342,0.1062890520459329
-0.00251013,5.120158114922187,0.09514952361292424
-0.0025095,5.101669652431914,0.0840099951799054
-0.00250887,5.086878882439692,0.0765836428912228
-0.00250824,5.072088112447485,0.06173093831387787
-0.00250761,5.079483497443592,0.05801776216953995
-0.00250698,5.064692727451385,0.05801776216953995
-0.00250635,5.053599649957217,0.03573870530351242
-0.00250572,5.057297342455271,0.02459917687049866
-0.00250509,5.042506572463063,0.0283123530148349
-0.00250446,5.024018109972788,0.02088600072616074
-0.00250383,5.009227339980574,0.00603329614880399
-0.0025032,5.009227339980574,-0.005106232284204704
-0.00250257,4.998134262486413,0.002320120004471127
-0.00250194,5.001831954984459,-0.01253258457288732
-0.00250131,4.983343492494199,-0.02738528915023225
-0.00250068,4.968552722501984,-0.01995893686155639
-0.00250005,4.975948107498088,-0.02738528915022887
-0.00249942,4.953761952509771,-0.04223799372758391
-0.00249879,4.96115733750587,-0.04966434601626821
-0.00249816,4.94266887501561,-0.06823022673794937
-0.00249753,4.950064260011716,-0.08308293131530106
-0.0024969,4.935273490019495,-0.07936975517096991
-0.00249627,4.916785027529235,-0.09422245974831481
-0.00249564,4.909389642533127,-0.08308293131530106
-0.00249501,4.901994257537024,-0.09422245974830974
-0.00249438,4.90199425753702,-0.1053619881813286
-0.00249375,4.901994257537007,-0.1127883404700112
-0.00249312,4.872412717552591,-0.1276410450473561
-0.00249249,4.865017332556484,-0.1276410450473561
-0.00249186,4.857621947560377,-0.1424937496247163
-0.00249123,4.857621947560377,-0.1610596303463974
-0.0024906,4.846528870066217,-0.1536332780577216
-0.00248997,4.831738100074009,-0.1647728064907302
-0.00248934,4.824342715077895,-0.1684859826350732
-0.00248871,4.828040407575949,-0.179625511068087
-0.00248808,4.828040407575949,-0.1907650395011008
-0.00248745,4.805854252587627,-0.1759123349237491
-0.00248682,4.794761175093464,-0.1981913917897783
-0.00248619,4.791063482595413,-0.2019045679341145
-0.00248556,4.783668097599305,-0.2167572725114662
-0.00248493,4.768877327607099,-0.2278968009444749
-0.0024843,4.765179635109037,-0.2353231532331558
-0.00248367,4.75778425011293,-0.2427495055218317
-0.00248304,4.746691172618769,-0.2501758578105076
-0.00248241,4.735598095124609,-0.2501758578105076
-0.00248178,4.74669117261876,-0.2576022100991935
-0.00248115,4.724505017630448,-0.2798812669652109
-0.00248052,4.720807325132395,-0.2798812669652109
-0.00247989,4.694923477646031,-0.2798812669652109
-0.00247926,4.698621170144073,-0.2984471476869005
-0.00247863,4.687528092649912,-0.3095866761199143
-0.002478,4.680132707653809,-0.3170130284085868
-0.00247737,4.669039630159644,-0.3132998522642522
-0.00247674,4.65794655266548,-0.3207262045529314
-0.00247611,4.650551167669376,-0.3281525568416038
-0.00247548,4.650551167669376,-0.3430052614189556
-0.00247485,4.639458090175221,-0.350431613707628
-0.00247422,4.624667320183002,-0.3541447898519693
-0.00247359,4.620969627684948,-0.3652843182849831
-0.00247296,4.624667320183,-0.3764238467179918
-0.00247233,4.60248116519468,-0.3875633751510106
-0.0024717,4.595085780198567,-0.387563375151019
-0.00247107,4.583992702704412,-0.4061292558727002
-0.00247044,4.580295010206358,-0.413555608161376
-0.00246981,4.569201932712203,-0.4209819604500485
-0.00246918,4.558108855218037,-0.4321214888830657
-0.00246855,4.547015777723876,-0.4284083127387278
-0.00246792,4.535922700229721,-0.4432610173160727
-0.00246729,4.535922700229715,-0.4469741934604173
-0.00246666,4.524829622735549,-0.4544005457491033
-0.00246603,4.513736545241394,-0.4766796026151208
-0.0024654,4.513736545241394,-0.4729664264707828
-0.00246477,4.506341160245277,-0.4803927787594671
-0.00246414,4.484155005256965,-0.4989586594811483
-0.00246351,4.484155005256965,-0.4878191310481345
-0.00246288,4.476759620260862,-0.5026718356254795
-0.00246225,4.45827115777059,-0.5063850117698241
-0.00246162,4.465666542766684,-0.5138113640585016
-0.00246099,4.436085002782269,-0.5175245402028379
-0.00246036,4.443480387778376,-0.5249508924915137
-0.00245973,4.432387310284211,-0.5138113640585135
-0.0024591,4.424991925288108,-0.5435167732132034
-0.00245847,4.413898847793947,-0.558369477790555
-0.00245784,4.410201155295895,-0.5732221823678999
-0.00245721,4.410201155295893,-0.5806485346565825
-0.00245658,4.391712692805625,-0.5880748869452583
-0.00245595,4.384317307809519,-0.5843617108009205
-0.00245532,4.373224230315357,-0.5917880630895963
-0.00245469,4.362131152821199,-0.5992144153782772
-0.00245406,4.365828845319251,-0.6103539438112859
-0.00245343,4.35473576782509,-0.6252066483886376
-0.0024528,4.347340382828986,-0.6289198245329738
-0.00245217,4.336247305334822,-0.6400593529659893
-0.00245154,4.328851920338715,-0.6289198245329755
-0.00245091,4.321456535342607,-0.6363461768216514
-0.00245028,4.306665765350393,-0.6511988813990031
-0.00244965,4.302968072852336,-0.6623384098320269
-0.00244902,4.295572687856232,-0.6846174666980444
-0.00244839,4.284479610362071,-0.6846174666980444
-0.00244776,4.284479610362071,-0.680904290553708
-0.00244713,4.265991147871803,-0.703183347419734
-0.0024465,4.25120037787959,-0.7106096997084098
-0.00244587,4.262293455373745,-0.7068965235640735
-0.00244524,4.254898070377643,-0.7143228758527477
-0.00244461,4.23271191538932,-0.718036051997089
-0.00244398,4.229014222891267,-0.7254624042857615
-0.00244335,4.210525760401,-0.7366019327187753
-0.00244272,4.214223452899052,-0.7514546372961202
-0.00244209,4.203130375404893,-0.747741461151789
-0.00244146,4.192037297910732,-0.7551678134404648
-0.00244083,4.192037297910732,-0.7663073418734735
-0.0024402,4.180944220416571,-0.7811600464508303
-0.00243957,4.177246527918513,-0.7774468703064975
-0.00243894,4.166153450424357,-0.7885863987395061
-0.00243831,4.15875806542825,-0.7997259271725199
-0.00243768,4.147664987934094,-0.8071522794611924
-0.00243705,4.129176525443821,-0.8108654556055337
-0.00243642,4.136571910439928,-0.8294313363272232
-0.00243579,4.14026960293798,-0.8220049840385507
-0.00243516,4.132874217941874,-0.8257181601828854
-0.00243453,4.106990370455493,-0.8405708647602337
-0.0024339,4.092199600463285,-0.8331445124715612
-0.00243327,4.092199600463285,-0.8591367454819266
-0.00243264,4.084804215467178,-0.8777026262036129
-0.00243201,4.084804215467178,-0.8702762739149404
-0.00243138,4.070013445474964,-0.8739894500592783
-0.00243075,4.058920367980808,-0.885128978492287
-0.00243012,4.055222675482749,-0.8925553307809678
-0.00242949,4.051524982984689,-0.8999816830696489
-0.00242886,4.036734212992481,-0.9111212115026576
-0.00242823,4.036734212992481,-0.8999816830696438
-0.0024276,4.036734212992474,-0.9111212115026627
-0.00242697,4.021943443000267,-0.9222607399356714
-0.00242634,4.02564113549832,-0.9185475637913333
-0.00242571,4.018245750502217,-0.9334002683686782
-0.00242508,3.999757288011946,-0.9482529729460368
-0.00242445,3.988664210517789,-0.9556793252347041
-0.00242382,3.996059595513892,-0.937113444513023
-0.00242319,3.977571133023624,-0.9631056775233885
-0.00242256,3.966478055529463,-0.9631056775233969
-0.00242193,3.966478055529463,-0.981671558245078
-0.0024213,3.959082670533356,-0.9779583821007402
-0.00242067,3.940594208043097,-1.000237438966757
-0.00242004,3.947989593039195,-1.000237438966767
-0.00241941,3.933198823046981,-1.007663791255443
-0.00241878,3.925803438050874,-1.015090143544119
-0.00241815,3.914710360556713,-1.007663791255443
-0.00241752,3.896221898066452,-1.022516495832793
-0.00241689,3.911012668058659,-1.018803319688457
-0.00241626,3.903617283062553,-1.037369200410147
-0.00241563,3.881431128074242,-1.044795552698819
-0.002415,3.881431128074231,-1.044795552698823
-0.00241437,3.877733435576177,-1.052221904987498
-0.00241374,3.866640358082017,-1.06707460956485
-0.00241311,3.866640358082017,-1.06707460956485
-0.00241248,3.851849588089797,-1.0819273141422
-0.00241185,3.840756510595642,-1.078214137997864
-0.00241122,3.833361125599534,-1.089353666430878
-0.00241059,3.837058818097586,-1.085640490286542
-0.00240996,3.825965740603428,-1.104206371008229
-0.00240933,3.814872663109266,-1.119059075585581
-0.0024087,3.807477278113163,-1.126485427874254
-0.00240807,3.803779585615106,-1.130198604018595
-0.00240744,3.796384200618992,-1.122772251729922
-0.00240681,3.781593430626784,-1.130198604018595
-0.00240618,3.774198045630677,-1.137624956307271
-0.00240555,3.770500353132626,-1.148764484740279
-0.00240492,3.763104968136516,-1.163617189317636
-0.00240429,3.759407275638463,-1.159904013173298
-0.00240366,3.744616505646255,-1.152477660884626
-0.00240303,3.740918813148195,-1.17475671775065
-0.0024024,3.740918813148188,-1.182183070039334
-0.00240177,3.72612804315598,-1.200748950761015
-0.00240114,3.722430350657927,-1.189609422328002
-0.00240051,3.726128043155978,-1.189609422328002
-0.00239988,3.718732658159873,-1.208175303049691
-0.00239925,3.700244195669605,-1.219314831482705
-0.00239862,3.696546503171554,-1.215601655338369
-0.00239799,3.696546503171552,-1.211888479194029
-0.00239736,3.685453425677378,-1.234167536060058
-0.00239673,3.655871885692962,-1.237880712204394
-0.0023961,3.670662655685176,-1.241593888348733
-0.00239547,3.666964963187118,-1.249020240637413
-0.00239484,3.655871885692962,-1.260159769070422
-0.00239421,3.641081115700748,-1.271299297503436
-0.00239358,3.637383423202696,-1.275012473647772
-0.00239295,3.641081115700748,-1.278725649792112
-0.00239232,3.626290345708532,-1.28243882593645
-0.00239169,3.62259265321048,-1.28243882593645
-0.00239106,3.62259265321048,-1.28243882593645
-0.00239043,3.607801883218262,-1.286152002080789
-0.0023898,3.600406498222159,-1.289865178225125
-0.00238917,3.593011113226051,-1.323283763524167
-0.00238854,3.596708805724103,-1.326996939668503
-0.00238791,3.589313420727998,-1.301004706658139
-0.00238728,3.567127265739673,-1.319570587379832
-0.00238665,3.559731880743569,-1.326996939668505
-0.00238602,3.559731880743569,-1.341849644245856
-0.00238539,3.552336495747457,-1.338136468101524
-0.00238476,3.541243418253301,-1.349275996534532
-0.00238413,3.533848033257194,-1.349275996534532
-0.0023835,3.526452648261091,-1.360415524967541
-0.00238287,3.533848033257194,-1.367841877256222
-0.00238224,3.533848033257194,-1.378981405689236
-0.00238161,3.522754955763033,-1.382694581833573
-0.00238098,3.511661878268873,-1.404973638699601
-0.00238035,3.507964185770819,-1.390120934122253
-0.00237972,3.507964185770819,-1.397547286410925
-0.00237909,3.504266493272765,-1.416113167132615
-0.00237846,3.478382645786402,-1.40126046255527
-0.00237783,3.474684953288337,-1.416113167132615
-0.0023772,3.474684953288337,-1.419826343276953
-0.00237657,3.463591875794181,-1.419826343276953
-0.00237594,3.467289568292229,-1.427252695565628
-0.00237531,3.467289568292223,-1.434679047854308
-0.00237468,3.452498798300015,-1.44210540014298
-0.00237405,3.445103413303908,-1.434679047854304
-0.00237342,3.441405720805856,-1.445818576287313
-0.00237279,3.434010335809747,-1.464384457009008
-0.00237216,3.430312643311693,-1.449531752431656
-0.00237153,3.42291725831559,-1.464384457009001
-0.0023709,3.411824180821426,-1.464384457009008
-0.00237027,3.40812648832337,-1.482950337730696
-0.00236964,3.404428795825319,-1.479237161586359
-0.00236901,3.389638025833104,-1.494089866163711
-0.00236838,3.389638025833104,-1.490376690019375
-0.00236775,3.385940333335051,-1.486663513875035
-0.00236712,3.37484725584089,-1.501516218452387
-0.00236649,3.37484725584089,-1.512655746885396
-0.00236586,3.371149563342836,-1.516368923029739
-0.00236523,3.360056485848672,-1.512655746885402
-0.0023646,3.352661100852568,-1.516368923029739
-0.00236397,3.341568023358408,-1.520082099174076
-0.00236334,3.345265715856458,-1.527508451462751
-0.00236271,3.337870330860354,-1.523795275318415
-0.00236208,3.3341726383623,-1.546074332184442
-0.00236145,3.326777253366197,-1.546074332184442
-0.00236082,3.326777253366194,-1.546074332184442
-0.00236019,3.311986483373977,-1.560927036761794
-0.00235956,3.308288790875926,-1.560927036761794
-0.00235893,3.297195713381765,-1.56835338905047
-0.0023583,3.304591098377862,-1.575779741339149
-0.00235767,3.28240494338955,-1.583206093627821
-0.00235704,3.278707250891497,-1.56835338905047
-0.00235641,3.2861026358876,-1.575779741339142
-0.00235578,3.275009558393443,-1.590632445916497
-0.00235515,3.267614173397336,-1.594345622060833
-0.00235452,3.267614173397336,-1.590632445916497
-0.00235389,3.256521095903175,-1.605485150493849
-0.00235326,3.252823403405126,-1.590632445916502
-0.00235263,3.260218788401229,-1.601771974349511
-0.002352,3.252823403405122,-1.6203378550712
-0.00235137,3.234334940914863,-1.612911502782528
-0.00235074,3.234334940914854,-1.616624678926863
-0.00235011,3.238032633412907,-1.6203378550712
-0.00234948,3.223241863420693,-1.646330088081566
-0.00234885,3.21954417092264,-1.642616911937228
-0.00234822,3.223241863420689,-1.646330088081566
-0.00234759,3.215846478424586,-1.646330088081566
-0.00234696,3.212148785926532,-1.653756440370242
-0.00234633,3.204753400930429,-1.650043264225906
-0.0023457,3.197358015934318,-1.646330088081566
-0.00234507,3.186264938440157,-1.650043264225904
-0.00234444,3.189962630938211,-1.661182792658918
-0.00234381,3.182567245942104,-1.661182792658918
-0.00234318,3.178869553444045,-1.672322321091935
-0.00234255,3.167776475949889,-1.679748673380607
-0.00234192,3.167776475949889,-1.679748673380607
-0.00234129,3.171474168447941,-1.679748673380607
-0.00234066,3.149288013459621,-1.687175025669283
-0.00234003,3.149288013459621,-1.694601377957959
-0.0023394,3.14559032096157,-1.679748673380614
-0.00233877,3.145590320961568,-1.698314554102297
-0.00233814,3.134497243467402,-1.698314554102299
-0.00233751,3.123404165973247,-1.702027730246635
-0.00233688,3.1271018584713,-1.705740906390973
-0.00233625,3.134497243467403,-1.702027730246636
-0.00233562,3.119706473475193,-1.716880434823986
-0.00233499,3.119706473475193,-1.716880434823986
-0.00233436,3.112311088479089,-1.720593610968322
-0.00233373,3.112311088479085,-1.716880434823986
-0.0023331,3.097520318486866,-1.720593610968321
-0.00233247,3.086427240992711,-1.713167258679648
-0.00233184,3.082729548494657,-1.720593610968324
-0.00233121,3.097520318486864,-1.731733139401333
-0.00233058,3.090124933490764,-1.742872667834352
-0.00232995,3.07533416349855,-1.731733139401338
-0.00232932,3.082729548494653,-1.735446315545674
-0.00232869,3.07533416349855,-1.74658584397869
-0.00232806,3.067938778502443,-1.742872667834354
-0.00232743,3.067938778502443,-1.74658584397869
-0.0023268,3.060543393506335,-1.761438548556041
-0.00232617,3.049450316012177,-1.75029902012303
-0.00232554,3.053148008510228,-1.754012196267366
-0.00232491,3.049450316012175,-1.750299020123028
-0.00232428,3.045752623514123,-1.754012196267364
-0.00232365,3.045752623514121,-1.757725372411703
-0.00232302,3.045752623514116,-1.754012196267364
-0.00232239,3.03465954601996,-1.750299020123028
-0.00232176,3.023566468525799,-1.761438548556041
-0.00232113,3.023566468525793,-1.772578076989058
-0.0023205,3.008775698533585,-1.780004429277731
-0.00231987,3.012473391031639,-1.787430781566407
-0.00231924,3.008775698533587,-1.776291253133398
-0.00231861,3.008775698533585,-1.768864900844717
-0.00231798,3.00507800603553,-1.780004429277729
-0.00231735,3.001380313537478,-1.776291253133393
-0.00231672,2.997682621039425,-1.772578076989055
-0.00231609,2.990287236043321,-1.776291253133393
-0.00231546,2.997682621039425,-1.776291253133393
-0.00231483,2.979194158549157,-1.783717605422069
-0.0023142,2.990287236043312,-1.768864900844724
-0.00231357,2.98289185104721,-1.776291253133393
-0.00231294,2.979194158549157,-1.780004429277731
-0.00231231,2.971798773553049,-1.780004429277731
-0.00231168,2.968101081054996,-1.780004429277731
-0.00231105,2.960705696058889,-1.787430781566407
-0.00231042,2.960705696058889,-1.787430781566407
-0.00230979,2.964403388556942,-1.787430781566407
-0.00230916,2.957008003560839,-1.772578076989062
-0.00230853,2.949612618564728,-1.791143957710745
-0.0023079,2.957008003560835,-1.802283486143758
-0.00230727,2.949612618564732,-1.798570309999422
-0.00230664,2.938519541070567,-1.783717605422069
-0.00230601,2.93482184857251,-1.787430781566412
-0.00230538,2.927426463576406,-1.798570309999421
-0.00230475,2.93112415607446,-1.787430781566407
-0.00230412,2.93112415607446,-1.787430781566407
-0.00230349,2.927426463576406,-1.794857133855083
-0.00230286,2.938519541070567,-1.783717605422069
-0.00230223,2.923728771078359,-1.787430781566405
-0.0023016,2.916333386082246,-1.791143957710745
-0.00230097,2.931124156074457,-1.787430781566407
-0.00230034,2.923728771078353,-1.787430781566407
-0.00229971,2.908938001086138,-1.787430781566407
-0.00229908,2.908938001086138,-1.791143957710743
-0.00229845,2.905240308588085,-1.787430781566407
-0.00229782,2.901542616090032,-1.787430781566407
-0.00229719,2.901542616090032,-1.783717605422071
-0.00229656,2.901542616090032,-1.791143957710745
-0.00229593,2.897844923591971,-1.776291253133401
-0.0022953,2.883054153599764,-1.794857133855083
-0.00229467,2.89044953859587,-1.783717605422069
-0.00229404,2.886751846097821,-1.7762912531334
-0.00229341,2.894147231093924,-1.791143957710745
-0.00229278,2.897844923591978,-1.780004429277731
-0.00229215,2.879356461101718,-1.787430781566403
-0.00229152,2.875658768603656,-1.787430781566407
-0.00229089,2.868263383607551,-1.783717605422076
-0.00229026,2.871961076105602,-1.798570309999421
-0.00228963,2.886751846097817,-1.787430781566407
-0.002289,2.860867998611444,-1.783717605422071
-0.00228837,2.864565691109496,-1.787430781566407
-0.00228774,2.868263383607549,-1.791143957710745
-0.00228711,2.857170306113393,-1.7762912531334
-0.00228648,2.857170306113388,-1.787430781566407
-0.00228585,2.86086799861144,-1.772578076989067
-0.00228522,2.857170306113388,-1.798570309999421
-0.00228459,2.853472613615335,-1.798570309999421
-0.00228396,2.853472613615333,-1.794857133855079
-0.00228333,2.849774921117281,-1.787430781566407
-0.0022827,2.853472613615335,-1.794857133855083
-0.00228207,2.842379536121179,-1.791143957710747
-0.00228144,2.849774921117281,-1.780004429277731
-0.00228081,2.849774921117281,-1.783717605422069
-0.00228018,2.83868184362312,-1.783717605422069
-0.00227955,2.83868184362312,-1.772578076989055
-0.00227892,2.842379536121169,-1.776291253133398
-0.00227829,2.831286458627013,-1.787430781566407
-0.00227766,2.820193381132853,-1.783717605422069
-0.00227703,2.831286458627008,-1.783717605422069
-0.0022764,2.83868184362312,-1.794857133855083
-0.00227577,2.831286458627013,-1.768864900844717
-0.00227514,2.82758876612896,-1.776291253133393
-0.00227451,2.816495688634799,-1.783717605422069
-0.00227388,2.823891073630904,-1.776291253133396
-0.00227325,2.820193381132853,-1.783717605422069
-0.00227262,2.820193381132853,-1.787430781566407
-0.00227199,2.827588766128956,-1.783717605422071
-0.00227136,2.82758876612896,-1.791143957710745
-0.00227073,2.812797996136745,-1.791143957710745
-0.0022701,2.816495688634797,-1.794857133855081
-0.00226947,2.809100303638692,-1.791143957710745
-0.00226884,2.827588766128956,-1.787430781566407
-0.00226821,2.820193381132853,-1.787430781566407
-0.00226758,2.816495688634799,-1.787430781566407
-0.00226695,2.820193381132851,-1.780004429277734
-0.00226632,2.812797996136745,-1.794857133855083
-0.00226569,2.816495688634799,-1.794857133855083
-0.00226506,2.805402611140643,-1.783717605422074
-0.00226443,2.809100303638692,-1.780004429277731
-0.0022638,2.805402611140634,-1.802283486143755
-0.00226317,2.798007226144531,-1.794857133855083
-0.00226254,2.809100303638692,-1.794857133855083
-0.00226191,2.812797996136744,-1.783717605422074
-0.00226128,2.801704918642585,-1.772578076989055
-0.00226065,2.801704918642585,-1.776291253133393
-0.00226002,2.805402611140636,-1.776291253133393
-0.00225939,2.805402611140638,-1.772578076989055
-0.00225876,2.805402611140631,-1.780004429277731
-0.00225813,2.790611841148424,-1.780004429277731
-0.0022575,2.78691414865037,-1.776291253133393
-0.00225687,2.794309533646482,-1.794857133855079
-0.00225624,2.805402611140638,-1.787430781566407
-0.00225561,2.809100303638692,-1.783717605422069
-0.00225498,2.78691414865038,-1.77257807698906
-0.00225435,2.798007226144531,-1.783717605422069
-0.00225372,2.794309533646476,-1.791143957710736
-0.00225309,2.790611841148424,-1.772578076989055
-0.00225246,2.798007226144531,-1.780004429277731
-0.00225183,2.794309533646479,-1.798570309999415
-0.0022512,2.798007226144531,-1.787430781566407
-0.00225057,2.805402611140638,-1.787430781566407
-0.00224994,2.798007226144534,-1.780004429277734
-0.00224931,2.798007226144531,-1.787430781566407
-0.00224868,2.794309533646479,-1.783717605422067
-0.00224805,2.798007226144531,-1.780004429277731
-0.00224742,2.805402611140638,-1.798570309999421
-0.00224679,2.805402611140633,-1.776291253133395
-0.00224616,2.794309533646477,-1.780004429277731
-0.00224553,2.798007226144531,-1.791143957710745
-0.0022449,2.801704918642583,-1.780004429277736
-0.00224427,2.798007226144531,-1.780004429277731
-0.00224364,2.794309533646477,-1.780004429277731
-0.00224301,2.809100303638692,-1.783717605422069
-0.00224238,2.798007226144531,-1.776291253133393
-0.00224175,2.801704918642583,-1.77629125313339
-0.00224112,2.798007226144531,-1.768864900844717
-0.00224049,2.794309533646477,-1.783717605422069
-0.00223986,2.801704918642581,-1.780004429277733
-0.00223923,2.805402611140638,-1.794857133855083
-0.0022386,2.794309533646477,-1.780004429277731
-0.00223797,2.790611841148426,-1.787430781566403
-0.00223734,2.798007226144531,-1.780004429277731
-0.00223671,2.801704918642583,-1.783717605422067
-0.00223608,2.798007226144531,-1.780004429277731
-0.00223545,2.801704918642585,-1.772578076989055
-0.00223482,2.801704918642585,-1.776291253133391
-0.00223419,2.809100303638692,-1.787430781566407
-0.00223356,2.809100303638692,-1.783717605422069
-0.00223293,2.801704918642588,-1.791143957710742
-0.0022323,2.801704918642585,-1.787430781566407
-0.00223167,2.8164956886348,-1.787430781566402
-0.00223104,2.820193381132853,-1.776291253133393
-0.00223041,2.798007226144531,-1.772578076989055
-0.00222978,2.805402611140634,-1.783717605422064
-0.00222915,2.805402611140638,-1.772578076989055
-0.00222852,2.812797996136745,-1.780004429277731
-0.00222789,2.812797996136745,-1.780004429277731
-0.00222726,2.798007226144531,-1.776291253133393
-0.00222663,2.816495688634797,-1.783717605422069
-0.002226,2.812797996136745,-1.783717605422069
-0.00222537,2.82758876612896,-1.776291253133393
-0.00222474,2.823891073630906,-1.780004429277734
-0.00222411,2.823891073630906,-1.787430781566407
-0.00222348,2.823891073630906,-1.783717605422069
-0.00222285,2.823891073630906,-1.787430781566405
-0.00222222,2.823891073630906,-1.783717605422069
-0.00222159,2.827588766128958,-1.776291253133393
-0.00222096,2.823891073630906,-1.776291253133393
-0.00222033,2.831286458627013,-1.772578076989055
-0.0022197,2.82758876612896,-1.776291253133396
-0.00221907,2.82758876612896,-1.783717605422069
-0.00221844,2.831286458627013,-1.768864900844717
-0.00221781,2.838681843623117,-1.768864900844717
-0.00221718,2.842379536121174,-1.783717605422069
-0.00221655,2.838681843623122,-1.776291253133395
-0.00221592,2.842379536121174,-1.780004429277731
-0.00221529,2.853472613615335,-1.772578076989055
-0.00221466,2.838681843623122,-1.776291253133395
-0.00221403,2.842379536121174,-1.780004429277731
-0.0022134,2.842379536121174,-1.783717605422069
-0.00221277,2.83498415112507,-1.787430781566405
-0.00221214,2.849774921117281,-1.783717605422069
-0.00221151,2.857170306113388,-1.772578076989055
-0.00221088,2.853472613615335,-1.768864900844717
-0.00221025,2.864565691109496,-1.794857133855083
-0.00220962,2.849774921117288,-1.780004429277729
-0.00220899,2.864565691109496,-1.776291253133393
-0.00220836,2.87935646110171,-1.776291253133393
-0.00220773,2.86086799861145,-1.783717605422066
-0.0022071,2.857170306113388,-1.776291253133393
-0.00220647,2.868263383607549,-1.780004429277731
-0.00220584,2.87935646110171,-1.776291253133393
-0.00220521,2.883054153599764,-1.780004429277731
-0.00220458,2.875658768603658,-1.776291253133395
-0.00220395,2.87935646110171,-1.780004429277731
-0.00220332,2.87935646110171,-1.768864900844717
-0.00220269,2.87935646110171,-1.783717605422062
-0.00220206,2.886751846097817,-1.772578076989055
-0.00220143,2.89044953859587,-1.772578076989055
-0.0022008,2.886751846097819,-1.780004429277728
-0.00220017,2.901542616090032,-1.772578076989055
-0.00219954,2.897844923591984,-1.780004429277729
-0.00219891,2.912635693584192,-1.776291253133393
-0.00219828,2.912635693584192,-1.780004429277731
-0.00219765,2.905240308588088,-1.772578076989058
-0.00219702,2.916333386082246,-1.780004429277731
-0.00219639,2.901542616090032,-1.776291253133393
-0.00219576,2.905240308588083,-1.791143957710738
-0.00219513,2.920031078580299,-1.780004429277731
-0.0021945,2.920031078580296,-1.772578076989064
-0.00219387,2.912635693584192,-1.791143957710745
-0.00219324,2.923728771078353,-1.787430781566407
-0.00219261,2.938519541070561,-1.776291253133398
-0.00219198,2.923728771078353,-1.765151724700379
-0.00219135,2.927426463576406,-1.780004429277731
-0.00219072,2.931124156074458,-1.780004429277731
-0.00219009,2.938519541070567,-1.765151724700379
-0.00218946,2.945914926066676,-1.772578076989053
-0.00218883,2.949612618564728,-1.768864900844717
-0.0021882,2.953310311062781,-1.768864900844717
-0.00218757,2.957008003560837,-1.780004429277733
-0.00218694,2.960705696058889,-1.783717605422069
-0.00218631,2.949612618564728,-1.765151724700379
-0.00218568,2.964403388556935,-1.772578076989052
-0.00218505,2.953310311062781,-1.768864900844717
-0.00218442,2.964403388556947,-1.75772537241171
-0.00218379,2.975496466051103,-1.772578076989055
-0.00218316,2.98289185104721,-1.772578076989055
-0.00218253,2.993984928541364,-1.765151724700379
-0.0021819,2.979194158549157,-1.765151724700379
-0.00218127,3.001380313537478,-1.768864900844717
-0.00218064,2.982891851047218,-1.772578076989053
-0.00218001,2.997682621039425,-1.768864900844717
-0.00217938,2.997682621039429,-1.76143854855604
-0.00217875,3.008775698533585,-1.757725372411703
-0.00217812,3.008775698533585,-1.74658584397869
-0.00217749,3.008775698533587,-1.746585843978693
-0.00217686,3.012473391031639,-1.754012196267366
-0.00217623,3.016171083529692,-1.74658584397869
-0.0021756,3.042054931016055,-1.754012196267362
-0.00217497,3.030961853521907,-1.750299020123028
-0.00217434,3.030961853521907,-1.757725372411703
-0.00217371,3.023566468525799,-1.750299020123028
-0.00217308,3.03465954601996,-1.735446315545676
-0.00217245,3.038357238518012,-1.739159491690012
-0.00217182,3.03465954601996,-1.735446315545676
-0.00217119,3.045752623514121,-1.731733139401338
-0.00217056,3.056845701008277,-1.728019963257002
-0.00216993,3.060543393506335,-1.724306787112662
-0.0021693,3.049450316012175,-1.720593610968324
-0.00216867,3.056845701008282,-1.713167258679648
-0.00216804,3.067938778502443,-1.724306787112662
-0.00216741,3.067938778502446,-1.720593610968322
-0.00216678,3.07533416349855,-1.716880434823986
-0.00216615,3.090124933490764,-1.705740906390973
-0.00216552,3.097520318486867,-1.716880434823981
-0.00216489,3.079031855996603,-1.70945408253531
-0.00216426,3.097520318486871,-1.70945408253531
-0.00216363,3.101218010984923,-1.698314554102302
-0.002163,3.093822625988818,-1.690888201813621
-0.00216237,3.104915703482984,-1.690888201813616
-0.00216174,3.116008780977139,-1.679748673380607
-0.00216111,3.119706473475193,-1.676035497236269
-0.00216048,3.116008780977141,-1.679748673380605
-0.00215985,3.123404165973247,-1.694601377957959
-0.00215922,3.119706473475193,-1.683461849524945
-0.00215859,3.127101858471296,-1.6686091449476
-0.00215796,3.134497243467407,-1.672322321091931
-0.00215733,3.149288013459621,-1.672322321091925
-0.0021567,3.149288013459621,-1.65746961651458
-0.00215607,3.149288013459621,-1.661182792658918
-0.00215544,3.156683398455733,-1.65375644037024
-0.00215481,3.167776475949889,-1.650043264225904
-0.00215418,3.167776475949889,-1.642616911937228
-0.00215355,3.167776475949889,-1.646330088081564
-0.00215292,3.175171860945996,-1.635190559648552
-0.00215229,3.182567245942105,-1.63519055964855
-0.00215166,3.186264938440157,-1.631477383504214
-0.00215103,3.193660323436264,-1.635190559648552
-0.0021504,3.189962630938211,-1.624051031215543
-0.00214977,3.189962630938211,-1.635190559648552
-0.00214914,3.197358015934318,-1.616624678926863
-0.00214851,3.212148785926526,-1.612911502782526
-0.00214788,3.208451093428478,-1.612911502782524
-0.00214725,3.21584647842459,-1.601771974349507
-0.00214662,3.223241863420693,-1.594345622060835
-0.00214599,3.226939555918746,-1.590632445916497
-0.00214536,3.230637248416809,-1.594345622060833
-0.00214473,3.249125710907068,-1.590632445916497
-0.0021441,3.252823403405122,-1.579492917483483
-0.00214347,3.256521095903174,-1.579492917483483
-0.00214284,3.256521095903175,-1.572066565194807
-0.00214221,3.260218788401229,-1.56835338905047
-0.00214158,3.267614173397336,-1.56835338905047
-0.00214095,3.275009558393443,-1.560927036761794
-0.00214032,3.271311865895395,-1.549787508328777
-0.00213969,3.28240494338955,-1.542361156040104
-0.00213906,3.286102635887604,-1.538647979895766
-0.00213843,3.286102635887604,-1.542361156040102
-0.0021378,3.300893405879818,-1.542361156040104
-0.00213717,3.300893405879818,-1.527508451462752
-0.00213654,3.315684175872033,-1.512655746885401
-0.00213591,3.32307956086814,-1.516368923029739
-0.00213528,3.315684175872036,-1.512655746885406
-0.00213465,3.32307956086814,-1.523795275318415
-0.00213402,3.337870330860354,-1.494089866163711
-0.00213339,3.334172638362302,-1.50522939459672
-0.00213276,3.3341726383623,-1.497803042308049
-0.00213213,3.341568023358408,-1.494089866163711
-0.0021315,3.367451870844771,-1.479237161586366
-0.00213087,3.348963408354515,-1.471810809297684
-0.00213024,3.352661100852572,-1.475523985442021
-0.00212961,3.360056485848676,-1.475523985442021
-0.00212898,3.378544948338944,-1.464384457009008
-0.00212835,3.397033410829203,-1.449531752431663
-0.00212772,3.397033410829212,-1.449531752431656
-0.00212709,3.393335718331158,-1.449531752431656
-0.00212646,3.408126488323366,-1.438392223998647
-0.00212583,3.408126488323372,-1.438392223998642
-0.0021252,3.400731103327276,-1.427252695565632
-0.00212457,3.422917258315587,-1.434679047854304
-0.00212394,3.422917258315587,-1.430965871709966
-0.00212331,3.437708028307795,-1.408686814843949
-0.00212268,3.437708028307801,-1.408686814843939
-0.00212205,3.430312643311693,-1.404973638699601
-0.00212142,3.448801105801953,-1.390120934122256
-0.00212079,3.452498798300015,-1.386407757977911
-0.00212016,3.459894183296121,-1.390120934122251
-0.00211953,3.456196490798069,-1.393834110266587
-0.0021189,3.470987260790283,-1.378981405689236
-0.00211827,3.478382645786394,-1.37155505340056
-0.00211764,3.485778030782497,-1.37155505340056
-0.00211701,3.493173415778605,-1.360415524967546
-0.00211638,3.500568800774708,-1.35670234882321
-0.00211575,3.496871108276658,-1.345562820390194
-0.00211512,3.51535957076693,-1.334423291957179
-0.00211449,3.522754955763033,-1.330710115812842
-0.00211386,3.526452648261087,-1.326996939668505
-0.00211323,3.519057263264983,-1.315857411235493
-0.0021126,3.526452648261087,-1.319570587379829
-0.00211197,3.548638803249409,-1.308431058946815
-0.00211134,3.556034188245512,-1.304717882802479
-0.00211071,3.559731880743569,-1.289865178225125
-0.00211008,3.552336495747467,-1.286152002080791
-0.00210945,3.563429573241623,-1.293578354369463
-0.00210882,3.563429573241623,-1.297291530513801
-0.00210819,3.563429573241631,-1.286152002080786
-0.00210756,3.581918035731891,-1.28243882593645
-0.00210693,3.604104190720212,-1.271299297503436
-0.0021063,3.60040649822216,-1.2675861213591
-0.00210567,3.618894960712427,-1.249020240637408
-0.00210504,3.62259265321048,-1.249020240637408
-0.00210441,3.62259265321048,-1.234167536060057
-0.00210378,3.644778808198802,-1.230454359915719
-0.00210315,3.633685730704644,-1.219314831482702
-0.00210252,3.641081115700748,-1.211888479194029
-0.00210189,3.644778808198802,-1.219314831482705
-0.00210126,3.648476500696853,-1.223028007627041
-0.00210063,3.655871885692962,-1.211888479194029
-0.0021,3.66326727068907,-1.197035774616677
-0.00209937,3.666964963187123,-1.185896246183664
-0.00209874,3.670662655685176,-1.178469893894988
-0.00209811,3.689151118175451,-1.178469893894983
-0.00209748,3.703941888167659,-1.167330365461974
-0.00209685,3.707639580665712,-1.167330365461974
-0.00209622,3.707639580665712,-1.159904013173301
-0.00209559,3.71503496566182,-1.152477660884622
-0.00209496,3.722430350657927,-1.137624956307271
-0.00209433,3.729825735654031,-1.133911780162934
-0.0020937,3.740918813148195,-1.137624956307271
-0.00209307,3.740918813148198,-1.122772251729916
-0.00209244,3.748314198144302,-1.115345899441243
-0.00209181,3.76680266063457,-1.115345899441243
-0.00209118,3.770500353132622,-1.115345899441243
-0.00209055,3.777895738128731,-1.107919547152567
-0.00208992,3.777895738128731,-1.089353666430878
-0.00208929,3.777895738128731,-1.078214137997869
-0.00208866,3.788988815622892,-1.074500961853526
-0.00208803,3.796384200619005,-1.06336143342051
-0.0020874,3.811174970611213,-1.059648257276174
-0.00208677,3.825965740603428,-1.06707460956485
-0.00208614,3.818570355607322,-1.048508728843157
-0.00208551,3.822268048105374,-1.041082376554485
-0.00208488,3.829663433101481,-1.041082376554485
-0.00208425,3.837058818097584,-1.02622967197714
-0.00208362,3.844454203093695,-1.022516495832795
-0.00208299,3.851849588089814,-1.007663791255442
-0.00208236,3.877733435576177,-1.003950615111106
-0.00208173,3.881431128074231,-1.000237438966767
-0.0020811,3.877733435576181,-0.9965242628224313
-0.00208047,3.885128820572285,-1.000237438966767
-0.00207984,3.888826513070338,-0.989097910533754
-0.00207921,3.896221898066442,-0.9668188536677365
-0.00207858,3.911012668058659,-0.9668188536677264
-0.00207795,3.918408053054767,-0.9631056775233817
-0.00207732,3.918408053054767,-0.9482529729460368
-0.00207669,3.933198823046981,-0.9519661490903747
-0.00207606,3.929501130548936,-0.9445397968016954
-0.00207543,3.947989593039195,-0.937113444513023
-0.0020748,3.959082670533356,-0.9222607399356714
-0.00207417,3.96647805552946,-0.9222607399356714
-0.00207354,3.970175748027517,-0.9148343876469954
-0.00207291,3.970175748027517,-0.9074080353583197
-0.00207228,3.981268825521678,-0.9111212115026576
-0.00207165,3.992361903015839,-0.8925553307809678
-0.00207102,4.014548058004155,-0.87398945005928
-0.00207039,4.003454980509999,-0.8777026262036163
-0.00206976,4.01454805800416,-0.8739894500592783
-0.00206913,4.021943443000263,-0.8628499216262696
-0.0020685,4.021943443000267,-0.8665630977706025
-0.00206787,4.033036520494428,-0.844284040904575
-0.00206724,4.044129597988588,-0.8368576886158992
-0.00206661,4.055222675482749,-0.844284040904575
-0.00206598,4.055222675482755,-0.8294313363272181
-0.00206535,4.066315752976911,-0.8182918078942095
-0.00206472,4.084804215467178,-0.8108654556055337
-0.00206409,4.084804215467178,-0.8108654556055337
-0.00206346,4.088501907965232,-0.7960127510281819
-0.00206283,4.103292677957446,-0.8071522794611957
-0.0020622,4.103292677957446,-0.796012751028187
-0.00206157,4.114385755451607,-0.7885863987395061
-0.00206094,4.114385755451615,-0.7588809895847977
-0.00206031,4.132874217941874,-0.747741461151789
-0.00205968,4.136571910439928,-0.7588809895848028
-0.00205905,4.143967295436032,-0.7477414611517941
-0.00205842,4.151362680432142,-0.7328887565744373
-0.00205779,4.15875806542825,-0.7254624042857615
-0.00205716,4.173548835420457,-0.7291755804300977
-0.00205653,4.173548835420464,-0.7180360519970856
-0.0020559,4.188339605412684,-0.7143228758527426
-0.00205527,4.199432682906839,-0.703183347419734
-0.00205464,4.199432682906839,-0.695756995131058
-0.00205401,4.210525760400994,-0.6920438189867218
-0.00205338,4.217921145397107,-0.6920438189867202
-0.00205275,4.225316530393214,-0.6734779382650306
-0.00205212,4.23640960788737,-0.6697647621206944
-0.00205149,4.247502685381535,-0.6660515859763547
-0.00205086,4.258595762875697,-0.6511988813989913
-0.00205023,4.258595762875697,-0.6252066483886376
-0.0020496,4.265991147871803,-0.6400593529659893
-0.00204897,4.288177302860126,-0.6289198245329721
-0.00204834,4.288177302860126,-0.6214934722442996
-0.00204771,4.295572687856232,-0.6029275915226101
-0.00204708,4.299270380354284,-0.6066407676669463
-0.00204645,4.302968072852339,-0.606640767666948
-0.00204582,4.306665765350401,-0.5843617108009205
-0.00204519,4.325154227840661,-0.5843617108009205
-0.00204456,4.328851920338715,-0.562082653934893
-0.00204393,4.339944997832877,-0.558369477790555
-0.0020433,4.343642690330929,-0.558369477790555
-0.00204267,4.351038075327036,-0.5509431255018792
-0.00204204,4.365828845319244,-0.5435167732132067
-0.00204141,4.369526537817304,-0.5323772447801896
-0.00204078,4.395410385303679,-0.5398035970688586
-0.00204015,4.395410385303679,-0.5249508924915137
-0.00203952,4.391712692805625,-0.5175245402028379
-0.00203889,4.410201155295899,-0.4989586594811432
-0.00203826,4.421294232790054,-0.4878191310481345
-0.00203763,4.417596540292001,-0.4878191310481345
-0.002037,4.428689617786156,-0.4729664264707896
-0.00203637,4.447178080276429,-0.4841059549037966
-0.00203574,4.454573465272537,-0.465540074182107
-0.00203511,4.454573465272537,-0.4581137218934311
-0.00203448,4.46936423526475,-0.4581137218934311
-0.00203385,4.461968850268653,-0.454400545749083
-0.00203322,4.484155005256965,-0.4321214888830657
-0.00203259,4.491550390253073,-0.417268784305714
-0.00203196,4.484155005256969,-0.4246951365943865
-0.00203133,4.498945775249179,-0.4209819604500519
-0.0020307,4.510038852743341,-0.4209819604500519
-0.00203007,4.506341160245286,-0.4024160797283624
-0.00202944,4.517434237739447,-0.3875633751510106
-0.00202881,4.547015777723875,-0.3949897274396781
-0.00202818,4.543318085225822,-0.3764238467179969
-0.00202755,4.569201932712198,-0.3689974944293209
-0.00202692,4.561806547716094,-0.3578579659963123
-0.00202629,4.580295010206358,-0.3541447898519693
-0.00202566,4.587690395202466,-0.3392920852746176
-0.00202503,4.591388087700517,-0.3244393806972727
-0.0020244,4.587690395202466,-0.3281525568416038
-0.00202377,4.59508578019858,-0.3207262045529229
-0.00202314,4.61357424268884,-0.3095866761199143
-0.00202251,4.61357424268884,-0.3058734999755763
-0.00202188,4.628365012681048,-0.2873076192538951
-0.00202125,4.632062705179108,-0.276168090820873
-0.00202062,4.643155782673269,-0.2687417385321971
-0.00201999,4.650551167669373,-0.2687417385321971
-0.00201936,4.657946552665484,-0.2538890339548454
-0.00201873,4.665341937661599,-0.2501758578105076
-0.0020181,4.683830400151859,-0.2501758578105076
-0.00201747,4.702318862642127,-0.2316099770888179
-0.00201684,4.706016555140184,-0.2241836248001488
-0.00201621,4.713411940136288,-0.2390363293774937
-0.00201558,4.720807325132395,-0.2241836248001421
-0.00201495,4.728202710128498,-0.2130440963671334
-0.00201432,4.724505017630448,-0.2019045679341145
-0.00201369,4.735598095124613,-0.2019045679341078
-0.00201306,4.742993480120716,-0.1870518633567629
-0.00201243,4.750388865116824,-0.1759123349237491
-0.0020118,4.776272712603191,-0.1647728064907302
-0.00201117,4.761481942610984,-0.1536332780577216
-0.00201054,4.772575020105145,-0.1462069257690457
-0.00200991,4.791063482595405,-0.1462069257690457
-0.00200928,4.791063482595413,-0.1350673973360319
-0.00200865,4.813249637583734,-0.1239278689030148
-0.00200802,4.813249637583734,-0.1165015166143424
-0.00200739,4.824342715077895,-0.1127883404700044
-0.00200676,4.824342715077901,-0.1016488120369924
-0.00200613,4.835435792572055,-0.1053619881813286
-0.0020055,4.831738100074002,-0.09422245974831481
-0.00200487,4.853924255062314,-0.08308293131530613
-0.00200424,4.865017332556484,-0.0756565790266252
-0.00200361,4.887203487544806,-0.06080387444927352
-0.00200298,4.894598872540913,-0.05337752216059768
-0.00200235,4.894598872540913,-0.04223799372758391
-0.00200172,4.898296565038972,-0.05709069830492378
-0.00200109,4.909389642533127,-0.03109846529457017
-0.00200046,4.916785027529235,-0.02367211300589431
-0.00199983,4.920482720027286,-0.01624576071722186
-0.0019992,4.938971182517556,-0.008819408428542619
-0.00199857,4.938971182517556,-0.001393056139866788
-0.00199794,4.961157337505878,0.006033296148809056
-0.00199731,4.957459645007824,0.02088600072616074
-0.00199668,4.97594810749809,0.03202552915917112
-0.00199605,4.972250415000039,0.02459917687049866
-0.00199542,4.972250415000039,0.0320255291591745
-0.00199479,4.983343492494194,0.06173093831386436
-0.00199416,4.983343492494199,0.05801776216953995
-0.00199353,5.00552964748252,0.05430458602520204
-0.0019929,5.00552964748252,0.05801776216953827
-0.00199227,5.024018109972788,0.07287046674689164
-0.00199164,5.016622724976687,0.08400999517990877
-0.00199101,5.027715802470842,0.09143634746858124
-0.00199038,5.04620426496111,0.1100022281902708
-0.00198975,5.06469272745137,0.1100022281902708
-0.00198912,5.068390419949432,0.1174285804789467
-0.00198849,5.075785804945538,0.1397076373449742
-0.00198786,5.083181189941643,0.135994461200638
-0.00198723,5.0868788824397,0.1545603419223259
-0.0019866,5.105367344929967,0.1434208134893189
-0.00198597,5.105367344929967,0.1582735180666638
-0.00198534,5.112762729926074,0.1656998703553397
-0.00198471,5.127553499918282,0.1731262226440121
-0.00198408,5.131251192416342,0.1768393987883534
-0.00198345,5.134948884914396,0.1879789272213672
-0.00198282,5.1423442699105,0.1879789272213672
-0.00198219,5.14973965490661,0.2028316317987189
-0.00198156,5.168228117396878,0.2065448079430619
-0.00198093,5.168228117396878,0.2176843363760706
-0.0019803,5.175623502392986,0.2213975125204085
-0.00197967,5.186716579887153,0.2362502170977568
-0.00197904,5.20150734987936,0.2288238648090843
-0.00197841,5.208902734875467,0.2473897455307739
-0.00197778,5.216298119871571,0.2622424501081189
-0.00197715,5.212600427373522,0.2659556262524636
-0.00197652,5.223693504867692,0.2696688023968082
-0.00197589,5.245879659856003,0.2845215069741531
-0.00197526,5.249577352354057,0.2808083308298153
-0.00197463,5.249577352354065,0.2919478592628323
-0.001974,5.268065814844325,0.2993742115515048
-0.00197337,5.282856584836539,0.2956610354071669
-0.00197274,5.286554277334591,0.3179400922731843
-0.00197211,5.286554277334593,0.3253664445618702
-0.00197148,5.293949662330704,0.3365059729948908
-0.00197085,5.301345047326807,0.3513586775722357
-0.00197022,5.312438124820968,0.3476455014278979
-0.00196959,5.316135817319025,0.3662113821495891
-0.00196896,5.323531202315129,0.3699245582939253
-0.00196833,5.338321972307343,0.3662113821495874
-0.0019677,5.345717357303447,0.3847772628712686
-0.00196707,5.349415049801504,0.3922036151599528
-0.00196644,5.356810434797611,0.3996299674486287
-0.00196581,5.371601204789825,0.3996299674486287
-0.00196518,5.375298897287879,0.4107694958816425
-0.00196455,5.390089667280095,0.407056319737313
-0.00196392,5.393787359778146,0.4256222004589941
-0.00196329,5.397485052276201,0.4219090243146563
-0.00196266,5.419671207264512,0.4367617288920012
-0.00196203,5.423368899762576,0.4516144334693596
-0.0019614,5.423368899762576,0.4627539619023734
-0.00196077,5.434461977256737,0.4776066664797251
-0.00196014,5.460345824743111,0.4850330187684009
-0.00195951,5.456648132245053,0.4850330187684043
-0.00195888,5.445555054750897,0.4924593710570767
-0.00195825,5.467741209739218,0.4998857233457525
-0.00195762,5.478834287233374,0.4961725472014163
-0.00195699,5.493625057225594,0.5110252517787663
-0.00195636,5.504718134719754,0.529591132500456
-0.00195573,5.512113519715858,0.5333043086447922
-0.0019551,5.519508904711969,0.5333043086447938
-0.00195447,5.52690428970808,0.5444438370778144
-0.00195384,5.534299674704183,0.5592965416551593
-0.00195321,5.54169505970029,0.5518701893664835
-0.00195258,5.552788137194451,0.5704360700881731
-0.00195195,5.556485829692504,0.5778624223768489
-0.00195132,5.571276599684719,0.5778624223768489
-0.00195069,5.578671984680826,0.6075678315315522
-0.00195006,5.578671984680826,0.6224205361089039
-0.00194943,5.58236967717888,0.6075678315315522
-0.0019488,5.589765062174987,0.6224205361089039
-0.00194817,5.604555832167201,0.6335600645419177
-0.00194754,5.611951217163308,0.6335600645419177
-0.00194691,5.619346602159416,0.6335600645419177
-0.00194628,5.619346602159416,0.6372732406862557
-0.00194565,5.630439679653576,0.6632654736966211
-0.00194502,5.648928142143844,0.6632654736966211
-0.00194439,5.660021219638005,0.6818313544183107
-0.00194376,5.660021219638005,0.6818313544183107
-0.00194313,5.667416604634112,0.6781181782739728
-0.0019425,5.667416604634112,0.6966840589956624
-0.00194187,5.678509682128273,0.7078235874286761
-0.00194124,5.689602759622433,0.7189631158616899
-0.00194061,5.711788914610755,0.7078235874286761
-0.00193998,5.704393529614648,0.7338158204390416
-0.00193935,5.711788914610755,0.715249939717352
-0.00193872,5.719184299606862,0.7263894681503658
-0.00193809,5.730277377101023,0.7338158204390416
-0.00193746,5.741370454595184,0.7523817011607312
-0.00193683,5.745068147093237,0.7598080534494071
-0.0019362,5.759858917085452,0.763521229593745
-0.00193557,5.767254302081559,0.7783739341710967
-0.00193494,5.770951994579613,0.7895134626041104
-0.00193431,5.770951994579613,0.7895134626041104
-0.00193368,5.782045072073773,0.7895134626041104
-0.00193305,5.796835842065987,0.7969398148927863
-0.00193242,5.785742764571827,0.8006529910371242
-0.00193179,5.800533534564041,0.8043661671814621
-0.00193116,5.807928919560148,0.8192188717588138
-0.00193053,5.815324304556255,0.8303584001918275
-0.0019299,5.833812767046523,0.8303584001918275
-0.00192927,5.848603537038738,0.8414979286248413
-0.00192864,5.844905844540684,0.8600638093465309
-0.00192801,5.855998922034845,0.8600638093465309
-0.00192738,5.863394307030952,0.8637769854908688
-0.00192675,5.878185077023167,0.8600638093465309
-0.00192612,5.88188276952122,0.8749165139238826
-0.00192549,5.88188276952122,0.8934823946455722
-0.00192486,5.900371232011488,0.8897692185012342
-0.00192423,5.904068924509541,0.9120482753672619
-0.0019236,5.911464309505648,0.904621923078586
-0.00192297,5.907766617007595,0.9083350992229239
-0.00192234,5.926255079497863,0.9120482753672619
-0.00192171,5.93365046449397,0.9343273322332893
-0.00192108,5.944743541988131,0.9417536845219652
-0.00192045,5.941045849490077,0.952893212954979
-0.00191982,5.944743541988131,0.949180036810641
-0.00191919,5.963232004478399,0.952893212954979
-0.00191856,5.970627389474506,0.9714590936766686
-0.00191793,5.98541815946672,0.9788854459653444
-0.0019173,5.989115851964774,0.9788854459653444
-0.00191667,6.000208929458934,0.9825986221096823
-0.00191604,6.007604314455042,0.9937381505426961
-0.00191541,6.011302006953096,1.00487767897571
-0.00191478,6.029790469443363,1.019730383553062
-0.00191415,6.029790469443363,1.012304031264386
-0.00191352,6.02609277694531,1.027156735841738
-0.00191289,6.033488161941417,1.030869911986075
-0.00191226,6.03718585443947,1.034583088130413
-0.00191163,6.066767394423899,1.045722616563427
-0.001911,6.066767394423899,1.053148968852103
-0.00191037,6.070465086921953,1.056862144996441
-0.00190974,6.07786047191806,1.068001673429455
-0.00190911,6.081558164416114,1.071714849573792
-0.00190848,6.085255856914167,1.082854378006806
-0.00190785,6.085255856914167,1.082854378006806
-0.00190722,6.092651241910274,1.086567554151144
-0.00190659,6.114837396898595,1.09399390643982
-0.00190596,6.133325859388863,1.097707082584158
-0.00190533,6.133325859388863,1.108846611017172
-0.0019047,6.137023551886918,1.123699315594523
-0.00190407,6.133325859388863,1.116272963305847
-0.00190344,6.133325859388863,1.123699315594523
-0.00190281,6.148116629381078,1.119986139450186
-0.00190218,6.151814321879131,1.131125667883199
-0.00190155,6.166605091871346,1.153404724749227
-0.00190092,6.166605091871346,1.157117900893565
-0.00190029,6.177698169365507,1.164544253182241
-0.00189966,6.192488939357721,1.171970605470916
-0.00189903,6.196186631855775,1.168257429326578
-0.0018984,6.207279709349935,1.175683781615254
-0.00189777,6.203582016851882,1.186823310048268
-0.00189714,6.210977401847989,1.194249662336944
-0.00189651,6.218372786844096,1.190536486192606
-0.00189588,6.225768171840203,1.205389190769958
-0.00189525,6.229465864338257,1.212815543058634
-0.00189462,6.247954326828525,1.205389190769958
-0.00189399,6.247954326828525,1.216528719202971
-0.00189336,6.247954326828525,1.227668247635985
-0.00189273,6.251652019326579,1.238807776068999
-0.0018921,6.255349711824632,1.242520952213337
-0.00189147,6.2738381743149,1.249947304502013
-0.00189084,6.277535866812953,1.261086832935026
-0.00189021,6.288628944307114,1.268513185223702
-0.00188958,6.284931251809061,1.268513185223702
-0.00188895,6.303419714299329,1.275939537512378
-0.00188832,6.314512791793489,1.27222636136804
-0.00188769,6.318210484291543,1.287079065945392
-0.00188706,6.314512791793489,1.29079224208973
-0.00188643,6.32560586928765,1.30935812281142
-0.0018858,6.333001254283757,1.305644946667082
-0.00188517,6.33669894678181,1.30935812281142
-0.00188454,6.340396639279865,1.316784475100095
-0.00188391,6.351489716774025,1.331637179677447
-0.00188328,6.351489716774025,1.331637179677447
-0.00188265,6.362582794268186,1.327924003533109
-0.00188202,6.373675871762346,1.339063531966123
-0.00188139,6.377373564260401,1.353916236543474
-0.00188076,6.392164334252614,1.353916236543474
-0.00188013,6.406955104244829,1.36134258883215
-0.0018795,6.406955104244829,1.368768941120826
-0.00187887,6.406955104244829,1.372482117265164
-0.00187824,6.392164334252614,1.387334821842516
-0.00187761,6.406955104244829,1.391047997986854
-0.00187698,6.410652796742882,1.391047997986854
-0.00187635,6.421745874237043,1.39847435027553
-0.00187572,6.447629721723418,1.405900702564205
-0.00187509,6.436536644229258,1.394761174131192
-0.00187446,6.451327414221472,1.409613878708543
-0.00187383,6.451327414221472,1.413327054852881
-0.0018732,6.447629721723418,1.417040230997219
-0.00187257,6.462420491715632,1.431892935574571
-0.00187194,6.466118184213686,1.431892935574571
-0.00187131,6.484606646703954,1.435606111718909
-0.00187068,6.492002031700062,1.443032464007585
-0.00187005,6.495699724198115,1.461598344729274
-0.00186942,6.492002031700062,1.465311520873612
-0.00186879,6.495699724198115,1.457885168584936
-0.00186816,6.506792801692276,1.46902469701795
-0.00186753,6.510490494190329,1.465311520873612
-0.0018669,6.510490494190329,1.472737873162288
-0.00186627,6.52158357168449,1.480164225450964
-0.00186564,6.52158357168449,1.48759057773964
-0.00186501,6.536374341676704,1.483877401595302
-0.00186438,6.543769726672812,1.476451049306626
-0.00186375,6.547467419170865,1.48759057773964
-0.00186312,6.547467419170865,1.495016930028316
-0.00186249,6.554862804166972,1.513582810750005
-0.00186186,6.56225818916308,1.528435515327357
-0.00186123,6.558560496665025,1.535861867616033
-0.0018606,6.57335126665724,1.532148691471695
-0.00185997,6.577048959155293,1.539575043760371
-0.00185934,6.57335126665724,1.532148691471695
-0.00185871,6.584444344151401,1.543288219904708
-0.00185808,6.591839729147508,1.535861867616033
-0.00185745,6.591839729147508,1.539575043760371
-0.00185682,6.606630499139722,1.535861867616033
-0.00185619,6.606630499139722,1.565567276770736
-0.00185556,6.606630499139722,1.572993629059412
-0.00185493,6.617723576633884,1.580419981348088
-0.0018543,6.62511896162999,1.587846333636764
-0.00185367,6.639909731622205,1.587846333636764
-0.00185304,6.636212039124151,1.587846333636764
-0.00185241,6.643607424120258,1.587846333636764
-0.00185178,6.639909731622205,1.598985862069777
-0.00185115,6.658398194112473,1.610125390502791
-0.00185052,6.662095886610526,1.621264918935805
-0.00184989,6.66579357910858,1.610125390502791
-0.00184926,6.66579357910858,1.628691271224481
-0.00184863,6.676886656602741,1.621264918935805
-0.001848,6.691677426594955,1.628691271224481
-0.00184737,6.680584349100794,1.628691271224481
-0.00184674,6.691677426594955,1.632404447368819
-0.00184611,6.699072811591062,1.64725715194617
-0.00184548,6.71756127408133,1.643543975801832
-0.00184485,6.710165889085223,1.639830799657495
-0.00184422,6.713863581583277,1.643543975801832
-0.00184359,6.710165889085223,1.658396680379184
-0.00184296,6.721258966579383,1.673249384956536
-0.00184233,6.71756127408133,1.673249384956536
-0.0018417,6.728654351575491,1.680675737245212
-0.00184107,6.732352044073544,1.669536208812198
-0.00184044,6.743445121567705,1.680675737245212
-0.00183981,6.736049736571598,1.680675737245212
-0.00183918,6.750840506563812,1.680675737245212
-0.00183855,6.747142814065759,1.68438891338955
-0.00183792,6.750840506563812,1.695528441822563
-0.00183729,6.758235891559919,1.688102089533887
-0.00183666,6.776724354050187,1.699241617966901
-0.00183603,6.773026661552134,1.706667970255577
-0.0018354,6.761933584057973,1.706667970255577
-0.00183477,6.784119739046295,1.706667970255577
-0.00183414,6.784119739046295,1.710381146399915
-0.00183351,6.773026661552134,1.721520674832929
-0.00183288,6.773026661552134,1.725233850977267
-0.00183225,6.780422046548241,1.732660203265943
-0.00183162,6.795212816540455,1.73637337941028
-0.00183099,6.795212816540455,1.743799731698956
-0.00183036,6.802608201536563,1.743799731698956
-0.00182973,6.817398971528776,1.743799731698956
-0.0018291,6.806305894034616,1.743799731698956
-0.00182847,6.817398971528776,1.75493926013197
-0.00182784,6.821096664026831,1.75493926013197
-0.00182721,6.824794356524884,1.766078788564984
-0.00182658,6.821096664026831,1.766078788564984
-0.00182595,6.839585126517099,1.769791964709322
-0.00182532,6.843282819015152,1.77350514085366
-0.00182469,6.839585126517099,1.769791964709322
-0.00182406,6.835887434019044,1.780931493142335
-0.00182343,6.843282819015152,1.777218316997998
-0.0018228,6.850678204011259,1.77350514085366
-0.00182217,6.854375896509312,1.777218316997998
-0.00182154,6.86177128150542,1.780931493142335
-0.00182091,6.865468974003473,1.795784197719687
-0.00182028,6.869166666501527,1.806923726152701
-0.00181965,6.87286435899958,1.803210550008363
-0.00181902,6.87286435899958,1.806923726152701
-0.00181839,6.883957436493741,1.803210550008363
-0.00181776,6.887655128991795,1.814350078441377
-0.00181713,6.891352821489848,1.818063254585715
-0.0018165,6.895050513987902,1.829202783018729
-0.00181587,6.887655128991795,1.829202783018729
-0.00181524,6.902445898984009,1.825489606874391
-0.00181461,6.909841283980116,1.825489606874391
-0.00181398,6.909841283980116,1.840342311451742
-0.00181335,6.909841283980116,1.84405548759608
-0.00181272,6.917236668976224,1.829202783018729
-0.00181209,6.928329746470384,1.847768663740418
-0.00181146,6.928329746470384,1.84405548759608
-0.00181083,6.928329746470384,1.858908192173432
-0.0018102,6.928329746470384,1.858908192173432
-0.00180957,6.924632053972331,1.86262136831777
-0.00180894,6.928329746470384,1.86262136831777
-0.00180831,6.935725131466492,1.86262136831777
-0.00180768,6.946818208960652,1.858908192173432
-0.00180705,6.932027438968438,1.86262136831777
-0.00180642,6.950515901458706,1.866334544462108
-0.00180579,6.95421359395676,1.870047720606446
-0.00180516,6.950515901458706,1.877474072895121
-0.00180453,6.946818208960652,1.888613601328135
-0.0018039,6.946818208960652,1.888613601328135
-0.00180327,6.950515901458706,1.881187249039459
-0.00180264,6.961608978952866,1.881187249039459
-0.00180201,6.969004363948974,1.884900425183797
-0.00180138,6.95421359395676,1.903466305905487
-0.00180075,6.969004363948974,1.892326777472473
-0.00180012,6.972702056447027,1.888613601328135
-0.00179949,6.969004363948974,1.896039953616811
-0.00179886,6.983795133941188,1.899753129761149
-0.00179823,6.994888211435349,1.899753129761149
-0.0017976,6.980097441443134,1.892326777472473
-0.00179697,6.987492826439242,1.907179482049825
-0.00179634,6.994888211435349,1.910892658194163
-0.00179571,6.991190518937295,1.899753129761149
-0.00179508,6.994888211435349,1.907179482049825
-0.00179445,6.987492826439242,1.914605834338501
-0.00179382,6.991190518937295,1.899753129761149
-0.00179319,6.998585903933402,1.914605834338501
-0.00179256,6.998585903933402,1.922032186627177
-0.00179193,7.002283596431456,1.922032186627177
-0.0017913,6.994888211435349,1.922032186627177
-0.00179067,7.002283596431456,1.914605834338501
-0.00179004,7.013376673925617,1.93317171506019
-0.00178941,7.009678981427562,1.936884891204528
-0.00178878,7.002283596431456,1.93317171506019
-0.00178815,7.020772058921724,1.922032186627177
-0.00178752,7.013376673925617,1.929458538915852
-0.00178689,7.02816744391783,1.948024419637542
-0.00178626,7.01707436642367,1.936884891204528
-0.00178563,7.042958213910046,1.936884891204528
-0.001785,7.035562828913938,1.940598067348866
-0.00178437,7.042958213910046,1.944311243493204
-0.00178374,7.035562828913938,1.95173759578188
-0.00178311,7.035562828913938,1.959163948070556
-0.00178248,7.042958213910046,1.95173759578188
-0.00178185,7.024469751419778,1.955450771926218
-0.00178122,7.02816744391783,1.948024419637542
-0.00178059,7.042958213910046,1.959163948070556
-0.00177996,7.054051291404206,1.959163948070556
-0.00177933,7.057748983902259,1.970303476503569
-0.0017787,7.057748983902259,1.959163948070556
-0.00177807,7.046655906408098,1.974016652647907
-0.00177744,7.054051291404206,1.970303476503569
-0.00177681,7.050353598906153,1.970303476503569
-0.00177618,7.054051291404206,1.966590300359232
-0.00177555,7.050353598906153,1.955450771926218
-0.00177492,7.054051291404206,1.970303476503569
-0.00177429,7.06884206139642,1.977729828792245
-0.00177366,7.06884206139642,1.966590300359232
-0.00177303,7.061446676400314,1.970303476503569
-0.0017724,7.061446676400314,1.981443004936583
-0.00177177,7.065144368898366,1.974016652647907
-0.00177114,7.076237446392527,1.977729828792245
-0.00177051,7.065144368898366,1.985156181080921
-0.00176988,7.072539753894474,1.974016652647907
-0.00176925,7.083632831388634,1.981443004936583
-0.00176862,7.072539753894474,1.981443004936583
-0.00176799,7.072539753894474,1.981443004936583
-0.00176736,7.072539753894474,1.981443004936583
-0.00176673,7.072539753894474,1.970303476503569
-0.0017661,7.065144368898366,1.981443004936583
-0.00176547,7.079935138890582,1.981443004936583
-0.00176484,7.065144368898366,1.977729828792245
-0.00176421,7.065144368898366,1.981443004936583
-0.00176358,7.061446676400314,1.985156181080921
-0.00176295,7.076237446392527,1.985156181080921
-0.00176232,7.076237446392527,1.985156181080921
-0.00176169,7.076237446392527,1.977729828792245
-0.00176106,7.083632831388634,1.981443004936583
-0.00176043,7.076237446392527,1.988869357225259
-0.0017598,7.06884206139642,1.985156181080921
-0.00175917,7.072539753894474,1.985156181080921
-0.00175854,7.079935138890582,1.988869357225259
-0.00175791,7.079935138890582,1.985156181080921
-0.00175728,7.072539753894474,1.977729828792245
-0.00175665,7.091028216384742,1.981443004936583
-0.00175602,7.091028216384742,2.000008885658273
-0.00175539,7.072539753894474,1.992582533369597
-0.00175476,7.076237446392527,1.992582533369597
-0.00175413,7.091028216384742,1.981443004936583
-0.0017535,7.091028216384742,1.988869357225259
-0.00175287,7.087330523886688,1.996295709513935
-0.00175224,7.083632831388634,1.992582533369597
-0.00175161,7.091028216384742,1.988869357225259
-0.00175098,7.098423601380849,1.992582533369597
-0.00175035,7.087330523886688,1.985156181080921
-0.00174972,7.079935138890582,1.992582533369597
-0.00174909,7.076237446392527,1.992582533369597
-0.00174846,7.087330523886688,1.996295709513935
-0.00174783,7.079935138890582,1.988869357225259
-0.0017472,7.091028216384742,1.996295709513935
-0.00174657,7.091028216384742,1.985156181080921
-0.00174594,7.087330523886688,1.996295709513935
-0.00174531,7.098423601380849,2.003722061802611
-0.00174468,7.094725908882795,2.000008885658273
-0.00174405,7.102121293878902,1.996295709513935
-0.00174342,7.079935138890582,1.996295709513935
-0.00174279,7.098423601380849,2.014861590235625
-0.00174216,7.076237446392527,1.992582533369597
-0.00174153,7.091028216384742,1.988869357225259
-0.0017409,7.094725908882795,1.992582533369597
-0.00174027,7.091028216384742,1.992582533369597
-0.00173964,7.083632831388634,1.977729828792245
-0.00173901,7.079935138890582,1.988869357225259
-0.00173838,7.079935138890582,2.007435237946948
-0.00173775,7.083632831388634,1.988869357225259
-0.00173712,7.072539753894474,1.974016652647907
-0.00173649,7.083632831388634,1.981443004936583
-0.00173586,7.079935138890582,1.988869357225259
-0.00173523,7.076237446392527,1.992582533369597
-0.0017346,7.076237446392527,1.977729828792245
-0.00173397,7.079935138890582,1.974016652647907
-0.00173334,7.076237446392527,1.977729828792245
-0.00173271,7.072539753894474,1.985156181080921
-0.00173208,7.076237446392527,1.966590300359232
-0.00173145,7.06884206139642,1.959163948070556
-0.00173082,7.06884206139642,1.974016652647907
-0.00173019,7.083632831388634,1.974016652647907
-0.00172956,7.079935138890582,1.966590300359232
-0.00172893,7.065144368898366,1.962877124214894
-0.0017283,7.072539753894474,1.970303476503569
-0.00172767,7.061446676400314,1.966590300359232
-0.00172704,7.054051291404206,1.977729828792245
-0.00172641,7.06884206139642,1.974016652647907
-0.00172578,7.057748983902259,1.955450771926218
-0.00172515,7.065144368898366,1.95173759578188
-0.00172452,7.057748983902259,1.95173759578188
-0.00172389,7.054051291404206,1.962877124214894
-0.00172326,7.061446676400314,1.962877124214894
-0.00172263,7.061446676400314,1.955450771926218
-0.001722,7.061446676400314,1.948024419637542
-0.00172137,7.057748983902259,1.948024419637542
-0.00172074,7.057748983902259,1.959163948070556
-0.00172011,7.050353598906153,1.948024419637542
-0.00171948,7.054051291404206,1.955450771926218
-0.00171885,7.042958213910046,1.955450771926218
-0.00171822,7.057748983902259,1.970303476503569
-0.00171759,7.042958213910046,1.955450771926218
-0.00171696,7.039260521411991,1.962877124214894
-0.00171633,7.046655906408098,1.955450771926218
-0.0017157,7.039260521411991,1.95173759578188
-0.00171507,7.046655906408098,1.929458538915852
-0.00171444,7.054051291404206,1.93317171506019
-0.00171381,7.042958213910046,1.93317171506019
-0.00171318,7.035562828913938,1.925745362771514
-0.00171255,7.035562828913938,1.925745362771514
-0.00171192,7.024469751419778,1.922032186627177
-0.00171129,7.031865136415885,1.925745362771514
-0.00171066,7.031865136415885,1.922032186627177
-0.00171003,7.013376673925617,1.918319010482839
-0.0017094,7.020772058921724,1.925745362771514
-0.00170877,7.01707436642367,1.929458538915852
-0.00170814,7.01707436642367,1.922032186627177
-0.00170751,7.013376673925617,1.922032186627177
-0.00170688,7.020772058921724,1.922032186627177
-0.00170625,7.009678981427562,1.918319010482839
-0.00170562,7.020772058921724,1.899753129761149
-0.00170499,7.01707436642367,1.907179482049825
-0.00170436,7.002283596431456,1.896039953616811
-0.00170373,7.002283596431456,1.899753129761149
-0.0017031,7.002283596431456,1.899753129761149
-0.00170247,6.998585903933402,1.899753129761149
-0.00170184,6.991190518937295,1.899753129761149
-0.00170121,6.994888211435349,1.888613601328135
-0.00170058,6.994888211435349,1.896039953616811
-0.00169995,6.994888211435349,1.888613601328135
-0.00169932,6.991190518937295,1.873760896750784
-0.00169869,6.991190518937295,1.881187249039459
-0.00169806,6.983795133941188,1.870047720606446
-0.00169743,6.969004363948974,1.870047720606446
-0.0016968,6.980097441443134,1.873760896750784
-0.00169617,6.980097441443134,1.877474072895121
-0.00169554,6.976399748945081,1.873760896750784
-0.00169491,6.96530667145092,1.858908192173432
-0.00169428,6.969004363948974,1.870047720606446
-0.00169365,6.96530667145092,1.858908192173432
-0.00169302,6.957911286454813,1.855195016029094
-0.00169239,6.935725131466492,1.858908192173432
-0.00169176,6.939422823964545,1.847768663740418
-0.00169113,6.943120516462598,1.847768663740418
-0.0016905,6.946818208960652,1.851481839884756
-0.00168987,6.939422823964545,1.858908192173432
-0.00168924,6.943120516462598,1.858908192173432
-0.00168861,6.943120516462598,1.829202783018729
-0.00168798,6.939422823964545,1.832915959163066
-0.00168735,6.928329746470384,1.836629135307404
-0.00168672,6.939422823964545,1.836629135307404
-0.00168609,6.935725131466492,1.832915959163066
-0.00168546,6.924632053972331,1.814350078441377
-0.00168483,6.932027438968438,1.814350078441377
-0.0016842,6.917236668976224,1.814350078441377
-0.00168357,6.920934361474277,1.814350078441377
-0.00168294,6.917236668976224,1.814350078441377
-0.00168231,6.902445898984009,1.810636902297039
-0.00168168,6.902445898984009,1.810636902297039
-0.00168105,6.902445898984009,1.806923726152701
-0.00168042,6.902445898984009,1.810636902297039
-0.00167979,6.895050513987902,1.799497373864025
-0.00167916,6.887655128991795,1.788357845431011
-0.00167853,6.883957436493741,1.784644669286674
-0.0016779,6.883957436493741,1.777218316997998
-0.00167727,6.876562051497634,1.777218316997998
-0.00167664,6.876562051497634,1.77350514085366
-0.00167601,6.869166666501527,1.77350514085366
-0.00167538,6.865468974003473,1.77350514085366
-0.00167475,6.869166666501527,1.766078788564984
-0.00167412,6.858073589007367,1.769791964709322
-0.00167349,6.854375896509312,1.751226083987632
-0.00167286,6.858073589007367,1.747512907843294
-0.00167223,6.843282819015152,1.747512907843294
-0.0016716,6.835887434019044,1.751226083987632
-0.00167097,6.843282819015152,1.732660203265943
-0.00167034,6.817398971528776,1.732660203265943
-0.00166971,6.828492049022937,1.725233850977267
-0.00166908,6.835887434019044,1.732660203265943
-0.00166845,6.832189741520991,1.732660203265943
-0.00166782,6.813701279030723,1.710381146399915
-0.00166719,6.813701279030723,1.714094322544253
-0.00166656,6.806305894034616,1.710381146399915
-0.00166593,6.806305894034616,1.710381146399915
-0.0016653,6.791515124042402,1.714094322544253
-0.00166467,6.802608201536563,1.714094322544253
-0.00166404,6.798910509038508,1.695528441822563
-0.00166341,6.795212816540455,1.691815265678225
-0.00166278,6.802608201536563,1.680675737245212
-0.00166215,6.773026661552134,1.680675737245212
-0.00166152,6.773026661552134,1.673249384956536
-0.00166089,6.765631276556027,1.662109856523522
-0.00166026,6.765631276556027,1.673249384956536
-0.00165963,6.758235891559919,1.673249384956536
-0.001659,6.758235891559919,1.662109856523522
-0.00165837,6.747142814065759,1.662109856523522
-0.00165774,6.754538199061866,1.64725715194617
-0.00165711,6.747142814065759,1.654683504234846
-0.00165648,6.739747429069651,1.643543975801832
-0.00165585,6.739747429069651,1.643543975801832
-0.00165522,6.728654351575491,1.639830799657495
-0.00165459,6.724956659077437,1.636117623513156
-0.00165396,6.724956659077437,1.624978095080143
-0.00165333,6.739747429069651,1.628691271224481
-0.0016527,6.724956659077437,1.621264918935805
-0.00165207,6.713863581583277,1.617551742791467
-0.00165144,6.713863581583277,1.621264918935805
-0.00165081,6.702770504089115,1.617551742791467
-0.00165018,6.699072811591062,1.598985862069777
-0.00164955,6.702770504089115,1.602699038214115
-0.00164892,6.684282041598848,1.602699038214115
-0.00164829,6.687979734096901,1.591559509781102
-0.00164766,6.680584349100794,1.587846333636764
-0.00164703,6.676886656602741,1.580419981348088
-0.0016464,6.669491271606633,1.57670680520375
-0.00164577,6.662095886610526,1.569280452915074
-0.00164514,6.647305116618312,1.550714572193384
-0.00164451,6.651002809116365,1.554427748337722
-0.00164388,6.632514346626097,1.547001396049047
-0.00164325,6.639909731622205,1.550714572193384
-0.00164262,6.636212039124151,1.547001396049047
-0.00164199,6.628816654128044,1.535861867616033
-0.00164136,6.62511896162999,1.543288219904708
-0.00164073,6.614025884135829,1.528435515327357
-0.0016401,6.614025884135829,1.509869634605667
-0.00163947,6.606630499139722,1.517295986894343
-0.00163884,6.602932806641669,1.521009163038681
-0.00163821,6.591839729147508,1.502443282316991
-0.00163758,6.591839729147508,1.502443282316991
-0.00163695,6.580746651653348,1.491303753883978
-0.00163632,6.569653574159187,1.480164225450964
-0.00163569,6.565955881661133,1.476451049306626
-0.00163506,6.569653574159187,1.472737873162288
-0.00163443,6.565955881661133,1.476451049306626
-0.0016338,6.554862804166972,1.457885168584936
-0.00163317,6.551165111668919,1.446745640151923
-0.00163254,6.543769726672812,1.454171992440598
-0.00163191,6.540072034174758,1.46902469701795
-0.00163128,6.532676649178651,1.446745640151923
-0.00163065,6.532676649178651,1.435606111718909
-0.00163002,6.517885879186436,1.431892935574571
-0.00162939,6.510490494190329,1.420753407141557
-0.00162876,6.514188186688383,1.409613878708543
-0.00162813,6.495699724198115,1.417040230997219
-0.0016275,6.4809089542059,1.413327054852881
-0.00162687,6.488304339202008,1.39847435027553
-0.00162624,6.488304339202008,1.405900702564205
-0.00162561,6.488304339202008,1.405900702564205
-0.00162498,6.477211261707847,1.391047997986854
-0.00162435,6.473513569209794,1.387334821842516
-0.00162372,6.466118184213686,1.376195293409502
-0.00162309,6.458722799217579,1.376195293409502
-0.00162246,6.451327414221472,1.372482117265164
-0.00162183,6.440234336727311,1.368768941120826
-0.0016212,6.451327414221472,1.372482117265164
-0.00162057,6.447629721723418,1.357629412687813
-0.00161994,6.421745874237043,1.346489884254799
-0.00161931,6.425443566735097,1.346489884254799
-0.00161868,6.425443566735097,1.339063531966123
-0.00161805,6.410652796742882,1.327924003533109
-0.00161742,6.406955104244829,1.327924003533109
-0.00161679,6.395862026750669,1.305644946667082
-0.00161616,6.392164334252614,1.316784475100095
-0.00161553,6.392164334252614,1.30935812281142
-0.0016149,6.381071256758454,1.294505418234068
-0.00161427,6.377373564260401,1.294505418234068
-0.00161364,6.358885101770133,1.279652713656716
-0.00161301,6.362582794268186,1.27222636136804
-0.00161238,6.355187409272078,1.264800009079365
-0.00161175,6.358885101770133,1.275939537512378
-0.00161112,6.33669894678181,1.249947304502013
-0.00161049,6.32560586928765,1.246234128357675
-0.00160986,6.344094331777918,1.249947304502013
-0.00160923,6.321908176789597,1.238807776068999
-0.0016086,6.32560586928765,1.242520952213337
-0.00160797,6.310815099295436,1.231381423780323
-0.00160734,6.303419714299329,1.220241895347309
-0.00160671,6.303419714299329,1.223955071491647
-0.00160608,6.288628944307114,1.216528719202971
-0.00160545,6.277535866812953,1.205389190769958
-0.00160482,6.270140481816846,1.194249662336944
-0.00160419,6.262745096820739,1.179396957759592
-0.00160356,6.266442789318793,1.179396957759592
-0.00160293,6.259047404322685,1.179396957759592
-0.0016023,6.236861249334364,1.164544253182241
-0.00160167,6.229465864338257,1.160831077037903
-0.00160104,6.244256634330471,1.164544253182241
-0.00160041,6.236861249334364,1.149691548604889
-0.00159978,6.233163556836311,1.149691548604889
-0.00159915,6.218372786844096,1.145978372460551
-0.00159852,6.210977401847989,1.138552020171875
-0.00159789,6.185093554361614,1.119986139450186
-0.00159726,6.192488939357721,1.116272963305847
-0.00159663,6.196186631855775,1.108846611017172
-0.001596,6.18139586186356,1.108846611017172
-0.00159537,6.166605091871346,1.108846611017172
-0.00159474,6.170302784369399,1.097707082584158
-0.00159411,6.170302784369399,1.101420258728496
-0.00159348,6.151814321879131,1.09399390643982
-0.00159285,6.144418936883024,1.064288497285117
-0.00159222,6.144418936883024,1.056862144996441
-0.00159159,6.137023551886918,1.064288497285117
-0.00159096,6.12962816689081,1.053148968852103
-0.00159033,6.133325859388863,1.049435792707765
-0.0015897,6.114837396898595,1.030869911986075
-0.00158907,6.111139704400542,1.045722616563427
-0.00158844,6.100046626906382,1.038296264274751
-0.00158781,6.088953549412221,1.027156735841738
-0.00158718,6.063069701925846,1.016017207408724
-0.00158655,6.070465086921953,0.9937381505426961
-0.00158592,6.074162779420006,0.9900249743983581
-0.00158529,6.070465086921953,0.9900249743983581
-0.00158466,6.063069701925846,0.9900249743983581
-0.00158403,6.033488161941417,0.9825986221096823
-0.0015834,6.033488161941417,0.9677459175323306
-0.00158277,6.029790469443363,0.9677459175323306
-0.00158214,6.02609277694531,0.9677459175323306
-0.00158151,6.018697391949202,0.9566063890993168
-0.00158088,6.003906621956988,0.952893212954979
-0.00158025,6.000208929458934,0.9306141560889514
-0.00157962,5.996511236960881,0.9343273322332893
-0.00157899,5.992813544462828,0.9231878038002755
-0.00157836,5.978022774470613,0.9194746276559377
-0.00157773,5.978022774470613,0.9157614515115997
-0.0015771,5.963232004478399,0.9083350992229239
-0.00157647,5.955836619482292,0.8971955707899101
-0.00157584,5.952138926984238,0.8823428662125584
-0.00157521,5.937348156992024,0.8786296900682206
-0.00157458,5.93365046449397,0.8712033377795447
-0.00157395,5.929952771995916,0.8749165139238826
-0.00157332,5.918859694501756,0.8674901616352068
-0.00157269,5.918859694501756,0.856350633202193
-0.00157206,5.907766617007595,0.8452111047691793
-0.00157143,5.885580462019274,0.8266452240474896
-0.0015708,5.889278154517327,0.8377847524805034
-0.00157017,5.89297584701538,0.8266452240474896
-0.00156954,5.867091999529006,0.8192188717588138
-0.00156891,5.859696614532899,0.7969398148927863
-0.00156828,5.859696614532899,0.7895134626041104
-0.00156765,5.844905844540684,0.7820871103154345
-0.00156702,5.841208152042631,0.7783739341710967
-0.00156639,5.822719689552363,0.7746607580267587
-0.00156576,5.822719689552363,0.7709475818824209
-0.00156513,5.815324304556255,0.763521229593745
-0.0015645,5.811626612058202,0.7560948773050691
-0.00156387,5.811626612058202,0.7598080534494071
-0.00156324,5.793138149567934,0.7375289965833796
-0.00156261,5.800533534564041,0.7375289965833796
-0.00156198,5.793138149567934,0.7301026442947037
-0.00156135,5.778347379575719,0.715249939717352
-0.00156072,5.763556609583505,0.7003972351400003
-0.00156009,5.759858917085452,0.6966840589956624
-0.00155946,5.748765839591291,0.6966840589956624
-0.00155883,5.73767276209713,0.6929708828513245
-0.0015582,5.745068147093237,0.6855445305626486
-0.00155757,5.73767276209713,0.6818313544183107
-0.00155694,5.722881992104916,0.6595522975522832
-0.00155631,5.719184299606862,0.666978649840959
-0.00155568,5.711788914610755,0.670691825985297
-0.00155505,5.700695837116594,0.6409864168305935
-0.00155442,5.693300452120488,0.6446995929749315
-0.00155379,5.68590506712438,0.6409864168305935
-0.00155316,5.678509682128273,0.6261337122532419
-0.00155253,5.678509682128273,0.6261337122532419
-0.0015519,5.660021219638005,0.6149941838202282
-0.00155127,5.652625834641897,0.6038546553872144
-0.00155064,5.637835064649684,0.6112810076758902
-0.00155001,5.637835064649684,0.6038546553872144
-0.00154938,5.641532757147737,0.5815755985211869
-0.00154875,5.623044294657469,0.5592965416551593
-0.00154812,5.600858139669148,0.5630097177994973
-0.00154749,5.600858139669148,0.5555833655108214
-0.00154686,5.586067369676933,0.5518701893664835
-0.00154623,5.586067369676933,0.529591132500456
-0.0015456,5.578671984680826,0.525877956356118
-0.00154497,5.556485829692504,0.529591132500456
-0.00154434,5.552788137194451,0.5221647802117801
-0.00154371,5.556485829692504,0.5110252517787663
-0.00154308,5.534299674704183,0.5110252517787663
-0.00154245,5.537997367202236,0.4887461949127389
-0.00154182,5.523206597210022,0.4887461949127389
-0.00154119,5.523206597210022,0.4664671380467112
-0.00154056,5.508415827217808,0.4701803141910492
-0.00153993,5.508415827217808,0.4627539619023734
-0.0015393,5.501020442221701,0.4553276096136976
-0.00153867,5.48992736472754,0.4441880811806838
-0.00153804,5.482531979731433,0.4367617288920079
-0.00153741,5.44925274724895,0.4367617288920079
-0.00153678,5.456648132245058,0.4181958481703183
-0.00153615,5.456648132245058,0.4144826720259804
-0.00153552,5.445555054750897,0.4107694958816425
-0.00153489,5.434461977256737,0.3996299674486287
-0.00153426,5.423368899762576,0.3959167913042908
-0.00153363,5.415973514766469,0.3922036151599528
-0.001533,5.412275822268414,0.3773509105826012
-0.00153237,5.393787359778146,0.3662113821495874
-0.00153174,5.401182744774254,0.3624982060052495
-0.00153111,5.382694282283986,0.3439323252835599
-0.00153048,5.371601204789825,0.3513586775722357
-0.00152985,5.367903512291772,0.3365059729948841
-0.00152922,5.360508127295665,0.3327927968505461
-0.00152859,5.356810434797611,0.3142269161288566
-0.00152796,5.34571735730345,0.3142269161288566
-0.00152733,5.338321972307343,0.3030873876958428
-0.0015267,5.323531202315129,0.2882346831184911
-0.00152607,5.308740432322915,0.291947859262829
-0.00152544,5.316135817319021,0.2696688023968015
-0.00152481,5.301345047326807,0.2696688023968015
-0.00152418,5.2939496623307,0.2585292739637877
-0.00152355,5.282856584836539,0.2548160978194498
-0.00152292,5.279158892338486,0.2511029216751118
-0.00152229,5.275461199840432,0.2362502170977602
-0.00152166,5.253275044852111,0.2325370409534223
-0.00152103,5.264368122346271,0.2288238648090843
-0.0015204,5.256972737350164,0.2213975125204085
-0.00151977,5.23108888986379,0.2102579840873947
-0.00151914,5.223693504867682,0.2102579840873947
-0.00151851,5.223693504867682,0.1954052795100431
-0.00151788,5.223693504867682,0.199118455654381
-0.00151725,5.212600427373522,0.1916921033657051
-0.00151662,5.197809657381307,0.1731262226440155
-0.00151599,5.183018887389093,0.1694130464996776
-0.00151536,5.175623502392986,0.1582735180666638
-0.00151473,5.168228117396878,0.1545603419223259
-0.0015141,5.160832732400771,0.1471339896336501
-0.00151347,5.157135039902718,0.1434208134893121
-0.00151284,5.142344269910503,0.1397076373449742
-0.00151221,5.14973965490661,0.1248549327676225
-0.00151158,5.131251192416342,0.1100022281902708
-0.00151095,5.120158114922182,0.102575875901595
-0.00151032,5.109065037428021,0.09514952361291917
-0.00150969,5.094274267435806,0.08029681903556748
-0.00150906,5.090576574937753,0.07658364289122956
-0.00150843,5.072088112447485,0.0654441144582158
-0.0015078,5.075785804945538,0.05430458602520204
-0.00150717,5.064692727451378,0.05430458602520204
-0.00150654,5.060995034953324,0.04316505759218826
-0.00150591,5.049901957459164,0.04316505759218826
-0.00150528,5.038808879965003,0.03573870530351242
-0.00150465,5.027715802470842,0.0134596484374849
-0.00150402,5.027715802470842,0.002320120004471127
-0.00150339,5.012925032478628,0.002320120004471127
-0.00150276,5.009227339980574,0.009746472293146971
-0.00150213,4.987041184992252,-0.01624576071721848
-0.0015015,4.983343492494199,-0.01253258457288056
-0.00150087,4.987041184992252,-0.03109846529457017
-0.00150024,4.964855030003931,-0.03109846529457017
-0.00149961,4.968552722501984,-0.03481164143890808
-0.00149898,4.961157337505878,-0.05337752216059768
-0.00149835,4.950064260011716,-0.04966434601625977
-0.00149772,4.935273490019503,-0.0756565790266252
-0.00149709,4.931575797521448,-0.07194340288228729
-0.00149646,4.920482720027288,-0.06823022673794937
-0.00149583,4.909389642533127,-0.09793563589265275
-0.0014952,4.90199425753702,-0.1127883404700044
-0.00149457,4.898296565038967,-0.1090751643256665
-0.00149394,4.890901180042859,-0.1127883404700044
-0.00149331,4.876110410050645,-0.1276410450473561
-0.00149268,4.868715025054538,-0.131354221191694
-0.00149205,4.865017332556484,-0.1350673973360319
-0.00149142,4.853924255062323,-0.1424937496247078
-0.00149079,4.846528870066217,-0.1610596303463974
-0.00149016,4.835435792572055,-0.1647728064907353
-0.00148953,4.828040407575949,-0.1907650395011008
-0.0014889,4.820645022579841,-0.1907650395011008
-0.00148827,4.805854252587627,-0.1833386872124249
-0.00148764,4.794761175093466,-0.1907650395011008
-0.00148701,4.794761175093466,-0.2056177440784525
-0.00148638,4.787365790097359,-0.2241836248001421
-0.00148575,4.783668097599305,-0.2316099770888179
-0.00148512,4.761481942610984,-0.2353231532331558
-0.00148449,4.75778425011293,-0.2241836248001421
-0.00148386,4.754086557614877,-0.2353231532331558
-0.00148323,4.739295787622662,-0.2538890339548454
-0.0014826,4.720807325132395,-0.2576022100991834
-0.00148197,4.717109632634341,-0.2687417385321971
-0.00148134,4.724505017630448,-0.276168090820873
-0.00148071,4.713411940136288,-0.2947339715425625
-0.00148008,4.698621170144073,-0.2910207953982247
-0.00147945,4.698621170144073,-0.2947339715425625
-0.00147882,4.687528092649912,-0.3021603238312384
-0.00147819,4.672737322657698,-0.3058734999755763
-0.00147756,4.669039630159644,-0.3281525568416038
-0.00147693,4.672737322657698,-0.3318657329859418
-0.0014763,4.657946552665484,-0.3504316137076314
-0.00147567,4.646853475171323,-0.3578579659963073
-0.00147504,4.624667320183002,-0.3467184375632935
-0.00147441,4.635760397677162,-0.3578579659963073
-0.00147378,4.620969627684948,-0.3652843182849831
-0.00147315,4.61357424268884,-0.3689974944293209
-0.00147252,4.60248116519468,-0.3727106705736589
-0.00147189,4.598783472696626,-0.3912765512953486
-0.00147126,4.591388087700519,-0.3949897274396865
-0.00147063,4.580295010206358,-0.3875633751510106
-0.00147,4.576597317708305,-0.3987029035840244
-0.00146937,4.565504240214144,-0.413555608161376
-0.00146874,4.55071347022193,-0.4284083127387278
-0.00146811,4.547015777723876,-0.4395478411717415
-0.00146748,4.543318085225822,-0.4544005457490932
-0.00146685,4.532225007731662,-0.4618268980377691
-0.00146622,4.517434237739447,-0.4506873696047553
-0.00146559,4.510038852743341,-0.4692532503264449
-0.00146496,4.498945775249179,-0.4692532503264449
-0.00146433,4.487852697755018,-0.4841059549037966
-0.0014637,4.495248082751126,-0.4878191310481345
-0.00146307,4.491550390253073,-0.4915323071924724
-0.00146244,4.476759620260858,-0.5026718356254862
-0.00146181,4.465666542766697,-0.5100981879141621
-0.00146118,4.450875772774483,-0.5249508924915137
-0.00146055,4.45827115777059,-0.5286640686358517
-0.00145992,4.439782695280322,-0.5360904209245275
-0.00145929,4.413898847793947,-0.5398035970688654
-0.00145866,4.421294232790054,-0.5398035970688654
-0.00145803,4.40650346279784,-0.558369477790555
-0.0014574,4.391712692805625,-0.5732221823679067
-0.00145677,4.391712692805625,-0.5806485346565825
-0.00145614,4.388015000307572,-0.5880748869452583
-0.00145551,4.380619615311465,-0.5880748869452583
-0.00145488,4.358433460323143,-0.5955012392339342
-0.00145425,4.358433460323143,-0.5992144153782721
-0.00145362,4.351038075327036,-0.6103539438112859
-0.00145299,4.343642690330929,-0.6177802960999618
-0.00145236,4.336247305334822,-0.6437725291103272
-0.00145173,4.328851920338715,-0.6326330006773134
-0.0014511,4.328851920338715,-0.6511988813990031
-0.00145047,4.3140611503465,-0.6586252336876789
-0.00144984,4.302968072852339,-0.6697647621206927
-0.00144921,4.299270380354286,-0.6623384098320168
-0.00144858,4.291874995358179,-0.6771911144093685
-0.00144795,4.273386532867911,-0.6809042905537064
-0.00144732,4.26229345537375,-0.6920438189867202
-0.00144669,4.265991147871803,-0.699470171275396
-0.00144606,4.26229345537375,-0.703183347419734
-0.00144543,4.254898070377643,-0.7106096997084098
-0.0014448,4.247502685381535,-0.7217492281414235
-0.00144417,4.232711915389322,-0.7180360519970856
-0.00144354,4.225316530393214,-0.7403151088631131
-0.00144291,4.217921145397107,-0.747741461151789
-0.00144228,4.206828067902946,-0.7440282850074511
-0.00144165,4.199432682906839,-0.7551678134404648
-0.00144102,4.188339605412678,-0.7700205180178166
-0.00144039,4.184641912914625,-0.7700205180178166
-0.00143976,4.16985114292241,-0.7811600464508303
-0.00143913,4.173548835420464,-0.7885863987395061
-0.0014385,4.16985114292241,-0.7960127510281819
-0.00143787,4.155060372930196,-0.7997259271725199
-0.00143724,4.143967295436036,-0.8108654556055337
-0.00143661,4.136571910439928,-0.8145786317498716
-0.00143598,4.129176525443821,-0.8145786317498716
-0.00143535,4.121781140447714,-0.8331445124715612
-0.00143472,4.121781140447714,-0.840570864760237
-0.00143409,4.103292677957446,-0.8331445124715612
-0.00143346,4.088501907965232,-0.844284040904575
-0.00143283,4.099594985459392,-0.8591367454819266
-0.0014322,4.081106522969124,-0.8702762739149404
-0.00143157,4.070013445474964,-0.8814158023479541
-0.00143094,4.062618060478856,-0.8925553307809678
-0.00143031,4.058920367980803,-0.88884215463663
-0.00142968,4.040431905490535,-0.8999816830696438
-0.00142905,4.044129597988588,-0.9185475637913333
-0.00142842,4.036734212992481,-0.9074080353583197
-0.00142779,4.029338827996375,-0.9259739160800092
-0.00142716,4.018245750502214,-0.9334002683686849
-0.00142653,3.999757288011946,-0.9259739160800092
-0.0014259,3.999757288011946,-0.9296870922243471
-0.00142527,3.984966518019731,-0.9482529729460368
-0.00142464,3.984966518019731,-0.9556793252347126
-0.00142401,3.981268825521678,-0.9519661490903747
-0.00142338,3.973873440525571,-0.9705320298120642
-0.00142275,3.966478055529463,-0.9705320298120642
-0.00142212,3.959082670533356,-0.9779583821007402
-0.00142149,3.947989593039195,-0.9779583821007402
-0.00142086,3.947989593039195,-0.989097910533754
-0.00142023,3.933198823046981,-1.003950615111106
-0.0014196,3.929501130548927,-1.007663791255443
-0.00141897,3.933198823046981,-1.015090143544119
-0.00141834,3.925803438050874,-1.018803319688457
-0.00141771,3.911012668058659,-1.029942848121471
-0.00141708,3.899919590564499,-1.029942848121471
-0.00141645,3.885128820572285,-1.029942848121471
-0.00141582,3.885128820572285,-1.044795552698823
-0.00141519,3.877733435576177,-1.055935081131836
-0.00141456,3.866640358082017,-1.059648257276174
-0.00141393,3.874035743078124,-1.070787785709188
-0.0014133,3.866640358082017,-1.074500961853526
-0.00141267,3.85924497308591,-1.081927314142202
-0.00141204,3.851849588089802,-1.093066842575215
-0.00141141,3.844454203093695,-1.096780018719554
-0.00141078,3.833361125599534,-1.100493194863891
-0.00141015,3.814872663109266,-1.096780018719554
-0.00140952,3.81857035560732,-1.100493194863891
-0.00140889,3.803779585615106,-1.115345899441243
-0.00140826,3.80747727811316,-1.122772251729919
-0.00140763,3.792686508120945,-1.133911780162933
-0.001407,3.785291123124838,-1.148764484740284
-0.00140637,3.774198045630677,-1.137624956307271
-0.00140574,3.76680266063457,-1.148764484740284
-0.00140511,3.770500353132624,-1.159904013173298
-0.00140448,3.76680266063457,-1.17475671775065
-0.00140385,3.755709583140409,-1.17475671775065
-0.00140322,3.744616505646248,-1.171043541606312
-0.00140259,3.744616505646248,-1.185896246183664
-0.00140196,3.740918813148195,-1.182183070039326
-0.00140133,3.72612804315598,-1.182183070039326
-0.0014007,3.718732658159873,-1.200748950761015
-0.00140007,3.711337273163766,-1.204462126905353
-0.00139944,3.703941888167659,-1.200748950761015
-0.00139881,3.692848810673498,-1.211888479194029
-0.00139818,3.689151118175444,-1.215601655338367
-0.00139755,3.685453425677391,-1.226741183771381
-0.00139692,3.670662655685176,-1.24530706449307
-0.00139629,3.67436034818323,-1.241593888348733
-0.00139566,3.678058040681284,-1.256446592926084
-0.00139503,3.652174193194909,-1.260159769070422
-0.0013944,3.659569578191016,-1.260159769070422
-0.00139377,3.633685730704641,-1.267586121359098
-0.00139314,3.637383423202694,-1.289865178225125
-0.00139251,3.62259265321048,-1.293578354369463
-0.00139188,3.618894960712427,-1.278725649792112
-0.00139125,3.618894960712427,-1.286152002080788
-0.00139062,3.607801883218266,-1.301004706658139
-0.00138999,3.600406498222159,-1.301004706658139
-0.00138936,3.600406498222159,-1.308431058946815
-0.00138873,3.589313420727998,-1.319570587379829
-0.0013881,3.581918035731891,-1.323283763524167
-0.00138747,3.574522650735783,-1.330710115812842
-0.00138684,3.567127265739677,-1.33442329195718
-0.00138621,3.567127265739677,-1.345562820390194
-0.00138558,3.556034188245516,-1.35298917267887
-0.00138495,3.548638803249409,-1.360415524967546
-0.00138432,3.544941110751355,-1.364128701111884
-0.00138369,3.537545725755248,-1.360415524967546
-0.00138306,3.530150340759141,-1.378981405689236
-0.00138243,3.533848033257194,-1.367841877256222
-0.0013818,3.511661878268873,-1.378981405689236
-0.00138117,3.504266493272765,-1.386407757977911
-0.00138054,3.504266493272765,-1.382694581833573
-0.00137991,3.493173415778605,-1.412399990988277
-0.00137928,3.500568800774712,-1.404973638699601
-0.00137865,3.47838264578639,-1.408686814843939
-0.00137802,3.482080338284444,-1.427252695565628
-0.00137739,3.459894183296123,-1.408686814843939
-0.00137676,3.470987260790283,-1.423539519421291
-0.00137613,3.456196490798069,-1.430965871709966
-0.0013755,3.452498798300015,-1.434679047854304
-0.00137487,3.448801105801961,-1.445818576287318
-0.00137424,3.445103413303908,-1.445818576287318
-0.00137361,3.434010335809747,-1.46067128086467
-0.00137298,3.434010335809747,-1.464384457009008
-0.00137235,3.422917258315587,-1.468097633153346
-0.00137172,3.419219565817533,-1.456958104720332
-0.00137109,3.415521873319479,-1.468097633153346
-0.00137046,3.400731103327265,-1.482950337730697
-0.00136983,3.400731103327265,-1.479237161586359
-0.0013692,3.389638025833104,-1.482950337730697
-0.00136857,3.37484725584089,-1.508942570741063
-0.00136794,3.37484725584089,-1.505229394596725
-0.00136731,3.382242640836997,-1.497803042308049
-0.00136668,3.360056485848676,-1.516368923029739
-0.00136605,3.352661100852568,-1.520082099174076
-0.00136542,3.348963408354515,-1.520082099174076
-0.00136479,3.348963408354515,-1.523795275318415
-0.00136416,3.345265715856462,-1.527508451462752
-0.00136353,3.341568023358408,-1.534934803751428
-0.0013629,3.330474945864247,-1.54978750832878
-0.00136227,3.3341726383623,-1.534934803751428
-0.00136164,3.32307956086814,-1.54978750832878
-0.00136101,3.311986483373979,-1.557213860617456
-0.00136038,3.311986483373979,-1.56835338905047
-0.00135975,3.308288790875926,-1.575779741339145
-0.00135912,3.308288790875926,-1.564640212906132
-0.00135849,3.293498020883711,-1.56835338905047
-0.00135786,3.289800328385658,-1.579492917483483
-0.00135723,3.278707250891497,-1.583206093627821
-0.0013566,3.278707250891497,-1.586919269772159
-0.00135597,3.267614173397336,-1.590632445916497
-0.00135534,3.267614173397336,-1.583206093627821
-0.00135471,3.249125710907068,-1.594345622060835
-0.00135408,3.256521095903175,-1.598058798205173
-0.00135345,3.249125710907068,-1.601771974349511
-0.00135282,3.249125710907068,-1.6203378550712
-0.00135219,3.238032633412907,-1.627764207359876
-0.00135156,3.241730325910961,-1.624051031215538
-0.00135093,3.223241863420693,-1.624051031215538
-0.0013503,3.223241863420693,-1.627764207359876
-0.00134967,3.21954417092264,-1.63890373579289
-0.00134904,3.208451093428478,-1.642616911937228
-0.00134841,3.21954417092264,-1.646330088081566
-0.00134778,3.208451093428478,-1.642616911937228
-0.00134715,3.201055708432372,-1.65746961651458
-0.00134652,3.189962630938211,-1.653756440370242
-0.00134589,3.193660323436264,-1.65746961651458
-0.00134526,3.171474168447943,-1.668609144947593
-0.00134463,3.193660323436264,-1.672322321091931
-0.001344,3.189962630938211,-1.672322321091931
-0.00134337,3.167776475949889,-1.672322321091931
-0.00134274,3.156683398455729,-1.676035497236269
-0.00134211,3.156683398455729,-1.676035497236269
-0.00134148,3.160381090953782,-1.698314554102297
-0.00134085,3.145590320961568,-1.687175025669283
-0.00134022,3.138194935965461,-1.687175025669283
-0.00133959,3.145590320961568,-1.672322321091931
-0.00133896,3.134497243467407,-1.687175025669283
-0.00133833,3.145590320961568,-1.694601377957959
-0.0013377,3.141892628463514,-1.70945408253531
-0.00133707,3.119706473475193,-1.702027730246635
-0.00133644,3.123404165973247,-1.698314554102297
-0.00133581,3.123404165973247,-1.716880434823986
-0.00133518,3.119706473475193,-1.728019963257
-0.00133455,3.119706473475193,-1.720593610968324
-0.00133392,3.104915703482979,-1.731733139401338
-0.00133329,3.101218010984925,-1.720593610968324
-0.00133266,3.082729548494657,-1.742872667834352
-0.00133203,3.090124933490764,-1.739159491690014
-0.0013314,3.086427240992711,-1.74658584397869
-0.00133077,3.07533416349855,-1.742872667834352
-0.00133014,3.079031855996603,-1.735446315545676
-0.00132951,3.079031855996603,-1.739159491690014
-0.00132888,3.056845701008282,-1.739159491690014
-0.00132825,3.056845701008282,-1.750299020123028
-0.00132762,3.060543393506335,-1.750299020123028
-0.00132699,3.067938778502443,-1.74658584397869
-0.00132636,3.053148008510228,-1.74658584397869
-0.00132573,3.056845701008282,-1.754012196267366
-0.0013251,3.042054931016067,-1.754012196267366
-0.00132447,3.030961853521907,-1.768864900844717
-0.00132384,3.030961853521907,-1.768864900844717
-0.00132321,3.038357238518014,-1.765151724700379
-0.00132258,3.019868776027746,-1.765151724700379
-0.00132195,3.030961853521907,-1.757725372411703
-0.00132132,3.016171083529692,-1.765151724700379
-0.00132069,3.023566468525799,-1.776291253133393
-0.00132006,3.008775698533585,-1.772578076989055
-0.00131943,3.001380313537478,-1.776291253133393
-0.0013188,3.001380313537478,-1.776291253133393
-0.00131817,3.001380313537478,-1.776291253133393
-0.00131754,2.993984928541371,-1.768864900844717
-0.00131691,3.001380313537478,-1.780004429277731
-0.00131628,2.990287236043317,-1.780004429277731
-0.00131565,2.986589543545264,-1.780004429277731
-0.00131502,2.993984928541371,-1.765151724700379
-0.00131439,2.990287236043317,-1.772578076989055
-0.00131376,2.971798773553049,-1.787430781566407
-0.00131313,2.971798773553049,-1.794857133855083
-0.0013125,2.968101081054996,-1.783717605422069
-0.00131187,2.964403388556942,-1.794857133855083
-0.00131124,2.960705696058889,-1.794857133855083
-0.00131061,2.960705696058889,-1.783717605422069
-0.00130998,2.960705696058889,-1.791143957710745
-0.00130935,2.953310311062781,-1.791143957710745
-0.00130872,2.949612618564728,-1.772578076989055
-0.00130809,2.942217233568621,-1.776291253133393
-0.00130746,2.938519541070567,-1.787430781566407
-0.00130683,2.949612618564728,-1.776291253133393
-0.0013062,2.945914926066674,-1.791143957710745
-0.00130557,2.938519541070567,-1.794857133855083
-0.00130494,2.93112415607446,-1.802283486143758
-0.00130431,2.934821848572513,-1.776291253133393
-0.00130368,2.927426463576406,-1.776291253133393
-0.00130305,2.923728771078353,-1.798570309999421
-0.00130242,2.916333386082246,-1.798570309999421
-0.00130179,2.920031078580299,-1.783717605422069
-0.00130116,2.920031078580299,-1.787430781566407
-0.00130053,2.908938001086138,-1.798570309999421
-0.0012999,2.912635693584192,-1.783717605422069
-0.00129927,2.908938001086138,-1.776291253133393
-0.00129864,2.908938001086138,-1.787430781566407
-0.00129801,2.901542616090032,-1.798570309999421
-0.00129738,2.894147231093924,-1.787430781566407
-0.00129675,2.897844923591978,-1.783717605422069
-0.00129612,2.886751846097817,-1.787430781566407
-0.00129549,2.89044953859587,-1.787430781566407
-0.00129486,2.87935646110171,-1.791143957710745
-0.00129423,2.87935646110171,-1.791143957710745
-0.0012936,2.89044953859587,-1.791143957710745
-0.00129297,2.883054153599764,-1.780004429277731
-0.00129234,2.87935646110171,-1.776291253133393
-0.00129171,2.871961076105602,-1.791143957710745
-0.00129108,2.864565691109496,-1.783717605422069
-0.00129045,2.883054153599764,-1.776291253133393
-0.00128982,2.87935646110171,-1.783717605422069
-0.00128919,2.860867998611442,-1.783717605422069
-0.00128856,2.857170306113388,-1.791143957710745
-0.00128793,2.868263383607549,-1.780004429277731
-0.0012873,2.860867998611442,-1.783717605422069
-0.00128667,2.860867998611442,-1.791143957710745
-0.00128604,2.860867998611442,-1.787430781566407
-0.00128541,2.849774921117281,-1.780004429277731
-0.00128478,2.842379536121174,-1.791143957710745
-0.00128415,2.842379536121174,-1.798570309999421
-0.00128352,2.849774921117281,-1.798570309999421
-0.00128289,2.846077228619228,-1.794857133855083
-0.00128226,2.846077228619228,-1.783717605422069
-0.00128163,2.853472613615335,-1.791143957710745
-0.001281,2.853472613615335,-1.776291253133393
-0.00128037,2.846077228619228,-1.780004429277731
-0.00127974,2.842379536121174,-1.776291253133393
-0.00127911,2.831286458627013,-1.780004429277731
-0.00127848,2.846077228619228,-1.768864900844717
-0.00127785,2.831286458627013,-1.776291253133393
-0.00127722,2.831286458627013,-1.791143957710745
-0.00127659,2.823891073630906,-1.798570309999421
-0.00127596,2.823891073630906,-1.783717605422069
-0.00127533,2.82758876612896,-1.780004429277731
-0.0012747,2.816495688634799,-1.768864900844717
-0.00127407,2.816495688634799,-1.783717605422069
-0.00127344,2.816495688634799,-1.780004429277731
-0.00127281,2.816495688634799,-1.787430781566407
-0.00127218,2.823891073630906,-1.783717605422069
-0.00127155,2.816495688634799,-1.791143957710745
-0.00127092,2.809100303638692,-1.791143957710745
-0.00127029,2.812797996136745,-1.776291253133393
-0.00126966,2.816495688634799,-1.772578076989055
-0.00126903,2.809100303638692,-1.783717605422069
-0.0012684,2.812797996136745,-1.787430781566407
-0.00126777,2.809100303638692,-1.798570309999421
-0.00126714,2.805402611140638,-1.787430781566407
-0.00126651,2.809100303638692,-1.787430781566407
-0.00126588,2.812797996136745,-1.776291253133393
-0.00126525,2.812797996136745,-1.772578076989055
-0.00126462,2.801704918642585,-1.783717605422069
-0.00126399,2.809100303638692,-1.783717605422069
-0.00126336,2.794309533646477,-1.787430781566407
-0.00126273,2.794309533646477,-1.783717605422069
-0.0012621,2.805402611140638,-1.787430781566407
-0.00126147,2.794309533646477,-1.783717605422069
-0.00126084,2.801704918642585,-1.791143957710745
-0.00126021,2.794309533646477,-1.783717605422069
-0.00125958,2.794309533646477,-1.783717605422069
-0.00125895,2.798007226144531,-1.780004429277731
-0.00125832,2.801704918642585,-1.776291253133393
-0.00125769,2.805402611140638,-1.780004429277731
-0.00125706,2.801704918642585,-1.787430781566407
-0.00125643,2.794309533646477,-1.776291253133393
-0.0012558,2.794309533646477,-1.780004429277731
-0.00125517,2.798007226144531,-1.783717605422069
-0.00125454,2.794309533646477,-1.787430781566407
-0.00125391,2.798007226144531,-1.794857133855083
-0.00125328,2.798007226144531,-1.783717605422069
-0.00125265,2.790611841148424,-1.772578076989055
-0.00125202,2.798007226144531,-1.794857133855083
-0.00125139,2.790611841148424,-1.780004429277731
-0.00125076,2.801704918642585,-1.787430781566407
-0.00125013,2.794309533646477,-1.783717605422069
-0.0012495,2.798007226144531,-1.780004429277731
-0.00124887,2.794309533646477,-1.772578076989055
-0.00124824,2.78691414865037,-1.776291253133393
-0.00124761,2.794309533646477,-1.791143957710745
-0.00124698,2.809100303638692,-1.791143957710745
-0.00124635,2.794309533646477,-1.776291253133393
-0.00124572,2.798007226144531,-1.794857133855083
-0.00124509,2.805402611140638,-1.772578076989055
-0.00124446,2.794309533646477,-1.776291253133393
-0.00124383,2.798007226144531,-1.787430781566407
-0.0012432,2.798007226144531,-1.772578076989055
-0.00124257,2.798007226144531,-1.780004429277731
-0.00124194,2.805402611140638,-1.772578076989055
-0.00124131,2.805402611140638,-1.787430781566407
-0.00124068,2.812797996136745,-1.776291253133393
-0.00124005,2.805402611140638,-1.768864900844717
-0.00123942,2.801704918642585,-1.776291253133393
-0.00123879,2.801704918642585,-1.783717605422069
-0.00123816,2.794309533646477,-1.780004429277731
-0.00123753,2.801704918642585,-1.780004429277731
-0.0012369,2.794309533646477,-1.780004429277731
-0.00123627,2.790611841148424,-1.787430781566407
-0.00123564,2.801704918642585,-1.776291253133393
-0.00123501,2.798007226144531,-1.783717605422069
-0.00123438,2.801704918642585,-1.776291253133393
-0.00123375,2.801704918642585,-1.783717605422069
-0.00123312,2.801704918642585,-1.780004429277731
-0.00123249,2.805402611140638,-1.783717605422069
-0.00123186,2.812797996136745,-1.772578076989055
-0.00123123,2.820193381132853,-1.776291253133393
-0.0012306,2.812797996136745,-1.783717605422069
-0.00122997,2.805402611140638,-1.776291253133393
-0.00122934,2.812797996136745,-1.776291253133393
-0.00122871,2.812797996136745,-1.783717605422069
-0.00122808,2.816495688634799,-1.783717605422069
-0.00122745,2.816495688634799,-1.783717605422069
-0.00122682,2.798007226144531,-1.772578076989055
-0.00122619,2.816495688634799,-1.783717605422069
-0.00122556,2.820193381132853,-1.780004429277731
-0.00122493,2.820193381132853,-1.787430781566407
-0.0012243,2.820193381132853,-1.780004429277731
-0.00122367,2.812797996136745,-1.780004429277731
-0.00122304,2.823891073630906,-1.768864900844717
-0.00122241,2.820193381132853,-1.776291253133393
-0.00122178,2.820193381132853,-1.798570309999421
-0.00122115,2.823891073630906,-1.780004429277731
-0.00122052,2.834984151125067,-1.791143957710745
-0.00121989,2.834984151125067,-1.787430781566407
-0.00121926,2.831286458627013,-1.783717605422069
-0.00121863,2.823891073630906,-1.776291253133393
-0.001218,2.831286458627013,-1.783717605422069
-0.00121737,2.82758876612896,-1.768864900844717
-0.00121674,2.846077228619228,-1.776291253133393
-0.00121611,2.849774921117281,-1.787430781566407
-0.00121548,2.846077228619228,-1.776291253133393
-0.00121485,2.842379536121174,-1.783717605422069
-0.00121422,2.849774921117281,-1.791143957710745
-0.00121359,2.853472613615335,-1.783717605422069
-0.00121296,2.842379536121174,-1.780004429277731
-0.00121233,2.846077228619228,-1.787430781566407
-0.0012117,2.857170306113388,-1.780004429277731
-0.00121107,2.857170306113388,-1.780004429277731
-0.00121044,2.860867998611442,-1.776291253133393
-0.00120981,2.857170306113388,-1.780004429277731
-0.00120918,2.864565691109496,-1.776291253133393
-0.00120855,2.857170306113388,-1.772578076989055
-0.00120792,2.864565691109496,-1.783717605422069
-0.00120729,2.868263383607549,-1.787430781566407
-0.00120666,2.860867998611442,-1.780004429277731
-0.00120603,2.864565691109496,-1.776291253133393
-0.0012054,2.871961076105602,-1.783717605422069
-0.00120477,2.87935646110171,-1.780004429277731
-0.00120414,2.883054153599764,-1.787430781566407
-0.00120351,2.87935646110171,-1.783717605422069
-0.00120288,2.886751846097817,-1.783717605422069
-0.00120225,2.87935646110171,-1.787430781566407
-0.00120162,2.883054153599764,-1.776291253133393
-0.00120099,2.897844923591978,-1.783717605422069
-0.00120036,2.897844923591978,-1.791143957710745
-0.00119973,2.886751846097817,-1.783717605422069
-0.0011991,2.894147231093924,-1.776291253133393
-0.00119847,2.905240308588085,-1.776291253133393
-0.00119784,2.901542616090032,-1.776291253133393
-0.00119721,2.908938001086138,-1.765151724700379
-0.00119658,2.905240308588085,-1.780004429277731
-0.00119595,2.916333386082246,-1.776291253133393
-0.00119532,2.923728771078353,-1.776291253133393
-0.00119469,2.923728771078353,-1.776291253133393
-0.00119406,2.927426463576406,-1.780004429277731
-0.00119343,2.923728771078353,-1.765151724700379
-0.0011928,2.927426463576406,-1.783717605422069
-0.00119217,2.93112415607446,-1.776291253133393
-0.00119154,2.93112415607446,-1.765151724700379
-0.00119091,2.934821848572513,-1.780004429277731
-0.00119028,2.942217233568621,-1.783717605422069
-0.00118965,2.942217233568621,-1.768864900844717
-0.00118902,2.945914926066674,-1.776291253133393
-0.00118839,2.953310311062781,-1.776291253133393
-0.00118776,2.949612618564728,-1.772578076989055
-0.00118713,2.949612618564728,-1.765151724700379
-0.0011865,2.964403388556942,-1.776291253133393
-0.00118587,2.957008003560835,-1.776291253133393
-0.00118524,2.979194158549157,-1.776291253133393
-0.00118461,2.975496466051103,-1.768864900844717
-0.00118398,2.975496466051103,-1.761438548556041
-0.00118335,2.98289185104721,-1.754012196267366
-0.00118272,2.98289185104721,-1.765151724700379
-0.00118209,2.990287236043317,-1.776291253133393
-0.00118146,2.98289185104721,-1.761438548556041
-0.00118083,2.990287236043317,-1.757725372411703
-0.0011802,2.986589543545264,-1.768864900844717
-0.00117957,2.979194158549157,-1.772578076989055
-0.00117894,2.993984928541371,-1.757725372411703
-0.00117831,3.001380313537478,-1.750299020123028
-0.00117768,3.012473391031639,-1.754012196267366
-0.00117705,3.005078006035531,-1.757725372411703
-0.00117642,3.012473391031639,-1.754012196267366
-0.00117579,3.016171083529692,-1.754012196267366
-0.00117516,3.030961853521907,-1.742872667834352
-0.00117453,3.030961853521907,-1.74658584397869
-0.0011739,3.030961853521907,-1.742872667834352
-0.00117327,3.03465954601996,-1.735446315545676
-0.00117264,3.049450316012175,-1.739159491690014
-0.00117201,3.053148008510228,-1.735446315545676
-0.00117138,3.049450316012175,-1.728019963257
-0.00117075,3.045752623514121,-1.728019963257
-0.00117012,3.053148008510228,-1.728019963257
-0.00116949,3.060543393506335,-1.724306787112662
-0.00116886,3.067938778502443,-1.728019963257
-0.00116823,3.064241086004389,-1.720593610968324
-0.0011676,3.071636471000496,-1.724306787112662
-0.00116697,3.071636471000496,-1.720593610968324
-0.00116634,3.082729548494657,-1.705740906390973
-0.00116571,3.082729548494657,-1.713167258679648
-0.00116508,3.082729548494657,-1.705740906390973
-0.00116445,3.090124933490764,-1.705740906390973
-0.00116382,3.104915703482979,-1.702027730246635
-0.00116319,3.093822625988818,-1.698314554102297
-0.00116256,3.108613395981032,-1.698314554102297
-0.00116193,3.1271018584713,-1.698314554102297
-0.0011613,3.116008780977139,-1.687175025669283
-0.00116067,3.112311088479085,-1.683461849524945
-0.00116004,3.116008780977139,-1.668609144947593
-0.00115941,3.119706473475193,-1.672322321091931
-0.00115878,3.1271018584713,-1.672322321091931
-0.00115815,3.130799550969353,-1.672322321091931
-0.00115752,3.138194935965461,-1.676035497236269
-0.00115689,3.149288013459621,-1.661182792658918
-0.00115626,3.145590320961568,-1.653756440370242
-0.00115563,3.145590320961568,-1.653756440370242
-0.001155,3.152985705957675,-1.65746961651458
-0.00115437,3.164078783451836,-1.646330088081566
-0.00115374,3.160381090953782,-1.653756440370242
-0.00115311,3.164078783451836,-1.653756440370242
-0.00115248,3.175171860945996,-1.642616911937228
-0.00115185,3.17886955344405,-1.631477383504214
-0.00115122,3.182567245942104,-1.627764207359876
-0.00115059,3.189962630938211,-1.624051031215538
-0.00114996,3.201055708432372,-1.6203378550712
-0.00114933,3.193660323436264,-1.616624678926863
-0.0011487,3.208451093428478,-1.605485150493849
-0.00114807,3.223241863420693,-1.605485150493849
-0.00114744,3.226939555918746,-1.598058798205173
-0.00114681,3.223241863420693,-1.601771974349511
-0.00114618,3.223241863420693,-1.598058798205173
-0.00114555,3.226939555918746,-1.601771974349511
-0.00114492,3.241730325910961,-1.583206093627821
-0.00114429,3.241730325910961,-1.583206093627821
-0.00114366,3.238032633412907,-1.575779741339145
-0.00114303,3.249125710907068,-1.575779741339145
-0.0011424,3.263916480899282,-1.572066565194807
-0.00114177,3.267614173397336,-1.553500684473118
-0.00114114,3.267614173397336,-1.54978750832878
-0.00114051,3.27131186589539,-1.546074332184442
-0.00113988,3.275009558393443,-1.534934803751428
-0.00113925,3.297195713381765,-1.534934803751428
-0.00113862,3.293498020883711,-1.542361156040104
-0.00113799,3.293498020883711,-1.534934803751428
-0.00113736,3.289800328385658,-1.538647979895766
-0.00113673,3.293498020883711,-1.534934803751428
-0.0011361,3.311986483373979,-1.527508451462752
-0.00113547,3.319381868370086,-1.523795275318415
-0.00113484,3.326777253366194,-1.512655746885401
-0.00113421,3.330474945864247,-1.505229394596725
-0.00113358,3.315684175872033,-1.508942570741063
-0.00113295,3.3341726383623,-1.497803042308049
-0.00113232,3.345265715856462,-1.501516218452387
-0.00113169,3.352661100852568,-1.486663513875035
-0.00113106,3.367451870844783,-1.479237161586359
-0.00113043,3.360056485848676,-1.468097633153346
-0.0011298,3.360056485848676,-1.464384457009008
-0.00112917,3.371149563342836,-1.468097633153346
-0.00112854,3.385940333335051,-1.46067128086467
-0.00112791,3.389638025833104,-1.449531752431656
-0.00112728,3.397033410829212,-1.449531752431656
-0.00112665,3.393335718331158,-1.44210540014298
-0.00112602,3.415521873319479,-1.438392223998642
-0.00112539,3.408126488323372,-1.434679047854304
-0.00112476,3.42661495081364,-1.430965871709966
-0.00112413,3.404428795825319,-1.423539519421291
-0.0011235,3.419219565817533,-1.427252695565628
-0.00112287,3.42661495081364,-1.412399990988277
-0.00112224,3.430312643311693,-1.401260462555263
-0.00112161,3.456196490798069,-1.404973638699601
-0.00112098,3.459894183296123,-1.401260462555263
-0.00112035,3.452498798300015,-1.393834110266587
-0.00111972,3.456196490798069,-1.390120934122249
-0.00111909,3.474684953288337,-1.378981405689236
-0.00111846,3.496871108276658,-1.378981405689236
-0.00111783,3.482080338284444,-1.37155505340056
-0.0011172,3.493173415778605,-1.360415524967546
-0.00111657,3.493173415778605,-1.356702348823208
-0.00111594,3.485778030782497,-1.345562820390194
-0.00111531,3.500568800774712,-1.35298917267887
-0.00111468,3.507964185770819,-1.341849644245856
-0.00111405,3.530150340759141,-1.33442329195718
-0.00111342,3.533848033257194,-1.323283763524167
-0.00111279,3.537545725755248,-1.323283763524167
-0.00111216,3.541243418253301,-1.319570587379829
-0.00111153,3.541243418253301,-1.308431058946815
-0.0011109,3.544941110751355,-1.304717882802477
-0.00111027,3.567127265739677,-1.293578354369463
-0.00110964,3.559731880743569,-1.297291530513801
-0.00110901,3.581918035731891,-1.271299297503436
-0.00110838,3.574522650735783,-1.260159769070422
-0.00110775,3.581918035731891,-1.275012473647774
-0.00110712,3.589313420727998,-1.271299297503436
-0.00110649,3.611499575716319,-1.26387294521476
-0.00110586,3.596708805724105,-1.260159769070422
-0.00110523,3.604104190720212,-1.260159769070422
-0.0011046,3.615197268214373,-1.24530706449307
-0.00110397,3.615197268214373,-1.234167536060057
-0.00110334,3.626290345708534,-1.223028007627043
-0.00110271,3.644778808198802,-1.223028007627043
-0.00110208,3.644778808198802,-1.208175303049691
-0.00110145,3.648476500696855,-1.208175303049691
-0.00110082,3.655871885692962,-1.215601655338367
-0.00110019,3.666964963187123,-1.200748950761015
-0.00109956,3.670662655685176,-1.185896246183664
-0.00109893,3.670662655685176,-1.178469893894988
-0.0010983,3.700244195669605,-1.17475671775065
-0.00109767,3.685453425677391,-1.159904013173298
-0.00109704,3.692848810673498,-1.167330365461974
-0.00109641,3.711337273163766,-1.167330365461974
-0.00109578,3.71503496566182,-1.152477660884622
-0.00109515,3.729825735654034,-1.145051308595946
-0.00109452,3.72612804315598,-1.145051308595946
-0.00109389,3.737221120650141,-1.130198604018595
-0.00109326,3.740918813148195,-1.126485427874257
-0.00109263,3.733523428152088,-1.119059075585581
-0.001092,3.748314198144302,-1.107919547152567
-0.00109137,3.759407275638463,-1.115345899441243
-0.00109074,3.759407275638463,-1.111632723296905
-0.00109011,3.770500353132624,-1.107919547152567
-0.00108948,3.770500353132624,-1.100493194863891
-0.00108885,3.788988815622892,-1.089353666430878
-0.00108822,3.803779585615106,-1.081927314142202
-0.00108759,3.80747727811316,-1.070787785709188
-0.00108696,3.811174970611213,-1.063361433420512
-0.00108633,3.81857035560732,-1.044795552698823
-0.0010857,3.833361125599534,-1.033656024265809
-0.00108507,3.829663433101481,-1.033656024265809
-0.00108444,3.844454203093695,-1.041082376554485
-0.00108381,3.851849588089802,-1.018803319688457
-0.00108318,3.848151895591749,-1.018803319688457
-0.00108255,3.862942665583963,-1.018803319688457
-0.00108192,3.874035743078124,-0.9965242628224297
-0.00108129,3.87033805058007,-0.9965242628224297
-0.00108066,3.866640358082017,-1.000237438966767
-0.00108003,3.885128820572285,-0.981671558245078
-0.0010794,3.896221898066445,-0.9779583821007402
-0.00107877,3.899919590564499,-0.981671558245078
-0.00107814,3.918408053054767,-0.9742452059564023
-0.00107751,3.925803438050874,-0.9593925013790504
-0.00107688,3.940594208043088,-0.9482529729460368
-0.00107625,3.947989593039195,-0.9445397968016987
-0.00107562,3.951687285537249,-0.9334002683686849
-0.00107499,3.96278036303141,-0.9334002683686849
-0.00107436,3.959082670533356,-0.9259739160800092
-0.00107373,3.955384978035303,-0.9185475637913333
-0.0010731,3.970175748027517,-0.9074080353583197
-0.00107247,3.970175748027517,-0.9074080353583197
-0.00107184,3.984966518019731,-0.8962685069253059
-0.00107121,3.999757288011946,-0.88884215463663
-0.00107058,4.010850365506107,-0.8814158023479541
-0.00106995,4.01454805800416,-0.8814158023479541
-0.00106932,4.01454805800416,-0.8777026262036163
-0.00106869,4.029338827996375,-0.8628499216262645
-0.00106806,4.040431905490535,-0.8554235693375887
-0.00106743,4.047827290486643,-0.840570864760237
-0.0010668,4.062618060478856,-0.8294313363272232
-0.00106617,4.062618060478856,-0.8220049840385474
-0.00106554,4.070013445474964,-0.8071522794611957
-0.00106491,4.073711137973017,-0.8108654556055337
-0.00106428,4.084804215467178,-0.8071522794611957
-0.00106365,4.081106522969124,-0.7922995748838441
-0.00106302,4.099594985459392,-0.7960127510281819
-0.00106239,4.1069903704555,-0.7811600464508303
-0.00106176,4.11808344794966,-0.7774468703064924
-0.00106113,4.121781140447714,-0.7625941657291406
-0.0010605,4.140269602937982,-0.7403151088631131
-0.00105987,4.143967295436036,-0.7440282850074511
-0.00105924,4.151362680432142,-0.7403151088631131
-0.00105861,4.166153450424357,-0.7328887565744373
-0.00105798,4.162455757926304,-0.7254624042857615
-0.00105735,4.177246527918518,-0.7180360519970856
-0.00105672,4.180944220416571,-0.7180360519970856
-0.00105609,4.188339605412678,-0.7180360519970856
-0.00105546,4.195734990408786,-0.7106096997084098
-0.00105483,4.192037297910732,-0.699470171275396
-0.0010542,4.210525760401,-0.695756995131058
-0.00105357,4.217921145397107,-0.6846174666980444
-0.00105294,4.243804992883482,-0.6846174666980444
-0.00105231,4.232711915389322,-0.6734779382650306
-0.00105168,4.240107300385429,-0.6623384098320168
-0.00105105,4.254898070377643,-0.6511988813990031
-0.00105042,4.258595762875697,-0.6400593529659893
-0.00104979,4.258595762875697,-0.6326330006773134
-0.00104916,4.273386532867911,-0.6252066483886376
-0.00104853,4.277084225365964,-0.6252066483886376
-0.0010479,4.291874995358179,-0.606640767666948
-0.00104727,4.302968072852339,-0.6029275915226101
-0.00104664,4.299270380354286,-0.6029275915226101
-0.00104601,4.317758842844554,-0.5917880630895963
-0.00104538,4.321456535342607,-0.5806485346565825
-0.00104475,4.321456535342607,-0.5732221823679067
-0.00104412,4.339944997832875,-0.5695090062235688
-0.00104349,4.336247305334822,-0.554656301646217
-0.00104286,4.347340382828983,-0.562082653934893
-0.00104223,4.365828845319251,-0.5509431255018792
-0.0010416,4.362131152821197,-0.5323772447801896
-0.00104097,4.380619615311465,-0.5175245402028379
-0.00104034,4.376921922813411,-0.5212377163471758
-0.00103971,4.399108077801733,-0.5212377163471758
-0.00103908,4.410201155295893,-0.5100981879141621
-0.00103845,4.413898847793947,-0.4952454833368104
-0.00103782,4.421294232790054,-0.4915323071924724
-0.00103719,4.428689617786161,-0.4878191310481345
-0.00103656,4.432387310284215,-0.4803927787594586
-0.00103593,4.447178080276429,-0.4692532503264449
-0.0010353,4.45827115777059,-0.4544005457490932
-0.00103467,4.473061927762805,-0.4544005457490932
-0.00103404,4.45827115777059,-0.4544005457490932
-0.00103341,4.476759620260858,-0.4395478411717415
-0.00103278,4.480457312758912,-0.4209819604500519
-0.00103215,4.498945775249179,-0.417268784305714
-0.00103152,4.502643467747233,-0.417268784305714
-0.00103089,4.510038852743341,-0.4098424320170382
-0.00103026,4.513736545241394,-0.4061292558727002
-0.00102963,4.524829622735554,-0.3949897274396865
-0.001029,4.543318085225822,-0.3801370228623348
-0.00102837,4.55071347022193,-0.3764238467179969
-0.00102774,4.558108855218037,-0.3652843182849831
-0.00102711,4.55071347022193,-0.3504316137076314
-0.00102648,4.56180654771609,-0.3541447898519693
-0.00102585,4.569201932712198,-0.3541447898519693
-0.00102522,4.580295010206358,-0.3467184375632935
-0.00102459,4.591388087700519,-0.3281525568416038
-0.00102396,4.595085780198573,-0.3170130284085901
-0.00102333,4.61357424268884,-0.3095866761199143
-0.0010227,4.606178857692734,-0.3095866761199143
-0.00102207,4.617271935186894,-0.2947339715425625
-0.00102144,4.628365012681055,-0.2947339715425625
-0.00102081,4.65424886016743,-0.2910207953982247
-0.00102018,4.657946552665484,-0.2687417385321971
-0.00101955,4.650551167669376,-0.2613153862435212
-0.00101892,4.672737322657698,-0.2613153862435212
-0.00101829,4.676435015155752,-0.2427495055218317
-0.00101766,4.669039630159644,-0.2538890339548454
-0.00101703,4.683830400151859,-0.2427495055218317
-0.0010164,4.687528092649912,-0.2390363293774937
-0.00101577,4.709714247638233,-0.22789680094448
-0.00101514,4.717109632634341,-0.2130440963671283
-0.00101451,4.717109632634341,-0.2167572725114662
-0.00101388,4.731900402626556,-0.1944782156454387
-0.00101325,4.750388865116824,-0.1944782156454387
-0.00101262,4.765179635109037,-0.1870518633567629
-0.00101199,4.761481942610984,-0.179625511068087
-0.00101136,4.761481942610984,-0.1647728064907353
-0.00101073,4.776272712603198,-0.1536332780577216
-0.0010101,4.783668097599305,-0.1536332780577216
-0.00100947,4.783668097599305,-0.1424937496247078
-0.00100884,4.805854252587627,-0.1350673973360319
-0.00100821,4.809551945085681,-0.1276410450473561
-0.00100758,4.813249637583734,-0.1053619881813286
-0.00100695,4.820645022579841,-0.1053619881813286
-0.00100632,4.831738100074002,-0.1053619881813286
-0.00100569,4.842831177568163,-0.09793563589265275
-0.00100506,4.846528870066217,-0.09422245974831481
-0.00100443,4.857621947560377,-0.08308293131530106
-0.0010038,4.865017332556484,-0.07936975517096315
-0.00100317,4.872412717552591,-0.05337752216059768
-0.00100254,4.876110410050645,-0.0570906983049356
-0.00100191,4.894598872540913,-0.04223799372758391
-0.00100128,4.898296565038967,-0.04966434601625977
-0.00100065,4.916785027529235,-0.02738528915023225
-0.00100002,4.931575797521448,-0.01624576071721848
-0.0009993900000000002,4.931575797521448,-0.01624576071721848
-0.0009987600000000002,4.935273490019503,-0.001393056139866788
-0.0009981300000000001,4.950064260011716,-0.005106232284204704
-0.0009975000000000001,4.964855030003931,0.009746472293146971
-0.0009968700000000002,4.957459645007824,0.01717282458182282
-0.0009962400000000002,4.975948107498092,0.04316505759218826
-0.0009956100000000001,4.987041184992252,0.04316505759218826
-0.0009949800000000001,4.99443656998836,0.04687823373652619
-0.0009943500000000002,5.001831954984467,0.05801776216953995
-0.0009937200000000002,5.009227339980574,0.0654441144582158
-0.0009930900000000001,5.024018109972788,0.06915729060255371
-0.0009924600000000001,5.020320417474735,0.07658364289122956
-0.0009918300000000002,5.053599649957217,0.07658364289122956
-0.0009912000000000002,5.049901957459164,0.09514952361291917
-0.0009905700000000001,5.04620426496111,0.09514952361291917
-0.0009899400000000001,5.060995034953324,0.1062890520459329
-0.0009893100000000002,5.079483497443592,0.1211417566232846
-0.0009886800000000002,5.0868788824397,0.1248549327676225
-0.0009880500000000001,5.0868788824397,0.1397076373449742
-0.0009874200000000001,5.083181189941646,0.1397076373449742
-0.0009867900000000002,5.083181189941646,0.1434208134893121
-0.0009861600000000002,5.109065037428021,0.1471339896336501
-0.0009855300000000001,5.116460422424128,0.1805525749326913
-0.0009849000000000001,5.120158114922182,0.1842657510770293
-0.0009842700000000002,5.13864657741245,0.1842657510770293
-0.0009836400000000003,5.157135039902718,0.1954052795100431
-0.0009830100000000001,5.14973965490661,0.1916921033657051
-0.0009823800000000001,5.146041962408557,0.2176843363760706
-0.0009817500000000002,5.171925809894931,0.2102579840873947
-0.0009811200000000003,5.175623502392986,0.2362502170977602
-0.0009804900000000001,5.183018887389093,0.2288238648090843
-0.0009798600000000001,5.190414272385199,0.2288238648090843
-0.0009792300000000002,5.208902734875467,0.2399633932420981
-0.0009786000000000003,5.216298119871575,0.243676569386436
-0.0009779700000000001,5.212600427373522,0.2548160978194498
-0.0009773400000000002,5.208902734875467,0.2696688023968015
-0.0009767100000000002,5.238484274859896,0.2696688023968015
-0.00097608,5.234786582361843,0.2770951546854773
-0.0009754500000000001,5.249577352354057,0.2845215069741531
-0.00097482,5.260670429848218,0.2882346831184911
-0.0009741900000000001,5.256972737350164,0.291947859262829
-0.0009735600000000001,5.264368122346271,0.3068005638401807
-0.00097293,5.275461199840432,0.3253664445618702
-0.0009723000000000001,5.297647354828753,0.3439323252835599
-0.00097167,5.297647354828753,0.3439323252835599
-0.0009710400000000001,5.301345047326807,0.3476455014278979
-0.00097041,5.323531202315129,0.3662113821495874
-0.0009697800000000001,5.323531202315129,0.3513586775722357
-0.00096915,5.338321972307343,0.3662113821495874
-0.0009685200000000001,5.342019664805397,0.3699245582939253
-0.00096789,5.349415049801504,0.3773509105826012
-0.0009672600000000001,5.356810434797611,0.3922036151599528
-0.00096663,5.360508127295665,0.3996299674486287
-0.0009660000000000001,5.367903512291772,0.4033431435929666
-0.00096537,5.367903512291772,0.4256222004589941
-0.0009647400000000001,5.38639197478204,0.4181958481703183
-0.00096411,5.397485052276201,0.4367617288920079
-0.0009634800000000001,5.412275822268414,0.4479012573250217
-0.00096285,5.419671207264522,0.4627539619023734
-0.0009622200000000001,5.419671207264522,0.4590407857580354
-0.00096159,5.423368899762576,0.4553276096136976
-0.0009609600000000001,5.445555054750897,0.4627539619023734
-0.00096033,5.441857362252843,0.4701803141910492
-0.0009597000000000001,5.456648132245058,0.4738934903353871
-0.00095907,5.456648132245058,0.4961725472014147
-0.0009584400000000001,5.467741209739218,0.4961725472014147
-0.00095781,5.48992736472754,0.5221647802117801
-0.0009571800000000001,5.497322749723647,0.5221647802117801
-0.00095655,5.512113519715862,0.5481570132221456
-0.0009559200000000001,5.501020442221701,0.5370174847891318
-0.00095529,5.512113519715862,0.5333043086447938
-0.0009546600000000001,5.523206597210022,0.5444438370778076
-0.00095403,5.54169505970029,0.5444438370778076
-0.0009534000000000001,5.552788137194451,0.5592965416551593
-0.00095277,5.552788137194451,0.574149246232511
-0.0009521400000000001,5.552788137194451,0.5852887746655248
-0.00095151,5.556485829692504,0.5964283030985386
-0.0009508800000000001,5.567578907186665,0.6001414792428764
-0.00095025,5.578671984680826,0.6038546553872144
-0.0009496200000000001,5.586067369676933,0.6038546553872144
-0.00094899,5.597160447171094,0.6112810076758902
-0.0009483600000000001,5.615648909661362,0.6224205361089039
-0.00094773,5.623044294657469,0.6372732406862557
-0.0009471000000000001,5.626741987155523,0.6409864168305935
-0.00094647,5.630439679653576,0.6558391214079452
-0.0009458400000000001,5.641532757147737,0.6484127691192694
-0.00094521,5.641532757147737,0.6595522975522832
-0.0009445800000000001,5.652625834641897,0.6781181782739728
-0.00094395,5.67481198963022,0.6781181782739728
-0.0009433200000000001,5.663718912136058,0.6781181782739728
-0.00094269,5.671114297132165,0.6929708828513245
-0.0009420600000000001,5.68590506712438,0.7041104112843383
-0.00094143,5.696998144618541,0.7003972351400003
-0.0009408000000000001,5.696998144618541,0.715249939717352
-0.00094017,5.700695837116594,0.7226762920060278
-0.0009395400000000001,5.711788914610755,0.7301026442947037
-0.00093891,5.715486607108809,0.7263894681503658
-0.00093828,5.73767276209713,0.7338158204390416
-0.0009376500000000001,5.748765839591291,0.7449553488720554
-0.00093702,5.745068147093237,0.7672344057380829
-0.0009363900000000001,5.745068147093237,0.7672344057380829
-0.00093576,5.759858917085452,0.7746607580267587
-0.0009351300000000001,5.778347379575719,0.7820871103154345
-0.0009345,5.770951994579613,0.7709475818824209
-0.0009338700000000001,5.785742764571827,0.7858002864597725
-0.00093324,5.789440457069881,0.7932266387484483
-0.0009326100000000001,5.793138149567934,0.8080793433258
-0.00093198,5.815324304556255,0.811792519470138
-0.0009313500000000001,5.822719689552363,0.8155056956144758
-0.00093072,5.83011507454847,0.8229320479031517
-0.0009300900000000001,5.826417382050416,0.8414979286248413
-0.00092946,5.841208152042631,0.856350633202193
-0.0009288300000000001,5.841208152042631,0.856350633202193
-0.0009282,5.848603537038738,0.8600638093465309
-0.0009275700000000001,5.874487384525112,0.8712033377795447
-0.00092694,5.88188276952122,0.8674901616352068
-0.0009263100000000001,5.874487384525112,0.8786296900682206
-0.00092568,5.870789692027059,0.8934823946455722
-0.0009250500000000001,5.889278154517327,0.9009087469342481
-0.00092442,5.900371232011488,0.8860560423568964
-0.0009237900000000001,5.907766617007595,0.9009087469342481
-0.00092316,5.915162002003703,0.9269009799446135
-0.0009225300000000001,5.922557386999809,0.9269009799446135
-0.0009219,5.937348156992024,0.9306141560889514
-0.0009212700000000001,5.944743541988131,0.9343273322332893
-0.00092064,5.952138926984238,0.952893212954979
-0.0009200100000000001,5.970627389474506,0.949180036810641
-0.00091938,5.966929696976452,0.952893212954979
-0.0009187500000000001,5.97432508197256,0.9714590936766686
-0.00091812,5.978022774470613,0.9788854459653444
-0.0009174900000000001,5.98541815946672,0.9788854459653444
-0.00091686,5.989115851964774,0.9788854459653444
-0.0009162300000000001,6.003906621956988,1.008590855120048
-0.0009156,6.011302006953096,1.00487767897571
-0.0009149700000000001,6.011302006953096,1.016017207408724
-0.00091434,6.014999699451149,1.016017207408724
-0.0009137100000000001,6.022395084447256,1.027156735841738
-0.00091308,6.044581239435578,1.019730383553062
-0.0009124500000000001,6.051976624431685,1.038296264274751
-0.00091182,6.055674316929738,1.034583088130413
-0.0009111900000000001,6.063069701925846,1.053148968852103
-0.00091056,6.070465086921953,1.060575321140779
-0.0009099300000000001,6.07786047191806,1.064288497285117
-0.0009093,6.081558164416114,1.068001673429455
-0.0009086700000000001,6.100046626906382,1.082854378006806
-0.00090804,6.096348934408327,1.086567554151144
-0.0009074100000000001,6.100046626906382,1.086567554151144
-0.00090678,6.111139704400542,1.101420258728496
-0.0009061500000000001,6.114837396898595,1.097707082584158
-0.00090552,6.11853508939665,1.097707082584158
-0.0009048900000000001,6.12962816689081,1.123699315594523
-0.00090426,6.140721244384971,1.131125667883199
-0.00090363,6.137023551886918,1.11255978716151
-0.000903,6.151814321879131,1.138552020171875
-0.00090237,6.151814321879131,1.153404724749227
-0.0009017400000000001,6.159209706875239,1.157117900893565
-0.00090111,6.170302784369399,1.142265196316213
-0.0009004800000000001,6.174000476867453,1.164544253182241
-0.00089985,6.185093554361614,1.175683781615254
-0.0008992200000000001,6.18139586186356,1.168257429326578
-0.00089859,6.196186631855775,1.171970605470916
-0.0008979600000000001,6.203582016851882,1.186823310048268
-0.00089733,6.207279709349935,1.186823310048268
-0.0008967000000000001,6.229465864338257,1.20167601462562
-0.00089607,6.236861249334364,1.205389190769958
-0.0008954400000000001,6.233163556836311,1.20167601462562
-0.00089481,6.236861249334364,1.212815543058634
-0.0008941800000000001,6.240558941832417,1.216528719202971
-0.00089355,6.251652019326579,1.235094599924661
-0.0008929200000000001,6.255349711824632,1.231381423780323
-0.00089229,6.262745096820739,1.238807776068999
-0.0008916600000000001,6.277535866812953,1.238807776068999
-0.00089103,6.270140481816846,1.257373656790689
-0.0008904000000000001,6.284931251809061,1.253660480646351
-0.00088977,6.296024329303221,1.253660480646351
-0.0008891400000000001,6.314512791793489,1.261086832935026
-0.00088851,6.303419714299329,1.279652713656716
-0.0008878800000000001,6.310815099295436,1.287079065945392
-0.00088725,6.314512791793489,1.283365889801054
-0.0008866200000000001,6.318210484291543,1.287079065945392
-0.00088599,6.340396639279865,1.313071298955757
-0.0008853600000000001,6.344094331777918,1.30935812281142
-0.00088473,6.340396639279865,1.324210827388771
-0.0008841000000000001,6.362582794268186,1.324210827388771
-0.00088347,6.362582794268186,1.331637179677447
-0.0008828400000000001,6.373675871762346,1.331637179677447
-0.00088221,6.381071256758454,1.350203060399137
-0.0008815800000000001,6.381071256758454,1.346489884254799
-0.00088095,6.392164334252614,1.36134258883215
-0.0008803200000000001,6.384768949256507,1.376195293409502
-0.00087969,6.392164334252614,1.36134258883215
-0.0008790600000000001,6.392164334252614,1.365055764976488
-0.00087843,6.410652796742882,1.365055764976488
-0.0008778000000000001,6.414350489240936,1.383621645698178
-0.00087717,6.432838951731204,1.394761174131192
-0.0008765400000000001,6.421745874237043,1.394761174131192
-0.00087591,6.436536644229258,1.394761174131192
-0.0008752800000000001,6.440234336727311,1.405900702564205
-0.00087465,6.440234336727311,1.417040230997219
-0.0008740200000000001,6.451327414221472,1.417040230997219
-0.00087339,6.455025106719526,1.413327054852881
-0.0008727600000000001,6.462420491715632,1.424466583285895
-0.00087213,6.46981587671174,1.443032464007585
-0.0008715000000000001,6.477211261707847,1.435606111718909
-0.00087087,6.4809089542059,1.450458816296261
-0.0008702400000000001,6.492002031700062,1.454171992440598
-0.00086961,6.495699724198115,1.450458816296261
-0.00086898,6.495699724198115,1.457885168584936
-0.00086835,6.499397416696168,1.465311520873612
-0.00086772,6.510490494190329,1.46902469701795
-0.00086709,6.506792801692276,1.476451049306626
-0.00086646,6.517885879186436,1.480164225450964
-0.0008658300000000001,6.52158357168449,1.483877401595302
-0.0008652,6.536374341676704,1.483877401595302
-0.0008645700000000001,6.551165111668919,1.502443282316991
-0.00086394,6.540072034174758,1.498730106172653
-0.0008633100000000001,6.551165111668919,1.509869634605667
-0.00086268,6.547467419170865,1.506156458461329
-0.0008620500000000001,6.551165111668919,1.513582810750005
-0.00086142,6.56225818916308,1.528435515327357
-0.0008607900000000001,6.56225818916308,1.539575043760371
-0.00086016,6.584444344151401,1.535861867616033
-0.0008595300000000001,6.591839729147508,1.539575043760371
-0.0008589,6.580746651653348,1.543288219904708
-0.0008582700000000001,6.588142036649455,1.543288219904708
-0.00085764,6.602932806641669,1.561854100626398
-0.0008570100000000001,6.610328191637776,1.565567276770736
-0.00085638,6.614025884135829,1.565567276770736
-0.0008557500000000001,6.610328191637776,1.569280452915074
-0.00085512,6.617723576633884,1.569280452915074
-0.0008544900000000001,6.62511896162999,1.57670680520375
-0.00085386,6.628816654128044,1.587846333636764
-0.0008532300000000001,6.651002809116365,1.587846333636764
-0.0008526,6.647305116618312,1.602699038214115
-0.0008519700000000001,6.647305116618312,1.617551742791467
-0.00085134,6.643607424120258,1.610125390502791
-0.0008507100000000001,6.658398194112473,1.602699038214115
-0.00085008,6.658398194112473,1.613838566647129
-0.0008494500000000001,6.673188964104687,1.624978095080143
-0.00084882,6.669491271606633,1.621264918935805
-0.0008481900000000001,6.684282041598848,1.624978095080143
-0.00084756,6.687979734096901,1.621264918935805
-0.0008469300000000001,6.699072811591062,1.628691271224481
-0.0008463,6.695375119093009,1.643543975801832
-0.0008456700000000001,6.706468196587169,1.643543975801832
-0.00084504,6.710165889085223,1.64725715194617
-0.0008444100000000001,6.699072811591062,1.64725715194617
-0.00084378,6.713863581583277,1.662109856523522
-0.0008431500000000001,6.713863581583277,1.658396680379184
-0.00084252,6.71756127408133,1.66582303266786
-0.0008418900000000001,6.732352044073544,1.680675737245212
-0.00084126,6.724956659077437,1.673249384956536
-0.0008406300000000001,6.736049736571598,1.680675737245212
-0.00084,6.739747429069651,1.688102089533887
-0.0008393700000000001,6.743445121567705,1.680675737245212
-0.00083874,6.750840506563812,1.68438891338955
-0.0008381100000000001,6.747142814065759,1.695528441822563
-0.00083748,6.765631276556027,1.699241617966901
-0.0008368500000000001,6.761933584057973,1.695528441822563
-0.00083622,6.754538199061866,1.702954794111239
-0.0008355900000000001,6.761933584057973,1.706667970255577
-0.00083496,6.773026661552134,1.702954794111239
-0.0008343300000000001,6.76932896905408,1.728947027121605
-0.0008337,6.780422046548241,1.725233850977267
-0.00083307,6.784119739046295,1.732660203265943
-0.00083244,6.806305894034616,1.73637337941028
-0.00083181,6.795212816540455,1.732660203265943
-0.00083118,6.795212816540455,1.728947027121605
-0.00083055,6.791515124042402,1.73637337941028
-0.0008299200000000001,6.802608201536563,1.740086555554618
-0.00082929,6.81000358653267,1.747512907843294
-0.0008286600000000001,6.813701279030723,1.732660203265943
-0.00082803,6.821096664026831,1.751226083987632
-0.0008274000000000001,6.813701279030723,1.766078788564984
-0.00082677,6.828492049022937,1.769791964709322
-0.0008261400000000001,6.835887434019044,1.777218316997998
-0.00082551,6.832189741520991,1.769791964709322
-0.0008248800000000001,6.832189741520991,1.777218316997998
-0.00082425,6.839585126517099,1.769791964709322
-0.0008236200000000001,6.86177128150542,1.792071021575349
-0.00082299,6.854375896509312,1.784644669286674
-0.0008223600000000001,6.854375896509312,1.780931493142335
-0.00082173,6.865468974003473,1.795784197719687
-0.0008211000000000001,6.865468974003473,1.806923726152701
-0.00082047,6.854375896509312,1.799497373864025
-0.0008198400000000001,6.865468974003473,1.810636902297039
-0.00081921,6.876562051497634,1.818063254585715
-0.0008185800000000001,6.869166666501527,1.803210550008363
-0.00081795,6.895050513987902,1.814350078441377
-0.0008173200000000001,6.898748206485956,1.814350078441377
-0.00081669,6.895050513987902,1.825489606874391
-0.0008160600000000001,6.895050513987902,1.825489606874391
-0.00081543,6.909841283980116,1.829202783018729
-0.0008148000000000001,6.906143591482063,1.832915959163066
-0.00081417,6.91353897647817,1.832915959163066
-0.0008135400000000001,6.906143591482063,1.832915959163066
-0.00081291,6.909841283980116,1.847768663740418
-0.0008122800000000001,6.917236668976224,1.840342311451742
-0.00081165,6.920934361474277,1.855195016029094
-0.0008110200000000001,6.932027438968438,1.84405548759608
-0.00081039,6.917236668976224,1.855195016029094
-0.0008097600000000001,6.917236668976224,1.855195016029094
-0.00080913,6.928329746470384,1.86262136831777
-0.0008085000000000001,6.928329746470384,1.858908192173432
-0.00080787,6.935725131466492,1.866334544462108
-0.0008072400000000001,6.935725131466492,1.870047720606446
-0.00080661,6.939422823964545,1.855195016029094
-0.0008059800000000001,6.95421359395676,1.866334544462108
-0.00080535,6.961608978952866,1.873760896750784
-0.0008047200000000001,6.950515901458706,1.877474072895121
-0.00080409,6.95421359395676,1.884900425183797
-0.0008034600000000001,6.957911286454813,1.870047720606446
-0.00080283,6.95421359395676,1.873760896750784
-0.0008022000000000001,6.96530667145092,1.888613601328135
-0.00080157,6.957911286454813,1.884900425183797
-0.0008009400000000001,6.961608978952866,1.899753129761149
-0.00080031,6.983795133941188,1.896039953616811
-0.0007996800000000001,6.969004363948974,1.888613601328135
-0.00079905,6.969004363948974,1.899753129761149
-0.00079842,6.991190518937295,1.907179482049825
-0.00079779,6.972702056447027,1.910892658194163
-0.00079716,6.980097441443134,1.892326777472473
-0.00079653,6.991190518937295,1.903466305905487
-0.0007959,6.991190518937295,1.910892658194163
-0.00079527,6.991190518937295,1.907179482049825
-0.00079464,6.983795133941188,1.899753129761149
-0.00079401,6.998585903933402,1.914605834338501
-0.00079338,6.994888211435349,1.914605834338501
-0.0007927500000000001,7.002283596431456,1.922032186627177
-0.00079212,7.009678981427562,1.929458538915852
-0.0007914900000000001,7.00598128892951,1.918319010482839
-0.00079086,7.009678981427562,1.929458538915852
-0.0007902300000000001,7.009678981427562,1.929458538915852
-0.0007896,7.024469751419778,1.936884891204528
-0.0007889700000000001,7.02816744391783,1.944311243493204
-0.00078834,7.031865136415885,1.929458538915852
-0.0007877100000000001,7.024469751419778,1.925745362771514
-0.00078708,7.024469751419778,1.944311243493204
-0.0007864500000000001,7.031865136415885,1.944311243493204
-0.00078582,7.035562828913938,1.948024419637542
-0.0007851900000000001,7.02816744391783,1.936884891204528
-0.00078456,7.020772058921724,1.95173759578188
-0.0007839300000000001,7.024469751419778,1.955450771926218
-0.0007833,7.031865136415885,1.95173759578188
-0.0007826700000000001,7.042958213910046,1.959163948070556
-0.00078204,7.046655906408098,1.955450771926218
-0.0007814100000000001,7.042958213910046,1.959163948070556
-0.00078078,7.046655906408098,1.955450771926218
-0.0007801500000000001,7.054051291404206,1.955450771926218
-0.00077952,7.050353598906153,1.955450771926218
-0.0007788900000000001,7.046655906408098,1.959163948070556
-0.00077826,7.042958213910046,1.959163948070556
-0.0007776300000000001,7.050353598906153,1.95173759578188
-0.000777,7.046655906408098,1.959163948070556
-0.0007763700000000001,7.054051291404206,1.966590300359232
-0.00077574,7.054051291404206,1.977729828792245
-0.0007751100000000001,7.057748983902259,1.966590300359232
-0.00077448,7.046655906408098,1.974016652647907
-0.0007738500000000001,7.050353598906153,1.970303476503569
-0.00077322,7.054051291404206,1.974016652647907
-0.0007725900000000001,7.054051291404206,1.977729828792245
-0.00077196,7.061446676400314,1.970303476503569
-0.0007713300000000001,7.057748983902259,1.962877124214894
-0.0007707,7.061446676400314,1.962877124214894
-0.0007700700000000001,7.06884206139642,1.985156181080921
-0.00076944,7.061446676400314,1.977729828792245
-0.0007688100000000001,7.06884206139642,1.977729828792245
-0.00076818,7.072539753894474,1.977729828792245
-0.0007675500000000001,7.065144368898366,1.974016652647907
-0.00076692,7.06884206139642,1.970303476503569
-0.0007662900000000001,7.065144368898366,1.974016652647907
-0.00076566,7.06884206139642,1.981443004936583
-0.0007650300000000001,7.065144368898366,1.985156181080921
-0.0007644,7.087330523886688,1.985156181080921
-0.00076377,7.083632831388634,1.988869357225259
-0.00076314,7.061446676400314,1.985156181080921
-0.00076251,7.072539753894474,1.985156181080921
-0.00076188,7.091028216384742,1.988869357225259
-0.00076125,7.094725908882795,1.985156181080921
-0.00076062,7.076237446392527,1.977729828792245
-0.00075999,7.091028216384742,1.977729828792245
-0.00075936,7.076237446392527,2.000008885658273
-0.00075873,7.079935138890582,2.003722061802611
-0.0007581,7.079935138890582,1.996295709513935
-0.00075747,7.076237446392527,2.000008885658273
-0.0007568400000000001,7.091028216384742,1.988869357225259
-0.00075621,7.098423601380849,1.988869357225259
-0.0007555800000000001,7.091028216384742,1.988869357225259
-0.00075495,7.091028216384742,1.981443004936583
-0.0007543200000000001,7.098423601380849,1.988869357225259
-0.00075369,7.083632831388634,2.011148414091287
-0.0007530600000000001,7.087330523886688,1.992582533369597
-0.00075243,7.091028216384742,1.996295709513935
-0.0007518000000000001,7.087330523886688,2.000008885658273
-0.00075117,7.083632831388634,2.003722061802611
-0.0007505400000000001,7.091028216384742,1.996295709513935
-0.00074991,7.076237446392527,1.985156181080921
-0.0007492800000000001,7.091028216384742,1.977729828792245
-0.00074865,7.079935138890582,1.988869357225259
-0.0007480200000000001,7.091028216384742,1.992582533369597
-0.00074739,7.079935138890582,2.003722061802611
-0.0007467600000000001,7.083632831388634,1.996295709513935
-0.00074613,7.091028216384742,2.003722061802611
-0.0007455000000000001,7.087330523886688,1.996295709513935
-0.00074487,7.087330523886688,1.988869357225259
-0.0007442400000000001,7.087330523886688,1.992582533369597
-0.00074361,7.087330523886688,1.992582533369597
-0.0007429800000000001,7.083632831388634,1.996295709513935
-0.00074235,7.087330523886688,1.992582533369597
-0.0007417200000000001,7.087330523886688,1.974016652647907
-0.00074109,7.087330523886688,1.988869357225259
-0.0007404600000000001,7.079935138890582,1.981443004936583
-0.00073983,7.076237446392527,2.000008885658273
-0.0007392000000000001,7.087330523886688,1.988869357225259
-0.00073857,7.091028216384742,1.985156181080921
-0.0007379400000000001,7.072539753894474,1.977729828792245
-0.00073731,7.079935138890582,1.970303476503569
-0.0007366800000000001,7.079935138890582,1.985156181080921
-0.00073605,7.076237446392527,1.988869357225259
-0.0007354200000000001,7.076237446392527,1.977729828792245
-0.00073479,7.079935138890582,1.970303476503569
-0.0007341600000000001,7.072539753894474,1.970303476503569
-0.00073353,7.072539753894474,1.985156181080921
-0.0007329000000000001,7.079935138890582,1.977729828792245
-0.00073227,7.06884206139642,1.962877124214894
-0.0007316400000000001,7.079935138890582,1.974016652647907
-0.00073101,7.076237446392527,1.981443004936583
-0.0007303800000000001,7.076237446392527,1.966590300359232
-0.00072975,7.065144368898366,1.977729828792245
-0.00072912,7.061446676400314,1.988869357225259
-0.00072849,7.06884206139642,1.974016652647907
-0.00072786,7.065144368898366,1.962877124214894
-0.00072723,7.072539753894474,1.970303476503569
-0.0007266,7.072539753894474,1.959163948070556
-0.00072597,7.065144368898366,1.948024419637542
-0.00072534,7.072539753894474,1.95173759578188
-0.00072471,7.072539753894474,1.970303476503569
-0.00072408,7.065144368898366,1.970303476503569
-0.00072345,7.072539753894474,1.966590300359232
-0.00072282,7.076237446392527,1.970303476503569
-0.00072219,7.061446676400314,1.977729828792245
-0.00072156,7.046655906408098,1.955450771926218
-0.0007209300000000001,7.050353598906153,1.95173759578188
-0.0007203,7.061446676400314,1.959163948070556
-0.0007196700000000001,7.061446676400314,1.955450771926218
-0.00071904,7.054051291404206,1.959163948070556
-0.0007184100000000001,7.057748983902259,1.948024419637542
-0.00071778,7.050353598906153,1.940598067348866
-0.0007171500000000001,7.054051291404206,1.936884891204528
-0.00071652,7.046655906408098,1.948024419637542
-0.0007158900000000001,7.039260521411991,1.948024419637542
-0.00071526,7.035562828913938,1.940598067348866
-0.0007146300000000001,7.042958213910046,1.940598067348866
-0.000714,7.039260521411991,1.929458538915852
-0.0007133700000000001,7.035562828913938,1.93317171506019
-0.00071274,7.02816744391783,1.93317171506019
-0.0007121100000000001,7.031865136415885,1.93317171506019
-0.00071148,7.02816744391783,1.922032186627177
-0.0007108500000000001,7.035562828913938,1.922032186627177
-0.00071022,7.01707436642367,1.925745362771514
-0.0007095900000000001,7.035562828913938,1.918319010482839
-0.00070896,7.031865136415885,1.914605834338501
-0.0007083300000000001,7.024469751419778,1.922032186627177
-0.0007077,7.024469751419778,1.907179482049825
-0.0007070700000000001,7.01707436642367,1.910892658194163
-0.00070644,7.009678981427562,1.918319010482839
-0.0007058100000000001,7.013376673925617,1.910892658194163
-0.00070518,7.00598128892951,1.896039953616811
-0.0007045500000000001,7.013376673925617,1.896039953616811
-0.00070392,7.00598128892951,1.896039953616811
-0.0007032900000000001,7.00598128892951,1.896039953616811
-0.00070266,6.991190518937295,1.903466305905487
-0.0007020300000000001,7.002283596431456,1.892326777472473
-0.0007014,6.994888211435349,1.892326777472473
-0.0007007700000000001,6.987492826439242,1.896039953616811
-0.00070014,6.987492826439242,1.888613601328135
-0.0006995100000000001,6.987492826439242,1.899753129761149
-0.00069888,6.983795133941188,1.892326777472473
-0.0006982500000000001,6.987492826439242,1.877474072895121
-0.00069762,6.991190518937295,1.884900425183797
-0.0006969900000000001,6.980097441443134,1.884900425183797
-0.00069636,6.987492826439242,1.877474072895121
-0.0006957300000000001,6.976399748945081,1.870047720606446
-0.0006951,6.972702056447027,1.86262136831777
-0.00069447,6.976399748945081,1.866334544462108
-0.00069384,6.96530667145092,1.870047720606446
-0.00069321,6.96530667145092,1.86262136831777
-0.00069258,6.961608978952866,1.866334544462108
-0.00069195,6.961608978952866,1.851481839884756
-0.00069132,6.950515901458706,1.851481839884756
-0.00069069,6.946818208960652,1.851481839884756
-0.00069006,6.946818208960652,1.847768663740418
-0.00068943,6.939422823964545,1.851481839884756
-0.0006888,6.946818208960652,1.840342311451742
-0.00068817,6.946818208960652,1.84405548759608
-0.00068754,6.939422823964545,1.829202783018729
-0.00068691,6.935725131466492,1.832915959163066
-0.00068628,6.920934361474277,1.836629135307404
-0.00068565,6.924632053972331,1.825489606874391
-0.0006850200000000001,6.920934361474277,1.825489606874391
-0.00068439,6.909841283980116,1.825489606874391
-0.0006837600000000001,6.898748206485956,1.806923726152701
-0.00068313,6.906143591482063,1.806923726152701
-0.0006825000000000001,6.909841283980116,1.803210550008363
-0.00068187,6.902445898984009,1.799497373864025
-0.0006812400000000001,6.906143591482063,1.806923726152701
-0.00068061,6.902445898984009,1.803210550008363
-0.0006799800000000001,6.891352821489848,1.792071021575349
-0.00067935,6.891352821489848,1.792071021575349
-0.0006787200000000001,6.887655128991795,1.784644669286674
-0.00067809,6.87286435899958,1.780931493142335
-0.0006774600000000001,6.87286435899958,1.780931493142335
-0.00067683,6.87286435899958,1.77350514085366
-0.0006762000000000001,6.865468974003473,1.766078788564984
-0.00067557,6.86177128150542,1.769791964709322
-0.0006749400000000001,6.858073589007367,1.762365612420646
-0.00067431,6.854375896509312,1.758652436276308
-0.0006736800000000001,6.86177128150542,1.758652436276308
-0.00067305,6.858073589007367,1.747512907843294
-0.0006724200000000001,6.843282819015152,1.751226083987632
-0.00067179,6.846980511513205,1.751226083987632
-0.0006711600000000001,6.835887434019044,1.732660203265943
-0.00067053,6.835887434019044,1.73637337941028
-0.0006699000000000001,6.832189741520991,1.73637337941028
-0.00066927,6.832189741520991,1.728947027121605
-0.0006686400000000001,6.828492049022937,1.721520674832929
-0.00066801,6.824794356524884,1.732660203265943
-0.0006673800000000001,6.824794356524884,1.725233850977267
-0.00066675,6.817398971528776,1.706667970255577
-0.0006661200000000001,6.806305894034616,1.717807498688591
-0.00066549,6.806305894034616,1.714094322544253
-0.0006648600000000001,6.798910509038508,1.706667970255577
-0.00066423,6.795212816540455,1.699241617966901
-0.0006636000000000001,6.795212816540455,1.688102089533887
-0.00066297,6.784119739046295,1.695528441822563
-0.0006623400000000001,6.776724354050187,1.680675737245212
-0.00066171,6.784119739046295,1.688102089533887
-0.0006610800000000001,6.776724354050187,1.669536208812198
-0.00066045,6.776724354050187,1.66582303266786
-0.00065982,6.765631276556027,1.676962561100874
-0.00065919,6.765631276556027,1.673249384956536
-0.00065856,6.761933584057973,1.662109856523522
-0.00065793,6.750840506563812,1.654683504234846
-0.0006573,6.743445121567705,1.650970328090508
-0.00065667,6.747142814065759,1.654683504234846
-0.00065604,6.739747429069651,1.650970328090508
-0.00065541,6.736049736571598,1.64725715194617
-0.00065478,6.739747429069651,1.636117623513156
-0.00065415,6.732352044073544,1.636117623513156
-0.00065352,6.71756127408133,1.632404447368819
-0.00065289,6.713863581583277,1.628691271224481
-0.00065226,6.710165889085223,1.613838566647129
-0.00065163,6.706468196587169,1.610125390502791
-0.000651,6.702770504089115,1.613838566647129
-0.00065037,6.695375119093009,1.617551742791467
-0.00064974,6.687979734096901,1.595272685925439
-0.0006491100000000001,6.684282041598848,1.584133157492426
-0.00064848,6.676886656602741,1.591559509781102
-0.0006478500000000001,6.680584349100794,1.57670680520375
-0.00064722,6.66579357910858,1.57670680520375
-0.0006465900000000001,6.658398194112473,1.57670680520375
-0.00064596,6.651002809116365,1.572993629059412
-0.0006453300000000001,6.654700501614419,1.55814092448206
-0.0006447,6.651002809116365,1.561854100626398
-0.0006440700000000001,6.643607424120258,1.554427748337722
-0.00064344,6.643607424120258,1.554427748337722
-0.0006428100000000001,6.628816654128044,1.535861867616033
-0.00064218,6.636212039124151,1.532148691471695
-0.0006415500000000001,6.62511896162999,1.517295986894343
-0.00064092,6.617723576633884,1.524722339183019
-0.0006402900000000001,6.621421269131937,1.528435515327357
-0.00063966,6.610328191637776,1.532148691471695
-0.0006390300000000001,6.610328191637776,1.524722339183019
-0.0006384,6.591839729147508,1.502443282316991
-0.0006377700000000001,6.588142036649455,1.495016930028316
-0.00063714,6.569653574159187,1.498730106172653
-0.0006365100000000001,6.569653574159187,1.48759057773964
-0.00063588,6.57335126665724,1.48759057773964
-0.0006352500000000001,6.565955881661133,1.483877401595302
-0.00063462,6.56225818916308,1.480164225450964
-0.0006339900000000001,6.558560496665025,1.46902469701795
-0.00063336,6.554862804166972,1.46902469701795
-0.0006327300000000001,6.551165111668919,1.457885168584936
-0.0006321,6.547467419170865,1.450458816296261
-0.0006314700000000001,6.536374341676704,1.454171992440598
-0.00063084,6.532676649178651,1.454171992440598
-0.0006302100000000001,6.517885879186436,1.454171992440598
-0.00062958,6.514188186688383,1.446745640151923
-0.0006289500000000001,6.52158357168449,1.424466583285895
-0.00062832,6.514188186688383,1.420753407141557
-0.0006276900000000001,6.499397416696168,1.417040230997219
-0.00062706,6.503095109194222,1.39847435027553
-0.0006264300000000001,6.499397416696168,1.394761174131192
-0.0006258,6.484606646703954,1.39847435027553
-0.00062517,6.477211261707847,1.405900702564205
-0.00062454,6.4809089542059,1.391047997986854
-0.00062391,6.473513569209794,1.391047997986854
-0.00062328,6.462420491715632,1.365055764976488
-0.00062265,6.458722799217579,1.365055764976488
-0.00062202,6.462420491715632,1.372482117265164
-0.00062139,6.447629721723418,1.376195293409502
-0.00062076,6.425443566735097,1.368768941120826
-0.00062013,6.436536644229258,1.346489884254799
-0.0006195,6.421745874237043,1.342776708110461
-0.00061887,6.410652796742882,1.331637179677447
-0.00061824,6.403257411746775,1.342776708110461
-0.00061761,6.399559719248722,1.331637179677447
-0.00061698,6.403257411746775,1.320497651244433
-0.00061635,6.395862026750669,1.313071298955757
-0.00061572,6.406955104244829,1.301931770522744
-0.00061509,6.392164334252614,1.301931770522744
-0.00061446,6.381071256758454,1.29079224208973
-0.00061383,6.358885101770133,1.29079224208973
-0.0006132000000000001,6.347792024275972,1.29079224208973
-0.00061257,6.351489716774025,1.275939537512378
-0.0006119400000000001,6.355187409272078,1.275939537512378
-0.00061131,6.351489716774025,1.257373656790689
-0.0006106800000000001,6.32560586928765,1.249947304502013
-0.00061005,6.321908176789597,1.249947304502013
-0.0006094200000000001,6.32560586928765,1.246234128357675
-0.00060879,6.318210484291543,1.246234128357675
-0.0006081600000000001,6.299722021801275,1.235094599924661
-0.00060753,6.307117406797382,1.231381423780323
-0.0006069000000000001,6.299722021801275,1.216528719202971
-0.00060627,6.288628944307114,1.223955071491647
-0.0006056400000000001,6.2738381743149,1.20167601462562
-0.00060501,6.2738381743149,1.197962838481282
-0.0006043800000000001,6.277535866812953,1.194249662336944
-0.00060375,6.266442789318793,1.186823310048268
-0.0006031200000000001,6.255349711824632,1.171970605470916
-0.00060249,6.247954326828525,1.171970605470916
-0.0006018600000000001,6.240558941832417,1.164544253182241
-0.00060123,6.236861249334364,1.160831077037903
-0.0006006000000000001,6.236861249334364,1.168257429326578
-0.00059997,6.229465864338257,1.157117900893565
-0.0005993400000000001,6.218372786844096,1.131125667883199
-0.00059871,6.214675094346043,1.131125667883199
-0.0005980800000000001,6.210977401847989,1.119986139450186
-0.00059745,6.192488939357721,1.127412491738861
-0.0005968200000000001,6.196186631855775,1.138552020171875
-0.00059619,6.18139586186356,1.11255978716151
-0.0005955600000000001,6.18139586186356,1.101420258728496
-0.00059493,6.177698169365507,1.097707082584158
-0.0005943000000000001,6.162907399373292,1.097707082584158
-0.00059367,6.151814321879131,1.086567554151144
-0.0005930400000000001,6.159209706875239,1.07542802571813
-0.00059241,6.148116629381078,1.071714849573792
-0.0005917800000000001,6.148116629381078,1.071714849573792
-0.00059115,6.137023551886918,1.056862144996441
-0.00059052,6.137023551886918,1.053148968852103
-0.00058989,6.114837396898595,1.045722616563427
-0.00058926,6.103744319404435,1.027156735841738
-0.00058863,6.111139704400542,1.019730383553062
-0.000588,6.092651241910274,1.023443559697399
-0.00058737,6.085255856914167,1.027156735841738
-0.00058674,6.088953549412221,1.008590855120048
-0.00058611,6.074162779420006,1.012304031264386
-0.00058548,6.074162779420006,1.001164502831372
-0.00058485,6.051976624431685,0.9937381505426961
-0.00058422,6.040883546937524,0.9863117982540203
-0.00058359,6.040883546937524,0.9640327413879927
-0.00058296,6.033488161941417,0.9714590936766686
-0.00058233,6.02609277694531,0.9603195652436548
-0.0005817,6.022395084447256,0.949180036810641
-0.00058107,6.02609277694531,0.949180036810641
-0.00058044,6.007604314455042,0.9417536845219652
-0.00057981,5.992813544462828,0.9306141560889514
-0.00057918,5.992813544462828,0.9306141560889514
-0.00057855,5.989115851964774,0.9269009799446135
-0.00057792,5.981720466968667,0.9083350992229239
-0.0005772900000000001,5.959534311980345,0.9009087469342481
-0.00057666,5.963232004478399,0.8971955707899101
-0.0005760300000000001,5.948441234486184,0.8786296900682206
-0.0005754,5.941045849490077,0.8786296900682206
-0.0005747700000000001,5.929952771995916,0.8934823946455722
-0.00057414,5.93365046449397,0.8712033377795447
-0.0005735100000000001,5.918859694501756,0.8600638093465309
-0.00057288,5.929952771995916,0.8526374570578551
-0.0005722500000000001,5.907766617007595,0.8414979286248413
-0.00057162,5.885580462019274,0.8377847524805034
-0.0005709900000000001,5.89297584701538,0.8266452240474896
-0.00057036,5.889278154517327,0.8229320479031517
-0.0005697300000000001,5.878185077023167,0.8192188717588138
-0.0005691,5.88188276952122,0.8080793433258
-0.0005684700000000001,5.867091999529006,0.811792519470138
-0.00056784,5.852301229536791,0.8006529910371242
-0.0005672100000000001,5.844905844540684,0.7783739341710967
-0.00056658,5.841208152042631,0.7709475818824209
-0.0005659500000000001,5.826417382050416,0.7746607580267587
-0.00056532,5.826417382050416,0.7783739341710967
-0.0005646900000000001,5.815324304556255,0.7598080534494071
-0.00056406,5.804231227062095,0.7560948773050691
-0.0005634300000000001,5.793138149567934,0.7338158204390416
-0.0005628,5.789440457069881,0.7375289965833796
-0.0005621700000000001,5.782045072073773,0.7226762920060278
-0.00056154,5.774649687077666,0.7301026442947037
-0.0005609100000000001,5.774649687077666,0.7263894681503658
-0.00056028,5.759858917085452,0.7115367635730141
-0.0005596500000000001,5.759858917085452,0.7003972351400003
-0.00055902,5.748765839591291,0.6966840589956624
-0.0005583900000000001,5.733975069599077,0.6855445305626486
-0.00055776,5.741370454595184,0.670691825985297
-0.0005571300000000001,5.733975069599077,0.6781181782739728
-0.0005565,5.711788914610755,0.6558391214079452
-0.00055587,5.700695837116594,0.6744050021296348
-0.00055524,5.708091222112701,0.6521259452636073
-0.00055461,5.68590506712438,0.6372732406862557
-0.00055398,5.68590506712438,0.6372732406862557
-0.00055335,5.682207374626326,0.6335600645419177
-0.00055272,5.671114297132165,0.6224205361089039
-0.00055209,5.660021219638005,0.6224205361089039
-0.00055146,5.663718912136058,0.6112810076758902
-0.00055083,5.637835064649684,0.6038546553872144
-0.0005502,5.648928142143844,0.5964283030985386
-0.00054957,5.634137372151629,0.5778624223768489
-0.00054894,5.623044294657469,0.5815755985211869
-0.00054831,5.615648909661362,0.5667228939438351
-0.00054768,5.604555832167201,0.5555833655108214
-0.00054705,5.600858139669148,0.5481570132221456
-0.00054642,5.578671984680826,0.5518701893664835
-0.00054579,5.586067369676933,0.5370174847891318
-0.00054516,5.567578907186665,0.5221647802117801
-0.00054453,5.571276599684719,0.5184516040674422
-0.0005439,5.552788137194451,0.5147384279231043
-0.00054327,5.537997367202236,0.4961725472014147
-0.00054264,5.534299674704183,0.4961725472014147
-0.00054201,5.526904289708076,0.4961725472014147
-0.0005413800000000001,5.53060198220613,0.4738934903353871
-0.00054075,5.512113519715862,0.4664671380467112
-0.0005401200000000001,5.508415827217808,0.4627539619023734
-0.00053949,5.48992736472754,0.4516144334693596
-0.0005388600000000001,5.48992736472754,0.4479012573250217
-0.00053823,5.464043517241165,0.4441880811806838
-0.0005376000000000001,5.471438902237272,0.43304855274767
-0.00053697,5.464043517241165,0.4219090243146563
-0.0005363400000000001,5.456648132245058,0.4070563197373046
-0.00053571,5.44925274724895,0.3996299674486287
-0.0005350800000000001,5.427066592260629,0.4033431435929666
-0.00053445,5.419671207264522,0.3922036151599528
-0.0005338200000000001,5.423368899762576,0.3810640867269391
-0.00053319,5.408578129770361,0.3773509105826012
-0.0005325600000000001,5.408578129770361,0.3587850298609115
-0.00053193,5.401182744774254,0.3550718537165737
-0.0005313000000000001,5.393787359778146,0.3513586775722357
-0.00053067,5.378996589785933,0.3439323252835599
-0.0005300400000000001,5.364205819793718,0.340219149139222
-0.00052941,5.367903512291772,0.3253664445618702
-0.0005287800000000001,5.360508127295665,0.3179400922731944
-0.00052815,5.349415049801504,0.3142269161288566
-0.0005275200000000001,5.327228894813183,0.3030873876958428
-0.00052689,5.323531202315129,0.2993742115515048
-0.0005262600000000001,5.316135817319021,0.2956610354071669
-0.00052563,5.316135817319021,0.2808083308298153
-0.0005250000000000001,5.308740432322915,0.2733819785411394
-0.00052437,5.305042739824861,0.2622424501081256
-0.0005237400000000001,5.286554277334593,0.2696688023968015
-0.00052311,5.271763507342379,0.2511029216751118
-0.0005224800000000001,5.282856584836539,0.2548160978194498
-0.00052185,5.260670429848218,0.243676569386436
-0.00052122,5.253275044852111,0.2325370409534223
-0.00052059,5.24218196735795,0.2288238648090843
-0.00051996,5.238484274859896,0.2176843363760706
-0.00051933,5.227391197365735,0.2102579840873947
-0.0005187,5.212600427373522,0.1954052795100431
-0.00051807,5.219995812369628,0.1842657510770293
-0.00051744,5.20150734987936,0.1768393987883534
-0.00051681,5.197809657381307,0.1805525749326913
-0.00051618,5.194111964883254,0.1656998703553397
-0.00051555,5.175623502392986,0.1731262226440155
-0.00051492,5.183018887389093,0.1545603419223259
-0.00051429,5.164530424898825,0.150847165777988
-0.00051366,5.153437347404664,0.1322812850562984
-0.00051303,5.14973965490661,0.1248549327676225
-0.0005124,5.146041962408557,0.1137154043346088
-0.00051177,5.120158114922182,0.09886269975725709
-0.00051114,5.123855807420235,0.102575875901595
-0.00051051,5.101669652431914,0.09886269975725709
-0.00050988,5.094274267435806,0.09886269975725709
-0.00050925,5.109065037428021,0.0840099951799054
-0.00050862,5.079483497443592,0.0840099951799054
-0.00050799,5.079483497443592,0.06915729060255371
-0.00050736,5.072088112447485,0.05059140988086411
-0.00050673,5.057297342455271,0.05059140988086411
-0.0005061,5.064692727451378,0.04687823373652619
-0.0005054700000000001,5.053599649957217,0.02831235301483659
-0.00050484,5.031413494968896,0.02088600072616074
-0.0005042100000000001,5.024018109972788,0.009746472293146971
-0.00050358,5.012925032478628,0.0134596484374849
-0.0005029500000000001,5.00552964748252,0.009746472293146971
-0.00050232,5.001831954984467,-0.01253258457288056
-0.0005016900000000001,4.990738877490307,-0.01995893686155639
-0.00050106,4.990738877490307,-0.02367211300589431
-0.0005004300000000001,4.972250415000039,-0.02738528915023225
-0.0004998,4.961157337505878,-0.03481164143890808
-0.0004991700000000001,4.961157337505878,-0.038524817583246
-0.00049854,4.94266887501561,-0.05337752216059768
-0.0004979100000000001,4.950064260011716,-0.06451705059361146
-0.00049728,4.950064260011716,-0.0756565790266252
-0.0004966500000000001,4.94266887501561,-0.08679610745963898
-0.00049602,4.924180412525342,-0.08679610745963898
-0.0004953900000000001,4.909389642533127,-0.09793563589265275
-0.00049476,4.905691950035074,-0.1090751643256665
-0.0004941300000000001,4.887203487544806,-0.1090751643256665
-0.0004935,4.883505795046752,-0.1202146927586803
-0.0004928700000000001,4.879808102548699,-0.1424937496247078
-0.00049224,4.872412717552591,-0.1387805734803699
-0.0004916100000000001,4.853924255062323,-0.1573464542020595
-0.00049098,4.842831177568163,-0.1573464542020595
-0.0004903500000000001,4.828040407575949,-0.1610596303463974
-0.00048972,4.824342715077895,-0.1573464542020595
-0.0004890900000000001,4.820645022579841,-0.179625511068087
-0.00048846,4.816947330081788,-0.1907650395011008
-0.00048783,4.813249637583734,-0.1944782156454387
-0.0004872,4.805854252587627,-0.2130440963671283
-0.00048657,4.79845886759152,-0.2204704486558041
-0.00048594,4.779970405101252,-0.2167572725114662
-0.00048531,4.776272712603198,-0.2427495055218317
-0.00048468,4.75778425011293,-0.2353231532331558
-0.00048405,4.754086557614877,-0.2464626816661696
-0.00048342,4.742993480120716,-0.2501758578105076
-0.00048279,4.746691172618769,-0.2464626816661696
-0.00048216,4.731900402626556,-0.2576022100991834
-0.00048153,4.717109632634341,-0.272454914676535
-0.0004809,4.709714247638233,-0.2687417385321971
-0.00048027,4.698621170144073,-0.2873076192538867
-0.00047964,4.698621170144073,-0.2910207953982247
-0.00047901,4.69492347764602,-0.3021603238312384
-0.00047838,4.680132707653805,-0.3095866761199143
-0.00047775,4.665341937661591,-0.320726204552928
-0.00047712,4.657946552665484,-0.3281525568416038
-0.00047649,4.650551167669376,-0.3318657329859418
-0.00047586,4.643155782673269,-0.3430052614189556
-0.00047523,4.628365012681055,-0.3615711421406451
-0.0004746,4.635760397677162,-0.3652843182849831
-0.00047397,4.620969627684948,-0.3652843182849831
-0.00047334,4.606178857692734,-0.3652843182849831
-0.00047271,4.609876550190787,-0.3838501990066727
-0.00047208,4.591388087700519,-0.3949897274396865
-0.00047145,4.587690395202466,-0.3949897274396865
-0.00047082,4.583992702704412,-0.3949897274396865
-0.0004701900000000001,4.576597317708305,-0.417268784305714
-0.0004695600000000001,4.558108855218037,-0.4209819604500519
-0.00046893,4.56180654771609,-0.4321214888830657
-0.0004683,4.55071347022193,-0.4284083127387278
-0.00046767,4.532225007731662,-0.4432610173160795
-0.00046704,4.532225007731662,-0.4506873696047553
-0.00046641,4.521131930237501,-0.4618268980377691
-0.00046578,4.510038852743341,-0.4618268980377691
-0.00046515,4.506341160245286,-0.4544005457490932
-0.00046452,4.491550390253073,-0.4803927787594586
-0.00046389,4.498945775249179,-0.4915323071924724
-0.00046326,4.480457312758912,-0.4952454833368104
-0.00046263,4.480457312758912,-0.5138113640584999
-0.000462,4.465666542766697,-0.5063850117698241
-0.00046137,4.45827115777059,-0.5212377163471758
-0.00046074,4.439782695280322,-0.5212377163471758
-0.00046011,4.439782695280322,-0.5398035970688654
-0.00045948,4.432387310284215,-0.5509431255018792
-0.00045885,4.417596540292001,-0.5472299493575412
-0.00045822,4.413898847793947,-0.558369477790555
-0.00045759,4.395410385303679,-0.5732221823679067
-0.00045696,4.391712692805625,-0.558369477790555
-0.00045633,4.395410385303679,-0.5843617108009205
-0.0004557,4.391712692805625,-0.6029275915226101
-0.00045507,4.365828845319251,-0.5955012392339342
-0.00045444,4.369526537817304,-0.5955012392339342
-0.00045381,4.369526537817304,-0.6103539438112859
-0.00045318,4.358433460323143,-0.6140671199556238
-0.00045255,4.339944997832875,-0.6214934722442996
-0.00045192,4.3140611503465,-0.6363461768216514
-0.00045129,4.306665765350393,-0.6437725291103272
-0.00045066,4.317758842844554,-0.6549120575433409
-0.00045003,4.284479610362071,-0.6586252336876789
-0.0004494,4.288177302860126,-0.6623384098320168
-0.00044877,4.302968072852339,-0.6771911144093685
-0.00044814,4.288177302860126,-0.6883306428423822
-0.00044751,4.277084225365964,-0.6920438189867202
-0.00044688,4.273386532867911,-0.699470171275396
-0.00044625,4.269688840369858,-0.699470171275396
-0.00044562,4.25120037787959,-0.699470171275396
-0.00044499,4.240107300385429,-0.7180360519970856
-0.00044436,4.236409607887375,-0.7254624042857615
-0.00044373,4.229014222891267,-0.7366019327187753
-0.0004431,4.225316530393214,-0.7328887565744373
-0.00044247,4.210525760401,-0.7514546372961269
-0.00044184,4.203130375404893,-0.7551678134404648
-0.00044121,4.203130375404893,-0.7588809895848028
-0.00044058,4.206828067902946,-0.7663073418734786
-0.00043995,4.173548835420464,-0.7848732225951682
-0.00043932,4.162455757926304,-0.7848732225951682
-0.00043869,4.162455757926304,-0.8034391033168579
-0.00043806,4.155060372930196,-0.8145786317498716
-0.00043743,4.155060372930196,-0.8034391033168579
-0.0004368,4.143967295436036,-0.8108654556055337
-0.00043617,4.129176525443821,-0.8294313363272232
-0.00043554,4.129176525443821,-0.8182918078942095
-0.00043491,4.11808344794966,-0.8294313363272232
-0.00043428,4.121781140447714,-0.8479972170489128
-0.00043365,4.099594985459392,-0.8479972170489128
-0.00043302,4.088501907965232,-0.8517103931932508
-0.00043239,4.084804215467178,-0.8591367454819266
-0.00043176,4.081106522969124,-0.8665630977706025
-0.00043113,4.077408830471071,-0.8814158023479541
-0.0004305,4.051524982984696,-0.8851289784922921
-0.00042987,4.055222675482749,-0.8962685069253059
-0.00042924,4.047827290486643,-0.8999816830696438
-0.00042861,4.040431905490535,-0.8999816830696438
-0.00042798,4.021943443000267,-0.9185475637913333
-0.00042735,4.018245750502214,-0.9334002683686849
-0.00042672,4.007152673008052,-0.9222607399356714
-0.00042609,4.018245750502214,-0.9408266206573609
-0.00042546,4.003454980509999,-0.9408266206573609
-0.00042483,3.992361903015839,-0.9519661490903747
-0.0004242,3.977571133023624,-0.9519661490903747
-0.00042357,3.970175748027517,-0.9668188536677264
-0.00042294,3.977571133023624,-0.981671558245078
-0.00042231,3.959082670533356,-0.9742452059564023
-0.00042168,3.96278036303141,-0.981671558245078
-0.00042105,3.951687285537249,-0.981671558245078
-0.00042042,3.929501130548927,-1.007663791255443
-0.00041979,3.929501130548927,-1.007663791255443
-0.00041916,3.922105745552821,-1.007663791255443
-0.00041853,3.914710360556713,-1.007663791255443
-0.0004179,3.907314975560606,-1.015090143544119
-0.00041727,3.899919590564499,-1.041082376554485
-0.00041664,3.888826513070338,-1.04850872884316
-0.00041601,3.877733435576177,-1.052221904987498
-0.00041538,3.87033805058007,-1.055935081131836
-0.00041475,3.874035743078124,-1.059648257276174
-0.00041412,3.874035743078124,-1.078214137997864
-0.00041349,3.862942665583963,-1.078214137997864
-0.00041286,3.848151895591749,-1.070787785709188
-0.00041223,3.851849588089802,-1.089353666430878
-0.0004116,3.840756510595642,-1.100493194863891
-0.00041097,3.822268048105374,-1.093066842575215
-0.00041034,3.822268048105374,-1.104206371008229
-0.00040971,3.814872663109266,-1.107919547152567
-0.00040908,3.800081893117052,-1.111632723296905
-0.00040845,3.796384200618999,-1.122772251729919
-0.00040782,3.788988815622892,-1.133911780162933
-0.00040719,3.777895738128731,-1.137624956307271
-0.00040656,3.770500353132624,-1.145051308595946
-0.00040593,3.763104968136516,-1.15619083702896
-0.0004053,3.76680266063457,-1.167330365461974
-0.00040467,3.76680266063457,-1.167330365461974
-0.00040404,3.744616505646248,-1.185896246183664
-0.00040341,3.740918813148195,-1.178469893894988
-0.00040278,3.737221120650141,-1.185896246183664
-0.00040215,3.72612804315598,-1.189609422328002
-0.00040152,3.722430350657927,-1.189609422328002
-0.00040089,3.722430350657927,-1.204462126905353
-0.00040026,3.711337273163766,-1.208175303049691
-0.00039963,3.696546503171552,-1.204462126905353
-0.000399,3.703941888167659,-1.215601655338367
-0.00039837,3.689151118175444,-1.219314831482705
-0.00039774,3.685453425677391,-1.226741183771381
-0.00039711,3.670662655685176,-1.230454359915719
-0.00039648,3.685453425677391,-1.241593888348733
-0.00039585,3.670662655685176,-1.24530706449307
-0.00039522,3.652174193194909,-1.24530706449307
-0.00039459,3.648476500696855,-1.260159769070422
-0.00039396,3.641081115700748,-1.267586121359098
-0.00039333,3.629988038206587,-1.278725649792112
-0.0003927,3.637383423202694,-1.278725649792112
-0.00039207,3.633685730704641,-1.28243882593645
-0.00039144,3.615197268214373,-1.289865178225125
-0.00039081,3.611499575716319,-1.293578354369463
-0.00039018,3.611499575716319,-1.304717882802477
-0.00038955,3.607801883218266,-1.293578354369463
-0.00038892,3.596708805724105,-1.308431058946815
-0.00038829,3.574522650735783,-1.315857411235491
-0.00038766,3.574522650735783,-1.323283763524167
-0.00038703,3.567127265739677,-1.330710115812842
-0.0003864,3.563429573241623,-1.349275996534532
-0.00038577,3.548638803249409,-1.349275996534532
-0.00038514,3.544941110751355,-1.345562820390194
-0.00038451,3.556034188245516,-1.356702348823208
-0.00038388,3.548638803249409,-1.364128701111884
-0.00038325,3.541243418253301,-1.37155505340056
-0.00038262,3.533848033257194,-1.378981405689236
-0.00038199,3.522754955763033,-1.378981405689236
-0.00038136,3.511661878268873,-1.390120934122249
-0.00038073,3.507964185770819,-1.393834110266587
-0.0003801,3.493173415778605,-1.397547286410925
-0.00037947,3.485778030782497,-1.401260462555263
-0.00037884,3.47838264578639,-1.401260462555263
-0.00037821,3.482080338284444,-1.412399990988277
-0.00037758,3.470987260790283,-1.419826343276953
-0.00037695,3.459894183296123,-1.427252695565628
-0.00037632,3.459894183296123,-1.430965871709966
-0.00037569,3.459894183296123,-1.430965871709966
-0.00037506,3.452498798300015,-1.427252695565628
-0.00037443,3.437708028307801,-1.44210540014298
-0.0003738,3.448801105801961,-1.44210540014298
-0.00037317,3.441405720805855,-1.453244928575994
-0.00037254,3.415521873319479,-1.468097633153346
-0.00037191,3.419219565817533,-1.475523985442021
-0.00037128,3.415521873319479,-1.479237161586359
-0.00037065,3.415521873319479,-1.475523985442021
-0.00037002,3.411824180821426,-1.471810809297684
-0.00036939,3.397033410829212,-1.490376690019373
-0.00036876,3.382242640836997,-1.494089866163711
-0.00036813,3.382242640836997,-1.497803042308049
-0.0003675,3.37484725584089,-1.494089866163711
-0.00036687,3.378544948338944,-1.505229394596725
-0.00036624,3.367451870844783,-1.505229394596725
-0.00036561,3.37484725584089,-1.505229394596725
-0.00036498,3.36375417834673,-1.527508451462752
-0.00036435,3.348963408354515,-1.527508451462752
-0.00036372,3.345265715856462,-1.53122162760709
-0.00036309,3.341568023358408,-1.534934803751428
-0.00036246,3.326777253366194,-1.54978750832878
-0.00036183,3.319381868370086,-1.564640212906132
-0.0003612,3.319381868370086,-1.56835338905047
-0.00036057,3.304591098377872,-1.560927036761794
-0.00035994,3.315684175872033,-1.564640212906132
-0.00035931,3.311986483373979,-1.572066565194807
-0.00035868,3.308288790875926,-1.579492917483483
-0.00035805,3.289800328385658,-1.564640212906132
-0.00035742,3.278707250891497,-1.594345622060835
-0.00035679,3.286102635887604,-1.590632445916497
-0.00035616,3.275009558393443,-1.579492917483483
-0.00035553,3.263916480899282,-1.594345622060835
-0.0003549,3.28240494338955,-1.583206093627821
-0.00035427,3.260218788401229,-1.594345622060835
-0.00035364,3.252823403405122,-1.605485150493849
-0.00035301,3.241730325910961,-1.6203378550712
-0.00035238,3.245428018409014,-1.6203378550712
-0.00035175,3.2306372484168,-1.6203378550712
-0.00035112,3.241730325910961,-1.624051031215538
-0.00035049,3.226939555918746,-1.627764207359876
-0.00034986,3.21954417092264,-1.63890373579289
-0.00034923,3.215846478424586,-1.63890373579289
-0.0003486,3.215846478424586,-1.653756440370242
-0.00034797,3.201055708432372,-1.646330088081566
-0.00034734,3.197358015934318,-1.653756440370242
-0.00034671,3.201055708432372,-1.642616911937228
-0.00034608,3.189962630938211,-1.653756440370242
-0.00034545,3.189962630938211,-1.650043264225904
-0.00034482,3.175171860945996,-1.672322321091931
-0.00034419,3.167776475949889,-1.664895968803255
-0.00034356,3.17886955344405,-1.664895968803255
-0.00034293,3.17886955344405,-1.672322321091931
-0.0003423,3.171474168447943,-1.676035497236269
-0.00034167,3.156683398455729,-1.687175025669283
-0.00034104,3.149288013459621,-1.683461849524945
-0.00034041,3.156683398455729,-1.690888201813621
-0.00033978,3.152985705957675,-1.694601377957959
-0.00033915,3.138194935965461,-1.698314554102297
-0.00033852,3.138194935965461,-1.702027730246635
-0.00033789,3.1271018584713,-1.698314554102297
-0.00033726,3.123404165973247,-1.698314554102297
-0.00033663,3.116008780977139,-1.713167258679648
-0.000336,3.112311088479085,-1.720593610968324
-0.00033537,3.104915703482979,-1.716880434823986
-0.00033474,3.112311088479085,-1.724306787112662
-0.00033411,3.101218010984925,-1.720593610968324
-0.00033348,3.104915703482979,-1.713167258679648
-0.00033285,3.090124933490764,-1.713167258679648
-0.00033222,3.093822625988818,-1.731733139401338
-0.00033159,3.090124933490764,-1.739159491690014
-0.00033096,3.07533416349855,-1.742872667834352
-0.00033033,3.07533416349855,-1.735446315545676
-0.0003297,3.082729548494657,-1.739159491690014
-0.00032907,3.071636471000496,-1.74658584397869
-0.00032844,3.053148008510228,-1.74658584397869
-0.00032781,3.053148008510228,-1.742872667834352
-0.00032718,3.053148008510228,-1.750299020123028
-0.00032655,3.053148008510228,-1.757725372411703
-0.00032592,3.045752623514121,-1.757725372411703
-0.00032529,3.053148008510228,-1.754012196267366
-0.00032466,3.042054931016067,-1.761438548556041
-0.00032403,3.042054931016067,-1.765151724700379
-0.0003234,3.038357238518014,-1.772578076989055
-0.00032277,3.03465954601996,-1.765151724700379
-0.00032214,3.019868776027746,-1.772578076989055
-0.00032151,3.012473391031639,-1.768864900844717
-0.00032088,3.030961853521907,-1.757725372411703
-0.00032025,3.019868776027746,-1.776291253133393
-0.00031962,3.016171083529692,-1.776291253133393
-0.00031899,2.993984928541371,-1.757725372411703
-0.00031836,3.001380313537478,-1.768864900844717
-0.00031773,3.005078006035531,-1.780004429277731
-0.0003171,3.001380313537478,-1.791143957710745
-0.00031647,2.990287236043317,-1.783717605422069
-0.00031584,2.990287236043317,-1.776291253133393
-0.00031521,2.979194158549157,-1.780004429277731
-0.00031458,2.986589543545264,-1.772578076989055
-0.00031395,2.979194158549157,-1.783717605422069
-0.00031332,2.990287236043317,-1.783717605422069
-0.00031269,2.975496466051103,-1.783717605422069
-0.00031206,2.960705696058889,-1.794857133855083
-0.00031143,2.968101081054996,-1.787430781566407
-0.0003108,2.971798773553049,-1.783717605422069
-0.00031017,2.968101081054996,-1.776291253133393
-0.00030954,2.957008003560835,-1.783717605422069
-0.00030891,2.957008003560835,-1.783717605422069
-0.00030828,2.945914926066674,-1.780004429277731
-0.00030765,2.945914926066674,-1.794857133855083
-0.00030702,2.953310311062781,-1.776291253133393
-0.00030639,2.942217233568621,-1.794857133855083
-0.00030576,2.934821848572513,-1.780004429277731
-0.00030513,2.934821848572513,-1.794857133855083
-0.0003045,2.923728771078353,-1.791143957710745
-0.00030387,2.93112415607446,-1.794857133855083
-0.00030324,2.93112415607446,-1.791143957710745
-0.00030261,2.920031078580299,-1.776291253133393
-0.00030198,2.912635693584192,-1.783717605422069
-0.00030135,2.908938001086138,-1.798570309999421
-0.00030072,2.923728771078353,-1.794857133855083
-0.00030009,2.908938001086138,-1.791143957710745
-0.00029946,2.912635693584192,-1.787430781566407
-0.00029883,2.894147231093924,-1.780004429277731
-0.0002982,2.89044953859587,-1.783717605422069
-0.00029757,2.908938001086138,-1.780004429277731
-0.00029694,2.905240308588085,-1.794857133855083
-0.00029631,2.894147231093924,-1.798570309999421
-0.00029568,2.886751846097817,-1.780004429277731
-0.00029505,2.897844923591978,-1.780004429277731
-0.00029442,2.886751846097817,-1.783717605422069
-0.00029379,2.886751846097817,-1.791143957710745
-0.00029316,2.89044953859587,-1.794857133855083
-0.00029253,2.875658768603656,-1.783717605422069
-0.0002919,2.875658768603656,-1.787430781566407
-0.00029127,2.864565691109496,-1.791143957710745
-0.00029064,2.860867998611442,-1.791143957710745
-0.00029001,2.87935646110171,-1.783717605422069
-0.00028938,2.864565691109496,-1.783717605422069
-0.00028875,2.860867998611442,-1.791143957710745
-0.00028812,2.868263383607549,-1.794857133855083
-0.00028749,2.860867998611442,-1.783717605422069
-0.00028686,2.857170306113388,-1.783717605422069
-0.00028623,2.860867998611442,-1.787430781566407
-0.0002856,2.853472613615335,-1.780004429277731
-0.00028497,2.853472613615335,-1.794857133855083
-0.00028434,2.842379536121174,-1.783717605422069
-0.00028371,2.846077228619228,-1.787430781566407
-0.00028308,2.842379536121174,-1.787430781566407
-0.00028245,2.834984151125067,-1.794857133855083
-0.00028182,2.834984151125067,-1.783717605422069
-0.00028119,2.831286458627013,-1.794857133855083
-0.00028056,2.82758876612896,-1.783717605422069
-0.00027993,2.834984151125067,-1.783717605422069
-0.0002793,2.83868184362312,-1.787430781566407
-0.00027867,2.842379536121174,-1.787430781566407
-0.00027804,2.83868184362312,-1.783717605422069
-0.00027741,2.831286458627013,-1.791143957710745
-0.00027678,2.812797996136745,-1.780004429277731
-0.00027615,2.82758876612896,-1.780004429277731
-0.00027552,2.834984151125067,-1.783717605422069
-0.00027489,2.83868184362312,-1.780004429277731
-0.00027426,2.816495688634799,-1.780004429277731
-0.00027363,2.820193381132853,-1.791143957710745
-0.000273,2.816495688634799,-1.791143957710745
-0.00027237,2.812797996136745,-1.783717605422069
-0.00027174,2.820193381132853,-1.787430781566407
-0.00027111,2.812797996136745,-1.783717605422069
-0.00027048,2.820193381132853,-1.787430781566407
-0.00026985,2.816495688634799,-1.787430781566407
-0.00026922,2.812797996136745,-1.780004429277731
-0.00026859,2.809100303638692,-1.780004429277731
-0.00026796,2.816495688634799,-1.787430781566407
-0.00026733,2.809100303638692,-1.768864900844717
-0.0002667,2.801704918642585,-1.780004429277731
-0.00026607,2.798007226144531,-1.780004429277731
-0.00026544,2.805402611140638,-1.787430781566407
-0.00026481,2.816495688634799,-1.783717605422069
-0.00026418,2.801704918642585,-1.783717605422069
-0.00026355,2.798007226144531,-1.768864900844717
-0.00026292,2.794309533646477,-1.791143957710745
-0.00026229,2.809100303638692,-1.783717605422069
-0.00026166,2.801704918642585,-1.783717605422069
-0.00026103,2.809100303638692,-1.787430781566407
-0.0002604,2.805402611140638,-1.768864900844717
-0.00025977,2.805402611140638,-1.802283486143758
-0.00025914,2.798007226144531,-1.791143957710745
-0.00025851,2.805402611140638,-1.783717605422069
-0.00025788,2.798007226144531,-1.783717605422069
-0.00025725,2.783216456152317,-1.787430781566407
-0.00025662,2.794309533646477,-1.780004429277731
-0.00025599,2.809100303638692,-1.787430781566407
-0.00025536,2.798007226144531,-1.787430781566407
-0.00025473,2.798007226144531,-1.791143957710745
-0.0002541,2.790611841148424,-1.787430781566407
-0.00025347,2.801704918642585,-1.783717605422069
-0.00025284,2.798007226144531,-1.783717605422069
-0.00025221,2.798007226144531,-1.783717605422069
-0.00025158,2.790611841148424,-1.780004429277731
-0.00025095,2.794309533646477,-1.791143957710745
-0.00025032,2.794309533646477,-1.787430781566407
-0.00024969,2.790611841148424,-1.787430781566407
-0.00024906,2.798007226144531,-1.776291253133393
-0.00024843,2.783216456152317,-1.776291253133393
-0.0002478,2.794309533646477,-1.772578076989055
-0.00024717,2.794309533646477,-1.772578076989055
-0.00024654,2.794309533646477,-1.761438548556041
-0.00024591,2.794309533646477,-1.783717605422069
-0.00024528,2.794309533646477,-1.783717605422069
-0.00024465,2.794309533646477,-1.791143957710745
-0.00024402,2.790611841148424,-1.791143957710745
-0.00024339,2.805402611140638,-1.780004429277731
-0.00024276,2.805402611140638,-1.787430781566407
-0.00024213,2.78691414865037,-1.791143957710745
-0.0002415,2.790611841148424,-1.783717605422069
-0.00024087,2.798007226144531,-1.787430781566407
-0.00024024,2.801704918642585,-1.780004429277731
-0.00023961,2.794309533646477,-1.780004429277731
-0.00023898,2.790611841148424,-1.768864900844717
-0.00023835,2.798007226144531,-1.780004429277731
-0.00023772,2.809100303638692,-1.776291253133393
-0.00023709,2.805402611140638,-1.783717605422069
-0.00023646,2.798007226144531,-1.776291253133393
-0.00023583,2.812797996136745,-1.780004429277731
-0.0002352,2.798007226144531,-1.772578076989055
-0.00023457,2.801704918642585,-1.780004429277731
-0.00023394,2.805402611140638,-1.783717605422069
-0.00023331,2.801704918642585,-1.768864900844717
-0.00023268,2.805402611140638,-1.787430781566407
-0.00023205,2.809100303638692,-1.783717605422069
-0.00023142,2.805402611140638,-1.783717605422069
-0.00023079,2.809100303638692,-1.791143957710745
-0.00023016,2.816495688634799,-1.776291253133393
-0.00022953,2.809100303638692,-1.787430781566407
-0.0002289,2.812797996136745,-1.791143957710745
-0.00022827,2.812797996136745,-1.787430781566407
-0.00022764,2.820193381132853,-1.776291253133393
-0.00022701,2.812797996136745,-1.765151724700379
-0.00022638,2.823891073630906,-1.761438548556041
-0.00022575,2.809100303638692,-1.787430781566407
-0.00022512,2.820193381132853,-1.783717605422069
-0.00022449,2.812797996136745,-1.776291253133393
-0.00022386,2.820193381132853,-1.791143957710745
-0.00022323,2.82758876612896,-1.776291253133393
-0.0002226,2.82758876612896,-1.783717605422069
-0.00022197,2.82758876612896,-1.772578076989055
-0.00022134,2.820193381132853,-1.772578076989055
-0.00022071,2.82758876612896,-1.776291253133393
-0.00022008,2.831286458627013,-1.783717605422069
-0.00021945,2.82758876612896,-1.780004429277731
-0.00021882,2.842379536121174,-1.791143957710745
-0.00021819,2.834984151125067,-1.794857133855083
-0.00021756,2.83868184362312,-1.783717605422069
-0.00021693,2.842379536121174,-1.772578076989055
-0.0002163,2.834984151125067,-1.776291253133393
-0.00021567,2.834984151125067,-1.780004429277731
-0.00021504,2.849774921117281,-1.768864900844717
-0.00021441,2.849774921117281,-1.772578076989055
-0.00021378,2.83868184362312,-1.772578076989055
-0.00021315,2.834984151125067,-1.783717605422069
-0.00021252,2.83868184362312,-1.765151724700379
-0.00021189,2.849774921117281,-1.772578076989055
-0.00021126,2.853472613615335,-1.776291253133393
-0.00021063,2.842379536121174,-1.776291253133393
-0.00021,2.853472613615335,-1.772578076989055
-0.00020937,2.868263383607549,-1.783717605422069
-0.00020874,2.871961076105602,-1.787430781566407
-0.00020811,2.871961076105602,-1.787430781566407
-0.00020748,2.860867998611442,-1.776291253133393
-0.00020685,2.868263383607549,-1.768864900844717
-0.00020622,2.875658768603656,-1.768864900844717
-0.00020559,2.868263383607549,-1.765151724700379
-0.00020496,2.871961076105602,-1.783717605422069
-0.00020433,2.87935646110171,-1.791143957710745
-0.0002037,2.883054153599764,-1.783717605422069
-0.00020307,2.864565691109496,-1.780004429277731
-0.00020244,2.886751846097817,-1.783717605422069
-0.00020181,2.897844923591978,-1.780004429277731
-0.00020118,2.89044953859587,-1.776291253133393
-0.00020055,2.897844923591978,-1.776291253133393
-0.00019992,2.894147231093924,-1.765151724700379
-0.00019929,2.901542616090032,-1.780004429277731
-0.00019866,2.905240308588085,-1.768864900844717
-0.00019803,2.908938001086138,-1.768864900844717
-0.0001974,2.908938001086138,-1.776291253133393
-0.00019677,2.908938001086138,-1.780004429277731
-0.00019614,2.923728771078353,-1.776291253133393
-0.00019551,2.923728771078353,-1.772578076989055
-0.00019488,2.912635693584192,-1.765151724700379
-0.00019425,2.916333386082246,-1.776291253133393
-0.00019362,2.916333386082246,-1.765151724700379
-0.00019299,2.920031078580299,-1.783717605422069
-0.00019236,2.923728771078353,-1.783717605422069
-0.00019173,2.93112415607446,-1.783717605422069
-0.0001911,2.93112415607446,-1.780004429277731
-0.00019047,2.938519541070567,-1.776291253133393
-0.00018984,2.934821848572513,-1.780004429277731
-0.00018921,2.953310311062781,-1.772578076989055
-0.00018858,2.945914926066674,-1.768864900844717
-0.00018795,2.949612618564728,-1.780004429277731
-0.00018732,2.953310311062781,-1.772578076989055
-0.00018669,2.953310311062781,-1.768864900844717
-0.00018606,2.953310311062781,-1.768864900844717
-0.00018543,2.968101081054996,-1.754012196267366
-0.0001848,2.971798773553049,-1.776291253133393
-0.00018417,2.964403388556942,-1.765151724700379
-0.00018354,2.971798773553049,-1.754012196267366
-0.00018291,2.975496466051103,-1.772578076989055
-0.00018228,2.986589543545264,-1.757725372411703
-0.00018165,2.98289185104721,-1.761438548556041
-0.00018102,2.986589543545264,-1.761438548556041
-0.00018039,2.997682621039425,-1.765151724700379
-0.00017976,3.001380313537478,-1.761438548556041
-0.00017913,3.001380313537478,-1.768864900844717
-0.0001785,3.005078006035531,-1.765151724700379
-0.00017787,3.005078006035531,-1.750299020123028
-0.00017724,3.019868776027746,-1.754012196267366
-0.00017661,3.012473391031639,-1.757725372411703
-0.00017598,3.016171083529692,-1.754012196267366
-0.00017535,3.030961853521907,-1.742872667834352
-0.00017472,3.03465954601996,-1.750299020123028
-0.00017409,3.019868776027746,-1.74658584397869
-0.00017346,3.030961853521907,-1.74658584397869
-0.00017283,3.027264161023853,-1.742872667834352
-0.0001722,3.038357238518014,-1.739159491690014
-0.00017157,3.049450316012175,-1.731733139401338
-0.00017094,3.049450316012175,-1.728019963257
-0.00017031,3.053148008510228,-1.735446315545676
-0.00016968,3.060543393506335,-1.716880434823986
-0.00016905,3.056845701008282,-1.716880434823986
-0.00016842,3.060543393506335,-1.724306787112662
-0.00016779,3.071636471000496,-1.716880434823986
-0.00016716,3.067938778502443,-1.70945408253531
-0.00016653,3.082729548494657,-1.713167258679648
-0.0001659,3.079031855996603,-1.70945408253531
-0.00016527,3.086427240992711,-1.702027730246635
-0.00016464,3.093822625988818,-1.724306787112662
-0.00016401,3.093822625988818,-1.694601377957959
-0.00016338,3.097520318486871,-1.702027730246635
-0.00016275,3.097520318486871,-1.698314554102297
-0.00016212,3.104915703482979,-1.702027730246635
-0.00016149,3.112311088479085,-1.690888201813621
-0.00016086,3.112311088479085,-1.694601377957959
-0.00016023,3.123404165973247,-1.676035497236269
-0.0001596,3.134497243467407,-1.676035497236269
-0.00015897,3.134497243467407,-1.672322321091931
-0.00015834,3.138194935965461,-1.668609144947593
-0.00015771,3.141892628463514,-1.672322321091931
-0.00015708,3.141892628463514,-1.668609144947593
-0.00015645,3.152985705957675,-1.661182792658918
-0.00015582,3.152985705957675,-1.65746961651458
-0.00015519,3.145590320961568,-1.653756440370242
-0.00015456,3.156683398455729,-1.653756440370242
-0.00015393,3.160381090953782,-1.642616911937228
-0.0001533,3.182567245942104,-1.642616911937228
-0.00015267,3.175171860945996,-1.642616911937228
-0.00015204,3.171474168447943,-1.631477383504214
-0.00015141,3.186264938440157,-1.631477383504214
-0.00015078,3.201055708432372,-1.63890373579289
-0.00015015,3.193660323436264,-1.635190559648552
-0.00014952,3.204753400930425,-1.609198326638187
-0.00014889,3.212148785926532,-1.605485150493849
-0.00014826,3.204753400930425,-1.609198326638187
-0.00014763,3.208451093428478,-1.601771974349511
-0.000147,3.223241863420693,-1.598058798205173
-0.00014637,3.2306372484168,-1.605485150493849
-0.00014574,3.234334940914854,-1.594345622060835
-0.00014511,3.2306372484168,-1.594345622060835
-0.00014448,3.226939555918746,-1.590632445916497
-0.00014385,3.241730325910961,-1.598058798205173
-0.00014322,3.256521095903175,-1.575779741339145
-0.00014259,3.256521095903175,-1.564640212906132
-0.00014196,3.260218788401229,-1.575779741339145
-0.00014133,3.267614173397336,-1.557213860617456
-0.0001407,3.27131186589539,-1.560927036761794
-0.00014007,3.278707250891497,-1.546074332184442
-0.00013944,3.289800328385658,-1.546074332184442
-0.00013881,3.289800328385658,-1.538647979895766
-0.00013818,3.293498020883711,-1.53122162760709
-0.00013755,3.286102635887604,-1.523795275318415
-0.00013692,3.297195713381765,-1.534934803751428
-0.00013629,3.311986483373979,-1.520082099174076
-0.00013566,3.326777253366194,-1.512655746885401
-0.00013503,3.319381868370086,-1.516368923029739
-0.0001344,3.315684175872033,-1.508942570741063
-0.00013377,3.345265715856462,-1.505229394596725
-0.00013314,3.326777253366194,-1.501516218452387
-0.00013251,3.330474945864247,-1.494089866163711
-0.00013188,3.348963408354515,-1.486663513875035
-0.00013125,3.360056485848676,-1.494089866163711
-0.00013062,3.367451870844783,-1.479237161586359
-0.00012999,3.36375417834673,-1.46067128086467
-0.00012936,3.37484725584089,-1.475523985442021
-0.00012873,3.378544948338944,-1.464384457009008
-0.0001281,3.385940333335051,-1.46067128086467
-0.00012747,3.393335718331158,-1.445818576287318
-0.00012684,3.393335718331158,-1.438392223998642
-0.00012621,3.393335718331158,-1.445818576287318
-0.00012558,3.404428795825319,-1.453244928575994
-0.00012495,3.415521873319479,-1.430965871709966
-0.00012432,3.42661495081364,-1.427252695565628
-0.00012369,3.419219565817533,-1.416113167132615
-0.00012306,3.434010335809747,-1.423539519421291
-0.00012243,3.434010335809747,-1.401260462555263
-0.0001218,3.445103413303908,-1.393834110266587
-0.00012117,3.456196490798069,-1.408686814843939
-0.00012054,3.456196490798069,-1.390120934122249
-0.00011991,3.463591875794176,-1.386407757977911
-0.00011928,3.459894183296123,-1.382694581833573
-0.00011865,3.467289568292229,-1.360415524967546
-0.00011802,3.482080338284444,-1.356702348823208
-0.00011739,3.482080338284444,-1.356702348823208
-0.00011676,3.489475723280551,-1.35298917267887
-0.00011613,3.504266493272765,-1.345562820390194
-0.0001155,3.504266493272765,-1.345562820390194
-0.00011487,3.51905726326498,-1.349275996534532
-0.00011424,3.511661878268873,-1.33442329195718
-0.00011361,3.522754955763033,-1.330710115812842
-0.00011298,3.522754955763033,-1.330710115812842
-0.00011235,3.541243418253301,-1.315857411235491
-0.00011172,3.541243418253301,-1.308431058946815
-0.00011109,3.544941110751355,-1.315857411235491
-0.00011046,3.552336495747462,-1.304717882802477
-0.00010983,3.57082495823773,-1.286152002080788
-0.0001092,3.574522650735783,-1.278725649792112
-0.00010857,3.57082495823773,-1.275012473647774
-0.00010794,3.57082495823773,-1.271299297503436
-0.00010731,3.589313420727998,-1.260159769070422
-0.00010668,3.596708805724105,-1.275012473647774
-0.00010605,3.596708805724105,-1.252733416781746
-0.00010542,3.600406498222159,-1.249020240637408
-0.00010479,3.615197268214373,-1.249020240637408
-0.00010416,3.62259265321048,-1.234167536060057
-0.00010353,3.633685730704641,-1.234167536060057
-0.0001029,3.637383423202694,-1.234167536060057
-0.00010227,3.644778808198802,-1.223028007627043
-0.00010164,3.648476500696855,-1.223028007627043
-0.00010101,3.666964963187123,-1.211888479194029
-0.00010038,3.66326727068907,-1.193322598472339
-9.975000000000003e-05,3.670662655685176,-1.197035774616677
-9.912000000000001e-05,3.670662655685176,-1.185896246183664
-9.849000000000001e-05,3.685453425677391,-1.178469893894988
-9.786000000000002e-05,3.681755733179338,-1.163617189317636
-9.723000000000002e-05,3.703941888167659,-1.171043541606312
-9.660000000000002e-05,3.696546503171552,-1.171043541606312
-9.597000000000002e-05,3.707639580665712,-1.163617189317636
-9.534000000000002e-05,3.718732658159873,-1.15619083702896
-9.471000000000002e-05,3.729825735654034,-1.137624956307271
-9.408000000000002e-05,3.733523428152088,-1.133911780162933
-9.345000000000002e-05,3.744616505646248,-1.133911780162933
-9.282000000000002e-05,3.740918813148195,-1.126485427874257
-9.219000000000002e-05,3.744616505646248,-1.119059075585581
-9.156000000000002e-05,3.755709583140409,-1.100493194863891
-9.093000000000003e-05,3.763104968136516,-1.096780018719554
-9.030000000000001e-05,3.763104968136516,-1.093066842575215
-8.967000000000001e-05,3.774198045630677,-1.089353666430878
-8.904000000000001e-05,3.781593430626784,-1.074500961853526
-8.841000000000002e-05,3.800081893117052,-1.070787785709188
-8.778000000000002e-05,3.803779585615106,-1.074500961853526
-8.715000000000002e-05,3.803779585615106,-1.052221904987498
-8.652000000000002e-05,3.811174970611213,-1.055935081131836
-8.589000000000002e-05,3.81857035560732,-1.052221904987498
-8.526000000000002e-05,3.829663433101481,-1.037369200410147
-8.463000000000002e-05,3.829663433101481,-1.037369200410147
-8.400000000000002e-05,3.851849588089802,-1.026229671977133
-8.337000000000002e-05,3.844454203093695,-1.011376967399781
-8.274000000000002e-05,3.85924497308591,-1.015090143544119
-8.211000000000001e-05,3.87033805058007,-1.011376967399781
-8.148000000000001e-05,3.866640358082017,-1.003950615111106
-8.085000000000001e-05,3.877733435576177,-1.007663791255443
-8.022000000000001e-05,3.888826513070338,-0.9853847343894159
-7.959000000000002e-05,3.903617283062553,-0.9779583821007402
-7.896000000000002e-05,3.918408053054767,-0.9779583821007402
-7.833000000000002e-05,3.914710360556713,-0.9779583821007402
-7.770000000000002e-05,3.914710360556713,-0.9631056775233885
-7.707000000000002e-05,3.922105745552821,-0.9556793252347126
-7.644000000000002e-05,3.925803438050874,-0.9482529729460368
-7.581000000000002e-05,3.944291900541142,-0.9408266206573609
-7.518000000000002e-05,3.944291900541142,-0.9296870922243471
-7.455000000000002e-05,3.96278036303141,-0.9259739160800092
-7.392000000000002e-05,3.96278036303141,-0.9148343876469954
-7.329000000000001e-05,3.970175748027517,-0.9074080353583197
-7.266000000000001e-05,3.977571133023624,-0.9111212115026576
-7.203000000000001e-05,3.988664210517785,-0.8999816830696438
-7.140000000000001e-05,3.992361903015839,-0.8814158023479541
-7.077000000000002e-05,4.007152673008052,-0.8851289784922921
-7.014000000000002e-05,4.007152673008052,-0.8851289784922921
-6.951000000000002e-05,4.021943443000267,-0.8591367454819266
-6.888000000000002e-05,4.018245750502214,-0.8591367454819266
-6.825000000000002e-05,4.02564113549832,-0.8554235693375887
-6.762000000000002e-05,4.040431905490535,-0.844284040904575
-6.699000000000002e-05,4.051524982984696,-0.840570864760237
-6.636000000000002e-05,4.062618060478856,-0.8294313363272232
-6.573000000000002e-05,4.070013445474964,-0.8182918078942095
-6.510000000000002e-05,4.073711137973017,-0.8108654556055337
-6.447000000000001e-05,4.077408830471071,-0.8220049840385474
-6.384000000000001e-05,4.084804215467178,-0.8071522794611957
-6.321000000000001e-05,4.092199600463285,-0.7997259271725199
-6.258000000000001e-05,4.099594985459392,-0.7922995748838441
-6.195000000000002e-05,4.110688062953553,-0.7663073418734786
-6.132000000000002e-05,4.132874217941874,-0.7625941657291406
-6.069000000000001e-05,4.132874217941874,-0.7588809895848028
-6.006000000000001e-05,4.121781140447714,-0.7625941657291406
-5.943000000000001e-05,4.140269602937982,-0.7403151088631131
-5.880000000000001e-05,4.162455757926304,-0.7366019327187753
-5.817000000000001e-05,4.166153450424357,-0.7328887565744373
-5.754000000000001e-05,4.173548835420464,-0.7217492281414235
-5.691000000000001e-05,4.166153450424357,-0.7217492281414235
-5.628000000000001e-05,4.173548835420464,-0.7106096997084098
-5.565000000000001e-05,4.188339605412678,-0.7068965235640718
-5.502000000000001e-05,4.214223452899054,-0.699470171275396
-5.439000000000001e-05,4.210525760401,-0.7068965235640718
-5.376000000000001e-05,4.217921145397107,-0.6883306428423822
-5.313000000000001e-05,4.225316530393214,-0.6771911144093685
-5.250000000000001e-05,4.236409607887375,-0.6660515859763547
-5.187000000000001e-05,4.243804992883482,-0.6586252336876789
-5.124000000000001e-05,4.236409607887375,-0.6400593529659893
-5.061000000000001e-05,4.25120037787959,-0.6363461768216514
-4.998000000000001e-05,4.26229345537375,-0.6363461768216514
-4.935000000000001e-05,4.273386532867911,-0.6252066483886376
-4.872000000000001e-05,4.277084225365964,-0.6289198245329755
-4.809000000000001e-05,4.284479610362071,-0.6177802960999618
-4.746000000000001e-05,4.302968072852339,-0.6103539438112859
-4.683000000000001e-05,4.291874995358179,-0.6029275915226101
-4.620000000000001e-05,4.3140611503465,-0.5880748869452583
-4.557000000000001e-05,4.317758842844554,-0.5806485346565825
-4.494000000000001e-05,4.325154227840661,-0.5732221823679067
-4.431000000000001e-05,4.332549612836768,-0.5695090062235688
-4.368000000000001e-05,4.339944997832875,-0.562082653934893
-4.305000000000001e-05,4.35473576782509,-0.562082653934893
-4.242000000000001e-05,4.358433460323143,-0.5509431255018792
-4.179000000000001e-05,4.362131152821197,-0.5286640686358517
-4.116000000000001e-05,4.384317307809519,-0.5360904209245275
-4.053000000000001e-05,4.384317307809519,-0.5175245402028379
-3.990000000000001e-05,4.388015000307572,-0.5175245402028379
-3.927000000000001e-05,4.402805770299786,-0.5100981879141621
-3.864000000000001e-05,4.40650346279784,-0.4952454833368104
-3.801000000000001e-05,4.417596540292001,-0.4878191310481345
-3.738000000000001e-05,4.428689617786161,-0.4803927787594586
-3.675000000000001e-05,4.436085002782269,-0.4841059549037966
-3.612000000000001e-05,4.454573465272537,-0.4692532503264449
-3.549000000000001e-05,4.450875772774483,-0.465540074182107
-3.486000000000001e-05,4.454573465272537,-0.4581137218934311
-3.423000000000001e-05,4.473061927762805,-0.4395478411717415
-3.360000000000001e-05,4.461968850268644,-0.4469741934604173
-3.297000000000001e-05,4.46936423526475,-0.4395478411717415
-3.234000000000001e-05,4.491550390253073,-0.4284083127387278
-3.171000000000001e-05,4.502643467747233,-0.4209819604500519
-3.108000000000001e-05,4.506341160245286,-0.413555608161376
-3.045000000000001e-05,4.506341160245286,-0.3949897274396865
-2.982000000000001e-05,4.513736545241394,-0.3949897274396865
-2.919000000000001e-05,4.524829622735554,-0.3875633751510106
-2.856000000000001e-05,4.524829622735554,-0.3727106705736589
-2.793000000000001e-05,4.55071347022193,-0.3689974944293209
-2.730000000000001e-05,4.56180654771609,-0.3467184375632935
-2.667000000000001e-05,4.576597317708305,-0.3578579659963073
-2.604000000000001e-05,4.580295010206358,-0.3467184375632935
-2.541000000000001e-05,4.580295010206358,-0.3281525568416038
-2.478000000000001e-05,4.598783472696626,-0.3281525568416038
-2.415000000000001e-05,4.583992702704412,-0.3281525568416038
-2.352000000000001e-05,4.598783472696626,-0.3281525568416038
-2.289000000000001e-05,4.606178857692734,-0.324439380697266
-2.226000000000001e-05,4.61357424268884,-0.3021603238312384
-2.163000000000001e-05,4.617271935186894,-0.2910207953982247
-2.100000000000001e-05,4.635760397677162,-0.2873076192538867
-2.037000000000001e-05,4.65424886016743,-0.2798812669652109
-1.974000000000001e-05,4.657946552665484,-0.2687417385321971
-1.911000000000001e-05,4.665341937661591,-0.2650285623878592
-1.848000000000001e-05,4.657946552665484,-0.2464626816661696
-1.785000000000001e-05,4.683830400151859,-0.2501758578105076
-1.722000000000001e-05,4.680132707653805,-0.2316099770888179
-1.659000000000001e-05,4.702318862642127,-0.22789680094448
-1.596000000000001e-05,4.70601655514018,-0.2167572725114662
-1.533000000000001e-05,4.717109632634341,-0.2056177440784525
-1.470000000000001e-05,4.728202710128501,-0.1907650395011008
-1.407000000000001e-05,4.724505017630448,-0.2056177440784525
-1.344000000000001e-05,4.731900402626556,-0.1981913917897766
-1.281000000000001e-05,4.750388865116824,-0.1907650395011008
-1.218000000000001e-05,4.750388865116824,-0.1833386872124249
-1.155000000000001e-05,4.761481942610984,-0.179625511068087
-1.092000000000001e-05,4.761481942610984,-0.1610596303463974
-1.029000000000001e-05,4.791063482595413,-0.1499201019133836
-9.660000000000009e-06,4.791063482595413,-0.1424937496247078
-9.03000000000001e-06,4.787365790097359,-0.1424937496247078
-8.400000000000009e-06,4.802156560089573,-0.1276410450473561
-7.77000000000001e-06,4.813249637583734,-0.1127883404700044
-7.140000000000009e-06,4.828040407575949,-0.1053619881813286
-6.510000000000009e-06,4.835435792572055,-0.09050928360397689
-5.880000000000009e-06,4.839133485070109,-0.09422245974831481
-5.250000000000008e-06,4.85022656256427,-0.09050928360397689
-4.620000000000008e-06,4.861319640058431,-0.09050928360397689
-3.990000000000008e-06,4.857621947560377,-0.07194340288228729
-3.360000000000008e-06,4.872412717552591,-0.0570906983049356
-2.730000000000009e-06,4.883505795046752,-0.04595116987192185
-2.100000000000008e-06,4.887203487544806,-0.03481164143890808
-1.470000000000009e-06,4.905691950035074,-0.03481164143890808
-8.400000000000085e-07,4.909389642533127,-0.03481164143890808
-2.100000000000084e-07,4.913087335031181,-0.01995893686155639
4.199999999999916e-07,4.935273490019503,-0.01624576071721848
1.049999999999992e-06,4.946366567513663,-0.001393056139866788
1.679999999999992e-06,4.946366567513663,0.002320120004471127
2.309999999999992e-06,4.957459645007824,0.01717282458182282
2.939999999999992e-06,4.961157337505878,0.0134596484374849
3.569999999999992e-06,4.972250415000039,0.02831235301483659
4.199999999999992e-06,4.983343492494199,0.03945188144785035
4.829999999999992e-06,4.987041184992252,0.05801776216953995
5.459999999999992e-06,5.001831954984467,0.05801776216953995
6.089999999999992e-06,4.99443656998836,0.07658364289122956
6.719999999999992e-06,5.016622724976681,0.06915729060255371
7.349999999999992e-06,5.016622724976681,0.07658364289122956
7.979999999999991e-06,5.027715802470842,0.0840099951799054
8.609999999999992e-06,5.042506572463056,0.08029681903556748
9.239999999999991e-06,5.057297342455271,0.09514952361291917
9.869999999999992e-06,5.060995034953324,0.09886269975725709
1.049999999999999e-05,5.072088112447485,0.1062890520459329
1.112999999999999e-05,5.060995034953324,0.1322812850562984
1.175999999999999e-05,5.068390419949432,0.1322812850562984
1.238999999999999e-05,5.094274267435806,0.150847165777988
1.301999999999999e-05,5.094274267435806,0.1471339896336501
1.364999999999999e-05,5.105367344929967,0.1471339896336501
1.427999999999999e-05,5.116460422424128,0.1694130464996776
1.490999999999999e-05,5.123855807420235,0.1731262226440155
1.553999999999999e-05,5.116460422424128,0.1768393987883534
1.616999999999999e-05,5.131251192416342,0.199118455654381
1.68e-05,5.13864657741245,0.199118455654381
1.742999999999999e-05,5.160832732400771,0.2065448079430568
1.805999999999999e-05,5.168228117396878,0.2028316317987189
1.868999999999999e-05,5.175623502392986,0.2102579840873947
1.931999999999999e-05,5.179321194891039,0.2251106886647464
1.994999999999999e-05,5.190414272385199,0.2362502170977602
2.057999999999999e-05,5.197809657381307,0.2399633932420981
2.121e-05,5.205205042377414,0.2362502170977602
2.183999999999999e-05,5.219995812369628,0.2585292739637877
2.246999999999999e-05,5.219995812369628,0.2622424501081256
2.309999999999999e-05,5.227391197365735,0.2696688023968015
2.372999999999999e-05,5.245879659856003,0.2845215069741531
2.435999999999999e-05,5.249577352354057,0.291947859262829
2.498999999999999e-05,5.253275044852111,0.2956610354071669
2.562e-05,5.268065814844325,0.3105137399845186
2.624999999999999e-05,5.271763507342379,0.3142269161288566
2.687999999999999e-05,5.290251969832647,0.3105137399845186
2.750999999999999e-05,5.286554277334593,0.3179400922731944
2.813999999999999e-05,5.286554277334593,0.3365059729948841
2.876999999999999e-05,5.297647354828753,0.3476455014278979
2.939999999999999e-05,5.319833509817075,0.3587850298609115
3.003e-05,5.323531202315129,0.3662113821495874
3.065999999999999e-05,5.334624279809289,0.3587850298609115
3.128999999999999e-05,5.334624279809289,0.3736377344382633
3.191999999999999e-05,5.338321972307343,0.3922036151599528
3.254999999999999e-05,5.353112742299557,0.3959167913042908
3.318e-05,5.378996589785933,0.3996299674486287
3.381e-05,5.378996589785933,0.3996299674486287
3.444e-05,5.378996589785933,0.4107694958816425
3.506999999999999e-05,5.401182744774254,0.4144826720259804
3.569999999999999e-05,5.397485052276201,0.4256222004589941
3.632999999999999e-05,5.401182744774254,0.4367617288920079
3.695999999999999e-05,5.415973514766469,0.4553276096136976
3.759e-05,5.427066592260629,0.4479012573250217
3.822e-05,5.419671207264522,0.4627539619023734
3.885e-05,5.427066592260629,0.4701803141910492
3.947999999999999e-05,5.441857362252843,0.4664671380467112
4.010999999999999e-05,5.44925274724895,0.4701803141910492
4.073999999999999e-05,5.467741209739218,0.4924593710570767
4.136999999999999e-05,5.475136594735326,0.4924593710570767
4.2e-05,5.478834287233379,0.5073120756344284
4.263e-05,5.478834287233379,0.5073120756344284
4.326e-05,5.48992736472754,0.5221647802117801
4.388999999999999e-05,5.508415827217808,0.529591132500456
4.451999999999999e-05,5.512113519715862,0.5444438370778076
4.514999999999999e-05,5.534299674704183,0.5444438370778076
4.577999999999999e-05,5.534299674704183,0.5370174847891318
4.641e-05,5.53060198220613,0.5667228939438351
4.704e-05,5.545392752198344,0.5630097177994973
4.767e-05,5.567578907186665,0.5704360700881731
4.829999999999999e-05,5.563881214688612,0.5778624223768489
4.892999999999999e-05,5.571276599684719,0.6038546553872144
4.955999999999999e-05,5.578671984680826,0.6038546553872144
5.018999999999999e-05,5.578671984680826,0.6075678315315522
5.082e-05,5.604555832167201,0.6112810076758902
5.145e-05,5.619346602159416,0.6149941838202282
5.208e-05,5.623044294657469,0.6335600645419177
5.271e-05,5.623044294657469,0.6372732406862557
5.333999999999999e-05,5.634137372151629,0.6446995929749315
5.396999999999999e-05,5.630439679653576,0.6521259452636073
5.459999999999999e-05,5.634137372151629,0.6632654736966211
5.523e-05,5.641532757147737,0.6818313544183107
5.586e-05,5.667416604634112,0.6929708828513245
5.649e-05,5.671114297132165,0.6818313544183107
5.712e-05,5.689602759622433,0.7003972351400003
5.774999999999999e-05,5.682207374626326,0.6966840589956624
5.837999999999999e-05,5.696998144618541,0.6966840589956624
5.900999999999999e-05,5.689602759622433,0.7078235874286761
5.964e-05,5.704393529614648,0.715249939717352
6.027e-05,5.719184299606862,0.7338158204390416
6.09e-05,5.719184299606862,0.7375289965833796
6.152999999999999e-05,5.733975069599077,0.7412421727277174
6.215999999999999e-05,5.745068147093237,0.7486685250163932
6.278999999999999e-05,5.745068147093237,0.7486685250163932
6.341999999999999e-05,5.745068147093237,0.7709475818824209
6.404999999999998e-05,5.767254302081559,0.7709475818824209
6.467999999999998e-05,5.782045072073773,0.7783739341710967
6.530999999999998e-05,5.778347379575719,0.7820871103154345
6.594e-05,5.782045072073773,0.7895134626041104
6.656999999999999e-05,5.782045072073773,0.8043661671814621
6.719999999999999e-05,5.796835842065987,0.811792519470138
6.782999999999999e-05,5.807928919560148,0.8192188717588138
6.845999999999999e-05,5.807928919560148,0.8229320479031517
6.908999999999999e-05,5.822719689552363,0.8303584001918275
6.971999999999999e-05,5.826417382050416,0.8155056956144758
7.034999999999999e-05,5.833812767046523,0.8377847524805034
7.097999999999999e-05,5.841208152042631,0.8489242809135171
7.160999999999999e-05,5.855998922034845,0.8526374570578551
7.223999999999999e-05,5.859696614532899,0.8637769854908688
7.286999999999999e-05,5.874487384525112,0.8712033377795447
7.349999999999998e-05,5.878185077023167,0.8786296900682206
7.412999999999998e-05,5.889278154517327,0.8749165139238826
7.476e-05,5.885580462019274,0.8934823946455722
7.538999999999999e-05,5.904068924509541,0.9009087469342481
7.601999999999999e-05,5.904068924509541,0.8934823946455722
7.664999999999999e-05,5.907766617007595,0.9009087469342481
7.727999999999999e-05,5.911464309505648,0.9194746276559377
7.790999999999999e-05,5.922557386999809,0.9269009799446135
7.853999999999999e-05,5.926255079497863,0.9343273322332893
7.916999999999999e-05,5.952138926984238,0.9380405083776273
7.979999999999999e-05,5.963232004478399,0.9640327413879927
8.042999999999999e-05,5.963232004478399,0.9714590936766686
8.105999999999999e-05,5.963232004478399,0.9640327413879927
8.168999999999999e-05,5.966929696976452,0.9677459175323306
8.231999999999998e-05,5.98541815946672,0.9825986221096823
8.294999999999998e-05,5.98541815946672,0.9863117982540203
8.358e-05,6.003906621956988,0.997451326687034
8.421e-05,6.007604314455042,0.997451326687034
8.483999999999999e-05,6.011302006953096,1.00487767897571
8.546999999999999e-05,6.022395084447256,1.016017207408724
8.609999999999999e-05,6.033488161941417,1.019730383553062
8.672999999999999e-05,6.033488161941417,1.030869911986075
8.735999999999999e-05,6.051976624431685,1.034583088130413
8.798999999999999e-05,6.059372009427792,1.045722616563427
8.861999999999999e-05,6.059372009427792,1.049435792707765
8.924999999999999e-05,6.074162779420006,1.056862144996441
8.987999999999999e-05,6.070465086921953,1.053148968852103
9.050999999999999e-05,6.085255856914167,1.068001673429455
9.113999999999998e-05,6.085255856914167,1.082854378006806
9.177e-05,6.096348934408327,1.09399390643982
9.24e-05,6.100046626906382,1.082854378006806
9.303e-05,6.103744319404435,1.097707082584158
9.365999999999999e-05,6.11853508939665,1.11255978716151
9.428999999999999e-05,6.11853508939665,1.116272963305847
9.491999999999999e-05,6.125930474392757,1.116272963305847
9.554999999999999e-05,6.125930474392757,1.116272963305847
9.617999999999999e-05,6.12962816689081,1.127412491738861
9.680999999999999e-05,6.148116629381078,1.142265196316213
9.743999999999999e-05,6.155512014377186,1.138552020171875
9.806999999999999e-05,6.162907399373292,1.145978372460551
9.869999999999999e-05,6.185093554361614,1.149691548604889
9.932999999999999e-05,6.188791246859667,1.168257429326578
9.995999999999998e-05,6.192488939357721,1.160831077037903
0.00010059,6.185093554361614,1.171970605470916
0.00010122,6.196186631855775,1.186823310048268
0.00010185,6.196186631855775,1.179396957759592
0.00010248,6.207279709349935,1.194249662336944
0.00010311,6.22207047934215,1.194249662336944
0.00010374,6.22207047934215,1.194249662336944
0.00010437,6.240558941832417,1.216528719202971
0.000105,6.233163556836311,1.212815543058634
0.00010563,6.229465864338257,1.223955071491647
0.00010626,6.251652019326579,1.223955071491647
0.00010689,6.255349711824632,1.223955071491647
0.00010752,6.266442789318793,1.242520952213337
0.00010815,6.262745096820739,1.249947304502013
0.00010878,6.266442789318793,1.253660480646351
0.00010941,6.284931251809061,1.249947304502013
0.00011004,6.288628944307114,1.27222636136804
0.00011067,6.299722021801275,1.27222636136804
0.0001113,6.303419714299329,1.27222636136804
0.00011193,6.299722021801275,1.27222636136804
0.00011256,6.318210484291543,1.287079065945392
0.00011319,6.32560586928765,1.294505418234068
0.00011382,6.32560586928765,1.305644946667082
0.00011445,6.32560586928765,1.301931770522744
0.00011508,6.347792024275972,1.305644946667082
0.00011571,6.351489716774025,1.313071298955757
0.00011634,6.355187409272078,1.320497651244433
0.00011697,6.369978179264293,1.350203060399137
0.0001176,6.362582794268186,1.342776708110461
0.00011823,6.369978179264293,1.339063531966123
0.00011886,6.392164334252614,1.342776708110461
0.00011949,6.399559719248722,1.365055764976488
0.00012012,6.403257411746775,1.36134258883215
0.00012075,6.399559719248722,1.36134258883215
0.00012138,6.395862026750669,1.365055764976488
0.00012201,6.41804818173899,1.376195293409502
0.00012264,6.432838951731204,1.383621645698178
0.00012327,6.440234336727311,1.387334821842516
0.0001239,6.425443566735097,1.39847435027553
0.00012453,6.443932029225365,1.413327054852881
0.00012516,6.458722799217579,1.409613878708543
0.00012579,6.451327414221472,1.417040230997219
0.00012642,6.462420491715632,1.424466583285895
0.00012705,6.458722799217579,1.424466583285895
0.00012768,6.462420491715632,1.435606111718909
0.00012831,6.466118184213686,1.446745640151923
0.00012894,6.492002031700062,1.450458816296261
0.00012957,6.4809089542059,1.450458816296261
0.0001302,6.492002031700062,1.446745640151923
0.00013083,6.499397416696168,1.443032464007585
0.00013146,6.510490494190329,1.461598344729274
0.00013209,6.510490494190329,1.46902469701795
0.00013272,6.517885879186436,1.472737873162288
0.00013335,6.510490494190329,1.491303753883978
0.00013398,6.52158357168449,1.48759057773964
0.00013461,6.540072034174758,1.491303753883978
0.00013524,6.543769726672812,1.491303753883978
0.00013587,6.540072034174758,1.509869634605667
0.0001365,6.547467419170865,1.509869634605667
0.00013713,6.551165111668919,1.513582810750005
0.00013776,6.558560496665025,1.502443282316991
0.00013839,6.565955881661133,1.517295986894343
0.00013902,6.577048959155293,1.521009163038681
0.00013965,6.580746651653348,1.521009163038681
0.00014028,6.580746651653348,1.528435515327357
0.00014091,6.588142036649455,1.539575043760371
0.00014154,6.595537421645561,1.550714572193384
0.00014217,6.595537421645561,1.539575043760371
0.0001428,6.595537421645561,1.535861867616033
0.00014343,6.610328191637776,1.550714572193384
0.00014406,6.614025884135829,1.569280452915074
0.00014469,6.617723576633884,1.584133157492426
0.00014532,6.621421269131937,1.57670680520375
0.00014595,6.62511896162999,1.57670680520375
0.00014658,6.643607424120258,1.580419981348088
0.00014721,6.636212039124151,1.591559509781102
0.00014784,6.636212039124151,1.595272685925439
0.00014847,6.647305116618312,1.606412214358453
0.0001491,6.662095886610526,1.621264918935805
0.00014973,6.662095886610526,1.595272685925439
0.00015036,6.662095886610526,1.606412214358453
0.00015099,6.673188964104687,1.610125390502791
0.00015162,6.687979734096901,1.632404447368819
0.00015225,6.691677426594955,1.624978095080143
0.00015288,6.684282041598848,1.632404447368819
0.00015351,6.691677426594955,1.643543975801832
0.00015414,6.695375119093009,1.643543975801832
0.00015477,6.699072811591062,1.636117623513156
0.0001554,6.710165889085223,1.658396680379184
0.00015603,6.71756127408133,1.658396680379184
0.00015666,6.724956659077437,1.650970328090508
0.00015729,6.728654351575491,1.662109856523522
0.00015792,6.721258966579383,1.673249384956536
0.00015855,6.721258966579383,1.688102089533887
0.00015918,6.736049736571598,1.669536208812198
0.00015981,6.743445121567705,1.680675737245212
0.00016044,6.743445121567705,1.68438891338955
0.00016107,6.754538199061866,1.68438891338955
0.0001617,6.750840506563812,1.691815265678225
0.00016233,6.754538199061866,1.699241617966901
0.00016296,6.765631276556027,1.699241617966901
0.00016359,6.761933584057973,1.699241617966901
0.00016422,6.773026661552134,1.710381146399915
0.00016485,6.780422046548241,1.717807498688591
0.00016548,6.780422046548241,1.725233850977267
0.00016611,6.787817431544348,1.721520674832929
0.00016674,6.787817431544348,1.721520674832929
0.00016737,6.791515124042402,1.73637337941028
0.000168,6.806305894034616,1.73637337941028
0.00016863,6.806305894034616,1.73637337941028
0.00016926,6.795212816540455,1.73637337941028
0.00016989,6.802608201536563,1.751226083987632
0.00017052,6.802608201536563,1.73637337941028
0.00017115,6.817398971528776,1.751226083987632
0.00017178,6.817398971528776,1.747512907843294
0.00017241,6.821096664026831,1.751226083987632
0.00017304,6.824794356524884,1.766078788564984
0.00017367,6.839585126517099,1.762365612420646
0.0001743,6.843282819015152,1.769791964709322
0.00017493,6.839585126517099,1.784644669286674
0.00017556,6.843282819015152,1.792071021575349
0.00017619,6.846980511513205,1.784644669286674
0.00017682,6.850678204011259,1.788357845431011
0.00017745,6.850678204011259,1.795784197719687
0.00017808,6.865468974003473,1.788357845431011
0.00017871,6.87286435899958,1.795784197719687
0.00017934,6.865468974003473,1.799497373864025
0.00017997,6.876562051497634,1.795784197719687
0.0001806,6.87286435899958,1.803210550008363
0.00018123,6.869166666501527,1.799497373864025
0.00018186,6.887655128991795,1.814350078441377
0.00018249,6.883957436493741,1.818063254585715
0.00018312,6.883957436493741,1.825489606874391
0.00018375,6.898748206485956,1.825489606874391
0.00018438,6.902445898984009,1.829202783018729
0.00018501,6.902445898984009,1.832915959163066
0.00018564,6.906143591482063,1.84405548759608
0.00018627,6.920934361474277,1.84405548759608
0.0001869,6.917236668976224,1.84405548759608
0.00018753,6.924632053972331,1.847768663740418
0.00018816,6.924632053972331,1.84405548759608
0.00018879,6.932027438968438,1.836629135307404
0.00018942,6.924632053972331,1.847768663740418
0.00019005,6.928329746470384,1.855195016029094
0.00019068,6.928329746470384,1.858908192173432
0.00019131,6.939422823964545,1.877474072895121
0.00019194,6.935725131466492,1.851481839884756
0.00019257,6.943120516462598,1.870047720606446
0.0001932,6.943120516462598,1.881187249039459
0.00019383,6.950515901458706,1.873760896750784
0.00019446,6.946818208960652,1.866334544462108
0.00019509,6.950515901458706,1.888613601328135
0.00019572,6.95421359395676,1.881187249039459
0.00019635,6.96530667145092,1.881187249039459
0.00019698,6.957911286454813,1.884900425183797
0.00019761,6.96530667145092,1.873760896750784
0.00019824,6.95421359395676,1.877474072895121
0.00019887,6.961608978952866,1.877474072895121
0.0001995,6.969004363948974,1.884900425183797
0.00020013,6.976399748945081,1.884900425183797
0.00020076,6.983795133941188,1.903466305905487
0.00020139,6.987492826439242,1.914605834338501
0.00020202,6.972702056447027,1.899753129761149
0.00020265,6.980097441443134,1.907179482049825
0.00020328,6.983795133941188,1.907179482049825
0.00020391,6.980097441443134,1.907179482049825
0.00020454,6.991190518937295,1.896039953616811
0.00020517,6.994888211435349,1.903466305905487
0.0002058,7.002283596431456,1.907179482049825
0.00020643,7.00598128892951,1.918319010482839
0.00020706,6.994888211435349,1.922032186627177
0.00020769,6.998585903933402,1.922032186627177
0.00020832,7.013376673925617,1.910892658194163
0.00020895,7.013376673925617,1.922032186627177
0.00020958,7.01707436642367,1.929458538915852
0.00021021,7.009678981427562,1.940598067348866
0.00021084,7.01707436642367,1.929458538915852
0.00021147,7.01707436642367,1.929458538915852
0.0002121,7.009678981427562,1.936884891204528
0.00021273,7.020772058921724,1.929458538915852
0.00021336,7.02816744391783,1.948024419637542
0.00021399,7.02816744391783,1.936884891204528
0.00021462,7.01707436642367,1.936884891204528
0.00021525,7.035562828913938,1.936884891204528
0.00021588,7.042958213910046,1.95173759578188
0.00021651,7.02816744391783,1.95173759578188
0.00021714,7.039260521411991,1.948024419637542
0.00021777,7.039260521411991,1.959163948070556
0.0002184,7.050353598906153,1.962877124214894
0.00021903,7.054051291404206,1.95173759578188
0.00021966,7.046655906408098,1.962877124214894
0.00022029,7.050353598906153,1.959163948070556
0.00022092,7.050353598906153,1.955450771926218
0.00022155,7.046655906408098,1.977729828792245
0.00022218,7.042958213910046,1.966590300359232
0.00022281,7.046655906408098,1.970303476503569
0.00022344,7.054051291404206,1.959163948070556
0.00022407,7.057748983902259,1.959163948070556
0.0002247,7.057748983902259,1.966590300359232
0.00022533,7.061446676400314,1.981443004936583
0.00022596,7.054051291404206,1.966590300359232
0.00022659,7.054051291404206,1.985156181080921
0.00022722,7.061446676400314,1.977729828792245
0.00022785,7.076237446392527,1.970303476503569
0.00022848,7.061446676400314,1.981443004936583
0.00022911,7.072539753894474,1.977729828792245
0.00022974,7.065144368898366,1.977729828792245
0.00023037,7.06884206139642,1.977729828792245
0.000231,7.057748983902259,1.977729828792245
0.00023163,7.072539753894474,1.974016652647907
0.00023226,7.065144368898366,1.974016652647907
0.00023289,7.072539753894474,1.974016652647907
0.00023352,7.061446676400314,1.970303476503569
0.00023415,7.061446676400314,1.988869357225259
0.00023478,7.061446676400314,1.988869357225259
0.00023541,7.06884206139642,1.981443004936583
0.00023604,7.06884206139642,1.966590300359232
0.00023667,7.076237446392527,1.977729828792245
0.0002373,7.083632831388634,1.988869357225259
0.00023793,7.083632831388634,1.981443004936583
0.00023856,7.076237446392527,1.981443004936583
0.00023919,7.076237446392527,1.985156181080921
0.00023982,7.076237446392527,1.985156181080921
0.00024045,7.079935138890582,2.000008885658273
0.00024108,7.076237446392527,1.992582533369597
0.00024171,7.076237446392527,1.988869357225259
0.00024234,7.083632831388634,2.000008885658273
0.00024297,7.087330523886688,1.985156181080921
0.0002436,7.087330523886688,1.985156181080921
0.00024423,7.091028216384742,1.988869357225259
0.00024486,7.091028216384742,1.988869357225259
0.00024549,7.087330523886688,1.985156181080921
0.00024612,7.102121293878902,1.988869357225259
0.00024675,7.083632831388634,2.000008885658273
0.00024738,7.079935138890582,1.996295709513935
0.00024801,7.094725908882795,2.003722061802611
0.00024864,7.079935138890582,2.000008885658273
0.00024927,7.087330523886688,2.003722061802611
0.0002499,7.091028216384742,1.992582533369597
0.00025053,7.091028216384742,1.996295709513935
0.00025116,7.076237446392527,1.992582533369597
0.00025179,7.087330523886688,1.988869357225259
0.00025242,7.091028216384742,1.974016652647907
0.00025305,7.083632831388634,1.992582533369597
0.00025368,7.083632831388634,1.996295709513935
0.00025431,7.087330523886688,1.996295709513935
0.00025494,7.094725908882795,2.000008885658273
0.00025557,7.094725908882795,1.985156181080921
0.0002562,7.091028216384742,1.988869357225259
0.00025683,7.087330523886688,2.000008885658273
0.00025746,7.094725908882795,1.985156181080921
0.00025809,7.098423601380849,1.988869357225259
0.00025872,7.083632831388634,2.000008885658273
0.00025935,7.076237446392527,1.985156181080921
0.00025998,7.083632831388634,1.985156181080921
0.00026061,7.079935138890582,1.988869357225259
0.00026124,7.087330523886688,1.977729828792245
0.00026187,7.083632831388634,1.985156181080921
0.0002625,7.087330523886688,1.992582533369597
0.00026313,7.083632831388634,1.985156181080921
0.00026376,7.076237446392527,1.985156181080921
0.00026439,7.079935138890582,1.988869357225259
0.00026502,7.072539753894474,1.988869357225259
0.00026565,7.065144368898366,1.977729828792245
0.00026628,7.065144368898366,1.966590300359232
0.00026691,7.076237446392527,1.977729828792245
0.00026754,7.079935138890582,1.966590300359232
0.00026817,7.072539753894474,1.966590300359232
0.0002688,7.06884206139642,1.970303476503569
0.00026943,7.079935138890582,1.977729828792245
0.00027006,7.076237446392527,1.985156181080921
0.00027069,7.06884206139642,1.974016652647907
0.00027132,7.065144368898366,1.970303476503569
0.00027195,7.06884206139642,1.962877124214894
0.00027258,7.061446676400314,1.962877124214894
0.00027321,7.079935138890582,1.959163948070556
0.00027384,7.057748983902259,1.966590300359232
0.00027447,7.061446676400314,1.948024419637542
0.0002751,7.065144368898366,1.962877124214894
0.00027573,7.06884206139642,1.966590300359232
0.00027636,7.057748983902259,1.962877124214894
0.00027699,7.054051291404206,1.95173759578188
0.00027762,7.061446676400314,1.95173759578188
0.00027825,7.065144368898366,1.962877124214894
0.00027888,7.057748983902259,1.970303476503569
0.00027951,7.054051291404206,1.966590300359232
0.00028014,7.061446676400314,1.959163948070556
0.00028077,7.057748983902259,1.948024419637542
0.0002814,7.061446676400314,1.962877124214894
0.00028203,7.054051291404206,1.95173759578188
0.00028266,7.057748983902259,1.95173759578188
0.00028329,7.050353598906153,1.955450771926218
0.00028392,7.050353598906153,1.95173759578188
0.00028455,7.050353598906153,1.948024419637542
0.00028518,7.035562828913938,1.955450771926218
0.00028581,7.039260521411991,1.940598067348866
0.00028644,7.042958213910046,1.936884891204528
0.00028707,7.039260521411991,1.93317171506019
0.0002877,7.039260521411991,1.936884891204528
0.00028833,7.024469751419778,1.936884891204528
0.00028896,7.024469751419778,1.93317171506019
0.00028959,7.02816744391783,1.925745362771514
0.00029022,7.035562828913938,1.925745362771514
0.00029085,7.020772058921724,1.918319010482839
0.00029148,7.020772058921724,1.918319010482839
0.00029211,7.009678981427562,1.925745362771514
0.00029274,7.024469751419778,1.914605834338501
0.00029337,7.024469751419778,1.903466305905487
0.000294,7.013376673925617,1.903466305905487
0.00029463,6.998585903933402,1.910892658194163
0.00029526,7.00598128892951,1.899753129761149
0.00029589,6.998585903933402,1.896039953616811
0.00029652,7.013376673925617,1.903466305905487
0.00029715,6.994888211435349,1.907179482049825
0.00029778,7.009678981427562,1.899753129761149
0.00029841,7.002283596431456,1.899753129761149
0.00029904,6.987492826439242,1.888613601328135
0.00029967,6.991190518937295,1.888613601328135
0.0003003,6.980097441443134,1.888613601328135
0.00030093,6.983795133941188,1.888613601328135
0.00030156,6.972702056447027,1.877474072895121
0.00030219,6.980097441443134,1.870047720606446
0.00030282,6.980097441443134,1.866334544462108
0.00030345,6.969004363948974,1.873760896750784
0.00030408,6.969004363948974,1.884900425183797
0.00030471,6.969004363948974,1.877474072895121
0.00030534,6.972702056447027,1.873760896750784
0.00030597,6.96530667145092,1.866334544462108
0.0003066,6.95421359395676,1.847768663740418
0.00030723,6.957911286454813,1.855195016029094
0.00030786,6.96530667145092,1.858908192173432
0.00030849,6.95421359395676,1.858908192173432
0.00030912,6.939422823964545,1.86262136831777
0.00030975,6.957911286454813,1.84405548759608
0.00031038,6.950515901458706,1.836629135307404
0.00031101,6.939422823964545,1.840342311451742
0.00031164,6.943120516462598,1.840342311451742
0.00031227,6.939422823964545,1.829202783018729
0.0003129,6.928329746470384,1.851481839884756
0.00031353,6.928329746470384,1.840342311451742
0.00031416,6.924632053972331,1.836629135307404
0.00031479,6.920934361474277,1.829202783018729
0.00031542,6.91353897647817,1.825489606874391
0.00031605,6.924632053972331,1.832915959163066
0.00031668,6.906143591482063,1.818063254585715
0.00031731,6.91353897647817,1.806923726152701
0.00031794,6.917236668976224,1.803210550008363
0.00031857,6.909841283980116,1.803210550008363
0.0003192,6.898748206485956,1.795784197719687
0.00031983,6.883957436493741,1.810636902297039
0.00032046,6.880259743995688,1.788357845431011
0.00032109,6.898748206485956,1.788357845431011
0.00032172,6.883957436493741,1.784644669286674
0.00032235,6.887655128991795,1.777218316997998
0.00032298,6.869166666501527,1.77350514085366
0.00032361,6.865468974003473,1.77350514085366
0.00032424,6.869166666501527,1.766078788564984
0.00032487,6.869166666501527,1.758652436276308
0.0003255,6.86177128150542,1.769791964709322
0.00032613,6.854375896509312,1.766078788564984
0.00032676,6.850678204011259,1.758652436276308
0.00032739,6.86177128150542,1.75493926013197
0.00032802,6.850678204011259,1.751226083987632
0.00032865,6.835887434019044,1.758652436276308
0.00032928,6.828492049022937,1.747512907843294
0.00032991,6.828492049022937,1.732660203265943
0.00033054,6.824794356524884,1.728947027121605
0.00033117,6.821096664026831,1.728947027121605
0.0003318,6.817398971528776,1.725233850977267
0.00033243,6.824794356524884,1.725233850977267
0.00033306,6.806305894034616,1.699241617966901
0.00033369,6.802608201536563,1.717807498688591
0.00033432,6.802608201536563,1.702954794111239
0.00033495,6.802608201536563,1.710381146399915
0.00033558,6.791515124042402,1.688102089533887
0.00033621,6.780422046548241,1.68438891338955
0.00033684,6.787817431544348,1.688102089533887
0.00033747,6.787817431544348,1.691815265678225
0.0003381,6.784119739046295,1.680675737245212
0.00033873,6.773026661552134,1.658396680379184
0.00033936,6.76932896905408,1.662109856523522
0.00033999,6.761933584057973,1.676962561100874
0.00034062,6.765631276556027,1.66582303266786
0.00034125,6.758235891559919,1.662109856523522
0.00034188,6.743445121567705,1.676962561100874
0.00034251,6.747142814065759,1.662109856523522
0.00034314,6.739747429069651,1.64725715194617
0.00034377,6.736049736571598,1.654683504234846
0.0003444,6.739747429069651,1.636117623513156
0.00034503,6.736049736571598,1.636117623513156
0.00034566,6.724956659077437,1.632404447368819
0.00034629,6.728654351575491,1.624978095080143
0.00034692,6.71756127408133,1.610125390502791
0.00034755,6.713863581583277,1.621264918935805
0.00034818,6.713863581583277,1.617551742791467
0.00034881,6.710165889085223,1.613838566647129
0.00034944,6.706468196587169,1.613838566647129
0.00035007,6.695375119093009,1.610125390502791
0.0003507,6.684282041598848,1.602699038214115
0.00035133,6.680584349100794,1.595272685925439
0.00035196,6.676886656602741,1.580419981348088
0.00035259,6.673188964104687,1.580419981348088
0.00035322,6.669491271606633,1.572993629059412
0.00035385,6.654700501614419,1.561854100626398
0.00035448,6.658398194112473,1.55814092448206
0.00035511,6.654700501614419,1.561854100626398
0.00035574,6.628816654128044,1.565567276770736
0.00035637,6.647305116618312,1.550714572193384
0.000357,6.639909731622205,1.554427748337722
0.00035763,6.62511896162999,1.539575043760371
0.00035826,6.610328191637776,1.517295986894343
0.00035889,6.614025884135829,1.524722339183019
0.00035952,6.606630499139722,1.521009163038681
0.00036015,6.606630499139722,1.524722339183019
0.00036078,6.606630499139722,1.509869634605667
0.00036141,6.595537421645561,1.517295986894343
0.00036204,6.588142036649455,1.509869634605667
0.00036267,6.580746651653348,1.502443282316991
0.0003633,6.584444344151401,1.495016930028316
0.00036393,6.57335126665724,1.48759057773964
0.00036456,6.565955881661133,1.472737873162288
0.00036519,6.554862804166972,1.476451049306626
0.00036582,6.565955881661133,1.476451049306626
0.00036645,6.56225818916308,1.476451049306626
0.00036708,6.554862804166972,1.461598344729274
0.00036771,6.540072034174758,1.461598344729274
0.00036834,6.540072034174758,1.457885168584936
0.00036897,6.536374341676704,1.443032464007585
0.0003696,6.532676649178651,1.450458816296261
0.00037023,6.525281264182544,1.439319287863247
0.00037086,6.510490494190329,1.431892935574571
0.00037149,6.506792801692276,1.420753407141557
0.00037212,6.510490494190329,1.420753407141557
0.00037275,6.495699724198115,1.417040230997219
0.00037338,6.503095109194222,1.405900702564205
0.00037401,6.488304339202008,1.39847435027553
0.00037464,6.488304339202008,1.394761174131192
0.00037527,6.477211261707847,1.387334821842516
0.0003759,6.477211261707847,1.387334821842516
0.00037653,6.462420491715632,1.37990846955384
0.00037716,6.443932029225365,1.365055764976488
0.00037779,6.455025106719526,1.37990846955384
0.00037842,6.443932029225365,1.368768941120826
0.00037905,6.443932029225365,1.353916236543474
0.00037968,6.42914125923315,1.353916236543474
0.00038031,6.414350489240936,1.353916236543474
0.00038094,6.421745874237043,1.346489884254799
0.00038157,6.421745874237043,1.335350355821785
0.0003822,6.399559719248722,1.324210827388771
0.00038283,6.403257411746775,1.320497651244433
0.00038346,6.388466641754561,1.301931770522744
0.00038409,6.399559719248722,1.320497651244433
0.00038472,6.381071256758454,1.305644946667082
0.00038535,6.377373564260401,1.287079065945392
0.00038598,6.373675871762346,1.294505418234068
0.00038661,6.366280486766239,1.29079224208973
0.00038724,6.355187409272078,1.268513185223702
0.00038787,6.355187409272078,1.27222636136804
0.0003885,6.344094331777918,1.261086832935026
0.00038913,6.33669894678181,1.261086832935026
0.00038976,6.340396639279865,1.253660480646351
0.00039039,6.321908176789597,1.246234128357675
0.00039102,6.314512791793489,1.238807776068999
0.00039165,6.321908176789597,1.238807776068999
0.00039228,6.307117406797382,1.227668247635985
0.00039291,6.296024329303221,1.220241895347309
0.00039354,6.284931251809061,1.209102366914296
0.00039417,6.288628944307114,1.205389190769958
0.0003948,6.277535866812953,1.197962838481282
0.00039543,6.270140481816846,1.190536486192606
0.00039606,6.270140481816846,1.190536486192606
0.00039669,6.259047404322685,1.190536486192606
0.00039732,6.251652019326579,1.164544253182241
0.00039795,6.240558941832417,1.164544253182241
0.00039858,6.244256634330471,1.171970605470916
0.00039921,6.240558941832417,1.160831077037903
0.00039984,6.22207047934215,1.153404724749227
0.00040047,6.218372786844096,1.145978372460551
0.0004011,6.210977401847989,1.131125667883199
0.00040173,6.218372786844096,1.134838844027537
0.00040236,6.207279709349935,1.119986139450186
0.00040299,6.188791246859667,1.119986139450186
0.00040362,6.196186631855775,1.119986139450186
0.00040425,6.185093554361614,1.108846611017172
0.00040488,6.174000476867453,1.105133434872834
0.00040551,6.162907399373292,1.086567554151144
0.00040614,6.159209706875239,1.082854378006806
0.00040677,6.148116629381078,1.07542802571813
0.0004074,6.148116629381078,1.07542802571813
0.00040803,6.144418936883024,1.064288497285117
0.00040866,6.140721244384971,1.053148968852103
0.00040929,6.137023551886918,1.060575321140779
0.00040992,6.11853508939665,1.064288497285117
0.00041055,6.11853508939665,1.053148968852103
0.00041118,6.096348934408327,1.030869911986075
0.00041181,6.096348934408327,1.030869911986075
0.00041244,6.085255856914167,1.027156735841738
0.00041307,6.074162779420006,1.00487767897571
0.0004137,6.07786047191806,0.9937381505426961
0.00041433,6.074162779420006,1.001164502831372
0.00041496,6.055674316929738,0.997451326687034
0.00041559,6.055674316929738,0.9937381505426961
0.00041622,6.03718585443947,0.9751722698210065
0.00041685,6.02609277694531,0.9714590936766686
0.00041748,6.033488161941417,0.9566063890993168
0.00041811,6.018697391949202,0.9640327413879927
0.00041874,6.018697391949202,0.952893212954979
0.00041937,6.007604314455042,0.9566063890993168
0.00042,6.007604314455042,0.9306141560889514
0.00042063,6.000208929458934,0.9343273322332893
0.00042126,5.98541815946672,0.9120482753672619
0.00042189,5.981720466968667,0.9231878038002755
0.00042252,5.959534311980345,0.9194746276559377
0.00042315,5.966929696976452,0.904621923078586
0.00042378,5.963232004478399,0.8823428662125584
0.00042441,5.948441234486184,0.8860560423568964
0.00042504,5.941045849490077,0.8749165139238826
0.00042567,5.937348156992024,0.8823428662125584
0.0004263,5.922557386999809,0.8674901616352068
0.00042693,5.915162002003703,0.8600638093465309
0.00042756,5.900371232011488,0.8452111047691793
0.00042819,5.885580462019274,0.8414979286248413
0.00042882,5.88188276952122,0.8229320479031517
0.00042945,5.885580462019274,0.8229320479031517
0.00043008,5.874487384525112,0.8080793433258
0.00043071,5.874487384525112,0.8080793433258
0.00043134,5.863394307030952,0.8043661671814621
0.00043197,5.855998922034845,0.8006529910371242
0.0004326,5.855998922034845,0.7783739341710967
0.00043323,5.844905844540684,0.7783739341710967
0.00043386,5.819021997054309,0.7746607580267587
0.00043449,5.815324304556255,0.7598080534494071
0.00043512,5.819021997054309,0.763521229593745
0.00043575,5.811626612058202,0.7560948773050691
0.00043638,5.796835842065987,0.7598080534494071
0.00043701,5.785742764571827,0.7375289965833796
0.00043764,5.774649687077666,0.7226762920060278
0.00043827,5.774649687077666,0.715249939717352
0.0004389,5.774649687077666,0.7115367635730141
0.00043953,5.770951994579613,0.7115367635730141
0.00044016,5.752463532089345,0.6892577067069865
0.00044079,5.741370454595184,0.6781181782739728
0.00044142,5.730277377101023,0.6929708828513245
0.00044205,5.730277377101023,0.6781181782739728
0.00044268,5.726579684602969,0.6781181782739728
0.00044331,5.715486607108809,0.6744050021296348
0.00044394,5.708091222112701,0.6595522975522832
0.00044457,5.696998144618541,0.6446995929749315
0.0004452,5.682207374626326,0.6372732406862557
0.00044583,5.678509682128273,0.6261337122532419
0.00044646,5.671114297132165,0.6224205361089039
0.00044709,5.67481198963022,0.6335600645419177
0.00044772,5.663718912136058,0.6224205361089039
0.00044835,5.667416604634112,0.6075678315315522
0.00044898,5.648928142143844,0.6075678315315522
0.00044961,5.645230449645791,0.5964283030985386
0.00045024,5.634137372151629,0.5852887746655248
0.00045087,5.626741987155523,0.5778624223768489
0.0004515,5.615648909661362,0.5704360700881731
0.00045213,5.608253524665255,0.5592965416551593
0.00045276,5.597160447171094,0.5667228939438351
0.00045339,5.574974292182772,0.5481570132221456
0.00045402,5.58236967717888,0.529591132500456
0.00045465,5.578671984680826,0.5444438370778076
0.00045528,5.574974292182772,0.525877956356118
0.00045591,5.560183522190558,0.5035988994900905
0.00045654,5.549090444696398,0.5110252517787663
0.00045717,5.537997367202236,0.5035988994900905
0.0004578,5.534299674704183,0.4924593710570767
0.00045843,5.519508904711969,0.4738934903353871
0.00045906,5.526904289708076,0.4701803141910492
0.00045969,5.501020442221701,0.4701803141910492
0.00046032,5.493625057225594,0.4664671380467112
0.00046095,5.478834287233379,0.4516144334693596
0.00046158,5.478834287233379,0.4404749050363459
0.00046221,5.464043517241165,0.4293353766033321
0.00046284,5.460345824743111,0.4144826720259804
0.00046347,5.456648132245058,0.4219090243146563
0.0004641,5.452950439747005,0.4070563197373046
0.00046473,5.434461977256737,0.4033431435929666
0.00046536,5.430764284758682,0.3959167913042908
0.00046599,5.427066592260629,0.3922036151599528
0.00046662,5.404880437272308,0.3810640867269391
0.00046725,5.408578129770361,0.3736377344382633
0.00046788,5.401182744774254,0.3662113821495874
0.00046851,5.393787359778146,0.3624982060052495
0.00046914,5.382694282283986,0.3476455014278979
0.00046977,5.378996589785933,0.3327927968505461
0.0004704,5.364205819793718,0.3365059729948841
0.00047103,5.364205819793718,0.3327927968505461
0.00047166,5.356810434797611,0.3365059729948841
0.00047229,5.334624279809289,0.3105137399845186
0.00047292,5.330926587311236,0.291947859262829
0.00047355,5.327228894813183,0.2845215069741531
0.00047418,5.312438124820968,0.2808083308298153
0.00047481,5.301345047326807,0.2845215069741531
0.00047544,5.290251969832647,0.2696688023968015
0.00047607,5.286554277334593,0.2585292739637877
0.0004767,5.279158892338486,0.2511029216751118
0.00047733,5.286554277334593,0.2511029216751118
0.00047796,5.271763507342379,0.2325370409534223
0.00047859,5.256972737350164,0.2399633932420981
0.00047922,5.260670429848218,0.2251106886647464
0.00047985,5.238484274859896,0.2251106886647464
0.00048048,5.23108888986379,0.2102579840873947
0.00048111,5.219995812369628,0.1954052795100431
0.00048174,5.208902734875467,0.199118455654381
0.00048237,5.212600427373522,0.1842657510770293
0.000483,5.20150734987936,0.1842657510770293
0.00048363,5.190414272385199,0.1731262226440155
0.00048426,5.175623502392986,0.1619866942110018
0.00048489,5.171925809894931,0.1545603419223259
0.00048552,5.157135039902718,0.1359944612006363
0.00048615,5.153437347404664,0.1434208134893121
0.00048678,5.146041962408557,0.1248549327676225
0.00048741,5.13864657741245,0.1174285804789467
0.00048804,5.131251192416342,0.1211417566232846
0.00048867,5.131251192416342,0.1062890520459329
0.0004893,5.120158114922182,0.09514952361291917
0.0004899300000000001,5.101669652431914,0.08772317132424332
0.00049056,5.101669652431914,0.0840099951799054
0.0004911900000000001,5.09797195993386,0.07658364289122956
0.00049182,5.0868788824397,0.06173093831387787
0.0004924500000000001,5.075785804945538,0.06915729060255371
0.00049308,5.072088112447485,0.05801776216953995
0.0004937100000000001,5.057297342455271,0.04316505759218826
0.00049434,5.057297342455271,0.03945188144785035
0.0004949700000000001,5.038808879965003,0.0320255291591745
0.0004956,5.042506572463056,0.02088600072616074
0.0004962300000000001,5.020320417474735,0.02459917687049866
0.00049686,5.012925032478628,0.01717282458182282
0.0004974900000000001,5.001831954984467,-0.001393056139866788
0.00049812,4.99443656998836,-0.005106232284204704
0.0004987500000000001,4.998134262486413,-0.01995893686155639
0.00049938,4.983343492494199,-0.02738528915023225
0.0005000100000000001,4.968552722501984,-0.04223799372758391
0.00050064,4.950064260011716,-0.04966434601625977
0.0005012700000000001,4.950064260011716,-0.0570906983049356
0.0005019,4.935273490019503,-0.06080387444927352
0.0005025300000000001,4.938971182517556,-0.07194340288228729
0.00050316,4.938971182517556,-0.07194340288228729
0.0005037900000000001,4.927878105023395,-0.08308293131530106
0.00050442,4.924180412525342,-0.09050928360397689
0.0005050500000000001,4.905691950035074,-0.09793563589265275
0.00050568,4.887203487544806,-0.1202146927586803
0.00050631,4.879808102548699,-0.1276410450473561
0.00050694,4.883505795046752,-0.1239278689030182
0.00050757,4.865017332556484,-0.1387805734803699
0.0005082,4.857621947560377,-0.1387805734803699
0.00050883,4.857621947560377,-0.1536332780577216
0.00050946,4.857621947560377,-0.1721991587794112
0.00051009,4.839133485070109,-0.1721991587794112
0.00051072,4.828040407575949,-0.179625511068087
0.00051135,4.820645022579841,-0.1907650395011008
0.00051198,4.813249637583734,-0.1944782156454387
0.00051261,4.79845886759152,-0.1981913917897766
0.00051324,4.794761175093466,-0.2093309202227904
0.00051387,4.779970405101252,-0.22789680094448
0.0005145,4.772575020105145,-0.2204704486558041
0.00051513,4.768877327607091,-0.22789680094448
0.00051576,4.772575020105145,-0.2353231532331558
0.00051639,4.746691172618769,-0.2501758578105076
0.00051702,4.731900402626556,-0.2501758578105076
0.00051765,4.731900402626556,-0.2613153862435212
0.00051828,4.735598095124609,-0.2650285623878592
0.00051891,4.720807325132395,-0.2873076192538867
0.00051954,4.709714247638233,-0.3021603238312384
0.00052017,4.691225785147966,-0.3058734999755763
0.0005208,4.687528092649912,-0.3095866761199143
0.00052143,4.669039630159644,-0.3021603238312384
0.00052206,4.672737322657698,-0.3170130284085901
0.00052269,4.669039630159644,-0.324439380697266
0.0005233200000000001,4.646853475171323,-0.3318657329859418
0.00052395,4.635760397677162,-0.3392920852746176
0.0005245800000000001,4.650551167669376,-0.3504316137076314
0.00052521,4.628365012681055,-0.3541447898519693
0.0005258400000000001,4.61357424268884,-0.3689974944293209
0.00052647,4.606178857692734,-0.3689974944293209
0.0005271000000000001,4.609876550190787,-0.3801370228623348
0.00052773,4.591388087700519,-0.3912765512953486
0.0005283600000000001,4.591388087700519,-0.4061292558727002
0.00052899,4.580295010206358,-0.413555608161376
0.0005296200000000001,4.565504240214144,-0.4061292558727002
0.00053025,4.554411162719983,-0.417268784305714
0.0005308800000000001,4.554411162719983,-0.4284083127387278
0.00053151,4.554411162719983,-0.4358346650274036
0.0005321400000000001,4.535922700229715,-0.4506873696047553
0.00053277,4.524829622735554,-0.4618268980377691
0.0005334000000000001,4.517434237739447,-0.4618268980377691
0.00053403,4.521131930237501,-0.465540074182107
0.0005346600000000001,4.502643467747233,-0.465540074182107
0.00053529,4.506341160245286,-0.4803927787594586
0.0005359200000000001,4.480457312758912,-0.4803927787594586
0.00053655,4.487852697755018,-0.4952454833368104
0.0005371800000000001,4.46936423526475,-0.5100981879141621
0.00053781,4.465666542766697,-0.5175245402028379
0.0005384400000000001,4.45827115777059,-0.5286640686358517
0.00053907,4.45827115777059,-0.5212377163471758
0.0005397000000000001,4.450875772774483,-0.5286640686358517
0.00054033,4.443480387778376,-0.5435167732132034
0.0005409600000000001,4.424991925288108,-0.5398035970688654
0.00054159,4.417596540292001,-0.5472299493575412
0.0005422200000000001,4.413898847793947,-0.558369477790555
0.00054285,4.399108077801733,-0.5695090062235688
0.00054348,4.40650346279784,-0.5732221823679067
0.00054411,4.395410385303679,-0.5806485346565825
0.00054474,4.380619615311465,-0.5880748869452583
0.00054537,4.369526537817304,-0.5955012392339342
0.000546,4.369526537817304,-0.5992144153782721
0.00054663,4.351038075327036,-0.6177802960999618
0.00054726,4.358433460323143,-0.6363461768216514
0.00054789,4.336247305334822,-0.6400593529659893
0.00054852,4.343642690330929,-0.6437725291103272
0.00054915,4.328851920338715,-0.6474857052546651
0.00054978,4.310363457848447,-0.6586252336876789
0.00055041,4.302968072852339,-0.6660515859763547
0.00055104,4.295572687856232,-0.6623384098320168
0.00055167,4.295572687856232,-0.6660515859763547
0.0005523,4.280781917864018,-0.6734779382650306
0.00055293,4.265991147871803,-0.6809042905537064
0.00055356,4.269688840369858,-0.699470171275396
0.00055419,4.254898070377643,-0.7068965235640718
0.00055482,4.247502685381535,-0.7068965235640718
0.00055545,4.243804992883482,-0.7328887565744373
0.00055608,4.240107300385429,-0.7291755804300993
0.00055671,4.221618837895161,-0.7366019327187753
0.00055734,4.214223452899054,-0.747741461151789
0.0005579700000000001,4.195734990408786,-0.7551678134404648
0.0005586,4.206828067902946,-0.7700205180178166
0.0005592300000000001,4.195734990408786,-0.7588809895848028
0.00055986,4.188339605412678,-0.7774468703064924
0.0005604900000000001,4.173548835420464,-0.7848732225951682
0.00056112,4.16985114292241,-0.7922995748838441
0.0005617500000000001,4.162455757926304,-0.7922995748838441
0.00056238,4.143967295436036,-0.7997259271725199
0.0005630100000000001,4.143967295436036,-0.7997259271725199
0.00056364,4.129176525443821,-0.8182918078942095
0.0005642700000000001,4.121781140447714,-0.8145786317498716
0.0005649,4.099594985459392,-0.8368576886158992
0.0005655300000000001,4.114385755451607,-0.840570864760237
0.00056616,4.114385755451607,-0.840570864760237
0.0005667900000000001,4.099594985459392,-0.8628499216262645
0.00056742,4.103292677957446,-0.8665630977706025
0.0005680500000000001,4.081106522969124,-0.8777026262036163
0.00056868,4.066315752976911,-0.8851289784922921
0.0005693100000000001,4.066315752976911,-0.8851289784922921
0.00056994,4.055222675482749,-0.8925553307809678
0.0005705700000000001,4.047827290486643,-0.9036948592139816
0.0005712,4.036734212992481,-0.9036948592139816
0.0005718300000000001,4.029338827996375,-0.9111212115026576
0.00057246,4.018245750502214,-0.9111212115026576
0.0005730900000000001,4.010850365506107,-0.9185475637913333
0.00057372,4.01454805800416,-0.9334002683686849
0.0005743500000000001,4.003454980509999,-0.9296870922243471
0.00057498,3.984966518019731,-0.9519661490903747
0.0005756100000000001,3.992361903015839,-0.9593925013790504
0.00057624,3.970175748027517,-0.9593925013790504
0.0005768700000000001,3.973873440525571,-0.9668188536677264
0.0005775,3.955384978035303,-0.981671558245078
0.0005781300000000001,3.947989593039195,-0.9853847343894159
0.00057876,3.947989593039195,-0.9928110866780918
0.00057939,3.933198823046981,-1.000237438966767
0.00058002,3.925803438050874,-1.015090143544119
0.00058065,3.922105745552821,-1.029942848121471
0.00058128,3.918408053054767,-1.022516495832795
0.00058191,3.911012668058659,-1.011376967399781
0.00058254,3.896221898066445,-1.029942848121471
0.00058317,3.899919590564499,-1.037369200410147
0.0005838,3.888826513070338,-1.041082376554485
0.00058443,3.877733435576177,-1.044795552698823
0.00058506,3.862942665583963,-1.063361433420512
0.00058569,3.862942665583963,-1.059648257276174
0.00058632,3.862942665583963,-1.070787785709188
0.00058695,3.851849588089802,-1.074500961853526
0.00058758,3.833361125599534,-1.093066842575215
0.00058821,3.840756510595642,-1.081927314142202
0.00058884,3.837058818097588,-1.093066842575215
0.00058947,3.814872663109266,-1.107919547152567
0.0005901,3.811174970611213,-1.115345899441243
0.00059073,3.811174970611213,-1.115345899441243
0.00059136,3.803779585615106,-1.126485427874257
0.00059199,3.785291123124838,-1.130198604018595
0.0005926200000000001,3.785291123124838,-1.130198604018595
0.00059325,3.774198045630677,-1.141338132451609
0.0005938800000000001,3.774198045630677,-1.148764484740284
0.00059451,3.770500353132624,-1.15619083702896
0.0005951400000000001,3.755709583140409,-1.159904013173298
0.00059577,3.744616505646248,-1.178469893894988
0.0005964000000000001,3.752011890642356,-1.178469893894988
0.00059703,3.733523428152088,-1.182183070039326
0.0005976600000000001,3.722430350657927,-1.189609422328002
0.00059829,3.718732658159873,-1.193322598472339
0.0005989200000000001,3.722430350657927,-1.197035774616677
0.00059955,3.700244195669605,-1.208175303049691
0.0006001800000000001,3.700244195669605,-1.219314831482705
0.00060081,3.685453425677391,-1.219314831482705
0.0006014400000000001,3.685453425677391,-1.219314831482705
0.00060207,3.685453425677391,-1.234167536060057
0.0006027000000000001,3.685453425677391,-1.241593888348733
0.00060333,3.659569578191016,-1.234167536060057
0.0006039600000000001,3.67436034818323,-1.249020240637408
0.00060459,3.659569578191016,-1.256446592926084
0.0006052200000000001,3.648476500696855,-1.256446592926084
0.00060585,3.641081115700748,-1.267586121359098
0.0006064800000000001,3.633685730704641,-1.278725649792112
0.00060711,3.626290345708534,-1.278725649792112
0.0006077400000000001,3.637383423202694,-1.289865178225125
0.00060837,3.626290345708534,-1.293578354369463
0.0006090000000000001,3.615197268214373,-1.297291530513801
0.00060963,3.596708805724105,-1.301004706658139
0.0006102600000000001,3.593011113226051,-1.301004706658139
0.00061089,3.600406498222159,-1.312144235091153
0.0006115200000000001,3.593011113226051,-1.312144235091153
0.00061215,3.589313420727998,-1.315857411235491
0.0006127800000000001,3.567127265739677,-1.323283763524167
0.00061341,3.57082495823773,-1.341849644245856
0.0006140400000000001,3.567127265739677,-1.338136468101518
0.00061467,3.552336495747462,-1.345562820390194
0.0006153,3.537545725755248,-1.345562820390194
0.00061593,3.522754955763033,-1.35298917267887
0.00061656,3.526452648261087,-1.356702348823208
0.00061719,3.526452648261087,-1.378981405689236
0.00061782,3.515359570766926,-1.375268229544897
0.00061845,3.51905726326498,-1.393834110266587
0.00061908,3.504266493272765,-1.393834110266587
0.00061971,3.507964185770819,-1.390120934122249
0.00062034,3.493173415778605,-1.397547286410925
0.00062097,3.496871108276658,-1.408686814843939
0.0006216,3.482080338284444,-1.404973638699601
0.00062223,3.47838264578639,-1.404973638699601
0.00062286,3.474684953288337,-1.430965871709966
0.00062349,3.467289568292229,-1.438392223998642
0.00062412,3.463591875794176,-1.423539519421291
0.00062475,3.448801105801961,-1.430965871709966
0.00062538,3.445103413303908,-1.430965871709966
0.00062601,3.437708028307801,-1.434679047854304
0.00062664,3.434010335809747,-1.449531752431656
0.0006272700000000001,3.437708028307801,-1.464384457009008
0.0006279,3.422917258315587,-1.468097633153346
0.0006285300000000001,3.415521873319479,-1.471810809297684
0.00062916,3.404428795825319,-1.479237161586359
0.0006297900000000001,3.400731103327265,-1.482950337730697
0.00063042,3.397033410829212,-1.482950337730697
0.0006310500000000001,3.400731103327265,-1.486663513875035
0.00063168,3.382242640836997,-1.497803042308049
0.0006323100000000001,3.378544948338944,-1.497803042308049
0.00063294,3.360056485848676,-1.508942570741063
0.0006335700000000001,3.36375417834673,-1.512655746885401
0.0006342,3.371149563342836,-1.523795275318415
0.0006348300000000001,3.367451870844783,-1.527508451462752
0.00063546,3.345265715856462,-1.53122162760709
0.0006360900000000001,3.348963408354515,-1.534934803751428
0.00063672,3.345265715856462,-1.523795275318415
0.0006373500000000001,3.330474945864247,-1.534934803751428
0.00063798,3.337870330860354,-1.54978750832878
0.0006386100000000001,3.311986483373979,-1.553500684473118
0.00063924,3.304591098377872,-1.560927036761794
0.0006398700000000001,3.304591098377872,-1.553500684473118
0.0006405,3.304591098377872,-1.557213860617456
0.0006411300000000001,3.311986483373979,-1.56835338905047
0.00064176,3.304591098377872,-1.572066565194807
0.0006423900000000001,3.289800328385658,-1.572066565194807
0.00064302,3.289800328385658,-1.572066565194807
0.0006436500000000001,3.278707250891497,-1.579492917483483
0.00064428,3.275009558393443,-1.590632445916497
0.0006449100000000001,3.267614173397336,-1.594345622060835
0.00064554,3.256521095903175,-1.598058798205173
0.0006461700000000001,3.256521095903175,-1.612911502782524
0.0006468,3.256521095903175,-1.609198326638187
0.0006474300000000001,3.234334940914854,-1.624051031215538
0.00064806,3.238032633412907,-1.616624678926863
0.0006486900000000001,3.238032633412907,-1.624051031215538
0.00064932,3.2306372484168,-1.635190559648552
0.0006499500000000001,3.223241863420693,-1.627764207359876
0.00065058,3.21954417092264,-1.635190559648552
0.00065121,3.223241863420693,-1.635190559648552
0.00065184,3.21954417092264,-1.650043264225904
0.00065247,3.204753400930425,-1.653756440370242
0.0006531,3.204753400930425,-1.650043264225904
0.00065373,3.204753400930425,-1.650043264225904
0.00065436,3.182567245942104,-1.661182792658918
0.00065499,3.182567245942104,-1.661182792658918
0.00065562,3.182567245942104,-1.672322321091931
0.00065625,3.193660323436264,-1.672322321091931
0.00065688,3.164078783451836,-1.664895968803255
0.00065751,3.164078783451836,-1.668609144947593
0.00065814,3.152985705957675,-1.679748673380607
0.00065877,3.145590320961568,-1.702027730246635
0.0006594,3.145590320961568,-1.683461849524945
0.00066003,3.145590320961568,-1.679748673380607
0.00066066,3.156683398455729,-1.694601377957959
0.00066129,3.134497243467407,-1.690888201813621
0.0006619200000000001,3.134497243467407,-1.702027730246635
0.00066255,3.123404165973247,-1.705740906390973
0.0006631800000000001,3.1271018584713,-1.70945408253531
0.00066381,3.119706473475193,-1.713167258679648
0.0006644400000000001,3.116008780977139,-1.705740906390973
0.00066507,3.104915703482979,-1.716880434823986
0.0006657000000000001,3.101218010984925,-1.720593610968324
0.00066633,3.104915703482979,-1.728019963257
0.0006669600000000001,3.101218010984925,-1.731733139401338
0.00066759,3.097520318486871,-1.739159491690014
0.0006682200000000001,3.082729548494657,-1.728019963257
0.00066885,3.086427240992711,-1.742872667834352
0.0006694800000000001,3.086427240992711,-1.728019963257
0.00067011,3.079031855996603,-1.742872667834352
0.0006707400000000001,3.079031855996603,-1.735446315545676
0.00067137,3.060543393506335,-1.750299020123028
0.0006720000000000001,3.056845701008282,-1.754012196267366
0.00067263,3.064241086004389,-1.74658584397869
0.0006732600000000001,3.064241086004389,-1.750299020123028
0.00067389,3.053148008510228,-1.754012196267366
0.0006745200000000001,3.045752623514121,-1.761438548556041
0.00067515,3.042054931016067,-1.750299020123028
0.0006757800000000001,3.045752623514121,-1.757725372411703
0.00067641,3.027264161023853,-1.765151724700379
0.0006770400000000001,3.027264161023853,-1.757725372411703
0.00067767,3.03465954601996,-1.757725372411703
0.0006783000000000001,3.038357238518014,-1.765151724700379
0.00067893,3.027264161023853,-1.768864900844717
0.0006795600000000001,3.023566468525799,-1.768864900844717
0.00068019,3.012473391031639,-1.772578076989055
0.0006808200000000001,3.005078006035531,-1.783717605422069
0.00068145,3.005078006035531,-1.768864900844717
0.0006820800000000001,2.997682621039425,-1.765151724700379
0.00068271,2.990287236043317,-1.776291253133393
0.0006833400000000001,2.993984928541371,-1.776291253133393
0.00068397,2.986589543545264,-1.780004429277731
0.0006846000000000001,2.979194158549157,-1.787430781566407
0.00068523,2.979194158549157,-1.776291253133393
0.0006858600000000001,2.979194158549157,-1.772578076989055
0.00068649,2.964403388556942,-1.768864900844717
0.00068712,2.979194158549157,-1.780004429277731
0.00068775,2.979194158549157,-1.787430781566407
0.00068838,2.975496466051103,-1.791143957710745
0.00068901,2.964403388556942,-1.783717605422069
0.00068964,2.964403388556942,-1.780004429277731
0.00069027,2.968101081054996,-1.780004429277731
0.0006909,2.960705696058889,-1.783717605422069
0.00069153,2.957008003560835,-1.787430781566407
0.00069216,2.942217233568621,-1.791143957710745
0.00069279,2.942217233568621,-1.776291253133393
0.00069342,2.938519541070567,-1.776291253133393
0.00069405,2.93112415607446,-1.798570309999421
0.00069468,2.934821848572513,-1.787430781566407
0.00069531,2.923728771078353,-1.783717605422069
0.00069594,2.93112415607446,-1.787430781566407
0.0006965700000000001,2.927426463576406,-1.783717605422069
0.0006972,2.920031078580299,-1.772578076989055
0.0006978300000000001,2.912635693584192,-1.776291253133393
0.00069846,2.908938001086138,-1.783717605422069
0.0006990900000000001,2.905240308588085,-1.776291253133393
0.00069972,2.905240308588085,-1.798570309999421
0.0007003500000000001,2.901542616090032,-1.787430781566407
0.00070098,2.894147231093924,-1.787430781566407
0.0007016100000000001,2.897844923591978,-1.787430781566407
0.00070224,2.897844923591978,-1.798570309999421
0.0007028700000000001,2.901542616090032,-1.791143957710745
0.0007035,2.894147231093924,-1.787430781566407
0.0007041300000000001,2.886751846097817,-1.791143957710745
0.00070476,2.89044953859587,-1.794857133855083
0.0007053900000000001,2.883054153599764,-1.780004429277731
0.00070602,2.89044953859587,-1.787430781566407
0.0007066500000000001,2.871961076105602,-1.794857133855083
0.00070728,2.87935646110171,-1.787430781566407
0.0007079100000000001,2.875658768603656,-1.787430781566407
0.00070854,2.871961076105602,-1.780004429277731
0.0007091700000000001,2.875658768603656,-1.783717605422069
0.0007098,2.875658768603656,-1.783717605422069
0.0007104300000000001,2.875658768603656,-1.787430781566407
0.00071106,2.871961076105602,-1.791143957710745
0.0007116900000000001,2.860867998611442,-1.791143957710745
0.00071232,2.864565691109496,-1.794857133855083
0.0007129500000000001,2.857170306113388,-1.780004429277731
0.00071358,2.857170306113388,-1.780004429277731
0.0007142100000000001,2.853472613615335,-1.794857133855083
0.00071484,2.857170306113388,-1.787430781566407
0.0007154700000000001,2.846077228619228,-1.783717605422069
0.0007161,2.853472613615335,-1.783717605422069
0.0007167300000000001,2.83868184362312,-1.787430781566407
0.00071736,2.83868184362312,-1.783717605422069
0.0007179900000000001,2.842379536121174,-1.787430781566407
0.00071862,2.846077228619228,-1.787430781566407
0.0007192500000000001,2.846077228619228,-1.787430781566407
0.00071988,2.83868184362312,-1.787430781566407
0.0007205100000000001,2.82758876612896,-1.783717605422069
0.00072114,2.83868184362312,-1.783717605422069
0.0007217700000000001,2.83868184362312,-1.780004429277731
0.0007224,2.82758876612896,-1.791143957710745
0.00072303,2.812797996136745,-1.783717605422069
0.00072366,2.820193381132853,-1.780004429277731
0.00072429,2.834984151125067,-1.783717605422069
0.00072492,2.823891073630906,-1.780004429277731
0.00072555,2.820193381132853,-1.776291253133393
0.00072618,2.816495688634799,-1.776291253133393
0.00072681,2.823891073630906,-1.776291253133393
0.00072744,2.82758876612896,-1.772578076989055
0.00072807,2.82758876612896,-1.780004429277731
0.0007287,2.823891073630906,-1.772578076989055
0.00072933,2.820193381132853,-1.772578076989055
0.00072996,2.816495688634799,-1.787430781566407
0.00073059,2.812797996136745,-1.783717605422069
0.0007312200000000001,2.805402611140638,-1.794857133855083
0.00073185,2.801704918642585,-1.787430781566407
0.0007324800000000001,2.812797996136745,-1.787430781566407
0.00073311,2.812797996136745,-1.794857133855083
0.0007337400000000001,2.801704918642585,-1.787430781566407
0.00073437,2.809100303638692,-1.776291253133393
0.0007350000000000001,2.798007226144531,-1.783717605422069
0.00073563,2.812797996136745,-1.780004429277731
0.0007362600000000001,2.801704918642585,-1.787430781566407
0.00073689,2.809100303638692,-1.791143957710745
0.0007375200000000001,2.798007226144531,-1.787430781566407
0.00073815,2.801704918642585,-1.776291253133393
0.0007387800000000001,2.805402611140638,-1.768864900844717
0.00073941,2.794309533646477,-1.780004429277731
0.0007400400000000001,2.798007226144531,-1.783717605422069
0.00074067,2.798007226144531,-1.783717605422069
0.0007413000000000001,2.801704918642585,-1.772578076989055
0.00074193,2.805402611140638,-1.780004429277731
0.0007425600000000001,2.801704918642585,-1.794857133855083
0.00074319,2.801704918642585,-1.780004429277731
0.0007438200000000001,2.801704918642585,-1.780004429277731
0.00074445,2.809100303638692,-1.791143957710745
0.0007450800000000001,2.798007226144531,-1.772578076989055
0.00074571,2.783216456152317,-1.783717605422069
0.0007463400000000001,2.798007226144531,-1.780004429277731
0.00074697,2.798007226144531,-1.780004429277731
0.0007476000000000001,2.798007226144531,-1.772578076989055
0.00074823,2.790611841148424,-1.780004429277731
0.0007488600000000001,2.798007226144531,-1.783717605422069
0.00074949,2.798007226144531,-1.787430781566407
0.0007501200000000001,2.801704918642585,-1.783717605422069
0.00075075,2.790611841148424,-1.791143957710745
0.0007513800000000001,2.783216456152317,-1.791143957710745
0.00075201,2.779518763654263,-1.787430781566407
0.0007526400000000001,2.783216456152317,-1.794857133855083
0.00075327,2.78691414865037,-1.783717605422069
0.0007539000000000001,2.78691414865037,-1.783717605422069
0.00075453,2.794309533646477,-1.780004429277731
0.0007551600000000001,2.805402611140638,-1.787430781566407
0.00075579,2.801704918642585,-1.783717605422069
0.0007564200000000001,2.801704918642585,-1.787430781566407
0.00075705,2.809100303638692,-1.783717605422069
0.0007576800000000001,2.798007226144531,-1.776291253133393
0.00075831,2.794309533646477,-1.772578076989055
0.00075894,2.775821071156209,-1.780004429277731
0.00075957,2.783216456152317,-1.780004429277731
0.0007602,2.805402611140638,-1.772578076989055
0.00076083,2.790611841148424,-1.772578076989055
0.00076146,2.790611841148424,-1.783717605422069
0.00076209,2.794309533646477,-1.794857133855083
0.00076272,2.790611841148424,-1.798570309999421
0.00076335,2.801704918642585,-1.791143957710745
0.00076398,2.805402611140638,-1.780004429277731
0.00076461,2.801704918642585,-1.768864900844717
0.00076524,2.809100303638692,-1.768864900844717
0.0007658700000000001,2.805402611140638,-1.776291253133393
0.0007665,2.805402611140638,-1.776291253133393
0.0007671300000000001,2.798007226144531,-1.780004429277731
0.00076776,2.798007226144531,-1.780004429277731
0.0007683900000000001,2.801704918642585,-1.787430781566407
0.00076902,2.801704918642585,-1.794857133855083
0.0007696500000000001,2.805402611140638,-1.783717605422069
0.00077028,2.812797996136745,-1.776291253133393
0.0007709100000000001,2.805402611140638,-1.776291253133393
0.00077154,2.809100303638692,-1.783717605422069
0.0007721700000000001,2.812797996136745,-1.791143957710745
0.0007728,2.812797996136745,-1.768864900844717
0.0007734300000000001,2.820193381132853,-1.772578076989055
0.00077406,2.816495688634799,-1.776291253133393
0.0007746900000000001,2.809100303638692,-1.783717605422069
0.00077532,2.820193381132853,-1.783717605422069
0.0007759500000000001,2.820193381132853,-1.787430781566407
0.00077658,2.812797996136745,-1.791143957710745
0.0007772100000000001,2.831286458627013,-1.780004429277731
0.00077784,2.820193381132853,-1.776291253133393
0.0007784700000000001,2.820193381132853,-1.780004429277731
0.0007791,2.820193381132853,-1.776291253133393
0.0007797300000000001,2.820193381132853,-1.772578076989055
0.00078036,2.831286458627013,-1.776291253133393
0.0007809900000000001,2.834984151125067,-1.780004429277731
0.00078162,2.834984151125067,-1.776291253133393
0.0007822500000000001,2.82758876612896,-1.776291253133393
0.00078288,2.834984151125067,-1.787430781566407
0.0007835100000000001,2.846077228619228,-1.776291253133393
0.00078414,2.846077228619228,-1.780004429277731
0.0007847700000000001,2.849774921117281,-1.783717605422069
0.0007854,2.846077228619228,-1.776291253133393
0.0007860300000000001,2.857170306113388,-1.783717605422069
0.00078666,2.83868184362312,-1.794857133855083
0.0007872900000000001,2.846077228619228,-1.787430781566407
0.00078792,2.853472613615335,-1.783717605422069
0.0007885500000000001,2.857170306113388,-1.780004429277731
0.00078918,2.853472613615335,-1.780004429277731
0.0007898100000000001,2.860867998611442,-1.772578076989055
0.00079044,2.849774921117281,-1.787430781566407
0.0007910700000000001,2.853472613615335,-1.791143957710745
0.0007917,2.864565691109496,-1.776291253133393
0.0007923300000000001,2.864565691109496,-1.780004429277731
0.00079296,2.875658768603656,-1.776291253133393
0.0007935900000000001,2.871961076105602,-1.783717605422069
0.00079422,2.87935646110171,-1.768864900844717
0.00079485,2.864565691109496,-1.780004429277731
0.00079548,2.868263383607549,-1.772578076989055
0.00079611,2.87935646110171,-1.780004429277731
0.00079674,2.875658768603656,-1.776291253133393
0.00079737,2.871961076105602,-1.776291253133393
0.000798,2.89044953859587,-1.776291253133393
0.00079863,2.886751846097817,-1.780004429277731
0.00079926,2.901542616090032,-1.787430781566407
0.00079989,2.905240308588085,-1.776291253133393
0.0008005200000000001,2.894147231093924,-1.765151724700379
0.00080115,2.908938001086138,-1.772578076989055
0.0008017800000000001,2.905240308588085,-1.772578076989055
0.00080241,2.901542616090032,-1.772578076989055
0.0008030400000000001,2.920031078580299,-1.765151724700379
0.00080367,2.912635693584192,-1.780004429277731
0.0008043000000000001,2.897844923591978,-1.791143957710745
0.00080493,2.912635693584192,-1.772578076989055
0.0008055600000000001,2.916333386082246,-1.776291253133393
0.00080619,2.923728771078353,-1.783717605422069
0.0008068200000000001,2.927426463576406,-1.776291253133393
0.00080745,2.93112415607446,-1.765151724700379
0.0008080800000000001,2.934821848572513,-1.783717605422069
0.00080871,2.927426463576406,-1.787430781566407
0.0008093400000000001,2.942217233568621,-1.780004429277731
0.00080997,2.938519541070567,-1.765151724700379
0.0008106000000000001,2.949612618564728,-1.765151724700379
0.00081123,2.949612618564728,-1.757725372411703
0.0008118600000000001,2.960705696058889,-1.780004429277731
0.00081249,2.945914926066674,-1.776291253133393
0.0008131200000000001,2.953310311062781,-1.783717605422069
0.00081375,2.960705696058889,-1.776291253133393
0.0008143800000000001,2.957008003560835,-1.772578076989055
0.00081501,2.975496466051103,-1.772578076989055
0.0008156400000000001,2.975496466051103,-1.772578076989055
0.00081627,2.986589543545264,-1.768864900844717
0.0008169000000000001,2.968101081054996,-1.750299020123028
0.00081753,2.979194158549157,-1.761438548556041
0.0008181600000000001,2.979194158549157,-1.768864900844717
0.00081879,2.986589543545264,-1.765151724700379
0.0008194200000000001,2.990287236043317,-1.754012196267366
0.00082005,2.993984928541371,-1.754012196267366
0.0008206800000000001,3.005078006035531,-1.757725372411703
0.00082131,2.997682621039425,-1.768864900844717
0.0008219400000000001,3.008775698533585,-1.754012196267366
0.00082257,3.016171083529692,-1.761438548556041
0.0008232000000000001,3.008775698533585,-1.757725372411703
0.00082383,3.023566468525799,-1.74658584397869
0.0008244600000000001,3.027264161023853,-1.74658584397869
0.00082509,3.027264161023853,-1.742872667834352
0.0008257200000000001,3.03465954601996,-1.742872667834352
0.00082635,3.03465954601996,-1.750299020123028
0.0008269800000000001,3.019868776027746,-1.74658584397869
0.00082761,3.03465954601996,-1.742872667834352
0.0008282400000000001,3.038357238518014,-1.74658584397869
0.00082887,3.053148008510228,-1.742872667834352
0.0008295000000000001,3.053148008510228,-1.735446315545676
0.00083013,3.049450316012175,-1.728019963257
0.00083076,3.056845701008282,-1.731733139401338
0.00083139,3.07533416349855,-1.731733139401338
0.00083202,3.067938778502443,-1.716880434823986
0.00083265,3.064241086004389,-1.70945408253531
0.00083328,3.086427240992711,-1.70945408253531
0.00083391,3.086427240992711,-1.698314554102297
0.00083454,3.086427240992711,-1.713167258679648
0.0008351700000000001,3.097520318486871,-1.70945408253531
0.0008358,3.097520318486871,-1.705740906390973
0.0008364300000000001,3.101218010984925,-1.705740906390973
0.00083706,3.104915703482979,-1.702027730246635
0.0008376900000000001,3.090124933490764,-1.690888201813621
0.00083832,3.108613395981032,-1.698314554102297
0.0008389500000000001,3.104915703482979,-1.687175025669283
0.00083958,3.116008780977139,-1.679748673380607
0.0008402100000000001,3.119706473475193,-1.683461849524945
0.00084084,3.123404165973247,-1.683461849524945
0.0008414700000000001,3.134497243467407,-1.672322321091931
0.0008421,3.134497243467407,-1.661182792658918
0.0008427300000000001,3.141892628463514,-1.664895968803255
0.00084336,3.149288013459621,-1.664895968803255
0.0008439900000000001,3.160381090953782,-1.653756440370242
0.00084462,3.152985705957675,-1.664895968803255
0.0008452500000000001,3.167776475949889,-1.653756440370242
0.00084588,3.171474168447943,-1.642616911937228
0.0008465100000000001,3.160381090953782,-1.642616911937228
0.00084714,3.175171860945996,-1.631477383504214
0.0008477700000000001,3.17886955344405,-1.635190559648552
0.0008484,3.182567245942104,-1.631477383504214
0.0008490300000000001,3.182567245942104,-1.635190559648552
0.00084966,3.193660323436264,-1.627764207359876
0.0008502900000000001,3.201055708432372,-1.624051031215538
0.00085092,3.208451093428478,-1.624051031215538
0.0008515500000000001,3.212148785926532,-1.601771974349511
0.00085218,3.215846478424586,-1.598058798205173
0.0008528100000000001,3.21954417092264,-1.601771974349511
0.00085344,3.226939555918746,-1.594345622060835
0.0008540700000000001,3.226939555918746,-1.586919269772159
0.0008547,3.2306372484168,-1.598058798205173
0.0008553300000000001,3.234334940914854,-1.586919269772159
0.00085596,3.238032633412907,-1.579492917483483
0.0008565900000000001,3.245428018409014,-1.575779741339145
0.00085722,3.245428018409014,-1.575779741339145
0.0008578500000000001,3.260218788401229,-1.56835338905047
0.00085848,3.260218788401229,-1.553500684473118
0.0008591100000000001,3.27131186589539,-1.557213860617456
0.00085974,3.275009558393443,-1.542361156040104
0.0008603700000000001,3.28240494338955,-1.546074332184442
0.000861,3.275009558393443,-1.54978750832878
0.0008616300000000001,3.300893405879818,-1.538647979895766
0.00086226,3.293498020883711,-1.534934803751428
0.0008628900000000001,3.304591098377872,-1.534934803751428
0.00086352,3.311986483373979,-1.512655746885401
0.0008641500000000001,3.315684175872033,-1.527508451462752
0.00086478,3.319381868370086,-1.516368923029739
0.0008654100000000001,3.326777253366194,-1.505229394596725
0.00086604,3.330474945864247,-1.508942570741063
0.00086667,3.341568023358408,-1.505229394596725
0.0008673,3.341568023358408,-1.494089866163711
0.00086793,3.356358793350622,-1.482950337730697
0.00086856,3.352661100852568,-1.471810809297684
0.00086919,3.360056485848676,-1.471810809297684
0.00086982,3.36375417834673,-1.475523985442021
0.00087045,3.367451870844783,-1.471810809297684
0.0008710800000000001,3.37484725584089,-1.468097633153346
0.00087171,3.382242640836997,-1.468097633153346
0.0008723400000000001,3.393335718331158,-1.464384457009008
0.00087297,3.385940333335051,-1.445818576287318
0.0008736000000000001,3.393335718331158,-1.445818576287318
0.00087423,3.400731103327265,-1.434679047854304
0.0008748600000000001,3.415521873319479,-1.430965871709966
0.00087549,3.415521873319479,-1.423539519421291
0.0008761200000000001,3.415521873319479,-1.408686814843939
0.00087675,3.430312643311693,-1.416113167132615
0.0008773800000000001,3.437708028307801,-1.408686814843939
0.00087801,3.441405720805855,-1.408686814843939
0.0008786400000000001,3.448801105801961,-1.412399990988277
0.00087927,3.463591875794176,-1.393834110266587
0.0008799000000000001,3.459894183296123,-1.386407757977911
0.00088053,3.463591875794176,-1.375268229544897
0.0008811600000000001,3.463591875794176,-1.378981405689236
0.00088179,3.482080338284444,-1.37155505340056
0.0008824200000000001,3.47838264578639,-1.37155505340056
0.00088305,3.493173415778605,-1.360415524967546
0.0008836800000000001,3.493173415778605,-1.35298917267887
0.00088431,3.500568800774712,-1.360415524967546
0.0008849400000000001,3.504266493272765,-1.341849644245856
0.00088557,3.511661878268873,-1.326996939668505
0.0008862000000000001,3.511661878268873,-1.315857411235491
0.00088683,3.526452648261087,-1.315857411235491
0.0008874600000000001,3.541243418253301,-1.323283763524167
0.00088809,3.537545725755248,-1.304717882802477
0.0008887200000000001,3.537545725755248,-1.308431058946815
0.00088935,3.559731880743569,-1.297291530513801
0.0008899800000000001,3.567127265739677,-1.304717882802477
0.00089061,3.563429573241623,-1.297291530513801
0.0008912400000000001,3.581918035731891,-1.275012473647774
0.00089187,3.578220343233837,-1.275012473647774
0.0008925000000000001,3.585615728229945,-1.267586121359098
0.00089313,3.604104190720212,-1.256446592926084
0.0008937600000000001,3.600406498222159,-1.252733416781746
0.00089439,3.607801883218266,-1.260159769070422
0.0008950200000000001,3.615197268214373,-1.241593888348733
0.00089565,3.62259265321048,-1.237880712204394
0.0008962800000000001,3.618894960712427,-1.226741183771381
0.00089691,3.633685730704641,-1.226741183771381
0.0008975400000000001,3.644778808198802,-1.219314831482705
0.00089817,3.652174193194909,-1.208175303049691
0.0008988000000000001,3.652174193194909,-1.208175303049691
0.00089943,3.652174193194909,-1.197035774616677
0.0009000600000000001,3.67436034818323,-1.189609422328002
0.00090069,3.67436034818323,-1.185896246183664
0.0009013200000000001,3.689151118175444,-1.189609422328002
0.00090195,3.67436034818323,-1.182183070039326
0.00090258,3.685453425677391,-1.178469893894988
0.00090321,3.689151118175444,-1.163617189317636
0.00090384,3.707639580665712,-1.171043541606312
0.00090447,3.711337273163766,-1.159904013173298
0.0009051,3.72612804315598,-1.141338132451609
0.0009057300000000001,3.729825735654034,-1.115345899441243
0.00090636,3.744616505646248,-1.122772251729919
0.0009069900000000001,3.755709583140409,-1.130198604018595
0.00090762,3.755709583140409,-1.119059075585581
0.0009082500000000001,3.759407275638463,-1.115345899441243
0.00090888,3.76680266063457,-1.107919547152567
0.0009095100000000001,3.770500353132624,-1.104206371008229
0.00091014,3.770500353132624,-1.096780018719554
0.0009107700000000001,3.781593430626784,-1.089353666430878
0.0009114,3.792686508120945,-1.078214137997864
0.0009120300000000001,3.800081893117052,-1.063361433420512
0.00091266,3.80747727811316,-1.06707460956485
0.0009132900000000001,3.80747727811316,-1.055935081131836
0.00091392,3.822268048105374,-1.059648257276174
0.0009145500000000001,3.825965740603428,-1.037369200410147
0.00091518,3.837058818097588,-1.029942848121471
0.0009158100000000001,3.837058818097588,-1.044795552698823
0.00091644,3.851849588089802,-1.029942848121471
0.0009170700000000001,3.866640358082017,-1.026229671977133
0.0009177,3.874035743078124,-1.003950615111106
0.0009183300000000001,3.874035743078124,-1.011376967399781
0.00091896,3.877733435576177,-1.000237438966767
0.0009195900000000001,3.881431128074231,-0.9965242628224297
0.00092022,3.885128820572285,-0.981671558245078
0.0009208500000000001,3.903617283062553,-0.9779583821007402
0.00092148,3.907314975560606,-0.9705320298120642
0.0009221100000000001,3.918408053054767,-0.9593925013790504
0.00092274,3.914710360556713,-0.9593925013790504
0.0009233700000000001,3.914710360556713,-0.9556793252347126
0.000924,3.936896515545035,-0.9445397968016987
0.0009246300000000001,3.947989593039195,-0.9334002683686849
0.00092526,3.96278036303141,-0.9222607399356714
0.0009258900000000001,3.973873440525571,-0.9148343876469954
0.00092652,3.973873440525571,-0.9111212115026576
0.0009271500000000001,3.970175748027517,-0.9185475637913333
0.00092778,3.981268825521678,-0.9036948592139816
0.0009284100000000001,3.996059595513892,-0.88884215463663
0.00092904,4.007152673008052,-0.8925553307809678
0.0009296700000000001,4.003454980509999,-0.8777026262036163
0.0009303,4.021943443000267,-0.8702762739149404
0.0009309300000000001,4.021943443000267,-0.8591367454819266
0.00093156,4.029338827996375,-0.8628499216262645
0.0009321900000000001,4.033036520494428,-0.8554235693375887
0.00093282,4.051524982984696,-0.844284040904575
0.0009334500000000001,4.066315752976911,-0.840570864760237
0.00093408,4.066315752976911,-0.8257181601828854
0.0009347100000000001,4.070013445474964,-0.7997259271725199
0.00093534,4.077408830471071,-0.8034391033168579
0.0009359700000000001,4.092199600463285,-0.7922995748838441
0.0009366,4.103292677957446,-0.7960127510281819
0.0009372300000000001,4.099594985459392,-0.7811600464508303
0.00093786,4.103292677957446,-0.7811600464508303
0.00093849,4.114385755451607,-0.7737336941621544
0.00093912,4.114385755451607,-0.7625941657291406
0.00093975,4.129176525443821,-0.7551678134404648
0.0009403800000000001,4.136571910439928,-0.7588809895848028
0.00094101,4.147664987934089,-0.7440282850074511
0.0009416400000000001,4.16985114292241,-0.7366019327187753
0.00094227,4.180944220416571,-0.7366019327187753
0.0009429000000000001,4.173548835420464,-0.7180360519970856
0.00094353,4.188339605412678,-0.7180360519970856
0.0009441600000000001,4.199432682906839,-0.7180360519970856
0.00094479,4.192037297910732,-0.699470171275396
0.0009454200000000001,4.203130375404893,-0.6920438189867202
0.00094605,4.210525760401,-0.6809042905537064
0.0009466800000000001,4.221618837895161,-0.6883306428423822
0.00094731,4.229014222891267,-0.6771911144093685
0.0009479400000000001,4.229014222891267,-0.6586252336876789
0.00094857,4.243804992883482,-0.6549120575433409
0.0009492000000000001,4.269688840369858,-0.6549120575433409
0.00094983,4.265991147871803,-0.6474857052546651
0.0009504600000000001,4.269688840369858,-0.6326330006773134
0.00095109,4.277084225365964,-0.6177802960999618
0.0009517200000000001,4.284479610362071,-0.6214934722442996
0.00095235,4.291874995358179,-0.6177802960999618
0.0009529800000000001,4.310363457848447,-0.6029275915226101
0.00095361,4.306665765350393,-0.6029275915226101
0.0009542400000000001,4.3140611503465,-0.5843617108009205
0.00095487,4.332549612836768,-0.5769353585122446
0.0009555000000000001,4.332549612836768,-0.5695090062235688
0.00095613,4.336247305334822,-0.5695090062235688
0.0009567600000000001,4.343642690330929,-0.562082653934893
0.00095739,4.351038075327036,-0.554656301646217
0.0009580200000000001,4.365828845319251,-0.5435167732132034
0.00095865,4.376921922813411,-0.5286640686358517
0.0009592800000000001,4.380619615311465,-0.5323772447801896
0.00095991,4.388015000307572,-0.5249508924915137
0.0009605400000000001,4.395410385303679,-0.5212377163471758
0.00096117,4.399108077801733,-0.5063850117698241
0.0009618000000000001,4.410201155295893,-0.5026718356254862
0.00096243,4.436085002782269,-0.4878191310481345
0.0009630600000000001,4.428689617786161,-0.4766796026151208
0.00096369,4.443480387778376,-0.4692532503264449
0.0009643200000000001,4.45827115777059,-0.4729664264707828
0.00096495,4.465666542766697,-0.4581137218934311
0.0009655800000000001,4.465666542766697,-0.4544005457490932
0.00096621,4.461968850268644,-0.4358346650274036
0.0009668400000000001,4.473061927762805,-0.4432610173160795
0.00096747,4.46936423526475,-0.4321214888830657
0.0009681000000000001,4.487852697755018,-0.4246951365943898
0.00096873,4.502643467747233,-0.413555608161376
0.0009693600000000001,4.502643467747233,-0.3987029035840244
0.00096999,4.513736545241394,-0.3912765512953486
0.0009706200000000001,4.535922700229715,-0.3912765512953486
0.00097125,4.543318085225822,-0.3912765512953486
0.0009718800000000001,4.539620392727769,-0.3949897274396865
0.00097251,4.554411162719983,-0.3838501990066727
0.0009731400000000001,4.558108855218037,-0.3615711421406451
0.00097377,4.572899625210251,-0.3392920852746176
0.0009744,4.583992702704412,-0.3392920852746176
0.0009750300000000001,4.587690395202466,-0.324439380697266
0.00097566,4.595085780198573,-0.3318657329859418
0.0009762900000000001,4.595085780198573,-0.320726204552928
0.00097692,4.617271935186894,-0.2984471476869005
0.00097755,4.635760397677162,-0.3058734999755763
0.0009781799999999999,4.635760397677162,-0.2910207953982247
0.0009788099999999999,4.624667320183002,-0.2798812669652109
0.00097944,4.646853475171323,-0.2835944431095488
0.00098007,4.65424886016743,-0.2650285623878592
0.0009806999999999999,4.661644245163537,-0.2576022100991834
0.0009813299999999999,4.672737322657698,-0.2613153862435212
0.00098196,4.680132707653805,-0.2576022100991834
0.00098259,4.687528092649912,-0.2464626816661696
0.0009832199999999999,4.687528092649912,-0.22789680094448
0.0009838499999999999,4.698621170144073,-0.2353231532331558
0.00098448,4.713411940136288,-0.2204704486558041
0.00098511,4.720807325132395,-0.2019045679341145
0.0009857399999999999,4.739295787622662,-0.1981913917897766
0.0009863699999999999,4.731900402626556,-0.1907650395011008
0.000987,4.742993480120716,-0.1944782156454387
0.00098763,4.75778425011293,-0.1759123349237491
0.0009882599999999999,4.761481942610984,-0.1759123349237491
0.0009888899999999999,4.776272712603198,-0.1684859826350732
0.00098952,4.779970405101252,-0.1462069257690457
0.00099015,4.779970405101252,-0.1424937496247078
0.0009907799999999999,4.791063482595413,-0.1350673973360319
0.0009914099999999999,4.805854252587627,-0.1387805734803699
0.00099204,4.813249637583734,-0.1276410450473561
0.00099267,4.835435792572055,-0.1127883404700044
0.0009932999999999999,4.824342715077895,-0.1090751643256665
0.0009939299999999999,4.835435792572055,-0.08308293131530106
0.00099456,4.853924255062323,-0.08308293131530106
0.00099519,4.865017332556484,-0.09050928360397689
0.0009958199999999999,4.865017332556484,-0.0756565790266252
0.0009964499999999999,4.861319640058431,-0.07194340288228729
0.00099708,4.883505795046752,-0.0570906983049356
0.00099771,4.890901180042859,-0.04223799372758391
0.0009983399999999999,4.90199425753702,-0.03481164143890808
0.0009989699999999998,4.920482720027288,-0.02738528915023225
0.0009996,4.927878105023395,-0.01624576071721848
0.00100023,4.927878105023395,-0.01624576071721848
0.00100086,4.938971182517556,-0.001393056139866788
0.00100149,4.957459645007824,-0.001393056139866788
0.00100212,4.946366567513663,0.002320120004471127
0.00100275,4.961157337505878,0.01717282458182282
0.00100338,4.972250415000039,0.02831235301483659
0.00100401,4.979645799996145,0.03945188144785035
0.00100464,4.987041184992252,0.03573870530351242
0.00100527,4.998134262486413,0.05430458602520204
0.0010059,4.990738877490307,0.06173093831387787
0.00100653,5.00552964748252,0.0654441144582158
0.00100716,5.020320417474735,0.08029681903556748
0.00100779,5.035111187466949,0.08772317132424332
0.00100842,5.038808879965003,0.08772317132424332
0.00100905,5.049901957459164,0.09143634746858124
0.00100968,5.060995034953324,0.1062890520459329
0.00101031,5.060995034953324,0.1137154043346088
0.00101094,5.068390419949432,0.1137154043346088
0.00101157,5.090576574937753,0.1285681089119605
0.0010122,5.079483497443592,0.1359944612006363
0.00101283,5.090576574937753,0.1434208134893121
0.00101346,5.094274267435806,0.1545603419223259
0.00101409,5.101669652431914,0.1694130464996776
0.00101472,5.112762729926074,0.1694130464996776
0.00101535,5.131251192416342,0.1731262226440155
0.00101598,5.13864657741245,0.1768393987883534
0.00101661,5.146041962408557,0.1954052795100431
0.00101724,5.157135039902718,0.2102579840873947
0.00101787,5.175623502392986,0.2102579840873947
0.0010185,5.168228117396878,0.2102579840873947
0.00101913,5.171925809894931,0.2139711602317326
0.00101976,5.175623502392986,0.2288238648090843
0.00102039,5.186716579887146,0.2325370409534223
0.00102102,5.190414272385199,0.2325370409534223
0.00102165,5.205205042377414,0.243676569386436
0.00102228,5.212600427373522,0.2622424501081256
0.00102291,5.227391197365735,0.2659556262524636
0.00102354,5.23108888986379,0.2733819785411394
0.00102417,5.24218196735795,0.2845215069741531
0.0010248,5.253275044852111,0.291947859262829
0.00102543,5.268065814844325,0.3105137399845186
0.00102606,5.264368122346271,0.3142269161288566
0.00102669,5.279158892338486,0.3105137399845186
0.00102732,5.279158892338486,0.3179400922731944
0.00102795,5.290251969832647,0.3253664445618702
0.00102858,5.297647354828753,0.3365059729948841
0.00102921,5.301345047326807,0.3587850298609115
0.00102984,5.319833509817075,0.3550718537165737
0.00103047,5.338321972307343,0.3550718537165737
0.0010311,5.338321972307343,0.3773509105826012
0.00103173,5.349415049801504,0.3922036151599528
0.00103236,5.349415049801504,0.3996299674486287
0.00103299,5.353112742299557,0.3959167913042908
0.00103362,5.367903512291772,0.3996299674486287
0.00103425,5.378996589785933,0.4107694958816425
0.00103488,5.375298897287879,0.4070563197373046
0.00103551,5.390089667280093,0.43304855274767
0.00103614,5.401182744774254,0.4293353766033321
0.00103677,5.401182744774254,0.4404749050363459
0.0010374,5.412275822268414,0.4441880811806838
0.00103803,5.427066592260629,0.4553276096136976
0.00103866,5.43815966975479,0.4664671380467112
0.00103929,5.441857362252843,0.481319842624063
0.00103992,5.445555054750897,0.4776066664797251
0.00104055,5.452950439747005,0.4924593710570767
0.00104118,5.467741209739218,0.4961725472014147
0.00104181,5.478834287233379,0.5035988994900905
0.00104244,5.482531979731433,0.5184516040674422
0.00104307,5.493625057225594,0.5184516040674422
0.0010437,5.501020442221701,0.5073120756344284
0.00104433,5.512113519715862,0.5333043086447938
0.00104496,5.523206597210022,0.5444438370778076
0.00104559,5.526904289708076,0.5518701893664835
0.00104622,5.537997367202236,0.5630097177994973
0.00104685,5.552788137194451,0.574149246232511
0.00104748,5.552788137194451,0.574149246232511
0.00104811,5.552788137194451,0.5890019508098627
0.00104874,5.567578907186665,0.5890019508098627
0.00104937,5.571276599684719,0.6038546553872144
0.00105,5.589765062174987,0.6001414792428764
0.00105063,5.59346275467304,0.6075678315315522
0.00105126,5.604555832167201,0.6187073599645661
0.00105189,5.615648909661362,0.6372732406862557
0.00105252,5.611951217163308,0.6446995929749315
0.00105315,5.626741987155523,0.6446995929749315
0.00105378,5.634137372151629,0.6558391214079452
0.00105441,5.641532757147737,0.670691825985297
0.00105504,5.656323527139952,0.6744050021296348
0.00105567,5.652625834641897,0.6781181782739728
0.0010563,5.671114297132165,0.6744050021296348
0.00105693,5.671114297132165,0.6929708828513245
0.00105756,5.671114297132165,0.7041104112843383
0.00105819,5.682207374626326,0.7041104112843383
0.00105882,5.689602759622433,0.7078235874286761
0.00105945,5.708091222112701,0.7189631158616899
0.00106008,5.715486607108809,0.7263894681503658
0.00106071,5.726579684602969,0.7263894681503658
0.00106134,5.726579684602969,0.7375289965833796
0.00106197,5.733975069599077,0.7375289965833796
0.0010626,5.73767276209713,0.7486685250163932
0.00106323,5.745068147093237,0.7598080534494071
0.00106386,5.756161224587398,0.7672344057380829
0.00106449,5.770951994579613,0.7746607580267587
0.00106512,5.770951994579613,0.7820871103154345
0.00106575,5.774649687077666,0.7895134626041104
0.00106638,5.793138149567934,0.8006529910371242
0.00106701,5.807928919560148,0.8006529910371242
0.00106764,5.796835842065987,0.811792519470138
0.00106827,5.815324304556255,0.8192188717588138
0.0010689,5.822719689552363,0.8192188717588138
0.00106953,5.833812767046523,0.8303584001918275
0.00107016,5.837510459544577,0.8303584001918275
0.00107079,5.837510459544577,0.8452111047691793
0.00107142,5.844905844540684,0.8526374570578551
0.00107205,5.855998922034845,0.8637769854908688
0.00107268,5.859696614532899,0.8637769854908688
0.00107331,5.88188276952122,0.8786296900682206
0.00107394,5.896673539513435,0.8860560423568964
0.00107457,5.885580462019274,0.8860560423568964
0.0010752,5.889278154517327,0.904621923078586
0.00107583,5.904068924509541,0.9083350992229239
0.00107646,5.918859694501756,0.9083350992229239
0.00107709,5.918859694501756,0.9157614515115997
0.00107772,5.929952771995916,0.9380405083776273
0.00107835,5.926255079497863,0.949180036810641
0.00107898,5.929952771995916,0.9454668606663031
0.00107961,5.941045849490077,0.9454668606663031
0.00108024,5.963232004478399,0.9454668606663031
0.00108087,5.97432508197256,0.9640327413879927
0.0010815,5.97432508197256,0.9640327413879927
0.00108213,5.97432508197256,0.9677459175323306
0.00108276,6.000208929458934,0.9788854459653444
0.00108339,5.996511236960881,0.9788854459653444
0.00108402,6.003906621956988,0.9863117982540203
0.00108465,5.996511236960881,0.997451326687034
0.00108528,6.014999699451149,1.012304031264386
0.00108591,6.02609277694531,1.023443559697399
0.00108654,6.029790469443363,1.038296264274751
0.00108717,6.044581239435578,1.027156735841738
0.0010878,6.051976624431685,1.045722616563427
0.00108843,6.059372009427792,1.045722616563427
0.00108906,6.074162779420006,1.053148968852103
0.00108969,6.070465086921953,1.053148968852103
0.00109032,6.074162779420006,1.060575321140779
0.00109095,6.096348934408327,1.071714849573792
0.00109158,6.096348934408327,1.068001673429455
0.00109221,6.103744319404435,1.086567554151144
0.00109284,6.107442011902489,1.090280730295482
0.00109347,6.122232781894703,1.101420258728496
0.0010941,6.11853508939665,1.116272963305847
0.00109473,6.122232781894703,1.11255978716151
0.00109536,6.133325859388863,1.134838844027537
0.00109599,6.140721244384971,1.127412491738861
0.00109662,6.155512014377186,1.134838844027537
0.00109725,6.140721244384971,1.145978372460551
0.00109788,6.151814321879131,1.145978372460551
0.00109851,6.177698169365507,1.157117900893565
0.00109914,6.174000476867453,1.157117900893565
0.00109977,6.188791246859667,1.160831077037903
0.0011004,6.196186631855775,1.171970605470916
0.00110103,6.199884324353828,1.179396957759592
0.00110166,6.196186631855775,1.186823310048268
0.00110229,6.207279709349935,1.190536486192606
0.00110292,6.22207047934215,1.194249662336944
0.00110355,6.225768171840203,1.197962838481282
0.00110418,6.229465864338257,1.209102366914296
0.00110481,6.233163556836311,1.212815543058634
0.00110544,6.255349711824632,1.212815543058634
0.00110607,6.247954326828525,1.235094599924661
0.0011067,6.266442789318793,1.231381423780323
0.00110733,6.266442789318793,1.246234128357675
0.00110796,6.270140481816846,1.227668247635985
0.00110859,6.2738381743149,1.235094599924661
0.00110922,6.288628944307114,1.257373656790689
0.00110985,6.296024329303221,1.264800009079365
0.00111048,6.292326636805168,1.27222636136804
0.00111111,6.292326636805168,1.268513185223702
0.00111174,6.296024329303221,1.283365889801054
0.00111237,6.307117406797382,1.29079224208973
0.001113,6.310815099295436,1.294505418234068
0.00111363,6.321908176789597,1.298218594378406
0.00111426,6.333001254283757,1.30935812281142
0.00111489,6.340396639279865,1.30935812281142
0.00111552,6.344094331777918,1.316784475100095
0.00111615,6.344094331777918,1.324210827388771
0.00111678,6.351489716774025,1.327924003533109
0.00111741,6.369978179264293,1.335350355821785
0.00111804,6.381071256758454,1.342776708110461
0.00111867,6.373675871762346,1.335350355821785
0.0011193,6.369978179264293,1.346489884254799
0.00111993,6.384768949256507,1.368768941120826
0.00112056,6.395862026750669,1.376195293409502
0.00112119,6.425443566735097,1.372482117265164
0.00112182,6.414350489240936,1.37990846955384
0.00112245,6.421745874237043,1.383621645698178
0.00112308,6.42914125923315,1.402187526419868
0.00112371,6.42914125923315,1.405900702564205
0.00112434,6.436536644229258,1.413327054852881
0.00112497,6.447629721723418,1.424466583285895
0.0011256,6.458722799217579,1.420753407141557
0.00112623,6.462420491715632,1.420753407141557
0.00112686,6.46981587671174,1.424466583285895
0.00112749,6.477211261707847,1.424466583285895
0.00112812,6.466118184213686,1.428179759430233
0.00112875,6.4809089542059,1.450458816296261
0.00112938,6.492002031700062,1.454171992440598
0.00113001,6.499397416696168,1.461598344729274
0.00113064,6.488304339202008,1.443032464007585
0.00113127,6.492002031700062,1.457885168584936
0.0011319,6.506792801692276,1.465311520873612
0.00113253,6.52158357168449,1.46902469701795
0.00113316,6.514188186688383,1.472737873162288
0.00113379,6.52158357168449,1.480164225450964
0.00113442,6.525281264182544,1.48759057773964
0.00113505,6.547467419170865,1.491303753883978
0.00113568,6.532676649178651,1.502443282316991
0.00113631,6.554862804166972,1.498730106172653
0.00113694,6.554862804166972,1.509869634605667
0.00113757,6.558560496665025,1.517295986894343
0.0011382,6.554862804166972,1.524722339183019
0.00113883,6.565955881661133,1.528435515327357
0.00113946,6.569653574159187,1.528435515327357
0.00114009,6.57335126665724,1.524722339183019
0.00114072,6.580746651653348,1.528435515327357
0.00114135,6.591839729147508,1.554427748337722
0.00114198,6.595537421645561,1.547001396049047
0.00114261,6.602932806641669,1.55814092448206
0.00114324,6.610328191637776,1.565567276770736
0.00114387,6.606630499139722,1.565567276770736
0.0011445,6.617723576633884,1.569280452915074
0.00114513,6.617723576633884,1.580419981348088
0.00114576,6.617723576633884,1.572993629059412
0.00114639,6.632514346626097,1.572993629059412
0.00114702,6.636212039124151,1.584133157492426
0.00114765,6.643607424120258,1.57670680520375
0.00114828,6.647305116618312,1.595272685925439
0.00114891,6.651002809116365,1.610125390502791
0.00114954,6.654700501614419,1.610125390502791
0.00115017,6.658398194112473,1.610125390502791
0.0011508,6.673188964104687,1.617551742791467
0.00115143,6.673188964104687,1.624978095080143
0.00115206,6.691677426594955,1.624978095080143
0.00115269,6.680584349100794,1.628691271224481
0.00115332,6.687979734096901,1.632404447368819
0.00115395,6.695375119093009,1.636117623513156
0.00115458,6.684282041598848,1.639830799657495
0.00115521,6.695375119093009,1.64725715194617
0.00115584,6.706468196587169,1.658396680379184
0.00115647,6.702770504089115,1.654683504234846
0.0011571,6.710165889085223,1.662109856523522
0.00115773,6.721258966579383,1.66582303266786
0.00115836,6.724956659077437,1.673249384956536
0.00115899,6.728654351575491,1.673249384956536
0.00115962,6.739747429069651,1.68438891338955
0.00116025,6.736049736571598,1.676962561100874
0.00116088,6.747142814065759,1.688102089533887
0.00116151,6.750840506563812,1.695528441822563
0.00116214,6.750840506563812,1.695528441822563
0.00116277,6.761933584057973,1.706667970255577
0.0011634,6.761933584057973,1.714094322544253
0.00116403,6.76932896905408,1.710381146399915
0.00116466,6.776724354050187,1.699241617966901
0.00116529,6.780422046548241,1.710381146399915
0.00116592,6.784119739046295,1.728947027121605
0.00116655,6.791515124042402,1.728947027121605
0.00116718,6.798910509038508,1.740086555554618
0.00116781,6.806305894034616,1.73637337941028
0.00116844,6.81000358653267,1.747512907843294
0.00116907,6.81000358653267,1.751226083987632
0.0011697,6.806305894034616,1.75493926013197
0.00117033,6.813701279030723,1.743799731698956
0.00117096,6.813701279030723,1.766078788564984
0.00117159,6.821096664026831,1.75493926013197
0.00117222,6.832189741520991,1.758652436276308
0.00117285,6.832189741520991,1.769791964709322
0.00117348,6.832189741520991,1.769791964709322
0.00117411,6.839585126517099,1.77350514085366
0.00117474,6.843282819015152,1.780931493142335
0.00117537,6.846980511513205,1.780931493142335
0.001176,6.835887434019044,1.780931493142335
0.00117663,6.850678204011259,1.769791964709322
0.00117726,6.86177128150542,1.777218316997998
0.00117789,6.850678204011259,1.788357845431011
0.00117852,6.858073589007367,1.792071021575349
0.00117915,6.854375896509312,1.799497373864025
0.00117978,6.876562051497634,1.799497373864025
0.00118041,6.883957436493741,1.810636902297039
0.00118104,6.87286435899958,1.810636902297039
0.00118167,6.876562051497634,1.810636902297039
0.0011823,6.883957436493741,1.818063254585715
0.00118293,6.883957436493741,1.810636902297039
0.00118356,6.891352821489848,1.814350078441377
0.00118419,6.898748206485956,1.836629135307404
0.00118482,6.906143591482063,1.825489606874391
0.00118545,6.909841283980116,1.825489606874391
0.00118608,6.906143591482063,1.829202783018729
0.00118671,6.906143591482063,1.818063254585715
0.00118734,6.91353897647817,1.84405548759608
0.00118797,6.920934361474277,1.840342311451742
0.0011886,6.91353897647817,1.84405548759608
0.00118923,6.928329746470384,1.847768663740418
0.00118986,6.924632053972331,1.855195016029094
0.00119049,6.924632053972331,1.851481839884756
0.00119112,6.920934361474277,1.858908192173432
0.00119175,6.932027438968438,1.866334544462108
0.00119238,6.928329746470384,1.870047720606446
0.00119301,6.943120516462598,1.870047720606446
0.00119364,6.943120516462598,1.866334544462108
0.00119427,6.95421359395676,1.866334544462108
0.0011949,6.95421359395676,1.884900425183797
0.00119553,6.961608978952866,1.873760896750784
0.00119616,6.961608978952866,1.877474072895121
0.00119679,6.957911286454813,1.884900425183797
0.00119742,6.96530667145092,1.892326777472473
0.00119805,6.972702056447027,1.896039953616811
0.00119868,6.972702056447027,1.896039953616811
0.00119931,6.976399748945081,1.903466305905487
0.00119994,6.969004363948974,1.903466305905487
0.00120057,6.976399748945081,1.899753129761149
0.0012012,6.987492826439242,1.888613601328135
0.00120183,6.987492826439242,1.896039953616811
0.00120246,6.987492826439242,1.907179482049825
0.00120309,6.994888211435349,1.914605834338501
0.00120372,6.994888211435349,1.910892658194163
0.00120435,7.009678981427562,1.914605834338501
0.00120498,6.994888211435349,1.910892658194163
0.00120561,7.002283596431456,1.918319010482839
0.00120624,6.998585903933402,1.918319010482839
0.00120687,6.994888211435349,1.922032186627177
0.0012075,7.002283596431456,1.925745362771514
0.00120813,7.013376673925617,1.918319010482839
0.00120876,7.009678981427562,1.929458538915852
0.00120939,7.00598128892951,1.929458538915852
0.00121002,7.009678981427562,1.936884891204528
0.00121065,7.013376673925617,1.929458538915852
0.00121128,7.024469751419778,1.929458538915852
0.00121191,7.024469751419778,1.925745362771514
0.00121254,7.024469751419778,1.936884891204528
0.00121317,7.02816744391783,1.936884891204528
0.0012138,7.020772058921724,1.940598067348866
0.00121443,7.020772058921724,1.944311243493204
0.00121506,7.031865136415885,1.940598067348866
0.00121569,7.035562828913938,1.948024419637542
0.00121632,7.035562828913938,1.948024419637542
0.00121695,7.042958213910046,1.944311243493204
0.00121758,7.035562828913938,1.93317171506019
0.00121821,7.031865136415885,1.948024419637542
0.00121884,7.039260521411991,1.944311243493204
0.00121947,7.039260521411991,1.955450771926218
0.0012201,7.039260521411991,1.948024419637542
0.00122073,7.031865136415885,1.962877124214894
0.00122136,7.039260521411991,1.959163948070556
0.00122199,7.057748983902259,1.970303476503569
0.00122262,7.046655906408098,1.966590300359232
0.00122325,7.050353598906153,1.962877124214894
0.00122388,7.057748983902259,1.966590300359232
0.00122451,7.057748983902259,1.977729828792245
0.00122514,7.054051291404206,1.970303476503569
0.00122577,7.065144368898366,1.962877124214894
0.0012264,7.061446676400314,1.95173759578188
0.00122703,7.057748983902259,1.966590300359232
0.00122766,7.057748983902259,1.974016652647907
0.00122829,7.057748983902259,1.974016652647907
0.00122892,7.057748983902259,1.974016652647907
0.00122955,7.06884206139642,1.981443004936583
0.00123018,7.065144368898366,1.985156181080921
0.00123081,7.072539753894474,1.974016652647907
0.00123144,7.065144368898366,1.977729828792245
0.00123207,7.065144368898366,1.988869357225259
0.0012327,7.06884206139642,1.981443004936583
0.00123333,7.072539753894474,1.996295709513935
0.00123396,7.072539753894474,1.992582533369597
0.00123459,7.072539753894474,1.981443004936583
0.00123522,7.076237446392527,2.000008885658273
0.00123585,7.083632831388634,1.988869357225259
0.00123648,7.079935138890582,1.981443004936583
0.00123711,7.079935138890582,1.988869357225259
0.00123774,7.076237446392527,1.985156181080921
0.00123837,7.072539753894474,1.988869357225259
0.001239,7.079935138890582,1.992582533369597
0.00123963,7.091028216384742,1.985156181080921
0.00124026,7.083632831388634,1.981443004936583
0.00124089,7.079935138890582,1.981443004936583
0.00124152,7.079935138890582,1.996295709513935
0.00124215,7.06884206139642,1.988869357225259
0.00124278,7.087330523886688,1.992582533369597
0.00124341,7.083632831388634,1.992582533369597
0.00124404,7.072539753894474,1.988869357225259
0.00124467,7.079935138890582,1.985156181080921
0.0012453,7.083632831388634,1.981443004936583
0.00124593,7.083632831388634,1.988869357225259
0.00124656,7.091028216384742,2.000008885658273
0.00124719,7.079935138890582,1.992582533369597
0.00124782,7.087330523886688,1.981443004936583
0.00124845,7.083632831388634,1.985156181080921
0.00124908,7.076237446392527,1.992582533369597
0.00124971,7.079935138890582,1.988869357225259
0.00125034,7.079935138890582,1.977729828792245
0.00125097,7.079935138890582,2.000008885658273
0.0012516,7.091028216384742,1.992582533369597
0.00125223,7.087330523886688,1.981443004936583
0.00125286,7.079935138890582,1.992582533369597
0.00125349,7.091028216384742,1.996295709513935
0.00125412,7.079935138890582,1.996295709513935
0.00125475,7.094725908882795,1.992582533369597
0.00125538,7.091028216384742,1.996295709513935
0.00125601,7.076237446392527,1.992582533369597
0.00125664,7.083632831388634,1.988869357225259
0.00125727,7.083632831388634,1.988869357225259
0.0012579,7.087330523886688,1.985156181080921
0.00125853,7.094725908882795,1.992582533369597
0.00125916,7.087330523886688,1.996295709513935
0.00125979,7.076237446392527,1.996295709513935
0.00126042,7.087330523886688,1.988869357225259
0.00126105,7.079935138890582,1.985156181080921
0.00126168,7.083632831388634,1.977729828792245
0.00126231,7.079935138890582,1.988869357225259
0.00126294,7.083632831388634,1.981443004936583
0.00126357,7.087330523886688,1.981443004936583
0.0012642,7.072539753894474,1.988869357225259
0.00126483,7.087330523886688,1.988869357225259
0.00126546,7.091028216384742,1.977729828792245
0.00126609,7.091028216384742,1.992582533369597
0.00126672,7.087330523886688,1.988869357225259
0.00126735,7.079935138890582,1.985156181080921
0.00126798,7.076237446392527,1.970303476503569
0.00126861,7.079935138890582,1.970303476503569
0.00126924,7.083632831388634,1.981443004936583
0.00126987,7.083632831388634,1.977729828792245
0.0012705,7.057748983902259,1.970303476503569
0.00127113,7.057748983902259,1.966590300359232
0.00127176,7.065144368898366,1.966590300359232
0.00127239,7.065144368898366,1.962877124214894
0.00127302,7.076237446392527,1.959163948070556
0.00127365,7.072539753894474,1.970303476503569
0.00127428,7.065144368898366,1.977729828792245
0.00127491,7.06884206139642,1.981443004936583
0.00127554,7.061446676400314,1.959163948070556
0.00127617,7.065144368898366,1.962877124214894
0.0012768,7.057748983902259,1.959163948070556
0.00127743,7.057748983902259,1.962877124214894
0.00127806,7.054051291404206,1.959163948070556
0.00127869,7.050353598906153,1.95173759578188
0.00127932,7.057748983902259,1.955450771926218
0.00127995,7.046655906408098,1.955450771926218
0.00128058,7.046655906408098,1.959163948070556
0.00128121,7.050353598906153,1.95173759578188
0.00128184,7.042958213910046,1.948024419637542
0.00128247,7.039260521411991,1.940598067348866
0.0012831,7.046655906408098,1.944311243493204
0.00128373,7.054051291404206,1.93317171506019
0.00128436,7.039260521411991,1.93317171506019
0.00128499,7.042958213910046,1.929458538915852
0.00128562,7.031865136415885,1.940598067348866
0.00128625,7.02816744391783,1.940598067348866
0.00128688,7.035562828913938,1.940598067348866
0.00128751,7.035562828913938,1.922032186627177
0.00128814,7.02816744391783,1.93317171506019
0.00128877,7.020772058921724,1.925745362771514
0.0012894,7.031865136415885,1.925745362771514
0.00129003,7.039260521411991,1.940598067348866
0.00129066,7.031865136415885,1.925745362771514
0.00129129,7.024469751419778,1.922032186627177
0.00129192,7.009678981427562,1.914605834338501
0.00129255,7.020772058921724,1.914605834338501
0.00129318,7.013376673925617,1.918319010482839
0.00129381,7.00598128892951,1.922032186627177
0.00129444,7.013376673925617,1.907179482049825
0.00129507,7.01707436642367,1.903466305905487
0.0012957,7.009678981427562,1.899753129761149
0.00129633,7.002283596431456,1.907179482049825
0.00129696,7.002283596431456,1.907179482049825
0.00129759,6.998585903933402,1.899753129761149
0.00129822,7.01707436642367,1.899753129761149
0.00129885,6.998585903933402,1.892326777472473
0.00129948,6.991190518937295,1.884900425183797
0.00130011,6.998585903933402,1.888613601328135
0.00130074,6.994888211435349,1.892326777472473
0.00130137,6.983795133941188,1.881187249039459
0.001302,6.987492826439242,1.892326777472473
0.00130263,6.976399748945081,1.877474072895121
0.00130326,6.969004363948974,1.877474072895121
0.00130389,6.980097441443134,1.866334544462108
0.00130452,6.96530667145092,1.877474072895121
0.00130515,6.96530667145092,1.86262136831777
0.00130578,6.96530667145092,1.86262136831777
0.00130641,6.957911286454813,1.86262136831777
0.00130704,6.95421359395676,1.84405548759608
0.00130767,6.957911286454813,1.84405548759608
0.0013083,6.946818208960652,1.858908192173432
0.00130893,6.950515901458706,1.851481839884756
0.00130956,6.950515901458706,1.847768663740418
0.00131019,6.939422823964545,1.851481839884756
0.00131082,6.939422823964545,1.840342311451742
0.00131145,6.95421359395676,1.829202783018729
0.00131208,6.943120516462598,1.832915959163066
0.00131271,6.920934361474277,1.832915959163066
0.00131334,6.917236668976224,1.829202783018729
0.00131397,6.928329746470384,1.836629135307404
0.0013146,6.909841283980116,1.832915959163066
0.00131523,6.91353897647817,1.821776430730053
0.00131586,6.909841283980116,1.818063254585715
0.00131649,6.902445898984009,1.810636902297039
0.00131712,6.917236668976224,1.806923726152701
0.00131775,6.909841283980116,1.803210550008363
0.00131838,6.902445898984009,1.795784197719687
0.00131901,6.895050513987902,1.806923726152701
0.00131964,6.895050513987902,1.792071021575349
0.00132027,6.883957436493741,1.777218316997998
0.0013209,6.891352821489848,1.784644669286674
0.00132153,6.891352821489848,1.784644669286674
0.00132216,6.87286435899958,1.788357845431011
0.00132279,6.883957436493741,1.777218316997998
0.00132342,6.87286435899958,1.780931493142335
0.00132405,6.876562051497634,1.780931493142335
0.00132468,6.865468974003473,1.769791964709322
0.00132531,6.869166666501527,1.758652436276308
0.00132594,6.865468974003473,1.762365612420646
0.00132657,6.865468974003473,1.75493926013197
0.0013272,6.843282819015152,1.747512907843294
0.00132783,6.835887434019044,1.751226083987632
0.00132846,6.843282819015152,1.73637337941028
0.00132909,6.850678204011259,1.73637337941028
0.00132972,6.843282819015152,1.743799731698956
0.00133035,6.832189741520991,1.743799731698956
0.00133098,6.832189741520991,1.740086555554618
0.00133161,6.828492049022937,1.73637337941028
0.00133224,6.832189741520991,1.728947027121605
0.00133287,6.824794356524884,1.717807498688591
0.0013335,6.817398971528776,1.717807498688591
0.00133413,6.81000358653267,1.717807498688591
0.00133476,6.81000358653267,1.710381146399915
0.00133539,6.791515124042402,1.688102089533887
0.00133602,6.802608201536563,1.691815265678225
0.00133665,6.795212816540455,1.691815265678225
0.00133728,6.784119739046295,1.695528441822563
0.00133791,6.787817431544348,1.676962561100874
0.00133854,6.784119739046295,1.680675737245212
0.00133917,6.76932896905408,1.680675737245212
0.0013398,6.765631276556027,1.673249384956536
0.00134043,6.765631276556027,1.673249384956536
0.00134106,6.761933584057973,1.654683504234846
0.00134169,6.754538199061866,1.654683504234846
0.00134232,6.758235891559919,1.650970328090508
0.00134295,6.743445121567705,1.662109856523522
0.00134358,6.747142814065759,1.650970328090508
0.00134421,6.736049736571598,1.639830799657495
0.00134484,6.739747429069651,1.636117623513156
0.00134547,6.724956659077437,1.632404447368819
0.0013461,6.71756127408133,1.628691271224481
0.00134673,6.71756127408133,1.613838566647129
0.00134736,6.713863581583277,1.621264918935805
0.00134799,6.702770504089115,1.606412214358453
0.00134862,6.695375119093009,1.595272685925439
0.00134925,6.691677426594955,1.606412214358453
0.00134988,6.691677426594955,1.613838566647129
0.00135051,6.687979734096901,1.602699038214115
0.00135114,6.687979734096901,1.598985862069777
0.00135177,6.669491271606633,1.584133157492426
0.0013524,6.684282041598848,1.57670680520375
0.00135303,6.669491271606633,1.572993629059412
0.00135366,6.669491271606633,1.565567276770736
0.00135429,6.658398194112473,1.561854100626398
0.00135492,6.662095886610526,1.565567276770736
0.00135555,6.647305116618312,1.55814092448206
0.00135618,6.628816654128044,1.547001396049047
0.00135681,6.632514346626097,1.539575043760371
0.00135744,6.628816654128044,1.543288219904708
0.00135807,6.632514346626097,1.535861867616033
0.0013587,6.621421269131937,1.528435515327357
0.00135933,6.617723576633884,1.513582810750005
0.00135996,6.614025884135829,1.521009163038681
0.00136059,6.617723576633884,1.513582810750005
0.00136122,6.602932806641669,1.524722339183019
0.00136185,6.602932806641669,1.521009163038681
0.00136248,6.595537421645561,1.506156458461329
0.00136311,6.595537421645561,1.502443282316991
0.00136374,6.580746651653348,1.495016930028316
0.00136437,6.588142036649455,1.495016930028316
0.001365,6.565955881661133,1.483877401595302
0.00136563,6.558560496665025,1.476451049306626
0.00136626,6.554862804166972,1.461598344729274
0.00136689,6.554862804166972,1.454171992440598
0.00136752,6.536374341676704,1.461598344729274
0.00136815,6.528978956680597,1.450458816296261
0.00136878,6.543769726672812,1.443032464007585
0.00136941,6.536374341676704,1.435606111718909
0.00137004,6.514188186688383,1.443032464007585
0.00137067,6.514188186688383,1.435606111718909
0.0013713,6.510490494190329,1.409613878708543
0.00137193,6.495699724198115,1.420753407141557
0.00137256,6.499397416696168,1.424466583285895
0.00137319,6.492002031700062,1.405900702564205
0.00137382,6.488304339202008,1.394761174131192
0.00137445,6.477211261707847,1.387334821842516
0.00137508,6.473513569209794,1.387334821842516
0.00137571,6.477211261707847,1.376195293409502
0.00137634,6.473513569209794,1.391047997986854
0.00137697,6.455025106719526,1.37990846955384
0.0013776,6.458722799217579,1.365055764976488
0.00137823,6.443932029225365,1.365055764976488
0.00137886,6.440234336727311,1.353916236543474
0.00137949,6.443932029225365,1.342776708110461
0.00138012,6.41804818173899,1.346489884254799
0.00138075,6.421745874237043,1.335350355821785
0.00138138,6.410652796742882,1.331637179677447
0.00138201,6.410652796742882,1.331637179677447
0.00138264,6.403257411746775,1.30935812281142
0.00138327,6.388466641754561,1.30935812281142
0.0013839,6.384768949256507,1.30935812281142
0.00138453,6.381071256758454,1.305644946667082
0.00138516,6.362582794268186,1.301931770522744
0.00138579,6.366280486766239,1.298218594378406
0.00138642,6.377373564260401,1.29079224208973
0.00138705,6.355187409272078,1.27222636136804
0.00138768,6.358885101770133,1.268513185223702
0.00138831,6.344094331777918,1.261086832935026
0.00138894,6.333001254283757,1.261086832935026
0.00138957,6.32560586928765,1.264800009079365
0.0013902,6.329303561785704,1.257373656790689
0.00139083,6.318210484291543,1.242520952213337
0.00139146,6.321908176789597,1.246234128357675
0.00139209,6.310815099295436,1.231381423780323
0.00139272,6.314512791793489,1.223955071491647
0.00139335,6.299722021801275,1.227668247635985
0.00139398,6.292326636805168,1.216528719202971
0.00139461,6.292326636805168,1.216528719202971
0.00139524,6.2738381743149,1.212815543058634
0.00139587,6.270140481816846,1.197962838481282
0.0013965,6.2738381743149,1.18311013390393
0.00139713,6.251652019326579,1.18311013390393
0.00139776,6.247954326828525,1.179396957759592
0.00139839,6.236861249334364,1.171970605470916
0.00139902,6.218372786844096,1.153404724749227
0.00139965,6.240558941832417,1.149691548604889
0.00140028,6.225768171840203,1.160831077037903
0.00140091,6.214675094346043,1.142265196316213
0.00140154,6.218372786844096,1.131125667883199
0.00140217,6.214675094346043,1.131125667883199
0.0014028,6.203582016851882,1.119986139450186
0.00140343,6.203582016851882,1.11255978716151
0.00140406,6.185093554361614,1.108846611017172
0.00140469,6.177698169365507,1.097707082584158
0.00140532,6.166605091871346,1.082854378006806
0.00140595,6.151814321879131,1.082854378006806
0.00140658,6.148116629381078,1.082854378006806
0.00140721,6.140721244384971,1.068001673429455
0.00140784,6.137023551886918,1.060575321140779
0.00140847,6.12962816689081,1.071714849573792
0.0014091,6.122232781894703,1.064288497285117
0.00140973,6.107442011902489,1.049435792707765
0.00141036,6.100046626906382,1.045722616563427
0.00141099,6.096348934408327,1.038296264274751
0.00141162,6.088953549412221,1.019730383553062
0.00141225,6.092651241910274,1.012304031264386
0.00141288,6.088953549412221,1.012304031264386
0.00141351,6.070465086921953,0.997451326687034
0.00141414,6.070465086921953,0.9900249743983581
0.00141477,6.074162779420006,0.9937381505426961
0.0014154,6.063069701925846,0.9900249743983581
0.00141603,6.040883546937524,0.9714590936766686
0.00141666,6.029790469443363,0.9640327413879927
0.00141729,6.014999699451149,0.9714590936766686
0.00141792,6.018697391949202,0.949180036810641
0.00141855,6.014999699451149,0.9380405083776273
0.00141918,5.992813544462828,0.9269009799446135
0.00141981,6.003906621956988,0.9343273322332893
0.00142044,6.000208929458934,0.9380405083776273
0.00142107,5.98541815946672,0.9343273322332893
0.0014217,5.981720466968667,0.9194746276559377
0.00142233,5.970627389474506,0.9157614515115997
0.00142296,5.970627389474506,0.9083350992229239
0.00142359,5.959534311980345,0.8971955707899101
0.00142422,5.952138926984238,0.8971955707899101
0.00142485,5.93365046449397,0.8897692185012342
0.00142548,5.937348156992024,0.8712033377795447
0.00142611,5.937348156992024,0.8637769854908688
0.00142674,5.922557386999809,0.8600638093465309
0.00142737,5.915162002003703,0.8526374570578551
0.001428,5.915162002003703,0.8489242809135171
0.00142863,5.896673539513435,0.8377847524805034
0.00142926,5.904068924509541,0.8229320479031517
0.00142989,5.89297584701538,0.8266452240474896
0.00143052,5.885580462019274,0.8043661671814621
0.00143115,5.859696614532899,0.8192188717588138
0.00143178,5.867091999529006,0.8155056956144758
0.00143241,5.848603537038738,0.8043661671814621
0.00143304,5.837510459544577,0.7895134626041104
0.00143367,5.83011507454847,0.7858002864597725
0.0014343,5.833812767046523,0.7598080534494071
0.00143493,5.826417382050416,0.7523817011607312
0.00143556,5.819021997054309,0.7412421727277174
0.00143619,5.822719689552363,0.7449553488720554
0.00143682,5.800533534564041,0.7412421727277174
0.00143745,5.796835842065987,0.7449553488720554
0.00143808,5.774649687077666,0.7226762920060278
0.00143871,5.767254302081559,0.7301026442947037
0.00143934,5.759858917085452,0.7115367635730141
0.00143997,5.748765839591291,0.7078235874286761
0.0014406,5.745068147093237,0.6929708828513245
0.00144123,5.745068147093237,0.6855445305626486
0.00144186,5.741370454595184,0.6892577067069865
0.00144249,5.730277377101023,0.6744050021296348
0.00144312,5.722881992104916,0.6595522975522832
0.00144375,5.715486607108809,0.6632654736966211
0.00144438,5.708091222112701,0.6521259452636073
0.00144501,5.696998144618541,0.6484127691192694
0.00144564,5.678509682128273,0.6409864168305935
0.00144627,5.663718912136058,0.6372732406862557
0.0014469,5.67481198963022,0.6112810076758902
0.00144753,5.671114297132165,0.6112810076758902
0.00144816,5.652625834641897,0.6075678315315522
0.00144879,5.641532757147737,0.5890019508098627
0.00144942,5.637835064649684,0.5852887746655248
0.00145005,5.619346602159416,0.5852887746655248
0.00145068,5.615648909661362,0.5778624223768489
0.00145131,5.611951217163308,0.5630097177994973
0.00145194,5.600858139669148,0.5592965416551593
0.00145257,5.59346275467304,0.5592965416551593
0.0014532,5.589765062174987,0.5370174847891318
0.00145383,5.571276599684719,0.529591132500456
0.00145446,5.563881214688612,0.5333043086447938
0.00145509,5.556485829692504,0.5073120756344284
0.00145572,5.567578907186665,0.5221647802117801
0.00145635,5.549090444696398,0.5147384279231043
0.00145698,5.545392752198344,0.5035988994900905
0.00145761,5.537997367202236,0.4924593710570767
0.00145824,5.519508904711969,0.481319842624063
0.00145887,5.519508904711969,0.4850330187684009
0.0014595,5.504718134719754,0.4776066664797251
0.00146013,5.508415827217808,0.4701803141910492
0.00146076,5.48992736472754,0.4479012573250217
0.00146139,5.482531979731433,0.43304855274767
0.00146202,5.482531979731433,0.43304855274767
0.00146265,5.464043517241165,0.4441880811806838
0.00146328,5.460345824743111,0.4293353766033321
0.00146391,5.452950439747005,0.4219090243146563
0.00146454,5.434461977256737,0.4070563197373046
0.00146517,5.445555054750897,0.4107694958816425
0.0014658,5.427066592260629,0.4070563197373046
0.00146643,5.415973514766469,0.3922036151599528
0.00146706,5.408578129770361,0.3959167913042908
0.00146769,5.412275822268414,0.3736377344382633
0.00146832,5.401182744774254,0.3624982060052495
0.00146895,5.397485052276201,0.3439323252835599
0.00146958,5.382694282283986,0.3513586775722357
0.00147021,5.364205819793718,0.3365059729948841
0.00147084,5.364205819793718,0.3327927968505461
0.00147147,5.34571735730345,0.3253664445618702
0.0014721,5.342019664805397,0.3105137399845186
0.00147273,5.330926587311236,0.2993742115515048
0.00147336,5.334624279809289,0.2993742115515048
0.00147399,5.323531202315129,0.2993742115515048
0.00147462,5.308740432322915,0.2808083308298153
0.00147525,5.297647354828753,0.2696688023968015
0.00147588,5.290251969832647,0.2733819785411394
0.00147651,5.282856584836539,0.2696688023968015
0.00147714,5.282856584836539,0.2473897455307739
0.00147777,5.279158892338486,0.243676569386436
0.0014784,5.264368122346271,0.2399633932420981
0.00147903,5.253275044852111,0.2251106886647464
0.00147966,5.245879659856003,0.2288238648090843
0.00148029,5.23108888986379,0.2176843363760706
0.00148092,5.238484274859896,0.199118455654381
0.00148155,5.216298119871575,0.1916921033657051
0.00148218,5.205205042377414,0.1731262226440155
0.00148281,5.194111964883254,0.1805525749326913
0.00148344,5.190414272385199,0.1656998703553397
0.00148407,5.179321194891039,0.1656998703553397
0.0014847,5.171925809894931,0.1582735180666638
0.00148533,5.168228117396878,0.1619866942110018
0.00148596,5.153437347404664,0.1397076373449742
0.00148659,5.153437347404664,0.1211417566232846
0.00148722,5.13864657741245,0.1285681089119605
0.00148785,5.13864657741245,0.1211417566232846
0.00148848,5.123855807420235,0.1062890520459329
0.00148911,5.120158114922182,0.102575875901595
0.00148974,5.109065037428021,0.09514952361291917
0.00149037,5.101669652431914,0.0840099951799054
0.001491,5.09797195993386,0.0654441144582158
0.00149163,5.075785804945538,0.06173093831387787
0.00149226,5.068390419949432,0.0654441144582158
0.00149289,5.068390419949432,0.04687823373652619
0.00149352,5.057297342455271,0.05059140988086411
0.00149415,5.038808879965003,0.04316505759218826
0.00149478,5.038808879965003,0.02831235301483659
0.00149541,5.031413494968896,0.006033296148809056
0.00149604,5.024018109972788,0.0134596484374849
0.00149667,5.020320417474735,-0.001393056139866788
0.0014973,5.001831954984467,-0.01253258457288056
0.00149793,4.990738877490307,-0.008819408428542619
0.00149856,4.983343492494199,-0.01995893686155639
0.00149919,4.987041184992252,-0.02738528915023225
0.00149982,4.972250415000039,-0.03481164143890808
0.00150045,4.961157337505878,-0.038524817583246
0.00150108,4.957459645007824,-0.05337752216059768
0.00150171,4.946366567513663,-0.0570906983049356
0.00150234,4.920482720027288,-0.0756565790266252
0.00150297,4.920482720027288,-0.09050928360397689
0.0015036,4.916785027529235,-0.09422245974831481
0.00150423,4.916785027529235,-0.09422245974831481
0.00150486,4.898296565038967,-0.09422245974831481
0.00150549,4.894598872540913,-0.1053619881813286
0.00150612,4.890901180042859,-0.1202146927586803
0.00150675,4.879808102548699,-0.131354221191694
0.00150738,4.872412717552591,-0.1239278689030182
0.00150801,4.861319640058431,-0.1424937496247078
0.00150864,4.857621947560377,-0.1462069257690457
0.00150927,4.846528870066217,-0.1499201019133836
0.0015099,4.842831177568163,-0.1684859826350732
0.00151053,4.824342715077895,-0.1907650395011008
0.00151116,4.816947330081788,-0.1870518633567629
0.00151179,4.809551945085681,-0.1833386872124249
0.00151242,4.813249637583734,-0.1907650395011008
0.00151305,4.802156560089573,-0.1944782156454387
0.00151368,4.791063482595413,-0.2019045679341145
0.00151431,4.787365790097359,-0.2167572725114662
0.00151494,4.783668097599305,-0.2316099770888179
0.00151557,4.779970405101252,-0.22789680094448
0.0015162,4.75778425011293,-0.2501758578105076
0.00151683,4.750388865116824,-0.2464626816661696
0.00151746,4.742993480120716,-0.2501758578105076
0.00151809,4.735598095124609,-0.2576022100991834
0.00151872,4.713411940136288,-0.272454914676535
0.00151935,4.709714247638233,-0.2798812669652109
0.00151998,4.70601655514018,-0.2835944431095488
0.00152061,4.698621170144073,-0.2984471476869005
0.00152124,4.683830400151859,-0.2984471476869005
0.00152187,4.676435015155752,-0.3132998522642522
0.0015225,4.665341937661591,-0.324439380697266
0.00152313,4.657946552665484,-0.3281525568416038
0.00152376,4.650551167669376,-0.3318657329859418
0.00152439,4.639458090175216,-0.3430052614189556
0.00152502,4.643155782673269,-0.3578579659963073
0.00152565,4.620969627684948,-0.3652843182849831
0.00152628,4.61357424268884,-0.3727106705736589
0.00152691,4.606178857692734,-0.3764238467179969
0.00152754,4.598783472696626,-0.3838501990066727
0.00152817,4.60248116519468,-0.3838501990066727
0.0015288,4.576597317708305,-0.3987029035840244
0.00152943,4.580295010206358,-0.4098424320170382
0.00153006,4.572899625210251,-0.4209819604500519
0.00153069,4.56180654771609,-0.4246951365943898
0.00153132,4.554411162719983,-0.4209819604500519
0.00153195,4.547015777723876,-0.4358346650274036
0.00153258,4.543318085225822,-0.4469741934604173
0.00153321,4.521131930237501,-0.4544005457490932
0.00153384,4.521131930237501,-0.4618268980377691
0.00153447,4.498945775249179,-0.4803927787594586
0.0015351,4.491550390253073,-0.4841059549037966
0.00153573,4.491550390253073,-0.4841059549037966
0.00153636,4.484155005256965,-0.4878191310481345
0.00153699,4.487852697755018,-0.4989586594811483
0.00153762,4.465666542766697,-0.5100981879141621
0.00153825,4.447178080276429,-0.5249508924915137
0.00153888,4.450875772774483,-0.5286640686358517
0.00153951,4.436085002782269,-0.5212377163471758
0.00154014,4.436085002782269,-0.5323772447801896
0.00154077,4.428689617786161,-0.5435167732132034
0.0015414,4.424991925288108,-0.562082653934893
0.00154203,4.413898847793947,-0.562082653934893
0.00154266,4.402805770299786,-0.5769353585122446
0.00154329,4.395410385303679,-0.5843617108009205
0.00154392,4.391712692805625,-0.5843617108009205
0.00154455,4.373224230315357,-0.5843617108009205
0.00154518,4.351038075327036,-0.5955012392339342
0.00154581,4.351038075327036,-0.6029275915226101
0.00154644,4.358433460323143,-0.6140671199556238
0.00154707,4.347340382828983,-0.6400593529659893
0.0015477,4.336247305334822,-0.6400593529659893
0.00154833,4.317758842844554,-0.6400593529659893
0.00154896,4.328851920338715,-0.6400593529659893
0.00154959,4.317758842844554,-0.6586252336876789
0.00155022,4.295572687856232,-0.6771911144093685
0.00155085,4.291874995358179,-0.6660515859763547
0.00155148,4.288177302860126,-0.6771911144093685
0.00155211,4.273386532867911,-0.6920438189867202
0.00155274,4.273386532867911,-0.695756995131058
0.00155337,4.269688840369858,-0.699470171275396
0.001554,4.247502685381535,-0.7106096997084098
0.00155463,4.240107300385429,-0.7217492281414235
0.00155526,4.240107300385429,-0.7254624042857615
0.00155589,4.225316530393214,-0.7403151088631131
0.00155652,4.225316530393214,-0.7366019327187753
0.00155715,4.225316530393214,-0.7440282850074511
0.00155778,4.203130375404893,-0.7551678134404648
0.00155841,4.192037297910732,-0.7663073418734786
0.00155904,4.192037297910732,-0.7625941657291406
0.00155967,4.173548835420464,-0.7737336941621544
0.0015603,4.173548835420464,-0.7700205180178166
0.00156093,4.155060372930196,-0.7885863987395061
0.00156156,4.155060372930196,-0.7922995748838441
0.00156219,4.151362680432142,-0.8071522794611957
0.00156282,4.143967295436036,-0.8294313363272232
0.00156345,4.140269602937982,-0.8294313363272232
0.00156408,4.136571910439928,-0.8331445124715612
0.00156471,4.11808344794966,-0.8331445124715612
0.00156534,4.114385755451607,-0.840570864760237
0.00156597,4.114385755451607,-0.840570864760237
0.0015666,4.095897292961339,-0.844284040904575
0.00156723,4.088501907965232,-0.8517103931932508
0.00156786,4.073711137973017,-0.8517103931932508
0.00156849,4.073711137973017,-0.8777026262036163
0.00156912,4.073711137973017,-0.8777026262036163
0.00156975,4.047827290486643,-0.8851289784922921
0.00157038,4.047827290486643,-0.8925553307809678
0.00157101,4.047827290486643,-0.8962685069253059
0.00157164,4.044129597988588,-0.8962685069253059
0.00157227,4.040431905490535,-0.9148343876469954
0.0015729,4.02564113549832,-0.9222607399356714
0.00157353,4.010850365506107,-0.9259739160800092
0.00157416,4.007152673008052,-0.9445397968016987
0.00157479,3.996059595513892,-0.9296870922243471
0.00157542,3.999757288011946,-0.9482529729460368
0.00157605,3.996059595513892,-0.9556793252347126
0.00157668,3.984966518019731,-0.9631056775233885
0.00157731,3.973873440525571,-0.9631056775233885
0.00157794,3.966478055529463,-0.9742452059564023
0.00157857,3.959082670533356,-0.981671558245078
0.0015792,3.940594208043088,-0.9965242628224297
0.00157983,3.929501130548927,-1.000237438966767
0.00158046,3.925803438050874,-0.9928110866780918
0.00158109,3.918408053054767,-1.000237438966767
0.00158172,3.922105745552821,-1.022516495832795
0.00158235,3.914710360556713,-1.029942848121471
0.00158298,3.907314975560606,-1.026229671977133
0.00158361,3.899919590564499,-1.033656024265809
0.00158424,3.892524205568392,-1.044795552698823
0.00158487,3.87033805058007,-1.04850872884316
0.0015855,3.881431128074231,-1.059648257276174
0.00158613,3.877733435576177,-1.078214137997864
0.00158676,3.85924497308591,-1.078214137997864
0.00158739,3.851849588089802,-1.070787785709188
0.00158802,3.837058818097588,-1.081927314142202
0.00158865,3.825965740603428,-1.089353666430878
0.00158928,3.81857035560732,-1.093066842575215
0.00158991,3.822268048105374,-1.107919547152567
0.00159054,3.811174970611213,-1.104206371008229
0.00159117,3.80747727811316,-1.119059075585581
0.0015918,3.800081893117052,-1.141338132451609
0.00159243,3.788988815622892,-1.137624956307271
0.00159306,3.792686508120945,-1.130198604018595
0.00159369,3.777895738128731,-1.145051308595946
0.00159432,3.76680266063457,-1.159904013173298
0.00159495,3.770500353132624,-1.171043541606312
0.00159558,3.755709583140409,-1.178469893894988
0.00159621,3.744616505646248,-1.167330365461974
0.00159684,3.740918813148195,-1.185896246183664
0.00159747,3.729825735654034,-1.185896246183664
0.0015981,3.72612804315598,-1.185896246183664
0.00159873,3.72612804315598,-1.189609422328002
0.00159936,3.703941888167659,-1.197035774616677
0.00159999,3.711337273163766,-1.208175303049691
0.00160062,3.696546503171552,-1.208175303049691
0.00160125,3.700244195669605,-1.208175303049691
0.00160188,3.681755733179338,-1.230454359915719
0.00160251,3.67436034818323,-1.237880712204394
0.00160314,3.681755733179338,-1.234167536060057
0.00160377,3.670662655685176,-1.249020240637408
0.0016044,3.666964963187123,-1.260159769070422
0.00160503,3.652174193194909,-1.26387294521476
0.00160566,3.644778808198802,-1.275012473647774
0.00160629,3.633685730704641,-1.271299297503436
0.00160692,3.626290345708534,-1.275012473647774
0.00160755,3.637383423202694,-1.28243882593645
0.00160818,3.626290345708534,-1.286152002080788
0.00160881,3.615197268214373,-1.286152002080788
0.00160944,3.604104190720212,-1.289865178225125
0.00161007,3.596708805724105,-1.312144235091153
0.0016107,3.596708805724105,-1.319570587379829
0.00161133,3.589313420727998,-1.315857411235491
0.00161196,3.581918035731891,-1.33442329195718
0.00161259,3.563429573241623,-1.319570587379829
0.00161322,3.556034188245516,-1.338136468101518
0.00161385,3.556034188245516,-1.341849644245856
0.00161448,3.537545725755248,-1.349275996534532
0.00161511,3.544941110751355,-1.35298917267887
0.00161574,3.537545725755248,-1.35298917267887
0.00161637,3.530150340759141,-1.367841877256222
0.001617,3.522754955763033,-1.367841877256222
0.00161763,3.515359570766926,-1.386407757977911
0.00161826,3.515359570766926,-1.390120934122249
0.00161889,3.507964185770819,-1.397547286410925
0.00161952,3.504266493272765,-1.401260462555263
0.00162015,3.493173415778605,-1.401260462555263
0.00162078,3.493173415778605,-1.408686814843939
0.00162141,3.489475723280551,-1.416113167132615
0.00162204,3.474684953288337,-1.427252695565628
0.00162267,3.474684953288337,-1.427252695565628
0.0016233,3.463591875794176,-1.438392223998642
0.00162393,3.452498798300015,-1.423539519421291
0.00162456,3.448801105801961,-1.427252695565628
0.00162519,3.441405720805855,-1.434679047854304
0.00162582,3.434010335809747,-1.44210540014298
0.00162645,3.415521873319479,-1.453244928575994
0.00162708,3.411824180821426,-1.445818576287318
0.00162771,3.422917258315587,-1.449531752431656
0.00162834,3.422917258315587,-1.471810809297684
0.00162897,3.411824180821426,-1.479237161586359
0.0016296,3.411824180821426,-1.497803042308049
0.00163023,3.404428795825319,-1.497803042308049
0.00163086,3.389638025833104,-1.494089866163711
0.00163149,3.389638025833104,-1.494089866163711
0.00163212,3.382242640836997,-1.508942570741063
0.00163275,3.378544948338944,-1.516368923029739
0.00163338,3.371149563342836,-1.508942570741063
0.00163401,3.360056485848676,-1.512655746885401
0.00163464,3.345265715856462,-1.523795275318415
0.00163527,3.337870330860354,-1.508942570741063
0.0016359,3.352661100852568,-1.534934803751428
0.00163653,3.348963408354515,-1.538647979895766
0.00163716,3.345265715856462,-1.553500684473118
0.00163779,3.330474945864247,-1.553500684473118
0.00163842,3.319381868370086,-1.542361156040104
0.00163905,3.315684175872033,-1.546074332184442
0.00163968,3.304591098377872,-1.557213860617456
0.00164031,3.311986483373979,-1.56835338905047
0.00164094,3.300893405879818,-1.572066565194807
0.00164157,3.300893405879818,-1.579492917483483
0.0016422,3.300893405879818,-1.590632445916497
0.00164283,3.286102635887604,-1.579492917483483
0.00164346,3.27131186589539,-1.579492917483483
0.00164409,3.28240494338955,-1.579492917483483
0.00164472,3.267614173397336,-1.594345622060835
0.00164535,3.263916480899282,-1.594345622060835
0.00164598,3.256521095903175,-1.601771974349511
0.00164661,3.252823403405122,-1.612911502782524
0.00164724,3.241730325910961,-1.612911502782524
0.00164787,3.241730325910961,-1.627764207359876
0.0016485,3.234334940914854,-1.624051031215538
0.00164913,3.2306372484168,-1.624051031215538
0.00164976,3.226939555918746,-1.631477383504214
0.00165039,3.215846478424586,-1.635190559648552
0.00165102,3.21954417092264,-1.631477383504214
0.00165165,3.215846478424586,-1.63890373579289
0.00165228,3.215846478424586,-1.642616911937228
0.00165291,3.193660323436264,-1.646330088081566
0.00165354,3.193660323436264,-1.653756440370242
0.00165417,3.193660323436264,-1.661182792658918
0.0016548,3.189962630938211,-1.65746961651458
0.00165543,3.171474168447943,-1.668609144947593
0.00165606,3.167776475949889,-1.676035497236269
0.00165669,3.171474168447943,-1.661182792658918
0.00165732,3.167776475949889,-1.672322321091931
0.00165795,3.160381090953782,-1.676035497236269
0.00165858,3.164078783451836,-1.687175025669283
0.00165921,3.152985705957675,-1.679748673380607
0.00165984,3.149288013459621,-1.687175025669283
0.00166047,3.138194935965461,-1.698314554102297
0.0016611,3.141892628463514,-1.698314554102297
0.00166173,3.138194935965461,-1.702027730246635
0.00166236,3.1271018584713,-1.702027730246635
0.00166299,3.1271018584713,-1.713167258679648
0.00166362,3.116008780977139,-1.705740906390973
0.00166425,3.123404165973247,-1.720593610968324
0.00166488,3.119706473475193,-1.70945408253531
0.00166551,3.112311088479085,-1.70945408253531
0.00166614,3.104915703482979,-1.724306787112662
0.00166677,3.104915703482979,-1.720593610968324
0.0016674,3.086427240992711,-1.728019963257
0.00166803,3.079031855996603,-1.731733139401338
0.00166866,3.086427240992711,-1.731733139401338
0.00166929,3.079031855996603,-1.742872667834352
0.00166992,3.071636471000496,-1.731733139401338
0.00167055,3.067938778502443,-1.739159491690014
0.00167118,3.071636471000496,-1.742872667834352
0.00167181,3.064241086004389,-1.735446315545676
0.00167244,3.056845701008282,-1.74658584397869
0.00167307,3.064241086004389,-1.757725372411703
0.0016737,3.049450316012175,-1.750299020123028
0.00167433,3.045752623514121,-1.754012196267366
0.00167496,3.038357238518014,-1.754012196267366
0.00167559,3.045752623514121,-1.768864900844717
0.00167622,3.045752623514121,-1.754012196267366
0.00167685,3.030961853521907,-1.750299020123028
0.00167748,3.038357238518014,-1.772578076989055
0.00167811,3.019868776027746,-1.768864900844717
0.00167874,3.016171083529692,-1.768864900844717
0.00167937,3.012473391031639,-1.783717605422069
0.00168,3.012473391031639,-1.783717605422069
0.00168063,3.012473391031639,-1.772578076989055
0.00168126,3.001380313537478,-1.757725372411703
0.00168189,3.012473391031639,-1.765151724700379
0.00168252,2.997682621039425,-1.780004429277731
0.00168315,3.001380313537478,-1.783717605422069
0.00168378,2.990287236043317,-1.776291253133393
0.00168441,2.993984928541371,-1.772578076989055
0.00168504,2.986589543545264,-1.787430781566407
0.00168567,2.971798773553049,-1.791143957710745
0.0016863,2.98289185104721,-1.787430781566407
0.00168693,2.971798773553049,-1.783717605422069
0.00168756,2.971798773553049,-1.780004429277731
0.00168819,2.971798773553049,-1.794857133855083
0.00168882,2.975496466051103,-1.783717605422069
0.00168945,2.971798773553049,-1.783717605422069
0.00169008,2.964403388556942,-1.776291253133393
0.00169071,2.960705696058889,-1.798570309999421
0.00169134,2.960705696058889,-1.787430781566407
0.00169197,2.938519541070567,-1.783717605422069
0.0016926,2.934821848572513,-1.794857133855083
0.00169323,2.942217233568621,-1.791143957710745
0.00169386,2.93112415607446,-1.780004429277731
0.00169449,2.938519541070567,-1.783717605422069
0.00169512,2.938519541070567,-1.776291253133393
0.00169575,2.927426463576406,-1.780004429277731
0.00169638,2.912635693584192,-1.776291253133393
0.00169701,2.916333386082246,-1.794857133855083
0.00169764,2.927426463576406,-1.802283486143758
0.00169827,2.923728771078353,-1.802283486143758
0.0016989,2.905240308588085,-1.802283486143758
0.00169953,2.912635693584192,-1.791143957710745
0.00170016,2.905240308588085,-1.776291253133393
0.00170079,2.916333386082246,-1.772578076989055
0.00170142,2.901542616090032,-1.768864900844717
0.00170205,2.905240308588085,-1.791143957710745
0.00170268,2.901542616090032,-1.787430781566407
0.00170331,2.897844923591978,-1.791143957710745
0.00170394,2.894147231093924,-1.794857133855083
0.00170457,2.875658768603656,-1.787430781566407
0.0017052,2.886751846097817,-1.791143957710745
0.00170583,2.894147231093924,-1.787430781566407
0.00170646,2.886751846097817,-1.783717605422069
0.00170709,2.875658768603656,-1.780004429277731
0.00170772,2.868263383607549,-1.783717605422069
0.00170835,2.871961076105602,-1.787430781566407
0.00170898,2.883054153599764,-1.780004429277731
0.00170961,2.883054153599764,-1.787430781566407
0.00171024,2.864565691109496,-1.798570309999421
0.00171087,2.853472613615335,-1.780004429277731
0.0017115,2.860867998611442,-1.787430781566407
0.00171213,2.868263383607549,-1.791143957710745
0.00171276,2.857170306113388,-1.772578076989055
0.00171339,2.853472613615335,-1.776291253133393
0.00171402,2.853472613615335,-1.791143957710745
0.00171465,2.846077228619228,-1.780004429277731
0.00171528,2.842379536121174,-1.787430781566407
0.00171591,2.842379536121174,-1.780004429277731
0.00171654,2.846077228619228,-1.783717605422069
0.00171717,2.842379536121174,-1.780004429277731
0.0017178,2.846077228619228,-1.783717605422069
0.00171843,2.83868184362312,-1.783717605422069
0.00171906,2.853472613615335,-1.772578076989055
0.00171969,2.83868184362312,-1.787430781566407
0.00172032,2.834984151125067,-1.780004429277731
0.00172095,2.831286458627013,-1.798570309999421
0.00172158,2.831286458627013,-1.783717605422069
0.00172221,2.834984151125067,-1.783717605422069
0.00172284,2.831286458627013,-1.791143957710745
0.00172347,2.82758876612896,-1.783717605422069
0.0017241,2.842379536121174,-1.780004429277731
0.00172473,2.831286458627013,-1.794857133855083
0.00172536,2.831286458627013,-1.768864900844717
0.00172599,2.823891073630906,-1.791143957710745
0.00172662,2.816495688634799,-1.798570309999421
0.00172725,2.82758876612896,-1.787430781566407
0.00172788,2.820193381132853,-1.780004429277731
0.00172851,2.823891073630906,-1.783717605422069
0.00172914,2.816495688634799,-1.780004429277731
0.00172977,2.812797996136745,-1.783717605422069
0.0017304,2.812797996136745,-1.798570309999421
0.00173103,2.809100303638692,-1.780004429277731
0.00173166,2.809100303638692,-1.787430781566407
0.00173229,2.805402611140638,-1.787430781566407
0.00173292,2.805402611140638,-1.787430781566407
0.00173355,2.801704918642585,-1.776291253133393
0.00173418,2.798007226144531,-1.780004429277731
0.00173481,2.809100303638692,-1.780004429277731
0.00173544,2.812797996136745,-1.780004429277731
0.00173607,2.809100303638692,-1.791143957710745
0.0017367,2.801704918642585,-1.787430781566407
0.00173733,2.805402611140638,-1.787430781566407
0.00173796,2.805402611140638,-1.780004429277731
0.00173859,2.805402611140638,-1.776291253133393
0.00173922,2.798007226144531,-1.783717605422069
0.00173985,2.801704918642585,-1.787430781566407
0.00174048,2.790611841148424,-1.787430781566407
0.00174111,2.805402611140638,-1.776291253133393
0.00174174,2.801704918642585,-1.776291253133393
0.00174237,2.798007226144531,-1.783717605422069
0.001743,2.790611841148424,-1.780004429277731
0.00174363,2.794309533646477,-1.783717605422069
0.00174426,2.805402611140638,-1.780004429277731
0.00174489,2.801704918642585,-1.791143957710745
0.00174552,2.798007226144531,-1.776291253133393
0.00174615,2.790611841148424,-1.783717605422069
0.00174678,2.798007226144531,-1.787430781566407
0.00174741,2.790611841148424,-1.780004429277731
0.00174804,2.805402611140638,-1.772578076989055
0.00174867,2.801704918642585,-1.780004429277731
0.0017493,2.790611841148424,-1.794857133855083
0.00174993,2.794309533646477,-1.791143957710745
0.00175056,2.805402611140638,-1.780004429277731
0.00175119,2.78691414865037,-1.776291253133393
0.00175182,2.794309533646477,-1.794857133855083
0.00175245,2.790611841148424,-1.780004429277731
0.00175308,2.790611841148424,-1.783717605422069
0.00175371,2.801704918642585,-1.768864900844717
0.00175434,2.794309533646477,-1.787430781566407
0.00175497,2.794309533646477,-1.776291253133393
0.0017556,2.794309533646477,-1.780004429277731
0.00175623,2.798007226144531,-1.783717605422069
0.00175686,2.798007226144531,-1.783717605422069
0.00175749,2.805402611140638,-1.787430781566407
0.00175812,2.794309533646477,-1.791143957710745
0.00175875,2.798007226144531,-1.787430781566407
0.00175938,2.801704918642585,-1.768864900844717
0.00176001,2.783216456152317,-1.783717605422069
0.00176064,2.790611841148424,-1.791143957710745
0.00176127,2.790611841148424,-1.787430781566407
0.0017619,2.794309533646477,-1.780004429277731
0.00176253,2.805402611140638,-1.783717605422069
0.00176316,2.809100303638692,-1.787430781566407
0.00176379,2.805402611140638,-1.783717605422069
0.00176442,2.805402611140638,-1.768864900844717
0.00176505,2.798007226144531,-1.780004429277731
0.00176568,2.794309533646477,-1.772578076989055
0.00176631,2.809100303638692,-1.768864900844717
0.00176694,2.794309533646477,-1.787430781566407
0.00176757,2.809100303638692,-1.780004429277731
0.0017682,2.801704918642585,-1.783717605422069
0.00176883,2.801704918642585,-1.780004429277731
0.00176946,2.812797996136745,-1.787430781566407
0.00177009,2.812797996136745,-1.768864900844717
0.00177072,2.816495688634799,-1.772578076989055
0.00177135,2.812797996136745,-1.776291253133393
0.00177198,2.812797996136745,-1.780004429277731
0.00177261,2.820193381132853,-1.787430781566407
0.00177324,2.820193381132853,-1.776291253133393
0.00177387,2.801704918642585,-1.783717605422069
0.0017745,2.798007226144531,-1.791143957710745
0.00177513,2.820193381132853,-1.776291253133393
0.00177576,2.820193381132853,-1.768864900844717
0.00177639,2.82758876612896,-1.776291253133393
0.00177702,2.816495688634799,-1.787430781566407
0.00177765,2.823891073630906,-1.780004429277731
0.00177828,2.831286458627013,-1.783717605422069
0.00177891,2.834984151125067,-1.772578076989055
0.00177954,2.831286458627013,-1.776291253133393
0.00178017,2.834984151125067,-1.776291253133393
0.0017808,2.846077228619228,-1.783717605422069
0.00178143,2.82758876612896,-1.772578076989055
0.00178206,2.83868184362312,-1.791143957710745
0.00178269,2.846077228619228,-1.794857133855083
0.00178332,2.83868184362312,-1.783717605422069
0.00178395,2.83868184362312,-1.765151724700379
0.00178458,2.834984151125067,-1.765151724700379
0.00178521,2.842379536121174,-1.780004429277731
0.00178584,2.849774921117281,-1.783717605422069
0.00178647,2.846077228619228,-1.780004429277731
0.0017871,2.849774921117281,-1.776291253133393
0.00178773,2.846077228619228,-1.798570309999421
0.00178836,2.860867998611442,-1.783717605422069
0.00178899,2.864565691109496,-1.791143957710745
0.00178962,2.853472613615335,-1.787430781566407
0.00179025,2.860867998611442,-1.772578076989055
0.00179088,2.868263383607549,-1.783717605422069
0.00179151,2.864565691109496,-1.772578076989055
0.00179214,2.871961076105602,-1.776291253133393
0.00179277,2.868263383607549,-1.768864900844717
0.0017934,2.864565691109496,-1.783717605422069
0.00179403,2.87935646110171,-1.787430781566407
0.00179466,2.875658768603656,-1.780004429277731
0.00179529,2.871961076105602,-1.776291253133393
0.00179592,2.875658768603656,-1.791143957710745
0.00179655,2.883054153599764,-1.772578076989055
0.00179718,2.883054153599764,-1.783717605422069
0.00179781,2.871961076105602,-1.791143957710745
0.00179844,2.886751846097817,-1.780004429277731
0.00179907,2.894147231093924,-1.776291253133393
0.0017997,2.897844923591978,-1.780004429277731
0.00180033,2.908938001086138,-1.780004429277731
0.00180096,2.897844923591978,-1.780004429277731
0.00180159,2.901542616090032,-1.772578076989055
0.00180222,2.897844923591978,-1.780004429277731
0.00180285,2.912635693584192,-1.780004429277731
0.00180348,2.912635693584192,-1.772578076989055
0.00180411,2.905240308588085,-1.780004429277731
0.00180474,2.912635693584192,-1.776291253133393
0.00180537,2.920031078580299,-1.772578076989055
0.001806,2.920031078580299,-1.776291253133393
0.00180663,2.927426463576406,-1.780004429277731
0.00180726,2.927426463576406,-1.780004429277731
0.00180789,2.927426463576406,-1.776291253133393
0.00180852,2.938519541070567,-1.776291253133393
0.00180915,2.945914926066674,-1.783717605422069
0.00180978,2.934821848572513,-1.772578076989055
0.00181041,2.942217233568621,-1.783717605422069
0.00181104,2.942217233568621,-1.765151724700379
0.00181167,2.949612618564728,-1.768864900844717
0.0018123,2.938519541070567,-1.772578076989055
0.00181293,2.953310311062781,-1.780004429277731
0.00181356,2.964403388556942,-1.768864900844717
0.00181419,2.971798773553049,-1.776291253133393
0.00181482,2.960705696058889,-1.772578076989055
0.00181545,2.971798773553049,-1.761438548556041
0.00181608,2.979194158549157,-1.754012196267366
0.00181671,2.979194158549157,-1.776291253133393
0.00181734,2.990287236043317,-1.765151724700379
0.00181797,2.979194158549157,-1.754012196267366
0.0018186,2.990287236043317,-1.761438548556041
0.00181923,3.001380313537478,-1.772578076989055
0.00181986,2.993984928541371,-1.761438548556041
0.00182049,3.001380313537478,-1.772578076989055
0.00182112,2.990287236043317,-1.757725372411703
0.00182175,2.997682621039425,-1.761438548556041
0.00182238,3.005078006035531,-1.754012196267366
0.00182301,3.008775698533585,-1.757725372411703
0.00182364,3.016171083529692,-1.754012196267366
0.00182427,3.016171083529692,-1.754012196267366
0.0018249,3.016171083529692,-1.742872667834352
0.00182553,3.030961853521907,-1.74658584397869
0.00182616,3.019868776027746,-1.742872667834352
0.00182679,3.030961853521907,-1.742872667834352
0.00182742,3.027264161023853,-1.739159491690014
0.00182805,3.030961853521907,-1.74658584397869
0.00182868,3.042054931016067,-1.720593610968324
0.00182931,3.056845701008282,-1.735446315545676
0.00182994,3.064241086004389,-1.735446315545676
0.00183057,3.071636471000496,-1.720593610968324
0.0018312,3.067938778502443,-1.724306787112662
0.00183183,3.064241086004389,-1.724306787112662
0.00183246,3.067938778502443,-1.724306787112662
0.00183309,3.067938778502443,-1.724306787112662
0.00183372,3.07533416349855,-1.713167258679648
0.00183435,3.086427240992711,-1.698314554102297
0.00183498,3.093822625988818,-1.698314554102297
0.00183561,3.101218010984925,-1.70945408253531
0.00183624,3.093822625988818,-1.698314554102297
0.00183687,3.093822625988818,-1.702027730246635
0.0018375,3.108613395981032,-1.690888201813621
0.00183813,3.108613395981032,-1.694601377957959
0.00183876,3.116008780977139,-1.676035497236269
0.00183939,3.104915703482979,-1.690888201813621
0.00184002,3.119706473475193,-1.687175025669283
0.00184065,3.130799550969353,-1.679748673380607
0.00184128,3.134497243467407,-1.679748673380607
0.00184191,3.123404165973247,-1.668609144947593
0.00184254,3.134497243467407,-1.653756440370242
0.00184317,3.141892628463514,-1.661182792658918
0.0018438,3.149288013459621,-1.653756440370242
0.00184443,3.152985705957675,-1.653756440370242
0.00184506,3.152985705957675,-1.653756440370242
0.00184569,3.164078783451836,-1.65746961651458
0.00184632,3.171474168447943,-1.650043264225904
0.00184695,3.167776475949889,-1.63890373579289
0.00184758,3.17886955344405,-1.631477383504214
0.00184821,3.182567245942104,-1.642616911937228
0.00184884,3.189962630938211,-1.635190559648552
0.00184947,3.201055708432372,-1.6203378550712
0.0018501,3.201055708432372,-1.609198326638187
0.00185073,3.193660323436264,-1.612911502782524
0.00185136,3.201055708432372,-1.612911502782524
0.00185199,3.2306372484168,-1.601771974349511
0.00185262,3.21954417092264,-1.612911502782524
0.00185325,3.212148785926532,-1.609198326638187
0.00185388,3.223241863420693,-1.594345622060835
0.00185451,3.2306372484168,-1.583206093627821
0.00185514,3.241730325910961,-1.586919269772159
0.00185577,3.238032633412907,-1.583206093627821
0.0018564,3.249125710907068,-1.575779741339145
0.00185703,3.249125710907068,-1.579492917483483
0.00185766,3.263916480899282,-1.575779741339145
0.00185829,3.260218788401229,-1.564640212906132
0.00185892,3.27131186589539,-1.557213860617456
0.00185955,3.286102635887604,-1.54978750832878
0.00186018,3.278707250891497,-1.560927036761794
0.00186081,3.278707250891497,-1.54978750832878
0.00186144,3.286102635887604,-1.534934803751428
0.00186207,3.293498020883711,-1.527508451462752
0.0018627,3.300893405879818,-1.534934803751428
0.00186333,3.304591098377872,-1.534934803751428
0.00186396,3.308288790875926,-1.523795275318415
0.00186459,3.308288790875926,-1.512655746885401
0.00186522,3.32307956086814,-1.505229394596725
0.00186585,3.315684175872033,-1.508942570741063
0.00186648,3.341568023358408,-1.501516218452387
0.00186711,3.352661100852568,-1.490376690019373
0.00186774,3.352661100852568,-1.479237161586359
0.00186837,3.348963408354515,-1.468097633153346
0.001869,3.348963408354515,-1.468097633153346
0.00186963,3.352661100852568,-1.471810809297684
0.00187026,3.37484725584089,-1.490376690019373
0.00187089,3.371149563342836,-1.471810809297684
0.00187152,3.37484725584089,-1.46067128086467
0.00187215,3.385940333335051,-1.453244928575994
0.00187278,3.393335718331158,-1.445818576287318
0.00187341,3.397033410829212,-1.430965871709966
0.00187404,3.408126488323372,-1.44210540014298
0.00187467,3.415521873319479,-1.438392223998642
0.0018753,3.419219565817533,-1.419826343276953
0.00187593,3.422917258315587,-1.412399990988277
0.00187656,3.422917258315587,-1.419826343276953
0.00187719,3.437708028307801,-1.419826343276953
0.00187782,3.419219565817533,-1.408686814843939
0.00187845,3.437708028307801,-1.408686814843939
0.00187908,3.437708028307801,-1.404973638699601
0.00187971,3.452498798300015,-1.393834110266587
0.00188034,3.463591875794176,-1.390120934122249
0.00188097,3.470987260790283,-1.375268229544897
0.0018816,3.482080338284444,-1.364128701111884
0.00188223,3.493173415778605,-1.364128701111884
0.00188286,3.493173415778605,-1.367841877256222
0.00188349,3.496871108276658,-1.35298917267887
0.00188412,3.507964185770819,-1.349275996534532
0.00188475,3.500568800774712,-1.35298917267887
0.00188538,3.515359570766926,-1.345562820390194
0.00188601,3.51905726326498,-1.326996939668505
0.00188664,3.530150340759141,-1.315857411235491
0.00188727,3.541243418253301,-1.326996939668505
0.0018879,3.548638803249409,-1.308431058946815
0.00188853,3.548638803249409,-1.304717882802477
0.00188916,3.544941110751355,-1.308431058946815
0.00188979,3.552336495747462,-1.304717882802477
0.00189042,3.556034188245516,-1.289865178225125
0.00189105,3.574522650735783,-1.278725649792112
0.00189168,3.574522650735783,-1.28243882593645
0.00189231,3.578220343233837,-1.271299297503436
0.00189294,3.589313420727998,-1.267586121359098
0.00189357,3.589313420727998,-1.252733416781746
0.0018942,3.593011113226051,-1.24530706449307
0.00189483,3.618894960712427,-1.252733416781746
0.00189546,3.62259265321048,-1.234167536060057
0.00189609,3.629988038206587,-1.24530706449307
0.00189672,3.637383423202694,-1.226741183771381
0.00189735,3.633685730704641,-1.219314831482705
0.00189798,3.648476500696855,-1.200748950761015
0.00189861,3.655871885692962,-1.208175303049691
0.00189924,3.659569578191016,-1.200748950761015
0.00189987,3.66326727068907,-1.193322598472339
0.0019005,3.670662655685176,-1.193322598472339
0.00190113,3.670662655685176,-1.189609422328002
0.00190176,3.681755733179338,-1.185896246183664
0.00190239,3.692848810673498,-1.178469893894988
0.00190302,3.711337273163766,-1.152477660884622
0.00190365,3.707639580665712,-1.159904013173298
0.00190428,3.707639580665712,-1.159904013173298
0.00190491,3.71503496566182,-1.141338132451609
0.00190554,3.72612804315598,-1.133911780162933
0.00190617,3.729825735654034,-1.119059075585581
0.0019068,3.744616505646248,-1.122772251729919
0.00190743,3.748314198144302,-1.126485427874257
0.00190806,3.748314198144302,-1.111632723296905
0.00190869,3.755709583140409,-1.107919547152567
0.00190932,3.759407275638463,-1.093066842575215
0.00190995,3.763104968136516,-1.089353666430878
0.00191058,3.785291123124838,-1.08564049028654
0.00191121,3.792686508120945,-1.08564049028654
0.00191184,3.796384200618999,-1.089353666430878
0.00191247,3.796384200618999,-1.070787785709188
0.0019131,3.822268048105374,-1.052221904987498
0.00191373,3.829663433101481,-1.06707460956485
0.00191436,3.837058818097588,-1.037369200410147
0.00191499,3.833361125599534,-1.037369200410147
0.00191562,3.844454203093695,-1.026229671977133
0.00191625,3.85924497308591,-1.018803319688457
0.00191688,3.855547280587856,-1.015090143544119
0.00191751,3.87033805058007,-1.015090143544119
0.00191814,3.881431128074231,-1.011376967399781
0.00191877,3.892524205568392,-1.000237438966767
0.0019194,3.888826513070338,-0.981671558245078
0.00192003,3.903617283062553,-0.981671558245078
0.00192066,3.907314975560606,-0.989097910533754
0.00192129,3.907314975560606,-0.9668188536677264
0.00192192,3.903617283062553,-0.9668188536677264
0.00192255,3.925803438050874,-0.9556793252347126
0.00192318,3.933198823046981,-0.9445397968016987
0.00192381,3.944291900541142,-0.937113444513023
0.00192444,3.940594208043088,-0.937113444513023
0.00192507,3.951687285537249,-0.937113444513023
0.0019257,3.96278036303141,-0.9185475637913333
0.00192633,3.970175748027517,-0.9185475637913333
0.00192696,3.973873440525571,-0.9148343876469954
0.00192759,3.984966518019731,-0.8962685069253059
0.00192822,3.984966518019731,-0.8999816830696438
0.00192885,4.003454980509999,-0.8962685069253059
0.00192948,4.003454980509999,-0.8739894500592783
0.00193011,4.018245750502214,-0.8628499216262645
0.00193074,4.033036520494428,-0.8628499216262645
0.00193137,4.021943443000267,-0.8665630977706025
0.001932,4.036734212992481,-0.8479972170489128
0.00193263,4.044129597988588,-0.8368576886158992
0.00193326,4.055222675482749,-0.8368576886158992
0.00193389,4.062618060478856,-0.8294313363272232
0.00193452,4.066315752976911,-0.8145786317498716
0.00193515,4.070013445474964,-0.8071522794611957
0.00193578,4.084804215467178,-0.8034391033168579
0.00193641,4.084804215467178,-0.7922995748838441
0.00193704,4.103292677957446,-0.7811600464508303
0.00193767,4.110688062953553,-0.7885863987395061
0.0019383,4.11808344794966,-0.7700205180178166
0.00193893,4.11808344794966,-0.7737336941621544
0.00193956,4.132874217941874,-0.7737336941621544
0.00194019,4.136571910439928,-0.7514546372961269
0.00194082,4.132874217941874,-0.7403151088631131
0.00194145,4.15875806542825,-0.7403151088631131
0.00194208,4.166153450424357,-0.7254624042857615
0.00194271,4.166153450424357,-0.7254624042857615
0.00194334,4.180944220416571,-0.7291755804300993
0.00194397,4.188339605412678,-0.7143228758527477
0.0019446,4.192037297910732,-0.7143228758527477
0.00194523,4.203130375404893,-0.703183347419734
0.00194586,4.203130375404893,-0.695756995131058
0.00194649,4.217921145397107,-0.699470171275396
0.00194712,4.221618837895161,-0.6549120575433409
0.00194775,4.221618837895161,-0.6734779382650306
0.00194838,4.225316530393214,-0.6734779382650306
0.00194901,4.243804992883482,-0.6474857052546651
0.00194964,4.254898070377643,-0.6474857052546651
0.00195027,4.26229345537375,-0.6437725291103272
0.0019509,4.280781917864018,-0.6363461768216514
0.00195153,4.273386532867911,-0.6363461768216514
0.00195216,4.295572687856232,-0.6177802960999618
0.00195279,4.299270380354286,-0.6177802960999618
0.00195342,4.310363457848447,-0.5880748869452583
0.00195405,4.310363457848447,-0.5955012392339342
0.00195468,4.328851920338715,-0.5769353585122446
0.00195531,4.332549612836768,-0.562082653934893
0.00195594,4.328851920338715,-0.5657958300792308
0.00195657,4.339944997832875,-0.562082653934893
0.0019572,4.332549612836768,-0.554656301646217
0.00195783,4.35473576782509,-0.558369477790555
0.00195846,4.373224230315357,-0.5472299493575412
0.00195909,4.373224230315357,-0.5286640686358517
0.00195972,4.391712692805625,-0.5286640686358517
0.00196035,4.384317307809519,-0.5138113640584999
0.00196098,4.399108077801733,-0.5138113640584999
0.00196161,4.410201155295893,-0.5026718356254862
0.00196224,4.413898847793947,-0.4915323071924724
0.00196287,4.432387310284215,-0.4841059549037966
0.0019635,4.424991925288108,-0.4729664264707828
0.00196413,4.439782695280322,-0.4618268980377691
0.00196476,4.454573465272537,-0.4618268980377691
0.00196539,4.45827115777059,-0.4544005457490932
0.00196602,4.473061927762805,-0.4432610173160795
0.00196665,4.476759620260858,-0.4469741934604173
0.00196728,4.476759620260858,-0.4358346650274036
0.00196791,4.495248082751126,-0.4358346650274036
0.00196854,4.487852697755018,-0.4321214888830657
0.00196917,4.513736545241394,-0.4061292558727002
0.0019698,4.513736545241394,-0.4061292558727002
0.00197043,4.524829622735554,-0.3838501990066727
0.00197106,4.528527315233609,-0.3764238467179969
0.00197169,4.528527315233609,-0.3727106705736589
0.00197232,4.547015777723876,-0.3689974944293209
0.00197295,4.558108855218037,-0.3504316137076314
0.00197358,4.56180654771609,-0.3541447898519693
0.00197421,4.587690395202466,-0.3541447898519693
0.00197484,4.583992702704412,-0.3355789091302797
0.00197547,4.580295010206358,-0.3170130284085901
0.0019761,4.595085780198573,-0.320726204552928
0.00197673,4.60248116519468,-0.3132998522642522
0.00197736,4.606178857692734,-0.3058734999755763
0.00197799,4.635760397677162,-0.2873076192538867
0.00197862,4.635760397677162,-0.276168090820873
0.00197925,4.646853475171323,-0.2798812669652109
0.00197988,4.639458090175216,-0.2650285623878592
0.00198051,4.65424886016743,-0.272454914676535
0.00198114,4.661644245163537,-0.2538890339548454
0.00198177,4.676435015155752,-0.2538890339548454
0.0019824,4.69492347764602,-0.2353231532331558
0.00198303,4.702318862642127,-0.22789680094448
0.00198366,4.702318862642127,-0.2167572725114662
0.00198429,4.720807325132395,-0.2204704486558041
0.00198492,4.724505017630448,-0.2019045679341145
0.00198555,4.728202710128501,-0.2019045679341145
0.00198618,4.724505017630448,-0.1907650395011008
0.00198681,4.742993480120716,-0.1907650395011008
0.00198744,4.75778425011293,-0.1721991587794112
0.00198807,4.765179635109037,-0.1610596303463974
0.0019887,4.779970405101252,-0.1499201019133836
0.00198933,4.776272712603198,-0.1610596303463974
0.00198996,4.787365790097359,-0.1499201019133836
0.00199059,4.802156560089573,-0.1462069257690457
0.00199122,4.802156560089573,-0.1276410450473561
0.00199185,4.820645022579841,-0.1165015166143424
0.00199248,4.816947330081788,-0.1127883404700044
0.00199311,4.820645022579841,-0.1053619881813286
0.00199374,4.835435792572055,-0.09422245974831481
0.00199437,4.839133485070109,-0.08679610745963898
0.001995,4.85022656256427,-0.0756565790266252
0.00199563,4.865017332556484,-0.07936975517096315
0.00199626,4.868715025054538,-0.06823022673794937
0.00199689,4.879808102548699,-0.04966434601625977
0.00199752,4.883505795046752,-0.04966434601625977
0.00199815,4.898296565038967,-0.05337752216059768
0.00199878,4.913087335031181,-0.038524817583246
0.00199941,4.913087335031181,-0.02367211300589431
0.00200004,4.916785027529235,-0.01624576071721848
0.00200067,4.931575797521448,-0.01624576071721848
0.0020013,4.946366567513663,0.006033296148809056
0.00200193,4.950064260011716,0.002320120004471127
0.00200256,4.94266887501561,0.02088600072616074
0.00200319,4.953761952509771,0.03573870530351242
0.00200382,4.983343492494199,0.02459917687049866
0.00200445,4.975948107498092,0.02088600072616074
0.00200508,4.987041184992252,0.0320255291591745
0.00200571,4.990738877490307,0.04687823373652619
0.00200634,5.00552964748252,0.05059140988086411
0.00200697,5.016622724976681,0.05801776216953995
0.0020076,5.020320417474735,0.0840099951799054
0.00200823,5.016622724976681,0.08772317132424332
0.00200886,5.038808879965003,0.1100022281902708
0.00200949,5.042506572463056,0.09514952361291917
0.00201012,5.057297342455271,0.1174285804789467
0.00201075,5.064692727451378,0.1100022281902708
0.00201138,5.079483497443592,0.1211417566232846
0.00201201,5.0868788824397,0.1285681089119605
0.00201264,5.094274267435806,0.1211417566232846
0.00201327,5.090576574937753,0.1434208134893121
0.0020139,5.101669652431914,0.150847165777988
0.00201453,5.120158114922182,0.1694130464996776
0.00201516,5.120158114922182,0.1805525749326913
0.00201579,5.13864657741245,0.1805525749326913
0.00201642,5.13864657741245,0.1805525749326913
0.00201705,5.153437347404664,0.199118455654381
0.00201768,5.160832732400771,0.2139711602317326
0.00201831,5.171925809894931,0.2251106886647464
0.00201894,5.160832732400771,0.2251106886647464
0.00201957,5.171925809894931,0.2325370409534223
0.0020202,5.190414272385199,0.243676569386436
0.00202083,5.20150734987936,0.2399633932420981
0.00202146,5.205205042377414,0.243676569386436
0.00202209,5.212600427373522,0.2585292739637877
0.00202272,5.227391197365735,0.2622424501081256
0.00202335,5.23108888986379,0.2659556262524636
0.00202398,5.245879659856003,0.2808083308298153
0.00202461,5.264368122346271,0.291947859262829
0.00202524,5.264368122346271,0.2882346831184911
0.00202587,5.275461199840432,0.3142269161288566
0.0020265,5.279158892338486,0.3290796207062082
0.00202713,5.286554277334593,0.3253664445618702
0.00202776,5.2939496623307,0.3327927968505461
0.00202839,5.308740432322915,0.3439323252835599
0.00202902,5.319833509817075,0.3662113821495874
0.00202965,5.316135817319021,0.3662113821495874
0.00203028,5.338321972307343,0.3587850298609115
0.00203091,5.342019664805397,0.3699245582939253
0.00203154,5.342019664805397,0.3699245582939253
0.00203217,5.349415049801504,0.3810640867269391
0.0020328,5.360508127295665,0.4033431435929666
0.00203343,5.367903512291772,0.4144826720259804
0.00203406,5.375298897287879,0.4107694958816425
0.00203469,5.38639197478204,0.4219090243146563
0.00203532,5.393787359778146,0.4293353766033321
0.00203595,5.401182744774254,0.43304855274767
0.00203658,5.408578129770361,0.4404749050363459
0.00203721,5.419671207264522,0.4404749050363459
0.00203784,5.419671207264522,0.4479012573250217
0.00203847,5.43815966975479,0.4664671380467112
0.0020391,5.44925274724895,0.4738934903353871
0.00203973,5.441857362252843,0.4738934903353871
0.00204036,5.456648132245058,0.481319842624063
0.00204099,5.464043517241165,0.4924593710570767
0.00204162,5.482531979731433,0.4961725472014147
0.00204225,5.478834287233379,0.5073120756344284
0.00204288,5.497322749723647,0.5147384279231043
0.00204351,5.501020442221701,0.525877956356118
0.00204414,5.508415827217808,0.5370174847891318
0.00204477,5.515811212213915,0.5444438370778076
0.0020454,5.526904289708076,0.5407306609334697
0.00204603,5.53060198220613,0.5481570132221456
0.00204666,5.53060198220613,0.5555833655108214
0.00204729,5.545392752198344,0.5704360700881731
0.00204792,5.556485829692504,0.5778624223768489
0.00204855,5.571276599684719,0.5778624223768489
0.00204918,5.571276599684719,0.5852887746655248
0.00204981,5.58236967717888,0.5964283030985386
0.00205044,5.589765062174987,0.6187073599645661
0.00205107,5.600858139669148,0.6187073599645661
0.0020517,5.578671984680826,0.6149941838202282
0.00205233,5.597160447171094,0.6261337122532419
0.00205296,5.626741987155523,0.6409864168305935
0.00205359,5.626741987155523,0.6409864168305935
0.00205422,5.626741987155523,0.666978649840959
0.00205485,5.648928142143844,0.670691825985297
0.00205548,5.652625834641897,0.6632654736966211
0.00205611,5.652625834641897,0.6744050021296348
0.00205674,5.671114297132165,0.6892577067069865
0.00205737,5.671114297132165,0.6892577067069865
0.002058,5.682207374626326,0.6855445305626486
0.00205863,5.689602759622433,0.7041104112843383
0.00205926,5.704393529614648,0.7115367635730141
0.00205989,5.704393529614648,0.7189631158616899
0.00206052,5.704393529614648,0.7449553488720554
0.00206115,5.726579684602969,0.7301026442947037
0.00206178,5.733975069599077,0.7412421727277174
0.00206241,5.748765839591291,0.7598080534494071
0.00206304,5.752463532089345,0.7449553488720554
0.00206367,5.741370454595184,0.7523817011607312
0.0020643,5.770951994579613,0.763521229593745
0.00206493,5.778347379575719,0.7783739341710967
0.00206556,5.789440457069881,0.7932266387484483
0.00206619,5.793138149567934,0.8155056956144758
0.00206682,5.793138149567934,0.8155056956144758
0.00206745,5.807928919560148,0.8155056956144758
0.00206808,5.807928919560148,0.8229320479031517
0.00206871,5.815324304556255,0.8192188717588138
0.00206934,5.826417382050416,0.8340715763361655
0.00206997,5.852301229536791,0.8452111047691793
0.0020706,5.844905844540684,0.8489242809135171
0.00207123,5.852301229536791,0.8489242809135171
0.00207186,5.859696614532899,0.8712033377795447
0.00207249,5.870789692027059,0.8674901616352068
0.00207312,5.870789692027059,0.8674901616352068
0.00207375,5.874487384525112,0.8786296900682206
0.00207438,5.900371232011488,0.8897692185012342
0.00207501,5.907766617007595,0.8971955707899101
0.00207564,5.896673539513435,0.8971955707899101
0.00207627,5.907766617007595,0.9120482753672619
0.0020769,5.922557386999809,0.9231878038002755
0.00207753,5.926255079497863,0.9454668606663031
0.00207816,5.926255079497863,0.9306141560889514
0.00207879,5.941045849490077,0.9306141560889514
0.00207942,5.948441234486184,0.9306141560889514
0.00208005,5.959534311980345,0.952893212954979
0.00208068,5.970627389474506,0.9677459175323306
0.00208131,5.970627389474506,0.9714590936766686
0.00208194,5.970627389474506,0.9788854459653444
0.00208257,5.978022774470613,0.9788854459653444
0.0020832,5.996511236960881,0.9900249743983581
0.00208383,5.996511236960881,0.9863117982540203
0.00208446,5.996511236960881,0.997451326687034
0.00208509,6.014999699451149,1.008590855120048
0.00208572,6.02609277694531,1.008590855120048
0.00208635,6.029790469443363,1.016017207408724
0.00208698,6.040883546937524,1.027156735841738
0.00208761,6.040883546937524,1.030869911986075
0.00208824,6.051976624431685,1.038296264274751
0.00208887,6.055674316929738,1.038296264274751
0.0020895,6.063069701925846,1.049435792707765
0.00209013,6.074162779420006,1.060575321140779
0.00209076,6.085255856914167,1.056862144996441
0.00209139,6.07786047191806,1.079141201862468
0.00209202,6.100046626906382,1.079141201862468
0.00209265,6.096348934408327,1.09399390643982
0.00209328,6.100046626906382,1.101420258728496
0.00209391,6.107442011902489,1.09399390643982
0.00209454,6.122232781894703,1.101420258728496
0.00209517,6.12962816689081,1.116272963305847
0.0020958,6.140721244384971,1.131125667883199
0.00209643,6.137023551886918,1.127412491738861
0.00209706,6.148116629381078,1.134838844027537
0.00209769,6.166605091871346,1.142265196316213
0.00209832,6.174000476867453,1.145978372460551
0.00209895,6.162907399373292,1.153404724749227
0.00209958,6.18139586186356,1.157117900893565
0.00210021,6.18139586186356,1.168257429326578
0.00210084,6.188791246859667,1.175683781615254
0.00210147,6.203582016851882,1.194249662336944
0.0021021,6.218372786844096,1.194249662336944
0.00210273,6.210977401847989,1.190536486192606
0.00210336,6.225768171840203,1.205389190769958
0.00210399,6.233163556836311,1.212815543058634
0.00210462,6.236861249334364,1.212815543058634
0.00210525,6.240558941832417,1.212815543058634
0.00210588,6.262745096820739,1.231381423780323
0.00210651,6.270140481816846,1.238807776068999
0.00210714,6.270140481816846,1.231381423780323
0.00210777,6.284931251809061,1.242520952213337
0.0021084,6.281233559311007,1.264800009079365
0.00210903,6.288628944307114,1.268513185223702
0.00210966,6.288628944307114,1.268513185223702
0.00211029,6.292326636805168,1.268513185223702
0.00211092,6.303419714299329,1.27222636136804
0.00211155,6.307117406797382,1.279652713656716
0.00211218,6.318210484291543,1.287079065945392
0.00211281,6.32560586928765,1.29079224208973
0.00211344,6.333001254283757,1.301931770522744
0.00211407,6.340396639279865,1.301931770522744
0.0021147,6.344094331777918,1.320497651244433
0.00211533,6.344094331777918,1.324210827388771
0.00211596,6.355187409272078,1.316784475100095
0.00211659,6.358885101770133,1.331637179677447
0.00211722,6.358885101770133,1.327924003533109
0.00211785,6.366280486766239,1.342776708110461
0.00211848,6.373675871762346,1.346489884254799
0.00211911,6.377373564260401,1.353916236543474
0.00211974,6.377373564260401,1.357629412687813
0.00212037,6.403257411746775,1.357629412687813
0.002121,6.414350489240936,1.365055764976488
0.00212163,6.406955104244829,1.37990846955384
0.00212226,6.41804818173899,1.383621645698178
0.00212289,6.432838951731204,1.387334821842516
0.00212352,6.41804818173899,1.387334821842516
0.00212415,6.436536644229258,1.391047997986854
0.00212478,6.432838951731204,1.394761174131192
0.00212541,6.447629721723418,1.402187526419868
0.00212604,6.436536644229258,1.402187526419868
0.00212667,6.455025106719526,1.409613878708543
0.0021273,6.458722799217579,1.439319287863247
0.00212793,6.46981587671174,1.428179759430233
0.00212856,6.477211261707847,1.431892935574571
0.00212919,6.484606646703954,1.439319287863247
0.00212982,6.488304339202008,1.454171992440598
0.00213045,6.488304339202008,1.454171992440598
0.00213108,6.488304339202008,1.454171992440598
0.00213171,6.506792801692276,1.443032464007585
0.00213234,6.510490494190329,1.46902469701795
0.00213297,6.517885879186436,1.465311520873612
0.0021336,6.525281264182544,1.48759057773964
0.00213423,6.525281264182544,1.498730106172653
0.00213486,6.532676649178651,1.495016930028316
0.00213549,6.543769726672812,1.48759057773964
0.00213612,6.547467419170865,1.491303753883978
0.00213675,6.56225818916308,1.502443282316991
0.00213738,6.554862804166972,1.509869634605667
0.00213801,6.56225818916308,1.521009163038681
0.00213864,6.56225818916308,1.524722339183019
0.00213927,6.56225818916308,1.528435515327357
0.0021399,6.580746651653348,1.532148691471695
0.00214053,6.584444344151401,1.543288219904708
0.00214116,6.595537421645561,1.543288219904708
0.00214179,6.599235114143616,1.554427748337722
0.00214242,6.606630499139722,1.550714572193384
0.00214305,6.610328191637776,1.561854100626398
0.00214368,6.614025884135829,1.572993629059412
0.00214431,6.617723576633884,1.565567276770736
0.00214494,6.621421269131937,1.580419981348088
0.00214557,6.62511896162999,1.587846333636764
0.0021462,6.636212039124151,1.591559509781102
0.00214683,6.639909731622205,1.595272685925439
0.00214746,6.658398194112473,1.591559509781102
0.00214809,6.651002809116365,1.598985862069777
0.00214872,6.658398194112473,1.602699038214115
0.00214935,6.651002809116365,1.610125390502791
0.00214998,6.662095886610526,1.606412214358453
0.00215061,6.676886656602741,1.624978095080143
0.00215124,6.669491271606633,1.617551742791467
0.00215187,6.680584349100794,1.624978095080143
0.0021525,6.687979734096901,1.632404447368819
0.00215313,6.684282041598848,1.636117623513156
0.00215376,6.691677426594955,1.632404447368819
0.00215439,6.706468196587169,1.64725715194617
0.00215502,6.702770504089115,1.643543975801832
0.00215565,6.710165889085223,1.64725715194617
0.00215628,6.71756127408133,1.662109856523522
0.00215691,6.721258966579383,1.662109856523522
0.00215754,6.710165889085223,1.662109856523522
0.00215817,6.728654351575491,1.658396680379184
0.0021588,6.728654351575491,1.673249384956536
0.00215943,6.724956659077437,1.673249384956536
0.00216006,6.736049736571598,1.680675737245212
0.00216069,6.754538199061866,1.680675737245212
0.00216132,6.750840506563812,1.691815265678225
0.00216195,6.743445121567705,1.691815265678225
0.00216258,6.754538199061866,1.702954794111239
0.00216321,6.765631276556027,1.699241617966901
0.00216384,6.761933584057973,1.706667970255577
0.00216447,6.773026661552134,1.706667970255577
0.0021651,6.776724354050187,1.706667970255577
0.00216573,6.776724354050187,1.706667970255577
0.00216636,6.791515124042402,1.706667970255577
0.00216699,6.787817431544348,1.710381146399915
0.00216762,6.791515124042402,1.728947027121605
0.00216825,6.784119739046295,1.740086555554618
0.00216888,6.802608201536563,1.740086555554618
0.00216951,6.802608201536563,1.751226083987632
0.00217014,6.806305894034616,1.743799731698956
0.00217077,6.817398971528776,1.751226083987632
0.0021714,6.821096664026831,1.762365612420646
0.00217203,6.821096664026831,1.766078788564984
0.00217266,6.824794356524884,1.758652436276308
0.00217329,6.843282819015152,1.762365612420646
0.00217392,6.835887434019044,1.758652436276308
0.00217455,6.839585126517099,1.77350514085366
0.00217518,6.846980511513205,1.777218316997998
0.00217581,6.854375896509312,1.780931493142335
0.00217644,6.850678204011259,1.777218316997998
0.00217707,6.850678204011259,1.784644669286674
0.0021777,6.876562051497634,1.795784197719687
0.00217833,6.865468974003473,1.795784197719687
0.00217896,6.876562051497634,1.810636902297039
0.00217959,6.880259743995688,1.799497373864025
0.00218022,6.883957436493741,1.806923726152701
0.00218085,6.880259743995688,1.814350078441377
0.00218148,6.880259743995688,1.803210550008363
0.00218211,6.883957436493741,1.814350078441377
0.00218274,6.876562051497634,1.814350078441377
0.00218337,6.887655128991795,1.825489606874391
0.002184,6.887655128991795,1.832915959163066
0.00218463,6.902445898984009,1.825489606874391
0.00218526,6.909841283980116,1.825489606874391
0.00218589,6.909841283980116,1.829202783018729
0.00218652,6.917236668976224,1.836629135307404
0.00218715,6.920934361474277,1.832915959163066
0.00218778,6.906143591482063,1.836629135307404
0.00218841,6.917236668976224,1.851481839884756
0.00218904,6.928329746470384,1.855195016029094
0.00218967,6.932027438968438,1.847768663740418
0.0021903,6.920934361474277,1.847768663740418
0.00219093,6.924632053972331,1.86262136831777
0.00219156,6.946818208960652,1.866334544462108
0.00219219,6.935725131466492,1.855195016029094
0.00219282,6.943120516462598,1.86262136831777
0.00219345,6.943120516462598,1.877474072895121
0.00219408,6.939422823964545,1.881187249039459
0.00219471,6.95421359395676,1.873760896750784
0.00219534,6.946818208960652,1.877474072895121
0.00219597,6.95421359395676,1.881187249039459
0.0021966,6.950515901458706,1.881187249039459
0.00219723,6.961608978952866,1.877474072895121
0.00219786,6.96530667145092,1.858908192173432
0.00219849,6.957911286454813,1.884900425183797
0.00219912,6.957911286454813,1.888613601328135
0.00219975,6.972702056447027,1.903466305905487
0.00220038,6.972702056447027,1.907179482049825
0.00220101,6.976399748945081,1.896039953616811
0.00220164,6.972702056447027,1.899753129761149
0.00220227,6.987492826439242,1.907179482049825
0.0022029,6.994888211435349,1.896039953616811
0.00220353,6.994888211435349,1.907179482049825
0.00220416,6.998585903933402,1.899753129761149
0.00220479,7.00598128892951,1.907179482049825
0.00220542,6.998585903933402,1.903466305905487
0.00220605,6.991190518937295,1.918319010482839
0.00220668,6.994888211435349,1.929458538915852
0.00220731,6.998585903933402,1.925745362771514
0.00220794,6.998585903933402,1.918319010482839
0.00220857,7.00598128892951,1.93317171506019
0.0022092,6.998585903933402,1.925745362771514
0.00220983,7.013376673925617,1.914605834338501
0.00221046,7.009678981427562,1.93317171506019
0.00221109,7.024469751419778,1.929458538915852
0.00221172,7.013376673925617,1.93317171506019
0.00221235,7.013376673925617,1.940598067348866
0.00221298,7.02816744391783,1.929458538915852
0.00221361,7.042958213910046,1.944311243493204
0.00221424,7.02816744391783,1.95173759578188
0.00221487,7.042958213910046,1.955450771926218
0.0022155,7.042958213910046,1.948024419637542
0.00221613,7.039260521411991,1.940598067348866
0.00221676,7.057748983902259,1.970303476503569
0.00221739,7.042958213910046,1.959163948070556
0.00221802,7.035562828913938,1.95173759578188
0.00221865,7.042958213910046,1.962877124214894
0.00221928,7.035562828913938,1.948024419637542
0.00221991,7.046655906408098,1.959163948070556
0.00222054,7.046655906408098,1.966590300359232
0.00222117,7.042958213910046,1.959163948070556
0.0022218,7.035562828913938,1.95173759578188
0.00222243,7.057748983902259,1.959163948070556
0.00222306,7.050353598906153,1.970303476503569
0.00222369,7.050353598906153,1.970303476503569
0.00222432,7.061446676400314,1.966590300359232
0.00222495,7.057748983902259,1.970303476503569
0.00222558,7.042958213910046,1.962877124214894
0.00222621,7.057748983902259,1.955450771926218
0.00222684,7.061446676400314,1.966590300359232
0.00222747,7.061446676400314,1.974016652647907
0.0022281,7.057748983902259,1.974016652647907
0.00222873,7.076237446392527,1.977729828792245
0.00222936,7.061446676400314,1.974016652647907
0.00222999,7.072539753894474,1.985156181080921
0.00223062,7.072539753894474,1.981443004936583
0.00223125,7.061446676400314,1.974016652647907
0.00223188,7.065144368898366,1.962877124214894
0.00223251,7.065144368898366,1.962877124214894
0.00223314,7.061446676400314,1.985156181080921
0.00223377,7.065144368898366,1.988869357225259
0.0022344,7.06884206139642,1.977729828792245
0.00223503,7.072539753894474,1.981443004936583
0.00223566,7.087330523886688,1.996295709513935
0.00223629,7.083632831388634,1.988869357225259
0.00223692,7.083632831388634,1.992582533369597
0.00223755,7.087330523886688,1.981443004936583
0.00223818,7.072539753894474,1.988869357225259
0.00223881,7.079935138890582,1.988869357225259
0.00223944,7.091028216384742,2.000008885658273
0.00224007,7.072539753894474,1.985156181080921
0.0022407,7.087330523886688,1.996295709513935
0.00224133,7.094725908882795,1.996295709513935
0.00224196,7.083632831388634,1.981443004936583
0.00224259,7.072539753894474,1.985156181080921
0.00224322,7.083632831388634,1.985156181080921
0.00224385,7.087330523886688,1.992582533369597
0.00224448,7.091028216384742,2.000008885658273
0.00224511,7.087330523886688,1.988869357225259
0.00224574,7.098423601380849,2.003722061802611
0.00224637,7.087330523886688,2.003722061802611
0.002247,7.083632831388634,1.992582533369597
0.00224763,7.087330523886688,1.988869357225259
0.00224826,7.083632831388634,1.992582533369597
0.00224889,7.083632831388634,1.988869357225259
0.00224952,7.076237446392527,1.985156181080921
0.00225015,7.091028216384742,1.977729828792245
0.00225078,7.091028216384742,1.988869357225259
0.00225141,7.087330523886688,1.988869357225259
0.00225204,7.083632831388634,1.988869357225259
0.00225267,7.083632831388634,1.992582533369597
0.0022533,7.087330523886688,1.988869357225259
0.00225393,7.091028216384742,1.985156181080921
0.00225456,7.087330523886688,1.988869357225259
0.00225519,7.083632831388634,1.996295709513935
0.00225582,7.083632831388634,1.988869357225259
0.00225645,7.091028216384742,1.970303476503569
0.00225708,7.079935138890582,1.985156181080921
0.00225771,7.087330523886688,1.988869357225259
0.00225834,7.091028216384742,1.981443004936583
0.00225897,7.072539753894474,1.992582533369597
0.0022596,7.06884206139642,1.981443004936583
0.00226023,7.087330523886688,1.985156181080921
0.00226086,7.076237446392527,1.977729828792245
0.00226149,7.072539753894474,1.988869357225259
0.00226212,7.083632831388634,1.981443004936583
0.00226275,7.072539753894474,1.966590300359232
0.00226338,7.083632831388634,1.974016652647907
0.00226401,7.079935138890582,1.977729828792245
0.00226464,7.076237446392527,1.985156181080921
0.00226527,7.076237446392527,1.985156181080921
0.0022659,7.079935138890582,1.988869357225259
0.00226653,7.079935138890582,1.977729828792245
0.00226716,7.079935138890582,1.981443004936583
0.00226779,7.079935138890582,1.974016652647907
0.00226842,7.087330523886688,1.974016652647907
0.00226905,7.079935138890582,1.962877124214894
0.00226968,7.06884206139642,1.981443004936583
0.00227031,7.065144368898366,1.977729828792245
0.00227094,7.06884206139642,1.974016652647907
0.00227157,7.072539753894474,1.974016652647907
0.0022722,7.072539753894474,1.970303476503569
0.00227283,7.065144368898366,1.962877124214894
0.00227346,7.079935138890582,1.974016652647907
0.00227409,7.065144368898366,1.974016652647907
0.00227472,7.072539753894474,1.977729828792245
0.00227535,7.065144368898366,1.970303476503569
0.00227598,7.072539753894474,1.962877124214894
0.00227661,7.065144368898366,1.959163948070556
0.00227724,7.072539753894474,1.962877124214894
0.00227787,7.06884206139642,1.95173759578188
0.0022785,7.057748983902259,1.962877124214894
0.00227913,7.057748983902259,1.959163948070556
0.00227976,7.042958213910046,1.955450771926218
0.00228039,7.054051291404206,1.95173759578188
0.00228102,7.065144368898366,1.95173759578188
0.00228165,7.054051291404206,1.95173759578188
0.00228228,7.057748983902259,1.95173759578188
0.00228291,7.046655906408098,1.948024419637542
0.00228354,7.042958213910046,1.940598067348866
0.00228417,7.042958213910046,1.940598067348866
0.0022848,7.039260521411991,1.93317171506019
0.00228543,7.02816744391783,1.940598067348866
0.00228606,7.039260521411991,1.93317171506019
0.00228669,7.02816744391783,1.925745362771514
0.00228732,7.02816744391783,1.93317171506019
0.00228795,7.031865136415885,1.93317171506019
0.00228858,7.039260521411991,1.925745362771514
0.00228921,7.035562828913938,1.918319010482839
0.00228984,7.020772058921724,1.93317171506019
0.00229047,7.01707436642367,1.925745362771514
0.0022911,7.024469751419778,1.918319010482839
0.00229173,7.020772058921724,1.914605834338501
0.00229236,7.013376673925617,1.910892658194163
0.00229299,7.01707436642367,1.918319010482839
0.00229362,7.013376673925617,1.907179482049825
0.00229425,7.00598128892951,1.907179482049825
0.00229488,7.009678981427562,1.910892658194163
0.00229551,7.013376673925617,1.910892658194163
0.00229614,7.002283596431456,1.903466305905487
0.00229677,6.991190518937295,1.892326777472473
0.0022974,6.991190518937295,1.896039953616811
0.00229803,6.998585903933402,1.892326777472473
0.00229866,6.994888211435349,1.896039953616811
0.00229929,6.991190518937295,1.910892658194163
0.00229992,6.987492826439242,1.881187249039459
0.00230055,6.987492826439242,1.881187249039459
0.00230118,6.983795133941188,1.881187249039459
0.00230181,6.983795133941188,1.884900425183797
0.00230244,6.976399748945081,1.870047720606446
0.00230307,6.972702056447027,1.881187249039459
0.0023037,6.972702056447027,1.877474072895121
0.00230433,6.980097441443134,1.881187249039459
0.00230496,6.972702056447027,1.858908192173432
0.00230559,6.961608978952866,1.86262136831777
0.00230622,6.976399748945081,1.870047720606446
0.00230685,6.972702056447027,1.870047720606446
0.00230748,6.96530667145092,1.86262136831777
0.00230811,6.961608978952866,1.855195016029094
0.00230874,6.957911286454813,1.86262136831777
0.00230937,6.943120516462598,1.866334544462108
0.00231,6.943120516462598,1.847768663740418
0.00231063,6.943120516462598,1.855195016029094
0.00231126,6.95421359395676,1.84405548759608
0.00231189,6.935725131466492,1.829202783018729
0.00231252,6.932027438968438,1.829202783018729
0.00231315,6.935725131466492,1.836629135307404
0.00231378,6.935725131466492,1.818063254585715
0.00231441,6.932027438968438,1.818063254585715
0.00231504,6.928329746470384,1.825489606874391
0.00231567,6.902445898984009,1.818063254585715
0.0023163,6.917236668976224,1.818063254585715
0.00231693,6.91353897647817,1.810636902297039
0.00231756,6.906143591482063,1.810636902297039
0.00231819,6.917236668976224,1.803210550008363
0.00231882,6.902445898984009,1.795784197719687
0.00231945,6.898748206485956,1.799497373864025
0.00232008,6.880259743995688,1.803210550008363
0.00232071,6.883957436493741,1.784644669286674
0.00232134,6.887655128991795,1.788357845431011
0.00232197,6.876562051497634,1.777218316997998
0.0023226,6.880259743995688,1.784644669286674
0.00232323,6.880259743995688,1.77350514085366
0.00232386,6.869166666501527,1.769791964709322
0.00232449,6.87286435899958,1.766078788564984
0.00232512,6.850678204011259,1.769791964709322
0.00232575,6.850678204011259,1.75493926013197
0.00232638,6.846980511513205,1.758652436276308
0.00232701,6.850678204011259,1.747512907843294
0.00232764,6.843282819015152,1.73637337941028
0.00232827,6.846980511513205,1.740086555554618
0.0023289,6.846980511513205,1.747512907843294
0.00232953,6.835887434019044,1.743799731698956
0.00233016,6.832189741520991,1.743799731698956
0.00233079,6.839585126517099,1.725233850977267
0.00233142,6.824794356524884,1.725233850977267
0.00233205,6.824794356524884,1.714094322544253
0.00233268,6.817398971528776,1.725233850977267
0.00233331,6.813701279030723,1.717807498688591
0.00233394,6.802608201536563,1.702954794111239
0.00233457,6.81000358653267,1.706667970255577
0.0023352,6.798910509038508,1.710381146399915
0.00233583,6.787817431544348,1.699241617966901
0.00233646,6.798910509038508,1.695528441822563
0.00233709,6.795212816540455,1.68438891338955
0.00233772,6.795212816540455,1.688102089533887
0.00233835,6.784119739046295,1.688102089533887
0.00233898,6.773026661552134,1.669536208812198
0.00233961,6.761933584057973,1.676962561100874
0.00234024,6.761933584057973,1.673249384956536
0.00234087,6.758235891559919,1.669536208812198
0.0023415,6.754538199061866,1.66582303266786
0.00234213,6.761933584057973,1.654683504234846
0.00234276,6.754538199061866,1.658396680379184
0.00234339,6.747142814065759,1.643543975801832
0.00234402,6.747142814065759,1.632404447368819
0.00234465,6.739747429069651,1.643543975801832
0.00234528,6.732352044073544,1.639830799657495
0.00234591,6.728654351575491,1.636117623513156
0.00234654,6.721258966579383,1.628691271224481
0.00234717,6.71756127408133,1.610125390502791
0.0023478,6.710165889085223,1.613838566647129
0.00234843,6.702770504089115,1.610125390502791
0.00234906,6.699072811591062,1.610125390502791
0.00234969,6.699072811591062,1.602699038214115
0.00235032,6.702770504089115,1.602699038214115
0.00235095,6.684282041598848,1.598985862069777
0.00235158,6.673188964104687,1.57670680520375
0.00235221,6.680584349100794,1.591559509781102
0.00235284,6.676886656602741,1.584133157492426
0.00235347,6.669491271606633,1.580419981348088
0.0023541,6.673188964104687,1.565567276770736
0.00235473,6.662095886610526,1.569280452915074
0.00235536,6.651002809116365,1.561854100626398
0.00235599,6.651002809116365,1.554427748337722
0.00235662,6.628816654128044,1.550714572193384
0.00235725,6.628816654128044,1.547001396049047
0.00235788,6.621421269131937,1.535861867616033
0.00235851,6.617723576633884,1.532148691471695
0.00235914,6.610328191637776,1.521009163038681
0.00235977,6.602932806641669,1.528435515327357
0.0023604,6.606630499139722,1.528435515327357
0.00236103,6.610328191637776,1.517295986894343
0.00236166,6.606630499139722,1.502443282316991
0.00236229,6.580746651653348,1.506156458461329
0.00236292,6.57335126665724,1.498730106172653
0.00236355,6.57335126665724,1.502443282316991
0.00236418,6.565955881661133,1.48759057773964
0.00236481,6.580746651653348,1.483877401595302
0.00236544,6.56225818916308,1.476451049306626
0.00236607,6.56225818916308,1.46902469701795
0.0023667,6.56225818916308,1.461598344729274
0.00236733,6.532676649178651,1.446745640151923
0.00236796,6.532676649178651,1.450458816296261
0.00236859,6.551165111668919,1.446745640151923
0.00236922,6.540072034174758,1.443032464007585
0.00236985,6.525281264182544,1.446745640151923
0.00237048,6.52158357168449,1.435606111718909
0.00237111,6.514188186688383,1.446745640151923
0.00237174,6.506792801692276,1.420753407141557
0.00237237,6.499397416696168,1.405900702564205
0.002373,6.495699724198115,1.413327054852881
0.00237363,6.488304339202008,1.409613878708543
0.00237426,6.488304339202008,1.394761174131192
0.00237489,6.488304339202008,1.39847435027553
0.00237552,6.473513569209794,1.394761174131192
0.00237615,6.477211261707847,1.376195293409502
0.00237678,6.466118184213686,1.365055764976488
0.00237741,6.458722799217579,1.387334821842516
0.00237804,6.455025106719526,1.365055764976488
0.00237867,6.436536644229258,1.365055764976488
0.0023793,6.432838951731204,1.353916236543474
0.00237993,6.42914125923315,1.353916236543474
0.00238056,6.414350489240936,1.339063531966123
0.00238119,6.425443566735097,1.335350355821785
0.00238182,6.41804818173899,1.339063531966123
0.00238245,6.414350489240936,1.324210827388771
0.00238308,6.399559719248722,1.320497651244433
0.00238371,6.403257411746775,1.30935812281142
0.00238434,6.392164334252614,1.301931770522744
0.00238497,6.377373564260401,1.313071298955757
0.0023856,6.362582794268186,1.29079224208973
0.00238623,6.366280486766239,1.279652713656716
0.00238686,6.366280486766239,1.275939537512378
0.00238749,6.355187409272078,1.268513185223702
0.00238812,6.344094331777918,1.261086832935026
0.00238875,6.333001254283757,1.261086832935026
0.00238938,6.340396639279865,1.261086832935026
0.00239001,6.340396639279865,1.253660480646351
0.00239064,6.32560586928765,1.238807776068999
0.00239127,6.310815099295436,1.238807776068999
0.0023919,6.310815099295436,1.238807776068999
0.00239253,6.310815099295436,1.227668247635985
0.00239316,6.307117406797382,1.216528719202971
0.00239379,6.277535866812953,1.212815543058634
0.00239442,6.281233559311007,1.197962838481282
0.00239505,6.288628944307114,1.20167601462562
0.00239568,6.2738381743149,1.194249662336944
0.00239631,6.251652019326579,1.18311013390393
0.00239694,6.262745096820739,1.179396957759592
0.00239757,6.255349711824632,1.179396957759592
0.0023982,6.240558941832417,1.175683781615254
0.00239883,6.233163556836311,1.168257429326578
0.00239946,6.236861249334364,1.157117900893565
0.00240009,6.229465864338257,1.157117900893565
0.00240072,6.218372786844096,1.157117900893565
0.00240135,6.210977401847989,1.134838844027537
0.00240198,6.210977401847989,1.134838844027537
0.00240261,6.210977401847989,1.123699315594523
0.00240324,6.203582016851882,1.116272963305847
0.00240387,6.18139586186356,1.11255978716151
0.0024045,6.185093554361614,1.101420258728496
0.00240513,6.177698169365507,1.105133434872834
0.00240576,6.170302784369399,1.090280730295482
0.00240639,6.166605091871346,1.082854378006806
0.00240702,6.140721244384971,1.079141201862468
0.00240765,6.140721244384971,1.082854378006806
0.00240828,6.12962816689081,1.060575321140779
0.00240891,6.125930474392757,1.064288497285117
0.00240954,6.11853508939665,1.042009440419089
0.00241017,6.11853508939665,1.042009440419089
0.0024108,6.100046626906382,1.045722616563427
0.00241143,6.100046626906382,1.038296264274751
0.00241206,6.096348934408327,1.027156735841738
0.00241269,6.092651241910274,1.012304031264386
0.00241332,6.085255856914167,1.012304031264386
0.00241395,6.074162779420006,1.012304031264386
0.00241458,6.070465086921953,1.001164502831372
0.00241521,6.059372009427792,0.9863117982540203
0.00241584,6.040883546937524,0.9751722698210065
0.00241647,6.03718585443947,0.9751722698210065
0.0024171,6.040883546937524,0.9788854459653444
0.00241773,6.014999699451149,0.949180036810641
0.00241836,6.014999699451149,0.9454668606663031
0.00241899,6.007604314455042,0.9417536845219652
0.00241962,6.000208929458934,0.9417536845219652
0.00242025,5.97432508197256,0.9306141560889514
0.00242088,5.992813544462828,0.9306141560889514
0.00242151,5.989115851964774,0.9231878038002755
0.00242214,5.98541815946672,0.9269009799446135
0.00242277,5.981720466968667,0.8971955707899101
0.0024234,5.959534311980345,0.8860560423568964
0.00242403,5.941045849490077,0.8897692185012342
0.00242466,5.941045849490077,0.8823428662125584
0.00242529,5.922557386999809,0.8749165139238826
0.00242592,5.918859694501756,0.8749165139238826
0.00242655,5.915162002003703,0.8600638093465309
0.00242718,5.918859694501756,0.8526374570578551
0.00242781,5.900371232011488,0.8526374570578551
0.00242844,5.896673539513435,0.8414979286248413
0.00242907,5.889278154517327,0.8340715763361655
0.0024297,5.885580462019274,0.8192188717588138
0.00243033,5.878185077023167,0.811792519470138
0.00243096,5.878185077023167,0.8192188717588138
0.00243159,5.867091999529006,0.8043661671814621
0.00243222,5.867091999529006,0.7932266387484483
0.00243285,5.855998922034845,0.7820871103154345
0.00243348,5.833812767046523,0.7746607580267587
0.00243411,5.822719689552363,0.7709475818824209
0.00243474,5.826417382050416,0.7746607580267587
0.00243537,5.822719689552363,0.7672344057380829
0.002436,5.811626612058202,0.7338158204390416
0.00243663,5.800533534564041,0.7375289965833796
0.00243726,5.804231227062095,0.7375289965833796
0.00243789,5.785742764571827,0.7338158204390416
0.00243852,5.778347379575719,0.7301026442947037
0.00243915,5.756161224587398,0.7263894681503658
0.00243978,5.759858917085452,0.7003972351400003
0.00244041,5.752463532089345,0.6966840589956624
0.00244104,5.745068147093237,0.7003972351400003
0.00244167,5.741370454595184,0.6892577067069865
0.0024423,5.733975069599077,0.6781181782739728
0.00244293,5.730277377101023,0.666978649840959
0.00244356,5.708091222112701,0.6558391214079452
0.00244419,5.704393529614648,0.6521259452636073
0.00244482,5.696998144618541,0.6446995929749315
0.00244545,5.682207374626326,0.6335600645419177
0.00244608,5.682207374626326,0.6298468883975799
0.00244671,5.678509682128273,0.6298468883975799
0.00244734,5.663718912136058,0.6298468883975799
0.00244797,5.667416604634112,0.6187073599645661
0.0024486,5.652625834641897,0.6224205361089039
0.00244923,5.637835064649684,0.6001414792428764
0.00244986,5.630439679653576,0.5815755985211869
0.00245049,5.630439679653576,0.574149246232511
0.00245112,5.608253524665255,0.5778624223768489
0.00245175,5.597160447171094,0.5704360700881731
0.00245238,5.600858139669148,0.5592965416551593
0.00245301,5.600858139669148,0.5481570132221456
0.00245364,5.59346275467304,0.5518701893664835
0.00245427,5.586067369676933,0.5370174847891318
0.0024549,5.563881214688612,0.5221647802117801
0.00245553,5.556485829692504,0.5184516040674422
0.00245616,5.560183522190558,0.5147384279231043
0.00245679,5.549090444696398,0.4998857233457525
0.00245742,5.53060198220613,0.4924593710570767
0.00245805,5.526904289708076,0.4701803141910492
0.00245868,5.519508904711969,0.4738934903353871
0.00245931,5.508415827217808,0.4664671380467112
0.00245994,5.501020442221701,0.4664671380467112
0.00246057,5.504718134719754,0.4553276096136976
0.0024612,5.48992736472754,0.4516144334693596
0.00246183,5.478834287233379,0.4404749050363459
0.00246246,5.471438902237272,0.4404749050363459
0.00246309,5.460345824743111,0.43304855274767
0.00246372,5.452950439747005,0.4107694958816425
0.00246435,5.445555054750897,0.4219090243146563
0.00246498,5.430764284758682,0.4107694958816425
0.00246561,5.427066592260629,0.3996299674486287
0.00246624,5.419671207264522,0.388490439015615
0.00246687,5.412275822268414,0.3773509105826012
0.0024675,5.397485052276201,0.3699245582939253
0.00246813,5.38639197478204,0.3699245582939253
0.00246876,5.378996589785933,0.3587850298609115
0.00246939,5.375298897287879,0.3365059729948841
0.00247002,5.375298897287879,0.340219149139222
0.00247065,5.364205819793718,0.3290796207062082
0.00247128,5.356810434797611,0.3253664445618702
0.00247191,5.342019664805397,0.3216532684175324
0.00247254,5.349415049801504,0.3030873876958428
0.00247317,5.338321972307343,0.3142269161288566
0.0024738,5.323531202315129,0.2956610354071669
0.00247443,5.319833509817075,0.2882346831184911
0.00247506,5.312438124820968,0.2770951546854773
0.00247569,5.2939496623307,0.2696688023968015
0.00247632,5.290251969832647,0.2659556262524636
0.00247695,5.282856584836539,0.2548160978194498
0.00247758,5.275461199840432,0.2548160978194498
0.00247821,5.279158892338486,0.2399633932420981
0.00247884,5.253275044852111,0.2213975125204085
0.00247947,5.24218196735795,0.2213975125204085
0.0024801,5.23108888986379,0.2102579840873947
0.00248073,5.238484274859896,0.2102579840873947
0.00248136,5.227391197365735,0.199118455654381
0.00248199,5.223693504867682,0.1879789272213672
0.00248262,5.205205042377414,0.1916921033657051
0.00248325,5.20150734987936,0.1731262226440155
0.00248388,5.179321194891039,0.1694130464996776
0.00248451,5.179321194891039,0.1582735180666638
0.00248514,5.175623502392986,0.1434208134893121
0.00248577,5.160832732400771,0.1397076373449742
0.0024864,5.14973965490661,0.1285681089119605
0.00248703,5.142344269910503,0.1211417566232846
0.00248766,5.134948884914396,0.1100022281902708
0.00248829,5.134948884914396,0.1174285804789467
0.00248892,5.123855807420235,0.1062890520459329
0.00248955,5.116460422424128,0.09886269975725709
0.00249018,5.105367344929967,0.0840099951799054
0.00249081,5.09797195993386,0.09143634746858124
0.00249144,5.094274267435806,0.07287046674689164
0.00249207,5.075785804945538,0.0654441144582158
0.0024927,5.060995034953324,0.05430458602520204
0.00249333,5.068390419949432,0.04316505759218826
0.00249396,5.053599649957217,0.0320255291591745
0.00249459,5.04620426496111,0.01717282458182282
0.00249522,5.038808879965003,0.02088600072616074
0.00249585,5.024018109972788,0.009746472293146971
0.00249648,5.024018109972788,0.009746472293146971
0.00249711,5.012925032478628,-0.008819408428542619
0.00249774,5.001831954984467,-0.01995893686155639
0.00249837,4.990738877490307,-0.01995893686155639
0.002499,4.987041184992252,-0.01995893686155639
0.00249963,4.979645799996145,-0.02738528915023225
0.00250026,4.961157337505878,-0.0570906983049356
0.00250089,4.953761952509771,-0.05337752216059768
0.00250152,4.953761952509771,-0.06080387444927352
0.00250215,4.946366567513663,-0.07194340288228729
0.00250278,4.935273490019503,-0.07194340288228729
0.00250341,4.913087335031181,-0.0756565790266252
0.00250404,4.920482720027288,-0.08679610745963898
0.00250467,4.909389642533127,-0.1053619881813286
0.0025053,4.90199425753702,-0.1053619881813286
0.00250593,4.898296565038967,-0.1165015166143424
0.00250656,4.883505795046752,-0.1239278689030182
0.00250719,4.868715025054538,-0.1350673973360319
0.00250782,4.857621947560377,-0.1462069257690457
0.00250845,4.85022656256427,-0.1499201019133836
0.00250908,4.839133485070109,-0.1647728064907353
0.00250971,4.839133485070109,-0.1610596303463974
0.00251034,4.839133485070109,-0.1759123349237491
0.00251097,4.824342715077895,-0.1833386872124249
0.0025116,4.805854252587627,-0.1907650395011008
0.00251223,4.805854252587627,-0.1870518633567629
0.00251286,4.809551945085681,-0.1944782156454387
0.00251349,4.791063482595413,-0.2019045679341145
0.00251412,4.787365790097359,-0.2093309202227904
0.00251475,4.779970405101252,-0.2204704486558041
0.00251538,4.761481942610984,-0.2427495055218317
0.00251601,4.761481942610984,-0.2464626816661696
0.00251664,4.75778425011293,-0.2427495055218317
0.00251727,4.735598095124609,-0.2576022100991834
0.0025179,4.724505017630448,-0.2650285623878592
0.00251853,4.720807325132395,-0.2650285623878592
0.00251916,4.724505017630448,-0.2835944431095488
0.00251979,4.709714247638233,-0.2798812669652109
0.00252042,4.698621170144073,-0.2910207953982247
0.00252105,4.698621170144073,-0.2947339715425625
0.00252168,4.691225785147966,-0.2947339715425625
0.00252231,4.676435015155752,-0.324439380697266
0.00252294,4.657946552665484,-0.324439380697266
0.00252357,4.661644245163537,-0.324439380697266
0.0025242,4.650551167669376,-0.3392920852746176
0.00252483,4.635760397677162,-0.3504316137076314
0.00252546,4.632062705179108,-0.3430052614189556
0.00252609,4.620969627684948,-0.3615711421406451
0.00252672,4.61357424268884,-0.3801370228623348
0.00252735,4.606178857692734,-0.3801370228623348
0.00252798,4.606178857692734,-0.4024160797283624
0.00252861,4.591388087700519,-0.3987029035840244
0.00252924,4.580295010206358,-0.4024160797283624
0.00252987,4.565504240214144,-0.413555608161376
0.0025305,4.565504240214144,-0.4246951365943898
0.00253113,4.55071347022193,-0.4284083127387278
0.00253176,4.55071347022193,-0.4395478411717415
0.00253239,4.535922700229715,-0.4395478411717415
0.00253302,4.535922700229715,-0.4506873696047553
0.00253365,4.521131930237501,-0.4581137218934311
0.00253428,4.513736545241394,-0.4692532503264449
0.00253491,4.506341160245286,-0.4692532503264449
0.00253554,4.491550390253073,-0.4766796026151208
0.00253617,4.491550390253073,-0.4952454833368104
0.0025368,4.476759620260858,-0.5100981879141621
0.00253743,4.465666542766697,-0.5138113640584999
0.00253806,4.45827115777059,-0.5100981879141621
0.00253869,4.443480387778376,-0.5249508924915137
0.00253932,4.436085002782269,-0.5286640686358517
0.00253995,4.443480387778376,-0.5323772447801896
0.00254058,4.436085002782269,-0.5360904209245275
0.00254121,4.421294232790054,-0.558369477790555
0.00254184,4.402805770299786,-0.5398035970688654
0.00254247,4.399108077801733,-0.562082653934893
0.0025431,4.399108077801733,-0.5843617108009205
0.00254373,4.388015000307572,-0.5806485346565825
0.00254436,4.376921922813411,-0.5880748869452583
0.00254499,4.376921922813411,-0.5992144153782721
0.00254562,4.362131152821197,-0.5992144153782721
0.00254625,4.347340382828983,-0.6140671199556238
0.00254688,4.343642690330929,-0.6177802960999618
0.00254751,4.343642690330929,-0.6289198245329755
0.00254814,4.325154227840661,-0.6400593529659893
0.00254877,4.321456535342607,-0.6474857052546651
0.0025494,4.317758842844554,-0.6511988813990031
0.00255003,4.325154227840661,-0.6660515859763547
0.00255066,4.295572687856232,-0.6734779382650306
0.00255129,4.288177302860126,-0.6697647621206927
0.00255192,4.295572687856232,-0.6809042905537064
0.00255255,4.273386532867911,-0.6809042905537064
0.00255318,4.265991147871803,-0.703183347419734
0.00255381,4.254898070377643,-0.7068965235640718
0.00255444,4.25120037787959,-0.7143228758527477
0.00255507,4.243804992883482,-0.7180360519970856
0.0025557,4.232711915389322,-0.7291755804300993
0.00255633,4.225316530393214,-0.7328887565744373
0.00255696,4.206828067902946,-0.7403151088631131
0.00255759,4.206828067902946,-0.7514546372961269
0.00255822,4.206828067902946,-0.7588809895848028
0.00255885,4.188339605412678,-0.7625941657291406
0.00255948,4.192037297910732,-0.7737336941621544
0.00256011,4.180944220416571,-0.7774468703064924
0.00256074,4.180944220416571,-0.7848732225951682
0.00256137,4.15875806542825,-0.7997259271725199
0.002562,4.162455757926304,-0.8071522794611957
0.00256263,4.151362680432142,-0.8108654556055337
0.00256326,4.140269602937982,-0.8071522794611957
0.00256389,4.129176525443821,-0.8220049840385474
0.00256452,4.121781140447714,-0.8331445124715612
0.00256515,4.110688062953553,-0.840570864760237
0.00256578,4.1069903704555,-0.8331445124715612
0.00256641,4.099594985459392,-0.8554235693375887
0.00256704,4.095897292961339,-0.8517103931932508
0.00256767,4.103292677957446,-0.8554235693375887
0.0025683,4.084804215467178,-0.8591367454819266
0.00256893,4.073711137973017,-0.8665630977706025
0.00256956,4.062618060478856,-0.8851289784922921
0.00257019,4.055222675482749,-0.8999816830696438
0.00257082,4.044129597988588,-0.9036948592139816
0.00257145,4.047827290486643,-0.8999816830696438
0.00257208,4.033036520494428,-0.8925553307809678
0.00257271,4.021943443000267,-0.9074080353583197
0.00257334,4.021943443000267,-0.9296870922243471
0.00257397,4.007152673008052,-0.9334002683686849
0.0025746,3.996059595513892,-0.9482529729460368
0.00257523,3.999757288011946,-0.9556793252347126
0.00257586,3.988664210517785,-0.9519661490903747
0.00257649,3.977571133023624,-0.9631056775233885
0.00257712,3.984966518019731,-0.9668188536677264
0.00257775,3.970175748027517,-0.9705320298120642
0.00257838,3.951687285537249,-0.9705320298120642
0.00257901,3.947989593039195,-0.9742452059564023
0.00257964,3.947989593039195,-0.9965242628224297
0.00258027,3.936896515545035,-1.011376967399781
