Time (s),Channel 1 (V),Channel 2 (V)
-0.002580165,5.058599037478012,0.166296607629571
-0.002579535,5.057588907760931,0.165281208809455
-0.002578905,5.056242068138155,0.1649427425360823
-0.002578275,5.052874969081216,0.1625734786224759
-0.002577645,5.051528129458442,0.1602042147088717
-0.002577015,5.049844579929973,0.1591888158887552
-0.002576385,5.047487610590117,0.1561426194284069
-0.002575755,5.04614077096734,0.1547887543349168
-0.002575125,5.044120511533177,0.1530964229680558
-0.002574495,5.042100252099015,0.1517425578745677
-0.002573865,5.040416702570545,0.1493732939609618
-0.002573235,5.039743282759155,0.1497117602343325
-0.002572605,5.036712893607913,0.1463270975006122
-0.002571975,5.03469263417375,0.1463270975006122
-0.002571345,5.03300908464528,0.142265502220145
-0.002570715,5.030988825211118,0.1402347045799128
-0.002570085,5.029305275682649,0.1378654406663075
-0.002569455,5.026611596437099,0.1378654406663075
-0.002568825,5.026274886531404,0.1365115755728188
-0.002568195,5.025601466720015,0.1354961767527008
-0.002567565,5.021224237945996,0.1324499802923526
-0.002566935,5.019540688417528,0.1283883850118864
-0.002566305,5.01819384879475,0.1294037838320015
-0.002565675,5.015163459643508,0.1263575873716533
-0.002565045,5.014826749737814,0.1253421885515367
-0.002564415,5.013143200209345,0.1233113909113045
-0.002563785,5.01179636058657,0.1233113909113036
-0.002563155,5.00842926152963,0.1202651944509529
-0.002562525,5.00741913181255,0.1178959305373486
-0.002561895,5.00573558228408,0.1155266666237433
-0.002561265,5.003715322849915,0.1155266666237418
-0.002560635,5.000684933698673,0.1121420038900215
-0.002560005,5.000684933698673,0.1111266050699049
-0.002559375,4.999001384170205,0.111465071343277
-0.002558745,4.997317834641735,0.1101112062497884
-0.002558115,4.996981124736041,0.1090958074296718
-0.002557485,4.994960865301878,0.1074034760628109
-0.002556855,4.994287445490491,0.1060496109693222
-0.002556225,4.992603895962021,0.1043572796024608
-0.002555595,4.991930476150634,0.1033418807823447
-0.002554965,4.990246926622164,0.1033418807823447
-0.002554335,4.988563377093696,0.1002956843219964
-0.002553705,4.987553247376614,0.09894181922850631
-0.002553075,4.986543117659532,0.09826488668176193
-0.002552445,4.985196278036756,0.09826488668176193
-0.002551815,4.983176018602594,0.09555715649478445
-0.002551185,4.979808919545655,0.09318789258117793
-0.002550555,4.977115240300105,0.09048016239420169
-0.002549925,4.97576840067733,0.08912629730071295
-0.002549295,4.974758270960249,0.08777243220722483
-0.002548665,4.973411431337473,0.08641856711373547
-0.002548035,4.970381042186228,0.08337237065338582
-0.002547405,4.96869749265776,0.08303390438001378
-0.002546775,4.967687362940677,0.08269543810664144
-0.002546145,4.96364684407235,0.07727997773268604
-0.002545515,4.962300004449577,0.07626457891256994
-0.002544885,4.961963294543883,0.07524918009245338
-0.002544255,4.95893290539264,0.07287991617884917
-0.002543625,4.956912645958475,0.07186451735873153
-0.002542995,4.955229096430006,0.06881832089838189
-0.002542365,4.952198707278763,0.06644905698477767
-0.002541735,4.950851867655986,0.06475672561791566
-0.002541105,4.948831608221822,0.06340286052442631
-0.002540475,4.947821478504742,0.06204899543093818
-0.002539845,4.945801219070579,0.06035666406407726
-0.002539215,4.942434120013642,0.05629506878361289
-0.002538585,4.939403730862396,0.05426427114337794
-0.002537955,4.939067020956702,0.05358733859663357
-0.002537325,4.937383471428234,0.05155654095640138
-0.002536695,4.935699921899764,0.04986420958953953
-0.002536065,4.934016372371294,0.04851034449605018
-0.002535435,4.931322693125744,0.04715647940256207
-0.002534805,4.927618884163111,0.04309488412209585
-0.002534175,4.925261914823255,0.04241795157535071
-0.002533545,4.925261914823255,0.04072562020849056
-0.002532915,4.923241655389092,0.03869482256825744
-0.002532285,4.922231525672012,0.03835635629488542
-0.002531655,4.919201136520766,0.03564862610790778
-0.002531025,4.918864426615071,0.03564862610790639
-0.002530395,4.916507457275215,0.03260242964755812
-0.002529765,4.912466938406889,0.02921776691383628
-0.002529135,4.91078338887842,0.02786390182034707
-0.002528505,4.909436549255645,0.02684850300023099
-0.002527875,4.908763129444258,0.02515617163337007
-0.002527245,4.907079579915789,0.02380230653988194
-0.002526615,4.904385900670237,0.02075611007953167
-0.002525985,4.901355511518993,0.01804837989255419
-0.002525355,4.900008671896217,0.01669451479906545
-0.002524725,4.898998542179136,0.01601758225232108
-0.002524095,4.895294733216504,0.01330985206534376
-0.002523465,4.895294733216504,0.01364831833871578
-0.002522835,4.892601053970953,0.0089097905115052
-0.002522205,4.88957066481971,0.007217459144645048
-0.002521575,4.889570664819709,0.008571324238133018
-0.002520945,4.886203565762771,0.005186661504411175
-0.002520315,4.884183306328608,0.001801998770689331
-0.002519685,4.883173176611527,0.0007865999505727722
-0.002519055,4.880479497365975,-0.001244197689660485
-0.002518425,4.880479497365975,-0.001582663963032513
-0.002517795,4.878459237931812,-0.003951927876637812
-0.002517165,4.876102268591956,-0.00429039415000984
-0.002516535,4.875428848780568,-0.004967326696754371
-0.002515905,4.873745299252099,-0.007336590610359656
-0.002515275,4.872398459629324,-0.008690455703847766
-0.002514645,4.870714910100855,-0.009705854523964941
-0.002514015,4.868357940760998,-0.01207511843757056
-0.002513385,4.86768452094961,-0.01275205098431462
-0.002512755,4.867347811043916,-0.01309051725768678
-0.002512125,4.866000971421141,-0.01512131489791898
-0.002511495,4.865327551609753,-0.0154597811712921
-0.002510865,4.863644002081284,-0.01816751135826955
-0.002510235,4.86330729217559,-0.01918291017838565
-0.002509605,4.859940193118652,-0.02087524154524703
-0.002508975,4.856573094061712,-0.02222910663873671
-0.002508345,4.855562964344632,-0.02425990427896887
-0.002507715,4.852869285099081,-0.02730610073931855
-0.002507085,4.851185735570613,-0.02933689837955072
-0.002506455,4.848828766230755,-0.03170616229315695
-0.002505825,4.846808506796592,-0.03339849366001788
-0.002505195,4.845798377079512,-0.03339849366001788
-0.002504565,4.842431278022572,-0.03746008894048408
-0.002503935,4.841757858211184,-0.03847548776060126
-0.002503305,4.839064178965634,-0.03982935285408937
-0.002502675,4.836707209625778,-0.04186015049432248
-0.002502045,4.835360370003,-0.04287554931444043
-0.002501415,4.832329980851758,-0.04592174577478869
-0.002500785,4.830646431323289,-0.04829100968839398
-0.002500155,4.829299591700514,-0.05032180732862617
-0.002499525,4.828626171889126,-0.04998334105525493
-0.002498895,4.825595782737881,-0.05235260496886175
-0.002498265,4.823238813398024,-0.05573726770258206
-0.002497635,4.820545134152473,-0.05776806534281517
-0.002497005,4.820208424246778,-0.05810653161618888
-0.002496375,4.816841325189841,-0.06149119434990918
-0.002495745,4.815494485567066,-0.06216812689665355
-0.002495115,4.813474226132904,-0.06352199199014169
-0.002494485,4.809096997358884,-0.06758358727060851
-0.002493855,4.80876028745319,-0.0672451209972371
-0.002493225,4.808086867641802,-0.06893745236409726
-0.002492595,4.805729898301945,-0.07029131745758599
-0.002491965,4.803709638867781,-0.07333751391793672
-0.002491335,4.801352669527925,-0.07570677783154095
-0.002490705,4.799332410093762,-0.07672217665165751
-0.002490075,4.797648860565294,-0.07942990683863373
-0.002489445,4.796302020942518,-0.08078377193212372
-0.002488815,4.795291891225436,-0.08213763702561244
-0.002488185,4.791924792168498,-0.08484536721258992
-0.002487555,4.789231112922947,-0.08687616485282304
-0.002486925,4.787547563394477,-0.08924542876642878
-0.002486295,4.784853884148927,-0.09026082758654488
-0.002485665,4.78249691480907,-0.09195315895340581
-0.002485035,4.781823494997683,-0.09364549032026596
-0.002484405,4.781150075186296,-0.09466088914038329
-0.002483775,4.778119686035051,-0.09635322050724421
-0.002483145,4.774752586978113,-0.09939941696759386
-0.002482515,4.775089296883807,-0.101430214607827
-0.002481885,4.774752586978111,-0.1010917483344563
-0.002481255,4.770375358204093,-0.1044764110681766
-0.002480625,4.768018388864236,-0.1071841412551541
-0.002479995,4.767344969052848,-0.1068456749817821
-0.002479365,4.76397786999591,-0.1095534051687594
-0.002478735,4.762967740278828,-0.1115842028089925
-0.002478105,4.760274061033279,-0.1129380679024806
-0.002477475,4.759263931316196,-0.1153073318160865
-0.002476845,4.756906961976338,-0.1176765957296924
-0.002476215,4.754549992636483,-0.1190304608231806
-0.002475585,4.754213282730789,-0.1190304608231806
-0.002474955,4.751856313390933,-0.1210612584634127
-0.002474325,4.749499344051076,-0.1237689886503912
-0.002473695,4.749836053956769,-0.1241074549237633
-0.002473065,4.74714237471122,-0.1268151851107396
-0.002472435,4.744785405371362,-0.127153651384113
-0.002471805,4.74377527565428,-0.1298613815710903
-0.002471175,4.744111985559974,-0.1295229152977183
-0.002470545,4.741755016220117,-0.1312152466645792
-0.002469915,4.74108159640873,-0.1322306454846953
-0.002469285,4.738724627068873,-0.1332460443048123
-0.002468655,4.737041077540404,-0.1352768419450454
-0.002468025,4.737714497351791,-0.1345999093983014
-0.002467395,4.734684108200547,-0.1379845721320229
-0.002466765,4.734347398294852,-0.1393384372255121
-0.002466135,4.73232713886069,-0.1403538360456282
-0.002465505,4.730980299237915,-0.1406923023190004
-0.002464875,4.729970169520831,-0.1420461674124905
-0.002464245,4.726939780369588,-0.1450923638728388
-0.002463615,4.725592940746814,-0.1474616277864441
-0.002462985,4.723235971406957,-0.1484770266065601
-0.002462355,4.722899261501262,-0.1498308917000493
-0.002461725,4.719868872350017,-0.1511847567935395
-0.002461095,4.717848612915855,-0.1542309532538878
-0.002460465,4.714818223764611,-0.1562617508941209
-0.002459835,4.713471384141834,-0.1579540822609821
-0.002459205,4.711787834613366,-0.1586310148077262
-0.002458575,4.711114414801979,-0.1606618124479593
-0.002457945,4.707410605839348,-0.1637080089083075
-0.002457315,4.707410605839346,-0.1633695426349368
-0.002456685,4.70505363649949,-0.1643849414550533
-0.002456055,4.703033377065327,-0.1667542053686586
-0.002455425,4.700002987914083,-0.1708158006491248
-0.002454795,4.698319438385612,-0.1721696657426144
-0.002454165,4.695962469045757,-0.1742004633828466
-0.002453535,4.695289049234368,-0.174877395929591
-0.002452905,4.693942209611595,-0.1769081935698232
-0.002452275,4.690575110554655,-0.1799543900301738
-0.002451645,4.687544721403411,-0.1813082551236625
-0.002451015,4.688891561026185,-0.1809697888502903
-0.002450385,4.686871301592022,-0.1819851876704069
-0.002449755,4.684514332252165,-0.1843544515840126
-0.002449125,4.683167492629391,-0.1853698504041288
-0.002448495,4.68047381338384,-0.1884160468644784
-0.002447865,4.678453553949678,-0.1901083782313386
-0.002447235,4.675086454892739,-0.1918007095982003
-0.002446605,4.675086454892739,-0.1945084397851777
-0.002445975,4.674076325175658,-0.1955238386052938
-0.002445345,4.672056065741494,-0.1965392374254108
-0.002444715,4.669362386495942,-0.1982315687922724
-0.002444085,4.668015546873169,-0.1995854338857605
-0.002443455,4.665321867627617,-0.202293164072738
-0.002442825,4.66464844781623,-0.203308562892854
-0.002442195,4.66195476857068,-0.2056778268064598
-0.002441565,4.662291478476373,-0.2070316918999486
-0.002440935,4.657914249702355,-0.2090624895401808
-0.002440305,4.656567410079578,-0.2097394220869261
-0.002439675,4.654883860551108,-0.2117702197271599
-0.002439045,4.652190181305558,-0.21346255109402
-0.002438415,4.652190181305558,-0.215154882460881
-0.002437785,4.650843341682783,-0.215493348734253
-0.002437155,4.649833211965701,-0.2165087475543697
-0.002436525,4.647476242625845,-0.2198934102880916
-0.002435895,4.646466112908764,-0.2215857416549517
-0.002435265,4.643099013851825,-0.2229396067484412
-0.002434635,4.641415464323357,-0.2236165392951849
-0.002434005,4.642425594040438,-0.2219242079283247
-0.002433375,4.639058494983499,-0.2266627357555353
-0.002432745,4.636701525643641,-0.2283550671223974
-0.002432115,4.635017976115173,-0.2310627973093737
-0.002431485,4.633671136492397,-0.2314012635827458
-0.002430855,4.631314167152541,-0.2347859263164662
-0.002430225,4.630977457246847,-0.2354628588632121
-0.002429595,4.630640747341152,-0.2361397914099569
-0.002428965,4.627947068095603,-0.237155190230073
-0.002428335,4.624916678944358,-0.2412167855105392
-0.002427705,4.623906549227276,-0.2425706506040284
-0.002427075,4.62154957988742,-0.2435860494241445
-0.002426445,4.620202740264644,-0.2435860494241445
-0.002425815,4.619192610547564,-0.2459553133377487
-0.002425185,4.619866030358951,-0.2462937796111219
-0.002424555,4.617845770924786,-0.2462937796111229
-0.002423925,4.615488801584931,-0.2483245772513551
-0.002423295,4.613468542150768,-0.2503553748915882
-0.002422665,4.61279512233938,-0.2500169086182168
-0.002422035,4.612458412433686,-0.2517092399850769
-0.002421405,4.611448282716605,-0.2527246388051935
-0.002420775,4.611111572810911,-0.2540785038986816
-0.002420145,4.608081183659666,-0.2540785038986823
-0.002419515,4.609428023282442,-0.2544169701720544
-0.002418885,4.607071053942585,-0.2557708352655431
-0.002418255,4.606397634131198,-0.2571247003590319
-0.002417625,4.605387504414115,-0.257463166632405
-0.002416995,4.603703954885646,-0.2594939642726372
-0.002416365,4.603367244979953,-0.2598324305460094
-0.002415735,4.601010275640097,-0.2618632281862415
-0.002415105,4.599326726111626,-0.2642324920998478
-0.002414475,4.598316596394545,-0.2652478909199643
-0.002413845,4.59696975677177,-0.2669402222868252
-0.002413215,4.594276077526219,-0.2686325536536861
-0.002412585,4.592255818092055,-0.2703248850205475
-0.002411955,4.590572268563587,-0.2713402838406637
-0.002411325,4.589225428940812,-0.2726941489341523
-0.002410695,4.587541879412344,-0.2726941489341523
-0.002410065,4.587205169506649,-0.2747249465743855
-0.002409435,4.585858329883874,-0.2760788116678742
-0.002408805,4.583164650638324,-0.2774326767613624
-0.002408175,4.580470971392772,-0.2804788732217126
-0.002407545,4.579124131769997,-0.282509670861946
-0.002406915,4.579460841675691,-0.2831866034086901
-0.002406285,4.57845071195861,-0.2842020022288066
-0.002405655,4.575420322807367,-0.2855558673222948
-0.002405025,4.574746902995977,-0.2865712661424119
-0.002404395,4.570369674221958,-0.2889405300560173
-0.002403765,4.570369674221958,-0.2896174626027612
-0.002403135,4.568349414787795,-0.2923251927897391
-0.002402505,4.568686124693487,-0.291986726516368
-0.002401875,4.565992445447938,-0.2943559904299722
-0.002401245,4.564982315730856,-0.2967252543435774
-0.002400615,4.563972186013776,-0.2967252543435774
-0.002399985,4.56094179686253,-0.2997714508039271
-0.002399355,4.559594957239755,-0.2997714508039271
-0.002398725,4.559594957239755,-0.3018022484441593
-0.002398095,4.557911407711286,-0.3014637821707881
-0.002397465,4.554881018560041,-0.3034945798110222
-0.002396835,4.553197469031572,-0.3058638437246265
-0.002396205,4.553197469031572,-0.3065407762713708
-0.002395575,4.551513919503103,-0.3085715739116043
-0.002394945,4.551177209597409,-0.3092485064583483
-0.002394315,4.548146820446164,-0.3112793040985814
-0.002393685,4.546126561012002,-0.3122947029186975
-0.002393055,4.543769591672144,-0.3150024331056754
-0.002392425,4.543432881766451,-0.3143255005589317
-0.002391795,4.543769591672144,-0.3156793656524198
-0.002391165,4.5407392025209,-0.3183870958393973
-0.002390535,4.540739202520899,-0.3180486295660257
-0.002389905,4.539055652992431,-0.3194024946595139
-0.002389275,4.537708813369655,-0.3217717585731191
-0.002388645,4.535688553935493,-0.3221102248464912
-0.002388015,4.534341714312718,-0.3241410224867244
-0.002387385,4.533331584595635,-0.3254948875802141
-0.002386755,4.532321454878555,-0.3275256852204462
-0.002386125,4.530301195444392,-0.3268487526737019
-0.002385495,4.526597386481759,-0.3282026177671916
-0.002384865,4.527270806293147,-0.3302334154074238
-0.002384235,4.52491383695329,-0.3315872805009125
-0.002383605,4.524577127047596,-0.3339565444145168
-0.002382975,4.523903707236209,-0.332602679321029
-0.002382345,4.522893577519127,-0.3339565444145178
-0.002381715,4.521210027990658,-0.3363258083281231
-0.002381085,4.519526478462189,-0.3373412071482397
-0.002380455,4.519526478462188,-0.3380181396949847
-0.002379825,4.517169509122332,-0.3397104710618449
-0.002379195,4.514139119971087,-0.3424182012488224
-0.002378565,4.514139119971087,-0.3427566675221944
-0.002377935,4.513128990254006,-0.3437720663423112
-0.002377305,4.511108730819843,-0.3451259314357998
-0.002376675,4.509761891197068,-0.346141330255916
-0.002376045,4.50908847138568,-0.347156729076033
-0.002375415,4.507068211951517,-0.3478336616227776
-0.002374785,4.506731502045823,-0.3481721278961495
-0.002374155,4.50639479214013,-0.3498644592630105
-0.002373525,4.505721372328741,-0.3512183243564986
-0.002372895,4.503701112894579,-0.3518952569032435
-0.002372265,4.50201756336611,-0.3546029870902211
-0.002371635,4.500670723743335,-0.3559568521837091
-0.002371005,4.498650464309171,-0.356295318457082
-0.002370375,4.498313754403478,-0.3576491835505711
-0.002369745,4.49764033459209,-0.358326116097315
-0.002369115,4.496966914780702,-0.3586645823706872
-0.002368485,4.495956785063622,-0.3593415149174313
-0.002367855,4.495283365252233,-0.3603569137375482
-0.002367225,4.494946655346539,-0.3593415149174316
-0.002366595,4.493599815723765,-0.3617107788310358
-0.002365965,4.492589686006682,-0.3603569137375482
-0.002365335,4.492589686006682,-0.3613723125576656
-0.002364705,4.491916266195295,-0.3630646439245256
-0.002364075,4.491916266195295,-0.3630646439245256
-0.002363445,4.490906136478213,-0.3630646439245258
-0.002362815,4.490569426572519,-0.3634031101978978
-0.002362185,4.489559296855438,-0.3644185090180144
-0.002361555,4.489896006761132,-0.3650954415647585
-0.002360925,4.489222586949744,-0.3644185090180144
-0.002360295,4.48720232751558,-0.3657723741115039
-0.002359665,4.486192197798499,-0.3674647054783641
-0.002359035,4.485855487892806,-0.3681416380251085
-0.002358405,4.485518777987111,-0.3688185705718538
-0.002357775,4.483161808647255,-0.3711878344854581
-0.002357145,4.482151678930173,-0.3708493682120859
-0.002356515,4.480468129401705,-0.37152630075883
-0.002355885,4.479121289778929,-0.3752494297659243
-0.002355255,4.479794709590316,-0.3742340309458082
-0.002354625,4.478111160061848,-0.3752494297659243
-0.002353995,4.477101030344766,-0.3769417611327852
-0.002353365,4.475754190721991,-0.3772802274061579
-0.002352735,4.476090900627685,-0.378295626226274
-0.002352105,4.474407351099216,-0.3789725587730183
-0.002351475,4.471040252042279,-0.3816802889599945
-0.002350845,4.471376961947971,-0.3810033564132514
-0.002350215,4.470030122325196,-0.3826956877801123
-0.002349585,4.469356702513808,-0.3823572215067401
-0.002348955,4.46868328270242,-0.3837110866002289
-0.002348325,4.466326313362563,-0.3864188167872068
-0.002347695,4.464642763834094,-0.3874342156073229
-0.002347065,4.464306053928401,-0.3877726818806951
-0.002346435,4.463969344022707,-0.3881111481540672
-0.002345805,4.462622504399931,-0.3891265469741838
-0.002345175,4.462622504399931,-0.3898034795209282
-0.002344545,4.459928825154381,-0.3928496759812778
-0.002343915,4.460265535060075,-0.3921727434345335
-0.002343285,4.457235145908831,-0.3948804736215102
-0.002342655,4.457908565720218,-0.39318814225465
-0.002342025,4.455214886474668,-0.3955574061682553
-0.002341395,4.455214886474668,-0.3958958724416273
-0.002340765,4.454878176568974,-0.3969112712617441
-0.002340135,4.454541466663279,-0.3986036026286051
-0.002339505,4.452857917134811,-0.3996190014487211
-0.002338875,4.452521207229116,-0.3989420689019771
-0.002338245,4.451511077512035,-0.4006344002688383
-0.002337615,4.450837657700648,-0.4009728665422103
-0.002336985,4.449154108172178,-0.4002959339954659
-0.002336355,4.447807268549404,-0.40097286654221
-0.002335725,4.447807268549403,-0.4036805967291878
-0.002335095,4.447133848738015,-0.40401906300256
-0.002334465,4.445450299209547,-0.4050344618226761
-0.002333835,4.445450299209546,-0.4053729280960487
-0.002333205,4.444440169492465,-0.406726793189538
-0.002332575,4.443766749681077,-0.4080806582830262
-0.002331945,4.442419910058302,-0.4070652594629096
-0.002331315,4.441409780341221,-0.4087575908297698
-0.002330685,4.441073070435526,-0.4097729896498871
-0.002330055,4.439389520907057,-0.4101114559232593
-0.002329425,4.438379391189977,-0.4104499221966313
-0.002328795,4.438042681284282,-0.4121422535634924
-0.002328165,4.436695841661507,-0.4134961186569817
-0.002327535,4.436359131755813,-0.4148499837504699
-0.002326905,4.435685711944425,-0.4155269162972143
-0.002326275,4.436022421850119,-0.4138345849303535
-0.002325645,4.435685711944425,-0.4141730512037255
-0.002325015,4.43433887232165,-0.4155269162972143
-0.002324385,4.432655322793182,-0.4175577139374464
-0.002323755,4.431645193076099,-0.4175577139374473
-0.002323125,4.431981902981791,-0.41789618021082
-0.002322495,4.428951513830548,-0.4189115790309361
-0.002321865,4.430298353453324,-0.4185731127575639
-0.002321235,4.429288223736243,-0.4202654441244245
-0.002320605,4.42996164354763,-0.4195885115776804
-0.002319975,4.428614803924854,-0.4199269778510526
-0.002319345,4.428614803924854,-0.4199269778510526
-0.002318715,4.42726796430208,-0.4216193092179136
-0.002318085,4.427267964302079,-0.421280842944542
-0.002317455,4.425921124679304,-0.4226347080380302
-0.002316825,4.425247704867917,-0.4236501068581466
-0.002316195,4.424574285056528,-0.4246655056782637
-0.002315565,4.423227445433754,-0.4256809044983798
-0.002314935,4.42289073552806,-0.4250039719516354
-0.002314305,4.423564155339447,-0.4263578370451235
-0.002313675,4.420870476093897,-0.4270347695918685
-0.002313045,4.420870476093897,-0.4283886346853573
-0.002312415,4.421207185999591,-0.4277117021386129
-0.002311785,4.419860346376815,-0.4283886346853573
-0.002311155,4.419186926565427,-0.4287271009587298
-0.002310525,4.41851350675404,-0.4294040335054738
-0.002309895,4.418176796848346,-0.4304194323255903
-0.002309265,4.41952363647112,-0.4283886346853582
-0.002308635,4.419186926565427,-0.4273732358652407
-0.002308005,4.419523636471121,-0.4277117021386129
-0.002307375,4.419186926565427,-0.4283886346853569
-0.002306745,4.419186926565427,-0.4283886346853573
-0.002306115,4.420870476093897,-0.4287271009587293
-0.002305485,4.420197056282509,-0.4283886346853573
-0.002304855,4.418176796848346,-0.4294040335054738
-0.002304225,4.419186926565426,-0.4287271009587298
-0.002303595,4.41851350675404,-0.4290655672321017
-0.002302965,4.419860346376815,-0.4283886346853573
-0.002302335,4.419523636471121,-0.4287271009587293
-0.002301705,4.419186926565427,-0.4280501684119851
-0.002301075,4.419523636471119,-0.4283886346853582
-0.002300445,4.416156537414183,-0.4304194323255903
-0.002299815,4.417166667131264,-0.4304194323255903
-0.002299185,4.416156537414184,-0.4294040335054743
-0.002298555,4.417166667131264,-0.4300809660522181
-0.002297925,4.416493247319877,-0.4314348311457069
-0.002297295,4.414809697791409,-0.4317732974190789
-0.002296665,4.415483117602795,-0.4300809660522181
-0.002296035,4.414472987885714,-0.4321117636924515
-0.002295405,4.41413627798002,-0.4324502299658235
-0.002294775,4.413462858168632,-0.4327886962391957
-0.002294145,4.413126148262938,-0.434142561332684
-0.002293515,4.413462858168632,-0.43346562878594
-0.002292885,4.411779308640163,-0.4351579601528009
-0.002292255,4.412116018545857,-0.4348194938794289
-0.002291625,4.411442598734469,-0.4341425613326844
-0.002290995,4.411442598734469,-0.4358348926995458
-0.002290365,4.411442598734469,-0.4368502915196618
-0.002289735,4.410432469017388,-0.4361733589729175
-0.002289105,4.411105888828774,-0.43481949387943
-0.002288475,4.409085629394612,-0.4375272240664062
-0.002287845,4.411105888828775,-0.4375272240664062
-0.002287215,4.409085629394613,-0.4378656903397782
-0.002286585,4.408412209583225,-0.4392195554332672
-0.002285955,4.408748919488919,-0.4375272240664062
-0.002285325,4.408748919488919,-0.4375272240664062
-0.002284695,4.408075499677531,-0.4392195554332672
-0.002284065,4.40807549967753,-0.4382041566131512
-0.002283435,4.406728660054756,-0.4395580217066394
-0.002282805,4.408075499677531,-0.4382041566131506
-0.002282175,4.40706536996045,-0.4388810891598947
-0.002281545,4.406055240243368,-0.438881089159895
-0.002280915,4.40538182043198,-0.4398964879800116
-0.002280285,4.404708400620593,-0.4405734205267559
-0.002279655,4.404708400620593,-0.4398964879800116
-0.002279025,4.404371690714899,-0.4402349542533844
-0.002278395,4.404371690714899,-0.4419272856202446
-0.002277765,4.404034980809205,-0.4409118868001281
-0.002277135,4.403024851092124,-0.4412503530735001
-0.002276505,4.404371690714899,-0.4405734205267559
-0.002275875,4.403361560997817,-0.4415888193468724
-0.002275245,4.404708400620593,-0.4415888193468724
-0.002274615,4.403698270903512,-0.4419272856202446
-0.002273985,4.405381820431979,-0.4405734205267572
-0.002273355,4.40268814118643,-0.4436196169871055
-0.002272725,4.402014721375042,-0.442604218166989
-0.002272095,4.40268814118643,-0.442604218166989
-0.002271465,4.403698270903512,-0.4415888193468724
-0.002270835,4.401678011469349,-0.4429426844403612
-0.002270205,4.401678011469349,-0.4429426844403612
-0.002269575,4.40268814118643,-0.4415888193468724
-0.002268945,4.40268814118643,-0.4422657518936178
-0.002268315,4.402351431280736,-0.4442965495338499
-0.002267685,4.402014721375042,-0.4436196169871055
-0.002267055,4.403024851092122,-0.4415888193468734
-0.002266425,4.402014721375042,-0.4415888193468724
-0.002265795,4.403698270903512,-0.4422657518936168
-0.002265165,4.402688141186431,-0.4419272856202448
-0.002264535,4.401341301563654,-0.4429426844403612
-0.002263905,4.402351431280736,-0.4439580832604773
-0.002263275,4.401678011469349,-0.4429426844403612
-0.002262645,4.401341301563654,-0.4432811507137334
-0.002262015,4.40100459165796,-0.4429426844403614
-0.002261385,4.400331171846573,-0.4446350158072221
-0.002260755,4.403698270903512,-0.4419272856202446
-0.002260125,4.403361560997817,-0.4419272856202446
-0.002259495,4.402351431280736,-0.4419272856202446
-0.002258865,4.404034980809205,-0.4412503530734999
-0.002258235,4.403361560997817,-0.4405734205267559
-0.002257605,4.404708400620593,-0.4395580217066394
-0.002256975,4.4043716907149,-0.4402349542533829
-0.002256345,4.40538182043198,-0.4385426228865228
-0.002255715,4.404034980809205,-0.4402349542533837
-0.002255085,4.405381820431979,-0.4398964879800117
-0.002254455,4.406391950149062,-0.4395580217066394
-0.002253825,4.406728660054757,-0.4375272240664059
-0.002253195,4.407738789771837,-0.4368502915196618
-0.002252565,4.408075499677531,-0.4375272240664062
-0.002251935,4.410432469017388,-0.4351579601528002
-0.002251305,4.410769178923082,-0.43346562878594
-0.002250675,4.409422339300306,-0.4344810276060566
-0.002250045,4.410769178923081,-0.4341425613326845
-0.002249415,4.409422339300306,-0.4338040950593122
-0.002248785,4.408412209583226,-0.4348194938794289
-0.002248155,4.410432469017388,-0.4351579601528009
-0.002247525,4.410432469017388,-0.4341425613326844
-0.002246895,4.408075499677531,-0.4354964264261731
-0.002246265,4.408748919488919,-0.4354964264261731
-0.002245635,4.410432469017388,-0.4338040950593122
-0.002245005,4.411105888828775,-0.4334656287859401
-0.002244375,4.411105888828775,-0.4338040950593122
-0.002243745,4.411105888828775,-0.4341425613326844
-0.002243115,4.410769178923082,-0.4331271625125679
-0.002242485,4.409759049206,-0.4341425613326844
-0.002241855,4.410432469017388,-0.4338040950593126
-0.002241225,4.409759049206,-0.4348194938794288
-0.002240595,4.410432469017388,-0.4348194938794288
-0.002239965,4.411105888828775,-0.4331271625125687
-0.002239335,4.411105888828775,-0.4327886962391957
-0.002238705,4.411442598734469,-0.4338040950593122
-0.002238075,4.411442598734469,-0.4324502299658241
-0.002237445,4.412116018545857,-0.4317732974190791
-0.002236815,4.413462858168632,-0.4317732974190788
-0.002236185,4.413799568074326,-0.4310963648723347
-0.002235555,4.413462858168632,-0.4294040335054738
-0.002234925,4.414472987885713,-0.4300809660522178
-0.002234295,4.413126148262938,-0.4314348311457069
-0.002233665,4.413799568074326,-0.4314348311457069
-0.002233035,4.413799568074326,-0.4307578985989629
-0.002232405,4.413462858168632,-0.4304194323255903
-0.002231775,4.413799568074327,-0.4307578985989617
-0.002231145,4.415483117602795,-0.4290655672321017
-0.002230515,4.415483117602795,-0.4287271009587295
-0.002229885,4.415146407697101,-0.4287271009587295
-0.002229255,4.416156537414183,-0.4290655672321017
-0.002228625,4.415819827508489,-0.4280501684119851
-0.002227995,4.416156537414183,-0.427373235865241
-0.002227365,4.416156537414183,-0.4266963033184963
-0.002226735,4.418176796848345,-0.4270347695918689
-0.002226105,4.416829957225571,-0.4280501684119851
-0.002225475,4.417840086942652,-0.4277117021386129
-0.002224845,4.418176796848347,-0.4243270394048914
-0.002224215,4.419523636471121,-0.4250039719516354
-0.002223585,4.419186926565427,-0.426019370771752
-0.002222955,4.420533766188202,-0.4250039719516359
-0.002222325,4.421543895905284,-0.4236501068581466
-0.002221695,4.420533766188203,-0.4236501068581465
-0.002221065,4.421880605810978,-0.4233116405847744
-0.002220435,4.421543895905284,-0.4216193092179136
-0.002219805,4.421880605810979,-0.4236501068581459
-0.002219175,4.423564155339447,-0.4219577754912858
-0.002218545,4.423227445433754,-0.4212808429445414
-0.002217915,4.423227445433754,-0.4216193092179134
-0.002217285,4.42289073552806,-0.4212808429445414
-0.002216655,4.424910994962223,-0.4192500453043083
-0.002216025,4.425247704867917,-0.4192500453043083
-0.002215395,4.427604674207773,-0.4182346464841917
-0.002214765,4.425921124679305,-0.4178961802108197
-0.002214135,4.42726796430208,-0.4182346464841917
-0.002213505,4.426594544490691,-0.4175577139374473
-0.002212875,4.42827809401916,-0.4165423151173312
-0.002212245,4.429288223736243,-0.4148499837504699
-0.002211615,4.427941384113467,-0.4155269162972143
-0.002210985,4.429288223736243,-0.4145115174770977
-0.002210355,4.430635063359017,-0.4145115174770977
-0.002209725,4.430971773264711,-0.4148499837504689
-0.002209095,4.431645193076099,-0.4128191861102367
-0.002208465,4.431308483170405,-0.4128191861102367
-0.002207835,4.432992032698873,-0.4121422535634928
-0.002207205,4.434002162415956,-0.4111268547433758
-0.002206575,4.434002162415956,-0.4104499221966315
-0.002205945,4.435349002038731,-0.4094345233765149
-0.002205315,4.435349002038731,-0.4084191245563984
-0.002204685,4.437705971378588,-0.4074037257362808
-0.002204055,4.439726230812751,-0.4050344618226766
-0.002203425,4.439726230812751,-0.4046959955493044
-0.002202795,4.441746490246913,-0.4026651979090721
-0.002202165,4.443766749681077,-0.4009728665422103
-0.002201535,4.444440169492465,-0.3999574677220937
-0.002200905,4.445113589303852,-0.3999574677220937
-0.002200275,4.44578700911524,-0.3996190014487215
-0.002199645,4.448143978455096,-0.3962343387149995
-0.002199015,4.448480688360791,-0.3958958724416275
-0.002198385,4.450837657700648,-0.3952189398948832
-0.002197755,4.450500947794954,-0.393865074801395
-0.002197125,4.451511077512035,-0.3928496759812778
-0.002196495,4.451847787417729,-0.3925112097079057
-0.002195865,4.451847787417729,-0.3928496759812777
-0.002195235,4.453194627040505,-0.3914958108877892
-0.002194605,4.453194627040505,-0.391157344614417
-0.002193975,4.453194627040505,-0.391157344614417
-0.002193345,4.454541466663279,-0.3891265469741838
-0.002192715,4.456561726097442,-0.3887880807008118
-0.002192085,4.457235145908831,-0.3887880807008116
-0.002191455,4.457235145908831,-0.3887880807008116
-0.002190825,4.457235145908831,-0.3887880807008116
-0.002190195,4.458918695437299,-0.3874342156073229
-0.002189565,4.460602244965768,-0.3854034179670893
-0.002188935,4.460938954871462,-0.3843880191469733
-0.002188305,4.461275664777157,-0.3854034179670898
-0.002187675,4.460602244965769,-0.3854034179670892
-0.002187045,4.46161237468285,-0.3840495528736011
-0.002186415,4.463632634117013,-0.3820187552333679
-0.002185785,4.463969344022707,-0.3810033564132519
-0.002185155,4.463632634117013,-0.3799879575931349
-0.002184525,4.465316183645482,-0.3796494913197625
-0.002183895,4.46598960345687,-0.3793110250463905
-0.002183265,4.468346572796727,-0.3779571599529018
-0.002182635,4.467673152985339,-0.3772802274061574
-0.002182005,4.468346572796727,-0.3772802274061574
-0.002181375,4.469356702513808,-0.3762648285860408
-0.002180745,4.47137696194797,-0.3732186321256926
-0.002180115,4.471040252042277,-0.3738955646724356
-0.002179485,4.470703542136583,-0.3752494297659236
-0.002178855,4.471376961947971,-0.3735570983990634
-0.002178225,4.473397221382134,-0.3725416995789468
-0.002177595,4.474070641193522,-0.3722032333055735
-0.002176965,4.476764320439073,-0.3698339693919693
-0.002176335,4.475754190721991,-0.3694955031185971
-0.002175705,4.477774450156153,-0.367464705478365
-0.002175075,4.480468129401705,-0.3661108403848753
-0.002174445,4.48181496902448,-0.3654339078381309
-0.002173815,4.481141549213092,-0.3657723741115031
-0.002173185,4.480804839307399,-0.3654339078381309
-0.002172555,4.481141549213093,-0.364418509018014
-0.002171925,4.482825098741562,-0.3634031101978978
-0.002171295,4.483835228458643,-0.3623877113777813
-0.002170665,4.484171938364336,-0.3620492451044092
-0.002170035,4.485855487892806,-0.360018447464176
-0.002169405,4.487539037421275,-0.3590030486440594
-0.002168775,4.487875747326969,-0.3576491835505707
-0.002168145,4.488885877044051,-0.3569722510038263
-0.002167515,4.491242846383908,-0.3549414533635926
-0.002166885,4.492589686006682,-0.3535875882701045
-0.002166255,4.49326310581807,-0.3535875882701045
-0.002165625,4.494609945440844,-0.3529106557233604
-0.002164995,4.494609945440845,-0.3529106557233601
-0.002164365,4.495620075157927,-0.3505413918097549
-0.002163735,4.495956785063621,-0.3505413918097549
-0.002163105,4.496630204875008,-0.3498644592630105
-0.002162475,4.498987174214866,-0.347495195349405
-0.002161845,4.500334013837641,-0.347156729076033
-0.002161215,4.499660594026253,-0.3464797965292886
-0.002160585,4.501680853460415,-0.3447874651624284
-0.002159955,4.501680853460416,-0.3451259314357998
-0.002159325,4.504037822800273,-0.3424182012488224
-0.002158695,4.505721372328741,-0.3403874036085903
-0.002158065,4.507404921857211,-0.3403874036085893
-0.002157435,4.507068211951518,-0.3400489373352164
-0.002156805,4.508415051574293,-0.3383566059683561
-0.002156175,4.509425181291374,-0.338018139694984
-0.002155545,4.513128990254005,-0.3349719432346343
-0.002154915,4.512118860536924,-0.3349719432346343
-0.002154285,4.515149249688169,-0.3322642130476569
-0.002153655,4.516159379405249,-0.3302334154074247
-0.002153025,4.519526478462189,-0.3285410840405628
-0.002152395,4.519189768556497,-0.3282026177671896
-0.002151765,4.522220157707739,-0.3258333538535854
-0.002151135,4.524240417141902,-0.3234640899399801
-0.002150505,4.524577127047597,-0.3231256236666073
-0.002149875,4.526260676576065,-0.3217717585731191
-0.002149245,4.528954355821616,-0.3180486295660251
-0.002148615,4.528954355821616,-0.3183870958393971
-0.002147985,4.531648035067167,-0.316017831925792
-0.002147355,4.533331584595637,-0.3146639668323023
-0.002146725,4.534341714312718,-0.3126331691920702
-0.002146095,4.53804552327535,-0.3112793040985814
-0.002145465,4.53804552327535,-0.310602371551837
-0.002144835,4.539392362898125,-0.310602371551837
-0.002144205,4.539729072803818,-0.3082331076382318
-0.002143575,4.541412622332287,-0.3068792425447436
-0.002142945,4.544443011483533,-0.3058638437246265
-0.002142315,4.543432881766451,-0.3062023099979987
-0.002141685,4.546126561012001,-0.3041715123577655
-0.002141055,4.546463270917696,-0.3031561135376489
-0.002140425,4.547473400634777,-0.301125315897416
-0.002139795,4.547473400634777,-0.3014637821707881
-0.002139165,4.549156950163246,-0.3011253158974159
-0.002138535,4.551850629408796,-0.2974021868903235
-0.002137905,4.55218733931449,-0.297740653163694
-0.002137275,4.554544308654347,-0.2946944567033444
-0.002136645,4.555891148277123,-0.2936790578832278
-0.002136015,4.556227858182816,-0.2930021253364834
-0.002135385,4.557911407711286,-0.2913097939696222
-0.002134755,4.557911407711286,-0.2906328614228781
-0.002134125,4.560605086956836,-0.2899559288761338
-0.002133495,4.561278506768224,-0.2882635975092737
-0.002132865,4.560605086956836,-0.2872481986891563
-0.002132235,4.56094179686253,-0.2872481986891563
-0.002131605,4.564982315730854,-0.2852174010489242
-0.002130975,4.567339285070713,-0.284878934775551
-0.002130345,4.567339285070714,-0.2838635359554334
-0.002129715,4.569359544504876,-0.2814942720418292
-0.002129085,4.570032964316264,-0.2804788732217126
-0.002128455,4.572053223750426,-0.2781096093081084
-0.002127825,4.572389933656121,-0.2770942104879908
-0.002127195,4.57407348318459,-0.277432676761363
-0.002126565,4.574746902995977,-0.2764172779412468
-0.002125935,4.575420322807365,-0.2750634128477577
-0.002125305,4.576430452524447,-0.2730326152075244
-0.002124675,4.57845071195861,-0.2726941489341523
-0.002124045,4.579124131769997,-0.2716787501140359
-0.002123415,4.581817811015546,-0.2669402222868274
-0.002122785,4.584174780355404,-0.2655863571933365
-0.002122155,4.585184910072486,-0.2652478909199643
-0.002121525,4.587541879412342,-0.2638940258264762
-0.002120895,4.587541879412343,-0.262878627006359
-0.002120265,4.588552009129425,-0.2625401607329862
-0.002119635,4.590235558657893,-0.2611862956394981
-0.002119005,4.589562138846506,-0.2608478293661259
-0.002118375,4.591245688374976,-0.2594939642726359
-0.002117745,4.594949497337607,-0.2567862340856597
-0.002117115,4.595286207243301,-0.2561093015389153
-0.002116485,4.595286207243301,-0.2557708352655433
-0.002115855,4.597643176583158,-0.2544169701720544
-0.002115225,4.600000145923016,-0.2527246388051924
-0.002114595,4.60134698554579,-0.2503553748915882
-0.002113965,4.603703954885646,-0.2496784423448438
-0.002113335,4.604377374697036,-0.2466322458844938
-0.002112705,4.606734344036891,-0.2459553133377498
-0.002112075,4.606734344036891,-0.2442629819708889
-0.002111445,4.608081183659666,-0.2442629819708889
-0.002110815,4.609764733188135,-0.2422321843306558
-0.002110185,4.612458412433687,-0.2405398529637941
-0.002109555,4.613805252056461,-0.2388475215969339
-0.002108925,4.615152091679237,-0.2374936565034452
-0.002108295,4.615825511490625,-0.2361397914099553
-0.002107665,4.6171723511134,-0.2337705274963512
-0.002107035,4.619529320453257,-0.2337705274963512
-0.002106405,4.619192610547563,-0.2330935949496071
-0.002105775,4.622896419510195,-0.2297089322158849
-0.002105145,4.625590098755746,-0.2273396683022796
-0.002104515,4.62424325913297,-0.2286935333957684
-0.002103885,4.625590098755746,-0.228016600849024
-0.002103255,4.628620487906991,-0.2253088706620458
-0.002102625,4.629630617624072,-0.2236165392951856
-0.002101995,4.632324296869622,-0.2222626742016968
-0.002101365,4.631650877058235,-0.2226011404750689
-0.002100735,4.634681266209479,-0.2185395451946029
-0.002100105,4.636701525643642,-0.2168472138277419
-0.002099475,4.638048365266418,-0.2165087475543697
-0.002098845,4.639731914794886,-0.215154882460881
-0.002098215,4.639731914794888,-0.2131240848206464
-0.002097585,4.644109143568906,-0.2097394220869261
-0.002096955,4.643772433663212,-0.2100778883602982
-0.002096325,4.645455983191681,-0.2087240232668101
-0.002095695,4.64882308224862,-0.2050008942597154
-0.002095065,4.652526891211252,-0.2026316303461102
-0.002094435,4.652526891211252,-0.2016162315259941
-0.002093805,4.655557280362497,-0.1995854338857605
-0.002093175,4.657577539796661,-0.1978931025188985
-0.002092545,4.66027121904221,-0.1955238386052943
-0.002091915,4.662964898287761,-0.1934930409650612
-0.002091285,4.663638318099149,-0.191800709598201
-0.002090655,4.66734212706178,-0.1887545131378506
-0.002090025,4.669362386495943,-0.1853698504041288
-0.002089395,4.670709226118718,-0.1836775190372686
-0.002088765,4.6717193558358,-0.1833390527638956
-0.002088135,4.67340290536427,-0.1809697888502894
-0.002087505,4.675423164798433,-0.1789389912100572
-0.002086875,4.676433294515514,-0.1796159237568016
-0.002086245,4.678790263855372,-0.1772466598431955
-0.002085615,4.680137103478146,-0.1755543284763354
-0.002084985,4.681483943100922,-0.1742004633828466
-0.002084355,4.681147233195228,-0.1742004633828466
-0.002083725,4.68485104215786,-0.1728465982893579
-0.002083095,4.686197881780635,-0.1718311994692405
-0.002082465,4.686871301592022,-0.1698004018290083
-0.002081835,4.689901690743267,-0.1654003402751698
-0.002081205,4.690238400648962,-0.1657388065485417
-0.002080575,4.69192195017743,-0.1650618740017977
-0.002079945,4.694615629422981,-0.1613387449947037
-0.002079315,4.693942209611594,-0.1620156775414477
-0.002078685,4.697309308668531,-0.1610002787213315
-0.002078055,4.698656148291308,-0.159646413627841
-0.002077425,4.70067640772547,-0.1559232846207487
-0.002076795,4.701686537442551,-0.1559232846207487
-0.002076165,4.703370086971021,-0.153554020707142
-0.002075535,4.705390346405183,-0.1505078242467937
-0.002074905,4.706737186027959,-0.1501693579734215
-0.002074275,4.709430865273508,-0.1491539591533055
-0.002073645,4.710777704896285,-0.1474616277864441
-0.002073015,4.711114414801979,-0.1471231615130719
-0.002072385,4.711787834613366,-0.145430830146211
-0.002071755,4.713134674236142,-0.1444154313260944
-0.002071125,4.715491643576001,-0.1430615662326046
-0.002070495,4.718522032727243,-0.1406923023190004
-0.002069865,4.720879002067099,-0.1373076395852786
-0.002069235,4.721215711972794,-0.1379845721320226
-0.002068605,4.722899261501262,-0.1356153082184176
-0.002067975,4.724582811029732,-0.1339229768515567
-0.002067345,4.726603070463895,-0.1325691117580679
-0.002066715,4.727613200180977,-0.1305383141178349
-0.002066085,4.731317009143607,-0.1278305839308575
-0.002065455,4.729970169520833,-0.1281690502042296
-0.002064825,4.73401068838916,-0.1251228537438799
-0.002064195,4.73502081810624,-0.1244459211971358
-0.002063565,4.736367657729016,-0.1227535898302746
-0.002062935,4.737714497351791,-0.1220766572835302
-0.002062305,4.739734756785953,-0.1190304608231819
-0.002061675,4.743101855842893,-0.1169996631829475
-0.002061045,4.742428436031505,-0.1173381294563184
-0.002060415,4.744785405371362,-0.1146303992693422
-0.002059785,4.747142374711219,-0.1122611353557369
-0.002059155,4.749499344051075,-0.1112457365356208
-0.002058525,4.751182893579545,-0.1102303377155038
-0.002057895,4.75084618367385,-0.1105688039888759
-0.002057265,4.754549992636481,-0.1065072087084116
-0.002056635,4.755560122353565,-0.1054918098882932
-0.002056005,4.757243671882034,-0.1041379447948034
-0.002055375,4.758590511504809,-0.1017686808811991
-0.002054745,4.759937351127584,-0.09973788324096605
-0.002054115,4.762967740278826,-0.09804555187410589
-0.002053485,4.765324709618685,-0.09533782168712765
-0.002052855,4.765661419524379,-0.09499935541375545
-0.002052225,4.769028518581315,-0.0933070240468953
-0.002051595,4.770375358204093,-0.09026082758654488
-0.002050965,4.772732327543951,-0.08924542876642787
-0.002050335,4.773742457261031,-0.08823002994631177
-0.002049705,4.774752586978113,-0.0875530973995674
-0.002049075,4.776436136506582,-0.08484536721258899
-0.002048445,4.778119686035051,-0.08281456957235681
-0.002047815,4.77980323556352,-0.08213763702561244
-0.002047185,4.781486785091988,-0.08044530565875228
-0.002046555,4.784517174243233,-0.07739910919840187
-0.002045925,4.788220983205867,-0.07333751391793518
-0.002045295,4.789567822828642,-0.07232211509781911
-0.002044665,4.79125137235711,-0.07062978373095818
-0.002044035,4.792934921885581,-0.06859898609072414
-0.002043405,4.796638730848212,-0.06656818845049195
-0.002042775,4.799332410093762,-0.06419892453688666
-0.002042145,4.801689379433618,-0.06216812689665447
-0.002041515,4.804719768584864,-0.05946039670967609
-0.002040885,4.805393188396253,-0.05776806534281455
-0.002040255,4.808423577547495,-0.05641420024932642
-0.002039625,4.810107127075965,-0.05269107124223238
-0.002038995,4.813137516227211,-0.05133720614874273
-0.002038365,4.815494485567066,-0.04930640850851054
-0.002037735,4.818188164812617,-0.04626021204816089
-0.002037105,4.817851454906923,-0.04558327950141683
-0.002036475,4.820881844058167,-0.04321401558781121
-0.002035845,4.820881844058167,-0.04321401558781121
-0.002035215,4.82290210349233,-0.04050628540083376
-0.002034585,4.824585653020799,-0.03982935285408937
-0.002033955,4.826605912454964,-0.03813702148722829
-0.002033325,4.827616042172044,-0.03779855521385628
-0.002032695,4.828626171889126,-0.03610622384699536
-0.002032065,4.8299730115119,-0.03576775757362331
-0.002031435,4.833340110568839,-0.03136769601978476
-0.002030805,4.834013530380227,-0.03136769601978476
-0.002030175,4.839064178965634,-0.02764456701269072
-0.002029545,4.838390759154247,-0.02662916819257419
-0.002028915,4.842094568116879,-0.0245983705523403
-0.002028285,4.842431278022572,-0.02290603918548015
-0.002027655,4.84310469783396,-0.02222910663873578
-0.002027025,4.84579837707951,-0.02053677527187563
-0.002026395,4.847145216702287,-0.01850597763164175
-0.002025765,4.848828766230755,-0.01647517999140863
-0.002025135,4.850512315759223,-0.01545978117129256
-0.002024505,4.851522445476306,-0.01444438235117554
-0.002023875,4.853879414816164,-0.01173665216419729
-0.002023245,4.855226254438938,-0.01004432079733714
-0.002022615,4.857246513873101,-0.008351989430476214
-0.002021985,4.859940193118651,-0.005982725516872007
-0.002021355,4.860950322835733,-0.005305792970126538
-0.002020725,4.864317421892672,-0.004290394150009993
-0.002020095,4.865327551609752,-0.002259596509777813
-0.002019465,4.86768452094961,-0.0009057314162881497
-0.002018835,4.868694650666693,0.001463532497317765
-0.002018205,4.869704780383773,0.002817397590805876
-0.002017575,4.871388329912242,0.003494330137550253
-0.002016945,4.874082009157792,0.006540526597901147
-0.002016315,4.874755428969181,0.009248256784877396
-0.002015685,4.877449108214731,0.009248256784877396
-0.002015055,4.877785818120425,0.01060212187836551
-0.002014425,4.881152917177364,0.01195598697185486
-0.002013795,4.882836466705833,0.01398678461208844
-0.002013165,4.883846596422914,0.01500218343220452
-0.002012535,4.886203565762771,0.01770991361918201
-0.002011905,4.887213695479853,0.01940224498604339
-0.002011275,4.888223825196934,0.02041764380615949
-0.002010645,4.891927634159566,0.02278690771976477
-0.002010015,4.892601053970953,0.02481770535999695
-0.002009385,4.892937763876647,0.02515617163337007
-0.002008755,4.895294733216505,0.02752543554697612
-0.002008125,4.896978282744973,0.02921776691383628
-0.002007495,4.898325122367749,0.0309100982806972
-0.002006865,4.901355511518995,0.03294089592093124
-0.002006235,4.904722610575932,0.03497169356116342
-0.002005605,4.906742870010095,0.03666402492802434
-0.002004975,4.906069450198706,0.03564862610790825
-0.002004345,4.908426419538563,0.03903328884162963
-0.002003715,4.910446678972726,0.04106408648186274
-0.002003085,4.912803648312583,0.04275641784872367
-0.002002455,4.913477068123971,0.04309488412209585
-0.002001825,4.916170747369522,0.04580261430907425
-0.002001195,4.918527716709378,0.04783341194930643
-0.002000565,4.91953784642646,0.04918727704279517
-0.001999935,4.921558105860622,0.05223347350314345
-0.001999305,4.924251785106174,0.05494120369012231
-0.001998675,4.9282923039745,0.05764893387709978
-0.001998045,4.929639143597274,0.05900279897058852
-0.001997415,4.931996112937131,0.06103359661082163
-0.001996785,4.934689792182683,0.06306439425105596
-0.001996155,4.936710051616846,0.06577212443803221
-0.001995525,4.937720181333927,0.06678752325814877
-0.001994895,4.941760700202251,0.06949525344512501
-0.001994265,4.943444249730722,0.07220298363210373
-0.001993635,4.944791089353497,0.07355684872559246
-0.001993005,4.94782147850474,0.07558764636582464
-0.001992375,4.949505028033211,0.07660304518594213
-0.001991745,4.951525287467375,0.08100310673978098
-0.001991115,4.953208836995842,0.08201850555989706
-0.001990485,4.953882256807231,0.08235697183326926
-0.001989855,4.955565806335699,0.08404930320012942
-0.001989225,4.958259485581251,0.08675703338710766
-0.001988595,4.960616454921107,0.08709549966047984
-0.001987965,4.960279745015414,0.08912629730071202
-0.001987335,4.963310134166658,0.09081862866757387
-0.001986705,4.964320263883741,0.09183402748769151
-0.001986075,4.968024072846371,0.09420329140129571
-0.001985445,4.96701394312929,0.09420329140129571
-0.001984815,4.969034202563452,0.09657255531489993
-0.001984185,4.972064591714697,0.09691102158827319
-0.001983555,4.973074721431779,0.09826488668176193
-0.001982925,4.976441820488716,0.1013110831421102
-0.001982295,4.977115240300105,0.1030034145089725
-0.001981665,4.978462079922881,0.1053726784225781
-0.001981035,4.979472209639962,0.1060496109693222
-0.001980405,4.980819049262737,0.1080804086095553
-0.001979775,4.983176018602594,0.1087573411562997
-0.001979145,4.983849438413982,0.1087573411562997
-0.001978515,4.987216537470919,0.1128189364367659
-0.001977885,4.987889957282308,0.114172801530254
-0.001977255,4.990246926622164,0.1162035991704877
-0.001976625,4.992267186056329,0.1175574642639771
-0.001975995,4.993614025679102,0.1189113293574652
-0.001975365,4.995970995018959,0.1202651944509539
-0.001974735,4.995970995018961,0.1209421269976998
-0.001974105,4.999338094075898,0.1243267897314202
-0.001973475,5.001695063415754,0.1260191210982811
-0.001972845,5.002368483227142,0.1256806548249091
-0.001972215,5.004725452566999,0.1287268512852585
-0.001971585,5.004388742661306,0.1294037838320037
-0.001970955,5.006409002095468,0.1310961151988638
-0.001970325,5.007755841718243,0.1321115140189804
-0.001969695,5.007419131812552,0.1321115140189816
-0.001969065,5.011122940775182,0.1348192442059579
-0.001968435,5.014153329926426,0.1375269743929353
-0.001967805,5.014826749737814,0.1392193057597955
-0.001967175,5.017857138889059,0.1419270359467737
-0.001966545,5.018193848794752,0.1419270359467737
-0.001965915,5.021897657757385,0.1453116986804956
-0.001965285,5.021224237945996,0.144296299860379
-0.001964655,5.024254627097241,0.1466655637739849
-0.001964025,5.024928046908629,0.1480194288674731
-0.001963395,5.026611596437098,0.1503886927810784
-0.001962765,5.029978695494035,0.1527579566946826
-0.001962135,5.030315405399731,0.1530964229680558
-0.001961505,5.031662245022505,0.1547887543349168
-0.001960875,5.033345794550975,0.1558041531550333
-0.001960245,5.035702763890831,0.1585118833420108
-0.001959615,5.039406572853464,0.1605426809822448
-0.001958985,5.040079992664851,0.162573478622477
-0.001958355,5.04176354219332,0.1632504111692214
-0.001957725,5.044793931344563,0.1673120064496857
-0.001957095,5.046814190778728,0.1683274052698041
-0.001956465,5.050181289835666,0.1706966691834094
-0.001955835,5.050181289835666,0.1710351354567815
-0.001955205,5.052874969081217,0.1734043993703869
-0.001954575,5.055905358232462,0.17678906210411
-0.001953945,5.056578778043849,0.1794967922910862
-0.001953315,5.058935747383706,0.1794967922910862
-0.001952685,5.06196613653495,0.1835583875715525
-0.001952055,5.064659815780501,0.1859276514851577
-0.001951425,5.067353495026052,0.1872815165786465
-0.001950795,5.069037044554521,0.1889738479455074
-0.001950165,5.068700334648827,0.1893123142188796
-0.001949535,5.070047174271602,0.1910046455857405
-0.001948905,5.072740853517153,0.1930354432259736
-0.001948275,5.074424403045622,0.1947277745928345
-0.001947645,5.075434532762704,0.1950662408662067
-0.001947015,5.076781372385478,0.1964201059596954
-0.001946385,5.077454792196867,0.197435504779812
-0.001945755,5.07947505163103,0.1994663024200451
-0.001945125,5.081158601159498,0.201158633786906
-0.001944495,5.083178860593661,0.2014971000602782
-0.001943865,5.084525700216437,0.2035278977005113
-0.001943235,5.085535829933518,0.2045432965206279
-0.001942605,5.086882669556294,0.2069125604342332
-0.001941975,5.089913058707539,0.2089433580744663
-0.001941345,5.09092318842462,0.2099587568945828
-0.001940715,5.091596608236007,0.2106356894413272
-0.001940085,5.095637127104333,0.2136818859016769
-0.001939455,5.097657386538496,0.2150357509951656
-0.001938825,5.097657386538496,0.2170665486353987
-0.001938195,5.098330806349884,0.2167280823620265
-0.001937565,5.099004226161272,0.2163896160886544
-0.001936935,5.10237132521821,0.219435812549004
-0.001936305,5.103718164840985,0.2204512113691206
-0.001935675,5.104728294558067,0.2224820090093537
-0.001935045,5.104728294558067,0.2241743403762146
-0.001934415,5.106748553992229,0.2251897391963312
-0.001933785,5.107421973803618,0.2262051380164477
-0.001933155,5.110452362954862,0.2268820705631921
-0.001932525,5.112809332294718,0.2295898007501695
-0.001931895,5.113482752106107,0.2302667332969139
-0.001931265,5.116176431351657,0.2329744634838914
-0.001930635,5.117859980880126,0.2353437273974967
-0.001930005,5.117859980880126,0.2356821936708689
-0.001929375,5.117186561068738,0.2356821936708689
-0.001928745,5.120216950219983,0.2383899238578464
-0.001928115,5.122237209654146,0.2394053226779629
-0.001927485,5.123920759182615,0.241436120318196
-0.001926855,5.123584049276921,0.2400822552247073
-0.001926225,5.126277728522472,0.241436120318196
-0.001925595,5.128297987956635,0.2441438505051735
-0.001924965,5.128971407768023,0.2461746481454066
-0.001924335,5.129308117673716,0.2471900469655232
-0.001923705,5.131665087013573,0.2485439120590119
-0.001923075,5.134695476164818,0.2502362434258728
-0.001922445,5.135705605881899,0.2512516422459894
-0.001921815,5.137389155410368,0.2536209061595947
-0.001921185,5.137389155410368,0.2536209061595947
-0.001920555,5.138735995033143,0.2549747712530834
-0.001919925,5.142103094090082,0.2570055688933165
-0.001919295,5.141766384184388,0.2570055688933165
-0.001918665,5.144796773335632,0.2593748328069218
-0.001918035,5.145470193147021,0.2610671641737827
-0.001917405,5.147153742675489,0.2614056304471549
-0.001916775,5.148837292203958,0.263436428087388
-0.001916145,5.151194261543815,0.2664826245477376
-0.001915515,5.152877811072284,0.267159557094482
-0.001914885,5.155908200223529,0.2702057535548317
-0.001914255,5.158265169563386,0.2718980849216927
-0.001913625,5.159612009186161,0.2735904162885535
-0.001912995,5.159612009186161,0.2742673488352979
-0.001912365,5.161632268620324,0.276298146475531
-0.001911735,5.164662657771569,0.2793443429358807
-0.001911105,5.167019627111426,0.2813751405761138
-0.001910475,5.170386726168363,0.2840828707630912
-0.001909845,5.169713306356976,0.2834059382163469
-0.001909215,5.171396855885445,0.2871290672234409
-0.001908585,5.174763954942383,0.2884829323169297
-0.001907955,5.175774084659465,0.2888213985903019
-0.001907325,5.178467763905016,0.2905137299571628
-0.001906695,5.180151313433485,0.2925445275973959
-0.001906065,5.180488023339179,0.2928829938707681
-0.001905435,5.180824733244872,0.2935599264175124
-0.001904805,5.183181702584729,0.2962676566044899
-0.001904175,5.184865252113198,0.298298454244723
-0.001903545,5.185201962018892,0.2979599879713508
-0.001902915,5.187222221453055,0.299990785611584
-0.001902285,5.187222221453055,0.299990785611584
-0.001901655,5.189579190792912,0.302021583251817
-0.001901025,5.189579190792912,0.3033754483453058
-0.001900395,5.190589320509994,0.3023600495251892
-0.001899765,5.191936160132768,0.3047293134387945
-0.001899135,5.19294628984985,0.3054062459855389
-0.001898505,5.196650098812483,0.3067601110790277
-0.001897875,5.195976679001095,0.3084524424458885
-0.001897245,5.195976679001095,0.3087909087192607
-0.001896615,5.198670358246646,0.3091293749926329
-0.001895985,5.201027327586503,0.3121755714529826
-0.001895355,5.20170074739789,0.3125140377263548
-0.001894725,5.202374167209277,0.312852503999727
-0.001894095,5.203721006832053,0.312852503999727
-0.001893465,5.205067846454829,0.3162371667334488
-0.001892835,5.205404556360522,0.3182679643736819
-0.001892205,5.207761525700379,0.3196218294671707
-0.001891575,5.209108365323154,0.3209756945606594
-0.001890945,5.209445075228848,0.3219910933807759
-0.001890315,5.209445075228848,0.3206372282872872
-0.001889685,5.210455204945929,0.3216526271074037
-0.001889055,5.212475464380093,0.3223295596541481
-0.001888425,5.214832433719949,0.3233449584742647
-0.001887795,5.214832433719949,0.3263911549346143
-0.001887165,5.216852693154112,0.3270680874813587
-0.001886535,5.218536242682582,0.3267296212079865
-0.001885905,5.219546372399663,0.3287604188482196
-0.001885275,5.219209662493969,0.329437351394964
-0.001884645,5.220893212022438,0.3321450815819414
-0.001884015,5.222913471456601,0.3321450815819414
-0.001883385,5.223250181362295,0.3334989466754302
-0.001882755,5.223586891267989,0.3324835478553136
-0.001882125,5.225270440796458,0.3345143454955468
-0.001881495,5.226953990324927,0.3365451431357799
-0.001880865,5.228637539853397,0.3375605419558965
-0.001880235,5.22897424975909,0.3378990082292687
-0.001879605,5.229984379476171,0.3389144070493851
-0.001878975,5.231667929004641,0.3409452046896183
-0.001878345,5.233014768627417,0.3412836709629905
-0.001877715,5.23335147853311,0.3406067384162461
-0.001877085,5.235371737967273,0.343991401149968
-0.001876455,5.235708447872967,0.3456837325168289
-0.001875825,5.23772870730713,0.3466991313369454
-0.001875195,5.236718577590048,0.3453452662434567
-0.001874565,5.24042238655268,0.3483914627038063
-0.001873935,5.241432516269762,0.3483914627038063
-0.001873305,5.241095806364068,0.3500837940706673
-0.001872675,5.243789485609619,0.351437659164156
-0.001872045,5.243789485609619,0.3521145917109004
-0.001871415,5.245809745043782,0.3538069230777613
-0.001870785,5.248503424289332,0.3541453893511335
-0.001870155,5.248503424289332,0.3554992544446222
-0.001869525,5.250523683723495,0.3578685183582275
-0.001868895,5.251870523346271,0.3588839171783441
-0.001868265,5.253890782780434,0.3612531810919494
-0.001867635,5.256247752120291,0.3622685799120659
-0.001867005,5.257594591743066,0.364299377552299
-0.001866375,5.257931301648759,0.3656532426457877
-0.001865745,5.259951561082922,0.3656532426457877
-0.001865115,5.261635110611392,0.3673455740126487
-0.001864485,5.264328789856942,0.3714071692931149
-0.001863855,5.263992079951248,0.3717456355664871
-0.001863225,5.266012339385411,0.3724225681132315
-0.001862595,5.267359179008187,0.3730995006599758
-0.001861965,5.267695888913881,0.3751302983002089
-0.001861335,5.268032598819575,0.3737764332067202
-0.001860705,5.268369308725268,0.3744533657534646
-0.001860075,5.269042728536656,0.3758072308469533
-0.001859445,5.272073117687901,0.3781764947605586
-0.001858815,5.271736407782207,0.3781764947605586
-0.001858185,5.27106298797082,0.3781764947605586
-0.001857555,5.272409827593594,0.3791918935806752
-0.001856925,5.275103506839145,0.3818996237676526
-0.001856295,5.275103506839145,0.380884224947536
-0.001855665,5.275103506839145,0.3812226912209082
-0.001855035,5.276113636556227,0.3818996237676526
-0.001854405,5.27645034646192,0.3829150225877692
-0.001853775,5.277797186084696,0.3839304214078857
-0.001853145,5.279144025707471,0.3846073539546301
-0.001852515,5.281500995047328,0.3862996853214911
-0.001851885,5.280490865330246,0.3849458202280023
-0.001851255,5.281500995047328,0.3866381515948633
-0.001850625,5.281164285141634,0.3862996853214911
-0.001849995,5.282174414858716,0.3873150841416075
-0.001849365,5.282511124764409,0.3883304829617241
-0.001848735,5.284868094104266,0.3900228143285851
-0.001848105,5.285878223821348,0.3910382131487016
-0.001847475,5.287225063444123,0.3910382131487016
-0.001846845,5.287225063444123,0.391715145695446
-0.001846215,5.287561773349816,0.3934074770623069
-0.001845585,5.28789848325551,0.3923920782421904
-0.001844955,5.289245322878286,0.393745943335679
-0.001844325,5.289918742689673,0.393745943335679
-0.001843695,5.290928872406755,0.39543827470254
-0.001843065,5.292612421935225,0.3964536735226566
-0.001842435,5.291939002123836,0.3974690723427731
-0.001841805,5.293959261557999,0.3978075386161453
-0.001841175,5.293285841746612,0.3988229374362618
-0.001840545,5.293285841746612,0.3967921397960288
-0.001839915,5.296316230897856,0.3998383362563784
-0.001839285,5.295642811086469,0.399161403709634
-0.001838655,5.297999780426325,0.4011922013498671
-0.001838025,5.297999780426325,0.4005152688031227
-0.001837395,5.298673200237713,0.4018691338966115
-0.001836765,5.296989650709244,0.4018691338966115
-0.001836135,5.300020039860488,0.4025460664433559
-0.001835505,5.299683329954795,0.4032229989901003
-0.001834875,5.300356749766182,0.4042383978102168
-0.001834245,5.302377009200345,0.4062691954504499
-0.001833615,5.301703589388958,0.4059307291770777
-0.001832985,5.303050429011733,0.4059307291770777
-0.001832355,5.304397268634508,0.4076230605439386
-0.001831725,5.304060558728814,0.4072845942705665
-0.001831095,5.305744108257284,0.4086384593640552
-0.001830465,5.307427657785753,0.4086384593640552
-0.001829835,5.308774497408528,0.4110077232776604
-0.001829205,5.309447917219916,0.4110077232776604
-0.001828575,5.310121337031304,0.4123615883711492
-0.001827945,5.31247830637116,0.4133769871912658
-0.001827315,5.314498565805323,0.4157462511048711
-0.001826685,5.312815016276854,0.4140539197380102
-0.001826055,5.314835275711017,0.4171001161983598
-0.001825425,5.316518825239486,0.4191309138385929
-0.001824795,5.317528954956567,0.4194693801119651
-0.001824165,5.319212504485037,0.4218386440255704
-0.001823535,5.320222634202119,0.4218386440255704
-0.001822905,5.320559344107812,0.4225155765723148
-0.001822275,5.322242893636282,0.422854042845687
-0.001821645,5.319885924296424,0.422854042845687
-0.001821015,5.320896054013506,0.422854042845687
-0.001820385,5.321906183730587,0.4231925091190591
-0.001819755,5.32392644316475,0.4252233067592922
-0.001819125,5.322579603541975,0.4242079079391757
-0.001818495,5.322242893636282,0.4238694416658035
-0.001817865,5.32392644316475,0.42488484048592
-0.001817235,5.324936572881832,0.4255617730326644
-0.001816605,5.325273282787526,0.426577171852781
-0.001815975,5.324936572881832,0.426577171852781
-0.001815345,5.326620122410302,0.4272541043995254
-0.001814715,5.326283412504607,0.4282695032196419
-0.001814085,5.324936572881832,0.4262387055794088
-0.001813455,5.327630252127383,0.4286079694930141
-0.001812825,5.326956832315995,0.4286079694930141
-0.001812195,5.327966962033076,0.4286079694930141
-0.001811565,5.327630252127383,0.4282695032196419
-0.001810935,5.32830367193877,0.4279310369462698
-0.001810305,5.328977091750158,0.4282695032196419
-0.001809675,5.327966962033076,0.430300300859875
-0.001809045,5.32830367193877,0.4306387671332472
-0.001808415,5.330323931372933,0.4296233683131306
-0.001807785,5.329987221467239,0.430300300859875
-0.001807155,5.329650511561546,0.4299618345865028
-0.001806525,5.332007480901402,0.4319926322267359
-0.001805895,5.330997351184321,0.4309772334066194
-0.001805265,5.331334061090015,0.4309772334066194
-0.001804635,5.331670770995709,0.4319926322267359
-0.001804005,5.331334061090015,0.4306387671332472
-0.001803375,5.331334061090015,0.4309772334066194
-0.001802745,5.333354320524178,0.4326695647734803
-0.001802115,5.332344190807096,0.4326695647734803
-0.001801485,5.33268090071279,0.4323310985001081
-0.001800855,5.334027740335565,0.4330080310468525
-0.001800225,5.333354320524178,0.4333464973202247
-0.001799595,5.334364450241259,0.4333464973202247
-0.001798965,5.333691030429872,0.4343618961403413
-0.001798335,5.333691030429872,0.4350388286870855
-0.001797705,5.334027740335565,0.4340234298669691
-0.001797075,5.336047999769728,0.4350388286870855
-0.001796445,5.334701160146953,0.4347003624137135
-0.001795815,5.336384709675422,0.4350388286870855
-0.001795185,5.336047999769728,0.4357157612338299
-0.001794555,5.336721419581116,0.4357157612338299
-0.001793925,5.336721419581116,0.4363926937805743
-0.001793295,5.336384709675422,0.4367311600539465
-0.001792665,5.336721419581116,0.4353772949604577
-0.001792035,5.336721419581116,0.4367311600539465
-0.001791405,5.337731549298198,0.4367311600539465
-0.001790775,5.339078388920973,0.4374080926006909
-0.001790145,5.338068259203891,0.4384234914208074
-0.001789515,5.340761938449442,0.4391004239675518
-0.001788885,5.341098648355135,0.4401158227876684
-0.001788255,5.340761938449442,0.4401158227876684
-0.001787625,5.342108778072218,0.4414696878811571
-0.001786995,5.341772068166524,0.4414696878811571
-0.001786365,5.344129037506381,0.4421466204279014
-0.001785735,5.344129037506381,0.4435004855213902
-0.001785105,5.343792327600687,0.4445158843415068
-0.001784475,5.345475877129156,0.4438389517947624
-0.001783845,5.346149296940544,0.443162019248018
-0.001783215,5.3485062662804,0.4441774180681346
-0.001782585,5.347832846469013,0.4445158843415068
-0.001781955,5.347496136563318,0.4451928168882512
-0.001781325,5.346486006846237,0.4458697494349955
-0.001780695,5.347832846469013,0.4472236145284842
-0.001780065,5.346486006846237,0.4465466819817399
-0.001779435,5.345139167223462,0.444854350614879
-0.001778805,5.346486006846237,0.4455312831616233
-0.001778175,5.347496136563318,0.4462082157083677
-0.001777545,5.346486006846237,0.4438389517947624
-0.001776915,5.348169556374707,0.4441774180681346
-0.001776285,5.347159426657625,0.4462082157083677
-0.001775655,5.347159426657625,0.4445158843415068
-0.001775025,5.346149296940544,0.444854350614879
-0.001774395,5.347159426657625,0.443162019248018
-0.001773765,5.346486006846237,0.444854350614879
-0.001773135,5.346149296940544,0.4445158843415068
-0.001772505,5.346486006846237,0.444854350614879
-0.001771875,5.346822716751931,0.4438389517947624
-0.001771245,5.346822716751931,0.4445158843415068
-0.001770615,5.346486006846237,0.4445158843415068
-0.001769985,5.346822716751931,0.4441774180681346
-0.001769355,5.344802457317768,0.4428235529746458
-0.001768725,5.346486006846237,0.4445158843415068
-0.001768095,5.344802457317768,0.4424850867012736
-0.001767465,5.344465747412074,0.4421466204279014
-0.001766835,5.344129037506381,0.4435004855213902
-0.001766205,5.344129037506381,0.4418081541545293
-0.001765575,5.344802457317768,0.4424850867012736
-0.001764945,5.345139167223462,0.4424850867012736
-0.001764315,5.344129037506381,0.4421466204279014
-0.001763685,5.344129037506381,0.4428235529746458
-0.001763055,5.346486006846237,0.4438389517947624
-0.001762425,5.345139167223462,0.4407927553344128
-0.001761795,5.345475877129156,0.4424850867012736
-0.001761165,5.344802457317768,0.4421466204279014
-0.001760535,5.344129037506381,0.441131221607785
-0.001759905,5.344129037506381,0.441131221607785
-0.001759275,5.343792327600687,0.4401158227876684
-0.001758645,5.343455617694993,0.4401158227876684
-0.001758015,5.342782197883605,0.441131221607785
-0.001757385,5.343118907789298,0.4407927553344128
-0.001756755,5.344129037506381,0.4407927553344128
-0.001756125,5.342108778072218,0.4404542890610406
-0.001755495,5.342445487977911,0.4401158227876684
-0.001754865,5.342108778072218,0.4374080926006909
-0.001754235,5.341098648355135,0.4387619576941796
-0.001753605,5.342108778072218,0.4404542890610406
-0.001752975,5.343118907789298,0.4421466204279014
-0.001752345,5.343792327600687,0.4424850867012736
-0.001751715,5.342782197883605,0.441131221607785
-0.001751085,5.344465747412074,0.4407927553344128
-0.001750455,5.345475877129156,0.4424850867012736
-0.001749825,5.343792327600687,0.4397773565142962
-0.001749195,5.346149296940544,0.4424850867012736
-0.001748565,5.344129037506381,0.4407927553344128
-0.001747935,5.346149296940544,0.4418081541545293
-0.001747305,5.34581258703485,0.4424850867012736
-0.001746675,5.344129037506381,0.4421466204279014
-0.001746045,5.345475877129156,0.4424850867012736
-0.001745415,5.346149296940544,0.4428235529746458
-0.001744785,5.346822716751931,0.4421466204279014
-0.001744155,5.347159426657625,0.4428235529746458
-0.001743525,5.345475877129156,0.443162019248018
-0.001742895,5.345475877129156,0.443162019248018
-0.001742265,5.345139167223462,0.443162019248018
-0.001741635,5.345475877129156,0.4421466204279014
-0.001741005,5.345139167223462,0.4421466204279014
-0.001740375,5.342782197883605,0.4387619576941796
-0.001739745,5.343118907789298,0.4401158227876684
-0.001739115,5.343118907789298,0.4401158227876684
-0.001738485,5.342445487977911,0.4397773565142962
-0.001737855,5.34143535826083,0.439438890240924
-0.001737225,5.340088518638054,0.4363926937805743
-0.001736595,5.34143535826083,0.4374080926006909
-0.001735965,5.339751808732361,0.4380850251474353
-0.001735335,5.339415098826667,0.4363926937805743
-0.001734705,5.339078388920973,0.4353772949604577
-0.001734075,5.338404969109585,0.4353772949604577
-0.001733445,5.338068259203891,0.4350388286870855
-0.001732815,5.338741679015279,0.4343618961403413
-0.001732185,5.336721419581116,0.4336849635935969
-0.001731555,5.334701160146953,0.4326695647734803
-0.001730925,5.335037870052647,0.4313156996799916
-0.001730295,5.335037870052647,0.4323310985001081
-0.001729665,5.334701160146953,0.430300300859875
-0.001729035,5.334027740335565,0.4309772334066194
-0.001728405,5.333017610618484,0.4296233683131306
-0.001727775,5.333691030429872,0.4299618345865028
-0.001727145,5.333691030429872,0.4289464357663862
-0.001726515,5.331334061090015,0.4306387671332472
-0.001725885,5.330997351184321,0.4292849020397584
-0.001725255,5.331670770995709,0.4286079694930141
-0.001724625,5.328977091750158,0.4269156381261532
-0.001723995,5.329313801655852,0.4259002393060366
-0.001723365,5.328977091750158,0.4255617730326644
-0.001722735,5.329313801655852,0.4262387055794088
-0.001722105,5.327630252127383,0.4238694416658035
-0.001721475,5.327293542221689,0.4245463742125479
-0.001720845,5.324936572881832,0.4231925091190591
-0.001720215,5.324936572881832,0.4221771102989426
-0.001719585,5.324599862976138,0.421161711478826
-0.001718955,5.323253023353363,0.4208232452054539
-0.001718325,5.323253023353363,0.4198078463853373
-0.001717695,5.322242893636282,0.4198078463853373
-0.001717065,5.322579603541975,0.4198078463853373
-0.001716435,5.3212327639192,0.4184539812918485
-0.001715805,5.321569473824893,0.4177770487451041
-0.001715175,5.320896054013506,0.4160847173782433
-0.001714545,5.318875794579343,0.4171001161983598
-0.001713915,5.318202374767956,0.4167616499249877
-0.001713285,5.317192245050874,0.4150693185581267
-0.001712655,5.317528954956567,0.4150693185581267
-0.001712025,5.315508695522404,0.413715453464638
-0.001711395,5.315845405428099,0.4133769871912658
-0.001710765,5.315171985616711,0.412023122097777
-0.001710135,5.315171985616711,0.4103307907309162
-0.001709505,5.314835275711017,0.4116846558244048
-0.001708875,5.315508695522404,0.4116846558244048
-0.001708245,5.314498565805323,0.412023122097777
-0.001707615,5.31416185589963,0.412023122097777
-0.001706985,5.31416185589963,0.4113461895510326
-0.001706355,5.31416185589963,0.4113461895510326
-0.001705725,5.312141596465467,0.409992324457544
-0.001705095,5.31247830637116,0.4096538581841718
-0.001704465,5.312815016276854,0.409992324457544
-0.001703835,5.311468176654079,0.4096538581841718
-0.001703205,5.311804886559773,0.409992324457544
-0.001702575,5.313151726182548,0.4096538581841718
-0.001701945,5.311468176654079,0.4069461279971943
-0.001701315,5.311131466748385,0.4076230605439386
-0.001700685,5.310458046936997,0.4076230605439386
-0.001700055,5.309447917219916,0.4069461279971943
-0.001699425,5.307090947880059,0.4055922629037055
-0.001698795,5.307427657785753,0.4045768640835889
-0.001698165,5.305744108257284,0.4025460664433559
-0.001697535,5.305070688445896,0.4018691338966115
-0.001696905,5.304397268634508,0.4001768025297506
-0.001696275,5.303387138917427,0.4011922013498671
-0.001695645,5.302377009200345,0.3994998699830062
-0.001695015,5.302713719106039,0.4001768025297506
-0.001694385,5.300356749766182,0.3981460048895175
-0.001693755,5.299009910143407,0.3978075386161453
-0.001693125,5.297999780426325,0.3964536735226566
-0.001692495,5.298336490332019,0.3957767409759122
-0.001691865,5.297326360614938,0.3934074770623069
-0.001691235,5.295642811086469,0.3930690107889347
-0.001690605,5.295306101180775,0.391715145695446
-0.001689975,5.292949131840918,0.3896843480552129
-0.001689345,5.293622551652306,0.3906997468753294
-0.001688715,5.291265582312449,0.3886689492350963
-0.001688085,5.289918742689673,0.3883304829617241
-0.001687455,5.289245322878286,0.3873150841416075
-0.001686825,5.288571903066899,0.3873150841416075
-0.001686195,5.287561773349816,0.3856227527747467
-0.001685565,5.286551643632736,0.3856227527747467
-0.001684935,5.28520480400996,0.3815611574942804
-0.001684305,5.284194674292879,0.3832534888611413
-0.001683675,5.281837704953022,0.380884224947536
-0.001683045,5.281500995047328,0.378853427307303
-0.001682415,5.28082757523594,0.3791918935806752
-0.001681785,5.278807315801777,0.3774995622138142
-0.001681155,5.278470605896083,0.3785149610339308
-0.001680525,5.276113636556227,0.3768226296670698
-0.001679895,5.27645034646192,0.3758072308469533
-0.001679265,5.275103506839145,0.3737764332067202
-0.001678635,5.275776926650533,0.3737764332067202
-0.001678005,5.275103506839145,0.3720841018398593
-0.001677375,5.272409827593594,0.3710687030197427
-0.001676745,5.273083247404982,0.3700533041996261
-0.001676115,5.270389568159431,0.3673455740126487
-0.001675485,5.268369308725268,0.3683609728327653
-0.001674855,5.267359179008187,0.3666686414659043
-0.001674225,5.266349049291105,0.3663301751925321
-0.001673595,5.266012339385411,0.3656532426457877
-0.001672965,5.264328789856942,0.3629455124588103
-0.001672335,5.263992079951248,0.3612531810919494
-0.001671705,5.261635110611392,0.3602377822718328
-0.001671075,5.262308530422779,0.3595608497250884
-0.001670445,5.260288270988617,0.3585454509049719
-0.001669815,5.259278141271535,0.3575300520848553
-0.001669185,5.259614851177229,0.3595608497250884
-0.001668555,5.257257881837372,0.3571915858114831
-0.001667925,5.258604721460148,0.3575300520848553
-0.001667295,5.257594591743066,0.3558377207179944
-0.001666665,5.257931301648759,0.3565146532647387
-0.001666035,5.255911042214596,0.3544838556245057
-0.001665405,5.254564202591822,0.3538069230777613
-0.001664775,5.255574332308903,0.3548223218978779
-0.001664145,5.253890782780434,0.3531299905310169
-0.001663515,5.252880653063352,0.3521145917109004
-0.001662885,5.251870523346271,0.3517761254375282
-0.001662255,5.252880653063352,0.3527915242576447
-0.001661625,5.251533813440577,0.3490683952505507
-0.001660995,5.249850263912108,0.3490683952505507
-0.001660365,5.248166714383639,0.3463606650635732
-0.001659735,5.248840134195026,0.3470375976103176
-0.001659105,5.246483164855169,0.346022198790201
-0.001658475,5.246146454949476,0.3463606650635732
-0.001657845,5.244126195515313,0.3426375360564792
-0.001657215,5.243116065798231,0.3426375360564792
-0.001656585,5.241769226175456,0.342299069783107
-0.001655955,5.240759096458374,0.3416221372363626
-0.001655325,5.238402127118517,0.3389144070493851
-0.001654695,5.238738837024211,0.338575940776013
-0.001654065,5.236045157778661,0.334852811768919
-0.001653435,5.234698318155885,0.3345143454955468
-0.001652805,5.232678058721723,0.3318066153085693
-0.001652175,5.230321089381865,0.329437351394964
-0.001651545,5.23065779928756,0.329437351394964
-0.001650915,5.227627410136315,0.3284219525748475
-0.001650285,5.226617280419234,0.3270680874813587
-0.001649655,5.226953990324927,0.3267296212079865
-0.001649025,5.225607150702152,0.3243603572943812
-0.001648395,5.223250181362295,0.3236834247476369
-0.001647765,5.222240051645214,0.3230064922008925
-0.001647135,5.22190334173952,0.3219910933807759
-0.001646505,5.220556502116745,0.3206372282872872
-0.001645875,5.216515983248419,0.3179294981003097
-0.001645245,5.215169143625643,0.3162371667334488
-0.001644615,5.214159013908562,0.3155602341867044
-0.001643985,5.211802044568705,0.3131909702730992
-0.001643355,5.211465334663011,0.3135294365464714
-0.001642725,5.209445075228848,0.311160172632866
-0.001642095,5.210455204945929,0.3108217063594939
-0.001641465,5.209781785134542,0.3104832400861217
-0.001640835,5.207088105888992,0.3057447122589111
-0.001640205,5.204731136549134,0.3057447122589111
-0.001639575,5.203384296926359,0.3050677797121667
-0.001638945,5.20170074739789,0.3033754483453058
-0.001638315,5.199680487963727,0.3016831169784449
-0.001637685,5.199343778058033,0.299990785611584
-0.001637055,5.19732351862387,0.2972830554246065
-0.001636425,5.195976679001095,0.2966061228778621
-0.001635795,5.193956419566932,0.2952522577843734
-0.001635165,5.194293129472626,0.2955907240577456
-0.001634535,5.19294628984985,0.2949137915110012
-0.001633905,5.190589320509994,0.2928829938707681
-0.001633275,5.188232351170137,0.2908521962305349
-0.001632645,5.187222221453055,0.2901752636837906
-0.001632015,5.185538671924586,0.2878059997701853
-0.001631385,5.184865252113198,0.2861136684033244
-0.001630755,5.182171572867648,0.2844213370364634
-0.001630125,5.182171572867648,0.283744404489719
-0.001629495,5.179814603527791,0.2810366743027416
-0.001628865,5.179141183716403,0.2813751405761138
-0.001628235,5.175774084659465,0.2793443429358807
-0.001627605,5.175437374753772,0.2773135452956476
-0.001626975,5.173417115319608,0.2752827476554145
-0.001626345,5.172406985602526,0.2752827476554145
-0.001625715,5.172406985602526,0.2752827476554145
-0.001625085,5.17005001626267,0.2732519500151814
-0.001624455,5.170386726168363,0.272575017468437
-0.001623825,5.170723436074057,0.2715596186483205
-0.001623195,5.168703176639895,0.2702057535548317
-0.001622565,5.167019627111426,0.2691903547347151
-0.001621935,5.166009497394344,0.2674980233678542
-0.001621305,5.16567278748865,0.2691903547347151
-0.001620675,5.164325947865875,0.2668210908211098
-0.001620045,5.163989237960181,0.2664826245477376
-0.001619415,5.162642398337406,0.265128759454249
-0.001618785,5.160285428997549,0.263436428087388
-0.001618155,5.158265169563386,0.2620825629938993
-0.001617525,5.157255039846304,0.2607286979004105
-0.001616895,5.155908200223529,0.2590363665335496
-0.001616265,5.152877811072284,0.2573440351666887
-0.001615635,5.152204391260897,0.2566671026199443
-0.001615005,5.150184131826734,0.254297838706339
-0.001614375,5.149174002109652,0.2529439736128503
-0.001613745,5.148163872392571,0.2512516422459894
-0.001613115,5.144796773335632,0.2485439120590119
-0.001612485,5.144123353524245,0.2478669795122675
-0.001611855,5.142776513901469,0.2475285132388953
-0.001611225,5.141092964373001,0.2441438505051735
-0.001610595,5.138735995033143,0.2424515191383126
-0.001609965,5.136379025693286,0.2404207214980795
-0.001609335,5.135032186070512,0.2404207214980795
-0.001608705,5.133685346447736,0.2383899238578464
-0.001608075,5.132675216730655,0.2373745250377298
-0.001607445,5.12964482757941,0.2346667948507523
-0.001606815,5.12964482757941,0.2353437273974967
-0.001606185,5.127961278050941,0.2336513960306358
-0.001605555,5.12526759880539,0.2299282670235417
-0.001604925,5.123584049276921,0.2275590031099364
-0.001604295,5.122910629465534,0.228574401930053
-0.001603665,5.12257391955984,0.2262051380164477
-0.001603035,5.11819669078582,0.2238358741028424
-0.001602405,5.117523270974432,0.2231589415560981
-0.001601775,5.116513141257351,0.2214666101892371
-0.001601145,5.114492881823188,0.2197742788223762
-0.001600515,5.112135912483331,0.2180819474555153
-0.001599885,5.109778943143474,0.21571268354191
-0.001599255,5.108432103520699,0.2136818859016769
-0.001598625,5.107085263897924,0.2126664870815603
-0.001597995,5.104054874746679,0.2106356894413272
-0.001597365,5.102708035123904,0.2082664255277219
-0.001596735,5.101024485595435,0.2062356278874888
-0.001596105,5.101361195501128,0.2075894929809776
-0.001595475,5.097657386538496,0.2042048302472557
-0.001594845,5.094290287481558,0.2004817012401617
-0.001594215,5.095637127104333,0.2014971000602782
-0.001593585,5.093280157764476,0.2008201675135339
-0.001592955,5.091933318141701,0.1977739710531842
-0.001592325,5.088902928990457,0.1947277745928345
-0.001591695,5.087219379461987,0.1940508420460902
-0.001591065,5.085535829933518,0.1920200444058571
-0.001590435,5.083515570499356,0.1910046455857405
-0.001589805,5.08216873087658,0.1886353816721352
-0.001589175,5.081158601159498,0.1896507804922518
-0.001588545,5.079138341725336,0.1869430503052743
-0.001587915,5.07779150210256,0.184573786391669
-0.001587285,5.076781372385478,0.184573786391669
-0.001586655,5.074761112951315,0.1832199212981803
-0.001586025,5.074424403045622,0.1818660562046915
-0.001585395,5.072404143611459,0.1815275899313193
-0.001584765,5.071730723800071,0.1791583260177141
-0.001584135,5.070383884177296,0.1781429271975975
-0.001583505,5.067690204931745,0.1764505958307366
-0.001582875,5.066006655403276,0.1747582644638757
-0.001582245,5.06634336530897,0.1750967307372479
-0.001581615,5.065333235591889,0.171712068003526
-0.001580985,5.063312976157725,0.1703582029100373
-0.001580355,5.060619296912175,0.1693428040899207
-0.001579725,5.061629426629256,0.1693428040899207
-0.001579095,5.059945877100787,0.1686658715431763
-0.001578465,5.059609167195093,0.1669735401763154
-0.001577835,5.058935747383706,0.1676504727230598
-0.001577205,5.054558518609686,0.1639273437159657
-0.001576575,5.052538259175523,0.1612196135289883
-0.001575945,5.051528129458442,0.1605426809822439
-0.001575315,5.049844579929973,0.1581734170686386
-0.001574685,5.048497740307197,0.1568195519751499
-0.001574055,5.045467351155953,0.1547887543349168
-0.001573425,5.04614077096734,0.1537733555148002
-0.001572795,5.044793931344564,0.1530964229680558
-0.001572165,5.043110381816096,0.1524194904213115
-0.001571535,5.039406572853464,0.149711760234334
-0.001570905,5.036712893607913,0.1463270975006122
-0.001570275,5.034355924268056,0.1439578335870069
-0.001569645,5.033009084645281,0.1429424347668903
-0.001569015,5.029641985588342,0.1395577720331685
-0.001568385,5.028295145965568,0.1398962383065406
-0.001567755,5.026274886531404,0.1365115755728188
-0.001567125,5.025938176625711,0.1358346430260744
-0.001566495,5.023917917191548,0.1341423116592135
-0.001565865,5.02156094785169,0.1310961151988638
-0.001565235,5.018530558700446,0.1290653175586307
-0.001564605,5.019877398323222,0.1304191826521195
-0.001563975,5.017520428983365,0.1283883850118864
-0.001563345,5.015500169549202,0.1260191210982811
-0.001562715,5.011122940775182,0.1216190595444427
-0.001562085,5.010449520963794,0.1216190595444427
-0.001561455,5.006072292189774,0.1182343968107208
-0.001560825,5.006409002095468,0.118572863084093
-0.001560195,5.004052032755611,0.1145112678036268
-0.001559565,5.002368483227142,0.1145112678036268
-0.001558935,5.000684933698673,0.1124804701633937
-0.001558305,4.99866467426451,0.1090958074296718
-0.001557675,4.995970995018959,0.1070650097894387
-0.001557045,4.993950735584797,0.1063880772426944
-0.001556415,4.992267186056328,0.1036803470557169
-0.001555785,4.990583636527858,0.1033418807823447
-0.001555155,4.988563377093695,0.101988015688856
-0.001554525,4.987216537470919,0.09961875177525067
-0.001553895,4.985196278036756,0.09724948786164539
-0.001553265,4.982165888885512,0.09623408904152883
-0.001552635,4.980482339357043,0.09386482512792353
-0.001552005,4.980145629451349,0.09284942630780699
-0.001551375,4.977788660111493,0.09014169612082951
-0.001550745,4.974758270960248,0.08743396593385203
-0.001550115,4.972738011526086,0.08641856711373547
-0.001549485,4.972738011526086,0.0860801008403633
-0.001548855,4.971727881809003,0.08438776947350236
-0.001548225,4.967687362940677,0.0813415730131527
-0.001547595,4.965330393600821,0.07964924164629178
-0.001546965,4.963646844072351,0.07795691027943086
-0.001546335,4.963310134166658,0.07660304518594213
-0.001545705,4.95994303510972,0.07355684872559246
-0.001545075,4.958596195486944,0.07118758481198717
-0.001544445,4.955229096430006,0.06847985462500969
-0.001543815,4.955229096430006,0.06915678717175405
-0.001543185,4.953208836995842,0.06780292207826533
-0.001542555,4.950515157750292,0.06475672561791566
-0.001541925,4.947148058693354,0.06204899543093818
-0.001541295,4.945801219070579,0.06103359661082163
-0.001540665,4.944454379447803,0.05832586642384415
-0.001540035,4.94243412001364,0.05561813623686668
-0.001539405,4.93974044076809,0.05358733859663357
-0.001538775,4.938730311051009,0.05324887232326138
-0.001538145,4.935026502088376,0.05054114213628391
-0.001537515,4.933006242654213,0.04884881076942299
-0.001536885,4.9336796624656,0.04952574331616735
-0.001536255,4.932332822842826,0.04817187822267861
-0.001535625,4.929302433691581,0.04546414803570115
-0.001534995,4.927282174257418,0.04309488412209585
-0.001534365,4.925261914823255,0.04072562020849056
-0.001533735,4.924588495011867,0.039710221388374
-0.001533105,4.921221395954929,0.0373409574747687
-0.001532475,4.921894815766317,0.03835635629488526
-0.001531845,4.922568235577704,0.0376794237481409
-0.001531215,4.918191006803685,0.03429476101441904
-0.001530585,4.916844167180909,0.03361782846767468
-0.001529955,4.91516061765244,0.03057163200732502
-0.001529325,4.913477068123971,0.02921776691383628
-0.001528695,4.911793518595502,0.02786390182034754
-0.001528065,4.911793518595502,0.02854083436709191
-0.001527435,4.909773259161339,0.02684850300023099
-0.001526805,4.909436549255645,0.02583310418011443
-0.001526175,4.907079579915788,0.02515617163337007
-0.001525545,4.9064061601044,0.02380230653988133
-0.001524915,4.904385900670237,0.02210997517302041
-0.001524285,4.903039061047462,0.02041764380615949
-0.001523655,4.89765170255636,0.01466371715883234
-0.001523025,4.898661832273443,0.01635604852569326
-0.001522395,4.895968153027892,0.01297138579197142
-0.001521765,4.891927634159566,0.0089097905115052
-0.001521135,4.891590924253872,0.0112790544251105
-0.001520505,4.889570664819709,0.007894391691388655
-0.001519875,4.886876985574158,0.004509728957666811
-0.001519245,4.885866855857077,0.004171262684294616
-0.001518615,4.883846596422914,0.002817397590805876
-0.001517985,4.88350988651722,0.001801998770689331
-0.001517355,4.880142787460282,-0.0002287988695437726
-0.001516725,4.878795947837506,-0.00225959650977689
-0.001516095,4.875765558686262,-0.004628860423382175
-0.001515465,4.873745299252099,-0.008351989430476214
-0.001514835,4.872398459629323,-0.009367388250592773
-0.001514205,4.869368070478079,-0.01241358471094242
-0.001513575,4.866337681326835,-0.01478284862454771
-0.001512945,4.865327551609753,-0.01579824744466427
-0.001512315,4.864317421892672,-0.0154597811712921
-0.001511685,4.86162374264712,-0.01985984272513047
-0.001511055,4.859603483212958,-0.02053677527187486
-0.001510425,4.857583223778795,-0.02155217409199142
-0.001509795,4.855562964344632,-0.02459837055234107
-0.001509165,4.853879414816163,-0.02696763446594636
-0.001508535,4.851522445476306,-0.02899843210617947
-0.001507905,4.850175605853531,-0.0303522971996682
-0.001507275,4.848492056325061,-0.03272156111327351
-0.001506645,4.84478824736243,-0.03542929130025096
-0.001506015,4.843441407739654,-0.03576775757362316
-0.001505385,4.840411018588409,-0.03847548776060064
-0.001504755,4.839064178965634,-0.03881395403397281
-0.001504125,4.838054049248552,-0.04186015049432248
-0.001503495,4.835697079908696,-0.04355248186118341
-0.001502865,4.835023660097308,-0.04355248186118341
-0.001502235,4.833676820474533,-0.04524481322804433
-0.001501605,4.829299591700513,-0.04829100968839398
-0.001500975,4.829299591700513,-0.04896794223513837
-0.001500345,4.826942622360656,-0.05167567242211585
-0.001499715,4.824585653020799,-0.05404493633572113
-0.001499085,4.821218553963861,-0.05641420024932642
-0.001498455,4.819871714341086,-0.05776806534281517
-0.001497825,4.817851454906923,-0.05946039670967609
-0.001497195,4.816841325189841,-0.06149119434990918
-0.001496565,4.815157775661373,-0.0635219919901423
-0.001495935,4.81313751622721,-0.06487585708363103
-0.001495305,4.811117256793047,-0.06622972217711978
-0.001494675,4.808423577547495,-0.06961438491084163
-0.001494045,4.807750157736108,-0.06961438491084163
-0.001493415,4.805393188396251,-0.07232211509781911
-0.001492785,4.802362799245007,-0.07333751391793564
-0.001492155,4.799669119999456,-0.07502984528479656
-0.001491525,4.798658990282375,-0.07807604174514624
-0.001490895,4.796302020942518,-0.07942990683863496
-0.001490265,4.794281761508355,-0.08146070447886808
-0.001489635,4.794281761508355,-0.08281456957235681
-0.001489005,4.792598211979886,-0.08416843466584556
-0.001488375,4.792261502074192,-0.08416843466584556
-0.001487745,4.79125137235711,-0.08518383348596212
-0.001487115,4.789567822828642,-0.08653769857945084
-0.001486485,4.787210853488785,-0.08856849621968396
-0.001485855,4.78687414358309,-0.08958389503980052
-0.001485225,4.785527303960315,-0.09127622640666144
-0.001484595,4.783843754431846,-0.09195315895340581
-0.001483965,4.78249691480907,-0.09296855777352236
-0.001483335,4.780813365280602,-0.0939839565936389
-0.001482705,4.779466525657826,-0.09499935541375545
-0.001482075,4.776436136506581,-0.09939941696759386
-0.001481445,4.77710955631797,-0.09703015305398857
-0.001480815,4.777782976129357,-0.09770708560073293
-0.001480185,4.774415877072419,-0.1010917483344548
-0.001479555,4.772058907732562,-0.101430214607827
-0.001478925,4.771048778015481,-0.105153343614921
-0.001478295,4.765998129430073,-0.1085380063486429
-0.001477665,4.764314579901604,-0.108876472622015
-0.001477035,4.762967740278828,-0.1109072702622481
-0.001476405,4.761957610561747,-0.1109072702622481
-0.001475775,4.761620900656053,-0.1129380679024813
-0.001475145,4.759263931316196,-0.1153073318160865
-0.001474515,4.755896832259258,-0.118015062003064
-0.001473885,4.752866443108013,-0.1210612584634137
-0.001473255,4.751856313390932,-0.121738191010158
-0.001472625,4.75084618367385,-0.1220766572835302
-0.001471995,4.750172763862463,-0.123430522377019
-0.001471365,4.74646895489983,-0.127153651384113
-0.001470735,4.744448695465667,-0.1288459827509739
-0.001470105,4.741418306314423,-0.130876780391207
-0.001469475,4.740744886503036,-0.1315537129379514
-0.001468845,4.738724627068873,-0.1322306454846958
-0.001468215,4.736367657729016,-0.136292240765162
-0.001467585,4.734684108200547,-0.1369691733119064
-0.001466955,4.732663848766384,-0.1403538360456282
-0.001466325,4.73232713886069,-0.140015369772256
-0.001465695,4.731317009143608,-0.1403538360456282
-0.001465065,4.72794991008667,-0.14373849877935
-0.001464435,4.726266360558201,-0.1461077626929554
-0.001463805,4.724246101124038,-0.1481385603331884
-0.001463175,4.722562551595569,-0.1505078242467937
-0.001462545,4.719532162444325,-0.1532155544337712
-0.001461915,4.717175193104468,-0.1538924869805156
-0.001461285,4.715828353481692,-0.1552463520740043
-0.001460655,4.713471384141835,-0.1572771497142374
-0.001460025,4.711114414801979,-0.1579540822609818
-0.001459395,4.710777704896285,-0.1613387449947037
-0.001458765,4.709767575179203,-0.1626926100881924
-0.001458135,4.706737186027959,-0.1630310763615646
-0.001457505,4.70505363649949,-0.1654003402751698
-0.001456875,4.704043506782408,-0.1664157390952864
-0.001456245,4.700002987914083,-0.1698004018290083
-0.001455615,4.699666278008388,-0.1701388681023805
-0.001454985,4.695962469045757,-0.1738619971094744
-0.001454355,4.694615629422981,-0.1752158622029632
-0.001453725,4.6936054997059,-0.176569727296452
-0.001453095,4.690911820460348,-0.1779235923899407
-0.001452465,4.688554851120492,-0.180292856303546
-0.001451835,4.687881431309104,-0.1816467213970347
-0.001451205,4.686871301592022,-0.1819851876704069
-0.001450575,4.683504202535085,-0.1843544515840122
-0.001449945,4.682830782723697,-0.1860467829508731
-0.001449315,4.682157362912309,-0.1874006480443619
-0.001448685,4.680137103478146,-0.1894314456845949
-0.001448055,4.678116844043983,-0.1904468445047115
-0.001447425,4.67609658460982,-0.1928161084183168
-0.001446795,4.673402905364269,-0.1948469060585499
-0.001446165,4.673066195458576,-0.1962007711520386
-0.001445535,4.671382645930106,-0.1978931025188995
-0.001444905,4.668688966684556,-0.1989085013390161
-0.001444275,4.665995287439006,-0.2026316303461102
-0.001443645,4.66464844781623,-0.2029700966194824
-0.001443015,4.662964898287761,-0.2053393605330876
-0.001442385,4.66195476857068,-0.206016293079832
-0.001441755,4.658924379419435,-0.2080470907200651
-0.001441125,4.658587669513741,-0.2087240232668095
-0.001440495,4.656904119985272,-0.2107548209070426
-0.001439865,4.655220570456803,-0.211431753453787
-0.001439235,4.652526891211252,-0.2141394836407644
-0.001438605,4.650506631777089,-0.2165087475543697
-0.001437975,4.650506631777089,-0.2158318150076254
-0.001437345,4.648486372342926,-0.2182010789212307
-0.001436715,4.647139532720151,-0.2209088091082081
-0.001436085,4.644782563380294,-0.2209088091082081
-0.001435455,4.642088884134743,-0.222601140475069
-0.001434825,4.641415464323356,-0.22429347184193
-0.001434195,4.639058494983499,-0.2266627357555353
-0.001433565,4.639395204889192,-0.2256473369354187
-0.001432935,4.637038235549336,-0.2286935333957684
-0.001432305,4.63569139592656,-0.231739729856118
-0.001431675,4.632661006775316,-0.233432061222979
-0.001431045,4.629293907718377,-0.2361397914099564
-0.001430415,4.628283778001296,-0.237155190230073
-0.001429785,4.629967327529766,-0.2364782576833286
-0.001429155,4.627610358189909,-0.2381705890501895
-0.001428525,4.626263518567133,-0.2374936565034452
-0.001427895,4.626936938378521,-0.2374936565034452
-0.001427265,4.625253388850052,-0.2388475215969339
-0.001426635,4.622559709604501,-0.2405398529637948
-0.001426005,4.622896419510195,-0.2422321843306558
-0.001425375,4.62154957988742,-0.2432475831507723
-0.001424745,4.62154957988742,-0.2439245156975167
-0.001424115,4.619866030358951,-0.2452783807910054
-0.001423485,4.618519190736175,-0.2462937796111219
-0.001422855,4.615825511490624,-0.2476476447046107
-0.001422225,4.615152091679237,-0.2486630435247273
-0.001421595,4.614478671867849,-0.2503553748915882
-0.001420965,4.61279512233938,-0.2510323074383326
-0.001420335,4.610438152999524,-0.2523861725318213
-0.001419705,4.609091313376748,-0.2550939027187987
-0.001419075,4.606060924225504,-0.2574631666324041
-0.001418445,4.605050794508422,-0.2564477678122875
-0.001417815,4.604714084602728,-0.2578016329057763
-0.001417185,4.602357115262871,-0.2615247619128703
-0.001416555,4.600336855828708,-0.2638940258264756
-0.001415925,4.598990016205933,-0.2642324920998478
-0.001415295,4.598316596394545,-0.2652478909199643
-0.001414665,4.59696975677177,-0.2659248234667086
-0.001414035,4.593939367620526,-0.2686325536536861
-0.001413405,4.591919108186363,-0.2706633512939193
-0.001412775,4.590235558657893,-0.2713402838406637
-0.001412145,4.588888719035118,-0.2720172163874081
-0.001411515,4.587205169506649,-0.2743864803010133
-0.001410885,4.584174780355404,-0.277432676761363
-0.001410255,4.584848200166793,-0.277432676761363
-0.001409625,4.582491230826935,-0.2791250081282238
-0.001408995,4.58114439120416,-0.2801404069483404
-0.001408365,4.579124131769997,-0.2818327383152014
-0.001407735,4.577440582241528,-0.2838635359554345
-0.001407105,4.575420322807365,-0.284878934775551
-0.001406475,4.575420322807365,-0.2855558673222954
-0.001405845,4.573400063373202,-0.2879251312359007
-0.001405215,4.572053223750427,-0.2886020637826451
-0.001404585,4.570032964316264,-0.2899559288761338
-0.001403955,4.568686124693488,-0.2919867265163669
-0.001403325,4.567339285070713,-0.2940175241566
-0.001402695,4.564982315730856,-0.2946944567033444
-0.001402065,4.565992445447938,-0.295709855523461
-0.001401435,4.562962056296693,-0.297740653163694
-0.001400805,4.561951926579612,-0.2990945182571828
-0.001400175,4.559594957239755,-0.3004483833506715
-0.001399545,4.558584827522673,-0.3011253158974159
-0.001398915,4.557574697805592,-0.3018022484441603
-0.001398285,4.554207598748653,-0.3048484449045099
-0.001397655,4.553534178937266,-0.3062023099979987
-0.001397025,4.55218733931449,-0.3075561750914874
-0.001396395,4.549830369974634,-0.3092485064583483
-0.001395765,4.54949366006894,-0.3095869727317205
-0.001395135,4.548146820446164,-0.310602371551837
-0.001394505,4.545453141200614,-0.3119562366453258
-0.001393875,4.544779721389226,-0.3129716354654424
-0.001393245,4.544443011483533,-0.3146639668323032
-0.001392615,4.543096171860757,-0.3166947644725364
-0.001391985,4.541075912426594,-0.3180486295660251
-0.001391355,4.540065782709513,-0.3183870958393973
-0.001390725,4.53804552327535,-0.3210948260263747
-0.001390095,4.538718943086737,-0.3207563597530025
-0.001389465,4.536698683652574,-0.3221102248464913
-0.001388835,4.534341714312718,-0.3227871573932357
-0.001388205,4.534005004407024,-0.3231256236666079
-0.001387575,4.532658164784248,-0.3261718201269576
-0.001386945,4.530974615255779,-0.3258333538535854
-0.001386315,4.530637905350085,-0.3292180165873072
-0.001385685,4.528280936010228,-0.3298949491340516
-0.001385055,4.527270806293147,-0.3298949491340516
-0.001384425,4.526934096387453,-0.3312488142275403
-0.001383795,4.525587256764678,-0.3312488142275403
-0.001383165,4.525587256764678,-0.3329411455944012
-0.001382535,4.526260676576065,-0.3315872805009125
-0.001381905,4.52491383695329,-0.3332796118677734
-0.001381275,4.522220157707739,-0.3353104095080065
-0.001380645,4.522220157707739,-0.3346334769612621
-0.001380015,4.520873318084965,-0.3356488757813787
-0.001379385,4.521210027990658,-0.3370027408748675
-0.001378755,4.519863188367883,-0.3370027408748675
-0.001378125,4.521210027990658,-0.3353104095080065
-0.001377495,4.51784292893372,-0.3383566059683561
-0.001376865,4.516832799216639,-0.3397104710618449
-0.001376235,4.513802410065394,-0.341741268702078
-0.001375605,4.5134657001597,-0.343433600068939
-0.001374975,4.512792280348313,-0.3441105326156834
-0.001374345,4.511782150631231,-0.3451259314357998
-0.001373715,4.511445440725537,-0.3461413302559164
-0.001373085,4.509761891197067,-0.3464797965292886
-0.001372455,4.508078341668599,-0.3478336616227774
-0.001371825,4.505721372328741,-0.3488490604428939
-0.001371195,4.503701112894579,-0.350879858083127
-0.001370565,4.503027693083191,-0.3512183243564992
-0.001369935,4.503701112894579,-0.3522337231766157
-0.001369305,4.502354273271804,-0.3535875882701045
-0.001368675,4.498987174214865,-0.3566337847304542
-0.001368045,4.498987174214865,-0.3559568521837098
-0.001367415,4.49764033459209,-0.3566337847304542
-0.001366785,4.495956785063621,-0.358326116097315
-0.001366155,4.494946655346539,-0.360018447464176
-0.001365525,4.494609945440845,-0.3617107788310369
-0.001364895,4.492252976100989,-0.3620492451044091
-0.001364265,4.491242846383907,-0.3627261776511534
-0.001363635,4.489896006761132,-0.3644185090180144
-0.001363005,4.487539037421275,-0.3667877729316197
-0.001362375,4.487875747326969,-0.3661108403848753
-0.001361745,4.487202327515581,-0.3661108403848753
-0.001361115,4.485518777987112,-0.3678031717517363
-0.001360485,4.483835228458643,-0.3701724356653415
-0.001359855,4.482488388835868,-0.3715263007588303
-0.001359225,4.48181496902448,-0.3715263007588303
-0.001358595,4.481141549213092,-0.3732186321256912
-0.001357965,4.480804839307399,-0.3725416995789468
-0.001357335,4.478784579873236,-0.3749109634925522
-0.001356705,4.478111160061848,-0.3755878960392964
-0.001356075,4.476090900627685,-0.3772802274061574
-0.001355445,4.474407351099216,-0.378295626226274
-0.001354815,4.473733931287828,-0.3803264238665071
-0.001354185,4.472387091665053,-0.3806648901398793
-0.001353555,4.472050381759359,-0.3810033564132514
-0.001352925,4.470703542136583,-0.3826956877801123
-0.001352295,4.47036683223089,-0.3833726203268567
-0.001351665,4.46868328270242,-0.3837110866002289
-0.001351035,4.468009862891033,-0.3850649516937176
-0.001350405,4.468009862891033,-0.3843880191469733
-0.001349775,4.466663023268257,-0.3860803505138342
-0.001349145,4.464642763834094,-0.3867572830605785
-0.001348515,4.463295924211319,-0.3887880807008116
-0.001347885,4.462622504399931,-0.3898034795209282
-0.001347255,4.461275664777157,-0.3901419457943004
-0.001346625,4.459255405342994,-0.3914958108877892
-0.001345995,4.460602244965768,-0.391157344614417
-0.001345365,4.460265535060075,-0.391157344614417
-0.001344735,4.458245275625912,-0.3938650748013944
-0.001344105,4.457571855814524,-0.3935266085280222
-0.001343475,4.456898436003137,-0.3955574061682553
-0.001342845,4.455888306286055,-0.3969112712617441
-0.001342215,4.454541466663279,-0.3972497375351163
-0.001341585,4.454541466663279,-0.3972497375351163
-0.001340955,4.452521207229116,-0.3996190014487215
-0.001340325,4.451174367606342,-0.4009728665422103
-0.001339695,4.451847787417729,-0.4006344002688381
-0.001339065,4.449154108172178,-0.4016497990889547
-0.001338435,4.448817398266485,-0.4016497990889547
-0.001337805,4.448480688360791,-0.4019882653623269
-0.001337175,4.447133848738015,-0.4026651979090712
-0.001336545,4.447470558643709,-0.4043575292759322
-0.001335915,4.447133848738015,-0.4026651979090712
-0.001335285,4.447133848738015,-0.4030036641824434
-0.001334655,4.447807268549403,-0.4033421304558156
-0.001334025,4.447807268549403,-0.402326731635699
-0.001333395,4.447133848738015,-0.4033421304558156
-0.001332765,4.445450299209546,-0.4053729280960487
-0.001332135,4.447133848738015,-0.4036805967291878
-0.001331505,4.445113589303852,-0.4057113943694208
-0.001330875,4.444440169492465,-0.4067267931895374
-0.001330245,4.444103459586771,-0.4053729280960487
-0.001329615,4.445113589303852,-0.4057113943694208
-0.001328985,4.441746490246914,-0.4084191245563984
-0.001328355,4.441073070435526,-0.407742192009654
-0.001327725,4.441073070435526,-0.4080806582830262
-0.001327095,4.439726230812751,-0.4094345233765149
-0.001326465,4.438042681284282,-0.4121422535634924
-0.001325835,4.4370325515672,-0.4124807198368646
-0.001325205,4.4370325515672,-0.4134961186569811
-0.001324575,4.438042681284282,-0.4124807198368646
-0.001323945,4.436022421850119,-0.4145115174770977
-0.001323315,4.435349002038731,-0.4141730512037255
-0.001322685,4.432318612887487,-0.4151884500238421
-0.001322055,4.431981902981793,-0.4162038488439586
-0.001321425,4.433328742604568,-0.4151884500238421
-0.001320795,4.431981902981793,-0.4168807813907029
-0.001320165,4.431308483170405,-0.4192500453043083
-0.001319535,4.429624933641936,-0.4195885115776804
-0.001318905,4.429624933641936,-0.4189115790309361
-0.001318275,4.428951513830548,-0.4189115790309361
-0.001317645,4.428951513830548,-0.4209423766711692
-0.001317015,4.427604674207773,-0.4212808429445414
-0.001316385,4.427604674207773,-0.4216193092179136
-0.001315755,4.426931254396385,-0.4216193092179136
-0.001315125,4.425247704867917,-0.4233116405847744
-0.001314495,4.425247704867917,-0.4233116405847744
-0.001313865,4.42289073552806,-0.4250039719516354
-0.001313235,4.422217315716672,-0.4253424382250076
-0.001312605,4.424574285056528,-0.4246655056782632
-0.001311975,4.421543895905284,-0.4263578370451241
-0.001311345,4.421207185999591,-0.4273732358652407
-0.001310715,4.420870476093897,-0.4280501684119851
-0.001310085,4.421207185999591,-0.4273732358652407
-0.001309455,4.419860346376815,-0.4280501684119851
-0.001308825,4.420533766188202,-0.4280501684119851
-0.001308195,4.418850216659734,-0.4283886346853573
-0.001307565,4.417503377036958,-0.429742499778846
-0.001306935,4.416493247319877,-0.4307578985989625
-0.001306305,4.418176796848346,-0.4294040335054738
-0.001305675,4.417840086942652,-0.429742499778846
-0.001305045,4.417166667131264,-0.429742499778846
-0.001304415,4.415483117602795,-0.4321117636924513
-0.001303785,4.415483117602795,-0.4327886962391957
-0.001303155,4.415146407697101,-0.43346562878594
-0.001302525,4.41413627798002,-0.4344810276060566
-0.001301895,4.41413627798002,-0.43346562878594
-0.001301265,4.413126148262938,-0.43346562878594
-0.001300635,4.413462858168632,-0.4338040950593122
-0.001300005,4.413462858168632,-0.4338040950593122
-0.001299375,4.411442598734469,-0.4351579601528009
-0.001298745,4.411779308640163,-0.4365118252462897
-0.001298115,4.412452728451551,-0.4354964264261731
-0.001297485,4.411779308640163,-0.4348194938794288
-0.001296855,4.410432469017388,-0.4361733589729175
-0.001296225,4.409085629394612,-0.437188757793034
-0.001295595,4.409085629394612,-0.4375272240664062
-0.001294965,4.408412209583225,-0.438881089159895
-0.001294335,4.408748919488919,-0.438881089159895
-0.001293705,4.410095759111694,-0.437188757793034
-0.001293075,4.409759049206,-0.4375272240664062
-0.001292445,4.407402079866143,-0.4392195554332672
-0.001291815,4.408748919488919,-0.437188757793034
-0.001291185,4.407402079866143,-0.438881089159895
-0.001290555,4.408748919488919,-0.4382041566131506
-0.001289925,4.409422339300306,-0.4361733589729175
-0.001289295,4.409085629394612,-0.4368502915196618
-0.001288665,4.409422339300306,-0.437188757793034
-0.001288035,4.411779308640163,-0.4348194938794288
-0.001287405,4.411105888828775,-0.4351579601528009
-0.001286775,4.409759049206,-0.4361733589729175
-0.001286145,4.411779308640163,-0.4354964264261731
-0.001285515,4.411105888828775,-0.4358348926995453
-0.001284885,4.411105888828775,-0.4365118252462897
-0.001284255,4.411779308640163,-0.4348194938794288
-0.001283625,4.410769178923082,-0.4351579601528009
-0.001282995,4.410095759111694,-0.4344810276060566
-0.001282365,4.411779308640163,-0.4344810276060566
-0.001281735,4.411442598734469,-0.4351579601528009
-0.001281105,4.410432469017388,-0.4358348926995453
-0.001280475,4.410432469017388,-0.4365118252462897
-0.001279845,4.409085629394612,-0.4358348926995453
-0.001279215,4.409422339300306,-0.4358348926995453
-0.001278585,4.408748919488919,-0.4361733589729175
-0.001277955,4.408075499677531,-0.437188757793034
-0.001277325,4.408075499677531,-0.4361733589729175
-0.001276695,4.407065369960449,-0.4378656903397784
-0.001276065,4.407065369960449,-0.4368502915196618
-0.001275435,4.407065369960449,-0.437188757793034
-0.001274805,4.407738789771837,-0.4385426228865228
-0.001274175,4.408412209583225,-0.438881089159895
-0.001273545,4.407402079866143,-0.4378656903397784
-0.001272915,4.408075499677531,-0.4375272240664062
-0.001272285,4.407738789771837,-0.4378656903397784
-0.001271655,4.406391950149062,-0.438881089159895
-0.001271025,4.406055240243368,-0.4392195554332672
-0.001270395,4.406055240243368,-0.438881089159895
-0.001269765,4.406391950149062,-0.4392195554332672
-0.001269135,4.406728660054756,-0.438881089159895
-0.001268505,4.405045110526286,-0.4405734205267559
-0.001267875,4.405718530337674,-0.438881089159895
-0.001267245,4.405045110526286,-0.4409118868001281
-0.001266615,4.405045110526286,-0.4398964879800116
-0.001265985,4.404371690714899,-0.4415888193468724
-0.001265355,4.40538182043198,-0.4385426228865228
-0.001264725,4.405045110526286,-0.4392195554332672
-0.001264095,4.405718530337674,-0.4395580217066394
-0.001263465,4.404371690714899,-0.4402349542533837
-0.001262835,4.405718530337674,-0.4385426228865228
-0.001262205,4.403024851092123,-0.4405734205267559
-0.001261575,4.404034980809205,-0.4402349542533837
-0.001260945,4.404708400620593,-0.4405734205267559
-0.001260315,4.404371690714899,-0.4402349542533837
-0.001259685,4.404371690714899,-0.4402349542533837
-0.001259055,4.404034980809205,-0.438881089159895
-0.001258425,4.404371690714899,-0.4402349542533837
-0.001257795,4.405045110526286,-0.4402349542533837
-0.001257165,4.40268814118643,-0.4412503530735002
-0.001256535,4.404034980809205,-0.4412503530735002
-0.001255905,4.403024851092123,-0.4409118868001281
-0.001255275,4.404371690714899,-0.4415888193468724
-0.001254645,4.405045110526286,-0.4398964879800116
-0.001254015,4.40538182043198,-0.4385426228865228
-0.001253385,4.404708400620593,-0.4398964879800116
-0.001252755,4.404034980809205,-0.4395580217066394
-0.001252125,4.404034980809205,-0.4415888193468724
-0.001251495,4.404371690714899,-0.4409118868001281
-0.001250865,4.404034980809205,-0.4392195554332672
-0.001250235,4.406055240243368,-0.438881089159895
-0.001249605,4.405045110526286,-0.4392195554332672
-0.001248975,4.406391950149062,-0.4382041566131506
-0.001248345,4.405718530337674,-0.438881089159895
-0.001247715,4.405718530337674,-0.438881089159895
-0.001247085,4.40538182043198,-0.4392195554332672
-0.001246455,4.405718530337674,-0.4378656903397784
-0.001245825,4.405718530337674,-0.438881089159895
-0.001245195,4.407402079866143,-0.438881089159895
-0.001244565,4.40538182043198,-0.4392195554332672
-0.001243935,4.407738789771837,-0.437188757793034
-0.001243305,4.406391950149062,-0.4375272240664062
-0.001242675,4.406055240243368,-0.438881089159895
-0.001242045,4.406391950149062,-0.437188757793034
-0.001241415,4.407065369960449,-0.4368502915196618
-0.001240785,4.407738789771837,-0.4351579601528009
-0.001240155,4.408075499677531,-0.4354964264261731
-0.001239525,4.408075499677531,-0.4361733589729175
-0.001238895,4.409085629394612,-0.4351579601528009
-0.001238265,4.409422339300306,-0.4361733589729175
-0.001237635,4.410095759111694,-0.4354964264261731
-0.001237005,4.409422339300306,-0.4348194938794288
-0.001236375,4.410095759111694,-0.4341425613326844
-0.001235745,4.410769178923082,-0.4324502299658235
-0.001235115,4.411105888828775,-0.4331271625125679
-0.001234485,4.410769178923082,-0.4327886962391957
-0.001233855,4.411779308640163,-0.4327886962391957
-0.001233225,4.410095759111694,-0.4338040950593122
-0.001232595,4.412452728451551,-0.4324502299658235
-0.001231965,4.411779308640163,-0.4317732974190791
-0.001231335,4.412116018545857,-0.4314348311457069
-0.001230705,4.412789438357245,-0.4321117636924513
-0.001230075,4.413126148262938,-0.4321117636924513
-0.001229445,4.413799568074326,-0.4314348311457069
-0.001228815,4.413799568074326,-0.4300809660522181
-0.001228185,4.415146407697101,-0.4287271009587295
-0.001227555,4.417166667131264,-0.4266963033184963
-0.001226925,4.417840086942652,-0.4280501684119851
-0.001226295,4.418850216659734,-0.4256809044983798
-0.001225665,4.417840086942652,-0.4253424382250076
-0.001225035,4.419860346376815,-0.4239885731315188
-0.001224405,4.422554025622365,-0.4226347080380302
-0.001223775,4.422217315716672,-0.4219577754912858
-0.001223145,4.423227445433754,-0.4209423766711692
-0.001222515,4.424574285056528,-0.420603910397797
-0.001221885,4.42558441477361,-0.4182346464841917
-0.001221255,4.425247704867917,-0.4192500453043083
-0.001220625,4.427604674207773,-0.4162038488439586
-0.001219995,4.428951513830548,-0.4168807813907029
-0.001219365,4.426931254396385,-0.4178961802108195
-0.001218735,4.428614803924854,-0.4151884500238421
-0.001218105,4.428614803924854,-0.4158653825705865
-0.001217475,4.428278094019161,-0.4168807813907029
-0.001216845,4.428951513830548,-0.4151884500238421
-0.001216215,4.430635063359017,-0.4134961186569811
-0.001215585,4.430635063359017,-0.4145115174770977
-0.001214955,4.430971773264711,-0.4134961186569811
-0.001214325,4.431981902981793,-0.4124807198368646
-0.001213695,4.431308483170405,-0.4134961186569811
-0.001213065,4.431645193076099,-0.4118037872901202
-0.001212435,4.433665452510262,-0.4118037872901202
-0.001211805,4.432655322793181,-0.4118037872901202
-0.001211175,4.43433887232165,-0.4111268547433758
-0.001210545,4.434675582227344,-0.4104499221966315
-0.001209915,4.432992032698874,-0.4101114559232593
-0.001209285,4.436359131755813,-0.4094345233765149
-0.001208655,4.436359131755813,-0.4074037257362818
-0.001208025,4.435685711944425,-0.4094345233765149
-0.001207395,4.4370325515672,-0.4080806582830262
-0.001206765,4.436695841661507,-0.4070652594629096
-0.001206135,4.43871610109567,-0.4063883269161652
-0.001205505,4.439389520907057,-0.4070652594629096
-0.001204875,4.438379391189976,-0.4053729280960487
-0.001204245,4.440736360529833,-0.40401906300256
-0.001203615,4.440736360529833,-0.4043575292759322
-0.001202985,4.441746490246914,-0.4030036641824434
-0.001202355,4.440736360529833,-0.4046959955493044
-0.001201725,4.441073070435526,-0.4026651979090712
-0.001201095,4.44140978034122,-0.4013113328155825
-0.001200465,4.443766749681077,-0.3999574677220937
-0.001199835,4.443766749681077,-0.3999574677220937
-0.001199205,4.444776879398159,-0.4002959339954659
-0.001198575,4.446123719020934,-0.3979266700818607
-0.001197945,4.446460428926628,-0.3972497375351163
-0.001197315,4.447133848738015,-0.3979266700818607
-0.001196685,4.450164237889259,-0.3962343387149997
-0.001196055,4.448817398266485,-0.394880473621511
-0.001195425,4.449490818077872,-0.3952189398948832
-0.001194795,4.449827527983566,-0.3955574061682553
-0.001194165,4.450164237889259,-0.3945420073481388
-0.001193535,4.451847787417729,-0.3942035410747666
-0.001192905,4.452184497323422,-0.39318814225465
-0.001192275,4.452857917134811,-0.3918342771611614
-0.001191645,4.454541466663279,-0.3908188783410448
-0.001191015,4.454204756757585,-0.3908188783410448
-0.001190385,4.455551596380361,-0.3901419457943004
-0.001189755,4.456225016191748,-0.3881111481540673
-0.001189125,4.457235145908831,-0.3864188167872064
-0.001188495,4.457908565720218,-0.385741884240462
-0.001187865,4.457235145908831,-0.3877726818806951
-0.001187235,4.458918695437299,-0.3860803505138342
-0.001186605,4.459928825154381,-0.3837110866002289
-0.001185975,4.459928825154381,-0.3840495528736011
-0.001185345,4.460938954871462,-0.3840495528736011
-0.001184715,4.462285794494238,-0.3830341540534845
-0.001184085,4.463295924211319,-0.3826956877801123
-0.001183455,4.465652893551176,-0.3803264238665071
-0.001182825,4.46598960345687,-0.3799879575931349
-0.001182195,4.467336443079645,-0.378295626226274
-0.001181565,4.466663023268257,-0.378295626226274
-0.001180935,4.46868328270242,-0.3769417611327852
-0.001180305,4.469356702513808,-0.376603294859413
-0.001179675,4.470030122325196,-0.376603294859413
-0.001179045,4.471376961947971,-0.3735570983990634
-0.001178415,4.471040252042277,-0.3738955646724356
-0.001177785,4.471713671853665,-0.3735570983990634
-0.001177155,4.474407351099216,-0.3715263007588303
-0.001176525,4.474407351099216,-0.3725416995789468
-0.001175895,4.476090900627685,-0.3701724356653415
-0.001175265,4.476427610533379,-0.3688185705718527
-0.001174635,4.478784579873236,-0.3678031717517363
-0.001174005,4.479457999684623,-0.3678031717517363
-0.001173375,4.479794709590317,-0.3667877729316197
-0.001172745,4.480804839307399,-0.3654339078381309
-0.001172115,4.482825098741562,-0.3623877113777813
-0.001171485,4.482488388835868,-0.3620492451044091
-0.001170855,4.484845358175725,-0.3603569137375482
-0.001170225,4.485855487892806,-0.3606953800109204
-0.001169595,4.486528907704193,-0.360018447464176
-0.001168965,4.488549167138356,-0.3573107172771985
-0.001168335,4.492926395912376,-0.3535875882701045
-0.001167705,4.493599815723764,-0.3522337231766157
-0.001167075,4.493936525629458,-0.3515567906298713
-0.001166445,4.495283365252233,-0.3518952569032435
-0.001165815,4.496630204875008,-0.3502029255363827
-0.001165185,4.499997303931947,-0.3474951953494052
-0.001164555,4.499660594026253,-0.3474951953494052
-0.001163925,4.503027693083191,-0.3451259314357998
-0.001163295,4.504374532705967,-0.3430951337955668
-0.001162665,4.503701112894579,-0.3427566675221946
-0.001162035,4.505384662423048,-0.341741268702078
-0.001161405,4.506058082234436,-0.3414028024287058
-0.001160775,4.50639479214013,-0.3403874036085893
-0.001160145,4.50639479214013,-0.3397104710618449
-0.001159515,4.507741631762904,-0.3390335385151005
-0.001158885,4.509761891197067,-0.338018139694984
-0.001158255,4.511782150631231,-0.3363258083281231
-0.001157625,4.51077202091415,-0.3363258083281231
-0.001156995,4.512118860536924,-0.3359873420547509
-0.001156365,4.514139119971087,-0.3339565444145178
-0.001155735,4.515485959593863,-0.332602679321029
-0.001155105,4.517169509122332,-0.3309103479541681
-0.001154475,4.518853058650802,-0.3292180165873072
-0.001153845,4.518516348745107,-0.3285410840405628
-0.001153215,4.52053660817927,-0.3271872189470741
-0.001152585,4.520199898273576,-0.3268487526737019
-0.001151955,4.521883447802046,-0.3258333538535854
-0.001151325,4.522893577519127,-0.3234640899399801
-0.001150695,4.524577127047596,-0.3224486911198635
-0.001150065,4.525923966670372,-0.3224486911198635
-0.001149435,4.526597386481759,-0.3217717585731191
-0.001148805,4.526934096387453,-0.3210948260263747
-0.001148175,4.528954355821616,-0.3187255621127695
-0.001147545,4.52929106572731,-0.3197409609328861
-0.001146915,4.530301195444392,-0.3183870958393973
-0.001146285,4.531984744972861,-0.3166947644725364
-0.001145655,4.532994874689942,-0.3150024331056754
-0.001145025,4.535015134124105,-0.3133101017388146
-0.001144395,4.535015134124105,-0.3139870342855589
-0.001143765,4.537035393558268,-0.3133101017388146
-0.001143135,4.53804552327535,-0.3116177703719536
-0.001142505,4.540065782709513,-0.3092485064583483
-0.001141875,4.540065782709513,-0.3095869727317205
-0.001141245,4.541412622332288,-0.306879242544743
-0.001140615,4.542086042143676,-0.3062023099979987
-0.001139985,4.544443011483533,-0.3028176472642768
-0.001139355,4.544443011483533,-0.3034945798110211
-0.001138725,4.546799980823389,-0.3011253158974159
-0.001138095,4.548146820446164,-0.3004483833506715
-0.001137465,4.548820240257553,-0.3014637821707881
-0.001136835,4.549830369974634,-0.2990945182571828
-0.001136205,4.550503789786021,-0.2990945182571828
-0.001135575,4.553197469031572,-0.2967252543435774
-0.001134945,4.555554438371429,-0.2936790578832278
-0.001134315,4.555554438371429,-0.2936790578832278
-0.001133685,4.557237987899898,-0.2913097939696225
-0.001133055,4.557237987899898,-0.2919867265163669
-0.001132425,4.559258247334061,-0.2906328614228781
-0.001131795,4.560268377051142,-0.2892789963293894
-0.001131165,4.561615216673918,-0.2882635975092729
-0.001130535,4.562962056296693,-0.2865712661424119
-0.001129905,4.563298766202387,-0.2855558673222954
-0.001129275,4.565655735542244,-0.2842020022288066
-0.001128645,4.568349414787795,-0.281155805768457
-0.001128015,4.568349414787795,-0.2808173394950848
-0.001127385,4.571043094033345,-0.2784480755814795
-0.001126755,4.569696254410569,-0.2804788732217126
-0.001126125,4.573400063373202,-0.2767557442146186
-0.001125495,4.57407348318459,-0.275740345394502
-0.001124865,4.576430452524447,-0.2743864803010133
-0.001124235,4.577440582241528,-0.2730326152075245
-0.001123605,4.577777292147221,-0.2726941489341523
-0.001122975,4.580470971392772,-0.2710018175672915
-0.001122345,4.582154520921241,-0.2696479524738027
-0.001121715,4.583501360544017,-0.2669402222868252
-0.001121085,4.586195039789567,-0.2652478909199643
-0.001120455,4.586868459600955,-0.2642324920998478
-0.001119825,4.588888719035118,-0.2632170932797312
-0.001119195,4.590572268563587,-0.2611862956394981
-0.001118565,4.592255818092056,-0.2584785654525206
-0.001117935,4.594949497337607,-0.2561093015389153
-0.001117305,4.596633046866076,-0.2550939027187987
-0.001116675,4.599326726111626,-0.2527246388051935
-0.001116045,4.600673565734402,-0.2513707737117047
-0.001115415,4.603367244979953,-0.2496784423448438
-0.001114785,4.605387504414116,-0.2473091784312385
-0.001114155,4.607407763848279,-0.2449399145176332
-0.001113525,4.609764733188135,-0.242570650604028
-0.001112895,4.610438152999524,-0.2415552517839114
-0.001112265,4.611784992622298,-0.240878319237167
-0.001111635,4.61279512233938,-0.2391859878703061
-0.001111005,4.614141961962155,-0.2385090553235617
-0.001110375,4.615152091679237,-0.2374936565034452
-0.001109745,4.617509061019094,-0.2351243925898399
-0.001109115,4.618182480830481,-0.2341089937697233
-0.001108485,4.619866030358951,-0.2320781961294902
-0.001107855,4.620539450170338,-0.2320781961294902
-0.001107225,4.622559709604501,-0.2293704659425127
-0.001106595,4.62424325913297,-0.2276781345756518
-0.001105965,4.62592680866144,-0.228016600849024
-0.001105335,4.628283778001296,-0.2249704043886744
-0.001104705,4.628283778001296,-0.2232780730218134
-0.001104075,4.63131416715254,-0.222601140475069
-0.001103445,4.630977457246847,-0.2222626742016968
-0.001102815,4.632324296869622,-0.2212472753815803
-0.001102185,4.635354686020866,-0.218878011467975
-0.001101555,4.636701525643642,-0.2171856801011141
-0.001100925,4.636364815737948,-0.2161702812809976
-0.001100295,4.637374945455029,-0.2158318150076254
-0.001099665,4.639731914794886,-0.2148164161875088
-0.001099035,4.642425594040438,-0.2131240848206479
-0.001098405,4.644109143568906,-0.2100778883602982
-0.001097775,4.645119273285988,-0.2097394220869261
-0.001097145,4.646466112908763,-0.2080470907200651
-0.001096515,4.649496502060008,-0.206016293079832
-0.001095885,4.649496502060008,-0.2046624279863433
-0.001095255,4.651180051588477,-0.2012777652526214
-0.001094625,4.652526891211252,-0.2009392989792493
-0.001093995,4.655220570456803,-0.1989085013390161
-0.001093365,4.655220570456803,-0.1982315687922717
-0.001092735,4.65757753979666,-0.1989085013390161
-0.001092105,4.658587669513741,-0.1975546362455274
-0.001091475,4.659934509136517,-0.1955238386052943
-0.001090845,4.662291478476373,-0.1934930409650612
-0.001090215,4.662964898287761,-0.1924776421449446
-0.001089585,4.666331997344699,-0.1897699119579671
-0.001088955,4.666331997344699,-0.1890929794112228
-0.001088325,4.66902567659025,-0.187739114317734
-0.001087695,4.669699096401637,-0.1867237154976175
-0.001087065,4.672056065741494,-0.1830005864905234
-0.001086435,4.674749744987045,-0.180292856303546
-0.001085805,4.673739615269963,-0.1819851876704069
-0.001085175,4.677106714326902,-0.1792774574834294
-0.001084545,4.679463683666759,-0.1762312610230798
-0.001083915,4.681147233195228,-0.1752158622029632
-0.001083285,4.682830782723697,-0.1738619971094744
-0.001082655,4.683167492629391,-0.1728465982893579
-0.001082025,4.685861171874941,-0.1704773343757526
-0.001081395,4.686197881780635,-0.1708158006491248
-0.001080765,4.68922827093188,-0.167431137915403
-0.001080135,4.689901690743267,-0.1667542053686586
-0.001079505,4.691248530366043,-0.1664157390952864
-0.001078875,4.693268789800205,-0.1637080089083089
-0.001078245,4.694615629422981,-0.1626926100881924
-0.001077615,4.696635888857144,-0.1610002787213315
-0.001076985,4.697309308668531,-0.1596464136278427
-0.001076355,4.698319438385613,-0.1569386834408652
-0.001075725,4.701686537442551,-0.1552463520740043
-0.001075095,4.704716926593796,-0.1525386218870269
-0.001074465,4.705727056310877,-0.1518616893402825
-0.001073835,4.708757445462122,-0.1478000940598163
-0.001073205,4.710440994990591,-0.1461077626929554
-0.001072575,4.71212454451906,-0.145430830146211
-0.001071945,4.714144803953223,-0.1434000325059779
-0.001071315,4.717511903010162,-0.1406923023190004
-0.001070685,4.719868872350018,-0.1389999709521395
-0.001070055,4.720205582255712,-0.1379845721320229
-0.001069425,4.724919520935425,-0.134599909398301
-0.001068795,4.727276490275282,-0.1322306454846958
-0.001068165,4.728286619992364,-0.1301998478444627
-0.001067535,4.730306879426527,-0.1281690502042296
-0.001066905,4.733337268577771,-0.1247843874705077
-0.001066275,4.736030947823322,-0.1247843874705077
-0.001065645,4.73670436763471,-0.1244459211971355
-0.001065015,4.738387917163179,-0.1210612584634137
-0.001064385,4.738724627068873,-0.1200458596432971
-0.001063755,4.740744886503036,-0.1186919945498084
-0.001063125,4.744111985559974,-0.1146303992693422
-0.001062495,4.745795535088443,-0.1132765341758534
-0.001061865,4.747815794522606,-0.1115842028089925
-0.001061235,4.749162634145382,-0.1105688039888759
-0.001060605,4.751519603485239,-0.1098918714421316
-0.001059975,4.751856313390932,-0.1085380063486429
-0.001059345,4.752866443108013,-0.1075226075285263
-0.001058715,4.754886702542176,-0.1054918098882932
-0.001058085,4.756906961976339,-0.1034610122480601
-0.001057455,4.760274061033278,-0.1010917483344548
-0.001056825,4.760947480844665,-0.09906095069422169
-0.001056195,4.761620900656053,-0.09804555187410513
-0.001055565,4.76397786999591,-0.09601475423387201
-0.001054935,4.765998129430073,-0.09364549032026673
-0.001054305,4.767681678958542,-0.09263009150015017
-0.001053675,4.769701938392705,-0.09093776013328925
-0.001053045,4.772058907732562,-0.08924542876642833
-0.001052415,4.773069037449644,-0.08890696249305613
-0.001051785,4.77273232754395,-0.08823002994631177
-0.001051155,4.776436136506581,-0.08518383348596212
-0.001050525,4.776772846412276,-0.08382996839247336
-0.001049895,4.77980323556352,-0.08281456957235681
-0.001049265,4.781150075186296,-0.07976837311200716
-0.001048635,4.782160204903377,-0.08010683938537935
-0.001048005,4.784517174243233,-0.0787529742918906
-0.001047375,4.786537433677397,-0.07773757547177404
-0.001046745,4.788894403017253,-0.07367598019130783
-0.001046115,4.790914662451416,-0.07164518255107472
-0.001045485,4.790914662451416,-0.07096825000433035
-0.001044855,4.794281761508355,-0.06758358727060851
-0.001044225,4.793945051602661,-0.0679220535439807
-0.001043595,4.794618471414049,-0.06826051981735287
-0.001042965,4.796975440753905,-0.06555278963037539
-0.001042335,4.799669119999456,-0.06284505944339794
-0.001041705,4.802026089339313,-0.06081426180316482
-0.001041075,4.803709638867782,-0.06047579552979263
-0.001040445,4.80438305867917,-0.0591219304363039
-0.001039815,4.806740028019027,-0.05709113279607078
-0.001039185,4.807750157736108,-0.05709113279607078
-0.001038555,4.810443836981658,-0.05404493633572113
-0.001037925,4.812800806321516,-0.05099873987537146
-0.001037295,4.815157775661373,-0.04930640850851054
-0.001036665,4.815494485567066,-0.04896794223513837
-0.001036035,4.816167905378454,-0.04727561086827745
-0.001035405,4.817514745001229,-0.04558327950141652
-0.001034775,4.819198294529699,-0.04456788068129997
-0.001034145,4.821891973775249,-0.04186015049432248
-0.001033515,4.824248943115106,-0.04084475167420593
-0.001032885,4.824922362926493,-0.0394908865807172
-0.001032255,4.826942622360656,-0.03746008894048408
-0.001031625,4.829636301606207,-0.03373695993339004
-0.001030995,4.830646431323289,-0.0347523587535066
-0.001030365,4.833676820474533,-0.03204462856652912
-0.001029735,4.834013530380227,-0.03136769601978476
-0.001029105,4.835023660097308,-0.02967536465292384
-0.001028475,4.838727469059941,-0.02561376937245763
-0.001027845,4.840411018588409,-0.02493683682571327
-0.001027215,4.841421148305491,-0.02425990427896887
-0.001026585,4.843778117645348,-0.02358297173222451
-0.001025955,4.846135086985205,-0.02121370781861923
-0.001025325,4.847145216702287,-0.01884444390501394
-0.001024695,4.848492056325061,-0.01749057881152519
-0.001024065,4.850175605853531,-0.01579824744466427
-0.001023435,4.852532575193387,-0.01444438235117554
-0.001022805,4.853879414816163,-0.01342898353105898
-0.001022175,4.856573094061713,-0.01004432079733714
-0.001021545,4.858593353495876,-0.008690455703848382
-0.001020915,4.859940193118652,-0.005644259243498734
-0.001020285,4.86162374264712,-0.004628860423382175
-0.001019655,4.864990841704059,-0.00225959650977689
-0.001019025,4.868021230855303,0.0007865999505727722
-0.001018395,4.869031360572385,0.002140465044061513
-0.001017765,4.872061749723629,0.004509728957666811
-0.001017135,4.873745299252099,0.005863594051155538
-0.001016505,4.875765558686262,0.008571324238133018
-0.001015875,4.8791326577432,0.01229445324522704
-0.001015245,4.882836466705832,0.01466371715883234
-0.001014615,4.883846596422914,0.01534064970557671
-0.001013985,4.885530145951383,0.01669451479906545
-0.001013355,4.888560535102627,0.02109457635290385
-0.001012725,4.890917504442484,0.02312537399313695
-0.001012095,4.889570664819709,0.02177150889964821
-0.001011465,4.892937763876647,0.02414077281325351
-0.001010835,4.894621313405116,0.02617157045348661
-0.001010205,4.894621313405116,0.02786390182034754
-0.001009575,4.898998542179136,0.03023316573395284
-0.001008945,4.89933525208483,0.02955623318720846
-0.001008315,4.901018801613299,0.03294089592093032
-0.001007685,4.90202893133038,0.0332793621943025
-0.001007055,4.905059320481625,0.03632555865465216
-0.001006425,4.906742870010095,0.0376794237481409
-0.001005795,4.908089709632869,0.03801789002151308
-0.001005165,4.912130228501195,0.04174101902860711
-0.001004535,4.911793518595502,0.04140255275523493
-0.001003905,4.912130228501195,0.04309488412209585
-0.001003275,4.914823907746746,0.04580261430907333
-0.001002645,4.915834037463828,0.04647954685581769
-0.001002015,4.917854296897991,0.04851034449605079
-0.001001385,4.919201136520766,0.05020267586291173
-0.001000755,4.922568235577704,0.05155654095640046
-0.001000125,4.925261914823255,0.0552796699634945
-0.0009994949999999998,4.924925204917561,0.0552796699634945
-0.0009988649999999998,4.927955594068806,0.05798740015047197
-0.0009982349999999997,4.929639143597274,0.05967973151733289
-0.0009976049999999997,4.930649273314356,0.05967973151733289
-0.0009969749999999998,4.933006242654213,0.061710529157566
-0.0009963449999999998,4.934353082276989,0.06441825934454348
-0.0009957149999999997,4.937046761522539,0.06475672561791566
-0.0009950849999999997,4.937046761522539,0.0661105907114044
-0.0009944549999999998,4.93974044076809,0.06847985462500969
-0.0009938249999999998,4.940750570485172,0.06915678717175405
-0.0009931949999999997,4.941423990296559,0.07017218599187061
-0.0009925649999999997,4.943780959636416,0.07287991617884809
-0.0009919349999999998,4.945127799259191,0.07457224754570901
-0.0009913049999999998,4.948158188410435,0.07558764636582557
-0.0009906749999999997,4.949168318127517,0.07795691027943086
-0.0009900449999999997,4.950178447844598,0.07897230909954742
-0.0009894149999999998,4.952535417184455,0.07897230909954742
-0.0009887849999999998,4.953882256807231,0.0816800392865249
-0.0009881549999999997,4.955902516241394,0.08404930320013018
-0.0009875249999999997,4.959269615298332,0.0860801008403633
-0.0009868949999999998,4.960616454921107,0.08912629730071295
-0.0009862649999999998,4.961963294543883,0.08912629730071295
-0.0009856349999999997,4.963646844072351,0.09115709494094607
-0.0009850049999999997,4.964656973789433,0.09081862866757387
-0.0009843749999999998,4.968697492657759,0.09352635885455135
-0.0009837449999999998,4.96970762237484,0.09454175767466791
-0.0009831149999999997,4.970717752091922,0.09792642040838975
-0.0009824849999999997,4.972738011526086,0.09995721804862286
-0.0009818549999999998,4.97408485114886,0.1006341505953672
-0.0009812249999999998,4.97576840067733,0.1023264819622282
-0.0009805949999999997,4.977788660111493,0.1026649482356003
-0.0009799649999999997,4.980145629451349,0.1070650097894387
-0.0009793349999999998,4.980819049262737,0.1070650097894387
-0.0009787049999999999,4.983512728508288,0.1087573411562997
-0.0009780749999999997,4.986206407753838,0.1104496725231606
-0.0009774449999999997,4.987216537470919,0.113157402710138
-0.0009768149999999998,4.987889957282308,0.113157402710138
-0.0009761849999999999,4.990246926622164,0.1158651328971155
-0.0009755549999999999,4.992267186056328,0.1178959305373486
-0.0009749249999999999,4.993950735584797,0.1195882619042096
-0.0009742949999999999,4.995297575207572,0.1209421269976983
-0.0009736649999999999,4.999001384170204,0.1243267897314202
-0.0009730349999999998,5.001695063415754,0.1273729861917698
-0.0009724049999999999,5.002031773321448,0.1273729861917698
-0.0009717749999999998,5.005398872378387,0.1310961151988638
-0.0009711449999999999,5.007755841718243,0.1324499802923526
-0.0009705149999999998,5.009776101152407,0.1338038453858413
-0.0009698849999999999,5.01179636058657,0.1361731092994466
-0.0009692549999999998,5.014153329926426,0.1392193057597963
-0.0009686249999999999,5.017520428983365,0.1409116371266572
-0.0009679949999999998,5.01886726860614,0.1426039684935181
-0.0009673649999999999,5.020887528040303,0.144296299860379
-0.0009667349999999998,5.02156094785169,0.1449732324071234
-0.0009661049999999999,5.023581207285853,0.1466655637739843
-0.0009654749999999998,5.024254627097241,0.1493732939609618
-0.0009648449999999999,5.025938176625711,0.1493732939609618
-0.0009642149999999998,5.028295145965568,0.1514040916011949
-0.0009635849999999999,5.029305275682649,0.1527579566946836
-0.0009629549999999998,5.032335664833893,0.1558041531550333
-0.0009623249999999999,5.034355924268056,0.1578349507952664
-0.0009616949999999998,5.035366053985138,0.1578349507952664
-0.0009610649999999999,5.037723023324994,0.1608811472556161
-0.0009604349999999998,5.038396443136382,0.1618965460757326
-0.0009598049999999999,5.039406572853464,0.1618965460757326
-0.0009591749999999998,5.042773671910401,0.1646042762627101
-0.0009585449999999999,5.043783801627483,0.1656196750828267
-0.0009579149999999998,5.044793931344564,0.1673120064496876
-0.0009572849999999999,5.045130641250259,0.1666350739029432
-0.0009566549999999998,5.047150900684422,0.1700197366366651
-0.0009560249999999999,5.048161030401503,0.1706966691834094
-0.0009553949999999998,5.051191419552747,0.1730659330970147
-0.0009547649999999999,5.052874969081217,0.1740813319171313
-0.0009541349999999998,5.055905358232462,0.1757736632839922
-0.0009535049999999999,5.056578778043849,0.1781429271975975
-0.0009528749999999998,5.055905358232462,0.1778044609242253
-0.0009522449999999999,5.058599037478012,0.1784813934709697
-0.0009516149999999998,5.061629426629256,0.1825429887514359
-0.0009509849999999999,5.062302846440644,0.1838968538449246
-0.0009503549999999998,5.063649686063419,0.184573786391669
-0.0009497249999999999,5.064996525686195,0.1852507189384134
-0.0009490949999999998,5.067016785120358,0.1876199828520187
-0.0009484649999999999,5.068363624743133,0.1893123142188796
-0.0009478349999999998,5.069373754460215,0.1913431118591127
-0.0009472049999999999,5.071730723800071,0.1930354432259736
-0.0009465749999999998,5.072740853517153,0.1947277745928345
-0.0009459449999999999,5.076107952574091,0.1957431734129511
-0.0009453149999999998,5.078128212008254,0.1981124373265564
-0.0009446849999999999,5.079138341725336,0.1981124373265564
-0.0009440549999999999,5.079811761536723,0.199127836146673
-0.0009434249999999999,5.081495311065193,0.1994663024200451
-0.0009427949999999999,5.083515570499356,0.2025124988803948
-0.0009421649999999999,5.085199120027824,0.2042048302472557
-0.0009415349999999999,5.0865459596506,0.2052202290673723
-0.0009409049999999999,5.088229509179069,0.2055586953407444
-0.0009402749999999999,5.089913058707539,0.2079279592543498
-0.0009396449999999999,5.091259898330313,0.2099587568945828
-0.0009390149999999999,5.092270028047395,0.2123280208081881
-0.0009383849999999998,5.093953577575864,0.2136818859016769
-0.0009377549999999999,5.096310546915721,0.2153742172685378
-0.0009371249999999998,5.099340936066965,0.2174050149087709
-0.0009364949999999999,5.101024485595435,0.2187588800022597
-0.0009358649999999998,5.102708035123904,0.2211281439158649
-0.0009352349999999999,5.105065004463761,0.2224820090093537
-0.0009346049999999998,5.109778943143474,0.2272205368365643
-0.0009339749999999999,5.11112578276625,0.228574401930053
-0.0009333449999999998,5.113146042200412,0.2306051995702861
-0.0009327149999999999,5.114156171917494,0.2312821321170305
-0.0009320849999999998,5.113482752106107,0.2312821321170305
-0.0009314549999999999,5.116513141257351,0.2346667948507523
-0.0009308249999999998,5.119206820502901,0.236020659944241
-0.0009301949999999999,5.121227079937064,0.2380514575844742
-0.0009295649999999998,5.124594178994003,0.2410976540448238
-0.0009289349999999999,5.125604308711084,0.2421130528649404
-0.0009283049999999998,5.126277728522472,0.2427899854116848
-0.0009276749999999999,5.127961278050941,0.2431284516850569
-0.0009270449999999998,5.129308117673716,0.2465131144187788
-0.0009264149999999999,5.130318247390798,0.2458361818720344
-0.0009257849999999998,5.133685346447736,0.2485439120590119
-0.0009251549999999999,5.133011926636349,0.2512516422459894
-0.0009245249999999998,5.135032186070512,0.2519285747927337
-0.0009238949999999999,5.138062575221756,0.2563286363465721
-0.0009232649999999998,5.138735995033143,0.2556517037998278
-0.0009226349999999999,5.140756254467306,0.2566671026199443
-0.0009220049999999998,5.142103094090082,0.2580209677134331
-0.0009213749999999999,5.144123353524245,0.2593748328069218
-0.0009207449999999998,5.143449933712858,0.2593748328069218
-0.0009201149999999999,5.145806903052714,0.2603902316270383
-0.0009194849999999998,5.147153742675489,0.2610671641737827
-0.0009188549999999999,5.148163872392571,0.263436428087388
-0.0009182249999999998,5.150520841732428,0.2644518269075046
-0.0009175949999999999,5.14984742192104,0.2654672257276212
-0.0009169649999999998,5.152204391260897,0.2674980233678542
-0.0009163349999999999,5.153551230883672,0.2691903547347151
-0.0009157049999999998,5.155908200223529,0.2705442198282039
-0.0009150749999999999,5.155908200223529,0.2705442198282039
-0.0009144449999999998,5.157928459657692,0.2722365511950648
-0.0009138149999999999,5.15860187946908,0.2742673488352979
-0.0009131849999999998,5.159612009186161,0.2752827476554145
-0.0009125549999999999,5.162305688431712,0.2773135452956476
-0.0009119249999999998,5.163989237960181,0.2786674103891363
-0.0009112949999999999,5.164325947865875,0.2786674103891363
-0.0009106649999999998,5.164662657771569,0.2796828092092529
-0.0009100349999999999,5.166346207300037,0.2796828092092529
-0.0009094049999999998,5.167693046922813,0.2813751405761138
-0.0009087749999999999,5.17005001626267,0.2827290056696026
-0.0009081449999999999,5.171060145979752,0.2840828707630912
-0.0009075149999999999,5.17274369550822,0.2861136684033244
-0.0009068849999999999,5.174090535130996,0.2874675334968131
-0.0009062549999999999,5.176110794565159,0.2881444660435575
-0.0009056249999999999,5.175774084659465,0.2894983311370463
-0.0009049949999999999,5.176784214376546,0.2898367974104184
-0.0009043649999999999,5.179141183716403,0.2915291287772793
-0.0009037349999999998,5.180151313433485,0.2925445275973959
-0.0009031049999999999,5.18149815305626,0.2949137915110012
-0.0009024749999999998,5.182508282773342,0.2955907240577456
-0.0009018449999999999,5.183855122396117,0.2962676566044899
-0.0009012149999999998,5.185201962018892,0.2969445891512343
-0.0009005849999999999,5.185538671924586,0.2972830554246065
-0.0008999549999999998,5.187558931358749,0.3006677181583283
-0.0008993249999999999,5.189915900698606,0.3013446507050727
-0.0008986949999999998,5.191262740321381,0.3023600495251892
-0.0008980649999999999,5.191599450227075,0.3040523808920502
-0.0008974349999999998,5.193619709661238,0.3054062459855389
-0.0008968049999999999,5.19462983937832,0.3064216448056555
-0.0008961749999999998,5.19732351862387,0.307437043625772
-0.0008955449999999999,5.197996938435258,0.3094678412660051
-0.0008949149999999998,5.197996938435258,0.3098063075393773
-0.0008942849999999999,5.199680487963727,0.311160172632866
-0.0008936549999999998,5.201364037492196,0.3135294365464714
-0.0008930249999999999,5.202374167209277,0.3138679028198435
-0.0008923949999999998,5.20439442664344,0.3155602341867044
-0.0008917649999999999,5.205404556360522,0.3162371667334488
-0.0008911349999999998,5.205404556360522,0.3169140992801932
-0.0008905049999999999,5.20877165541746,0.3186064306470541
-0.0008898749999999998,5.206751395983297,0.3186064306470541
-0.0008892449999999999,5.209445075228848,0.3202987620139151
-0.0008886149999999998,5.210791914851623,0.3213141608340316
-0.0008879849999999999,5.213485594097174,0.3246988235677534
-0.0008873549999999998,5.214832433719949,0.3253757561144978
-0.0008867249999999999,5.214495723814256,0.3250372898411256
-0.0008860949999999998,5.219546372399663,0.3287604188482196
-0.0008854649999999999,5.218872952588275,0.3287604188482196
-0.0008848349999999998,5.220556502116745,0.3311296827618249
-0.0008842049999999999,5.224597020985071,0.3338374129488024
-0.0008835749999999998,5.225607150702152,0.3338374129488024
-0.0008829449999999999,5.228637539853397,0.3358682105890355
-0.0008823149999999998,5.228637539853397,0.3375605419558965
-0.0008816849999999999,5.228300829947703,0.3392528733227573
-0.0008810549999999998,5.229647669570478,0.3399298058695017
-0.0008804249999999999,5.232004638910334,0.3412836709629905
-0.0008797949999999998,5.234698318155885,0.343991401149968
-0.0008791649999999999,5.235371737967273,0.3453452662434567
-0.0008785349999999998,5.237055287495743,0.3453452662434567
-0.0008779049999999999,5.238738837024211,0.346022198790201
-0.0008772749999999998,5.239075546929906,0.347714530157062
-0.0008766449999999999,5.241432516269762,0.3490683952505507
-0.0008760149999999998,5.241769226175456,0.3504222603440394
-0.0008753849999999999,5.241432516269762,0.3507607266174116
-0.0008747549999999998,5.244126195515313,0.3524530579842726
-0.0008741249999999999,5.243116065798231,0.3507607266174116
-0.0008734949999999998,5.245136325232394,0.3531299905310169
-0.0008728649999999999,5.247156584666557,0.3551607881712501
-0.0008722349999999999,5.247493294572251,0.3538069230777613
-0.0008716049999999999,5.247156584666557,0.3554992544446222
-0.0008709749999999999,5.248840134195026,0.3571915858114831
-0.0008703449999999999,5.24917684410072,0.3568531195381109
-0.0008697149999999999,5.250186973817802,0.3571915858114831
-0.0008690849999999998,5.249850263912108,0.3582069846315997
-0.0008684549999999999,5.25355407287474,0.3612531810919494
-0.0008678249999999998,5.254564202591822,0.3622685799120659
-0.0008671949999999999,5.254564202591822,0.3619301136386938
-0.0008665649999999998,5.254564202591822,0.3626070461854381
-0.0008659349999999999,5.256921171931678,0.3649763100990434
-0.0008653049999999998,5.257931301648759,0.3653147763724156
-0.0008646749999999999,5.259278141271535,0.3659917089191599
-0.0008640449999999998,5.259951561082922,0.3673455740126487
-0.0008634149999999999,5.261298400705698,0.3693763716528818
-0.0008627849999999998,5.261298400705698,0.3686994391061374
-0.0008621549999999999,5.262981950234167,0.3686994391061374
-0.0008615249999999998,5.263318660139861,0.3693763716528818
-0.0008608949999999999,5.264665499762637,0.3714071692931149
-0.0008602649999999998,5.265675629479718,0.3727610343866037
-0.0008596349999999999,5.264665499762637,0.3710687030197427
-0.0008590049999999998,5.267022469102493,0.3727610343866037
-0.0008583749999999999,5.268032598819575,0.3754687645735811
-0.0008577449999999998,5.268706018630962,0.3754687645735811
-0.0008571149999999999,5.269042728536656,0.3758072308469533
-0.0008564849999999998,5.271399697876513,0.3768226296670698
-0.0008558549999999999,5.270389568159431,0.3768226296670698
-0.0008552249999999998,5.272746537499288,0.3778380284871864
-0.0008545949999999999,5.27375666721637,0.3812226912209082
-0.0008539649999999998,5.274766796933451,0.3822380900410248
-0.0008533349999999999,5.276787056367614,0.3812226912209082
-0.0008527049999999998,5.276113636556227,0.382576556314397
-0.0008520749999999999,5.27813389599039,0.382576556314397
-0.0008514449999999998,5.27813389599039,0.3822380900410248
-0.0008508149999999999,5.279817445518859,0.3852842865013745
-0.0008501849999999998,5.282511124764409,0.3883304829617241
-0.0008495549999999999,5.282847834670103,0.3886689492350963
-0.0008489249999999998,5.284194674292879,0.3886689492350963
-0.0008482949999999999,5.286551643632736,0.3923920782421904
-0.0008476649999999998,5.288571903066899,0.3940844096090512
-0.0008470349999999999,5.290255452595368,0.3940844096090512
-0.0008464049999999998,5.292275712029531,0.3950998084291678
-0.0008457749999999999,5.292949131840918,0.3981460048895175
-0.0008451449999999998,5.293285841746612,0.3984844711628897
-0.0008445149999999999,5.294632681369388,0.3981460048895175
-0.0008438849999999998,5.294969391275081,0.3974690723427731
-0.0008432549999999999,5.295306101180775,0.3994998699830062
-0.0008426249999999998,5.294632681369388,0.3994998699830062
-0.0008419949999999999,5.295306101180775,0.4005152688031227
-0.0008413649999999998,5.295642811086469,0.4005152688031227
-0.0008407349999999999,5.297663070520632,0.4001768025297506
-0.0008401049999999998,5.298673200237713,0.4028845327167281
-0.0008394749999999999,5.299009910143407,0.4028845327167281
-0.0008388449999999998,5.30103016957757,0.4052537966303333
-0.0008382149999999999,5.302040299294651,0.4062691954504499
-0.0008375849999999998,5.301703589388958,0.4049153303569611
-0.0008369549999999999,5.302040299294651,0.4045768640835889
-0.0008363249999999999,5.301703589388958,0.4052537966303333
-0.0008356949999999999,5.304397268634508,0.4066076617238221
-0.0008350649999999999,5.304397268634508,0.408299993090683
-0.0008344349999999999,5.304397268634508,0.4072845942705665
-0.0008338049999999999,5.305744108257284,0.4086384593640552
-0.0008331749999999998,5.30540739835159,0.4079615268173108
-0.0008325449999999999,5.306754237974365,0.409992324457544
-0.0008319149999999998,5.307427657785753,0.4096538581841718
-0.0008312849999999999,5.308101077597141,0.412023122097777
-0.0008306549999999998,5.308774497408528,0.4123615883711492
-0.0008300249999999999,5.309111207314222,0.412023122097777
-0.0008293949999999998,5.30978462712561,0.4123615883711492
-0.0008287649999999999,5.311131466748385,0.412023122097777
-0.0008281349999999998,5.311468176654079,0.4133769871912658
-0.0008275049999999999,5.310794756842691,0.4127000546445214
-0.0008268749999999998,5.311804886559773,0.4147308522847545
-0.0008262449999999999,5.311804886559773,0.4143923860113823
-0.0008256149999999998,5.311468176654079,0.413715453464638
-0.0008249849999999999,5.314498565805323,0.4167616499249877
-0.0008243549999999998,5.312815016276854,0.4150693185581267
-0.0008237249999999999,5.313825145993936,0.4150693185581267
-0.0008230949999999998,5.314835275711017,0.4167616499249877
-0.0008224649999999999,5.315845405428099,0.4181155150184763
-0.0008218349999999998,5.316182115333793,0.4187924475652207
-0.0008212049999999999,5.317865664862262,0.4184539812918485
-0.0008205749999999998,5.316518825239486,0.4184539812918485
-0.0008199449999999999,5.318202374767956,0.4204847789320817
-0.0008193149999999998,5.317865664862262,0.4208232452054539
-0.0008186849999999999,5.31954921439073,0.4218386440255704
-0.0008180549999999998,5.318875794579343,0.4204847789320817
-0.0008174249999999999,5.318539084673649,0.4215001777521982
-0.0008167949999999998,5.319212504485037,0.421161711478826
-0.0008161649999999999,5.321569473824893,0.4225155765723148
-0.0008155349999999998,5.322242893636282,0.4231925091190591
-0.0008149049999999999,5.323253023353363,0.4242079079391757
-0.0008142749999999998,5.324263153070445,0.4255617730326644
-0.0008136449999999999,5.32392644316475,0.4242079079391757
-0.0008130149999999998,5.32560999269322,0.426577171852781
-0.0008123849999999999,5.32560999269322,0.4272541043995254
-0.0008117549999999998,5.327630252127383,0.4275925706728976
-0.0008111249999999999,5.327293542221689,0.4282695032196419
-0.0008104949999999998,5.329650511561546,0.4292849020397584
-0.0008098649999999999,5.329313801655852,0.4309772334066194
-0.0008092349999999998,5.330997351184321,0.4306387671332472
-0.0008086049999999999,5.331670770995709,0.4326695647734803
-0.0008079749999999998,5.333354320524178,0.4323310985001081
-0.0008073449999999999,5.334701160146953,0.4333464973202247
-0.0008067149999999998,5.333691030429872,0.4353772949604577
-0.0008060849999999999,5.333354320524178,0.4336849635935969
-0.0008054549999999998,5.334364450241259,0.4350388286870855
-0.0008048249999999999,5.335374579958341,0.4363926937805743
-0.0008041949999999998,5.335374579958341,0.4350388286870855
-0.0008035649999999999,5.334701160146953,0.4343618961403413
-0.0008029349999999998,5.335711289864035,0.4363926937805743
-0.0008023049999999999,5.335711289864035,0.4363926937805743
-0.0008016749999999998,5.336721419581116,0.4370696263273187
-0.0008010449999999999,5.336721419581116,0.4360542275072021
-0.0008004149999999999,5.337394839392504,0.4370696263273187
-0.0007997849999999999,5.337394839392504,0.4370696263273187
-0.0007991549999999999,5.33705812948681,0.4370696263273187
-0.0007985249999999998,5.338068259203891,0.4384234914208074
-0.0007978949999999999,5.336384709675422,0.4377465588740631
-0.0007972649999999998,5.336384709675422,0.4360542275072021
-0.0007966349999999999,5.337394839392504,0.4374080926006909
-0.0007960049999999998,5.338404969109585,0.4363926937805743
-0.0007953749999999999,5.338741679015279,0.4384234914208074
-0.0007947449999999998,5.339078388920973,0.4391004239675518
-0.0007941149999999999,5.338741679015279,0.4387619576941796
-0.0007934849999999998,5.340088518638054,0.4397773565142962
-0.0007928549999999999,5.337731549298198,0.4380850251474353
-0.0007922249999999998,5.339078388920973,0.4380850251474353
-0.0007915949999999999,5.339078388920973,0.439438890240924
-0.0007909649999999998,5.340088518638054,0.4387619576941796
-0.0007903349999999999,5.339751808732361,0.4387619576941796
-0.0007897049999999998,5.339415098826667,0.4380850251474353
-0.0007890749999999999,5.34143535826083,0.4387619576941796
-0.0007884449999999998,5.339751808732361,0.4397773565142962
-0.0007878149999999999,5.339078388920973,0.4384234914208074
-0.0007871849999999998,5.342108778072218,0.4404542890610406
-0.0007865549999999999,5.34143535826083,0.441131221607785
-0.0007859249999999998,5.34143535826083,0.4407927553344128
-0.0007852949999999999,5.342108778072218,0.4418081541545293
-0.0007846649999999998,5.342108778072218,0.4414696878811571
-0.0007840349999999999,5.342445487977911,0.4404542890610406
-0.0007834049999999998,5.342782197883605,0.441131221607785
-0.0007827749999999999,5.342108778072218,0.4404542890610406
-0.0007821449999999998,5.34143535826083,0.439438890240924
-0.0007815149999999999,5.340425228543748,0.439438890240924
-0.0007808849999999998,5.342782197883605,0.4414696878811571
-0.0007802549999999999,5.343792327600687,0.4418081541545293
-0.0007796249999999998,5.343792327600687,0.4414696878811571
-0.0007789949999999999,5.345139167223462,0.4424850867012736
-0.0007783649999999998,5.347832846469013,0.4462082157083677
-0.0007777349999999999,5.347159426657625,0.444854350614879
-0.0007771049999999998,5.346822716751931,0.4465466819817399
-0.0007764749999999999,5.345475877129156,0.4458697494349955
-0.0007758449999999998,5.347832846469013,0.4468851482551121
-0.0007752149999999999,5.348169556374707,0.4458697494349955
-0.0007745849999999998,5.348169556374707,0.4468851482551121
-0.0007739549999999999,5.349516395997481,0.4465466819817399
-0.0007733249999999998,5.349516395997481,0.448577479621973
-0.0007726949999999999,5.347832846469013,0.4472236145284842
-0.0007720649999999998,5.347832846469013,0.4462082157083677
-0.0007714349999999999,5.347832846469013,0.4462082157083677
-0.0007708049999999998,5.348169556374707,0.4458697494349955
-0.0007701749999999999,5.35018981580887,0.4465466819817399
-0.0007695449999999998,5.349853105903176,0.4465466819817399
-0.0007689149999999999,5.349516395997481,0.4455312831616233
-0.0007682849999999998,5.347832846469013,0.4468851482551121
-0.0007676549999999999,5.347832846469013,0.4458697494349955
-0.0007670249999999998,5.34581258703485,0.4445158843415068
-0.0007663949999999999,5.34581258703485,0.4445158843415068
-0.0007657649999999998,5.346486006846237,0.4455312831616233
-0.0007651349999999999,5.346822716751931,0.4451928168882512
-0.0007645049999999999,5.3485062662804,0.4458697494349955
-0.0007638749999999998,5.346822716751931,0.444854350614879
-0.0007632449999999999,5.347832846469013,0.4455312831616233
-0.0007626149999999998,5.346822716751931,0.4435004855213902
-0.0007619849999999999,5.347496136563318,0.4451928168882512
-0.0007613549999999998,5.346822716751931,0.4438389517947624
-0.0007607249999999999,5.346149296940544,0.4438389517947624
-0.0007600949999999998,5.345475877129156,0.4428235529746458
-0.0007594649999999999,5.345475877129156,0.4435004855213902
-0.0007588349999999998,5.346149296940544,0.4441774180681346
-0.0007582049999999999,5.345475877129156,0.4421466204279014
-0.0007575749999999998,5.34581258703485,0.4421466204279014
-0.0007569449999999999,5.344129037506381,0.4428235529746458
-0.0007563149999999998,5.343118907789298,0.4414696878811571
-0.0007556849999999999,5.345475877129156,0.4435004855213902
-0.0007550549999999998,5.345139167223462,0.4428235529746458
-0.0007544249999999999,5.343792327600687,0.441131221607785
-0.0007537949999999998,5.344465747412074,0.4414696878811571
-0.0007531649999999999,5.343792327600687,0.4407927553344128
-0.0007525349999999998,5.343455617694993,0.4407927553344128
-0.0007519049999999999,5.344129037506381,0.4414696878811571
-0.0007512749999999998,5.342445487977911,0.4397773565142962
-0.0007506449999999999,5.343455617694993,0.4401158227876684
-0.0007500149999999998,5.342108778072218,0.4384234914208074
-0.0007493849999999999,5.341772068166524,0.439438890240924
-0.0007487549999999998,5.340761938449442,0.4384234914208074
-0.0007481249999999999,5.340425228543748,0.4377465588740631
-0.0007474949999999998,5.341098648355135,0.4367311600539465
-0.0007468649999999999,5.339751808732361,0.4370696263273187
-0.0007462349999999998,5.339751808732361,0.4367311600539465
-0.0007456049999999999,5.339078388920973,0.4374080926006909
-0.0007449749999999998,5.339415098826667,0.4367311600539465
-0.0007443449999999999,5.340425228543748,0.4377465588740631
-0.0007437149999999998,5.339078388920973,0.4360542275072021
-0.0007430849999999999,5.337394839392504,0.4367311600539465
-0.0007424549999999998,5.337394839392504,0.4353772949604577
-0.0007418249999999999,5.33705812948681,0.4350388286870855
-0.0007411949999999998,5.336047999769728,0.4340234298669691
-0.0007405649999999999,5.337394839392504,0.4340234298669691
-0.0007399349999999998,5.339078388920973,0.4347003624137135
-0.0007393049999999999,5.339078388920973,0.4347003624137135
-0.0007386749999999998,5.337731549298198,0.4353772949604577
-0.0007380449999999999,5.339415098826667,0.4363926937805743
-0.0007374149999999998,5.340088518638054,0.4363926937805743
-0.0007367849999999999,5.339078388920973,0.4360542275072021
-0.0007361549999999998,5.338068259203891,0.4360542275072021
-0.0007355249999999999,5.339751808732361,0.4360542275072021
-0.0007348949999999998,5.338741679015279,0.4360542275072021
-0.0007342649999999999,5.338741679015279,0.4353772949604577
-0.0007336349999999998,5.340425228543748,0.4374080926006909
-0.0007330049999999999,5.338741679015279,0.4360542275072021
-0.0007323749999999998,5.339415098826667,0.4370696263273187
-0.0007317449999999999,5.340761938449442,0.4370696263273187
-0.0007311149999999998,5.339415098826667,0.4357157612338299
-0.0007304849999999999,5.339078388920973,0.4353772949604577
-0.0007298549999999998,5.337394839392504,0.4343618961403413
-0.0007292249999999998,5.337731549298198,0.4343618961403413
-0.0007285949999999999,5.336384709675422,0.4336849635935969
-0.0007279649999999998,5.33705812948681,0.4343618961403413
-0.0007273349999999999,5.334701160146953,0.4309772334066194
-0.0007267049999999998,5.334701160146953,0.430300300859875
-0.0007260749999999999,5.334364450241259,0.4319926322267359
-0.0007254449999999998,5.333691030429872,0.4313156996799916
-0.0007248149999999999,5.333354320524178,0.4292849020397584
-0.0007241849999999998,5.333354320524178,0.4292849020397584
-0.0007235549999999999,5.330997351184321,0.4279310369462698
-0.0007229249999999998,5.331334061090015,0.4282695032196419
-0.0007222949999999999,5.331334061090015,0.4279310369462698
-0.0007216649999999998,5.329650511561546,0.4269156381261532
-0.0007210349999999999,5.32830367193877,0.4259002393060366
-0.0007204049999999998,5.328640381844465,0.4245463742125479
-0.0007197749999999999,5.32830367193877,0.4255617730326644
-0.0007191449999999998,5.325946702598913,0.4242079079391757
-0.0007185149999999999,5.325946702598913,0.4242079079391757
-0.0007178849999999998,5.325273282787526,0.4218386440255704
-0.0007172549999999999,5.324936572881832,0.421161711478826
-0.0007166249999999998,5.324263153070445,0.4215001777521982
-0.0007159949999999999,5.324263153070445,0.4198078463853373
-0.0007153649999999998,5.322916313447669,0.4194693801119651
-0.0007147349999999999,5.323253023353363,0.4198078463853373
-0.0007141049999999998,5.3212327639192,0.4187924475652207
-0.0007134749999999999,5.319212504485037,0.4157462511048711
-0.0007128449999999998,5.31954921439073,0.417438582471732
-0.0007122149999999999,5.318202374767956,0.4143923860113823
-0.0007115849999999998,5.317192245050874,0.4147308522847545
-0.0007109549999999999,5.317865664862262,0.4160847173782433
-0.0007103249999999998,5.318202374767956,0.4154077848314989
-0.0007096949999999999,5.318202374767956,0.4160847173782433
-0.0007090649999999998,5.316182115333793,0.4123615883711492
-0.0007084349999999999,5.315171985616711,0.4123615883711492
-0.0007078049999999998,5.313488436088242,0.4110077232776604
-0.0007071749999999999,5.314835275711017,0.4116846558244048
-0.0007065449999999998,5.311468176654079,0.408299993090683
-0.0007059149999999999,5.310121337031304,0.4066076617238221
-0.0007052849999999998,5.310121337031304,0.4076230605439386
-0.0007046549999999999,5.309111207314222,0.4076230605439386
-0.0007040249999999998,5.307427657785753,0.4069461279971943
-0.0007033949999999999,5.306754237974365,0.4045768640835889
-0.0007027649999999998,5.306417528068671,0.4042383978102168
-0.0007021349999999999,5.304733978540202,0.4032229989901003
-0.0007015049999999998,5.30540739835159,0.4042383978102168
-0.0007008749999999999,5.30540739835159,0.4035614652634725
-0.0007002449999999998,5.305070688445896,0.4015306676232393
-0.0006996149999999999,5.302713719106039,0.399161403709634
-0.0006989849999999998,5.304733978540202,0.4011922013498671
-0.0006983549999999999,5.302040299294651,0.3994998699830062
-0.0006977249999999998,5.302040299294651,0.3994998699830062
-0.0006970949999999999,5.302040299294651,0.399161403709634
-0.0006964649999999998,5.30103016957757,0.3988229374362618
-0.0006958349999999999,5.300693459671876,0.399161403709634
-0.0006952049999999998,5.300693459671876,0.3988229374362618
-0.0006945749999999998,5.301366879483264,0.3974690723427731
-0.0006939449999999998,5.300020039860488,0.3971306060694009
-0.0006933149999999998,5.299346620049101,0.3967921397960288
-0.0006926849999999999,5.299346620049101,0.3967921397960288
-0.0006920549999999998,5.298673200237713,0.3957767409759122
-0.0006914249999999999,5.299009910143407,0.3967921397960288
-0.0006907949999999998,5.296316230897856,0.3950998084291678
-0.0006901649999999999,5.296316230897856,0.3950998084291678
-0.0006895349999999998,5.295642811086469,0.3934074770623069
-0.0006889049999999999,5.294295971463693,0.391715145695446
-0.0006882749999999998,5.293959261557999,0.3913766794220738
-0.0006876449999999999,5.292612421935225,0.3903612806019572
-0.0006870149999999998,5.293285841746612,0.391715145695446
-0.0006863849999999999,5.290255452595368,0.3890074155084685
-0.0006857549999999998,5.288571903066899,0.3876535504149797
-0.0006851249999999999,5.289245322878286,0.3852842865013745
-0.0006844949999999998,5.28789848325551,0.3856227527747467
-0.0006838649999999999,5.286214933727042,0.3846073539546301
-0.0006832349999999998,5.285541513915653,0.3835919551345135
-0.0006826049999999999,5.284194674292879,0.3818996237676526
-0.0006819749999999998,5.28352125448149,0.3812226912209082
-0.0006813449999999999,5.282847834670103,0.3802072924007917
-0.0006807149999999998,5.282511124764409,0.3795303598540474
-0.0006800849999999999,5.280154155424553,0.378853427307303
-0.0006794549999999998,5.279480735613165,0.377161095940442
-0.0006788249999999999,5.277123766273308,0.3761456971203255
-0.0006781949999999998,5.276787056367614,0.3761456971203255
-0.0006775649999999999,5.275103506839145,0.3737764332067202
-0.0006769349999999998,5.274093377122064,0.3717456355664871
-0.0006763049999999999,5.273419957310676,0.3737764332067202
-0.0006756749999999998,5.271399697876513,0.3714071692931149
-0.0006750449999999999,5.270726278065125,0.3693763716528818
-0.0006744149999999998,5.269716148348044,0.3673455740126487
-0.0006737849999999999,5.270389568159431,0.3680225065593931
-0.0006731549999999998,5.268369308725268,0.3673455740126487
-0.0006725249999999999,5.265338919574024,0.3649763100990434
-0.0006718949999999998,5.265675629479718,0.3646378438256712
-0.0006712649999999999,5.263992079951248,0.3622685799120659
-0.0006706349999999998,5.262308530422779,0.360576248545205
-0.0006700049999999999,5.260624980894311,0.3578685183582275
-0.0006693749999999998,5.260288270988617,0.3588839171783441
-0.0006687449999999999,5.258604721460148,0.3571915858114831
-0.0006681149999999998,5.256921171931678,0.3565146532647387
-0.0006674849999999999,5.255237622403209,0.3558377207179944
-0.0006668549999999998,5.254227492686128,0.3544838556245057
-0.0006662249999999999,5.254564202591822,0.3534684568043891
-0.0006655949999999998,5.254227492686128,0.3524530579842726
-0.0006649649999999999,5.251870523346271,0.3517761254375282
-0.0006643349999999998,5.252207233251965,0.3504222603440394
-0.0006637049999999999,5.24917684410072,0.3483914627038063
-0.0006630749999999998,5.248503424289332,0.347714530157062
-0.0006624449999999999,5.248503424289332,0.3466991313369454
-0.0006618149999999998,5.246483164855169,0.3453452662434567
-0.0006611849999999999,5.245473035138088,0.3433144686032236
-0.0006605549999999998,5.243789485609619,0.3433144686032236
-0.0006599249999999998,5.242779355892537,0.3426375360564792
-0.0006592949999999998,5.242442645986843,0.3419606035097348
-0.0006586649999999998,5.241432516269762,0.3416221372363626
-0.0006580349999999998,5.240085676646987,0.3399298058695017
-0.0006574049999999998,5.240759096458374,0.3399298058695017
-0.0006567749999999999,5.241432516269762,0.3406067384162461
-0.0006561449999999998,5.239748966741293,0.3399298058695017
-0.0006555149999999999,5.238738837024211,0.3382374745026408
-0.0006548849999999998,5.238738837024211,0.3368836094091521
-0.0006542549999999999,5.238402127118517,0.3382374745026408
-0.0006536249999999998,5.236381867684354,0.3365451431357799
-0.0006529949999999999,5.23503502806158,0.3368836094091521
-0.0006523649999999998,5.23335147853311,0.3358682105890355
-0.0006517349999999999,5.23335147853311,0.3338374129488024
-0.0006511049999999998,5.230321089381865,0.3318066153085693
-0.0006504749999999999,5.230994509193254,0.3318066153085693
-0.0006498449999999998,5.229310959664784,0.329437351394964
-0.0006492149999999999,5.227627410136315,0.3277450200281031
-0.0006485849999999998,5.225943860607845,0.3263911549346143
-0.0006479549999999999,5.225270440796458,0.3246988235677534
-0.0006473249999999998,5.223923601173682,0.3240218910210091
-0.0006466949999999999,5.223250181362295,0.3233449584742647
-0.0006460649999999998,5.220556502116745,0.3209756945606594
-0.0006454349999999999,5.218536242682582,0.3189448969204263
-0.0006448049999999998,5.2175261129655,0.3175910318269375
-0.0006441749999999999,5.215169143625643,0.316575633006821
-0.0006435449999999998,5.213485594097174,0.31488330163996
-0.0006429149999999999,5.212138754474399,0.3131909702730992
-0.0006422849999999998,5.212138754474399,0.3125140377263548
-0.0006416549999999999,5.210791914851623,0.311160172632866
-0.0006410249999999998,5.209781785134542,0.3098063075393773
-0.0006403949999999999,5.208098235606073,0.3081139761725163
-0.0006397649999999998,5.205404556360522,0.3067601110790277
-0.0006391349999999999,5.204057716737747,0.3050677797121667
-0.0006385049999999998,5.202710877114971,0.3050677797121667
-0.0006378749999999999,5.202374167209277,0.3026985157985614
-0.0006372449999999998,5.200353907775114,0.3013446507050727
-0.0006366149999999999,5.197660228529564,0.2989753867914674
-0.0006359849999999998,5.195976679001095,0.298298454244723
-0.0006353549999999999,5.195639969095401,0.2976215216979786
-0.0006347249999999998,5.192609579944157,0.2938983926908846
-0.0006340949999999999,5.192609579944157,0.2942368589642568
-0.0006334649999999998,5.189915900698606,0.2911906625039071
-0.0006328349999999999,5.187895641264443,0.2915291287772793
-0.0006322049999999998,5.187558931358749,0.2891598648636741
-0.0006315749999999999,5.186885511547361,0.2888213985903019
-0.0006309449999999998,5.184528542207505,0.28543673585658
-0.0006303149999999999,5.183181702584729,0.28543673585658
-0.0006296849999999998,5.181161443150566,0.2834059382163469
-0.0006290549999999999,5.179814603527791,0.2813751405761138
-0.0006284249999999998,5.17712092428224,0.2800212754826251
-0.0006277949999999999,5.177457634187935,0.2800212754826251
-0.0006271649999999998,5.175437374753772,0.2776520115690198
-0.0006265349999999999,5.174090535130996,0.2766366127489032
-0.0006259049999999998,5.171733565791139,0.2749442813820423
-0.0006252749999999998,5.171733565791139,0.2746058151086701
-0.0006246449999999998,5.168703176639895,0.2705442198282039
-0.0006240149999999998,5.168029756828507,0.2702057535548317
-0.0006233849999999998,5.166346207300037,0.2695288210080873
-0.0006227549999999998,5.164662657771569,0.2678364896412264
-0.0006221249999999998,5.163315818148793,0.2674980233678542
-0.0006214949999999998,5.161968978526018,0.2647902931808768
-0.0006208649999999999,5.159948719091855,0.2630979618140158
-0.0006202349999999998,5.158265169563386,0.2620825629938993
-0.0006196049999999999,5.157591749751998,0.2600517653536661
-0.0006189749999999998,5.156244910129223,0.2586979002601774
-0.0006183449999999999,5.154898070506447,0.2597132990802939
-0.0006177149999999998,5.15422465069506,0.2576825014400609
-0.0006170849999999999,5.152541101166591,0.2559901700732
-0.0006164549999999998,5.150857551638121,0.2553132375264556
-0.0006158249999999999,5.151867681355203,0.2549747712530834
-0.0006151949999999998,5.148500582298265,0.2519285747927337
-0.0006145649999999999,5.147490452581184,0.2509131759726172
-0.0006139349999999998,5.146480322864102,0.2515901085193616
-0.0006133049999999999,5.145470193147021,0.2495593108791284
-0.0006126749999999998,5.144460063429939,0.2475285132388953
-0.0006120449999999999,5.143113223807164,0.2454977155986622
-0.0006114149999999998,5.144460063429939,0.2478669795122675
-0.0006107849999999999,5.142103094090082,0.2461746481454066
-0.0006101549999999998,5.140756254467306,0.2471900469655232
-0.0006095249999999999,5.139746124750225,0.2454977155986622
-0.0006088949999999998,5.138062575221756,0.2434669179584291
-0.0006082649999999999,5.136715735598981,0.2407591877714516
-0.0006076349999999998,5.133348636542042,0.2387283901312185
-0.0006070049999999999,5.132675216730655,0.2373745250377298
-0.0006063749999999998,5.130318247390798,0.2346667948507523
-0.0006057449999999999,5.128971407768023,0.2333129297572636
-0.0006051149999999998,5.127624568145247,0.2326359972105192
-0.0006044849999999999,5.123584049276921,0.228574401930053
-0.0006038549999999998,5.123247339371227,0.228574401930053
-0.0006032249999999999,5.123247339371227,0.2278974693833086
-0.0006025949999999998,5.120890370031371,0.2251897391963312
-0.0006019649999999999,5.120890370031371,0.2245128066495868
-0.0006013349999999998,5.117859980880126,0.2228204752827259
-0.0006007049999999999,5.11550301154027,0.2207896776424927
-0.0006000749999999998,5.112472622389025,0.2187588800022597
-0.0005994449999999999,5.110789072860555,0.2160511498152822
-0.0005988149999999998,5.108432103520699,0.2150357509951656
-0.0005981849999999999,5.108432103520699,0.2153742172685378
-0.0005975549999999998,5.105738424275148,0.2109741557146994
-0.0005969249999999999,5.103718164840985,0.2089433580744663
-0.0005962949999999998,5.10237132521821,0.2075894929809776
-0.0005956649999999999,5.10237132521821,0.2082664255277219
-0.0005950349999999998,5.101024485595435,0.2075894929809776
-0.0005944049999999999,5.098330806349884,0.2042048302472557
-0.0005937749999999998,5.096983966727109,0.2038663639738835
-0.0005931449999999999,5.095637127104333,0.2031894314271392
-0.0005925149999999998,5.092943447858783,0.2001432349667895
-0.0005918849999999999,5.088229509179069,0.1957431734129511
-0.0005912549999999998,5.08923963889615,0.1957431734129511
-0.0005906249999999998,5.086209249744906,0.1920200444058571
-0.0005899949999999998,5.08385228040505,0.1910046455857405
-0.0005893649999999998,5.08216873087658,0.188296915398763
-0.0005887349999999998,5.080485181348111,0.1889738479455074
-0.0005881049999999998,5.080148471442417,0.1879584491253908
-0.0005874749999999998,5.07779150210256,0.1862661177585299
-0.0005868449999999998,5.076781372385478,0.1852507189384134
-0.0005862149999999998,5.074761112951315,0.1828814550248081
-0.0005855849999999998,5.074761112951315,0.1805121911112028
-0.0005849549999999999,5.072404143611459,0.1784813934709697
-0.0005843249999999998,5.068026914837439,0.1750967307372479
-0.0005836949999999999,5.06634336530897,0.1734043993703869
-0.0005830649999999998,5.065333235591889,0.1723890005502703
-0.0005824349999999999,5.064996525686195,0.1723890005502703
-0.0005818049999999998,5.060956006817869,0.1696812703632929
-0.0005811749999999999,5.058599037478012,0.1669735401763154
-0.0005805449999999998,5.058262327572318,0.1669735401763154
-0.0005799149999999999,5.057252197855236,0.1652812088094545
-0.0005792849999999998,5.054221808703992,0.1629119448958492
-0.0005786549999999999,5.053548388892604,0.1632504111692214
-0.0005780249999999998,5.050854709647054,0.1598657484354995
-0.0005773949999999999,5.050181289835666,0.1585118833420108
-0.0005767649999999998,5.048161030401503,0.1564810857017777
-0.0005761349999999999,5.044793931344564,0.1537733555148002
-0.0005755049999999998,5.04344709172179,0.1520810241479393
-0.0005748749999999999,5.043110381816096,0.1514040916011949
-0.0005742449999999998,5.038396443136382,0.1486963614142174
-0.0005736149999999999,5.037049603513607,0.1473424963207287
-0.0005729849999999998,5.035366053985138,0.14598863122724
-0.0005723549999999999,5.034355924268056,0.1439578335870069
-0.0005717249999999998,5.034355924268056,0.1432809010402625
-0.0005710949999999999,5.032335664833893,0.1415885696734016
-0.0005704649999999998,5.029305275682649,0.1382039069396797
-0.0005698349999999999,5.028295145965568,0.1382039069396797
-0.0005692049999999998,5.024928046908629,0.1351577104793301
-0.0005685749999999999,5.024928046908629,0.1348192442059579
-0.0005679449999999998,5.023917917191548,0.1334653791124691
-0.0005673149999999999,5.023244497380159,0.1338038453858413
-0.0005666849999999998,5.020887528040303,0.1324499802923526
-0.0005660549999999999,5.01886726860614,0.1294037838320029
-0.0005654249999999998,5.01886726860614,0.1290653175586307
-0.0005647949999999999,5.015500169549202,0.1273729861917698
-0.0005641649999999998,5.01449003983212,0.1253421885515367
-0.0005635349999999999,5.013816620020733,0.1253421885515367
-0.0005629049999999998,5.013479910115039,0.1243267897314202
-0.0005622749999999999,5.010786230869488,0.1229729246379314
-0.0005616449999999998,5.009102681341019,0.1202651944509539
-0.0005610149999999999,5.007755841718243,0.1192497956308374
-0.0005603849999999998,5.007082421906856,0.118572863084093
-0.0005597549999999999,5.007082421906856,0.1168805317172321
-0.0005591249999999998,5.003715322849917,0.1145112678036268
-0.0005584949999999999,5.001358353510061,0.113157402710138
-0.0005578649999999998,4.999338094075898,0.1101112062497884
-0.0005572349999999999,4.997654544547428,0.1097727399764162
-0.0005566049999999998,4.994960865301878,0.1063880772426944
-0.0005559749999999998,4.993614025679102,0.1050342121492056
-0.0005553449999999998,4.991930476150634,0.1050342121492056
-0.0005547149999999998,4.989910216716471,0.101988015688856
-0.0005540849999999998,4.988563377093695,0.1009726168687394
-0.0005534549999999998,4.985532987942451,0.09758795413501756
-0.0005528249999999998,4.985532987942451,0.09758795413501756
-0.0005521949999999998,4.9828393086969,0.09521869022141227
-0.0005515649999999998,4.978798789828574,0.09318789258117917
-0.0005509349999999998,4.977788660111493,0.09014169612082951
-0.0005503049999999998,4.976105110583023,0.08878783102734077
-0.0005496749999999998,4.975431690771636,0.08743396593385203
-0.0005490449999999999,4.972064591714697,0.0857416345669911
-0.0005484149999999998,4.968697492657759,0.08303390438001362
-0.0005477849999999999,4.96701394312929,0.08100310673978052
-0.0005471549999999998,4.965330393600821,0.07964924164629178
-0.0005465249999999999,4.964993683695127,0.07897230909954742
-0.0005458949999999998,4.96432026388374,0.07592611263919775
-0.0005452649999999999,4.960279745015414,0.07355684872559246
-0.0005446349999999998,4.958259485581251,0.07186451735873153
-0.0005440049999999999,4.956239226147088,0.07084911853861497
-0.0005433749999999998,4.955229096430006,0.06915678717175405
-0.0005427449999999999,4.952198707278761,0.06780292207826533
-0.0005421149999999998,4.949505028033211,0.06543365816466003
-0.0005414849999999999,4.948158188410435,0.06340286052442692
-0.0005408549999999998,4.947484768599048,0.061710529157566
-0.0005402249999999999,4.944117669542109,0.05900279897058852
-0.0005395949999999998,4.941087280390865,0.05798740015047197
-0.0005389649999999999,4.941760700202253,0.05663353505698324
-0.0005383349999999998,4.938393601145314,0.05257193977651702
-0.0005377049999999999,4.936710051616846,0.05155654095640046
-0.0005370749999999998,4.935026502088376,0.05121807468302828
-0.0005364449999999999,4.932669532748519,0.04783341194930643
-0.0005358149999999998,4.931996112937131,0.04715647940256207
-0.0005351849999999999,4.930649273314356,0.04614108058244551
-0.0005345549999999998,4.927955594068806,0.04241795157535148
-0.0005339249999999999,4.925261914823255,0.04004868766174619
-0.0005332949999999998,4.923241655389092,0.03835635629488526
-0.0005326649999999999,4.920884686049235,0.0373409574747687
-0.0005320349999999998,4.91953784642646,0.03632555865465216
-0.0005314049999999999,4.919201136520766,0.03564862610790778
-0.0005307749999999998,4.915834037463828,0.03260242964755812
-0.0005301449999999999,4.912803648312583,0.02989469946058065
-0.0005295149999999998,4.911120098784114,0.02854083436709191
-0.0005288849999999999,4.908763129444258,0.02549463790674225
-0.0005282549999999998,4.908763129444258,0.02549463790674225
-0.0005276249999999999,4.906069450198706,0.02380230653988133
-0.0005269949999999998,4.904722610575932,0.02109457635290385
-0.0005263649999999999,4.903039061047462,0.02007917753278729
-0.0005257349999999998,4.902702351141769,0.02109457635290385
-0.0005251049999999999,4.902365641236075,0.01906377871267075
-0.0005244749999999998,4.898661832273443,0.0156791159789489
-0.0005238449999999999,4.897988412462055,0.01534064970557671
-0.0005232149999999998,4.896641572839279,0.01466371715883234
-0.0005225849999999999,4.895968153027892,0.01297138579197142
-0.0005219549999999998,4.896641572839279,0.01297138579197142
-0.0005213249999999998,4.894284603499423,0.01263291951859924
-0.0005206949999999998,4.889570664819709,0.0089097905115052
-0.0005200649999999998,4.889570664819709,0.008571324238133018
-0.0005194349999999998,4.888223825196934,0.006202060324527733
-0.0005188049999999998,4.885530145951383,0.004509728957666811
-0.0005181749999999998,4.884520016234301,0.002478931317433694
-0.0005175449999999998,4.881152917177364,0.000109667403828409
-0.0005169149999999998,4.879469367648894,-0.0009057314162881497
-0.0005162849999999998,4.878795947837506,-0.002598062783149072
-0.0005156549999999998,4.876102268591955,-0.006321191790243097
-0.0005150249999999998,4.873408589346405,-0.007336590610359656
-0.0005143949999999998,4.870714910100855,-0.01139818589082586
-0.0005137649999999998,4.869368070478079,-0.01139818589082586
-0.0005131349999999998,4.868021230855303,-0.01139818589082586
-0.0005125049999999998,4.866000971421141,-0.01309051725768678
-0.0005118749999999999,4.864654131798366,-0.01749057881152519
-0.0005112449999999998,4.86162374264712,-0.01850597763164175
-0.0005106149999999999,4.86061361293004,-0.02087524154524703
-0.0005099849999999998,4.858256643590183,-0.02256757291210795
-0.0005093549999999999,4.855899674250326,-0.02561376937245763
-0.0005087249999999998,4.854216124721857,-0.02696763446594636
-0.0005080949999999999,4.851185735570613,-0.02798303328606291
-0.0005074649999999998,4.850175605853531,-0.02899843210617947
-0.0005068349999999999,4.848155346419368,-0.03136769601978476
-0.0005062049999999998,4.845124957268124,-0.03407542620676224
-0.0005055749999999999,4.843441407739654,-0.03542929130025096
-0.0005049449999999998,4.841084438399797,-0.03813702148722845
-0.0005043149999999999,4.841084438399797,-0.04016781912746156
-0.0005036849999999998,4.838390759154247,-0.04118321794757812
-0.0005030549999999999,4.836033789814389,-0.04152168422095029
-0.0005024249999999998,4.834013530380227,-0.04456788068129997
-0.0005017949999999999,4.830309721417595,-0.04761407714164961
-0.0005011649999999998,4.828962881794819,-0.05032180732862709
-0.0005005349999999999,4.826942622360656,-0.05099873987537146
-0.0004999049999999998,4.82727933226635,-0.05167567242211585
-0.0004992749999999999,4.824585653020799,-0.0547218688824655
-0.0004986449999999998,4.821555263869555,-0.05742959906944298
-0.0004980149999999999,4.820545134152473,-0.05844499788955954
-0.0004973849999999998,4.818861584624004,-0.0591219304363039
-0.0004967549999999999,4.816167905378454,-0.06047579552979263
-0.0004961249999999998,4.814147645944291,-0.06318352571677011
-0.0004954949999999999,4.812800806321516,-0.06419892453688666
-0.0004948649999999998,4.81145396669874,-0.06622972217711978
-0.0004942349999999999,4.808423577547495,-0.06859898609072507
-0.0004936049999999998,4.806066608207638,-0.07130671627770255
-0.0004929749999999999,4.803709638867782,-0.07266058137119127
-0.0004923449999999998,4.802699509150701,-0.07469137901142439
-0.0004917149999999999,4.800679249716538,-0.07638371037828531
-0.0004910849999999998,4.797985570470987,-0.07706064292502968
-0.0004904549999999999,4.796638730848212,-0.08010683938537935
-0.0004898249999999998,4.795291891225436,-0.08146070447886808
-0.0004891949999999999,4.792598211979886,-0.08382996839247336
-0.0004885649999999998,4.791924792168498,-0.08450690093921773
-0.0004879349999999998,4.788894403017253,-0.0878915636729396
-0.0004873049999999998,4.788220983205866,-0.0875530973995674
-0.0004866749999999998,4.78687414358309,-0.08823002994631177
-0.0004860449999999998,4.783843754431846,-0.09093776013328925
-0.0004854149999999998,4.781486785091989,-0.09330702404689453
-0.0004847849999999998,4.77980323556352,-0.09499935541375545
-0.0004841549999999998,4.778119686035051,-0.09736861932736077
-0.0004835249999999998,4.778793105846439,-0.09770708560073293
-0.0004828949999999998,4.776099426600888,-0.09906095069422169
-0.0004822649999999998,4.773742457261031,-0.1007532820610826
-0.0004816349999999998,4.773742457261031,-0.101430214607827
-0.0004810049999999998,4.772395617638256,-0.1024456134279435
-0.0004803749999999998,4.772058907732562,-0.1027840797013157
-0.0004797449999999998,4.768691808675624,-0.105153343614921
-0.0004791149999999998,4.769365228487011,-0.1058302761616654
-0.0004784849999999998,4.767008259147154,-0.1068456749817819
-0.0004778549999999998,4.765998129430073,-0.1092149388953872
-0.0004772249999999998,4.764651289807298,-0.1098918714421316
-0.0004765949999999999,4.763641160090216,-0.1109072702622481
-0.0004759649999999999,4.762294320467441,-0.1119226690823647
-0.0004753349999999999,4.759600641221891,-0.1132765341758534
-0.0004747049999999999,4.756233542164952,-0.118015062003064
-0.0004740749999999999,4.754549992636483,-0.1190304608231806
-0.0004734449999999999,4.752866443108013,-0.1203843259166693
-0.0004728149999999999,4.751856313390932,-0.1224151235569024
-0.0004721849999999999,4.748825924239688,-0.1237689886503912
-0.0004715549999999999,4.747479084616912,-0.1251228537438799
-0.0004709249999999999,4.746805664805525,-0.127153651384113
-0.0004702949999999999,4.74377527565428,-0.1291844490243461
-0.0004696649999999999,4.74108159640873,-0.1295229152977183
-0.0004690349999999998,4.738724627068873,-0.1342614431249289
-0.0004684049999999998,4.738051207257485,-0.134599909398301
-0.0004677749999999998,4.735357528011934,-0.1366307070385342
-0.0004671449999999998,4.733000558672078,-0.1379845721320229
-0.0004665149999999998,4.733000558672078,-0.140015369772256
-0.0004658849999999998,4.729970169520833,-0.1420461674124891
-0.0004652549999999998,4.728623329898058,-0.1440769650527222
-0.0004646249999999998,4.725592940746814,-0.1464462289663275
-0.0004639949999999998,4.725929650652507,-0.1471231615130719
-0.0004633649999999998,4.723572681312651,-0.1494924254266772
-0.0004627349999999998,4.720205582255712,-0.1508462905201659
-0.0004621049999999998,4.718185322821549,-0.1532155544337712
-0.0004614749999999998,4.716838483198774,-0.1542309532538878
-0.0004608449999999998,4.715828353481692,-0.15456941952726
-0.0004602149999999998,4.713471384141835,-0.1579540822609818
-0.0004595849999999998,4.710104285084897,-0.158292548534354
-0.0004589549999999998,4.710104285084897,-0.1596464136278427
-0.0004583249999999998,4.706400476122265,-0.1633695426349368
-0.0004576949999999998,4.704380216688102,-0.1650618740017977
-0.0004570649999999998,4.70505363649949,-0.1654003402751698
-0.0004564349999999998,4.702359957253939,-0.1681080704621473
-0.0004558049999999998,4.701013117631164,-0.1694619355556361
-0.0004551749999999998,4.698319438385613,-0.1725081320159857
-0.0004545449999999998,4.695962469045757,-0.1738619971094744
-0.0004539149999999998,4.694278919517287,-0.1755543284763354
-0.0004532849999999998,4.69192195017743,-0.1775851261165685
-0.0004526549999999998,4.690911820460348,-0.1779235923899407
-0.0004520249999999998,4.688554851120492,-0.1799543900301738
-0.0004513949999999998,4.687208011497717,-0.1823236539437791
-0.0004507649999999998,4.68485104215786,-0.1833390527638956
-0.0004501349999999998,4.68485104215786,-0.1843544515840122
-0.0004495049999999998,4.682830782723697,-0.1860467829508731
-0.0004488749999999998,4.681147233195228,-0.187739114317734
-0.0004482449999999998,4.677106714326902,-0.1904468445047115
-0.0004476149999999998,4.67609658460982,-0.1934930409650612
-0.0004469849999999998,4.675423164798433,-0.1928161084183168
-0.0004463549999999998,4.674076325175657,-0.1934930409650612
-0.0004457249999999998,4.670709226118719,-0.1975546362455274
-0.0004450949999999998,4.669362386495943,-0.1985700350656439
-0.0004444649999999998,4.668352256778862,-0.2002623664325049
-0.0004438349999999998,4.667005417156087,-0.2009392989792493
-0.0004432049999999998,4.66464844781623,-0.202293164072738
-0.0004425749999999998,4.662964898287761,-0.2039854954395989
-0.0004419449999999998,4.66195476857068,-0.2046624279863433
-0.0004413149999999998,4.658587669513741,-0.2087240232668095
-0.0004406849999999999,4.65757753979666,-0.2090624895401817
-0.0004400549999999999,4.655557280362497,-0.2104163546336704
-0.0004394249999999999,4.652863601116946,-0.215154882460881
-0.0004387949999999999,4.65320031102264,-0.21346255109402
-0.0004381649999999999,4.649833211965701,-0.2158318150076254
-0.0004375349999999999,4.647812952531538,-0.218878011467975
-0.0004369049999999999,4.646802822814457,-0.2195549440147194
-0.0004362749999999999,4.646802822814457,-0.2209088091082081
-0.0004356449999999999,4.644782563380294,-0.2219242079283247
-0.0004350149999999999,4.642088884134743,-0.22429347184193
-0.0004343849999999998,4.641078754417662,-0.2256473369354187
-0.0004337549999999998,4.638721785077805,-0.2273396683022796
-0.0004331249999999998,4.637038235549336,-0.2290319996691405
-0.0004324949999999998,4.636028105832255,-0.2300473984892571
-0.0004318649999999998,4.633671136492397,-0.2314012635827458
-0.0004312349999999998,4.632324296869622,-0.233432061222979
-0.0004306049999999998,4.632661006775316,-0.2327551286762346
-0.0004299749999999998,4.629967327529766,-0.2351243925898399
-0.0004293449999999998,4.62592680866144,-0.2391859878703061
-0.0004287149999999998,4.62592680866144,-0.2381705890501895
-0.0004280849999999998,4.625590098755746,-0.2388475215969339
-0.0004274549999999998,4.623906549227277,-0.2398629204170505
-0.0004268249999999998,4.623233129415889,-0.2405398529637948
-0.0004261949999999998,4.62154957988742,-0.2422321843306558
-0.0004255649999999998,4.620539450170338,-0.2432475831507723
-0.0004249349999999998,4.619866030358951,-0.2435860494241445
-0.0004243049999999998,4.619866030358951,-0.2449399145176332
-0.0004236749999999998,4.617845770924787,-0.2456168470643776
-0.0004230449999999998,4.616498931302012,-0.2473091784312385
-0.0004224149999999998,4.616162221396318,-0.2493399760714717
-0.0004217849999999998,4.614141961962155,-0.2503553748915882
-0.0004211549999999998,4.615152091679237,-0.250016908618216
-0.0004205249999999998,4.612458412433686,-0.2513707737117047
-0.0004198949999999998,4.612121702527992,-0.2534015713519379
-0.0004192649999999998,4.610101443093829,-0.2537400376253101
-0.0004186349999999998,4.608081183659666,-0.2561093015389153
-0.0004180049999999998,4.605050794508422,-0.259155497999265
-0.0004173749999999998,4.602357115262871,-0.2601708968193815
-0.0004167449999999998,4.601683695451483,-0.2605093630927537
-0.0004161149999999998,4.60134698554579,-0.2608478293661259
-0.0004154849999999998,4.598316596394545,-0.2632170932797312
-0.0004148549999999998,4.596633046866076,-0.2662632897400808
-0.0004142249999999998,4.596296336960382,-0.2669402222868252
-0.0004135949999999998,4.592929237903444,-0.2693094862004305
-0.0004129649999999998,4.592929237903444,-0.2699864187471749
-0.0004123349999999998,4.590572268563587,-0.2713402838406637
-0.0004117049999999998,4.5898988487522,-0.2730326152075245
-0.0004110749999999998,4.58821529922373,-0.2740480140276411
-0.0004104449999999998,4.584511490261098,-0.2750634128477577
-0.0004098149999999998,4.584511490261098,-0.2767557442146186
-0.0004091849999999998,4.583164650638323,-0.2777711430347352
-0.0004085549999999998,4.580134261487078,-0.2814942720418292
-0.0004079249999999998,4.579460841675691,-0.2825096708619457
-0.0004072949999999998,4.578114002052915,-0.2835250696820623
-0.0004066649999999998,4.577103872335834,-0.2842020022288066
-0.0004060349999999998,4.574410193090284,-0.2865712661424119
-0.0004054049999999998,4.573736773278895,-0.2879251312359007
-0.0004047749999999999,4.571379803939039,-0.2892789963293894
-0.0004041449999999999,4.571043094033345,-0.2892789963293894
-0.0004035149999999999,4.568349414787795,-0.2913097939696225
-0.0004028849999999999,4.567002575165019,-0.2940175241566
-0.0004022549999999999,4.565992445447938,-0.2943559904299722
-0.0004016249999999999,4.563972186013775,-0.2950329229767166
-0.0004009949999999999,4.561278506768224,-0.2997714508039271
-0.0004003649999999999,4.561278506768224,-0.2980791194370662
-0.0003997349999999999,4.558921537428367,-0.3014637821707881
-0.0003991049999999998,4.558921537428367,-0.3014637821707881
-0.0003984749999999998,4.555554438371429,-0.3024791809909047
-0.0003978449999999998,4.554881018560041,-0.3041715123577655
-0.0003972149999999998,4.55387088884296,-0.3045099786311377
-0.0003965849999999998,4.550840499691716,-0.3078946413648596
-0.0003959549999999998,4.551850629408797,-0.3085715739116039
-0.0003953249999999998,4.548483530351858,-0.3112793040985814
-0.0003946949999999998,4.549156950163246,-0.3119562366453258
-0.0003940649999999998,4.546126561012001,-0.3126331691920702
-0.0003934349999999998,4.544443011483533,-0.3146639668323032
-0.0003928049999999998,4.542086042143676,-0.3156793656524198
-0.0003921749999999998,4.542086042143676,-0.3166947644725364
-0.0003915449999999998,4.542086042143676,-0.3163562981991642
-0.0003909149999999998,4.539729072803818,-0.3170332307459085
-0.0003902849999999998,4.537035393558268,-0.3194024946595139
-0.0003896549999999998,4.53804552327535,-0.3194024946595139
-0.0003890249999999998,4.536361973746881,-0.3214332922997469
-0.0003883949999999998,4.534005004407024,-0.3244794887600966
-0.0003877649999999998,4.53366829450133,-0.3241410224867244
-0.0003871349999999998,4.531311325161473,-0.3265102864003298
-0.0003865049999999998,4.529627775633004,-0.328879550313935
-0.0003858749999999998,4.52929106572731,-0.3298949491340516
-0.0003852449999999998,4.528280936010228,-0.3295564828606794
-0.0003846149999999998,4.528617645915922,-0.3292180165873072
-0.0003839849999999998,4.524577127047596,-0.3319257467742847
-0.0003833549999999998,4.523566997330515,-0.3346334769612621
-0.0003827249999999998,4.522893577519127,-0.3332796118677734
-0.0003820949999999998,4.521210027990658,-0.3339565444145178
-0.0003814649999999998,4.517506219028026,-0.338018139694984
-0.0003808349999999998,4.518179638839413,-0.3383566059683561
-0.0003802049999999998,4.51784292893372,-0.3390335385151005
-0.0003795749999999998,4.515149249688169,-0.3414028024287058
-0.0003789449999999998,4.5134657001597,-0.3437720663423112
-0.0003783149999999998,4.512792280348313,-0.3427566675221946
-0.0003776849999999998,4.51077202091415,-0.3451259314357998
-0.0003770549999999998,4.511445440725537,-0.3458028639825442
-0.0003764249999999998,4.508751761479987,-0.3474951953494052
-0.0003757949999999998,4.50908847138568,-0.347156729076033
-0.0003751649999999998,4.507741631762904,-0.3481721278961495
-0.0003745349999999998,4.506058082234436,-0.3498644592630105
-0.0003739049999999998,4.506731502045823,-0.3491875267162661
-0.0003732749999999998,4.505721372328741,-0.3491875267162661
-0.0003726449999999998,4.504374532705967,-0.3512183243564992
-0.0003720149999999998,4.502354273271804,-0.3518952569032435
-0.0003713849999999998,4.502354273271804,-0.3532491219967323
-0.0003707549999999998,4.501680853460416,-0.3549414533635932
-0.0003701249999999998,4.501007433649028,-0.3542645208168489
-0.0003694949999999998,4.499660594026253,-0.3546029870902211
-0.0003688649999999999,4.499660594026253,-0.3546029870902211
-0.0003682349999999999,4.499323884120559,-0.3552799196369654
-0.0003676049999999999,4.498313754403478,-0.3569722510038263
-0.0003669749999999999,4.497303624686396,-0.3569722510038263
-0.0003663449999999999,4.498650464309171,-0.3552799196369654
-0.0003657149999999999,4.496293494969315,-0.3569722510038263
-0.0003650849999999999,4.494609945440845,-0.3606953800109204
-0.0003644549999999998,4.494273235535152,-0.360018447464176
-0.0003638249999999998,4.494273235535152,-0.3603569137375482
-0.0003631949999999998,4.491579556289601,-0.3634031101978978
-0.0003625649999999998,4.490906136478213,-0.3650954415647588
-0.0003619349999999998,4.488885877044051,-0.3661108403848753
-0.0003613049999999998,4.489222586949744,-0.3654339078381309
-0.0003606749999999998,4.486528907704193,-0.3657723741115031
-0.0003600449999999998,4.485182068081418,-0.3691570368452249
-0.0003594149999999998,4.485518777987112,-0.3681416380251085
-0.0003587849999999998,4.483161808647255,-0.3708493682120859
-0.0003581549999999998,4.482825098741562,-0.3705109019387137
-0.0003575249999999998,4.481478259118786,-0.3708493682120859
-0.0003568949999999998,4.480804839307399,-0.3732186321256912
-0.0003562649999999998,4.479794709590317,-0.37457249721918
-0.0003556349999999998,4.478111160061848,-0.3742340309458078
-0.0003550049999999998,4.477774450156154,-0.376603294859413
-0.0003543749999999998,4.474744061004909,-0.3776186936795296
-0.0003537449999999998,4.473733931287828,-0.3796494913197627
-0.0003531149999999998,4.47306051147644,-0.3796494913197627
-0.0003524849999999998,4.472387091665053,-0.3793110250463905
-0.0003518549999999998,4.471040252042277,-0.3816802889599957
-0.0003512249999999998,4.470703542136583,-0.3816802889599957
-0.0003505949999999998,4.468346572796727,-0.3823572215067401
-0.0003499649999999998,4.468009862891033,-0.3843880191469733
-0.0003493349999999998,4.467673152985339,-0.3840495528736011
-0.0003487049999999998,4.46598960345687,-0.3867572830605785
-0.0003480749999999998,4.462959214305625,-0.3887880807008116
-0.0003474449999999998,4.463632634117013,-0.3884496144274394
-0.0003468149999999998,4.463632634117013,-0.3881111481540673
-0.0003461849999999998,4.461949084588544,-0.3901419457943004
-0.0003455549999999998,4.462622504399931,-0.3908188783410448
-0.0003449249999999998,4.459592115248687,-0.3928496759812778
-0.0003442949999999998,4.457571855814524,-0.3928496759812778
-0.0003436649999999998,4.456898436003137,-0.3935266085280222
-0.0003430349999999998,4.457571855814524,-0.3935266085280222
-0.0003424049999999998,4.455214886474668,-0.3969112712617441
-0.0003417749999999998,4.455214886474668,-0.3958958724416275
-0.0003411449999999998,4.455551596380361,-0.3958958724416275
-0.0003405149999999998,4.453531336946198,-0.3982651363552329
-0.0003398849999999998,4.452521207229116,-0.3992805351753493
-0.0003392549999999998,4.452184497323422,-0.3989420689019771
-0.0003386249999999998,4.450500947794954,-0.4009728665422103
-0.0003379949999999998,4.450164237889259,-0.3999574677220937
-0.0003373649999999998,4.448817398266485,-0.4009728665422103
-0.0003367349999999998,4.449154108172178,-0.4016497990889547
-0.0003361049999999998,4.447807268549403,-0.4016497990889547
-0.0003354749999999998,4.446460428926628,-0.4030036641824434
-0.0003348449999999998,4.444776879398159,-0.4046959955493044
-0.0003342149999999998,4.444103459586771,-0.4046959955493044
-0.0003335849999999998,4.442756619963996,-0.4063883269161652
-0.0003329549999999999,4.443766749681077,-0.406049860642793
-0.0003323249999999999,4.442083200152608,-0.4084191245563984
-0.0003316949999999999,4.440062940718445,-0.4094345233765149
-0.0003310649999999999,4.440062940718445,-0.4090960571031428
-0.0003304349999999999,4.439052811001363,-0.411465321016748
-0.0003298049999999998,4.43871610109567,-0.4124807198368646
-0.0003291749999999998,4.439052811001363,-0.4124807198368646
-0.0003285449999999998,4.436695841661507,-0.4131576523836089
-0.0003279149999999998,4.438379391189976,-0.4121422535634924
-0.0003272849999999998,4.436695841661507,-0.4121422535634924
-0.0003266549999999998,4.434675582227344,-0.4141730512037255
-0.0003260249999999998,4.434002162415956,-0.4141730512037255
-0.0003253949999999998,4.43433887232165,-0.4131576523836089
-0.0003247649999999998,4.434002162415956,-0.4155269162972143
-0.0003241349999999998,4.432992032698874,-0.4168807813907029
-0.0003235049999999998,4.430298353453324,-0.4189115790309361
-0.0003228749999999998,4.430635063359017,-0.4189115790309361
-0.0003222449999999998,4.429624933641936,-0.4192500453043083
-0.0003216149999999998,4.430298353453324,-0.4195885115776804
-0.0003209849999999998,4.429288223736243,-0.4199269778510526
-0.0003203549999999998,4.428278094019161,-0.4209423766711692
-0.0003197249999999998,4.428614803924854,-0.4212808429445414
-0.0003190949999999998,4.427941384113467,-0.4216193092179136
-0.0003184649999999998,4.427941384113467,-0.4209423766711692
-0.0003178349999999998,4.42726796430208,-0.4216193092179136
-0.0003172049999999998,4.426931254396385,-0.420603910397797
-0.0003165749999999998,4.42726796430208,-0.4212808429445414
-0.0003159449999999998,4.426931254396385,-0.4216193092179136
-0.0003153149999999998,4.42726796430208,-0.4212808429445414
-0.0003146849999999998,4.425921124679304,-0.4233116405847744
-0.0003140549999999998,4.426931254396385,-0.422296241764658
-0.0003134249999999998,4.427941384113467,-0.4216193092179136
-0.0003127949999999998,4.42726796430208,-0.4212808429445414
-0.0003121649999999998,4.42558441477361,-0.422296241764658
-0.0003115349999999998,4.427604674207773,-0.422296241764658
-0.0003109049999999998,4.426257834584998,-0.4209423766711692
-0.0003102749999999998,4.425247704867917,-0.4229731743114022
-0.0003096449999999998,4.42558441477361,-0.4229731743114022
-0.0003090149999999998,4.424237575150835,-0.4233116405847744
-0.0003083849999999998,4.424237575150835,-0.4236501068581466
-0.0003077549999999998,4.424237575150835,-0.4233116405847744
-0.0003071249999999998,4.42289073552806,-0.4253424382250076
-0.0003064949999999998,4.421880605810978,-0.4263578370451241
-0.0003058649999999998,4.423564155339447,-0.4250039719516354
-0.0003052349999999998,4.42289073552806,-0.4250039719516354
-0.0003046049999999998,4.422554025622365,-0.4263578370451241
-0.0003039749999999998,4.421207185999591,-0.4273732358652407
-0.0003033449999999998,4.418850216659734,-0.4277117021386129
-0.0003027149999999998,4.419523636471121,-0.4266963033184963
-0.0003020849999999998,4.419523636471121,-0.4280501684119851
-0.0003014549999999998,4.417840086942652,-0.4300809660522181
-0.0003008249999999998,4.417840086942652,-0.4290655672321017
-0.0003001949999999998,4.417503377036958,-0.4283886346853573
-0.0002995649999999998,4.417166667131264,-0.4300809660522181
-0.0002989349999999998,4.416493247319877,-0.4307578985989625
-0.0002983049999999998,4.416156537414183,-0.4310963648723347
-0.0002976749999999998,4.416156537414183,-0.4300809660522181
-0.0002970449999999999,4.416156537414183,-0.4314348311457069
-0.0002964149999999999,4.414809697791408,-0.4314348311457069
-0.0002957849999999999,4.415146407697101,-0.4327886962391957
-0.0002951549999999998,4.41413627798002,-0.4324502299658235
-0.0002945249999999998,4.412452728451551,-0.4338040950593122
-0.0002938949999999998,4.413462858168632,-0.4338040950593122
-0.0002932649999999998,4.412789438357245,-0.4341425613326844
-0.0002926349999999998,4.412789438357245,-0.4341425613326844
-0.0002920049999999998,4.410769178923082,-0.4348194938794288
-0.0002913749999999998,4.412116018545857,-0.4358348926995453
-0.0002907449999999998,4.411442598734469,-0.4354964264261731
-0.0002901149999999998,4.411442598734469,-0.4344810276060566
-0.0002894849999999998,4.410432469017388,-0.4361733589729175
-0.0002888549999999998,4.408412209583225,-0.4368502915196618
-0.0002882249999999998,4.409422339300306,-0.4358348926995453
-0.0002875949999999998,4.408748919488919,-0.4368502915196618
-0.0002869649999999998,4.407738789771837,-0.4368502915196618
-0.0002863349999999998,4.408075499677531,-0.437188757793034
-0.0002857049999999998,4.409085629394612,-0.4365118252462897
-0.0002850749999999998,4.407738789771837,-0.4378656903397784
-0.0002844449999999998,4.406728660054756,-0.438881089159895
-0.0002838149999999998,4.406055240243368,-0.4398964879800116
-0.0002831849999999998,4.406055240243368,-0.4409118868001281
-0.0002825549999999998,4.407402079866143,-0.4385426228865228
-0.0002819249999999998,4.406728660054756,-0.438881089159895
-0.0002812949999999998,4.406391950149062,-0.4402349542533837
-0.0002806649999999998,4.405718530337674,-0.4415888193468724
-0.0002800349999999998,4.405718530337674,-0.4409118868001281
-0.0002794049999999998,4.404708400620593,-0.4405734205267559
-0.0002787749999999998,4.404708400620593,-0.4409118868001281
-0.0002781449999999998,4.404371690714899,-0.4405734205267559
-0.0002775149999999998,4.404708400620593,-0.4415888193468724
-0.0002768849999999998,4.403024851092123,-0.4415888193468724
-0.0002762549999999998,4.404034980809205,-0.4409118868001281
-0.0002756249999999998,4.404034980809205,-0.4405734205267559
-0.0002749949999999998,4.404034980809205,-0.4419272856202446
-0.0002743649999999998,4.403698270903512,-0.4405734205267559
-0.0002737349999999998,4.403361560997817,-0.4429426844403612
-0.0002731049999999998,4.403361560997817,-0.4412503530735002
-0.0002724749999999998,4.404708400620593,-0.442604218166989
-0.0002718449999999998,4.403698270903512,-0.4412503530735002
-0.0002712149999999998,4.401341301563654,-0.4429426844403612
-0.0002705849999999998,4.401678011469349,-0.4439580832604777
-0.0002699549999999998,4.400331171846573,-0.4439580832604777
-0.0002693249999999998,4.40100459165796,-0.4429426844403612
-0.0002686949999999998,4.402014721375042,-0.4432811507137334
-0.0002680649999999998,4.401678011469349,-0.4442965495338499
-0.0002674349999999998,4.402351431280736,-0.442604218166989
-0.0002668049999999998,4.401341301563654,-0.4442965495338499
-0.0002661749999999998,4.401678011469349,-0.4442965495338499
-0.0002655449999999998,4.403361560997817,-0.4436196169871055
-0.0002649149999999998,4.401678011469349,-0.4436196169871055
-0.0002642849999999998,4.401341301563654,-0.4419272856202446
-0.0002636549999999998,4.402014721375042,-0.442604218166989
-0.0002630249999999998,4.402351431280736,-0.4432811507137334
-0.0002623949999999998,4.402014721375042,-0.4419272856202446
-0.0002617649999999998,4.399321042129491,-0.4442965495338499
-0.0002611349999999999,4.401678011469349,-0.4419272856202446
-0.0002605049999999998,4.401341301563654,-0.4422657518936168
-0.0002598749999999998,4.40100459165796,-0.4439580832604777
-0.0002592449999999998,4.402014721375042,-0.442604218166989
-0.0002586149999999998,4.402014721375042,-0.4419272856202446
-0.0002579849999999998,4.402014721375042,-0.4436196169871055
-0.0002573549999999998,4.40100459165796,-0.4436196169871055
-0.0002567249999999998,4.40268814118643,-0.442604218166989
-0.0002560949999999998,4.404708400620593,-0.4412503530735002
-0.0002554649999999998,4.404034980809205,-0.4409118868001281
-0.0002548349999999998,4.404371690714899,-0.4395580217066394
-0.0002542049999999998,4.405045110526286,-0.4405734205267559
-0.0002535749999999998,4.405045110526286,-0.4392195554332672
-0.0002529449999999998,4.407065369960449,-0.4378656903397784
-0.0002523149999999998,4.407402079866143,-0.4382041566131506
-0.0002516849999999998,4.407402079866143,-0.4361733589729175
-0.0002510549999999998,4.409085629394612,-0.4344810276060566
-0.0002504249999999998,4.409085629394612,-0.4358348926995453
-0.0002497949999999998,4.408748919488919,-0.4358348926995453
-0.0002491649999999998,4.410095759111694,-0.4358348926995453
-0.0002485349999999998,4.411105888828775,-0.4344810276060566
-0.0002479049999999998,4.410769178923082,-0.4341425613326844
-0.0002472749999999998,4.410095759111694,-0.4338040950593122
-0.0002466449999999998,4.409759049206,-0.4351579601528009
-0.0002460149999999998,4.409422339300306,-0.4344810276060566
-0.0002453849999999998,4.410095759111694,-0.4348194938794288
-0.0002447549999999998,4.411779308640163,-0.4331271625125679
-0.0002441249999999998,4.412116018545857,-0.4327886962391957
-0.0002434949999999998,4.412789438357245,-0.4327886962391957
-0.0002428649999999998,4.410769178923082,-0.4327886962391957
-0.0002422349999999998,4.410769178923082,-0.4321117636924513
-0.0002416049999999998,4.409759049206,-0.4331271625125679
-0.0002409749999999998,4.411779308640163,-0.4327886962391957
-0.0002403449999999998,4.413126148262938,-0.4321117636924513
-0.0002397149999999998,4.411779308640163,-0.4331271625125679
-0.0002390849999999998,4.412116018545857,-0.4327886962391957
-0.0002384549999999998,4.413799568074326,-0.4307578985989625
-0.0002378249999999998,4.412452728451551,-0.4314348311457069
-0.0002371949999999998,4.412452728451551,-0.4310963648723347
-0.0002365649999999998,4.41413627798002,-0.4314348311457069
-0.0002359349999999998,4.413462858168632,-0.4317732974190791
-0.0002353049999999998,4.412789438357245,-0.4307578985989625
-0.0002346749999999998,4.41413627798002,-0.4310963648723347
-0.0002340449999999998,4.412452728451551,-0.4314348311457069
-0.0002334149999999998,4.415483117602795,-0.4300809660522181
-0.0002327849999999998,4.415146407697101,-0.4290655672321017
-0.0002321549999999998,4.416156537414183,-0.4294040335054738
-0.0002315249999999998,4.414809697791408,-0.4300809660522181
-0.0002308949999999998,4.415483117602795,-0.4283886346853573
-0.0002302649999999998,4.413462858168632,-0.4304194323255903
-0.0002296349999999998,4.416493247319877,-0.4287271009587295
-0.0002290049999999998,4.416493247319877,-0.4283886346853573
-0.0002283749999999998,4.416829957225571,-0.4273732358652407
-0.0002277449999999998,4.417166667131264,-0.4263578370451241
-0.0002271149999999998,4.417840086942652,-0.4266963033184963
-0.0002264849999999998,4.417840086942652,-0.426019370771752
-0.0002258549999999998,4.418176796848346,-0.4270347695918685
-0.0002252249999999998,4.417840086942652,-0.4266963033184963
-0.0002245949999999998,4.418176796848346,-0.4263578370451241
-0.0002239649999999998,4.41851350675404,-0.4250039719516354
-0.0002233349999999998,4.418850216659734,-0.424327039404891
-0.0002227049999999998,4.420197056282509,-0.4239885731315188
-0.0002220749999999998,4.419523636471121,-0.424327039404891
-0.0002214449999999998,4.421543895905284,-0.4233116405847744
-0.0002208149999999998,4.422217315716672,-0.4216193092179136
-0.0002201849999999998,4.42289073552806,-0.4202654441244248
-0.0002195549999999998,4.423227445433754,-0.4216193092179136
-0.0002189249999999998,4.423900865245141,-0.4216193092179136
-0.0002182949999999998,4.423900865245141,-0.4209423766711692
-0.0002176649999999998,4.423900865245141,-0.4212808429445414
-0.0002170349999999998,4.424910994962223,-0.4189115790309361
-0.0002164049999999998,4.424237575150835,-0.4189115790309361
-0.0002157749999999998,4.42558441477361,-0.4175577139374473
-0.0002151449999999998,4.426257834584998,-0.4182346464841917
-0.0002145149999999998,4.426931254396385,-0.4172192476640751
-0.0002138849999999998,4.427941384113467,-0.4178961802108195
-0.0002132549999999998,4.428951513830548,-0.4162038488439586
-0.0002126249999999998,4.429624933641936,-0.4155269162972143
-0.0002119949999999998,4.429288223736243,-0.4158653825705865
-0.0002113649999999998,4.429288223736243,-0.4151884500238421
-0.0002107349999999998,4.42996164354763,-0.4148499837504699
-0.0002101049999999998,4.430971773264711,-0.4134961186569811
-0.0002094749999999998,4.430298353453324,-0.4131576523836089
-0.0002088449999999998,4.431981902981793,-0.4118037872901202
-0.0002082149999999998,4.431645193076099,-0.4118037872901202
-0.0002075849999999998,4.434002162415956,-0.4107883884700037
-0.0002069549999999998,4.434002162415956,-0.4094345233765149
-0.0002063249999999998,4.437369261472894,-0.4067267931895374
-0.0002056949999999998,4.4370325515672,-0.4074037257362818
-0.0002050649999999998,4.438042681284282,-0.4063883269161652
-0.0002044349999999998,4.440399650624139,-0.4036805967291878
-0.0002038049999999998,4.442083200152608,-0.4033421304558156
-0.0002031749999999998,4.442419910058302,-0.40401906300256
-0.0002025449999999998,4.443430039775383,-0.4030036641824434
-0.0002019149999999998,4.444440169492465,-0.4002959339954659
-0.0002012849999999998,4.44578700911524,-0.3999574677220937
-0.0002006549999999998,4.44578700911524,-0.3996190014487215
-0.0002000249999999998,4.446797138832322,-0.3979266700818607
-0.0001993949999999998,4.446123719020934,-0.3982651363552329
-0.0001987649999999998,4.447807268549403,-0.3958958724416275
-0.0001981349999999998,4.448143978455096,-0.3952189398948832
-0.0001975049999999998,4.449490818077872,-0.3942035410747666
-0.0001968749999999998,4.450500947794954,-0.3945420073481388
-0.0001962449999999998,4.450500947794954,-0.3945420073481388
-0.0001956149999999998,4.450500947794954,-0.394880473621511
-0.0001949849999999998,4.452521207229116,-0.3925112097079057
-0.0001943549999999998,4.453194627040505,-0.3921727434345335
-0.0001937249999999998,4.454541466663279,-0.3901419457943004
-0.0001930949999999998,4.454204756757585,-0.3908188783410448
-0.0001924649999999998,4.455214886474668,-0.3898034795209282
-0.0001918349999999998,4.455551596380361,-0.389465013247556
-0.0001912049999999998,4.455214886474668,-0.3898034795209282
-0.0001905749999999998,4.457571855814524,-0.3881111481540673
-0.0001899449999999998,4.457908565720218,-0.3877726818806951
-0.0001893149999999998,4.458245275625912,-0.3867572830605785
-0.0001886849999999998,4.460938954871462,-0.3850649516937176
-0.0001880549999999998,4.460265535060075,-0.3850649516937176
-0.0001874249999999998,4.460938954871462,-0.3843880191469733
-0.0001867949999999998,4.460602244965768,-0.3843880191469733
-0.0001861649999999998,4.461949084588544,-0.3837110866002289
-0.0001855349999999998,4.463295924211319,-0.3826956877801123
-0.0001849049999999998,4.464979473739788,-0.3820187552333679
-0.0001842749999999998,4.46598960345687,-0.3786340924996462
-0.0001836449999999998,4.464642763834094,-0.378295626226274
-0.0001830149999999998,4.466326313362564,-0.3789725587730183
-0.0001823849999999998,4.468009862891033,-0.3776186936795296
-0.0001817549999999998,4.46868328270242,-0.3755878960392964
-0.0001811249999999998,4.469356702513808,-0.376603294859413
-0.0001804949999999998,4.469693412419502,-0.3752494297659243
-0.0001798649999999998,4.471040252042277,-0.3749109634925522
-0.0001792349999999998,4.470703542136583,-0.3742340309458078
-0.0001786049999999998,4.471713671853665,-0.3742340309458078
-0.0001779749999999998,4.472723801570746,-0.3722032333055746
-0.0001773449999999998,4.474070641193522,-0.3715263007588303
-0.0001767149999999998,4.474070641193522,-0.3718647670322025
-0.0001760849999999998,4.476764320439073,-0.3688185705718527
-0.0001754549999999998,4.478447869967542,-0.3681416380251085
-0.0001748249999999998,4.478447869967542,-0.3684801042984807
-0.0001741949999999998,4.480804839307399,-0.3664493066582475
-0.0001735649999999998,4.480804839307399,-0.3661108403848753
-0.0001729349999999998,4.48181496902448,-0.3650954415647588
-0.0001723049999999998,4.482825098741562,-0.36374157647127
-0.0001716749999999998,4.483835228458643,-0.3623877113777813
-0.0001710449999999998,4.482488388835868,-0.3640800427446422
-0.0001704149999999998,4.483498518552949,-0.3630646439245256
-0.0001697849999999998,4.486192197798499,-0.360018447464176
-0.0001691549999999998,4.487875747326969,-0.358326116097315
-0.0001685249999999998,4.488212457232663,-0.3579876498239429
-0.0001678949999999998,4.488549167138356,-0.3573107172771985
-0.0001672649999999998,4.490569426572519,-0.3566337847304542
-0.0001666349999999998,4.490569426572519,-0.356295318457082
-0.0001660049999999998,4.490569426572519,-0.3559568521837098
-0.0001653749999999998,4.494609945440845,-0.3525721894499879
-0.0001647449999999998,4.494273235535152,-0.3518952569032435
-0.0001641149999999998,4.495956785063621,-0.3495259929896383
-0.0001634849999999998,4.496966914780702,-0.3488490604428939
-0.0001628549999999998,4.497977044497784,-0.3481721278961495
-0.0001622249999999998,4.498987174214865,-0.3478336616227774
-0.0001615949999999998,4.501680853460416,-0.3464797965292886
-0.0001609649999999998,4.502690983177497,-0.3447874651624276
-0.0001603349999999998,4.505721372328741,-0.3414028024287058
-0.0001597049999999998,4.505384662423048,-0.341741268702078
-0.0001590749999999998,4.50908847138568,-0.3386950722417283
-0.0001584449999999998,4.510098601102762,-0.3386950722417283
-0.0001578149999999998,4.511445440725537,-0.3370027408748675
-0.0001571849999999998,4.512455570442619,-0.3359873420547509
-0.0001565549999999998,4.514812539782476,-0.3322642130476569
-0.0001559249999999998,4.515822669499557,-0.3309103479541681
-0.0001552949999999998,4.51784292893372,-0.3302334154074238
-0.0001546649999999998,4.518516348745107,-0.3298949491340516
-0.0001540349999999998,4.520873318084965,-0.3278641514938184
-0.0001534049999999998,4.521546737896352,-0.3254948875802132
-0.0001527749999999998,4.523230287424821,-0.3241410224867244
-0.0001521449999999998,4.524240417141902,-0.3244794887600966
-0.0001515149999999998,4.523903707236209,-0.3241410224867244
-0.0001508849999999998,4.525250546858984,-0.3231256236666079
-0.0001502549999999998,4.526597386481759,-0.3217717585731191
-0.0001496249999999998,4.527270806293147,-0.3207563597530025
-0.0001489949999999998,4.529627775633004,-0.3194024946595139
-0.0001483649999999998,4.530637905350085,-0.3183870958393973
-0.0001477349999999998,4.531984744972861,-0.3170332307459085
-0.0001471049999999998,4.531311325161473,-0.3166947644725364
-0.0001464749999999998,4.531648035067167,-0.3156793656524198
-0.0001458449999999998,4.534341714312718,-0.3133101017388146
-0.0001452149999999998,4.535688553935493,-0.3126331691920702
-0.0001445849999999998,4.536698683652574,-0.3109408378252092
-0.0001439549999999998,4.53804552327535,-0.310602371551837
-0.0001433249999999998,4.540402492615207,-0.3078946413648596
-0.0001426949999999998,4.540402492615207,-0.3075561750914874
-0.0001420649999999998,4.54242275204937,-0.306879242544743
-0.0001414349999999998,4.543432881766451,-0.3058638437246265
-0.0001408049999999998,4.543432881766451,-0.3048484449045099
-0.0001401749999999998,4.544443011483533,-0.3045099786311377
-0.0001395449999999998,4.546463270917696,-0.3031561135376489
-0.0001389149999999998,4.547473400634777,-0.3014637821707881
-0.0001382849999999998,4.548483530351858,-0.3011253158974159
-0.0001376549999999998,4.550840499691716,-0.2984175857104384
-0.0001370249999999998,4.550840499691716,-0.2970637206169496
-0.0001363949999999998,4.553197469031572,-0.2963867880702052
-0.0001357649999999998,4.554881018560041,-0.2946944567033444
-0.0001351349999999998,4.555891148277123,-0.2943559904299722
-0.0001345049999999998,4.55656456808851,-0.2940175241566
-0.0001338749999999998,4.55656456808851,-0.2919867265163669
-0.0001332449999999998,4.559931667145449,-0.2892789963293894
-0.0001326149999999998,4.559258247334061,-0.2896174626027616
-0.0001319849999999998,4.561951926579612,-0.2889405300560173
-0.0001313549999999998,4.562288636485305,-0.2879251312359007
-0.0001307249999999998,4.562625346390999,-0.2865712661424119
-0.0001300949999999998,4.564982315730856,-0.2852174010489232
-0.0001294649999999998,4.567339285070713,-0.2835250696820623
-0.0001288349999999998,4.568012704882101,-0.2818327383152014
-0.0001282049999999998,4.570369674221958,-0.2787865418548517
-0.0001275749999999998,4.571379803939039,-0.2798019406749682
-0.0001269449999999998,4.573736773278895,-0.2784480755814795
-0.0001263149999999998,4.572389933656121,-0.2777711430347352
-0.0001256849999999998,4.575083612901671,-0.2754018791211299
-0.0001250549999999998,4.576093742618752,-0.2760788116678742
-0.0001244249999999998,4.579460841675691,-0.2726941489341523
-0.0001237949999999998,4.579797551581384,-0.2706633512939193
-0.0001231649999999998,4.580470971392772,-0.2699864187471749
-0.0001225349999999998,4.581481101109854,-0.268294087380314
-0.0001219049999999998,4.582491230826935,-0.268294087380314
-0.0001212749999999998,4.585184910072486,-0.266601756013453
-0.0001206449999999998,4.586868459600955,-0.2642324920998478
-0.0001200149999999998,4.58821529922373,-0.2625401607329868
-0.0001193849999999998,4.590235558657893,-0.2615247619128703
-0.0001187549999999998,4.591245688374975,-0.2598324305460094
-0.0001181249999999998,4.590908978469281,-0.2594939642726372
-0.0001174949999999998,4.59259252799775,-0.2588170317258928
-0.0001168649999999998,4.594612787431913,-0.2567862340856597
-0.0001162349999999998,4.596296336960382,-0.2540785038986823
-0.0001156049999999998,4.598316596394545,-0.2530631050785657
-0.0001149749999999998,4.600673565734402,-0.2520477062584491
-0.0001143449999999998,4.600673565734402,-0.250016908618216
-0.0001137149999999998,4.602693825168565,-0.2503553748915882
-0.0001130849999999998,4.604714084602728,-0.2479861109779829
-0.0001124549999999998,4.606397634131198,-0.2462937796111219
-0.0001118249999999998,4.607744473753972,-0.2459553133377498
-0.0001111949999999998,4.608754603471054,-0.2442629819708889
-0.0001105649999999998,4.609428023282442,-0.2418937180572836
-0.0001099349999999998,4.610438152999524,-0.2418937180572836
-0.0001093049999999998,4.611784992622298,-0.2405398529637948
-0.0001086749999999998,4.614478671867849,-0.2378321227768173
-0.0001080449999999998,4.615825511490624,-0.2364782576833286
-0.0001074149999999998,4.616498931302012,-0.2354628588632121
-0.0001067849999999998,4.619866030358951,-0.2330935949496068
-0.0001061549999999998,4.620539450170338,-0.2337705274963512
-0.0001055249999999998,4.623233129415889,-0.2290319996691405
-0.0001048949999999998,4.62592680866144,-0.2276781345756518
-0.0001042649999999998,4.626936938378521,-0.2273396683022796
-0.0001036349999999998,4.629630617624072,-0.2246319381153022
-0.0001030049999999998,4.631650877058235,-0.2229396067484412
-0.0001023749999999998,4.635354686020866,-0.2202318765614638
-0.0001017449999999998,4.63569139592656,-0.2185395451946029
-0.0001011149999999998,4.638385075172112,-0.2148164161875088
-0.0001004849999999998,4.64006862470058,-0.2138010173673922
-9.985499999999981e-05,4.641752174229049,-0.211431753453787
-9.92249999999998e-05,4.643772433663212,-0.2094009558135539
-9.85949999999998e-05,4.645455983191682,-0.2066932256265764
-9.79649999999998e-05,4.647476242625845,-0.2070316918999486
-9.73349999999998e-05,4.649496502060008,-0.2050008942597154
-9.67049999999998e-05,4.652190181305558,-0.2026316303461102
-9.60749999999998e-05,4.655220570456803,-0.1995854338857605
-9.54449999999998e-05,4.655557280362497,-0.1992469676123883
-9.48149999999998e-05,4.657914249702353,-0.1965392374254108
-9.41849999999998e-05,4.658924379419435,-0.1951853723319221
-9.35549999999998e-05,4.659261089325129,-0.1948469060585499
-9.292499999999981e-05,4.662628188382067,-0.1928161084183168
-9.229499999999981e-05,4.66464844781623,-0.1897699119579671
-9.166499999999981e-05,4.666331997344699,-0.1904468445047115
-9.103499999999981e-05,4.666668707250393,-0.1884160468644784
-9.04049999999998e-05,4.668015546873169,-0.187739114317734
-8.97749999999998e-05,4.670372516213025,-0.1846929178573844
-8.91449999999998e-05,4.673066195458576,-0.1836775190372678
-8.85149999999998e-05,4.673066195458576,-0.1819851876704069
-8.78849999999998e-05,4.674076325175657,-0.1806313225769181
-8.72549999999998e-05,4.675423164798433,-0.1813082551236625
-8.66249999999998e-05,4.677106714326902,-0.1792774574834294
-8.59949999999998e-05,4.679126973761065,-0.1762312610230798
-8.53649999999998e-05,4.680810523289534,-0.174877395929591
-8.47349999999998e-05,4.682157362912309,-0.174877395929591
-8.410499999999981e-05,4.684514332252166,-0.1714927331958692
-8.347499999999981e-05,4.686871301592022,-0.1704773343757526
-8.284499999999981e-05,4.686871301592022,-0.1698004018290083
-8.221499999999979e-05,4.68922827093188,-0.1677696041887752
-8.15849999999998e-05,4.689901690743267,-0.165738806548542
-8.09549999999998e-05,4.691585240271737,-0.1647234077284255
-8.03249999999998e-05,4.694278919517287,-0.1630310763615646
-7.96949999999998e-05,4.69629917895145,-0.1610002787213315
-7.90649999999998e-05,4.697309308668531,-0.1586310148077262
-7.84349999999998e-05,4.699329568102694,-0.1579540822609818
-7.78049999999998e-05,4.700339697819776,-0.1569386834408652
-7.71749999999998e-05,4.701686537442551,-0.1559232846207487
-7.65449999999998e-05,4.70337008697102,-0.1538924869805156
-7.59149999999998e-05,4.703706796876714,-0.1535540207071434
-7.528499999999981e-05,4.706737186027959,-0.1515232230669103
-7.465499999999981e-05,4.710104285084897,-0.1471231615130719
-7.402499999999981e-05,4.710104285084897,-0.1467846952396997
-7.339499999999979e-05,4.712461254424754,-0.1440769650527222
-7.27649999999998e-05,4.713808094047529,-0.1447538975994666
-7.21349999999998e-05,4.714481513858917,-0.1444154313260944
-7.15049999999998e-05,4.71650177329308,-0.1423846336858613
-7.08749999999998e-05,4.717848612915855,-0.1406923023190004
-7.02449999999998e-05,4.718858742632936,-0.1376461058586507
-6.96149999999998e-05,4.719532162444325,-0.1379845721320229
-6.89849999999998e-05,4.722899261501262,-0.1339229768515567
-6.83549999999998e-05,4.726266360558201,-0.1325691117580679
-6.77249999999998e-05,4.727276490275282,-0.1322306454846958
-6.70949999999998e-05,4.727613200180977,-0.1312152466645792
-6.64649999999998e-05,4.729970169520833,-0.1291844490243461
-6.583499999999981e-05,4.731317009143608,-0.1274921176574852
-6.520499999999981e-05,4.73401068838916,-0.1251228537438799
-6.457499999999979e-05,4.73401068838916,-0.1241074549237633
-6.39449999999998e-05,4.73670436763471,-0.123430522377019
-6.33149999999998e-05,4.736367657729016,-0.1213997247367859
-6.26849999999998e-05,4.739061336974567,-0.1200458596432971
-6.20549999999998e-05,4.740408176597342,-0.1193689270965528
-6.14249999999998e-05,4.744111985559974,-0.1176765957296918
-6.079499999999979e-05,4.744448695465667,-0.11429193299597
-6.016499999999979e-05,4.747142374711219,-0.1136150004492256
-5.95349999999998e-05,4.747815794522606,-0.1119226690823647
-5.89049999999998e-05,4.75084618367385,-0.1098918714421316
-5.827499999999979e-05,4.751856313390932,-0.108876472622015
-5.764499999999979e-05,4.751182893579545,-0.1078610738018985
-5.701499999999979e-05,4.753203153013708,-0.105153343614921
-5.638499999999979e-05,4.756906961976339,-0.1041379447948045
-5.575499999999979e-05,4.757580381787728,-0.1031225459746879
-5.512499999999979e-05,4.758927221410502,-0.1021071471545713
-5.44949999999998e-05,4.760947480844665,-0.09906095069422169
-5.386499999999979e-05,4.76397786999591,-0.09736861932736077
-5.323499999999979e-05,4.765324709618685,-0.09533782168712765
-5.260499999999979e-05,4.769028518581317,-0.09195315895340581
-5.197499999999979e-05,4.770038648298399,-0.09229162522677797
-5.134499999999979e-05,4.770038648298399,-0.09093776013328925
-5.071499999999979e-05,4.771722197826868,-0.08992236131317269
-5.00849999999998e-05,4.775089296883807,-0.08653769857945084
-4.945499999999979e-05,4.776436136506581,-0.08687616485282304
-4.882499999999979e-05,4.776436136506581,-0.08450690093921773
-4.819499999999979e-05,4.779129815752133,-0.08213763702561244
-4.756499999999979e-05,4.77980323556352,-0.08044530565875152
-4.693499999999979e-05,4.780476655374907,-0.08010683938537935
-4.630499999999979e-05,4.783507044526152,-0.07638371037828531
-4.56749999999998e-05,4.78687414358309,-0.07570677783154095
-4.504499999999979e-05,4.788894403017253,-0.07299904764456347
-4.441499999999979e-05,4.790241242640029,-0.07130671627770255
-4.378499999999979e-05,4.79125137235711,-0.07062978373095818
-4.315499999999979e-05,4.793945051602661,-0.06995285118421379
-4.252499999999979e-05,4.79562860113113,-0.06758358727060851
-4.189499999999979e-05,4.796975440753905,-0.06622972217711978
-4.12649999999998e-05,4.80000582990515,-0.06453739081025886
-4.063499999999979e-05,4.801352669527925,-0.06216812689665355
-4.000499999999979e-05,4.804046348773475,-0.0587834641629317
-3.937499999999979e-05,4.805729898301945,-0.05675266652269861
-3.874499999999979e-05,4.807076737924721,-0.05539880142920986
-3.811499999999979e-05,4.809096997358884,-0.05302953751560457
-3.748499999999979e-05,4.811790676604434,-0.04998334105525493
-3.68549999999998e-05,4.817178035095536,-0.04761407714164961
-3.622499999999979e-05,4.818861584624004,-0.04659867832153305
-3.559499999999979e-05,4.819535004435392,-0.04422941440792777
-3.496499999999979e-05,4.82290210349233,-0.04253708304106685
-3.433499999999979e-05,4.824585653020799,-0.04016781912746156
-3.370499999999979e-05,4.828289461983432,-0.03678315639373972
-3.307499999999979e-05,4.829299591700513,-0.0350908250268788
-3.24449999999998e-05,4.831993270946064,-0.03407542620676224
-3.181499999999979e-05,4.834350240285921,-0.03001383092629603
-3.118499999999979e-05,4.834013530380227,-0.03001383092629603
-3.055499999999979e-05,4.837717339342859,-0.02798303328606291
-2.99249999999998e-05,4.838390759154247,-0.02730610073931855
-2.92949999999998e-05,4.839737598777022,-0.02425990427896887
-2.866499999999979e-05,4.842431278022572,-0.02324450545885234
-2.80349999999998e-05,4.843441407739654,-0.02189064036536359
-2.74049999999998e-05,4.845798377079511,-0.02019830899850267
-2.677499999999979e-05,4.845798377079511,-0.01884444390501394
-2.614499999999979e-05,4.84916547613645,-0.01749057881152519
-2.55149999999998e-05,4.851185735570613,-0.0154597811712921
-2.48849999999998e-05,4.852532575193387,-0.01376744980443118
-2.425499999999979e-05,4.852532575193387,-0.01207511843757025
-2.362499999999979e-05,4.855899674250326,-0.009705854523964941
-2.29949999999998e-05,4.85893006340157,-0.009028921977220578
-2.236499999999979e-05,4.861287032741427,-0.005982725516870929
-2.173499999999979e-05,4.862970582269896,-0.003951927876637812
-2.11049999999998e-05,4.864317421892672,-0.002936529056521253
-2.04749999999998e-05,4.864654131798366,-0.001921130236404708
-1.984499999999979e-05,4.867011101138222,-0.0002287988695437726
-1.921499999999979e-05,4.867347811043916,-0.0002287988695437726
-1.85849999999998e-05,4.868694650666692,0.001125066223944954
-1.795499999999979e-05,4.871051620006548,0.003832796410922434
-1.732499999999979e-05,4.872735169535018,0.006540526597899915
-1.66949999999998e-05,4.874755428969181,0.008571324238133018
-1.60649999999998e-05,4.876775688403344,0.01060212187836612
-1.543499999999979e-05,4.877449108214731,0.01026365560499394
-1.480499999999979e-05,4.881152917177364,0.01263291951859924
-1.417499999999979e-05,4.881826336988751,0.01432525088546016
-1.354499999999979e-05,4.883846596422914,0.01635604852569326
-1.291499999999979e-05,4.885193436045689,0.01737144734580982
-1.228499999999979e-05,4.887213695479852,0.01804837989255419
-1.165499999999979e-05,4.888897245008321,0.02109457635290385
-1.102499999999979e-05,4.89058079453679,0.02244844144639259
-1.039499999999979e-05,4.89226434406526,0.02515617163337007
-9.764999999999792e-06,4.893947893593729,0.02515617163337007
-9.134999999999793e-06,4.895631443122197,0.02718696927360317
-8.504999999999792e-06,4.898325122367749,0.0288793006404641
-7.874999999999793e-06,4.898998542179136,0.03023316573395284
-7.244999999999793e-06,4.900682091707606,0.03124856455406938
-6.614999999999793e-06,4.904049190764543,0.03463322728779124
-5.984999999999793e-06,4.904722610575932,0.0353101598345356
-5.354999999999792e-06,4.908089709632869,0.03869482256825744
-4.724999999999792e-06,4.909773259161339,0.04106408648186274
-4.094999999999792e-06,4.910109969067032,0.04038715393511837
-3.464999999999792e-06,4.911456808689808,0.04106408648186274
-2.834999999999792e-06,4.912803648312583,0.04275641784872367
-2.204999999999792e-06,4.914823907746746,0.04580261430907333
-1.574999999999792e-06,4.917180877086603,0.04681801312918987
-9.449999999997923e-07,4.919201136520766,0.04817187822267861
-3.149999999997923e-07,4.921894815766317,0.05155654095640046
3.150000000002077e-07,4.923241655389092,0.05223347350314483
9.450000000002078e-07,4.923578365294786,0.0529104060498892
1.575000000000208e-06,4.92660875444603,0.05663353505698324
2.205000000000208e-06,4.927282174257418,0.05798740015047197
2.835000000000208e-06,4.931322693125744,0.06069513033744944
3.465000000000208e-06,4.931322693125744,0.06001819779070508
4.095000000000208e-06,4.932332822842826,0.06238746170431037
4.725000000000208e-06,4.9336796624656,0.06272592797768256
5.355000000000208e-06,4.937046761522539,0.06543365816466003
5.985000000000208e-06,4.937383471428233,0.0661105907114044
6.615000000000209e-06,4.940413860579477,0.06881832089838189
7.245000000000208e-06,4.943107539825028,0.07152605108535935
7.875000000000208e-06,4.944791089353497,0.07220298363210373
8.505000000000209e-06,4.947148058693354,0.07457224754570901
9.135000000000208e-06,4.949841737938905,0.07829537655280305
9.765000000000209e-06,4.951525287467374,0.07998770791966398
1.039500000000021e-05,4.955229096430006,0.08404930320013018
1.102500000000021e-05,4.955229096430006,0.08303390438001362
1.165500000000021e-05,4.958932905392638,0.08641856711373547
1.228500000000021e-05,4.961963294543883,0.08878783102734077
1.291500000000021e-05,4.963646844072351,0.09048016239420169
1.354500000000021e-05,4.966003813412208,0.09217249376106261
1.417500000000021e-05,4.968360782752065,0.09623408904152883
1.480500000000021e-05,4.968697492657759,0.09657255531490101
1.543500000000021e-05,4.973748141243167,0.1009726168687394
1.606500000000021e-05,4.973411431337473,0.1009726168687394
1.669500000000021e-05,4.975431690771636,0.1033418807823447
1.732500000000021e-05,4.978798789828574,0.1050342121492056
1.795500000000021e-05,4.979808919545656,0.1063880772426944
1.858500000000021e-05,4.982502598791206,0.1084188748829275
1.921500000000021e-05,4.982165888885512,0.1080804086095553
1.984500000000021e-05,4.984522858225369,0.1101112062497884
2.047500000000021e-05,4.985532987942451,0.1121420038900215
2.110500000000021e-05,4.988226667188001,0.1145112678036268
2.173500000000021e-05,4.988900086999389,0.1141728015302546
2.236500000000021e-05,4.991593766244939,0.1168805317172321
2.299500000000021e-05,4.992603895962021,0.1182343968107208
2.362500000000021e-05,4.991930476150634,0.118572863084093
2.425500000000021e-05,4.995634285113265,0.1209421269976983
2.488500000000021e-05,4.998327964358817,0.1233113909113036
2.551500000000021e-05,4.999001384170204,0.1246652560047923
2.614500000000021e-05,5.001695063415754,0.1263575873716533
2.677500000000021e-05,5.002031773321448,0.127711452465142
2.740500000000021e-05,5.003378612944224,0.1273729861917698
2.803500000000021e-05,5.006409002095468,0.1317730477456082
2.866500000000021e-05,5.007755841718243,0.1331269128390969
2.929500000000021e-05,5.010449520963794,0.1327884465657247
2.992500000000021e-05,5.011122940775182,0.1358346430260744
3.055500000000021e-05,5.012806490303651,0.1365115755728188
3.118500000000021e-05,5.013816620020733,0.1371885081195632
3.181500000000021e-05,5.016510299266283,0.1402347045799128
3.244500000000021e-05,5.017857138889059,0.1415885696734016
3.307500000000021e-05,5.019203978511833,0.1426039684935181
3.370500000000021e-05,5.019877398323222,0.1439578335870069
3.433500000000021e-05,5.022234367663078,0.14598863122724
3.496500000000021e-05,5.022571077568772,0.1466655637739843
3.559500000000021e-05,5.026611596437098,0.1507271590544506
3.622500000000021e-05,5.026611596437098,0.1503886927810784
3.685500000000021e-05,5.028968565776955,0.1517425578745671
3.748500000000021e-05,5.030652115305424,0.1530964229680558
3.811500000000021e-05,5.031998954928199,0.1547887543349168
3.874500000000021e-05,5.035029344079444,0.157158018248522
3.937500000000021e-05,5.035702763890831,0.157158018248522
4.000500000000021e-05,5.038059733230688,0.1591888158887552
4.063500000000021e-05,5.03906986294777,0.1608811472556161
4.126500000000021e-05,5.040753412476239,0.1622350123491048
4.189500000000021e-05,5.04176354219332,0.1642658099893379
4.252500000000021e-05,5.04344709172179,0.1646042762627101
4.315500000000021e-05,5.045804061061646,0.1666350739029432
4.378500000000021e-05,5.047150900684422,0.1696812703632929
4.441500000000021e-05,5.049171160118584,0.1713736017301538
4.504500000000021e-05,5.049844579929973,0.1713736017301538
4.567500000000021e-05,5.051864839364136,0.1730659330970147
4.630500000000021e-05,5.053548388892604,0.1750967307372479
4.693500000000021e-05,5.055905358232462,0.1774659946508531
4.756500000000021e-05,5.056915487949543,0.1771275283774809
4.819500000000021e-05,5.059945877100787,0.1801737248378306
4.882500000000021e-05,5.062302846440644,0.1838968538449246
4.945500000000021e-05,5.062639556346338,0.1835583875715525
5.008500000000021e-05,5.06634336530897,0.1866045840319021
5.071500000000021e-05,5.067690204931745,0.1879584491253908
5.134500000000021e-05,5.072067433705765,0.1913431118591127
5.197500000000021e-05,5.071394013894378,0.1913431118591127
5.260500000000021e-05,5.072740853517153,0.1943893083194624
5.323500000000021e-05,5.076107952574091,0.1967585722330676
5.386500000000021e-05,5.07947505163103,0.1984509035999286
5.449500000000021e-05,5.081832020970886,0.201158633786906
5.512500000000022e-05,5.083515570499356,0.2038663639738835
5.575500000000021e-05,5.085199120027824,0.2035278977005113
5.638500000000021e-05,5.086882669556294,0.2052202290673723
5.701500000000021e-05,5.088566219084763,0.2082664255277219
5.764500000000021e-05,5.091596608236007,0.210297223167955
5.827500000000021e-05,5.092606737953089,0.2113126219880716
5.890500000000021e-05,5.09361686767017,0.2126664870815603
5.953500000000022e-05,5.094963707292946,0.2143588184484213
6.016500000000021e-05,5.097657386538496,0.2153742172685378
6.079500000000021e-05,5.09799409644419,0.2163896160886544
6.142500000000021e-05,5.099004226161272,0.2180819474555153
6.20550000000002e-05,5.101024485595435,0.2197742788223762
6.26850000000002e-05,5.103718164840985,0.2211281439158649
6.33150000000002e-05,5.104728294558067,0.2218050764626093
6.39450000000002e-05,5.105738424275148,0.2238358741028424
6.45750000000002e-05,5.105738424275148,0.2238358741028424
6.52050000000002e-05,5.107758683709311,0.2258666717430755
6.583500000000021e-05,5.109778943143474,0.2275590031099364
6.646500000000021e-05,5.111799202577637,0.2299282670235417
6.709500000000021e-05,5.112809332294718,0.2302667332969139
6.772500000000021e-05,5.113482752106107,0.2302667332969139
6.835500000000021e-05,5.115839721445963,0.2343283285773801
6.898500000000021e-05,5.11819669078582,0.2373745250377298
6.961500000000021e-05,5.118533400691514,0.2366975924909854
7.024500000000021e-05,5.121900499748453,0.237712991311102
7.08750000000002e-05,5.121563789842758,0.2383899238578464
7.15050000000002e-05,5.122910629465534,0.2387283901312185
7.21350000000002e-05,5.123247339371227,0.2400822552247073
7.27650000000002e-05,5.125941018616778,0.241436120318196
7.33950000000002e-05,5.128634697862329,0.2438053842318013
7.40250000000002e-05,5.128297987956635,0.2438053842318013
7.465500000000021e-05,5.130654957296492,0.2461746481454066
7.528500000000021e-05,5.131328377107879,0.2485439120590119
7.591500000000021e-05,5.132338506824961,0.2488823783323841
7.654500000000021e-05,5.13402205635343,0.2512516422459894
7.717500000000021e-05,5.136379025693286,0.2539593724329668
7.780500000000021e-05,5.138735995033143,0.2556517037998278
7.843500000000021e-05,5.140082834655919,0.2553132375264556
7.906500000000021e-05,5.141092964373001,0.2559901700732
7.969500000000021e-05,5.140756254467306,0.2566671026199443
8.03250000000002e-05,5.142776513901469,0.2573440351666887
8.09550000000002e-05,5.144460063429939,0.2583594339868053
8.15850000000002e-05,5.147153742675489,0.2624210292672715
8.22150000000002e-05,5.147153742675489,0.2617440967205271
8.28450000000002e-05,5.148163872392571,0.263436428087388
8.347500000000021e-05,5.149174002109652,0.2644518269075046
8.410500000000021e-05,5.151867681355203,0.2664826245477376
8.473500000000021e-05,5.153887940789366,0.2678364896412264
8.536500000000021e-05,5.154561360600754,0.268851888461343
8.599500000000021e-05,5.155571490317835,0.2705442198282039
8.662500000000021e-05,5.157591749751998,0.2708826861015761
8.725500000000021e-05,5.158265169563386,0.2722365511950648
8.788500000000021e-05,5.159612009186161,0.2739288825619257
8.851500000000021e-05,5.159612009186161,0.2752827476554145
8.91450000000002e-05,5.16129555871463,0.2769750790222754
8.97750000000002e-05,5.164662657771569,0.2793443429358807
9.04050000000002e-05,5.164999367677263,0.2800212754826251
9.10350000000002e-05,5.167019627111426,0.2813751405761138
9.166500000000021e-05,5.167693046922813,0.2803597417559972
9.229500000000021e-05,5.169039886545589,0.2827290056696026
9.292500000000021e-05,5.17005001626267,0.2827290056696026
9.355500000000021e-05,5.173417115319608,0.2850982695832078
9.418500000000021e-05,5.174090535130996,0.2878059997701853
9.481500000000021e-05,5.176784214376546,0.2888213985903019
9.544500000000021e-05,5.179141183716403,0.2908521962305349
9.607500000000021e-05,5.181834862961954,0.2942368589642568
9.670500000000021e-05,5.183518412490423,0.2962676566044899
9.733500000000021e-05,5.185201962018892,0.2972830554246065
9.79650000000002e-05,5.186885511547361,0.2979599879713508
9.85950000000002e-05,5.188905770981524,0.3013446507050727
9.92250000000002e-05,5.189915900698606,0.302021583251817
9.98550000000002e-05,5.191262740321381,0.3033754483453058
0.0001004850000000002,5.19462983937832,0.3067601110790277
0.0001011150000000002,5.194966549284013,0.3070985773523998
0.0001017450000000002,5.196650098812483,0.3087909087192607
0.0001023750000000002,5.199343778058033,0.3114986389062382
0.0001030050000000002,5.199680487963727,0.3101447738127495
0.0001036350000000002,5.201027327586503,0.3118371051796104
0.0001042650000000002,5.202710877114971,0.3135294365464714
0.0001048950000000002,5.202710877114971,0.3145448353665879
0.0001055250000000002,5.204057716737747,0.3158987004600766
0.0001061550000000002,5.206414686077603,0.3172525655535654
0.0001067850000000002,5.206751395983297,0.3179294981003097
0.0001074150000000002,5.206414686077603,0.3179294981003097
0.0001080450000000002,5.208098235606073,0.3206372282872872
0.0001086750000000002,5.209781785134542,0.3219910933807759
0.0001093050000000002,5.210118495040236,0.3213141608340316
0.0001099350000000002,5.212812174285786,0.3230064922008925
0.0001105650000000002,5.214159013908562,0.3240218910210091
0.0001111950000000002,5.214159013908562,0.3243603572943812
0.0001118250000000002,5.214832433719949,0.3260526886612422
0.0001124550000000002,5.217862822871194,0.3270680874813587
0.0001130850000000002,5.2175261129655,0.3274065537547309
0.0001137150000000002,5.218872952588275,0.3280834863014753
0.0001143450000000002,5.220893212022438,0.3307912164884528
0.0001149750000000002,5.221566631833826,0.3314681490351971
0.0001156050000000002,5.222240051645214,0.3307912164884528
0.0001162350000000002,5.222913471456601,0.333160480402058
0.0001168650000000002,5.224260311079377,0.3351912780422912
0.0001174950000000002,5.22628057051354,0.3355297443156633
0.0001181250000000002,5.226953990324927,0.3355297443156633
0.0001187550000000002,5.228300829947703,0.3389144070493851
0.0001193850000000002,5.228637539853397,0.3378990082292687
0.0001200150000000002,5.230321089381865,0.3409452046896183
0.0001206450000000002,5.231331219098947,0.3406067384162461
0.0001212750000000002,5.232678058721723,0.3409452046896183
0.0001219050000000002,5.232678058721723,0.3416221372363626
0.0001225350000000002,5.234698318155885,0.342299069783107
0.0001231650000000002,5.23503502806158,0.3446683336967123
0.0001237950000000002,5.23772870730713,0.3453452662434567
0.0001244250000000002,5.236381867684354,0.3466991313369454
0.0001250550000000002,5.238402127118517,0.347714530157062
0.0001256850000000002,5.240759096458374,0.3497453277972951
0.0001263150000000002,5.24042238655268,0.3490683952505507
0.0001269450000000002,5.241095806364068,0.3490683952505507
0.0001275750000000002,5.243452775703925,0.3510991928907838
0.0001282050000000002,5.242779355892537,0.3521145917109004
0.0001288350000000002,5.2447996153267,0.3531299905310169
0.0001294650000000002,5.247156584666557,0.3558377207179944
0.0001300950000000002,5.247493294572251,0.3558377207179944
0.0001307250000000002,5.248840134195026,0.3565146532647387
0.0001313550000000002,5.249850263912108,0.3571915858114831
0.0001319850000000002,5.251197103534883,0.3592223834517163
0.0001326150000000002,5.25355407287474,0.3615916473653216
0.0001332450000000002,5.255237622403209,0.3622685799120659
0.0001338750000000002,5.255911042214596,0.3636224450055546
0.0001345050000000002,5.257594591743066,0.3649763100990434
0.0001351350000000002,5.259614851177229,0.3663301751925321
0.0001357650000000002,5.262308530422779,0.3693763716528818
0.0001363950000000002,5.261971820517085,0.369714837926254
0.0001370250000000002,5.263318660139861,0.3710687030197427
0.0001376550000000002,5.266349049291105,0.3724225681132315
0.0001382850000000002,5.267359179008187,0.373437966933348
0.0001389150000000002,5.268369308725268,0.3754687645735811
0.0001395450000000002,5.269716148348044,0.3761456971203255
0.0001401750000000002,5.270389568159431,0.377161095940442
0.0001408050000000002,5.272746537499288,0.3778380284871864
0.0001414350000000002,5.272409827593594,0.3778380284871864
0.0001420650000000002,5.27375666721637,0.3798688261274195
0.0001426950000000002,5.27375666721637,0.380884224947536
0.0001433250000000002,5.274430087027757,0.380884224947536
0.0001439550000000002,5.274766796933451,0.3818996237676526
0.0001445850000000002,5.276787056367614,0.382576556314397
0.0001452150000000002,5.278807315801777,0.3829150225877692
0.0001458450000000002,5.277797186084696,0.3852842865013745
0.0001464750000000002,5.279817445518859,0.3856227527747467
0.0001471050000000002,5.280490865330246,0.3856227527747467
0.0001477350000000002,5.281164285141634,0.3862996853214911
0.0001483650000000002,5.281500995047328,0.3862996853214911
0.0001489950000000002,5.281837704953022,0.3879920166883519
0.0001496250000000002,5.282174414858716,0.3879920166883519
0.0001502550000000002,5.284194674292879,0.3879920166883519
0.0001508850000000002,5.28520480400996,0.3903612806019572
0.0001515150000000002,5.28520480400996,0.391715145695446
0.0001521450000000002,5.285878223821348,0.3903612806019572
0.0001527750000000002,5.288235193161205,0.3920536119688182
0.0001534050000000002,5.28789848325551,0.3920536119688182
0.0001540350000000002,5.28789848325551,0.3927305445155626
0.0001546650000000002,5.288235193161205,0.3930690107889347
0.0001552950000000002,5.28958203278398,0.3947613421557956
0.0001559250000000002,5.28958203278398,0.3950998084291678
0.0001565550000000002,5.290592162501062,0.39543827470254
0.0001571850000000002,5.291939002123836,0.3957767409759122
0.0001578150000000002,5.292612421935225,0.3974690723427731
0.0001584450000000002,5.293285841746612,0.3974690723427731
0.0001590750000000002,5.292949131840918,0.3974690723427731
0.0001597050000000002,5.294632681369388,0.399161403709634
0.0001603350000000002,5.295979520992162,0.3994998699830062
0.0001609650000000002,5.296989650709244,0.3998383362563784
0.0001615950000000002,5.296652940803551,0.3994998699830062
0.0001622250000000002,5.297326360614938,0.4008537350764949
0.0001628550000000002,5.298673200237713,0.4035614652634725
0.0001634850000000002,5.299346620049101,0.4022076001699837
0.0001641150000000002,5.300356749766182,0.4032229989901003
0.0001647450000000002,5.303050429011733,0.4066076617238221
0.0001653750000000002,5.30103016957757,0.4049153303569611
0.0001660050000000002,5.302713719106039,0.4072845942705665
0.0001666350000000002,5.303387138917427,0.4066076617238221
0.0001672650000000002,5.303723848823121,0.408299993090683
0.0001678950000000002,5.304733978540202,0.4072845942705665
0.0001685250000000002,5.304060558728814,0.4059307291770777
0.0001691550000000002,5.306754237974365,0.4093153919107996
0.0001697850000000002,5.306417528068671,0.4093153919107996
0.0001704150000000002,5.306417528068671,0.4103307907309162
0.0001710450000000002,5.307427657785753,0.4106692570042884
0.0001716750000000002,5.30978462712561,0.4116846558244048
0.0001723050000000002,5.310121337031304,0.4130385209178936
0.0001729350000000002,5.312141596465467,0.4147308522847545
0.0001735650000000002,5.313151726182548,0.4157462511048711
0.0001741950000000002,5.314835275711017,0.4171001161983598
0.0001748250000000002,5.314835275711017,0.4167616499249877
0.0001754550000000002,5.31685553514518,0.4181155150184763
0.0001760850000000002,5.316518825239486,0.4187924475652207
0.0001767150000000002,5.318202374767956,0.4187924475652207
0.0001773450000000002,5.31954921439073,0.4208232452054539
0.0001779750000000002,5.321569473824893,0.4242079079391757
0.0001786050000000002,5.320559344107812,0.4221771102989426
0.0001792350000000002,5.321569473824893,0.4255617730326644
0.0001798650000000002,5.322579603541975,0.4259002393060366
0.0001804950000000002,5.323253023353363,0.42488484048592
0.0001811250000000002,5.322242893636282,0.4242079079391757
0.0001817550000000002,5.324599862976138,0.4255617730326644
0.0001823850000000002,5.325273282787526,0.4255617730326644
0.0001830150000000002,5.32560999269322,0.4259002393060366
0.0001836450000000002,5.32560999269322,0.4269156381261532
0.0001842750000000002,5.324936572881832,0.4252233067592922
0.0001849050000000002,5.326283412504607,0.4279310369462698
0.0001855350000000002,5.326283412504607,0.4282695032196419
0.0001861650000000002,5.32560999269322,0.4275925706728976
0.0001867950000000002,5.326620122410302,0.4289464357663862
0.0001874250000000002,5.327293542221689,0.4279310369462698
0.0001880550000000002,5.326620122410302,0.4282695032196419
0.0001886850000000002,5.328640381844465,0.4292849020397584
0.0001893150000000002,5.328640381844465,0.4292849020397584
0.0001899450000000002,5.327966962033076,0.4292849020397584
0.0001905750000000002,5.329650511561546,0.4292849020397584
0.0001912050000000002,5.329987221467239,0.430300300859875
0.0001918350000000002,5.330997351184321,0.4313156996799916
0.0001924650000000002,5.329987221467239,0.430300300859875
0.0001930950000000002,5.329987221467239,0.4313156996799916
0.0001937250000000002,5.330323931372933,0.430300300859875
0.0001943550000000002,5.331334061090015,0.4333464973202247
0.0001949850000000002,5.331670770995709,0.4323310985001081
0.0001956150000000002,5.333017610618484,0.4333464973202247
0.0001962450000000002,5.332344190807096,0.4323310985001081
0.0001968750000000002,5.333354320524178,0.4336849635935969
0.0001975050000000002,5.333691030429872,0.4330080310468525
0.0001981350000000002,5.334027740335565,0.4340234298669691
0.0001987650000000002,5.334027740335565,0.4347003624137135
0.0001993950000000002,5.334364450241259,0.4336849635935969
0.0002000250000000002,5.334027740335565,0.4340234298669691
0.0002006550000000002,5.335374579958341,0.4343618961403413
0.0002012850000000002,5.335711289864035,0.4340234298669691
0.0002019150000000002,5.334701160146953,0.4347003624137135
0.0002025450000000002,5.335711289864035,0.4347003624137135
0.0002031750000000002,5.334701160146953,0.4353772949604577
0.0002038050000000002,5.336384709675422,0.4367311600539465
0.0002044350000000002,5.336384709675422,0.4357157612338299
0.0002050650000000002,5.336047999769728,0.4353772949604577
0.0002056950000000002,5.337731549298198,0.4367311600539465
0.0002063250000000002,5.337394839392504,0.4374080926006909
0.0002069550000000002,5.337394839392504,0.4370696263273187
0.0002075850000000002,5.337394839392504,0.4363926937805743
0.0002082150000000002,5.338741679015279,0.4380850251474353
0.0002088450000000002,5.33705812948681,0.4370696263273187
0.0002094750000000002,5.339078388920973,0.4391004239675518
0.0002101050000000002,5.339415098826667,0.4374080926006909
0.0002107350000000002,5.339751808732361,0.4374080926006909
0.0002113650000000002,5.342108778072218,0.4407927553344128
0.0002119950000000002,5.342108778072218,0.4428235529746458
0.0002126250000000002,5.340761938449442,0.4407927553344128
0.0002132550000000002,5.342782197883605,0.4424850867012736
0.0002138850000000002,5.344465747412074,0.4435004855213902
0.0002145150000000002,5.344465747412074,0.4445158843415068
0.0002151450000000002,5.34581258703485,0.444854350614879
0.0002157750000000002,5.346149296940544,0.4438389517947624
0.0002164050000000002,5.34581258703485,0.4451928168882512
0.0002170350000000002,5.346149296940544,0.4445158843415068
0.0002176650000000002,5.3485062662804,0.4468851482551121
0.0002182950000000002,5.3485062662804,0.4468851482551121
0.0002189250000000002,5.348169556374707,0.4472236145284842
0.0002195550000000002,5.349179686091788,0.4475620808018564
0.0002201850000000002,5.347832846469013,0.4465466819817399
0.0002208150000000002,5.349179686091788,0.4462082157083677
0.0002214450000000002,5.349516395997481,0.4468851482551121
0.0002220750000000002,5.347832846469013,0.4468851482551121
0.0002227050000000002,5.3485062662804,0.4472236145284842
0.0002233350000000002,5.347496136563318,0.4465466819817399
0.0002239650000000002,5.349516395997481,0.4458697494349955
0.0002245950000000002,5.347832846469013,0.4458697494349955
0.0002252250000000002,5.346486006846237,0.444854350614879
0.0002258550000000002,5.348842976186094,0.4475620808018564
0.0002264850000000002,5.3485062662804,0.4465466819817399
0.0002271150000000002,5.346486006846237,0.4441774180681346
0.0002277450000000002,5.346822716751931,0.4435004855213902
0.0002283750000000002,5.347496136563318,0.444854350614879
0.0002290050000000002,5.347832846469013,0.4462082157083677
0.0002296350000000002,5.348169556374707,0.4455312831616233
0.0002302650000000002,5.349516395997481,0.4465466819817399
0.0002308950000000002,5.348169556374707,0.4465466819817399
0.0002315250000000002,5.347832846469013,0.4465466819817399
0.0002321550000000002,5.347159426657625,0.4451928168882512
0.0002327850000000002,5.346486006846237,0.4438389517947624
0.0002334150000000002,5.345475877129156,0.443162019248018
0.0002340450000000002,5.344129037506381,0.4421466204279014
0.0002346750000000002,5.34581258703485,0.4424850867012736
0.0002353050000000002,5.346822716751931,0.4455312831616233
0.0002359350000000002,5.346149296940544,0.4428235529746458
0.0002365650000000002,5.346486006846237,0.4451928168882512
0.0002371950000000002,5.344802457317768,0.4435004855213902
0.0002378250000000002,5.346149296940544,0.443162019248018
0.0002384550000000002,5.347496136563318,0.4445158843415068
0.0002390850000000002,5.345475877129156,0.443162019248018
0.0002397150000000002,5.345139167223462,0.4424850867012736
0.0002403450000000002,5.344129037506381,0.4414696878811571
0.0002409750000000002,5.344465747412074,0.4418081541545293
0.0002416050000000002,5.344129037506381,0.441131221607785
0.0002422350000000002,5.343118907789298,0.441131221607785
0.0002428650000000002,5.344129037506381,0.4421466204279014
0.0002434950000000002,5.342782197883605,0.4404542890610406
0.0002441250000000002,5.344129037506381,0.441131221607785
0.0002447550000000002,5.345139167223462,0.4418081541545293
0.0002453850000000002,5.342782197883605,0.4401158227876684
0.0002460150000000002,5.343792327600687,0.4397773565142962
0.0002466450000000002,5.342108778072218,0.4384234914208074
0.0002472750000000002,5.341772068166524,0.439438890240924
0.0002479050000000002,5.340761938449442,0.4391004239675518
0.0002485350000000002,5.341098648355135,0.4387619576941796
0.0002491650000000002,5.34143535826083,0.439438890240924
0.0002497950000000002,5.341098648355135,0.4384234914208074
0.0002504250000000002,5.340088518638054,0.4380850251474353
0.0002510550000000002,5.339751808732361,0.4370696263273187
0.0002516850000000002,5.340088518638054,0.4380850251474353
0.0002523150000000002,5.338741679015279,0.4363926937805743
0.0002529450000000002,5.339078388920973,0.4353772949604577
0.0002535750000000002,5.339078388920973,0.4360542275072021
0.0002542050000000002,5.338404969109585,0.4360542275072021
0.0002548350000000002,5.338404969109585,0.4377465588740631
0.0002554650000000002,5.339415098826667,0.4360542275072021
0.0002560950000000002,5.340425228543748,0.4380850251474353
0.0002567250000000002,5.338741679015279,0.4367311600539465
0.0002573550000000002,5.339751808732361,0.4370696263273187
0.0002579850000000002,5.339415098826667,0.4370696263273187
0.0002586150000000002,5.340425228543748,0.4384234914208074
0.0002592450000000002,5.339415098826667,0.4374080926006909
0.0002598750000000002,5.341772068166524,0.4384234914208074
0.0002605050000000002,5.341772068166524,0.4387619576941796
0.0002611350000000002,5.340761938449442,0.4377465588740631
0.0002617650000000002,5.341772068166524,0.4374080926006909
0.0002623950000000002,5.34143535826083,0.4380850251474353
0.0002630250000000002,5.341098648355135,0.4374080926006909
0.0002636550000000002,5.34143535826083,0.4387619576941796
0.0002642850000000002,5.341098648355135,0.439438890240924
0.0002649150000000002,5.339415098826667,0.4367311600539465
0.0002655450000000002,5.340088518638054,0.4374080926006909
0.0002661750000000002,5.339415098826667,0.4363926937805743
0.0002668050000000002,5.339415098826667,0.4363926937805743
0.0002674350000000002,5.339751808732361,0.4367311600539465
0.0002680650000000002,5.339415098826667,0.4347003624137135
0.0002686950000000002,5.338741679015279,0.4350388286870855
0.0002693250000000002,5.338068259203891,0.4347003624137135
0.0002699550000000002,5.336384709675422,0.4326695647734803
0.0002705850000000002,5.336384709675422,0.4323310985001081
0.0002712150000000002,5.335711289864035,0.4319926322267359
0.0002718450000000002,5.333691030429872,0.4313156996799916
0.0002724750000000002,5.334364450241259,0.4309772334066194
0.0002731050000000002,5.333017610618484,0.4299618345865028
0.0002737350000000002,5.332344190807096,0.4296233683131306
0.0002743650000000002,5.332007480901402,0.4289464357663862
0.0002749950000000002,5.331670770995709,0.4289464357663862
0.0002756250000000002,5.330997351184321,0.4289464357663862
0.0002762550000000002,5.329650511561546,0.4269156381261532
0.0002768850000000002,5.327966962033076,0.4252233067592922
0.0002775150000000002,5.327966962033076,0.4252233067592922
0.0002781450000000002,5.329313801655852,0.4255617730326644
0.0002787750000000002,5.328640381844465,0.4255617730326644
0.0002794050000000002,5.327630252127383,0.4238694416658035
0.0002800350000000002,5.327630252127383,0.4238694416658035
0.0002806650000000002,5.324599862976138,0.422854042845687
0.0002812950000000002,5.323589733259057,0.4218386440255704
0.0002819250000000002,5.32392644316475,0.421161711478826
0.0002825550000000002,5.323589733259057,0.4198078463853373
0.0002831850000000002,5.321569473824893,0.4194693801119651
0.0002838150000000002,5.322916313447669,0.4204847789320817
0.0002844450000000002,5.320896054013506,0.4181155150184763
0.0002850750000000002,5.320222634202119,0.4171001161983598
0.0002857050000000002,5.319885924296424,0.417438582471732
0.0002863350000000002,5.31954921439073,0.4167616499249877
0.0002869650000000002,5.318202374767956,0.4140539197380102
0.0002875950000000002,5.31954921439073,0.4147308522847545
0.0002882250000000002,5.315845405428099,0.413715453464638
0.0002888550000000002,5.314498565805323,0.4133769871912658
0.0002894850000000002,5.315845405428099,0.4133769871912658
0.0002901150000000002,5.317865664862262,0.4143923860113823
0.0002907450000000002,5.31416185589963,0.4110077232776604
0.0002913750000000002,5.314835275711017,0.412023122097777
0.0002920050000000002,5.313151726182548,0.4096538581841718
0.0002926350000000002,5.312141596465467,0.4093153919107996
0.0002932650000000002,5.311131466748385,0.4093153919107996
0.0002938950000000002,5.30978462712561,0.408299993090683
0.0002945250000000002,5.308437787502834,0.4069461279971943
0.0002951550000000002,5.307764367691447,0.4062691954504499
0.0002957850000000002,5.307090947880059,0.4038999315368447
0.0002964150000000002,5.307090947880059,0.4038999315368447
0.0002970450000000002,5.307427657785753,0.4038999315368447
0.0002976750000000002,5.306080818162977,0.4035614652634725
0.0002983050000000002,5.306417528068671,0.4038999315368447
0.0002989350000000002,5.303723848823121,0.4015306676232393
0.0002995650000000002,5.302713719106039,0.4001768025297506
0.0003001950000000002,5.303387138917427,0.4001768025297506
0.0003008250000000002,5.303723848823121,0.4008537350764949
0.0003014550000000002,5.303050429011733,0.4001768025297506
0.0003020850000000002,5.300693459671876,0.399161403709634
0.0003027150000000002,5.301366879483264,0.3994998699830062
0.0003033450000000002,5.30103016957757,0.3984844711628897
0.0003039750000000002,5.301366879483264,0.3984844711628897
0.0003046050000000002,5.301366879483264,0.399161403709634
0.0003052350000000002,5.300356749766182,0.3988229374362618
0.0003058650000000002,5.300356749766182,0.3971306060694009
0.0003064950000000002,5.299009910143407,0.3967921397960288
0.0003071250000000002,5.299346620049101,0.3978075386161453
0.0003077550000000002,5.299683329954795,0.3967921397960288
0.0003083850000000002,5.298673200237713,0.3961152072492844
0.0003090150000000002,5.297326360614938,0.393745943335679
0.0003096450000000002,5.295642811086469,0.3947613421557956
0.0003102750000000002,5.297999780426325,0.3947613421557956
0.0003109050000000002,5.295306101180775,0.3934074770623069
0.0003115350000000002,5.294969391275081,0.3927305445155626
0.0003121650000000002,5.292612421935225,0.3913766794220738
0.0003127950000000002,5.292275712029531,0.3900228143285851
0.0003134250000000002,5.292612421935225,0.3906997468753294
0.0003140550000000002,5.291939002123836,0.3903612806019572
0.0003146850000000002,5.289918742689673,0.3879920166883519
0.0003153150000000002,5.288571903066899,0.3869766178682353
0.0003159450000000002,5.286888353538429,0.3859612190481189
0.0003165750000000002,5.285878223821348,0.3842688876812579
0.0003172050000000002,5.284194674292879,0.3815611574942804
0.0003178350000000002,5.284194674292879,0.3829150225877692
0.0003184650000000002,5.283184544575797,0.3815611574942804
0.0003190950000000002,5.280154155424553,0.3795303598540474
0.0003197250000000002,5.280154155424553,0.3781764947605586
0.0003203550000000002,5.277797186084696,0.3761456971203255
0.0003209850000000002,5.278807315801777,0.3754687645735811
0.0003216150000000002,5.278807315801777,0.3751302983002089
0.0003222450000000002,5.276113636556227,0.3741148994800924
0.0003228750000000002,5.275440216744839,0.3754687645735811
0.0003235050000000002,5.272746537499288,0.3714071692931149
0.0003241350000000002,5.271736407782207,0.3710687030197427
0.0003247650000000002,5.271399697876513,0.3707302367463705
0.0003253950000000002,5.271399697876513,0.369714837926254
0.0003260250000000002,5.26937943844235,0.3683609728327653
0.0003266550000000002,5.268032598819575,0.3670071077392765
0.0003272850000000002,5.266685759196799,0.3659917089191599
0.0003279150000000002,5.266012339385411,0.364299377552299
0.0003285450000000002,5.262645240328474,0.3615916473653216
0.0003291750000000002,5.262645240328474,0.3615916473653216
0.0003298050000000002,5.262645240328474,0.3612531810919494
0.0003304350000000002,5.261971820517085,0.360576248545205
0.0003310650000000002,5.259951561082922,0.3602377822718328
0.0003316950000000002,5.257594591743066,0.3565146532647387
0.0003323250000000002,5.256247752120291,0.3565146532647387
0.0003329550000000002,5.255574332308903,0.3551607881712501
0.0003335850000000002,5.254227492686128,0.3538069230777613
0.0003342150000000002,5.254227492686128,0.3531299905310169
0.0003348450000000002,5.252207233251965,0.3517761254375282
0.0003354750000000002,5.251197103534883,0.3497453277972951
0.0003361050000000002,5.24917684410072,0.347714530157062
0.0003367350000000002,5.248840134195026,0.3466991313369454
0.0003373650000000002,5.246146454949476,0.3450067999700845
0.0003379950000000002,5.246483164855169,0.3456837325168289
0.0003386250000000002,5.245809745043782,0.3450067999700845
0.0003392550000000002,5.243789485609619,0.3433144686032236
0.0003398850000000002,5.243116065798231,0.3412836709629905
0.0003405150000000002,5.241769226175456,0.3409452046896183
0.0003411450000000002,5.240085676646987,0.3395913395961295
0.0003417750000000002,5.240085676646987,0.3399298058695017
0.0003424050000000002,5.237391997401436,0.3375605419558965
0.0003430350000000002,5.238065417212824,0.3372220756825243
0.0003436650000000002,5.238065417212824,0.3375605419558965
0.0003442950000000002,5.235371737967273,0.3368836094091521
0.0003449250000000002,5.235708447872967,0.3365451431357799
0.0003455550000000002,5.23335147853311,0.3334989466754302
0.0003461850000000002,5.23335147853311,0.3338374129488024
0.0003468150000000002,5.23335147853311,0.3338374129488024
0.0003474450000000002,5.232004638910334,0.3324835478553136
0.0003480750000000002,5.231331219098947,0.3318066153085693
0.0003487050000000002,5.22897424975909,0.3284219525748475
0.0003493350000000002,5.23065779928756,0.3304527502150806
0.0003499650000000002,5.228300829947703,0.3284219525748475
0.0003505950000000002,5.227290700230621,0.3280834863014753
0.0003512250000000002,5.228637539853397,0.3290988851215918
0.0003518550000000002,5.224597020985071,0.32571422238787
0.0003524850000000002,5.223250181362295,0.3233449584742647
0.0003531150000000002,5.223586891267989,0.3240218910210091
0.0003537450000000002,5.222240051645214,0.3226680259275203
0.0003543750000000002,5.220556502116745,0.3206372282872872
0.0003550050000000002,5.218872952588275,0.3189448969204263
0.0003556350000000002,5.216515983248419,0.3175910318269375
0.0003562650000000002,5.214832433719949,0.31488330163996
0.0003568950000000002,5.212475464380093,0.31488330163996
0.0003575250000000002,5.212812174285786,0.3142063690932157
0.0003581550000000002,5.211128624757317,0.3108217063594939
0.0003587850000000002,5.209108365323154,0.3104832400861217
0.0003594150000000002,5.207761525700379,0.3094678412660051
0.0003600450000000002,5.207761525700379,0.3084524424458885
0.0003606750000000002,5.20439442664344,0.3060831785322833
0.0003613050000000002,5.203047587020666,0.3043908471654223
0.0003619350000000002,5.203384296926359,0.3040523808920502
0.0003625650000000002,5.20170074739789,0.3016831169784449
0.0003631950000000002,5.199680487963727,0.3006677181583283
0.0003638250000000002,5.197996938435258,0.3010061844317005
0.0003644550000000002,5.195639969095401,0.2969445891512343
0.0003650850000000002,5.19294628984985,0.2959291903311178
0.0003657150000000002,5.193619709661238,0.2949137915110012
0.0003663450000000002,5.193282999755544,0.2938983926908846
0.0003669750000000002,5.190589320509994,0.2928829938707681
0.0003676050000000002,5.188232351170137,0.2905137299571628
0.0003682350000000002,5.188232351170137,0.2901752636837906
0.0003688650000000002,5.186212091735974,0.2878059997701853
0.0003694950000000002,5.183855122396117,0.2857752021299522
0.0003701250000000002,5.182844992679035,0.2850982695832078
0.0003707550000000002,5.179477893622098,0.2820520731228582
0.0003713850000000002,5.180151313433485,0.2827290056696026
0.0003720150000000002,5.17712092428224,0.2803597417559972
0.0003726450000000002,5.175437374753772,0.2783289441157641
0.0003732750000000002,5.174427245036689,0.2776520115690198
0.0003739050000000002,5.17274369550822,0.2742673488352979
0.0003745350000000002,5.171733565791139,0.2735904162885535
0.0003751650000000002,5.17005001626267,0.2722365511950648
0.0003757950000000002,5.168703176639895,0.2712211523749483
0.0003764250000000002,5.167693046922813,0.2691903547347151
0.0003770550000000002,5.166682917205732,0.2678364896412264
0.0003776850000000002,5.163315818148793,0.2664826245477376
0.0003783150000000002,5.161632268620324,0.2654672257276212
0.0003789450000000002,5.16129555871463,0.2644518269075046
0.0003795750000000002,5.158938589374774,0.2630979618140158
0.0003802050000000002,5.157591749751998,0.2600517653536661
0.0003808350000000002,5.155908200223529,0.2590363665335496
0.0003814650000000002,5.15422465069506,0.2580209677134331
0.0003820950000000002,5.152877811072284,0.2559901700732
0.0003827250000000002,5.150857551638121,0.2549747712530834
0.0003833550000000002,5.150857551638121,0.254297838706339
0.0003839850000000002,5.149510712015346,0.2529439736128503
0.0003846150000000002,5.148500582298265,0.2512516422459894
0.0003852450000000002,5.147490452581184,0.2509131759726172
0.0003858750000000002,5.146480322864102,0.2509131759726172
0.0003865050000000002,5.144796773335632,0.2488823783323841
0.0003871350000000002,5.144460063429939,0.2475285132388953
0.0003877650000000002,5.143449933712858,0.2485439120590119
0.0003883950000000002,5.142776513901469,0.246851580692151
0.0003890250000000002,5.139072704938838,0.2441438505051735
0.0003896550000000002,5.139409414844531,0.2444823167785457
0.0003902850000000002,5.137725865316062,0.2434669179584291
0.0003909150000000002,5.136715735598981,0.2410976540448238
0.0003915450000000002,5.136042315787593,0.2397437889513351
0.0003921750000000002,5.134358766259123,0.2383899238578464
0.0003928050000000002,5.131665087013573,0.236020659944241
0.0003934350000000002,5.129981537485104,0.2346667948507523
0.0003940650000000002,5.131328377107879,0.2346667948507523
0.0003946950000000002,5.12695114833386,0.2316205983904027
0.0003953250000000002,5.12526759880539,0.2289128682034252
0.0003959550000000002,5.123247339371227,0.2289128682034252
0.0003965850000000002,5.120553660125677,0.2275590031099364
0.0003972150000000002,5.119880240314289,0.2255282054697033
0.0003978450000000002,5.11819669078582,0.2231589415560981
0.0003984750000000002,5.117859980880126,0.2231589415560981
0.0003991050000000002,5.114492881823188,0.2207896776424927
0.0003997350000000002,5.112809332294718,0.2174050149087709
0.0004003650000000002,5.110452362954862,0.2163896160886544
0.0004009950000000002,5.109105523332087,0.2163896160886544
0.0004016250000000002,5.108095393615005,0.2130049533549325
0.0004022550000000002,5.105738424275148,0.2113126219880716
0.0004028850000000002,5.105065004463761,0.2106356894413272
0.0004035150000000002,5.102034615312516,0.2075894929809776
0.0004041450000000002,5.101024485595435,0.2062356278874888
0.0004047750000000002,5.099677645972659,0.2055586953407444
0.0004054050000000002,5.096310546915721,0.2038663639738835
0.0004060350000000002,5.095300417198639,0.2014971000602782
0.0004066650000000002,5.09361686767017,0.1998047686934173
0.0004072950000000002,5.093280157764476,0.199127836146673
0.0004079250000000002,5.09092318842462,0.1977739710531842
0.0004085550000000002,5.087219379461987,0.1947277745928345
0.0004091850000000002,5.0865459596506,0.193712375772718
0.0004098150000000002,5.085535829933518,0.1930354432259736
0.0004104450000000002,5.083515570499356,0.1910046455857405
0.0004110750000000002,5.080485181348111,0.188296915398763
0.0004117050000000002,5.080485181348111,0.1876199828520187
0.0004123350000000002,5.078128212008254,0.1849122526650412
0.0004129650000000002,5.076107952574091,0.1828814550248081
0.0004135950000000002,5.072740853517153,0.1801737248378306
0.0004142250000000002,5.072067433705765,0.1798352585644584
0.0004148550000000002,5.071057303988684,0.1781429271975975
0.0004154850000000002,5.068700334648827,0.1774659946508531
0.0004161150000000002,5.068026914837439,0.1750967307372479
0.0004167450000000002,5.064996525686195,0.1737428656437591
0.0004173750000000002,5.062639556346338,0.1706966691834094
0.0004180050000000002,5.060282587006481,0.1690043378165485
0.0004186350000000002,5.059609167195093,0.1686658715431763
0.0004192650000000002,5.058599037478012,0.1666350739029432
0.0004198950000000002,5.056915487949543,0.1649427425360823
0.0004205250000000002,5.055905358232462,0.1635888774425936
0.0004211550000000002,5.053885098798299,0.162573478622477
0.0004217850000000002,5.051864839364136,0.1602042147088717
0.0004224150000000002,5.049171160118584,0.1574964845218942
0.0004230450000000002,5.04782432049581,0.1581734170686386
0.0004236750000000002,5.04614077096734,0.1554656868816611
0.0004243050000000002,5.042100252099014,0.1514040916011949
0.0004249350000000002,5.043110381816096,0.1527579566946836
0.0004255650000000002,5.041090122381933,0.1503886927810784
0.0004261950000000002,5.039406572853464,0.1490348276875896
0.0004268250000000002,5.038733153042076,0.1480194288674731
0.0004274550000000002,5.036376183702219,0.1476809625941009
0.0004280850000000002,5.036039473796525,0.1463270975006122
0.0004287150000000002,5.035366053985138,0.1456501649538678
0.0004293450000000002,5.033009084645281,0.1436193673136347
0.0004299750000000002,5.031662245022505,0.1426039684935181
0.0004306050000000002,5.030315405399731,0.1398962383065406
0.0004312350000000002,5.030315405399731,0.1402347045799128
0.0004318650000000002,5.028631855871261,0.1382039069396797
0.0004324950000000002,5.026948306342792,0.1358346430260744
0.0004331250000000002,5.027958436059873,0.136850041846191
0.0004337550000000002,5.023581207285853,0.1331269128390969
0.0004343850000000002,5.021897657757385,0.1321115140189804
0.0004350150000000002,5.020214108228915,0.1321115140189804
0.0004356450000000002,5.017520428983365,0.1297422501053751
0.0004362750000000002,5.016847009171977,0.1280499187385142
0.0004369050000000002,5.015500169549202,0.1260191210982811
0.0004375350000000002,5.012806490303651,0.1233113909113036
0.0004381650000000002,5.011122940775182,0.1219575258178149
0.0004387950000000002,5.008765971435325,0.1192497956308374
0.0004394250000000002,5.007082421906856,0.118572863084093
0.0004400550000000002,5.004725452566999,0.1162035991704877
0.0004406850000000002,5.002705193132836,0.1151882003503712
0.0004413150000000002,5.001695063415754,0.1151882003503712
0.0004419450000000002,4.999001384170204,0.1124804701633937
0.0004425750000000002,4.997317834641735,0.109434273703044
0.0004432050000000002,4.994960865301878,0.1060496109693222
0.0004438350000000002,4.993950735584797,0.1043572796024613
0.0004444650000000002,4.991593766244939,0.1033418807823447
0.0004450950000000002,4.989236796905082,0.1013110831421116
0.0004457250000000002,4.988226667188001,0.09995721804862286
0.0004463550000000002,4.983512728508288,0.09691102158827319
0.0004469850000000002,4.983512728508288,0.09657255531490101
0.0004476150000000002,4.980145629451349,0.09352635885455135
0.0004482450000000002,4.979135499734268,0.09115709494094607
0.0004488750000000002,4.977451950205799,0.09014169612082951
0.0004495050000000002,4.976105110583023,0.08878783102734077
0.0004501350000000002,4.973411431337473,0.08777243220722422
0.0004507650000000002,4.973074721431779,0.08743396593385203
0.0004513950000000002,4.970044332280534,0.08472623574687455
0.0004520250000000002,4.969034202563453,0.08235697183326926
0.0004526550000000002,4.966677233223596,0.07897230909954742
0.0004532850000000002,4.964993683695127,0.07829537655280305
0.0004539150000000002,4.961963294543883,0.07524918009245338
0.0004545450000000002,4.959606325204025,0.07321838245222027
0.0004551750000000002,4.957249355864169,0.07152605108535935
0.0004558050000000002,4.956239226147088,0.07118758481198717
0.0004564350000000002,4.953882256807231,0.06780292207826533
0.0004570650000000002,4.952872127090149,0.06678752325814877
0.0004576950000000002,4.950178447844598,0.06340286052442692
0.0004583250000000002,4.949505028033211,0.06238746170431037
0.0004589550000000002,4.946474638881966,0.06035666406407726
0.0004595850000000002,4.945464509164885,0.06069513033744944
0.0004602150000000002,4.941423990296559,0.0573104676037276
0.0004608450000000002,4.942097410107946,0.05697200133035542
0.0004614750000000002,4.937383471428233,0.05324887232326138
0.0004621050000000002,4.936373341711151,0.05257193977651702
0.0004627350000000002,4.934353082276989,0.05020267586291173
0.0004633650000000002,4.932669532748519,0.04952574331616735
0.0004639950000000002,4.931322693125744,0.04681801312918987
0.0004646250000000002,4.929975853502969,0.04512568176232895
0.0004652550000000002,4.927618884163111,0.04309488412209585
0.0004658850000000002,4.925261914823255,0.04072562020849056
0.0004665150000000002,4.922568235577704,0.03801789002151308
0.0004671450000000002,4.921558105860623,0.03666402492802434
0.0004677750000000002,4.918864426615072,0.03463322728779124
0.0004684050000000002,4.917854296897991,0.03564862610790778
0.0004690350000000002,4.917517586992297,0.03395629474104686
0.0004696650000000002,4.914150487935358,0.03057163200732502
0.0004702950000000002,4.911120098784114,0.02786390182034754
0.0004709250000000002,4.908763129444258,0.02617157045348661
0.0004715550000000002,4.906742870010095,0.02414077281325351
0.0004721850000000002,4.907079579915788,0.02278690771976477
0.0004728150000000002,4.905732740293013,0.02244844144639259
0.0004734450000000002,4.903039061047462,0.02041764380615949
0.0004740750000000002,4.902702351141769,0.01940224498604293
0.0004747050000000002,4.900345381801912,0.01737144734580982
0.0004753350000000002,4.900008671896217,0.01804837989255419
0.0004759650000000002,4.897314992650667,0.0156791159789489
0.0004765950000000002,4.896641572839279,0.01432525088546016
0.0004772250000000002,4.893611183688034,0.01161752069848268
0.0004778550000000002,4.893947893593729,0.01161752069848268
0.0004784850000000002,4.892937763876647,0.009248256784877396
0.0004791150000000002,4.888897245008321,0.007217459144644278
0.0004797450000000002,4.888223825196934,0.006540526597899915
0.0004803750000000002,4.887213695479852,0.005525127777783356
0.0004810050000000002,4.88788711529124,0.004509728957666811
0.0004816350000000002,4.885530145951383,0.003155863864178071
0.0004822650000000002,4.883173176611527,0.002140465044061513
0.0004828950000000002,4.880142787460282,0.000109667403828409
0.0004835250000000002,4.878795947837506,-0.002598062783149072
0.0004841550000000002,4.875765558686262,-0.004628860423382175
0.0004847850000000002,4.876102268591955,-0.005982725516870929
0.0004854150000000002,4.872735169535018,-0.009028921977220578
0.0004860450000000002,4.870378200195161,-0.0103827870707093
0.0004866750000000002,4.868021230855303,-0.01309051725768678
0.0004873050000000002,4.866674391232529,-0.01478284862454771
0.0004879350000000002,4.865664261515447,-0.01579824744466427
0.0004885650000000003,4.86330729217559,-0.01681364626478082
0.0004891950000000002,4.859940193118652,-0.02087524154524703
0.0004898250000000003,4.858593353495876,-0.02087524154524703
0.0004904550000000002,4.856573094061713,-0.02459837055234107
0.0004910850000000003,4.853879414816163,-0.0259522356458298
0.0004917150000000002,4.850849025664918,-0.02798303328606291
0.0004923450000000003,4.852195865287694,-0.02832149955943511
0.0004929750000000002,4.84916547613645,-0.03170616229315695
0.0004936050000000003,4.846135086985205,-0.03339849366001788
0.0004942350000000002,4.84478824736243,-0.0347523587535066
0.0004948650000000003,4.843778117645348,-0.03576775757362316
0.0004954950000000002,4.839737598777022,-0.03813702148722845
0.0004961250000000003,4.837043919531471,-0.04118321794757812
0.0004967550000000002,4.835360370003002,-0.04321401558781121
0.0004973850000000003,4.834686950191615,-0.04355248186118341
0.0004980150000000002,4.832329980851758,-0.04558327950141652
0.0004986450000000003,4.829973011511901,-0.04964487478188273
0.0004992750000000002,4.828626171889126,-0.04998334105525493
0.0004999050000000002,4.82727933226635,-0.05133720614874365
0.0005005350000000002,4.825595782737881,-0.05201413869548802
0.0005011650000000002,4.823575523303719,-0.0547218688824655
0.0005017950000000002,4.820545134152473,-0.05810653161618734
0.0005024250000000002,4.818188164812617,-0.05844499788955954
0.0005030550000000002,4.816841325189841,-0.06047579552979263
0.0005036850000000002,4.814821065755678,-0.06216812689665355
0.0005043150000000002,4.812800806321516,-0.06419892453688666
0.0005049450000000002,4.811790676604434,-0.06555278963037539
0.0005055750000000002,4.810780546887353,-0.06724512099723634
0.0005062050000000002,4.807076737924721,-0.06961438491084163
0.0005068350000000002,4.806066608207638,-0.07130671627770255
0.0005074650000000002,4.803372928962088,-0.07333751391793564
0.0005080950000000002,4.801689379433619,-0.07502984528479656
0.0005087250000000002,4.798322280376681,-0.07672217665165751
0.0005093550000000002,4.796638730848212,-0.08044530565875152
0.0005099850000000002,4.794618471414049,-0.08146070447886808
0.0005106150000000002,4.792598211979886,-0.08281456957235681
0.0005112450000000002,4.790914662451416,-0.08450690093921773
0.0005118750000000002,4.790914662451416,-0.08619923230607868
0.0005125050000000002,4.789567822828642,-0.08924542876642833
0.0005131350000000002,4.785864013866009,-0.08958389503980052
0.0005137650000000002,4.78418046433754,-0.09195315895340581
0.0005143950000000002,4.78249691480907,-0.09127622640666144
0.0005150250000000002,4.780139945469214,-0.09466088914038329
0.0005156550000000002,4.778456395940744,-0.09601475423387201
0.0005162850000000002,4.776772846412276,-0.09736861932736077
0.0005169150000000002,4.7754260067895,-0.1017686808811991
0.0005175450000000002,4.773069037449644,-0.1034610122480601
0.0005181750000000002,4.770038648298399,-0.105153343614921
0.0005188050000000002,4.770375358204093,-0.1044764110681766
0.0005194350000000002,4.76835509876993,-0.1068456749817819
0.0005200650000000002,4.769365228487011,-0.105153343614921
0.0005206950000000002,4.767344969052848,-0.1068456749817819
0.0005213250000000002,4.76397786999591,-0.1085380063486429
0.0005219550000000002,4.765998129430073,-0.1098918714421316
0.0005225850000000002,4.762967740278828,-0.1105688039888759
0.0005232150000000003,4.761620900656053,-0.1129380679024813
0.0005238450000000002,4.759263931316196,-0.1149688655427143
0.0005244750000000003,4.756906961976339,-0.1166611969095753
0.0005251050000000002,4.756906961976339,-0.1163227306362031
0.0005257350000000003,4.755223412447871,-0.1186919945498084
0.0005263650000000002,4.753203153013708,-0.1197073933699249
0.0005269950000000003,4.752193023296626,-0.1210612584634137
0.0005276250000000002,4.749499344051076,-0.1230920561036468
0.0005282550000000003,4.748489214333993,-0.1247843874705077
0.0005288850000000002,4.747479084616912,-0.1254613200172521
0.0005295150000000003,4.746132244994137,-0.1268151851107408
0.0005301450000000002,4.74108159640873,-0.1305383141178349
0.0005307750000000003,4.740408176597342,-0.1332460443048123
0.0005314050000000002,4.737714497351791,-0.134599909398301
0.0005320350000000003,4.737377787446097,-0.1349383756716732
0.0005326650000000002,4.734684108200547,-0.1369691733119064
0.0005332950000000003,4.732663848766384,-0.1410307685923725
0.0005339250000000002,4.733000558672078,-0.1410307685923725
0.0005345550000000003,4.729633459615139,-0.1427230999592335
0.0005351850000000002,4.726939780369588,-0.1457692964195832
0.0005358150000000002,4.725592940746814,-0.1461077626929554
0.0005364450000000002,4.723572681312651,-0.1464462289663275
0.0005370750000000002,4.722899261501262,-0.1488154928799328
0.0005377050000000002,4.720542292161406,-0.1501693579734215
0.0005383350000000002,4.716838483198774,-0.1532155544337712
0.0005389650000000002,4.715154933670305,-0.1552463520740043
0.0005395950000000002,4.714818223764611,-0.1549078858006321
0.0005402250000000002,4.713471384141835,-0.158292548534354
0.0005408550000000002,4.712461254424754,-0.1596464136278427
0.0005414850000000002,4.708757445462122,-0.1623541438148202
0.0005421150000000002,4.707073895933653,-0.1633695426349368
0.0005427450000000002,4.70505363649949,-0.1650618740017977
0.0005433750000000002,4.702359957253939,-0.167431137915403
0.0005440050000000002,4.702696667159633,-0.1694619355556361
0.0005446350000000002,4.700002987914083,-0.1708158006491248
0.0005452650000000002,4.697646018574225,-0.1728465982893579
0.0005458950000000002,4.69629917895145,-0.1738619971094744
0.0005465250000000002,4.692932079894511,-0.1755543284763354
0.0005471550000000002,4.691248530366043,-0.1769081935698242
0.0005477850000000002,4.689564980837574,-0.1792774574834294
0.0005484150000000002,4.688218141214798,-0.1799543900301738
0.0005490450000000002,4.687208011497717,-0.1826621202171513
0.0005496750000000002,4.685187752063554,-0.18401598531064
0.0005503050000000002,4.682157362912309,-0.1880775805911062
0.0005509350000000002,4.681483943100922,-0.1880775805911062
0.0005515650000000002,4.679800393572452,-0.1897699119579671
0.0005521950000000002,4.676770004421208,-0.1918007095982003
0.0005528250000000002,4.676433294515514,-0.1918007095982003
0.0005534550000000002,4.674413035081351,-0.1941699735118056
0.0005540850000000002,4.672056065741494,-0.1955238386052943
0.0005547150000000002,4.669362386495943,-0.1982315687922717
0.0005553450000000002,4.668352256778862,-0.1985700350656439
0.0005559750000000002,4.666668707250393,-0.2006008327058771
0.0005566050000000002,4.665321867627617,-0.2019546977993658
0.0005572350000000002,4.662291478476373,-0.2043239617129711
0.0005578650000000003,4.662291478476373,-0.2053393605330876
0.0005584950000000002,4.659261089325129,-0.2083855569934373
0.0005591250000000003,4.659261089325129,-0.2097394220869261
0.0005597550000000002,4.657914249702353,-0.2110932871804148
0.0005603850000000003,4.655557280362497,-0.2131240848206479
0.0005610150000000002,4.653537020928334,-0.21346255109402
0.0005616450000000003,4.650506631777089,-0.215154882460881
0.0005622750000000002,4.649496502060008,-0.2158318150076254
0.0005629050000000003,4.64882308224862,-0.2178626126478585
0.0005635350000000002,4.645119273285988,-0.2219242079283247
0.0005641650000000003,4.645792693097375,-0.2212472753815803
0.0005647950000000002,4.642762303946131,-0.2219242079283247
0.0005654250000000003,4.640742044511968,-0.2232780730218134
0.0005660550000000002,4.639731914794886,-0.2253088706620466
0.0005666850000000003,4.636701525643642,-0.228016600849024
0.0005673150000000002,4.63569139592656,-0.2297089322158849
0.0005679450000000003,4.63569139592656,-0.2314012635827458
0.0005685750000000002,4.633671136492397,-0.231739729856118
0.0005692050000000003,4.631987586963929,-0.233432061222979
0.0005698350000000002,4.629967327529766,-0.2354628588632121
0.0005704650000000003,4.629967327529766,-0.2361397914099564
0.0005710950000000002,4.626936938378521,-0.2378321227768173
0.0005717250000000002,4.628283778001296,-0.2358013251365843
0.0005723550000000002,4.627273648284215,-0.2374936565034452
0.0005729850000000002,4.626600228472827,-0.2378321227768173
0.0005736150000000002,4.623569839321583,-0.2405398529637948
0.0005742450000000002,4.621886289793114,-0.2412167855105392
0.0005748750000000002,4.621212869981726,-0.2418937180572836
0.0005755050000000002,4.620876160076032,-0.2435860494241445
0.0005761350000000002,4.619866030358951,-0.2452783807910054
0.0005767650000000002,4.619192610547563,-0.2442629819708889
0.0005773950000000002,4.618519190736175,-0.2462937796111219
0.0005780250000000002,4.615825511490624,-0.2483245772513551
0.0005786550000000002,4.614478671867849,-0.2503553748915882
0.0005792850000000002,4.61279512233938,-0.2517092399850769
0.0005799150000000002,4.612458412433686,-0.2517092399850769
0.0005805450000000002,4.609764733188135,-0.2537400376253101
0.0005811750000000002,4.608081183659666,-0.2557708352655431
0.0005818050000000002,4.607071053942585,-0.2567862340856597
0.0005824350000000002,4.604714084602728,-0.2584785654525206
0.0005830650000000002,4.603367244979953,-0.259155497999265
0.0005836950000000002,4.60134698554579,-0.2618632281862424
0.0005843250000000002,4.600000145923015,-0.262878627006359
0.0005849550000000002,4.598316596394545,-0.26457095837322
0.0005855850000000002,4.597306466677463,-0.2649094246465922
0.0005862150000000002,4.59696975677177,-0.2669402222868252
0.0005868450000000002,4.594612787431913,-0.2679556211069418
0.0005874750000000002,4.592255818092056,-0.2676171548335696
0.0005881050000000002,4.590572268563587,-0.2703248850205471
0.0005887350000000002,4.5898988487522,-0.2723556826607801
0.0005893650000000002,4.588888719035118,-0.2723556826607801
0.0005899950000000002,4.587541879412343,-0.2733710814808967
0.0005906250000000002,4.584511490261098,-0.277432676761363
0.0005912550000000002,4.58383807044971,-0.2784480755814795
0.0005918850000000002,4.58114439120416,-0.281155805768457
0.0005925150000000003,4.580134261487078,-0.2818327383152014
0.0005931450000000002,4.578114002052915,-0.2835250696820623
0.0005937750000000003,4.57676716243014,-0.2835250696820623
0.0005944050000000002,4.574746902995977,-0.2852174010489232
0.0005950350000000003,4.572389933656121,-0.2875866649625285
0.0005956650000000002,4.574410193090284,-0.2862327998690397
0.0005962950000000003,4.571716513844732,-0.2889405300560173
0.0005969250000000002,4.569359544504876,-0.2906328614228781
0.0005975550000000003,4.567002575165019,-0.2936790578832278
0.0005981850000000002,4.566329155353632,-0.2950329229767166
0.0005988150000000003,4.563972186013775,-0.295709855523461
0.0005994450000000002,4.561951926579612,-0.2967252543435774
0.0006000750000000003,4.560268377051142,-0.3007868496240437
0.0006007050000000002,4.560268377051142,-0.3011253158974159
0.0006013350000000003,4.556901277994204,-0.3007868496240437
0.0006019650000000002,4.55656456808851,-0.3024791809909047
0.0006025950000000003,4.556227858182816,-0.3024791809909047
0.0006032250000000002,4.554881018560041,-0.3051869111778821
0.0006038550000000003,4.55218733931449,-0.3065407762713708
0.0006044850000000002,4.551177209597409,-0.3078946413648596
0.0006051150000000003,4.550167079880327,-0.3092485064583483
0.0006057450000000002,4.549156950163246,-0.3116177703719536
0.0006063750000000003,4.547473400634777,-0.312294702918698
0.0006070050000000002,4.54511643129492,-0.314325500558931
0.0006076350000000002,4.543769591672144,-0.3153408993790476
0.0006082650000000002,4.543769591672144,-0.316017831925792
0.0006088950000000002,4.541749332237981,-0.3173716970192807
0.0006095250000000002,4.540065782709513,-0.3190640283861417
0.0006101550000000002,4.538382233181044,-0.3207563597530025
0.0006107850000000002,4.536025263841187,-0.3224486911198635
0.0006114150000000002,4.534678424218411,-0.3221102248464913
0.0006120450000000002,4.532994874689942,-0.3238025562133522
0.0006126750000000002,4.534005004407024,-0.3244794887600966
0.0006133050000000002,4.530974615255779,-0.3261718201269576
0.0006139350000000002,4.529964485538698,-0.3285410840405628
0.0006145650000000002,4.527607516198841,-0.3302334154074238
0.0006151950000000002,4.526260676576065,-0.3322642130476569
0.0006158250000000002,4.525923966670372,-0.3315872805009125
0.0006164550000000002,4.524577127047596,-0.3332796118677734
0.0006170850000000002,4.521883447802046,-0.3339565444145178
0.0006177150000000002,4.521883447802046,-0.3332796118677734
0.0006183450000000002,4.519526478462189,-0.3370027408748675
0.0006189750000000002,4.519189768556495,-0.3376796734216118
0.0006196050000000002,4.51784292893372,-0.3383566059683561
0.0006202350000000002,4.515822669499557,-0.3403874036085893
0.0006208650000000002,4.516496089310944,-0.3414028024287058
0.0006214950000000002,4.51615937940525,-0.3410643361553336
0.0006221250000000002,4.510098601102762,-0.345464397709172
0.0006227550000000002,4.510435311008456,-0.3458028639825442
0.0006233850000000002,4.511108730819843,-0.3447874651624276
0.0006240150000000002,4.508415051574293,-0.347156729076033
0.0006246450000000002,4.508415051574293,-0.3474951953494052
0.0006252750000000002,4.505047952517354,-0.3491875267162661
0.0006259050000000002,4.505047952517354,-0.3512183243564992
0.0006265350000000002,4.505384662423048,-0.3518952569032435
0.0006271650000000003,4.502690983177497,-0.3542645208168489
0.0006277950000000002,4.501680853460416,-0.3535875882701045
0.0006284250000000003,4.499323884120559,-0.3556183859103376
0.0006290550000000002,4.498987174214865,-0.356295318457082
0.0006296850000000003,4.498650464309171,-0.3569722510038263
0.0006303150000000002,4.496293494969315,-0.358326116097315
0.0006309450000000003,4.495283365252233,-0.3590030486440594
0.0006315750000000002,4.496966914780702,-0.3576491835505707
0.0006322050000000003,4.494273235535152,-0.3606953800109204
0.0006328350000000002,4.492252976100989,-0.3623877113777813
0.0006334650000000003,4.491242846383907,-0.3640800427446422
0.0006340950000000002,4.489896006761132,-0.3647569752913866
0.0006347250000000003,4.488885877044051,-0.3657723741115031
0.0006353550000000002,4.490232716666826,-0.3634031101978978
0.0006359850000000003,4.489222586949744,-0.3647569752913866
0.0006366150000000002,4.487875747326969,-0.3657723741115031
0.0006372450000000003,4.486192197798499,-0.3661108403848753
0.0006378750000000002,4.484845358175725,-0.3678031717517363
0.0006385050000000003,4.484845358175725,-0.3698339693919693
0.0006391350000000002,4.486192197798499,-0.3691570368452249
0.0006397650000000003,4.483835228458643,-0.3701724356653415
0.0006403950000000002,4.484171938364336,-0.3688185705718527
0.0006410250000000003,4.485182068081418,-0.3698339693919693
0.0006416550000000002,4.484845358175725,-0.3688185705718527
0.0006422850000000003,4.482825098741562,-0.3698339693919693
0.0006429150000000002,4.480468129401705,-0.3732186321256912
0.0006435450000000002,4.479794709590317,-0.3742340309458078
0.0006441750000000002,4.479794709590317,-0.3732186321256912
0.0006448050000000002,4.47743774025046,-0.3759263623126686
0.0006454350000000002,4.476427610533379,-0.3769417611327852
0.0006460650000000002,4.475754190721991,-0.3776186936795296
0.0006466950000000002,4.474407351099216,-0.3786340924996462
0.0006473250000000002,4.473397221382134,-0.3786340924996462
0.0006479550000000002,4.473733931287828,-0.3793110250463905
0.0006485850000000002,4.47036683223089,-0.3813418226866236
0.0006492150000000002,4.47036683223089,-0.3826956877801123
0.0006498450000000002,4.469356702513808,-0.3840495528736011
0.0006504750000000002,4.468346572796727,-0.3847264854203455
0.0006511050000000002,4.466326313362564,-0.3854034179670898
0.0006517350000000002,4.466663023268257,-0.3854034179670898
0.0006523650000000002,4.465652893551176,-0.3864188167872064
0.0006529950000000002,4.462622504399931,-0.3887880807008116
0.0006536250000000002,4.461275664777157,-0.3898034795209282
0.0006542550000000002,4.461275664777157,-0.391157344614417
0.0006548850000000002,4.459928825154381,-0.391157344614417
0.0006555150000000002,4.459592115248687,-0.3914958108877892
0.0006561450000000002,4.458581985531605,-0.3914958108877892
0.0006567750000000002,4.457908565720218,-0.3928496759812778
0.0006574050000000002,4.456225016191748,-0.3942035410747666
0.0006580350000000002,4.455551596380361,-0.3958958724416275
0.0006586650000000002,4.455888306286055,-0.3958958724416275
0.0006592950000000002,4.455214886474668,-0.3972497375351163
0.0006599250000000002,4.454878176568974,-0.3982651363552329
0.0006605550000000002,4.452521207229116,-0.3986036026286051
0.0006611850000000002,4.449827527983566,-0.4002959339954659
0.0006618150000000003,4.449827527983566,-0.3999574677220937
0.0006624450000000002,4.448817398266485,-0.4013113328155825
0.0006630750000000003,4.449490818077872,-0.4009728665422103
0.0006637050000000002,4.447807268549403,-0.4026651979090712
0.0006643350000000003,4.447470558643709,-0.4036805967291878
0.0006649650000000002,4.446797138832322,-0.4053729280960487
0.0006655950000000003,4.445450299209546,-0.4043575292759322
0.0006662250000000002,4.445450299209546,-0.40401906300256
0.0006668550000000003,4.443766749681077,-0.4070652594629096
0.0006674850000000002,4.442419910058302,-0.4070652594629096
0.0006681150000000003,4.441746490246914,-0.4090960571031428
0.0006687450000000002,4.440062940718445,-0.4104499221966315
0.0006693750000000003,4.439389520907057,-0.4111268547433758
0.0006700050000000002,4.438379391189976,-0.4107883884700037
0.0006706350000000003,4.437369261472894,-0.4111268547433758
0.0006712650000000002,4.438042681284282,-0.4107883884700037
0.0006718950000000003,4.436359131755813,-0.4128191861102367
0.0006725250000000002,4.436359131755813,-0.4124807198368646
0.0006731550000000003,4.435685711944425,-0.4148499837504699
0.0006737850000000002,4.435685711944425,-0.4141730512037255
0.0006744150000000003,4.434675582227344,-0.4145115174770977
0.0006750450000000002,4.43433887232165,-0.4148499837504699
0.0006756750000000003,4.432655322793181,-0.4168807813907029
0.0006763050000000002,4.431981902981793,-0.4172192476640751
0.0006769350000000003,4.431645193076099,-0.4165423151173308
0.0006775650000000002,4.430971773264711,-0.4192500453043083
0.0006781950000000003,4.429288223736243,-0.4209423766711692
0.0006788250000000002,4.429288223736243,-0.4199269778510526
0.0006794550000000002,4.429624933641936,-0.4185731127575639
0.0006800850000000002,4.427604674207773,-0.4216193092179136
0.0006807150000000002,4.429288223736243,-0.4209423766711692
0.0006813450000000002,4.425921124679304,-0.4239885731315188
0.0006819750000000002,4.42558441477361,-0.4229731743114022
0.0006826050000000002,4.423900865245141,-0.4236501068581466
0.0006832350000000002,4.424910994962223,-0.422296241764658
0.0006838650000000002,4.425247704867917,-0.4236501068581466
0.0006844950000000002,4.42289073552806,-0.424327039404891
0.0006851250000000002,4.42289073552806,-0.4256809044983798
0.0006857550000000002,4.421880605810978,-0.4256809044983798
0.0006863850000000002,4.422217315716672,-0.4250039719516354
0.0006870150000000002,4.42289073552806,-0.4256809044983798
0.0006876450000000002,4.423564155339447,-0.4250039719516354
0.0006882750000000002,4.423227445433754,-0.4250039719516354
0.0006889050000000002,4.423227445433754,-0.4250039719516354
0.0006895350000000002,4.42289073552806,-0.4256809044983798
0.0006901650000000002,4.423227445433754,-0.4250039719516354
0.0006907950000000002,4.422217315716672,-0.4266963033184963
0.0006914250000000002,4.42289073552806,-0.4266963033184963
0.0006920550000000002,4.422554025622365,-0.4270347695918685
0.0006926850000000002,4.422554025622365,-0.4256809044983798
0.0006933150000000002,4.422217315716672,-0.424327039404891
0.0006939450000000002,4.421207185999591,-0.4273732358652407
0.0006945750000000002,4.421880605810978,-0.426019370771752
0.0006952050000000002,4.421543895905284,-0.4266963033184963
0.0006958350000000002,4.421207185999591,-0.4273732358652407
0.0006964650000000003,4.419860346376815,-0.4277117021386129
0.0006970950000000002,4.419186926565427,-0.4277117021386129
0.0006977250000000003,4.418850216659734,-0.4290655672321017
0.0006983550000000002,4.417503377036958,-0.4287271009587295
0.0006989850000000003,4.416829957225571,-0.4290655672321017
0.0006996150000000002,4.415819827508489,-0.4307578985989625
0.0007002450000000003,4.416493247319877,-0.4310963648723347
0.0007008750000000002,4.417840086942652,-0.4314348311457069
0.0007015050000000003,4.414809697791408,-0.4314348311457069
0.0007021350000000002,4.415146407697101,-0.4321117636924513
0.0007027650000000003,4.41413627798002,-0.4321117636924513
0.0007033950000000002,4.413462858168632,-0.4327886962391957
0.0007040250000000003,4.412452728451551,-0.4341425613326844
0.0007046550000000002,4.412452728451551,-0.4331271625125679
0.0007052850000000003,4.411442598734469,-0.4344810276060566
0.0007059150000000002,4.412789438357245,-0.4344810276060566
0.0007065450000000003,4.412789438357245,-0.4351579601528009
0.0007071750000000002,4.410769178923082,-0.4361733589729175
0.0007078050000000003,4.411779308640163,-0.4354964264261731
0.0007084350000000002,4.410432469017388,-0.4348194938794288
0.0007090650000000003,4.410095759111694,-0.4361733589729175
0.0007096950000000002,4.410095759111694,-0.4351579601528009
0.0007103250000000003,4.409422339300306,-0.4361733589729175
0.0007109550000000002,4.408748919488919,-0.4382041566131506
0.0007115850000000003,4.408412209583225,-0.4382041566131506
0.0007122150000000002,4.407738789771837,-0.4385426228865228
0.0007128450000000003,4.407738789771837,-0.438881089159895
0.0007134750000000002,4.406391950149062,-0.4392195554332672
0.0007141050000000003,4.407065369960449,-0.4378656903397784
0.0007147350000000002,4.406055240243368,-0.4398964879800116
0.0007153650000000002,4.406055240243368,-0.4398964879800116
0.0007159950000000002,4.405718530337674,-0.4392195554332672
0.0007166250000000002,4.406391950149062,-0.4402349542533837
0.0007172550000000002,4.406055240243368,-0.4395580217066394
0.0007178850000000002,4.405718530337674,-0.4402349542533837
0.0007185150000000002,4.404708400620593,-0.4402349542533837
0.0007191450000000002,4.404708400620593,-0.4398964879800116
0.0007197750000000002,4.405045110526286,-0.4409118868001281
0.0007204050000000002,4.404371690714899,-0.4405734205267559
0.0007210350000000002,4.403361560997817,-0.4419272856202446
0.0007216650000000002,4.403698270903512,-0.4419272856202446
0.0007222950000000002,4.404708400620593,-0.4409118868001281
0.0007229250000000002,4.403698270903512,-0.4415888193468724
0.0007235550000000002,4.403024851092123,-0.442604218166989
0.0007241850000000002,4.404708400620593,-0.442604218166989
0.0007248150000000002,4.404371690714899,-0.4412503530735002
0.0007254450000000002,4.403024851092123,-0.442604218166989
0.0007260750000000002,4.403361560997817,-0.4419272856202446
0.0007267050000000002,4.402014721375042,-0.4422657518936168
0.0007273350000000002,4.402351431280736,-0.4419272856202446
0.0007279650000000002,4.403024851092123,-0.4429426844403612
0.0007285950000000002,4.403361560997817,-0.442604218166989
0.0007292250000000002,4.400667881752266,-0.4442965495338499
0.0007298550000000002,4.401678011469349,-0.4429426844403612
0.0007304850000000002,4.401341301563654,-0.4429426844403612
0.0007311150000000003,4.402351431280736,-0.4436196169871055
0.0007317450000000002,4.401678011469349,-0.4432811507137334
0.0007323750000000003,4.401678011469349,-0.4436196169871055
0.0007330050000000002,4.402351431280736,-0.4429426844403612
0.0007336350000000003,4.401341301563654,-0.4439580832604777
0.0007342650000000002,4.403361560997817,-0.442604218166989
0.0007348950000000003,4.403024851092123,-0.4415888193468724
0.0007355250000000002,4.402014721375042,-0.4429426844403612
0.0007361550000000003,4.40268814118643,-0.4419272856202446
0.0007367850000000002,4.400331171846573,-0.4429426844403612
0.0007374150000000003,4.40100459165796,-0.4432811507137334
0.0007380450000000002,4.403024851092123,-0.4422657518936168
0.0007386750000000003,4.400667881752266,-0.4439580832604777
0.0007393050000000002,4.400331171846573,-0.4446350158072221
0.0007399350000000003,4.401341301563654,-0.4419272856202446
0.0007405650000000002,4.403024851092123,-0.4412503530735002
0.0007411950000000003,4.403698270903512,-0.4405734205267559
0.0007418250000000002,4.404371690714899,-0.4392195554332672
0.0007424550000000003,4.406728660054756,-0.4398964879800116
0.0007430850000000002,4.405045110526286,-0.4409118868001281
0.0007437150000000003,4.406055240243368,-0.4395580217066394
0.0007443450000000002,4.405718530337674,-0.438881089159895
0.0007449750000000003,4.405718530337674,-0.4368502915196618
0.0007456050000000002,4.407402079866143,-0.4378656903397784
0.0007462350000000003,4.407065369960449,-0.4375272240664062
0.0007468650000000002,4.408412209583225,-0.4358348926995453
0.0007474950000000003,4.408748919488919,-0.4351579601528009
0.0007481250000000002,4.411442598734469,-0.4321117636924513
0.0007487550000000003,4.410769178923082,-0.4338040950593122
0.0007493850000000002,4.410432469017388,-0.4338040950593122
0.0007500150000000003,4.411105888828775,-0.43346562878594
0.0007506450000000002,4.410432469017388,-0.4338040950593122
0.0007512750000000002,4.409759049206,-0.4354964264261731
0.0007519050000000002,4.408748919488919,-0.4341425613326844
0.0007525350000000002,4.410769178923082,-0.4351579601528009
0.0007531650000000002,4.411779308640163,-0.4331271625125679
0.0007537950000000002,4.410432469017388,-0.4338040950593122
0.0007544250000000002,4.410769178923082,-0.4348194938794288
0.0007550550000000002,4.412452728451551,-0.43346562878594
0.0007556850000000002,4.412789438357245,-0.43346562878594
0.0007563150000000002,4.411779308640163,-0.4304194323255903
0.0007569450000000002,4.412789438357245,-0.4314348311457069
0.0007575750000000002,4.412116018545857,-0.4324502299658235
0.0007582050000000002,4.411779308640163,-0.4317732974190791
0.0007588350000000002,4.412789438357245,-0.4324502299658235
0.0007594650000000002,4.411442598734469,-0.4324502299658235
0.0007600950000000002,4.411105888828775,-0.4327886962391957
0.0007607250000000002,4.412116018545857,-0.4321117636924513
0.0007613550000000002,4.411779308640163,-0.4310963648723347
0.0007619850000000002,4.413462858168632,-0.4300809660522181
0.0007626150000000002,4.413462858168632,-0.429742499778846
0.0007632450000000002,4.413126148262938,-0.4314348311457069
0.0007638750000000002,4.415483117602795,-0.4307578985989625
0.0007645050000000002,4.413799568074326,-0.4314348311457069
0.0007651350000000002,4.413799568074326,-0.4300809660522181
0.0007657650000000003,4.414809697791408,-0.4294040335054738
0.0007663950000000002,4.415146407697101,-0.4300809660522181
0.0007670250000000003,4.413799568074326,-0.429742499778846
0.0007676550000000002,4.413462858168632,-0.429742499778846
0.0007682850000000003,4.415146407697101,-0.4300809660522181
0.0007689150000000002,4.417166667131264,-0.4273732358652407
0.0007695450000000003,4.416156537414183,-0.4287271009587295
0.0007701750000000002,4.415146407697101,-0.4283886346853573
0.0007708050000000003,4.416493247319877,-0.4277117021386129
0.0007714350000000002,4.417166667131264,-0.4266963033184963
0.0007720650000000003,4.417503377036958,-0.4256809044983798
0.0007726950000000002,4.417166667131264,-0.4273732358652407
0.0007733250000000003,4.418850216659734,-0.4270347695918685
0.0007739550000000002,4.419186926565427,-0.426019370771752
0.0007745850000000003,4.418176796848346,-0.426019370771752
0.0007752150000000002,4.418176796848346,-0.4256809044983798
0.0007758450000000003,4.419860346376815,-0.4256809044983798
0.0007764750000000002,4.421543895905284,-0.4239885731315188
0.0007771050000000003,4.420533766188202,-0.4236501068581466
0.0007777350000000002,4.420870476093897,-0.4212808429445414
0.0007783650000000003,4.421207185999591,-0.4233116405847744
0.0007789950000000002,4.420533766188202,-0.4239885731315188
0.0007796250000000003,4.421880605810978,-0.4219577754912858
0.0007802550000000002,4.42289073552806,-0.420603910397797
0.0007808850000000003,4.423227445433754,-0.4202654441244248
0.0007815150000000002,4.424237575150835,-0.4199269778510526
0.0007821450000000003,4.423227445433754,-0.4209423766711692
0.0007827750000000002,4.424910994962223,-0.4189115790309361
0.0007834050000000003,4.425921124679304,-0.4185731127575639
0.0007840350000000002,4.426594544490691,-0.4182346464841917
0.0007846650000000003,4.425247704867917,-0.4185731127575639
0.0007852950000000002,4.425247704867917,-0.4178961802108195
0.0007859250000000003,4.42726796430208,-0.4158653825705865
0.0007865550000000002,4.426257834584998,-0.4162038488439586
0.0007871850000000002,4.428951513830548,-0.4151884500238421
0.0007878150000000002,4.429288223736243,-0.4145115174770977
0.0007884450000000002,4.42996164354763,-0.4155269162972143
0.0007890750000000002,4.430971773264711,-0.4138345849303533
0.0007897050000000002,4.429624933641936,-0.4148499837504699
0.0007903350000000002,4.431308483170405,-0.4131576523836089
0.0007909650000000002,4.433665452510262,-0.4111268547433758
0.0007915950000000002,4.432655322793181,-0.4107883884700037
0.0007922250000000002,4.434002162415956,-0.4097729896498871
0.0007928550000000002,4.435012292133037,-0.4097729896498871
0.0007934850000000002,4.435685711944425,-0.4104499221966315
0.0007941150000000002,4.436022421850119,-0.4090960571031428
0.0007947450000000002,4.436359131755813,-0.4080806582830262
0.0007953750000000002,4.435685711944425,-0.4074037257362818
0.0007960050000000002,4.436022421850119,-0.4070652594629096
0.0007966350000000002,4.438042681284282,-0.4074037257362818
0.0007972650000000002,4.440062940718445,-0.4053729280960487
0.0007978950000000002,4.43871610109567,-0.40401906300256
0.0007985250000000002,4.440736360529833,-0.4030036641824434
0.0007991550000000002,4.444776879398159,-0.4006344002688381
0.0007997850000000002,4.44578700911524,-0.3989420689019771
0.0008004150000000003,4.445450299209546,-0.3999574677220937
0.0008010450000000002,4.447133848738015,-0.3972497375351163
0.0008016750000000003,4.447807268549403,-0.3958958724416275
0.0008023050000000002,4.448817398266485,-0.3958958724416275
0.0008029350000000003,4.450164237889259,-0.3945420073481388
0.0008035650000000002,4.451511077512035,-0.3921727434345335
0.0008041950000000003,4.453194627040505,-0.3921727434345335
0.0008048250000000002,4.454541466663279,-0.3898034795209282
0.0008054550000000003,4.454878176568974,-0.3898034795209282
0.0008060850000000002,4.455214886474668,-0.3891265469741838
0.0008067150000000003,4.455888306286055,-0.3887880807008116
0.0008073450000000002,4.457908565720218,-0.3881111481540673
0.0008079750000000003,4.458245275625912,-0.3877726818806951
0.0008086050000000002,4.458245275625912,-0.3870957493339507
0.0008092350000000003,4.458581985531605,-0.3870957493339507
0.0008098650000000002,4.459592115248687,-0.385741884240462
0.0008104950000000003,4.459928825154381,-0.3860803505138342
0.0008111250000000002,4.46161237468285,-0.3837110866002289
0.0008117550000000003,4.461275664777157,-0.3833726203268567
0.0008123850000000002,4.463969344022707,-0.3810033564132514
0.0008130150000000003,4.462959214305625,-0.3823572215067401
0.0008136450000000002,4.463295924211319,-0.3799879575931349
0.0008142750000000003,4.463969344022707,-0.3820187552333679
0.0008149050000000002,4.464979473739788,-0.3816802889599957
0.0008155350000000003,4.466663023268257,-0.3796494913197627
0.0008161650000000002,4.46598960345687,-0.3789725587730183
0.0008167950000000003,4.468009862891033,-0.3769417611327852
0.0008174250000000002,4.46868328270242,-0.376603294859413
0.0008180550000000003,4.46868328270242,-0.3772802274061574
0.0008186850000000002,4.471040252042277,-0.3749109634925522
0.0008193150000000003,4.472387091665053,-0.3738955646724356
0.0008199450000000002,4.471713671853665,-0.3732186321256912
0.0008205750000000003,4.470703542136583,-0.372880165852319
0.0008212050000000002,4.474407351099216,-0.3701724356653415
0.0008218350000000003,4.475080770910603,-0.3715263007588303
0.0008224650000000002,4.476090900627685,-0.3691570368452249
0.0008230950000000003,4.477101030344766,-0.3691570368452249
0.0008237250000000002,4.476764320439073,-0.3678031717517363
0.0008243550000000002,4.479121289778929,-0.3678031717517363
0.0008249850000000002,4.478784579873236,-0.3678031717517363
0.0008256150000000002,4.479457999684623,-0.3661108403848753
0.0008262450000000002,4.481478259118786,-0.3640800427446422
0.0008268750000000002,4.483498518552949,-0.3634031101978978
0.0008275050000000002,4.484171938364336,-0.3623877113777813
0.0008281350000000002,4.48181496902448,-0.3640800427446422
0.0008287650000000002,4.48450864827003,-0.3623877113777813
0.0008293950000000002,4.484845358175725,-0.3610338462842926
0.0008300250000000002,4.486192197798499,-0.360018447464176
0.0008306550000000002,4.487539037421275,-0.3576491835505707
0.0008312850000000002,4.489559296855438,-0.3576491835505707
0.0008319150000000002,4.489896006761132,-0.356295318457082
0.0008325450000000002,4.491242846383907,-0.3552799196369654
0.0008331750000000002,4.491916266195295,-0.3542645208168489
0.0008338050000000002,4.492252976100989,-0.3529106557233601
0.0008344350000000002,4.493936525629458,-0.3529106557233601
0.0008350650000000003,4.495956785063621,-0.3515567906298713
0.0008356950000000002,4.495956785063621,-0.350879858083127
0.0008363250000000003,4.496966914780702,-0.3488490604428939
0.0008369550000000002,4.497977044497784,-0.3485105941695217
0.0008375850000000003,4.499660594026253,-0.347156729076033
0.0008382150000000002,4.499660594026253,-0.347156729076033
0.0008388450000000003,4.501680853460416,-0.3468182628026608
0.0008394750000000002,4.503701112894579,-0.3451259314357998
0.0008401050000000003,4.504037822800273,-0.3427566675221946
0.0008407350000000002,4.50471124261166,-0.341741268702078
0.0008413650000000003,4.505384662423048,-0.3414028024287058
0.0008419950000000002,4.507068211951517,-0.3403874036085893
0.0008426250000000003,4.508751761479987,-0.3390335385151005
0.0008432550000000002,4.508751761479987,-0.3383566059683561
0.0008438850000000003,4.508751761479987,-0.3383566059683561
0.0008445150000000002,4.51077202091415,-0.3356488757813787
0.0008451450000000003,4.512792280348313,-0.3346334769612621
0.0008457750000000002,4.513128990254006,-0.3346334769612621
0.0008464050000000003,4.514812539782476,-0.3329411455944012
0.0008470350000000002,4.517506219028026,-0.3319257467742847
0.0008476650000000003,4.518853058650802,-0.3282026177671906
0.0008482950000000002,4.521546737896352,-0.3261718201269576
0.0008489250000000003,4.522893577519127,-0.3244794887600966
0.0008495550000000002,4.523230287424821,-0.3244794887600966
0.0008501850000000003,4.525587256764678,-0.3224486911198635
0.0008508150000000002,4.526597386481759,-0.3217717585731191
0.0008514450000000003,4.52929106572731,-0.3194024946595139
0.0008520750000000002,4.529964485538698,-0.3180486295660251
0.0008527050000000003,4.531984744972861,-0.3166947644725364
0.0008533350000000002,4.534341714312718,-0.3150024331056754
0.0008539650000000003,4.534678424218411,-0.3129716354654424
0.0008545950000000002,4.537372103463962,-0.3119562366453258
0.0008552250000000003,4.539392362898125,-0.3085715739116039
0.0008558550000000002,4.539729072803818,-0.3089100401849761
0.0008564850000000003,4.5407392025209,-0.306879242544743
0.0008571150000000002,4.541749332237981,-0.3065407762713708
0.0008577450000000003,4.544443011483533,-0.3048484449045099
0.0008583750000000002,4.543096171860757,-0.3055253774512543
0.0008590050000000003,4.544106301577838,-0.3045099786311377
0.0008596350000000002,4.546799980823389,-0.3024791809909047
0.0008602650000000002,4.546126561012001,-0.3021407147175325
0.0008608950000000002,4.548820240257553,-0.3011253158974159
0.0008615250000000002,4.550167079880327,-0.2990945182571828
0.0008621550000000002,4.551513919503103,-0.2987560519838106
0.0008627850000000002,4.550840499691716,-0.2974021868903218
0.0008634150000000002,4.552524049220184,-0.2970637206169496
0.0008640450000000002,4.554544308654347,-0.2943559904299722
0.0008646750000000002,4.555217728465735,-0.2940175241566
0.0008653050000000002,4.556901277994204,-0.2923251927897391
0.0008659350000000002,4.559931667145449,-0.2913097939696225
0.0008665650000000002,4.559258247334061,-0.2902943951495059
0.0008671950000000002,4.562625346390999,-0.2875866649625285
0.0008678250000000002,4.562625346390999,-0.2869097324157841
0.0008684550000000002,4.562962056296693,-0.2869097324157841
0.0008690850000000002,4.565319025636549,-0.284878934775551
0.0008697150000000002,4.566665865259325,-0.2825096708619457
0.0008703450000000002,4.565992445447938,-0.2842020022288066
0.0008709750000000003,4.570369674221958,-0.281155805768457
0.0008716050000000002,4.571716513844732,-0.2784480755814795
0.0008722350000000003,4.571379803939039,-0.2787865418548517
0.0008728650000000002,4.572726643561814,-0.2781096093081074
0.0008734950000000003,4.575083612901671,-0.2760788116678742
0.0008741250000000002,4.57676716243014,-0.2740480140276411
0.0008747550000000003,4.57676716243014,-0.2723556826607801
0.0008753850000000002,4.57676716243014,-0.2740480140276411
0.0008760150000000003,4.579460841675691,-0.2710018175672915
0.0008766450000000002,4.580470971392772,-0.2703248850205471
0.0008772750000000003,4.58282794073263,-0.2693094862004305
0.0008779050000000002,4.58282794073263,-0.2686325536536861
0.0008785350000000003,4.584174780355404,-0.2659248234667086
0.0008791650000000002,4.586868459600955,-0.2638940258264756
0.0008797950000000003,4.587205169506649,-0.2635555595531034
0.0008804250000000002,4.590572268563587,-0.2611862956394981
0.0008810550000000003,4.590572268563587,-0.2601708968193815
0.0008816850000000002,4.591919108186363,-0.2594939642726372
0.0008823150000000003,4.592255818092056,-0.2588170317258928
0.0008829450000000002,4.595959627054689,-0.2561093015389153
0.0008835750000000003,4.597306466677463,-0.2550939027187987
0.0008842050000000002,4.597643176583158,-0.2540785038986823
0.0008848350000000003,4.600336855828708,-0.2520477062584491
0.0008854650000000002,4.600000145923015,-0.2510323074383326
0.0008860950000000003,4.602020405357178,-0.2503553748915882
0.0008867250000000002,4.60134698554579,-0.2490015097980995
0.0008873550000000003,4.604377374697035,-0.2462937796111219
0.0008879850000000002,4.607744473753972,-0.244601448244261
0.0008886150000000003,4.608417893565361,-0.2449399145176332
0.0008892450000000002,4.610438152999524,-0.2391859878703061
0.0008898750000000003,4.611448282716605,-0.2412167855105392
0.0008905050000000002,4.614141961962155,-0.2398629204170505
0.0008911350000000003,4.614815381773543,-0.2374936565034452
0.0008917650000000002,4.615488801584931,-0.2368167239567008
0.0008923950000000003,4.617509061019094,-0.2347859263164677
0.0008930250000000002,4.618855900641869,-0.233432061222979
0.0008936550000000003,4.619866030358951,-0.2320781961294902
0.0008942850000000002,4.622559709604501,-0.2293704659425127
0.0008949150000000003,4.623233129415889,-0.2297089322158849
0.0008955450000000002,4.626263518567133,-0.2259858032087909
0.0008961750000000002,4.62862048790699,-0.2253088706620466
0.0008968050000000002,4.629967327529766,-0.2232780730218134
0.0008974350000000002,4.63299771668101,-0.2209088091082081
0.0008980650000000002,4.634007846398092,-0.218878011467975
0.0008986950000000002,4.637374945455029,-0.2158318150076254
0.0008993250000000002,4.638385075172112,-0.2161702812809976
0.0008999550000000002,4.642425594040438,-0.2127856185472757
0.0009005850000000002,4.643099013851825,-0.2107548209070426
0.0009012150000000002,4.644782563380294,-0.2083855569934373
0.0009018450000000002,4.647812952531538,-0.2063547593532042
0.0009024750000000002,4.648486372342926,-0.2056778268064598
0.0009031050000000002,4.650506631777089,-0.2043239617129711
0.0009037350000000002,4.652526891211252,-0.2026316303461102
0.0009043650000000002,4.654210440739721,-0.2006008327058771
0.0009049950000000002,4.654210440739721,-0.1992469676123883
0.0009056250000000003,4.655557280362497,-0.1989085013390161
0.0009062550000000002,4.655220570456803,-0.1989085013390161
0.0009068850000000003,4.66027121904221,-0.1951853723319221
0.0009075150000000002,4.66027121904221,-0.1945084397851777
0.0009081450000000003,4.662291478476373,-0.1938315072384334
0.0009087750000000002,4.664985157721924,-0.1897699119579671
0.0009094050000000003,4.66464844781623,-0.1894314456845949
0.0009100350000000002,4.66734212706178,-0.1874006480443619
0.0009106650000000003,4.669362386495943,-0.1853698504041288
0.0009112950000000002,4.670035806307332,-0.185708316677501
0.0009119250000000003,4.672056065741494,-0.1836775190372678
0.0009125550000000002,4.672056065741494,-0.1826621202171513
0.0009131850000000003,4.672392775647188,-0.1823236539437791
0.0009138150000000002,4.675086454892739,-0.1799543900301738
0.0009144450000000003,4.678453553949677,-0.1779235923899407
0.0009150750000000002,4.678116844043983,-0.1775851261165685
0.0009157050000000003,4.681147233195228,-0.176569727296452
0.0009163350000000002,4.682157362912309,-0.1728465982893579
0.0009169650000000003,4.685187752063554,-0.1708158006491248
0.0009175950000000002,4.685187752063554,-0.1704773343757526
0.0009182250000000003,4.685861171874941,-0.1687850030088917
0.0009188550000000002,4.688218141214798,-0.1677696041887752
0.0009194850000000003,4.690911820460348,-0.1650618740017977
0.0009201150000000002,4.692258660083124,-0.1650618740017977
0.0009207450000000003,4.694278919517287,-0.1643849414550533
0.0009213750000000002,4.694952339328674,-0.1630310763615646
0.0009220050000000003,4.696635888857144,-0.1606618124479593
0.0009226350000000002,4.698992858197001,-0.1593079473544705
0.0009232650000000003,4.699666278008388,-0.1576156159876096
0.0009238950000000002,4.701686537442551,-0.1552463520740043
0.0009245250000000003,4.70337008697102,-0.1532155544337712
0.0009251550000000002,4.70505363649949,-0.1508462905201659
0.0009257850000000003,4.707073895933653,-0.1501693579734215
0.0009264150000000002,4.708084025650734,-0.1484770266065606
0.0009270450000000003,4.708757445462122,-0.1481385603331884
0.0009276750000000002,4.711451124707672,-0.1474616277864441
0.0009283050000000003,4.713808094047529,-0.1444154313260944
0.0009289350000000002,4.713471384141835,-0.1427230999592335
0.0009295650000000003,4.715491643575999,-0.1430615662326057
0.0009301950000000002,4.717511903010162,-0.1396769034988838
0.0009308250000000003,4.718522032727243,-0.1383230384053951
0.0009314550000000002,4.722899261501262,-0.1359537744917898
0.0009320850000000002,4.725592940746814,-0.1339229768515567
0.0009327150000000002,4.726603070463895,-0.1325691117580679
0.0009333450000000002,4.726939780369588,-0.1318921792113236
0.0009339750000000002,4.728960039803751,-0.1291844490243461
0.0009346050000000002,4.730980299237915,-0.127153651384113
0.0009352350000000002,4.731653719049302,-0.1281690502042296
0.0009358650000000002,4.733673978483465,-0.1251228537438799
0.0009364950000000002,4.73670436763471,-0.1237689886503912
0.0009371250000000002,4.737041077540404,-0.1220766572835302
0.0009377550000000002,4.739061336974567,-0.1197073933699249
0.0009383850000000002,4.740744886503036,-0.1173381294563196
0.0009390150000000002,4.742091726125811,-0.1169996631829475
0.0009396450000000002,4.742765145937199,-0.1173381294563196
0.0009402750000000003,4.74646895489983,-0.1132765341758534
0.0009409050000000002,4.7481525044283,-0.1122611353557369
0.0009415350000000003,4.75084618367385,-0.1098918714421316
0.0009421650000000002,4.752193023296626,-0.1071841412551541
0.0009427950000000003,4.755223412447871,-0.1058302761616654
0.0009434250000000002,4.758590511504809,-0.1021071471545713
0.0009440550000000003,4.760274061033278,-0.1007532820610826
0.0009446850000000002,4.762294320467441,-0.09804555187410513
0.0009453150000000003,4.762967740278828,-0.09703015305398857
0.0009459450000000002,4.766334839335767,-0.09330702404689453
0.0009465750000000003,4.768691808675624,-0.09127622640666144
0.0009472050000000002,4.771385487921174,-0.08890696249305613
0.0009478350000000003,4.774752586978113,-0.08687616485282304
0.0009484650000000002,4.7754260067895,-0.08450690093921773
0.0009490950000000003,4.777782976129357,-0.083153035845729
0.0009497250000000002,4.778793105846439,-0.08281456957235681
0.0009503550000000003,4.780476655374907,-0.08247610329898464
0.0009509850000000002,4.78249691480907,-0.07976837311200716
0.0009516150000000003,4.784853884148927,-0.07672217665165751
0.0009522450000000002,4.78687414358309,-0.07469137901142439
0.0009528750000000003,4.788220983205866,-0.07333751391793564
0.0009535050000000002,4.788894403017253,-0.07367598019130783
0.0009541350000000003,4.792934921885579,-0.06893745236409726
0.0009547650000000002,4.793608341696967,-0.06927591863746943
0.0009553950000000003,4.794955181319742,-0.06826051981735287
0.0009560250000000002,4.797312150659599,-0.06521432335700322
0.0009566550000000003,4.798995700188068,-0.06318352571677011
0.0009572850000000002,4.801015959622231,-0.06284505944339794
0.0009579150000000003,4.802362799245007,-0.06047579552979263
0.0009585450000000002,4.803709638867782,-0.06081426180316482
0.0009591750000000003,4.804719768584864,-0.05946039670967609
0.0009598050000000002,4.806740028019027,-0.05641420024932642
0.0009604350000000003,4.808423577547495,-0.0543834026090933
0.0009610650000000002,4.809770417170271,-0.05336800378897677
0.0009616950000000003,4.813474226132903,-0.05133720614874365
0.0009623250000000002,4.81313751622721,-0.05133720614874365
0.0009629550000000003,4.814821065755678,-0.04930640850851054
0.0009635850000000002,4.816841325189841,-0.04693714459490525
0.0009642150000000003,4.82020842424678,-0.04490634695467213
0.0009648450000000002,4.821218553963861,-0.04287554931443904
0.0009654750000000003,4.822565393586636,-0.04287554931443904
0.0009661050000000002,4.824585653020799,-0.03982935285408937
0.0009667350000000003,4.824922362926493,-0.039152420307345
0.0009673650000000002,4.826269202549269,-0.03813702148722845
0.0009679950000000002,4.828289461983432,-0.03576775757362316
0.0009686250000000002,4.830309721417595,-0.03373695993339004
0.0009692550000000002,4.832666690757452,-0.03373695993339004
0.0009698850000000002,4.835360370003002,-0.0303522971996682
0.0009705150000000002,4.835360370003002,-0.02865996583280728
0.0009711450000000002,4.838054049248552,-0.02764456701269072
0.0009717750000000002,4.839737598777022,-0.02459837055234107
0.0009724050000000002,4.840411018588409,-0.02493683682571327
0.0009730350000000002,4.842767987928267,-0.02256757291210795
0.0009736650000000002,4.84478824736243,-0.02053677527187486
0.0009742950000000002,4.846135086985205,-0.0195213764517583
0.0009749250000000003,4.846808506796592,-0.0195213764517583
0.0009755550000000002,4.849838895947837,-0.01647517999140863
0.0009761850000000003,4.851859155382,-0.01342898353105898
0.0009768150000000002,4.854216124721857,-0.01309051725768678
0.0009774450000000004,4.854889544533244,-0.0107212533440815
0.0009780750000000003,4.857246513873101,-0.008351989430476214
0.0009787050000000003,4.85893006340157,-0.00699812433698746
0.0009793350000000004,4.861287032741427,-0.006321191790243097
0.0009799650000000004,4.861960452552815,-0.004628860423382175
0.0009805950000000003,4.866000971421141,-0.00225959650977689
0.0009812250000000003,4.865664261515447,-0.0005672651429159681
0.0009818550000000004,4.869031360572385,0.001801998770689331
0.0009824850000000004,4.870041490289466,0.003832796410922434
0.0009831150000000003,4.871388329912242,0.004848195231038993
0.0009837450000000003,4.872735169535018,0.006540526597899915
0.0009843750000000004,4.873745299252099,0.006540526597899915
0.0009850050000000004,4.878122528026118,0.0089097905115052
0.0009856350000000003,4.8791326577432,0.01094058815173832
0.0009862650000000003,4.881489627083057,0.01229445324522704
0.0009868950000000004,4.883173176611527,0.01534064970557671
0.0009875250000000004,4.884520016234301,0.01737144734580982
0.0009881550000000003,4.886203565762771,0.01804837989255419
0.0009887850000000003,4.88788711529124,0.01974071125941511
0.0009894150000000004,4.889907374725403,0.02109457635290385
0.0009900450000000004,4.891590924253872,0.02278690771976477
0.0009906750000000003,4.893947893593729,0.02617157045348661
0.0009913050000000003,4.896978282744973,0.02854083436709191
0.0009919350000000004,4.89765170255636,0.03023316573395284
0.0009925650000000004,4.90202893133038,0.03260242964755812
0.0009931950000000003,4.903375770953156,0.03497169356116342
0.0009938250000000003,4.9064061601044,0.03700249120139652
0.0009944550000000004,4.909436549255645,0.03903328884162963
0.0009950850000000004,4.911793518595502,0.04207948530197929
0.0009957150000000003,4.913813778029665,0.04512568176232895
0.0009963450000000003,4.915497327558134,0.04546414803570115
0.0009969750000000004,4.916507457275215,0.04647954685581769
0.0009976050000000004,4.918191006803685,0.04884881076942299
0.0009982350000000003,4.921221395954929,0.05155654095640046
0.0009988650000000003,4.922904945483398,0.05121807468302828
0.0009994950000000004,4.925261914823255,0.05426427114337794
0.001000125,4.925598624728948,0.05561813623686668
0.001000755,4.927955594068806,0.05697200133035542
0.001001385,4.929975853502969,0.05934126524396071
0.001002015,4.931322693125744,0.06137206288419381
0.001002645,4.934016372371294,0.06374132679779911
0.001003275,4.936036631805457,0.06374132679779911
0.001003905,4.937720181333927,0.06475672561791566
0.001004535,4.937720181333927,0.06746445580489313
0.001005165,4.93974044076809,0.06780292207826533
0.001005795,4.942097410107946,0.07017218599187061
0.001006425,4.943107539825028,0.07118758481198717
0.001007055,4.945801219070579,0.07423378127233683
0.001007685,4.946137928976272,0.07592611263919775
0.001008315,4.950178447844598,0.07829537655280305
0.001008945,4.950178447844598,0.07829537655280305
0.001009575,4.950515157750292,0.07897230909954742
0.001010205,4.953545546901537,0.08201850555989706
0.001010835,4.955902516241394,0.08438776947350236
0.001011465,4.956912645958475,0.0860801008403633
0.001012095,4.959606325204025,0.08811089848059639
0.001012725,4.95994303510972,0.08777243220722422
0.001013355,4.961963294543883,0.08912629730071295
0.001013985,4.964656973789433,0.09183402748769043
0.001014615,4.965330393600821,0.09217249376106261
0.001015245,4.967350653034984,0.09454175767466791
0.001015875,4.96970762237484,0.09691102158827319
0.001016505,4.970044332280534,0.09792642040838975
0.001017135,4.972064591714697,0.100295684321995
0.001017765,4.975431690771636,0.1023264819622282
0.001018395,4.975094980865942,0.1016495494154838
0.001019025,4.977788660111493,0.1036803470557169
0.001019655,4.979808919545656,0.10571114469595
0.001020285,4.982165888885512,0.1070650097894387
0.001020915,4.982165888885512,0.1080804086095553
0.001021545,4.984186148319675,0.1107881387965328
0.001022175,4.986879827565226,0.1118035376166493
0.001022805,4.988563377093695,0.1138343352568824
0.001023435,4.989573506810776,0.1158651328971155
0.001024065,4.991257056339246,0.1165420654438599
0.001024695,4.993614025679102,0.1182343968107208
0.001025325,4.995970995018959,0.1216190595444427
0.001025955,4.996981124736041,0.122295992091187
0.001026585,4.999001384170204,0.1243267897314202
0.001027215,5.00304190303853,0.1280499187385142
0.001027845,5.003715322849917,0.1300807163787473
0.001028475,5.005062162472693,0.1297422501053751
0.001029105,5.009776101152407,0.1324499802923526
0.001029735,5.011122940775182,0.1361731092994466
0.001030365,5.013479910115039,0.1371885081195632
0.001030995,5.015500169549202,0.1382039069396797
0.001031625,5.018193848794752,0.1419270359467737
0.001032255,5.020887528040303,0.144296299860379
0.001032885,5.022234367663078,0.1470040300473565
0.001033515,5.023581207285853,0.1480194288674731
0.001034145,5.025938176625711,0.1507271590544506
0.001034775,5.028295145965568,0.1517425578745671
0.001035405,5.031662245022505,0.1537733555148002
0.001036035,5.031662245022505,0.1544502880615446
0.001036665,5.033682504456668,0.1564810857017777
0.001037295,5.035029344079444,0.1564810857017777
0.001037925,5.037723023324994,0.1598657484354995
0.001038555,5.03906986294777,0.1612196135289883
0.001039185,5.039406572853464,0.1629119448958492
0.001039815,5.041426832287627,0.1639273437159657
0.001040445,5.042436962004708,0.1656196750828267
0.001041075,5.044457221438871,0.1669735401763154
0.001041705,5.046477480873034,0.1686658715431763
0.001042335,5.047150900684422,0.1693428040899207
0.001042965,5.048497740307197,0.1700197366366651
0.001043595,5.05051799974136,0.171712068003526
0.001044225,5.051191419552747,0.1727274668236425
0.001044855,5.053885098798299,0.1761121295573644
0.001045485,5.05489522851538,0.1767890621041088
0.001046115,5.057925617666625,0.1778044609242253
0.001046745,5.058599037478012,0.1798352585644584
0.001047375,5.060956006817869,0.1825429887514359
0.001048005,5.060956006817869,0.1828814550248081
0.001048635,5.063312976157725,0.1842353201182968
0.001049265,5.066006655403276,0.1859276514851577
0.001049895,5.067353495026052,0.188296915398763
0.001050525,5.067690204931745,0.188296915398763
0.001051155,5.069710464365908,0.1906661793123683
0.001051785,5.070383884177296,0.1910046455857405
0.001052415,5.073077563422847,0.1926969769526014
0.001053045,5.073750983234234,0.1943893083194624
0.001053675,5.075771242668397,0.1950662408662067
0.001054305,5.077454792196867,0.1967585722330676
0.001054935,5.078128212008254,0.1981124373265564
0.001055565,5.080821891253804,0.2008201675135339
0.001056195,5.081495311065193,0.2018355663336504
0.001056825,5.083178860593661,0.202850965153767
0.001057455,5.08385228040505,0.2035278977005113
0.001058085,5.0865459596506,0.2052202290673723
0.001058715,5.088902928990457,0.206574094160861
0.001059345,5.089913058707539,0.2075894929809776
0.001059975,5.090586478518926,0.2106356894413272
0.001060605,5.092606737953089,0.2113126219880716
0.001061235,5.094290287481558,0.2126664870815603
0.001061865,5.095300417198639,0.2140203521750491
0.001062495,5.095973837010027,0.21571268354191
0.001063125,5.100014355878353,0.2187588800022597
0.001063755,5.101361195501128,0.219435812549004
0.001064385,5.10237132521821,0.2207896776424927
0.001065015,5.104054874746679,0.2221435427359815
0.001065645,5.105065004463761,0.2228204752827259
0.001066275,5.106748553992229,0.2234974078294703
0.001066905,5.109105523332087,0.2262051380164477
0.001067535,5.110789072860555,0.2282359356566808
0.001068165,5.111799202577637,0.2292513344767974
0.001068795,5.112809332294718,0.2302667332969139
0.001069425,5.11550301154027,0.232297530937147
0.001070055,5.116176431351657,0.2343283285773801
0.001070685,5.11819669078582,0.2366975924909854
0.001071315,5.119543530408595,0.2380514575844742
0.001071945,5.121563789842758,0.2387283901312185
0.001072575,5.121900499748453,0.2370360587643576
0.001073205,5.12257391955984,0.2397437889513351
0.001073835,5.124930888899697,0.241436120318196
0.001074465,5.127624568145247,0.2438053842318013
0.001075095,5.130318247390798,0.2461746481454066
0.001075725,5.132675216730655,0.2471900469655232
0.001076355,5.133348636542042,0.2492208446057562
0.001076985,5.135032186070512,0.2519285747927337
0.001077615,5.137389155410368,0.2549747712530834
0.001078245,5.139746124750225,0.2563286363465721
0.001078875,5.141766384184388,0.2573440351666887
0.001079505,5.143449933712858,0.2597132990802939
0.001080135,5.145133483241326,0.2610671641737827
0.001080765,5.148163872392571,0.2624210292672715
0.001081395,5.148837292203958,0.2644518269075046
0.001082025,5.151530971449509,0.2661441582743655
0.001082655,5.154561360600754,0.2681749559145986
0.001083285,5.155908200223529,0.2695288210080873
0.001083915,5.156581620034917,0.2712211523749483
0.001084545,5.157591749751998,0.2732519500151814
0.001085175,5.15860187946908,0.2746058151086701
0.001085805,5.16129555871463,0.2759596802021588
0.001086435,5.162642398337406,0.2756212139287867
0.001087065,5.163652528054487,0.2773135452956476
0.001087695,5.164662657771569,0.2786674103891363
0.001088325,5.166009497394344,0.2796828092092529
0.001088955,5.166009497394344,0.2796828092092529
0.001089585,5.167019627111426,0.2806982080293694
0.001090215,5.169713306356976,0.2830674719429747
0.001090845,5.17005001626267,0.2844213370364634
0.001091475,5.172406985602526,0.2861136684033244
0.001092105,5.173080405413915,0.2861136684033244
0.001092735,5.174090535130996,0.2861136684033244
0.001093365,5.175774084659465,0.2881444660435575
0.001093995,5.178131053999322,0.2911906625039071
0.001094625,5.178467763905016,0.2918675950506515
0.001095255,5.180151313433485,0.2942368589642568
0.001095885,5.180488023339179,0.2949137915110012
0.001096515,5.182171572867648,0.294575325237629
0.001097145,5.184528542207505,0.2966061228778621
0.001097775,5.185538671924586,0.2972830554246065
0.001098405,5.186885511547361,0.2996523193382118
0.001099035,5.18587538183028,0.3006677181583283
0.001099665,5.188569061075831,0.302021583251817
0.001100295,5.189579190792912,0.3016831169784449
0.001100925,5.191599450227075,0.3033754483453058
0.001101555,5.193619709661238,0.3060831785322833
0.001102185,5.193282999755544,0.3067601110790277
0.001102815,5.193956419566932,0.3060831785322833
0.001103445,5.196313388906789,0.3081139761725163
0.001104075,5.19732351862387,0.3098063075393773
0.001104705,5.19900706815234,0.3104832400861217
0.001105335,5.198333648340951,0.3101447738127495
0.001105965,5.201364037492196,0.3125140377263548
0.001106595,5.203721006832053,0.3145448353665879
0.001107225,5.204057716737747,0.31488330163996
0.001107855,5.204057716737747,0.31488330163996
0.001108485,5.205741266266216,0.3175910318269375
0.001109115,5.209445075228848,0.3196218294671707
0.001109745,5.208434945511766,0.3192833631937985
0.001110375,5.209108365323154,0.3202987620139151
0.001111005,5.210455204945929,0.3233449584742647
0.001111635,5.211465334663011,0.3226680259275203
0.001112265,5.214159013908562,0.3243603572943812
0.001112895,5.21314888419148,0.3233449584742647
0.001113525,5.215169143625643,0.3263911549346143
0.001114155,5.216515983248419,0.3260526886612422
0.001114785,5.217862822871194,0.3280834863014753
0.001115415,5.221566631833826,0.3304527502150806
0.001116045,5.221566631833826,0.3297758176683362
0.001116675,5.22190334173952,0.3314681490351971
0.001117305,5.222576761550908,0.333160480402058
0.001117935,5.225607150702152,0.334852811768919
0.001118565,5.226617280419234,0.3365451431357799
0.001119195,5.229984379476171,0.3382374745026408
0.001119825,5.23065779928756,0.3399298058695017
0.001120455,5.231667929004641,0.3399298058695017
0.001121085,5.232341348816028,0.342299069783107
0.001121715,5.235371737967273,0.343991401149968
0.001122345,5.236718577590048,0.3466991313369454
0.001122975,5.239412256835599,0.3463606650635732
0.001123605,5.238065417212824,0.3463606650635732
0.001124235,5.240759096458374,0.3500837940706673
0.001124865,5.242779355892537,0.3504222603440394
0.001125495,5.245809745043782,0.3524530579842726
0.001126125,5.246483164855169,0.3544838556245057
0.001126755,5.248840134195026,0.3558377207179944
0.001127385,5.250186973817802,0.3582069846315997
0.001128015,5.250523683723495,0.3585454509049719
0.001128645,5.249513554006414,0.3585454509049719
0.001129275,5.251197103534883,0.3585454509049719
0.001129905,5.252880653063352,0.360576248545205
0.001130535,5.253217362969046,0.3612531810919494
0.001131165,5.255574332308903,0.3619301136386938
0.001131795,5.255237622403209,0.3622685799120659
0.001132425,5.256921171931678,0.3646378438256712
0.001133055,5.257931301648759,0.3646378438256712
0.001133685,5.258268011554454,0.3653147763724156
0.001134315,5.260961690800004,0.3676840402860209
0.001134945,5.261298400705698,0.3686994391061374
0.001135575,5.261971820517085,0.3693763716528818
0.001136205,5.263318660139861,0.369714837926254
0.001136835,5.263318660139861,0.3707302367463705
0.001137465,5.262981950234167,0.3703917704729983
0.001138095,5.262308530422779,0.369714837926254
0.001138725,5.26500220966833,0.3717456355664871
0.001139355,5.266012339385411,0.3724225681132315
0.001139985,5.267022469102493,0.3737764332067202
0.001140615,5.268369308725268,0.3747918320268367
0.001141245,5.267695888913881,0.3741148994800924
0.001141875,5.269716148348044,0.3747918320268367
0.001142505,5.271399697876513,0.3761456971203255
0.001143135,5.271736407782207,0.3781764947605586
0.001143765,5.271736407782207,0.3791918935806752
0.001144395,5.272073117687901,0.3781764947605586
0.001145025,5.274430087027757,0.3818996237676526
0.001145655,5.276787056367614,0.382576556314397
0.001146285,5.277123766273308,0.3829150225877692
0.001146915,5.277797186084696,0.3839304214078857
0.001147545,5.277797186084696,0.3835919551345135
0.001148175,5.278470605896083,0.3842688876812579
0.001148805,5.279817445518859,0.3852842865013745
0.001149435,5.28082757523594,0.3859612190481189
0.001150065,5.282174414858716,0.3866381515948633
0.001150695,5.282511124764409,0.3873150841416075
0.001151325,5.28352125448149,0.3876535504149797
0.001151955,5.284868094104266,0.3883304829617241
0.001152585,5.28352125448149,0.3886689492350963
0.001153215,5.284868094104266,0.3913766794220738
0.001153845,5.284868094104266,0.3906997468753294
0.001154475,5.287225063444123,0.3920536119688182
0.001155105,5.287225063444123,0.393745943335679
0.001155735,5.288235193161205,0.3920536119688182
0.001156365,5.28958203278398,0.3947613421557956
0.001156995,5.288908612972592,0.3947613421557956
0.001157625,5.291602292218143,0.39543827470254
0.001158255,5.292612421935225,0.3964536735226566
0.001158885,5.293622551652306,0.3971306060694009
0.001159515,5.292949131840918,0.3974690723427731
0.001160145,5.292949131840918,0.3971306060694009
0.001160775,5.293959261557999,0.3974690723427731
0.001161405,5.295979520992162,0.399161403709634
0.001162035,5.296989650709244,0.3994998699830062
0.001162665,5.299009910143407,0.4018691338966115
0.001163295,5.298336490332019,0.4032229989901003
0.001163925,5.30103016957757,0.4049153303569611
0.001164555,5.30103016957757,0.4045768640835889
0.001165185,5.305070688445896,0.4086384593640552
0.001165815,5.305070688445896,0.4093153919107996
0.001166445,5.306417528068671,0.4096538581841718
0.001167075,5.306754237974365,0.409992324457544
0.001167705,5.308437787502834,0.4113461895510326
0.001168335,5.310121337031304,0.413715453464638
0.001168965,5.312141596465467,0.4143923860113823
0.001169595,5.312141596465467,0.4150693185581267
0.001170225,5.312815016276854,0.4150693185581267
0.001170855,5.313825145993936,0.4164231836516155
0.001171485,5.315171985616711,0.417438582471732
0.001172115,5.314835275711017,0.4164231836516155
0.001172745,5.315845405428099,0.4184539812918485
0.001173375,5.316182115333793,0.4191309138385929
0.001174005,5.316182115333793,0.4187924475652207
0.001174635,5.317865664862262,0.4187924475652207
0.001175265,5.318875794579343,0.4208232452054539
0.001175895,5.318539084673649,0.4204847789320817
0.001176525,5.318202374767956,0.4208232452054539
0.001177155,5.320896054013506,0.422854042845687
0.001177785,5.320896054013506,0.4215001777521982
0.001178415,5.319885924296424,0.4225155765723148
0.001179045,5.320222634202119,0.4221771102989426
0.001179675,5.3212327639192,0.422854042845687
0.001180305,5.321906183730587,0.4235309753924313
0.001180935,5.322579603541975,0.4242079079391757
0.001181565,5.323253023353363,0.4238694416658035
0.001182195,5.322242893636282,0.4235309753924313
0.001182825,5.324263153070445,0.4269156381261532
0.001183455,5.324263153070445,0.426577171852781
0.001184085,5.323589733259057,0.4255617730326644
0.001184715,5.326620122410302,0.4282695032196419
0.001185345,5.324599862976138,0.4255617730326644
0.001185975,5.326620122410302,0.4259002393060366
0.001186605,5.326956832315995,0.4275925706728976
0.001187235,5.326620122410302,0.4262387055794088
0.001187865,5.326283412504607,0.4272541043995254
0.001188495,5.326283412504607,0.4272541043995254
0.001189125,5.327293542221689,0.4289464357663862
0.001189755,5.327293542221689,0.4289464357663862
0.001190385,5.327966962033076,0.4279310369462698
0.001191015,5.328640381844465,0.4296233683131306
0.001191645,5.328977091750158,0.4289464357663862
0.001192275,5.330997351184321,0.4306387671332472
0.001192905,5.329313801655852,0.4306387671332472
0.001193535,5.330323931372933,0.4319926322267359
0.001194165,5.330660641278627,0.4309772334066194
0.001194795,5.330660641278627,0.4306387671332472
0.001195425,5.331670770995709,0.4319926322267359
0.001196055,5.330323931372933,0.4319926322267359
0.001196685,5.331334061090015,0.4330080310468525
0.001197315,5.331670770995709,0.4319926322267359
0.001197945,5.333017610618484,0.4333464973202247
0.001198575,5.332344190807096,0.4336849635935969
0.001199205,5.333354320524178,0.4336849635935969
0.001199835,5.333017610618484,0.4323310985001081
0.001200465,5.333354320524178,0.4330080310468525
0.001201095,5.33268090071279,0.4323310985001081
0.001201725,5.335374579958341,0.4350388286870855
0.001202355,5.334701160146953,0.4350388286870855
0.001202985,5.335037870052647,0.4336849635935969
0.001203615,5.335037870052647,0.4340234298669691
0.001204245,5.335374579958341,0.4357157612338299
0.001204875,5.336384709675422,0.4363926937805743
0.001205505,5.337394839392504,0.4380850251474353
0.001206135,5.339078388920973,0.4380850251474353
0.001206765,5.339078388920973,0.4384234914208074
0.001207395,5.340088518638054,0.4397773565142962
0.001208025,5.340761938449442,0.4404542890610406
0.001208655,5.342782197883605,0.4404542890610406
0.001209285,5.342108778072218,0.441131221607785
0.001209915,5.342445487977911,0.441131221607785
0.001210545,5.342108778072218,0.4414696878811571
0.001211175,5.344129037506381,0.443162019248018
0.001211805,5.34581258703485,0.443162019248018
0.001212435,5.346149296940544,0.4438389517947624
0.001213065,5.345139167223462,0.4445158843415068
0.001213695,5.34581258703485,0.4462082157083677
0.001214325,5.346822716751931,0.4451928168882512
0.001214955,5.346486006846237,0.4441774180681346
0.001215585,5.347832846469013,0.4451928168882512
0.001216215,5.347832846469013,0.4458697494349955
0.001216845,5.346486006846237,0.4458697494349955
0.001217475,5.346486006846237,0.444854350614879
0.001218105,5.346149296940544,0.4462082157083677
0.001218735,5.3485062662804,0.4465466819817399
0.001219365,5.346822716751931,0.444854350614879
0.001219995,5.34581258703485,0.4465466819817399
0.001220625,5.346486006846237,0.4468851482551121
0.001221255,5.346486006846237,0.4445158843415068
0.001221885,5.347832846469013,0.444854350614879
0.001222515,5.347832846469013,0.4441774180681346
0.001223145,5.346822716751931,0.4435004855213902
0.001223775,5.347496136563318,0.4441774180681346
0.001224405,5.346822716751931,0.4451928168882512
0.001225035,5.346149296940544,0.4445158843415068
0.001225665,5.346486006846237,0.4435004855213902
0.001226295,5.34581258703485,0.4438389517947624
0.001226925,5.347159426657625,0.4455312831616233
0.001227555,5.346149296940544,0.4451928168882512
0.001228185,5.346486006846237,0.444854350614879
0.001228815,5.34581258703485,0.4455312831616233
0.001229445,5.345475877129156,0.4441774180681346
0.001230075,5.346486006846237,0.4445158843415068
0.001230705,5.346486006846237,0.4421466204279014
0.001231335,5.346486006846237,0.4441774180681346
0.001231965,5.347159426657625,0.4438389517947624
0.001232595,5.346149296940544,0.4435004855213902
0.001233225,5.345475877129156,0.4424850867012736
0.001233855,5.344465747412074,0.443162019248018
0.001234485,5.343792327600687,0.443162019248018
0.001235115,5.343792327600687,0.4414696878811571
0.001235745,5.345139167223462,0.4421466204279014
0.001236375,5.344465747412074,0.443162019248018
0.001237005,5.344465747412074,0.4418081541545293
0.001237635,5.344465747412074,0.4414696878811571
0.001238265,5.345475877129156,0.4421466204279014
0.001238895,5.343455617694993,0.4401158227876684
0.001239525,5.345139167223462,0.4424850867012736
0.001240155,5.344802457317768,0.441131221607785
0.001240785,5.344802457317768,0.441131221607785
0.001241415,5.342782197883605,0.441131221607785
0.001242045,5.34143535826083,0.4397773565142962
0.001242675,5.343118907789298,0.4407927553344128
0.001243305,5.342445487977911,0.4401158227876684
0.001243935,5.342108778072218,0.4391004239675518
0.001244565,5.343118907789298,0.4407927553344128
0.001245195,5.341098648355135,0.4377465588740631
0.001245825,5.34143535826083,0.4397773565142962
0.001246455,5.342108778072218,0.4407927553344128
0.001247085,5.34143535826083,0.4397773565142962
0.001247715,5.342445487977911,0.4401158227876684
0.001248345,5.343455617694993,0.4401158227876684
0.001248975,5.345139167223462,0.4418081541545293
0.001249605,5.343118907789298,0.441131221607785
0.001250235,5.341772068166524,0.4397773565142962
0.001250865,5.342782197883605,0.4404542890610406
0.001251495,5.343792327600687,0.4404542890610406
0.001252125,5.343455617694993,0.4391004239675518
0.001252755,5.342445487977911,0.4397773565142962
0.001253385,5.343118907789298,0.4401158227876684
0.001254015,5.342108778072218,0.4401158227876684
0.001254645,5.344465747412074,0.4414696878811571
0.001255275,5.343455617694993,0.4418081541545293
0.001255905,5.344129037506381,0.441131221607785
0.001256535,5.345139167223462,0.4404542890610406
0.001257165,5.344129037506381,0.4404542890610406
0.001257795,5.344802457317768,0.4428235529746458
0.001258425,5.344465747412074,0.4407927553344128
0.001259055,5.343455617694993,0.4391004239675518
0.001259685,5.343792327600687,0.4391004239675518
0.001260315,5.343792327600687,0.4397773565142962
0.001260945,5.341098648355135,0.4380850251474353
0.001261575,5.341772068166524,0.4384234914208074
0.001262205,5.34143535826083,0.4387619576941796
0.001262835,5.340425228543748,0.4384234914208074
0.001263465,5.338741679015279,0.4353772949604577
0.001264095,5.339751808732361,0.4360542275072021
0.001264725,5.33705812948681,0.4347003624137135
0.001265355,5.337731549298198,0.4353772949604577
0.001265985,5.338404969109585,0.4347003624137135
0.001266615,5.337731549298198,0.4347003624137135
0.001267245,5.335711289864035,0.4333464973202247
0.001267875,5.336047999769728,0.4326695647734803
0.001268505,5.336047999769728,0.4323310985001081
0.001269135,5.336047999769728,0.4326695647734803
0.001269765,5.334364450241259,0.4330080310468525
0.001270395,5.334364450241259,0.4316541659533637
0.001271025,5.334701160146953,0.4313156996799916
0.001271655,5.33268090071279,0.4306387671332472
0.001272285,5.33268090071279,0.4289464357663862
0.001272915,5.330997351184321,0.4279310369462698
0.001273545,5.330323931372933,0.4279310369462698
0.001274175,5.329313801655852,0.426577171852781
0.001274805,5.328977091750158,0.4259002393060366
0.001275435,5.329987221467239,0.4262387055794088
0.001276065,5.32830367193877,0.4238694416658035
0.001276695,5.327966962033076,0.4262387055794088
0.001277325,5.327630252127383,0.4255617730326644
0.001277955,5.326620122410302,0.4231925091190591
0.001278585,5.325273282787526,0.422854042845687
0.001279215,5.325273282787526,0.4215001777521982
0.001279845,5.324263153070445,0.4208232452054539
0.001280475,5.323253023353363,0.4208232452054539
0.001281105,5.323589733259057,0.4208232452054539
0.001281735,5.322916313447669,0.4191309138385929
0.001282365,5.321906183730587,0.4191309138385929
0.001282995,5.321906183730587,0.4177770487451041
0.001283625,5.322579603541975,0.4191309138385929
0.001284255,5.322579603541975,0.4184539812918485
0.001284885,5.320559344107812,0.4167616499249877
0.001285515,5.320559344107812,0.4167616499249877
0.001286145,5.318875794579343,0.4160847173782433
0.001286775,5.317528954956567,0.4140539197380102
0.001287405,5.314498565805323,0.4130385209178936
0.001288035,5.314835275711017,0.4133769871912658
0.001288665,5.315508695522404,0.4123615883711492
0.001289295,5.314498565805323,0.4116846558244048
0.001289925,5.314835275711017,0.4123615883711492
0.001290555,5.31685553514518,0.4143923860113823
0.001291185,5.315508695522404,0.4127000546445214
0.001291815,5.316182115333793,0.4130385209178936
0.001292445,5.314835275711017,0.4116846558244048
0.001293075,5.316518825239486,0.4123615883711492
0.001293705,5.313825145993936,0.4106692570042884
0.001294335,5.313488436088242,0.4110077232776604
0.001294965,5.313488436088242,0.4103307907309162
0.001295595,5.313151726182548,0.4103307907309162
0.001296225,5.315171985616711,0.412023122097777
0.001296855,5.313151726182548,0.4103307907309162
0.001297485,5.311804886559773,0.4089769256374274
0.001298115,5.310794756842691,0.4089769256374274
0.001298745,5.308774497408528,0.4072845942705665
0.001299375,5.307427657785753,0.4055922629037055
0.001300005,5.307764367691447,0.4059307291770777
0.001300635,5.305744108257284,0.4035614652634725
0.001301265,5.306080818162977,0.4042383978102168
0.001301895,5.304733978540202,0.4015306676232393
0.001302525,5.303723848823121,0.4001768025297506
0.001303155,5.303050429011733,0.4001768025297506
0.001303785,5.301703589388958,0.3984844711628897
0.001304415,5.30103016957757,0.3994998699830062
0.001305045,5.301703589388958,0.3988229374362618
0.001305675,5.300693459671876,0.399161403709634
0.001306305,5.296989650709244,0.3957767409759122
0.001306935,5.295979520992162,0.3944228758824234
0.001307565,5.295642811086469,0.3930690107889347
0.001308195,5.295306101180775,0.3913766794220738
0.001308825,5.294295971463693,0.3930690107889347
0.001309455,5.291602292218143,0.3896843480552129
0.001310085,5.291939002123836,0.3893458817818407
0.001310715,5.291602292218143,0.3903612806019572
0.001311345,5.290255452595368,0.3876535504149797
0.001311975,5.28958203278398,0.3866381515948633
0.001312605,5.288235193161205,0.3862996853214911
0.001313235,5.288571903066899,0.3859612190481189
0.001313865,5.287225063444123,0.3856227527747467
0.001314495,5.28520480400996,0.3839304214078857
0.001315125,5.283184544575797,0.3818996237676526
0.001315755,5.283184544575797,0.380884224947536
0.001316385,5.283184544575797,0.380884224947536
0.001317015,5.282511124764409,0.3812226912209082
0.001317645,5.281500995047328,0.3781764947605586
0.001318275,5.281164285141634,0.3785149610339308
0.001318905,5.27813389599039,0.3758072308469533
0.001319535,5.277460476179002,0.3754687645735811
0.001320165,5.276113636556227,0.3747918320268367
0.001320795,5.274766796933451,0.373437966933348
0.001321425,5.27375666721637,0.3717456355664871
0.001322055,5.273419957310676,0.3710687030197427
0.001322685,5.273419957310676,0.3700533041996261
0.001323315,5.271399697876513,0.3693763716528818
0.001323945,5.272073117687901,0.3693763716528818
0.001324575,5.26937943844235,0.3680225065593931
0.001325205,5.270052858253738,0.3693763716528818
0.001325835,5.268032598819575,0.3666686414659043
0.001326465,5.267695888913881,0.3670071077392765
0.001327095,5.267359179008187,0.3670071077392765
0.001327725,5.268369308725268,0.3659917089191599
0.001328355,5.266685759196799,0.3656532426457877
0.001328985,5.265338919574024,0.364299377552299
0.001329615,5.26500220966833,0.3629455124588103
0.001330245,5.266012339385411,0.3646378438256712
0.001330875,5.264328789856942,0.3639609112789268
0.001331505,5.262981950234167,0.3612531810919494
0.001332135,5.260961690800004,0.3595608497250884
0.001332765,5.259278141271535,0.3588839171783441
0.001333395,5.259614851177229,0.3575300520848553
0.001334025,5.258604721460148,0.3565146532647387
0.001334655,5.254564202591822,0.3541453893511335
0.001335285,5.254564202591822,0.3534684568043891
0.001335915,5.255237622403209,0.3534684568043891
0.001336545,5.25355407287474,0.3521145917109004
0.001337175,5.251533813440577,0.3504222603440394
0.001337805,5.249513554006414,0.3504222603440394
0.001338435,5.250186973817802,0.3500837940706673
0.001339065,5.247156584666557,0.3456837325168289
0.001339695,5.247156584666557,0.3453452662434567
0.001340325,5.245136325232394,0.3443298674233402
0.001340955,5.244126195515313,0.3433144686032236
0.001341585,5.241095806364068,0.3409452046896183
0.001342215,5.24042238655268,0.3406067384162461
0.001342845,5.240085676646987,0.3406067384162461
0.001343475,5.238402127118517,0.3392528733227573
0.001344105,5.237055287495743,0.3378990082292687
0.001344735,5.235371737967273,0.3358682105890355
0.001345365,5.234361608250191,0.3345143454955468
0.001345995,5.233014768627417,0.3324835478553136
0.001346625,5.231667929004641,0.3304527502150806
0.001347255,5.231331219098947,0.3297758176683362
0.001347885,5.229310959664784,0.3287604188482196
0.001348515,5.227627410136315,0.3274065537547309
0.001349145,5.226953990324927,0.3274065537547309
0.001349775,5.224933730890764,0.32571422238787
0.001350405,5.224933730890764,0.3253757561144978
0.001351035,5.222240051645214,0.3233449584742647
0.001351665,5.220556502116745,0.3219910933807759
0.001352295,5.219209662493969,0.3196218294671707
0.001352925,5.219209662493969,0.3189448969204263
0.001353555,5.216515983248419,0.3162371667334488
0.001354185,5.214832433719949,0.31488330163996
0.001354815,5.215842563437031,0.31488330163996
0.001355445,5.212475464380093,0.3142063690932157
0.001356075,5.211128624757317,0.312852503999727
0.001356705,5.210455204945929,0.3108217063594939
0.001357335,5.210118495040236,0.3104832400861217
0.001357965,5.207424815794685,0.3081139761725163
0.001358595,5.207761525700379,0.3070985773523998
0.001359225,5.20439442664344,0.3057447122589111
0.001359855,5.202374167209277,0.3050677797121667
0.001360485,5.201027327586503,0.3030369820719336
0.001361115,5.201027327586503,0.3030369820719336
0.001361745,5.19900706815234,0.2993138530648396
0.001362375,5.197996938435258,0.3006677181583283
0.001363005,5.195303259189707,0.2976215216979786
0.001363635,5.194966549284013,0.2962676566044899
0.001364265,5.193282999755544,0.2955907240577456
0.001364895,5.193619709661238,0.2952522577843734
0.001365525,5.19294628984985,0.2949137915110012
0.001366155,5.19294628984985,0.2942368589642568
0.001366785,5.191599450227075,0.2932214601441402
0.001367415,5.189579190792912,0.2911906625039071
0.001368045,5.188569061075831,0.2901752636837906
0.001368675,5.187895641264443,0.2901752636837906
0.001369305,5.187558931358749,0.2901752636837906
0.001369935,5.186212091735974,0.2888213985903019
0.001370565,5.186212091735974,0.2881444660435575
0.001371195,5.184865252113198,0.2857752021299522
0.001371825,5.182844992679035,0.2861136684033244
0.001372455,5.18149815305626,0.2840828707630912
0.001373085,5.181834862961954,0.283744404489719
0.001373715,5.181834862961954,0.2830674719429747
0.001374345,5.177794344093628,0.2790058766625085
0.001374975,5.17712092428224,0.2783289441157641
0.001375605,5.174090535130996,0.2779904778423919
0.001376235,5.174763954942383,0.2759596802021588
0.001376865,5.171060145979752,0.2732519500151814
0.001377495,5.169376596451282,0.2729134837418092
0.001378125,5.168703176639895,0.2722365511950648
0.001378755,5.167356337017119,0.2705442198282039
0.001379385,5.167019627111426,0.2698672872814595
0.001380015,5.164325947865875,0.2658056920009933
0.001380645,5.161632268620324,0.265128759454249
0.001381275,5.159948719091855,0.2620825629938993
0.001381905,5.158265169563386,0.2614056304471549
0.001382535,5.157255039846304,0.2610671641737827
0.001383165,5.153551230883672,0.2583594339868053
0.001383795,5.152877811072284,0.2580209677134331
0.001384425,5.152204391260897,0.2559901700732
0.001385055,5.149174002109652,0.2529439736128503
0.001385685,5.147490452581184,0.2512516422459894
0.001386315,5.146817032769795,0.250574709699245
0.001386945,5.144796773335632,0.2488823783323841
0.001387575,5.143449933712858,0.246851580692151
0.001388205,5.142103094090082,0.2454977155986622
0.001388835,5.139409414844531,0.2427899854116848
0.001389465,5.13839928512745,0.2417745865915682
0.001390095,5.137389155410368,0.2404207214980795
0.001390725,5.136379025693286,0.2407591877714516
0.001391355,5.133011926636349,0.2380514575844742
0.001391985,5.130991667202186,0.2363591262176132
0.001392615,5.12964482757941,0.2346667948507523
0.001393245,5.127287858239553,0.2326359972105192
0.001393875,5.126614438428166,0.2326359972105192
0.001394505,5.124594178994003,0.2302667332969139
0.001395135,5.123584049276921,0.2278974693833086
0.001395765,5.121563789842758,0.2265436042898199
0.001396395,5.119880240314289,0.2234974078294703
0.001397025,5.117186561068738,0.2234974078294703
0.001397655,5.115839721445963,0.2214666101892371
0.001398285,5.11550301154027,0.2207896776424927
0.001398915,5.112135912483331,0.2177434811821431
0.001399545,5.112135912483331,0.2174050149087709
0.001400175,5.110452362954862,0.2150357509951656
0.001400805,5.109105523332087,0.2146972847217934
0.001401435,5.106411844086536,0.2113126219880716
0.001402065,5.105065004463761,0.2099587568945828
0.001402695,5.10237132521821,0.2075894929809776
0.001403325,5.100351065784047,0.2072510267076054
0.001403955,5.098667516255578,0.2055586953407444
0.001404585,5.097657386538496,0.2035278977005113
0.001405215,5.096310546915721,0.2025124988803948
0.001405845,5.09361686767017,0.2014971000602782
0.001406475,5.091933318141701,0.1981124373265564
0.001407105,5.090586478518926,0.1967585722330676
0.001407735,5.088229509179069,0.1947277745928345
0.001408365,5.087219379461987,0.1933739094993458
0.001408995,5.085535829933518,0.1930354432259736
0.001409625,5.08385228040505,0.1913431118591127
0.001410255,5.08385228040505,0.1916815781324849
0.001410885,5.08216873087658,0.1889738479455074
0.001411515,5.080148471442417,0.1879584491253908
0.001412145,5.080485181348111,0.1869430503052743
0.001412775,5.079811761536723,0.1859276514851577
0.001413405,5.076781372385478,0.1838968538449246
0.001414035,5.076107952574091,0.1825429887514359
0.001414665,5.073750983234234,0.1811891236579471
0.001415295,5.07509782285701,0.1825429887514359
0.001415925,5.071394013894378,0.1791583260177141
0.001416555,5.071394013894378,0.1788198597443419
0.001417185,5.068700334648827,0.1774659946508531
0.001417815,5.069373754460215,0.1774659946508531
0.001418445,5.066006655403276,0.1744197981905035
0.001419075,5.062302846440644,0.1706966691834094
0.001419705,5.062302846440644,0.1710351354567816
0.001420335,5.060619296912175,0.167988938996432
0.001420965,5.060282587006481,0.1690043378165485
0.001421595,5.058599037478012,0.166296607629571
0.001422225,5.055905358232462,0.1646042762627101
0.001422855,5.05321167898691,0.1635888774425936
0.001423485,5.051191419552747,0.158850349615383
0.001424115,5.049844579929973,0.157158018248522
0.001424745,5.04782432049581,0.1558041531550333
0.001425375,5.045804061061646,0.1544502880615446
0.001426005,5.042100252099014,0.1520810241479393
0.001426635,5.040079992664851,0.1493732939609618
0.001427265,5.040416702570545,0.1503886927810784
0.001427895,5.038733153042076,0.1490348276875896
0.001428525,5.035366053985138,0.1456501649538678
0.001429155,5.033345794550975,0.1429424347668903
0.001429785,5.032335664833893,0.1415885696734016
0.001430415,5.030652115305424,0.1395577720331685
0.001431045,5.029305275682649,0.1392193057597963
0.001431675,5.026611596437098,0.136850041846191
0.001432305,5.023244497380159,0.1344807779325857
0.001432935,5.022234367663078,0.1321115140189804
0.001433565,5.019877398323222,0.1300807163787473
0.001434195,5.01886726860614,0.1290653175586307
0.001434825,5.016173589360589,0.1283883850118864
0.001435455,5.015163459643508,0.1266960536450255
0.001436085,5.012469780397957,0.1229729246379314
0.001436715,5.012806490303651,0.1233113909113036
0.001437345,5.010449520963794,0.1209421269976983
0.001437975,5.009439391246713,0.118572863084093
0.001438605,5.004725452566999,0.1168805317172321
0.001439235,5.00304190303853,0.114849734076999
0.001439865,5.000011513887285,0.1128189364367659
0.001440495,4.999338094075898,0.1118035376166493
0.001441125,4.996307704924654,0.1090958074296718
0.001441755,4.996644414830347,0.1080804086095553
0.001442385,4.994287445490491,0.10571114469595
0.001443015,4.992940605867715,0.1046957458758334
0.001443645,4.991930476150634,0.1040188133290891
0.001444275,4.988900086999389,0.1009726168687394
0.001444905,4.988226667188001,0.1006341505953672
0.001445535,4.985532987942451,0.09860335295513412
0.001446165,4.983512728508288,0.09724948786164539
0.001446795,4.981492469074125,0.09420329140129571
0.001447425,4.978798789828574,0.09115709494094607
0.001448055,4.976778530394411,0.08946476357408514
0.001448685,4.975094980865942,0.08912629730071295
0.001449315,4.973411431337473,0.08743396593385203
0.001449945,4.972401301620391,0.08506470202024674
0.001450575,4.971054461997616,0.08438776947350236
0.001451205,4.970381042186228,0.08303390438001362
0.001451835,4.968697492657759,0.08269543810664144
0.001452465,4.966677233223596,0.07998770791966398
0.001453095,4.966677233223596,0.08201850555989706
0.001453725,4.963310134166658,0.07829537655280305
0.001454355,4.96432026388374,0.07829537655280305
0.001454985,4.96263671435527,0.07524918009245338
0.001455615,4.960616454921107,0.07321838245222027
0.001456245,4.958932905392638,0.0725414499054759
0.001456875,4.956239226147088,0.06915678717175405
0.001457505,4.954555676618618,0.06949525344512625
0.001458135,4.953208836995842,0.06881832089838189
0.001458765,4.950515157750292,0.06509519189128785
0.001459395,4.949505028033211,0.06441825934454348
0.001460025,4.945464509164885,0.06238746170431037
0.001460655,4.944791089353497,0.05934126524396071
0.001461285,4.943780959636416,0.05832586642384415
0.001461915,4.940413860579477,0.05663353505698324
0.001462545,4.93805689123962,0.05358733859663357
0.001463175,4.936373341711151,0.05121807468302828
0.001463805,4.937046761522539,0.05054114213628391
0.001464435,4.934016372371294,0.05020267586291173
0.001465065,4.930649273314356,0.04715647940256207
0.001465695,4.929302433691581,0.04478721548895677
0.001466325,4.926945464351724,0.04275641784872367
0.001466955,4.924925204917561,0.04106408648186274
0.001467585,4.924251785106174,0.039710221388374
0.001468215,4.921558105860623,0.0376794237481409
0.001468845,4.920211266237848,0.03598709238127998
0.001469475,4.918191006803685,0.0332793621943025
0.001470105,4.915497327558134,0.03124856455406938
0.001470735,4.912130228501195,0.02921776691383628
0.001471365,4.91078338887842,0.02752543554697535
0.001471995,4.908763129444258,0.02515617163337007
0.001472625,4.905732740293013,0.02414077281325351
0.001473255,4.907079579915788,0.02414077281325351
0.001473885,4.904049190764543,0.02109457635290385
0.001474515,4.900345381801912,0.01770991361918201
0.001475145,4.898661832273443,0.01669451479906545
0.001475775,4.89765170255636,0.0156791159789489
0.001476405,4.895631443122197,0.01364831833871578
0.001477035,4.89495802331081,0.0112790544251105
0.001477665,4.89226434406526,0.01026365560499394
0.001478295,4.888897245008321,0.006540526597899915
0.001478925,4.886876985574158,0.004848195231038993
0.001479555,4.885530145951383,0.002817397590805876
0.001480185,4.882499756800138,0.002817397590805876
0.001480815,4.882836466705832,0.0007865999505727722
0.001481445,4.882163046894445,-0.0002287988695437726
0.001482075,4.877112398309037,-0.002936529056521253
0.001482705,4.877449108214731,-0.004290394150009993
0.001483335,4.875428848780568,-0.005305792970126538
0.001483965,4.872398459629323,-0.009705854523964941
0.001484595,4.871051620006548,-0.01004432079733714
0.001485225,4.868021230855303,-0.01139818589082586
0.001485855,4.865327551609753,-0.01478284862454771
0.001486485,4.865327551609753,-0.01579824744466427
0.001487115,4.861960452552815,-0.01884444390501394
0.001487745,4.860276903024346,-0.0195213764517583
0.001488375,4.858256643590183,-0.02222910663873578
0.001489005,4.85623638415602,-0.02324450545885234
0.001489635,4.853879414816163,-0.02561376937245763
0.001490265,4.853205995004775,-0.02696763446594636
0.001490895,4.851522445476306,-0.02899843210617947
0.001491525,4.848155346419368,-0.0303522971996682
0.001492155,4.847145216702287,-0.03204462856652912
0.001492785,4.846471796890898,-0.03407542620676224
0.001493415,4.84478824736243,-0.03610622384699536
0.001494045,4.843441407739654,-0.03678315639373972
0.001494675,4.839400888871328,-0.0394908865807172
0.001495305,4.839064178965634,-0.04118321794757812
0.001495935,4.836707209625778,-0.04287554931443904
0.001496565,4.834013530380227,-0.04422941440792777
0.001497195,4.831993270946064,-0.04592174577478869
0.001497825,4.832329980851758,-0.04626021204816089
0.001498455,4.831319851134676,-0.04659867832153305
0.001499085,4.829299591700513,-0.04896794223513837
0.001499715,4.826942622360656,-0.05201413869548802
0.001500345,4.825595782737881,-0.05201413869548802
0.001500975,4.825595782737881,-0.05336800378897677
0.001501605,4.823238813398024,-0.0547218688824655
0.001502235,4.820881844058167,-0.05607573397595422
0.001502865,4.821555263869555,-0.05709113279607078
0.001503495,4.818861584624004,-0.0591219304363039
0.001504125,4.816841325189841,-0.06047579552979263
0.001504755,4.815494485567066,-0.06216812689665355
0.001505385,4.814484355849984,-0.06284505944339794
0.001506015,4.811790676604434,-0.0635219919901423
0.001506645,4.811117256793047,-0.06521432335700322
0.001507275,4.809096997358884,-0.06758358727060851
0.001507905,4.807413447830414,-0.06961438491084163
0.001508535,4.804719768584864,-0.07062978373095818
0.001509165,4.803372928962088,-0.07266058137119127
0.001509795,4.800679249716538,-0.07570677783154095
0.001510425,4.799332410093762,-0.07773757547177404
0.001511055,4.797985570470987,-0.07909144056526279
0.001511685,4.796638730848212,-0.07942990683863496
0.001512315,4.791588082262805,-0.08484536721258992
0.001512945,4.790914662451416,-0.08518383348596212
0.001513575,4.789567822828642,-0.08687616485282304
0.001514205,4.787210853488785,-0.08924542876642833
0.001514835,4.786200723771703,-0.09059929385991705
0.001515465,4.782160204903377,-0.09229162522677797
0.001516095,4.781150075186296,-0.09499935541375545
0.001516725,4.779129815752133,-0.09736861932736077
0.001517355,4.776772846412276,-0.09872248442084949
0.001517985,4.775762716695194,-0.09973788324096605
0.001518615,4.772395617638256,-0.1034610122480601
0.001519245,4.771048778015481,-0.1024456134279435
0.001519875,4.769365228487011,-0.1044764110681766
0.001520505,4.766671549241461,-0.1078610738018985
0.001521135,4.764651289807298,-0.1085380063486429
0.001521765,4.76397786999591,-0.1102303377155038
0.001522395,4.762294320467441,-0.1122611353557369
0.001523025,4.758590511504809,-0.1139534667225978
0.001523655,4.757917091693421,-0.1163227306362031
0.001524285,4.756570252070646,-0.1173381294563196
0.001524915,4.754549992636483,-0.1190304608231806
0.001525545,4.750172763862463,-0.1224151235569024
0.001526175,4.749499344051076,-0.1241074549237633
0.001526805,4.7481525044283,-0.1257997862906243
0.001527435,4.746132244994137,-0.1281690502042296
0.001528065,4.744448695465667,-0.1274921176574852
0.001528695,4.743101855842893,-0.1285075164776017
0.001529325,4.741755016220117,-0.1295229152977183
0.001529955,4.738724627068873,-0.1339229768515567
0.001530585,4.738051207257485,-0.1342614431249289
0.001531215,4.734684108200547,-0.136292240765162
0.001531845,4.733337268577771,-0.140015369772256
0.001532475,4.730643589332221,-0.1403538360456282
0.001533105,4.729970169520833,-0.1417077011391169
0.001533735,4.72794991008667,-0.1440769650527222
0.001534365,4.72794991008667,-0.1440769650527222
0.001534995,4.724582811029732,-0.1471231615130719
0.001535625,4.720879002067099,-0.1501693579734215
0.001536255,4.718858742632936,-0.1518616893402825
0.001536885,4.719195452538631,-0.1525386218870269
0.001537515,4.718522032727243,-0.1535540207071434
0.001538145,4.715154933670305,-0.156600217167493
0.001538775,4.711787834613366,-0.1572771497142374
0.001539405,4.710440994990591,-0.1599848799012149
0.001540035,4.708420735556428,-0.1610002787213315
0.001540665,4.709430865273509,-0.1616772112680758
0.001541295,4.706737186027959,-0.1654003402751698
0.001541925,4.704380216688102,-0.1660772728219142
0.001542555,4.702023247348246,-0.1684465367355195
0.001543185,4.70067640772547,-0.1694619355556361
0.001543815,4.698319438385613,-0.1725081320159857
0.001544445,4.699329568102694,-0.1701388681023805
0.001545075,4.695962469045757,-0.1714927331958692
0.001545705,4.694952339328674,-0.1738619971094744
0.001546335,4.692595369988818,-0.1762312610230798
0.001546965,4.692258660083124,-0.176569727296452
0.001547595,4.689564980837574,-0.1792774574834294
0.001548225,4.689564980837574,-0.1799543900301738
0.001548855,4.690238400648961,-0.1792774574834294
0.001549485,4.687208011497717,-0.1823236539437791
0.001550115,4.687544721403411,-0.1833390527638956
0.001550745,4.685524461969248,-0.1826621202171513
0.001551375,4.68485104215786,-0.1843544515840122
0.001552005,4.683504202535085,-0.1843544515840122
0.001552635,4.681483943100922,-0.1867237154976175
0.001553265,4.68047381338384,-0.187739114317734
0.001553895,4.677443424232596,-0.1911237770514559
0.001554525,4.67609658460982,-0.193154574691689
0.001555155,4.674749744987045,-0.1938315072384334
0.001555785,4.672729485552882,-0.1955238386052943
0.001556415,4.670372516213025,-0.1972161699721552
0.001557045,4.66902567659025,-0.1989085013390161
0.001557675,4.666668707250393,-0.2016162315259936
0.001558305,4.664985157721924,-0.2026316303461102
0.001558935,4.663638318099149,-0.2033085628928545
0.001559565,4.66195476857068,-0.2053393605330876
0.001560195,4.66027121904221,-0.2063547593532042
0.001560825,4.658250959608047,-0.2087240232668095
0.001561455,4.656567410079578,-0.2110932871804148
0.001562085,4.654210440739721,-0.2117702197271591
0.001562715,4.651516761494171,-0.2138010173673922
0.001563345,4.651180051588477,-0.215154882460881
0.001563975,4.649159792154314,-0.2175241463744863
0.001564605,4.647476242625845,-0.2195549440147194
0.001565235,4.645455983191682,-0.2202318765614638
0.001565865,4.644109143568906,-0.2222626742016968
0.001566495,4.642425594040438,-0.2236165392951856
0.001567125,4.639058494983499,-0.2253088706620466
0.001567755,4.637711655360723,-0.2266627357555353
0.001568385,4.636364815737948,-0.2297089322158849
0.001569015,4.637374945455029,-0.2303858647626293
0.001569645,4.633671136492397,-0.231739729856118
0.001570275,4.632324296869622,-0.2327551286762346
0.001570905,4.630640747341153,-0.2344474600430955
0.001571535,4.627947068095603,-0.2364782576833286
0.001572165,4.626263518567133,-0.2388475215969339
0.001572795,4.625253388850052,-0.2388475215969339
0.001573425,4.622896419510195,-0.2415552517839114
0.001574055,4.620539450170338,-0.2439245156975167
0.001574685,4.619529320453257,-0.2456168470643776
0.001575315,4.618519190736175,-0.2459553133377498
0.001575945,4.617509061019094,-0.2466322458844941
0.001576575,4.614478671867849,-0.2493399760714717
0.001577205,4.614141961962155,-0.2496784423448438
0.001577835,4.610101443093829,-0.2527246388051935
0.001578465,4.610101443093829,-0.2550939027187987
0.001579095,4.608754603471054,-0.2554323689921709
0.001579725,4.605050794508422,-0.259155497999265
0.001580355,4.606060924225504,-0.2571247003590319
0.001580985,4.603367244979953,-0.2598324305460094
0.001581615,4.601683695451483,-0.2608478293661259
0.001582245,4.600336855828708,-0.2635555595531034
0.001582875,4.599326726111626,-0.2638940258264756
0.001583505,4.598316596394545,-0.2652478909199643
0.001584135,4.594612787431913,-0.266601756013453
0.001584765,4.591919108186363,-0.2693094862004305
0.001585395,4.59259252799775,-0.2706633512939193
0.001586025,4.591919108186363,-0.2706633512939193
0.001586655,4.588552009129424,-0.2723556826607801
0.001587285,4.586195039789567,-0.2750634128477577
0.001587915,4.586868459600955,-0.2754018791211299
0.001588545,4.585858329883874,-0.2767557442146186
0.001589175,4.58383807044971,-0.2787865418548517
0.001589805,4.583164650638323,-0.2798019406749682
0.001590435,4.580134261487078,-0.2818327383152014
0.001591065,4.578787421864303,-0.2825096708619457
0.001591695,4.576430452524447,-0.2845404685021788
0.001592325,4.574410193090284,-0.2862327998690397
0.001592955,4.575083612901671,-0.2875866649625285
0.001593585,4.572389933656121,-0.2875866649625285
0.001594215,4.569696254410569,-0.2906328614228781
0.001594845,4.570032964316264,-0.2902943951495059
0.001595475,4.570706384127651,-0.2909713276962503
0.001596105,4.567339285070713,-0.2926636590631113
0.001596735,4.568012704882101,-0.2930021253364834
0.001597365,4.566665865259325,-0.2933405916098556
0.001597995,4.563972186013775,-0.295709855523461
0.001598625,4.563298766202387,-0.2980791194370662
0.001599255,4.563298766202387,-0.2980791194370662
0.001599885,4.563635476108081,-0.2974021868903218
0.001600515,4.562288636485305,-0.2987560519838106
0.001601145,4.560268377051142,-0.299432984530555
0.001601775,4.56094179686253,-0.2997714508039271
0.001602405,4.558921537428367,-0.3011253158974159
0.001603035,4.559594957239755,-0.3014637821707881
0.001603665,4.557911407711286,-0.3018022484441603
0.001604295,4.554881018560041,-0.3024791809909047
0.001604925,4.552860759125879,-0.3058638437246265
0.001605555,4.552524049220184,-0.3072177088181152
0.001606185,4.550840499691716,-0.3092485064583483
0.001606815,4.551177209597409,-0.3089100401849761
0.001607445,4.547810110540471,-0.3109408378252092
0.001608075,4.546126561012001,-0.3119562366453258
0.001608705,4.546126561012001,-0.3112793040985814
0.001609335,4.544443011483533,-0.3129716354654424
0.001609965,4.543096171860757,-0.3166947644725364
0.001610595,4.539729072803818,-0.3173716970192807
0.001611225,4.539729072803818,-0.3177101632926529
0.001611855,4.538382233181044,-0.3194024946595139
0.001612485,4.539055652992431,-0.3204178934796303
0.001613115,4.535688553935493,-0.3227871573932357
0.001613745,4.53366829450133,-0.3244794887600966
0.001614375,4.532321454878555,-0.3261718201269576
0.001615005,4.531311325161473,-0.3258333538535854
0.001615635,4.529627775633004,-0.3282026177671906
0.001616265,4.528954355821616,-0.3295564828606794
0.001616895,4.527607516198841,-0.3295564828606794
0.001617525,4.526597386481759,-0.3309103479541681
0.001618155,4.524240417141902,-0.3319257467742847
0.001618785,4.521883447802046,-0.3342950106878899
0.001619415,4.520199898273576,-0.3363258083281231
0.001620045,4.519863188367883,-0.3363258083281231
0.001620675,4.519189768556495,-0.3373412071482397
0.001621305,4.518853058650802,-0.3376796734216118
0.001621935,4.514812539782476,-0.3414028024287058
0.001622565,4.514812539782476,-0.3420797349754502
0.001623195,4.513802410065394,-0.3420797349754502
0.001623825,4.5134657001597,-0.3430951337955668
0.001624455,4.511782150631231,-0.3447874651624276
0.001625085,4.511108730819843,-0.3464797965292886
0.001625715,4.510098601102762,-0.3474951953494052
0.001626345,4.505721372328741,-0.3495259929896383
0.001626975,4.505721372328741,-0.3498644592630105
0.001627605,4.505384662423048,-0.3488490604428939
0.001628235,4.50201756336611,-0.3518952569032435
0.001628865,4.501007433649028,-0.3532491219967323
0.001629495,4.499323884120559,-0.3549414533635932
0.001630125,4.500334013837641,-0.3542645208168489
0.001630755,4.498313754403478,-0.3559568521837098
0.001631385,4.496630204875008,-0.3593415149174316
0.001632015,4.496966914780702,-0.358326116097315
0.001632645,4.493599815723764,-0.360018447464176
0.001633275,4.49326310581807,-0.3613723125576648
0.001633905,4.491242846383907,-0.36374157647127
0.001634535,4.490569426572519,-0.3630646439245256
0.001635165,4.490569426572519,-0.3644185090180144
0.001635795,4.488212457232663,-0.3664493066582475
0.001636425,4.487202327515581,-0.3671262392049919
0.001637055,4.487539037421275,-0.3671262392049919
0.001637685,4.48450864827003,-0.3691570368452249
0.001638315,4.48450864827003,-0.3688185705718527
0.001638945,4.482825098741562,-0.3701724356653415
0.001639575,4.480468129401705,-0.372880165852319
0.001640205,4.480804839307399,-0.3732186321256912
0.001640835,4.479457999684623,-0.3735570983990634
0.001641465,4.479457999684623,-0.3752494297659243
0.001642095,4.477101030344766,-0.3759263623126686
0.001642725,4.477101030344766,-0.3772802274061574
0.001643355,4.475417480816297,-0.3776186936795296
0.001643985,4.474070641193522,-0.3806648901398793
0.001644615,4.473733931287828,-0.3793110250463905
0.001645245,4.471040252042277,-0.3806648901398793
0.001645875,4.471376961947971,-0.3816802889599957
0.001646505,4.470703542136583,-0.3816802889599957
0.001647135,4.469356702513808,-0.3830341540534845
0.001647765,4.467336443079645,-0.3854034179670898
0.001648395,4.466326313362564,-0.3867572830605785
0.001649025,4.467336443079645,-0.3864188167872064
0.001649655,4.46598960345687,-0.3860803505138342
0.001650285,4.463969344022707,-0.3881111481540673
0.001650915,4.463295924211319,-0.3884496144274394
0.001651545,4.46161237468285,-0.3891265469741838
0.001652175,4.461949084588544,-0.3901419457943004
0.001652805,4.460938954871462,-0.3918342771611614
0.001653435,4.460265535060075,-0.3914958108877892
0.001654065,4.457908565720218,-0.3928496759812778
0.001654695,4.455888306286055,-0.3952189398948832
0.001655325,4.454878176568974,-0.3962343387149997
0.001655955,4.454878176568974,-0.3952189398948832
0.001656585,4.453868046851892,-0.3979266700818607
0.001657215,4.453531336946198,-0.3972497375351163
0.001657845,4.453531336946198,-0.3969112712617441
0.001658475,4.452521207229116,-0.3972497375351163
0.001659105,4.453868046851892,-0.3986036026286051
0.001659735,4.453868046851892,-0.3982651363552329
0.001660365,4.453868046851892,-0.3975882038084885
0.001660995,4.451847787417729,-0.3996190014487215
0.001661625,4.451847787417729,-0.3986036026286051
0.001662255,4.451511077512035,-0.3996190014487215
0.001662885,4.450837657700648,-0.4002959339954659
0.001663515,4.450500947794954,-0.3992805351753493
0.001664145,4.450837657700648,-0.3999574677220937
0.001664775,4.449490818077872,-0.4002959339954659
0.001665405,4.449154108172178,-0.4013113328155825
0.001666035,4.447807268549403,-0.4019882653623269
0.001666665,4.446123719020934,-0.4013113328155825
0.001667295,4.447470558643709,-0.4033421304558156
0.001667925,4.446123719020934,-0.4046959955493044
0.001668555,4.445113589303852,-0.4053729280960487
0.001669185,4.445113589303852,-0.406049860642793
0.001669815,4.442756619963996,-0.4067267931895374
0.001670445,4.440399650624139,-0.4090960571031428
0.001671075,4.440736360529833,-0.4097729896498871
0.001671705,4.440736360529833,-0.4087575908297706
0.001672335,4.440399650624139,-0.4087575908297706
0.001672965,4.43871610109567,-0.4104499221966315
0.001673595,4.438379391189976,-0.4107883884700037
0.001674225,4.43871610109567,-0.411465321016748
0.001674855,4.436359131755813,-0.4128191861102367
0.001675485,4.436695841661507,-0.4128191861102367
0.001676115,4.435685711944425,-0.4138345849303533
0.001676745,4.434675582227344,-0.4141730512037255
0.001677375,4.432992032698874,-0.4162038488439586
0.001678005,4.432655322793181,-0.4151884500238421
0.001678635,4.431981902981793,-0.4182346464841917
0.001679265,4.431645193076099,-0.4182346464841917
0.001679895,4.430971773264711,-0.4189115790309361
0.001680525,4.42996164354763,-0.4202654441244248
0.001681155,4.428951513830548,-0.4185731127575639
0.001681785,4.429288223736243,-0.4192500453043083
0.001682415,4.42726796430208,-0.4209423766711692
0.001683045,4.425247704867917,-0.420603910397797
0.001683675,4.426931254396385,-0.4209423766711692
0.001684305,4.425921124679304,-0.4229731743114022
0.001684935,4.424574285056528,-0.424327039404891
0.001685565,4.424910994962223,-0.4236501068581466
0.001686195,4.423564155339447,-0.4256809044983798
0.001686825,4.422554025622365,-0.4253424382250076
0.001687455,4.422217315716672,-0.4266963033184963
0.001688085,4.423900865245141,-0.4246655056782632
0.001688715,4.422217315716672,-0.4253424382250076
0.001689345,4.421880605810978,-0.4266963033184963
0.001689975,4.420870476093897,-0.4277117021386129
0.001690605,4.41851350675404,-0.4283886346853573
0.001691235,4.418176796848346,-0.4290655672321017
0.001691865,4.418176796848346,-0.4290655672321017
0.001692495,4.418176796848346,-0.4300809660522181
0.001693125,4.417166667131264,-0.4314348311457069
0.001693755,4.415819827508489,-0.4324502299658235
0.001694385,4.416156537414183,-0.4321117636924513
0.001695015,4.416829957225571,-0.4310963648723347
0.001695645,4.415819827508489,-0.4327886962391957
0.001696275,4.416493247319877,-0.4317732974190791
0.001696905,4.415146407697101,-0.4314348311457069
0.001697535,4.415483117602795,-0.4321117636924513
0.001698165,4.414472987885714,-0.4338040950593122
0.001698795,4.412452728451551,-0.4358348926995453
0.001699425,4.41413627798002,-0.4331271625125679
0.001700055,4.411779308640163,-0.4348194938794288
0.001700685,4.411105888828775,-0.4351579601528009
0.001701315,4.410432469017388,-0.4354964264261731
0.001701945,4.411105888828775,-0.4354964264261731
0.001702575,4.411779308640163,-0.4338040950593122
0.001703205,4.410095759111694,-0.437188757793034
0.001703835,4.410769178923082,-0.437188757793034
0.001704465,4.408748919488919,-0.4365118252462897
0.001705095,4.407738789771837,-0.4385426228865228
0.001705725,4.408748919488919,-0.4365118252462897
0.001706355,4.409085629394612,-0.4365118252462897
0.001706985,4.408412209583225,-0.4382041566131506
0.001707615,4.406055240243368,-0.438881089159895
0.001708245,4.407402079866143,-0.438881089159895
0.001708875,4.408075499677531,-0.4398964879800116
0.001709505,4.407402079866143,-0.4385426228865228
0.001710135,4.407065369960449,-0.438881089159895
0.001710765,4.406728660054756,-0.4385426228865228
0.001711395,4.407738789771837,-0.4385426228865228
0.001712025,4.408075499677531,-0.4375272240664062
0.001712655,4.408748919488919,-0.4365118252462897
0.001713285,4.408075499677531,-0.4375272240664062
0.001713915,4.409422339300306,-0.4361733589729175
0.001714545,4.411105888828775,-0.4365118252462897
0.001715175,4.409422339300306,-0.4375272240664062
0.001715805,4.409759049206,-0.437188757793034
0.001716435,4.410432469017388,-0.4361733589729175
0.001717065,4.409085629394612,-0.437188757793034
0.001717695,4.408412209583225,-0.4375272240664062
0.001718325,4.407738789771837,-0.4368502915196618
0.001718955,4.408412209583225,-0.437188757793034
0.001719585,4.409759049206,-0.4358348926995453
0.001720215,4.406728660054756,-0.4375272240664062
0.001720845,4.407065369960449,-0.4378656903397784
0.001721475,4.409085629394612,-0.437188757793034
0.001722105,4.408075499677531,-0.4375272240664062
0.001722735,4.408748919488919,-0.4378656903397784
0.001723365,4.407738789771837,-0.4382041566131506
0.001723995,4.407065369960449,-0.4378656903397784
0.001724625,4.408075499677531,-0.4382041566131506
0.001725255,4.407065369960449,-0.4385426228865228
0.001725885,4.406728660054756,-0.4392195554332672
0.001726515,4.405718530337674,-0.4382041566131506
0.001727145,4.407065369960449,-0.4385426228865228
0.001727775,4.406391950149062,-0.4398964879800116
0.001728405,4.406728660054756,-0.4395580217066394
0.001729035,4.405718530337674,-0.4395580217066394
0.001729665,4.404708400620593,-0.4398964879800116
0.001730295,4.404371690714899,-0.4402349542533837
0.001730925,4.40538182043198,-0.4409118868001281
0.001731555,4.404371690714899,-0.4398964879800116
0.001732185,4.404708400620593,-0.4385426228865228
0.001732815,4.404034980809205,-0.4398964879800116
0.001733445,4.404034980809205,-0.4402349542533837
0.001734075,4.404371690714899,-0.4412503530735002
0.001734705,4.403698270903512,-0.4415888193468724
0.001735335,4.40268814118643,-0.4432811507137334
0.001735965,4.404034980809205,-0.4412503530735002
0.001736595,4.403698270903512,-0.4415888193468724
0.001737225,4.404034980809205,-0.4402349542533837
0.001737855,4.403361560997817,-0.4405734205267559
0.001738485,4.404371690714899,-0.4409118868001281
0.001739115,4.405045110526286,-0.4409118868001281
0.001739745,4.404034980809205,-0.4412503530735002
0.001740375,4.403361560997817,-0.4412503530735002
0.001741005,4.404371690714899,-0.4398964879800116
0.001741635,4.404034980809205,-0.4405734205267559
0.001742265,4.405045110526286,-0.4405734205267559
0.001742895,4.404708400620593,-0.4395580217066394
0.001743525,4.404708400620593,-0.4402349542533837
0.001744155,4.403024851092123,-0.4415888193468724
0.001744785,4.403698270903512,-0.4422657518936168
0.001745415,4.404034980809205,-0.4405734205267559
0.001746045,4.404371690714899,-0.4405734205267559
0.001746675,4.403024851092123,-0.4419272856202446
0.001747305,4.403361560997817,-0.4412503530735002
0.001747935,4.403361560997817,-0.4395580217066394
0.001748565,4.404371690714899,-0.4398964879800116
0.001749195,4.404371690714899,-0.4409118868001281
0.001749825,4.406391950149062,-0.4392195554332672
0.001750455,4.404708400620593,-0.4405734205267559
0.001751085,4.40538182043198,-0.4398964879800116
0.001751715,4.405045110526286,-0.4395580217066394
0.001752345,4.406391950149062,-0.4382041566131506
0.001752975,4.406391950149062,-0.4382041566131506
0.001753605,4.405718530337674,-0.4378656903397784
0.001754235,4.406728660054756,-0.4378656903397784
0.001754865,4.406391950149062,-0.4382041566131506
0.001755495,4.404708400620593,-0.4375272240664062
0.001756125,4.408075499677531,-0.4365118252462897
0.001756755,4.409422339300306,-0.4354964264261731
0.001757385,4.410432469017388,-0.4344810276060566
0.001758015,4.410095759111694,-0.4327886962391957
0.001758645,4.410095759111694,-0.43346562878594
0.001759275,4.411779308640163,-0.4314348311457069
0.001759905,4.412116018545857,-0.4314348311457069
0.001760535,4.414472987885714,-0.4300809660522181
0.001761165,4.415483117602795,-0.4294040335054738
0.001761795,4.41413627798002,-0.4300809660522181
0.001762425,4.415146407697101,-0.429742499778846
0.001763055,4.415819827508489,-0.4283886346853573
0.001763685,4.416493247319877,-0.4294040335054738
0.001764315,4.414472987885714,-0.4290655672321017
0.001764945,4.416156537414183,-0.4283886346853573
0.001765575,4.415483117602795,-0.4283886346853573
0.001766205,4.416493247319877,-0.4283886346853573
0.001766835,4.417166667131264,-0.4280501684119851
0.001767465,4.41851350675404,-0.4270347695918685
0.001768095,4.418176796848346,-0.4273732358652407
0.001768725,4.417503377036958,-0.4277117021386129
0.001769355,4.416829957225571,-0.426019370771752
0.001769985,4.417166667131264,-0.426019370771752
0.001770615,4.418176796848346,-0.4256809044983798
0.001771245,4.418176796848346,-0.4263578370451241
0.001771875,4.418176796848346,-0.426019370771752
0.001772505,4.419186926565427,-0.4250039719516354
0.001773135,4.418176796848346,-0.4246655056782632
0.001773765,4.420197056282509,-0.4236501068581466
0.001774395,4.421207185999591,-0.4236501068581466
0.001775025,4.419860346376815,-0.4246655056782632
0.001775655,4.421207185999591,-0.4239885731315188
0.001776285,4.421880605810978,-0.4219577754912858
0.001776915,4.421207185999591,-0.4226347080380302
0.001777545,4.421543895905284,-0.4236501068581466
0.001778175,4.423227445433754,-0.4216193092179136
0.001778805,4.424237575150835,-0.4195885115776804
0.001779435,4.424574285056528,-0.4202654441244248
0.001780065,4.424237575150835,-0.4195885115776804
0.001780695,4.424237575150835,-0.420603910397797
0.001781325,4.42558441477361,-0.4192500453043083
0.001781955,4.42558441477361,-0.4182346464841917
0.001782585,4.42558441477361,-0.4189115790309361
0.001783215,4.426257834584998,-0.4175577139374473
0.001783845,4.426594544490691,-0.4175577139374473
0.001784475,4.426594544490691,-0.4175577139374473
0.001785105,4.426594544490691,-0.4165423151173308
0.001785735,4.42726796430208,-0.4165423151173308
0.001786365,4.427941384113467,-0.4155269162972143
0.001786995,4.429288223736243,-0.4138345849303533
0.001787625,4.430298353453324,-0.4145115174770977
0.001788255,4.430298353453324,-0.4148499837504699
0.001788885,4.431981902981793,-0.4121422535634924
0.001789515,4.431308483170405,-0.4118037872901202
0.001790145,4.431308483170405,-0.4124807198368646
0.001790775,4.432318612887487,-0.4128191861102367
0.001791405,4.433328742604568,-0.411465321016748
0.001792035,4.432655322793181,-0.4104499221966315
0.001792665,4.434675582227344,-0.4087575908297706
0.001793295,4.436022421850119,-0.4097729896498871
0.001793925,4.434675582227344,-0.4084191245563984
0.001794555,4.436359131755813,-0.4074037257362818
0.001795185,4.435349002038731,-0.4084191245563984
0.001795815,4.437705971378588,-0.407742192009654
0.001796445,4.439052811001363,-0.4053729280960487
0.001797075,4.438379391189976,-0.4067267931895374
0.001797705,4.439726230812751,-0.4050344618226766
0.001798335,4.439389520907057,-0.4053729280960487
0.001798965,4.439726230812751,-0.40401906300256
0.001799595,4.44140978034122,-0.402326731635699
0.001800225,4.440736360529833,-0.4026651979090712
0.001800855,4.442419910058302,-0.4013113328155825
0.001801485,4.443766749681077,-0.4006344002688381
0.001802115,4.446123719020934,-0.3992805351753493
0.001802745,4.44578700911524,-0.3982651363552329
0.001803375,4.446797138832322,-0.3982651363552329
0.001804005,4.447133848738015,-0.3965728049883719
0.001804635,4.448143978455096,-0.3958958724416275
0.001805265,4.449490818077872,-0.3958958724416275
0.001805895,4.448817398266485,-0.3958958724416275
0.001806525,4.449490818077872,-0.3952189398948832
0.001807155,4.451174367606342,-0.3942035410747666
0.001807785,4.453194627040505,-0.391157344614417
0.001808415,4.453531336946198,-0.3914958108877892
0.001809045,4.455888306286055,-0.389465013247556
0.001809675,4.456898436003137,-0.3881111481540673
0.001810305,4.457908565720218,-0.3874342156073229
0.001810935,4.459928825154381,-0.3850649516937176
0.001811565,4.460265535060075,-0.3840495528736011
0.001812195,4.462622504399931,-0.3837110866002289
0.001812825,4.463295924211319,-0.3813418226866236
0.001813455,4.465316183645482,-0.3796494913197627
0.001814085,4.466999733173951,-0.3786340924996462
0.001814715,4.466999733173951,-0.3776186936795296
0.001815345,4.469019992608114,-0.3755878960392964
0.001815975,4.470030122325196,-0.3769417611327852
0.001816605,4.470030122325196,-0.3755878960392964
0.001817235,4.472050381759359,-0.37457249721918
0.001817865,4.472723801570746,-0.3722032333055746
0.001818495,4.472723801570746,-0.3715263007588303
0.001819125,4.472723801570746,-0.3732186321256912
0.001819755,4.473397221382134,-0.3715263007588303
0.001820385,4.475080770910603,-0.3701724356653415
0.001821015,4.475754190721991,-0.3705109019387137
0.001821645,4.476090900627685,-0.3698339693919693
0.001822275,4.477101030344766,-0.3684801042984807
0.001822905,4.478784579873236,-0.3671262392049919
0.001823535,4.479457999684623,-0.3661108403848753
0.001824165,4.480804839307399,-0.3664493066582475
0.001824795,4.483161808647255,-0.3644185090180144
0.001825425,4.482488388835868,-0.3634031101978978
0.001826055,4.483161808647255,-0.36374157647127
0.001826685,4.48450864827003,-0.3620492451044091
0.001827315,4.485518777987112,-0.3590030486440594
0.001827945,4.485518777987112,-0.3603569137375482
0.001828575,4.486528907704193,-0.3610338462842926
0.001829205,4.486528907704193,-0.3593415149174316
0.001829835,4.488212457232663,-0.3576491835505707
0.001830465,4.489222586949744,-0.3559568521837098
0.001831095,4.490232716666826,-0.3549414533635932
0.001831725,4.491242846383907,-0.3552799196369654
0.001832355,4.492589686006682,-0.3552799196369654
0.001832985,4.493936525629458,-0.3529106557233601
0.001833615,4.494946655346539,-0.3505413918097549
0.001834245,4.495620075157927,-0.3505413918097549
0.001834875,4.495620075157927,-0.3512183243564992
0.001835505,4.496293494969315,-0.3518952569032435
0.001836135,4.497977044497784,-0.3485105941695217
0.001836765,4.501007433649028,-0.3461413302559164
0.001837395,4.501680853460416,-0.3451259314357998
0.001838025,4.501680853460416,-0.3447874651624276
0.001838655,4.501344143554722,-0.3447874651624276
0.001839285,4.503027693083191,-0.3444489988890554
0.001839915,4.504374532705967,-0.3430951337955668
0.001840545,4.505721372328741,-0.341741268702078
0.001841175,4.505721372328741,-0.3414028024287058
0.001841805,4.509425181291374,-0.338018139694984
0.001842435,4.50908847138568,-0.3376796734216118
0.001843065,4.509425181291374,-0.338018139694984
0.001843695,4.511108730819843,-0.3366642746014953
0.001844325,4.511445440725537,-0.3349719432346343
0.001844955,4.512792280348313,-0.3342950106878899
0.001845585,4.514475829876782,-0.3329411455944012
0.001846215,4.51615937940525,-0.3315872805009125
0.001846845,4.517506219028026,-0.330571881680796
0.001847475,4.516496089310944,-0.3309103479541681
0.001848105,4.519189768556495,-0.328879550313935
0.001848735,4.521210027990658,-0.3265102864003298
0.001849365,4.522220157707739,-0.3258333538535854
0.001849995,4.523230287424821,-0.325156421306841
0.001850625,4.52491383695329,-0.3241410224867244
0.001851255,4.525587256764678,-0.3227871573932357
0.001851885,4.524240417141902,-0.3234640899399801
0.001852515,4.526260676576065,-0.3204178934796303
0.001853145,4.529627775633004,-0.3183870958393973
0.001853775,4.530301195444392,-0.3190640283861417
0.001854405,4.530637905350085,-0.3180486295660251
0.001855035,4.532321454878555,-0.3153408993790476
0.001855665,4.532658164784248,-0.3139870342855589
0.001856295,4.534005004407024,-0.3133101017388146
0.001856925,4.537708813369655,-0.3112793040985814
0.001857555,4.53804552327535,-0.3109408378252092
0.001858185,4.540065782709513,-0.3085715739116039
0.001858815,4.539392362898125,-0.3099254390050927
0.001859445,4.54242275204937,-0.3065407762713708
0.001860075,4.541749332237981,-0.306879242544743
0.001860705,4.543769591672144,-0.3045099786311377
0.001861335,4.545453141200614,-0.3038330460843933
0.001861965,4.545789851106308,-0.3034945798110211
0.001862595,4.547136690729083,-0.3024791809909047
0.001863225,4.54949366006894,-0.2990945182571828
0.001863855,4.551850629408797,-0.2960483217968332
0.001864485,4.552860759125879,-0.2963867880702052
0.001865115,4.555891148277123,-0.2940175241566
0.001865745,4.558248117616979,-0.2916482602429947
0.001866375,4.557574697805592,-0.2916482602429947
0.001867005,4.560268377051142,-0.2896174626027616
0.001867635,4.562288636485305,-0.2862327998690397
0.001868265,4.563635476108081,-0.2858943335956675
0.001868895,4.567002575165019,-0.2831866034086901
0.001869525,4.569022834599182,-0.2808173394950848
0.001870155,4.569696254410569,-0.2787865418548517
0.001870785,4.572389933656121,-0.2784480755814795
0.001871415,4.575083612901671,-0.2760788116678742
0.001872045,4.575757032713058,-0.2754018791211299
0.001872675,4.57676716243014,-0.2723556826607801
0.001873305,4.578787421864303,-0.2713402838406637
0.001873935,4.580470971392772,-0.2703248850205471
0.001874565,4.580807681298466,-0.2693094862004305
0.001875195,4.58114439120416,-0.2699864187471749
0.001875825,4.582491230826935,-0.2686325536536861
0.001876455,4.584174780355404,-0.2659248234667086
0.001877085,4.586195039789567,-0.2638940258264756
0.001877715,4.587541879412343,-0.2638940258264756
0.001878345,4.588888719035118,-0.2615247619128703
0.001878975,4.590572268563587,-0.2598324305460094
0.001879605,4.591582398280669,-0.2598324305460094
0.001880235,4.593265947809138,-0.2584785654525206
0.001880865,4.595286207243301,-0.2571247003590319
0.001881495,4.596633046866076,-0.2547554364454266
0.001882125,4.59696975677177,-0.2544169701720544
0.001882755,4.598990016205933,-0.2544169701720544
0.001883385,4.599326726111626,-0.2537400376253101
0.001884015,4.600000145923015,-0.2517092399850769
0.001884645,4.602357115262871,-0.2493399760714717
0.001885275,4.604040664791341,-0.2476476447046107
0.001885905,4.605050794508422,-0.2469707121578663
0.001886535,4.606734344036891,-0.244601448244261
0.001887165,4.607407763848279,-0.2429091168774001
0.001887795,4.610101443093829,-0.2429091168774001
0.001888425,4.610438152999524,-0.2418937180572836
0.001889055,4.612458412433686,-0.2395244541436783
0.001889685,4.614478671867849,-0.2385090553235617
0.001890315,4.614478671867849,-0.2385090553235617
0.001890945,4.616835641207706,-0.237155190230073
0.001891575,4.617845770924787,-0.2347859263164677
0.001892205,4.619529320453257,-0.2330935949496068
0.001892835,4.619866030358951,-0.2330935949496068
0.001893465,4.622896419510195,-0.2290319996691405
0.001894095,4.623569839321583,-0.2290319996691405
0.001894725,4.625253388850052,-0.2283550671223962
0.001895355,4.626263518567133,-0.2259858032087909
0.001895985,4.627610358189909,-0.22429347184193
0.001896615,4.630977457246847,-0.2229396067484412
0.001897245,4.630640747341153,-0.2232780730218134
0.001897875,4.63131416715254,-0.222601140475069
0.001898505,4.63569139592656,-0.2182010789212307
0.001899135,4.637374945455029,-0.2185395451946029
0.001899765,4.637038235549336,-0.2168472138277419
0.001900395,4.639395204889192,-0.2154933487342532
0.001901025,4.640405334606275,-0.2131240848206479
0.001901655,4.641752174229049,-0.211431753453787
0.001902285,4.6444458534746,-0.2100778883602982
0.001902915,4.644782563380294,-0.2104163546336704
0.001903545,4.647812952531538,-0.2056778268064598
0.001904175,4.64882308224862,-0.2046624279863433
0.001904805,4.650169921871395,-0.2050008942597154
0.001905435,4.650843341682783,-0.2033085628928545
0.001906065,4.651516761494171,-0.202293164072738
0.001906695,4.653537020928334,-0.2009392989792493
0.001907325,4.654547150645415,-0.2006008327058771
0.001907955,4.655557280362497,-0.1965392374254108
0.001908585,4.659934509136517,-0.1948469060585499
0.001909215,4.662628188382067,-0.193154574691689
0.001909845,4.663975028004843,-0.1904468445047115
0.001910475,4.665321867627617,-0.1904468445047115
0.001911105,4.666331997344699,-0.1890929794112228
0.001911735,4.66734212706178,-0.1870621817709897
0.001912365,4.668352256778862,-0.1880775805911062
0.001912995,4.670709226118719,-0.1863852492242453
0.001913625,4.671382645930106,-0.18401598531064
0.001914255,4.674076325175657,-0.1819851876704069
0.001914885000000001,4.67609658460982,-0.1816467213970347
0.001915515,4.676770004421208,-0.1799543900301738
0.001916145,4.678453553949677,-0.1779235923899407
0.001916775,4.679800393572452,-0.1755543284763354
0.001917405,4.68047381338384,-0.1745389296562188
0.001918035,4.683504202535085,-0.1731850645627301
0.001918665,4.687208011497717,-0.1718311994692414
0.001919295,4.687881431309104,-0.1670926716420308
0.001919925,4.689564980837574,-0.1664157390952864
0.001920555,4.693268789800205,-0.1633695426349368
0.001921185,4.695289049234368,-0.1603233461745871
0.001921815,4.698656148291307,-0.1572771497142374
0.001922445,4.698992858197001,-0.1572771497142374
0.001923075,4.702696667159633,-0.1552463520740043
0.001923705,4.704380216688102,-0.1525386218870269
0.001924335,4.707073895933653,-0.1494924254266772
0.001924965,4.709767575179203,-0.1481385603331884
0.001925595,4.711451124707672,-0.1467846952396997
0.001926225,4.713808094047529,-0.1440769650527222
0.001926855,4.714481513858917,-0.1447538975994666
0.001927485,4.716165063387386,-0.1427230999592335
0.001928115,4.717848612915855,-0.140015369772256
0.001928745,4.718522032727243,-0.1383230384053951
0.001929375,4.720879002067099,-0.1373076395852786
0.001930005,4.721889131784181,-0.1366307070385342
0.001930635,4.723235971406957,-0.1342614431249289
0.001931265,4.724246101124038,-0.1329075780314401
0.001931895,4.727276490275282,-0.1312152466645792
0.001932525,4.728960039803751,-0.1295229152977183
0.001933155,4.729970169520833,-0.1291844490243461
0.001933785,4.73232713886069,-0.1278305839308574
0.001934415,4.734347398294853,-0.1254613200172521
0.001935045,4.735694237917628,-0.1237689886503912
0.001935675,4.738051207257485,-0.1207227921900415
0.001936305,4.739061336974567,-0.1200458596432971
0.001936935,4.740071466691648,-0.1200458596432971
0.001937565,4.741418306314423,-0.1176765957296918
0.001938195,4.743101855842893,-0.1159842643628309
0.001938825,4.744785405371362,-0.11429193299597
0.001939455,4.747142374711219,-0.1129380679024813
0.001940085,4.749499344051076,-0.1095534051687594
0.001940715,4.75084618367385,-0.108876472622015
0.001941345,4.750509473768156,-0.1081995400752707
0.001941975,4.75252973320232,-0.1085380063486429
0.001942605,4.755560122353565,-0.1048148773415488
0.001943235,4.755896832259258,-0.1041379447948045
0.001943865,4.758253801599115,-0.1010917483344548
0.001944495,4.760610770938972,-0.1007532820610826
0.001945125,4.762294320467441,-0.09939941696759386
0.001945755,4.763304450184522,-0.09635322050724421
0.001946385,4.76397786999591,-0.09703015305398857
0.001947015,4.767681678958542,-0.09296855777352236
0.001947645,4.769365228487011,-0.09161469268003361
0.001948275,4.770375358204093,-0.09059929385991705
0.001948905,4.77273232754395,-0.08823002994631177
0.001949535000000001,4.774079167166725,-0.0875530973995674
0.001950165,4.775762716695194,-0.08619923230607868
0.001950795,4.777782976129357,-0.08281456957235681
0.001951425,4.779129815752133,-0.08247610329898464
0.001952055,4.781486785091989,-0.08010683938537935
0.001952685,4.783170334620459,-0.0787529742918906
0.001953315,4.784517174243233,-0.07773757547177404
0.001953945,4.785527303960315,-0.07638371037828531
0.001954575,4.787210853488785,-0.07502984528479656
0.001955205,4.790241242640029,-0.07401444646468003
0.001955835,4.792598211979886,-0.06995285118421379
0.001956465000000001,4.794281761508355,-0.06859898609072507
0.001957095,4.795291891225436,-0.06690665472386415
0.001957725,4.796302020942518,-0.06690665472386415
0.001958355000000001,4.797985570470987,-0.06521432335700322
0.001958985,4.800342539810844,-0.06386045826351447
0.001959615,4.801015959622231,-0.06182966062328138
0.001960245,4.803709638867782,-0.05844499788955954
0.001960875,4.806066608207638,-0.05742959906944298
0.001961505000000001,4.807413447830414,-0.05539880142920986
0.001962135,4.809096997358884,-0.0543834026090933
0.001962765,4.81145396669874,-0.05235260496886021
0.001963395000000001,4.814484355849984,-0.04862947596176617
0.001964025,4.814821065755678,-0.04727561086827745
0.001964655,4.816504615284147,-0.04659867832153305
0.001965285,4.82020842424678,-0.04524481322804433
0.001965915,4.82020842424678,-0.04422941440792777
0.001966545000000001,4.823575523303719,-0.04016781912746156
0.001967175,4.825932492643575,-0.039152420307345
0.001967805,4.827616042172044,-0.03678315639373972
0.001968435000000001,4.830309721417595,-0.03407542620676224
0.001969065,4.834013530380227,-0.03136769601978476
0.001969695,4.834013530380227,-0.0303522971996682
0.001970325,4.837043919531471,-0.02764456701269072
0.001970955,4.840074308682715,-0.02561376937245763
0.001971585000000001,4.84310469783396,-0.02256757291210795
0.001972215,4.844114827551042,-0.02189064036536359
0.001972845,4.847145216702287,-0.01884444390501394
0.001973475000000001,4.848492056325061,-0.01850597763164175
0.001974105,4.850512315759224,-0.0154597811712921
0.001974735,4.852195865287694,-0.01309051725768678
0.001975365,4.854216124721857,-0.01241358471094242
0.001975995,4.856909803967407,-0.01105971961745369
0.001976625000000001,4.856573094061713,-0.0107212533440815
0.001977255,4.859603483212958,-0.005982725516870929
0.001977885,4.862297162458509,-0.003951927876637812
0.001978515000000001,4.863980711986978,-0.002936529056521253
0.001979145,4.865327551609753,-0.0002287988695437726
0.001979775,4.865327551609753,0.000109667403828409
0.001980405,4.869704780383773,0.001801998770689331
0.001981035,4.869704780383773,0.003155863864178071
0.001981665000000001,4.871051620006548,0.003155863864178071
0.001982295,4.874418719063486,0.006540526597899915
0.001982925,4.874082009157792,0.006540526597899915
0.001983555000000001,4.876775688403344,0.01060212187836612
0.001984185,4.8791326577432,0.01060212187836612
0.001984815,4.880816207271669,0.01263291951859924
0.001985445000000001,4.881826336988751,0.01500218343220452
0.001986075,4.883173176611527,0.01432525088546016
0.001986705000000001,4.885530145951383,0.01669451479906545
0.001987335,4.887550405385546,0.01872531243929856
0.001987965,4.888560535102627,0.02007917753278729
0.001988595000000001,4.890917504442484,0.02278690771976477
0.001989225,4.891927634159566,0.02447923908662569
0.001989855,4.894284603499423,0.02718696927360317
0.001990485000000001,4.894284603499423,0.02718696927360317
0.001991115,4.897314992650667,0.02921776691383628
0.001991745,4.899671961990524,0.03158703082744158
0.001992375,4.901355511518993,0.03192549710081376
0.001993005,4.90371248085885,0.03463322728779124
0.001993635000000001,4.905059320481625,0.0353101598345356
0.001994265,4.907752999727176,0.0376794237481409
0.001994895,4.908763129444258,0.039710221388374
0.001995525000000001,4.909099839349951,0.04140255275523493
0.001996155,4.911456808689808,0.04275641784872367
0.001996785,4.912130228501195,0.04309488412209585
0.001997415,4.914150487935358,0.04444874921558459
0.001998045,4.916507457275215,0.04647954685581769
0.001998675000000001,4.919201136520766,0.04783341194930643
0.001999305,4.920884686049235,0.04884881076942299
0.001999935,4.921221395954929,0.05121807468302828
0.002000565000000001,4.923241655389092,0.05392580487000576
0.002001195,4.925598624728948,0.05460273741675012
0.002001825,4.9282923039745,0.05764893387709978
0.002002455,4.929639143597274,0.05866433269721634
0.002003085,4.930649273314356,0.06103359661082163
0.002003715000000001,4.932332822842826,0.06137206288419381
0.002004345,4.934353082276989,0.06340286052442692
0.002004975,4.93536321199407,0.06441825934454348
0.002005605000000001,4.938730311051009,0.06746445580489313
0.002006235,4.939403730862396,0.06847985462500969
0.002006865,4.941087280390865,0.06983371971849843
0.002007495,4.943107539825028,0.07220298363210373
0.002008125,4.944454379447803,0.07355684872559246
0.002008755000000001,4.946474638881966,0.07524918009245338
0.002009385,4.947148058693354,0.07457224754570901
0.002010015,4.949505028033211,0.07761844400605868
0.002010645000000001,4.951525287467374,0.07964924164629178
0.002011275,4.955229096430006,0.08269543810664144
0.002011905,4.956575936052781,0.08438776947350236
0.002012535,4.959269615298332,0.08811089848059639
0.002013165,4.961626584638188,0.08912629730071295
0.002013795000000001,4.96432026388374,0.09149556121431825
0.002014425,4.965667103506514,0.09352635885455135
0.002015055,4.968024072846371,0.09454175767466791
0.002015685000000001,4.971054461997616,0.09826488668176193
0.002016315,4.97139117190331,0.09860335295513412
0.002016945,4.97408485114886,0.1006341505953672
0.002017575,4.976778530394411,0.1030034145089725
0.002018205,4.979808919545656,0.1063880772426944
0.002018835000000001,4.980482339357043,0.1070650097894387
0.002019465,4.983512728508288,0.1090958074296718
0.002020095,4.985869697848145,0.1134958689835102
0.002020725000000001,4.987889957282308,0.1141728015302546
0.002021355,4.988563377093695,0.1134958689835102
0.002021985,4.991593766244939,0.1162035991704877
0.002022615000000001,4.992267186056328,0.1165420654438599
0.002023245,4.993950735584797,0.1189113293574652
0.002023875,4.996307704924654,0.1199267281775818
0.002024505,4.997654544547428,0.122295992091187
0.002025135,4.998327964358817,0.1250037222781645
0.002025765000000001,5.000684933698673,0.1266960536450255
0.002026395,5.00304190303853,0.127711452465142
0.002027025,5.004388742661305,0.1287268512852585
0.002027655000000001,5.005398872378387,0.1294037838320029
0.002028285,5.007082421906856,0.1310961151988638
0.002028915,5.009439391246713,0.1334653791124691
0.002029545,5.009776101152407,0.1344807779325857
0.002030175,5.012133070492263,0.1371885081195632
0.002030805000000001,5.012806490303651,0.1378654406663075
0.002031435,5.015836879454896,0.1409116371266572
0.002032065,5.017520428983365,0.140573170853285
0.002032695000000001,5.019540688417528,0.1432809010402625
0.002033325,5.020214108228915,0.1439578335870069
0.002033955,5.022234367663078,0.1456501649538678
0.002034585,5.023917917191548,0.1466655637739843
0.002035215,5.025601466720016,0.1470040300473565
0.002035845000000001,5.026948306342792,0.1500502265077062
0.002036475,5.029978695494036,0.1520810241479393
0.002037105,5.029305275682649,0.1530964229680558
0.002037735000000001,5.031662245022505,0.1544502880615446
0.002038365,5.034355924268056,0.1574964845218942
0.002038995,5.03469263417375,0.157158018248522
0.002039625,5.035366053985138,0.158850349615383
0.002040255,5.039743282759157,0.162573478622477
0.002040885000000001,5.040079992664851,0.1635888774425936
0.002041515,5.042436962004708,0.1642658099893379
0.002042145,5.042773671910401,0.1649427425360823
0.002042775000000001,5.045467351155953,0.1686658715431763
0.002043405,5.047487610590116,0.1686658715431763
0.002044035,5.04782432049581,0.1686658715431763
0.002044665,5.048834450212891,0.1703582029100373
0.002045295,5.051191419552747,0.1737428656437591
0.002045925000000001,5.052538259175523,0.1740813319171313
0.002046555,5.055231938421073,0.1757736632839922
0.002047185,5.056578778043849,0.1771275283774809
0.002047815000000001,5.057925617666625,0.1788198597443419
0.002048445,5.059609167195093,0.180850657384575
0.002049075,5.062639556346338,0.1835583875715525
0.002049705,5.062976266252032,0.1828814550248081
0.002050335,5.063312976157725,0.1838968538449246
0.002050965000000001,5.06634336530897,0.1872815165786465
0.002051595,5.067353495026052,0.1889738479455074
0.002052225,5.070383884177296,0.1906661793123683
0.002052855000000001,5.07072059408299,0.1913431118591127
0.002053485,5.073750983234234,0.1933739094993458
0.002054115,5.075771242668397,0.1957431734129511
0.002054745000000001,5.078128212008254,0.1977739710531842
0.002055375,5.079811761536723,0.1994663024200451
0.002056005000000001,5.08385228040505,0.2031894314271392
0.002056635,5.08385228040505,0.202850965153767
0.002057265,5.087219379461987,0.206574094160861
0.002057895000000001,5.087892799273376,0.2072510267076054
0.002058525,5.091259898330313,0.2099587568945828
0.002059155,5.092606737953089,0.2116510882614438
0.002059785000000001,5.093280157764476,0.2123280208081881
0.002060415,5.096983966727109,0.2143588184484213
0.002061045,5.098330806349884,0.2167280823620265
0.002061675,5.103718164840985,0.2214666101892371
0.002062305,5.103381454935292,0.2221435427359815
0.002062935000000001,5.104391584652373,0.2238358741028424
0.002063565,5.108768813426392,0.2265436042898199
0.002064195,5.109105523332087,0.2278974693833086
0.002064825000000001,5.108768813426392,0.2272205368365643
0.002065455,5.108432103520699,0.2268820705631921
0.002066085,5.110789072860555,0.2272205368365643
0.002066715,5.113146042200412,0.2295898007501695
0.002067345,5.1138194620118,0.2302667332969139
0.002067975000000001,5.116849851163044,0.233989862304008
0.002068605,5.116513141257351,0.2346667948507523
0.002069235,5.118533400691514,0.2366975924909854
0.002069865000000001,5.120890370031371,0.2380514575844742
0.002070495,5.122910629465534,0.2397437889513351
0.002071125,5.123920759182615,0.2410976540448238
0.002071755,5.124594178994003,0.2417745865915682
0.002072385,5.12695114833386,0.2424515191383126
0.002073015000000001,5.128297987956635,0.2441438505051735
0.002073645,5.127624568145247,0.24515924932529
0.002074275,5.130318247390798,0.2454977155986622
0.002074905000000001,5.130654957296492,0.2478669795122675
0.002075535,5.133348636542042,0.2485439120590119
0.002076165,5.136042315787593,0.2526055073394781
0.002076795,5.136379025693286,0.2526055073394781
0.002077425,5.136379025693286,0.2526055073394781
0.002078055000000001,5.137725865316062,0.2549747712530834
0.002078685,5.140756254467306,0.2573440351666887
0.002079315,5.142439803995776,0.2583594339868053
0.002079945000000001,5.142439803995776,0.2583594339868053
0.002080575,5.144460063429939,0.2610671641737827
0.002081205,5.145806903052714,0.2603902316270383
0.002081835,5.145806903052714,0.2610671641737827
0.002082465,5.146817032769795,0.2641133606341324
0.002083095000000001,5.150184131826734,0.2661441582743655
0.002083725,5.151194261543815,0.2664826245477376
0.002084355,5.154561360600754,0.2685134221879708
0.002084985000000001,5.153551230883672,0.2678364896412264
0.002085615,5.155234780412141,0.2702057535548317
0.002086245,5.158265169563386,0.2718980849216927
0.002086875,5.158265169563386,0.2718980849216927
0.002087505,5.159948719091855,0.2749442813820423
0.002088135000000001,5.161632268620324,0.276298146475531
0.002088765,5.163315818148793,0.2773135452956476
0.002089395,5.163315818148793,0.2773135452956476
0.002090025000000001,5.165336077582956,0.2776520115690198
0.002090655,5.166346207300037,0.2820520731228582
0.002091285,5.167693046922813,0.2813751405761138
0.002091915000000001,5.170386726168363,0.2820520731228582
0.002092545,5.17005001626267,0.2847598033098356
0.002093175000000001,5.170723436074057,0.2847598033098356
0.002093805,5.173080405413915,0.2867906009500688
0.002094435,5.174090535130996,0.2867906009500688
0.002095065000000001,5.177457634187935,0.2901752636837906
0.002095695,5.177794344093628,0.2901752636837906
0.002096325,5.179477893622098,0.2908521962305349
0.002096955000000001,5.180151313433485,0.2938983926908846
0.002097585,5.181161443150566,0.2932214601441402
0.002098215,5.183181702584729,0.2969445891512343
0.002098845,5.185201962018892,0.2972830554246065
0.002099475,5.186885511547361,0.2989753867914674
0.002100105000000001,5.187558931358749,0.2996523193382118
0.002100735,5.1902526106043,0.3033754483453058
0.002101365,5.193619709661238,0.3060831785322833
0.002101995000000001,5.194966549284013,0.307437043625772
0.002102625,5.195303259189707,0.3084524424458885
0.002103255,5.197996938435258,0.3098063075393773
0.002103885,5.19900706815234,0.311160172632866
0.002104515,5.201364037492196,0.3125140377263548
0.002105145000000001,5.202710877114971,0.3131909702730992
0.002105775,5.205741266266216,0.316575633006821
0.002106405,5.207424815794685,0.3179294981003097
0.002107035000000001,5.209445075228848,0.3199602957405429
0.002107665,5.210455204945929,0.3206372282872872
0.002108295,5.211802044568705,0.3219910933807759
0.002108925,5.211465334663011,0.3223295596541481
0.002109555,5.21314888419148,0.3246988235677534
0.002110185000000001,5.214832433719949,0.3267296212079865
0.002110815,5.214495723814256,0.32571422238787
0.002111445,5.215169143625643,0.3270680874813587
0.002112075000000001,5.215505853531337,0.3263911549346143
0.002112705,5.217862822871194,0.3274065537547309
0.002113335,5.220556502116745,0.3287604188482196
0.002113965,5.222913471456601,0.3328220141286858
0.002114595,5.222240051645214,0.3318066153085693
0.002115225000000001,5.224597020985071,0.3351912780422912
0.002115855,5.225270440796458,0.3338374129488024
0.002116485,5.224933730890764,0.3351912780422912
0.002117115000000001,5.22628057051354,0.3365451431357799
0.002117745,5.22897424975909,0.3382374745026408
0.002118375,5.229310959664784,0.3382374745026408
0.002119005,5.229647669570478,0.3399298058695017
0.002119635,5.231667929004641,0.3406067384162461
0.002120265000000001,5.232341348816028,0.3402682721428739
0.002120895,5.233688188438804,0.3426375360564792
0.002121525,5.235371737967273,0.3436529348765958
0.002122155000000001,5.234698318155885,0.3443298674233402
0.002122785,5.236045157778661,0.3453452662434567
0.002123415,5.238065417212824,0.347714530157062
0.002124045000000001,5.238402127118517,0.3463606650635732
0.002124675,5.239412256835599,0.3483914627038063
0.002125305000000001,5.239748966741293,0.3490683952505507
0.002125935,5.241432516269762,0.3507607266174116
0.002126565,5.24210593608115,0.351437659164156
0.002127195000000001,5.242779355892537,0.3517761254375282
0.002127825,5.243452775703925,0.3521145917109004
0.002128455,5.246146454949476,0.3531299905310169
0.002129085000000001,5.246483164855169,0.3541453893511335
0.002129715,5.246146454949476,0.3551607881712501
0.002130345000000001,5.248503424289332,0.3575300520848553
0.002130975,5.250186973817802,0.3585454509049719
0.002131605,5.251870523346271,0.3598993159984606
0.002132235000000001,5.251533813440577,0.3588839171783441
0.002132865,5.25355407287474,0.3609147148185772
0.002133495,5.254564202591822,0.3612531810919494
0.002134125000000001,5.255237622403209,0.3629455124588103
0.002134755,5.255237622403209,0.3636224450055546
0.002135385,5.256584462025985,0.3646378438256712
0.002136015,5.258941431365841,0.3653147763724156
0.002136645,5.258604721460148,0.3663301751925321
0.002137275000000001,5.259951561082922,0.3670071077392765
0.002137905,5.260961690800004,0.3690379053795096
0.002138535,5.261635110611392,0.3673455740126487
0.002139165000000001,5.262308530422779,0.3680225065593931
0.002139795,5.263655370045555,0.3700533041996261
0.002140425,5.26500220966833,0.3724225681132315
0.002141055,5.26500220966833,0.3717456355664871
0.002141685,5.268706018630962,0.373437966933348
0.002142315000000001,5.268032598819575,0.3737764332067202
0.002142945,5.270052858253738,0.3754687645735811
0.002143575,5.27106298797082,0.3768226296670698
0.002144205000000001,5.271399697876513,0.3778380284871864
0.002144835,5.274430087027757,0.3815611574942804
0.002145465,5.275440216744839,0.3818996237676526
0.002146095,5.276787056367614,0.3832534888611413
0.002146725,5.277460476179002,0.3839304214078857
0.002147355000000001,5.279144025707471,0.3849458202280023
0.002147985,5.281837704953022,0.3879920166883519
0.002148615,5.28352125448149,0.3893458817818407
0.002149245000000001,5.283857964387185,0.3893458817818407
0.002149875,5.284531384198572,0.3903612806019572
0.002150505,5.286214933727042,0.391715145695446
0.002151135,5.287561773349816,0.3913766794220738
0.002151765,5.288908612972592,0.3927305445155626
0.002152395000000001,5.288908612972592,0.393745943335679
0.002153025,5.288908612972592,0.3934074770623069
0.002153655,5.290592162501062,0.3950998084291678
0.002154285000000001,5.291602292218143,0.3964536735226566
0.002154915,5.292275712029531,0.3957767409759122
0.002155545,5.293285841746612,0.3971306060694009
0.002156175,5.292949131840918,0.3974690723427731
0.002156805,5.293285841746612,0.3967921397960288
0.002157435000000001,5.294632681369388,0.3994998699830062
0.002158065,5.294295971463693,0.3988229374362618
0.002158695,5.296316230897856,0.399161403709634
0.002159325000000001,5.295642811086469,0.4001768025297506
0.002159955,5.296316230897856,0.3998383362563784
0.002160585,5.296989650709244,0.4008537350764949
0.002161215000000001,5.300020039860488,0.4038999315368447
0.002161845,5.299009910143407,0.4022076001699837
0.002162475000000001,5.300356749766182,0.4049153303569611
0.002163105,5.299683329954795,0.4028845327167281
0.002163735,5.300020039860488,0.4042383978102168
0.002164365000000001,5.302040299294651,0.4049153303569611
0.002164995,5.302040299294651,0.4052537966303333
0.002165625,5.304397268634508,0.4062691954504499
0.002166255000000001,5.303387138917427,0.4066076617238221
0.002166885,5.306080818162977,0.4089769256374274
0.002167515000000001,5.30540739835159,0.4079615268173108
0.002168145,5.305070688445896,0.4079615268173108
0.002168775,5.305744108257284,0.409992324457544
0.002169405000000001,5.307764367691447,0.4096538581841718
0.002170035,5.308774497408528,0.4106692570042884
0.002170665,5.308437787502834,0.4110077232776604
0.002171295000000001,5.308101077597141,0.409992324457544
0.002171925,5.310458046936997,0.412023122097777
0.002172555,5.309111207314222,0.4116846558244048
0.002173185,5.30978462712561,0.4130385209178936
0.002173815,5.310794756842691,0.4127000546445214
0.002174445000000001,5.310121337031304,0.4123615883711492
0.002175075,5.31247830637116,0.4157462511048711
0.002175705,5.312815016276854,0.4154077848314989
0.002176335000000001,5.313151726182548,0.4157462511048711
0.002176965,5.313488436088242,0.4157462511048711
0.002177595,5.31416185589963,0.4164231836516155
0.002178225,5.315171985616711,0.4171001161983598
0.002178855,5.315845405428099,0.4177770487451041
0.002179485000000001,5.316518825239486,0.4191309138385929
0.002180115,5.31954921439073,0.4201463126587095
0.002180745,5.318202374767956,0.4201463126587095
0.002181375000000001,5.320222634202119,0.4208232452054539
0.002182005,5.321569473824893,0.4218386440255704
0.002182635,5.322242893636282,0.4238694416658035
0.002183265,5.322579603541975,0.4259002393060366
0.002183895,5.324936572881832,0.4252233067592922
0.002184525000000001,5.326956832315995,0.4262387055794088
0.002185155,5.326620122410302,0.4275925706728976
0.002185785,5.326283412504607,0.4282695032196419
0.002186415000000001,5.327966962033076,0.4292849020397584
0.002187045,5.330660641278627,0.4309772334066194
0.002187675,5.329650511561546,0.4296233683131306
0.002188305,5.330323931372933,0.4306387671332472
0.002188935,5.330660641278627,0.4313156996799916
0.002189565000000001,5.330660641278627,0.4313156996799916
0.002190195,5.330323931372933,0.4306387671332472
0.002190825,5.33268090071279,0.4333464973202247
0.002191455000000001,5.33268090071279,0.4330080310468525
0.002192085,5.333017610618484,0.4333464973202247
0.002192715,5.33268090071279,0.4340234298669691
0.002193345000000001,5.332344190807096,0.4340234298669691
0.002193975,5.333017610618484,0.4330080310468525
0.002194605000000001,5.333691030429872,0.4333464973202247
0.002195235,5.334701160146953,0.4350388286870855
0.002195865,5.335037870052647,0.4350388286870855
0.002196495000000001,5.333691030429872,0.4340234298669691
0.002197125,5.334364450241259,0.4343618961403413
0.002197755,5.334701160146953,0.4333464973202247
0.002198385000000001,5.334701160146953,0.4333464973202247
0.002199015,5.335374579958341,0.4357157612338299
0.002199645000000001,5.335037870052647,0.4357157612338299
0.002200275,5.336047999769728,0.4360542275072021
0.002200905,5.336047999769728,0.4360542275072021
0.002201535000000001,5.336384709675422,0.4357157612338299
0.002202165,5.336384709675422,0.4370696263273187
0.002202795,5.337731549298198,0.4374080926006909
0.002203425000000001,5.338741679015279,0.4363926937805743
0.002204055,5.338404969109585,0.4377465588740631
0.002204685,5.336721419581116,0.4367311600539465
0.002205315,5.336721419581116,0.4367311600539465
0.002205945,5.338404969109585,0.4374080926006909
0.002206575000000001,5.337731549298198,0.4367311600539465
0.002207205,5.33705812948681,0.4374080926006909
0.002207835,5.337394839392504,0.4377465588740631
0.002208465000000001,5.338404969109585,0.4377465588740631
0.002209095,5.338068259203891,0.4384234914208074
0.002209725,5.339415098826667,0.4397773565142962
0.002210355,5.340425228543748,0.4384234914208074
0.002210985,5.340088518638054,0.4377465588740631
0.002211615000000001,5.339078388920973,0.4367311600539465
0.002212245,5.341098648355135,0.4397773565142962
0.002212875,5.341772068166524,0.439438890240924
0.002213505000000001,5.340088518638054,0.4384234914208074
0.002214135,5.339078388920973,0.439438890240924
0.002214765,5.340088518638054,0.4401158227876684
0.002215395,5.339751808732361,0.4397773565142962
0.002216025,5.340088518638054,0.4377465588740631
0.002216655000000001,5.342445487977911,0.439438890240924
0.002217285,5.342445487977911,0.4421466204279014
0.002217915,5.342445487977911,0.4424850867012736
0.002218545000000001,5.342445487977911,0.4421466204279014
0.002219175,5.343455617694993,0.4421466204279014
0.002219805,5.344465747412074,0.4418081541545293
0.002220435,5.347496136563318,0.4441774180681346
0.002221065,5.345475877129156,0.4438389517947624
0.002221695000000001,5.346486006846237,0.4455312831616233
0.002222325,5.347159426657625,0.444854350614879
0.002222955,5.347832846469013,0.4472236145284842
0.002223585000000001,5.3485062662804,0.4462082157083677
0.002224215,5.347832846469013,0.4465466819817399
0.002224845,5.349516395997481,0.4479005470752286
0.002225475,5.350526525714563,0.4492544121687173
0.002226105,5.348842976186094,0.4468851482551121
0.002226735000000001,5.349179686091788,0.4479005470752286
0.002227365,5.349516395997481,0.4475620808018564
0.002227995,5.348842976186094,0.4472236145284842
0.002228625000000001,5.348842976186094,0.4458697494349955
0.002229255,5.349516395997481,0.4468851482551121
0.002229885,5.35018981580887,0.4465466819817399
0.002230515000000001,5.347832846469013,0.4455312831616233
0.002231145,5.347496136563318,0.4455312831616233
0.002231775000000001,5.347496136563318,0.4462082157083677
0.002232405,5.347496136563318,0.4465466819817399
0.002233035,5.347832846469013,0.444854350614879
0.002233665000000001,5.34581258703485,0.444854350614879
0.002234295,5.34581258703485,0.444854350614879
0.002234925,5.34581258703485,0.4441774180681346
0.002235555000000001,5.346486006846237,0.4438389517947624
0.002236185,5.346822716751931,0.4435004855213902
0.002236815000000001,5.347496136563318,0.4441774180681346
0.002237445,5.346822716751931,0.4424850867012736
0.002238075,5.34581258703485,0.443162019248018
0.002238705000000001,5.345475877129156,0.4438389517947624
0.002239335,5.346822716751931,0.4455312831616233
0.002239965,5.34581258703485,0.4441774180681346
0.002240595000000001,5.346149296940544,0.4435004855213902
0.002241225,5.344129037506381,0.4438389517947624
0.002241855,5.344129037506381,0.4421466204279014
0.002242485,5.345139167223462,0.441131221607785
0.002243115,5.343792327600687,0.4414696878811571
0.002243745000000001,5.343455617694993,0.4404542890610406
0.002244375,5.341772068166524,0.4397773565142962
0.002245005,5.341772068166524,0.4404542890610406
0.002245635000000001,5.344129037506381,0.4407927553344128
0.002246265,5.343792327600687,0.441131221607785
0.002246895,5.344465747412074,0.441131221607785
0.002247525,5.343455617694993,0.4404542890610406
0.002248155,5.342782197883605,0.4391004239675518
0.002248785000000001,5.342445487977911,0.4384234914208074
0.002249415,5.34143535826083,0.4387619576941796
0.002250045,5.341098648355135,0.4374080926006909
0.002250675000000001,5.341098648355135,0.4391004239675518
0.002251305,5.340761938449442,0.4377465588740631
0.002251935,5.342445487977911,0.439438890240924
0.002252565,5.343118907789298,0.4401158227876684
0.002253195,5.343118907789298,0.4391004239675518
0.002253825000000001,5.343118907789298,0.4401158227876684
0.002254455,5.342445487977911,0.4404542890610406
0.002255085,5.343118907789298,0.441131221607785
0.002255715000000001,5.342445487977911,0.4404542890610406
0.002256345,5.343118907789298,0.4397773565142962
0.002256975,5.343455617694993,0.4401158227876684
0.002257605,5.343455617694993,0.4401158227876684
0.002258235,5.343792327600687,0.4407927553344128
0.002258865000000001,5.344129037506381,0.4414696878811571
0.002259495,5.342782197883605,0.4404542890610406
0.002260125,5.342108778072218,0.4401158227876684
0.002260755000000001,5.34143535826083,0.4384234914208074
0.002261385,5.342108778072218,0.4384234914208074
0.002262015,5.342108778072218,0.4380850251474353
0.002262645000000001,5.340761938449442,0.4370696263273187
0.002263275,5.339751808732361,0.4363926937805743
0.002263905000000001,5.339078388920973,0.4363926937805743
0.002264535,5.339078388920973,0.4357157612338299
0.002265165,5.338404969109585,0.4343618961403413
0.002265795000000001,5.338068259203891,0.4350388286870855
0.002266425,5.336721419581116,0.4340234298669691
0.002267055,5.336721419581116,0.4340234298669691
0.002267685000000001,5.337731549298198,0.4343618961403413
0.002268315,5.336721419581116,0.4330080310468525
0.002268945000000001,5.335374579958341,0.4319926322267359
0.002269575,5.335037870052647,0.4326695647734803
0.002270205,5.334027740335565,0.4313156996799916
0.002270835000000001,5.333354320524178,0.4313156996799916
0.002271465,5.333691030429872,0.4309772334066194
0.002272095,5.331670770995709,0.4289464357663862
0.002272725000000001,5.329987221467239,0.4275925706728976
0.002273355,5.330997351184321,0.4286079694930141
0.002273985000000001,5.329987221467239,0.4272541043995254
0.002274615,5.329313801655852,0.4255617730326644
0.002275245,5.328977091750158,0.4252233067592922
0.002275875000000001,5.328640381844465,0.4259002393060366
0.002276505,5.327966962033076,0.4245463742125479
0.002277135,5.326956832315995,0.4242079079391757
0.002277765000000001,5.325946702598913,0.4231925091190591
0.002278395,5.326620122410302,0.422854042845687
0.002279025,5.324936572881832,0.4221771102989426
0.002279655,5.323253023353363,0.4215001777521982
0.002280285,5.32392644316475,0.4218386440255704
0.002280915000000001,5.321569473824893,0.4201463126587095
0.002281545,5.322579603541975,0.4215001777521982
0.002282175,5.322579603541975,0.4194693801119651
0.002282805000000001,5.320896054013506,0.4181155150184763
0.002283435,5.322916313447669,0.4191309138385929
0.002284065,5.320896054013506,0.417438582471732
0.002284695,5.319212504485037,0.4157462511048711
0.002285325,5.320222634202119,0.417438582471732
0.002285955000000001,5.319212504485037,0.4147308522847545
0.002286585,5.318202374767956,0.4154077848314989
0.002287215,5.31685553514518,0.4147308522847545
0.002287845000000001,5.315508695522404,0.4127000546445214
0.002288475,5.31416185589963,0.4113461895510326
0.002289105,5.31416185589963,0.4116846558244048
0.002289735,5.314835275711017,0.412023122097777
0.002290365,5.313825145993936,0.4116846558244048
0.002290995000000001,5.314498565805323,0.412023122097777
0.002291625,5.31416185589963,0.4113461895510326
0.002292255,5.313825145993936,0.4116846558244048
0.002292885000000001,5.314498565805323,0.4110077232776604
0.002293515,5.31416185589963,0.4116846558244048
0.002294145,5.311804886559773,0.4096538581841718
0.002294775,5.312815016276854,0.4106692570042884
0.002295405,5.312815016276854,0.409992324457544
0.002296035000000001,5.312141596465467,0.4079615268173108
0.002296665,5.311131466748385,0.4086384593640552
0.002297295,5.311804886559773,0.4086384593640552
0.002297925000000001,5.311468176654079,0.4103307907309162
0.002298555,5.311468176654079,0.4089769256374274
0.002299185,5.311131466748385,0.4079615268173108
0.002299815000000001,5.308774497408528,0.4062691954504499
0.002300445,5.307427657785753,0.4055922629037055
0.002301075000000001,5.306754237974365,0.4045768640835889
0.002301705,5.307427657785753,0.4038999315368447
0.002302335,5.306754237974365,0.4035614652634725
0.002302965000000001,5.30540739835159,0.4022076001699837
0.002303595,5.303723848823121,0.4022076001699837
0.002304225,5.302713719106039,0.399161403709634
0.002304855000000001,5.301366879483264,0.3984844711628897
0.002305485,5.300356749766182,0.3971306060694009
0.002306115000000001,5.300356749766182,0.3957767409759122
0.002306745,5.299009910143407,0.3964536735226566
0.002307375,5.297663070520632,0.3961152072492844
0.002308005000000001,5.297999780426325,0.3950998084291678
0.002308635,5.296989650709244,0.3930690107889347
0.002309265,5.293959261557999,0.3920536119688182
0.002309895000000001,5.292275712029531,0.391715145695446
0.002310525,5.292949131840918,0.3903612806019572
0.002311155000000001,5.291939002123836,0.3900228143285851
0.002311785,5.290255452595368,0.3896843480552129
0.002312415,5.289245322878286,0.3869766178682353
0.002313045000000001,5.288235193161205,0.3856227527747467
0.002313675,5.287561773349816,0.3852842865013745
0.002314305,5.286551643632736,0.3849458202280023
0.002314935000000001,5.284868094104266,0.3832534888611413
0.002315565,5.284868094104266,0.382576556314397
0.002316195,5.28520480400996,0.3822380900410248
0.002316825,5.282511124764409,0.3805457586741638
0.002317455,5.281164285141634,0.3805457586741638
0.002318085000000001,5.280490865330246,0.3781764947605586
0.002318715,5.278807315801777,0.3774995622138142
0.002319345,5.277797186084696,0.3768226296670698
0.002319975000000001,5.277797186084696,0.3758072308469533
0.002320605,5.275440216744839,0.3747918320268367
0.002321235,5.275103506839145,0.3744533657534646
0.002321865,5.27375666721637,0.3720841018398593
0.002322495,5.274093377122064,0.3717456355664871
0.002323125000000001,5.272409827593594,0.3700533041996261
0.002323755,5.27106298797082,0.3690379053795096
0.002324385,5.270726278065125,0.3690379053795096
0.002325015000000001,5.268369308725268,0.3676840402860209
0.002325645,5.26500220966833,0.3639609112789268
0.002326275,5.26500220966833,0.3639609112789268
0.002326905,5.264665499762637,0.3646378438256712
0.002327535,5.263655370045555,0.3626070461854381
0.002328165000000001,5.263318660139861,0.3622685799120659
0.002328795,5.261298400705698,0.360576248545205
0.002329425,5.259951561082922,0.3598993159984606
0.002330055000000001,5.259278141271535,0.3578685183582275
0.002330685,5.259278141271535,0.3582069846315997
0.002331315,5.257594591743066,0.3575300520848553
0.002331945000000001,5.256584462025985,0.3561761869913666
0.002332575,5.255237622403209,0.3558377207179944
0.002333205000000001,5.254564202591822,0.3534684568043891
0.002333835,5.254227492686128,0.3551607881712501
0.002334465,5.253890782780434,0.3531299905310169
0.002335095000000001,5.253217362969046,0.3517761254375282
0.002335725,5.252543943157659,0.3517761254375282
0.002336355,5.252207233251965,0.3510991928907838
0.002336985000000001,5.250860393629189,0.3504222603440394
0.002337615,5.249513554006414,0.3480529964304342
0.002338245000000001,5.249513554006414,0.347714530157062
0.002338875,5.247830004477945,0.347714530157062
0.002339505,5.249513554006414,0.3473760638836898
0.002340135000000001,5.248503424289332,0.3473760638836898
0.002340765,5.246483164855169,0.3456837325168289
0.002341395,5.246483164855169,0.3450067999700845
0.002342025000000001,5.244462905421006,0.3443298674233402
0.002342655,5.243789485609619,0.3429760023298514
0.002343285000000001,5.244126195515313,0.3443298674233402
0.002343915,5.24210593608115,0.342299069783107
0.002344545,5.238402127118517,0.3395913395961295
0.002345175000000001,5.236718577590048,0.3378990082292687
0.002345805,5.237391997401436,0.3378990082292687
0.002346435,5.235371737967273,0.3345143454955468
0.002347065000000001,5.23335147853311,0.3341758792221746
0.002347695,5.233014768627417,0.3345143454955468
0.002348325,5.233014768627417,0.3324835478553136
0.002348955,5.230321089381865,0.3307912164884528
0.002349585,5.229647669570478,0.3301142839417084
0.002350215000000001,5.226953990324927,0.3274065537547309
0.002350845,5.22628057051354,0.3274065537547309
0.002351475,5.224597020985071,0.3250372898411256
0.002352105000000001,5.224260311079377,0.3236834247476369
0.002352735,5.220893212022438,0.3209756945606594
0.002353365,5.219883082305357,0.3192833631937985
0.002353995,5.218872952588275,0.3202987620139151
0.002354625,5.217862822871194,0.3189448969204263
0.002355255000000001,5.2175261129655,0.3196218294671707
0.002355885,5.213822304002868,0.3145448353665879
0.002356515,5.212475464380093,0.3138679028198435
0.002357145000000001,5.211128624757317,0.3125140377263548
0.002357775,5.210455204945929,0.3104832400861217
0.002358405,5.209445075228848,0.3114986389062382
0.002359035,5.207088105888992,0.3077755098991442
0.002359665,5.204731136549134,0.3060831785322833
0.002360295000000001,5.20439442664344,0.3043908471654223
0.002360925,5.200690617680809,0.3026985157985614
0.002361555,5.201027327586503,0.3016831169784449
0.002362185000000001,5.200017197869421,0.3016831169784449
0.002362815,5.199680487963727,0.3003292518849561
0.002363445,5.197660228529564,0.2996523193382118
0.002364075,5.19462983937832,0.298298454244723
0.002364705,5.194293129472626,0.2962676566044899
0.002365335000000001,5.193282999755544,0.2949137915110012
0.002365965,5.190589320509994,0.2925445275973959
0.002366595,5.189579190792912,0.2915291287772793
0.002367225000000001,5.188569061075831,0.2901752636837906
0.002367855,5.18587538183028,0.2891598648636741
0.002368485,5.185201962018892,0.2874675334968131
0.002369115000000001,5.184191832301811,0.2861136684033244
0.002369745,5.181161443150566,0.2840828707630912
0.002370375000000001,5.179814603527791,0.2827290056696026
0.002371005,5.178131053999322,0.2806982080293694
0.002371635,5.178131053999322,0.2806982080293694
0.002372265000000001,5.175774084659465,0.2776520115690198
0.002372895,5.176110794565159,0.2769750790222754
0.002373525,5.17274369550822,0.2759596802021588
0.002374155000000001,5.172070275696833,0.2752827476554145
0.002374785,5.170386726168363,0.2742673488352979
0.002375415000000001,5.169713306356976,0.2718980849216927
0.002376045,5.166682917205732,0.268851888461343
0.002376675,5.165336077582956,0.267159557094482
0.002377305000000001,5.164999367677263,0.2685134221879708
0.002377935,5.160285428997549,0.2644518269075046
0.002378565,5.160622138903243,0.263436428087388
0.002379195000000001,5.161632268620324,0.2641133606341324
0.002379825,5.158938589374774,0.2630979618140158
0.002380455000000001,5.158938589374774,0.2620825629938993
0.002381085,5.157255039846304,0.2603902316270383
0.002381715,5.155234780412141,0.2586979002601774
0.002382345000000001,5.156244910129223,0.2597132990802939
0.002382975,5.155234780412141,0.2586979002601774
0.002383605,5.154561360600754,0.2580209677134331
0.002384235000000001,5.152204391260897,0.2570055688933165
0.002384865,5.14984742192104,0.2536209061595947
0.002385495,5.14984742192104,0.2539593724329668
0.002386125,5.148163872392571,0.2536209061595947
0.002386755,5.148837292203958,0.2529439736128503
0.002387385000000001,5.146143612958408,0.2502362434258728
0.002388015,5.145133483241326,0.2488823783323841
0.002388645,5.143113223807164,0.246851580692151
0.002389275000000001,5.140419544561613,0.2444823167785457
0.002389905,5.13839928512745,0.2421130528649404
0.002390535,5.138062575221756,0.2421130528649404
0.002391165,5.136379025693286,0.2394053226779629
0.002391795,5.135705605881899,0.2390668564045907
0.002392425000000001,5.133011926636349,0.2366975924909854
0.002393055,5.130654957296492,0.2356821936708689
0.002393685,5.129308117673716,0.2343283285773801
0.002394315000000001,5.125941018616778,0.232297530937147
0.002394945,5.12526759880539,0.2312821321170305
0.002395575,5.122910629465534,0.2292513344767974
0.002396205,5.122237209654146,0.2275590031099364
0.002396835,5.119880240314289,0.2258666717430755
0.002397465000000001,5.116849851163044,0.2221435427359815
0.002398095,5.116513141257351,0.2218050764626093
0.002398725,5.11550301154027,0.2207896776424927
0.002399355000000001,5.115166301634575,0.219435812549004
0.002399985,5.111462492671944,0.2177434811821431
0.002400615,5.107758683709311,0.2136818859016769
0.002401245000000001,5.107758683709311,0.2133434196283047
0.002401875,5.105738424275148,0.2109741557146994
0.002402505000000001,5.104391584652373,0.2119895545348159
0.002403135,5.104054874746679,0.2106356894413272
0.002403765,5.101361195501128,0.2075894929809776
0.002404395000000001,5.100014355878353,0.2062356278874888
0.002405025,5.096310546915721,0.2035278977005113
0.002405655,5.094963707292946,0.202850965153767
0.002406285000000001,5.09361686767017,0.2001432349667895
0.002406915,5.094290287481558,0.1998047686934173
0.002407545000000001,5.089913058707539,0.197435504779812
0.002408175,5.088566219084763,0.1943893083194624
0.002408805,5.087556089367681,0.1940508420460902
0.002409435000000001,5.084525700216437,0.1920200444058571
0.002410065,5.08216873087658,0.189989246765624
0.002410695,5.081832020970886,0.1889738479455074
0.002411325000000001,5.079811761536723,0.1872815165786465
0.002411955,5.077454792196867,0.1842353201182968
0.002412585000000001,5.076107952574091,0.1835583875715525
0.002413215,5.073750983234234,0.1805121911112028
0.002413845,5.073414273328541,0.1798352585644584
0.002414475000000001,5.071394013894378,0.1801737248378306
0.002415105,5.070047174271602,0.1784813934709697
0.002415735,5.069037044554521,0.17543519701062
0.002416365000000001,5.065333235591889,0.1730659330970147
0.002416995,5.064996525686195,0.1730659330970147
0.002417625000000001,5.062639556346338,0.1710351354567816
0.002418255,5.061292716723562,0.1696812703632929
0.002418885,5.059945877100787,0.1703582029100373
0.002419515000000001,5.059272457289399,0.1676504727230598
0.002420145,5.058599037478012,0.1676504727230598
0.002420775,5.056578778043849,0.1652812088094545
0.002421405000000001,5.05489522851538,0.1629119448958492
0.002422035,5.05321167898691,0.1615580798023604
0.002422665,5.051864839364136,0.1598657484354995
0.002423295,5.051864839364136,0.1598657484354995
0.002423925,5.050854709647054,0.1602042147088717
0.002424555000000001,5.050181289835666,0.1574964845218942
0.002425185,5.047487610590116,0.1564810857017777
0.002425815,5.04782432049581,0.1568195519751499
0.002426445000000001,5.046477480873034,0.1558041531550333
0.002427075,5.04344709172179,0.153434889241428
0.002427705,5.041426832287627,0.1500502265077062
0.002428335,5.037723023324994,0.1476809625941009
0.002428965,5.036376183702219,0.1463270975006122
0.002429595000000001,5.035029344079444,0.1456501649538678
0.002430225,5.033682504456668,0.1439578335870069
0.002430855,5.032672374739587,0.1419270359467737
0.002431485000000001,5.030652115305424,0.1395577720331685
0.002432115,5.027285016248485,0.1365115755728188
0.002432745,5.026274886531404,0.1354961767527022
0.002433375,5.020887528040303,0.1334653791124691
0.002434005,5.022234367663078,0.1327884465657247
0.002434635000000001,5.018530558700446,0.1290653175586307
0.002435265,5.018193848794752,0.1283883850118864
0.002435895,5.016173589360589,0.1260191210982811
0.002436525000000001,5.015836879454896,0.1260191210982811
0.002437155,5.012469780397957,0.123988323458048
0.002437785,5.010449520963794,0.1212805932710705
0.002438415000000001,5.009439391246713,0.1209421269976983
0.002439045,5.006409002095468,0.1189113293574652
0.002439675000000001,5.004052032755611,0.1162035991704877
0.002440305,5.003378612944224,0.1141728015302546
0.002440935,5.000348223792979,0.1111266050699049
0.002441565000000001,4.997991254453122,0.1097727399764162
0.002442195,4.996644414830347,0.1074034760628109
0.002442825,4.994624155396184,0.1067265435160665
0.002443455000000001,4.993614025679102,0.1060496109693222
0.002444085,4.991593766244939,0.1043572796024613
0.002444715000000001,4.989573506810776,0.101988015688856
0.002445345,4.988226667188001,0.1016495494154838
0.002445975,4.986206407753838,0.09961875177525067
0.002446605000000001,4.984522858225369,0.09758795413501756
0.002447235,4.981155759168431,0.09420329140129571
0.002447865,4.979472209639962,0.09251096003443479
0.002448495000000001,4.977788660111493,0.08946476357408514
0.002449125,4.974421561054554,0.08844936475396858
0.002449755000000001,4.972738011526086,0.08540316829361892
0.002450385,4.972738011526086,0.0860801008403633
0.002451015,4.970381042186228,0.083710836926758
0.002451645000000001,4.967350653034984,0.08066464046640834
0.002452275,4.966340523317903,0.0793107753729196
0.002452905,4.963983553978045,0.07761844400605868
0.002453535000000001,4.961289874732495,0.07592611263919775
0.002454165,4.960953164826801,0.07423378127233683
0.002454795000000001,4.958259485581251,0.07186451735873153
0.002455425,4.956239226147088,0.07118758481198717
0.002456055,4.955229096430006,0.06847985462500969
0.002456685000000001,4.952535417184455,0.06678752325814877
0.002457315,4.948494898316129,0.06340286052442692
0.002457945,4.948831608221823,0.06238746170431037
0.002458575000000001,4.948831608221823,0.06306439425105473
0.002459205,4.944791089353497,0.06069513033744944
0.002459835,4.943444249730722,0.05798740015047197
0.002460465,4.941087280390865,0.05629506878361104
0.002461095,4.939067020956702,0.05426427114337794
0.002461725000000001,4.937383471428233,0.05155654095640046
0.002462355,4.935026502088376,0.05121807468302828
0.002462985,4.932332822842826,0.04851034449605079
0.002463615000000001,4.930312563408663,0.04580261430907333
0.002464245,4.927955594068806,0.04377181666884021
0.002464875,4.92660875444603,0.04241795157535148
0.002465505,4.924251785106174,0.04038715393511837
0.002466135,4.924588495011867,0.04174101902860711
0.002466765000000001,4.921558105860623,0.03903328884162963
0.002467395,4.919874556332154,0.03700249120139652
0.002468025,4.917180877086603,0.03497169356116342
0.002468655000000001,4.917180877086603,0.03294089592093032
0.002469285,4.914823907746746,0.03057163200732502
0.002469915,4.913813778029665,0.02989469946058065
0.002470545000000001,4.911456808689808,0.02786390182034754
0.002471175,4.911120098784114,0.0288793006404641
0.002471805000000001,4.909773259161339,0.02549463790674225
0.002472435,4.907416289821482,0.02312537399313695
0.002473065,4.905396030387319,0.02210997517302041
0.002473695000000001,4.905059320481625,0.02244844144639259
0.002474325,4.903375770953156,0.02143304262627603
0.002474955,4.901355511518993,0.01906377871267075
0.002475585000000001,4.898998542179136,0.01669451479906545
0.002476215,4.898661832273443,0.01669451479906545
0.002476845000000001,4.898661832273443,0.0156791159789489
0.002477475,4.896641572839279,0.01466371715883234
0.002478105,4.893947893593729,0.01195598697185486
0.002478735000000001,4.893274473782341,0.01060212187836612
0.002479365,4.89226434406526,0.009248256784877396
0.002479995,4.888223825196934,0.006878992871272097
0.002480625000000001,4.888223825196934,0.007217459144644278
0.002481255,4.885193436045689,0.004509728957666811
0.002481885000000001,4.885530145951383,0.004171262684294616
0.002482515,4.881489627083057,0.0004481336772005906
0.002483145,4.879469367648894,-0.00225959650977689
0.002483775000000001,4.877449108214731,-0.004290394150009993
0.002484405,4.876102268591955,-0.005982725516870929
0.002485035,4.874755428969181,-0.006321191790243097
0.002485665000000001,4.872398459629323,-0.008690455703848382
0.002486295,4.870041490289466,-0.0107212533440815
0.002486925000000001,4.868357940760998,-0.01173665216419806
0.002487555,4.865327551609753,-0.0154597811712921
0.002488185,4.86330729217559,-0.01816751135826955
0.002488815000000001,4.861287032741427,-0.01782904508489738
0.002489445,4.85893006340157,-0.02121370781861923
0.002490075,4.859266773307264,-0.02087524154524703
0.002490705000000001,4.856573094061713,-0.02222910663873578
0.002491335,4.852532575193387,-0.0259522356458298
0.002491965,4.849502186042143,-0.0303522971996682
0.002492595,4.848492056325061,-0.03170616229315695
0.002493225,4.847145216702287,-0.03272156111327351
0.002493855000000001,4.845798377079511,-0.03238309483990132
0.002494485,4.84478824736243,-0.03542929130025096
0.002495115,4.841757858211185,-0.03813702148722845
0.002495745000000001,4.839737598777022,-0.039152420307345
0.002496375,4.837043919531471,-0.04186015049432248
0.002497005,4.836370499720084,-0.04287554931443904
0.002497635,4.835023660097308,-0.04456788068129997
0.002498265,4.83165656104037,-0.04626021204816089
0.002498895000000001,4.829973011511901,-0.04829100968839398
0.002499525,4.82727933226635,-0.04964487478188273
0.002500155,4.824248943115106,-0.05336800378897677
0.002500785000000001,4.821218553963861,-0.05573726770258206
0.002501415,4.821555263869555,-0.05506033515583769
0.002502045,4.819535004435392,-0.0587834641629317
0.002502675,4.819535004435392,-0.05979886298304826
0.002503305,4.816504615284147,-0.06182966062328138
0.002503935000000001,4.813474226132903,-0.06284505944339794
0.002504565,4.813474226132903,-0.06419892453688666
0.002505195,4.810443836981658,-0.06690665472386415
0.002505825000000001,4.80876028745319,-0.06826051981735287
0.002506455,4.806403318113333,-0.06927591863746943
0.002507085,4.805729898301945,-0.07130671627770255
0.002507715000000001,4.803036219056394,-0.07401444646468003
0.002508345,4.80000582990515,-0.07570677783154095
0.002508975000000001,4.798658990282375,-0.07773757547177404
0.002509605,4.796975440753905,-0.08078377193212372
0.002510235,4.794618471414049,-0.08213763702561244
0.002510865000000001,4.792598211979886,-0.08382996839247336
0.002511495,4.790241242640029,-0.08484536721258992
0.002512125,4.788220983205866,-0.08687616485282304
0.002512755000000001,4.787210853488785,-0.08823002994631177
0.002513385,4.785527303960315,-0.09026082758654488
0.002514015000000001,4.78418046433754,-0.08992236131317269
0.002514645,4.781823494997683,-0.09432242286701109
0.002515275,4.77980323556352,-0.09601475423387201
0.002515905000000001,4.779466525657826,-0.09601475423387201
0.002516535,4.7754260067895,-0.09973788324096605
0.002517165,4.774752586978113,-0.1010917483344548
0.002517795000000001,4.772058907732562,-0.1041379447948045
0.002518425,4.770375358204093,-0.105153343614921
0.002519055000000001,4.769028518581317,-0.1061687424350375
0.002519685,4.766334839335767,-0.1081995400752707
0.002520315,4.765324709618685,-0.108876472622015
0.002520945000000001,4.762967740278828,-0.1098918714421316
0.002521575,4.761284190750359,-0.1122611353557369
0.002522205,4.761284190750359,-0.1119226690823647
0.002522835000000001,4.759600641221891,-0.1139534667225978
0.002523465,4.757917091693421,-0.1153073318160865
0.002524095000000001,4.754213282730789,-0.1186919945498084
0.002524725,4.754213282730789,-0.1190304608231806
0.002525355,4.753876572825095,-0.1193689270965528
0.002525985000000001,4.752866443108013,-0.121738191010158
0.002526615,4.751182893579545,-0.1227535898302746
0.002527245,4.749162634145382,-0.1241074549237633
0.002527875000000001,4.748489214333993,-0.1251228537438799
0.002528505,4.747142374711219,-0.1261382525639964
0.002529135,4.747479084616912,-0.1264767188373686
0.002529765,4.744785405371362,-0.1285075164776017
0.002530395,4.743101855842893,-0.1288459827509739
0.002531025000000001,4.740408176597342,-0.1322306454846958
0.002531655,4.739061336974567,-0.1329075780314401
0.002532285,4.738051207257485,-0.134599909398301
0.002532915000000001,4.734347398294853,-0.1373076395852786
0.002533545,4.733000558672078,-0.140015369772256
0.002534175,4.730980299237915,-0.1417077011391169
0.002534805,4.729970169520833,-0.1430615662326057
0.002535435,4.726603070463895,-0.1457692964195832
0.002536065000000001,4.724919520935425,-0.1457692964195832
0.002536695,4.721215711972794,-0.1481385603331884
0.002537325,4.719532162444325,-0.1511847567935381
0.002537955000000001,4.721215711972794,-0.1501693579734215
0.002538585,4.717511903010162,-0.1538924869805156
0.002539215,4.71650177329308,-0.1555848183473765
0.002539845000000001,4.713471384141835,-0.1572771497142374
0.002540475,4.710777704896285,-0.1599848799012149
0.002541105000000001,4.709430865273509,-0.1616772112680758
0.002541735,4.707410605839346,-0.1630310763615646
0.002542365,4.706737186027959,-0.1630310763615646
0.002542995000000001,4.70505363649949,-0.1664157390952864
0.002543625,4.702359957253939,-0.1677696041887752
0.002544255,4.700339697819776,-0.1694619355556361
0.002544885000000001,4.698319438385613,-0.1725081320159857
0.002545515,4.697309308668531,-0.1738619971094744
0.002546145000000001,4.69629917895145,-0.1742004633828466
0.002546775,4.692932079894511,-0.176569727296452
0.002547405,4.692258660083124,-0.176569727296452
0.002548035000000001,4.687881431309104,-0.1806313225769181
0.002548665,4.687208011497717,-0.1826621202171513
0.002549295,4.686197881780635,-0.1836775190372678
0.002549925000000001,4.684177622346472,-0.1843544515840122
0.002550555,4.681483943100922,-0.18401598531064
0.002551185000000001,4.679800393572452,-0.1890929794112228
0.002551815,4.678453553949677,-0.1914622433248281
0.002552445,4.676770004421208,-0.1918007095982003
0.002553075000000001,4.673739615269963,-0.1948469060585499
0.002553705,4.673066195458576,-0.1945084397851777
0.002554335,4.671382645930106,-0.1982315687922717
0.002554965000000001,4.670035806307332,-0.1989085013390161
0.002555595,4.66734212706178,-0.1989085013390161
0.002556225000000001,4.665658577533311,-0.2019546977993658
0.002556855,4.663638318099149,-0.2019546977993658
0.002557485,4.661281348759291,-0.2053393605330876
0.002558115000000001,4.660944638853598,-0.206016293079832
0.002558745,4.659261089325129,-0.2070316918999486
0.002559375,4.658924379419435,-0.2087240232668095
0.002560005000000001,4.656904119985272,-0.2110932871804148
0.002560635,4.653873730834027,-0.2127856185472757
0.002561265000000001,4.652863601116946,-0.2144779499141366
0.002561895,4.650843341682783,-0.2171856801011141
0.002562525,4.649159792154314,-0.2185395451946029
0.002563155000000001,4.645792693097375,-0.2192164777413472
0.002563785,4.644782563380294,-0.2219242079283247
0.002564415,4.6444458534746,-0.2222626742016968
0.002565045000000001,4.642425594040438,-0.2239550055685578
0.002565675,4.640742044511968,-0.2253088706620466
0.002566305,4.639395204889192,-0.2263242694821631
0.002566935,4.637038235549336,-0.2283550671223962
0.002567565,4.635354686020866,-0.2303858647626293
0.002568195000000001,4.632661006775316,-0.2320781961294902
0.002568825,4.63299771668101,-0.2324166624028624
0.002569455,4.631650877058235,-0.233432061222979
0.002570085000000001,4.629293907718377,-0.2361397914099564
0.002570715,4.628283778001296,-0.2364782576833286
0.002571345,4.628283778001296,-0.237155190230073
0.002571975,4.626600228472827,-0.2391859878703061
0.002572605,4.624916678944358,-0.2402013866904227
0.002573235000000001,4.624579969038664,-0.2402013866904227
0.002573865,4.622896419510195,-0.2412167855105392
0.002574495,4.620876160076032,-0.2429091168774001
0.002575125000000001,4.62154957988742,-0.2435860494241445
0.002575755,4.619192610547563,-0.2449399145176332
0.002576385,4.618519190736175,-0.2462937796111219
0.002577015000000001,4.618855900641869,-0.2459553133377498
0.002577645,4.616162221396318,-0.2476476447046107
0.002578275000000001,4.614141961962155,-0.2490015097980995
0.002578905,4.613805252056461,-0.250016908618216
0.002579535,4.611784992622298,-0.2527246388051935
0.002580165000000001,4.610438152999524,-0.2530631050785657
