#! /home/jfe/.icestudio/apio/packages/tools-oss-cad-suite/bin/vvp
:ivl_version "13.0 (devel)" "(s20221226-321-gd22bb3d25)";
:ivl_delay_selection "TYPICAL";
:vpi_time_precision - 12;
:vpi_module "/home/jfe/.icestudio/apio/packages/tools-oss-cad-suite/lib/ivl/system.vpi";
:vpi_module "/home/jfe/.icestudio/apio/packages/tools-oss-cad-suite/lib/ivl/vhdl_sys.vpi";
:vpi_module "/home/jfe/.icestudio/apio/packages/tools-oss-cad-suite/lib/ivl/vhdl_textio.vpi";
:vpi_module "/home/jfe/.icestudio/apio/packages/tools-oss-cad-suite/lib/ivl/v2005_math.vpi";
:vpi_module "/home/jfe/.icestudio/apio/packages/tools-oss-cad-suite/lib/ivl/va_math.vpi";
S_0x55557b3809b0 .scope module, "ICESTORM_LC" "ICESTORM_LC" 2 2136;
 .timescale -12 -12;
    .port_info 0 /INPUT 1 "I0";
    .port_info 1 /INPUT 1 "I1";
    .port_info 2 /INPUT 1 "I2";
    .port_info 3 /INPUT 1 "I3";
    .port_info 4 /INPUT 1 "CIN";
    .port_info 5 /INPUT 1 "CLK";
    .port_info 6 /INPUT 1 "CEN";
    .port_info 7 /INPUT 1 "SR";
    .port_info 8 /OUTPUT 1 "LO";
    .port_info 9 /OUTPUT 1 "O";
    .port_info 10 /OUTPUT 1 "COUT";
P_0x55557b5aacd0 .param/l "ASYNC_SR" 0 2 2148, C4<0>;
P_0x55557b5aad10 .param/l "CARRY_ENABLE" 0 2 2145, C4<0>;
P_0x55557b5aad50 .param/l "CIN_CONST" 0 2 2150, C4<0>;
P_0x55557b5aad90 .param/l "CIN_SET" 0 2 2151, C4<0>;
P_0x55557b5aadd0 .param/l "DFF_ENABLE" 0 2 2146, C4<0>;
P_0x55557b5aae10 .param/l "LUT_INIT" 0 2 2142, C4<0000000000000000>;
P_0x55557b5aae50 .param/l "NEG_CLK" 0 2 2144, C4<0>;
P_0x55557b5aae90 .param/l "SET_NORESET" 0 2 2147, C4<0>;
o0x7a68e79d9078 .functor BUFZ 1, C4<z>; HiZ drive
L_0x55557b6adac0 .functor BUFZ 1, o0x7a68e79d9078, C4<0>, C4<0>, C4<0>;
L_0x55557b6ad930 .functor BUFZ 1, L_0x55557b6ae660, C4<0>, C4<0>, C4<0>;
o0x7a68e79d90a8 .functor BUFZ 1, C4<z>; HiZ drive
L_0x7a68e79902a0 .functor BUFT 1, C4<0>, C4<0>, C4<0>, C4<0>;
L_0x55557b6ae900 .functor XOR 1, o0x7a68e79d90a8, L_0x7a68e79902a0, C4<0>, C4<0>;
L_0x55557b6ae9c0 .functor BUFZ 1, L_0x55557b6ae660, C4<0>, C4<0>, C4<0>;
o0x7a68e79d9018 .functor BUFZ 1, C4<z>; HiZ drive
v0x55557b587090_0 .net "CEN", 0 0, o0x7a68e79d9018;  0 drivers
v0x55557b551f10_0 .net "CEN_pu", 0 0, L_0x55557b6ad890;  1 drivers
v0x55557b550fc0_0 .net "CIN", 0 0, o0x7a68e79d9078;  0 drivers
v0x55557b550100_0 .net "CLK", 0 0, o0x7a68e79d90a8;  0 drivers
L_0x7a68e79901c8 .functor BUFT 1, C4<x>, C4<0>, C4<0>, C4<0>;
v0x55557b54f2d0_0 .net "COUT", 0 0, L_0x7a68e79901c8;  1 drivers
o0x7a68e79d9108 .functor BUFZ 1, C4<z>; HiZ drive
v0x55557b54e4a0_0 .net "I0", 0 0, o0x7a68e79d9108;  0 drivers
v0x55557b28b680_0 .net "I0_pd", 0 0, L_0x55557b6acad0;  1 drivers
o0x7a68e79d9168 .functor BUFZ 1, C4<z>; HiZ drive
v0x55557b373080_0 .net "I1", 0 0, o0x7a68e79d9168;  0 drivers
v0x55557b370c80_0 .net "I1_pd", 0 0, L_0x55557b6acd60;  1 drivers
o0x7a68e79d91c8 .functor BUFZ 1, C4<z>; HiZ drive
v0x55557b370b30_0 .net "I2", 0 0, o0x7a68e79d91c8;  0 drivers
v0x55557b3709e0_0 .net "I2_pd", 0 0, L_0x55557b6ad050;  1 drivers
o0x7a68e79d9228 .functor BUFZ 1, C4<z>; HiZ drive
v0x55557b370890_0 .net "I3", 0 0, o0x7a68e79d9228;  0 drivers
v0x55557b373470_0 .net "I3_pd", 0 0, L_0x55557b6ad2f0;  1 drivers
v0x55557b373320_0 .net "LO", 0 0, L_0x55557b6ad930;  1 drivers
v0x55557b3731d0_0 .net "O", 0 0, L_0x55557b6ae9c0;  1 drivers
o0x7a68e79d92e8 .functor BUFZ 1, C4<z>; HiZ drive
v0x55557b3335c0_0 .net "SR", 0 0, o0x7a68e79d92e8;  0 drivers
v0x55557b3565d0_0 .net "SR_pd", 0 0, L_0x55557b6ad620;  1 drivers
o0x7a68e79d9348 .functor BUFZ 1, C4<z>; HiZ drive
; Elide local net with no drivers, v0x55557b338e90_0 name=_ivl_0
v0x55557b2faab0_0 .net *"_ivl_10", 0 0, L_0x55557b6acc90;  1 drivers
L_0x7a68e7990060 .functor BUFT 1, C4<0>, C4<0>, C4<0>, C4<0>;
v0x55557b300790_0 .net/2u *"_ivl_12", 0 0, L_0x7a68e7990060;  1 drivers
o0x7a68e79d93d8 .functor BUFZ 1, C4<z>; HiZ drive
; Elide local net with no drivers, v0x55557b329270_0 name=_ivl_16
v0x55557b32eb40_0 .net *"_ivl_18", 0 0, L_0x55557b6acf50;  1 drivers
v0x55557b33dae0_0 .net *"_ivl_2", 0 0, L_0x55557b6aca00;  1 drivers
L_0x7a68e79900a8 .functor BUFT 1, C4<0>, C4<0>, C4<0>, C4<0>;
v0x55557b3433b0_0 .net/2u *"_ivl_20", 0 0, L_0x7a68e79900a8;  1 drivers
o0x7a68e79d9498 .functor BUFZ 1, C4<z>; HiZ drive
; Elide local net with no drivers, v0x55557b356720_0 name=_ivl_24
v0x55557b352f90_0 .net *"_ivl_26", 0 0, L_0x55557b6ad220;  1 drivers
L_0x7a68e79900f0 .functor BUFT 1, C4<0>, C4<0>, C4<0>, C4<0>;
v0x55557b352e40_0 .net/2u *"_ivl_28", 0 0, L_0x7a68e79900f0;  1 drivers
o0x7a68e79d9528 .functor BUFZ 1, C4<z>; HiZ drive
; Elide local net with no drivers, v0x55557b356930_0 name=_ivl_32
v0x55557b357330_0 .net *"_ivl_34", 0 0, L_0x55557b6ad500;  1 drivers
L_0x7a68e7990138 .functor BUFT 1, C4<0>, C4<0>, C4<0>, C4<0>;
v0x55557b356470_0 .net/2u *"_ivl_36", 0 0, L_0x7a68e7990138;  1 drivers
L_0x7a68e7990018 .functor BUFT 1, C4<0>, C4<0>, C4<0>, C4<0>;
v0x55557b356aa0_0 .net/2u *"_ivl_4", 0 0, L_0x7a68e7990018;  1 drivers
o0x7a68e79d95e8 .functor BUFZ 1, C4<z>; HiZ drive
; Elide local net with no drivers, v0x55557b3571c0_0 name=_ivl_40
v0x55557b353a30_0 .net *"_ivl_42", 0 0, L_0x55557b6ad7c0;  1 drivers
L_0x7a68e7990180 .functor BUFT 1, C4<1>, C4<0>, C4<0>, C4<0>;
v0x55557b35ae00_0 .net/2u *"_ivl_44", 0 0, L_0x7a68e7990180;  1 drivers
L_0x7a68e7990210 .functor BUFT 1, C4<00000000>, C4<0>, C4<0>, C4<0>;
v0x55557b35a360_0 .net/2u *"_ivl_52", 7 0, L_0x7a68e7990210;  1 drivers
L_0x7a68e7990258 .functor BUFT 1, C4<00000000>, C4<0>, C4<0>, C4<0>;
v0x55557b35a210_0 .net/2u *"_ivl_54", 7 0, L_0x7a68e7990258;  1 drivers
v0x55557b3531a0_0 .net *"_ivl_59", 3 0, L_0x55557b6adcd0;  1 drivers
v0x55557b353ba0_0 .net *"_ivl_61", 3 0, L_0x55557b6ade40;  1 drivers
v0x55557b352ce0_0 .net *"_ivl_65", 1 0, L_0x55557b6ae100;  1 drivers
v0x55557b353310_0 .net *"_ivl_67", 1 0, L_0x55557b6ae1f0;  1 drivers
v0x55557b35b0e0_0 .net *"_ivl_71", 0 0, L_0x55557b6ae4c0;  1 drivers
v0x55557b362c00_0 .net *"_ivl_73", 0 0, L_0x55557b6ae290;  1 drivers
v0x55557b362010_0 .net/2u *"_ivl_78", 0 0, L_0x7a68e79902a0;  1 drivers
o0x7a68e79d9828 .functor BUFZ 1, C4<z>; HiZ drive
; Elide local net with no drivers, v0x55557b361ec0_0 name=_ivl_8
v0x55557b35a570_0 .net "lut_o", 0 0, L_0x55557b6ae660;  1 drivers
v0x55557b35af70_0 .net "lut_s1", 1 0, L_0x55557b6ae330;  1 drivers
v0x55557b35a0b0_0 .net "lut_s2", 3 0, L_0x55557b6adee0;  1 drivers
v0x55557b35a6e0_0 .net "lut_s3", 7 0, L_0x55557b6adb60;  1 drivers
v0x55557b362ee0_0 .net "mux_cin", 0 0, L_0x55557b6adac0;  1 drivers
v0x55557b35e110_0 .var "o_reg", 0 0;
v0x55557b35dfc0_0 .var "o_reg_async", 0 0;
v0x55557b362220_0 .net "polarized_clk", 0 0, L_0x55557b6ae900;  1 drivers
E_0x55557b6528a0 .event posedge, v0x55557b3565d0_0, v0x55557b362220_0;
E_0x55557b651460 .event posedge, v0x55557b362220_0;
L_0x55557b6aca00 .cmp/eeq 1, o0x7a68e79d9108, o0x7a68e79d9348;
L_0x55557b6acad0 .functor MUXZ 1, o0x7a68e79d9108, L_0x7a68e7990018, L_0x55557b6aca00, C4<>;
L_0x55557b6acc90 .cmp/eeq 1, o0x7a68e79d9168, o0x7a68e79d9828;
L_0x55557b6acd60 .functor MUXZ 1, o0x7a68e79d9168, L_0x7a68e7990060, L_0x55557b6acc90, C4<>;
L_0x55557b6acf50 .cmp/eeq 1, o0x7a68e79d91c8, o0x7a68e79d93d8;
L_0x55557b6ad050 .functor MUXZ 1, o0x7a68e79d91c8, L_0x7a68e79900a8, L_0x55557b6acf50, C4<>;
L_0x55557b6ad220 .cmp/eeq 1, o0x7a68e79d9228, o0x7a68e79d9498;
L_0x55557b6ad2f0 .functor MUXZ 1, o0x7a68e79d9228, L_0x7a68e79900f0, L_0x55557b6ad220, C4<>;
L_0x55557b6ad500 .cmp/eeq 1, o0x7a68e79d92e8, o0x7a68e79d9528;
L_0x55557b6ad620 .functor MUXZ 1, o0x7a68e79d92e8, L_0x7a68e7990138, L_0x55557b6ad500, C4<>;
L_0x55557b6ad7c0 .cmp/eeq 1, o0x7a68e79d9018, o0x7a68e79d95e8;
L_0x55557b6ad890 .functor MUXZ 1, o0x7a68e79d9018, L_0x7a68e7990180, L_0x55557b6ad7c0, C4<>;
L_0x55557b6adb60 .functor MUXZ 8, L_0x7a68e7990258, L_0x7a68e7990210, L_0x55557b6ad2f0, C4<>;
L_0x55557b6adcd0 .part L_0x55557b6adb60, 4, 4;
L_0x55557b6ade40 .part L_0x55557b6adb60, 0, 4;
L_0x55557b6adee0 .functor MUXZ 4, L_0x55557b6ade40, L_0x55557b6adcd0, L_0x55557b6ad050, C4<>;
L_0x55557b6ae100 .part L_0x55557b6adee0, 2, 2;
L_0x55557b6ae1f0 .part L_0x55557b6adee0, 0, 2;
L_0x55557b6ae330 .functor MUXZ 2, L_0x55557b6ae1f0, L_0x55557b6ae100, L_0x55557b6acd60, C4<>;
L_0x55557b6ae4c0 .part L_0x55557b6ae330, 1, 1;
L_0x55557b6ae290 .part L_0x55557b6ae330, 0, 1;
L_0x55557b6ae660 .functor MUXZ 1, L_0x55557b6ae290, L_0x55557b6ae4c0, L_0x55557b6acad0, C4<>;
S_0x55557b5e6460 .scope module, "ICESTORM_RAM" "ICESTORM_RAM" 2 3167;
 .timescale -12 -12;
    .port_info 0 /OUTPUT 1 "RDATA_15";
    .port_info 1 /OUTPUT 1 "RDATA_14";
    .port_info 2 /OUTPUT 1 "RDATA_13";
    .port_info 3 /OUTPUT 1 "RDATA_12";
    .port_info 4 /OUTPUT 1 "RDATA_11";
    .port_info 5 /OUTPUT 1 "RDATA_10";
    .port_info 6 /OUTPUT 1 "RDATA_9";
    .port_info 7 /OUTPUT 1 "RDATA_8";
    .port_info 8 /OUTPUT 1 "RDATA_7";
    .port_info 9 /OUTPUT 1 "RDATA_6";
    .port_info 10 /OUTPUT 1 "RDATA_5";
    .port_info 11 /OUTPUT 1 "RDATA_4";
    .port_info 12 /OUTPUT 1 "RDATA_3";
    .port_info 13 /OUTPUT 1 "RDATA_2";
    .port_info 14 /OUTPUT 1 "RDATA_1";
    .port_info 15 /OUTPUT 1 "RDATA_0";
    .port_info 16 /INPUT 1 "RCLK";
    .port_info 17 /INPUT 1 "RCLKE";
    .port_info 18 /INPUT 1 "RE";
    .port_info 19 /INPUT 1 "RADDR_10";
    .port_info 20 /INPUT 1 "RADDR_9";
    .port_info 21 /INPUT 1 "RADDR_8";
    .port_info 22 /INPUT 1 "RADDR_7";
    .port_info 23 /INPUT 1 "RADDR_6";
    .port_info 24 /INPUT 1 "RADDR_5";
    .port_info 25 /INPUT 1 "RADDR_4";
    .port_info 26 /INPUT 1 "RADDR_3";
    .port_info 27 /INPUT 1 "RADDR_2";
    .port_info 28 /INPUT 1 "RADDR_1";
    .port_info 29 /INPUT 1 "RADDR_0";
    .port_info 30 /INPUT 1 "WCLK";
    .port_info 31 /INPUT 1 "WCLKE";
    .port_info 32 /INPUT 1 "WE";
    .port_info 33 /INPUT 1 "WADDR_10";
    .port_info 34 /INPUT 1 "WADDR_9";
    .port_info 35 /INPUT 1 "WADDR_8";
    .port_info 36 /INPUT 1 "WADDR_7";
    .port_info 37 /INPUT 1 "WADDR_6";
    .port_info 38 /INPUT 1 "WADDR_5";
    .port_info 39 /INPUT 1 "WADDR_4";
    .port_info 40 /INPUT 1 "WADDR_3";
    .port_info 41 /INPUT 1 "WADDR_2";
    .port_info 42 /INPUT 1 "WADDR_1";
    .port_info 43 /INPUT 1 "WADDR_0";
    .port_info 44 /INPUT 1 "MASK_15";
    .port_info 45 /INPUT 1 "MASK_14";
    .port_info 46 /INPUT 1 "MASK_13";
    .port_info 47 /INPUT 1 "MASK_12";
    .port_info 48 /INPUT 1 "MASK_11";
    .port_info 49 /INPUT 1 "MASK_10";
    .port_info 50 /INPUT 1 "MASK_9";
    .port_info 51 /INPUT 1 "MASK_8";
    .port_info 52 /INPUT 1 "MASK_7";
    .port_info 53 /INPUT 1 "MASK_6";
    .port_info 54 /INPUT 1 "MASK_5";
    .port_info 55 /INPUT 1 "MASK_4";
    .port_info 56 /INPUT 1 "MASK_3";
    .port_info 57 /INPUT 1 "MASK_2";
    .port_info 58 /INPUT 1 "MASK_1";
    .port_info 59 /INPUT 1 "MASK_0";
    .port_info 60 /INPUT 1 "WDATA_15";
    .port_info 61 /INPUT 1 "WDATA_14";
    .port_info 62 /INPUT 1 "WDATA_13";
    .port_info 63 /INPUT 1 "WDATA_12";
    .port_info 64 /INPUT 1 "WDATA_11";
    .port_info 65 /INPUT 1 "WDATA_10";
    .port_info 66 /INPUT 1 "WDATA_9";
    .port_info 67 /INPUT 1 "WDATA_8";
    .port_info 68 /INPUT 1 "WDATA_7";
    .port_info 69 /INPUT 1 "WDATA_6";
    .port_info 70 /INPUT 1 "WDATA_5";
    .port_info 71 /INPUT 1 "WDATA_4";
    .port_info 72 /INPUT 1 "WDATA_3";
    .port_info 73 /INPUT 1 "WDATA_2";
    .port_info 74 /INPUT 1 "WDATA_1";
    .port_info 75 /INPUT 1 "WDATA_0";
P_0x55557b2d6220 .param/l "INIT_0" 0 2 3182, C4<0000000000000000000000000000000000000000000000000000000000000000000000000000000000000000000000000000000000000000000000000000000000000000000000000000000000000000000000000000000000000000000000000000000000000000000000000000000000000000000000000000000000000000>;
P_0x55557b2d6260 .param/l "INIT_1" 0 2 3183, C4<0000000000000000000000000000000000000000000000000000000000000000000000000000000000000000000000000000000000000000000000000000000000000000000000000000000000000000000000000000000000000000000000000000000000000000000000000000000000000000000000000000000000000000>;
P_0x55557b2d62a0 .param/l "INIT_2" 0 2 3184, C4<0000000000000000000000000000000000000000000000000000000000000000000000000000000000000000000000000000000000000000000000000000000000000000000000000000000000000000000000000000000000000000000000000000000000000000000000000000000000000000000000000000000000000000>;
P_0x55557b2d62e0 .param/l "INIT_3" 0 2 3185, C4<0000000000000000000000000000000000000000000000000000000000000000000000000000000000000000000000000000000000000000000000000000000000000000000000000000000000000000000000000000000000000000000000000000000000000000000000000000000000000000000000000000000000000000>;
P_0x55557b2d6320 .param/l "INIT_4" 0 2 3186, C4<0000000000000000000000000000000000000000000000000000000000000000000000000000000000000000000000000000000000000000000000000000000000000000000000000000000000000000000000000000000000000000000000000000000000000000000000000000000000000000000000000000000000000000>;
P_0x55557b2d6360 .param/l "INIT_5" 0 2 3187, C4<0000000000000000000000000000000000000000000000000000000000000000000000000000000000000000000000000000000000000000000000000000000000000000000000000000000000000000000000000000000000000000000000000000000000000000000000000000000000000000000000000000000000000000>;
P_0x55557b2d63a0 .param/l "INIT_6" 0 2 3188, C4<0000000000000000000000000000000000000000000000000000000000000000000000000000000000000000000000000000000000000000000000000000000000000000000000000000000000000000000000000000000000000000000000000000000000000000000000000000000000000000000000000000000000000000>;
P_0x55557b2d63e0 .param/l "INIT_7" 0 2 3189, C4<0000000000000000000000000000000000000000000000000000000000000000000000000000000000000000000000000000000000000000000000000000000000000000000000000000000000000000000000000000000000000000000000000000000000000000000000000000000000000000000000000000000000000000>;
P_0x55557b2d6420 .param/l "INIT_8" 0 2 3190, C4<0000000000000000000000000000000000000000000000000000000000000000000000000000000000000000000000000000000000000000000000000000000000000000000000000000000000000000000000000000000000000000000000000000000000000000000000000000000000000000000000000000000000000000>;
P_0x55557b2d6460 .param/l "INIT_9" 0 2 3191, C4<0000000000000000000000000000000000000000000000000000000000000000000000000000000000000000000000000000000000000000000000000000000000000000000000000000000000000000000000000000000000000000000000000000000000000000000000000000000000000000000000000000000000000000>;
P_0x55557b2d64a0 .param/l "INIT_A" 0 2 3192, C4<0000000000000000000000000000000000000000000000000000000000000000000000000000000000000000000000000000000000000000000000000000000000000000000000000000000000000000000000000000000000000000000000000000000000000000000000000000000000000000000000000000000000000000>;
P_0x55557b2d64e0 .param/l "INIT_B" 0 2 3193, C4<0000000000000000000000000000000000000000000000000000000000000000000000000000000000000000000000000000000000000000000000000000000000000000000000000000000000000000000000000000000000000000000000000000000000000000000000000000000000000000000000000000000000000000>;
P_0x55557b2d6520 .param/l "INIT_C" 0 2 3194, C4<0000000000000000000000000000000000000000000000000000000000000000000000000000000000000000000000000000000000000000000000000000000000000000000000000000000000000000000000000000000000000000000000000000000000000000000000000000000000000000000000000000000000000000>;
P_0x55557b2d6560 .param/l "INIT_D" 0 2 3195, C4<0000000000000000000000000000000000000000000000000000000000000000000000000000000000000000000000000000000000000000000000000000000000000000000000000000000000000000000000000000000000000000000000000000000000000000000000000000000000000000000000000000000000000000>;
P_0x55557b2d65a0 .param/l "INIT_E" 0 2 3196, C4<0000000000000000000000000000000000000000000000000000000000000000000000000000000000000000000000000000000000000000000000000000000000000000000000000000000000000000000000000000000000000000000000000000000000000000000000000000000000000000000000000000000000000000>;
P_0x55557b2d65e0 .param/l "INIT_F" 0 2 3197, C4<0000000000000000000000000000000000000000000000000000000000000000000000000000000000000000000000000000000000000000000000000000000000000000000000000000000000000000000000000000000000000000000000000000000000000000000000000000000000000000000000000000000000000000>;
P_0x55557b2d6620 .param/l "NEG_CLK_R" 0 2 3179, C4<0>;
P_0x55557b2d6660 .param/l "NEG_CLK_W" 0 2 3180, C4<0>;
P_0x55557b2d66a0 .param/l "READ_MODE" 0 2 3177, +C4<00000000000000000000000000000000>;
P_0x55557b2d66e0 .param/l "WRITE_MODE" 0 2 3176, +C4<00000000000000000000000000000000>;
L_0x7a68e7990330 .functor BUFT 1, C4<0>, C4<0>, C4<0>, C4<0>;
L_0x55557b6bf5f0 .functor XOR 1, L_0x55557b6bfab0, L_0x7a68e7990330, C4<0>, C4<0>;
L_0x7a68e7990378 .functor BUFT 1, C4<0>, C4<0>, C4<0>, C4<0>;
L_0x55557b6c1120 .functor XOR 1, L_0x55557b6c0f70, L_0x7a68e7990378, C4<0>, C4<0>;
o0x7a68e79da1b8 .functor BUFZ 1, C4<z>; HiZ drive
v0x55557b36e240_0 .net "MASK_0", 0 0, o0x7a68e79da1b8;  0 drivers
o0x7a68e79da1e8 .functor BUFZ 1, C4<z>; HiZ drive
v0x55557b3792e0_0 .net "MASK_1", 0 0, o0x7a68e79da1e8;  0 drivers
o0x7a68e79da218 .functor BUFZ 1, C4<z>; HiZ drive
v0x55557b2e8570_0 .net "MASK_10", 0 0, o0x7a68e79da218;  0 drivers
o0x7a68e79da248 .functor BUFZ 1, C4<z>; HiZ drive
v0x55557b363d30_0 .net "MASK_11", 0 0, o0x7a68e79da248;  0 drivers
o0x7a68e79da278 .functor BUFZ 1, C4<z>; HiZ drive
v0x55557b3ce520_0 .net "MASK_12", 0 0, o0x7a68e79da278;  0 drivers
o0x7a68e79da2a8 .functor BUFZ 1, C4<z>; HiZ drive
v0x55557b3ce860_0 .net "MASK_13", 0 0, o0x7a68e79da2a8;  0 drivers
o0x7a68e79da2d8 .functor BUFZ 1, C4<z>; HiZ drive
v0x55557b2d80e0_0 .net "MASK_14", 0 0, o0x7a68e79da2d8;  0 drivers
o0x7a68e79da308 .functor BUFZ 1, C4<z>; HiZ drive
v0x55557b2e3420_0 .net "MASK_15", 0 0, o0x7a68e79da308;  0 drivers
o0x7a68e79da338 .functor BUFZ 1, C4<z>; HiZ drive
v0x55557b2e6fc0_0 .net "MASK_2", 0 0, o0x7a68e79da338;  0 drivers
o0x7a68e79da368 .functor BUFZ 1, C4<z>; HiZ drive
v0x55557b2e50d0_0 .net "MASK_3", 0 0, o0x7a68e79da368;  0 drivers
o0x7a68e79da398 .functor BUFZ 1, C4<z>; HiZ drive
v0x55557b35f150_0 .net "MASK_4", 0 0, o0x7a68e79da398;  0 drivers
o0x7a68e79da3c8 .functor BUFZ 1, C4<z>; HiZ drive
v0x55557b2d23a0_0 .net "MASK_5", 0 0, o0x7a68e79da3c8;  0 drivers
o0x7a68e79da3f8 .functor BUFZ 1, C4<z>; HiZ drive
v0x55557b385220_0 .net "MASK_6", 0 0, o0x7a68e79da3f8;  0 drivers
o0x7a68e79da428 .functor BUFZ 1, C4<z>; HiZ drive
v0x55557b326c00_0 .net "MASK_7", 0 0, o0x7a68e79da428;  0 drivers
o0x7a68e79da458 .functor BUFZ 1, C4<z>; HiZ drive
v0x55557b58a340_0 .net "MASK_8", 0 0, o0x7a68e79da458;  0 drivers
o0x7a68e79da488 .functor BUFZ 1, C4<z>; HiZ drive
v0x55557b5855f0_0 .net "MASK_9", 0 0, o0x7a68e79da488;  0 drivers
o0x7a68e79da4b8 .functor BUFZ 1, C4<z>; HiZ drive
v0x55557b5860d0_0 .net "RADDR_0", 0 0, o0x7a68e79da4b8;  0 drivers
o0x7a68e79da4e8 .functor BUFZ 1, C4<z>; HiZ drive
v0x55557b380ba0_0 .net "RADDR_1", 0 0, o0x7a68e79da4e8;  0 drivers
o0x7a68e79da518 .functor BUFZ 1, C4<z>; HiZ drive
v0x55557b5864c0_0 .net "RADDR_10", 0 0, o0x7a68e79da518;  0 drivers
o0x7a68e79da548 .functor BUFZ 1, C4<z>; HiZ drive
v0x55557b43dec0_0 .net "RADDR_2", 0 0, o0x7a68e79da548;  0 drivers
o0x7a68e79da578 .functor BUFZ 1, C4<z>; HiZ drive
v0x55557b2de0d0_0 .net "RADDR_3", 0 0, o0x7a68e79da578;  0 drivers
o0x7a68e79da5a8 .functor BUFZ 1, C4<z>; HiZ drive
v0x55557b2daf10_0 .net "RADDR_4", 0 0, o0x7a68e79da5a8;  0 drivers
o0x7a68e79da5d8 .functor BUFZ 1, C4<z>; HiZ drive
v0x55557b2df940_0 .net "RADDR_5", 0 0, o0x7a68e79da5d8;  0 drivers
o0x7a68e79da608 .functor BUFZ 1, C4<z>; HiZ drive
v0x55557b2dc780_0 .net "RADDR_6", 0 0, o0x7a68e79da608;  0 drivers
o0x7a68e79da638 .functor BUFZ 1, C4<z>; HiZ drive
v0x55557b2ee5f0_0 .net "RADDR_7", 0 0, o0x7a68e79da638;  0 drivers
o0x7a68e79da668 .functor BUFZ 1, C4<z>; HiZ drive
v0x55557b2eb430_0 .net "RADDR_8", 0 0, o0x7a68e79da668;  0 drivers
o0x7a68e79da698 .functor BUFZ 1, C4<z>; HiZ drive
v0x55557b2efe60_0 .net "RADDR_9", 0 0, o0x7a68e79da698;  0 drivers
o0x7a68e79da6c8 .functor BUFZ 1, C4<z>; HiZ drive
v0x55557b2ecca0_0 .net "RCLK", 0 0, o0x7a68e79da6c8;  0 drivers
o0x7a68e79da6f8 .functor BUFZ 1, C4<z>; HiZ drive
v0x55557b685af0_0 .net "RCLKE", 0 0, o0x7a68e79da6f8;  0 drivers
v0x55557b685bb0_0 .net "RDATA_0", 0 0, L_0x55557b6bf950;  1 drivers
v0x55557b685790_0 .net "RDATA_1", 0 0, L_0x55557b6bf880;  1 drivers
v0x55557b685850_0 .net "RDATA_10", 0 0, L_0x55557b6bef80;  1 drivers
v0x55557b675bf0_0 .net "RDATA_11", 0 0, L_0x55557b6beeb0;  1 drivers
v0x55557b330ed0_0 .net "RDATA_12", 0 0, L_0x55557b6bedb0;  1 drivers
v0x55557b330f90_0 .net "RDATA_13", 0 0, L_0x55557b6bece0;  1 drivers
v0x55557b331050_0 .net "RDATA_14", 0 0, L_0x55557b6bec40;  1 drivers
v0x55557b675c90_0 .net "RDATA_15", 0 0, L_0x55557b6beb50;  1 drivers
v0x55557b675890_0 .net "RDATA_2", 0 0, L_0x55557b6bf730;  1 drivers
v0x55557b675950_0 .net "RDATA_3", 0 0, L_0x55557b6bf660;  1 drivers
v0x55557b662bd0_0 .net "RDATA_4", 0 0, L_0x55557b6bf520;  1 drivers
v0x55557b662c90_0 .net "RDATA_5", 0 0, L_0x55557b6bf450;  1 drivers
v0x55557b662870_0 .net "RDATA_6", 0 0, L_0x55557b6bf320;  1 drivers
v0x55557b662910_0 .net "RDATA_7", 0 0, L_0x55557b6bf250;  1 drivers
v0x55557b677bd0_0 .net "RDATA_8", 0 0, L_0x55557b6bf130;  1 drivers
v0x55557b677c90_0 .net "RDATA_9", 0 0, L_0x55557b6bf090;  1 drivers
o0x7a68e79daa28 .functor BUFZ 1, C4<z>; HiZ drive
v0x55557b677870_0 .net "RE", 0 0, o0x7a68e79daa28;  0 drivers
o0x7a68e79daa58 .functor BUFZ 1, C4<z>; HiZ drive
v0x55557b677930_0 .net "WADDR_0", 0 0, o0x7a68e79daa58;  0 drivers
o0x7a68e79daa88 .functor BUFZ 1, C4<z>; HiZ drive
v0x55557b687ad0_0 .net "WADDR_1", 0 0, o0x7a68e79daa88;  0 drivers
o0x7a68e79daab8 .functor BUFZ 1, C4<z>; HiZ drive
v0x55557b687b70_0 .net "WADDR_10", 0 0, o0x7a68e79daab8;  0 drivers
o0x7a68e79daae8 .functor BUFZ 1, C4<z>; HiZ drive
v0x55557b687770_0 .net "WADDR_2", 0 0, o0x7a68e79daae8;  0 drivers
o0x7a68e79dab18 .functor BUFZ 1, C4<z>; HiZ drive
v0x55557b687830_0 .net "WADDR_3", 0 0, o0x7a68e79dab18;  0 drivers
o0x7a68e79dab48 .functor BUFZ 1, C4<z>; HiZ drive
v0x55557b667f10_0 .net "WADDR_4", 0 0, o0x7a68e79dab48;  0 drivers
o0x7a68e79dab78 .functor BUFZ 1, C4<z>; HiZ drive
v0x55557b667fd0_0 .net "WADDR_5", 0 0, o0x7a68e79dab78;  0 drivers
o0x7a68e79daba8 .functor BUFZ 1, C4<z>; HiZ drive
v0x55557b667bb0_0 .net "WADDR_6", 0 0, o0x7a68e79daba8;  0 drivers
o0x7a68e79dabd8 .functor BUFZ 1, C4<z>; HiZ drive
v0x55557b667c70_0 .net "WADDR_7", 0 0, o0x7a68e79dabd8;  0 drivers
o0x7a68e79dac08 .functor BUFZ 1, C4<z>; HiZ drive
v0x55557b6959c0_0 .net "WADDR_8", 0 0, o0x7a68e79dac08;  0 drivers
o0x7a68e79dac38 .functor BUFZ 1, C4<z>; HiZ drive
v0x55557b695a60_0 .net "WADDR_9", 0 0, o0x7a68e79dac38;  0 drivers
o0x7a68e79dac68 .functor BUFZ 1, C4<z>; HiZ drive
v0x55557b695660_0 .net "WCLK", 0 0, o0x7a68e79dac68;  0 drivers
o0x7a68e79dac98 .functor BUFZ 1, C4<z>; HiZ drive
v0x55557b695720_0 .net "WCLKE", 0 0, o0x7a68e79dac98;  0 drivers
o0x7a68e79dacc8 .functor BUFZ 1, C4<z>; HiZ drive
v0x55557b66dd00_0 .net "WDATA_0", 0 0, o0x7a68e79dacc8;  0 drivers
o0x7a68e79dacf8 .functor BUFZ 1, C4<z>; HiZ drive
v0x55557b66ddc0_0 .net "WDATA_1", 0 0, o0x7a68e79dacf8;  0 drivers
o0x7a68e79dad28 .functor BUFZ 1, C4<z>; HiZ drive
v0x55557b66d9a0_0 .net "WDATA_10", 0 0, o0x7a68e79dad28;  0 drivers
o0x7a68e79dad58 .functor BUFZ 1, C4<z>; HiZ drive
v0x55557b66da60_0 .net "WDATA_11", 0 0, o0x7a68e79dad58;  0 drivers
o0x7a68e79dad88 .functor BUFZ 1, C4<z>; HiZ drive
v0x55557b664880_0 .net "WDATA_12", 0 0, o0x7a68e79dad88;  0 drivers
o0x7a68e79dadb8 .functor BUFZ 1, C4<z>; HiZ drive
v0x55557b664920_0 .net "WDATA_13", 0 0, o0x7a68e79dadb8;  0 drivers
o0x7a68e79dade8 .functor BUFZ 1, C4<z>; HiZ drive
v0x55557b65cc00_0 .net "WDATA_14", 0 0, o0x7a68e79dade8;  0 drivers
o0x7a68e79dae18 .functor BUFZ 1, C4<z>; HiZ drive
v0x55557b65ccc0_0 .net "WDATA_15", 0 0, o0x7a68e79dae18;  0 drivers
o0x7a68e79dae48 .functor BUFZ 1, C4<z>; HiZ drive
v0x55557b65c8a0_0 .net "WDATA_2", 0 0, o0x7a68e79dae48;  0 drivers
o0x7a68e79dae78 .functor BUFZ 1, C4<z>; HiZ drive
v0x55557b65c960_0 .net "WDATA_3", 0 0, o0x7a68e79dae78;  0 drivers
o0x7a68e79daea8 .functor BUFZ 1, C4<z>; HiZ drive
v0x55557b68fa50_0 .net "WDATA_4", 0 0, o0x7a68e79daea8;  0 drivers
o0x7a68e79daed8 .functor BUFZ 1, C4<z>; HiZ drive
v0x55557b68fb10_0 .net "WDATA_5", 0 0, o0x7a68e79daed8;  0 drivers
o0x7a68e79daf08 .functor BUFZ 1, C4<z>; HiZ drive
v0x55557b68f6f0_0 .net "WDATA_6", 0 0, o0x7a68e79daf08;  0 drivers
o0x7a68e79daf38 .functor BUFZ 1, C4<z>; HiZ drive
v0x55557b68f790_0 .net "WDATA_7", 0 0, o0x7a68e79daf38;  0 drivers
o0x7a68e79daf68 .functor BUFZ 1, C4<z>; HiZ drive
v0x55557b6985f0_0 .net "WDATA_8", 0 0, o0x7a68e79daf68;  0 drivers
o0x7a68e79daf98 .functor BUFZ 1, C4<z>; HiZ drive
v0x55557b6986b0_0 .net "WDATA_9", 0 0, o0x7a68e79daf98;  0 drivers
o0x7a68e79dafc8 .functor BUFZ 1, C4<z>; HiZ drive
v0x55557b65ac20_0 .net "WE", 0 0, o0x7a68e79dafc8;  0 drivers
v0x55557b65ace0_0 .net *"_ivl_100", 0 0, L_0x55557b6c3500;  1 drivers
v0x55557b65a8c0_0 .net *"_ivl_102", 0 0, L_0x55557b6c3250;  1 drivers
v0x55557b65a980_0 .net *"_ivl_104", 0 0, L_0x55557b6c3320;  1 drivers
v0x55557b683b10_0 .net *"_ivl_106", 0 0, L_0x55557b6c3990;  1 drivers
v0x55557b6837b0_0 .net *"_ivl_108", 0 0, L_0x55557b6c3a90;  1 drivers
v0x55557b5c3000_0 .net *"_ivl_110", 0 0, L_0x55557b6c3d70;  1 drivers
v0x55557b57cb90_0 .net *"_ivl_112", 0 0, L_0x55557b6c3e70;  1 drivers
v0x55557b557320_0 .net *"_ivl_114", 0 0, L_0x55557b6c4160;  1 drivers
v0x55557b28a0f0_0 .net *"_ivl_116", 0 0, L_0x55557b6c4260;  1 drivers
v0x55557b665be0_0 .net *"_ivl_120", 0 0, L_0x55557b6c4b50;  1 drivers
v0x55557b665cc0_0 .net *"_ivl_122", 0 0, L_0x55557b6c4e00;  1 drivers
v0x55557b5d4e00_0 .net *"_ivl_124", 0 0, L_0x55557b6c4ea0;  1 drivers
v0x55557b5d4ee0_0 .net *"_ivl_126", 0 0, L_0x55557b6c5160;  1 drivers
v0x55557b5942b0_0 .net *"_ivl_128", 0 0, L_0x55557b6c5200;  1 drivers
v0x55557b594390_0 .net *"_ivl_130", 0 0, L_0x55557b6c54d0;  1 drivers
v0x55557b593ef0_0 .net *"_ivl_132", 0 0, L_0x55557b6c5570;  1 drivers
v0x55557b593fd0_0 .net *"_ivl_134", 0 0, L_0x55557b6c5850;  1 drivers
v0x55557b59b3d0_0 .net *"_ivl_136", 0 0, L_0x55557b6c58f0;  1 drivers
v0x55557b59b4b0_0 .net *"_ivl_138", 0 0, L_0x55557b6c5c40;  1 drivers
v0x55557b59b040_0 .net *"_ivl_140", 0 0, L_0x55557b6c5d40;  1 drivers
v0x55557b59b120_0 .net *"_ivl_142", 0 0, L_0x55557b6c60a0;  1 drivers
v0x55557b59acb0_0 .net *"_ivl_144", 0 0, L_0x55557b6c61a0;  1 drivers
v0x55557b59ad90_0 .net *"_ivl_146", 0 0, L_0x55557b6c6510;  1 drivers
v0x55557b59a920_0 .net *"_ivl_148", 0 0, L_0x55557b6c6610;  1 drivers
v0x55557b59aa00_0 .net *"_ivl_150", 0 0, L_0x55557b6c6990;  1 drivers
v0x55557b593b30_0 .net *"_ivl_18", 0 0, L_0x55557b6bfab0;  1 drivers
v0x55557b593c10_0 .net/2u *"_ivl_19", 0 0, L_0x7a68e7990330;  1 drivers
v0x55557b5a7950_0 .net *"_ivl_28", 0 0, L_0x55557b6bfdf0;  1 drivers
v0x55557b5a7a30_0 .net *"_ivl_30", 0 0, L_0x55557b6bfc50;  1 drivers
v0x55557b5a1990_0 .net *"_ivl_32", 0 0, L_0x55557b6bffd0;  1 drivers
v0x55557b5a1a70_0 .net *"_ivl_34", 0 0, L_0x55557b6c0130;  1 drivers
v0x55557b5a15d0_0 .net *"_ivl_36", 0 0, L_0x55557b6c01d0;  1 drivers
v0x55557b5a16b0_0 .net *"_ivl_38", 0 0, L_0x55557b6c0340;  1 drivers
v0x55557b594670_0 .net *"_ivl_40", 0 0, L_0x55557b6c03e0;  1 drivers
v0x55557b594750_0 .net *"_ivl_42", 0 0, L_0x55557b6c0590;  1 drivers
v0x55557b648100_0 .net *"_ivl_44", 0 0, L_0x55557b6c0660;  1 drivers
v0x55557b6481e0_0 .net *"_ivl_46", 0 0, L_0x55557b6c0820;  1 drivers
v0x55557b647da0_0 .net *"_ivl_48", 0 0, L_0x55557b6c08f0;  1 drivers
v0x55557b647e80_0 .net *"_ivl_52", 0 0, L_0x55557b6c0f70;  1 drivers
v0x55557b5f3020_0 .net/2u *"_ivl_53", 0 0, L_0x7a68e7990378;  1 drivers
v0x55557b5f3100_0 .net *"_ivl_62", 0 0, L_0x55557b6c1490;  1 drivers
v0x55557b647a40_0 .net *"_ivl_64", 0 0, L_0x55557b6c1530;  1 drivers
v0x55557b647b00_0 .net *"_ivl_66", 0 0, L_0x55557b6c1700;  1 drivers
v0x55557b6476b0_0 .net *"_ivl_68", 0 0, L_0x55557b6c17d0;  1 drivers
v0x55557b647790_0 .net *"_ivl_70", 0 0, L_0x55557b6c1a10;  1 drivers
v0x55557b647350_0 .net *"_ivl_72", 0 0, L_0x55557b6c1b10;  1 drivers
v0x55557b647430_0 .net *"_ivl_74", 0 0, L_0x55557b6c1d60;  1 drivers
v0x55557b646ff0_0 .net *"_ivl_76", 0 0, L_0x55557b6c1e60;  1 drivers
v0x55557b6470d0_0 .net *"_ivl_78", 0 0, L_0x55557b6c20c0;  1 drivers
v0x55557b646c90_0 .net *"_ivl_80", 0 0, L_0x55557b6c21c0;  1 drivers
v0x55557b646d50_0 .net *"_ivl_82", 0 0, L_0x55557b6c2430;  1 drivers
v0x55557b646930_0 .net *"_ivl_86", 0 0, L_0x55557b6c2b60;  1 drivers
v0x55557b646a10_0 .net *"_ivl_88", 0 0, L_0x55557b6c2c00;  1 drivers
v0x55557b6465d0_0 .net *"_ivl_90", 0 0, L_0x55557b6c2e30;  1 drivers
v0x55557b6466b0_0 .net *"_ivl_92", 0 0, L_0x55557b6c2ed0;  1 drivers
v0x55557b646270_0 .net *"_ivl_94", 0 0, L_0x55557b6c3110;  1 drivers
v0x55557b646350_0 .net *"_ivl_96", 0 0, L_0x55557b6c31b0;  1 drivers
v0x55557b645f10_0 .net *"_ivl_98", 0 0, L_0x55557b6c3400;  1 drivers
L_0x55557b6beb50 .part v0x55557b362390_0, 15, 1;
L_0x55557b6bec40 .part v0x55557b362390_0, 14, 1;
L_0x55557b6bece0 .part v0x55557b362390_0, 13, 1;
L_0x55557b6bedb0 .part v0x55557b362390_0, 12, 1;
L_0x55557b6beeb0 .part v0x55557b362390_0, 11, 1;
L_0x55557b6bef80 .part v0x55557b362390_0, 10, 1;
L_0x55557b6bf090 .part v0x55557b362390_0, 9, 1;
L_0x55557b6bf130 .part v0x55557b362390_0, 8, 1;
L_0x55557b6bf250 .part v0x55557b362390_0, 7, 1;
L_0x55557b6bf320 .part v0x55557b362390_0, 6, 1;
L_0x55557b6bf450 .part v0x55557b362390_0, 5, 1;
L_0x55557b6bf520 .part v0x55557b362390_0, 4, 1;
L_0x55557b6bf660 .part v0x55557b362390_0, 3, 1;
L_0x55557b6bf730 .part v0x55557b362390_0, 2, 1;
L_0x55557b6bf880 .part v0x55557b362390_0, 1, 1;
L_0x55557b6bf950 .part v0x55557b362390_0, 0, 1;
L_0x55557b6bfab0 .ufunc/vec4 TD_ICESTORM_RAM.pd, 1, o0x7a68e79da6c8 (v0x55557b2f1a00_0) S_0x55557b6487c0;
L_0x55557b6bfbb0 .ufunc/vec4 TD_ICESTORM_RAM.pu, 1, o0x7a68e79da6f8 (v0x55557b36e0f0_0) S_0x55557b648460;
L_0x55557b6bfcf0 .ufunc/vec4 TD_ICESTORM_RAM.pd, 1, o0x7a68e79daa28 (v0x55557b2f1a00_0) S_0x55557b6487c0;
L_0x55557b6bfdf0 .ufunc/vec4 TD_ICESTORM_RAM.pd, 1, o0x7a68e79da518 (v0x55557b2f1a00_0) S_0x55557b6487c0;
L_0x55557b6bfc50 .ufunc/vec4 TD_ICESTORM_RAM.pd, 1, o0x7a68e79da698 (v0x55557b2f1a00_0) S_0x55557b6487c0;
L_0x55557b6bffd0 .ufunc/vec4 TD_ICESTORM_RAM.pd, 1, o0x7a68e79da668 (v0x55557b2f1a00_0) S_0x55557b6487c0;
L_0x55557b6c0130 .ufunc/vec4 TD_ICESTORM_RAM.pd, 1, o0x7a68e79da638 (v0x55557b2f1a00_0) S_0x55557b6487c0;
L_0x55557b6c01d0 .ufunc/vec4 TD_ICESTORM_RAM.pd, 1, o0x7a68e79da608 (v0x55557b2f1a00_0) S_0x55557b6487c0;
L_0x55557b6c0340 .ufunc/vec4 TD_ICESTORM_RAM.pd, 1, o0x7a68e79da5d8 (v0x55557b2f1a00_0) S_0x55557b6487c0;
L_0x55557b6c03e0 .ufunc/vec4 TD_ICESTORM_RAM.pd, 1, o0x7a68e79da5a8 (v0x55557b2f1a00_0) S_0x55557b6487c0;
L_0x55557b6c0590 .ufunc/vec4 TD_ICESTORM_RAM.pd, 1, o0x7a68e79da578 (v0x55557b2f1a00_0) S_0x55557b6487c0;
L_0x55557b6c0660 .ufunc/vec4 TD_ICESTORM_RAM.pd, 1, o0x7a68e79da548 (v0x55557b2f1a00_0) S_0x55557b6487c0;
L_0x55557b6c0820 .ufunc/vec4 TD_ICESTORM_RAM.pd, 1, o0x7a68e79da4e8 (v0x55557b2f1a00_0) S_0x55557b6487c0;
L_0x55557b6c08f0 .ufunc/vec4 TD_ICESTORM_RAM.pd, 1, o0x7a68e79da4b8 (v0x55557b2f1a00_0) S_0x55557b6487c0;
LS_0x55557b6c0ac0_0_0 .concat [ 1 1 1 1], L_0x55557b6c08f0, L_0x55557b6c0820, L_0x55557b6c0660, L_0x55557b6c0590;
LS_0x55557b6c0ac0_0_4 .concat [ 1 1 1 1], L_0x55557b6c03e0, L_0x55557b6c0340, L_0x55557b6c01d0, L_0x55557b6c0130;
LS_0x55557b6c0ac0_0_8 .concat [ 1 1 1 0], L_0x55557b6bffd0, L_0x55557b6bfc50, L_0x55557b6bfdf0;
L_0x55557b6c0ac0 .concat [ 4 4 3 0], LS_0x55557b6c0ac0_0_0, LS_0x55557b6c0ac0_0_4, LS_0x55557b6c0ac0_0_8;
L_0x55557b6c0f70 .ufunc/vec4 TD_ICESTORM_RAM.pd, 1, o0x7a68e79dac68 (v0x55557b2f1a00_0) S_0x55557b6487c0;
L_0x55557b6c1230 .ufunc/vec4 TD_ICESTORM_RAM.pu, 1, o0x7a68e79dac98 (v0x55557b36e0f0_0) S_0x55557b648460;
L_0x55557b6c12d0 .ufunc/vec4 TD_ICESTORM_RAM.pd, 1, o0x7a68e79dafc8 (v0x55557b2f1a00_0) S_0x55557b6487c0;
L_0x55557b6c1490 .ufunc/vec4 TD_ICESTORM_RAM.pd, 1, o0x7a68e79daab8 (v0x55557b2f1a00_0) S_0x55557b6487c0;
L_0x55557b6c1530 .ufunc/vec4 TD_ICESTORM_RAM.pd, 1, o0x7a68e79dac38 (v0x55557b2f1a00_0) S_0x55557b6487c0;
L_0x55557b6c1700 .ufunc/vec4 TD_ICESTORM_RAM.pd, 1, o0x7a68e79dac08 (v0x55557b2f1a00_0) S_0x55557b6487c0;
L_0x55557b6c17d0 .ufunc/vec4 TD_ICESTORM_RAM.pd, 1, o0x7a68e79dabd8 (v0x55557b2f1a00_0) S_0x55557b6487c0;
L_0x55557b6c1a10 .ufunc/vec4 TD_ICESTORM_RAM.pd, 1, o0x7a68e79daba8 (v0x55557b2f1a00_0) S_0x55557b6487c0;
L_0x55557b6c1b10 .ufunc/vec4 TD_ICESTORM_RAM.pd, 1, o0x7a68e79dab78 (v0x55557b2f1a00_0) S_0x55557b6487c0;
L_0x55557b6c1d60 .ufunc/vec4 TD_ICESTORM_RAM.pd, 1, o0x7a68e79dab48 (v0x55557b2f1a00_0) S_0x55557b6487c0;
L_0x55557b6c1e60 .ufunc/vec4 TD_ICESTORM_RAM.pd, 1, o0x7a68e79dab18 (v0x55557b2f1a00_0) S_0x55557b6487c0;
L_0x55557b6c20c0 .ufunc/vec4 TD_ICESTORM_RAM.pd, 1, o0x7a68e79daae8 (v0x55557b2f1a00_0) S_0x55557b6487c0;
L_0x55557b6c21c0 .ufunc/vec4 TD_ICESTORM_RAM.pd, 1, o0x7a68e79daa88 (v0x55557b2f1a00_0) S_0x55557b6487c0;
L_0x55557b6c2430 .ufunc/vec4 TD_ICESTORM_RAM.pd, 1, o0x7a68e79daa58 (v0x55557b2f1a00_0) S_0x55557b6487c0;
LS_0x55557b6c2530_0_0 .concat [ 1 1 1 1], L_0x55557b6c2430, L_0x55557b6c21c0, L_0x55557b6c20c0, L_0x55557b6c1e60;
LS_0x55557b6c2530_0_4 .concat [ 1 1 1 1], L_0x55557b6c1d60, L_0x55557b6c1b10, L_0x55557b6c1a10, L_0x55557b6c17d0;
LS_0x55557b6c2530_0_8 .concat [ 1 1 1 0], L_0x55557b6c1700, L_0x55557b6c1530, L_0x55557b6c1490;
L_0x55557b6c2530 .concat [ 4 4 3 0], LS_0x55557b6c2530_0_0, LS_0x55557b6c2530_0_4, LS_0x55557b6c2530_0_8;
L_0x55557b6c2b60 .ufunc/vec4 TD_ICESTORM_RAM.pd, 1, o0x7a68e79da308 (v0x55557b2f1a00_0) S_0x55557b6487c0;
L_0x55557b6c2c00 .ufunc/vec4 TD_ICESTORM_RAM.pd, 1, o0x7a68e79da2d8 (v0x55557b2f1a00_0) S_0x55557b6487c0;
L_0x55557b6c2e30 .ufunc/vec4 TD_ICESTORM_RAM.pd, 1, o0x7a68e79da2a8 (v0x55557b2f1a00_0) S_0x55557b6487c0;
L_0x55557b6c2ed0 .ufunc/vec4 TD_ICESTORM_RAM.pd, 1, o0x7a68e79da278 (v0x55557b2f1a00_0) S_0x55557b6487c0;
L_0x55557b6c3110 .ufunc/vec4 TD_ICESTORM_RAM.pd, 1, o0x7a68e79da248 (v0x55557b2f1a00_0) S_0x55557b6487c0;
L_0x55557b6c31b0 .ufunc/vec4 TD_ICESTORM_RAM.pd, 1, o0x7a68e79da218 (v0x55557b2f1a00_0) S_0x55557b6487c0;
L_0x55557b6c3400 .ufunc/vec4 TD_ICESTORM_RAM.pd, 1, o0x7a68e79da488 (v0x55557b2f1a00_0) S_0x55557b6487c0;
L_0x55557b6c3500 .ufunc/vec4 TD_ICESTORM_RAM.pd, 1, o0x7a68e79da458 (v0x55557b2f1a00_0) S_0x55557b6487c0;
L_0x55557b6c3250 .ufunc/vec4 TD_ICESTORM_RAM.pd, 1, o0x7a68e79da428 (v0x55557b2f1a00_0) S_0x55557b6487c0;
L_0x55557b6c3320 .ufunc/vec4 TD_ICESTORM_RAM.pd, 1, o0x7a68e79da3f8 (v0x55557b2f1a00_0) S_0x55557b6487c0;
L_0x55557b6c3990 .ufunc/vec4 TD_ICESTORM_RAM.pd, 1, o0x7a68e79da3c8 (v0x55557b2f1a00_0) S_0x55557b6487c0;
L_0x55557b6c3a90 .ufunc/vec4 TD_ICESTORM_RAM.pd, 1, o0x7a68e79da398 (v0x55557b2f1a00_0) S_0x55557b6487c0;
L_0x55557b6c3d70 .ufunc/vec4 TD_ICESTORM_RAM.pd, 1, o0x7a68e79da368 (v0x55557b2f1a00_0) S_0x55557b6487c0;
L_0x55557b6c3e70 .ufunc/vec4 TD_ICESTORM_RAM.pd, 1, o0x7a68e79da338 (v0x55557b2f1a00_0) S_0x55557b6487c0;
L_0x55557b6c4160 .ufunc/vec4 TD_ICESTORM_RAM.pd, 1, o0x7a68e79da1e8 (v0x55557b2f1a00_0) S_0x55557b6487c0;
L_0x55557b6c4260 .ufunc/vec4 TD_ICESTORM_RAM.pd, 1, o0x7a68e79da1b8 (v0x55557b2f1a00_0) S_0x55557b6487c0;
LS_0x55557b6c4560_0_0 .concat [ 1 1 1 1], L_0x55557b6c4260, L_0x55557b6c4160, L_0x55557b6c3e70, L_0x55557b6c3d70;
LS_0x55557b6c4560_0_4 .concat [ 1 1 1 1], L_0x55557b6c3a90, L_0x55557b6c3990, L_0x55557b6c3320, L_0x55557b6c3250;
LS_0x55557b6c4560_0_8 .concat [ 1 1 1 1], L_0x55557b6c3500, L_0x55557b6c3400, L_0x55557b6c31b0, L_0x55557b6c3110;
LS_0x55557b6c4560_0_12 .concat [ 1 1 1 1], L_0x55557b6c2ed0, L_0x55557b6c2e30, L_0x55557b6c2c00, L_0x55557b6c2b60;
L_0x55557b6c4560 .concat [ 4 4 4 4], LS_0x55557b6c4560_0_0, LS_0x55557b6c4560_0_4, LS_0x55557b6c4560_0_8, LS_0x55557b6c4560_0_12;
L_0x55557b6c4b50 .ufunc/vec4 TD_ICESTORM_RAM.pd, 1, o0x7a68e79dae18 (v0x55557b2f1a00_0) S_0x55557b6487c0;
L_0x55557b6c4e00 .ufunc/vec4 TD_ICESTORM_RAM.pd, 1, o0x7a68e79dade8 (v0x55557b2f1a00_0) S_0x55557b6487c0;
L_0x55557b6c4ea0 .ufunc/vec4 TD_ICESTORM_RAM.pd, 1, o0x7a68e79dadb8 (v0x55557b2f1a00_0) S_0x55557b6487c0;
L_0x55557b6c5160 .ufunc/vec4 TD_ICESTORM_RAM.pd, 1, o0x7a68e79dad88 (v0x55557b2f1a00_0) S_0x55557b6487c0;
L_0x55557b6c5200 .ufunc/vec4 TD_ICESTORM_RAM.pd, 1, o0x7a68e79dad58 (v0x55557b2f1a00_0) S_0x55557b6487c0;
L_0x55557b6c54d0 .ufunc/vec4 TD_ICESTORM_RAM.pd, 1, o0x7a68e79dad28 (v0x55557b2f1a00_0) S_0x55557b6487c0;
L_0x55557b6c5570 .ufunc/vec4 TD_ICESTORM_RAM.pd, 1, o0x7a68e79daf98 (v0x55557b2f1a00_0) S_0x55557b6487c0;
L_0x55557b6c5850 .ufunc/vec4 TD_ICESTORM_RAM.pd, 1, o0x7a68e79daf68 (v0x55557b2f1a00_0) S_0x55557b6487c0;
L_0x55557b6c58f0 .ufunc/vec4 TD_ICESTORM_RAM.pd, 1, o0x7a68e79daf38 (v0x55557b2f1a00_0) S_0x55557b6487c0;
L_0x55557b6c5c40 .ufunc/vec4 TD_ICESTORM_RAM.pd, 1, o0x7a68e79daf08 (v0x55557b2f1a00_0) S_0x55557b6487c0;
L_0x55557b6c5d40 .ufunc/vec4 TD_ICESTORM_RAM.pd, 1, o0x7a68e79daed8 (v0x55557b2f1a00_0) S_0x55557b6487c0;
L_0x55557b6c60a0 .ufunc/vec4 TD_ICESTORM_RAM.pd, 1, o0x7a68e79daea8 (v0x55557b2f1a00_0) S_0x55557b6487c0;
L_0x55557b6c61a0 .ufunc/vec4 TD_ICESTORM_RAM.pd, 1, o0x7a68e79dae78 (v0x55557b2f1a00_0) S_0x55557b6487c0;
L_0x55557b6c6510 .ufunc/vec4 TD_ICESTORM_RAM.pd, 1, o0x7a68e79dae48 (v0x55557b2f1a00_0) S_0x55557b6487c0;
L_0x55557b6c6610 .ufunc/vec4 TD_ICESTORM_RAM.pd, 1, o0x7a68e79dacf8 (v0x55557b2f1a00_0) S_0x55557b6487c0;
L_0x55557b6c6990 .ufunc/vec4 TD_ICESTORM_RAM.pd, 1, o0x7a68e79dacc8 (v0x55557b2f1a00_0) S_0x55557b6487c0;
LS_0x55557b6c6a90_0_0 .concat [ 1 1 1 1], L_0x55557b6c6990, L_0x55557b6c6610, L_0x55557b6c6510, L_0x55557b6c61a0;
LS_0x55557b6c6a90_0_4 .concat [ 1 1 1 1], L_0x55557b6c60a0, L_0x55557b6c5d40, L_0x55557b6c5c40, L_0x55557b6c58f0;
LS_0x55557b6c6a90_0_8 .concat [ 1 1 1 1], L_0x55557b6c5850, L_0x55557b6c5570, L_0x55557b6c54d0, L_0x55557b6c5200;
LS_0x55557b6c6a90_0_12 .concat [ 1 1 1 1], L_0x55557b6c5160, L_0x55557b6c4ea0, L_0x55557b6c4e00, L_0x55557b6c4b50;
L_0x55557b6c6a90 .concat [ 4 4 4 4], LS_0x55557b6c6a90_0_0, LS_0x55557b6c6a90_0_4, LS_0x55557b6c6a90_0_8, LS_0x55557b6c6a90_0_12;
S_0x55557b649540 .scope module, "RAM" "SB_RAM40_4K" 2 3233, 2 1487 0, S_0x55557b5e6460;
 .timescale -12 -12;
    .port_info 0 /OUTPUT 16 "RDATA";
    .port_info 1 /INPUT 1 "RCLK";
    .port_info 2 /INPUT 1 "RCLKE";
    .port_info 3 /INPUT 1 "RE";
    .port_info 4 /INPUT 11 "RADDR";
    .port_info 5 /INPUT 1 "WCLK";
    .port_info 6 /INPUT 1 "WCLKE";
    .port_info 7 /INPUT 1 "WE";
    .port_info 8 /INPUT 11 "WADDR";
    .port_info 9 /INPUT 16 "MASK";
    .port_info 10 /INPUT 16 "WDATA";
P_0x55557b440b90 .param/l "INIT_0" 0 2 1507, C4<0000000000000000000000000000000000000000000000000000000000000000000000000000000000000000000000000000000000000000000000000000000000000000000000000000000000000000000000000000000000000000000000000000000000000000000000000000000000000000000000000000000000000000>;
P_0x55557b440bd0 .param/l "INIT_1" 0 2 1508, C4<0000000000000000000000000000000000000000000000000000000000000000000000000000000000000000000000000000000000000000000000000000000000000000000000000000000000000000000000000000000000000000000000000000000000000000000000000000000000000000000000000000000000000000>;
P_0x55557b440c10 .param/l "INIT_2" 0 2 1509, C4<0000000000000000000000000000000000000000000000000000000000000000000000000000000000000000000000000000000000000000000000000000000000000000000000000000000000000000000000000000000000000000000000000000000000000000000000000000000000000000000000000000000000000000>;
P_0x55557b440c50 .param/l "INIT_3" 0 2 1510, C4<0000000000000000000000000000000000000000000000000000000000000000000000000000000000000000000000000000000000000000000000000000000000000000000000000000000000000000000000000000000000000000000000000000000000000000000000000000000000000000000000000000000000000000>;
P_0x55557b440c90 .param/l "INIT_4" 0 2 1511, C4<0000000000000000000000000000000000000000000000000000000000000000000000000000000000000000000000000000000000000000000000000000000000000000000000000000000000000000000000000000000000000000000000000000000000000000000000000000000000000000000000000000000000000000>;
P_0x55557b440cd0 .param/l "INIT_5" 0 2 1512, C4<0000000000000000000000000000000000000000000000000000000000000000000000000000000000000000000000000000000000000000000000000000000000000000000000000000000000000000000000000000000000000000000000000000000000000000000000000000000000000000000000000000000000000000>;
P_0x55557b440d10 .param/l "INIT_6" 0 2 1513, C4<0000000000000000000000000000000000000000000000000000000000000000000000000000000000000000000000000000000000000000000000000000000000000000000000000000000000000000000000000000000000000000000000000000000000000000000000000000000000000000000000000000000000000000>;
P_0x55557b440d50 .param/l "INIT_7" 0 2 1514, C4<0000000000000000000000000000000000000000000000000000000000000000000000000000000000000000000000000000000000000000000000000000000000000000000000000000000000000000000000000000000000000000000000000000000000000000000000000000000000000000000000000000000000000000>;
P_0x55557b440d90 .param/l "INIT_8" 0 2 1515, C4<0000000000000000000000000000000000000000000000000000000000000000000000000000000000000000000000000000000000000000000000000000000000000000000000000000000000000000000000000000000000000000000000000000000000000000000000000000000000000000000000000000000000000000>;
P_0x55557b440dd0 .param/l "INIT_9" 0 2 1516, C4<0000000000000000000000000000000000000000000000000000000000000000000000000000000000000000000000000000000000000000000000000000000000000000000000000000000000000000000000000000000000000000000000000000000000000000000000000000000000000000000000000000000000000000>;
P_0x55557b440e10 .param/l "INIT_A" 0 2 1517, C4<0000000000000000000000000000000000000000000000000000000000000000000000000000000000000000000000000000000000000000000000000000000000000000000000000000000000000000000000000000000000000000000000000000000000000000000000000000000000000000000000000000000000000000>;
P_0x55557b440e50 .param/l "INIT_B" 0 2 1518, C4<0000000000000000000000000000000000000000000000000000000000000000000000000000000000000000000000000000000000000000000000000000000000000000000000000000000000000000000000000000000000000000000000000000000000000000000000000000000000000000000000000000000000000000>;
P_0x55557b440e90 .param/l "INIT_C" 0 2 1519, C4<0000000000000000000000000000000000000000000000000000000000000000000000000000000000000000000000000000000000000000000000000000000000000000000000000000000000000000000000000000000000000000000000000000000000000000000000000000000000000000000000000000000000000000>;
P_0x55557b440ed0 .param/l "INIT_D" 0 2 1520, C4<0000000000000000000000000000000000000000000000000000000000000000000000000000000000000000000000000000000000000000000000000000000000000000000000000000000000000000000000000000000000000000000000000000000000000000000000000000000000000000000000000000000000000000>;
P_0x55557b440f10 .param/l "INIT_E" 0 2 1521, C4<0000000000000000000000000000000000000000000000000000000000000000000000000000000000000000000000000000000000000000000000000000000000000000000000000000000000000000000000000000000000000000000000000000000000000000000000000000000000000000000000000000000000000000>;
P_0x55557b440f50 .param/l "INIT_F" 0 2 1522, C4<0000000000000000000000000000000000000000000000000000000000000000000000000000000000000000000000000000000000000000000000000000000000000000000000000000000000000000000000000000000000000000000000000000000000000000000000000000000000000000000000000000000000000000>;
P_0x55557b440f90 .param/str "INIT_FILE" 0 2 1524, "\000";
P_0x55557b440fd0 .param/l "READ_MODE" 0 2 1505, +C4<00000000000000000000000000000000>;
P_0x55557b441010 .param/l "WRITE_MODE" 0 2 1504, +C4<00000000000000000000000000000000>;
v0x55557b35efe0_0 .net "MASK", 15 0, L_0x55557b6c4560;  1 drivers
v0x55557b35ed00_0 .net "RADDR", 10 0, L_0x55557b6c0ac0;  1 drivers
v0x55557b362720_0 .net "RCLK", 0 0, L_0x55557b6bf5f0;  1 drivers
v0x55557b362d70_0 .net "RCLKE", 0 0, L_0x55557b6bfbb0;  1 drivers
v0x55557b361d60_0 .net "RDATA", 15 0, v0x55557b362390_0;  1 drivers
v0x55557b362390_0 .var "RDATA_I", 15 0;
v0x55557b35e490_0 .net "RE", 0 0, L_0x55557b6bfcf0;  1 drivers
L_0x7a68e79902e8 .functor BUFT 1, C4<0000000000000000>, C4<0>, C4<0>, C4<0>;
v0x55557b3be1c0_0 .net "RMASK_I", 15 0, L_0x7a68e79902e8;  1 drivers
v0x55557b3b8b50_0 .net "WADDR", 10 0, L_0x55557b6c2530;  1 drivers
v0x55557b3a4a30_0 .net "WCLK", 0 0, L_0x55557b6c1120;  1 drivers
v0x55557b35e320_0 .net "WCLKE", 0 0, L_0x55557b6c1230;  1 drivers
v0x55557b35e820_0 .net "WDATA", 15 0, L_0x55557b6c6a90;  1 drivers
v0x55557b35ee70_0 .net "WDATA_I", 15 0, L_0x55557b6addc0;  1 drivers
v0x55557b35de60_0 .net "WE", 0 0, L_0x55557b6c12d0;  1 drivers
v0x55557b379430_0 .net "WMASK_I", 15 0, L_0x55557b6aea60;  1 drivers
v0x55557b2f38f0_0 .var/i "i", 31 0;
v0x55557b2f7490 .array "memory", 255 0, 15 0;
E_0x55557b6517c0 .event posedge, v0x55557b362720_0;
E_0x55557b651b20 .event posedge, v0x55557b3a4a30_0;
S_0x55557b6491e0 .scope generate, "genblk1" "genblk1" 2 1534, 2 1534 0, S_0x55557b649540;
 .timescale -12 -12;
L_0x55557b6aea60 .functor BUFZ 16, L_0x55557b6c4560, C4<0000000000000000>, C4<0000000000000000>, C4<0000000000000000>;
S_0x55557b648e80 .scope generate, "genblk2" "genblk2" 2 1555, 2 1555 0, S_0x55557b649540;
 .timescale -12 -12;
S_0x55557b5ea740 .scope generate, "genblk3" "genblk3" 2 1576, 2 1576 0, S_0x55557b649540;
 .timescale -12 -12;
L_0x55557b6addc0 .functor BUFZ 16, L_0x55557b6c6a90, C4<0000000000000000>, C4<0000000000000000>, C4<0000000000000000>;
S_0x55557b648b20 .scope generate, "genblk4" "genblk4" 2 1595, 2 1595 0, S_0x55557b649540;
 .timescale -12 -12;
S_0x55557b6487c0 .scope function.vec4.s1, "pd" "pd" 2 3200, 2 3200 0, S_0x55557b5e6460;
 .timescale -12 -12;
; Variable pd is vec4 return value of scope S_0x55557b6487c0
v0x55557b2f1a00_0 .var "x", 0 0;
TD_ICESTORM_RAM.pd ;
    %load/vec4 v0x55557b2f1a00_0;
    %cmpi/e 0, 1, 1;
    %flag_mov 8, 6;
    %jmp/0 T_0.0, 8;
    %pushi/vec4 0, 0, 1;
    %jmp/1 T_0.1, 8;
T_0.0 ; End of true expr.
    %load/vec4 v0x55557b2f1a00_0;
    %jmp/0 T_0.1, 8;
 ; End of false expr.
    %blend;
T_0.1;
    %ret/vec4 0, 0, 1;  Assign to pd (store_vec4_to_lval)
    %end;
S_0x55557b648460 .scope function.vec4.s1, "pu" "pu" 2 3207, 2 3207 0, S_0x55557b5e6460;
 .timescale -12 -12;
; Variable pu is vec4 return value of scope S_0x55557b648460
v0x55557b36e0f0_0 .var "x", 0 0;
TD_ICESTORM_RAM.pu ;
    %load/vec4 v0x55557b36e0f0_0;
    %cmpi/e 0, 1, 1;
    %flag_mov 8, 6;
    %jmp/0 T_1.2, 8;
    %pushi/vec4 1, 0, 1;
    %jmp/1 T_1.3, 8;
T_1.2 ; End of true expr.
    %load/vec4 v0x55557b36e0f0_0;
    %jmp/0 T_1.3, 8;
 ; End of false expr.
    %blend;
T_1.3;
    %ret/vec4 0, 0, 1;  Assign to pu (store_vec4_to_lval)
    %end;
S_0x55557b5ada10 .scope module, "SB_CARRY" "SB_CARRY" 2 228;
 .timescale -12 -12;
    .port_info 0 /OUTPUT 1 "CO";
    .port_info 1 /INPUT 1 "I0";
    .port_info 2 /INPUT 1 "I1";
    .port_info 3 /INPUT 1 "CI";
o0x7a68e79dc978 .functor BUFZ 1, C4<z>; HiZ drive
o0x7a68e79dc9a8 .functor BUFZ 1, C4<z>; HiZ drive
L_0x55557b6c7310 .functor AND 1, o0x7a68e79dc978, o0x7a68e79dc9a8, C4<1>, C4<1>;
L_0x55557b6c7380 .functor OR 1, o0x7a68e79dc978, o0x7a68e79dc9a8, C4<0>, C4<0>;
o0x7a68e79dc918 .functor BUFZ 1, C4<z>; HiZ drive
L_0x55557b6c7490 .functor AND 1, L_0x55557b6c7380, o0x7a68e79dc918, C4<1>, C4<1>;
L_0x55557b6c7550 .functor OR 1, L_0x55557b6c7310, L_0x55557b6c7490, C4<0>, C4<0>;
v0x55557b645fd0_0 .net "CI", 0 0, o0x7a68e79dc918;  0 drivers
v0x55557b645bb0_0 .net "CO", 0 0, L_0x55557b6c7550;  1 drivers
v0x55557b645c70_0 .net "I0", 0 0, o0x7a68e79dc978;  0 drivers
v0x55557b5f2cc0_0 .net "I1", 0 0, o0x7a68e79dc9a8;  0 drivers
v0x55557b5f2d80_0 .net *"_ivl_1", 0 0, L_0x55557b6c7310;  1 drivers
v0x55557b645850_0 .net *"_ivl_3", 0 0, L_0x55557b6c7380;  1 drivers
v0x55557b6458f0_0 .net *"_ivl_5", 0 0, L_0x55557b6c7490;  1 drivers
S_0x55557b5ae560 .scope module, "SB_DFF" "SB_DFF" 2 265;
 .timescale -12 -12;
    .port_info 0 /OUTPUT 1 "Q";
    .port_info 1 /INPUT 1 "C";
    .port_info 2 /INPUT 1 "D";
o0x7a68e79dcb28 .functor BUFZ 1, C4<z>; HiZ drive
v0x55557b6454f0_0 .net "C", 0 0, o0x7a68e79dcb28;  0 drivers
o0x7a68e79dcb58 .functor BUFZ 1, C4<z>; HiZ drive
v0x55557b6455b0_0 .net "D", 0 0, o0x7a68e79dcb58;  0 drivers
v0x55557b645190_0 .var "Q", 0 0;
E_0x55557b651e80 .event posedge, v0x55557b6454f0_0;
S_0x55557b5af8f0 .scope module, "SB_DFFE" "SB_DFFE" 2 303;
 .timescale -12 -12;
    .port_info 0 /OUTPUT 1 "Q";
    .port_info 1 /INPUT 1 "C";
    .port_info 2 /INPUT 1 "E";
    .port_info 3 /INPUT 1 "D";
o0x7a68e79dcc48 .functor BUFZ 1, C4<z>; HiZ drive
v0x55557b644e30_0 .net "C", 0 0, o0x7a68e79dcc48;  0 drivers
o0x7a68e79dcc78 .functor BUFZ 1, C4<z>; HiZ drive
v0x55557b644f10_0 .net "D", 0 0, o0x7a68e79dcc78;  0 drivers
o0x7a68e79dcca8 .functor BUFZ 1, C4<z>; HiZ drive
v0x55557b644ad0_0 .net "E", 0 0, o0x7a68e79dcca8;  0 drivers
v0x55557b644b70_0 .var "Q", 0 0;
E_0x55557b6521e0 .event posedge, v0x55557b644e30_0;
S_0x55557b652690 .scope module, "SB_DFFER" "SB_DFFER" 2 653;
 .timescale -12 -12;
    .port_info 0 /OUTPUT 1 "Q";
    .port_info 1 /INPUT 1 "C";
    .port_info 2 /INPUT 1 "E";
    .port_info 3 /INPUT 1 "R";
    .port_info 4 /INPUT 1 "D";
o0x7a68e79dcdc8 .functor BUFZ 1, C4<z>; HiZ drive
v0x55557b644770_0 .net "C", 0 0, o0x7a68e79dcdc8;  0 drivers
o0x7a68e79dcdf8 .functor BUFZ 1, C4<z>; HiZ drive
v0x55557b644850_0 .net "D", 0 0, o0x7a68e79dcdf8;  0 drivers
o0x7a68e79dce28 .functor BUFZ 1, C4<z>; HiZ drive
v0x55557b644410_0 .net "E", 0 0, o0x7a68e79dce28;  0 drivers
v0x55557b6444b0_0 .var "Q", 0 0;
o0x7a68e79dce88 .functor BUFZ 1, C4<z>; HiZ drive
v0x55557b6440b0_0 .net "R", 0 0, o0x7a68e79dce88;  0 drivers
E_0x55557b5f3fe0 .event posedge, v0x55557b6440b0_0, v0x55557b644770_0;
S_0x55557b5f4130 .scope module, "SB_DFFES" "SB_DFFES" 2 794;
 .timescale -12 -12;
    .port_info 0 /OUTPUT 1 "Q";
    .port_info 1 /INPUT 1 "C";
    .port_info 2 /INPUT 1 "E";
    .port_info 3 /INPUT 1 "S";
    .port_info 4 /INPUT 1 "D";
o0x7a68e79dcfa8 .functor BUFZ 1, C4<z>; HiZ drive
v0x55557b643d50_0 .net "C", 0 0, o0x7a68e79dcfa8;  0 drivers
o0x7a68e79dcfd8 .functor BUFZ 1, C4<z>; HiZ drive
v0x55557b643e10_0 .net "D", 0 0, o0x7a68e79dcfd8;  0 drivers
o0x7a68e79dd008 .functor BUFZ 1, C4<z>; HiZ drive
v0x55557b6439f0_0 .net "E", 0 0, o0x7a68e79dd008;  0 drivers
v0x55557b643a90_0 .var "Q", 0 0;
o0x7a68e79dd068 .functor BUFZ 1, C4<z>; HiZ drive
v0x55557b5f2960_0 .net "S", 0 0, o0x7a68e79dd068;  0 drivers
E_0x55557b652540 .event posedge, v0x55557b5f2960_0, v0x55557b643d50_0;
S_0x55557b652330 .scope module, "SB_DFFESR" "SB_DFFESR" 2 592;
 .timescale -12 -12;
    .port_info 0 /OUTPUT 1 "Q";
    .port_info 1 /INPUT 1 "C";
    .port_info 2 /INPUT 1 "E";
    .port_info 3 /INPUT 1 "R";
    .port_info 4 /INPUT 1 "D";
o0x7a68e79dd188 .functor BUFZ 1, C4<z>; HiZ drive
v0x55557b643690_0 .net "C", 0 0, o0x7a68e79dd188;  0 drivers
o0x7a68e79dd1b8 .functor BUFZ 1, C4<z>; HiZ drive
v0x55557b643770_0 .net "D", 0 0, o0x7a68e79dd1b8;  0 drivers
o0x7a68e79dd1e8 .functor BUFZ 1, C4<z>; HiZ drive
v0x55557b643330_0 .net "E", 0 0, o0x7a68e79dd1e8;  0 drivers
v0x55557b6433d0_0 .var "Q", 0 0;
o0x7a68e79dd248 .functor BUFZ 1, C4<z>; HiZ drive
v0x55557b642fd0_0 .net "R", 0 0, o0x7a68e79dd248;  0 drivers
E_0x55557b643b50 .event posedge, v0x55557b643690_0;
S_0x55557b651fd0 .scope module, "SB_DFFESS" "SB_DFFESS" 2 733;
 .timescale -12 -12;
    .port_info 0 /OUTPUT 1 "Q";
    .port_info 1 /INPUT 1 "C";
    .port_info 2 /INPUT 1 "E";
    .port_info 3 /INPUT 1 "S";
    .port_info 4 /INPUT 1 "D";
o0x7a68e79dd368 .functor BUFZ 1, C4<z>; HiZ drive
v0x55557b642c70_0 .net "C", 0 0, o0x7a68e79dd368;  0 drivers
o0x7a68e79dd398 .functor BUFZ 1, C4<z>; HiZ drive
v0x55557b642d50_0 .net "D", 0 0, o0x7a68e79dd398;  0 drivers
o0x7a68e79dd3c8 .functor BUFZ 1, C4<z>; HiZ drive
v0x55557b642910_0 .net "E", 0 0, o0x7a68e79dd3c8;  0 drivers
v0x55557b6429b0_0 .var "Q", 0 0;
o0x7a68e79dd428 .functor BUFZ 1, C4<z>; HiZ drive
v0x55557b6425b0_0 .net "S", 0 0, o0x7a68e79dd428;  0 drivers
E_0x55557b643490 .event posedge, v0x55557b642c70_0;
S_0x55557b651c70 .scope module, "SB_DFFN" "SB_DFFN" 2 876;
 .timescale -12 -12;
    .port_info 0 /OUTPUT 1 "Q";
    .port_info 1 /INPUT 1 "C";
    .port_info 2 /INPUT 1 "D";
o0x7a68e79dd548 .functor BUFZ 1, C4<z>; HiZ drive
v0x55557b642250_0 .net "C", 0 0, o0x7a68e79dd548;  0 drivers
o0x7a68e79dd578 .functor BUFZ 1, C4<z>; HiZ drive
v0x55557b642330_0 .net "D", 0 0, o0x7a68e79dd578;  0 drivers
v0x55557b641ef0_0 .var "Q", 0 0;
E_0x55557b3828e0 .event negedge, v0x55557b642250_0;
S_0x55557b651910 .scope module, "SB_DFFNE" "SB_DFFNE" 2 914;
 .timescale -12 -12;
    .port_info 0 /OUTPUT 1 "Q";
    .port_info 1 /INPUT 1 "C";
    .port_info 2 /INPUT 1 "E";
    .port_info 3 /INPUT 1 "D";
o0x7a68e79dd668 .functor BUFZ 1, C4<z>; HiZ drive
v0x55557b641b90_0 .net "C", 0 0, o0x7a68e79dd668;  0 drivers
o0x7a68e79dd698 .functor BUFZ 1, C4<z>; HiZ drive
v0x55557b641c50_0 .net "D", 0 0, o0x7a68e79dd698;  0 drivers
o0x7a68e79dd6c8 .functor BUFZ 1, C4<z>; HiZ drive
v0x55557b641830_0 .net "E", 0 0, o0x7a68e79dd6c8;  0 drivers
v0x55557b641900_0 .var "Q", 0 0;
E_0x55557b642010 .event negedge, v0x55557b641b90_0;
S_0x55557b6515b0 .scope module, "SB_DFFNER" "SB_DFFNER" 2 1264;
 .timescale -12 -12;
    .port_info 0 /OUTPUT 1 "Q";
    .port_info 1 /INPUT 1 "C";
    .port_info 2 /INPUT 1 "E";
    .port_info 3 /INPUT 1 "R";
    .port_info 4 /INPUT 1 "D";
o0x7a68e79dd7e8 .functor BUFZ 1, C4<z>; HiZ drive
v0x55557b5f2600_0 .net "C", 0 0, o0x7a68e79dd7e8;  0 drivers
o0x7a68e79dd818 .functor BUFZ 1, C4<z>; HiZ drive
v0x55557b5f26e0_0 .net "D", 0 0, o0x7a68e79dd818;  0 drivers
o0x7a68e79dd848 .functor BUFZ 1, C4<z>; HiZ drive
v0x55557b6414a0_0 .net "E", 0 0, o0x7a68e79dd848;  0 drivers
v0x55557b641540_0 .var "Q", 0 0;
o0x7a68e79dd8a8 .functor BUFZ 1, C4<z>; HiZ drive
v0x55557b641140_0 .net "R", 0 0, o0x7a68e79dd8a8;  0 drivers
E_0x55557b382420/0 .event negedge, v0x55557b5f2600_0;
E_0x55557b382420/1 .event posedge, v0x55557b641140_0;
E_0x55557b382420 .event/or E_0x55557b382420/0, E_0x55557b382420/1;
S_0x55557b651250 .scope module, "SB_DFFNES" "SB_DFFNES" 2 1405;
 .timescale -12 -12;
    .port_info 0 /OUTPUT 1 "Q";
    .port_info 1 /INPUT 1 "C";
    .port_info 2 /INPUT 1 "E";
    .port_info 3 /INPUT 1 "S";
    .port_info 4 /INPUT 1 "D";
o0x7a68e79dd9c8 .functor BUFZ 1, C4<z>; HiZ drive
v0x55557b640de0_0 .net "C", 0 0, o0x7a68e79dd9c8;  0 drivers
o0x7a68e79dd9f8 .functor BUFZ 1, C4<z>; HiZ drive
v0x55557b640ea0_0 .net "D", 0 0, o0x7a68e79dd9f8;  0 drivers
o0x7a68e79dda28 .functor BUFZ 1, C4<z>; HiZ drive
v0x55557b640a80_0 .net "E", 0 0, o0x7a68e79dda28;  0 drivers
v0x55557b640b20_0 .var "Q", 0 0;
o0x7a68e79dda88 .functor BUFZ 1, C4<z>; HiZ drive
v0x55557b640720_0 .net "S", 0 0, o0x7a68e79dda88;  0 drivers
E_0x55557b3821d0/0 .event negedge, v0x55557b640de0_0;
E_0x55557b3821d0/1 .event posedge, v0x55557b640720_0;
E_0x55557b3821d0 .event/or E_0x55557b3821d0/0, E_0x55557b3821d0/1;
S_0x55557b650ef0 .scope module, "SB_DFFNESR" "SB_DFFNESR" 2 1203;
 .timescale -12 -12;
    .port_info 0 /OUTPUT 1 "Q";
    .port_info 1 /INPUT 1 "C";
    .port_info 2 /INPUT 1 "E";
    .port_info 3 /INPUT 1 "R";
    .port_info 4 /INPUT 1 "D";
o0x7a68e79ddba8 .functor BUFZ 1, C4<z>; HiZ drive
v0x55557b6403c0_0 .net "C", 0 0, o0x7a68e79ddba8;  0 drivers
o0x7a68e79ddbd8 .functor BUFZ 1, C4<z>; HiZ drive
v0x55557b6404a0_0 .net "D", 0 0, o0x7a68e79ddbd8;  0 drivers
o0x7a68e79ddc08 .functor BUFZ 1, C4<z>; HiZ drive
v0x55557b640060_0 .net "E", 0 0, o0x7a68e79ddc08;  0 drivers
v0x55557b640100_0 .var "Q", 0 0;
o0x7a68e79ddc68 .functor BUFZ 1, C4<z>; HiZ drive
v0x55557b63fd00_0 .net "R", 0 0, o0x7a68e79ddc68;  0 drivers
E_0x55557b640be0 .event negedge, v0x55557b6403c0_0;
S_0x55557b650b90 .scope module, "SB_DFFNESS" "SB_DFFNESS" 2 1344;
 .timescale -12 -12;
    .port_info 0 /OUTPUT 1 "Q";
    .port_info 1 /INPUT 1 "C";
    .port_info 2 /INPUT 1 "E";
    .port_info 3 /INPUT 1 "S";
    .port_info 4 /INPUT 1 "D";
o0x7a68e79ddd88 .functor BUFZ 1, C4<z>; HiZ drive
v0x55557b63f9a0_0 .net "C", 0 0, o0x7a68e79ddd88;  0 drivers
o0x7a68e79dddb8 .functor BUFZ 1, C4<z>; HiZ drive
v0x55557b63fa80_0 .net "D", 0 0, o0x7a68e79dddb8;  0 drivers
o0x7a68e79ddde8 .functor BUFZ 1, C4<z>; HiZ drive
v0x55557b63f640_0 .net "E", 0 0, o0x7a68e79ddde8;  0 drivers
v0x55557b63f6e0_0 .var "Q", 0 0;
o0x7a68e79dde48 .functor BUFZ 1, C4<z>; HiZ drive
v0x55557b5f22a0_0 .net "S", 0 0, o0x7a68e79dde48;  0 drivers
E_0x55557b6401c0 .event negedge, v0x55557b63f9a0_0;
S_0x55557b650830 .scope module, "SB_DFFNR" "SB_DFFNR" 2 1011;
 .timescale -12 -12;
    .port_info 0 /OUTPUT 1 "Q";
    .port_info 1 /INPUT 1 "C";
    .port_info 2 /INPUT 1 "R";
    .port_info 3 /INPUT 1 "D";
o0x7a68e79ddf68 .functor BUFZ 1, C4<z>; HiZ drive
v0x55557b63f2e0_0 .net "C", 0 0, o0x7a68e79ddf68;  0 drivers
o0x7a68e79ddf98 .functor BUFZ 1, C4<z>; HiZ drive
v0x55557b63f3c0_0 .net "D", 0 0, o0x7a68e79ddf98;  0 drivers
v0x55557b63ef80_0 .var "Q", 0 0;
o0x7a68e79ddff8 .functor BUFZ 1, C4<z>; HiZ drive
v0x55557b63f020_0 .net "R", 0 0, o0x7a68e79ddff8;  0 drivers
E_0x55557b381d30/0 .event negedge, v0x55557b63f2e0_0;
E_0x55557b381d30/1 .event posedge, v0x55557b63f020_0;
E_0x55557b381d30 .event/or E_0x55557b381d30/0, E_0x55557b381d30/1;
S_0x55557b6504d0 .scope module, "SB_DFFNS" "SB_DFFNS" 2 1132;
 .timescale -12 -12;
    .port_info 0 /OUTPUT 1 "Q";
    .port_info 1 /INPUT 1 "C";
    .port_info 2 /INPUT 1 "S";
    .port_info 3 /INPUT 1 "D";
o0x7a68e79de0e8 .functor BUFZ 1, C4<z>; HiZ drive
v0x55557b63ec20_0 .net "C", 0 0, o0x7a68e79de0e8;  0 drivers
o0x7a68e79de118 .functor BUFZ 1, C4<z>; HiZ drive
v0x55557b63ed00_0 .net "D", 0 0, o0x7a68e79de118;  0 drivers
v0x55557b63e8c0_0 .var "Q", 0 0;
o0x7a68e79de178 .functor BUFZ 1, C4<z>; HiZ drive
v0x55557b63e960_0 .net "S", 0 0, o0x7a68e79de178;  0 drivers
E_0x55557b381860/0 .event negedge, v0x55557b63ec20_0;
E_0x55557b381860/1 .event posedge, v0x55557b63e960_0;
E_0x55557b381860 .event/or E_0x55557b381860/0, E_0x55557b381860/1;
S_0x55557b5f3dd0 .scope module, "SB_DFFNSR" "SB_DFFNSR" 2 961;
 .timescale -12 -12;
    .port_info 0 /OUTPUT 1 "Q";
    .port_info 1 /INPUT 1 "C";
    .port_info 2 /INPUT 1 "R";
    .port_info 3 /INPUT 1 "D";
o0x7a68e79de268 .functor BUFZ 1, C4<z>; HiZ drive
v0x55557b63e560_0 .net "C", 0 0, o0x7a68e79de268;  0 drivers
o0x7a68e79de298 .functor BUFZ 1, C4<z>; HiZ drive
v0x55557b63e640_0 .net "D", 0 0, o0x7a68e79de298;  0 drivers
v0x55557b63e200_0 .var "Q", 0 0;
o0x7a68e79de2f8 .functor BUFZ 1, C4<z>; HiZ drive
v0x55557b63e2a0_0 .net "R", 0 0, o0x7a68e79de2f8;  0 drivers
E_0x55557b3836a0 .event negedge, v0x55557b63e560_0;
S_0x55557b650170 .scope module, "SB_DFFNSS" "SB_DFFNSS" 2 1082;
 .timescale -12 -12;
    .port_info 0 /OUTPUT 1 "Q";
    .port_info 1 /INPUT 1 "C";
    .port_info 2 /INPUT 1 "S";
    .port_info 3 /INPUT 1 "D";
o0x7a68e79de3e8 .functor BUFZ 1, C4<z>; HiZ drive
v0x55557b63dea0_0 .net "C", 0 0, o0x7a68e79de3e8;  0 drivers
o0x7a68e79de418 .functor BUFZ 1, C4<z>; HiZ drive
v0x55557b63df80_0 .net "D", 0 0, o0x7a68e79de418;  0 drivers
v0x55557b63db40_0 .var "Q", 0 0;
o0x7a68e79de478 .functor BUFZ 1, C4<z>; HiZ drive
v0x55557b63dbe0_0 .net "S", 0 0, o0x7a68e79de478;  0 drivers
E_0x55557b3838f0 .event negedge, v0x55557b63dea0_0;
S_0x55557b64fe10 .scope module, "SB_DFFR" "SB_DFFR" 2 400;
 .timescale -12 -12;
    .port_info 0 /OUTPUT 1 "Q";
    .port_info 1 /INPUT 1 "C";
    .port_info 2 /INPUT 1 "R";
    .port_info 3 /INPUT 1 "D";
o0x7a68e79de568 .functor BUFZ 1, C4<z>; HiZ drive
v0x55557b63d7e0_0 .net "C", 0 0, o0x7a68e79de568;  0 drivers
o0x7a68e79de598 .functor BUFZ 1, C4<z>; HiZ drive
v0x55557b63d8c0_0 .net "D", 0 0, o0x7a68e79de598;  0 drivers
v0x55557b63d480_0 .var "Q", 0 0;
o0x7a68e79de5f8 .functor BUFZ 1, C4<z>; HiZ drive
v0x55557b63d520_0 .net "R", 0 0, o0x7a68e79de5f8;  0 drivers
E_0x55557b383d90 .event posedge, v0x55557b63d520_0, v0x55557b63d7e0_0;
S_0x55557b64fab0 .scope module, "SB_DFFS" "SB_DFFS" 2 521;
 .timescale -12 -12;
    .port_info 0 /OUTPUT 1 "Q";
    .port_info 1 /INPUT 1 "C";
    .port_info 2 /INPUT 1 "S";
    .port_info 3 /INPUT 1 "D";
o0x7a68e79de6e8 .functor BUFZ 1, C4<z>; HiZ drive
v0x55557b5f1f40_0 .net "C", 0 0, o0x7a68e79de6e8;  0 drivers
o0x7a68e79de718 .functor BUFZ 1, C4<z>; HiZ drive
v0x55557b5f2020_0 .net "D", 0 0, o0x7a68e79de718;  0 drivers
v0x55557b63d120_0 .var "Q", 0 0;
o0x7a68e79de778 .functor BUFZ 1, C4<z>; HiZ drive
v0x55557b63d1c0_0 .net "S", 0 0, o0x7a68e79de778;  0 drivers
E_0x55557b392e70 .event posedge, v0x55557b63d1c0_0, v0x55557b5f1f40_0;
S_0x55557b64f750 .scope module, "SB_DFFSR" "SB_DFFSR" 2 350;
 .timescale -12 -12;
    .port_info 0 /OUTPUT 1 "Q";
    .port_info 1 /INPUT 1 "C";
    .port_info 2 /INPUT 1 "R";
    .port_info 3 /INPUT 1 "D";
o0x7a68e79de868 .functor BUFZ 1, C4<z>; HiZ drive
v0x55557b63cdc0_0 .net "C", 0 0, o0x7a68e79de868;  0 drivers
o0x7a68e79de898 .functor BUFZ 1, C4<z>; HiZ drive
v0x55557b63cea0_0 .net "D", 0 0, o0x7a68e79de898;  0 drivers
v0x55557b63ca60_0 .var "Q", 0 0;
o0x7a68e79de8f8 .functor BUFZ 1, C4<z>; HiZ drive
v0x55557b63cb00_0 .net "R", 0 0, o0x7a68e79de8f8;  0 drivers
E_0x55557b391700 .event posedge, v0x55557b63cdc0_0;
S_0x55557b64f3f0 .scope module, "SB_DFFSS" "SB_DFFSS" 2 471;
 .timescale -12 -12;
    .port_info 0 /OUTPUT 1 "Q";
    .port_info 1 /INPUT 1 "C";
    .port_info 2 /INPUT 1 "S";
    .port_info 3 /INPUT 1 "D";
o0x7a68e79de9e8 .functor BUFZ 1, C4<z>; HiZ drive
v0x55557b63c700_0 .net "C", 0 0, o0x7a68e79de9e8;  0 drivers
o0x7a68e79dea18 .functor BUFZ 1, C4<z>; HiZ drive
v0x55557b63c7e0_0 .net "D", 0 0, o0x7a68e79dea18;  0 drivers
v0x55557b63c3a0_0 .var "Q", 0 0;
o0x7a68e79dea78 .functor BUFZ 1, C4<z>; HiZ drive
v0x55557b63c440_0 .net "S", 0 0, o0x7a68e79dea78;  0 drivers
E_0x55557b3924c0 .event posedge, v0x55557b63c700_0;
S_0x55557b64f090 .scope module, "SB_FILTER_50NS" "SB_FILTER_50NS" 2 2856;
 .timescale -12 -12;
    .port_info 0 /INPUT 1 "FILTERIN";
    .port_info 1 /OUTPUT 1 "FILTEROUT";
o0x7a68e79deb68 .functor BUFZ 1, C4<z>; HiZ drive
v0x55557b63c040_0 .net "FILTERIN", 0 0, o0x7a68e79deb68;  0 drivers
o0x7a68e79deb98 .functor BUFZ 1, C4<z>; HiZ drive
v0x55557b63c120_0 .net "FILTEROUT", 0 0, o0x7a68e79deb98;  0 drivers
S_0x55557b64ed30 .scope module, "SB_GB" "SB_GB" 2 162;
 .timescale -12 -12;
    .port_info 0 /INPUT 1 "USER_SIGNAL_TO_GLOBAL_BUFFER";
    .port_info 1 /OUTPUT 1 "GLOBAL_BUFFER_OUTPUT";
o0x7a68e79dec58 .functor BUFZ 1, C4<z>; HiZ drive
L_0x55557b6c7660 .functor BUFZ 1, o0x7a68e79dec58, C4<0>, C4<0>, C4<0>;
v0x55557b63bce0_0 .net "GLOBAL_BUFFER_OUTPUT", 0 0, L_0x55557b6c7660;  1 drivers
v0x55557b63bd80_0 .net "USER_SIGNAL_TO_GLOBAL_BUFFER", 0 0, o0x7a68e79dec58;  0 drivers
S_0x55557b64e9d0 .scope module, "SB_GB_IO" "SB_GB_IO" 2 123;
 .timescale -12 -12;
    .port_info 0 /INOUT 1 "PACKAGE_PIN";
    .port_info 1 /OUTPUT 1 "GLOBAL_BUFFER_OUTPUT";
    .port_info 2 /INPUT 1 "LATCH_INPUT_VALUE";
    .port_info 3 /INPUT 1 "CLOCK_ENABLE";
    .port_info 4 /INPUT 1 "INPUT_CLK";
    .port_info 5 /INPUT 1 "OUTPUT_CLK";
    .port_info 6 /INPUT 1 "OUTPUT_ENABLE";
    .port_info 7 /INPUT 1 "D_OUT_0";
    .port_info 8 /INPUT 1 "D_OUT_1";
    .port_info 9 /OUTPUT 1 "D_IN_0";
    .port_info 10 /OUTPUT 1 "D_IN_1";
P_0x55557b6874a0 .param/str "IO_STANDARD" 0 2 139, "SB_LVCMOS";
P_0x55557b6874e0 .param/l "NEG_TRIGGER" 0 2 138, C4<0>;
P_0x55557b687520 .param/l "PIN_TYPE" 0 2 136, C4<000000>;
P_0x55557b687560 .param/l "PULLUP" 0 2 137, C4<0>;
o0x7a68e79dee98 .functor BUFZ 1, C4<z>; HiZ drive
L_0x55557b6c76d0 .functor BUFZ 1, o0x7a68e79dee98, C4<0>, C4<0>, C4<0>;
o0x7a68e79dece8 .functor BUFZ 1, C4<z>; HiZ drive
v0x55557b638a10_0 .net "CLOCK_ENABLE", 0 0, o0x7a68e79dece8;  0 drivers
v0x55557b638ad0_0 .net "D_IN_0", 0 0, L_0x55557b6c7940;  1 drivers
v0x55557b6386b0_0 .net "D_IN_1", 0 0, L_0x55557b6c7a00;  1 drivers
o0x7a68e79ded78 .functor BUFZ 1, C4<z>; HiZ drive
v0x55557b6387b0_0 .net "D_OUT_0", 0 0, o0x7a68e79ded78;  0 drivers
o0x7a68e79deda8 .functor BUFZ 1, C4<z>; HiZ drive
v0x55557b638350_0 .net "D_OUT_1", 0 0, o0x7a68e79deda8;  0 drivers
v0x55557b6383f0_0 .net "GLOBAL_BUFFER_OUTPUT", 0 0, L_0x55557b6c76d0;  1 drivers
o0x7a68e79dedd8 .functor BUFZ 1, C4<z>; HiZ drive
v0x55557b637ff0_0 .net "INPUT_CLK", 0 0, o0x7a68e79dedd8;  0 drivers
o0x7a68e79dee08 .functor BUFZ 1, C4<z>; HiZ drive
v0x55557b6380c0_0 .net "LATCH_INPUT_VALUE", 0 0, o0x7a68e79dee08;  0 drivers
o0x7a68e79dee38 .functor BUFZ 1, C4<z>; HiZ drive
v0x55557b637c90_0 .net "OUTPUT_CLK", 0 0, o0x7a68e79dee38;  0 drivers
o0x7a68e79dee68 .functor BUFZ 1, C4<z>; HiZ drive
v0x55557b637d60_0 .net "OUTPUT_ENABLE", 0 0, o0x7a68e79dee68;  0 drivers
v0x55557b637930_0 .net "PACKAGE_PIN", 0 0, o0x7a68e79dee98;  0 drivers
S_0x55557b63b980 .scope module, "IO" "SB_IO" 2 148, 2 17 0, S_0x55557b64e9d0;
 .timescale -12 -12;
    .port_info 0 /INOUT 1 "PACKAGE_PIN";
    .port_info 1 /INPUT 1 "LATCH_INPUT_VALUE";
    .port_info 2 /INPUT 1 "CLOCK_ENABLE";
    .port_info 3 /INPUT 1 "INPUT_CLK";
    .port_info 4 /INPUT 1 "OUTPUT_CLK";
    .port_info 5 /INPUT 1 "OUTPUT_ENABLE";
    .port_info 6 /INPUT 1 "D_OUT_0";
    .port_info 7 /INPUT 1 "D_OUT_1";
    .port_info 8 /OUTPUT 1 "D_IN_0";
    .port_info 9 /OUTPUT 1 "D_IN_1";
P_0x55557b656960 .param/str "IO_STANDARD" 0 2 32, "SB_LVCMOS";
P_0x55557b6569a0 .param/l "NEG_TRIGGER" 0 2 31, C4<0>;
P_0x55557b6569e0 .param/l "PIN_TYPE" 0 2 29, C4<000000>;
P_0x55557b656a20 .param/l "PULLUP" 0 2 30, C4<0>;
L_0x55557b6c7880 .functor OR 1, o0x7a68e79dece8, L_0x55557b6c7790, C4<0>, C4<0>;
L_0x55557b6c7940 .functor BUFZ 1, v0x55557b639af0_0, C4<0>, C4<0>, C4<0>;
L_0x55557b6c7a00 .functor BUFZ 1, v0x55557b639bb0_0, C4<0>, C4<0>, C4<0>;
v0x55557b63b290_0 .net "CLOCK_ENABLE", 0 0, o0x7a68e79dece8;  alias, 0 drivers
v0x55557b63b370_0 .net "D_IN_0", 0 0, L_0x55557b6c7940;  alias, 1 drivers
v0x55557b5f1be0_0 .net "D_IN_1", 0 0, L_0x55557b6c7a00;  alias, 1 drivers
v0x55557b5f1c80_0 .net "D_OUT_0", 0 0, o0x7a68e79ded78;  alias, 0 drivers
v0x55557b63af30_0 .net "D_OUT_1", 0 0, o0x7a68e79deda8;  alias, 0 drivers
v0x55557b63abd0_0 .net "INPUT_CLK", 0 0, o0x7a68e79dedd8;  alias, 0 drivers
v0x55557b63ac90_0 .net "LATCH_INPUT_VALUE", 0 0, o0x7a68e79dee08;  alias, 0 drivers
v0x55557b63a870_0 .net "OUTPUT_CLK", 0 0, o0x7a68e79dee38;  alias, 0 drivers
v0x55557b63a910_0 .net "OUTPUT_ENABLE", 0 0, o0x7a68e79dee68;  alias, 0 drivers
v0x55557b63a510_0 .net "PACKAGE_PIN", 0 0, o0x7a68e79dee98;  alias, 0 drivers
o0x7a68e79deec8 .functor BUFZ 1, C4<z>; HiZ drive
; Elide local net with no drivers, v0x55557b63a5d0_0 name=_ivl_0
v0x55557b63a1b0_0 .net *"_ivl_2", 0 0, L_0x55557b6c7790;  1 drivers
v0x55557b63a270_0 .net "clken_pulled", 0 0, L_0x55557b6c7880;  1 drivers
v0x55557b639e50_0 .var "clken_pulled_ri", 0 0;
v0x55557b639ef0_0 .var "clken_pulled_ro", 0 0;
v0x55557b639af0_0 .var "din_0", 0 0;
v0x55557b639bb0_0 .var "din_1", 0 0;
v0x55557b639430_0 .var "din_q_0", 0 0;
v0x55557b6394f0_0 .var "din_q_1", 0 0;
v0x55557b6390d0_0 .var "dout", 0 0;
v0x55557b639170_0 .var "dout_q_0", 0 0;
v0x55557b5f1880_0 .var "dout_q_1", 0 0;
v0x55557b5f1940_0 .var "outclk_delayed_1", 0 0;
v0x55557b638d70_0 .var "outclk_delayed_2", 0 0;
v0x55557b638e10_0 .var "outena_q", 0 0;
E_0x55557b391260 .event anyedge, v0x55557b638d70_0, v0x55557b639170_0, v0x55557b5f1880_0;
E_0x55557b393410 .event anyedge, v0x55557b5f1940_0;
E_0x55557b3935f0 .event anyedge, v0x55557b63a870_0;
E_0x55557b393750 .event anyedge, v0x55557b639430_0, v0x55557b6394f0_0;
L_0x55557b6c7790 .cmp/eeq 1, o0x7a68e79dece8, o0x7a68e79deec8;
S_0x55557b63b5f0 .scope generate, "genblk1" "genblk1" 2 45, 2 45 0, S_0x55557b63b980;
 .timescale -12 -12;
E_0x55557b393920 .event posedge, v0x55557b63a870_0;
E_0x55557b393a80 .event negedge, v0x55557b63a870_0;
E_0x55557b393ac0 .event negedge, v0x55557b63abd0_0;
E_0x55557b398580 .event posedge, v0x55557b63abd0_0;
S_0x55557b64e670 .scope module, "SB_HFOSC" "SB_HFOSC" 2 2664;
 .timescale -12 -12;
    .port_info 0 /INPUT 1 "TRIM0";
    .port_info 1 /INPUT 1 "TRIM1";
    .port_info 2 /INPUT 1 "TRIM2";
    .port_info 3 /INPUT 1 "TRIM3";
    .port_info 4 /INPUT 1 "TRIM4";
    .port_info 5 /INPUT 1 "TRIM5";
    .port_info 6 /INPUT 1 "TRIM6";
    .port_info 7 /INPUT 1 "TRIM7";
    .port_info 8 /INPUT 1 "TRIM8";
    .port_info 9 /INPUT 1 "TRIM9";
    .port_info 10 /INPUT 1 "CLKHFPU";
    .port_info 11 /INPUT 1 "CLKHFEN";
    .port_info 12 /OUTPUT 1 "CLKHF";
P_0x55557b43fe30 .param/str "CLKHF_DIV" 0 2 2680, "0b00";
P_0x55557b43fe70 .param/str "TRIM_EN" 0 2 2679, "0b0";
o0x7a68e79df5b8 .functor BUFZ 1, C4<z>; HiZ drive
v0x55557b637a20_0 .net "CLKHF", 0 0, o0x7a68e79df5b8;  0 drivers
o0x7a68e79df5e8 .functor BUFZ 1, C4<z>; HiZ drive
v0x55557b6375d0_0 .net "CLKHFEN", 0 0, o0x7a68e79df5e8;  0 drivers
o0x7a68e79df618 .functor BUFZ 1, C4<z>; HiZ drive
v0x55557b637690_0 .net "CLKHFPU", 0 0, o0x7a68e79df618;  0 drivers
o0x7a68e79df648 .functor BUFZ 1, C4<z>; HiZ drive
v0x55557b637270_0 .net "TRIM0", 0 0, o0x7a68e79df648;  0 drivers
o0x7a68e79df678 .functor BUFZ 1, C4<z>; HiZ drive
v0x55557b637330_0 .net "TRIM1", 0 0, o0x7a68e79df678;  0 drivers
o0x7a68e79df6a8 .functor BUFZ 1, C4<z>; HiZ drive
v0x55557b636f10_0 .net "TRIM2", 0 0, o0x7a68e79df6a8;  0 drivers
o0x7a68e79df6d8 .functor BUFZ 1, C4<z>; HiZ drive
v0x55557b636fb0_0 .net "TRIM3", 0 0, o0x7a68e79df6d8;  0 drivers
o0x7a68e79df708 .functor BUFZ 1, C4<z>; HiZ drive
v0x55557b5f14f0_0 .net "TRIM4", 0 0, o0x7a68e79df708;  0 drivers
o0x7a68e79df738 .functor BUFZ 1, C4<z>; HiZ drive
v0x55557b5f15b0_0 .net "TRIM5", 0 0, o0x7a68e79df738;  0 drivers
o0x7a68e79df768 .functor BUFZ 1, C4<z>; HiZ drive
v0x55557b636c60_0 .net "TRIM6", 0 0, o0x7a68e79df768;  0 drivers
o0x7a68e79df798 .functor BUFZ 1, C4<z>; HiZ drive
v0x55557b636850_0 .net "TRIM7", 0 0, o0x7a68e79df798;  0 drivers
o0x7a68e79df7c8 .functor BUFZ 1, C4<z>; HiZ drive
v0x55557b636910_0 .net "TRIM8", 0 0, o0x7a68e79df7c8;  0 drivers
o0x7a68e79df7f8 .functor BUFZ 1, C4<z>; HiZ drive
v0x55557b6364f0_0 .net "TRIM9", 0 0, o0x7a68e79df7f8;  0 drivers
S_0x55557b64e310 .scope module, "SB_I2C" "SB_I2C" 2 2733;
 .timescale -12 -12;
    .port_info 0 /INPUT 1 "SBCLKI";
    .port_info 1 /INPUT 1 "SBRWI";
    .port_info 2 /INPUT 1 "SBSTBI";
    .port_info 3 /INPUT 1 "SBADRI7";
    .port_info 4 /INPUT 1 "SBADRI6";
    .port_info 5 /INPUT 1 "SBADRI5";
    .port_info 6 /INPUT 1 "SBADRI4";
    .port_info 7 /INPUT 1 "SBADRI3";
    .port_info 8 /INPUT 1 "SBADRI2";
    .port_info 9 /INPUT 1 "SBADRI1";
    .port_info 10 /INPUT 1 "SBADRI0";
    .port_info 11 /INPUT 1 "SBDATI7";
    .port_info 12 /INPUT 1 "SBDATI6";
    .port_info 13 /INPUT 1 "SBDATI5";
    .port_info 14 /INPUT 1 "SBDATI4";
    .port_info 15 /INPUT 1 "SBDATI3";
    .port_info 16 /INPUT 1 "SBDATI2";
    .port_info 17 /INPUT 1 "SBDATI1";
    .port_info 18 /INPUT 1 "SBDATI0";
    .port_info 19 /INPUT 1 "SCLI";
    .port_info 20 /INPUT 1 "SDAI";
    .port_info 21 /OUTPUT 1 "SBDATO7";
    .port_info 22 /OUTPUT 1 "SBDATO6";
    .port_info 23 /OUTPUT 1 "SBDATO5";
    .port_info 24 /OUTPUT 1 "SBDATO4";
    .port_info 25 /OUTPUT 1 "SBDATO3";
    .port_info 26 /OUTPUT 1 "SBDATO2";
    .port_info 27 /OUTPUT 1 "SBDATO1";
    .port_info 28 /OUTPUT 1 "SBDATO0";
    .port_info 29 /OUTPUT 1 "SBACKO";
    .port_info 30 /OUTPUT 1 "I2CIRQ";
    .port_info 31 /OUTPUT 1 "I2CWKUP";
    .port_info 32 /OUTPUT 1 "SCLO";
    .port_info 33 /OUTPUT 1 "SCLOE";
    .port_info 34 /OUTPUT 1 "SDAO";
    .port_info 35 /OUTPUT 1 "SDAOE";
P_0x55557b446490 .param/str "BUS_ADDR74" 0 2 2772, "0b0001";
P_0x55557b4464d0 .param/str "I2C_SLAVE_INIT_ADDR" 0 2 2771, "0b1111100001";
o0x7a68e79dfa98 .functor BUFZ 1, C4<z>; HiZ drive
v0x55557b636190_0 .net "I2CIRQ", 0 0, o0x7a68e79dfa98;  0 drivers
o0x7a68e79dfac8 .functor BUFZ 1, C4<z>; HiZ drive
v0x55557b636270_0 .net "I2CWKUP", 0 0, o0x7a68e79dfac8;  0 drivers
o0x7a68e79dfaf8 .functor BUFZ 1, C4<z>; HiZ drive
v0x55557b635e30_0 .net "SBACKO", 0 0, o0x7a68e79dfaf8;  0 drivers
o0x7a68e79dfb28 .functor BUFZ 1, C4<z>; HiZ drive
v0x55557b635f00_0 .net "SBADRI0", 0 0, o0x7a68e79dfb28;  0 drivers
o0x7a68e79dfb58 .functor BUFZ 1, C4<z>; HiZ drive
v0x55557b635aa0_0 .net "SBADRI1", 0 0, o0x7a68e79dfb58;  0 drivers
o0x7a68e79dfb88 .functor BUFZ 1, C4<z>; HiZ drive
v0x55557b635b60_0 .net "SBADRI2", 0 0, o0x7a68e79dfb88;  0 drivers
o0x7a68e79dfbb8 .functor BUFZ 1, C4<z>; HiZ drive
v0x55557b635740_0 .net "SBADRI3", 0 0, o0x7a68e79dfbb8;  0 drivers
o0x7a68e79dfbe8 .functor BUFZ 1, C4<z>; HiZ drive
v0x55557b6357e0_0 .net "SBADRI4", 0 0, o0x7a68e79dfbe8;  0 drivers
o0x7a68e79dfc18 .functor BUFZ 1, C4<z>; HiZ drive
v0x55557b6353e0_0 .net "SBADRI5", 0 0, o0x7a68e79dfc18;  0 drivers
o0x7a68e79dfc48 .functor BUFZ 1, C4<z>; HiZ drive
v0x55557b635080_0 .net "SBADRI6", 0 0, o0x7a68e79dfc48;  0 drivers
o0x7a68e79dfc78 .functor BUFZ 1, C4<z>; HiZ drive
v0x55557b635140_0 .net "SBADRI7", 0 0, o0x7a68e79dfc78;  0 drivers
o0x7a68e79dfca8 .functor BUFZ 1, C4<z>; HiZ drive
v0x55557b634d20_0 .net "SBCLKI", 0 0, o0x7a68e79dfca8;  0 drivers
o0x7a68e79dfcd8 .functor BUFZ 1, C4<z>; HiZ drive
v0x55557b634dc0_0 .net "SBDATI0", 0 0, o0x7a68e79dfcd8;  0 drivers
o0x7a68e79dfd08 .functor BUFZ 1, C4<z>; HiZ drive
v0x55557b5f1190_0 .net "SBDATI1", 0 0, o0x7a68e79dfd08;  0 drivers
o0x7a68e79dfd38 .functor BUFZ 1, C4<z>; HiZ drive
v0x55557b5f1250_0 .net "SBDATI2", 0 0, o0x7a68e79dfd38;  0 drivers
o0x7a68e79dfd68 .functor BUFZ 1, C4<z>; HiZ drive
v0x55557b6349c0_0 .net "SBDATI3", 0 0, o0x7a68e79dfd68;  0 drivers
o0x7a68e79dfd98 .functor BUFZ 1, C4<z>; HiZ drive
v0x55557b634a60_0 .net "SBDATI4", 0 0, o0x7a68e79dfd98;  0 drivers
o0x7a68e79dfdc8 .functor BUFZ 1, C4<z>; HiZ drive
v0x55557b634300_0 .net "SBDATI5", 0 0, o0x7a68e79dfdc8;  0 drivers
o0x7a68e79dfdf8 .functor BUFZ 1, C4<z>; HiZ drive
v0x55557b6343c0_0 .net "SBDATI6", 0 0, o0x7a68e79dfdf8;  0 drivers
o0x7a68e79dfe28 .functor BUFZ 1, C4<z>; HiZ drive
v0x55557b633fa0_0 .net "SBDATI7", 0 0, o0x7a68e79dfe28;  0 drivers
o0x7a68e79dfe58 .functor BUFZ 1, C4<z>; HiZ drive
v0x55557b634040_0 .net "SBDATO0", 0 0, o0x7a68e79dfe58;  0 drivers
o0x7a68e79dfe88 .functor BUFZ 1, C4<z>; HiZ drive
v0x55557b633c40_0 .net "SBDATO1", 0 0, o0x7a68e79dfe88;  0 drivers
o0x7a68e79dfeb8 .functor BUFZ 1, C4<z>; HiZ drive
v0x55557b633d00_0 .net "SBDATO2", 0 0, o0x7a68e79dfeb8;  0 drivers
o0x7a68e79dfee8 .functor BUFZ 1, C4<z>; HiZ drive
v0x55557b5ea3b0_0 .net "SBDATO3", 0 0, o0x7a68e79dfee8;  0 drivers
o0x7a68e79dff18 .functor BUFZ 1, C4<z>; HiZ drive
v0x55557b5ea450_0 .net "SBDATO4", 0 0, o0x7a68e79dff18;  0 drivers
o0x7a68e79dff48 .functor BUFZ 1, C4<z>; HiZ drive
v0x55557b6338e0_0 .net "SBDATO5", 0 0, o0x7a68e79dff48;  0 drivers
o0x7a68e79dff78 .functor BUFZ 1, C4<z>; HiZ drive
v0x55557b6339a0_0 .net "SBDATO6", 0 0, o0x7a68e79dff78;  0 drivers
o0x7a68e79dffa8 .functor BUFZ 1, C4<z>; HiZ drive
v0x55557b633580_0 .net "SBDATO7", 0 0, o0x7a68e79dffa8;  0 drivers
o0x7a68e79dffd8 .functor BUFZ 1, C4<z>; HiZ drive
v0x55557b633620_0 .net "SBRWI", 0 0, o0x7a68e79dffd8;  0 drivers
o0x7a68e79e0008 .functor BUFZ 1, C4<z>; HiZ drive
v0x55557b633220_0 .net "SBSTBI", 0 0, o0x7a68e79e0008;  0 drivers
o0x7a68e79e0038 .functor BUFZ 1, C4<z>; HiZ drive
v0x55557b6332e0_0 .net "SCLI", 0 0, o0x7a68e79e0038;  0 drivers
o0x7a68e79e0068 .functor BUFZ 1, C4<z>; HiZ drive
v0x55557b632ec0_0 .net "SCLO", 0 0, o0x7a68e79e0068;  0 drivers
o0x7a68e79e0098 .functor BUFZ 1, C4<z>; HiZ drive
v0x55557b632f60_0 .net "SCLOE", 0 0, o0x7a68e79e0098;  0 drivers
o0x7a68e79e00c8 .functor BUFZ 1, C4<z>; HiZ drive
v0x55557b632b60_0 .net "SDAI", 0 0, o0x7a68e79e00c8;  0 drivers
o0x7a68e79e00f8 .functor BUFZ 1, C4<z>; HiZ drive
v0x55557b632c20_0 .net "SDAO", 0 0, o0x7a68e79e00f8;  0 drivers
o0x7a68e79e0128 .functor BUFZ 1, C4<z>; HiZ drive
v0x55557b5f0e30_0 .net "SDAOE", 0 0, o0x7a68e79e0128;  0 drivers
S_0x55557b5f3a70 .scope module, "SB_IO_I3C" "SB_IO_I3C" 2 2862;
 .timescale -12 -12;
    .port_info 0 /INOUT 1 "PACKAGE_PIN";
    .port_info 1 /INPUT 1 "LATCH_INPUT_VALUE";
    .port_info 2 /INPUT 1 "CLOCK_ENABLE";
    .port_info 3 /INPUT 1 "INPUT_CLK";
    .port_info 4 /INPUT 1 "OUTPUT_CLK";
    .port_info 5 /INPUT 1 "OUTPUT_ENABLE";
    .port_info 6 /INPUT 1 "D_OUT_0";
    .port_info 7 /INPUT 1 "D_OUT_1";
    .port_info 8 /OUTPUT 1 "D_IN_0";
    .port_info 9 /OUTPUT 1 "D_IN_1";
    .port_info 10 /INPUT 1 "PU_ENB";
    .port_info 11 /INPUT 1 "WEAK_PU_ENB";
P_0x55557b6529f0 .param/str "IO_STANDARD" 0 2 2880, "SB_LVCMOS";
P_0x55557b652a30 .param/l "NEG_TRIGGER" 0 2 2879, C4<0>;
P_0x55557b652a70 .param/l "PIN_TYPE" 0 2 2876, C4<000000>;
P_0x55557b652ab0 .param/l "PULLUP" 0 2 2877, C4<0>;
P_0x55557b652af0 .param/l "WEAK_PULLUP" 0 2 2878, C4<0>;
L_0x55557b6c7ac0 .functor BUFZ 1, v0x55557b631100_0, C4<0>, C4<0>, C4<0>;
L_0x55557b6c7b30 .functor BUFZ 1, v0x55557b630d00_0, C4<0>, C4<0>, C4<0>;
o0x7a68e79e0818 .functor BUFZ 1, C4<z>; HiZ drive
v0x55557b6324a0_0 .net "CLOCK_ENABLE", 0 0, o0x7a68e79e0818;  0 drivers
v0x55557b632560_0 .net "D_IN_0", 0 0, L_0x55557b6c7ac0;  1 drivers
v0x55557b632140_0 .net "D_IN_1", 0 0, L_0x55557b6c7b30;  1 drivers
o0x7a68e79e08a8 .functor BUFZ 1, C4<z>; HiZ drive
v0x55557b6321e0_0 .net "D_OUT_0", 0 0, o0x7a68e79e08a8;  0 drivers
o0x7a68e79e08d8 .functor BUFZ 1, C4<z>; HiZ drive
v0x55557b631de0_0 .net "D_OUT_1", 0 0, o0x7a68e79e08d8;  0 drivers
o0x7a68e79e0908 .functor BUFZ 1, C4<z>; HiZ drive
v0x55557b631a80_0 .net "INPUT_CLK", 0 0, o0x7a68e79e0908;  0 drivers
o0x7a68e79e0938 .functor BUFZ 1, C4<z>; HiZ drive
v0x55557b631b40_0 .net "LATCH_INPUT_VALUE", 0 0, o0x7a68e79e0938;  0 drivers
o0x7a68e79e0968 .functor BUFZ 1, C4<z>; HiZ drive
v0x55557b631720_0 .net "OUTPUT_CLK", 0 0, o0x7a68e79e0968;  0 drivers
o0x7a68e79e0998 .functor BUFZ 1, C4<z>; HiZ drive
v0x55557b6317c0_0 .net "OUTPUT_ENABLE", 0 0, o0x7a68e79e0998;  0 drivers
o0x7a68e79e09c8 .functor BUFZ 1, C4<z>; HiZ drive
v0x55557b6313c0_0 .net "PACKAGE_PIN", 0 0, o0x7a68e79e09c8;  0 drivers
o0x7a68e79e09f8 .functor BUFZ 1, C4<z>; HiZ drive
v0x55557b631480_0 .net "PU_ENB", 0 0, o0x7a68e79e09f8;  0 drivers
o0x7a68e79e0a28 .functor BUFZ 1, C4<z>; HiZ drive
v0x55557b631060_0 .net "WEAK_PU_ENB", 0 0, o0x7a68e79e0a28;  0 drivers
v0x55557b631100_0 .var "din_0", 0 0;
v0x55557b630d00_0 .var "din_1", 0 0;
v0x55557b630dc0_0 .var "din_q_0", 0 0;
v0x55557b6309a0_0 .var "din_q_1", 0 0;
v0x55557b630a40_0 .var "dout", 0 0;
v0x55557b5f0ad0_0 .var "dout_q_0", 0 0;
v0x55557b5f0b90_0 .var "dout_q_1", 0 0;
v0x55557b630640_0 .var "outclk_delayed_1", 0 0;
v0x55557b6306e0_0 .var "outclk_delayed_2", 0 0;
v0x55557b6302b0_0 .var "outena_q", 0 0;
E_0x55557b637730 .event anyedge, v0x55557b6306e0_0, v0x55557b5f0ad0_0, v0x55557b5f0b90_0;
E_0x55557b3871f0 .event anyedge, v0x55557b630640_0;
E_0x55557b387230 .event anyedge, v0x55557b631720_0;
E_0x55557b387540 .event anyedge, v0x55557b630dc0_0, v0x55557b6309a0_0;
S_0x55557b632800 .scope generate, "genblk1" "genblk1" 2 2888, 2 2888 0, S_0x55557b5f3a70;
 .timescale -12 -12;
E_0x55557b387880 .event posedge, v0x55557b631720_0;
E_0x55557b3859d0 .event negedge, v0x55557b631720_0;
E_0x55557b386770 .event negedge, v0x55557b631a80_0;
E_0x55557b3869a0 .event posedge, v0x55557b631a80_0;
S_0x55557b64dc20 .scope module, "SB_IO_OD" "SB_IO_OD" 2 2931;
 .timescale -12 -12;
    .port_info 0 /INOUT 1 "PACKAGEPIN";
    .port_info 1 /INPUT 1 "LATCHINPUTVALUE";
    .port_info 2 /INPUT 1 "CLOCKENABLE";
    .port_info 3 /INPUT 1 "INPUTCLK";
    .port_info 4 /INPUT 1 "OUTPUTCLK";
    .port_info 5 /INPUT 1 "OUTPUTENABLE";
    .port_info 6 /INPUT 1 "DOUT1";
    .port_info 7 /INPUT 1 "DOUT0";
    .port_info 8 /OUTPUT 1 "DIN1";
    .port_info 9 /OUTPUT 1 "DIN0";
P_0x55557b444710 .param/l "NEG_TRIGGER" 0 2 2944, C4<0>;
P_0x55557b444750 .param/l "PIN_TYPE" 0 2 2943, C4<000000>;
L_0x55557b6c7ba0 .functor BUFZ 1, v0x55557b62ebd0_0, C4<0>, C4<0>, C4<0>;
L_0x55557b6c7c10 .functor BUFZ 1, v0x55557b62e7b0_0, C4<0>, C4<0>, C4<0>;
o0x7a68e79e0e78 .functor BUFZ 1, C4<z>; HiZ drive
v0x55557b62fbf0_0 .net "CLOCKENABLE", 0 0, o0x7a68e79e0e78;  0 drivers
v0x55557b62fcb0_0 .net "DIN0", 0 0, L_0x55557b6c7ba0;  1 drivers
v0x55557b62f890_0 .net "DIN1", 0 0, L_0x55557b6c7c10;  1 drivers
o0x7a68e79e0f08 .functor BUFZ 1, C4<z>; HiZ drive
v0x55557b62f930_0 .net "DOUT0", 0 0, o0x7a68e79e0f08;  0 drivers
o0x7a68e79e0f38 .functor BUFZ 1, C4<z>; HiZ drive
v0x55557b62f530_0 .net "DOUT1", 0 0, o0x7a68e79e0f38;  0 drivers
o0x7a68e79e0f68 .functor BUFZ 1, C4<z>; HiZ drive
v0x55557b62f1d0_0 .net "INPUTCLK", 0 0, o0x7a68e79e0f68;  0 drivers
o0x7a68e79e0f98 .functor BUFZ 1, C4<z>; HiZ drive
v0x55557b62f290_0 .net "LATCHINPUTVALUE", 0 0, o0x7a68e79e0f98;  0 drivers
o0x7a68e79e0fc8 .functor BUFZ 1, C4<z>; HiZ drive
v0x55557b62ee70_0 .net "OUTPUTCLK", 0 0, o0x7a68e79e0fc8;  0 drivers
o0x7a68e79e0ff8 .functor BUFZ 1, C4<z>; HiZ drive
v0x55557b62ef10_0 .net "OUTPUTENABLE", 0 0, o0x7a68e79e0ff8;  0 drivers
o0x7a68e79e1028 .functor BUFZ 1, C4<z>; HiZ drive
v0x55557b62eb10_0 .net "PACKAGEPIN", 0 0, o0x7a68e79e1028;  0 drivers
v0x55557b62ebd0_0 .var "din_0", 0 0;
v0x55557b62e7b0_0 .var "din_1", 0 0;
v0x55557b62e850_0 .var "din_q_0", 0 0;
v0x55557b5f0770_0 .var "din_q_1", 0 0;
v0x55557b5f0830_0 .var "dout", 0 0;
v0x55557b62e450_0 .var "dout_q_0", 0 0;
v0x55557b62e4f0_0 .var "dout_q_1", 0 0;
v0x55557b62dd90_0 .var "outclk_delayed_1", 0 0;
v0x55557b62de50_0 .var "outclk_delayed_2", 0 0;
v0x55557b62da30_0 .var "outena_q", 0 0;
E_0x55557b630410 .event anyedge, v0x55557b62de50_0, v0x55557b62e450_0, v0x55557b62e4f0_0;
E_0x55557b3862f0 .event anyedge, v0x55557b62dd90_0;
E_0x55557b6322a0 .event anyedge, v0x55557b62ee70_0;
E_0x55557b386520 .event anyedge, v0x55557b62e850_0, v0x55557b5f0770_0;
S_0x55557b62ff50 .scope generate, "genblk1" "genblk1" 2 2952, 2 2952 0, S_0x55557b64dc20;
 .timescale -12 -12;
E_0x55557b385c20 .event posedge, v0x55557b62ee70_0;
E_0x55557b385780 .event negedge, v0x55557b62ee70_0;
E_0x55557b385e60 .event negedge, v0x55557b62f1d0_0;
E_0x55557b386060 .event posedge, v0x55557b62f1d0_0;
S_0x55557b64d8c0 .scope module, "SB_LEDDA_IP" "SB_LEDDA_IP" 2 2830;
 .timescale -12 -12;
    .port_info 0 /INPUT 1 "LEDDCS";
    .port_info 1 /INPUT 1 "LEDDCLK";
    .port_info 2 /INPUT 1 "LEDDDAT7";
    .port_info 3 /INPUT 1 "LEDDDAT6";
    .port_info 4 /INPUT 1 "LEDDDAT5";
    .port_info 5 /INPUT 1 "LEDDDAT4";
    .port_info 6 /INPUT 1 "LEDDDAT3";
    .port_info 7 /INPUT 1 "LEDDDAT2";
    .port_info 8 /INPUT 1 "LEDDDAT1";
    .port_info 9 /INPUT 1 "LEDDDAT0";
    .port_info 10 /INPUT 1 "LEDDADDR3";
    .port_info 11 /INPUT 1 "LEDDADDR2";
    .port_info 12 /INPUT 1 "LEDDADDR1";
    .port_info 13 /INPUT 1 "LEDDADDR0";
    .port_info 14 /INPUT 1 "LEDDDEN";
    .port_info 15 /INPUT 1 "LEDDEXE";
    .port_info 16 /INPUT 1 "LEDDRST";
    .port_info 17 /OUTPUT 1 "PWMOUT0";
    .port_info 18 /OUTPUT 1 "PWMOUT1";
    .port_info 19 /OUTPUT 1 "PWMOUT2";
    .port_info 20 /OUTPUT 1 "LEDDON";
o0x7a68e79e1418 .functor BUFZ 1, C4<z>; HiZ drive
v0x55557b62d6d0_0 .net "LEDDADDR0", 0 0, o0x7a68e79e1418;  0 drivers
o0x7a68e79e1448 .functor BUFZ 1, C4<z>; HiZ drive
v0x55557b62d7b0_0 .net "LEDDADDR1", 0 0, o0x7a68e79e1448;  0 drivers
o0x7a68e79e1478 .functor BUFZ 1, C4<z>; HiZ drive
v0x55557b62d370_0 .net "LEDDADDR2", 0 0, o0x7a68e79e1478;  0 drivers
o0x7a68e79e14a8 .functor BUFZ 1, C4<z>; HiZ drive
v0x55557b62d410_0 .net "LEDDADDR3", 0 0, o0x7a68e79e14a8;  0 drivers
o0x7a68e79e14d8 .functor BUFZ 1, C4<z>; HiZ drive
v0x55557b62d010_0 .net "LEDDCLK", 0 0, o0x7a68e79e14d8;  0 drivers
o0x7a68e79e1508 .functor BUFZ 1, C4<z>; HiZ drive
v0x55557b62d0d0_0 .net "LEDDCS", 0 0, o0x7a68e79e1508;  0 drivers
o0x7a68e79e1538 .functor BUFZ 1, C4<z>; HiZ drive
v0x55557b62ccb0_0 .net "LEDDDAT0", 0 0, o0x7a68e79e1538;  0 drivers
o0x7a68e79e1568 .functor BUFZ 1, C4<z>; HiZ drive
v0x55557b62cd50_0 .net "LEDDDAT1", 0 0, o0x7a68e79e1568;  0 drivers
o0x7a68e79e1598 .functor BUFZ 1, C4<z>; HiZ drive
v0x55557b62c950_0 .net "LEDDDAT2", 0 0, o0x7a68e79e1598;  0 drivers
o0x7a68e79e15c8 .functor BUFZ 1, C4<z>; HiZ drive
v0x55557b62ca10_0 .net "LEDDDAT3", 0 0, o0x7a68e79e15c8;  0 drivers
o0x7a68e79e15f8 .functor BUFZ 1, C4<z>; HiZ drive
v0x55557b62c5f0_0 .net "LEDDDAT4", 0 0, o0x7a68e79e15f8;  0 drivers
o0x7a68e79e1628 .functor BUFZ 1, C4<z>; HiZ drive
v0x55557b62c690_0 .net "LEDDDAT5", 0 0, o0x7a68e79e1628;  0 drivers
o0x7a68e79e1658 .functor BUFZ 1, C4<z>; HiZ drive
v0x55557b5f0410_0 .net "LEDDDAT6", 0 0, o0x7a68e79e1658;  0 drivers
o0x7a68e79e1688 .functor BUFZ 1, C4<z>; HiZ drive
v0x55557b5f04d0_0 .net "LEDDDAT7", 0 0, o0x7a68e79e1688;  0 drivers
o0x7a68e79e16b8 .functor BUFZ 1, C4<z>; HiZ drive
v0x55557b62c290_0 .net "LEDDDEN", 0 0, o0x7a68e79e16b8;  0 drivers
o0x7a68e79e16e8 .functor BUFZ 1, C4<z>; HiZ drive
v0x55557b62c330_0 .net "LEDDEXE", 0 0, o0x7a68e79e16e8;  0 drivers
o0x7a68e79e1718 .functor BUFZ 1, C4<z>; HiZ drive
v0x55557b62bf30_0 .net "LEDDON", 0 0, o0x7a68e79e1718;  0 drivers
o0x7a68e79e1748 .functor BUFZ 1, C4<z>; HiZ drive
v0x55557b62bfd0_0 .net "LEDDRST", 0 0, o0x7a68e79e1748;  0 drivers
o0x7a68e79e1778 .functor BUFZ 1, C4<z>; HiZ drive
v0x55557b62b870_0 .net "PWMOUT0", 0 0, o0x7a68e79e1778;  0 drivers
o0x7a68e79e17a8 .functor BUFZ 1, C4<z>; HiZ drive
v0x55557b62b930_0 .net "PWMOUT1", 0 0, o0x7a68e79e17a8;  0 drivers
o0x7a68e79e17d8 .functor BUFZ 1, C4<z>; HiZ drive
v0x55557b62b510_0 .net "PWMOUT2", 0 0, o0x7a68e79e17d8;  0 drivers
S_0x55557b64d560 .scope module, "SB_LED_DRV_CUR" "SB_LED_DRV_CUR" 2 2709;
 .timescale -12 -12;
    .port_info 0 /INPUT 1 "EN";
    .port_info 1 /OUTPUT 1 "LEDPU";
o0x7a68e79e1bf8 .functor BUFZ 1, C4<z>; HiZ drive
v0x55557b62b1b0_0 .net "EN", 0 0, o0x7a68e79e1bf8;  0 drivers
o0x7a68e79e1c28 .functor BUFZ 1, C4<z>; HiZ drive
v0x55557b62b290_0 .net "LEDPU", 0 0, o0x7a68e79e1c28;  0 drivers
S_0x55557b64d200 .scope module, "SB_LFOSC" "SB_LFOSC" 2 2684;
 .timescale -12 -12;
    .port_info 0 /INPUT 1 "CLKLFPU";
    .port_info 1 /INPUT 1 "CLKLFEN";
    .port_info 2 /OUTPUT 1 "CLKLF";
o0x7a68e79e1cb8 .functor BUFZ 1, C4<z>; HiZ drive
v0x55557b62ae20_0 .net "CLKLF", 0 0, o0x7a68e79e1cb8;  0 drivers
o0x7a68e79e1ce8 .functor BUFZ 1, C4<z>; HiZ drive
v0x55557b62aee0_0 .net "CLKLFEN", 0 0, o0x7a68e79e1ce8;  0 drivers
o0x7a68e79e1d18 .functor BUFZ 1, C4<z>; HiZ drive
v0x55557b62aac0_0 .net "CLKLFPU", 0 0, o0x7a68e79e1d18;  0 drivers
S_0x55557b64cea0 .scope module, "SB_LUT4" "SB_LUT4" 2 177;
 .timescale -12 -12;
    .port_info 0 /OUTPUT 1 "O";
    .port_info 1 /INPUT 1 "I0";
    .port_info 2 /INPUT 1 "I1";
    .port_info 3 /INPUT 1 "I2";
    .port_info 4 /INPUT 1 "I3";
P_0x55557b551fb0 .param/l "LUT_INIT" 0 2 184, C4<0000000000000000>;
o0x7a68e79e1dd8 .functor BUFZ 1, C4<z>; HiZ drive
v0x55557b62abc0_0 .net "I0", 0 0, o0x7a68e79e1dd8;  0 drivers
o0x7a68e79e1e08 .functor BUFZ 1, C4<z>; HiZ drive
v0x55557b62a760_0 .net "I1", 0 0, o0x7a68e79e1e08;  0 drivers
o0x7a68e79e1e38 .functor BUFZ 1, C4<z>; HiZ drive
v0x55557b62a820_0 .net "I2", 0 0, o0x7a68e79e1e38;  0 drivers
o0x7a68e79e1e68 .functor BUFZ 1, C4<z>; HiZ drive
v0x55557b62a400_0 .net "I3", 0 0, o0x7a68e79e1e68;  0 drivers
v0x55557b62a4c0_0 .net "O", 0 0, L_0x55557b6c8640;  1 drivers
L_0x7a68e79903c0 .functor BUFT 1, C4<00000000>, C4<0>, C4<0>, C4<0>;
v0x55557b5f00b0_0 .net/2u *"_ivl_0", 7 0, L_0x7a68e79903c0;  1 drivers
v0x55557b5f0170_0 .net *"_ivl_13", 1 0, L_0x55557b6c8150;  1 drivers
v0x55557b62a0a0_0 .net *"_ivl_15", 1 0, L_0x55557b6c8240;  1 drivers
v0x55557b62a180_0 .net *"_ivl_19", 0 0, L_0x55557b6c8460;  1 drivers
L_0x7a68e7990408 .functor BUFT 1, C4<00000000>, C4<0>, C4<0>, C4<0>;
v0x55557b629d40_0 .net/2u *"_ivl_2", 7 0, L_0x7a68e7990408;  1 drivers
v0x55557b629e00_0 .net *"_ivl_21", 0 0, L_0x55557b6c85a0;  1 drivers
v0x55557b6299e0_0 .net *"_ivl_7", 3 0, L_0x55557b6c7e20;  1 drivers
v0x55557b629ac0_0 .net *"_ivl_9", 3 0, L_0x55557b6c7f10;  1 drivers
v0x55557b629680_0 .net "s1", 1 0, L_0x55557b6c8320;  1 drivers
v0x55557b629760_0 .net "s2", 3 0, L_0x55557b6c7fb0;  1 drivers
v0x55557b629320_0 .net "s3", 7 0, L_0x55557b6c7c80;  1 drivers
L_0x55557b6c7c80 .functor MUXZ 8, L_0x7a68e7990408, L_0x7a68e79903c0, o0x7a68e79e1e68, C4<>;
L_0x55557b6c7e20 .part L_0x55557b6c7c80, 4, 4;
L_0x55557b6c7f10 .part L_0x55557b6c7c80, 0, 4;
L_0x55557b6c7fb0 .functor MUXZ 4, L_0x55557b6c7f10, L_0x55557b6c7e20, o0x7a68e79e1e38, C4<>;
L_0x55557b6c8150 .part L_0x55557b6c7fb0, 2, 2;
L_0x55557b6c8240 .part L_0x55557b6c7fb0, 0, 2;
L_0x55557b6c8320 .functor MUXZ 2, L_0x55557b6c8240, L_0x55557b6c8150, o0x7a68e79e1e08, C4<>;
L_0x55557b6c8460 .part L_0x55557b6c8320, 1, 1;
L_0x55557b6c85a0 .part L_0x55557b6c8320, 0, 1;
L_0x55557b6c8640 .functor MUXZ 1, L_0x55557b6c85a0, L_0x55557b6c8460, o0x7a68e79e1dd8, C4<>;
S_0x55557b64cb40 .scope module, "SB_MAC16" "SB_MAC16" 2 2996;
 .timescale -12 -12;
    .port_info 0 /INPUT 1 "CLK";
    .port_info 1 /INPUT 1 "CE";
    .port_info 2 /INPUT 16 "C";
    .port_info 3 /INPUT 16 "A";
    .port_info 4 /INPUT 16 "B";
    .port_info 5 /INPUT 16 "D";
    .port_info 6 /INPUT 1 "AHOLD";
    .port_info 7 /INPUT 1 "BHOLD";
    .port_info 8 /INPUT 1 "CHOLD";
    .port_info 9 /INPUT 1 "DHOLD";
    .port_info 10 /INPUT 1 "IRSTTOP";
    .port_info 11 /INPUT 1 "IRSTBOT";
    .port_info 12 /INPUT 1 "ORSTTOP";
    .port_info 13 /INPUT 1 "ORSTBOT";
    .port_info 14 /INPUT 1 "OLOADTOP";
    .port_info 15 /INPUT 1 "OLOADBOT";
    .port_info 16 /INPUT 1 "ADDSUBTOP";
    .port_info 17 /INPUT 1 "ADDSUBBOT";
    .port_info 18 /INPUT 1 "OHOLDTOP";
    .port_info 19 /INPUT 1 "OHOLDBOT";
    .port_info 20 /INPUT 1 "CI";
    .port_info 21 /INPUT 1 "ACCUMCI";
    .port_info 22 /INPUT 1 "SIGNEXTIN";
    .port_info 23 /OUTPUT 32 "O";
    .port_info 24 /OUTPUT 1 "CO";
    .port_info 25 /OUTPUT 1 "ACCUMCO";
    .port_info 26 /OUTPUT 1 "SIGNEXTOUT";
P_0x55557b3843d0 .param/l "A_REG" 0 2 3011, C4<0>;
P_0x55557b384410 .param/l "A_SIGNED" 0 2 3027, C4<0>;
P_0x55557b384450 .param/l "BOTADDSUB_CARRYSELECT" 0 2 3025, C4<00>;
P_0x55557b384490 .param/l "BOTADDSUB_LOWERINPUT" 0 2 3023, C4<00>;
P_0x55557b3844d0 .param/l "BOTADDSUB_UPPERINPUT" 0 2 3024, C4<0>;
P_0x55557b384510 .param/l "BOTOUTPUT_SELECT" 0 2 3022, C4<00>;
P_0x55557b384550 .param/l "BOT_8x8_MULT_REG" 0 2 3015, C4<0>;
P_0x55557b384590 .param/l "B_REG" 0 2 3012, C4<0>;
P_0x55557b3845d0 .param/l "B_SIGNED" 0 2 3028, C4<0>;
P_0x55557b384610 .param/l "C_REG" 0 2 3010, C4<0>;
P_0x55557b384650 .param/l "D_REG" 0 2 3013, C4<0>;
P_0x55557b384690 .param/l "MODE_8x8" 0 2 3026, C4<0>;
P_0x55557b3846d0 .param/l "NEG_TRIGGER" 0 2 3009, C4<0>;
P_0x55557b384710 .param/l "PIPELINE_16x16_MULT_REG1" 0 2 3016, C4<0>;
P_0x55557b384750 .param/l "PIPELINE_16x16_MULT_REG2" 0 2 3017, C4<0>;
P_0x55557b384790 .param/l "TOPADDSUB_CARRYSELECT" 0 2 3021, C4<00>;
P_0x55557b3847d0 .param/l "TOPADDSUB_LOWERINPUT" 0 2 3019, C4<00>;
P_0x55557b384810 .param/l "TOPADDSUB_UPPERINPUT" 0 2 3020, C4<0>;
P_0x55557b384850 .param/l "TOPOUTPUT_SELECT" 0 2 3018, C4<00>;
P_0x55557b384890 .param/l "TOP_8x8_MULT_REG" 0 2 3014, C4<0>;
o0x7a68e79e24c8 .functor BUFZ 1, C4<z>; HiZ drive
L_0x7a68e7990450 .functor BUFT 1, C4<0>, C4<0>, C4<0>, C4<0>;
L_0x55557b6c87c0 .functor XOR 1, o0x7a68e79e24c8, L_0x7a68e7990450, C4<0>, C4<0>;
o0x7a68e79e2408 .functor BUFZ 16, C4<zzzzzzzzzzzzzzzz>; HiZ drive
L_0x55557b6c88b0 .functor BUFZ 16, o0x7a68e79e2408, C4<0000000000000000>, C4<0000000000000000>, C4<0000000000000000>;
o0x7a68e79e21c8 .functor BUFZ 16, C4<zzzzzzzzzzzzzzzz>; HiZ drive
L_0x55557b6c8950 .functor BUFZ 16, o0x7a68e79e21c8, C4<0000000000000000>, C4<0000000000000000>, C4<0000000000000000>;
o0x7a68e79e2348 .functor BUFZ 16, C4<zzzzzzzzzzzzzzzz>; HiZ drive
L_0x55557b6c8a20 .functor BUFZ 16, o0x7a68e79e2348, C4<0000000000000000>, C4<0000000000000000>, C4<0000000000000000>;
o0x7a68e79e2528 .functor BUFZ 16, C4<zzzzzzzzzzzzzzzz>; HiZ drive
L_0x55557b6c8b20 .functor BUFZ 16, o0x7a68e79e2528, C4<0000000000000000>, C4<0000000000000000>, C4<0000000000000000>;
L_0x55557b6c9990 .functor BUFZ 16, L_0x55557b6c9520, C4<0000000000000000>, C4<0000000000000000>, C4<0000000000000000>;
L_0x55557b6c9f20 .functor BUFZ 16, L_0x55557b6c98a0, C4<0000000000000000>, C4<0000000000000000>, C4<0000000000000000>;
L_0x55557b6c9fe0 .functor BUFZ 16, L_0x55557b6c9cb0, C4<0000000000000000>, C4<0000000000000000>, C4<0000000000000000>;
L_0x55557b6ca0f0 .functor BUFZ 16, L_0x55557b6c9da0, C4<0000000000000000>, C4<0000000000000000>, C4<0000000000000000>;
L_0x55557b6caaf0 .functor BUFZ 32, L_0x55557b6cb7c0, C4<00000000000000000000000000000000>, C4<00000000000000000000000000000000>, C4<00000000000000000000000000000000>;
L_0x55557b6cb9b0 .functor BUFZ 16, v0x55557b61c920_0, C4<0000000000000000>, C4<0000000000000000>, C4<0000000000000000>;
L_0x55557b6cba20 .functor BUFZ 16, L_0x55557b6c8950, C4<0000000000000000>, C4<0000000000000000>, C4<0000000000000000>;
L_0x55557b6cc680 .functor XOR 17, L_0x55557b6cbf60, L_0x55557b6cc590, C4<00000000000000000>, C4<00000000000000000>;
o0x7a68e79e2288 .functor BUFZ 1, C4<z>; HiZ drive
L_0x55557b6cc830 .functor XOR 1, L_0x55557b6cbb00, o0x7a68e79e2288, C4<0>, C4<0>;
L_0x55557b6cba90 .functor XOR 16, L_0x55557b6cbcb0, L_0x55557b6ccad0, C4<0000000000000000>, C4<0000000000000000>;
L_0x55557b6cd200 .functor BUFZ 16, L_0x55557b6cd0d0, C4<0000000000000000>, C4<0000000000000000>, C4<0000000000000000>;
L_0x55557b6cd4c0 .functor BUFZ 16, v0x55557b61c4b0_0, C4<0000000000000000>, C4<0000000000000000>, C4<0000000000000000>;
L_0x55557b6cd5d0 .functor BUFZ 16, L_0x55557b6c8a20, C4<0000000000000000>, C4<0000000000000000>, C4<0000000000000000>;
L_0x55557b6ce180 .functor XOR 17, L_0x55557b6cda30, L_0x55557b6cdf00, C4<00000000000000000>, C4<00000000000000000>;
L_0x55557b6ce340 .functor XOR 16, L_0x55557b6cd6e0, L_0x55557b6ce6e0, C4<0000000000000000>, C4<0000000000000000>;
L_0x55557b6cf000 .functor BUFZ 16, L_0x55557b6ceb90, C4<0000000000000000>, C4<0000000000000000>, C4<0000000000000000>;
v0x55557b628fc0_0 .net "A", 15 0, o0x7a68e79e21c8;  0 drivers
o0x7a68e79e21f8 .functor BUFZ 1, C4<z>; HiZ drive
v0x55557b6290a0_0 .net "ACCUMCI", 0 0, o0x7a68e79e21f8;  0 drivers
v0x55557b628c60_0 .net "ACCUMCO", 0 0, L_0x55557b6cbb00;  1 drivers
o0x7a68e79e2258 .functor BUFZ 1, C4<z>; HiZ drive
v0x55557b628d00_0 .net "ADDSUBBOT", 0 0, o0x7a68e79e2258;  0 drivers
v0x55557b628900_0 .net "ADDSUBTOP", 0 0, o0x7a68e79e2288;  0 drivers
o0x7a68e79e22b8 .functor BUFZ 1, C4<z>; HiZ drive
v0x55557b6289c0_0 .net "AHOLD", 0 0, o0x7a68e79e22b8;  0 drivers
v0x55557b6285a0_0 .net "Ah", 15 0, L_0x55557b6c8d40;  1 drivers
v0x55557b628660_0 .net "Al", 15 0, L_0x55557b6c8f20;  1 drivers
v0x55557b628240_0 .net "B", 15 0, o0x7a68e79e2348;  0 drivers
o0x7a68e79e2378 .functor BUFZ 1, C4<z>; HiZ drive
v0x55557b628320_0 .net "BHOLD", 0 0, o0x7a68e79e2378;  0 drivers
v0x55557b5efd20_0 .net "Bh", 15 0, L_0x55557b6c91b0;  1 drivers
v0x55557b5efe00_0 .net "Bl", 15 0, L_0x55557b6c9390;  1 drivers
v0x55557b627ee0_0 .net "C", 15 0, o0x7a68e79e2408;  0 drivers
o0x7a68e79e2438 .functor BUFZ 1, C4<z>; HiZ drive
v0x55557b627fa0_0 .net "CE", 0 0, o0x7a68e79e2438;  0 drivers
o0x7a68e79e2468 .functor BUFZ 1, C4<z>; HiZ drive
v0x55557b627b80_0 .net "CHOLD", 0 0, o0x7a68e79e2468;  0 drivers
o0x7a68e79e2498 .functor BUFZ 1, C4<z>; HiZ drive
v0x55557b627c20_0 .net "CI", 0 0, o0x7a68e79e2498;  0 drivers
v0x55557b627820_0 .net "CLK", 0 0, o0x7a68e79e24c8;  0 drivers
v0x55557b6278c0_0 .net "CO", 0 0, L_0x55557b6cc830;  1 drivers
v0x55557b627160_0 .net "D", 15 0, o0x7a68e79e2528;  0 drivers
o0x7a68e79e2558 .functor BUFZ 1, C4<z>; HiZ drive
v0x55557b627240_0 .net "DHOLD", 0 0, o0x7a68e79e2558;  0 drivers
L_0x7a68e79909a8 .functor BUFT 1, C4<0>, C4<0>, C4<0>, C4<0>;
v0x55557b626e00_0 .net "HCI", 0 0, L_0x7a68e79909a8;  1 drivers
o0x7a68e79e25b8 .functor BUFZ 1, C4<z>; HiZ drive
v0x55557b626ec0_0 .net "IRSTBOT", 0 0, o0x7a68e79e25b8;  0 drivers
o0x7a68e79e25e8 .functor BUFZ 1, C4<z>; HiZ drive
v0x55557b626aa0_0 .net "IRSTTOP", 0 0, o0x7a68e79e25e8;  0 drivers
L_0x7a68e7990ac8 .functor BUFT 1, C4<0>, C4<0>, C4<0>, C4<0>;
v0x55557b626b40_0 .net "LCI", 0 0, L_0x7a68e7990ac8;  1 drivers
v0x55557b626740_0 .net "LCO", 0 0, L_0x55557b6cd640;  1 drivers
v0x55557b626800_0 .net "O", 31 0, L_0x55557b6cf0c0;  1 drivers
o0x7a68e79e26a8 .functor BUFZ 1, C4<z>; HiZ drive
v0x55557b6263e0_0 .net "OHOLDBOT", 0 0, o0x7a68e79e26a8;  0 drivers
o0x7a68e79e26d8 .functor BUFZ 1, C4<z>; HiZ drive
v0x55557b6264a0_0 .net "OHOLDTOP", 0 0, o0x7a68e79e26d8;  0 drivers
o0x7a68e79e2708 .functor BUFZ 1, C4<z>; HiZ drive
v0x55557b626080_0 .net "OLOADBOT", 0 0, o0x7a68e79e2708;  0 drivers
o0x7a68e79e2738 .functor BUFZ 1, C4<z>; HiZ drive
v0x55557b626120_0 .net "OLOADTOP", 0 0, o0x7a68e79e2738;  0 drivers
o0x7a68e79e2768 .functor BUFZ 1, C4<z>; HiZ drive
v0x55557b5ef9c0_0 .net "ORSTBOT", 0 0, o0x7a68e79e2768;  0 drivers
o0x7a68e79e2798 .functor BUFZ 1, C4<z>; HiZ drive
v0x55557b5efa80_0 .net "ORSTTOP", 0 0, o0x7a68e79e2798;  0 drivers
v0x55557b625cf0_0 .net "Oh", 15 0, L_0x55557b6cd200;  1 drivers
v0x55557b3de200_0 .net "Ol", 15 0, L_0x55557b6cf000;  1 drivers
o0x7a68e79e2828 .functor BUFZ 1, C4<z>; HiZ drive
v0x55557b3de2e0_0 .net "SIGNEXTIN", 0 0, o0x7a68e79e2828;  0 drivers
v0x55557b3de3a0_0 .net "SIGNEXTOUT", 0 0, L_0x55557b6cd2c0;  1 drivers
v0x55557b625d90_0 .net "XW", 15 0, L_0x55557b6cbcb0;  1 drivers
v0x55557b625990_0 .net "YZ", 15 0, L_0x55557b6cd6e0;  1 drivers
v0x55557b625a50_0 .net/2u *"_ivl_0", 0 0, L_0x7a68e7990450;  1 drivers
v0x55557b625630_0 .net *"_ivl_100", 31 0, L_0x55557b6cb260;  1 drivers
L_0x7a68e7990840 .functor BUFT 1, C4<0000000000000000>, C4<0>, C4<0>, C4<0>;
v0x55557b625710_0 .net *"_ivl_103", 15 0, L_0x7a68e7990840;  1 drivers
v0x55557b6252d0_0 .net *"_ivl_104", 31 0, L_0x55557b6cb580;  1 drivers
v0x55557b625390_0 .net *"_ivl_106", 15 0, L_0x55557b6cb490;  1 drivers
L_0x7a68e7990888 .functor BUFT 1, C4<0000000000000000>, C4<0>, C4<0>, C4<0>;
v0x55557b624f70_0 .net *"_ivl_108", 15 0, L_0x7a68e7990888;  1 drivers
L_0x7a68e7990498 .functor BUFT 1, C4<00000000>, C4<0>, C4<0>, C4<0>;
v0x55557b625050_0 .net/2u *"_ivl_12", 7 0, L_0x7a68e7990498;  1 drivers
v0x55557b624c10_0 .net *"_ivl_121", 16 0, L_0x55557b6cbd50;  1 drivers
L_0x7a68e79908d0 .functor BUFT 1, C4<0>, C4<0>, C4<0>, C4<0>;
v0x55557b624cd0_0 .net *"_ivl_124", 0 0, L_0x7a68e79908d0;  1 drivers
v0x55557b6248b0_0 .net *"_ivl_125", 16 0, L_0x55557b6cbf60;  1 drivers
L_0x7a68e7990918 .functor BUFT 1, C4<0>, C4<0>, C4<0>, C4<0>;
v0x55557b624990_0 .net *"_ivl_128", 0 0, L_0x7a68e7990918;  1 drivers
v0x55557b624550_0 .net *"_ivl_129", 15 0, L_0x55557b6cc0a0;  1 drivers
v0x55557b624610_0 .net *"_ivl_131", 16 0, L_0x55557b6cc590;  1 drivers
L_0x7a68e7990960 .functor BUFT 1, C4<0>, C4<0>, C4<0>, C4<0>;
v0x55557b6241f0_0 .net *"_ivl_134", 0 0, L_0x7a68e7990960;  1 drivers
v0x55557b6242d0_0 .net *"_ivl_135", 16 0, L_0x55557b6cc680;  1 drivers
v0x55557b623e90_0 .net *"_ivl_137", 16 0, L_0x55557b6cc790;  1 drivers
L_0x7a68e7990c30 .functor BUFT 1, C4<00000000000000000>, C4<0>, C4<0>, C4<0>;
v0x55557b623f50_0 .net *"_ivl_139", 16 0, L_0x7a68e7990c30;  1 drivers
v0x55557b5ef660_0 .net *"_ivl_143", 16 0, L_0x55557b6cc460;  1 drivers
v0x55557b5ef740_0 .net *"_ivl_147", 15 0, L_0x55557b6ccad0;  1 drivers
v0x55557b623b30_0 .net *"_ivl_149", 15 0, L_0x55557b6cba90;  1 drivers
v0x55557b623bf0_0 .net *"_ivl_15", 7 0, L_0x55557b6c8c20;  1 drivers
v0x55557b6237d0_0 .net *"_ivl_168", 16 0, L_0x55557b6cd8f0;  1 drivers
L_0x7a68e79909f0 .functor BUFT 1, C4<0>, C4<0>, C4<0>, C4<0>;
v0x55557b6238b0_0 .net *"_ivl_171", 0 0, L_0x7a68e79909f0;  1 drivers
v0x55557b623470_0 .net *"_ivl_172", 16 0, L_0x55557b6cda30;  1 drivers
L_0x7a68e7990a38 .functor BUFT 1, C4<0>, C4<0>, C4<0>, C4<0>;
v0x55557b623550_0 .net *"_ivl_175", 0 0, L_0x7a68e7990a38;  1 drivers
v0x55557b623110_0 .net *"_ivl_176", 15 0, L_0x55557b6cdcf0;  1 drivers
v0x55557b6231d0_0 .net *"_ivl_178", 16 0, L_0x55557b6cdf00;  1 drivers
L_0x7a68e79904e0 .functor BUFT 1, C4<00000000>, C4<0>, C4<0>, C4<0>;
v0x55557b622db0_0 .net/2u *"_ivl_18", 7 0, L_0x7a68e79904e0;  1 drivers
L_0x7a68e7990a80 .functor BUFT 1, C4<0>, C4<0>, C4<0>, C4<0>;
v0x55557b622e90_0 .net *"_ivl_181", 0 0, L_0x7a68e7990a80;  1 drivers
v0x55557b622a50_0 .net *"_ivl_182", 16 0, L_0x55557b6ce180;  1 drivers
v0x55557b622b30_0 .net *"_ivl_184", 16 0, L_0x55557b6cd530;  1 drivers
L_0x7a68e7990c78 .functor BUFT 1, C4<00000000000000000>, C4<0>, C4<0>, C4<0>;
v0x55557b6226f0_0 .net *"_ivl_186", 16 0, L_0x7a68e7990c78;  1 drivers
v0x55557b6227d0_0 .net *"_ivl_190", 16 0, L_0x55557b6ce450;  1 drivers
v0x55557b622390_0 .net *"_ivl_192", 15 0, L_0x55557b6ce6e0;  1 drivers
v0x55557b622470_0 .net *"_ivl_194", 15 0, L_0x55557b6ce340;  1 drivers
v0x55557b622030_0 .net *"_ivl_21", 7 0, L_0x55557b6c8e80;  1 drivers
L_0x7a68e7990528 .functor BUFT 1, C4<00000000>, C4<0>, C4<0>, C4<0>;
v0x55557b622110_0 .net/2u *"_ivl_24", 7 0, L_0x7a68e7990528;  1 drivers
v0x55557b621cd0_0 .net *"_ivl_27", 7 0, L_0x55557b6c90c0;  1 drivers
L_0x7a68e7990570 .functor BUFT 1, C4<00000000>, C4<0>, C4<0>, C4<0>;
v0x55557b621db0_0 .net/2u *"_ivl_30", 7 0, L_0x7a68e7990570;  1 drivers
v0x55557b5ef300_0 .net *"_ivl_33", 7 0, L_0x55557b6c92f0;  1 drivers
L_0x7a68e79905b8 .functor BUFT 1, C4<00000000>, C4<0>, C4<0>, C4<0>;
v0x55557b5ef3c0_0 .net/2u *"_ivl_38", 7 0, L_0x7a68e79905b8;  1 drivers
v0x55557b621970_0 .net *"_ivl_41", 7 0, L_0x55557b6c9660;  1 drivers
v0x55557b621a50_0 .net *"_ivl_42", 15 0, L_0x55557b6c97b0;  1 drivers
L_0x7a68e7990600 .functor BUFT 1, C4<00000000>, C4<0>, C4<0>, C4<0>;
v0x55557b621610_0 .net/2u *"_ivl_46", 7 0, L_0x7a68e7990600;  1 drivers
v0x55557b6216f0_0 .net *"_ivl_49", 7 0, L_0x55557b6c9a00;  1 drivers
v0x55557b6212b0_0 .net *"_ivl_50", 15 0, L_0x55557b6c9af0;  1 drivers
L_0x7a68e7990648 .functor BUFT 1, C4<00000000>, C4<0>, C4<0>, C4<0>;
v0x55557b621390_0 .net/2u *"_ivl_64", 7 0, L_0x7a68e7990648;  1 drivers
L_0x7a68e7990690 .functor BUFT 1, C4<00000000>, C4<0>, C4<0>, C4<0>;
v0x55557b620f20_0 .net/2u *"_ivl_68", 7 0, L_0x7a68e7990690;  1 drivers
v0x55557b620fe0_0 .net *"_ivl_72", 31 0, L_0x55557b6ca4d0;  1 drivers
L_0x7a68e79906d8 .functor BUFT 1, C4<0000000000000000>, C4<0>, C4<0>, C4<0>;
v0x55557b620bc0_0 .net *"_ivl_75", 15 0, L_0x7a68e79906d8;  1 drivers
v0x55557b620ca0_0 .net *"_ivl_76", 31 0, L_0x55557b6ca610;  1 drivers
L_0x7a68e7990720 .functor BUFT 1, C4<00000000>, C4<0>, C4<0>, C4<0>;
v0x55557b620860_0 .net *"_ivl_79", 7 0, L_0x7a68e7990720;  1 drivers
v0x55557b620940_0 .net *"_ivl_80", 31 0, L_0x55557b6ca850;  1 drivers
v0x55557b620500_0 .net *"_ivl_82", 23 0, L_0x55557b6ca430;  1 drivers
L_0x7a68e7990768 .functor BUFT 1, C4<00000000>, C4<0>, C4<0>, C4<0>;
v0x55557b6205e0_0 .net *"_ivl_84", 7 0, L_0x7a68e7990768;  1 drivers
v0x55557b6201a0_0 .net *"_ivl_86", 31 0, L_0x55557b6caa50;  1 drivers
v0x55557b620260_0 .net *"_ivl_88", 31 0, L_0x55557b6cac00;  1 drivers
L_0x7a68e79907b0 .functor BUFT 1, C4<00000000>, C4<0>, C4<0>, C4<0>;
v0x55557b61fe40_0 .net *"_ivl_91", 7 0, L_0x7a68e79907b0;  1 drivers
v0x55557b61ff20_0 .net *"_ivl_92", 31 0, L_0x55557b6caf00;  1 drivers
v0x55557b61fae0_0 .net *"_ivl_94", 23 0, L_0x55557b6cae10;  1 drivers
L_0x7a68e79907f8 .functor BUFT 1, C4<00000000>, C4<0>, C4<0>, C4<0>;
v0x55557b61fbc0_0 .net *"_ivl_96", 7 0, L_0x7a68e79907f8;  1 drivers
v0x55557b5eefa0_0 .net *"_ivl_98", 31 0, L_0x55557b6cb120;  1 drivers
v0x55557b5ef080_0 .net "clock", 0 0, L_0x55557b6c87c0;  1 drivers
v0x55557b61f780_0 .net "iA", 15 0, L_0x55557b6c8950;  1 drivers
v0x55557b61f860_0 .net "iB", 15 0, L_0x55557b6c8a20;  1 drivers
v0x55557b61f420_0 .net "iC", 15 0, L_0x55557b6c88b0;  1 drivers
v0x55557b61f4e0_0 .net "iD", 15 0, L_0x55557b6c8b20;  1 drivers
v0x55557b61f0c0_0 .net "iF", 15 0, L_0x55557b6c9990;  1 drivers
v0x55557b61f1a0_0 .net "iG", 15 0, L_0x55557b6ca0f0;  1 drivers
v0x55557b61ed60_0 .net "iH", 31 0, L_0x55557b6caaf0;  1 drivers
v0x55557b61ee40_0 .net "iJ", 15 0, L_0x55557b6c9f20;  1 drivers
v0x55557b61ea00_0 .net "iJ_e", 23 0, L_0x55557b6ca2f0;  1 drivers
v0x55557b61eae0_0 .net "iK", 15 0, L_0x55557b6c9fe0;  1 drivers
v0x55557b5ea020_0 .net "iK_e", 23 0, L_0x55557b6ca1b0;  1 drivers
v0x55557b5ea0e0_0 .net "iL", 31 0, L_0x55557b6cb7c0;  1 drivers
v0x55557b61e6a0_0 .net "iP", 15 0, L_0x55557b6cd0d0;  1 drivers
v0x55557b61e780_0 .net "iQ", 15 0, v0x55557b61c920_0;  1 drivers
v0x55557b61e340_0 .net "iR", 15 0, L_0x55557b6ceb90;  1 drivers
v0x55557b61e420_0 .net "iS", 15 0, v0x55557b61c4b0_0;  1 drivers
v0x55557b61dfe0_0 .net "iW", 15 0, L_0x55557b6cb9b0;  1 drivers
v0x55557b61e0c0_0 .net "iX", 15 0, L_0x55557b6cba20;  1 drivers
v0x55557b61dc80_0 .net "iY", 15 0, L_0x55557b6cd4c0;  1 drivers
v0x55557b61dd40_0 .net "iZ", 15 0, L_0x55557b6cd5d0;  1 drivers
v0x55557b61d920_0 .net "p_Ah_Bh", 15 0, L_0x55557b6c9520;  1 drivers
v0x55557b61da00_0 .net "p_Ah_Bl", 15 0, L_0x55557b6c9cb0;  1 drivers
v0x55557b5eec40_0 .net "p_Al_Bh", 15 0, L_0x55557b6c98a0;  1 drivers
v0x55557b5eed20_0 .net "p_Al_Bl", 15 0, L_0x55557b6c9da0;  1 drivers
v0x55557b61d5c0_0 .var "rA", 15 0;
v0x55557b61d6a0_0 .var "rB", 15 0;
v0x55557b61d260_0 .var "rC", 15 0;
v0x55557b61d320_0 .var "rD", 15 0;
v0x55557b61cf00_0 .var "rF", 15 0;
v0x55557b61cfe0_0 .var "rG", 15 0;
v0x55557b61cba0_0 .var "rH", 31 0;
v0x55557b61cc80_0 .var "rJ", 15 0;
v0x55557b61c840_0 .var "rK", 15 0;
v0x55557b61c920_0 .var "rQ", 15 0;
v0x55557b61c4b0_0 .var "rS", 15 0;
E_0x55557b629480 .event posedge, v0x55557b5ef9c0_0, v0x55557b5ef080_0;
E_0x55557b386c30 .event posedge, v0x55557b5efa80_0, v0x55557b5ef080_0;
E_0x55557b386e60 .event posedge, v0x55557b626ec0_0, v0x55557b5ef080_0;
E_0x55557b3880d0 .event posedge, v0x55557b626aa0_0, v0x55557b5ef080_0;
L_0x55557b6c8c20 .part L_0x55557b6c8950, 8, 8;
L_0x55557b6c8d40 .concat [ 8 8 0 0], L_0x55557b6c8c20, L_0x7a68e7990498;
L_0x55557b6c8e80 .part L_0x55557b6c8950, 0, 8;
L_0x55557b6c8f20 .concat [ 8 8 0 0], L_0x55557b6c8e80, L_0x7a68e79904e0;
L_0x55557b6c90c0 .part L_0x55557b6c8a20, 8, 8;
L_0x55557b6c91b0 .concat [ 8 8 0 0], L_0x55557b6c90c0, L_0x7a68e7990528;
L_0x55557b6c92f0 .part L_0x55557b6c8a20, 0, 8;
L_0x55557b6c9390 .concat [ 8 8 0 0], L_0x55557b6c92f0, L_0x7a68e7990570;
L_0x55557b6c9520 .arith/mult 16, L_0x55557b6c8d40, L_0x55557b6c91b0;
L_0x55557b6c9660 .part L_0x55557b6c8f20, 0, 8;
L_0x55557b6c97b0 .concat [ 8 8 0 0], L_0x55557b6c9660, L_0x7a68e79905b8;
L_0x55557b6c98a0 .arith/mult 16, L_0x55557b6c97b0, L_0x55557b6c91b0;
L_0x55557b6c9a00 .part L_0x55557b6c9390, 0, 8;
L_0x55557b6c9af0 .concat [ 8 8 0 0], L_0x55557b6c9a00, L_0x7a68e7990600;
L_0x55557b6c9cb0 .arith/mult 16, L_0x55557b6c8d40, L_0x55557b6c9af0;
L_0x55557b6c9da0 .arith/mult 16, L_0x55557b6c8f20, L_0x55557b6c9390;
L_0x55557b6ca1b0 .concat [ 16 8 0 0], L_0x55557b6c9fe0, L_0x7a68e7990648;
L_0x55557b6ca2f0 .concat [ 16 8 0 0], L_0x55557b6c9f20, L_0x7a68e7990690;
L_0x55557b6ca4d0 .concat [ 16 16 0 0], L_0x55557b6ca0f0, L_0x7a68e79906d8;
L_0x55557b6ca610 .concat [ 24 8 0 0], L_0x55557b6ca1b0, L_0x7a68e7990720;
L_0x55557b6ca430 .part L_0x55557b6ca610, 0, 24;
L_0x55557b6ca850 .concat [ 8 24 0 0], L_0x7a68e7990768, L_0x55557b6ca430;
L_0x55557b6caa50 .arith/sum 32, L_0x55557b6ca4d0, L_0x55557b6ca850;
L_0x55557b6cac00 .concat [ 24 8 0 0], L_0x55557b6ca2f0, L_0x7a68e79907b0;
L_0x55557b6cae10 .part L_0x55557b6cac00, 0, 24;
L_0x55557b6caf00 .concat [ 8 24 0 0], L_0x7a68e79907f8, L_0x55557b6cae10;
L_0x55557b6cb120 .arith/sum 32, L_0x55557b6caa50, L_0x55557b6caf00;
L_0x55557b6cb260 .concat [ 16 16 0 0], L_0x55557b6c9990, L_0x7a68e7990840;
L_0x55557b6cb490 .part L_0x55557b6cb260, 0, 16;
L_0x55557b6cb580 .concat [ 16 16 0 0], L_0x7a68e7990888, L_0x55557b6cb490;
L_0x55557b6cb7c0 .arith/sum 32, L_0x55557b6cb120, L_0x55557b6cb580;
L_0x55557b6cbb00 .part L_0x55557b6cc460, 16, 1;
L_0x55557b6cbcb0 .part L_0x55557b6cc460, 0, 16;
L_0x55557b6cbd50 .concat [ 16 1 0 0], L_0x55557b6cba20, L_0x7a68e79908d0;
L_0x55557b6cbf60 .concat [ 16 1 0 0], L_0x55557b6cb9b0, L_0x7a68e7990918;
LS_0x55557b6cc0a0_0_0 .concat [ 1 1 1 1], o0x7a68e79e2288, o0x7a68e79e2288, o0x7a68e79e2288, o0x7a68e79e2288;
LS_0x55557b6cc0a0_0_4 .concat [ 1 1 1 1], o0x7a68e79e2288, o0x7a68e79e2288, o0x7a68e79e2288, o0x7a68e79e2288;
LS_0x55557b6cc0a0_0_8 .concat [ 1 1 1 1], o0x7a68e79e2288, o0x7a68e79e2288, o0x7a68e79e2288, o0x7a68e79e2288;
LS_0x55557b6cc0a0_0_12 .concat [ 1 1 1 1], o0x7a68e79e2288, o0x7a68e79e2288, o0x7a68e79e2288, o0x7a68e79e2288;
L_0x55557b6cc0a0 .concat [ 4 4 4 4], LS_0x55557b6cc0a0_0_0, LS_0x55557b6cc0a0_0_4, LS_0x55557b6cc0a0_0_8, LS_0x55557b6cc0a0_0_12;
L_0x55557b6cc590 .concat [ 16 1 0 0], L_0x55557b6cc0a0, L_0x7a68e7990960;
L_0x55557b6cc790 .arith/sum 17, L_0x55557b6cbd50, L_0x55557b6cc680;
L_0x55557b6cc460 .arith/sum 17, L_0x55557b6cc790, L_0x7a68e7990c30;
LS_0x55557b6ccad0_0_0 .concat [ 1 1 1 1], o0x7a68e79e2288, o0x7a68e79e2288, o0x7a68e79e2288, o0x7a68e79e2288;
LS_0x55557b6ccad0_0_4 .concat [ 1 1 1 1], o0x7a68e79e2288, o0x7a68e79e2288, o0x7a68e79e2288, o0x7a68e79e2288;
LS_0x55557b6ccad0_0_8 .concat [ 1 1 1 1], o0x7a68e79e2288, o0x7a68e79e2288, o0x7a68e79e2288, o0x7a68e79e2288;
LS_0x55557b6ccad0_0_12 .concat [ 1 1 1 1], o0x7a68e79e2288, o0x7a68e79e2288, o0x7a68e79e2288, o0x7a68e79e2288;
L_0x55557b6ccad0 .concat [ 4 4 4 4], LS_0x55557b6ccad0_0_0, LS_0x55557b6ccad0_0_4, LS_0x55557b6ccad0_0_8, LS_0x55557b6ccad0_0_12;
L_0x55557b6cd0d0 .functor MUXZ 16, L_0x55557b6cba90, L_0x55557b6c88b0, o0x7a68e79e2738, C4<>;
L_0x55557b6cd2c0 .part L_0x55557b6cba20, 15, 1;
L_0x55557b6cd640 .part L_0x55557b6ce450, 16, 1;
L_0x55557b6cd6e0 .part L_0x55557b6ce450, 0, 16;
L_0x55557b6cd8f0 .concat [ 16 1 0 0], L_0x55557b6cd5d0, L_0x7a68e79909f0;
L_0x55557b6cda30 .concat [ 16 1 0 0], L_0x55557b6cd4c0, L_0x7a68e7990a38;
LS_0x55557b6cdcf0_0_0 .concat [ 1 1 1 1], o0x7a68e79e2258, o0x7a68e79e2258, o0x7a68e79e2258, o0x7a68e79e2258;
LS_0x55557b6cdcf0_0_4 .concat [ 1 1 1 1], o0x7a68e79e2258, o0x7a68e79e2258, o0x7a68e79e2258, o0x7a68e79e2258;
LS_0x55557b6cdcf0_0_8 .concat [ 1 1 1 1], o0x7a68e79e2258, o0x7a68e79e2258, o0x7a68e79e2258, o0x7a68e79e2258;
LS_0x55557b6cdcf0_0_12 .concat [ 1 1 1 1], o0x7a68e79e2258, o0x7a68e79e2258, o0x7a68e79e2258, o0x7a68e79e2258;
L_0x55557b6cdcf0 .concat [ 4 4 4 4], LS_0x55557b6cdcf0_0_0, LS_0x55557b6cdcf0_0_4, LS_0x55557b6cdcf0_0_8, LS_0x55557b6cdcf0_0_12;
L_0x55557b6cdf00 .concat [ 16 1 0 0], L_0x55557b6cdcf0, L_0x7a68e7990a80;
L_0x55557b6cd530 .arith/sum 17, L_0x55557b6cd8f0, L_0x55557b6ce180;
L_0x55557b6ce450 .arith/sum 17, L_0x55557b6cd530, L_0x7a68e7990c78;
LS_0x55557b6ce6e0_0_0 .concat [ 1 1 1 1], o0x7a68e79e2258, o0x7a68e79e2258, o0x7a68e79e2258, o0x7a68e79e2258;
LS_0x55557b6ce6e0_0_4 .concat [ 1 1 1 1], o0x7a68e79e2258, o0x7a68e79e2258, o0x7a68e79e2258, o0x7a68e79e2258;
LS_0x55557b6ce6e0_0_8 .concat [ 1 1 1 1], o0x7a68e79e2258, o0x7a68e79e2258, o0x7a68e79e2258, o0x7a68e79e2258;
LS_0x55557b6ce6e0_0_12 .concat [ 1 1 1 1], o0x7a68e79e2258, o0x7a68e79e2258, o0x7a68e79e2258, o0x7a68e79e2258;
L_0x55557b6ce6e0 .concat [ 4 4 4 4], LS_0x55557b6ce6e0_0_0, LS_0x55557b6ce6e0_0_4, LS_0x55557b6ce6e0_0_8, LS_0x55557b6ce6e0_0_12;
L_0x55557b6ceb90 .functor MUXZ 16, L_0x55557b6ce340, L_0x55557b6c8b20, o0x7a68e79e2708, C4<>;
L_0x55557b6cf0c0 .concat [ 16 16 0 0], L_0x55557b6cf000, L_0x55557b6cd200;
S_0x55557b64c7e0 .scope module, "SB_PLL40_2F_CORE" "SB_PLL40_2F_CORE" 2 2521;
 .timescale -12 -12;
    .port_info 0 /INPUT 1 "REFERENCECLK";
    .port_info 1 /OUTPUT 1 "PLLOUTCOREA";
    .port_info 2 /OUTPUT 1 "PLLOUTGLOBALA";
    .port_info 3 /OUTPUT 1 "PLLOUTCOREB";
    .port_info 4 /OUTPUT 1 "PLLOUTGLOBALB";
    .port_info 5 /INPUT 1 "EXTFEEDBACK";
    .port_info 6 /INPUT 8 "DYNAMICDELAY";
    .port_info 7 /OUTPUT 1 "LOCK";
    .port_info 8 /INPUT 1 "BYPASS";
    .port_info 9 /INPUT 1 "RESETB";
    .port_info 10 /INPUT 1 "LATCHINPUTVALUE";
    .port_info 11 /OUTPUT 1 "SDO";
    .port_info 12 /INPUT 1 "SDI";
    .port_info 13 /INPUT 1 "SCLK";
P_0x55557b2d1f90 .param/str "DELAY_ADJUSTMENT_MODE_FEEDBACK" 0 2 2538, "FIXED";
P_0x55557b2d1fd0 .param/str "DELAY_ADJUSTMENT_MODE_RELATIVE" 0 2 2539, "FIXED";
P_0x55557b2d2010 .param/l "DIVF" 0 2 2546, C4<0000000>;
P_0x55557b2d2050 .param/l "DIVQ" 0 2 2547, C4<000>;
P_0x55557b2d2090 .param/l "DIVR" 0 2 2545, C4<0000>;
P_0x55557b2d20d0 .param/l "ENABLE_ICEGATE_PORTA" 0 2 2549, C4<0>;
P_0x55557b2d2110 .param/l "ENABLE_ICEGATE_PORTB" 0 2 2550, C4<0>;
P_0x55557b2d2150 .param/l "EXTERNAL_DIVIDE_FACTOR" 0 2 2552, +C4<00000000000000000000000000000001>;
P_0x55557b2d2190 .param/l "FDA_FEEDBACK" 0 2 2541, C4<0000>;
P_0x55557b2d21d0 .param/l "FDA_RELATIVE" 0 2 2542, C4<0000>;
P_0x55557b2d2210 .param/str "FEEDBACK_PATH" 0 2 2537, "SIMPLE";
P_0x55557b2d2250 .param/l "FILTER_RANGE" 0 2 2548, C4<000>;
P_0x55557b2d2290 .param/str "PLLOUT_SELECT_PORTA" 0 2 2543, "GENCLK";
P_0x55557b2d22d0 .param/str "PLLOUT_SELECT_PORTB" 0 2 2544, "GENCLK";
P_0x55557b2d2310 .param/l "SHIFTREG_DIV_MODE" 0 2 2540, C4<0>;
P_0x55557b2d2350 .param/l "TEST_MODE" 0 2 2551, C4<0>;
o0x7a68e79e4058 .functor BUFZ 1, C4<z>; HiZ drive
v0x55557b61c150_0 .net "BYPASS", 0 0, o0x7a68e79e4058;  0 drivers
o0x7a68e79e4088 .functor BUFZ 8, C4<zzzzzzzz>; HiZ drive
v0x55557b61c210_0 .net "DYNAMICDELAY", 7 0, o0x7a68e79e4088;  0 drivers
o0x7a68e79e40b8 .functor BUFZ 1, C4<z>; HiZ drive
v0x55557b61bdf0_0 .net "EXTFEEDBACK", 0 0, o0x7a68e79e40b8;  0 drivers
o0x7a68e79e40e8 .functor BUFZ 1, C4<z>; HiZ drive
v0x55557b61be90_0 .net "LATCHINPUTVALUE", 0 0, o0x7a68e79e40e8;  0 drivers
o0x7a68e79e4118 .functor BUFZ 1, C4<z>; HiZ drive
v0x55557b61ba90_0 .net "LOCK", 0 0, o0x7a68e79e4118;  0 drivers
o0x7a68e79e4148 .functor BUFZ 1, C4<z>; HiZ drive
v0x55557b61bb50_0 .net "PLLOUTCOREA", 0 0, o0x7a68e79e4148;  0 drivers
o0x7a68e79e4178 .functor BUFZ 1, C4<z>; HiZ drive
v0x55557b61b730_0 .net "PLLOUTCOREB", 0 0, o0x7a68e79e4178;  0 drivers
o0x7a68e79e41a8 .functor BUFZ 1, C4<z>; HiZ drive
v0x55557b61b7d0_0 .net "PLLOUTGLOBALA", 0 0, o0x7a68e79e41a8;  0 drivers
o0x7a68e79e41d8 .functor BUFZ 1, C4<z>; HiZ drive
v0x55557b5ee8b0_0 .net "PLLOUTGLOBALB", 0 0, o0x7a68e79e41d8;  0 drivers
o0x7a68e79e4208 .functor BUFZ 1, C4<z>; HiZ drive
v0x55557b5ee970_0 .net "REFERENCECLK", 0 0, o0x7a68e79e4208;  0 drivers
o0x7a68e79e4238 .functor BUFZ 1, C4<z>; HiZ drive
v0x55557b61b3d0_0 .net "RESETB", 0 0, o0x7a68e79e4238;  0 drivers
o0x7a68e79e4268 .functor BUFZ 1, C4<z>; HiZ drive
v0x55557b61b470_0 .net "SCLK", 0 0, o0x7a68e79e4268;  0 drivers
o0x7a68e79e4298 .functor BUFZ 1, C4<z>; HiZ drive
v0x55557b61b070_0 .net "SDI", 0 0, o0x7a68e79e4298;  0 drivers
o0x7a68e79e42c8 .functor BUFZ 1, C4<z>; HiZ drive
v0x55557b61b130_0 .net "SDO", 0 0, o0x7a68e79e42c8;  0 drivers
S_0x55557b64c480 .scope module, "SB_PLL40_2F_PAD" "SB_PLL40_2F_PAD" 2 2556;
 .timescale -12 -12;
    .port_info 0 /INPUT 1 "PACKAGEPIN";
    .port_info 1 /OUTPUT 1 "PLLOUTCOREA";
    .port_info 2 /OUTPUT 1 "PLLOUTGLOBALA";
    .port_info 3 /OUTPUT 1 "PLLOUTCOREB";
    .port_info 4 /OUTPUT 1 "PLLOUTGLOBALB";
    .port_info 5 /INPUT 1 "EXTFEEDBACK";
    .port_info 6 /INPUT 8 "DYNAMICDELAY";
    .port_info 7 /OUTPUT 1 "LOCK";
    .port_info 8 /INPUT 1 "BYPASS";
    .port_info 9 /INPUT 1 "RESETB";
    .port_info 10 /INPUT 1 "LATCHINPUTVALUE";
    .port_info 11 /OUTPUT 1 "SDO";
    .port_info 12 /INPUT 1 "SDI";
    .port_info 13 /INPUT 1 "SCLK";
P_0x55557b384e10 .param/str "DELAY_ADJUSTMENT_MODE_FEEDBACK" 0 2 2573, "FIXED";
P_0x55557b384e50 .param/str "DELAY_ADJUSTMENT_MODE_RELATIVE" 0 2 2574, "FIXED";
P_0x55557b384e90 .param/l "DIVF" 0 2 2581, C4<0000000>;
P_0x55557b384ed0 .param/l "DIVQ" 0 2 2582, C4<000>;
P_0x55557b384f10 .param/l "DIVR" 0 2 2580, C4<0000>;
P_0x55557b384f50 .param/l "ENABLE_ICEGATE_PORTA" 0 2 2584, C4<0>;
P_0x55557b384f90 .param/l "ENABLE_ICEGATE_PORTB" 0 2 2585, C4<0>;
P_0x55557b384fd0 .param/l "EXTERNAL_DIVIDE_FACTOR" 0 2 2587, +C4<00000000000000000000000000000001>;
P_0x55557b385010 .param/l "FDA_FEEDBACK" 0 2 2576, C4<0000>;
P_0x55557b385050 .param/l "FDA_RELATIVE" 0 2 2577, C4<0000>;
P_0x55557b385090 .param/str "FEEDBACK_PATH" 0 2 2572, "SIMPLE";
P_0x55557b3850d0 .param/l "FILTER_RANGE" 0 2 2583, C4<000>;
P_0x55557b385110 .param/str "PLLOUT_SELECT_PORTA" 0 2 2578, "GENCLK";
P_0x55557b385150 .param/str "PLLOUT_SELECT_PORTB" 0 2 2579, "GENCLK";
P_0x55557b385190 .param/l "SHIFTREG_DIV_MODE" 0 2 2575, C4<00>;
P_0x55557b3851d0 .param/l "TEST_MODE" 0 2 2586, C4<0>;
o0x7a68e79e4598 .functor BUFZ 1, C4<z>; HiZ drive
v0x55557b61ad10_0 .net "BYPASS", 0 0, o0x7a68e79e4598;  0 drivers
o0x7a68e79e45c8 .functor BUFZ 8, C4<zzzzzzzz>; HiZ drive
v0x55557b61add0_0 .net "DYNAMICDELAY", 7 0, o0x7a68e79e45c8;  0 drivers
o0x7a68e79e45f8 .functor BUFZ 1, C4<z>; HiZ drive
v0x55557b61a9b0_0 .net "EXTFEEDBACK", 0 0, o0x7a68e79e45f8;  0 drivers
o0x7a68e79e4628 .functor BUFZ 1, C4<z>; HiZ drive
v0x55557b61aa50_0 .net "LATCHINPUTVALUE", 0 0, o0x7a68e79e4628;  0 drivers
o0x7a68e79e4658 .functor BUFZ 1, C4<z>; HiZ drive
v0x55557b61a650_0 .net "LOCK", 0 0, o0x7a68e79e4658;  0 drivers
o0x7a68e79e4688 .functor BUFZ 1, C4<z>; HiZ drive
v0x55557b61a710_0 .net "PACKAGEPIN", 0 0, o0x7a68e79e4688;  0 drivers
o0x7a68e79e46b8 .functor BUFZ 1, C4<z>; HiZ drive
v0x55557b61a2f0_0 .net "PLLOUTCOREA", 0 0, o0x7a68e79e46b8;  0 drivers
o0x7a68e79e46e8 .functor BUFZ 1, C4<z>; HiZ drive
v0x55557b61a390_0 .net "PLLOUTCOREB", 0 0, o0x7a68e79e46e8;  0 drivers
o0x7a68e79e4718 .functor BUFZ 1, C4<z>; HiZ drive
v0x55557b619f90_0 .net "PLLOUTGLOBALA", 0 0, o0x7a68e79e4718;  0 drivers
o0x7a68e79e4748 .functor BUFZ 1, C4<z>; HiZ drive
v0x55557b61a050_0 .net "PLLOUTGLOBALB", 0 0, o0x7a68e79e4748;  0 drivers
o0x7a68e79e4778 .functor BUFZ 1, C4<z>; HiZ drive
v0x55557b619c30_0 .net "RESETB", 0 0, o0x7a68e79e4778;  0 drivers
o0x7a68e79e47a8 .functor BUFZ 1, C4<z>; HiZ drive
v0x55557b619cd0_0 .net "SCLK", 0 0, o0x7a68e79e47a8;  0 drivers
o0x7a68e79e47d8 .functor BUFZ 1, C4<z>; HiZ drive
v0x55557b6198d0_0 .net "SDI", 0 0, o0x7a68e79e47d8;  0 drivers
o0x7a68e79e4808 .functor BUFZ 1, C4<z>; HiZ drive
v0x55557b619990_0 .net "SDO", 0 0, o0x7a68e79e4808;  0 drivers
S_0x55557b64c120 .scope module, "SB_PLL40_2_PAD" "SB_PLL40_2_PAD" 2 2487;
 .timescale -12 -12;
    .port_info 0 /INPUT 1 "PACKAGEPIN";
    .port_info 1 /OUTPUT 1 "PLLOUTCOREA";
    .port_info 2 /OUTPUT 1 "PLLOUTGLOBALA";
    .port_info 3 /OUTPUT 1 "PLLOUTCOREB";
    .port_info 4 /OUTPUT 1 "PLLOUTGLOBALB";
    .port_info 5 /INPUT 1 "EXTFEEDBACK";
    .port_info 6 /INPUT 8 "DYNAMICDELAY";
    .port_info 7 /OUTPUT 1 "LOCK";
    .port_info 8 /INPUT 1 "BYPASS";
    .port_info 9 /INPUT 1 "RESETB";
    .port_info 10 /INPUT 1 "LATCHINPUTVALUE";
    .port_info 11 /OUTPUT 1 "SDO";
    .port_info 12 /INPUT 1 "SDI";
    .port_info 13 /INPUT 1 "SCLK";
P_0x55557b390b90 .param/str "DELAY_ADJUSTMENT_MODE_FEEDBACK" 0 2 2504, "FIXED";
P_0x55557b390bd0 .param/str "DELAY_ADJUSTMENT_MODE_RELATIVE" 0 2 2505, "FIXED";
P_0x55557b390c10 .param/l "DIVF" 0 2 2511, C4<0000000>;
P_0x55557b390c50 .param/l "DIVQ" 0 2 2512, C4<000>;
P_0x55557b390c90 .param/l "DIVR" 0 2 2510, C4<0000>;
P_0x55557b390cd0 .param/l "ENABLE_ICEGATE_PORTA" 0 2 2514, C4<0>;
P_0x55557b390d10 .param/l "ENABLE_ICEGATE_PORTB" 0 2 2515, C4<0>;
P_0x55557b390d50 .param/l "EXTERNAL_DIVIDE_FACTOR" 0 2 2517, +C4<00000000000000000000000000000001>;
P_0x55557b390d90 .param/l "FDA_FEEDBACK" 0 2 2507, C4<0000>;
P_0x55557b390dd0 .param/l "FDA_RELATIVE" 0 2 2508, C4<0000>;
P_0x55557b390e10 .param/str "FEEDBACK_PATH" 0 2 2503, "SIMPLE";
P_0x55557b390e50 .param/l "FILTER_RANGE" 0 2 2513, C4<000>;
P_0x55557b390e90 .param/str "PLLOUT_SELECT_PORTB" 0 2 2509, "GENCLK";
P_0x55557b390ed0 .param/l "SHIFTREG_DIV_MODE" 0 2 2506, C4<0>;
P_0x55557b390f10 .param/l "TEST_MODE" 0 2 2516, C4<0>;
o0x7a68e79e4ad8 .functor BUFZ 1, C4<z>; HiZ drive
v0x55557b619570_0 .net "BYPASS", 0 0, o0x7a68e79e4ad8;  0 drivers
o0x7a68e79e4b08 .functor BUFZ 8, C4<zzzzzzzz>; HiZ drive
v0x55557b619630_0 .net "DYNAMICDELAY", 7 0, o0x7a68e79e4b08;  0 drivers
o0x7a68e79e4b38 .functor BUFZ 1, C4<z>; HiZ drive
v0x55557b5ee550_0 .net "EXTFEEDBACK", 0 0, o0x7a68e79e4b38;  0 drivers
o0x7a68e79e4b68 .functor BUFZ 1, C4<z>; HiZ drive
v0x55557b5ee5f0_0 .net "LATCHINPUTVALUE", 0 0, o0x7a68e79e4b68;  0 drivers
o0x7a68e79e4b98 .functor BUFZ 1, C4<z>; HiZ drive
v0x55557b619210_0 .net "LOCK", 0 0, o0x7a68e79e4b98;  0 drivers
o0x7a68e79e4bc8 .functor BUFZ 1, C4<z>; HiZ drive
v0x55557b6192d0_0 .net "PACKAGEPIN", 0 0, o0x7a68e79e4bc8;  0 drivers
o0x7a68e79e4bf8 .functor BUFZ 1, C4<z>; HiZ drive
v0x55557b618eb0_0 .net "PLLOUTCOREA", 0 0, o0x7a68e79e4bf8;  0 drivers
o0x7a68e79e4c28 .functor BUFZ 1, C4<z>; HiZ drive
v0x55557b618f50_0 .net "PLLOUTCOREB", 0 0, o0x7a68e79e4c28;  0 drivers
o0x7a68e79e4c58 .functor BUFZ 1, C4<z>; HiZ drive
v0x55557b618b50_0 .net "PLLOUTGLOBALA", 0 0, o0x7a68e79e4c58;  0 drivers
o0x7a68e79e4c88 .functor BUFZ 1, C4<z>; HiZ drive
v0x55557b6187f0_0 .net "PLLOUTGLOBALB", 0 0, o0x7a68e79e4c88;  0 drivers
o0x7a68e79e4cb8 .functor BUFZ 1, C4<z>; HiZ drive
v0x55557b6188b0_0 .net "RESETB", 0 0, o0x7a68e79e4cb8;  0 drivers
o0x7a68e79e4ce8 .functor BUFZ 1, C4<z>; HiZ drive
v0x55557b618490_0 .net "SCLK", 0 0, o0x7a68e79e4ce8;  0 drivers
o0x7a68e79e4d18 .functor BUFZ 1, C4<z>; HiZ drive
v0x55557b618530_0 .net "SDI", 0 0, o0x7a68e79e4d18;  0 drivers
o0x7a68e79e4d48 .functor BUFZ 1, C4<z>; HiZ drive
v0x55557b618130_0 .net "SDO", 0 0, o0x7a68e79e4d48;  0 drivers
S_0x55557b5f3710 .scope module, "SB_PLL40_CORE" "SB_PLL40_CORE" 2 2425;
 .timescale -12 -12;
    .port_info 0 /INPUT 1 "REFERENCECLK";
    .port_info 1 /OUTPUT 1 "PLLOUTCORE";
    .port_info 2 /OUTPUT 1 "PLLOUTGLOBAL";
    .port_info 3 /INPUT 1 "EXTFEEDBACK";
    .port_info 4 /INPUT 8 "DYNAMICDELAY";
    .port_info 5 /OUTPUT 1 "LOCK";
    .port_info 6 /INPUT 1 "BYPASS";
    .port_info 7 /INPUT 1 "RESETB";
    .port_info 8 /INPUT 1 "LATCHINPUTVALUE";
    .port_info 9 /OUTPUT 1 "SDO";
    .port_info 10 /INPUT 1 "SDI";
    .port_info 11 /INPUT 1 "SCLK";
P_0x55557b39c120 .param/str "DELAY_ADJUSTMENT_MODE_FEEDBACK" 0 2 2440, "FIXED";
P_0x55557b39c160 .param/str "DELAY_ADJUSTMENT_MODE_RELATIVE" 0 2 2441, "FIXED";
P_0x55557b39c1a0 .param/l "DIVF" 0 2 2447, C4<0000000>;
P_0x55557b39c1e0 .param/l "DIVQ" 0 2 2448, C4<000>;
P_0x55557b39c220 .param/l "DIVR" 0 2 2446, C4<0000>;
P_0x55557b39c260 .param/l "ENABLE_ICEGATE" 0 2 2450, C4<0>;
P_0x55557b39c2a0 .param/l "EXTERNAL_DIVIDE_FACTOR" 0 2 2452, +C4<00000000000000000000000000000001>;
P_0x55557b39c2e0 .param/l "FDA_FEEDBACK" 0 2 2443, C4<0000>;
P_0x55557b39c320 .param/l "FDA_RELATIVE" 0 2 2444, C4<0000>;
P_0x55557b39c360 .param/str "FEEDBACK_PATH" 0 2 2439, "SIMPLE";
P_0x55557b39c3a0 .param/l "FILTER_RANGE" 0 2 2449, C4<000>;
P_0x55557b39c3e0 .param/str "PLLOUT_SELECT" 0 2 2445, "GENCLK";
P_0x55557b39c420 .param/l "SHIFTREG_DIV_MODE" 0 2 2442, C4<0>;
P_0x55557b39c460 .param/l "TEST_MODE" 0 2 2451, C4<0>;
o0x7a68e79e5018 .functor BUFZ 1, C4<z>; HiZ drive
v0x55557b617da0_0 .net "BYPASS", 0 0, o0x7a68e79e5018;  0 drivers
o0x7a68e79e5048 .functor BUFZ 8, C4<zzzzzzzz>; HiZ drive
v0x55557b617e80_0 .net "DYNAMICDELAY", 7 0, o0x7a68e79e5048;  0 drivers
o0x7a68e79e5078 .functor BUFZ 1, C4<z>; HiZ drive
v0x55557b617a40_0 .net "EXTFEEDBACK", 0 0, o0x7a68e79e5078;  0 drivers
o0x7a68e79e50a8 .functor BUFZ 1, C4<z>; HiZ drive
v0x55557b617ae0_0 .net "LATCHINPUTVALUE", 0 0, o0x7a68e79e50a8;  0 drivers
o0x7a68e79e50d8 .functor BUFZ 1, C4<z>; HiZ drive
v0x55557b6176e0_0 .net "LOCK", 0 0, o0x7a68e79e50d8;  0 drivers
o0x7a68e79e5108 .functor BUFZ 1, C4<z>; HiZ drive
v0x55557b6177a0_0 .net "PLLOUTCORE", 0 0, o0x7a68e79e5108;  0 drivers
o0x7a68e79e5138 .functor BUFZ 1, C4<z>; HiZ drive
v0x55557b617380_0 .net "PLLOUTGLOBAL", 0 0, o0x7a68e79e5138;  0 drivers
o0x7a68e79e5168 .functor BUFZ 1, C4<z>; HiZ drive
v0x55557b617420_0 .net "REFERENCECLK", 0 0, o0x7a68e79e5168;  0 drivers
o0x7a68e79e5198 .functor BUFZ 1, C4<z>; HiZ drive
v0x55557b5ee1f0_0 .net "RESETB", 0 0, o0x7a68e79e5198;  0 drivers
o0x7a68e79e51c8 .functor BUFZ 1, C4<z>; HiZ drive
v0x55557b617020_0 .net "SCLK", 0 0, o0x7a68e79e51c8;  0 drivers
o0x7a68e79e51f8 .functor BUFZ 1, C4<z>; HiZ drive
v0x55557b6170e0_0 .net "SDI", 0 0, o0x7a68e79e51f8;  0 drivers
o0x7a68e79e5228 .functor BUFZ 1, C4<z>; HiZ drive
v0x55557b616cc0_0 .net "SDO", 0 0, o0x7a68e79e5228;  0 drivers
S_0x55557b64ba60 .scope module, "SB_PLL40_PAD" "SB_PLL40_PAD" 2 2456;
 .timescale -12 -12;
    .port_info 0 /INPUT 1 "PACKAGEPIN";
    .port_info 1 /OUTPUT 1 "PLLOUTCORE";
    .port_info 2 /OUTPUT 1 "PLLOUTGLOBAL";
    .port_info 3 /INPUT 1 "EXTFEEDBACK";
    .port_info 4 /INPUT 8 "DYNAMICDELAY";
    .port_info 5 /OUTPUT 1 "LOCK";
    .port_info 6 /INPUT 1 "BYPASS";
    .port_info 7 /INPUT 1 "RESETB";
    .port_info 8 /INPUT 1 "LATCHINPUTVALUE";
    .port_info 9 /OUTPUT 1 "SDO";
    .port_info 10 /INPUT 1 "SDI";
    .port_info 11 /INPUT 1 "SCLK";
P_0x55557b2f8000 .param/str "DELAY_ADJUSTMENT_MODE_FEEDBACK" 0 2 2471, "FIXED";
P_0x55557b2f8040 .param/str "DELAY_ADJUSTMENT_MODE_RELATIVE" 0 2 2472, "FIXED";
P_0x55557b2f8080 .param/l "DIVF" 0 2 2478, C4<0000000>;
P_0x55557b2f80c0 .param/l "DIVQ" 0 2 2479, C4<000>;
P_0x55557b2f8100 .param/l "DIVR" 0 2 2477, C4<0000>;
P_0x55557b2f8140 .param/l "ENABLE_ICEGATE" 0 2 2481, C4<0>;
P_0x55557b2f8180 .param/l "EXTERNAL_DIVIDE_FACTOR" 0 2 2483, +C4<00000000000000000000000000000001>;
P_0x55557b2f81c0 .param/l "FDA_FEEDBACK" 0 2 2474, C4<0000>;
P_0x55557b2f8200 .param/l "FDA_RELATIVE" 0 2 2475, C4<0000>;
P_0x55557b2f8240 .param/str "FEEDBACK_PATH" 0 2 2470, "SIMPLE";
P_0x55557b2f8280 .param/l "FILTER_RANGE" 0 2 2480, C4<000>;
P_0x55557b2f82c0 .param/str "PLLOUT_SELECT" 0 2 2476, "GENCLK";
P_0x55557b2f8300 .param/l "SHIFTREG_DIV_MODE" 0 2 2473, C4<0>;
P_0x55557b2f8340 .param/l "TEST_MODE" 0 2 2482, C4<0>;
o0x7a68e79e5498 .functor BUFZ 1, C4<z>; HiZ drive
v0x55557b616960_0 .net "BYPASS", 0 0, o0x7a68e79e5498;  0 drivers
o0x7a68e79e54c8 .functor BUFZ 8, C4<zzzzzzzz>; HiZ drive
v0x55557b616a40_0 .net "DYNAMICDELAY", 7 0, o0x7a68e79e54c8;  0 drivers
o0x7a68e79e54f8 .functor BUFZ 1, C4<z>; HiZ drive
v0x55557b616600_0 .net "EXTFEEDBACK", 0 0, o0x7a68e79e54f8;  0 drivers
o0x7a68e79e5528 .functor BUFZ 1, C4<z>; HiZ drive
v0x55557b6166a0_0 .net "LATCHINPUTVALUE", 0 0, o0x7a68e79e5528;  0 drivers
o0x7a68e79e5558 .functor BUFZ 1, C4<z>; HiZ drive
v0x55557b6162a0_0 .net "LOCK", 0 0, o0x7a68e79e5558;  0 drivers
o0x7a68e79e5588 .functor BUFZ 1, C4<z>; HiZ drive
v0x55557b616360_0 .net "PACKAGEPIN", 0 0, o0x7a68e79e5588;  0 drivers
o0x7a68e79e55b8 .functor BUFZ 1, C4<z>; HiZ drive
v0x55557b615f40_0 .net "PLLOUTCORE", 0 0, o0x7a68e79e55b8;  0 drivers
o0x7a68e79e55e8 .functor BUFZ 1, C4<z>; HiZ drive
v0x55557b616000_0 .net "PLLOUTGLOBAL", 0 0, o0x7a68e79e55e8;  0 drivers
o0x7a68e79e5618 .functor BUFZ 1, C4<z>; HiZ drive
v0x55557b615be0_0 .net "RESETB", 0 0, o0x7a68e79e5618;  0 drivers
o0x7a68e79e5648 .functor BUFZ 1, C4<z>; HiZ drive
v0x55557b615880_0 .net "SCLK", 0 0, o0x7a68e79e5648;  0 drivers
o0x7a68e79e5678 .functor BUFZ 1, C4<z>; HiZ drive
v0x55557b615940_0 .net "SDI", 0 0, o0x7a68e79e5678;  0 drivers
o0x7a68e79e56a8 .functor BUFZ 1, C4<z>; HiZ drive
v0x55557b615520_0 .net "SDO", 0 0, o0x7a68e79e56a8;  0 drivers
S_0x55557b64b3a0 .scope module, "SB_RAM40_4KNR" "SB_RAM40_4KNR" 2 1726;
 .timescale -12 -12;
    .port_info 0 /OUTPUT 16 "RDATA";
    .port_info 1 /INPUT 1 "RCLKN";
    .port_info 2 /INPUT 1 "RCLKE";
    .port_info 3 /INPUT 1 "RE";
    .port_info 4 /INPUT 11 "RADDR";
    .port_info 5 /INPUT 1 "WCLK";
    .port_info 6 /INPUT 1 "WCLKE";
    .port_info 7 /INPUT 1 "WE";
    .port_info 8 /INPUT 11 "WADDR";
    .port_info 9 /INPUT 16 "MASK";
    .port_info 10 /INPUT 16 "WDATA";
P_0x55557b4489a0 .param/l "INIT_0" 0 2 1742, C4<0000000000000000000000000000000000000000000000000000000000000000000000000000000000000000000000000000000000000000000000000000000000000000000000000000000000000000000000000000000000000000000000000000000000000000000000000000000000000000000000000000000000000000>;
P_0x55557b4489e0 .param/l "INIT_1" 0 2 1743, C4<0000000000000000000000000000000000000000000000000000000000000000000000000000000000000000000000000000000000000000000000000000000000000000000000000000000000000000000000000000000000000000000000000000000000000000000000000000000000000000000000000000000000000000>;
P_0x55557b448a20 .param/l "INIT_2" 0 2 1744, C4<0000000000000000000000000000000000000000000000000000000000000000000000000000000000000000000000000000000000000000000000000000000000000000000000000000000000000000000000000000000000000000000000000000000000000000000000000000000000000000000000000000000000000000>;
P_0x55557b448a60 .param/l "INIT_3" 0 2 1745, C4<0000000000000000000000000000000000000000000000000000000000000000000000000000000000000000000000000000000000000000000000000000000000000000000000000000000000000000000000000000000000000000000000000000000000000000000000000000000000000000000000000000000000000000>;
P_0x55557b448aa0 .param/l "INIT_4" 0 2 1746, C4<0000000000000000000000000000000000000000000000000000000000000000000000000000000000000000000000000000000000000000000000000000000000000000000000000000000000000000000000000000000000000000000000000000000000000000000000000000000000000000000000000000000000000000>;
P_0x55557b448ae0 .param/l "INIT_5" 0 2 1747, C4<0000000000000000000000000000000000000000000000000000000000000000000000000000000000000000000000000000000000000000000000000000000000000000000000000000000000000000000000000000000000000000000000000000000000000000000000000000000000000000000000000000000000000000>;
P_0x55557b448b20 .param/l "INIT_6" 0 2 1748, C4<0000000000000000000000000000000000000000000000000000000000000000000000000000000000000000000000000000000000000000000000000000000000000000000000000000000000000000000000000000000000000000000000000000000000000000000000000000000000000000000000000000000000000000>;
P_0x55557b448b60 .param/l "INIT_7" 0 2 1749, C4<0000000000000000000000000000000000000000000000000000000000000000000000000000000000000000000000000000000000000000000000000000000000000000000000000000000000000000000000000000000000000000000000000000000000000000000000000000000000000000000000000000000000000000>;
P_0x55557b448ba0 .param/l "INIT_8" 0 2 1750, C4<0000000000000000000000000000000000000000000000000000000000000000000000000000000000000000000000000000000000000000000000000000000000000000000000000000000000000000000000000000000000000000000000000000000000000000000000000000000000000000000000000000000000000000>;
P_0x55557b448be0 .param/l "INIT_9" 0 2 1751, C4<0000000000000000000000000000000000000000000000000000000000000000000000000000000000000000000000000000000000000000000000000000000000000000000000000000000000000000000000000000000000000000000000000000000000000000000000000000000000000000000000000000000000000000>;
P_0x55557b448c20 .param/l "INIT_A" 0 2 1752, C4<0000000000000000000000000000000000000000000000000000000000000000000000000000000000000000000000000000000000000000000000000000000000000000000000000000000000000000000000000000000000000000000000000000000000000000000000000000000000000000000000000000000000000000>;
P_0x55557b448c60 .param/l "INIT_B" 0 2 1753, C4<0000000000000000000000000000000000000000000000000000000000000000000000000000000000000000000000000000000000000000000000000000000000000000000000000000000000000000000000000000000000000000000000000000000000000000000000000000000000000000000000000000000000000000>;
P_0x55557b448ca0 .param/l "INIT_C" 0 2 1754, C4<0000000000000000000000000000000000000000000000000000000000000000000000000000000000000000000000000000000000000000000000000000000000000000000000000000000000000000000000000000000000000000000000000000000000000000000000000000000000000000000000000000000000000000>;
P_0x55557b448ce0 .param/l "INIT_D" 0 2 1755, C4<0000000000000000000000000000000000000000000000000000000000000000000000000000000000000000000000000000000000000000000000000000000000000000000000000000000000000000000000000000000000000000000000000000000000000000000000000000000000000000000000000000000000000000>;
P_0x55557b448d20 .param/l "INIT_E" 0 2 1756, C4<0000000000000000000000000000000000000000000000000000000000000000000000000000000000000000000000000000000000000000000000000000000000000000000000000000000000000000000000000000000000000000000000000000000000000000000000000000000000000000000000000000000000000000>;
P_0x55557b448d60 .param/l "INIT_F" 0 2 1757, C4<0000000000000000000000000000000000000000000000000000000000000000000000000000000000000000000000000000000000000000000000000000000000000000000000000000000000000000000000000000000000000000000000000000000000000000000000000000000000000000000000000000000000000000>;
P_0x55557b448da0 .param/str "INIT_FILE" 0 2 1759, "\000";
P_0x55557b448de0 .param/l "READ_MODE" 0 2 1740, +C4<00000000000000000000000000000000>;
P_0x55557b448e20 .param/l "WRITE_MODE" 0 2 1739, +C4<00000000000000000000000000000000>;
o0x7a68e79e5e28 .functor BUFZ 1, C4<z>; HiZ drive
L_0x55557b6cf440 .functor NOT 1, o0x7a68e79e5e28, C4<0>, C4<0>, C4<0>;
o0x7a68e79e5918 .functor BUFZ 16, C4<zzzzzzzzzzzzzzzz>; HiZ drive
v0x55557b60f2e0_0 .net "MASK", 15 0, o0x7a68e79e5918;  0 drivers
o0x7a68e79e5948 .functor BUFZ 11, C4<zzzzzzzzzzz>; HiZ drive
v0x55557b60f3a0_0 .net "RADDR", 10 0, o0x7a68e79e5948;  0 drivers
o0x7a68e79e59a8 .functor BUFZ 1, C4<z>; HiZ drive
v0x55557b60ef80_0 .net "RCLKE", 0 0, o0x7a68e79e59a8;  0 drivers
v0x55557b60f050_0 .net "RCLKN", 0 0, o0x7a68e79e5e28;  0 drivers
v0x55557b60ec20_0 .net "RDATA", 15 0, L_0x55557b6cf380;  1 drivers
o0x7a68e79e5a38 .functor BUFZ 1, C4<z>; HiZ drive
v0x55557b60ecc0_0 .net "RE", 0 0, o0x7a68e79e5a38;  0 drivers
o0x7a68e79e5a98 .functor BUFZ 11, C4<zzzzzzzzzzz>; HiZ drive
v0x55557b5ed440_0 .net "WADDR", 10 0, o0x7a68e79e5a98;  0 drivers
o0x7a68e79e5ac8 .functor BUFZ 1, C4<z>; HiZ drive
v0x55557b5ed510_0 .net "WCLK", 0 0, o0x7a68e79e5ac8;  0 drivers
o0x7a68e79e5af8 .functor BUFZ 1, C4<z>; HiZ drive
v0x55557b60e8c0_0 .net "WCLKE", 0 0, o0x7a68e79e5af8;  0 drivers
o0x7a68e79e5b28 .functor BUFZ 16, C4<zzzzzzzzzzzzzzzz>; HiZ drive
v0x55557b60e990_0 .net "WDATA", 15 0, o0x7a68e79e5b28;  0 drivers
o0x7a68e79e5b88 .functor BUFZ 1, C4<z>; HiZ drive
v0x55557b60e560_0 .net "WE", 0 0, o0x7a68e79e5b88;  0 drivers
S_0x55557b6151c0 .scope module, "RAM" "SB_RAM40_4K" 2 1781, 2 1487 0, S_0x55557b64b3a0;
 .timescale -12 -12;
    .port_info 0 /OUTPUT 16 "RDATA";
    .port_info 1 /INPUT 1 "RCLK";
    .port_info 2 /INPUT 1 "RCLKE";
    .port_info 3 /INPUT 1 "RE";
    .port_info 4 /INPUT 11 "RADDR";
    .port_info 5 /INPUT 1 "WCLK";
    .port_info 6 /INPUT 1 "WCLKE";
    .port_info 7 /INPUT 1 "WE";
    .port_info 8 /INPUT 11 "WADDR";
    .port_info 9 /INPUT 16 "MASK";
    .port_info 10 /INPUT 16 "WDATA";
P_0x55557b43b280 .param/l "INIT_0" 0 2 1507, C4<0000000000000000000000000000000000000000000000000000000000000000000000000000000000000000000000000000000000000000000000000000000000000000000000000000000000000000000000000000000000000000000000000000000000000000000000000000000000000000000000000000000000000000>;
P_0x55557b43b2c0 .param/l "INIT_1" 0 2 1508, C4<0000000000000000000000000000000000000000000000000000000000000000000000000000000000000000000000000000000000000000000000000000000000000000000000000000000000000000000000000000000000000000000000000000000000000000000000000000000000000000000000000000000000000000>;
P_0x55557b43b300 .param/l "INIT_2" 0 2 1509, C4<0000000000000000000000000000000000000000000000000000000000000000000000000000000000000000000000000000000000000000000000000000000000000000000000000000000000000000000000000000000000000000000000000000000000000000000000000000000000000000000000000000000000000000>;
P_0x55557b43b340 .param/l "INIT_3" 0 2 1510, C4<0000000000000000000000000000000000000000000000000000000000000000000000000000000000000000000000000000000000000000000000000000000000000000000000000000000000000000000000000000000000000000000000000000000000000000000000000000000000000000000000000000000000000000>;
P_0x55557b43b380 .param/l "INIT_4" 0 2 1511, C4<0000000000000000000000000000000000000000000000000000000000000000000000000000000000000000000000000000000000000000000000000000000000000000000000000000000000000000000000000000000000000000000000000000000000000000000000000000000000000000000000000000000000000000>;
P_0x55557b43b3c0 .param/l "INIT_5" 0 2 1512, C4<0000000000000000000000000000000000000000000000000000000000000000000000000000000000000000000000000000000000000000000000000000000000000000000000000000000000000000000000000000000000000000000000000000000000000000000000000000000000000000000000000000000000000000>;
P_0x55557b43b400 .param/l "INIT_6" 0 2 1513, C4<0000000000000000000000000000000000000000000000000000000000000000000000000000000000000000000000000000000000000000000000000000000000000000000000000000000000000000000000000000000000000000000000000000000000000000000000000000000000000000000000000000000000000000>;
P_0x55557b43b440 .param/l "INIT_7" 0 2 1514, C4<0000000000000000000000000000000000000000000000000000000000000000000000000000000000000000000000000000000000000000000000000000000000000000000000000000000000000000000000000000000000000000000000000000000000000000000000000000000000000000000000000000000000000000>;
P_0x55557b43b480 .param/l "INIT_8" 0 2 1515, C4<0000000000000000000000000000000000000000000000000000000000000000000000000000000000000000000000000000000000000000000000000000000000000000000000000000000000000000000000000000000000000000000000000000000000000000000000000000000000000000000000000000000000000000>;
P_0x55557b43b4c0 .param/l "INIT_9" 0 2 1516, C4<0000000000000000000000000000000000000000000000000000000000000000000000000000000000000000000000000000000000000000000000000000000000000000000000000000000000000000000000000000000000000000000000000000000000000000000000000000000000000000000000000000000000000000>;
P_0x55557b43b500 .param/l "INIT_A" 0 2 1517, C4<0000000000000000000000000000000000000000000000000000000000000000000000000000000000000000000000000000000000000000000000000000000000000000000000000000000000000000000000000000000000000000000000000000000000000000000000000000000000000000000000000000000000000000>;
P_0x55557b43b540 .param/l "INIT_B" 0 2 1518, C4<0000000000000000000000000000000000000000000000000000000000000000000000000000000000000000000000000000000000000000000000000000000000000000000000000000000000000000000000000000000000000000000000000000000000000000000000000000000000000000000000000000000000000000>;
P_0x55557b43b580 .param/l "INIT_C" 0 2 1519, C4<0000000000000000000000000000000000000000000000000000000000000000000000000000000000000000000000000000000000000000000000000000000000000000000000000000000000000000000000000000000000000000000000000000000000000000000000000000000000000000000000000000000000000000>;
P_0x55557b43b5c0 .param/l "INIT_D" 0 2 1520, C4<0000000000000000000000000000000000000000000000000000000000000000000000000000000000000000000000000000000000000000000000000000000000000000000000000000000000000000000000000000000000000000000000000000000000000000000000000000000000000000000000000000000000000000>;
P_0x55557b43b600 .param/l "INIT_E" 0 2 1521, C4<0000000000000000000000000000000000000000000000000000000000000000000000000000000000000000000000000000000000000000000000000000000000000000000000000000000000000000000000000000000000000000000000000000000000000000000000000000000000000000000000000000000000000000>;
P_0x55557b43b640 .param/l "INIT_F" 0 2 1522, C4<0000000000000000000000000000000000000000000000000000000000000000000000000000000000000000000000000000000000000000000000000000000000000000000000000000000000000000000000000000000000000000000000000000000000000000000000000000000000000000000000000000000000000000>;
P_0x55557b43b680 .param/str "INIT_FILE" 0 2 1524, "\000";
P_0x55557b43b6c0 .param/l "READ_MODE" 0 2 1505, +C4<00000000000000000000000000000000>;
P_0x55557b43b700 .param/l "WRITE_MODE" 0 2 1504, +C4<00000000000000000000000000000000>;
v0x55557b611170_0 .net "MASK", 15 0, o0x7a68e79e5918;  alias, 0 drivers
v0x55557b611230_0 .net "RADDR", 10 0, o0x7a68e79e5948;  alias, 0 drivers
v0x55557b610e10_0 .net "RCLK", 0 0, L_0x55557b6cf440;  1 drivers
v0x55557b610f00_0 .net "RCLKE", 0 0, o0x7a68e79e59a8;  alias, 0 drivers
v0x55557b5ed7a0_0 .net "RDATA", 15 0, L_0x55557b6cf380;  alias, 1 drivers
v0x55557b610ab0_0 .var "RDATA_I", 15 0;
v0x55557b610b90_0 .net "RE", 0 0, o0x7a68e79e5a38;  alias, 0 drivers
L_0x7a68e7990b10 .functor BUFT 1, C4<0000000000000000>, C4<0>, C4<0>, C4<0>;
v0x55557b610750_0 .net "RMASK_I", 15 0, L_0x7a68e7990b10;  1 drivers
v0x55557b610830_0 .net "WADDR", 10 0, o0x7a68e79e5a98;  alias, 0 drivers
v0x55557b6103f0_0 .net "WCLK", 0 0, o0x7a68e79e5ac8;  alias, 0 drivers
v0x55557b610490_0 .net "WCLKE", 0 0, o0x7a68e79e5af8;  alias, 0 drivers
v0x55557b610090_0 .net "WDATA", 15 0, o0x7a68e79e5b28;  alias, 0 drivers
v0x55557b610170_0 .net "WDATA_I", 15 0, L_0x55557b6cf2c0;  1 drivers
v0x55557b60fd30_0 .net "WE", 0 0, o0x7a68e79e5b88;  alias, 0 drivers
v0x55557b60fdd0_0 .net "WMASK_I", 15 0, L_0x55557b6cf200;  1 drivers
v0x55557b60f9a0_0 .var/i "i", 31 0;
v0x55557b60fa60 .array "memory", 255 0, 15 0;
E_0x55557b5edff0 .event posedge, v0x55557b610e10_0;
E_0x55557b613b50 .event posedge, v0x55557b6103f0_0;
S_0x55557b611ef0 .scope generate, "genblk1" "genblk1" 2 1534, 2 1534 0, S_0x55557b6151c0;
 .timescale -12 -12;
L_0x55557b6cf200 .functor BUFZ 16, o0x7a68e79e5918, C4<0000000000000000>, C4<0000000000000000>, C4<0000000000000000>;
S_0x55557b611b90 .scope generate, "genblk2" "genblk2" 2 1555, 2 1555 0, S_0x55557b6151c0;
 .timescale -12 -12;
S_0x55557b611830 .scope generate, "genblk3" "genblk3" 2 1576, 2 1576 0, S_0x55557b6151c0;
 .timescale -12 -12;
L_0x55557b6cf2c0 .functor BUFZ 16, o0x7a68e79e5b28, C4<0000000000000000>, C4<0000000000000000>, C4<0000000000000000>;
S_0x55557b6114d0 .scope generate, "genblk4" "genblk4" 2 1595, 2 1595 0, S_0x55557b6151c0;
 .timescale -12 -12;
L_0x55557b6cf380 .functor BUFZ 16, v0x55557b610ab0_0, C4<0000000000000000>, C4<0000000000000000>, C4<0000000000000000>;
S_0x55557b64b040 .scope module, "SB_RAM40_4KNRNW" "SB_RAM40_4KNRNW" 2 1998;
 .timescale -12 -12;
    .port_info 0 /OUTPUT 16 "RDATA";
    .port_info 1 /INPUT 1 "RCLKN";
    .port_info 2 /INPUT 1 "RCLKE";
    .port_info 3 /INPUT 1 "RE";
    .port_info 4 /INPUT 11 "RADDR";
    .port_info 5 /INPUT 1 "WCLKN";
    .port_info 6 /INPUT 1 "WCLKE";
    .port_info 7 /INPUT 1 "WE";
    .port_info 8 /INPUT 11 "WADDR";
    .port_info 9 /INPUT 16 "MASK";
    .port_info 10 /INPUT 16 "WDATA";
P_0x55557b446b20 .param/l "INIT_0" 0 2 2014, C4<0000000000000000000000000000000000000000000000000000000000000000000000000000000000000000000000000000000000000000000000000000000000000000000000000000000000000000000000000000000000000000000000000000000000000000000000000000000000000000000000000000000000000000>;
P_0x55557b446b60 .param/l "INIT_1" 0 2 2015, C4<0000000000000000000000000000000000000000000000000000000000000000000000000000000000000000000000000000000000000000000000000000000000000000000000000000000000000000000000000000000000000000000000000000000000000000000000000000000000000000000000000000000000000000>;
P_0x55557b446ba0 .param/l "INIT_2" 0 2 2016, C4<0000000000000000000000000000000000000000000000000000000000000000000000000000000000000000000000000000000000000000000000000000000000000000000000000000000000000000000000000000000000000000000000000000000000000000000000000000000000000000000000000000000000000000>;
P_0x55557b446be0 .param/l "INIT_3" 0 2 2017, C4<0000000000000000000000000000000000000000000000000000000000000000000000000000000000000000000000000000000000000000000000000000000000000000000000000000000000000000000000000000000000000000000000000000000000000000000000000000000000000000000000000000000000000000>;
P_0x55557b446c20 .param/l "INIT_4" 0 2 2018, C4<0000000000000000000000000000000000000000000000000000000000000000000000000000000000000000000000000000000000000000000000000000000000000000000000000000000000000000000000000000000000000000000000000000000000000000000000000000000000000000000000000000000000000000>;
P_0x55557b446c60 .param/l "INIT_5" 0 2 2019, C4<0000000000000000000000000000000000000000000000000000000000000000000000000000000000000000000000000000000000000000000000000000000000000000000000000000000000000000000000000000000000000000000000000000000000000000000000000000000000000000000000000000000000000000>;
P_0x55557b446ca0 .param/l "INIT_6" 0 2 2020, C4<0000000000000000000000000000000000000000000000000000000000000000000000000000000000000000000000000000000000000000000000000000000000000000000000000000000000000000000000000000000000000000000000000000000000000000000000000000000000000000000000000000000000000000>;
P_0x55557b446ce0 .param/l "INIT_7" 0 2 2021, C4<0000000000000000000000000000000000000000000000000000000000000000000000000000000000000000000000000000000000000000000000000000000000000000000000000000000000000000000000000000000000000000000000000000000000000000000000000000000000000000000000000000000000000000>;
P_0x55557b446d20 .param/l "INIT_8" 0 2 2022, C4<0000000000000000000000000000000000000000000000000000000000000000000000000000000000000000000000000000000000000000000000000000000000000000000000000000000000000000000000000000000000000000000000000000000000000000000000000000000000000000000000000000000000000000>;
P_0x55557b446d60 .param/l "INIT_9" 0 2 2023, C4<0000000000000000000000000000000000000000000000000000000000000000000000000000000000000000000000000000000000000000000000000000000000000000000000000000000000000000000000000000000000000000000000000000000000000000000000000000000000000000000000000000000000000000>;
P_0x55557b446da0 .param/l "INIT_A" 0 2 2024, C4<0000000000000000000000000000000000000000000000000000000000000000000000000000000000000000000000000000000000000000000000000000000000000000000000000000000000000000000000000000000000000000000000000000000000000000000000000000000000000000000000000000000000000000>;
P_0x55557b446de0 .param/l "INIT_B" 0 2 2025, C4<0000000000000000000000000000000000000000000000000000000000000000000000000000000000000000000000000000000000000000000000000000000000000000000000000000000000000000000000000000000000000000000000000000000000000000000000000000000000000000000000000000000000000000>;
P_0x55557b446e20 .param/l "INIT_C" 0 2 2026, C4<0000000000000000000000000000000000000000000000000000000000000000000000000000000000000000000000000000000000000000000000000000000000000000000000000000000000000000000000000000000000000000000000000000000000000000000000000000000000000000000000000000000000000000>;
P_0x55557b446e60 .param/l "INIT_D" 0 2 2027, C4<0000000000000000000000000000000000000000000000000000000000000000000000000000000000000000000000000000000000000000000000000000000000000000000000000000000000000000000000000000000000000000000000000000000000000000000000000000000000000000000000000000000000000000>;
P_0x55557b446ea0 .param/l "INIT_E" 0 2 2028, C4<0000000000000000000000000000000000000000000000000000000000000000000000000000000000000000000000000000000000000000000000000000000000000000000000000000000000000000000000000000000000000000000000000000000000000000000000000000000000000000000000000000000000000000>;
P_0x55557b446ee0 .param/l "INIT_F" 0 2 2029, C4<0000000000000000000000000000000000000000000000000000000000000000000000000000000000000000000000000000000000000000000000000000000000000000000000000000000000000000000000000000000000000000000000000000000000000000000000000000000000000000000000000000000000000000>;
P_0x55557b446f20 .param/str "INIT_FILE" 0 2 2031, "\000";
P_0x55557b446f60 .param/l "READ_MODE" 0 2 2012, +C4<00000000000000000000000000000000>;
P_0x55557b446fa0 .param/l "WRITE_MODE" 0 2 2011, +C4<00000000000000000000000000000000>;
o0x7a68e79e6578 .functor BUFZ 1, C4<z>; HiZ drive
L_0x55557b6cf6f0 .functor NOT 1, o0x7a68e79e6578, C4<0>, C4<0>, C4<0>;
o0x7a68e79e65a8 .functor BUFZ 1, C4<z>; HiZ drive
L_0x55557b6cf760 .functor NOT 1, o0x7a68e79e65a8, C4<0>, C4<0>, C4<0>;
o0x7a68e79e6068 .functor BUFZ 16, C4<zzzzzzzzzzzzzzzz>; HiZ drive
v0x55557b5ec9f0_0 .net "MASK", 15 0, o0x7a68e79e6068;  0 drivers
o0x7a68e79e6098 .functor BUFZ 11, C4<zzzzzzzzzzz>; HiZ drive
v0x55557b5ecad0_0 .net "RADDR", 10 0, o0x7a68e79e6098;  0 drivers
o0x7a68e79e60f8 .functor BUFZ 1, C4<z>; HiZ drive
v0x55557b608320_0 .net "RCLKE", 0 0, o0x7a68e79e60f8;  0 drivers
v0x55557b6083f0_0 .net "RCLKN", 0 0, o0x7a68e79e6578;  0 drivers
v0x55557b607fc0_0 .net "RDATA", 15 0, L_0x55557b6cf630;  1 drivers
o0x7a68e79e6188 .functor BUFZ 1, C4<z>; HiZ drive
v0x55557b608060_0 .net "RE", 0 0, o0x7a68e79e6188;  0 drivers
o0x7a68e79e61e8 .functor BUFZ 11, C4<zzzzzzzzzzz>; HiZ drive
v0x55557b607c60_0 .net "WADDR", 10 0, o0x7a68e79e61e8;  0 drivers
o0x7a68e79e6248 .functor BUFZ 1, C4<z>; HiZ drive
v0x55557b607d30_0 .net "WCLKE", 0 0, o0x7a68e79e6248;  0 drivers
v0x55557b607900_0 .net "WCLKN", 0 0, o0x7a68e79e65a8;  0 drivers
o0x7a68e79e6278 .functor BUFZ 16, C4<zzzzzzzzzzzzzzzz>; HiZ drive
v0x55557b6079a0_0 .net "WDATA", 15 0, o0x7a68e79e6278;  0 drivers
o0x7a68e79e62d8 .functor BUFZ 1, C4<z>; HiZ drive
v0x55557b6075a0_0 .net "WE", 0 0, o0x7a68e79e62d8;  0 drivers
S_0x55557b60e200 .scope module, "RAM" "SB_RAM40_4K" 2 2053, 2 1487 0, S_0x55557b64b040;
 .timescale -12 -12;
    .port_info 0 /OUTPUT 16 "RDATA";
    .port_info 1 /INPUT 1 "RCLK";
    .port_info 2 /INPUT 1 "RCLKE";
    .port_info 3 /INPUT 1 "RE";
    .port_info 4 /INPUT 11 "RADDR";
    .port_info 5 /INPUT 1 "WCLK";
    .port_info 6 /INPUT 1 "WCLKE";
    .port_info 7 /INPUT 1 "WE";
    .port_info 8 /INPUT 11 "WADDR";
    .port_info 9 /INPUT 16 "MASK";
    .port_info 10 /INPUT 16 "WDATA";
P_0x55557b43f4c0 .param/l "INIT_0" 0 2 1507, C4<0000000000000000000000000000000000000000000000000000000000000000000000000000000000000000000000000000000000000000000000000000000000000000000000000000000000000000000000000000000000000000000000000000000000000000000000000000000000000000000000000000000000000000>;
P_0x55557b43f500 .param/l "INIT_1" 0 2 1508, C4<0000000000000000000000000000000000000000000000000000000000000000000000000000000000000000000000000000000000000000000000000000000000000000000000000000000000000000000000000000000000000000000000000000000000000000000000000000000000000000000000000000000000000000>;
P_0x55557b43f540 .param/l "INIT_2" 0 2 1509, C4<0000000000000000000000000000000000000000000000000000000000000000000000000000000000000000000000000000000000000000000000000000000000000000000000000000000000000000000000000000000000000000000000000000000000000000000000000000000000000000000000000000000000000000>;
P_0x55557b43f580 .param/l "INIT_3" 0 2 1510, C4<0000000000000000000000000000000000000000000000000000000000000000000000000000000000000000000000000000000000000000000000000000000000000000000000000000000000000000000000000000000000000000000000000000000000000000000000000000000000000000000000000000000000000000>;
P_0x55557b43f5c0 .param/l "INIT_4" 0 2 1511, C4<0000000000000000000000000000000000000000000000000000000000000000000000000000000000000000000000000000000000000000000000000000000000000000000000000000000000000000000000000000000000000000000000000000000000000000000000000000000000000000000000000000000000000000>;
P_0x55557b43f600 .param/l "INIT_5" 0 2 1512, C4<0000000000000000000000000000000000000000000000000000000000000000000000000000000000000000000000000000000000000000000000000000000000000000000000000000000000000000000000000000000000000000000000000000000000000000000000000000000000000000000000000000000000000000>;
P_0x55557b43f640 .param/l "INIT_6" 0 2 1513, C4<0000000000000000000000000000000000000000000000000000000000000000000000000000000000000000000000000000000000000000000000000000000000000000000000000000000000000000000000000000000000000000000000000000000000000000000000000000000000000000000000000000000000000000>;
P_0x55557b43f680 .param/l "INIT_7" 0 2 1514, C4<0000000000000000000000000000000000000000000000000000000000000000000000000000000000000000000000000000000000000000000000000000000000000000000000000000000000000000000000000000000000000000000000000000000000000000000000000000000000000000000000000000000000000000>;
P_0x55557b43f6c0 .param/l "INIT_8" 0 2 1515, C4<0000000000000000000000000000000000000000000000000000000000000000000000000000000000000000000000000000000000000000000000000000000000000000000000000000000000000000000000000000000000000000000000000000000000000000000000000000000000000000000000000000000000000000>;
P_0x55557b43f700 .param/l "INIT_9" 0 2 1516, C4<0000000000000000000000000000000000000000000000000000000000000000000000000000000000000000000000000000000000000000000000000000000000000000000000000000000000000000000000000000000000000000000000000000000000000000000000000000000000000000000000000000000000000000>;
P_0x55557b43f740 .param/l "INIT_A" 0 2 1517, C4<0000000000000000000000000000000000000000000000000000000000000000000000000000000000000000000000000000000000000000000000000000000000000000000000000000000000000000000000000000000000000000000000000000000000000000000000000000000000000000000000000000000000000000>;
P_0x55557b43f780 .param/l "INIT_B" 0 2 1518, C4<0000000000000000000000000000000000000000000000000000000000000000000000000000000000000000000000000000000000000000000000000000000000000000000000000000000000000000000000000000000000000000000000000000000000000000000000000000000000000000000000000000000000000000>;
P_0x55557b43f7c0 .param/l "INIT_C" 0 2 1519, C4<0000000000000000000000000000000000000000000000000000000000000000000000000000000000000000000000000000000000000000000000000000000000000000000000000000000000000000000000000000000000000000000000000000000000000000000000000000000000000000000000000000000000000000>;
P_0x55557b43f800 .param/l "INIT_D" 0 2 1520, C4<0000000000000000000000000000000000000000000000000000000000000000000000000000000000000000000000000000000000000000000000000000000000000000000000000000000000000000000000000000000000000000000000000000000000000000000000000000000000000000000000000000000000000000>;
P_0x55557b43f840 .param/l "INIT_E" 0 2 1521, C4<0000000000000000000000000000000000000000000000000000000000000000000000000000000000000000000000000000000000000000000000000000000000000000000000000000000000000000000000000000000000000000000000000000000000000000000000000000000000000000000000000000000000000000>;
P_0x55557b43f880 .param/l "INIT_F" 0 2 1522, C4<0000000000000000000000000000000000000000000000000000000000000000000000000000000000000000000000000000000000000000000000000000000000000000000000000000000000000000000000000000000000000000000000000000000000000000000000000000000000000000000000000000000000000000>;
P_0x55557b43f8c0 .param/str "INIT_FILE" 0 2 1524, "\000";
P_0x55557b43f900 .param/l "READ_MODE" 0 2 1505, +C4<00000000000000000000000000000000>;
P_0x55557b43f940 .param/l "WRITE_MODE" 0 2 1504, +C4<00000000000000000000000000000000>;
v0x55557b60a1b0_0 .net "MASK", 15 0, o0x7a68e79e6068;  alias, 0 drivers
v0x55557b60a290_0 .net "RADDR", 10 0, o0x7a68e79e6098;  alias, 0 drivers
v0x55557b609e50_0 .net "RCLK", 0 0, L_0x55557b6cf6f0;  1 drivers
v0x55557b609ef0_0 .net "RCLKE", 0 0, o0x7a68e79e60f8;  alias, 0 drivers
v0x55557b609af0_0 .net "RDATA", 15 0, L_0x55557b6cf630;  alias, 1 drivers
v0x55557b609790_0 .var "RDATA_I", 15 0;
v0x55557b609870_0 .net "RE", 0 0, o0x7a68e79e6188;  alias, 0 drivers
L_0x7a68e7990b58 .functor BUFT 1, C4<0000000000000000>, C4<0>, C4<0>, C4<0>;
v0x55557b5e9c60_0 .net "RMASK_I", 15 0, L_0x7a68e7990b58;  1 drivers
v0x55557b5e9d40_0 .net "WADDR", 10 0, o0x7a68e79e61e8;  alias, 0 drivers
v0x55557b609430_0 .net "WCLK", 0 0, L_0x55557b6cf760;  1 drivers
v0x55557b6094f0_0 .net "WCLKE", 0 0, o0x7a68e79e6248;  alias, 0 drivers
v0x55557b6090d0_0 .net "WDATA", 15 0, o0x7a68e79e6278;  alias, 0 drivers
v0x55557b609190_0 .net "WDATA_I", 15 0, L_0x55557b6cf570;  1 drivers
v0x55557b608d70_0 .net "WE", 0 0, o0x7a68e79e62d8;  alias, 0 drivers
v0x55557b608e30_0 .net "WMASK_I", 15 0, L_0x55557b6cf4b0;  1 drivers
v0x55557b608a10_0 .var/i "i", 31 0;
v0x55557b608af0 .array "memory", 255 0, 15 0;
E_0x55557b613ee0 .event posedge, v0x55557b609e50_0;
E_0x55557b614240 .event posedge, v0x55557b609430_0;
S_0x55557b60abd0 .scope generate, "genblk1" "genblk1" 2 1534, 2 1534 0, S_0x55557b60e200;
 .timescale -12 -12;
L_0x55557b6cf4b0 .functor BUFZ 16, o0x7a68e79e6068, C4<0000000000000000>, C4<0000000000000000>, C4<0000000000000000>;
S_0x55557b60a870 .scope generate, "genblk2" "genblk2" 2 1555, 2 1555 0, S_0x55557b60e200;
 .timescale -12 -12;
S_0x55557b5ecd80 .scope generate, "genblk3" "genblk3" 2 1576, 2 1576 0, S_0x55557b60e200;
 .timescale -12 -12;
L_0x55557b6cf570 .functor BUFZ 16, o0x7a68e79e6278, C4<0000000000000000>, C4<0000000000000000>, C4<0000000000000000>;
S_0x55557b60a510 .scope generate, "genblk4" "genblk4" 2 1595, 2 1595 0, S_0x55557b60e200;
 .timescale -12 -12;
L_0x55557b6cf630 .functor BUFZ 16, v0x55557b609790_0, C4<0000000000000000>, C4<0000000000000000>, C4<0000000000000000>;
S_0x55557b64ace0 .scope module, "SB_RAM40_4KNW" "SB_RAM40_4KNW" 2 1862;
 .timescale -12 -12;
    .port_info 0 /OUTPUT 16 "RDATA";
    .port_info 1 /INPUT 1 "RCLK";
    .port_info 2 /INPUT 1 "RCLKE";
    .port_info 3 /INPUT 1 "RE";
    .port_info 4 /INPUT 11 "RADDR";
    .port_info 5 /INPUT 1 "WCLKN";
    .port_info 6 /INPUT 1 "WCLKE";
    .port_info 7 /INPUT 1 "WE";
    .port_info 8 /INPUT 11 "WADDR";
    .port_info 9 /INPUT 16 "MASK";
    .port_info 10 /INPUT 16 "WDATA";
P_0x55557b442670 .param/l "INIT_0" 0 2 1878, C4<0000000000000000000000000000000000000000000000000000000000000000000000000000000000000000000000000000000000000000000000000000000000000000000000000000000000000000000000000000000000000000000000000000000000000000000000000000000000000000000000000000000000000000>;
P_0x55557b4426b0 .param/l "INIT_1" 0 2 1879, C4<0000000000000000000000000000000000000000000000000000000000000000000000000000000000000000000000000000000000000000000000000000000000000000000000000000000000000000000000000000000000000000000000000000000000000000000000000000000000000000000000000000000000000000>;
P_0x55557b4426f0 .param/l "INIT_2" 0 2 1880, C4<0000000000000000000000000000000000000000000000000000000000000000000000000000000000000000000000000000000000000000000000000000000000000000000000000000000000000000000000000000000000000000000000000000000000000000000000000000000000000000000000000000000000000000>;
P_0x55557b442730 .param/l "INIT_3" 0 2 1881, C4<0000000000000000000000000000000000000000000000000000000000000000000000000000000000000000000000000000000000000000000000000000000000000000000000000000000000000000000000000000000000000000000000000000000000000000000000000000000000000000000000000000000000000000>;
P_0x55557b442770 .param/l "INIT_4" 0 2 1882, C4<0000000000000000000000000000000000000000000000000000000000000000000000000000000000000000000000000000000000000000000000000000000000000000000000000000000000000000000000000000000000000000000000000000000000000000000000000000000000000000000000000000000000000000>;
P_0x55557b4427b0 .param/l "INIT_5" 0 2 1883, C4<0000000000000000000000000000000000000000000000000000000000000000000000000000000000000000000000000000000000000000000000000000000000000000000000000000000000000000000000000000000000000000000000000000000000000000000000000000000000000000000000000000000000000000>;
P_0x55557b4427f0 .param/l "INIT_6" 0 2 1884, C4<0000000000000000000000000000000000000000000000000000000000000000000000000000000000000000000000000000000000000000000000000000000000000000000000000000000000000000000000000000000000000000000000000000000000000000000000000000000000000000000000000000000000000000>;
P_0x55557b442830 .param/l "INIT_7" 0 2 1885, C4<0000000000000000000000000000000000000000000000000000000000000000000000000000000000000000000000000000000000000000000000000000000000000000000000000000000000000000000000000000000000000000000000000000000000000000000000000000000000000000000000000000000000000000>;
P_0x55557b442870 .param/l "INIT_8" 0 2 1886, C4<0000000000000000000000000000000000000000000000000000000000000000000000000000000000000000000000000000000000000000000000000000000000000000000000000000000000000000000000000000000000000000000000000000000000000000000000000000000000000000000000000000000000000000>;
P_0x55557b4428b0 .param/l "INIT_9" 0 2 1887, C4<0000000000000000000000000000000000000000000000000000000000000000000000000000000000000000000000000000000000000000000000000000000000000000000000000000000000000000000000000000000000000000000000000000000000000000000000000000000000000000000000000000000000000000>;
P_0x55557b4428f0 .param/l "INIT_A" 0 2 1888, C4<0000000000000000000000000000000000000000000000000000000000000000000000000000000000000000000000000000000000000000000000000000000000000000000000000000000000000000000000000000000000000000000000000000000000000000000000000000000000000000000000000000000000000000>;
P_0x55557b442930 .param/l "INIT_B" 0 2 1889, C4<0000000000000000000000000000000000000000000000000000000000000000000000000000000000000000000000000000000000000000000000000000000000000000000000000000000000000000000000000000000000000000000000000000000000000000000000000000000000000000000000000000000000000000>;
P_0x55557b442970 .param/l "INIT_C" 0 2 1890, C4<0000000000000000000000000000000000000000000000000000000000000000000000000000000000000000000000000000000000000000000000000000000000000000000000000000000000000000000000000000000000000000000000000000000000000000000000000000000000000000000000000000000000000000>;
P_0x55557b4429b0 .param/l "INIT_D" 0 2 1891, C4<0000000000000000000000000000000000000000000000000000000000000000000000000000000000000000000000000000000000000000000000000000000000000000000000000000000000000000000000000000000000000000000000000000000000000000000000000000000000000000000000000000000000000000>;
P_0x55557b4429f0 .param/l "INIT_E" 0 2 1892, C4<0000000000000000000000000000000000000000000000000000000000000000000000000000000000000000000000000000000000000000000000000000000000000000000000000000000000000000000000000000000000000000000000000000000000000000000000000000000000000000000000000000000000000000>;
P_0x55557b442a30 .param/l "INIT_F" 0 2 1893, C4<0000000000000000000000000000000000000000000000000000000000000000000000000000000000000000000000000000000000000000000000000000000000000000000000000000000000000000000000000000000000000000000000000000000000000000000000000000000000000000000000000000000000000000>;
P_0x55557b442a70 .param/str "INIT_FILE" 0 2 1895, "\000";
P_0x55557b442ab0 .param/l "READ_MODE" 0 2 1876, +C4<00000000000000000000000000000000>;
P_0x55557b442af0 .param/l "WRITE_MODE" 0 2 1875, +C4<00000000000000000000000000000000>;
o0x7a68e79e6cf8 .functor BUFZ 1, C4<z>; HiZ drive
L_0x55557b6cfa10 .functor NOT 1, o0x7a68e79e6cf8, C4<0>, C4<0>, C4<0>;
o0x7a68e79e67e8 .functor BUFZ 16, C4<zzzzzzzzzzzzzzzz>; HiZ drive
v0x55557b600ca0_0 .net "MASK", 15 0, o0x7a68e79e67e8;  0 drivers
o0x7a68e79e6818 .functor BUFZ 11, C4<zzzzzzzzzzz>; HiZ drive
v0x55557b600d60_0 .net "RADDR", 10 0, o0x7a68e79e6818;  0 drivers
o0x7a68e79e6848 .functor BUFZ 1, C4<z>; HiZ drive
v0x55557b600940_0 .net "RCLK", 0 0, o0x7a68e79e6848;  0 drivers
o0x7a68e79e6878 .functor BUFZ 1, C4<z>; HiZ drive
v0x55557b600a10_0 .net "RCLKE", 0 0, o0x7a68e79e6878;  0 drivers
v0x55557b6005e0_0 .net "RDATA", 15 0, L_0x55557b6cf950;  1 drivers
o0x7a68e79e6908 .functor BUFZ 1, C4<z>; HiZ drive
v0x55557b600680_0 .net "RE", 0 0, o0x7a68e79e6908;  0 drivers
o0x7a68e79e6968 .functor BUFZ 11, C4<zzzzzzzzzzz>; HiZ drive
v0x55557b600280_0 .net "WADDR", 10 0, o0x7a68e79e6968;  0 drivers
o0x7a68e79e69c8 .functor BUFZ 1, C4<z>; HiZ drive
v0x55557b600350_0 .net "WCLKE", 0 0, o0x7a68e79e69c8;  0 drivers
v0x55557b5fff20_0 .net "WCLKN", 0 0, o0x7a68e79e6cf8;  0 drivers
o0x7a68e79e69f8 .functor BUFZ 16, C4<zzzzzzzzzzzzzzzz>; HiZ drive
v0x55557b5fffc0_0 .net "WDATA", 15 0, o0x7a68e79e69f8;  0 drivers
o0x7a68e79e6a58 .functor BUFZ 1, C4<z>; HiZ drive
v0x55557b5ebc40_0 .net "WE", 0 0, o0x7a68e79e6a58;  0 drivers
S_0x55557b607240 .scope module, "RAM" "SB_RAM40_4K" 2 1917, 2 1487 0, S_0x55557b64ace0;
 .timescale -12 -12;
    .port_info 0 /OUTPUT 16 "RDATA";
    .port_info 1 /INPUT 1 "RCLK";
    .port_info 2 /INPUT 1 "RCLKE";
    .port_info 3 /INPUT 1 "RE";
    .port_info 4 /INPUT 11 "RADDR";
    .port_info 5 /INPUT 1 "WCLK";
    .port_info 6 /INPUT 1 "WCLKE";
    .port_info 7 /INPUT 1 "WE";
    .port_info 8 /INPUT 11 "WADDR";
    .port_info 9 /INPUT 16 "MASK";
    .port_info 10 /INPUT 16 "WDATA";
P_0x55557b43d0a0 .param/l "INIT_0" 0 2 1507, C4<0000000000000000000000000000000000000000000000000000000000000000000000000000000000000000000000000000000000000000000000000000000000000000000000000000000000000000000000000000000000000000000000000000000000000000000000000000000000000000000000000000000000000000>;
P_0x55557b43d0e0 .param/l "INIT_1" 0 2 1508, C4<0000000000000000000000000000000000000000000000000000000000000000000000000000000000000000000000000000000000000000000000000000000000000000000000000000000000000000000000000000000000000000000000000000000000000000000000000000000000000000000000000000000000000000>;
P_0x55557b43d120 .param/l "INIT_2" 0 2 1509, C4<0000000000000000000000000000000000000000000000000000000000000000000000000000000000000000000000000000000000000000000000000000000000000000000000000000000000000000000000000000000000000000000000000000000000000000000000000000000000000000000000000000000000000000>;
P_0x55557b43d160 .param/l "INIT_3" 0 2 1510, C4<0000000000000000000000000000000000000000000000000000000000000000000000000000000000000000000000000000000000000000000000000000000000000000000000000000000000000000000000000000000000000000000000000000000000000000000000000000000000000000000000000000000000000000>;
P_0x55557b43d1a0 .param/l "INIT_4" 0 2 1511, C4<0000000000000000000000000000000000000000000000000000000000000000000000000000000000000000000000000000000000000000000000000000000000000000000000000000000000000000000000000000000000000000000000000000000000000000000000000000000000000000000000000000000000000000>;
P_0x55557b43d1e0 .param/l "INIT_5" 0 2 1512, C4<0000000000000000000000000000000000000000000000000000000000000000000000000000000000000000000000000000000000000000000000000000000000000000000000000000000000000000000000000000000000000000000000000000000000000000000000000000000000000000000000000000000000000000>;
P_0x55557b43d220 .param/l "INIT_6" 0 2 1513, C4<0000000000000000000000000000000000000000000000000000000000000000000000000000000000000000000000000000000000000000000000000000000000000000000000000000000000000000000000000000000000000000000000000000000000000000000000000000000000000000000000000000000000000000>;
P_0x55557b43d260 .param/l "INIT_7" 0 2 1514, C4<0000000000000000000000000000000000000000000000000000000000000000000000000000000000000000000000000000000000000000000000000000000000000000000000000000000000000000000000000000000000000000000000000000000000000000000000000000000000000000000000000000000000000000>;
P_0x55557b43d2a0 .param/l "INIT_8" 0 2 1515, C4<0000000000000000000000000000000000000000000000000000000000000000000000000000000000000000000000000000000000000000000000000000000000000000000000000000000000000000000000000000000000000000000000000000000000000000000000000000000000000000000000000000000000000000>;
P_0x55557b43d2e0 .param/l "INIT_9" 0 2 1516, C4<0000000000000000000000000000000000000000000000000000000000000000000000000000000000000000000000000000000000000000000000000000000000000000000000000000000000000000000000000000000000000000000000000000000000000000000000000000000000000000000000000000000000000000>;
P_0x55557b43d320 .param/l "INIT_A" 0 2 1517, C4<0000000000000000000000000000000000000000000000000000000000000000000000000000000000000000000000000000000000000000000000000000000000000000000000000000000000000000000000000000000000000000000000000000000000000000000000000000000000000000000000000000000000000000>;
P_0x55557b43d360 .param/l "INIT_B" 0 2 1518, C4<0000000000000000000000000000000000000000000000000000000000000000000000000000000000000000000000000000000000000000000000000000000000000000000000000000000000000000000000000000000000000000000000000000000000000000000000000000000000000000000000000000000000000000>;
P_0x55557b43d3a0 .param/l "INIT_C" 0 2 1519, C4<0000000000000000000000000000000000000000000000000000000000000000000000000000000000000000000000000000000000000000000000000000000000000000000000000000000000000000000000000000000000000000000000000000000000000000000000000000000000000000000000000000000000000000>;
P_0x55557b43d3e0 .param/l "INIT_D" 0 2 1520, C4<0000000000000000000000000000000000000000000000000000000000000000000000000000000000000000000000000000000000000000000000000000000000000000000000000000000000000000000000000000000000000000000000000000000000000000000000000000000000000000000000000000000000000000>;
P_0x55557b43d420 .param/l "INIT_E" 0 2 1521, C4<0000000000000000000000000000000000000000000000000000000000000000000000000000000000000000000000000000000000000000000000000000000000000000000000000000000000000000000000000000000000000000000000000000000000000000000000000000000000000000000000000000000000000000>;
P_0x55557b43d460 .param/l "INIT_F" 0 2 1522, C4<0000000000000000000000000000000000000000000000000000000000000000000000000000000000000000000000000000000000000000000000000000000000000000000000000000000000000000000000000000000000000000000000000000000000000000000000000000000000000000000000000000000000000000>;
P_0x55557b43d4a0 .param/str "INIT_FILE" 0 2 1524, "\000";
P_0x55557b43d4e0 .param/l "READ_MODE" 0 2 1505, +C4<00000000000000000000000000000000>;
P_0x55557b43d520 .param/l "WRITE_MODE" 0 2 1504, +C4<00000000000000000000000000000000>;
v0x55557b602b30_0 .net "MASK", 15 0, o0x7a68e79e67e8;  alias, 0 drivers
v0x55557b602bd0_0 .net "RADDR", 10 0, o0x7a68e79e6818;  alias, 0 drivers
v0x55557b6027d0_0 .net "RCLK", 0 0, o0x7a68e79e6848;  alias, 0 drivers
v0x55557b6028a0_0 .net "RCLKE", 0 0, o0x7a68e79e6878;  alias, 0 drivers
v0x55557b602470_0 .net "RDATA", 15 0, L_0x55557b6cf950;  alias, 1 drivers
v0x55557b602110_0 .var "RDATA_I", 15 0;
v0x55557b6021f0_0 .net "RE", 0 0, o0x7a68e79e6908;  alias, 0 drivers
L_0x7a68e7990ba0 .functor BUFT 1, C4<0000000000000000>, C4<0>, C4<0>, C4<0>;
v0x55557b5ebfa0_0 .net "RMASK_I", 15 0, L_0x7a68e7990ba0;  1 drivers
v0x55557b5ec080_0 .net "WADDR", 10 0, o0x7a68e79e6968;  alias, 0 drivers
v0x55557b601db0_0 .net "WCLK", 0 0, L_0x55557b6cfa10;  1 drivers
v0x55557b601e50_0 .net "WCLKE", 0 0, o0x7a68e79e69c8;  alias, 0 drivers
v0x55557b601a20_0 .net "WDATA", 15 0, o0x7a68e79e69f8;  alias, 0 drivers
v0x55557b601b00_0 .net "WDATA_I", 15 0, L_0x55557b6cf890;  1 drivers
v0x55557b6016c0_0 .net "WE", 0 0, o0x7a68e79e6a58;  alias, 0 drivers
v0x55557b601760_0 .net "WMASK_I", 15 0, L_0x55557b6cf7d0;  1 drivers
v0x55557b601360_0 .var/i "i", 31 0;
v0x55557b601420 .array "memory", 255 0, 15 0;
E_0x55557b6145a0 .event posedge, v0x55557b6027d0_0;
E_0x55557b614900 .event posedge, v0x55557b601db0_0;
S_0x55557b6038b0 .scope generate, "genblk1" "genblk1" 2 1534, 2 1534 0, S_0x55557b607240;
 .timescale -12 -12;
L_0x55557b6cf7d0 .functor BUFZ 16, o0x7a68e79e67e8, C4<0000000000000000>, C4<0000000000000000>, C4<0000000000000000>;
S_0x55557b603550 .scope generate, "genblk2" "genblk2" 2 1555, 2 1555 0, S_0x55557b607240;
 .timescale -12 -12;
S_0x55557b6031f0 .scope generate, "genblk3" "genblk3" 2 1576, 2 1576 0, S_0x55557b607240;
 .timescale -12 -12;
L_0x55557b6cf890 .functor BUFZ 16, o0x7a68e79e69f8, C4<0000000000000000>, C4<0000000000000000>, C4<0000000000000000>;
S_0x55557b602e90 .scope generate, "genblk4" "genblk4" 2 1595, 2 1595 0, S_0x55557b607240;
 .timescale -12 -12;
L_0x55557b6cf950 .functor BUFZ 16, v0x55557b602110_0, C4<0000000000000000>, C4<0000000000000000>, C4<0000000000000000>;
S_0x55557b64a980 .scope module, "SB_RGBA_DRV" "SB_RGBA_DRV" 2 2692;
 .timescale -12 -12;
    .port_info 0 /INPUT 1 "CURREN";
    .port_info 1 /INPUT 1 "RGBLEDEN";
    .port_info 2 /INPUT 1 "RGB0PWM";
    .port_info 3 /INPUT 1 "RGB1PWM";
    .port_info 4 /INPUT 1 "RGB2PWM";
    .port_info 5 /OUTPUT 1 "RGB0";
    .port_info 6 /OUTPUT 1 "RGB1";
    .port_info 7 /OUTPUT 1 "RGB2";
P_0x55557b6588b0 .param/str "CURRENT_MODE" 0 2 2702, "0b0";
P_0x55557b6588f0 .param/str "RGB0_CURRENT" 0 2 2703, "0b000000";
P_0x55557b658930 .param/str "RGB1_CURRENT" 0 2 2704, "0b000000";
P_0x55557b658970 .param/str "RGB2_CURRENT" 0 2 2705, "0b000000";
o0x7a68e79e6f38 .functor BUFZ 1, C4<z>; HiZ drive
v0x55557b5ffbc0_0 .net "CURREN", 0 0, o0x7a68e79e6f38;  0 drivers
o0x7a68e79e6f68 .functor BUFZ 1, C4<z>; HiZ drive
v0x55557b5ffc80_0 .net "RGB0", 0 0, o0x7a68e79e6f68;  0 drivers
o0x7a68e79e6f98 .functor BUFZ 1, C4<z>; HiZ drive
v0x55557b5ff860_0 .net "RGB0PWM", 0 0, o0x7a68e79e6f98;  0 drivers
o0x7a68e79e6fc8 .functor BUFZ 1, C4<z>; HiZ drive
v0x55557b5ff930_0 .net "RGB1", 0 0, o0x7a68e79e6fc8;  0 drivers
o0x7a68e79e6ff8 .functor BUFZ 1, C4<z>; HiZ drive
v0x55557b5ff500_0 .net "RGB1PWM", 0 0, o0x7a68e79e6ff8;  0 drivers
o0x7a68e79e7028 .functor BUFZ 1, C4<z>; HiZ drive
v0x55557b5ff5c0_0 .net "RGB2", 0 0, o0x7a68e79e7028;  0 drivers
o0x7a68e79e7058 .functor BUFZ 1, C4<z>; HiZ drive
v0x55557b5ff1a0_0 .net "RGB2PWM", 0 0, o0x7a68e79e7058;  0 drivers
o0x7a68e79e7088 .functor BUFZ 1, C4<z>; HiZ drive
v0x55557b5ff260_0 .net "RGBLEDEN", 0 0, o0x7a68e79e7088;  0 drivers
S_0x55557b64a620 .scope module, "SB_RGB_DRV" "SB_RGB_DRV" 2 2716;
 .timescale -12 -12;
    .port_info 0 /INPUT 1 "RGBLEDEN";
    .port_info 1 /INPUT 1 "RGB0PWM";
    .port_info 2 /INPUT 1 "RGB1PWM";
    .port_info 3 /INPUT 1 "RGB2PWM";
    .port_info 4 /INPUT 1 "RGBPU";
    .port_info 5 /OUTPUT 1 "RGB0";
    .port_info 6 /OUTPUT 1 "RGB1";
    .port_info 7 /OUTPUT 1 "RGB2";
P_0x55557b6916d0 .param/str "CURRENT_MODE" 0 2 2726, "0b0";
P_0x55557b691710 .param/str "RGB0_CURRENT" 0 2 2727, "0b000000";
P_0x55557b691750 .param/str "RGB1_CURRENT" 0 2 2728, "0b000000";
P_0x55557b691790 .param/str "RGB2_CURRENT" 0 2 2729, "0b000000";
o0x7a68e79e7238 .functor BUFZ 1, C4<z>; HiZ drive
v0x55557b5fee40_0 .net "RGB0", 0 0, o0x7a68e79e7238;  0 drivers
o0x7a68e79e7268 .functor BUFZ 1, C4<z>; HiZ drive
v0x55557b5fef00_0 .net "RGB0PWM", 0 0, o0x7a68e79e7268;  0 drivers
o0x7a68e79e7298 .functor BUFZ 1, C4<z>; HiZ drive
v0x55557b5feab0_0 .net "RGB1", 0 0, o0x7a68e79e7298;  0 drivers
o0x7a68e79e72c8 .functor BUFZ 1, C4<z>; HiZ drive
v0x55557b5feb50_0 .net "RGB1PWM", 0 0, o0x7a68e79e72c8;  0 drivers
o0x7a68e79e72f8 .functor BUFZ 1, C4<z>; HiZ drive
v0x55557b5fe750_0 .net "RGB2", 0 0, o0x7a68e79e72f8;  0 drivers
o0x7a68e79e7328 .functor BUFZ 1, C4<z>; HiZ drive
v0x55557b5fe810_0 .net "RGB2PWM", 0 0, o0x7a68e79e7328;  0 drivers
o0x7a68e79e7358 .functor BUFZ 1, C4<z>; HiZ drive
v0x55557b5fe3f0_0 .net "RGBLEDEN", 0 0, o0x7a68e79e7358;  0 drivers
o0x7a68e79e7388 .functor BUFZ 1, C4<z>; HiZ drive
v0x55557b5fe490_0 .net "RGBPU", 0 0, o0x7a68e79e7388;  0 drivers
S_0x55557b64a2c0 .scope module, "SB_SPI" "SB_SPI" 2 2776;
 .timescale -12 -12;
    .port_info 0 /INPUT 1 "SBCLKI";
    .port_info 1 /INPUT 1 "SBRWI";
    .port_info 2 /INPUT 1 "SBSTBI";
    .port_info 3 /INPUT 1 "SBADRI7";
    .port_info 4 /INPUT 1 "SBADRI6";
    .port_info 5 /INPUT 1 "SBADRI5";
    .port_info 6 /INPUT 1 "SBADRI4";
    .port_info 7 /INPUT 1 "SBADRI3";
    .port_info 8 /INPUT 1 "SBADRI2";
    .port_info 9 /INPUT 1 "SBADRI1";
    .port_info 10 /INPUT 1 "SBADRI0";
    .port_info 11 /INPUT 1 "SBDATI7";
    .port_info 12 /INPUT 1 "SBDATI6";
    .port_info 13 /INPUT 1 "SBDATI5";
    .port_info 14 /INPUT 1 "SBDATI4";
    .port_info 15 /INPUT 1 "SBDATI3";
    .port_info 16 /INPUT 1 "SBDATI2";
    .port_info 17 /INPUT 1 "SBDATI1";
    .port_info 18 /INPUT 1 "SBDATI0";
    .port_info 19 /INPUT 1 "MI";
    .port_info 20 /INPUT 1 "SI";
    .port_info 21 /INPUT 1 "SCKI";
    .port_info 22 /INPUT 1 "SCSNI";
    .port_info 23 /OUTPUT 1 "SBDATO7";
    .port_info 24 /OUTPUT 1 "SBDATO6";
    .port_info 25 /OUTPUT 1 "SBDATO5";
    .port_info 26 /OUTPUT 1 "SBDATO4";
    .port_info 27 /OUTPUT 1 "SBDATO3";
    .port_info 28 /OUTPUT 1 "SBDATO2";
    .port_info 29 /OUTPUT 1 "SBDATO1";
    .port_info 30 /OUTPUT 1 "SBDATO0";
    .port_info 31 /OUTPUT 1 "SBACKO";
    .port_info 32 /OUTPUT 1 "SPIIRQ";
    .port_info 33 /OUTPUT 1 "SPIWKUP";
    .port_info 34 /OUTPUT 1 "SO";
    .port_info 35 /OUTPUT 1 "SOE";
    .port_info 36 /OUTPUT 1 "MO";
    .port_info 37 /OUTPUT 1 "MOE";
    .port_info 38 /OUTPUT 1 "SCKO";
    .port_info 39 /OUTPUT 1 "SCKOE";
    .port_info 40 /OUTPUT 1 "MCSNO3";
    .port_info 41 /OUTPUT 1 "MCSNO2";
    .port_info 42 /OUTPUT 1 "MCSNO1";
    .port_info 43 /OUTPUT 1 "MCSNO0";
    .port_info 44 /OUTPUT 1 "MCSNOE3";
    .port_info 45 /OUTPUT 1 "MCSNOE2";
    .port_info 46 /OUTPUT 1 "MCSNOE1";
    .port_info 47 /OUTPUT 1 "MCSNOE0";
P_0x55557b660cd0 .param/str "BUS_ADDR74" 0 2 2826, "0b0000";
o0x7a68e79e7538 .functor BUFZ 1, C4<z>; HiZ drive
v0x55557b5fe090_0 .net "MCSNO0", 0 0, o0x7a68e79e7538;  0 drivers
o0x7a68e79e7568 .functor BUFZ 1, C4<z>; HiZ drive
v0x55557b5fe170_0 .net "MCSNO1", 0 0, o0x7a68e79e7568;  0 drivers
o0x7a68e79e7598 .functor BUFZ 1, C4<z>; HiZ drive
v0x55557b5fdd30_0 .net "MCSNO2", 0 0, o0x7a68e79e7598;  0 drivers
o0x7a68e79e75c8 .functor BUFZ 1, C4<z>; HiZ drive
v0x55557b5fddd0_0 .net "MCSNO3", 0 0, o0x7a68e79e75c8;  0 drivers
o0x7a68e79e75f8 .functor BUFZ 1, C4<z>; HiZ drive
v0x55557b5eb8b0_0 .net "MCSNOE0", 0 0, o0x7a68e79e75f8;  0 drivers
o0x7a68e79e7628 .functor BUFZ 1, C4<z>; HiZ drive
v0x55557b5eb970_0 .net "MCSNOE1", 0 0, o0x7a68e79e7628;  0 drivers
o0x7a68e79e7658 .functor BUFZ 1, C4<z>; HiZ drive
v0x55557b5fd9d0_0 .net "MCSNOE2", 0 0, o0x7a68e79e7658;  0 drivers
o0x7a68e79e7688 .functor BUFZ 1, C4<z>; HiZ drive
v0x55557b5fda70_0 .net "MCSNOE3", 0 0, o0x7a68e79e7688;  0 drivers
o0x7a68e79e76b8 .functor BUFZ 1, C4<z>; HiZ drive
v0x55557b5fd670_0 .net "MI", 0 0, o0x7a68e79e76b8;  0 drivers
o0x7a68e79e76e8 .functor BUFZ 1, C4<z>; HiZ drive
v0x55557b5fd310_0 .net "MO", 0 0, o0x7a68e79e76e8;  0 drivers
o0x7a68e79e7718 .functor BUFZ 1, C4<z>; HiZ drive
v0x55557b5fd3d0_0 .net "MOE", 0 0, o0x7a68e79e7718;  0 drivers
o0x7a68e79e7748 .functor BUFZ 1, C4<z>; HiZ drive
v0x55557b5fcfb0_0 .net "SBACKO", 0 0, o0x7a68e79e7748;  0 drivers
o0x7a68e79e7778 .functor BUFZ 1, C4<z>; HiZ drive
v0x55557b5fd050_0 .net "SBADRI0", 0 0, o0x7a68e79e7778;  0 drivers
o0x7a68e79e77a8 .functor BUFZ 1, C4<z>; HiZ drive
v0x55557b5fcc50_0 .net "SBADRI1", 0 0, o0x7a68e79e77a8;  0 drivers
o0x7a68e79e77d8 .functor BUFZ 1, C4<z>; HiZ drive
v0x55557b5fcd10_0 .net "SBADRI2", 0 0, o0x7a68e79e77d8;  0 drivers
o0x7a68e79e7808 .functor BUFZ 1, C4<z>; HiZ drive
v0x55557b5fc8f0_0 .net "SBADRI3", 0 0, o0x7a68e79e7808;  0 drivers
o0x7a68e79e7838 .functor BUFZ 1, C4<z>; HiZ drive
v0x55557b5fc990_0 .net "SBADRI4", 0 0, o0x7a68e79e7838;  0 drivers
o0x7a68e79e7868 .functor BUFZ 1, C4<z>; HiZ drive
v0x55557b5fc230_0 .net "SBADRI5", 0 0, o0x7a68e79e7868;  0 drivers
o0x7a68e79e7898 .functor BUFZ 1, C4<z>; HiZ drive
v0x55557b5fc2f0_0 .net "SBADRI6", 0 0, o0x7a68e79e7898;  0 drivers
o0x7a68e79e78c8 .functor BUFZ 1, C4<z>; HiZ drive
v0x55557b5fbea0_0 .net "SBADRI7", 0 0, o0x7a68e79e78c8;  0 drivers
o0x7a68e79e78f8 .functor BUFZ 1, C4<z>; HiZ drive
v0x55557b5fbf40_0 .net "SBCLKI", 0 0, o0x7a68e79e78f8;  0 drivers
o0x7a68e79e7928 .functor BUFZ 1, C4<z>; HiZ drive
v0x55557b5fbb40_0 .net "SBDATI0", 0 0, o0x7a68e79e7928;  0 drivers
o0x7a68e79e7958 .functor BUFZ 1, C4<z>; HiZ drive
v0x55557b5fbc00_0 .net "SBDATI1", 0 0, o0x7a68e79e7958;  0 drivers
o0x7a68e79e7988 .functor BUFZ 1, C4<z>; HiZ drive
v0x55557b5eb520_0 .net "SBDATI2", 0 0, o0x7a68e79e7988;  0 drivers
o0x7a68e79e79b8 .functor BUFZ 1, C4<z>; HiZ drive
v0x55557b5eb5c0_0 .net "SBDATI3", 0 0, o0x7a68e79e79b8;  0 drivers
o0x7a68e79e79e8 .functor BUFZ 1, C4<z>; HiZ drive
v0x55557b5fb7e0_0 .net "SBDATI4", 0 0, o0x7a68e79e79e8;  0 drivers
o0x7a68e79e7a18 .functor BUFZ 1, C4<z>; HiZ drive
v0x55557b5fb8a0_0 .net "SBDATI5", 0 0, o0x7a68e79e7a18;  0 drivers
o0x7a68e79e7a48 .functor BUFZ 1, C4<z>; HiZ drive
v0x55557b5fb480_0 .net "SBDATI6", 0 0, o0x7a68e79e7a48;  0 drivers
o0x7a68e79e7a78 .functor BUFZ 1, C4<z>; HiZ drive
v0x55557b5fb520_0 .net "SBDATI7", 0 0, o0x7a68e79e7a78;  0 drivers
o0x7a68e79e7aa8 .functor BUFZ 1, C4<z>; HiZ drive
v0x55557b5fb120_0 .net "SBDATO0", 0 0, o0x7a68e79e7aa8;  0 drivers
o0x7a68e79e7ad8 .functor BUFZ 1, C4<z>; HiZ drive
v0x55557b5fb1e0_0 .net "SBDATO1", 0 0, o0x7a68e79e7ad8;  0 drivers
o0x7a68e79e7b08 .functor BUFZ 1, C4<z>; HiZ drive
v0x55557b5fadc0_0 .net "SBDATO2", 0 0, o0x7a68e79e7b08;  0 drivers
o0x7a68e79e7b38 .functor BUFZ 1, C4<z>; HiZ drive
v0x55557b5fae60_0 .net "SBDATO3", 0 0, o0x7a68e79e7b38;  0 drivers
o0x7a68e79e7b68 .functor BUFZ 1, C4<z>; HiZ drive
v0x55557b5faa60_0 .net "SBDATO4", 0 0, o0x7a68e79e7b68;  0 drivers
o0x7a68e79e7b98 .functor BUFZ 1, C4<z>; HiZ drive
v0x55557b5fab20_0 .net "SBDATO5", 0 0, o0x7a68e79e7b98;  0 drivers
o0x7a68e79e7bc8 .functor BUFZ 1, C4<z>; HiZ drive
v0x55557b5fa700_0 .net "SBDATO6", 0 0, o0x7a68e79e7bc8;  0 drivers
o0x7a68e79e7bf8 .functor BUFZ 1, C4<z>; HiZ drive
v0x55557b5fa7a0_0 .net "SBDATO7", 0 0, o0x7a68e79e7bf8;  0 drivers
o0x7a68e79e7c28 .functor BUFZ 1, C4<z>; HiZ drive
v0x55557b5fa3a0_0 .net "SBRWI", 0 0, o0x7a68e79e7c28;  0 drivers
o0x7a68e79e7c58 .functor BUFZ 1, C4<z>; HiZ drive
v0x55557b5fa460_0 .net "SBSTBI", 0 0, o0x7a68e79e7c58;  0 drivers
o0x7a68e79e7c88 .functor BUFZ 1, C4<z>; HiZ drive
v0x55557b5fa040_0 .net "SCKI", 0 0, o0x7a68e79e7c88;  0 drivers
o0x7a68e79e7cb8 .functor BUFZ 1, C4<z>; HiZ drive
v0x55557b5fa0e0_0 .net "SCKO", 0 0, o0x7a68e79e7cb8;  0 drivers
o0x7a68e79e7ce8 .functor BUFZ 1, C4<z>; HiZ drive
v0x55557b5f9ce0_0 .net "SCKOE", 0 0, o0x7a68e79e7ce8;  0 drivers
o0x7a68e79e7d18 .functor BUFZ 1, C4<z>; HiZ drive
v0x55557b5f9da0_0 .net "SCSNI", 0 0, o0x7a68e79e7d18;  0 drivers
o0x7a68e79e7d48 .functor BUFZ 1, C4<z>; HiZ drive
v0x55557b5f9980_0 .net "SI", 0 0, o0x7a68e79e7d48;  0 drivers
o0x7a68e79e7d78 .functor BUFZ 1, C4<z>; HiZ drive
v0x55557b5f9a20_0 .net "SO", 0 0, o0x7a68e79e7d78;  0 drivers
o0x7a68e79e7da8 .functor BUFZ 1, C4<z>; HiZ drive
v0x55557b5eb190_0 .net "SOE", 0 0, o0x7a68e79e7da8;  0 drivers
o0x7a68e79e7dd8 .functor BUFZ 1, C4<z>; HiZ drive
v0x55557b5eb250_0 .net "SPIIRQ", 0 0, o0x7a68e79e7dd8;  0 drivers
o0x7a68e79e7e08 .functor BUFZ 1, C4<z>; HiZ drive
v0x55557b5f95f0_0 .net "SPIWKUP", 0 0, o0x7a68e79e7e08;  0 drivers
S_0x55557b5f33b0 .scope module, "SB_SPRAM256KA" "SB_SPRAM256KA" 2 2600;
 .timescale -12 -12;
    .port_info 0 /INPUT 14 "ADDRESS";
    .port_info 1 /INPUT 16 "DATAIN";
    .port_info 2 /INPUT 4 "MASKWREN";
    .port_info 3 /INPUT 1 "WREN";
    .port_info 4 /INPUT 1 "CHIPSELECT";
    .port_info 5 /INPUT 1 "CLOCK";
    .port_info 6 /INPUT 1 "STANDBY";
    .port_info 7 /INPUT 1 "SLEEP";
    .port_info 8 /INPUT 1 "POWEROFF";
    .port_info 9 /OUTPUT 16 "DATAOUT";
o0x7a68e79e8888 .functor BUFZ 1, C4<z>; HiZ drive
L_0x55557b6cfb20 .functor OR 1, o0x7a68e79e8888, L_0x55557b6cfa80, C4<0>, C4<0>;
o0x7a68e79e8738 .functor BUFZ 14, C4<zzzzzzzzzzzzzz>; HiZ drive
v0x55557b5f9690_0 .net "ADDRESS", 13 0, o0x7a68e79e8738;  0 drivers
o0x7a68e79e8768 .functor BUFZ 1, C4<z>; HiZ drive
v0x55557b5f8f30_0 .net "CHIPSELECT", 0 0, o0x7a68e79e8768;  0 drivers
o0x7a68e79e8798 .functor BUFZ 1, C4<z>; HiZ drive
v0x55557b5f8ff0_0 .net "CLOCK", 0 0, o0x7a68e79e8798;  0 drivers
o0x7a68e79e87c8 .functor BUFZ 16, C4<zzzzzzzzzzzzzzzz>; HiZ drive
v0x55557b5f8bd0_0 .net "DATAIN", 15 0, o0x7a68e79e87c8;  0 drivers
v0x55557b5f8cb0_0 .var "DATAOUT", 15 0;
o0x7a68e79e8828 .functor BUFZ 4, C4<zzzz>; HiZ drive
v0x55557b5f8870_0 .net "MASKWREN", 3 0, o0x7a68e79e8828;  0 drivers
o0x7a68e79e8858 .functor BUFZ 1, C4<z>; HiZ drive
v0x55557b5f8930_0 .net "POWEROFF", 0 0, o0x7a68e79e8858;  0 drivers
v0x55557b5f8510_0 .net "SLEEP", 0 0, o0x7a68e79e8888;  0 drivers
o0x7a68e79e88b8 .functor BUFZ 1, C4<z>; HiZ drive
v0x55557b5f85b0_0 .net "STANDBY", 0 0, o0x7a68e79e88b8;  0 drivers
o0x7a68e79e88e8 .functor BUFZ 1, C4<z>; HiZ drive
v0x55557b5f81b0_0 .net "WREN", 0 0, o0x7a68e79e88e8;  0 drivers
v0x55557b5f8270_0 .net *"_ivl_1", 0 0, L_0x55557b6cfa80;  1 drivers
v0x55557b5f7e50_0 .var/i "i", 31 0;
v0x55557b5f7f10 .array "mem", 16383 0, 15 0;
v0x55557b5f7af0_0 .net "off", 0 0, L_0x55557b6cfb20;  1 drivers
E_0x55557b614c60 .event posedge, v0x55557b5f7af0_0, v0x55557b5f8ff0_0;
E_0x55557b614fc0 .event negedge, v0x55557b5f8930_0;
L_0x55557b6cfa80 .reduce/nor o0x7a68e79e8858;
S_0x55557b649c00 .scope module, "SB_WARMBOOT" "SB_WARMBOOT" 2 2593;
 .timescale -12 -12;
    .port_info 0 /INPUT 1 "BOOT";
    .port_info 1 /INPUT 1 "S1";
    .port_info 2 /INPUT 1 "S0";
o0x7a68e79e8b88 .functor BUFZ 1, C4<z>; HiZ drive
v0x55557b5f7790_0 .net "BOOT", 0 0, o0x7a68e79e8b88;  0 drivers
o0x7a68e79e8bb8 .functor BUFZ 1, C4<z>; HiZ drive
v0x55557b5f7870_0 .net "S0", 0 0, o0x7a68e79e8bb8;  0 drivers
o0x7a68e79e8be8 .functor BUFZ 1, C4<z>; HiZ drive
v0x55557b5eae30_0 .net "S1", 0 0, o0x7a68e79e8be8;  0 drivers
S_0x55557b6498a0 .scope module, "main" "main" 3 6;
 .timescale -12 -12;
    .port_info 0 /INPUT 1 "v67d7d5";
    .port_info 1 /INPUT 1 "va871b0";
    .port_info 2 /OUTPUT 4 "vinit";
P_0x55557b3c30f0 .param/l "p5" 1 3 13, +C4<00000000000000000000000000000101>;
P_0x55557b3c3130 .param/l "v8bd423" 0 3 7, +C4<00000000000000000000000000000101>;
o0x7a68e79f0e68 .functor BUFZ 1, C4<z>; HiZ drive
L_0x55557b6cfc40 .functor BUFZ 1, o0x7a68e79f0e68, C4<0>, C4<0>, C4<0>;
o0x7a68e79f0e98 .functor BUFZ 1, C4<z>; HiZ drive
L_0x55557b6cfd00 .functor BUFZ 1, o0x7a68e79f0e98, C4<0>, C4<0>, C4<0>;
L_0x55557b6cfdc0 .functor BUFZ 1, L_0x55557b6fe640, C4<0>, C4<0>, C4<0>;
L_0x55557b6cfe80 .functor BUFZ 1, L_0x55557b6fe640, C4<0>, C4<0>, C4<0>;
L_0x55557b6d0000 .functor BUFZ 1, L_0x55557b6cfdc0, C4<0>, C4<0>, C4<0>;
L_0x55557b6d0070 .functor BUFZ 1, L_0x55557b6fe640, C4<0>, C4<0>, C4<0>;
L_0x55557b6d00e0 .functor BUFZ 1, L_0x55557b6cfdc0, C4<0>, C4<0>, C4<0>;
RS_0x7a68e79ea8c8 .resolv tri, L_0x55557b6cfe80, L_0x55557b6d0000;
L_0x55557b6d01e0 .functor BUFZ 1, RS_0x7a68e79ea8c8, C4<0>, C4<0>, C4<0>;
L_0x55557b6d03c0 .functor BUFZ 1, L_0x55557b6f3610, C4<0>, C4<0>, C4<0>;
L_0x55557b6d0430 .functor BUFZ 1, L_0x55557b6f3610, C4<0>, C4<0>, C4<0>;
L_0x55557b6d0590 .functor BUFZ 1, L_0x55557b6d03c0, C4<0>, C4<0>, C4<0>;
L_0x55557b6d0600 .functor BUFZ 1, L_0x55557b6f3610, C4<0>, C4<0>, C4<0>;
L_0x55557b6d06e0 .functor BUFZ 1, L_0x55557b6d03c0, C4<0>, C4<0>, C4<0>;
RS_0x7a68e79eeeb8 .resolv tri, L_0x55557b6d0430, L_0x55557b6d0590;
L_0x55557b6d07e0 .functor BUFZ 1, RS_0x7a68e79eeeb8, C4<0>, C4<0>, C4<0>;
L_0x55557b6d0670 .functor BUFZ 1, L_0x55557b6f3610, C4<0>, C4<0>, C4<0>;
L_0x55557b6d09f0 .functor BUFZ 1, L_0x55557b6d03c0, C4<0>, C4<0>, C4<0>;
L_0x55557b6d0af0 .functor BUFZ 1, RS_0x7a68e79eeeb8, C4<0>, C4<0>, C4<0>;
RS_0x7a68e79e93c8 .resolv tri, L_0x55557b6d0600, L_0x55557b6d06e0, L_0x55557b6d07e0;
L_0x55557b6d0bf0 .functor BUFZ 1, RS_0x7a68e79e93c8, C4<0>, C4<0>, C4<0>;
L_0x55557b6d0d00 .functor BUFZ 1, L_0x55557b6f3610, C4<0>, C4<0>, C4<0>;
L_0x55557b6d0d70 .functor BUFZ 1, L_0x55557b6d03c0, C4<0>, C4<0>, C4<0>;
L_0x55557b6d0e90 .functor BUFZ 1, RS_0x7a68e79eeeb8, C4<0>, C4<0>, C4<0>;
L_0x55557b6d0f00 .functor BUFZ 1, RS_0x7a68e79e93c8, C4<0>, C4<0>, C4<0>;
RS_0x7a68e79ea178 .resolv tri, L_0x55557b6d0670, L_0x55557b6d09f0, L_0x55557b6d0af0, L_0x55557b6d0bf0;
L_0x55557b6d1030 .functor BUFZ 1, RS_0x7a68e79ea178, C4<0>, C4<0>, C4<0>;
L_0x55557b6d10a0 .functor BUFZ 1, L_0x55557b6f3610, C4<0>, C4<0>, C4<0>;
L_0x55557b6d11e0 .functor BUFZ 1, L_0x55557b6d03c0, C4<0>, C4<0>, C4<0>;
L_0x55557b6d1250 .functor BUFZ 1, RS_0x7a68e79eeeb8, C4<0>, C4<0>, C4<0>;
L_0x55557b6d13a0 .functor BUFZ 1, RS_0x7a68e79e93c8, C4<0>, C4<0>, C4<0>;
L_0x55557b6d1410 .functor BUFZ 1, RS_0x7a68e79ea178, C4<0>, C4<0>, C4<0>;
RS_0x7a68e79ecb48 .resolv tri, L_0x55557b6d0d00, L_0x55557b6d0d70, L_0x55557b6d0e90, L_0x55557b6d0f00, L_0x55557b6d1030;
L_0x55557b6d1570 .functor BUFZ 1, RS_0x7a68e79ecb48, C4<0>, C4<0>, C4<0>;
L_0x55557b6d15e0 .functor BUFZ 1, L_0x55557b6f3610, C4<0>, C4<0>, C4<0>;
L_0x55557b6d1750 .functor BUFZ 1, L_0x55557b6d03c0, C4<0>, C4<0>, C4<0>;
L_0x55557b6d17c0 .functor BUFZ 1, RS_0x7a68e79eeeb8, C4<0>, C4<0>, C4<0>;
L_0x55557b6d1940 .functor BUFZ 1, RS_0x7a68e79e93c8, C4<0>, C4<0>, C4<0>;
L_0x55557b6d1ac0 .functor BUFZ 1, RS_0x7a68e79ea178, C4<0>, C4<0>, C4<0>;
L_0x55557b6d1d60 .functor BUFZ 1, RS_0x7a68e79ecb48, C4<0>, C4<0>, C4<0>;
RS_0x7a68e79ee768 .resolv tri, L_0x55557b6d10a0, L_0x55557b6d11e0, L_0x55557b6d1250, L_0x55557b6d13a0, L_0x55557b6d1410, L_0x55557b6d1570;
L_0x55557b6d1dd0 .functor BUFZ 1, RS_0x7a68e79ee768, C4<0>, C4<0>, C4<0>;
L_0x55557b6d2190 .functor BUFZ 1, L_0x55557b6f3610, C4<0>, C4<0>, C4<0>;
L_0x55557b6d2200 .functor BUFZ 1, L_0x55557b6d03c0, C4<0>, C4<0>, C4<0>;
L_0x55557b6d2060 .functor BUFZ 1, RS_0x7a68e79eeeb8, C4<0>, C4<0>, C4<0>;
L_0x55557b6d20d0 .functor BUFZ 1, RS_0x7a68e79e93c8, C4<0>, C4<0>, C4<0>;
L_0x55557b6d23c0 .functor BUFZ 1, RS_0x7a68e79ea178, C4<0>, C4<0>, C4<0>;
L_0x55557b6d2430 .functor BUFZ 1, RS_0x7a68e79ecb48, C4<0>, C4<0>, C4<0>;
L_0x55557b6d2600 .functor BUFZ 1, RS_0x7a68e79ee768, C4<0>, C4<0>, C4<0>;
RS_0x7a68e79eb8e8 .resolv tri, L_0x55557b6d15e0, L_0x55557b6d1750, L_0x55557b6d17c0, L_0x55557b6d1940, L_0x55557b6d1ac0, L_0x55557b6d1d60, L_0x55557b6d1dd0;
L_0x55557b6d2780 .functor BUFZ 1, RS_0x7a68e79eb8e8, C4<0>, C4<0>, C4<0>;
L_0x55557b6d2960 .functor BUFZ 1, L_0x55557b6f3610, C4<0>, C4<0>, C4<0>;
L_0x55557b6d29d0 .functor BUFZ 1, L_0x55557b6d03c0, C4<0>, C4<0>, C4<0>;
L_0x55557b6d2bc0 .functor BUFZ 1, RS_0x7a68e79eeeb8, C4<0>, C4<0>, C4<0>;
L_0x55557b6d2c30 .functor BUFZ 1, RS_0x7a68e79e93c8, C4<0>, C4<0>, C4<0>;
L_0x55557b6d2e30 .functor BUFZ 1, RS_0x7a68e79ea178, C4<0>, C4<0>, C4<0>;
L_0x55557b6d2ea0 .functor BUFZ 1, RS_0x7a68e79ecb48, C4<0>, C4<0>, C4<0>;
L_0x55557b6d30b0 .functor BUFZ 1, RS_0x7a68e79ee768, C4<0>, C4<0>, C4<0>;
L_0x55557b6d3230 .functor BUFZ 1, RS_0x7a68e79eb8e8, C4<0>, C4<0>, C4<0>;
RS_0x7a68e79ed4d8 .resolv tri, L_0x55557b6d2190, L_0x55557b6d2200, L_0x55557b6d2060, L_0x55557b6d20d0, L_0x55557b6d23c0, L_0x55557b6d2430, L_0x55557b6d2600, L_0x55557b6d2780;
L_0x55557b6d3450 .functor BUFZ 1, RS_0x7a68e79ed4d8, C4<0>, C4<0>, C4<0>;
L_0x55557b6d34c0 .functor BUFZ 1, L_0x55557b6f3610, C4<0>, C4<0>, C4<0>;
L_0x55557b6d32a0 .functor BUFZ 1, L_0x55557b6d03c0, C4<0>, C4<0>, C4<0>;
L_0x55557b6d3310 .functor BUFZ 1, RS_0x7a68e79eeeb8, C4<0>, C4<0>, C4<0>;
L_0x55557b6d3380 .functor BUFZ 1, RS_0x7a68e79e93c8, C4<0>, C4<0>, C4<0>;
L_0x55557b6d3700 .functor BUFZ 1, RS_0x7a68e79ea178, C4<0>, C4<0>, C4<0>;
L_0x55557b6d3950 .functor BUFZ 1, RS_0x7a68e79ecb48, C4<0>, C4<0>, C4<0>;
L_0x55557b6d39c0 .functor BUFZ 1, RS_0x7a68e79ee768, C4<0>, C4<0>, C4<0>;
L_0x55557b6d3d30 .functor BUFZ 1, RS_0x7a68e79eb8e8, C4<0>, C4<0>, C4<0>;
L_0x55557b6d3da0 .functor BUFZ 1, RS_0x7a68e79ed4d8, C4<0>, C4<0>, C4<0>;
RS_0x7a68e79ead18 .resolv tri, L_0x55557b6d2960, L_0x55557b6d29d0, L_0x55557b6d2bc0, L_0x55557b6d2c30, L_0x55557b6d2e30, L_0x55557b6d2ea0, L_0x55557b6d30b0, L_0x55557b6d3230, L_0x55557b6d3450;
L_0x55557b6d4010 .functor BUFZ 1, RS_0x7a68e79ead18, C4<0>, C4<0>, C4<0>;
L_0x55557b6d4080 .functor BUFZ 1, L_0x55557b6f3610, C4<0>, C4<0>, C4<0>;
L_0x55557b6d4300 .functor BUFZ 1, L_0x55557b6d03c0, C4<0>, C4<0>, C4<0>;
L_0x55557b6d4370 .functor BUFZ 1, RS_0x7a68e79eeeb8, C4<0>, C4<0>, C4<0>;
L_0x55557b6d4600 .functor BUFZ 1, RS_0x7a68e79e93c8, C4<0>, C4<0>, C4<0>;
L_0x55557b6d4670 .functor BUFZ 1, RS_0x7a68e79ea178, C4<0>, C4<0>, C4<0>;
L_0x55557b6d4910 .functor BUFZ 1, RS_0x7a68e79ecb48, C4<0>, C4<0>, C4<0>;
L_0x55557b6d4980 .functor BUFZ 1, RS_0x7a68e79ee768, C4<0>, C4<0>, C4<0>;
L_0x55557b6d4d40 .functor BUFZ 1, RS_0x7a68e79eb8e8, C4<0>, C4<0>, C4<0>;
L_0x55557b6d4db0 .functor BUFZ 1, RS_0x7a68e79ed4d8, C4<0>, C4<0>, C4<0>;
L_0x55557b6d5070 .functor BUFZ 1, RS_0x7a68e79ead18, C4<0>, C4<0>, C4<0>;
RS_0x7a68e79ef248 .resolv tri, L_0x55557b6d34c0, L_0x55557b6d32a0, L_0x55557b6d3310, L_0x55557b6d3380, L_0x55557b6d3700, L_0x55557b6d3950, L_0x55557b6d39c0, L_0x55557b6d3d30, L_0x55557b6d3da0, L_0x55557b6d4010;
L_0x55557b6d50e0 .functor BUFZ 1, RS_0x7a68e79ef248, C4<0>, C4<0>, C4<0>;
L_0x55557b6d53b0 .functor BUFZ 1, L_0x55557b6f3610, C4<0>, C4<0>, C4<0>;
L_0x55557b6d5420 .functor BUFZ 1, L_0x55557b6d03c0, C4<0>, C4<0>, C4<0>;
L_0x55557b6d5700 .functor BUFZ 1, RS_0x7a68e79eeeb8, C4<0>, C4<0>, C4<0>;
L_0x55557b6d5770 .functor BUFZ 1, RS_0x7a68e79e93c8, C4<0>, C4<0>, C4<0>;
L_0x55557b6d5a60 .functor BUFZ 1, RS_0x7a68e79ea178, C4<0>, C4<0>, C4<0>;
L_0x55557b6d5ad0 .functor BUFZ 1, RS_0x7a68e79ecb48, C4<0>, C4<0>, C4<0>;
L_0x55557b6d5dd0 .functor BUFZ 1, RS_0x7a68e79ee768, C4<0>, C4<0>, C4<0>;
L_0x55557b6d5f50 .functor BUFZ 1, RS_0x7a68e79eb8e8, C4<0>, C4<0>, C4<0>;
L_0x55557b6d6260 .functor BUFZ 1, RS_0x7a68e79ed4d8, C4<0>, C4<0>, C4<0>;
L_0x55557b6d62d0 .functor BUFZ 1, RS_0x7a68e79ead18, C4<0>, C4<0>, C4<0>;
L_0x55557b6d65f0 .functor BUFZ 1, RS_0x7a68e79ef248, C4<0>, C4<0>, C4<0>;
RS_0x7a68e79ec788 .resolv tri, L_0x55557b6d4080, L_0x55557b6d4300, L_0x55557b6d4370, L_0x55557b6d4600, L_0x55557b6d4670, L_0x55557b6d4910, L_0x55557b6d4980, L_0x55557b6d4d40, L_0x55557b6d4db0, L_0x55557b6d5070, L_0x55557b6d50e0;
L_0x55557b6d6660 .functor BUFZ 1, RS_0x7a68e79ec788, C4<0>, C4<0>, C4<0>;
L_0x55557b6d6990 .functor BUFZ 1, L_0x55557b6f3610, C4<0>, C4<0>, C4<0>;
L_0x55557b6d6a00 .functor BUFZ 1, L_0x55557b6d03c0, C4<0>, C4<0>, C4<0>;
L_0x55557b6d6d40 .functor BUFZ 1, RS_0x7a68e79eeeb8, C4<0>, C4<0>, C4<0>;
L_0x55557b6d6db0 .functor BUFZ 1, RS_0x7a68e79e93c8, C4<0>, C4<0>, C4<0>;
L_0x55557b6d7100 .functor BUFZ 1, RS_0x7a68e79ea178, C4<0>, C4<0>, C4<0>;
L_0x55557b6d7170 .functor BUFZ 1, RS_0x7a68e79ecb48, C4<0>, C4<0>, C4<0>;
L_0x55557b6d74d0 .functor BUFZ 1, RS_0x7a68e79ee768, C4<0>, C4<0>, C4<0>;
L_0x55557b6d7650 .functor BUFZ 1, RS_0x7a68e79eb8e8, C4<0>, C4<0>, C4<0>;
L_0x55557b6d79c0 .functor BUFZ 1, RS_0x7a68e79ed4d8, C4<0>, C4<0>, C4<0>;
L_0x55557b6d7a30 .functor BUFZ 1, RS_0x7a68e79ead18, C4<0>, C4<0>, C4<0>;
L_0x55557b6d7db0 .functor BUFZ 1, RS_0x7a68e79ef248, C4<0>, C4<0>, C4<0>;
L_0x55557b6d7e20 .functor BUFZ 1, RS_0x7a68e79ec788, C4<0>, C4<0>, C4<0>;
RS_0x7a68e79ea6e8 .resolv tri, L_0x55557b6d53b0, L_0x55557b6d5420, L_0x55557b6d5700, L_0x55557b6d5770, L_0x55557b6d5a60, L_0x55557b6d5ad0, L_0x55557b6d5dd0, L_0x55557b6d5f50, L_0x55557b6d6260, L_0x55557b6d62d0, L_0x55557b6d65f0, L_0x55557b6d6660;
L_0x55557b6d81b0 .functor BUFZ 1, RS_0x7a68e79ea6e8, C4<0>, C4<0>, C4<0>;
L_0x55557b6d8220 .functor BUFZ 1, L_0x55557b6f3610, C4<0>, C4<0>, C4<0>;
L_0x55557b6d85c0 .functor BUFZ 1, L_0x55557b6d03c0, C4<0>, C4<0>, C4<0>;
L_0x55557b6d8630 .functor BUFZ 1, RS_0x7a68e79eeeb8, C4<0>, C4<0>, C4<0>;
L_0x55557b6d89e0 .functor BUFZ 1, RS_0x7a68e79e93c8, C4<0>, C4<0>, C4<0>;
L_0x55557b6d8a50 .functor BUFZ 1, RS_0x7a68e79ea178, C4<0>, C4<0>, C4<0>;
L_0x55557b6d8e10 .functor BUFZ 1, RS_0x7a68e79ecb48, C4<0>, C4<0>, C4<0>;
L_0x55557b6d8e80 .functor BUFZ 1, RS_0x7a68e79ee768, C4<0>, C4<0>, C4<0>;
L_0x55557b6d9250 .functor BUFZ 1, RS_0x7a68e79eb8e8, C4<0>, C4<0>, C4<0>;
L_0x55557b6d92c0 .functor BUFZ 1, RS_0x7a68e79ed4d8, C4<0>, C4<0>, C4<0>;
L_0x55557b6d96a0 .functor BUFZ 1, RS_0x7a68e79ead18, C4<0>, C4<0>, C4<0>;
L_0x55557b6d9710 .functor BUFZ 1, RS_0x7a68e79ef248, C4<0>, C4<0>, C4<0>;
L_0x55557b6d9b00 .functor BUFZ 1, RS_0x7a68e79ec788, C4<0>, C4<0>, C4<0>;
L_0x55557b6d9b70 .functor BUFZ 1, RS_0x7a68e79ea6e8, C4<0>, C4<0>, C4<0>;
RS_0x7a68e79efd58 .resolv tri, L_0x55557b6d6990, L_0x55557b6d6a00, L_0x55557b6d6d40, L_0x55557b6d6db0, L_0x55557b6d7100, L_0x55557b6d7170, L_0x55557b6d74d0, L_0x55557b6d7650, L_0x55557b6d79c0, L_0x55557b6d7a30, L_0x55557b6d7db0, L_0x55557b6d7e20, L_0x55557b6d81b0;
L_0x55557b6d9f70 .functor BUFZ 1, RS_0x7a68e79efd58, C4<0>, C4<0>, C4<0>;
L_0x55557b6d9fe0 .functor BUFZ 1, L_0x55557b6f3610, C4<0>, C4<0>, C4<0>;
L_0x55557b6da3f0 .functor BUFZ 1, L_0x55557b6d03c0, C4<0>, C4<0>, C4<0>;
L_0x55557b6da460 .functor BUFZ 1, RS_0x7a68e79eeeb8, C4<0>, C4<0>, C4<0>;
L_0x55557b6daa90 .functor BUFZ 1, RS_0x7a68e79e93c8, C4<0>, C4<0>, C4<0>;
L_0x55557b6dad10 .functor BUFZ 1, RS_0x7a68e79ea178, C4<0>, C4<0>, C4<0>;
L_0x55557b6db350 .functor BUFZ 1, RS_0x7a68e79ecb48, C4<0>, C4<0>, C4<0>;
L_0x55557b6db5d0 .functor BUFZ 1, RS_0x7a68e79ee768, C4<0>, C4<0>, C4<0>;
L_0x55557b6dbc20 .functor BUFZ 1, RS_0x7a68e79eb8e8, C4<0>, C4<0>, C4<0>;
L_0x55557b6dbea0 .functor BUFZ 1, RS_0x7a68e79ed4d8, C4<0>, C4<0>, C4<0>;
L_0x55557b6dc500 .functor BUFZ 1, RS_0x7a68e79ead18, C4<0>, C4<0>, C4<0>;
L_0x55557b6d3120 .functor BUFZ 1, RS_0x7a68e79ef248, C4<0>, C4<0>, C4<0>;
L_0x55557b6d3190 .functor BUFZ 1, RS_0x7a68e79ec788, C4<0>, C4<0>, C4<0>;
L_0x55557b6d3a30 .functor BUFZ 1, RS_0x7a68e79ea6e8, C4<0>, C4<0>, C4<0>;
L_0x55557b6d0970 .functor BUFZ 1, RS_0x7a68e79efd58, C4<0>, C4<0>, C4<0>;
RS_0x7a68e79ef9c8 .resolv tri, L_0x55557b6d8220, L_0x55557b6d85c0, L_0x55557b6d8630, L_0x55557b6d89e0, L_0x55557b6d8a50, L_0x55557b6d8e10, L_0x55557b6d8e80, L_0x55557b6d9250, L_0x55557b6d92c0, L_0x55557b6d96a0, L_0x55557b6d9710, L_0x55557b6d9b00, L_0x55557b6d9b70, L_0x55557b6d9f70;
L_0x55557b6d3aa0 .functor BUFZ 1, RS_0x7a68e79ef9c8, C4<0>, C4<0>, C4<0>;
L_0x55557b6d49f0 .functor BUFZ 1, L_0x55557b6f3610, C4<0>, C4<0>, C4<0>;
L_0x55557b6d4a60 .functor BUFZ 1, L_0x55557b6d03c0, C4<0>, C4<0>, C4<0>;
L_0x55557b6d5e40 .functor BUFZ 1, RS_0x7a68e79eeeb8, C4<0>, C4<0>, C4<0>;
L_0x55557b6d5eb0 .functor BUFZ 1, RS_0x7a68e79e93c8, C4<0>, C4<0>, C4<0>;
L_0x55557b6d7540 .functor BUFZ 1, RS_0x7a68e79ea178, C4<0>, C4<0>, C4<0>;
L_0x55557b6d75b0 .functor BUFZ 1, RS_0x7a68e79ecb48, C4<0>, C4<0>, C4<0>;
L_0x55557b6d1830 .functor BUFZ 1, RS_0x7a68e79ee768, C4<0>, C4<0>, C4<0>;
L_0x55557b6d18a0 .functor BUFZ 1, RS_0x7a68e79eb8e8, C4<0>, C4<0>, C4<0>;
L_0x55557b6c1010 .functor BUFZ 1, RS_0x7a68e79ed4d8, C4<0>, C4<0>, C4<0>;
L_0x55557b6c1080 .functor BUFZ 1, RS_0x7a68e79ead18, C4<0>, C4<0>, C4<0>;
L_0x55557b6de030 .functor BUFZ 1, RS_0x7a68e79ef248, C4<0>, C4<0>, C4<0>;
L_0x55557b6de0a0 .functor BUFZ 1, RS_0x7a68e79ec788, C4<0>, C4<0>, C4<0>;
L_0x55557b6ddbd0 .functor BUFZ 1, RS_0x7a68e79ea6e8, C4<0>, C4<0>, C4<0>;
L_0x55557b6ddc40 .functor BUFZ 1, RS_0x7a68e79efd58, C4<0>, C4<0>, C4<0>;
L_0x55557b6ddcb0 .functor BUFZ 1, RS_0x7a68e79ef9c8, C4<0>, C4<0>, C4<0>;
RS_0x7a68e79edc58 .resolv tri, L_0x55557b6d9fe0, L_0x55557b6da3f0, L_0x55557b6da460, L_0x55557b6daa90, L_0x55557b6dad10, L_0x55557b6db350, L_0x55557b6db5d0, L_0x55557b6dbc20, L_0x55557b6dbea0, L_0x55557b6dc500, L_0x55557b6d3120, L_0x55557b6d3190, L_0x55557b6d3a30, L_0x55557b6d0970, L_0x55557b6d3aa0;
L_0x55557b6ddf30 .functor BUFZ 1, RS_0x7a68e79edc58, C4<0>, C4<0>, C4<0>;
L_0x55557b6ddfa0 .functor BUFZ 1, L_0x55557b6f3610, C4<0>, C4<0>, C4<0>;
L_0x55557b6de5a0 .functor BUFZ 1, L_0x55557b6d03c0, C4<0>, C4<0>, C4<0>;
L_0x55557b6de110 .functor BUFZ 1, RS_0x7a68e79eeeb8, C4<0>, C4<0>, C4<0>;
L_0x55557b6de180 .functor BUFZ 1, RS_0x7a68e79e93c8, C4<0>, C4<0>, C4<0>;
L_0x55557b6de1f0 .functor BUFZ 1, RS_0x7a68e79ea178, C4<0>, C4<0>, C4<0>;
L_0x55557b6de260 .functor BUFZ 1, RS_0x7a68e79ecb48, C4<0>, C4<0>, C4<0>;
L_0x55557b6de2d0 .functor BUFZ 1, RS_0x7a68e79ee768, C4<0>, C4<0>, C4<0>;
L_0x55557b6de340 .functor BUFZ 1, RS_0x7a68e79eb8e8, C4<0>, C4<0>, C4<0>;
L_0x55557b6de3b0 .functor BUFZ 1, RS_0x7a68e79ed4d8, C4<0>, C4<0>, C4<0>;
L_0x55557b6de420 .functor BUFZ 1, RS_0x7a68e79ead18, C4<0>, C4<0>, C4<0>;
L_0x55557b6de490 .functor BUFZ 1, RS_0x7a68e79ef248, C4<0>, C4<0>, C4<0>;
L_0x55557b6de500 .functor BUFZ 1, RS_0x7a68e79ec788, C4<0>, C4<0>, C4<0>;
L_0x55557b6deb00 .functor BUFZ 1, RS_0x7a68e79ea6e8, C4<0>, C4<0>, C4<0>;
L_0x55557b6deb70 .functor BUFZ 1, RS_0x7a68e79efd58, C4<0>, C4<0>, C4<0>;
L_0x55557b6de610 .functor BUFZ 1, RS_0x7a68e79ef9c8, C4<0>, C4<0>, C4<0>;
L_0x55557b6de8b0 .functor BUFZ 1, RS_0x7a68e79edc58, C4<0>, C4<0>, C4<0>;
RS_0x7a68e79ebca8 .resolv tri, L_0x55557b6d49f0, L_0x55557b6d4a60, L_0x55557b6d5e40, L_0x55557b6d5eb0, L_0x55557b6d7540, L_0x55557b6d75b0, L_0x55557b6d1830, L_0x55557b6d18a0, L_0x55557b6c1010, L_0x55557b6c1080, L_0x55557b6de030, L_0x55557b6de0a0, L_0x55557b6ddbd0, L_0x55557b6ddc40, L_0x55557b6ddcb0, L_0x55557b6ddf30;
L_0x55557b6de940 .functor BUFZ 1, RS_0x7a68e79ebca8, C4<0>, C4<0>, C4<0>;
L_0x55557b6de9d0 .functor BUFZ 1, L_0x55557b6f3610, C4<0>, C4<0>, C4<0>;
L_0x55557b6dea60 .functor BUFZ 1, L_0x55557b6d03c0, C4<0>, C4<0>, C4<0>;
L_0x55557b6df100 .functor BUFZ 1, RS_0x7a68e79eeeb8, C4<0>, C4<0>, C4<0>;
L_0x55557b6debe0 .functor BUFZ 1, RS_0x7a68e79e93c8, C4<0>, C4<0>, C4<0>;
L_0x55557b6dec70 .functor BUFZ 1, RS_0x7a68e79ea178, C4<0>, C4<0>, C4<0>;
L_0x55557b6ded00 .functor BUFZ 1, RS_0x7a68e79ecb48, C4<0>, C4<0>, C4<0>;
L_0x55557b6ded90 .functor BUFZ 1, RS_0x7a68e79ee768, C4<0>, C4<0>, C4<0>;
L_0x55557b6dee20 .functor BUFZ 1, RS_0x7a68e79eb8e8, C4<0>, C4<0>, C4<0>;
L_0x55557b6deeb0 .functor BUFZ 1, RS_0x7a68e79ed4d8, C4<0>, C4<0>, C4<0>;
L_0x55557b6def40 .functor BUFZ 1, RS_0x7a68e79ead18, C4<0>, C4<0>, C4<0>;
L_0x55557b6defd0 .functor BUFZ 1, RS_0x7a68e79ef248, C4<0>, C4<0>, C4<0>;
L_0x55557b6df060 .functor BUFZ 1, RS_0x7a68e79ec788, C4<0>, C4<0>, C4<0>;
L_0x55557b6df6e0 .functor BUFZ 1, RS_0x7a68e79ea6e8, C4<0>, C4<0>, C4<0>;
L_0x55557b6df170 .functor BUFZ 1, RS_0x7a68e79efd58, C4<0>, C4<0>, C4<0>;
L_0x55557b6df200 .functor BUFZ 1, RS_0x7a68e79ef9c8, C4<0>, C4<0>, C4<0>;
L_0x55557b6df4a0 .functor BUFZ 1, RS_0x7a68e79edc58, C4<0>, C4<0>, C4<0>;
L_0x55557b6df530 .functor BUFZ 1, RS_0x7a68e79ebca8, C4<0>, C4<0>, C4<0>;
RS_0x7a68e79eb4f8 .resolv tri, L_0x55557b6ddfa0, L_0x55557b6de5a0, L_0x55557b6de110, L_0x55557b6de180, L_0x55557b6de1f0, L_0x55557b6de260, L_0x55557b6de2d0, L_0x55557b6de340, L_0x55557b6de3b0, L_0x55557b6de420, L_0x55557b6de490, L_0x55557b6de500, L_0x55557b6deb00, L_0x55557b6deb70, L_0x55557b6de610, L_0x55557b6de8b0, L_0x55557b6de940;
L_0x55557b6df5c0 .functor BUFZ 1, RS_0x7a68e79eb4f8, C4<0>, C4<0>, C4<0>;
L_0x55557b6df650 .functor BUFZ 1, L_0x55557b6f3610, C4<0>, C4<0>, C4<0>;
L_0x55557b6dfd00 .functor BUFZ 1, L_0x55557b6d03c0, C4<0>, C4<0>, C4<0>;
L_0x55557b6dfd70 .functor BUFZ 1, RS_0x7a68e79eeeb8, C4<0>, C4<0>, C4<0>;
L_0x55557b6df750 .functor BUFZ 1, RS_0x7a68e79e93c8, C4<0>, C4<0>, C4<0>;
L_0x55557b6df7e0 .functor BUFZ 1, RS_0x7a68e79ea178, C4<0>, C4<0>, C4<0>;
L_0x55557b6df870 .functor BUFZ 1, RS_0x7a68e79ecb48, C4<0>, C4<0>, C4<0>;
L_0x55557b6df900 .functor BUFZ 1, RS_0x7a68e79ee768, C4<0>, C4<0>, C4<0>;
L_0x55557b6df990 .functor BUFZ 1, RS_0x7a68e79eb8e8, C4<0>, C4<0>, C4<0>;
L_0x55557b6dfa20 .functor BUFZ 1, RS_0x7a68e79ed4d8, C4<0>, C4<0>, C4<0>;
L_0x55557b6dfab0 .functor BUFZ 1, RS_0x7a68e79ead18, C4<0>, C4<0>, C4<0>;
L_0x55557b6dfb40 .functor BUFZ 1, RS_0x7a68e79ef248, C4<0>, C4<0>, C4<0>;
L_0x55557b6dfbd0 .functor BUFZ 1, RS_0x7a68e79ec788, C4<0>, C4<0>, C4<0>;
L_0x55557b6dfc60 .functor BUFZ 1, RS_0x7a68e79ea6e8, C4<0>, C4<0>, C4<0>;
L_0x55557b6e03f0 .functor BUFZ 1, RS_0x7a68e79efd58, C4<0>, C4<0>, C4<0>;
L_0x55557b6e0460 .functor BUFZ 1, RS_0x7a68e79ef9c8, C4<0>, C4<0>, C4<0>;
L_0x55557b6dfde0 .functor BUFZ 1, RS_0x7a68e79edc58, C4<0>, C4<0>, C4<0>;
L_0x55557b6dfe70 .functor BUFZ 1, RS_0x7a68e79ebca8, C4<0>, C4<0>, C4<0>;
L_0x55557b6dff00 .functor BUFZ 1, RS_0x7a68e79eb4f8, C4<0>, C4<0>, C4<0>;
RS_0x7a68e79f0a18 .resolv tri, L_0x55557b6de9d0, L_0x55557b6dea60, L_0x55557b6df100, L_0x55557b6debe0, L_0x55557b6dec70, L_0x55557b6ded00, L_0x55557b6ded90, L_0x55557b6dee20, L_0x55557b6deeb0, L_0x55557b6def40, L_0x55557b6defd0, L_0x55557b6df060, L_0x55557b6df6e0, L_0x55557b6df170, L_0x55557b6df200, L_0x55557b6df4a0, L_0x55557b6df530, L_0x55557b6df5c0;
L_0x55557b6dff90 .functor BUFZ 1, RS_0x7a68e79f0a18, C4<0>, C4<0>, C4<0>;
L_0x55557b6e0020 .functor BUFZ 1, L_0x55557b6f3610, C4<0>, C4<0>, C4<0>;
L_0x55557b6e00b0 .functor BUFZ 1, L_0x55557b6d03c0, C4<0>, C4<0>, C4<0>;
L_0x55557b6e0140 .functor BUFZ 1, RS_0x7a68e79eeeb8, C4<0>, C4<0>, C4<0>;
L_0x55557b6e01d0 .functor BUFZ 1, RS_0x7a68e79e93c8, C4<0>, C4<0>, C4<0>;
L_0x55557b6e0260 .functor BUFZ 1, RS_0x7a68e79ea178, C4<0>, C4<0>, C4<0>;
L_0x55557b6e02f0 .functor BUFZ 1, RS_0x7a68e79ecb48, C4<0>, C4<0>, C4<0>;
L_0x55557b6e0380 .functor BUFZ 1, RS_0x7a68e79ee768, C4<0>, C4<0>, C4<0>;
L_0x55557b6e0d50 .functor BUFZ 1, RS_0x7a68e79eb8e8, C4<0>, C4<0>, C4<0>;
L_0x55557b6e06e0 .functor BUFZ 1, RS_0x7a68e79ed4d8, C4<0>, C4<0>, C4<0>;
L_0x55557b6e0770 .functor BUFZ 1, RS_0x7a68e79ead18, C4<0>, C4<0>, C4<0>;
L_0x55557b6e0800 .functor BUFZ 1, RS_0x7a68e79ef248, C4<0>, C4<0>, C4<0>;
L_0x55557b6e0890 .functor BUFZ 1, RS_0x7a68e79ec788, C4<0>, C4<0>, C4<0>;
L_0x55557b6e0920 .functor BUFZ 1, RS_0x7a68e79ea6e8, C4<0>, C4<0>, C4<0>;
L_0x55557b6e09b0 .functor BUFZ 1, RS_0x7a68e79efd58, C4<0>, C4<0>, C4<0>;
L_0x55557b6e0a40 .functor BUFZ 1, RS_0x7a68e79ef9c8, C4<0>, C4<0>, C4<0>;
L_0x55557b6e0ce0 .functor BUFZ 1, RS_0x7a68e79edc58, C4<0>, C4<0>, C4<0>;
L_0x55557b6e1480 .functor BUFZ 1, RS_0x7a68e79ebca8, C4<0>, C4<0>, C4<0>;
L_0x55557b6e14f0 .functor BUFZ 1, RS_0x7a68e79eb4f8, C4<0>, C4<0>, C4<0>;
L_0x55557b6e0dc0 .functor BUFZ 1, RS_0x7a68e79f0a18, C4<0>, C4<0>, C4<0>;
RS_0x7a68e79f0da8 .resolv tri, L_0x55557b6df650, L_0x55557b6dfd00, L_0x55557b6dfd70, L_0x55557b6df750, L_0x55557b6df7e0, L_0x55557b6df870, L_0x55557b6df900, L_0x55557b6df990, L_0x55557b6dfa20, L_0x55557b6dfab0, L_0x55557b6dfb40, L_0x55557b6dfbd0, L_0x55557b6dfc60, L_0x55557b6e03f0, L_0x55557b6e0460, L_0x55557b6dfde0, L_0x55557b6dfe70, L_0x55557b6dff00, L_0x55557b6dff90;
L_0x55557b6e0e50 .functor BUFZ 1, RS_0x7a68e79f0da8, C4<0>, C4<0>, C4<0>;
L_0x55557b6e0ee0 .functor BUFZ 1, L_0x55557b6f3610, C4<0>, C4<0>, C4<0>;
L_0x55557b6e0f70 .functor BUFZ 1, L_0x55557b6d03c0, C4<0>, C4<0>, C4<0>;
L_0x55557b6e1000 .functor BUFZ 1, RS_0x7a68e79eeeb8, C4<0>, C4<0>, C4<0>;
L_0x55557b6e1090 .functor BUFZ 1, RS_0x7a68e79e93c8, C4<0>, C4<0>, C4<0>;
L_0x55557b6e1120 .functor BUFZ 1, RS_0x7a68e79ea178, C4<0>, C4<0>, C4<0>;
L_0x55557b6e11b0 .functor BUFZ 1, RS_0x7a68e79ecb48, C4<0>, C4<0>, C4<0>;
L_0x55557b6e1240 .functor BUFZ 1, RS_0x7a68e79ee768, C4<0>, C4<0>, C4<0>;
L_0x55557b6e12d0 .functor BUFZ 1, RS_0x7a68e79eb8e8, C4<0>, C4<0>, C4<0>;
L_0x55557b6e1360 .functor BUFZ 1, RS_0x7a68e79ed4d8, C4<0>, C4<0>, C4<0>;
L_0x55557b6e13f0 .functor BUFZ 1, RS_0x7a68e79ead18, C4<0>, C4<0>, C4<0>;
L_0x55557b6e1c90 .functor BUFZ 1, RS_0x7a68e79ef248, C4<0>, C4<0>, C4<0>;
L_0x55557b6e1d00 .functor BUFZ 1, RS_0x7a68e79ec788, C4<0>, C4<0>, C4<0>;
L_0x55557b6e1560 .functor BUFZ 1, RS_0x7a68e79ea6e8, C4<0>, C4<0>, C4<0>;
L_0x55557b6e15f0 .functor BUFZ 1, RS_0x7a68e79efd58, C4<0>, C4<0>, C4<0>;
L_0x55557b6e1680 .functor BUFZ 1, RS_0x7a68e79ef9c8, C4<0>, C4<0>, C4<0>;
L_0x55557b6e1920 .functor BUFZ 1, RS_0x7a68e79edc58, C4<0>, C4<0>, C4<0>;
L_0x55557b6e19b0 .functor BUFZ 1, RS_0x7a68e79ebca8, C4<0>, C4<0>, C4<0>;
L_0x55557b6e1a40 .functor BUFZ 1, RS_0x7a68e79eb4f8, C4<0>, C4<0>, C4<0>;
L_0x55557b6e1ad0 .functor BUFZ 1, RS_0x7a68e79f0a18, C4<0>, C4<0>, C4<0>;
L_0x55557b6e1b60 .functor BUFZ 1, RS_0x7a68e79f0da8, C4<0>, C4<0>, C4<0>;
RS_0x7a68e79ed148 .resolv tri, L_0x55557b6e0020, L_0x55557b6e00b0, L_0x55557b6e0140, L_0x55557b6e01d0, L_0x55557b6e0260, L_0x55557b6e02f0, L_0x55557b6e0380, L_0x55557b6e0d50, L_0x55557b6e06e0, L_0x55557b6e0770, L_0x55557b6e0800, L_0x55557b6e0890, L_0x55557b6e0920, L_0x55557b6e09b0, L_0x55557b6e0a40, L_0x55557b6e0ce0, L_0x55557b6e1480, L_0x55557b6e14f0, L_0x55557b6e0dc0, L_0x55557b6e0e50;
L_0x55557b6e1bf0 .functor BUFZ 1, RS_0x7a68e79ed148, C4<0>, C4<0>, C4<0>;
L_0x55557b6e24f0 .functor BUFZ 1, L_0x55557b6f3610, C4<0>, C4<0>, C4<0>;
L_0x55557b6e1d70 .functor BUFZ 1, L_0x55557b6d03c0, C4<0>, C4<0>, C4<0>;
L_0x55557b6e1e00 .functor BUFZ 1, RS_0x7a68e79eeeb8, C4<0>, C4<0>, C4<0>;
L_0x55557b6e1e90 .functor BUFZ 1, RS_0x7a68e79e93c8, C4<0>, C4<0>, C4<0>;
L_0x55557b6e1f20 .functor BUFZ 1, RS_0x7a68e79ea178, C4<0>, C4<0>, C4<0>;
L_0x55557b6e1fb0 .functor BUFZ 1, RS_0x7a68e79ecb48, C4<0>, C4<0>, C4<0>;
L_0x55557b6e2040 .functor BUFZ 1, RS_0x7a68e79ee768, C4<0>, C4<0>, C4<0>;
L_0x55557b6e20d0 .functor BUFZ 1, RS_0x7a68e79eb8e8, C4<0>, C4<0>, C4<0>;
L_0x55557b6e2160 .functor BUFZ 1, RS_0x7a68e79ed4d8, C4<0>, C4<0>, C4<0>;
L_0x55557b6e21f0 .functor BUFZ 1, RS_0x7a68e79ead18, C4<0>, C4<0>, C4<0>;
L_0x55557b6e2280 .functor BUFZ 1, RS_0x7a68e79ef248, C4<0>, C4<0>, C4<0>;
L_0x55557b6e2310 .functor BUFZ 1, RS_0x7a68e79ec788, C4<0>, C4<0>, C4<0>;
L_0x55557b6e23a0 .functor BUFZ 1, RS_0x7a68e79ea6e8, C4<0>, C4<0>, C4<0>;
L_0x55557b6e2430 .functor BUFZ 1, RS_0x7a68e79efd58, C4<0>, C4<0>, C4<0>;
L_0x55557b6e2d50 .functor BUFZ 1, RS_0x7a68e79ef9c8, C4<0>, C4<0>, C4<0>;
L_0x55557b6e2560 .functor BUFZ 1, RS_0x7a68e79edc58, C4<0>, C4<0>, C4<0>;
L_0x55557b6e25f0 .functor BUFZ 1, RS_0x7a68e79ebca8, C4<0>, C4<0>, C4<0>;
L_0x55557b6e2680 .functor BUFZ 1, RS_0x7a68e79eb4f8, C4<0>, C4<0>, C4<0>;
L_0x55557b6e2710 .functor BUFZ 1, RS_0x7a68e79f0a18, C4<0>, C4<0>, C4<0>;
L_0x55557b6e27a0 .functor BUFZ 1, RS_0x7a68e79f0da8, C4<0>, C4<0>, C4<0>;
L_0x55557b6e2830 .functor BUFZ 1, RS_0x7a68e79ed148, C4<0>, C4<0>, C4<0>;
RS_0x7a68e79ef608 .resolv tri, L_0x55557b6e0ee0, L_0x55557b6e0f70, L_0x55557b6e1000, L_0x55557b6e1090, L_0x55557b6e1120, L_0x55557b6e11b0, L_0x55557b6e1240, L_0x55557b6e12d0, L_0x55557b6e1360, L_0x55557b6e13f0, L_0x55557b6e1c90, L_0x55557b6e1d00, L_0x55557b6e1560, L_0x55557b6e15f0, L_0x55557b6e1680, L_0x55557b6e1920, L_0x55557b6e19b0, L_0x55557b6e1a40, L_0x55557b6e1ad0, L_0x55557b6e1b60, L_0x55557b6e1bf0;
L_0x55557b6e28c0 .functor BUFZ 1, RS_0x7a68e79ef608, C4<0>, C4<0>, C4<0>;
L_0x55557b6e2950 .functor BUFZ 1, L_0x55557b6f3610, C4<0>, C4<0>, C4<0>;
L_0x55557b6e29e0 .functor BUFZ 1, L_0x55557b6d03c0, C4<0>, C4<0>, C4<0>;
L_0x55557b6e2a70 .functor BUFZ 1, RS_0x7a68e79eeeb8, C4<0>, C4<0>, C4<0>;
L_0x55557b6e2b00 .functor BUFZ 1, RS_0x7a68e79e93c8, C4<0>, C4<0>, C4<0>;
L_0x55557b6e2b90 .functor BUFZ 1, RS_0x7a68e79ea178, C4<0>, C4<0>, C4<0>;
L_0x55557b6e2c20 .functor BUFZ 1, RS_0x7a68e79ecb48, C4<0>, C4<0>, C4<0>;
L_0x55557b6e2cb0 .functor BUFZ 1, RS_0x7a68e79ee768, C4<0>, C4<0>, C4<0>;
L_0x55557b6e3840 .functor BUFZ 1, RS_0x7a68e79eb8e8, C4<0>, C4<0>, C4<0>;
L_0x55557b6e38b0 .functor BUFZ 1, RS_0x7a68e79ed4d8, C4<0>, C4<0>, C4<0>;
L_0x55557b6e2fd0 .functor BUFZ 1, RS_0x7a68e79ead18, C4<0>, C4<0>, C4<0>;
L_0x55557b6e3060 .functor BUFZ 1, RS_0x7a68e79ef248, C4<0>, C4<0>, C4<0>;
L_0x55557b6e30f0 .functor BUFZ 1, RS_0x7a68e79ec788, C4<0>, C4<0>, C4<0>;
L_0x55557b6e3180 .functor BUFZ 1, RS_0x7a68e79ea6e8, C4<0>, C4<0>, C4<0>;
L_0x55557b6e3210 .functor BUFZ 1, RS_0x7a68e79efd58, C4<0>, C4<0>, C4<0>;
L_0x55557b6e32a0 .functor BUFZ 1, RS_0x7a68e79ef9c8, C4<0>, C4<0>, C4<0>;
L_0x55557b6e3540 .functor BUFZ 1, RS_0x7a68e79edc58, C4<0>, C4<0>, C4<0>;
L_0x55557b6e35d0 .functor BUFZ 1, RS_0x7a68e79ebca8, C4<0>, C4<0>, C4<0>;
L_0x55557b6e3660 .functor BUFZ 1, RS_0x7a68e79eb4f8, C4<0>, C4<0>, C4<0>;
L_0x55557b6e36f0 .functor BUFZ 1, RS_0x7a68e79f0a18, C4<0>, C4<0>, C4<0>;
L_0x55557b6e3780 .functor BUFZ 1, RS_0x7a68e79f0da8, C4<0>, C4<0>, C4<0>;
L_0x55557b6e41f0 .functor BUFZ 1, RS_0x7a68e79ed148, C4<0>, C4<0>, C4<0>;
L_0x55557b6e3920 .functor BUFZ 1, RS_0x7a68e79ef608, C4<0>, C4<0>, C4<0>;
RS_0x7a68e79f0658 .resolv tri, L_0x55557b6e24f0, L_0x55557b6e1d70, L_0x55557b6e1e00, L_0x55557b6e1e90, L_0x55557b6e1f20, L_0x55557b6e1fb0, L_0x55557b6e2040, L_0x55557b6e20d0, L_0x55557b6e2160, L_0x55557b6e21f0, L_0x55557b6e2280, L_0x55557b6e2310, L_0x55557b6e23a0, L_0x55557b6e2430, L_0x55557b6e2d50, L_0x55557b6e2560, L_0x55557b6e25f0, L_0x55557b6e2680, L_0x55557b6e2710, L_0x55557b6e27a0, L_0x55557b6e2830, L_0x55557b6e28c0;
L_0x55557b6e39b0 .functor BUFZ 1, RS_0x7a68e79f0658, C4<0>, C4<0>, C4<0>;
L_0x55557b6e3a40 .functor BUFZ 1, L_0x55557b6f3610, C4<0>, C4<0>, C4<0>;
L_0x55557b6e3ad0 .functor BUFZ 1, L_0x55557b6d03c0, C4<0>, C4<0>, C4<0>;
L_0x55557b6e3b60 .functor BUFZ 1, RS_0x7a68e79eeeb8, C4<0>, C4<0>, C4<0>;
L_0x55557b6e3bf0 .functor BUFZ 1, RS_0x7a68e79e93c8, C4<0>, C4<0>, C4<0>;
L_0x55557b6e3c80 .functor BUFZ 1, RS_0x7a68e79ea178, C4<0>, C4<0>, C4<0>;
L_0x55557b6e3d10 .functor BUFZ 1, RS_0x7a68e79ecb48, C4<0>, C4<0>, C4<0>;
L_0x55557b6e3da0 .functor BUFZ 1, RS_0x7a68e79ee768, C4<0>, C4<0>, C4<0>;
L_0x55557b6e3e30 .functor BUFZ 1, RS_0x7a68e79eb8e8, C4<0>, C4<0>, C4<0>;
L_0x55557b6e3ec0 .functor BUFZ 1, RS_0x7a68e79ed4d8, C4<0>, C4<0>, C4<0>;
L_0x55557b6e3f50 .functor BUFZ 1, RS_0x7a68e79ead18, C4<0>, C4<0>, C4<0>;
L_0x55557b6e3fe0 .functor BUFZ 1, RS_0x7a68e79ef248, C4<0>, C4<0>, C4<0>;
L_0x55557b6e4070 .functor BUFZ 1, RS_0x7a68e79ec788, C4<0>, C4<0>, C4<0>;
L_0x55557b6e4100 .functor BUFZ 1, RS_0x7a68e79ea6e8, C4<0>, C4<0>, C4<0>;
L_0x55557b6e4bb0 .functor BUFZ 1, RS_0x7a68e79efd58, C4<0>, C4<0>, C4<0>;
L_0x55557b6e4260 .functor BUFZ 1, RS_0x7a68e79ef9c8, C4<0>, C4<0>, C4<0>;
L_0x55557b6e4500 .functor BUFZ 1, RS_0x7a68e79edc58, C4<0>, C4<0>, C4<0>;
L_0x55557b6e4590 .functor BUFZ 1, RS_0x7a68e79ebca8, C4<0>, C4<0>, C4<0>;
L_0x55557b6e4620 .functor BUFZ 1, RS_0x7a68e79eb4f8, C4<0>, C4<0>, C4<0>;
L_0x55557b6e46b0 .functor BUFZ 1, RS_0x7a68e79f0a18, C4<0>, C4<0>, C4<0>;
L_0x55557b6e4740 .functor BUFZ 1, RS_0x7a68e79f0da8, C4<0>, C4<0>, C4<0>;
L_0x55557b6e47d0 .functor BUFZ 1, RS_0x7a68e79ed148, C4<0>, C4<0>, C4<0>;
L_0x55557b6e4860 .functor BUFZ 1, RS_0x7a68e79ef608, C4<0>, C4<0>, C4<0>;
L_0x55557b6e48f0 .functor BUFZ 1, RS_0x7a68e79f0658, C4<0>, C4<0>, C4<0>;
RS_0x7a68e79e8fd8 .resolv tri, L_0x55557b6e2950, L_0x55557b6e29e0, L_0x55557b6e2a70, L_0x55557b6e2b00, L_0x55557b6e2b90, L_0x55557b6e2c20, L_0x55557b6e2cb0, L_0x55557b6e3840, L_0x55557b6e38b0, L_0x55557b6e2fd0, L_0x55557b6e3060, L_0x55557b6e30f0, L_0x55557b6e3180, L_0x55557b6e3210, L_0x55557b6e32a0, L_0x55557b6e3540, L_0x55557b6e35d0, L_0x55557b6e3660, L_0x55557b6e36f0, L_0x55557b6e3780, L_0x55557b6e41f0, L_0x55557b6e3920, L_0x55557b6e39b0;
L_0x55557b6e4980 .functor BUFZ 1, RS_0x7a68e79e8fd8, C4<0>, C4<0>, C4<0>;
L_0x55557b6e4a10 .functor BUFZ 1, L_0x55557b6f3610, C4<0>, C4<0>, C4<0>;
L_0x55557b6e4aa0 .functor BUFZ 1, L_0x55557b6d03c0, C4<0>, C4<0>, C4<0>;
L_0x55557b6e4b30 .functor BUFZ 1, RS_0x7a68e79eeeb8, C4<0>, C4<0>, C4<0>;
L_0x55557b6e55e0 .functor BUFZ 1, RS_0x7a68e79e93c8, C4<0>, C4<0>, C4<0>;
L_0x55557b6e4c20 .functor BUFZ 1, RS_0x7a68e79ea178, C4<0>, C4<0>, C4<0>;
L_0x55557b6e4cb0 .functor BUFZ 1, RS_0x7a68e79ecb48, C4<0>, C4<0>, C4<0>;
L_0x55557b6e4d40 .functor BUFZ 1, RS_0x7a68e79ee768, C4<0>, C4<0>, C4<0>;
L_0x55557b6e4dd0 .functor BUFZ 1, RS_0x7a68e79eb8e8, C4<0>, C4<0>, C4<0>;
L_0x55557b6e4e60 .functor BUFZ 1, RS_0x7a68e79ed4d8, C4<0>, C4<0>, C4<0>;
L_0x55557b6e4ef0 .functor BUFZ 1, RS_0x7a68e79ead18, C4<0>, C4<0>, C4<0>;
L_0x55557b6e4f80 .functor BUFZ 1, RS_0x7a68e79ef248, C4<0>, C4<0>, C4<0>;
L_0x55557b6e5010 .functor BUFZ 1, RS_0x7a68e79ec788, C4<0>, C4<0>, C4<0>;
L_0x55557b6e50a0 .functor BUFZ 1, RS_0x7a68e79ea6e8, C4<0>, C4<0>, C4<0>;
L_0x55557b6e5130 .functor BUFZ 1, RS_0x7a68e79efd58, C4<0>, C4<0>, C4<0>;
L_0x55557b6e51c0 .functor BUFZ 1, RS_0x7a68e79ef9c8, C4<0>, C4<0>, C4<0>;
L_0x55557b6e5460 .functor BUFZ 1, RS_0x7a68e79edc58, C4<0>, C4<0>, C4<0>;
L_0x55557b6e54f0 .functor BUFZ 1, RS_0x7a68e79ebca8, C4<0>, C4<0>, C4<0>;
L_0x55557b6e6080 .functor BUFZ 1, RS_0x7a68e79eb4f8, C4<0>, C4<0>, C4<0>;
L_0x55557b6e5650 .functor BUFZ 1, RS_0x7a68e79f0a18, C4<0>, C4<0>, C4<0>;
L_0x55557b6e56e0 .functor BUFZ 1, RS_0x7a68e79f0da8, C4<0>, C4<0>, C4<0>;
L_0x55557b6e5770 .functor BUFZ 1, RS_0x7a68e79ed148, C4<0>, C4<0>, C4<0>;
L_0x55557b6e5800 .functor BUFZ 1, RS_0x7a68e79ef608, C4<0>, C4<0>, C4<0>;
L_0x55557b6e5890 .functor BUFZ 1, RS_0x7a68e79f0658, C4<0>, C4<0>, C4<0>;
L_0x55557b6e5920 .functor BUFZ 1, RS_0x7a68e79e8fd8, C4<0>, C4<0>, C4<0>;
RS_0x7a68e79ec038 .resolv tri, L_0x55557b6e3a40, L_0x55557b6e3ad0, L_0x55557b6e3b60, L_0x55557b6e3bf0, L_0x55557b6e3c80, L_0x55557b6e3d10, L_0x55557b6e3da0, L_0x55557b6e3e30, L_0x55557b6e3ec0, L_0x55557b6e3f50, L_0x55557b6e3fe0, L_0x55557b6e4070, L_0x55557b6e4100, L_0x55557b6e4bb0, L_0x55557b6e4260, L_0x55557b6e4500, L_0x55557b6e4590, L_0x55557b6e4620, L_0x55557b6e46b0, L_0x55557b6e4740, L_0x55557b6e47d0, L_0x55557b6e4860, L_0x55557b6e48f0, L_0x55557b6e4980;
L_0x55557b6e59b0 .functor BUFZ 1, RS_0x7a68e79ec038, C4<0>, C4<0>, C4<0>;
L_0x55557b6e5a40 .functor BUFZ 1, L_0x55557b6f3610, C4<0>, C4<0>, C4<0>;
L_0x55557b6e5ad0 .functor BUFZ 1, L_0x55557b6d03c0, C4<0>, C4<0>, C4<0>;
L_0x55557b6e5b60 .functor BUFZ 1, RS_0x7a68e79eeeb8, C4<0>, C4<0>, C4<0>;
L_0x55557b6e5bf0 .functor BUFZ 1, RS_0x7a68e79e93c8, C4<0>, C4<0>, C4<0>;
L_0x55557b6e5c80 .functor BUFZ 1, RS_0x7a68e79ea178, C4<0>, C4<0>, C4<0>;
L_0x55557b6e5d10 .functor BUFZ 1, RS_0x7a68e79ecb48, C4<0>, C4<0>, C4<0>;
L_0x55557b6e5da0 .functor BUFZ 1, RS_0x7a68e79ee768, C4<0>, C4<0>, C4<0>;
L_0x55557b6e5e30 .functor BUFZ 1, RS_0x7a68e79eb8e8, C4<0>, C4<0>, C4<0>;
L_0x55557b6e5ec0 .functor BUFZ 1, RS_0x7a68e79ed4d8, C4<0>, C4<0>, C4<0>;
L_0x55557b6e5f50 .functor BUFZ 1, RS_0x7a68e79ead18, C4<0>, C4<0>, C4<0>;
L_0x55557b6e5fe0 .functor BUFZ 1, RS_0x7a68e79ef248, C4<0>, C4<0>, C4<0>;
L_0x55557b6e6bc0 .functor BUFZ 1, RS_0x7a68e79ec788, C4<0>, C4<0>, C4<0>;
L_0x55557b6e6c30 .functor BUFZ 1, RS_0x7a68e79ea6e8, C4<0>, C4<0>, C4<0>;
L_0x55557b6e60f0 .functor BUFZ 1, RS_0x7a68e79efd58, C4<0>, C4<0>, C4<0>;
L_0x55557b6e6180 .functor BUFZ 1, RS_0x7a68e79ef9c8, C4<0>, C4<0>, C4<0>;
L_0x55557b6e6420 .functor BUFZ 1, RS_0x7a68e79edc58, C4<0>, C4<0>, C4<0>;
L_0x55557b6e64b0 .functor BUFZ 1, RS_0x7a68e79ebca8, C4<0>, C4<0>, C4<0>;
L_0x55557b6e6540 .functor BUFZ 1, RS_0x7a68e79eb4f8, C4<0>, C4<0>, C4<0>;
L_0x55557b6e65d0 .functor BUFZ 1, RS_0x7a68e79f0a18, C4<0>, C4<0>, C4<0>;
L_0x55557b6e6660 .functor BUFZ 1, RS_0x7a68e79f0da8, C4<0>, C4<0>, C4<0>;
L_0x55557b6e66f0 .functor BUFZ 1, RS_0x7a68e79ed148, C4<0>, C4<0>, C4<0>;
L_0x55557b6e6780 .functor BUFZ 1, RS_0x7a68e79ef608, C4<0>, C4<0>, C4<0>;
L_0x55557b6e6810 .functor BUFZ 1, RS_0x7a68e79f0658, C4<0>, C4<0>, C4<0>;
L_0x55557b6e68a0 .functor BUFZ 1, RS_0x7a68e79e8fd8, C4<0>, C4<0>, C4<0>;
L_0x55557b6e6930 .functor BUFZ 1, RS_0x7a68e79ec038, C4<0>, C4<0>, C4<0>;
RS_0x7a68e79eb108 .resolv tri, L_0x55557b6e4a10, L_0x55557b6e4aa0, L_0x55557b6e4b30, L_0x55557b6e55e0, L_0x55557b6e4c20, L_0x55557b6e4cb0, L_0x55557b6e4d40, L_0x55557b6e4dd0, L_0x55557b6e4e60, L_0x55557b6e4ef0, L_0x55557b6e4f80, L_0x55557b6e5010, L_0x55557b6e50a0, L_0x55557b6e5130, L_0x55557b6e51c0, L_0x55557b6e5460, L_0x55557b6e54f0, L_0x55557b6e6080, L_0x55557b6e5650, L_0x55557b6e56e0, L_0x55557b6e5770, L_0x55557b6e5800, L_0x55557b6e5890, L_0x55557b6e5920, L_0x55557b6e59b0;
L_0x55557b6e69c0 .functor BUFZ 1, RS_0x7a68e79eb108, C4<0>, C4<0>, C4<0>;
L_0x55557b6e6a50 .functor BUFZ 1, L_0x55557b6f3610, C4<0>, C4<0>, C4<0>;
L_0x55557b6e6ae0 .functor BUFZ 1, L_0x55557b6d03c0, C4<0>, C4<0>, C4<0>;
L_0x55557b6e77f0 .functor BUFZ 1, RS_0x7a68e79eeeb8, C4<0>, C4<0>, C4<0>;
L_0x55557b6e6ca0 .functor BUFZ 1, RS_0x7a68e79e93c8, C4<0>, C4<0>, C4<0>;
L_0x55557b6e6d30 .functor BUFZ 1, RS_0x7a68e79ea178, C4<0>, C4<0>, C4<0>;
L_0x55557b6e6dc0 .functor BUFZ 1, RS_0x7a68e79ecb48, C4<0>, C4<0>, C4<0>;
L_0x55557b6e6e50 .functor BUFZ 1, RS_0x7a68e79ee768, C4<0>, C4<0>, C4<0>;
L_0x55557b6e6ee0 .functor BUFZ 1, RS_0x7a68e79eb8e8, C4<0>, C4<0>, C4<0>;
L_0x55557b6e6f70 .functor BUFZ 1, RS_0x7a68e79ed4d8, C4<0>, C4<0>, C4<0>;
L_0x55557b6e7000 .functor BUFZ 1, RS_0x7a68e79ead18, C4<0>, C4<0>, C4<0>;
L_0x55557b6e7090 .functor BUFZ 1, RS_0x7a68e79ef248, C4<0>, C4<0>, C4<0>;
L_0x55557b6e7120 .functor BUFZ 1, RS_0x7a68e79ec788, C4<0>, C4<0>, C4<0>;
L_0x55557b6e71b0 .functor BUFZ 1, RS_0x7a68e79ea6e8, C4<0>, C4<0>, C4<0>;
L_0x55557b6e7240 .functor BUFZ 1, RS_0x7a68e79efd58, C4<0>, C4<0>, C4<0>;
L_0x55557b6e72d0 .functor BUFZ 1, RS_0x7a68e79ef9c8, C4<0>, C4<0>, C4<0>;
L_0x55557b6e7570 .functor BUFZ 1, RS_0x7a68e79edc58, C4<0>, C4<0>, C4<0>;
L_0x55557b6e7600 .functor BUFZ 1, RS_0x7a68e79ebca8, C4<0>, C4<0>, C4<0>;
L_0x55557b6e7690 .functor BUFZ 1, RS_0x7a68e79eb4f8, C4<0>, C4<0>, C4<0>;
L_0x55557b6e7720 .functor BUFZ 1, RS_0x7a68e79f0a18, C4<0>, C4<0>, C4<0>;
L_0x55557b6e8440 .functor BUFZ 1, RS_0x7a68e79f0da8, C4<0>, C4<0>, C4<0>;
L_0x55557b6e84b0 .functor BUFZ 1, RS_0x7a68e79ed148, C4<0>, C4<0>, C4<0>;
L_0x55557b6e7860 .functor BUFZ 1, RS_0x7a68e79ef608, C4<0>, C4<0>, C4<0>;
L_0x55557b6e78f0 .functor BUFZ 1, RS_0x7a68e79f0658, C4<0>, C4<0>, C4<0>;
L_0x55557b6e7980 .functor BUFZ 1, RS_0x7a68e79e8fd8, C4<0>, C4<0>, C4<0>;
L_0x55557b6e7a10 .functor BUFZ 1, RS_0x7a68e79ec038, C4<0>, C4<0>, C4<0>;
L_0x55557b6e7aa0 .functor BUFZ 1, RS_0x7a68e79eb108, C4<0>, C4<0>, C4<0>;
RS_0x7a68e79ed898 .resolv tri, L_0x55557b6e5a40, L_0x55557b6e5ad0, L_0x55557b6e5b60, L_0x55557b6e5bf0, L_0x55557b6e5c80, L_0x55557b6e5d10, L_0x55557b6e5da0, L_0x55557b6e5e30, L_0x55557b6e5ec0, L_0x55557b6e5f50, L_0x55557b6e5fe0, L_0x55557b6e6bc0, L_0x55557b6e6c30, L_0x55557b6e60f0, L_0x55557b6e6180, L_0x55557b6e6420, L_0x55557b6e64b0, L_0x55557b6e6540, L_0x55557b6e65d0, L_0x55557b6e6660, L_0x55557b6e66f0, L_0x55557b6e6780, L_0x55557b6e6810, L_0x55557b6e68a0, L_0x55557b6e6930, L_0x55557b6e69c0;
L_0x55557b6e7b30 .functor BUFZ 1, RS_0x7a68e79ed898, C4<0>, C4<0>, C4<0>;
L_0x55557b6e7bc0 .functor BUFZ 1, L_0x55557b6f3610, C4<0>, C4<0>, C4<0>;
L_0x55557b6e7c50 .functor BUFZ 1, L_0x55557b6d03c0, C4<0>, C4<0>, C4<0>;
L_0x55557b6e7ce0 .functor BUFZ 1, RS_0x7a68e79eeeb8, C4<0>, C4<0>, C4<0>;
L_0x55557b6e7d70 .functor BUFZ 1, RS_0x7a68e79e93c8, C4<0>, C4<0>, C4<0>;
L_0x55557b6e7e00 .functor BUFZ 1, RS_0x7a68e79ea178, C4<0>, C4<0>, C4<0>;
L_0x55557b6e7e90 .functor BUFZ 1, RS_0x7a68e79ecb48, C4<0>, C4<0>, C4<0>;
L_0x55557b6e7f20 .functor BUFZ 1, RS_0x7a68e79ee768, C4<0>, C4<0>, C4<0>;
L_0x55557b6e7fb0 .functor BUFZ 1, RS_0x7a68e79eb8e8, C4<0>, C4<0>, C4<0>;
L_0x55557b6e8040 .functor BUFZ 1, RS_0x7a68e79ed4d8, C4<0>, C4<0>, C4<0>;
L_0x55557b6e80d0 .functor BUFZ 1, RS_0x7a68e79ead18, C4<0>, C4<0>, C4<0>;
L_0x55557b6e8160 .functor BUFZ 1, RS_0x7a68e79ef248, C4<0>, C4<0>, C4<0>;
L_0x55557b6e81f0 .functor BUFZ 1, RS_0x7a68e79ec788, C4<0>, C4<0>, C4<0>;
L_0x55557b6e8280 .functor BUFZ 1, RS_0x7a68e79ea6e8, C4<0>, C4<0>, C4<0>;
L_0x55557b6e8310 .functor BUFZ 1, RS_0x7a68e79efd58, C4<0>, C4<0>, C4<0>;
L_0x55557b6e83a0 .functor BUFZ 1, RS_0x7a68e79ef9c8, C4<0>, C4<0>, C4<0>;
L_0x55557b6e93c0 .functor BUFZ 1, RS_0x7a68e79edc58, C4<0>, C4<0>, C4<0>;
L_0x55557b6e8520 .functor BUFZ 1, RS_0x7a68e79ebca8, C4<0>, C4<0>, C4<0>;
L_0x55557b6e85b0 .functor BUFZ 1, RS_0x7a68e79eb4f8, C4<0>, C4<0>, C4<0>;
L_0x55557b6e8640 .functor BUFZ 1, RS_0x7a68e79f0a18, C4<0>, C4<0>, C4<0>;
L_0x55557b6e86d0 .functor BUFZ 1, RS_0x7a68e79f0da8, C4<0>, C4<0>, C4<0>;
L_0x55557b6e8760 .functor BUFZ 1, RS_0x7a68e79ed148, C4<0>, C4<0>, C4<0>;
L_0x55557b6e87f0 .functor BUFZ 1, RS_0x7a68e79ef608, C4<0>, C4<0>, C4<0>;
L_0x55557b6e8880 .functor BUFZ 1, RS_0x7a68e79f0658, C4<0>, C4<0>, C4<0>;
L_0x55557b6e8910 .functor BUFZ 1, RS_0x7a68e79e8fd8, C4<0>, C4<0>, C4<0>;
L_0x55557b6e89a0 .functor BUFZ 1, RS_0x7a68e79ec038, C4<0>, C4<0>, C4<0>;
L_0x55557b6e8a30 .functor BUFZ 1, RS_0x7a68e79eb108, C4<0>, C4<0>, C4<0>;
L_0x55557b6e8ac0 .functor BUFZ 1, RS_0x7a68e79ed898, C4<0>, C4<0>, C4<0>;
RS_0x7a68e79ee3a8 .resolv tri, L_0x55557b6e6a50, L_0x55557b6e6ae0, L_0x55557b6e77f0, L_0x55557b6e6ca0, L_0x55557b6e6d30, L_0x55557b6e6dc0, L_0x55557b6e6e50, L_0x55557b6e6ee0, L_0x55557b6e6f70, L_0x55557b6e7000, L_0x55557b6e7090, L_0x55557b6e7120, L_0x55557b6e71b0, L_0x55557b6e7240, L_0x55557b6e72d0, L_0x55557b6e7570, L_0x55557b6e7600, L_0x55557b6e7690, L_0x55557b6e7720, L_0x55557b6e8440, L_0x55557b6e84b0, L_0x55557b6e7860, L_0x55557b6e78f0, L_0x55557b6e7980, L_0x55557b6e7a10, L_0x55557b6e7aa0, L_0x55557b6e7b30;
L_0x55557b6e8b50 .functor BUFZ 1, RS_0x7a68e79ee3a8, C4<0>, C4<0>, C4<0>;
L_0x55557b6e8be0 .functor BUFZ 1, L_0x55557b6f3610, C4<0>, C4<0>, C4<0>;
L_0x55557b6e8c70 .functor BUFZ 1, L_0x55557b6d03c0, C4<0>, C4<0>, C4<0>;
L_0x55557b6e8d00 .functor BUFZ 1, RS_0x7a68e79eeeb8, C4<0>, C4<0>, C4<0>;
L_0x55557b6e8d90 .functor BUFZ 1, RS_0x7a68e79e93c8, C4<0>, C4<0>, C4<0>;
L_0x55557b6e8e20 .functor BUFZ 1, RS_0x7a68e79ea178, C4<0>, C4<0>, C4<0>;
L_0x55557b6e8eb0 .functor BUFZ 1, RS_0x7a68e79ecb48, C4<0>, C4<0>, C4<0>;
L_0x55557b6e8f40 .functor BUFZ 1, RS_0x7a68e79ee768, C4<0>, C4<0>, C4<0>;
L_0x55557b6e8fd0 .functor BUFZ 1, RS_0x7a68e79eb8e8, C4<0>, C4<0>, C4<0>;
L_0x55557b6e9060 .functor BUFZ 1, RS_0x7a68e79ed4d8, C4<0>, C4<0>, C4<0>;
L_0x55557b6e90f0 .functor BUFZ 1, RS_0x7a68e79ead18, C4<0>, C4<0>, C4<0>;
L_0x55557b6ea180 .functor BUFZ 1, RS_0x7a68e79ef248, C4<0>, C4<0>, C4<0>;
L_0x55557b6ea1f0 .functor BUFZ 1, RS_0x7a68e79ec788, C4<0>, C4<0>, C4<0>;
L_0x55557b6e9430 .functor BUFZ 1, RS_0x7a68e79ea6e8, C4<0>, C4<0>, C4<0>;
L_0x55557b6e94c0 .functor BUFZ 1, RS_0x7a68e79efd58, C4<0>, C4<0>, C4<0>;
L_0x55557b6e9550 .functor BUFZ 1, RS_0x7a68e79ef9c8, C4<0>, C4<0>, C4<0>;
L_0x55557b6e97f0 .functor BUFZ 1, RS_0x7a68e79edc58, C4<0>, C4<0>, C4<0>;
L_0x55557b6e9880 .functor BUFZ 1, RS_0x7a68e79ebca8, C4<0>, C4<0>, C4<0>;
L_0x55557b6e9910 .functor BUFZ 1, RS_0x7a68e79eb4f8, C4<0>, C4<0>, C4<0>;
L_0x55557b6e99a0 .functor BUFZ 1, RS_0x7a68e79f0a18, C4<0>, C4<0>, C4<0>;
L_0x55557b6e9a30 .functor BUFZ 1, RS_0x7a68e79f0da8, C4<0>, C4<0>, C4<0>;
L_0x55557b6e9ac0 .functor BUFZ 1, RS_0x7a68e79ed148, C4<0>, C4<0>, C4<0>;
L_0x55557b6e9b50 .functor BUFZ 1, RS_0x7a68e79ef608, C4<0>, C4<0>, C4<0>;
L_0x55557b6e9be0 .functor BUFZ 1, RS_0x7a68e79f0658, C4<0>, C4<0>, C4<0>;
L_0x55557b6e9c70 .functor BUFZ 1, RS_0x7a68e79e8fd8, C4<0>, C4<0>, C4<0>;
L_0x55557b6e9d00 .functor BUFZ 1, RS_0x7a68e79ec038, C4<0>, C4<0>, C4<0>;
L_0x55557b6e9d90 .functor BUFZ 1, RS_0x7a68e79eb108, C4<0>, C4<0>, C4<0>;
L_0x55557b6e9e20 .functor BUFZ 1, RS_0x7a68e79ed898, C4<0>, C4<0>, C4<0>;
L_0x55557b6e9eb0 .functor BUFZ 1, RS_0x7a68e79ee3a8, C4<0>, C4<0>, C4<0>;
RS_0x7a68e79ee018 .resolv tri, L_0x55557b6e7bc0, L_0x55557b6e7c50, L_0x55557b6e7ce0, L_0x55557b6e7d70, L_0x55557b6e7e00, L_0x55557b6e7e90, L_0x55557b6e7f20, L_0x55557b6e7fb0, L_0x55557b6e8040, L_0x55557b6e80d0, L_0x55557b6e8160, L_0x55557b6e81f0, L_0x55557b6e8280, L_0x55557b6e8310, L_0x55557b6e83a0, L_0x55557b6e93c0, L_0x55557b6e8520, L_0x55557b6e85b0, L_0x55557b6e8640, L_0x55557b6e86d0, L_0x55557b6e8760, L_0x55557b6e87f0, L_0x55557b6e8880, L_0x55557b6e8910, L_0x55557b6e89a0, L_0x55557b6e8a30, L_0x55557b6e8ac0, L_0x55557b6e8b50;
L_0x55557b6e9f40 .functor BUFZ 1, RS_0x7a68e79ee018, C4<0>, C4<0>, C4<0>;
L_0x55557b6e9fd0 .functor BUFZ 1, L_0x55557b6f3610, C4<0>, C4<0>, C4<0>;
L_0x55557b6ea060 .functor BUFZ 1, L_0x55557b6d03c0, C4<0>, C4<0>, C4<0>;
L_0x55557b6ea0f0 .functor BUFZ 1, RS_0x7a68e79eeeb8, C4<0>, C4<0>, C4<0>;
L_0x55557b6ea260 .functor BUFZ 1, RS_0x7a68e79e93c8, C4<0>, C4<0>, C4<0>;
L_0x55557b6ea2f0 .functor BUFZ 1, RS_0x7a68e79ea178, C4<0>, C4<0>, C4<0>;
L_0x55557b6ea380 .functor BUFZ 1, RS_0x7a68e79ecb48, C4<0>, C4<0>, C4<0>;
L_0x55557b6ea410 .functor BUFZ 1, RS_0x7a68e79ee768, C4<0>, C4<0>, C4<0>;
L_0x55557b6ea4a0 .functor BUFZ 1, RS_0x7a68e79eb8e8, C4<0>, C4<0>, C4<0>;
L_0x55557b6ea530 .functor BUFZ 1, RS_0x7a68e79ed4d8, C4<0>, C4<0>, C4<0>;
L_0x55557b6ea5c0 .functor BUFZ 1, RS_0x7a68e79ead18, C4<0>, C4<0>, C4<0>;
L_0x55557b6ea650 .functor BUFZ 1, RS_0x7a68e79ef248, C4<0>, C4<0>, C4<0>;
L_0x55557b6ea6e0 .functor BUFZ 1, RS_0x7a68e79ec788, C4<0>, C4<0>, C4<0>;
L_0x55557b6ea770 .functor BUFZ 1, RS_0x7a68e79ea6e8, C4<0>, C4<0>, C4<0>;
L_0x55557b6ea800 .functor BUFZ 1, RS_0x7a68e79efd58, C4<0>, C4<0>, C4<0>;
L_0x55557b6ea890 .functor BUFZ 1, RS_0x7a68e79ef9c8, C4<0>, C4<0>, C4<0>;
L_0x55557b6ea920 .functor BUFZ 1, RS_0x7a68e79edc58, C4<0>, C4<0>, C4<0>;
L_0x55557b6ea9b0 .functor BUFZ 1, RS_0x7a68e79ebca8, C4<0>, C4<0>, C4<0>;
L_0x55557b6eaa40 .functor BUFZ 1, RS_0x7a68e79eb4f8, C4<0>, C4<0>, C4<0>;
L_0x55557b6eaad0 .functor BUFZ 1, RS_0x7a68e79f0a18, C4<0>, C4<0>, C4<0>;
L_0x55557b6eab60 .functor BUFZ 1, RS_0x7a68e79f0da8, C4<0>, C4<0>, C4<0>;
L_0x55557b6eabf0 .functor BUFZ 1, RS_0x7a68e79ed148, C4<0>, C4<0>, C4<0>;
L_0x55557b6eac80 .functor BUFZ 1, RS_0x7a68e79ef608, C4<0>, C4<0>, C4<0>;
L_0x55557b6ead10 .functor BUFZ 1, RS_0x7a68e79f0658, C4<0>, C4<0>, C4<0>;
L_0x55557b6eada0 .functor BUFZ 1, RS_0x7a68e79e8fd8, C4<0>, C4<0>, C4<0>;
L_0x55557b6eae30 .functor BUFZ 1, RS_0x7a68e79ec038, C4<0>, C4<0>, C4<0>;
L_0x55557b6eaec0 .functor BUFZ 1, RS_0x7a68e79eb108, C4<0>, C4<0>, C4<0>;
L_0x55557b6eaf50 .functor BUFZ 1, RS_0x7a68e79ed898, C4<0>, C4<0>, C4<0>;
L_0x55557b6ec310 .functor BUFZ 1, RS_0x7a68e79ee3a8, C4<0>, C4<0>, C4<0>;
L_0x55557b6ec380 .functor BUFZ 1, RS_0x7a68e79ee018, C4<0>, C4<0>, C4<0>;
RS_0x7a68e79e9db8 .resolv tri, L_0x55557b6e8be0, L_0x55557b6e8c70, L_0x55557b6e8d00, L_0x55557b6e8d90, L_0x55557b6e8e20, L_0x55557b6e8eb0, L_0x55557b6e8f40, L_0x55557b6e8fd0, L_0x55557b6e9060, L_0x55557b6e90f0, L_0x55557b6ea180, L_0x55557b6ea1f0, L_0x55557b6e9430, L_0x55557b6e94c0, L_0x55557b6e9550, L_0x55557b6e97f0, L_0x55557b6e9880, L_0x55557b6e9910, L_0x55557b6e99a0, L_0x55557b6e9a30, L_0x55557b6e9ac0, L_0x55557b6e9b50, L_0x55557b6e9be0, L_0x55557b6e9c70, L_0x55557b6e9d00, L_0x55557b6e9d90, L_0x55557b6e9e20, L_0x55557b6e9eb0, L_0x55557b6e9f40;
L_0x55557b6eb450 .functor BUFZ 1, RS_0x7a68e79e9db8, C4<0>, C4<0>, C4<0>;
L_0x55557b6eb4e0 .functor BUFZ 1, L_0x55557b6f3610, C4<0>, C4<0>, C4<0>;
L_0x55557b6eb570 .functor BUFZ 1, L_0x55557b6d03c0, C4<0>, C4<0>, C4<0>;
L_0x55557b6eba10 .functor BUFZ 1, RS_0x7a68e79eeeb8, C4<0>, C4<0>, C4<0>;
L_0x55557b6ebeb0 .functor BUFZ 1, RS_0x7a68e79e93c8, C4<0>, C4<0>, C4<0>;
L_0x55557b6ebf40 .functor BUFZ 1, RS_0x7a68e79ea178, C4<0>, C4<0>, C4<0>;
L_0x55557b6ebfd0 .functor BUFZ 1, RS_0x7a68e79ecb48, C4<0>, C4<0>, C4<0>;
L_0x55557b6ec060 .functor BUFZ 1, RS_0x7a68e79ee768, C4<0>, C4<0>, C4<0>;
L_0x55557b6ec0f0 .functor BUFZ 1, RS_0x7a68e79eb8e8, C4<0>, C4<0>, C4<0>;
L_0x55557b6ec180 .functor BUFZ 1, RS_0x7a68e79ed4d8, C4<0>, C4<0>, C4<0>;
L_0x55557b6ec210 .functor BUFZ 1, RS_0x7a68e79ead18, C4<0>, C4<0>, C4<0>;
L_0x55557b6ec2a0 .functor BUFZ 1, RS_0x7a68e79ef248, C4<0>, C4<0>, C4<0>;
L_0x55557b6dbf10 .functor BUFZ 1, RS_0x7a68e79ec788, C4<0>, C4<0>, C4<0>;
L_0x55557b6dbfa0 .functor BUFZ 1, RS_0x7a68e79ea6e8, C4<0>, C4<0>, C4<0>;
L_0x55557b6dc030 .functor BUFZ 1, RS_0x7a68e79efd58, C4<0>, C4<0>, C4<0>;
L_0x55557b6dd5a0 .functor BUFZ 1, RS_0x7a68e79ef9c8, C4<0>, C4<0>, C4<0>;
L_0x55557b6dd630 .functor BUFZ 1, RS_0x7a68e79edc58, C4<0>, C4<0>, C4<0>;
L_0x55557b6dd6c0 .functor BUFZ 1, RS_0x7a68e79ebca8, C4<0>, C4<0>, C4<0>;
L_0x55557b6ddd20 .functor BUFZ 1, RS_0x7a68e79eb4f8, C4<0>, C4<0>, C4<0>;
L_0x55557b6dddb0 .functor BUFZ 1, RS_0x7a68e79f0a18, C4<0>, C4<0>, C4<0>;
L_0x55557b6dde40 .functor BUFZ 1, RS_0x7a68e79f0da8, C4<0>, C4<0>, C4<0>;
L_0x55557b6de6a0 .functor BUFZ 1, RS_0x7a68e79ed148, C4<0>, C4<0>, C4<0>;
L_0x55557b6de730 .functor BUFZ 1, RS_0x7a68e79ef608, C4<0>, C4<0>, C4<0>;
L_0x55557b6de7c0 .functor BUFZ 1, RS_0x7a68e79f0658, C4<0>, C4<0>, C4<0>;
L_0x55557b6df290 .functor BUFZ 1, RS_0x7a68e79e8fd8, C4<0>, C4<0>, C4<0>;
L_0x55557b6df320 .functor BUFZ 1, RS_0x7a68e79ec038, C4<0>, C4<0>, C4<0>;
L_0x55557b6df3b0 .functor BUFZ 1, RS_0x7a68e79eb108, C4<0>, C4<0>, C4<0>;
L_0x55557b6e04d0 .functor BUFZ 1, RS_0x7a68e79ed898, C4<0>, C4<0>, C4<0>;
L_0x55557b6e0560 .functor BUFZ 1, RS_0x7a68e79ee3a8, C4<0>, C4<0>, C4<0>;
L_0x55557b6e05f0 .functor BUFZ 1, RS_0x7a68e79ee018, C4<0>, C4<0>, C4<0>;
L_0x55557b6e0ad0 .functor BUFZ 1, RS_0x7a68e79e9db8, C4<0>, C4<0>, C4<0>;
RS_0x7a68e79eeb28 .resolv tri, L_0x55557b6e9fd0, L_0x55557b6ea060, L_0x55557b6ea0f0, L_0x55557b6ea260, L_0x55557b6ea2f0, L_0x55557b6ea380, L_0x55557b6ea410, L_0x55557b6ea4a0, L_0x55557b6ea530, L_0x55557b6ea5c0, L_0x55557b6ea650, L_0x55557b6ea6e0, L_0x55557b6ea770, L_0x55557b6ea800, L_0x55557b6ea890, L_0x55557b6ea920, L_0x55557b6ea9b0, L_0x55557b6eaa40, L_0x55557b6eaad0, L_0x55557b6eab60, L_0x55557b6eabf0, L_0x55557b6eac80, L_0x55557b6ead10, L_0x55557b6eada0, L_0x55557b6eae30, L_0x55557b6eaec0, L_0x55557b6eaf50, L_0x55557b6ec310, L_0x55557b6ec380, L_0x55557b6eb450;
L_0x55557b6e0b60 .functor BUFZ 1, RS_0x7a68e79eeb28, C4<0>, C4<0>, C4<0>;
v0x55557b6a8c10_0 .net "v67d7d5", 0 0, o0x7a68e79f0e68;  0 drivers
v0x55557b6a8cb0_0 .net "va871b0", 0 0, o0x7a68e79f0e98;  0 drivers
L_0x7a68e7990be8 .functor BUFT 1, C4<0000>, C4<0>, C4<0>, C4<0>;
v0x55557b6a8d70_0 .net "vinit", 0 3, L_0x7a68e7990be8;  1 drivers
v0x55557b6a8e60_0 .net "w0", 0 0, L_0x55557b6e17a0;  1 drivers
v0x55557b6a8f50_0 .net "w1", 0 0, L_0x55557b6e62f0;  1 drivers
v0x55557b6a9090_0 .net "w10", 0 0, L_0x55557b6f6dd0;  1 drivers
v0x55557b6a9180_0 .net "w11", 0 0, L_0x55557b6f7420;  1 drivers
v0x55557b6a9270_0 .net "w12", 0 0, L_0x55557b6f7a70;  1 drivers
v0x55557b6a9360_0 .net "w13", 0 0, L_0x55557b6f21d0;  1 drivers
v0x55557b6a9400_0 .net "w14", 0 0, L_0x55557b6f8710;  1 drivers
v0x55557b6a94f0_0 .net "w15", 0 0, L_0x55557b6f8d80;  1 drivers
v0x55557b6a95e0_0 .net "w16", 0 0, L_0x55557b6f93f0;  1 drivers
v0x55557b6a96d0_0 .net "w17", 0 0, L_0x55557b6f9a40;  1 drivers
v0x55557b6a97c0_0 .net "w18", 0 0, L_0x55557b6fa090;  1 drivers
v0x55557b6a98b0_0 .net "w19", 0 0, L_0x55557b6fa6e0;  1 drivers
v0x55557b6a99a0_0 .net "w2", 0 0, L_0x55557b6dbc90;  1 drivers
v0x55557b6a9a90_0 .net "w20", 0 0, L_0x55557b6fad30;  1 drivers
v0x55557b6a9b80_0 .net "w21", 0 0, L_0x55557b6fb380;  1 drivers
v0x55557b6a9c70_0 .net "w22", 0 0, L_0x55557b6fb9d0;  1 drivers
v0x55557b6a9d60_0 .net "w23", 0 0, L_0x55557b6fc040;  1 drivers
v0x55557b6a9e50_0 .net "w24", 0 0, L_0x55557b6fc6b0;  1 drivers
v0x55557b6a9f40_0 .net "w25", 0 0, L_0x55557b6fcd00;  1 drivers
v0x55557b6aa030_0 .net "w26", 0 0, L_0x55557b6fd350;  1 drivers
v0x55557b6aa120_0 .net "w27", 0 0, L_0x55557b6fd9a0;  1 drivers
v0x55557b6aa210_0 .net "w28", 0 0, L_0x55557b6fdff0;  1 drivers
v0x55557b6aa300_0 .net "w29", 0 0, L_0x55557b6f80c0;  1 drivers
v0x55557b6aa3f0_0 .net "w3", 0 0, L_0x55557b6e9260;  1 drivers
v0x55557b6aa4e0_0 .net "w30", 0 0, L_0x55557b6e34c0;  1 drivers
v0x55557b6aa5d0_0 .net "w31", 0 0, L_0x55557b6fec90;  1 drivers
v0x55557b6aa6c0_0 .net "w32", 0 0, L_0x55557b6ed200;  1 drivers
v0x55557b6aa7b0_0 .net "w33", 0 0, L_0x55557b6ff080;  1 drivers
v0x55557b6aa8a0_0 .net "w34", 0 0, L_0x55557b6efc10;  1 drivers
v0x55557b6aa990_0 .net "w35", 0 0, L_0x55557b6ff470;  1 drivers
v0x55557b6aac90_0 .net "w36", 0 0, L_0x55557b6fe640;  1 drivers
v0x55557b6aad80_0 .net "w37", 0 0, L_0x55557b6cfdc0;  1 drivers
v0x55557b6aae20_0 .net8 "w38", 0 0, RS_0x7a68e79ea8c8;  2 drivers
RS_0x7a68e79e95a8 .resolv tri, L_0x55557b6d0070, L_0x55557b6d00e0, L_0x55557b6d01e0;
v0x55557b6aaec0_0 .net8 "w39", 0 0, RS_0x7a68e79e95a8;  3 drivers
v0x55557b6aaf60_0 .net "w4", 0 0, L_0x55557b6cfc40;  1 drivers
v0x55557b6ab000_0 .net "w40", 0 0, L_0x55557b6cfd00;  1 drivers
v0x55557b6ab0a0_0 .net "w41", 0 0, L_0x55557b6ff7d0;  1 drivers
v0x55557b6ab190_0 .net "w42", 0 0, L_0x55557b6f3610;  1 drivers
v0x55557b6ab280_0 .net "w43", 0 0, L_0x55557b6d03c0;  1 drivers
v0x55557b6ab320_0 .net8 "w44", 0 0, RS_0x7a68e79eeeb8;  2 drivers
v0x55557b6ab3c0_0 .net8 "w45", 0 0, RS_0x7a68e79e93c8;  3 drivers
v0x55557b6ab460_0 .net8 "w46", 0 0, RS_0x7a68e79ea178;  4 drivers
v0x55557b6ab500_0 .net8 "w47", 0 0, RS_0x7a68e79ecb48;  5 drivers
v0x55557b6ab5a0_0 .net8 "w48", 0 0, RS_0x7a68e79ee768;  6 drivers
v0x55557b6ab640_0 .net8 "w49", 0 0, RS_0x7a68e79eb8e8;  7 drivers
v0x55557b6ab6e0_0 .net8 "w50", 0 0, RS_0x7a68e79ed4d8;  8 drivers
v0x55557b6ab780_0 .net8 "w51", 0 0, RS_0x7a68e79ead18;  9 drivers
v0x55557b6ab820_0 .net8 "w52", 0 0, RS_0x7a68e79ef248;  10 drivers
v0x55557b6ab8c0_0 .net8 "w53", 0 0, RS_0x7a68e79ec788;  11 drivers
v0x55557b6ab960_0 .net8 "w54", 0 0, RS_0x7a68e79ea6e8;  12 drivers
v0x55557b6aba00_0 .net8 "w55", 0 0, RS_0x7a68e79efd58;  13 drivers
v0x55557b6abaa0_0 .net8 "w56", 0 0, RS_0x7a68e79ef9c8;  14 drivers
v0x55557b6abb40_0 .net8 "w57", 0 0, RS_0x7a68e79edc58;  15 drivers
v0x55557b6abbe0_0 .net8 "w58", 0 0, RS_0x7a68e79ebca8;  16 drivers
v0x55557b6abc80_0 .net8 "w59", 0 0, RS_0x7a68e79eb4f8;  17 drivers
v0x55557b6abd20_0 .net "w6", 0 0, L_0x55557b6f3d50;  1 drivers
v0x55557b6abe10_0 .net8 "w60", 0 0, RS_0x7a68e79f0a18;  18 drivers
v0x55557b6abeb0_0 .net8 "w61", 0 0, RS_0x7a68e79f0da8;  19 drivers
v0x55557b6abf50_0 .net8 "w62", 0 0, RS_0x7a68e79ed148;  20 drivers
v0x55557b6abff0_0 .net8 "w63", 0 0, RS_0x7a68e79ef608;  21 drivers
v0x55557b6ac090_0 .net8 "w64", 0 0, RS_0x7a68e79f0658;  22 drivers
v0x55557b6ac130_0 .net8 "w65", 0 0, RS_0x7a68e79e8fd8;  23 drivers
v0x55557b6ac1d0_0 .net8 "w66", 0 0, RS_0x7a68e79ec038;  24 drivers
v0x55557b6ac270_0 .net8 "w67", 0 0, RS_0x7a68e79eb108;  25 drivers
v0x55557b6ac310_0 .net8 "w68", 0 0, RS_0x7a68e79ed898;  26 drivers
v0x55557b6ac3b0_0 .net8 "w69", 0 0, RS_0x7a68e79ee3a8;  27 drivers
v0x55557b6ac450_0 .net "w7", 0 0, L_0x55557b6f4310;  1 drivers
v0x55557b6ac540_0 .net8 "w70", 0 0, RS_0x7a68e79ee018;  28 drivers
v0x55557b6ac5e0_0 .net8 "w71", 0 0, RS_0x7a68e79e9db8;  29 drivers
v0x55557b6ac680_0 .net8 "w72", 0 0, RS_0x7a68e79eeb28;  30 drivers
RS_0x7a68e79f00e8 .resolv tri, L_0x55557b6eb4e0, L_0x55557b6eb570, L_0x55557b6eba10, L_0x55557b6ebeb0, L_0x55557b6ebf40, L_0x55557b6ebfd0, L_0x55557b6ec060, L_0x55557b6ec0f0, L_0x55557b6ec180, L_0x55557b6ec210, L_0x55557b6ec2a0, L_0x55557b6dbf10, L_0x55557b6dbfa0, L_0x55557b6dc030, L_0x55557b6dd5a0, L_0x55557b6dd630, L_0x55557b6dd6c0, L_0x55557b6ddd20, L_0x55557b6dddb0, L_0x55557b6dde40, L_0x55557b6de6a0, L_0x55557b6de730, L_0x55557b6de7c0, L_0x55557b6df290, L_0x55557b6df320, L_0x55557b6df3b0, L_0x55557b6e04d0, L_0x55557b6e0560, L_0x55557b6e05f0, L_0x55557b6e0ad0, L_0x55557b6e0b60;
v0x55557b6ac750_0 .net8 "w73", 0 0, RS_0x7a68e79f00e8;  31 drivers
v0x55557b6ac820_0 .net "w8", 0 0, L_0x55557b6f4980;  1 drivers
v0x55557b6ac910_0 .net "w9", 0 0, L_0x55557b6f6780;  1 drivers
S_0x55557b5f7430 .scope module, "v035899" "v5acce8" 3 712, 3 781 0, S_0x55557b6498a0;
 .timescale -12 -12;
    .port_info 0 /INPUT 1 "v55dfde";
    .port_info 1 /INPUT 1 "vfea254";
    .port_info 2 /OUTPUT 1 "v9ed4fe";
L_0x55557b6fb110 .functor BUFZ 1, RS_0x7a68e79e8fd8, C4<0>, C4<0>, C4<0>;
L_0x55557b6fb210 .functor BUFZ 1, L_0x55557b6fad30, C4<0>, C4<0>, C4<0>;
L_0x55557b6fb380 .functor BUFZ 1, L_0x55557b6fb510, C4<0>, C4<0>, C4<0>;
v0x55557b5f5240_0 .net "v55dfde", 0 0, L_0x55557b6fad30;  alias, 1 drivers
v0x55557b5f5320_0 .net "v9ed4fe", 0 0, L_0x55557b6fb380;  alias, 1 drivers
v0x55557b5f4eb0_0 .net8 "vfea254", 0 0, RS_0x7a68e79e8fd8;  alias, 23 drivers
v0x55557b5f4f50_0 .net "w0", 0 0, L_0x55557b6fb110;  1 drivers
v0x55557b5f4b50_0 .net "w1", 0 0, L_0x55557b6fb210;  1 drivers
v0x55557b5f4c40_0 .net "w2", 0 0, L_0x55557b6fb510;  1 drivers
S_0x55557b5f70a0 .scope module, "v06c055" "v58ed2b" 3 792, 3 805 0, S_0x55557b5f7430;
 .timescale -12 -12;
    .port_info 0 /INPUT 1 "va4102a";
    .port_info 1 /INPUT 1 "vf54559";
    .port_info 2 /OUTPUT 1 "va58c5b";
    .port_info 3 /OUTPUT 1 "ve8318d";
P_0x55557b5f6d40 .param/l "p2" 1 3 813, +C4<00000000000000000000000000000000>;
P_0x55557b5f6d80 .param/l "v71e305" 0 3 806, +C4<00000000000000000000000000000000>;
L_0x55557b6fb410 .functor BUFZ 1, L_0x55557b6fb110, C4<0>, C4<0>, C4<0>;
L_0x55557b6fb510 .functor BUFZ 1, v0x55557b5f6060_0, C4<0>, C4<0>, C4<0>;
L_0x55557b6fb5f0 .functor BUFZ 1, L_0x55557b6fb210, C4<0>, C4<0>, C4<0>;
v0x55557b5f5c60_0 .net "va4102a", 0 0, L_0x55557b6fb110;  alias, 1 drivers
o0x7a68e79e8e28 .functor BUFZ 1, C4<z>; HiZ drive
v0x55557b5f5d20_0 .net "va58c5b", 0 0, o0x7a68e79e8e28;  0 drivers
v0x55557b5f5900_0 .net "ve8318d", 0 0, L_0x55557b6fb510;  alias, 1 drivers
v0x55557b5f59a0_0 .net "vf54559", 0 0, L_0x55557b6fb210;  alias, 1 drivers
v0x55557b5f55a0_0 .net "w0", 0 0, L_0x55557b6fb410;  1 drivers
v0x55557b5f5690_0 .net "w1", 0 0, v0x55557b5f6060_0;  1 drivers
v0x55557b5eaaa0_0 .net "w3", 0 0, L_0x55557b6fb5f0;  1 drivers
S_0x55557b5f69e0 .scope module, "vb8adf8" "v58ed2b_vb8adf8" 3 822, 3 835 0, S_0x55557b5f70a0;
 .timescale -12 -12;
    .port_info 0 /INPUT 1 "clk";
    .port_info 1 /INPUT 1 "d";
    .port_info 2 /OUTPUT 1 "q";
P_0x55557b373c50 .param/l "INI" 0 3 836, +C4<00000000000000000000000000000000>;
v0x55557b5f6320_0 .net "clk", 0 0, L_0x55557b6fb410;  alias, 1 drivers
v0x55557b5f6400_0 .net "d", 0 0, L_0x55557b6fb5f0;  alias, 1 drivers
v0x55557b5f5fc0_0 .net "q", 0 0, v0x55557b5f6060_0;  alias, 1 drivers
v0x55557b5f6060_0 .var "qi", 0 0;
E_0x55557b5f67a0 .event posedge, v0x55557b5f6320_0;
S_0x55557b5f47f0 .scope module, "v1d27af" "v5acce8" 3 606, 3 781 0, S_0x55557b6498a0;
 .timescale -12 -12;
    .port_info 0 /INPUT 1 "v55dfde";
    .port_info 1 /INPUT 1 "vfea254";
    .port_info 2 /OUTPUT 1 "v9ed4fe";
L_0x55557b6e9670 .functor BUFZ 1, RS_0x7a68e79e93c8, C4<0>, C4<0>, C4<0>;
L_0x55557b6e9770 .functor BUFZ 1, L_0x55557b6e62f0, C4<0>, C4<0>, C4<0>;
L_0x55557b6dbc90 .functor BUFZ 1, L_0x55557b6dbe20, C4<0>, C4<0>, C4<0>;
v0x55557b67a720_0 .net "v55dfde", 0 0, L_0x55557b6e62f0;  alias, 1 drivers
v0x55557b67a800_0 .net "v9ed4fe", 0 0, L_0x55557b6dbc90;  alias, 1 drivers
v0x55557b67a360_0 .net8 "vfea254", 0 0, RS_0x7a68e79e93c8;  alias, 3 drivers
v0x55557b67a400_0 .net "w0", 0 0, L_0x55557b6e9670;  1 drivers
v0x55557b679fa0_0 .net "w1", 0 0, L_0x55557b6e9770;  1 drivers
v0x55557b67a090_0 .net "w2", 0 0, L_0x55557b6dbe20;  1 drivers
S_0x55557b5f4490 .scope module, "v06c055" "v58ed2b" 3 792, 3 805 0, S_0x55557b5f47f0;
 .timescale -12 -12;
    .port_info 0 /INPUT 1 "va4102a";
    .port_info 1 /INPUT 1 "vf54559";
    .port_info 2 /OUTPUT 1 "va58c5b";
    .port_info 3 /OUTPUT 1 "ve8318d";
P_0x55557b5f6680 .param/l "p2" 1 3 813, +C4<00000000000000000000000000000000>;
P_0x55557b5f66c0 .param/l "v71e305" 0 3 806, +C4<00000000000000000000000000000000>;
L_0x55557b6dbd20 .functor BUFZ 1, L_0x55557b6e9670, C4<0>, C4<0>, C4<0>;
L_0x55557b6dbe20 .functor BUFZ 1, v0x55557b653840_0, C4<0>, C4<0>, C4<0>;
L_0x55557b6d40f0 .functor BUFZ 1, L_0x55557b6e9770, C4<0>, C4<0>, C4<0>;
v0x55557b67c700_0 .net "va4102a", 0 0, L_0x55557b6e9670;  alias, 1 drivers
o0x7a68e79e9218 .functor BUFZ 1, C4<z>; HiZ drive
v0x55557b67c7e0_0 .net "va58c5b", 0 0, o0x7a68e79e9218;  0 drivers
v0x55557b67c340_0 .net "ve8318d", 0 0, L_0x55557b6dbe20;  alias, 1 drivers
v0x55557b67c3e0_0 .net "vf54559", 0 0, L_0x55557b6e9770;  alias, 1 drivers
v0x55557b67bf80_0 .net "w0", 0 0, L_0x55557b6dbd20;  1 drivers
v0x55557b67c070_0 .net "w1", 0 0, v0x55557b653840_0;  1 drivers
v0x55557b67cb50_0 .net "w3", 0 0, L_0x55557b6d40f0;  1 drivers
S_0x55557b653e30 .scope module, "vb8adf8" "v58ed2b_vb8adf8" 3 822, 3 835 0, S_0x55557b5f4490;
 .timescale -12 -12;
    .port_info 0 /INPUT 1 "clk";
    .port_info 1 /INPUT 1 "d";
    .port_info 2 /OUTPUT 1 "q";
P_0x55557b375630 .param/l "INI" 0 3 836, +C4<00000000000000000000000000000000>;
v0x55557b653ad0_0 .net "clk", 0 0, L_0x55557b6dbd20;  alias, 1 drivers
v0x55557b653bb0_0 .net "d", 0 0, L_0x55557b6d40f0;  alias, 1 drivers
v0x55557b653770_0 .net "q", 0 0, v0x55557b653840_0;  alias, 1 drivers
v0x55557b653840_0 .var "qi", 0 0;
E_0x55557b5f5a60 .event posedge, v0x55557b653ad0_0;
S_0x55557b67ab70 .scope module, "v21909c" "v873425" 3 772, 3 937 0, S_0x55557b6498a0;
 .timescale -12 -12;
    .port_info 0 /INPUT 1 "v0e28cb";
    .port_info 1 /INPUT 1 "v3ca442";
    .port_info 2 /OUTPUT 1 "vcbab45";
L_0x55557b6ff640 .functor BUFZ 1, RS_0x7a68e79e95a8, C4<0>, C4<0>, C4<0>;
L_0x55557b6ff6f0 .functor BUFZ 1, L_0x55557b6cfd00, C4<0>, C4<0>, C4<0>;
L_0x55557b6ff7d0 .functor BUFZ 1, L_0x55557b6ff8f0, C4<0>, C4<0>, C4<0>;
v0x55557b682af0_0 .net8 "v0e28cb", 0 0, RS_0x7a68e79e95a8;  alias, 3 drivers
v0x55557b682bb0_0 .net "v3ca442", 0 0, L_0x55557b6cfd00;  alias, 1 drivers
v0x55557b696970_0 .net "vcbab45", 0 0, L_0x55557b6ff7d0;  alias, 1 drivers
v0x55557b696a40_0 .net "w0", 0 0, L_0x55557b6ff640;  1 drivers
v0x55557b694580_0 .net "w1", 0 0, L_0x55557b6ff6f0;  1 drivers
v0x55557b694670_0 .net "w2", 0 0, L_0x55557b6ff8f0;  1 drivers
S_0x55557b6826a0 .scope module, "vf4938a" "v873425_vf4938a" 3 948, 3 961 0, S_0x55557b67ab70;
 .timescale -12 -12;
    .port_info 0 /INPUT 1 "a";
    .port_info 1 /INPUT 1 "b";
    .port_info 2 /OUTPUT 1 "c";
L_0x55557b6ff8f0 .functor OR 1, L_0x55557b6ff640, L_0x55557b6ff6f0, C4<0>, C4<0>;
v0x55557b6822e0_0 .net "a", 0 0, L_0x55557b6ff640;  alias, 1 drivers
v0x55557b6823c0_0 .net "b", 0 0, L_0x55557b6ff6f0;  alias, 1 drivers
v0x55557b681f20_0 .net "c", 0 0, L_0x55557b6ff8f0;  alias, 1 drivers
S_0x55557b6941c0 .scope module, "v23bc84" "v5acce8" 3 591, 3 781 0, S_0x55557b6498a0;
 .timescale -12 -12;
    .port_info 0 /INPUT 1 "v55dfde";
    .port_info 1 /INPUT 1 "vfea254";
    .port_info 2 /OUTPUT 1 "v9ed4fe";
L_0x55557b6e0bf0 .functor BUFZ 1, L_0x55557b6f3610, C4<0>, C4<0>, C4<0>;
L_0x55557b6e1710 .functor BUFZ 1, L_0x55557b6ff7d0, C4<0>, C4<0>, C4<0>;
L_0x55557b6e17a0 .functor BUFZ 1, L_0x55557b6e2dc0, C4<0>, C4<0>, C4<0>;
v0x55557b6806c0_0 .net "v55dfde", 0 0, L_0x55557b6ff7d0;  alias, 1 drivers
v0x55557b680780_0 .net "v9ed4fe", 0 0, L_0x55557b6e17a0;  alias, 1 drivers
v0x55557b680300_0 .net "vfea254", 0 0, L_0x55557b6f3610;  alias, 1 drivers
v0x55557b6803d0_0 .net "w0", 0 0, L_0x55557b6e0bf0;  1 drivers
v0x55557b67ff40_0 .net "w1", 0 0, L_0x55557b6e1710;  1 drivers
v0x55557b680030_0 .net "w2", 0 0, L_0x55557b6e2dc0;  1 drivers
S_0x55557b693e00 .scope module, "v06c055" "v58ed2b" 3 792, 3 805 0, S_0x55557b6941c0;
 .timescale -12 -12;
    .port_info 0 /INPUT 1 "va4102a";
    .port_info 1 /INPUT 1 "vf54559";
    .port_info 2 /OUTPUT 1 "va58c5b";
    .port_info 3 /OUTPUT 1 "ve8318d";
P_0x55557b6542a0 .param/l "p2" 1 3 813, +C4<00000000000000000000000000000000>;
P_0x55557b6542e0 .param/l "v71e305" 0 3 806, +C4<00000000000000000000000000000000>;
L_0x55557b6e1830 .functor BUFZ 1, L_0x55557b6e0bf0, C4<0>, C4<0>, C4<0>;
L_0x55557b6e2dc0 .functor BUFZ 1, v0x55557b670ce0_0, C4<0>, C4<0>, C4<0>;
L_0x55557b6e2e50 .functor BUFZ 1, L_0x55557b6e1710, C4<0>, C4<0>, C4<0>;
v0x55557b6727a0_0 .net "va4102a", 0 0, L_0x55557b6e0bf0;  alias, 1 drivers
o0x7a68e79e9848 .functor BUFZ 1, C4<z>; HiZ drive
v0x55557b672860_0 .net "va58c5b", 0 0, o0x7a68e79e9848;  0 drivers
v0x55557b6723e0_0 .net "ve8318d", 0 0, L_0x55557b6e2dc0;  alias, 1 drivers
v0x55557b6724b0_0 .net "vf54559", 0 0, L_0x55557b6e1710;  alias, 1 drivers
v0x55557b672020_0 .net "w0", 0 0, L_0x55557b6e1830;  1 drivers
v0x55557b672110_0 .net "w1", 0 0, v0x55557b670ce0_0;  1 drivers
v0x55557b672bf0_0 .net "w3", 0 0, L_0x55557b6e2e50;  1 drivers
S_0x55557b6707c0 .scope module, "vb8adf8" "v58ed2b_vb8adf8" 3 822, 3 835 0, S_0x55557b693e00;
 .timescale -12 -12;
    .port_info 0 /INPUT 1 "clk";
    .port_info 1 /INPUT 1 "d";
    .port_info 2 /OUTPUT 1 "q";
P_0x55557b378c50 .param/l "INI" 0 3 836, +C4<00000000000000000000000000000000>;
v0x55557b670040_0 .net "clk", 0 0, L_0x55557b6e1830;  alias, 1 drivers
v0x55557b670120_0 .net "d", 0 0, L_0x55557b6e2e50;  alias, 1 drivers
v0x55557b670c10_0 .net "q", 0 0, v0x55557b670ce0_0;  alias, 1 drivers
v0x55557b670ce0_0 .var "qi", 0 0;
E_0x55557b670520 .event posedge, v0x55557b670040_0;
S_0x55557b680b10 .scope module, "v2568f1" "v5acce8" 3 742, 3 781 0, S_0x55557b6498a0;
 .timescale -12 -12;
    .port_info 0 /INPUT 1 "v55dfde";
    .port_info 1 /INPUT 1 "vfea254";
    .port_info 2 /OUTPUT 1 "v9ed4fe";
L_0x55557b6fd730 .functor BUFZ 1, RS_0x7a68e79e9db8, C4<0>, C4<0>, C4<0>;
L_0x55557b6fd830 .functor BUFZ 1, L_0x55557b6fd350, C4<0>, C4<0>, C4<0>;
L_0x55557b6fd9a0 .functor BUFZ 1, L_0x55557b6fdb30, C4<0>, C4<0>, C4<0>;
v0x55557b6921e0_0 .net "v55dfde", 0 0, L_0x55557b6fd350;  alias, 1 drivers
v0x55557b6922c0_0 .net "v9ed4fe", 0 0, L_0x55557b6fd9a0;  alias, 1 drivers
v0x55557b691e20_0 .net8 "vfea254", 0 0, RS_0x7a68e79e9db8;  alias, 29 drivers
v0x55557b691ec0_0 .net "w0", 0 0, L_0x55557b6fd730;  1 drivers
v0x55557b6929f0_0 .net "w1", 0 0, L_0x55557b6fd830;  1 drivers
v0x55557b692ae0_0 .net "w2", 0 0, L_0x55557b6fdb30;  1 drivers
S_0x55557b66a9d0 .scope module, "v06c055" "v58ed2b" 3 792, 3 805 0, S_0x55557b680b10;
 .timescale -12 -12;
    .port_info 0 /INPUT 1 "va4102a";
    .port_info 1 /INPUT 1 "vf54559";
    .port_info 2 /OUTPUT 1 "va58c5b";
    .port_info 3 /OUTPUT 1 "ve8318d";
P_0x55557b670400 .param/l "p2" 1 3 813, +C4<00000000000000000000000000000000>;
P_0x55557b670440 .param/l "v71e305" 0 3 806, +C4<00000000000000000000000000000000>;
L_0x55557b6fda30 .functor BUFZ 1, L_0x55557b6fd730, C4<0>, C4<0>, C4<0>;
L_0x55557b6fdb30 .functor BUFZ 1, v0x55557b659820_0, C4<0>, C4<0>, C4<0>;
L_0x55557b6fdc10 .functor BUFZ 1, L_0x55557b6fd830, C4<0>, C4<0>, C4<0>;
v0x55557b6593c0_0 .net "va4102a", 0 0, L_0x55557b6fd730;  alias, 1 drivers
o0x7a68e79e9c08 .functor BUFZ 1, C4<z>; HiZ drive
v0x55557b6594a0_0 .net "va58c5b", 0 0, o0x7a68e79e9c08;  0 drivers
v0x55557b659000_0 .net "ve8318d", 0 0, L_0x55557b6fdb30;  alias, 1 drivers
v0x55557b6590a0_0 .net "vf54559", 0 0, L_0x55557b6fd830;  alias, 1 drivers
v0x55557b659bd0_0 .net "w0", 0 0, L_0x55557b6fda30;  1 drivers
v0x55557b659cc0_0 .net "w1", 0 0, v0x55557b659820_0;  1 drivers
v0x55557b6925a0_0 .net "w3", 0 0, L_0x55557b6fdc10;  1 drivers
S_0x55557b66a250 .scope module, "vb8adf8" "v58ed2b_vb8adf8" 3 822, 3 835 0, S_0x55557b66a9d0;
 .timescale -12 -12;
    .port_info 0 /INPUT 1 "clk";
    .port_info 1 /INPUT 1 "d";
    .port_info 2 /OUTPUT 1 "q";
P_0x55557b36c810 .param/l "INI" 0 3 836, +C4<00000000000000000000000000000000>;
v0x55557b66ae20_0 .net "clk", 0 0, L_0x55557b6fda30;  alias, 1 drivers
v0x55557b66af00_0 .net "d", 0 0, L_0x55557b6fdc10;  alias, 1 drivers
v0x55557b659780_0 .net "q", 0 0, v0x55557b659820_0;  alias, 1 drivers
v0x55557b659820_0 .var "qi", 0 0;
E_0x55557b36cee0 .event posedge, v0x55557b66ae20_0;
S_0x55557b661730 .scope module, "v2810d7" "v5acce8" 3 611, 3 781 0, S_0x55557b6498a0;
 .timescale -12 -12;
    .port_info 0 /INPUT 1 "v55dfde";
    .port_info 1 /INPUT 1 "vfea254";
    .port_info 2 /OUTPUT 1 "v9ed4fe";
L_0x55557b6d4280 .functor BUFZ 1, RS_0x7a68e79ea178, C4<0>, C4<0>, C4<0>;
L_0x55557b6e9180 .functor BUFZ 1, L_0x55557b6dbc90, C4<0>, C4<0>, C4<0>;
L_0x55557b6e9260 .functor BUFZ 1, L_0x55557b6dd750, C4<0>, C4<0>, C4<0>;
v0x55557b68de60_0 .net "v55dfde", 0 0, L_0x55557b6dbc90;  alias, 1 drivers
v0x55557b68df20_0 .net "v9ed4fe", 0 0, L_0x55557b6e9260;  alias, 1 drivers
v0x55557b68ea30_0 .net8 "vfea254", 0 0, RS_0x7a68e79ea178;  alias, 4 drivers
v0x55557b68eb00_0 .net "w0", 0 0, L_0x55557b6d4280;  1 drivers
v0x55557b674780_0 .net "w1", 0 0, L_0x55557b6e9180;  1 drivers
v0x55557b674870_0 .net "w2", 0 0, L_0x55557b6dd750;  1 drivers
S_0x55557b661370 .scope module, "v06c055" "v58ed2b" 3 792, 3 805 0, S_0x55557b661730;
 .timescale -12 -12;
    .port_info 0 /INPUT 1 "va4102a";
    .port_info 1 /INPUT 1 "vf54559";
    .port_info 2 /OUTPUT 1 "va58c5b";
    .port_info 3 /OUTPUT 1 "ve8318d";
P_0x55557b66a6f0 .param/l "p2" 1 3 813, +C4<00000000000000000000000000000000>;
P_0x55557b66a730 .param/l "v71e305" 0 3 806, +C4<00000000000000000000000000000000>;
L_0x55557b6e92f0 .functor BUFZ 1, L_0x55557b6d4280, C4<0>, C4<0>, C4<0>;
L_0x55557b6dd750 .functor BUFZ 1, v0x55557b68c2e0_0, C4<0>, C4<0>, C4<0>;
L_0x55557b6dd810 .functor BUFZ 1, L_0x55557b6e9180, C4<0>, C4<0>, C4<0>;
v0x55557b68be80_0 .net "va4102a", 0 0, L_0x55557b6d4280;  alias, 1 drivers
o0x7a68e79e9ff8 .functor BUFZ 1, C4<z>; HiZ drive
v0x55557b68bf60_0 .net "va58c5b", 0 0, o0x7a68e79e9ff8;  0 drivers
v0x55557b68ca50_0 .net "ve8318d", 0 0, L_0x55557b6dd750;  alias, 1 drivers
v0x55557b68caf0_0 .net "vf54559", 0 0, L_0x55557b6e9180;  alias, 1 drivers
v0x55557b68e5e0_0 .net "w0", 0 0, L_0x55557b6e92f0;  1 drivers
v0x55557b68e6d0_0 .net "w1", 0 0, v0x55557b68c2e0_0;  1 drivers
v0x55557b68e220_0 .net "w3", 0 0, L_0x55557b6dd810;  1 drivers
S_0x55557b661b80 .scope module, "vb8adf8" "v58ed2b_vb8adf8" 3 822, 3 835 0, S_0x55557b661370;
 .timescale -12 -12;
    .port_info 0 /INPUT 1 "clk";
    .port_info 1 /INPUT 1 "d";
    .port_info 2 /OUTPUT 1 "q";
P_0x55557b2d0520 .param/l "INI" 0 3 836, +C4<00000000000000000000000000000000>;
v0x55557b68c600_0 .net "clk", 0 0, L_0x55557b6e92f0;  alias, 1 drivers
v0x55557b68c6e0_0 .net "d", 0 0, L_0x55557b6dd810;  alias, 1 drivers
v0x55557b68c240_0 .net "q", 0 0, v0x55557b68c2e0_0;  alias, 1 drivers
v0x55557b68c2e0_0 .var "qi", 0 0;
E_0x55557b2cff30 .event posedge, v0x55557b68c600_0;
S_0x55557b6743c0 .scope module, "v29af5d" "v6a5074" 3 633, 3 856 0, S_0x55557b6498a0;
 .timescale -12 -12;
    .port_info 0 /INPUT 1 "v0daa9e";
    .port_info 1 /OUTPUT 1 "v2efea4";
P_0x55557b661090 .param/l "p2" 1 3 862, +C4<00000000000000000000000000000101>;
P_0x55557b6610d0 .param/l "v100e1b" 0 3 857, +C4<00000000000000000000000000000101>;
L_0x55557b6f3610 .functor BUFZ 1, L_0x55557b6d0c60, C4<0>, C4<0>, C4<0>;
L_0x55557b6f3710 .functor BUFZ 1, L_0x55557b6cfc40, C4<0>, C4<0>, C4<0>;
v0x55557b689ea0_0 .net "v0daa9e", 0 0, L_0x55557b6cfc40;  alias, 1 drivers
v0x55557b689f60_0 .net "v2efea4", 0 0, L_0x55557b6f3610;  alias, 1 drivers
v0x55557b68aa70_0 .net "w0", 0 0, L_0x55557b6d0c60;  1 drivers
v0x55557b68ab70_0 .net "w1", 0 0, L_0x55557b6f3710;  1 drivers
S_0x55557b674bd0 .scope module, "vac7386" "v6a5074_vac7386" 3 869, 3 881 0, S_0x55557b6743c0;
 .timescale -12 -12;
    .port_info 0 /INPUT 1 "clk_in";
    .port_info 1 /OUTPUT 1 "clk_out";
P_0x55557b2cec40 .param/l "N" 0 3 882, +C4<00000000000000000000000000000101>;
v0x55557b68a620_0 .net "clk_in", 0 0, L_0x55557b6f3710;  alias, 1 drivers
v0x55557b68a700_0 .net "clk_out", 0 0, L_0x55557b6d0c60;  alias, 1 drivers
v0x55557b68a260_0 .var "divcounter", 4 0;
E_0x55557b2cf560 .event posedge, v0x55557b68a620_0;
L_0x55557b6d0c60 .part v0x55557b68a260_0, 4, 1;
S_0x55557b665f80 .scope module, "v2c8552" "v5acce8" 3 657, 3 781 0, S_0x55557b6498a0;
 .timescale -12 -12;
    .port_info 0 /INPUT 1 "v55dfde";
    .port_info 1 /INPUT 1 "vfea254";
    .port_info 2 /OUTPUT 1 "v9ed4fe";
L_0x55557b6f6b60 .functor BUFZ 1, RS_0x7a68e79ea6e8, C4<0>, C4<0>, C4<0>;
L_0x55557b6f6c60 .functor BUFZ 1, L_0x55557b6f6780, C4<0>, C4<0>, C4<0>;
L_0x55557b6f6dd0 .functor BUFZ 1, L_0x55557b6f6f60, C4<0>, C4<0>, C4<0>;
v0x55557b697a50_0 .net "v55dfde", 0 0, L_0x55557b6f6780;  alias, 1 drivers
v0x55557b65f750_0 .net "v9ed4fe", 0 0, L_0x55557b6f6dd0;  alias, 1 drivers
v0x55557b65f810_0 .net8 "vfea254", 0 0, RS_0x7a68e79ea6e8;  alias, 12 drivers
v0x55557b65f390_0 .net "w0", 0 0, L_0x55557b6f6b60;  1 drivers
v0x55557b65f460_0 .net "w1", 0 0, L_0x55557b6f6c60;  1 drivers
v0x55557b65efd0_0 .net "w2", 0 0, L_0x55557b6f6f60;  1 drivers
S_0x55557b666b30 .scope module, "v06c055" "v58ed2b" 3 792, 3 805 0, S_0x55557b665f80;
 .timescale -12 -12;
    .port_info 0 /INPUT 1 "va4102a";
    .port_info 1 /INPUT 1 "vf54559";
    .port_info 2 /OUTPUT 1 "va58c5b";
    .port_info 3 /OUTPUT 1 "ve8318d";
P_0x55557b674000 .param/l "p2" 1 3 813, +C4<00000000000000000000000000000000>;
P_0x55557b674040 .param/l "v71e305" 0 3 806, +C4<00000000000000000000000000000000>;
L_0x55557b6f6e60 .functor BUFZ 1, L_0x55557b6f6b60, C4<0>, C4<0>, C4<0>;
L_0x55557b6f6f60 .functor BUFZ 1, v0x55557b67e780_0, C4<0>, C4<0>, C4<0>;
L_0x55557b6f7040 .functor BUFZ 1, L_0x55557b6f6c60, C4<0>, C4<0>, C4<0>;
v0x55557b67e320_0 .net "va4102a", 0 0, L_0x55557b6f6b60;  alias, 1 drivers
o0x7a68e79ea538 .functor BUFZ 1, C4<z>; HiZ drive
v0x55557b67e3e0_0 .net "va58c5b", 0 0, o0x7a68e79ea538;  0 drivers
v0x55557b67df60_0 .net "ve8318d", 0 0, L_0x55557b6f6f60;  alias, 1 drivers
v0x55557b67e000_0 .net "vf54559", 0 0, L_0x55557b6f6c60;  alias, 1 drivers
v0x55557b67eb30_0 .net "w0", 0 0, L_0x55557b6f6e60;  1 drivers
v0x55557b67ec20_0 .net "w1", 0 0, v0x55557b67e780_0;  1 drivers
v0x55557b697960_0 .net "w3", 0 0, L_0x55557b6f7040;  1 drivers
S_0x55557b6663b0 .scope module, "vb8adf8" "v58ed2b_vb8adf8" 3 822, 3 835 0, S_0x55557b666b30;
 .timescale -12 -12;
    .port_info 0 /INPUT 1 "clk";
    .port_info 1 /INPUT 1 "d";
    .port_info 2 /OUTPUT 1 "q";
P_0x55557b384d30 .param/l "INI" 0 3 836, +C4<00000000000000000000000000000000>;
v0x55557b666f80_0 .net "clk", 0 0, L_0x55557b6f6e60;  alias, 1 drivers
v0x55557b667060_0 .net "d", 0 0, L_0x55557b6f7040;  alias, 1 drivers
v0x55557b67e6e0_0 .net "q", 0 0, v0x55557b67e780_0;  alias, 1 drivers
v0x55557b67e780_0 .var "qi", 0 0;
E_0x55557b2dde70 .event posedge, v0x55557b666f80_0;
S_0x55557b65fba0 .scope module, "v2cc132" "v18c17a" 3 757, 3 901 0, S_0x55557b6498a0;
 .timescale -12 -12;
    .port_info 0 /INPUT 1 "v0e28cb";
    .port_info 1 /INPUT 1 "v3ca442";
    .port_info 2 /OUTPUT 1 "vcbab45";
L_0x55557b6fea20 .functor BUFZ 1, RS_0x7a68e79ea8c8, C4<0>, C4<0>, C4<0>;
L_0x55557b6feb20 .functor BUFZ 1, L_0x55557b6e34c0, C4<0>, C4<0>, C4<0>;
L_0x55557b6fec90 .functor BUFZ 1, L_0x55557b6fedb0, C4<0>, C4<0>, C4<0>;
v0x55557b66c1a0_0 .net8 "v0e28cb", 0 0, RS_0x7a68e79ea8c8;  alias, 2 drivers
v0x55557b66c240_0 .net "v3ca442", 0 0, L_0x55557b6e34c0;  alias, 1 drivers
v0x55557b66cd70_0 .net "vcbab45", 0 0, L_0x55557b6fec90;  alias, 1 drivers
v0x55557b66ce40_0 .net "w0", 0 0, L_0x55557b6fea20;  1 drivers
v0x55557b657830_0 .net "w1", 0 0, L_0x55557b6feb20;  1 drivers
v0x55557b657920_0 .net "w2", 0 0, L_0x55557b6fedb0;  1 drivers
S_0x55557b66c920 .scope module, "vf4938a" "v18c17a_vf4938a" 3 912, 3 925 0, S_0x55557b65fba0;
 .timescale -12 -12;
    .port_info 0 /INPUT 1 "a";
    .port_info 1 /INPUT 1 "b";
    .port_info 2 /OUTPUT 1 "c";
L_0x55557b6fedb0 .functor XOR 1, L_0x55557b6fea20, L_0x55557b6feb20, C4<0>, C4<0>;
v0x55557b65f090_0 .net "a", 0 0, L_0x55557b6fea20;  alias, 1 drivers
v0x55557b66c560_0 .net "b", 0 0, L_0x55557b6feb20;  alias, 1 drivers
v0x55557b66c600_0 .net "c", 0 0, L_0x55557b6fedb0;  alias, 1 drivers
S_0x55557b657470 .scope module, "v39a5d2" "v5acce8" 3 642, 3 781 0, S_0x55557b6498a0;
 .timescale -12 -12;
    .port_info 0 /INPUT 1 "v55dfde";
    .port_info 1 /INPUT 1 "vfea254";
    .port_info 2 /OUTPUT 1 "v9ed4fe";
L_0x55557b6f4130 .functor BUFZ 1, RS_0x7a68e79ead18, C4<0>, C4<0>, C4<0>;
L_0x55557b6f4230 .functor BUFZ 1, L_0x55557b6f3d50, C4<0>, C4<0>, C4<0>;
L_0x55557b6f4310 .functor BUFZ 1, L_0x55557b6f44a0, C4<0>, C4<0>, C4<0>;
v0x55557b663740_0 .net "v55dfde", 0 0, L_0x55557b6f3d50;  alias, 1 drivers
v0x55557b663820_0 .net "v9ed4fe", 0 0, L_0x55557b6f4310;  alias, 1 drivers
v0x55557b663380_0 .net8 "vfea254", 0 0, RS_0x7a68e79ead18;  alias, 9 drivers
v0x55557b663420_0 .net "w0", 0 0, L_0x55557b6f4130;  1 drivers
v0x55557b662fc0_0 .net "w1", 0 0, L_0x55557b6f4230;  1 drivers
v0x55557b6630b0_0 .net "w2", 0 0, L_0x55557b6f44a0;  1 drivers
S_0x55557b6570b0 .scope module, "v06c055" "v58ed2b" 3 792, 3 805 0, S_0x55557b657470;
 .timescale -12 -12;
    .port_info 0 /INPUT 1 "va4102a";
    .port_info 1 /INPUT 1 "vf54559";
    .port_info 2 /OUTPUT 1 "va58c5b";
    .port_info 3 /OUTPUT 1 "ve8318d";
P_0x55557b657c80 .param/l "p2" 1 3 813, +C4<00000000000000000000000000000000>;
P_0x55557b657cc0 .param/l "v71e305" 0 3 806, +C4<00000000000000000000000000000000>;
L_0x55557b6f43a0 .functor BUFZ 1, L_0x55557b6f4130, C4<0>, C4<0>, C4<0>;
L_0x55557b6f44a0 .functor BUFZ 1, v0x55557b686b80_0, C4<0>, C4<0>, C4<0>;
L_0x55557b6f4580 .functor BUFZ 1, L_0x55557b6f4230, C4<0>, C4<0>, C4<0>;
v0x55557b676760_0 .net "va4102a", 0 0, L_0x55557b6f4130;  alias, 1 drivers
o0x7a68e79eab68 .functor BUFZ 1, C4<z>; HiZ drive
v0x55557b676820_0 .net "va58c5b", 0 0, o0x7a68e79eab68;  0 drivers
v0x55557b6763a0_0 .net "ve8318d", 0 0, L_0x55557b6f44a0;  alias, 1 drivers
v0x55557b676470_0 .net "vf54559", 0 0, L_0x55557b6f4230;  alias, 1 drivers
v0x55557b675fe0_0 .net "w0", 0 0, L_0x55557b6f43a0;  1 drivers
v0x55557b6760d0_0 .net "w1", 0 0, v0x55557b686b80_0;  1 drivers
v0x55557b676bb0_0 .net "w3", 0 0, L_0x55557b6f4580;  1 drivers
S_0x55557b686660 .scope module, "vb8adf8" "v58ed2b_vb8adf8" 3 822, 3 835 0, S_0x55557b6570b0;
 .timescale -12 -12;
    .port_info 0 /INPUT 1 "clk";
    .port_info 1 /INPUT 1 "d";
    .port_info 2 /OUTPUT 1 "q";
P_0x55557b2eded0 .param/l "INI" 0 3 836, +C4<00000000000000000000000000000000>;
v0x55557b685ee0_0 .net "clk", 0 0, L_0x55557b6f43a0;  alias, 1 drivers
v0x55557b685fc0_0 .net "d", 0 0, L_0x55557b6f4580;  alias, 1 drivers
v0x55557b686ab0_0 .net "q", 0 0, v0x55557b686b80_0;  alias, 1 drivers
v0x55557b686b80_0 .var "qi", 0 0;
E_0x55557b6863c0 .event posedge, v0x55557b685ee0_0;
S_0x55557b663b90 .scope module, "v3a6c23" "v5acce8" 3 722, 3 781 0, S_0x55557b6498a0;
 .timescale -12 -12;
    .port_info 0 /INPUT 1 "v55dfde";
    .port_info 1 /INPUT 1 "vfea254";
    .port_info 2 /OUTPUT 1 "v9ed4fe";
L_0x55557b6fbdd0 .functor BUFZ 1, RS_0x7a68e79eb108, C4<0>, C4<0>, C4<0>;
L_0x55557b6fbed0 .functor BUFZ 1, L_0x55557b6fb9d0, C4<0>, C4<0>, C4<0>;
L_0x55557b6fc040 .functor BUFZ 1, L_0x55557b6fc1d0, C4<0>, C4<0>, C4<0>;
v0x55557b668300_0 .net "v55dfde", 0 0, L_0x55557b6fb9d0;  alias, 1 drivers
v0x55557b6683e0_0 .net "v9ed4fe", 0 0, L_0x55557b6fc040;  alias, 1 drivers
v0x55557b668ed0_0 .net8 "vfea254", 0 0, RS_0x7a68e79eb108;  alias, 25 drivers
v0x55557b668f70_0 .net "w0", 0 0, L_0x55557b6fbdd0;  1 drivers
v0x55557b66e870_0 .net "w1", 0 0, L_0x55557b6fbed0;  1 drivers
v0x55557b66e960_0 .net "w2", 0 0, L_0x55557b6fc1d0;  1 drivers
S_0x55557b678740 .scope module, "v06c055" "v58ed2b" 3 792, 3 805 0, S_0x55557b663b90;
 .timescale -12 -12;
    .port_info 0 /INPUT 1 "va4102a";
    .port_info 1 /INPUT 1 "vf54559";
    .port_info 2 /OUTPUT 1 "va58c5b";
    .port_info 3 /OUTPUT 1 "ve8318d";
P_0x55557b6862a0 .param/l "p2" 1 3 813, +C4<00000000000000000000000000000000>;
P_0x55557b6862e0 .param/l "v71e305" 0 3 806, +C4<00000000000000000000000000000000>;
L_0x55557b6fc0d0 .functor BUFZ 1, L_0x55557b6fbdd0, C4<0>, C4<0>, C4<0>;
L_0x55557b6fc1d0 .functor BUFZ 1, v0x55557b688350_0, C4<0>, C4<0>, C4<0>;
L_0x55557b6fc2b0 .functor BUFZ 1, L_0x55557b6fbed0, C4<0>, C4<0>, C4<0>;
v0x55557b687ec0_0 .net "va4102a", 0 0, L_0x55557b6fbdd0;  alias, 1 drivers
o0x7a68e79eaf58 .functor BUFZ 1, C4<z>; HiZ drive
v0x55557b687f80_0 .net "va58c5b", 0 0, o0x7a68e79eaf58;  0 drivers
v0x55557b688a90_0 .net "ve8318d", 0 0, L_0x55557b6fc1d0;  alias, 1 drivers
v0x55557b688b60_0 .net "vf54559", 0 0, L_0x55557b6fbed0;  alias, 1 drivers
v0x55557b668a80_0 .net "w0", 0 0, L_0x55557b6fc0d0;  1 drivers
v0x55557b668b70_0 .net "w1", 0 0, v0x55557b688350_0;  1 drivers
v0x55557b6686c0_0 .net "w3", 0 0, L_0x55557b6fc2b0;  1 drivers
S_0x55557b677fc0 .scope module, "vb8adf8" "v58ed2b_vb8adf8" 3 822, 3 835 0, S_0x55557b678740;
 .timescale -12 -12;
    .port_info 0 /INPUT 1 "clk";
    .port_info 1 /INPUT 1 "d";
    .port_info 2 /OUTPUT 1 "q";
P_0x55557b2efc20 .param/l "INI" 0 3 836, +C4<00000000000000000000000000000000>;
v0x55557b688640_0 .net "clk", 0 0, L_0x55557b6fc0d0;  alias, 1 drivers
v0x55557b688720_0 .net "d", 0 0, L_0x55557b6fc2b0;  alias, 1 drivers
v0x55557b688280_0 .net "q", 0 0, v0x55557b688350_0;  alias, 1 drivers
v0x55557b688350_0 .var "qi", 0 0;
E_0x55557b678cb0 .event posedge, v0x55557b688640_0;
S_0x55557b66e4b0 .scope module, "v448154" "v5acce8" 3 682, 3 781 0, S_0x55557b6498a0;
 .timescale -12 -12;
    .port_info 0 /INPUT 1 "v55dfde";
    .port_info 1 /INPUT 1 "vfea254";
    .port_info 2 /OUTPUT 1 "v9ed4fe";
L_0x55557b6f8b10 .functor BUFZ 1, RS_0x7a68e79eb4f8, C4<0>, C4<0>, C4<0>;
L_0x55557b6f8c10 .functor BUFZ 1, L_0x55557b6f8710, C4<0>, C4<0>, C4<0>;
L_0x55557b6f8d80 .functor BUFZ 1, L_0x55557b6f8f10, C4<0>, C4<0>, C4<0>;
v0x55557b690a10_0 .net "v55dfde", 0 0, L_0x55557b6f8710;  alias, 1 drivers
v0x55557b690af0_0 .net "v9ed4fe", 0 0, L_0x55557b6f8d80;  alias, 1 drivers
v0x55557b654d00_0 .net8 "vfea254", 0 0, RS_0x7a68e79eb4f8;  alias, 17 drivers
v0x55557b654da0_0 .net "w0", 0 0, L_0x55557b6f8b10;  1 drivers
v0x55557b654940_0 .net "w1", 0 0, L_0x55557b6f8c10;  1 drivers
v0x55557b654a30_0 .net "w2", 0 0, L_0x55557b6f8f10;  1 drivers
S_0x55557b66e0f0 .scope module, "v06c055" "v58ed2b" 3 792, 3 805 0, S_0x55557b66e4b0;
 .timescale -12 -12;
    .port_info 0 /INPUT 1 "va4102a";
    .port_info 1 /INPUT 1 "vf54559";
    .port_info 2 /OUTPUT 1 "va58c5b";
    .port_info 3 /OUTPUT 1 "ve8318d";
P_0x55557b678b90 .param/l "p2" 1 3 813, +C4<00000000000000000000000000000000>;
P_0x55557b678bd0 .param/l "v71e305" 0 3 806, +C4<00000000000000000000000000000000>;
L_0x55557b6f8e10 .functor BUFZ 1, L_0x55557b6f8b10, C4<0>, C4<0>, C4<0>;
L_0x55557b6f8f10 .functor BUFZ 1, v0x55557b65d0c0_0, C4<0>, C4<0>, C4<0>;
L_0x55557b6f8ff0 .functor BUFZ 1, L_0x55557b6f8c10, C4<0>, C4<0>, C4<0>;
v0x55557b65dbc0_0 .net "va4102a", 0 0, L_0x55557b6f8b10;  alias, 1 drivers
o0x7a68e79eb348 .functor BUFZ 1, C4<z>; HiZ drive
v0x55557b65dc80_0 .net "va58c5b", 0 0, o0x7a68e79eb348;  0 drivers
v0x55557b6905c0_0 .net "ve8318d", 0 0, L_0x55557b6f8f10;  alias, 1 drivers
v0x55557b690690_0 .net "vf54559", 0 0, L_0x55557b6f8c10;  alias, 1 drivers
v0x55557b690200_0 .net "w0", 0 0, L_0x55557b6f8e10;  1 drivers
v0x55557b6902f0_0 .net "w1", 0 0, v0x55557b65d0c0_0;  1 drivers
v0x55557b68fe40_0 .net "w3", 0 0, L_0x55557b6f8ff0;  1 drivers
S_0x55557b6650e0 .scope module, "vb8adf8" "v58ed2b_vb8adf8" 3 822, 3 835 0, S_0x55557b66e0f0;
 .timescale -12 -12;
    .port_info 0 /INPUT 1 "clk";
    .port_info 1 /INPUT 1 "d";
    .port_info 2 /OUTPUT 1 "q";
P_0x55557b2f1320 .param/l "INI" 0 3 836, +C4<00000000000000000000000000000000>;
v0x55557b65d3b0_0 .net "clk", 0 0, L_0x55557b6f8e10;  alias, 1 drivers
v0x55557b65d490_0 .net "d", 0 0, L_0x55557b6f8ff0;  alias, 1 drivers
v0x55557b65cff0_0 .net "q", 0 0, v0x55557b65d0c0_0;  alias, 1 drivers
v0x55557b65d0c0_0 .var "qi", 0 0;
E_0x55557b65d890 .event posedge, v0x55557b65d3b0_0;
S_0x55557b6558b0 .scope module, "v4de349" "v5acce8" 3 626, 3 781 0, S_0x55557b6498a0;
 .timescale -12 -12;
    .port_info 0 /INPUT 1 "v55dfde";
    .port_info 1 /INPUT 1 "vfea254";
    .port_info 2 /OUTPUT 1 "v9ed4fe";
L_0x55557b6f0ff0 .functor BUFZ 1, RS_0x7a68e79eb8e8, C4<0>, C4<0>, C4<0>;
L_0x55557b6f2110 .functor BUFZ 1, L_0x55557b6ff470, C4<0>, C4<0>, C4<0>;
L_0x55557b6f21d0 .functor BUFZ 1, L_0x55557b6f23b0, C4<0>, C4<0>, C4<0>;
v0x55557b683f00_0 .net "v55dfde", 0 0, L_0x55557b6ff470;  alias, 1 drivers
v0x55557b683fe0_0 .net "v9ed4fe", 0 0, L_0x55557b6f21d0;  alias, 1 drivers
v0x55557b684ad0_0 .net8 "vfea254", 0 0, RS_0x7a68e79eb8e8;  alias, 7 drivers
v0x55557b684b70_0 .net "w0", 0 0, L_0x55557b6f0ff0;  1 drivers
v0x55557b5d59a0_0 .net "w1", 0 0, L_0x55557b6f2110;  1 drivers
v0x55557b5d5a90_0 .net "w2", 0 0, L_0x55557b6f23b0;  1 drivers
S_0x55557b6554f0 .scope module, "v06c055" "v58ed2b" 3 792, 3 805 0, S_0x55557b6558b0;
 .timescale -12 -12;
    .port_info 0 /INPUT 1 "va4102a";
    .port_info 1 /INPUT 1 "vf54559";
    .port_info 2 /OUTPUT 1 "va58c5b";
    .port_info 3 /OUTPUT 1 "ve8318d";
P_0x55557b65d770 .param/l "p2" 1 3 813, +C4<00000000000000000000000000000000>;
P_0x55557b65d7b0 .param/l "v71e305" 0 3 806, +C4<00000000000000000000000000000000>;
L_0x55557b6f22b0 .functor BUFZ 1, L_0x55557b6f0ff0, C4<0>, C4<0>, C4<0>;
L_0x55557b6f23b0 .functor BUFZ 1, v0x55557b65b4a0_0, C4<0>, C4<0>, C4<0>;
L_0x55557b6f34a0 .functor BUFZ 1, L_0x55557b6f2110, C4<0>, C4<0>, C4<0>;
v0x55557b65b010_0 .net "va4102a", 0 0, L_0x55557b6f0ff0;  alias, 1 drivers
o0x7a68e79eb738 .functor BUFZ 1, C4<z>; HiZ drive
v0x55557b65b0d0_0 .net "va58c5b", 0 0, o0x7a68e79eb738;  0 drivers
v0x55557b65bbe0_0 .net "ve8318d", 0 0, L_0x55557b6f23b0;  alias, 1 drivers
v0x55557b65bcb0_0 .net "vf54559", 0 0, L_0x55557b6f2110;  alias, 1 drivers
v0x55557b684680_0 .net "w0", 0 0, L_0x55557b6f22b0;  1 drivers
v0x55557b684770_0 .net "w1", 0 0, v0x55557b65b4a0_0;  1 drivers
v0x55557b6842c0_0 .net "w3", 0 0, L_0x55557b6f34a0;  1 drivers
S_0x55557b655d00 .scope module, "vb8adf8" "v58ed2b_vb8adf8" 3 822, 3 835 0, S_0x55557b6554f0;
 .timescale -12 -12;
    .port_info 0 /INPUT 1 "clk";
    .port_info 1 /INPUT 1 "d";
    .port_info 2 /OUTPUT 1 "q";
P_0x55557b2f2f80 .param/l "INI" 0 3 836, +C4<00000000000000000000000000000000>;
v0x55557b65b790_0 .net "clk", 0 0, L_0x55557b6f22b0;  alias, 1 drivers
v0x55557b65b870_0 .net "d", 0 0, L_0x55557b6f34a0;  alias, 1 drivers
v0x55557b65b3d0_0 .net "q", 0 0, v0x55557b65b4a0_0;  alias, 1 drivers
v0x55557b65b4a0_0 .var "qi", 0 0;
E_0x55557b698a70 .event posedge, v0x55557b65b790_0;
S_0x55557b5d55b0 .scope module, "v561d22" "v5acce8" 3 677, 3 781 0, S_0x55557b6498a0;
 .timescale -12 -12;
    .port_info 0 /INPUT 1 "v55dfde";
    .port_info 1 /INPUT 1 "vfea254";
    .port_info 2 /OUTPUT 1 "v9ed4fe";
L_0x55557b6f84a0 .functor BUFZ 1, RS_0x7a68e79ebca8, C4<0>, C4<0>, C4<0>;
L_0x55557b6f85a0 .functor BUFZ 1, L_0x55557b6f80c0, C4<0>, C4<0>, C4<0>;
L_0x55557b6f8710 .functor BUFZ 1, L_0x55557b6f88a0, C4<0>, C4<0>, C4<0>;
v0x55557b58adc0_0 .net "v55dfde", 0 0, L_0x55557b6f80c0;  alias, 1 drivers
v0x55557b58aea0_0 .net "v9ed4fe", 0 0, L_0x55557b6f8710;  alias, 1 drivers
v0x55557b585140_0 .net8 "vfea254", 0 0, RS_0x7a68e79ebca8;  alias, 16 drivers
v0x55557b585210_0 .net "w0", 0 0, L_0x55557b6f84a0;  1 drivers
v0x55557b587de0_0 .net "w1", 0 0, L_0x55557b6f85a0;  1 drivers
v0x55557b587ed0_0 .net "w2", 0 0, L_0x55557b6f88a0;  1 drivers
S_0x55557b5c3b80 .scope module, "v06c055" "v58ed2b" 3 792, 3 805 0, S_0x55557b5d55b0;
 .timescale -12 -12;
    .port_info 0 /INPUT 1 "va4102a";
    .port_info 1 /INPUT 1 "vf54559";
    .port_info 2 /OUTPUT 1 "va58c5b";
    .port_info 3 /OUTPUT 1 "ve8318d";
P_0x55557b698950 .param/l "p2" 1 3 813, +C4<00000000000000000000000000000000>;
P_0x55557b698990 .param/l "v71e305" 0 3 806, +C4<00000000000000000000000000000000>;
L_0x55557b6f87a0 .functor BUFZ 1, L_0x55557b6f84a0, C4<0>, C4<0>, C4<0>;
L_0x55557b6f88a0 .functor BUFZ 1, v0x55557b5ac340_0, C4<0>, C4<0>, C4<0>;
L_0x55557b6f8980 .functor BUFZ 1, L_0x55557b6f85a0, C4<0>, C4<0>, C4<0>;
v0x55557b5a6860_0 .net "va4102a", 0 0, L_0x55557b6f84a0;  alias, 1 drivers
o0x7a68e79ebb28 .functor BUFZ 1, C4<z>; HiZ drive
v0x55557b5a6920_0 .net "va58c5b", 0 0, o0x7a68e79ebb28;  0 drivers
v0x55557b58e4a0_0 .net "ve8318d", 0 0, L_0x55557b6f88a0;  alias, 1 drivers
v0x55557b58e570_0 .net "vf54559", 0 0, L_0x55557b6f85a0;  alias, 1 drivers
v0x55557b58e0b0_0 .net "w0", 0 0, L_0x55557b6f87a0;  1 drivers
v0x55557b58e1a0_0 .net "w1", 0 0, v0x55557b5ac340_0;  1 drivers
v0x55557b58b1b0_0 .net "w3", 0 0, L_0x55557b6f8980;  1 drivers
S_0x55557b5b2020 .scope module, "vb8adf8" "v58ed2b_vb8adf8" 3 822, 3 835 0, S_0x55557b5c3b80;
 .timescale -12 -12;
    .port_info 0 /INPUT 1 "clk";
    .port_info 1 /INPUT 1 "d";
    .port_info 2 /OUTPUT 1 "q";
P_0x55557b2e8300 .param/l "INI" 0 3 836, +C4<00000000000000000000000000000000>;
v0x55557b5b1460_0 .net "clk", 0 0, L_0x55557b6f87a0;  alias, 1 drivers
v0x55557b5b1540_0 .net "d", 0 0, L_0x55557b6f8980;  alias, 1 drivers
v0x55557b5ac270_0 .net "q", 0 0, v0x55557b5ac340_0;  alias, 1 drivers
v0x55557b5ac340_0 .var "qi", 0 0;
E_0x55557b5b1d50 .event posedge, v0x55557b5b1460_0;
S_0x55557b5879f0 .scope module, "v57977b" "v5acce8" 3 717, 3 781 0, S_0x55557b6498a0;
 .timescale -12 -12;
    .port_info 0 /INPUT 1 "v55dfde";
    .port_info 1 /INPUT 1 "vfea254";
    .port_info 2 /OUTPUT 1 "v9ed4fe";
L_0x55557b6fb760 .functor BUFZ 1, RS_0x7a68e79ec038, C4<0>, C4<0>, C4<0>;
L_0x55557b6fb860 .functor BUFZ 1, L_0x55557b6fb380, C4<0>, C4<0>, C4<0>;
L_0x55557b6fb9d0 .functor BUFZ 1, L_0x55557b6fbb60, C4<0>, C4<0>, C4<0>;
v0x55557b5e6bc0_0 .net "v55dfde", 0 0, L_0x55557b6fb380;  alias, 1 drivers
v0x55557b5e6c80_0 .net "v9ed4fe", 0 0, L_0x55557b6fb9d0;  alias, 1 drivers
v0x55557b597ce0_0 .net8 "vfea254", 0 0, RS_0x7a68e79ec038;  alias, 24 drivers
v0x55557b597db0_0 .net "w0", 0 0, L_0x55557b6fb760;  1 drivers
v0x55557b596f60_0 .net "w1", 0 0, L_0x55557b6fb860;  1 drivers
v0x55557b597050_0 .net "w2", 0 0, L_0x55557b6fbb60;  1 drivers
S_0x55557b584d80 .scope module, "v06c055" "v58ed2b" 3 792, 3 805 0, S_0x55557b5879f0;
 .timescale -12 -12;
    .port_info 0 /INPUT 1 "va4102a";
    .port_info 1 /INPUT 1 "vf54559";
    .port_info 2 /OUTPUT 1 "va58c5b";
    .port_info 3 /OUTPUT 1 "ve8318d";
P_0x55557b5b1c30 .param/l "p2" 1 3 813, +C4<00000000000000000000000000000000>;
P_0x55557b5b1c70 .param/l "v71e305" 0 3 806, +C4<00000000000000000000000000000000>;
L_0x55557b6fba60 .functor BUFZ 1, L_0x55557b6fb760, C4<0>, C4<0>, C4<0>;
L_0x55557b6fbb60 .functor BUFZ 1, v0x55557b56c230_0, C4<0>, C4<0>, C4<0>;
L_0x55557b6fbc40 .functor BUFZ 1, L_0x55557b6fb860, C4<0>, C4<0>, C4<0>;
v0x55557b5595c0_0 .net "va4102a", 0 0, L_0x55557b6fb760;  alias, 1 drivers
o0x7a68e79ebee8 .functor BUFZ 1, C4<z>; HiZ drive
v0x55557b5596a0_0 .net "va58c5b", 0 0, o0x7a68e79ebee8;  0 drivers
v0x55557b5591d0_0 .net "ve8318d", 0 0, L_0x55557b6fbb60;  alias, 1 drivers
v0x55557b559270_0 .net "vf54559", 0 0, L_0x55557b6fb860;  alias, 1 drivers
v0x55557b558a00_0 .net "w0", 0 0, L_0x55557b6fba60;  1 drivers
v0x55557b558af0_0 .net "w1", 0 0, v0x55557b56c230_0;  1 drivers
v0x55557b556700_0 .net "w3", 0 0, L_0x55557b6fbc40;  1 drivers
S_0x55557b570630 .scope module, "vb8adf8" "v58ed2b_vb8adf8" 3 822, 3 835 0, S_0x55557b584d80;
 .timescale -12 -12;
    .port_info 0 /INPUT 1 "clk";
    .port_info 1 /INPUT 1 "d";
    .port_info 2 /OUTPUT 1 "q";
P_0x55557b2e0b50 .param/l "INI" 0 3 836, +C4<00000000000000000000000000000000>;
v0x55557b56c520_0 .net "clk", 0 0, L_0x55557b6fba60;  alias, 1 drivers
v0x55557b56c600_0 .net "d", 0 0, L_0x55557b6fbc40;  alias, 1 drivers
v0x55557b56c160_0 .net "q", 0 0, v0x55557b56c230_0;  alias, 1 drivers
v0x55557b56c230_0 .var "qi", 0 0;
E_0x55557b2e6b10 .event posedge, v0x55557b56c520_0;
S_0x55557b5961e0 .scope module, "v5af3fc" "v5acce8" 3 596, 3 781 0, S_0x55557b6498a0;
 .timescale -12 -12;
    .port_info 0 /INPUT 1 "v55dfde";
    .port_info 1 /INPUT 1 "vfea254";
    .port_info 2 /OUTPUT 1 "v9ed4fe";
L_0x55557b6e3330 .functor BUFZ 1, L_0x55557b6d03c0, C4<0>, C4<0>, C4<0>;
L_0x55557b6e33e0 .functor BUFZ 1, L_0x55557b6e17a0, C4<0>, C4<0>, C4<0>;
L_0x55557b6e34c0 .functor BUFZ 1, L_0x55557b6e43f0, C4<0>, C4<0>, C4<0>;
v0x55557b591440_0 .net "v55dfde", 0 0, L_0x55557b6e17a0;  alias, 1 drivers
v0x55557b591500_0 .net "v9ed4fe", 0 0, L_0x55557b6e34c0;  alias, 1 drivers
v0x55557b573890_0 .net "vfea254", 0 0, L_0x55557b6d03c0;  alias, 1 drivers
v0x55557b573960_0 .net "w0", 0 0, L_0x55557b6e3330;  1 drivers
v0x55557b56f9e0_0 .net "w1", 0 0, L_0x55557b6e33e0;  1 drivers
v0x55557b56fa80_0 .net "w2", 0 0, L_0x55557b6e43f0;  1 drivers
S_0x55557b5935d0 .scope module, "v06c055" "v58ed2b" 3 792, 3 805 0, S_0x55557b5961e0;
 .timescale -12 -12;
    .port_info 0 /INPUT 1 "va4102a";
    .port_info 1 /INPUT 1 "vf54559";
    .port_info 2 /OUTPUT 1 "va58c5b";
    .port_info 3 /OUTPUT 1 "ve8318d";
P_0x55557b570a80 .param/l "p2" 1 3 813, +C4<00000000000000000000000000000000>;
P_0x55557b570ac0 .param/l "v71e305" 0 3 806, +C4<00000000000000000000000000000000>;
L_0x55557b6e42f0 .functor BUFZ 1, L_0x55557b6e3330, C4<0>, C4<0>, C4<0>;
L_0x55557b6e43f0 .functor BUFZ 1, v0x55557b5a62d0_0, C4<0>, C4<0>, C4<0>;
L_0x55557b6e5250 .functor BUFZ 1, L_0x55557b6e33e0, C4<0>, C4<0>, C4<0>;
v0x55557b5a1090_0 .net "va4102a", 0 0, L_0x55557b6e3330;  alias, 1 drivers
o0x7a68e79ec278 .functor BUFZ 1, C4<z>; HiZ drive
v0x55557b5a1150_0 .net "va58c5b", 0 0, o0x7a68e79ec278;  0 drivers
v0x55557b590770_0 .net "ve8318d", 0 0, L_0x55557b6e43f0;  alias, 1 drivers
v0x55557b590810_0 .net "vf54559", 0 0, L_0x55557b6e33e0;  alias, 1 drivers
v0x55557b592e60_0 .net "w0", 0 0, L_0x55557b6e42f0;  1 drivers
v0x55557b592f00_0 .net "w1", 0 0, v0x55557b5a62d0_0;  1 drivers
v0x55557b592110_0 .net "w3", 0 0, L_0x55557b6e5250;  1 drivers
S_0x55557b5a75f0 .scope module, "vb8adf8" "v58ed2b_vb8adf8" 3 822, 3 835 0, S_0x55557b5935d0;
 .timescale -12 -12;
    .port_info 0 /INPUT 1 "clk";
    .port_info 1 /INPUT 1 "d";
    .port_info 2 /OUTPUT 1 "q";
P_0x55557b2d93a0 .param/l "INI" 0 3 836, +C4<00000000000000000000000000000000>;
v0x55557b5abdf0_0 .net "clk", 0 0, L_0x55557b6e42f0;  alias, 1 drivers
v0x55557b595460_0 .net "d", 0 0, L_0x55557b6e5250;  alias, 1 drivers
v0x55557b595520_0 .net "q", 0 0, v0x55557b5a62d0_0;  alias, 1 drivers
v0x55557b5a62d0_0 .var "qi", 0 0;
E_0x55557b2d9110 .event posedge, v0x55557b5abdf0_0;
S_0x55557b56bd00 .scope module, "v60252c" "v5acce8" 3 652, 3 781 0, S_0x55557b6498a0;
 .timescale -12 -12;
    .port_info 0 /INPUT 1 "v55dfde";
    .port_info 1 /INPUT 1 "vfea254";
    .port_info 2 /OUTPUT 1 "v9ed4fe";
L_0x55557b6f6550 .functor BUFZ 1, RS_0x7a68e79ec788, C4<0>, C4<0>, C4<0>;
L_0x55557b6f6610 .functor BUFZ 1, L_0x55557b6f4980, C4<0>, C4<0>, C4<0>;
L_0x55557b6f6780 .functor BUFZ 1, L_0x55557b6f6910, C4<0>, C4<0>, C4<0>;
v0x55557b599250_0 .net "v55dfde", 0 0, L_0x55557b6f4980;  alias, 1 drivers
v0x55557b598160_0 .net "v9ed4fe", 0 0, L_0x55557b6f6780;  alias, 1 drivers
v0x55557b598220_0 .net8 "vfea254", 0 0, RS_0x7a68e79ec788;  alias, 11 drivers
v0x55557b54dec0_0 .net "w0", 0 0, L_0x55557b6f6550;  1 drivers
v0x55557b54df90_0 .net "w1", 0 0, L_0x55557b6f6610;  1 drivers
v0x55557b443e10_0 .net "w2", 0 0, L_0x55557b6f6910;  1 drivers
S_0x55557b57be70 .scope module, "v06c055" "v58ed2b" 3 792, 3 805 0, S_0x55557b56bd00;
 .timescale -12 -12;
    .port_info 0 /INPUT 1 "va4102a";
    .port_info 1 /INPUT 1 "vf54559";
    .port_info 2 /OUTPUT 1 "va58c5b";
    .port_info 3 /OUTPUT 1 "ve8318d";
P_0x55557b666850 .param/l "p2" 1 3 813, +C4<00000000000000000000000000000000>;
P_0x55557b666890 .param/l "v71e305" 0 3 806, +C4<00000000000000000000000000000000>;
L_0x55557b6f6810 .functor BUFZ 1, L_0x55557b6f6550, C4<0>, C4<0>, C4<0>;
L_0x55557b6f6910 .functor BUFZ 1, v0x55557b555610_0, C4<0>, C4<0>, C4<0>;
L_0x55557b6f69f0 .functor BUFZ 1, L_0x55557b6f6610, C4<0>, C4<0>, C4<0>;
v0x55557b5548d0_0 .net "va4102a", 0 0, L_0x55557b6f6550;  alias, 1 drivers
o0x7a68e79ec608 .functor BUFZ 1, C4<z>; HiZ drive
v0x55557b554990_0 .net "va58c5b", 0 0, o0x7a68e79ec608;  0 drivers
v0x55557b5875e0_0 .net "ve8318d", 0 0, L_0x55557b6f6910;  alias, 1 drivers
v0x55557b587680_0 .net "vf54559", 0 0, L_0x55557b6f6610;  alias, 1 drivers
v0x55557b59a100_0 .net "w0", 0 0, L_0x55557b6f6810;  1 drivers
v0x55557b59a1f0_0 .net "w1", 0 0, v0x55557b555610_0;  1 drivers
v0x55557b599130_0 .net "w3", 0 0, L_0x55557b6f69f0;  1 drivers
S_0x55557b577d80 .scope module, "vb8adf8" "v58ed2b_vb8adf8" 3 822, 3 835 0, S_0x55557b57be70;
 .timescale -12 -12;
    .port_info 0 /INPUT 1 "clk";
    .port_info 1 /INPUT 1 "d";
    .port_info 2 /OUTPUT 1 "q";
P_0x55557b2d6b60 .param/l "INI" 0 3 836, +C4<00000000000000000000000000000000>;
v0x55557b556290_0 .net "clk", 0 0, L_0x55557b6f6810;  alias, 1 drivers
v0x55557b556330_0 .net "d", 0 0, L_0x55557b6f69f0;  alias, 1 drivers
v0x55557b555570_0 .net "q", 0 0, v0x55557b555610_0;  alias, 1 drivers
v0x55557b555610_0 .var "qi", 0 0;
E_0x55557b56fb50 .event posedge, v0x55557b556290_0;
S_0x55557b443ee0 .scope module, "v68bfc6" "v5acce8" 3 616, 3 781 0, S_0x55557b6498a0;
 .timescale -12 -12;
    .port_info 0 /INPUT 1 "v55dfde";
    .port_info 1 /INPUT 1 "vfea254";
    .port_info 2 /OUTPUT 1 "v9ed4fe";
L_0x55557b6ed020 .functor BUFZ 1, RS_0x7a68e79ecb48, C4<0>, C4<0>, C4<0>;
L_0x55557b6ed120 .functor BUFZ 1, L_0x55557b6e9260, C4<0>, C4<0>, C4<0>;
L_0x55557b6ed200 .functor BUFZ 1, L_0x55557b6ee7e0, C4<0>, C4<0>, C4<0>;
v0x55557b354050_0 .net "v55dfde", 0 0, L_0x55557b6e9260;  alias, 1 drivers
v0x55557b354140_0 .net "v9ed4fe", 0 0, L_0x55557b6ed200;  alias, 1 drivers
v0x55557b3541e0_0 .net8 "vfea254", 0 0, RS_0x7a68e79ecb48;  alias, 5 drivers
v0x55557b3542b0_0 .net "w0", 0 0, L_0x55557b6ed020;  1 drivers
v0x55557b354380_0 .net "w1", 0 0, L_0x55557b6ed120;  1 drivers
v0x55557b354470_0 .net "w2", 0 0, L_0x55557b6ee7e0;  1 drivers
S_0x55557b4440c0 .scope module, "v06c055" "v58ed2b" 3 792, 3 805 0, S_0x55557b443ee0;
 .timescale -12 -12;
    .port_info 0 /INPUT 1 "va4102a";
    .port_info 1 /INPUT 1 "vf54559";
    .port_info 2 /OUTPUT 1 "va58c5b";
    .port_info 3 /OUTPUT 1 "ve8318d";
P_0x55557b556d60 .param/l "p2" 1 3 813, +C4<00000000000000000000000000000000>;
P_0x55557b556da0 .param/l "v71e305" 0 3 806, +C4<00000000000000000000000000000000>;
L_0x55557b6ee730 .functor BUFZ 1, L_0x55557b6ed020, C4<0>, C4<0>, C4<0>;
L_0x55557b6ee7e0 .functor BUFZ 1, v0x55557b345990_0, C4<0>, C4<0>, C4<0>;
L_0x55557b6ee8c0 .functor BUFZ 1, L_0x55557b6ed120, C4<0>, C4<0>, C4<0>;
v0x55557b345ad0_0 .net "va4102a", 0 0, L_0x55557b6ed020;  alias, 1 drivers
o0x7a68e79ec9c8 .functor BUFZ 1, C4<z>; HiZ drive
v0x55557b36eff0_0 .net "va58c5b", 0 0, o0x7a68e79ec9c8;  0 drivers
v0x55557b36f0b0_0 .net "ve8318d", 0 0, L_0x55557b6ee7e0;  alias, 1 drivers
v0x55557b36f180_0 .net "vf54559", 0 0, L_0x55557b6ed120;  alias, 1 drivers
v0x55557b36f240_0 .net "w0", 0 0, L_0x55557b6ee730;  1 drivers
v0x55557b36f330_0 .net "w1", 0 0, v0x55557b345990_0;  1 drivers
v0x55557b36f400_0 .net "w3", 0 0, L_0x55557b6ee8c0;  1 drivers
S_0x55557b445c90 .scope module, "vb8adf8" "v58ed2b_vb8adf8" 3 822, 3 835 0, S_0x55557b4440c0;
 .timescale -12 -12;
    .port_info 0 /INPUT 1 "clk";
    .port_info 1 /INPUT 1 "d";
    .port_info 2 /OUTPUT 1 "q";
P_0x55557b445e90 .param/l "INI" 0 3 836, +C4<00000000000000000000000000000000>;
v0x55557b345720_0 .net "clk", 0 0, L_0x55557b6ee730;  alias, 1 drivers
v0x55557b345800_0 .net "d", 0 0, L_0x55557b6ee8c0;  alias, 1 drivers
v0x55557b3458c0_0 .net "q", 0 0, v0x55557b345990_0;  alias, 1 drivers
v0x55557b345990_0 .var "qi", 0 0;
E_0x55557b446080 .event posedge, v0x55557b345720_0;
S_0x55557b350850 .scope module, "v6fe92c" "v18c17a" 3 767, 3 901 0, S_0x55557b6498a0;
 .timescale -12 -12;
    .port_info 0 /INPUT 1 "v0e28cb";
    .port_info 1 /INPUT 1 "v3ca442";
    .port_info 2 /OUTPUT 1 "vcbab45";
L_0x55557b6ff250 .functor BUFZ 1, L_0x55557b6fe640, C4<0>, C4<0>, C4<0>;
L_0x55557b6ff300 .functor BUFZ 1, L_0x55557b6efc10, C4<0>, C4<0>, C4<0>;
L_0x55557b6ff470 .functor BUFZ 1, L_0x55557b6ff590, C4<0>, C4<0>, C4<0>;
v0x55557b357aa0_0 .net "v0e28cb", 0 0, L_0x55557b6fe640;  alias, 1 drivers
v0x55557b357b60_0 .net "v3ca442", 0 0, L_0x55557b6efc10;  alias, 1 drivers
v0x55557b357c20_0 .net "vcbab45", 0 0, L_0x55557b6ff470;  alias, 1 drivers
v0x55557b35f490_0 .net "w0", 0 0, L_0x55557b6ff250;  1 drivers
v0x55557b35f560_0 .net "w1", 0 0, L_0x55557b6ff300;  1 drivers
v0x55557b35f650_0 .net "w2", 0 0, L_0x55557b6ff590;  1 drivers
S_0x55557b350aa0 .scope module, "vf4938a" "v18c17a_vf4938a" 3 912, 3 925 0, S_0x55557b350850;
 .timescale -12 -12;
    .port_info 0 /INPUT 1 "a";
    .port_info 1 /INPUT 1 "b";
    .port_info 2 /OUTPUT 1 "c";
L_0x55557b6ff590 .functor XOR 1, L_0x55557b6ff250, L_0x55557b6ff300, C4<0>, C4<0>;
v0x55557b3577e0_0 .net "a", 0 0, L_0x55557b6ff250;  alias, 1 drivers
v0x55557b3578c0_0 .net "b", 0 0, L_0x55557b6ff300;  alias, 1 drivers
v0x55557b357980_0 .net "c", 0 0, L_0x55557b6ff590;  alias, 1 drivers
S_0x55557b35f720 .scope module, "v75cf5e" "v5acce8" 3 697, 3 781 0, S_0x55557b6498a0;
 .timescale -12 -12;
    .port_info 0 /INPUT 1 "v55dfde";
    .port_info 1 /INPUT 1 "vfea254";
    .port_info 2 /OUTPUT 1 "v9ed4fe";
L_0x55557b6f9e20 .functor BUFZ 1, RS_0x7a68e79ed148, C4<0>, C4<0>, C4<0>;
L_0x55557b6f9f20 .functor BUFZ 1, L_0x55557b6f9a40, C4<0>, C4<0>, C4<0>;
L_0x55557b6fa090 .functor BUFZ 1, L_0x55557b6fa220, C4<0>, C4<0>, C4<0>;
v0x55557b380dd0_0 .net "v55dfde", 0 0, L_0x55557b6f9a40;  alias, 1 drivers
v0x55557b380eb0_0 .net "v9ed4fe", 0 0, L_0x55557b6fa090;  alias, 1 drivers
v0x55557b380f70_0 .net8 "vfea254", 0 0, RS_0x7a68e79ed148;  alias, 20 drivers
v0x55557b381010_0 .net "w0", 0 0, L_0x55557b6f9e20;  1 drivers
v0x55557b3810e0_0 .net "w1", 0 0, L_0x55557b6f9f20;  1 drivers
v0x55557b373580_0 .net "w2", 0 0, L_0x55557b6fa220;  1 drivers
S_0x55557b35b590 .scope module, "v06c055" "v58ed2b" 3 792, 3 805 0, S_0x55557b35f720;
 .timescale -12 -12;
    .port_info 0 /INPUT 1 "va4102a";
    .port_info 1 /INPUT 1 "vf54559";
    .port_info 2 /OUTPUT 1 "va58c5b";
    .port_info 3 /OUTPUT 1 "ve8318d";
P_0x55557b445f30 .param/l "p2" 1 3 813, +C4<00000000000000000000000000000000>;
P_0x55557b445f70 .param/l "v71e305" 0 3 806, +C4<00000000000000000000000000000000>;
L_0x55557b6fa120 .functor BUFZ 1, L_0x55557b6f9e20, C4<0>, C4<0>, C4<0>;
L_0x55557b6fa220 .functor BUFZ 1, v0x55557b36e720_0, C4<0>, C4<0>, C4<0>;
L_0x55557b6fa300 .functor BUFZ 1, L_0x55557b6f9f20, C4<0>, C4<0>, C4<0>;
v0x55557b370d90_0 .net "va4102a", 0 0, L_0x55557b6f9e20;  alias, 1 drivers
o0x7a68e79ecf98 .functor BUFZ 1, C4<z>; HiZ drive
v0x55557b370e50_0 .net "va58c5b", 0 0, o0x7a68e79ecf98;  0 drivers
v0x55557b370f10_0 .net "ve8318d", 0 0, L_0x55557b6fa220;  alias, 1 drivers
v0x55557b370fe0_0 .net "vf54559", 0 0, L_0x55557b6f9f20;  alias, 1 drivers
v0x55557b3710a0_0 .net "w0", 0 0, L_0x55557b6fa120;  1 drivers
v0x55557b371190_0 .net "w1", 0 0, v0x55557b36e720_0;  1 drivers
v0x55557b380cb0_0 .net "w3", 0 0, L_0x55557b6fa300;  1 drivers
S_0x55557b35b900 .scope module, "vb8adf8" "v58ed2b_vb8adf8" 3 822, 3 835 0, S_0x55557b35b590;
 .timescale -12 -12;
    .port_info 0 /INPUT 1 "clk";
    .port_info 1 /INPUT 1 "d";
    .port_info 2 /OUTPUT 1 "q";
P_0x55557b3cfa00 .param/l "INI" 0 3 836, +C4<00000000000000000000000000000000>;
v0x55557b36e4b0_0 .net "clk", 0 0, L_0x55557b6fa120;  alias, 1 drivers
v0x55557b36e590_0 .net "d", 0 0, L_0x55557b6fa300;  alias, 1 drivers
v0x55557b36e650_0 .net "q", 0 0, v0x55557b36e720_0;  alias, 1 drivers
v0x55557b36e720_0 .var "qi", 0 0;
E_0x55557b4442a0 .event posedge, v0x55557b36e4b0_0;
S_0x55557b373640 .scope module, "v7af420" "v5acce8" 3 637, 3 781 0, S_0x55557b6498a0;
 .timescale -12 -12;
    .port_info 0 /INPUT 1 "v55dfde";
    .port_info 1 /INPUT 1 "vfea254";
    .port_info 2 /OUTPUT 1 "v9ed4fe";
L_0x55557b6f37a0 .functor BUFZ 1, RS_0x7a68e79ed4d8, C4<0>, C4<0>, C4<0>;
L_0x55557b6f3c70 .functor BUFZ 1, L_0x55557b6f21d0, C4<0>, C4<0>, C4<0>;
L_0x55557b6f3d50 .functor BUFZ 1, L_0x55557b6f3ee0, C4<0>, C4<0>, C4<0>;
v0x55557b2b0f90_0 .net "v55dfde", 0 0, L_0x55557b6f21d0;  alias, 1 drivers
v0x55557b2d2b30_0 .net "v9ed4fe", 0 0, L_0x55557b6f3d50;  alias, 1 drivers
v0x55557b2d2c00_0 .net8 "vfea254", 0 0, RS_0x7a68e79ed4d8;  alias, 8 drivers
v0x55557b2d2cd0_0 .net "w0", 0 0, L_0x55557b6f37a0;  1 drivers
v0x55557b2d2da0_0 .net "w1", 0 0, L_0x55557b6f3c70;  1 drivers
v0x55557b2d2e90_0 .net "w2", 0 0, L_0x55557b6f3ee0;  1 drivers
S_0x55557b373890 .scope module, "v06c055" "v58ed2b" 3 792, 3 805 0, S_0x55557b373640;
 .timescale -12 -12;
    .port_info 0 /INPUT 1 "va4102a";
    .port_info 1 /INPUT 1 "vf54559";
    .port_info 2 /OUTPUT 1 "va58c5b";
    .port_info 3 /OUTPUT 1 "ve8318d";
P_0x55557b36e350 .param/l "p2" 1 3 813, +C4<00000000000000000000000000000000>;
P_0x55557b36e390 .param/l "v71e305" 0 3 806, +C4<00000000000000000000000000000000>;
L_0x55557b6f3de0 .functor BUFZ 1, L_0x55557b6f37a0, C4<0>, C4<0>, C4<0>;
L_0x55557b6f3ee0 .functor BUFZ 1, v0x55557b3797b0_0, C4<0>, C4<0>, C4<0>;
L_0x55557b6f3fc0 .functor BUFZ 1, L_0x55557b6f3c70, C4<0>, C4<0>, C4<0>;
v0x55557b3798f0_0 .net "va4102a", 0 0, L_0x55557b6f37a0;  alias, 1 drivers
o0x7a68e79ed388 .functor BUFZ 1, C4<z>; HiZ drive
v0x55557b3799b0_0 .net "va58c5b", 0 0, o0x7a68e79ed388;  0 drivers
v0x55557b2b0b20_0 .net "ve8318d", 0 0, L_0x55557b6f3ee0;  alias, 1 drivers
v0x55557b2b0bf0_0 .net "vf54559", 0 0, L_0x55557b6f3c70;  alias, 1 drivers
v0x55557b2b0cb0_0 .net "w0", 0 0, L_0x55557b6f3de0;  1 drivers
v0x55557b2b0da0_0 .net "w1", 0 0, v0x55557b3797b0_0;  1 drivers
v0x55557b2b0e70_0 .net "w3", 0 0, L_0x55557b6f3fc0;  1 drivers
S_0x55557b36bdc0 .scope module, "vb8adf8" "v58ed2b_vb8adf8" 3 822, 3 835 0, S_0x55557b373890;
 .timescale -12 -12;
    .port_info 0 /INPUT 1 "clk";
    .port_info 1 /INPUT 1 "d";
    .port_info 2 /OUTPUT 1 "q";
P_0x55557b36bfc0 .param/l "INI" 0 3 836, +C4<00000000000000000000000000000000>;
v0x55557b379540_0 .net "clk", 0 0, L_0x55557b6f3de0;  alias, 1 drivers
v0x55557b379620_0 .net "d", 0 0, L_0x55557b6f3fc0;  alias, 1 drivers
v0x55557b3796e0_0 .net "q", 0 0, v0x55557b3797b0_0;  alias, 1 drivers
v0x55557b3797b0_0 .var "qi", 0 0;
E_0x55557b371260 .event posedge, v0x55557b379540_0;
S_0x55557b2dd210 .scope module, "v8087f0" "v5acce8" 3 727, 3 781 0, S_0x55557b6498a0;
 .timescale -12 -12;
    .port_info 0 /INPUT 1 "v55dfde";
    .port_info 1 /INPUT 1 "vfea254";
    .port_info 2 /OUTPUT 1 "v9ed4fe";
L_0x55557b6fc440 .functor BUFZ 1, RS_0x7a68e79ed898, C4<0>, C4<0>, C4<0>;
L_0x55557b6fc540 .functor BUFZ 1, L_0x55557b6fc040, C4<0>, C4<0>, C4<0>;
L_0x55557b6fc6b0 .functor BUFZ 1, L_0x55557b6fc840, C4<0>, C4<0>, C4<0>;
v0x55557b2dbb70_0 .net "v55dfde", 0 0, L_0x55557b6fc040;  alias, 1 drivers
v0x55557b2dbc60_0 .net "v9ed4fe", 0 0, L_0x55557b6fc6b0;  alias, 1 drivers
v0x55557b2dbd00_0 .net8 "vfea254", 0 0, RS_0x7a68e79ed898;  alias, 26 drivers
v0x55557b2ed730_0 .net "w0", 0 0, L_0x55557b6fc440;  1 drivers
v0x55557b2ed800_0 .net "w1", 0 0, L_0x55557b6fc540;  1 drivers
v0x55557b2ed8f0_0 .net "w2", 0 0, L_0x55557b6fc840;  1 drivers
S_0x55557b2dd460 .scope module, "v06c055" "v58ed2b" 3 792, 3 805 0, S_0x55557b2dd210;
 .timescale -12 -12;
    .port_info 0 /INPUT 1 "va4102a";
    .port_info 1 /INPUT 1 "vf54559";
    .port_info 2 /OUTPUT 1 "va58c5b";
    .port_info 3 /OUTPUT 1 "ve8318d";
P_0x55557b36c060 .param/l "p2" 1 3 813, +C4<00000000000000000000000000000000>;
P_0x55557b36c0a0 .param/l "v71e305" 0 3 806, +C4<00000000000000000000000000000000>;
L_0x55557b6fc740 .functor BUFZ 1, L_0x55557b6fc440, C4<0>, C4<0>, C4<0>;
L_0x55557b6fc840 .functor BUFZ 1, v0x55557b2deb50_0, C4<0>, C4<0>, C4<0>;
L_0x55557b6fc920 .functor BUFZ 1, L_0x55557b6fc540, C4<0>, C4<0>, C4<0>;
v0x55557b2dec90_0 .net "va4102a", 0 0, L_0x55557b6fc440;  alias, 1 drivers
o0x7a68e79ed718 .functor BUFZ 1, C4<z>; HiZ drive
v0x55557b2ded50_0 .net "va58c5b", 0 0, o0x7a68e79ed718;  0 drivers
v0x55557b2dee10_0 .net "ve8318d", 0 0, L_0x55557b6fc840;  alias, 1 drivers
v0x55557b2deee0_0 .net "vf54559", 0 0, L_0x55557b6fc540;  alias, 1 drivers
v0x55557b2db8c0_0 .net "w0", 0 0, L_0x55557b6fc740;  1 drivers
v0x55557b2db9b0_0 .net "w1", 0 0, v0x55557b2deb50_0;  1 drivers
v0x55557b2dba50_0 .net "w3", 0 0, L_0x55557b6fc920;  1 drivers
S_0x55557b2da050 .scope module, "vb8adf8" "v58ed2b_vb8adf8" 3 822, 3 835 0, S_0x55557b2dd460;
 .timescale -12 -12;
    .port_info 0 /INPUT 1 "clk";
    .port_info 1 /INPUT 1 "d";
    .port_info 2 /OUTPUT 1 "q";
P_0x55557b2da250 .param/l "INI" 0 3 836, +C4<00000000000000000000000000000000>;
v0x55557b2da480_0 .net "clk", 0 0, L_0x55557b6fc740;  alias, 1 drivers
v0x55557b2d2f60_0 .net "d", 0 0, L_0x55557b6fc920;  alias, 1 drivers
v0x55557b2dea80_0 .net "q", 0 0, v0x55557b2deb50_0;  alias, 1 drivers
v0x55557b2deb50_0 .var "qi", 0 0;
E_0x55557b381180 .event posedge, v0x55557b2da480_0;
S_0x55557b2ed9e0 .scope module, "v8a12ab" "v5acce8" 3 672, 3 781 0, S_0x55557b6498a0;
 .timescale -12 -12;
    .port_info 0 /INPUT 1 "v55dfde";
    .port_info 1 /INPUT 1 "vfea254";
    .port_info 2 /OUTPUT 1 "v9ed4fe";
L_0x55557b6f7e50 .functor BUFZ 1, RS_0x7a68e79edc58, C4<0>, C4<0>, C4<0>;
L_0x55557b6f7f50 .functor BUFZ 1, L_0x55557b6f7a70, C4<0>, C4<0>, C4<0>;
L_0x55557b6f80c0 .functor BUFZ 1, L_0x55557b6f8250, C4<0>, C4<0>, C4<0>;
v0x55557b2f45b0_0 .net "v55dfde", 0 0, L_0x55557b6f7a70;  alias, 1 drivers
v0x55557b2f4690_0 .net "v9ed4fe", 0 0, L_0x55557b6f80c0;  alias, 1 drivers
v0x55557b2f4750_0 .net8 "vfea254", 0 0, RS_0x7a68e79edc58;  alias, 15 drivers
v0x55557b2f4820_0 .net "w0", 0 0, L_0x55557b6f7e50;  1 drivers
v0x55557b2f48f0_0 .net "w1", 0 0, L_0x55557b6f7f50;  1 drivers
v0x55557b2f08f0_0 .net "w2", 0 0, L_0x55557b6f8250;  1 drivers
S_0x55557b2ea570 .scope module, "v06c055" "v58ed2b" 3 792, 3 805 0, S_0x55557b2ed9e0;
 .timescale -12 -12;
    .port_info 0 /INPUT 1 "va4102a";
    .port_info 1 /INPUT 1 "vf54559";
    .port_info 2 /OUTPUT 1 "va58c5b";
    .port_info 3 /OUTPUT 1 "ve8318d";
P_0x55557b2da2f0 .param/l "p2" 1 3 813, +C4<00000000000000000000000000000000>;
P_0x55557b2da330 .param/l "v71e305" 0 3 806, +C4<00000000000000000000000000000000>;
L_0x55557b6f8150 .functor BUFZ 1, L_0x55557b6f7e50, C4<0>, C4<0>, C4<0>;
L_0x55557b6f8250 .functor BUFZ 1, v0x55557b2ef350_0, C4<0>, C4<0>, C4<0>;
L_0x55557b6f8330 .functor BUFZ 1, L_0x55557b6f7f50, C4<0>, C4<0>, C4<0>;
v0x55557b2ebde0_0 .net "va4102a", 0 0, L_0x55557b6f7e50;  alias, 1 drivers
o0x7a68e79edad8 .functor BUFZ 1, C4<z>; HiZ drive
v0x55557b2ebea0_0 .net "va58c5b", 0 0, o0x7a68e79edad8;  0 drivers
v0x55557b2ebf60_0 .net "ve8318d", 0 0, L_0x55557b6f8250;  alias, 1 drivers
v0x55557b2ec030_0 .net "vf54559", 0 0, L_0x55557b6f7f50;  alias, 1 drivers
v0x55557b2ec0f0_0 .net "w0", 0 0, L_0x55557b6f8150;  1 drivers
v0x55557b2ec1e0_0 .net "w1", 0 0, v0x55557b2ef350_0;  1 drivers
v0x55557b2f4490_0 .net "w3", 0 0, L_0x55557b6f8330;  1 drivers
S_0x55557b2ea8e0 .scope module, "vb8adf8" "v58ed2b_vb8adf8" 3 822, 3 835 0, S_0x55557b2ea570;
 .timescale -12 -12;
    .port_info 0 /INPUT 1 "clk";
    .port_info 1 /INPUT 1 "d";
    .port_info 2 /OUTPUT 1 "q";
P_0x55557b2d3020 .param/l "INI" 0 3 836, +C4<00000000000000000000000000000000>;
v0x55557b2ef0e0_0 .net "clk", 0 0, L_0x55557b6f8150;  alias, 1 drivers
v0x55557b2ef1c0_0 .net "d", 0 0, L_0x55557b6f8330;  alias, 1 drivers
v0x55557b2ef280_0 .net "q", 0 0, v0x55557b2ef350_0;  alias, 1 drivers
v0x55557b2ef350_0 .var "qi", 0 0;
E_0x55557b2dd720 .event posedge, v0x55557b2ef0e0_0;
S_0x55557b2f09c0 .scope module, "v95377b" "v5acce8" 3 737, 3 781 0, S_0x55557b6498a0;
 .timescale -12 -12;
    .port_info 0 /INPUT 1 "v55dfde";
    .port_info 1 /INPUT 1 "vfea254";
    .port_info 2 /OUTPUT 1 "v9ed4fe";
L_0x55557b6fd0e0 .functor BUFZ 1, RS_0x7a68e79ee018, C4<0>, C4<0>, C4<0>;
L_0x55557b6fd1e0 .functor BUFZ 1, L_0x55557b6fcd00, C4<0>, C4<0>, C4<0>;
L_0x55557b6fd350 .functor BUFZ 1, L_0x55557b6fd4e0, C4<0>, C4<0>, C4<0>;
v0x55557b2e9320_0 .net "v55dfde", 0 0, L_0x55557b6fcd00;  alias, 1 drivers
v0x55557b2e7b60_0 .net "v9ed4fe", 0 0, L_0x55557b6fd350;  alias, 1 drivers
v0x55557b2e7c20_0 .net8 "vfea254", 0 0, RS_0x7a68e79ee018;  alias, 28 drivers
v0x55557b2e7cf0_0 .net "w0", 0 0, L_0x55557b6fd0e0;  1 drivers
v0x55557b2e7dc0_0 .net "w1", 0 0, L_0x55557b6fd1e0;  1 drivers
v0x55557b2e7eb0_0 .net "w2", 0 0, L_0x55557b6fd4e0;  1 drivers
S_0x55557b2f0c10 .scope module, "v06c055" "v58ed2b" 3 792, 3 805 0, S_0x55557b2f09c0;
 .timescale -12 -12;
    .port_info 0 /INPUT 1 "va4102a";
    .port_info 1 /INPUT 1 "vf54559";
    .port_info 2 /OUTPUT 1 "va58c5b";
    .port_info 3 /OUTPUT 1 "ve8318d";
P_0x55557b2eefa0 .param/l "p2" 1 3 813, +C4<00000000000000000000000000000000>;
P_0x55557b2eefe0 .param/l "v71e305" 0 3 806, +C4<00000000000000000000000000000000>;
L_0x55557b6fd3e0 .functor BUFZ 1, L_0x55557b6fd0e0, C4<0>, C4<0>, C4<0>;
L_0x55557b6fd4e0 .functor BUFZ 1, v0x55557b2f2a30_0, C4<0>, C4<0>, C4<0>;
L_0x55557b6fd5c0 .functor BUFZ 1, L_0x55557b6fd1e0, C4<0>, C4<0>, C4<0>;
v0x55557b2f2b70_0 .net "va4102a", 0 0, L_0x55557b6fd0e0;  alias, 1 drivers
o0x7a68e79ede98 .functor BUFZ 1, C4<z>; HiZ drive
v0x55557b2f2c30_0 .net "va58c5b", 0 0, o0x7a68e79ede98;  0 drivers
v0x55557b2e8eb0_0 .net "ve8318d", 0 0, L_0x55557b6fd4e0;  alias, 1 drivers
v0x55557b2e8f80_0 .net "vf54559", 0 0, L_0x55557b6fd1e0;  alias, 1 drivers
v0x55557b2e9040_0 .net "w0", 0 0, L_0x55557b6fd3e0;  1 drivers
v0x55557b2e9130_0 .net "w1", 0 0, v0x55557b2f2a30_0;  1 drivers
v0x55557b2e9200_0 .net "w3", 0 0, L_0x55557b6fd5c0;  1 drivers
S_0x55557b2f64f0 .scope module, "vb8adf8" "v58ed2b_vb8adf8" 3 822, 3 835 0, S_0x55557b2f0c10;
 .timescale -12 -12;
    .port_info 0 /INPUT 1 "clk";
    .port_info 1 /INPUT 1 "d";
    .port_info 2 /OUTPUT 1 "q";
P_0x55557b2f66f0 .param/l "INI" 0 3 836, +C4<00000000000000000000000000000000>;
v0x55557b2f27e0_0 .net "clk", 0 0, L_0x55557b6fd3e0;  alias, 1 drivers
v0x55557b2f28a0_0 .net "d", 0 0, L_0x55557b6fd5c0;  alias, 1 drivers
v0x55557b2f2960_0 .net "q", 0 0, v0x55557b2f2a30_0;  alias, 1 drivers
v0x55557b2f2a30_0 .var "qi", 0 0;
E_0x55557b2dbdd0 .event posedge, v0x55557b2f27e0_0;
S_0x55557b2e3fc0 .scope module, "va0d570" "v5acce8" 3 732, 3 781 0, S_0x55557b6498a0;
 .timescale -12 -12;
    .port_info 0 /INPUT 1 "v55dfde";
    .port_info 1 /INPUT 1 "vfea254";
    .port_info 2 /OUTPUT 1 "v9ed4fe";
L_0x55557b6fca90 .functor BUFZ 1, RS_0x7a68e79ee3a8, C4<0>, C4<0>, C4<0>;
L_0x55557b6fcb90 .functor BUFZ 1, L_0x55557b6fc6b0, C4<0>, C4<0>, C4<0>;
L_0x55557b6fcd00 .functor BUFZ 1, L_0x55557b6fce90, C4<0>, C4<0>, C4<0>;
v0x55557b2e2570_0 .net "v55dfde", 0 0, L_0x55557b6fc6b0;  alias, 1 drivers
v0x55557b2e2630_0 .net "v9ed4fe", 0 0, L_0x55557b6fcd00;  alias, 1 drivers
v0x55557b2e2700_0 .net8 "vfea254", 0 0, RS_0x7a68e79ee3a8;  alias, 27 drivers
v0x55557b2d8990_0 .net "w0", 0 0, L_0x55557b6fca90;  1 drivers
v0x55557b2d8a60_0 .net "w1", 0 0, L_0x55557b6fcb90;  1 drivers
v0x55557b2d8b50_0 .net "w2", 0 0, L_0x55557b6fce90;  1 drivers
S_0x55557b2e4210 .scope module, "v06c055" "v58ed2b" 3 792, 3 805 0, S_0x55557b2e3fc0;
 .timescale -12 -12;
    .port_info 0 /INPUT 1 "va4102a";
    .port_info 1 /INPUT 1 "vf54559";
    .port_info 2 /OUTPUT 1 "va58c5b";
    .port_info 3 /OUTPUT 1 "ve8318d";
P_0x55557b2f6790 .param/l "p2" 1 3 813, +C4<00000000000000000000000000000000>;
P_0x55557b2f67d0 .param/l "v71e305" 0 3 806, +C4<00000000000000000000000000000000>;
L_0x55557b6fcd90 .functor BUFZ 1, L_0x55557b6fca90, C4<0>, C4<0>, C4<0>;
L_0x55557b6fce90 .functor BUFZ 1, v0x55557b2e5f80_0, C4<0>, C4<0>, C4<0>;
L_0x55557b6fcf70 .functor BUFZ 1, L_0x55557b6fcb90, C4<0>, C4<0>, C4<0>;
v0x55557b2e60c0_0 .net "va4102a", 0 0, L_0x55557b6fca90;  alias, 1 drivers
o0x7a68e79ee258 .functor BUFZ 1, C4<z>; HiZ drive
v0x55557b2e6180_0 .net "va58c5b", 0 0, o0x7a68e79ee258;  0 drivers
v0x55557b2e6240_0 .net "ve8318d", 0 0, L_0x55557b6fce90;  alias, 1 drivers
v0x55557b2e6310_0 .net "vf54559", 0 0, L_0x55557b6fcb90;  alias, 1 drivers
v0x55557b2e2310_0 .net "w0", 0 0, L_0x55557b6fcd90;  1 drivers
v0x55557b2e23b0_0 .net "w1", 0 0, v0x55557b2e5f80_0;  1 drivers
v0x55557b2e2450_0 .net "w3", 0 0, L_0x55557b6fcf70;  1 drivers
S_0x55557b2e03d0 .scope module, "vb8adf8" "v58ed2b_vb8adf8" 3 822, 3 835 0, S_0x55557b2e4210;
 .timescale -12 -12;
    .port_info 0 /INPUT 1 "clk";
    .port_info 1 /INPUT 1 "d";
    .port_info 2 /OUTPUT 1 "q";
P_0x55557b2e0580 .param/l "INI" 0 3 836, +C4<00000000000000000000000000000000>;
v0x55557b2e07f0_0 .net "clk", 0 0, L_0x55557b6fcd90;  alias, 1 drivers
v0x55557b2e7f80_0 .net "d", 0 0, L_0x55557b6fcf70;  alias, 1 drivers
v0x55557b2e5eb0_0 .net "q", 0 0, v0x55557b2e5f80_0;  alias, 1 drivers
v0x55557b2e5f80_0 .var "qi", 0 0;
E_0x55557b2e0770 .event posedge, v0x55557b2e07f0_0;
S_0x55557b2d8c20 .scope module, "vacaa7c" "v5acce8" 3 621, 3 781 0, S_0x55557b6498a0;
 .timescale -12 -12;
    .port_info 0 /INPUT 1 "v55dfde";
    .port_info 1 /INPUT 1 "vfea254";
    .port_info 2 /OUTPUT 1 "v9ed4fe";
L_0x55557b6efa50 .functor BUFZ 1, RS_0x7a68e79ee768, C4<0>, C4<0>, C4<0>;
L_0x55557b6efb30 .functor BUFZ 1, L_0x55557b6ff080, C4<0>, C4<0>, C4<0>;
L_0x55557b6efc10 .functor BUFZ 1, L_0x55557b6f0da0, C4<0>, C4<0>, C4<0>;
v0x55557b69b950_0 .net "v55dfde", 0 0, L_0x55557b6ff080;  alias, 1 drivers
v0x55557b69b9f0_0 .net "v9ed4fe", 0 0, L_0x55557b6efc10;  alias, 1 drivers
v0x55557b69ba90_0 .net8 "vfea254", 0 0, RS_0x7a68e79ee768;  alias, 6 drivers
v0x55557b69bb30_0 .net "w0", 0 0, L_0x55557b6efa50;  1 drivers
v0x55557b69bbd0_0 .net "w1", 0 0, L_0x55557b6efb30;  1 drivers
v0x55557b69bc70_0 .net "w2", 0 0, L_0x55557b6f0da0;  1 drivers
S_0x55557b2d76f0 .scope module, "v06c055" "v58ed2b" 3 792, 3 805 0, S_0x55557b2d8c20;
 .timescale -12 -12;
    .port_info 0 /INPUT 1 "va4102a";
    .port_info 1 /INPUT 1 "vf54559";
    .port_info 2 /OUTPUT 1 "va58c5b";
    .port_info 3 /OUTPUT 1 "ve8318d";
P_0x55557b2e0620 .param/l "p2" 1 3 813, +C4<00000000000000000000000000000000>;
P_0x55557b2e0660 .param/l "v71e305" 0 3 806, +C4<00000000000000000000000000000000>;
L_0x55557b6efcf0 .functor BUFZ 1, L_0x55557b6efa50, C4<0>, C4<0>, C4<0>;
L_0x55557b6f0da0 .functor BUFZ 1, v0x55557b3635d0_0, C4<0>, C4<0>, C4<0>;
L_0x55557b6f0e80 .functor BUFZ 1, L_0x55557b6efb30, C4<0>, C4<0>, C4<0>;
v0x55557b363710_0 .net "va4102a", 0 0, L_0x55557b6efa50;  alias, 1 drivers
o0x7a68e79ee5e8 .functor BUFZ 1, C4<z>; HiZ drive
v0x55557b3637d0_0 .net "va58c5b", 0 0, o0x7a68e79ee5e8;  0 drivers
v0x55557b69b630_0 .net "ve8318d", 0 0, L_0x55557b6f0da0;  alias, 1 drivers
v0x55557b69b6d0_0 .net "vf54559", 0 0, L_0x55557b6efb30;  alias, 1 drivers
v0x55557b69b770_0 .net "w0", 0 0, L_0x55557b6efcf0;  1 drivers
v0x55557b69b810_0 .net "w1", 0 0, v0x55557b3635d0_0;  1 drivers
v0x55557b69b8b0_0 .net "w3", 0 0, L_0x55557b6f0e80;  1 drivers
S_0x55557b2d7a00 .scope module, "vb8adf8" "v58ed2b_vb8adf8" 3 822, 3 835 0, S_0x55557b2d76f0;
 .timescale -12 -12;
    .port_info 0 /INPUT 1 "clk";
    .port_info 1 /INPUT 1 "d";
    .port_info 2 /OUTPUT 1 "q";
P_0x55557b3d2fa0 .param/l "INI" 0 3 836, +C4<00000000000000000000000000000000>;
v0x55557b363390_0 .net "clk", 0 0, L_0x55557b6efcf0;  alias, 1 drivers
v0x55557b363470_0 .net "d", 0 0, L_0x55557b6f0e80;  alias, 1 drivers
v0x55557b363530_0 .net "q", 0 0, v0x55557b3635d0_0;  alias, 1 drivers
v0x55557b3635d0_0 .var "qi", 0 0;
E_0x55557b2d7c00 .event posedge, v0x55557b363390_0;
S_0x55557b69bd10 .scope module, "vb745cf" "v5acce8" 3 747, 3 781 0, S_0x55557b6498a0;
 .timescale -12 -12;
    .port_info 0 /INPUT 1 "v55dfde";
    .port_info 1 /INPUT 1 "vfea254";
    .port_info 2 /OUTPUT 1 "v9ed4fe";
L_0x55557b6fdd80 .functor BUFZ 1, RS_0x7a68e79eeb28, C4<0>, C4<0>, C4<0>;
L_0x55557b6fde80 .functor BUFZ 1, L_0x55557b6fd9a0, C4<0>, C4<0>, C4<0>;
L_0x55557b6fdff0 .functor BUFZ 1, L_0x55557b6fe180, C4<0>, C4<0>, C4<0>;
v0x55557b69c9c0_0 .net "v55dfde", 0 0, L_0x55557b6fd9a0;  alias, 1 drivers
v0x55557b69ca60_0 .net "v9ed4fe", 0 0, L_0x55557b6fdff0;  alias, 1 drivers
v0x55557b69cb00_0 .net8 "vfea254", 0 0, RS_0x7a68e79eeb28;  alias, 30 drivers
v0x55557b69cba0_0 .net "w0", 0 0, L_0x55557b6fdd80;  1 drivers
v0x55557b69cc40_0 .net "w1", 0 0, L_0x55557b6fde80;  1 drivers
v0x55557b69cce0_0 .net "w2", 0 0, L_0x55557b6fe180;  1 drivers
S_0x55557b69bea0 .scope module, "v06c055" "v58ed2b" 3 792, 3 805 0, S_0x55557b69bd10;
 .timescale -12 -12;
    .port_info 0 /INPUT 1 "va4102a";
    .port_info 1 /INPUT 1 "vf54559";
    .port_info 2 /OUTPUT 1 "va58c5b";
    .port_info 3 /OUTPUT 1 "ve8318d";
P_0x55557b2d8e00 .param/l "p2" 1 3 813, +C4<00000000000000000000000000000000>;
P_0x55557b2d8e40 .param/l "v71e305" 0 3 806, +C4<00000000000000000000000000000000>;
L_0x55557b6fe080 .functor BUFZ 1, L_0x55557b6fdd80, C4<0>, C4<0>, C4<0>;
L_0x55557b6fe180 .functor BUFZ 1, v0x55557b69c4c0_0, C4<0>, C4<0>, C4<0>;
L_0x55557b6fe260 .functor BUFZ 1, L_0x55557b6fde80, C4<0>, C4<0>, C4<0>;
v0x55557b69c560_0 .net "va4102a", 0 0, L_0x55557b6fdd80;  alias, 1 drivers
o0x7a68e79ee9a8 .functor BUFZ 1, C4<z>; HiZ drive
v0x55557b69c600_0 .net "va58c5b", 0 0, o0x7a68e79ee9a8;  0 drivers
v0x55557b69c6a0_0 .net "ve8318d", 0 0, L_0x55557b6fe180;  alias, 1 drivers
v0x55557b69c740_0 .net "vf54559", 0 0, L_0x55557b6fde80;  alias, 1 drivers
v0x55557b69c7e0_0 .net "w0", 0 0, L_0x55557b6fe080;  1 drivers
v0x55557b69c880_0 .net "w1", 0 0, v0x55557b69c4c0_0;  1 drivers
v0x55557b69c920_0 .net "w3", 0 0, L_0x55557b6fe260;  1 drivers
S_0x55557b69c0c0 .scope module, "vb8adf8" "v58ed2b_vb8adf8" 3 822, 3 835 0, S_0x55557b69bea0;
 .timescale -12 -12;
    .port_info 0 /INPUT 1 "clk";
    .port_info 1 /INPUT 1 "d";
    .port_info 2 /OUTPUT 1 "q";
P_0x55557b3cb7f0 .param/l "INI" 0 3 836, +C4<00000000000000000000000000000000>;
v0x55557b69c2e0_0 .net "clk", 0 0, L_0x55557b6fe080;  alias, 1 drivers
v0x55557b69c380_0 .net "d", 0 0, L_0x55557b6fe260;  alias, 1 drivers
v0x55557b69c420_0 .net "q", 0 0, v0x55557b69c4c0_0;  alias, 1 drivers
v0x55557b69c4c0_0 .var "qi", 0 0;
E_0x55557b3cb370 .event posedge, v0x55557b69c2e0_0;
S_0x55557b69cd80 .scope module, "vb9758d" "v5acce8" 3 601, 3 781 0, S_0x55557b6498a0;
 .timescale -12 -12;
    .port_info 0 /INPUT 1 "v55dfde";
    .port_info 1 /INPUT 1 "vfea254";
    .port_info 2 /OUTPUT 1 "v9ed4fe";
L_0x55557b6e53c0 .functor BUFZ 1, RS_0x7a68e79eeeb8, C4<0>, C4<0>, C4<0>;
L_0x55557b6e6210 .functor BUFZ 1, L_0x55557b6fec90, C4<0>, C4<0>, C4<0>;
L_0x55557b6e62f0 .functor BUFZ 1, L_0x55557b6e7410, C4<0>, C4<0>, C4<0>;
v0x55557b69da30_0 .net "v55dfde", 0 0, L_0x55557b6fec90;  alias, 1 drivers
v0x55557b69dad0_0 .net "v9ed4fe", 0 0, L_0x55557b6e62f0;  alias, 1 drivers
v0x55557b69db70_0 .net8 "vfea254", 0 0, RS_0x7a68e79eeeb8;  alias, 2 drivers
v0x55557b69dc10_0 .net "w0", 0 0, L_0x55557b6e53c0;  1 drivers
v0x55557b69dcb0_0 .net "w1", 0 0, L_0x55557b6e6210;  1 drivers
v0x55557b69dd50_0 .net "w2", 0 0, L_0x55557b6e7410;  1 drivers
S_0x55557b69cf10 .scope module, "v06c055" "v58ed2b" 3 792, 3 805 0, S_0x55557b69cd80;
 .timescale -12 -12;
    .port_info 0 /INPUT 1 "va4102a";
    .port_info 1 /INPUT 1 "vf54559";
    .port_info 2 /OUTPUT 1 "va58c5b";
    .port_info 3 /OUTPUT 1 "ve8318d";
P_0x55557b69c250 .param/l "p2" 1 3 813, +C4<00000000000000000000000000000000>;
P_0x55557b69c290 .param/l "v71e305" 0 3 806, +C4<00000000000000000000000000000000>;
L_0x55557b6e7360 .functor BUFZ 1, L_0x55557b6e53c0, C4<0>, C4<0>, C4<0>;
L_0x55557b6e7410 .functor BUFZ 1, v0x55557b69d530_0, C4<0>, C4<0>, C4<0>;
L_0x55557b6e74f0 .functor BUFZ 1, L_0x55557b6e6210, C4<0>, C4<0>, C4<0>;
v0x55557b69d5d0_0 .net "va4102a", 0 0, L_0x55557b6e53c0;  alias, 1 drivers
o0x7a68e79eed68 .functor BUFZ 1, C4<z>; HiZ drive
v0x55557b69d670_0 .net "va58c5b", 0 0, o0x7a68e79eed68;  0 drivers
v0x55557b69d710_0 .net "ve8318d", 0 0, L_0x55557b6e7410;  alias, 1 drivers
v0x55557b69d7b0_0 .net "vf54559", 0 0, L_0x55557b6e6210;  alias, 1 drivers
v0x55557b69d850_0 .net "w0", 0 0, L_0x55557b6e7360;  1 drivers
v0x55557b69d8f0_0 .net "w1", 0 0, v0x55557b69d530_0;  1 drivers
v0x55557b69d990_0 .net "w3", 0 0, L_0x55557b6e74f0;  1 drivers
S_0x55557b69d130 .scope module, "vb8adf8" "v58ed2b_vb8adf8" 3 822, 3 835 0, S_0x55557b69cf10;
 .timescale -12 -12;
    .port_info 0 /INPUT 1 "clk";
    .port_info 1 /INPUT 1 "d";
    .port_info 2 /OUTPUT 1 "q";
P_0x55557b3c64d0 .param/l "INI" 0 3 836, +C4<00000000000000000000000000000000>;
v0x55557b69d350_0 .net "clk", 0 0, L_0x55557b6e7360;  alias, 1 drivers
v0x55557b69d3f0_0 .net "d", 0 0, L_0x55557b6e74f0;  alias, 1 drivers
v0x55557b69d490_0 .net "q", 0 0, v0x55557b69d530_0;  alias, 1 drivers
v0x55557b69d530_0 .var "qi", 0 0;
E_0x55557b3c5940 .event posedge, v0x55557b69d350_0;
S_0x55557b69ddf0 .scope module, "vbba409" "v5acce8" 3 647, 3 781 0, S_0x55557b6498a0;
 .timescale -12 -12;
    .port_info 0 /INPUT 1 "v55dfde";
    .port_info 1 /INPUT 1 "vfea254";
    .port_info 2 /OUTPUT 1 "v9ed4fe";
L_0x55557b6f4710 .functor BUFZ 1, RS_0x7a68e79ef248, C4<0>, C4<0>, C4<0>;
L_0x55557b6f4810 .functor BUFZ 1, L_0x55557b6f4310, C4<0>, C4<0>, C4<0>;
L_0x55557b6f4980 .functor BUFZ 1, L_0x55557b6f4b10, C4<0>, C4<0>, C4<0>;
v0x55557b69eaa0_0 .net "v55dfde", 0 0, L_0x55557b6f4310;  alias, 1 drivers
v0x55557b69eb40_0 .net "v9ed4fe", 0 0, L_0x55557b6f4980;  alias, 1 drivers
v0x55557b69ebe0_0 .net8 "vfea254", 0 0, RS_0x7a68e79ef248;  alias, 10 drivers
v0x55557b69ec80_0 .net "w0", 0 0, L_0x55557b6f4710;  1 drivers
v0x55557b69ed20_0 .net "w1", 0 0, L_0x55557b6f4810;  1 drivers
v0x55557b69edc0_0 .net "w2", 0 0, L_0x55557b6f4b10;  1 drivers
S_0x55557b69df80 .scope module, "v06c055" "v58ed2b" 3 792, 3 805 0, S_0x55557b69ddf0;
 .timescale -12 -12;
    .port_info 0 /INPUT 1 "va4102a";
    .port_info 1 /INPUT 1 "vf54559";
    .port_info 2 /OUTPUT 1 "va58c5b";
    .port_info 3 /OUTPUT 1 "ve8318d";
P_0x55557b69d2c0 .param/l "p2" 1 3 813, +C4<00000000000000000000000000000000>;
P_0x55557b69d300 .param/l "v71e305" 0 3 806, +C4<00000000000000000000000000000000>;
L_0x55557b6f4a10 .functor BUFZ 1, L_0x55557b6f4710, C4<0>, C4<0>, C4<0>;
L_0x55557b6f4b10 .functor BUFZ 1, v0x55557b69e5a0_0, C4<0>, C4<0>, C4<0>;
L_0x55557b6f6420 .functor BUFZ 1, L_0x55557b6f4810, C4<0>, C4<0>, C4<0>;
v0x55557b69e640_0 .net "va4102a", 0 0, L_0x55557b6f4710;  alias, 1 drivers
o0x7a68e79ef0f8 .functor BUFZ 1, C4<z>; HiZ drive
v0x55557b69e6e0_0 .net "va58c5b", 0 0, o0x7a68e79ef0f8;  0 drivers
v0x55557b69e780_0 .net "ve8318d", 0 0, L_0x55557b6f4b10;  alias, 1 drivers
v0x55557b69e820_0 .net "vf54559", 0 0, L_0x55557b6f4810;  alias, 1 drivers
v0x55557b69e8c0_0 .net "w0", 0 0, L_0x55557b6f4a10;  1 drivers
v0x55557b69e960_0 .net "w1", 0 0, v0x55557b69e5a0_0;  1 drivers
v0x55557b69ea00_0 .net "w3", 0 0, L_0x55557b6f6420;  1 drivers
S_0x55557b69e1a0 .scope module, "vb8adf8" "v58ed2b_vb8adf8" 3 822, 3 835 0, S_0x55557b69df80;
 .timescale -12 -12;
    .port_info 0 /INPUT 1 "clk";
    .port_info 1 /INPUT 1 "d";
    .port_info 2 /OUTPUT 1 "q";
P_0x55557b3c43c0 .param/l "INI" 0 3 836, +C4<00000000000000000000000000000000>;
v0x55557b69e3c0_0 .net "clk", 0 0, L_0x55557b6f4a10;  alias, 1 drivers
v0x55557b69e460_0 .net "d", 0 0, L_0x55557b6f6420;  alias, 1 drivers
v0x55557b69e500_0 .net "q", 0 0, v0x55557b69e5a0_0;  alias, 1 drivers
v0x55557b69e5a0_0 .var "qi", 0 0;
E_0x55557b3c5de0 .event posedge, v0x55557b69e3c0_0;
S_0x55557b69ee60 .scope module, "vc65c3f" "v5acce8" 3 702, 3 781 0, S_0x55557b6498a0;
 .timescale -12 -12;
    .port_info 0 /INPUT 1 "v55dfde";
    .port_info 1 /INPUT 1 "vfea254";
    .port_info 2 /OUTPUT 1 "v9ed4fe";
L_0x55557b6fa470 .functor BUFZ 1, RS_0x7a68e79ef608, C4<0>, C4<0>, C4<0>;
L_0x55557b6fa570 .functor BUFZ 1, L_0x55557b6fa090, C4<0>, C4<0>, C4<0>;
L_0x55557b6fa6e0 .functor BUFZ 1, L_0x55557b6fa870, C4<0>, C4<0>, C4<0>;
v0x55557b69fb10_0 .net "v55dfde", 0 0, L_0x55557b6fa090;  alias, 1 drivers
v0x55557b69fbb0_0 .net "v9ed4fe", 0 0, L_0x55557b6fa6e0;  alias, 1 drivers
v0x55557b69fc50_0 .net8 "vfea254", 0 0, RS_0x7a68e79ef608;  alias, 21 drivers
v0x55557b69fcf0_0 .net "w0", 0 0, L_0x55557b6fa470;  1 drivers
v0x55557b69fd90_0 .net "w1", 0 0, L_0x55557b6fa570;  1 drivers
v0x55557b69fe30_0 .net "w2", 0 0, L_0x55557b6fa870;  1 drivers
S_0x55557b69eff0 .scope module, "v06c055" "v58ed2b" 3 792, 3 805 0, S_0x55557b69ee60;
 .timescale -12 -12;
    .port_info 0 /INPUT 1 "va4102a";
    .port_info 1 /INPUT 1 "vf54559";
    .port_info 2 /OUTPUT 1 "va58c5b";
    .port_info 3 /OUTPUT 1 "ve8318d";
P_0x55557b69e330 .param/l "p2" 1 3 813, +C4<00000000000000000000000000000000>;
P_0x55557b69e370 .param/l "v71e305" 0 3 806, +C4<00000000000000000000000000000000>;
L_0x55557b6fa770 .functor BUFZ 1, L_0x55557b6fa470, C4<0>, C4<0>, C4<0>;
L_0x55557b6fa870 .functor BUFZ 1, v0x55557b69f610_0, C4<0>, C4<0>, C4<0>;
L_0x55557b6fa950 .functor BUFZ 1, L_0x55557b6fa570, C4<0>, C4<0>, C4<0>;
v0x55557b69f6b0_0 .net "va4102a", 0 0, L_0x55557b6fa470;  alias, 1 drivers
o0x7a68e79ef488 .functor BUFZ 1, C4<z>; HiZ drive
v0x55557b69f750_0 .net "va58c5b", 0 0, o0x7a68e79ef488;  0 drivers
v0x55557b69f7f0_0 .net "ve8318d", 0 0, L_0x55557b6fa870;  alias, 1 drivers
v0x55557b69f890_0 .net "vf54559", 0 0, L_0x55557b6fa570;  alias, 1 drivers
v0x55557b69f930_0 .net "w0", 0 0, L_0x55557b6fa770;  1 drivers
v0x55557b69f9d0_0 .net "w1", 0 0, v0x55557b69f610_0;  1 drivers
v0x55557b69fa70_0 .net "w3", 0 0, L_0x55557b6fa950;  1 drivers
S_0x55557b69f210 .scope module, "vb8adf8" "v58ed2b_vb8adf8" 3 822, 3 835 0, S_0x55557b69eff0;
 .timescale -12 -12;
    .port_info 0 /INPUT 1 "clk";
    .port_info 1 /INPUT 1 "d";
    .port_info 2 /OUTPUT 1 "q";
P_0x55557b3cca70 .param/l "INI" 0 3 836, +C4<00000000000000000000000000000000>;
v0x55557b69f430_0 .net "clk", 0 0, L_0x55557b6fa770;  alias, 1 drivers
v0x55557b69f4d0_0 .net "d", 0 0, L_0x55557b6fa950;  alias, 1 drivers
v0x55557b69f570_0 .net "q", 0 0, v0x55557b69f610_0;  alias, 1 drivers
v0x55557b69f610_0 .var "qi", 0 0;
E_0x55557b3cc5f0 .event posedge, v0x55557b69f430_0;
S_0x55557b69fed0 .scope module, "vc8b97c" "v5acce8" 3 667, 3 781 0, S_0x55557b6498a0;
 .timescale -12 -12;
    .port_info 0 /INPUT 1 "v55dfde";
    .port_info 1 /INPUT 1 "vfea254";
    .port_info 2 /OUTPUT 1 "v9ed4fe";
L_0x55557b6f7800 .functor BUFZ 1, RS_0x7a68e79ef9c8, C4<0>, C4<0>, C4<0>;
L_0x55557b6f7900 .functor BUFZ 1, L_0x55557b6f7420, C4<0>, C4<0>, C4<0>;
L_0x55557b6f7a70 .functor BUFZ 1, L_0x55557b6f7c00, C4<0>, C4<0>, C4<0>;
v0x55557b6a0b80_0 .net "v55dfde", 0 0, L_0x55557b6f7420;  alias, 1 drivers
v0x55557b6a0c20_0 .net "v9ed4fe", 0 0, L_0x55557b6f7a70;  alias, 1 drivers
v0x55557b6a0cc0_0 .net8 "vfea254", 0 0, RS_0x7a68e79ef9c8;  alias, 14 drivers
v0x55557b6a0d60_0 .net "w0", 0 0, L_0x55557b6f7800;  1 drivers
v0x55557b6a0e00_0 .net "w1", 0 0, L_0x55557b6f7900;  1 drivers
v0x55557b6a0ea0_0 .net "w2", 0 0, L_0x55557b6f7c00;  1 drivers
S_0x55557b6a0060 .scope module, "v06c055" "v58ed2b" 3 792, 3 805 0, S_0x55557b69fed0;
 .timescale -12 -12;
    .port_info 0 /INPUT 1 "va4102a";
    .port_info 1 /INPUT 1 "vf54559";
    .port_info 2 /OUTPUT 1 "va58c5b";
    .port_info 3 /OUTPUT 1 "ve8318d";
P_0x55557b69f3a0 .param/l "p2" 1 3 813, +C4<00000000000000000000000000000000>;
P_0x55557b69f3e0 .param/l "v71e305" 0 3 806, +C4<00000000000000000000000000000000>;
L_0x55557b6f7b00 .functor BUFZ 1, L_0x55557b6f7800, C4<0>, C4<0>, C4<0>;
L_0x55557b6f7c00 .functor BUFZ 1, v0x55557b6a0680_0, C4<0>, C4<0>, C4<0>;
L_0x55557b6f7ce0 .functor BUFZ 1, L_0x55557b6f7900, C4<0>, C4<0>, C4<0>;
v0x55557b6a0720_0 .net "va4102a", 0 0, L_0x55557b6f7800;  alias, 1 drivers
o0x7a68e79ef848 .functor BUFZ 1, C4<z>; HiZ drive
v0x55557b6a07c0_0 .net "va58c5b", 0 0, o0x7a68e79ef848;  0 drivers
v0x55557b6a0860_0 .net "ve8318d", 0 0, L_0x55557b6f7c00;  alias, 1 drivers
v0x55557b6a0900_0 .net "vf54559", 0 0, L_0x55557b6f7900;  alias, 1 drivers
v0x55557b6a09a0_0 .net "w0", 0 0, L_0x55557b6f7b00;  1 drivers
v0x55557b6a0a40_0 .net "w1", 0 0, v0x55557b6a0680_0;  1 drivers
v0x55557b6a0ae0_0 .net "w3", 0 0, L_0x55557b6f7ce0;  1 drivers
S_0x55557b6a0280 .scope module, "vb8adf8" "v58ed2b_vb8adf8" 3 822, 3 835 0, S_0x55557b6a0060;
 .timescale -12 -12;
    .port_info 0 /INPUT 1 "clk";
    .port_info 1 /INPUT 1 "d";
    .port_info 2 /OUTPUT 1 "q";
P_0x55557b347dc0 .param/l "INI" 0 3 836, +C4<00000000000000000000000000000000>;
v0x55557b6a04a0_0 .net "clk", 0 0, L_0x55557b6f7b00;  alias, 1 drivers
v0x55557b6a0540_0 .net "d", 0 0, L_0x55557b6f7ce0;  alias, 1 drivers
v0x55557b6a05e0_0 .net "q", 0 0, v0x55557b6a0680_0;  alias, 1 drivers
v0x55557b6a0680_0 .var "qi", 0 0;
E_0x55557b348dd0 .event posedge, v0x55557b6a04a0_0;
S_0x55557b6a0f40 .scope module, "vcd3261" "v5acce8" 3 662, 3 781 0, S_0x55557b6498a0;
 .timescale -12 -12;
    .port_info 0 /INPUT 1 "v55dfde";
    .port_info 1 /INPUT 1 "vfea254";
    .port_info 2 /OUTPUT 1 "v9ed4fe";
L_0x55557b6f71b0 .functor BUFZ 1, RS_0x7a68e79efd58, C4<0>, C4<0>, C4<0>;
L_0x55557b6f72b0 .functor BUFZ 1, L_0x55557b6f6dd0, C4<0>, C4<0>, C4<0>;
L_0x55557b6f7420 .functor BUFZ 1, L_0x55557b6f75b0, C4<0>, C4<0>, C4<0>;
v0x55557b6a1bf0_0 .net "v55dfde", 0 0, L_0x55557b6f6dd0;  alias, 1 drivers
v0x55557b6a1c90_0 .net "v9ed4fe", 0 0, L_0x55557b6f7420;  alias, 1 drivers
v0x55557b6a1d30_0 .net8 "vfea254", 0 0, RS_0x7a68e79efd58;  alias, 13 drivers
v0x55557b6a1dd0_0 .net "w0", 0 0, L_0x55557b6f71b0;  1 drivers
v0x55557b6a1e70_0 .net "w1", 0 0, L_0x55557b6f72b0;  1 drivers
v0x55557b6a1f10_0 .net "w2", 0 0, L_0x55557b6f75b0;  1 drivers
S_0x55557b6a10d0 .scope module, "v06c055" "v58ed2b" 3 792, 3 805 0, S_0x55557b6a0f40;
 .timescale -12 -12;
    .port_info 0 /INPUT 1 "va4102a";
    .port_info 1 /INPUT 1 "vf54559";
    .port_info 2 /OUTPUT 1 "va58c5b";
    .port_info 3 /OUTPUT 1 "ve8318d";
P_0x55557b6a0410 .param/l "p2" 1 3 813, +C4<00000000000000000000000000000000>;
P_0x55557b6a0450 .param/l "v71e305" 0 3 806, +C4<00000000000000000000000000000000>;
L_0x55557b6f74b0 .functor BUFZ 1, L_0x55557b6f71b0, C4<0>, C4<0>, C4<0>;
L_0x55557b6f75b0 .functor BUFZ 1, v0x55557b6a16f0_0, C4<0>, C4<0>, C4<0>;
L_0x55557b6f7690 .functor BUFZ 1, L_0x55557b6f72b0, C4<0>, C4<0>, C4<0>;
v0x55557b6a1790_0 .net "va4102a", 0 0, L_0x55557b6f71b0;  alias, 1 drivers
o0x7a68e79efc08 .functor BUFZ 1, C4<z>; HiZ drive
v0x55557b6a1830_0 .net "va58c5b", 0 0, o0x7a68e79efc08;  0 drivers
v0x55557b6a18d0_0 .net "ve8318d", 0 0, L_0x55557b6f75b0;  alias, 1 drivers
v0x55557b6a1970_0 .net "vf54559", 0 0, L_0x55557b6f72b0;  alias, 1 drivers
v0x55557b6a1a10_0 .net "w0", 0 0, L_0x55557b6f74b0;  1 drivers
v0x55557b6a1ab0_0 .net "w1", 0 0, v0x55557b6a16f0_0;  1 drivers
v0x55557b6a1b50_0 .net "w3", 0 0, L_0x55557b6f7690;  1 drivers
S_0x55557b6a12f0 .scope module, "vb8adf8" "v58ed2b_vb8adf8" 3 822, 3 835 0, S_0x55557b6a10d0;
 .timescale -12 -12;
    .port_info 0 /INPUT 1 "clk";
    .port_info 1 /INPUT 1 "d";
    .port_info 2 /OUTPUT 1 "q";
P_0x55557b3334c0 .param/l "INI" 0 3 836, +C4<00000000000000000000000000000000>;
v0x55557b6a1510_0 .net "clk", 0 0, L_0x55557b6f74b0;  alias, 1 drivers
v0x55557b6a15b0_0 .net "d", 0 0, L_0x55557b6f7690;  alias, 1 drivers
v0x55557b6a1650_0 .net "q", 0 0, v0x55557b6a16f0_0;  alias, 1 drivers
v0x55557b6a16f0_0 .var "qi", 0 0;
E_0x55557b6838b0 .event posedge, v0x55557b6a1510_0;
S_0x55557b6a1fb0 .scope module, "vdbb96d" "v5acce8" 3 752, 3 781 0, S_0x55557b6498a0;
 .timescale -12 -12;
    .port_info 0 /INPUT 1 "v55dfde";
    .port_info 1 /INPUT 1 "vfea254";
    .port_info 2 /OUTPUT 1 "v9ed4fe";
L_0x55557b6fe3d0 .functor BUFZ 1, RS_0x7a68e79f00e8, C4<0>, C4<0>, C4<0>;
L_0x55557b6fe4d0 .functor BUFZ 1, L_0x55557b6fdff0, C4<0>, C4<0>, C4<0>;
L_0x55557b6fe640 .functor BUFZ 1, L_0x55557b6fe7d0, C4<0>, C4<0>, C4<0>;
v0x55557b6a2fa0_0 .net "v55dfde", 0 0, L_0x55557b6fdff0;  alias, 1 drivers
v0x55557b6a3060_0 .net "v9ed4fe", 0 0, L_0x55557b6fe640;  alias, 1 drivers
v0x55557b6a3130_0 .net8 "vfea254", 0 0, RS_0x7a68e79f00e8;  alias, 31 drivers
v0x55557b6a3200_0 .net "w0", 0 0, L_0x55557b6fe3d0;  1 drivers
v0x55557b6a32d0_0 .net "w1", 0 0, L_0x55557b6fe4d0;  1 drivers
v0x55557b6a33c0_0 .net "w2", 0 0, L_0x55557b6fe7d0;  1 drivers
S_0x55557b6a2350 .scope module, "v06c055" "v58ed2b" 3 792, 3 805 0, S_0x55557b6a1fb0;
 .timescale -12 -12;
    .port_info 0 /INPUT 1 "va4102a";
    .port_info 1 /INPUT 1 "vf54559";
    .port_info 2 /OUTPUT 1 "va58c5b";
    .port_info 3 /OUTPUT 1 "ve8318d";
P_0x55557b6a1480 .param/l "p2" 1 3 813, +C4<00000000000000000000000000000000>;
P_0x55557b6a14c0 .param/l "v71e305" 0 3 806, +C4<00000000000000000000000000000000>;
L_0x55557b6fe6d0 .functor BUFZ 1, L_0x55557b6fe3d0, C4<0>, C4<0>, C4<0>;
L_0x55557b6fe7d0 .functor BUFZ 1, v0x55557b6a2970_0, C4<0>, C4<0>, C4<0>;
L_0x55557b6fe8b0 .functor BUFZ 1, L_0x55557b6fe4d0, C4<0>, C4<0>, C4<0>;
v0x55557b6a2a10_0 .net "va4102a", 0 0, L_0x55557b6fe3d0;  alias, 1 drivers
o0x7a68e79eff98 .functor BUFZ 1, C4<z>; HiZ drive
v0x55557b6a2ab0_0 .net "va58c5b", 0 0, o0x7a68e79eff98;  0 drivers
v0x55557b6a2b50_0 .net "ve8318d", 0 0, L_0x55557b6fe7d0;  alias, 1 drivers
v0x55557b6a2c20_0 .net "vf54559", 0 0, L_0x55557b6fe4d0;  alias, 1 drivers
v0x55557b6a2cc0_0 .net "w0", 0 0, L_0x55557b6fe6d0;  1 drivers
v0x55557b6a2db0_0 .net "w1", 0 0, v0x55557b6a2970_0;  1 drivers
v0x55557b6a2e80_0 .net "w3", 0 0, L_0x55557b6fe8b0;  1 drivers
S_0x55557b6a2570 .scope module, "vb8adf8" "v58ed2b_vb8adf8" 3 822, 3 835 0, S_0x55557b6a2350;
 .timescale -12 -12;
    .port_info 0 /INPUT 1 "clk";
    .port_info 1 /INPUT 1 "d";
    .port_info 2 /OUTPUT 1 "q";
P_0x55557b6687e0 .param/l "INI" 0 3 836, +C4<00000000000000000000000000000000>;
v0x55557b6a2790_0 .net "clk", 0 0, L_0x55557b6fe6d0;  alias, 1 drivers
v0x55557b6a2830_0 .net "d", 0 0, L_0x55557b6fe8b0;  alias, 1 drivers
v0x55557b6a28d0_0 .net "q", 0 0, v0x55557b6a2970_0;  alias, 1 drivers
v0x55557b6a2970_0 .var "qi", 0 0;
E_0x55557b684400 .event posedge, v0x55557b6a2790_0;
S_0x55557b6a3490 .scope module, "ve7d250" "v18c17a" 3 762, 3 901 0, S_0x55557b6498a0;
 .timescale -12 -12;
    .port_info 0 /INPUT 1 "v0e28cb";
    .port_info 1 /INPUT 1 "v3ca442";
    .port_info 2 /OUTPUT 1 "vcbab45";
L_0x55557b6fee60 .functor BUFZ 1, L_0x55557b6cfdc0, C4<0>, C4<0>, C4<0>;
L_0x55557b6fef10 .functor BUFZ 1, L_0x55557b6ed200, C4<0>, C4<0>, C4<0>;
L_0x55557b6ff080 .functor BUFZ 1, L_0x55557b6ff1a0, C4<0>, C4<0>, C4<0>;
v0x55557b6a3c40_0 .net "v0e28cb", 0 0, L_0x55557b6cfdc0;  alias, 1 drivers
v0x55557b6a3d00_0 .net "v3ca442", 0 0, L_0x55557b6ed200;  alias, 1 drivers
v0x55557b6a3df0_0 .net "vcbab45", 0 0, L_0x55557b6ff080;  alias, 1 drivers
v0x55557b6a3ef0_0 .net "w0", 0 0, L_0x55557b6fee60;  1 drivers
v0x55557b6a3f90_0 .net "w1", 0 0, L_0x55557b6fef10;  1 drivers
v0x55557b6a4080_0 .net "w2", 0 0, L_0x55557b6ff1a0;  1 drivers
S_0x55557b6a36e0 .scope module, "vf4938a" "v18c17a_vf4938a" 3 912, 3 925 0, S_0x55557b6a3490;
 .timescale -12 -12;
    .port_info 0 /INPUT 1 "a";
    .port_info 1 /INPUT 1 "b";
    .port_info 2 /OUTPUT 1 "c";
L_0x55557b6ff1a0 .functor XOR 1, L_0x55557b6fee60, L_0x55557b6fef10, C4<0>, C4<0>;
v0x55557b6a3950_0 .net "a", 0 0, L_0x55557b6fee60;  alias, 1 drivers
v0x55557b6a3a30_0 .net "b", 0 0, L_0x55557b6fef10;  alias, 1 drivers
v0x55557b6a3af0_0 .net "c", 0 0, L_0x55557b6ff1a0;  alias, 1 drivers
S_0x55557b6a4150 .scope module, "vf22907" "v5acce8" 3 707, 3 781 0, S_0x55557b6498a0;
 .timescale -12 -12;
    .port_info 0 /INPUT 1 "v55dfde";
    .port_info 1 /INPUT 1 "vfea254";
    .port_info 2 /OUTPUT 1 "v9ed4fe";
L_0x55557b6faac0 .functor BUFZ 1, RS_0x7a68e79f0658, C4<0>, C4<0>, C4<0>;
L_0x55557b6fabc0 .functor BUFZ 1, L_0x55557b6fa6e0, C4<0>, C4<0>, C4<0>;
L_0x55557b6fad30 .functor BUFZ 1, L_0x55557b6faec0, C4<0>, C4<0>, C4<0>;
v0x55557b6a5530_0 .net "v55dfde", 0 0, L_0x55557b6fa6e0;  alias, 1 drivers
v0x55557b6a55f0_0 .net "v9ed4fe", 0 0, L_0x55557b6fad30;  alias, 1 drivers
v0x55557b6a56c0_0 .net8 "vfea254", 0 0, RS_0x7a68e79f0658;  alias, 22 drivers
v0x55557b6a5790_0 .net "w0", 0 0, L_0x55557b6faac0;  1 drivers
v0x55557b6a5860_0 .net "w1", 0 0, L_0x55557b6fabc0;  1 drivers
v0x55557b6a5950_0 .net "w2", 0 0, L_0x55557b6faec0;  1 drivers
S_0x55557b6a43a0 .scope module, "v06c055" "v58ed2b" 3 792, 3 805 0, S_0x55557b6a4150;
 .timescale -12 -12;
    .port_info 0 /INPUT 1 "va4102a";
    .port_info 1 /INPUT 1 "vf54559";
    .port_info 2 /OUTPUT 1 "va58c5b";
    .port_info 3 /OUTPUT 1 "ve8318d";
P_0x55557b6a2700 .param/l "p2" 1 3 813, +C4<00000000000000000000000000000000>;
P_0x55557b6a2740 .param/l "v71e305" 0 3 806, +C4<00000000000000000000000000000000>;
L_0x55557b6fadc0 .functor BUFZ 1, L_0x55557b6faac0, C4<0>, C4<0>, C4<0>;
L_0x55557b6faec0 .functor BUFZ 1, v0x55557b6a4e00_0, C4<0>, C4<0>, C4<0>;
L_0x55557b6fafa0 .functor BUFZ 1, L_0x55557b6fabc0, C4<0>, C4<0>, C4<0>;
v0x55557b6a4f40_0 .net "va4102a", 0 0, L_0x55557b6faac0;  alias, 1 drivers
o0x7a68e79f0508 .functor BUFZ 1, C4<z>; HiZ drive
v0x55557b6a5000_0 .net "va58c5b", 0 0, o0x7a68e79f0508;  0 drivers
v0x55557b6a50c0_0 .net "ve8318d", 0 0, L_0x55557b6faec0;  alias, 1 drivers
v0x55557b6a5190_0 .net "vf54559", 0 0, L_0x55557b6fabc0;  alias, 1 drivers
v0x55557b6a5250_0 .net "w0", 0 0, L_0x55557b6fadc0;  1 drivers
v0x55557b6a5340_0 .net "w1", 0 0, v0x55557b6a4e00_0;  1 drivers
v0x55557b6a5410_0 .net "w3", 0 0, L_0x55557b6fafa0;  1 drivers
S_0x55557b6a4740 .scope module, "vb8adf8" "v58ed2b_vb8adf8" 3 822, 3 835 0, S_0x55557b6a43a0;
 .timescale -12 -12;
    .port_info 0 /INPUT 1 "clk";
    .port_info 1 /INPUT 1 "d";
    .port_info 2 /OUTPUT 1 "q";
P_0x55557b6a4920 .param/l "INI" 0 3 836, +C4<00000000000000000000000000000000>;
v0x55557b6a4b90_0 .net "clk", 0 0, L_0x55557b6fadc0;  alias, 1 drivers
v0x55557b6a4c70_0 .net "d", 0 0, L_0x55557b6fafa0;  alias, 1 drivers
v0x55557b6a4d30_0 .net "q", 0 0, v0x55557b6a4e00_0;  alias, 1 drivers
v0x55557b6a4e00_0 .var "qi", 0 0;
E_0x55557b6a4b10 .event posedge, v0x55557b6a4b90_0;
S_0x55557b6a5a20 .scope module, "vf61f9e" "v5acce8" 3 687, 3 781 0, S_0x55557b6498a0;
 .timescale -12 -12;
    .port_info 0 /INPUT 1 "v55dfde";
    .port_info 1 /INPUT 1 "vfea254";
    .port_info 2 /OUTPUT 1 "v9ed4fe";
L_0x55557b6f9180 .functor BUFZ 1, RS_0x7a68e79f0a18, C4<0>, C4<0>, C4<0>;
L_0x55557b6f9280 .functor BUFZ 1, L_0x55557b6f8d80, C4<0>, C4<0>, C4<0>;
L_0x55557b6f93f0 .functor BUFZ 1, L_0x55557b6f9580, C4<0>, C4<0>, C4<0>;
v0x55557b6a6e20_0 .net "v55dfde", 0 0, L_0x55557b6f8d80;  alias, 1 drivers
v0x55557b6a6ee0_0 .net "v9ed4fe", 0 0, L_0x55557b6f93f0;  alias, 1 drivers
v0x55557b6a6f80_0 .net8 "vfea254", 0 0, RS_0x7a68e79f0a18;  alias, 18 drivers
v0x55557b6a7050_0 .net "w0", 0 0, L_0x55557b6f9180;  1 drivers
v0x55557b6a7120_0 .net "w1", 0 0, L_0x55557b6f9280;  1 drivers
v0x55557b6a7210_0 .net "w2", 0 0, L_0x55557b6f9580;  1 drivers
S_0x55557b6a5c70 .scope module, "v06c055" "v58ed2b" 3 792, 3 805 0, S_0x55557b6a5a20;
 .timescale -12 -12;
    .port_info 0 /INPUT 1 "va4102a";
    .port_info 1 /INPUT 1 "vf54559";
    .port_info 2 /OUTPUT 1 "va58c5b";
    .port_info 3 /OUTPUT 1 "ve8318d";
P_0x55557b6a49c0 .param/l "p2" 1 3 813, +C4<00000000000000000000000000000000>;
P_0x55557b6a4a00 .param/l "v71e305" 0 3 806, +C4<00000000000000000000000000000000>;
L_0x55557b6f9480 .functor BUFZ 1, L_0x55557b6f9180, C4<0>, C4<0>, C4<0>;
L_0x55557b6f9580 .functor BUFZ 1, v0x55557b6a66f0_0, C4<0>, C4<0>, C4<0>;
L_0x55557b6f9660 .functor BUFZ 1, L_0x55557b6f9280, C4<0>, C4<0>, C4<0>;
v0x55557b6a6830_0 .net "va4102a", 0 0, L_0x55557b6f9180;  alias, 1 drivers
o0x7a68e79f0898 .functor BUFZ 1, C4<z>; HiZ drive
v0x55557b6a68f0_0 .net "va58c5b", 0 0, o0x7a68e79f0898;  0 drivers
v0x55557b6a69b0_0 .net "ve8318d", 0 0, L_0x55557b6f9580;  alias, 1 drivers
v0x55557b6a6a80_0 .net "vf54559", 0 0, L_0x55557b6f9280;  alias, 1 drivers
v0x55557b6a6b40_0 .net "w0", 0 0, L_0x55557b6f9480;  1 drivers
v0x55557b6a6c30_0 .net "w1", 0 0, v0x55557b6a66f0_0;  1 drivers
v0x55557b6a6d00_0 .net "w3", 0 0, L_0x55557b6f9660;  1 drivers
S_0x55557b6a6010 .scope module, "vb8adf8" "v58ed2b_vb8adf8" 3 822, 3 835 0, S_0x55557b6a5c70;
 .timescale -12 -12;
    .port_info 0 /INPUT 1 "clk";
    .port_info 1 /INPUT 1 "d";
    .port_info 2 /OUTPUT 1 "q";
P_0x55557b6a6210 .param/l "INI" 0 3 836, +C4<00000000000000000000000000000000>;
v0x55557b6a6480_0 .net "clk", 0 0, L_0x55557b6f9480;  alias, 1 drivers
v0x55557b6a6560_0 .net "d", 0 0, L_0x55557b6f9660;  alias, 1 drivers
v0x55557b6a6620_0 .net "q", 0 0, v0x55557b6a66f0_0;  alias, 1 drivers
v0x55557b6a66f0_0 .var "qi", 0 0;
E_0x55557b6a6400 .event posedge, v0x55557b6a6480_0;
S_0x55557b6a7300 .scope module, "vf991fe" "v5acce8" 3 692, 3 781 0, S_0x55557b6498a0;
 .timescale -12 -12;
    .port_info 0 /INPUT 1 "v55dfde";
    .port_info 1 /INPUT 1 "vfea254";
    .port_info 2 /OUTPUT 1 "v9ed4fe";
L_0x55557b6f97d0 .functor BUFZ 1, RS_0x7a68e79f0da8, C4<0>, C4<0>, C4<0>;
L_0x55557b6f98d0 .functor BUFZ 1, L_0x55557b6f93f0, C4<0>, C4<0>, C4<0>;
L_0x55557b6f9a40 .functor BUFZ 1, L_0x55557b6f9bd0, C4<0>, C4<0>, C4<0>;
v0x55557b6a8720_0 .net "v55dfde", 0 0, L_0x55557b6f93f0;  alias, 1 drivers
v0x55557b6a87e0_0 .net "v9ed4fe", 0 0, L_0x55557b6f9a40;  alias, 1 drivers
v0x55557b6a88b0_0 .net8 "vfea254", 0 0, RS_0x7a68e79f0da8;  alias, 19 drivers
v0x55557b6a8980_0 .net "w0", 0 0, L_0x55557b6f97d0;  1 drivers
v0x55557b6a8a50_0 .net "w1", 0 0, L_0x55557b6f98d0;  1 drivers
v0x55557b6a8b40_0 .net "w2", 0 0, L_0x55557b6f9bd0;  1 drivers
S_0x55557b6a7550 .scope module, "v06c055" "v58ed2b" 3 792, 3 805 0, S_0x55557b6a7300;
 .timescale -12 -12;
    .port_info 0 /INPUT 1 "va4102a";
    .port_info 1 /INPUT 1 "vf54559";
    .port_info 2 /OUTPUT 1 "va58c5b";
    .port_info 3 /OUTPUT 1 "ve8318d";
P_0x55557b6a62b0 .param/l "p2" 1 3 813, +C4<00000000000000000000000000000000>;
P_0x55557b6a62f0 .param/l "v71e305" 0 3 806, +C4<00000000000000000000000000000000>;
L_0x55557b6f9ad0 .functor BUFZ 1, L_0x55557b6f97d0, C4<0>, C4<0>, C4<0>;
L_0x55557b6f9bd0 .functor BUFZ 1, v0x55557b6a7ff0_0, C4<0>, C4<0>, C4<0>;
L_0x55557b6f9cb0 .functor BUFZ 1, L_0x55557b6f98d0, C4<0>, C4<0>, C4<0>;
v0x55557b6a8130_0 .net "va4102a", 0 0, L_0x55557b6f97d0;  alias, 1 drivers
o0x7a68e79f0c58 .functor BUFZ 1, C4<z>; HiZ drive
v0x55557b6a81f0_0 .net "va58c5b", 0 0, o0x7a68e79f0c58;  0 drivers
v0x55557b6a82b0_0 .net "ve8318d", 0 0, L_0x55557b6f9bd0;  alias, 1 drivers
v0x55557b6a8380_0 .net "vf54559", 0 0, L_0x55557b6f98d0;  alias, 1 drivers
v0x55557b6a8440_0 .net "w0", 0 0, L_0x55557b6f9ad0;  1 drivers
v0x55557b6a8530_0 .net "w1", 0 0, v0x55557b6a7ff0_0;  1 drivers
v0x55557b6a8600_0 .net "w3", 0 0, L_0x55557b6f9cb0;  1 drivers
S_0x55557b6a7910 .scope module, "vb8adf8" "v58ed2b_vb8adf8" 3 822, 3 835 0, S_0x55557b6a7550;
 .timescale -12 -12;
    .port_info 0 /INPUT 1 "clk";
    .port_info 1 /INPUT 1 "d";
    .port_info 2 /OUTPUT 1 "q";
P_0x55557b6a7b10 .param/l "INI" 0 3 836, +C4<00000000000000000000000000000000>;
v0x55557b6a7d80_0 .net "clk", 0 0, L_0x55557b6f9ad0;  alias, 1 drivers
v0x55557b6a7e60_0 .net "d", 0 0, L_0x55557b6f9cb0;  alias, 1 drivers
v0x55557b6a7f20_0 .net "q", 0 0, v0x55557b6a7ff0_0;  alias, 1 drivers
v0x55557b6a7ff0_0 .var "qi", 0 0;
E_0x55557b6a7d00 .event posedge, v0x55557b6a7d80_0;
    .scope S_0x55557b3809b0;
T_2 ;
    %pushi/vec4 0, 0, 1;
    %store/vec4 v0x55557b35e110_0, 0, 1;
    %pushi/vec4 0, 0, 1;
    %store/vec4 v0x55557b35dfc0_0, 0, 1;
    %end;
    .thread T_2;
    .scope S_0x55557b3809b0;
T_3 ;
    %wait E_0x55557b651460;
    %load/vec4 v0x55557b551f10_0;
    %flag_set/vec4 8;
    %jmp/0xz  T_3.0, 8;
    %load/vec4 v0x55557b3565d0_0;
    %flag_set/vec4 8;
    %jmp/0 T_3.2, 8;
    %pushi/vec4 0, 0, 1;
    %jmp/1 T_3.3, 8;
T_3.2 ; End of true expr.
    %load/vec4 v0x55557b35a570_0;
    %jmp/0 T_3.3, 8;
 ; End of false expr.
    %blend;
T_3.3;
    %assign/vec4 v0x55557b35e110_0, 0;
T_3.0 ;
    %jmp T_3;
    .thread T_3;
    .scope S_0x55557b3809b0;
T_4 ;
    %wait E_0x55557b6528a0;
    %load/vec4 v0x55557b3565d0_0;
    %flag_set/vec4 8;
    %jmp/0xz  T_4.0, 8;
    %pushi/vec4 0, 0, 1;
    %assign/vec4 v0x55557b35dfc0_0, 0;
    %jmp T_4.1;
T_4.0 ;
    %load/vec4 v0x55557b551f10_0;
    %flag_set/vec4 8;
    %jmp/0xz  T_4.2, 8;
    %load/vec4 v0x55557b35a570_0;
    %assign/vec4 v0x55557b35dfc0_0, 0;
T_4.2 ;
T_4.1 ;
    %jmp T_4;
    .thread T_4;
    .scope S_0x55557b649540;
T_5 ;
    %pushi/vec4 0, 0, 32;
    %store/vec4 v0x55557b2f38f0_0, 0, 32;
T_5.0 ; Top of for-loop 
    %load/vec4 v0x55557b2f38f0_0;
    %cmpi/s 16, 0, 32;
    %jmp/0xz T_5.1, 5;
    %pushi/vec4 0, 0, 256;
    %load/vec4 v0x55557b2f38f0_0;
    %muli 16, 0, 32;
    %part/s 16;
    %pushi/vec4 0, 0, 32;
    %load/vec4 v0x55557b2f38f0_0;
    %add;
    %ix/vec4/s 4;
    %store/vec4a v0x55557b2f7490, 4, 0;
    %pushi/vec4 0, 0, 256;
    %load/vec4 v0x55557b2f38f0_0;
    %muli 16, 0, 32;
    %part/s 16;
    %pushi/vec4 16, 0, 32;
    %load/vec4 v0x55557b2f38f0_0;
    %add;
    %ix/vec4/s 4;
    %store/vec4a v0x55557b2f7490, 4, 0;
    %pushi/vec4 0, 0, 256;
    %load/vec4 v0x55557b2f38f0_0;
    %muli 16, 0, 32;
    %part/s 16;
    %pushi/vec4 32, 0, 32;
    %load/vec4 v0x55557b2f38f0_0;
    %add;
    %ix/vec4/s 4;
    %store/vec4a v0x55557b2f7490, 4, 0;
    %pushi/vec4 0, 0, 256;
    %load/vec4 v0x55557b2f38f0_0;
    %muli 16, 0, 32;
    %part/s 16;
    %pushi/vec4 48, 0, 32;
    %load/vec4 v0x55557b2f38f0_0;
    %add;
    %ix/vec4/s 4;
    %store/vec4a v0x55557b2f7490, 4, 0;
    %pushi/vec4 0, 0, 256;
    %load/vec4 v0x55557b2f38f0_0;
    %muli 16, 0, 32;
    %part/s 16;
    %pushi/vec4 64, 0, 32;
    %load/vec4 v0x55557b2f38f0_0;
    %add;
    %ix/vec4/s 4;
    %store/vec4a v0x55557b2f7490, 4, 0;
    %pushi/vec4 0, 0, 256;
    %load/vec4 v0x55557b2f38f0_0;
    %muli 16, 0, 32;
    %part/s 16;
    %pushi/vec4 80, 0, 32;
    %load/vec4 v0x55557b2f38f0_0;
    %add;
    %ix/vec4/s 4;
    %store/vec4a v0x55557b2f7490, 4, 0;
    %pushi/vec4 0, 0, 256;
    %load/vec4 v0x55557b2f38f0_0;
    %muli 16, 0, 32;
    %part/s 16;
    %pushi/vec4 96, 0, 32;
    %load/vec4 v0x55557b2f38f0_0;
    %add;
    %ix/vec4/s 4;
    %store/vec4a v0x55557b2f7490, 4, 0;
    %pushi/vec4 0, 0, 256;
    %load/vec4 v0x55557b2f38f0_0;
    %muli 16, 0, 32;
    %part/s 16;
    %pushi/vec4 112, 0, 32;
    %load/vec4 v0x55557b2f38f0_0;
    %add;
    %ix/vec4/s 4;
    %store/vec4a v0x55557b2f7490, 4, 0;
    %pushi/vec4 0, 0, 256;
    %load/vec4 v0x55557b2f38f0_0;
    %muli 16, 0, 32;
    %part/s 16;
    %pushi/vec4 128, 0, 32;
    %load/vec4 v0x55557b2f38f0_0;
    %add;
    %ix/vec4/s 4;
    %store/vec4a v0x55557b2f7490, 4, 0;
    %pushi/vec4 0, 0, 256;
    %load/vec4 v0x55557b2f38f0_0;
    %muli 16, 0, 32;
    %part/s 16;
    %pushi/vec4 144, 0, 32;
    %load/vec4 v0x55557b2f38f0_0;
    %add;
    %ix/vec4/s 4;
    %store/vec4a v0x55557b2f7490, 4, 0;
    %pushi/vec4 0, 0, 256;
    %load/vec4 v0x55557b2f38f0_0;
    %muli 16, 0, 32;
    %part/s 16;
    %pushi/vec4 160, 0, 32;
    %load/vec4 v0x55557b2f38f0_0;
    %add;
    %ix/vec4/s 4;
    %store/vec4a v0x55557b2f7490, 4, 0;
    %pushi/vec4 0, 0, 256;
    %load/vec4 v0x55557b2f38f0_0;
    %muli 16, 0, 32;
    %part/s 16;
    %pushi/vec4 176, 0, 32;
    %load/vec4 v0x55557b2f38f0_0;
    %add;
    %ix/vec4/s 4;
    %store/vec4a v0x55557b2f7490, 4, 0;
    %pushi/vec4 0, 0, 256;
    %load/vec4 v0x55557b2f38f0_0;
    %muli 16, 0, 32;
    %part/s 16;
    %pushi/vec4 192, 0, 32;
    %load/vec4 v0x55557b2f38f0_0;
    %add;
    %ix/vec4/s 4;
    %store/vec4a v0x55557b2f7490, 4, 0;
    %pushi/vec4 0, 0, 256;
    %load/vec4 v0x55557b2f38f0_0;
    %muli 16, 0, 32;
    %part/s 16;
    %pushi/vec4 208, 0, 32;
    %load/vec4 v0x55557b2f38f0_0;
    %add;
    %ix/vec4/s 4;
    %store/vec4a v0x55557b2f7490, 4, 0;
    %pushi/vec4 0, 0, 256;
    %load/vec4 v0x55557b2f38f0_0;
    %muli 16, 0, 32;
    %part/s 16;
    %pushi/vec4 224, 0, 32;
    %load/vec4 v0x55557b2f38f0_0;
    %add;
    %ix/vec4/s 4;
    %store/vec4a v0x55557b2f7490, 4, 0;
    %pushi/vec4 0, 0, 256;
    %load/vec4 v0x55557b2f38f0_0;
    %muli 16, 0, 32;
    %part/s 16;
    %pushi/vec4 240, 0, 32;
    %load/vec4 v0x55557b2f38f0_0;
    %add;
    %ix/vec4/s 4;
    %store/vec4a v0x55557b2f7490, 4, 0;
T_5.2 ; for-loop step statement
    %load/vec4 v0x55557b2f38f0_0;
    %addi 1, 0, 32;
    %store/vec4 v0x55557b2f38f0_0, 0, 32;
    %jmp T_5.0;
T_5.1 ; for-loop exit label
    %end;
    .thread T_5;
    .scope S_0x55557b649540;
T_6 ;
    %wait E_0x55557b651b20;
    %load/vec4 v0x55557b35de60_0;
    %flag_set/vec4 9;
    %flag_get/vec4 9;
    %jmp/0 T_6.2, 9;
    %load/vec4 v0x55557b35e320_0;
    %and;
T_6.2;
    %flag_set/vec4 8;
    %jmp/0xz  T_6.0, 8;
    %load/vec4 v0x55557b379430_0;
    %parti/s 1, 0, 2;
    %nor/r;
    %flag_set/vec4 8;
    %jmp/0xz  T_6.3, 8;
    %load/vec4 v0x55557b35ee70_0;
    %parti/s 1, 0, 2;
    %load/vec4 v0x55557b3b8b50_0;
    %parti/s 8, 0, 2;
    %pad/u 10;
    %ix/vec4 3;
    %ix/load 4, 0, 0; Constant delay
    %assign/vec4/a/d v0x55557b2f7490, 0, 4;
T_6.3 ;
    %load/vec4 v0x55557b379430_0;
    %parti/s 1, 1, 2;
    %nor/r;
    %flag_set/vec4 8;
    %jmp/0xz  T_6.5, 8;
    %load/vec4 v0x55557b35ee70_0;
    %parti/s 1, 1, 2;
    %load/vec4 v0x55557b3b8b50_0;
    %parti/s 8, 0, 2;
    %pad/u 10;
    %ix/vec4 3;
    %ix/load 4, 1, 0; part off
    %ix/load 5, 0, 0; Constant delay
    %assign/vec4/a/d v0x55557b2f7490, 4, 5;
T_6.5 ;
    %load/vec4 v0x55557b379430_0;
    %parti/s 1, 2, 3;
    %nor/r;
    %flag_set/vec4 8;
    %jmp/0xz  T_6.7, 8;
    %load/vec4 v0x55557b35ee70_0;
    %parti/s 1, 2, 3;
    %load/vec4 v0x55557b3b8b50_0;
    %parti/s 8, 0, 2;
    %pad/u 10;
    %ix/vec4 3;
    %ix/load 4, 2, 0; part off
    %ix/load 5, 0, 0; Constant delay
    %assign/vec4/a/d v0x55557b2f7490, 4, 5;
T_6.7 ;
    %load/vec4 v0x55557b379430_0;
    %parti/s 1, 3, 3;
    %nor/r;
    %flag_set/vec4 8;
    %jmp/0xz  T_6.9, 8;
    %load/vec4 v0x55557b35ee70_0;
    %parti/s 1, 3, 3;
    %load/vec4 v0x55557b3b8b50_0;
    %parti/s 8, 0, 2;
    %pad/u 10;
    %ix/vec4 3;
    %ix/load 4, 3, 0; part off
    %ix/load 5, 0, 0; Constant delay
    %assign/vec4/a/d v0x55557b2f7490, 4, 5;
T_6.9 ;
    %load/vec4 v0x55557b379430_0;
    %parti/s 1, 4, 4;
    %nor/r;
    %flag_set/vec4 8;
    %jmp/0xz  T_6.11, 8;
    %load/vec4 v0x55557b35ee70_0;
    %parti/s 1, 4, 4;
    %load/vec4 v0x55557b3b8b50_0;
    %parti/s 8, 0, 2;
    %pad/u 10;
    %ix/vec4 3;
    %ix/load 4, 4, 0; part off
    %ix/load 5, 0, 0; Constant delay
    %assign/vec4/a/d v0x55557b2f7490, 4, 5;
T_6.11 ;
    %load/vec4 v0x55557b379430_0;
    %parti/s 1, 5, 4;
    %nor/r;
    %flag_set/vec4 8;
    %jmp/0xz  T_6.13, 8;
    %load/vec4 v0x55557b35ee70_0;
    %parti/s 1, 5, 4;
    %load/vec4 v0x55557b3b8b50_0;
    %parti/s 8, 0, 2;
    %pad/u 10;
    %ix/vec4 3;
    %ix/load 4, 5, 0; part off
    %ix/load 5, 0, 0; Constant delay
    %assign/vec4/a/d v0x55557b2f7490, 4, 5;
T_6.13 ;
    %load/vec4 v0x55557b379430_0;
    %parti/s 1, 6, 4;
    %nor/r;
    %flag_set/vec4 8;
    %jmp/0xz  T_6.15, 8;
    %load/vec4 v0x55557b35ee70_0;
    %parti/s 1, 6, 4;
    %load/vec4 v0x55557b3b8b50_0;
    %parti/s 8, 0, 2;
    %pad/u 10;
    %ix/vec4 3;
    %ix/load 4, 6, 0; part off
    %ix/load 5, 0, 0; Constant delay
    %assign/vec4/a/d v0x55557b2f7490, 4, 5;
T_6.15 ;
    %load/vec4 v0x55557b379430_0;
    %parti/s 1, 7, 4;
    %nor/r;
    %flag_set/vec4 8;
    %jmp/0xz  T_6.17, 8;
    %load/vec4 v0x55557b35ee70_0;
    %parti/s 1, 7, 4;
    %load/vec4 v0x55557b3b8b50_0;
    %parti/s 8, 0, 2;
    %pad/u 10;
    %ix/vec4 3;
    %ix/load 4, 7, 0; part off
    %ix/load 5, 0, 0; Constant delay
    %assign/vec4/a/d v0x55557b2f7490, 4, 5;
T_6.17 ;
    %load/vec4 v0x55557b379430_0;
    %parti/s 1, 8, 5;
    %nor/r;
    %flag_set/vec4 8;
    %jmp/0xz  T_6.19, 8;
    %load/vec4 v0x55557b35ee70_0;
    %parti/s 1, 8, 5;
    %load/vec4 v0x55557b3b8b50_0;
    %parti/s 8, 0, 2;
    %pad/u 10;
    %ix/vec4 3;
    %ix/load 4, 8, 0; part off
    %ix/load 5, 0, 0; Constant delay
    %assign/vec4/a/d v0x55557b2f7490, 4, 5;
T_6.19 ;
    %load/vec4 v0x55557b379430_0;
    %parti/s 1, 9, 5;
    %nor/r;
    %flag_set/vec4 8;
    %jmp/0xz  T_6.21, 8;
    %load/vec4 v0x55557b35ee70_0;
    %parti/s 1, 9, 5;
    %load/vec4 v0x55557b3b8b50_0;
    %parti/s 8, 0, 2;
    %pad/u 10;
    %ix/vec4 3;
    %ix/load 4, 9, 0; part off
    %ix/load 5, 0, 0; Constant delay
    %assign/vec4/a/d v0x55557b2f7490, 4, 5;
T_6.21 ;
    %load/vec4 v0x55557b379430_0;
    %parti/s 1, 10, 5;
    %nor/r;
    %flag_set/vec4 8;
    %jmp/0xz  T_6.23, 8;
    %load/vec4 v0x55557b35ee70_0;
    %parti/s 1, 10, 5;
    %load/vec4 v0x55557b3b8b50_0;
    %parti/s 8, 0, 2;
    %pad/u 10;
    %ix/vec4 3;
    %ix/load 4, 10, 0; part off
    %ix/load 5, 0, 0; Constant delay
    %assign/vec4/a/d v0x55557b2f7490, 4, 5;
T_6.23 ;
    %load/vec4 v0x55557b379430_0;
    %parti/s 1, 11, 5;
    %nor/r;
    %flag_set/vec4 8;
    %jmp/0xz  T_6.25, 8;
    %load/vec4 v0x55557b35ee70_0;
    %parti/s 1, 11, 5;
    %load/vec4 v0x55557b3b8b50_0;
    %parti/s 8, 0, 2;
    %pad/u 10;
    %ix/vec4 3;
    %ix/load 4, 11, 0; part off
    %ix/load 5, 0, 0; Constant delay
    %assign/vec4/a/d v0x55557b2f7490, 4, 5;
T_6.25 ;
    %load/vec4 v0x55557b379430_0;
    %parti/s 1, 12, 5;
    %nor/r;
    %flag_set/vec4 8;
    %jmp/0xz  T_6.27, 8;
    %load/vec4 v0x55557b35ee70_0;
    %parti/s 1, 12, 5;
    %load/vec4 v0x55557b3b8b50_0;
    %parti/s 8, 0, 2;
    %pad/u 10;
    %ix/vec4 3;
    %ix/load 4, 12, 0; part off
    %ix/load 5, 0, 0; Constant delay
    %assign/vec4/a/d v0x55557b2f7490, 4, 5;
T_6.27 ;
    %load/vec4 v0x55557b379430_0;
    %parti/s 1, 13, 5;
    %nor/r;
    %flag_set/vec4 8;
    %jmp/0xz  T_6.29, 8;
    %load/vec4 v0x55557b35ee70_0;
    %parti/s 1, 13, 5;
    %load/vec4 v0x55557b3b8b50_0;
    %parti/s 8, 0, 2;
    %pad/u 10;
    %ix/vec4 3;
    %ix/load 4, 13, 0; part off
    %ix/load 5, 0, 0; Constant delay
    %assign/vec4/a/d v0x55557b2f7490, 4, 5;
T_6.29 ;
    %load/vec4 v0x55557b379430_0;
    %parti/s 1, 14, 5;
    %nor/r;
    %flag_set/vec4 8;
    %jmp/0xz  T_6.31, 8;
    %load/vec4 v0x55557b35ee70_0;
    %parti/s 1, 14, 5;
    %load/vec4 v0x55557b3b8b50_0;
    %parti/s 8, 0, 2;
    %pad/u 10;
    %ix/vec4 3;
    %ix/load 4, 14, 0; part off
    %ix/load 5, 0, 0; Constant delay
    %assign/vec4/a/d v0x55557b2f7490, 4, 5;
T_6.31 ;
    %load/vec4 v0x55557b379430_0;
    %parti/s 1, 15, 5;
    %nor/r;
    %flag_set/vec4 8;
    %jmp/0xz  T_6.33, 8;
    %load/vec4 v0x55557b35ee70_0;
    %parti/s 1, 15, 5;
    %load/vec4 v0x55557b3b8b50_0;
    %parti/s 8, 0, 2;
    %pad/u 10;
    %ix/vec4 3;
    %ix/load 4, 15, 0; part off
    %ix/load 5, 0, 0; Constant delay
    %assign/vec4/a/d v0x55557b2f7490, 4, 5;
T_6.33 ;
T_6.0 ;
    %jmp T_6;
    .thread T_6;
    .scope S_0x55557b649540;
T_7 ;
    %wait E_0x55557b6517c0;
    %load/vec4 v0x55557b35e490_0;
    %flag_set/vec4 9;
    %flag_get/vec4 9;
    %jmp/0 T_7.2, 9;
    %load/vec4 v0x55557b362d70_0;
    %and;
T_7.2;
    %flag_set/vec4 8;
    %jmp/0xz  T_7.0, 8;
    %load/vec4 v0x55557b35ed00_0;
    %parti/s 8, 0, 2;
    %pad/u 10;
    %ix/vec4 4;
    %load/vec4a v0x55557b2f7490, 4;
    %load/vec4 v0x55557b3be1c0_0;
    %inv;
    %and;
    %assign/vec4 v0x55557b362390_0, 0;
T_7.0 ;
    %jmp T_7;
    .thread T_7;
    .scope S_0x55557b5ae560;
T_8 ;
    %pushi/vec4 0, 0, 1;
    %store/vec4 v0x55557b645190_0, 0, 1;
    %end;
    .thread T_8;
    .scope S_0x55557b5ae560;
T_9 ;
    %wait E_0x55557b651e80;
    %load/vec4 v0x55557b6455b0_0;
    %assign/vec4 v0x55557b645190_0, 0;
    %jmp T_9;
    .thread T_9;
    .scope S_0x55557b5af8f0;
T_10 ;
    %pushi/vec4 0, 0, 1;
    %store/vec4 v0x55557b644b70_0, 0, 1;
    %end;
    .thread T_10;
    .scope S_0x55557b5af8f0;
T_11 ;
    %wait E_0x55557b6521e0;
    %load/vec4 v0x55557b644ad0_0;
    %flag_set/vec4 8;
    %jmp/0xz  T_11.0, 8;
    %load/vec4 v0x55557b644f10_0;
    %assign/vec4 v0x55557b644b70_0, 0;
T_11.0 ;
    %jmp T_11;
    .thread T_11;
    .scope S_0x55557b652690;
T_12 ;
    %pushi/vec4 0, 0, 1;
    %store/vec4 v0x55557b6444b0_0, 0, 1;
    %end;
    .thread T_12;
    .scope S_0x55557b652690;
T_13 ;
    %wait E_0x55557b5f3fe0;
    %load/vec4 v0x55557b6440b0_0;
    %flag_set/vec4 8;
    %jmp/0xz  T_13.0, 8;
    %pushi/vec4 0, 0, 1;
    %assign/vec4 v0x55557b6444b0_0, 0;
    %jmp T_13.1;
T_13.0 ;
    %load/vec4 v0x55557b644410_0;
    %flag_set/vec4 8;
    %jmp/0xz  T_13.2, 8;
    %load/vec4 v0x55557b644850_0;
    %assign/vec4 v0x55557b6444b0_0, 0;
T_13.2 ;
T_13.1 ;
    %jmp T_13;
    .thread T_13;
    .scope S_0x55557b5f4130;
T_14 ;
    %pushi/vec4 0, 0, 1;
    %store/vec4 v0x55557b643a90_0, 0, 1;
    %end;
    .thread T_14;
    .scope S_0x55557b5f4130;
T_15 ;
    %wait E_0x55557b652540;
    %load/vec4 v0x55557b5f2960_0;
    %flag_set/vec4 8;
    %jmp/0xz  T_15.0, 8;
    %pushi/vec4 1, 0, 1;
    %assign/vec4 v0x55557b643a90_0, 0;
    %jmp T_15.1;
T_15.0 ;
    %load/vec4 v0x55557b6439f0_0;
    %flag_set/vec4 8;
    %jmp/0xz  T_15.2, 8;
    %load/vec4 v0x55557b643e10_0;
    %assign/vec4 v0x55557b643a90_0, 0;
T_15.2 ;
T_15.1 ;
    %jmp T_15;
    .thread T_15;
    .scope S_0x55557b652330;
T_16 ;
    %pushi/vec4 0, 0, 1;
    %store/vec4 v0x55557b6433d0_0, 0, 1;
    %end;
    .thread T_16;
    .scope S_0x55557b652330;
T_17 ;
    %wait E_0x55557b643b50;
    %load/vec4 v0x55557b643330_0;
    %flag_set/vec4 8;
    %jmp/0xz  T_17.0, 8;
    %load/vec4 v0x55557b642fd0_0;
    %flag_set/vec4 8;
    %jmp/0xz  T_17.2, 8;
    %pushi/vec4 0, 0, 1;
    %assign/vec4 v0x55557b6433d0_0, 0;
    %jmp T_17.3;
T_17.2 ;
    %load/vec4 v0x55557b643770_0;
    %assign/vec4 v0x55557b6433d0_0, 0;
T_17.3 ;
T_17.0 ;
    %jmp T_17;
    .thread T_17;
    .scope S_0x55557b651fd0;
T_18 ;
    %pushi/vec4 0, 0, 1;
    %store/vec4 v0x55557b6429b0_0, 0, 1;
    %end;
    .thread T_18;
    .scope S_0x55557b651fd0;
T_19 ;
    %wait E_0x55557b643490;
    %load/vec4 v0x55557b642910_0;
    %flag_set/vec4 8;
    %jmp/0xz  T_19.0, 8;
    %load/vec4 v0x55557b6425b0_0;
    %flag_set/vec4 8;
    %jmp/0xz  T_19.2, 8;
    %pushi/vec4 1, 0, 1;
    %assign/vec4 v0x55557b6429b0_0, 0;
    %jmp T_19.3;
T_19.2 ;
    %load/vec4 v0x55557b642d50_0;
    %assign/vec4 v0x55557b6429b0_0, 0;
T_19.3 ;
T_19.0 ;
    %jmp T_19;
    .thread T_19;
    .scope S_0x55557b651c70;
T_20 ;
    %pushi/vec4 0, 0, 1;
    %store/vec4 v0x55557b641ef0_0, 0, 1;
    %end;
    .thread T_20;
    .scope S_0x55557b651c70;
T_21 ;
    %wait E_0x55557b3828e0;
    %load/vec4 v0x55557b642330_0;
    %assign/vec4 v0x55557b641ef0_0, 0;
    %jmp T_21;
    .thread T_21;
    .scope S_0x55557b651910;
T_22 ;
    %pushi/vec4 0, 0, 1;
    %store/vec4 v0x55557b641900_0, 0, 1;
    %end;
    .thread T_22;
    .scope S_0x55557b651910;
T_23 ;
    %wait E_0x55557b642010;
    %load/vec4 v0x55557b641830_0;
    %flag_set/vec4 8;
    %jmp/0xz  T_23.0, 8;
    %load/vec4 v0x55557b641c50_0;
    %assign/vec4 v0x55557b641900_0, 0;
T_23.0 ;
    %jmp T_23;
    .thread T_23;
    .scope S_0x55557b6515b0;
T_24 ;
    %pushi/vec4 0, 0, 1;
    %store/vec4 v0x55557b641540_0, 0, 1;
    %end;
    .thread T_24;
    .scope S_0x55557b6515b0;
T_25 ;
    %wait E_0x55557b382420;
    %load/vec4 v0x55557b641140_0;
    %flag_set/vec4 8;
    %jmp/0xz  T_25.0, 8;
    %pushi/vec4 0, 0, 1;
    %assign/vec4 v0x55557b641540_0, 0;
    %jmp T_25.1;
T_25.0 ;
    %load/vec4 v0x55557b6414a0_0;
    %flag_set/vec4 8;
    %jmp/0xz  T_25.2, 8;
    %load/vec4 v0x55557b5f26e0_0;
    %assign/vec4 v0x55557b641540_0, 0;
T_25.2 ;
T_25.1 ;
    %jmp T_25;
    .thread T_25;
    .scope S_0x55557b651250;
T_26 ;
    %pushi/vec4 0, 0, 1;
    %store/vec4 v0x55557b640b20_0, 0, 1;
    %end;
    .thread T_26;
    .scope S_0x55557b651250;
T_27 ;
    %wait E_0x55557b3821d0;
    %load/vec4 v0x55557b640720_0;
    %flag_set/vec4 8;
    %jmp/0xz  T_27.0, 8;
    %pushi/vec4 1, 0, 1;
    %assign/vec4 v0x55557b640b20_0, 0;
    %jmp T_27.1;
T_27.0 ;
    %load/vec4 v0x55557b640a80_0;
    %flag_set/vec4 8;
    %jmp/0xz  T_27.2, 8;
    %load/vec4 v0x55557b640ea0_0;
    %assign/vec4 v0x55557b640b20_0, 0;
T_27.2 ;
T_27.1 ;
    %jmp T_27;
    .thread T_27;
    .scope S_0x55557b650ef0;
T_28 ;
    %pushi/vec4 0, 0, 1;
    %store/vec4 v0x55557b640100_0, 0, 1;
    %end;
    .thread T_28;
    .scope S_0x55557b650ef0;
T_29 ;
    %wait E_0x55557b640be0;
    %load/vec4 v0x55557b640060_0;
    %flag_set/vec4 8;
    %jmp/0xz  T_29.0, 8;
    %load/vec4 v0x55557b63fd00_0;
    %flag_set/vec4 8;
    %jmp/0xz  T_29.2, 8;
    %pushi/vec4 0, 0, 1;
    %assign/vec4 v0x55557b640100_0, 0;
    %jmp T_29.3;
T_29.2 ;
    %load/vec4 v0x55557b6404a0_0;
    %assign/vec4 v0x55557b640100_0, 0;
T_29.3 ;
T_29.0 ;
    %jmp T_29;
    .thread T_29;
    .scope S_0x55557b650b90;
T_30 ;
    %pushi/vec4 0, 0, 1;
    %store/vec4 v0x55557b63f6e0_0, 0, 1;
    %end;
    .thread T_30;
    .scope S_0x55557b650b90;
T_31 ;
    %wait E_0x55557b6401c0;
    %load/vec4 v0x55557b63f640_0;
    %flag_set/vec4 8;
    %jmp/0xz  T_31.0, 8;
    %load/vec4 v0x55557b5f22a0_0;
    %flag_set/vec4 8;
    %jmp/0xz  T_31.2, 8;
    %pushi/vec4 1, 0, 1;
    %assign/vec4 v0x55557b63f6e0_0, 0;
    %jmp T_31.3;
T_31.2 ;
    %load/vec4 v0x55557b63fa80_0;
    %assign/vec4 v0x55557b63f6e0_0, 0;
T_31.3 ;
T_31.0 ;
    %jmp T_31;
    .thread T_31;
    .scope S_0x55557b650830;
T_32 ;
    %pushi/vec4 0, 0, 1;
    %store/vec4 v0x55557b63ef80_0, 0, 1;
    %end;
    .thread T_32;
    .scope S_0x55557b650830;
T_33 ;
    %wait E_0x55557b381d30;
    %load/vec4 v0x55557b63f020_0;
    %flag_set/vec4 8;
    %jmp/0xz  T_33.0, 8;
    %pushi/vec4 0, 0, 1;
    %assign/vec4 v0x55557b63ef80_0, 0;
    %jmp T_33.1;
T_33.0 ;
    %load/vec4 v0x55557b63f3c0_0;
    %assign/vec4 v0x55557b63ef80_0, 0;
T_33.1 ;
    %jmp T_33;
    .thread T_33;
    .scope S_0x55557b6504d0;
T_34 ;
    %pushi/vec4 0, 0, 1;
    %store/vec4 v0x55557b63e8c0_0, 0, 1;
    %end;
    .thread T_34;
    .scope S_0x55557b6504d0;
T_35 ;
    %wait E_0x55557b381860;
    %load/vec4 v0x55557b63e960_0;
    %flag_set/vec4 8;
    %jmp/0xz  T_35.0, 8;
    %pushi/vec4 1, 0, 1;
    %assign/vec4 v0x55557b63e8c0_0, 0;
    %jmp T_35.1;
T_35.0 ;
    %load/vec4 v0x55557b63ed00_0;
    %assign/vec4 v0x55557b63e8c0_0, 0;
T_35.1 ;
    %jmp T_35;
    .thread T_35;
    .scope S_0x55557b5f3dd0;
T_36 ;
    %pushi/vec4 0, 0, 1;
    %store/vec4 v0x55557b63e200_0, 0, 1;
    %end;
    .thread T_36;
    .scope S_0x55557b5f3dd0;
T_37 ;
    %wait E_0x55557b3836a0;
    %load/vec4 v0x55557b63e2a0_0;
    %flag_set/vec4 8;
    %jmp/0xz  T_37.0, 8;
    %pushi/vec4 0, 0, 1;
    %assign/vec4 v0x55557b63e200_0, 0;
    %jmp T_37.1;
T_37.0 ;
    %load/vec4 v0x55557b63e640_0;
    %assign/vec4 v0x55557b63e200_0, 0;
T_37.1 ;
    %jmp T_37;
    .thread T_37;
    .scope S_0x55557b650170;
T_38 ;
    %pushi/vec4 0, 0, 1;
    %store/vec4 v0x55557b63db40_0, 0, 1;
    %end;
    .thread T_38;
    .scope S_0x55557b650170;
T_39 ;
    %wait E_0x55557b3838f0;
    %load/vec4 v0x55557b63dbe0_0;
    %flag_set/vec4 8;
    %jmp/0xz  T_39.0, 8;
    %pushi/vec4 1, 0, 1;
    %assign/vec4 v0x55557b63db40_0, 0;
    %jmp T_39.1;
T_39.0 ;
    %load/vec4 v0x55557b63df80_0;
    %assign/vec4 v0x55557b63db40_0, 0;
T_39.1 ;
    %jmp T_39;
    .thread T_39;
    .scope S_0x55557b64fe10;
T_40 ;
    %pushi/vec4 0, 0, 1;
    %store/vec4 v0x55557b63d480_0, 0, 1;
    %end;
    .thread T_40;
    .scope S_0x55557b64fe10;
T_41 ;
    %wait E_0x55557b383d90;
    %load/vec4 v0x55557b63d520_0;
    %flag_set/vec4 8;
    %jmp/0xz  T_41.0, 8;
    %pushi/vec4 0, 0, 1;
    %assign/vec4 v0x55557b63d480_0, 0;
    %jmp T_41.1;
T_41.0 ;
    %load/vec4 v0x55557b63d8c0_0;
    %assign/vec4 v0x55557b63d480_0, 0;
T_41.1 ;
    %jmp T_41;
    .thread T_41;
    .scope S_0x55557b64fab0;
T_42 ;
    %pushi/vec4 0, 0, 1;
    %store/vec4 v0x55557b63d120_0, 0, 1;
    %end;
    .thread T_42;
    .scope S_0x55557b64fab0;
T_43 ;
    %wait E_0x55557b392e70;
    %load/vec4 v0x55557b63d1c0_0;
    %flag_set/vec4 8;
    %jmp/0xz  T_43.0, 8;
    %pushi/vec4 1, 0, 1;
    %assign/vec4 v0x55557b63d120_0, 0;
    %jmp T_43.1;
T_43.0 ;
    %load/vec4 v0x55557b5f2020_0;
    %assign/vec4 v0x55557b63d120_0, 0;
T_43.1 ;
    %jmp T_43;
    .thread T_43;
    .scope S_0x55557b64f750;
T_44 ;
    %pushi/vec4 0, 0, 1;
    %store/vec4 v0x55557b63ca60_0, 0, 1;
    %end;
    .thread T_44;
    .scope S_0x55557b64f750;
T_45 ;
    %wait E_0x55557b391700;
    %load/vec4 v0x55557b63cb00_0;
    %flag_set/vec4 8;
    %jmp/0xz  T_45.0, 8;
    %pushi/vec4 0, 0, 1;
    %assign/vec4 v0x55557b63ca60_0, 0;
    %jmp T_45.1;
T_45.0 ;
    %load/vec4 v0x55557b63cea0_0;
    %assign/vec4 v0x55557b63ca60_0, 0;
T_45.1 ;
    %jmp T_45;
    .thread T_45;
    .scope S_0x55557b64f3f0;
T_46 ;
    %pushi/vec4 0, 0, 1;
    %store/vec4 v0x55557b63c3a0_0, 0, 1;
    %end;
    .thread T_46;
    .scope S_0x55557b64f3f0;
T_47 ;
    %wait E_0x55557b3924c0;
    %load/vec4 v0x55557b63c440_0;
    %flag_set/vec4 8;
    %jmp/0xz  T_47.0, 8;
    %pushi/vec4 1, 0, 1;
    %assign/vec4 v0x55557b63c3a0_0, 0;
    %jmp T_47.1;
T_47.0 ;
    %load/vec4 v0x55557b63c7e0_0;
    %assign/vec4 v0x55557b63c3a0_0, 0;
T_47.1 ;
    %jmp T_47;
    .thread T_47;
    .scope S_0x55557b63b5f0;
T_48 ;
    %wait E_0x55557b398580;
    %load/vec4 v0x55557b63a270_0;
    %assign/vec4 v0x55557b639e50_0, 0;
    %jmp T_48;
    .thread T_48;
    .scope S_0x55557b63b5f0;
T_49 ;
    %wait E_0x55557b398580;
    %load/vec4 v0x55557b63a270_0;
    %flag_set/vec4 8;
    %jmp/0xz  T_49.0, 8;
    %load/vec4 v0x55557b63a510_0;
    %assign/vec4 v0x55557b639430_0, 0;
T_49.0 ;
    %jmp T_49;
    .thread T_49;
    .scope S_0x55557b63b5f0;
T_50 ;
    %wait E_0x55557b393ac0;
    %load/vec4 v0x55557b639e50_0;
    %flag_set/vec4 8;
    %jmp/0xz  T_50.0, 8;
    %load/vec4 v0x55557b63a510_0;
    %assign/vec4 v0x55557b6394f0_0, 0;
T_50.0 ;
    %jmp T_50;
    .thread T_50;
    .scope S_0x55557b63b5f0;
T_51 ;
    %wait E_0x55557b393920;
    %load/vec4 v0x55557b63a270_0;
    %assign/vec4 v0x55557b639ef0_0, 0;
    %jmp T_51;
    .thread T_51;
    .scope S_0x55557b63b5f0;
T_52 ;
    %wait E_0x55557b393920;
    %load/vec4 v0x55557b63a270_0;
    %flag_set/vec4 8;
    %jmp/0xz  T_52.0, 8;
    %load/vec4 v0x55557b5f1c80_0;
    %assign/vec4 v0x55557b639170_0, 0;
T_52.0 ;
    %jmp T_52;
    .thread T_52;
    .scope S_0x55557b63b5f0;
T_53 ;
    %wait E_0x55557b393a80;
    %load/vec4 v0x55557b639ef0_0;
    %flag_set/vec4 8;
    %jmp/0xz  T_53.0, 8;
    %load/vec4 v0x55557b63af30_0;
    %assign/vec4 v0x55557b5f1880_0, 0;
T_53.0 ;
    %jmp T_53;
    .thread T_53;
    .scope S_0x55557b63b5f0;
T_54 ;
    %wait E_0x55557b393920;
    %load/vec4 v0x55557b63a270_0;
    %flag_set/vec4 8;
    %jmp/0xz  T_54.0, 8;
    %load/vec4 v0x55557b63a910_0;
    %assign/vec4 v0x55557b638e10_0, 0;
T_54.0 ;
    %jmp T_54;
    .thread T_54;
    .scope S_0x55557b63b980;
T_55 ;
    %wait E_0x55557b393750;
    %load/vec4 v0x55557b639430_0;
    %store/vec4 v0x55557b639af0_0, 0, 1;
    %load/vec4 v0x55557b6394f0_0;
    %store/vec4 v0x55557b639bb0_0, 0, 1;
    %jmp T_55;
    .thread T_55, $push;
    .scope S_0x55557b63b980;
T_56 ;
    %wait E_0x55557b3935f0;
    %load/vec4 v0x55557b63a870_0;
    %assign/vec4 v0x55557b5f1940_0, 0;
    %jmp T_56;
    .thread T_56, $push;
    .scope S_0x55557b63b980;
T_57 ;
    %wait E_0x55557b393410;
    %load/vec4 v0x55557b5f1940_0;
    %assign/vec4 v0x55557b638d70_0, 0;
    %jmp T_57;
    .thread T_57, $push;
    .scope S_0x55557b63b980;
T_58 ;
    %wait E_0x55557b391260;
    %load/vec4 v0x55557b638d70_0;
    %pushi/vec4 0, 0, 1;
    %xor;
    %flag_set/vec4 8;
    %jmp/1 T_58.2, 8;
    %pushi/vec4 0, 0, 1;
    %flag_set/vec4 9;
    %flag_or 8, 9;
T_58.2;
    %jmp/0 T_58.0, 8;
    %load/vec4 v0x55557b639170_0;
    %jmp/1 T_58.1, 8;
T_58.0 ; End of true expr.
    %load/vec4 v0x55557b5f1880_0;
    %jmp/0 T_58.1, 8;
 ; End of false expr.
    %blend;
T_58.1;
    %store/vec4 v0x55557b6390d0_0, 0, 1;
    %jmp T_58;
    .thread T_58, $push;
    .scope S_0x55557b632800;
T_59 ;
    %wait E_0x55557b3869a0;
    %load/vec4 v0x55557b6324a0_0;
    %flag_set/vec4 8;
    %jmp/0xz  T_59.0, 8;
    %load/vec4 v0x55557b6313c0_0;
    %assign/vec4 v0x55557b630dc0_0, 0;
T_59.0 ;
    %jmp T_59;
    .thread T_59;
    .scope S_0x55557b632800;
T_60 ;
    %wait E_0x55557b386770;
    %load/vec4 v0x55557b6324a0_0;
    %flag_set/vec4 8;
    %jmp/0xz  T_60.0, 8;
    %load/vec4 v0x55557b6313c0_0;
    %assign/vec4 v0x55557b6309a0_0, 0;
T_60.0 ;
    %jmp T_60;
    .thread T_60;
    .scope S_0x55557b632800;
T_61 ;
    %wait E_0x55557b387880;
    %load/vec4 v0x55557b6324a0_0;
    %flag_set/vec4 8;
    %jmp/0xz  T_61.0, 8;
    %load/vec4 v0x55557b6321e0_0;
    %assign/vec4 v0x55557b5f0ad0_0, 0;
T_61.0 ;
    %jmp T_61;
    .thread T_61;
    .scope S_0x55557b632800;
T_62 ;
    %wait E_0x55557b3859d0;
    %load/vec4 v0x55557b6324a0_0;
    %flag_set/vec4 8;
    %jmp/0xz  T_62.0, 8;
    %load/vec4 v0x55557b631de0_0;
    %assign/vec4 v0x55557b5f0b90_0, 0;
T_62.0 ;
    %jmp T_62;
    .thread T_62;
    .scope S_0x55557b632800;
T_63 ;
    %wait E_0x55557b387880;
    %load/vec4 v0x55557b6324a0_0;
    %flag_set/vec4 8;
    %jmp/0xz  T_63.0, 8;
    %load/vec4 v0x55557b6317c0_0;
    %assign/vec4 v0x55557b6302b0_0, 0;
T_63.0 ;
    %jmp T_63;
    .thread T_63;
    .scope S_0x55557b5f3a70;
T_64 ;
    %wait E_0x55557b387540;
    %load/vec4 v0x55557b630dc0_0;
    %store/vec4 v0x55557b631100_0, 0, 1;
    %load/vec4 v0x55557b6309a0_0;
    %store/vec4 v0x55557b630d00_0, 0, 1;
    %jmp T_64;
    .thread T_64, $push;
    .scope S_0x55557b5f3a70;
T_65 ;
    %wait E_0x55557b387230;
    %load/vec4 v0x55557b631720_0;
    %assign/vec4 v0x55557b630640_0, 0;
    %jmp T_65;
    .thread T_65, $push;
    .scope S_0x55557b5f3a70;
T_66 ;
    %wait E_0x55557b3871f0;
    %load/vec4 v0x55557b630640_0;
    %assign/vec4 v0x55557b6306e0_0, 0;
    %jmp T_66;
    .thread T_66, $push;
    .scope S_0x55557b5f3a70;
T_67 ;
    %wait E_0x55557b637730;
    %load/vec4 v0x55557b6306e0_0;
    %pushi/vec4 0, 0, 1;
    %xor;
    %flag_set/vec4 8;
    %jmp/1 T_67.2, 8;
    %pushi/vec4 0, 0, 1;
    %flag_set/vec4 9;
    %flag_or 8, 9;
T_67.2;
    %jmp/0 T_67.0, 8;
    %load/vec4 v0x55557b5f0ad0_0;
    %jmp/1 T_67.1, 8;
T_67.0 ; End of true expr.
    %load/vec4 v0x55557b5f0b90_0;
    %jmp/0 T_67.1, 8;
 ; End of false expr.
    %blend;
T_67.1;
    %store/vec4 v0x55557b630a40_0, 0, 1;
    %jmp T_67;
    .thread T_67, $push;
    .scope S_0x55557b62ff50;
T_68 ;
    %wait E_0x55557b386060;
    %load/vec4 v0x55557b62fbf0_0;
    %flag_set/vec4 8;
    %jmp/0xz  T_68.0, 8;
    %load/vec4 v0x55557b62eb10_0;
    %assign/vec4 v0x55557b62e850_0, 0;
T_68.0 ;
    %jmp T_68;
    .thread T_68;
    .scope S_0x55557b62ff50;
T_69 ;
    %wait E_0x55557b385e60;
    %load/vec4 v0x55557b62fbf0_0;
    %flag_set/vec4 8;
    %jmp/0xz  T_69.0, 8;
    %load/vec4 v0x55557b62eb10_0;
    %assign/vec4 v0x55557b5f0770_0, 0;
T_69.0 ;
    %jmp T_69;
    .thread T_69;
    .scope S_0x55557b62ff50;
T_70 ;
    %wait E_0x55557b385c20;
    %load/vec4 v0x55557b62fbf0_0;
    %flag_set/vec4 8;
    %jmp/0xz  T_70.0, 8;
    %load/vec4 v0x55557b62f930_0;
    %assign/vec4 v0x55557b62e450_0, 0;
T_70.0 ;
    %jmp T_70;
    .thread T_70;
    .scope S_0x55557b62ff50;
T_71 ;
    %wait E_0x55557b385780;
    %load/vec4 v0x55557b62fbf0_0;
    %flag_set/vec4 8;
    %jmp/0xz  T_71.0, 8;
    %load/vec4 v0x55557b62f530_0;
    %assign/vec4 v0x55557b62e4f0_0, 0;
T_71.0 ;
    %jmp T_71;
    .thread T_71;
    .scope S_0x55557b62ff50;
T_72 ;
    %wait E_0x55557b385c20;
    %load/vec4 v0x55557b62fbf0_0;
    %flag_set/vec4 8;
    %jmp/0xz  T_72.0, 8;
    %load/vec4 v0x55557b62ef10_0;
    %assign/vec4 v0x55557b62da30_0, 0;
T_72.0 ;
    %jmp T_72;
    .thread T_72;
    .scope S_0x55557b64dc20;
T_73 ;
    %wait E_0x55557b386520;
    %load/vec4 v0x55557b62e850_0;
    %store/vec4 v0x55557b62ebd0_0, 0, 1;
    %load/vec4 v0x55557b5f0770_0;
    %store/vec4 v0x55557b62e7b0_0, 0, 1;
    %jmp T_73;
    .thread T_73, $push;
    .scope S_0x55557b64dc20;
T_74 ;
    %wait E_0x55557b6322a0;
    %load/vec4 v0x55557b62ee70_0;
    %assign/vec4 v0x55557b62dd90_0, 0;
    %jmp T_74;
    .thread T_74, $push;
    .scope S_0x55557b64dc20;
T_75 ;
    %wait E_0x55557b3862f0;
    %load/vec4 v0x55557b62dd90_0;
    %assign/vec4 v0x55557b62de50_0, 0;
    %jmp T_75;
    .thread T_75, $push;
    .scope S_0x55557b64dc20;
T_76 ;
    %wait E_0x55557b630410;
    %load/vec4 v0x55557b62de50_0;
    %pushi/vec4 0, 0, 1;
    %xor;
    %flag_set/vec4 8;
    %jmp/1 T_76.2, 8;
    %pushi/vec4 0, 0, 1;
    %flag_set/vec4 9;
    %flag_or 8, 9;
T_76.2;
    %jmp/0 T_76.0, 8;
    %load/vec4 v0x55557b62e450_0;
    %jmp/1 T_76.1, 8;
T_76.0 ; End of true expr.
    %load/vec4 v0x55557b62e4f0_0;
    %jmp/0 T_76.1, 8;
 ; End of false expr.
    %blend;
T_76.1;
    %store/vec4 v0x55557b5f0830_0, 0, 1;
    %jmp T_76;
    .thread T_76, $push;
    .scope S_0x55557b64cb40;
T_77 ;
    %wait E_0x55557b3880d0;
    %load/vec4 v0x55557b626aa0_0;
    %flag_set/vec4 8;
    %jmp/0xz  T_77.0, 8;
    %pushi/vec4 0, 0, 16;
    %assign/vec4 v0x55557b61d260_0, 0;
    %pushi/vec4 0, 0, 16;
    %assign/vec4 v0x55557b61d5c0_0, 0;
    %jmp T_77.1;
T_77.0 ;
    %load/vec4 v0x55557b627fa0_0;
    %flag_set/vec4 8;
    %jmp/0xz  T_77.2, 8;
    %load/vec4 v0x55557b627b80_0;
    %nor/r;
    %flag_set/vec4 8;
    %jmp/0xz  T_77.4, 8;
    %load/vec4 v0x55557b627ee0_0;
    %assign/vec4 v0x55557b61d260_0, 0;
T_77.4 ;
    %load/vec4 v0x55557b6289c0_0;
    %nor/r;
    %flag_set/vec4 8;
    %jmp/0xz  T_77.6, 8;
    %load/vec4 v0x55557b628fc0_0;
    %assign/vec4 v0x55557b61d5c0_0, 0;
T_77.6 ;
T_77.2 ;
T_77.1 ;
    %jmp T_77;
    .thread T_77;
    .scope S_0x55557b64cb40;
T_78 ;
    %wait E_0x55557b386e60;
    %load/vec4 v0x55557b626ec0_0;
    %flag_set/vec4 8;
    %jmp/0xz  T_78.0, 8;
    %pushi/vec4 0, 0, 16;
    %assign/vec4 v0x55557b61d6a0_0, 0;
    %pushi/vec4 0, 0, 16;
    %assign/vec4 v0x55557b61d320_0, 0;
    %jmp T_78.1;
T_78.0 ;
    %load/vec4 v0x55557b627fa0_0;
    %flag_set/vec4 8;
    %jmp/0xz  T_78.2, 8;
    %load/vec4 v0x55557b628320_0;
    %nor/r;
    %flag_set/vec4 8;
    %jmp/0xz  T_78.4, 8;
    %load/vec4 v0x55557b628240_0;
    %assign/vec4 v0x55557b61d6a0_0, 0;
T_78.4 ;
    %load/vec4 v0x55557b627240_0;
    %nor/r;
    %flag_set/vec4 8;
    %jmp/0xz  T_78.6, 8;
    %load/vec4 v0x55557b627160_0;
    %assign/vec4 v0x55557b61d320_0, 0;
T_78.6 ;
T_78.2 ;
T_78.1 ;
    %jmp T_78;
    .thread T_78;
    .scope S_0x55557b64cb40;
T_79 ;
    %wait E_0x55557b3880d0;
    %load/vec4 v0x55557b626aa0_0;
    %flag_set/vec4 8;
    %jmp/0xz  T_79.0, 8;
    %pushi/vec4 0, 0, 16;
    %assign/vec4 v0x55557b61cf00_0, 0;
    %pushi/vec4 0, 0, 16;
    %assign/vec4 v0x55557b61cc80_0, 0;
    %jmp T_79.1;
T_79.0 ;
    %load/vec4 v0x55557b627fa0_0;
    %flag_set/vec4 8;
    %jmp/0xz  T_79.2, 8;
    %load/vec4 v0x55557b61d920_0;
    %assign/vec4 v0x55557b61cf00_0, 0;
    %load/vec4 v0x55557b5eec40_0;
    %assign/vec4 v0x55557b61cc80_0, 0;
T_79.2 ;
T_79.1 ;
    %jmp T_79;
    .thread T_79;
    .scope S_0x55557b64cb40;
T_80 ;
    %wait E_0x55557b386e60;
    %load/vec4 v0x55557b626ec0_0;
    %flag_set/vec4 8;
    %jmp/0xz  T_80.0, 8;
    %pushi/vec4 0, 0, 16;
    %assign/vec4 v0x55557b61c840_0, 0;
    %pushi/vec4 0, 0, 16;
    %assign/vec4 v0x55557b61cfe0_0, 0;
    %jmp T_80.1;
T_80.0 ;
    %load/vec4 v0x55557b627fa0_0;
    %flag_set/vec4 8;
    %jmp/0xz  T_80.2, 8;
    %load/vec4 v0x55557b61da00_0;
    %assign/vec4 v0x55557b61c840_0, 0;
    %load/vec4 v0x55557b5eed20_0;
    %assign/vec4 v0x55557b61cfe0_0, 0;
T_80.2 ;
T_80.1 ;
    %jmp T_80;
    .thread T_80;
    .scope S_0x55557b64cb40;
T_81 ;
    %wait E_0x55557b386e60;
    %load/vec4 v0x55557b626ec0_0;
    %flag_set/vec4 8;
    %jmp/0xz  T_81.0, 8;
    %pushi/vec4 0, 0, 32;
    %assign/vec4 v0x55557b61cba0_0, 0;
    %jmp T_81.1;
T_81.0 ;
    %load/vec4 v0x55557b627fa0_0;
    %flag_set/vec4 8;
    %jmp/0xz  T_81.2, 8;
    %load/vec4 v0x55557b5ea0e0_0;
    %assign/vec4 v0x55557b61cba0_0, 0;
T_81.2 ;
T_81.1 ;
    %jmp T_81;
    .thread T_81;
    .scope S_0x55557b64cb40;
T_82 ;
    %wait E_0x55557b386c30;
    %load/vec4 v0x55557b5efa80_0;
    %flag_set/vec4 8;
    %jmp/0xz  T_82.0, 8;
    %pushi/vec4 0, 0, 16;
    %assign/vec4 v0x55557b61c920_0, 0;
    %jmp T_82.1;
T_82.0 ;
    %load/vec4 v0x55557b627fa0_0;
    %flag_set/vec4 8;
    %jmp/0xz  T_82.2, 8;
    %load/vec4 v0x55557b6264a0_0;
    %nor/r;
    %flag_set/vec4 8;
    %jmp/0xz  T_82.4, 8;
    %load/vec4 v0x55557b61e6a0_0;
    %assign/vec4 v0x55557b61c920_0, 0;
T_82.4 ;
T_82.2 ;
T_82.1 ;
    %jmp T_82;
    .thread T_82;
    .scope S_0x55557b64cb40;
T_83 ;
    %wait E_0x55557b629480;
    %load/vec4 v0x55557b5ef9c0_0;
    %flag_set/vec4 8;
    %jmp/0xz  T_83.0, 8;
    %pushi/vec4 0, 0, 16;
    %assign/vec4 v0x55557b61c4b0_0, 0;
    %jmp T_83.1;
T_83.0 ;
    %load/vec4 v0x55557b627fa0_0;
    %flag_set/vec4 8;
    %jmp/0xz  T_83.2, 8;
    %load/vec4 v0x55557b6263e0_0;
    %nor/r;
    %flag_set/vec4 8;
    %jmp/0xz  T_83.4, 8;
    %load/vec4 v0x55557b61e340_0;
    %assign/vec4 v0x55557b61c4b0_0, 0;
T_83.4 ;
T_83.2 ;
T_83.1 ;
    %jmp T_83;
    .thread T_83;
    .scope S_0x55557b6151c0;
T_84 ;
    %pushi/vec4 0, 0, 32;
    %store/vec4 v0x55557b60f9a0_0, 0, 32;
T_84.0 ; Top of for-loop 
    %load/vec4 v0x55557b60f9a0_0;
    %cmpi/s 16, 0, 32;
    %jmp/0xz T_84.1, 5;
    %pushi/vec4 0, 0, 256;
    %load/vec4 v0x55557b60f9a0_0;
    %muli 16, 0, 32;
    %part/s 16;
    %pushi/vec4 0, 0, 32;
    %load/vec4 v0x55557b60f9a0_0;
    %add;
    %ix/vec4/s 4;
    %store/vec4a v0x55557b60fa60, 4, 0;
    %pushi/vec4 0, 0, 256;
    %load/vec4 v0x55557b60f9a0_0;
    %muli 16, 0, 32;
    %part/s 16;
    %pushi/vec4 16, 0, 32;
    %load/vec4 v0x55557b60f9a0_0;
    %add;
    %ix/vec4/s 4;
    %store/vec4a v0x55557b60fa60, 4, 0;
    %pushi/vec4 0, 0, 256;
    %load/vec4 v0x55557b60f9a0_0;
    %muli 16, 0, 32;
    %part/s 16;
    %pushi/vec4 32, 0, 32;
    %load/vec4 v0x55557b60f9a0_0;
    %add;
    %ix/vec4/s 4;
    %store/vec4a v0x55557b60fa60, 4, 0;
    %pushi/vec4 0, 0, 256;
    %load/vec4 v0x55557b60f9a0_0;
    %muli 16, 0, 32;
    %part/s 16;
    %pushi/vec4 48, 0, 32;
    %load/vec4 v0x55557b60f9a0_0;
    %add;
    %ix/vec4/s 4;
    %store/vec4a v0x55557b60fa60, 4, 0;
    %pushi/vec4 0, 0, 256;
    %load/vec4 v0x55557b60f9a0_0;
    %muli 16, 0, 32;
    %part/s 16;
    %pushi/vec4 64, 0, 32;
    %load/vec4 v0x55557b60f9a0_0;
    %add;
    %ix/vec4/s 4;
    %store/vec4a v0x55557b60fa60, 4, 0;
    %pushi/vec4 0, 0, 256;
    %load/vec4 v0x55557b60f9a0_0;
    %muli 16, 0, 32;
    %part/s 16;
    %pushi/vec4 80, 0, 32;
    %load/vec4 v0x55557b60f9a0_0;
    %add;
    %ix/vec4/s 4;
    %store/vec4a v0x55557b60fa60, 4, 0;
    %pushi/vec4 0, 0, 256;
    %load/vec4 v0x55557b60f9a0_0;
    %muli 16, 0, 32;
    %part/s 16;
    %pushi/vec4 96, 0, 32;
    %load/vec4 v0x55557b60f9a0_0;
    %add;
    %ix/vec4/s 4;
    %store/vec4a v0x55557b60fa60, 4, 0;
    %pushi/vec4 0, 0, 256;
    %load/vec4 v0x55557b60f9a0_0;
    %muli 16, 0, 32;
    %part/s 16;
    %pushi/vec4 112, 0, 32;
    %load/vec4 v0x55557b60f9a0_0;
    %add;
    %ix/vec4/s 4;
    %store/vec4a v0x55557b60fa60, 4, 0;
    %pushi/vec4 0, 0, 256;
    %load/vec4 v0x55557b60f9a0_0;
    %muli 16, 0, 32;
    %part/s 16;
    %pushi/vec4 128, 0, 32;
    %load/vec4 v0x55557b60f9a0_0;
    %add;
    %ix/vec4/s 4;
    %store/vec4a v0x55557b60fa60, 4, 0;
    %pushi/vec4 0, 0, 256;
    %load/vec4 v0x55557b60f9a0_0;
    %muli 16, 0, 32;
    %part/s 16;
    %pushi/vec4 144, 0, 32;
    %load/vec4 v0x55557b60f9a0_0;
    %add;
    %ix/vec4/s 4;
    %store/vec4a v0x55557b60fa60, 4, 0;
    %pushi/vec4 0, 0, 256;
    %load/vec4 v0x55557b60f9a0_0;
    %muli 16, 0, 32;
    %part/s 16;
    %pushi/vec4 160, 0, 32;
    %load/vec4 v0x55557b60f9a0_0;
    %add;
    %ix/vec4/s 4;
    %store/vec4a v0x55557b60fa60, 4, 0;
    %pushi/vec4 0, 0, 256;
    %load/vec4 v0x55557b60f9a0_0;
    %muli 16, 0, 32;
    %part/s 16;
    %pushi/vec4 176, 0, 32;
    %load/vec4 v0x55557b60f9a0_0;
    %add;
    %ix/vec4/s 4;
    %store/vec4a v0x55557b60fa60, 4, 0;
    %pushi/vec4 0, 0, 256;
    %load/vec4 v0x55557b60f9a0_0;
    %muli 16, 0, 32;
    %part/s 16;
    %pushi/vec4 192, 0, 32;
    %load/vec4 v0x55557b60f9a0_0;
    %add;
    %ix/vec4/s 4;
    %store/vec4a v0x55557b60fa60, 4, 0;
    %pushi/vec4 0, 0, 256;
    %load/vec4 v0x55557b60f9a0_0;
    %muli 16, 0, 32;
    %part/s 16;
    %pushi/vec4 208, 0, 32;
    %load/vec4 v0x55557b60f9a0_0;
    %add;
    %ix/vec4/s 4;
    %store/vec4a v0x55557b60fa60, 4, 0;
    %pushi/vec4 0, 0, 256;
    %load/vec4 v0x55557b60f9a0_0;
    %muli 16, 0, 32;
    %part/s 16;
    %pushi/vec4 224, 0, 32;
    %load/vec4 v0x55557b60f9a0_0;
    %add;
    %ix/vec4/s 4;
    %store/vec4a v0x55557b60fa60, 4, 0;
    %pushi/vec4 0, 0, 256;
    %load/vec4 v0x55557b60f9a0_0;
    %muli 16, 0, 32;
    %part/s 16;
    %pushi/vec4 240, 0, 32;
    %load/vec4 v0x55557b60f9a0_0;
    %add;
    %ix/vec4/s 4;
    %store/vec4a v0x55557b60fa60, 4, 0;
T_84.2 ; for-loop step statement
    %load/vec4 v0x55557b60f9a0_0;
    %addi 1, 0, 32;
    %store/vec4 v0x55557b60f9a0_0, 0, 32;
    %jmp T_84.0;
T_84.1 ; for-loop exit label
    %end;
    .thread T_84;
    .scope S_0x55557b6151c0;
T_85 ;
    %wait E_0x55557b613b50;
    %load/vec4 v0x55557b60fd30_0;
    %flag_set/vec4 9;
    %flag_get/vec4 9;
    %jmp/0 T_85.2, 9;
    %load/vec4 v0x55557b610490_0;
    %and;
T_85.2;
    %flag_set/vec4 8;
    %jmp/0xz  T_85.0, 8;
    %load/vec4 v0x55557b60fdd0_0;
    %parti/s 1, 0, 2;
    %nor/r;
    %flag_set/vec4 8;
    %jmp/0xz  T_85.3, 8;
    %load/vec4 v0x55557b610170_0;
    %parti/s 1, 0, 2;
    %load/vec4 v0x55557b610830_0;
    %parti/s 8, 0, 2;
    %pad/u 10;
    %ix/vec4 3;
    %ix/load 4, 0, 0; Constant delay
    %assign/vec4/a/d v0x55557b60fa60, 0, 4;
T_85.3 ;
    %load/vec4 v0x55557b60fdd0_0;
    %parti/s 1, 1, 2;
    %nor/r;
    %flag_set/vec4 8;
    %jmp/0xz  T_85.5, 8;
    %load/vec4 v0x55557b610170_0;
    %parti/s 1, 1, 2;
    %load/vec4 v0x55557b610830_0;
    %parti/s 8, 0, 2;
    %pad/u 10;
    %ix/vec4 3;
    %ix/load 4, 1, 0; part off
    %ix/load 5, 0, 0; Constant delay
    %assign/vec4/a/d v0x55557b60fa60, 4, 5;
T_85.5 ;
    %load/vec4 v0x55557b60fdd0_0;
    %parti/s 1, 2, 3;
    %nor/r;
    %flag_set/vec4 8;
    %jmp/0xz  T_85.7, 8;
    %load/vec4 v0x55557b610170_0;
    %parti/s 1, 2, 3;
    %load/vec4 v0x55557b610830_0;
    %parti/s 8, 0, 2;
    %pad/u 10;
    %ix/vec4 3;
    %ix/load 4, 2, 0; part off
    %ix/load 5, 0, 0; Constant delay
    %assign/vec4/a/d v0x55557b60fa60, 4, 5;
T_85.7 ;
    %load/vec4 v0x55557b60fdd0_0;
    %parti/s 1, 3, 3;
    %nor/r;
    %flag_set/vec4 8;
    %jmp/0xz  T_85.9, 8;
    %load/vec4 v0x55557b610170_0;
    %parti/s 1, 3, 3;
    %load/vec4 v0x55557b610830_0;
    %parti/s 8, 0, 2;
    %pad/u 10;
    %ix/vec4 3;
    %ix/load 4, 3, 0; part off
    %ix/load 5, 0, 0; Constant delay
    %assign/vec4/a/d v0x55557b60fa60, 4, 5;
T_85.9 ;
    %load/vec4 v0x55557b60fdd0_0;
    %parti/s 1, 4, 4;
    %nor/r;
    %flag_set/vec4 8;
    %jmp/0xz  T_85.11, 8;
    %load/vec4 v0x55557b610170_0;
    %parti/s 1, 4, 4;
    %load/vec4 v0x55557b610830_0;
    %parti/s 8, 0, 2;
    %pad/u 10;
    %ix/vec4 3;
    %ix/load 4, 4, 0; part off
    %ix/load 5, 0, 0; Constant delay
    %assign/vec4/a/d v0x55557b60fa60, 4, 5;
T_85.11 ;
    %load/vec4 v0x55557b60fdd0_0;
    %parti/s 1, 5, 4;
    %nor/r;
    %flag_set/vec4 8;
    %jmp/0xz  T_85.13, 8;
    %load/vec4 v0x55557b610170_0;
    %parti/s 1, 5, 4;
    %load/vec4 v0x55557b610830_0;
    %parti/s 8, 0, 2;
    %pad/u 10;
    %ix/vec4 3;
    %ix/load 4, 5, 0; part off
    %ix/load 5, 0, 0; Constant delay
    %assign/vec4/a/d v0x55557b60fa60, 4, 5;
T_85.13 ;
    %load/vec4 v0x55557b60fdd0_0;
    %parti/s 1, 6, 4;
    %nor/r;
    %flag_set/vec4 8;
    %jmp/0xz  T_85.15, 8;
    %load/vec4 v0x55557b610170_0;
    %parti/s 1, 6, 4;
    %load/vec4 v0x55557b610830_0;
    %parti/s 8, 0, 2;
    %pad/u 10;
    %ix/vec4 3;
    %ix/load 4, 6, 0; part off
    %ix/load 5, 0, 0; Constant delay
    %assign/vec4/a/d v0x55557b60fa60, 4, 5;
T_85.15 ;
    %load/vec4 v0x55557b60fdd0_0;
    %parti/s 1, 7, 4;
    %nor/r;
    %flag_set/vec4 8;
    %jmp/0xz  T_85.17, 8;
    %load/vec4 v0x55557b610170_0;
    %parti/s 1, 7, 4;
    %load/vec4 v0x55557b610830_0;
    %parti/s 8, 0, 2;
    %pad/u 10;
    %ix/vec4 3;
    %ix/load 4, 7, 0; part off
    %ix/load 5, 0, 0; Constant delay
    %assign/vec4/a/d v0x55557b60fa60, 4, 5;
T_85.17 ;
    %load/vec4 v0x55557b60fdd0_0;
    %parti/s 1, 8, 5;
    %nor/r;
    %flag_set/vec4 8;
    %jmp/0xz  T_85.19, 8;
    %load/vec4 v0x55557b610170_0;
    %parti/s 1, 8, 5;
    %load/vec4 v0x55557b610830_0;
    %parti/s 8, 0, 2;
    %pad/u 10;
    %ix/vec4 3;
    %ix/load 4, 8, 0; part off
    %ix/load 5, 0, 0; Constant delay
    %assign/vec4/a/d v0x55557b60fa60, 4, 5;
T_85.19 ;
    %load/vec4 v0x55557b60fdd0_0;
    %parti/s 1, 9, 5;
    %nor/r;
    %flag_set/vec4 8;
    %jmp/0xz  T_85.21, 8;
    %load/vec4 v0x55557b610170_0;
    %parti/s 1, 9, 5;
    %load/vec4 v0x55557b610830_0;
    %parti/s 8, 0, 2;
    %pad/u 10;
    %ix/vec4 3;
    %ix/load 4, 9, 0; part off
    %ix/load 5, 0, 0; Constant delay
    %assign/vec4/a/d v0x55557b60fa60, 4, 5;
T_85.21 ;
    %load/vec4 v0x55557b60fdd0_0;
    %parti/s 1, 10, 5;
    %nor/r;
    %flag_set/vec4 8;
    %jmp/0xz  T_85.23, 8;
    %load/vec4 v0x55557b610170_0;
    %parti/s 1, 10, 5;
    %load/vec4 v0x55557b610830_0;
    %parti/s 8, 0, 2;
    %pad/u 10;
    %ix/vec4 3;
    %ix/load 4, 10, 0; part off
    %ix/load 5, 0, 0; Constant delay
    %assign/vec4/a/d v0x55557b60fa60, 4, 5;
T_85.23 ;
    %load/vec4 v0x55557b60fdd0_0;
    %parti/s 1, 11, 5;
    %nor/r;
    %flag_set/vec4 8;
    %jmp/0xz  T_85.25, 8;
    %load/vec4 v0x55557b610170_0;
    %parti/s 1, 11, 5;
    %load/vec4 v0x55557b610830_0;
    %parti/s 8, 0, 2;
    %pad/u 10;
    %ix/vec4 3;
    %ix/load 4, 11, 0; part off
    %ix/load 5, 0, 0; Constant delay
    %assign/vec4/a/d v0x55557b60fa60, 4, 5;
T_85.25 ;
    %load/vec4 v0x55557b60fdd0_0;
    %parti/s 1, 12, 5;
    %nor/r;
    %flag_set/vec4 8;
    %jmp/0xz  T_85.27, 8;
    %load/vec4 v0x55557b610170_0;
    %parti/s 1, 12, 5;
    %load/vec4 v0x55557b610830_0;
    %parti/s 8, 0, 2;
    %pad/u 10;
    %ix/vec4 3;
    %ix/load 4, 12, 0; part off
    %ix/load 5, 0, 0; Constant delay
    %assign/vec4/a/d v0x55557b60fa60, 4, 5;
T_85.27 ;
    %load/vec4 v0x55557b60fdd0_0;
    %parti/s 1, 13, 5;
    %nor/r;
    %flag_set/vec4 8;
    %jmp/0xz  T_85.29, 8;
    %load/vec4 v0x55557b610170_0;
    %parti/s 1, 13, 5;
    %load/vec4 v0x55557b610830_0;
    %parti/s 8, 0, 2;
    %pad/u 10;
    %ix/vec4 3;
    %ix/load 4, 13, 0; part off
    %ix/load 5, 0, 0; Constant delay
    %assign/vec4/a/d v0x55557b60fa60, 4, 5;
T_85.29 ;
    %load/vec4 v0x55557b60fdd0_0;
    %parti/s 1, 14, 5;
    %nor/r;
    %flag_set/vec4 8;
    %jmp/0xz  T_85.31, 8;
    %load/vec4 v0x55557b610170_0;
    %parti/s 1, 14, 5;
    %load/vec4 v0x55557b610830_0;
    %parti/s 8, 0, 2;
    %pad/u 10;
    %ix/vec4 3;
    %ix/load 4, 14, 0; part off
    %ix/load 5, 0, 0; Constant delay
    %assign/vec4/a/d v0x55557b60fa60, 4, 5;
T_85.31 ;
    %load/vec4 v0x55557b60fdd0_0;
    %parti/s 1, 15, 5;
    %nor/r;
    %flag_set/vec4 8;
    %jmp/0xz  T_85.33, 8;
    %load/vec4 v0x55557b610170_0;
    %parti/s 1, 15, 5;
    %load/vec4 v0x55557b610830_0;
    %parti/s 8, 0, 2;
    %pad/u 10;
    %ix/vec4 3;
    %ix/load 4, 15, 0; part off
    %ix/load 5, 0, 0; Constant delay
    %assign/vec4/a/d v0x55557b60fa60, 4, 5;
T_85.33 ;
T_85.0 ;
    %jmp T_85;
    .thread T_85;
    .scope S_0x55557b6151c0;
T_86 ;
    %wait E_0x55557b5edff0;
    %load/vec4 v0x55557b610b90_0;
    %flag_set/vec4 9;
    %flag_get/vec4 9;
    %jmp/0 T_86.2, 9;
    %load/vec4 v0x55557b610f00_0;
    %and;
T_86.2;
    %flag_set/vec4 8;
    %jmp/0xz  T_86.0, 8;
    %load/vec4 v0x55557b611230_0;
    %parti/s 8, 0, 2;
    %pad/u 10;
    %ix/vec4 4;
    %load/vec4a v0x55557b60fa60, 4;
    %load/vec4 v0x55557b610750_0;
    %inv;
    %and;
    %assign/vec4 v0x55557b610ab0_0, 0;
T_86.0 ;
    %jmp T_86;
    .thread T_86;
    .scope S_0x55557b60e200;
T_87 ;
    %pushi/vec4 0, 0, 32;
    %store/vec4 v0x55557b608a10_0, 0, 32;
T_87.0 ; Top of for-loop 
    %load/vec4 v0x55557b608a10_0;
    %cmpi/s 16, 0, 32;
    %jmp/0xz T_87.1, 5;
    %pushi/vec4 0, 0, 256;
    %load/vec4 v0x55557b608a10_0;
    %muli 16, 0, 32;
    %part/s 16;
    %pushi/vec4 0, 0, 32;
    %load/vec4 v0x55557b608a10_0;
    %add;
    %ix/vec4/s 4;
    %store/vec4a v0x55557b608af0, 4, 0;
    %pushi/vec4 0, 0, 256;
    %load/vec4 v0x55557b608a10_0;
    %muli 16, 0, 32;
    %part/s 16;
    %pushi/vec4 16, 0, 32;
    %load/vec4 v0x55557b608a10_0;
    %add;
    %ix/vec4/s 4;
    %store/vec4a v0x55557b608af0, 4, 0;
    %pushi/vec4 0, 0, 256;
    %load/vec4 v0x55557b608a10_0;
    %muli 16, 0, 32;
    %part/s 16;
    %pushi/vec4 32, 0, 32;
    %load/vec4 v0x55557b608a10_0;
    %add;
    %ix/vec4/s 4;
    %store/vec4a v0x55557b608af0, 4, 0;
    %pushi/vec4 0, 0, 256;
    %load/vec4 v0x55557b608a10_0;
    %muli 16, 0, 32;
    %part/s 16;
    %pushi/vec4 48, 0, 32;
    %load/vec4 v0x55557b608a10_0;
    %add;
    %ix/vec4/s 4;
    %store/vec4a v0x55557b608af0, 4, 0;
    %pushi/vec4 0, 0, 256;
    %load/vec4 v0x55557b608a10_0;
    %muli 16, 0, 32;
    %part/s 16;
    %pushi/vec4 64, 0, 32;
    %load/vec4 v0x55557b608a10_0;
    %add;
    %ix/vec4/s 4;
    %store/vec4a v0x55557b608af0, 4, 0;
    %pushi/vec4 0, 0, 256;
    %load/vec4 v0x55557b608a10_0;
    %muli 16, 0, 32;
    %part/s 16;
    %pushi/vec4 80, 0, 32;
    %load/vec4 v0x55557b608a10_0;
    %add;
    %ix/vec4/s 4;
    %store/vec4a v0x55557b608af0, 4, 0;
    %pushi/vec4 0, 0, 256;
    %load/vec4 v0x55557b608a10_0;
    %muli 16, 0, 32;
    %part/s 16;
    %pushi/vec4 96, 0, 32;
    %load/vec4 v0x55557b608a10_0;
    %add;
    %ix/vec4/s 4;
    %store/vec4a v0x55557b608af0, 4, 0;
    %pushi/vec4 0, 0, 256;
    %load/vec4 v0x55557b608a10_0;
    %muli 16, 0, 32;
    %part/s 16;
    %pushi/vec4 112, 0, 32;
    %load/vec4 v0x55557b608a10_0;
    %add;
    %ix/vec4/s 4;
    %store/vec4a v0x55557b608af0, 4, 0;
    %pushi/vec4 0, 0, 256;
    %load/vec4 v0x55557b608a10_0;
    %muli 16, 0, 32;
    %part/s 16;
    %pushi/vec4 128, 0, 32;
    %load/vec4 v0x55557b608a10_0;
    %add;
    %ix/vec4/s 4;
    %store/vec4a v0x55557b608af0, 4, 0;
    %pushi/vec4 0, 0, 256;
    %load/vec4 v0x55557b608a10_0;
    %muli 16, 0, 32;
    %part/s 16;
    %pushi/vec4 144, 0, 32;
    %load/vec4 v0x55557b608a10_0;
    %add;
    %ix/vec4/s 4;
    %store/vec4a v0x55557b608af0, 4, 0;
    %pushi/vec4 0, 0, 256;
    %load/vec4 v0x55557b608a10_0;
    %muli 16, 0, 32;
    %part/s 16;
    %pushi/vec4 160, 0, 32;
    %load/vec4 v0x55557b608a10_0;
    %add;
    %ix/vec4/s 4;
    %store/vec4a v0x55557b608af0, 4, 0;
    %pushi/vec4 0, 0, 256;
    %load/vec4 v0x55557b608a10_0;
    %muli 16, 0, 32;
    %part/s 16;
    %pushi/vec4 176, 0, 32;
    %load/vec4 v0x55557b608a10_0;
    %add;
    %ix/vec4/s 4;
    %store/vec4a v0x55557b608af0, 4, 0;
    %pushi/vec4 0, 0, 256;
    %load/vec4 v0x55557b608a10_0;
    %muli 16, 0, 32;
    %part/s 16;
    %pushi/vec4 192, 0, 32;
    %load/vec4 v0x55557b608a10_0;
    %add;
    %ix/vec4/s 4;
    %store/vec4a v0x55557b608af0, 4, 0;
    %pushi/vec4 0, 0, 256;
    %load/vec4 v0x55557b608a10_0;
    %muli 16, 0, 32;
    %part/s 16;
    %pushi/vec4 208, 0, 32;
    %load/vec4 v0x55557b608a10_0;
    %add;
    %ix/vec4/s 4;
    %store/vec4a v0x55557b608af0, 4, 0;
    %pushi/vec4 0, 0, 256;
    %load/vec4 v0x55557b608a10_0;
    %muli 16, 0, 32;
    %part/s 16;
    %pushi/vec4 224, 0, 32;
    %load/vec4 v0x55557b608a10_0;
    %add;
    %ix/vec4/s 4;
    %store/vec4a v0x55557b608af0, 4, 0;
    %pushi/vec4 0, 0, 256;
    %load/vec4 v0x55557b608a10_0;
    %muli 16, 0, 32;
    %part/s 16;
    %pushi/vec4 240, 0, 32;
    %load/vec4 v0x55557b608a10_0;
    %add;
    %ix/vec4/s 4;
    %store/vec4a v0x55557b608af0, 4, 0;
T_87.2 ; for-loop step statement
    %load/vec4 v0x55557b608a10_0;
    %addi 1, 0, 32;
    %store/vec4 v0x55557b608a10_0, 0, 32;
    %jmp T_87.0;
T_87.1 ; for-loop exit label
    %end;
    .thread T_87;
    .scope S_0x55557b60e200;
T_88 ;
    %wait E_0x55557b614240;
    %load/vec4 v0x55557b608d70_0;
    %flag_set/vec4 9;
    %flag_get/vec4 9;
    %jmp/0 T_88.2, 9;
    %load/vec4 v0x55557b6094f0_0;
    %and;
T_88.2;
    %flag_set/vec4 8;
    %jmp/0xz  T_88.0, 8;
    %load/vec4 v0x55557b608e30_0;
    %parti/s 1, 0, 2;
    %nor/r;
    %flag_set/vec4 8;
    %jmp/0xz  T_88.3, 8;
    %load/vec4 v0x55557b609190_0;
    %parti/s 1, 0, 2;
    %load/vec4 v0x55557b5e9d40_0;
    %parti/s 8, 0, 2;
    %pad/u 10;
    %ix/vec4 3;
    %ix/load 4, 0, 0; Constant delay
    %assign/vec4/a/d v0x55557b608af0, 0, 4;
T_88.3 ;
    %load/vec4 v0x55557b608e30_0;
    %parti/s 1, 1, 2;
    %nor/r;
    %flag_set/vec4 8;
    %jmp/0xz  T_88.5, 8;
    %load/vec4 v0x55557b609190_0;
    %parti/s 1, 1, 2;
    %load/vec4 v0x55557b5e9d40_0;
    %parti/s 8, 0, 2;
    %pad/u 10;
    %ix/vec4 3;
    %ix/load 4, 1, 0; part off
    %ix/load 5, 0, 0; Constant delay
    %assign/vec4/a/d v0x55557b608af0, 4, 5;
T_88.5 ;
    %load/vec4 v0x55557b608e30_0;
    %parti/s 1, 2, 3;
    %nor/r;
    %flag_set/vec4 8;
    %jmp/0xz  T_88.7, 8;
    %load/vec4 v0x55557b609190_0;
    %parti/s 1, 2, 3;
    %load/vec4 v0x55557b5e9d40_0;
    %parti/s 8, 0, 2;
    %pad/u 10;
    %ix/vec4 3;
    %ix/load 4, 2, 0; part off
    %ix/load 5, 0, 0; Constant delay
    %assign/vec4/a/d v0x55557b608af0, 4, 5;
T_88.7 ;
    %load/vec4 v0x55557b608e30_0;
    %parti/s 1, 3, 3;
    %nor/r;
    %flag_set/vec4 8;
    %jmp/0xz  T_88.9, 8;
    %load/vec4 v0x55557b609190_0;
    %parti/s 1, 3, 3;
    %load/vec4 v0x55557b5e9d40_0;
    %parti/s 8, 0, 2;
    %pad/u 10;
    %ix/vec4 3;
    %ix/load 4, 3, 0; part off
    %ix/load 5, 0, 0; Constant delay
    %assign/vec4/a/d v0x55557b608af0, 4, 5;
T_88.9 ;
    %load/vec4 v0x55557b608e30_0;
    %parti/s 1, 4, 4;
    %nor/r;
    %flag_set/vec4 8;
    %jmp/0xz  T_88.11, 8;
    %load/vec4 v0x55557b609190_0;
    %parti/s 1, 4, 4;
    %load/vec4 v0x55557b5e9d40_0;
    %parti/s 8, 0, 2;
    %pad/u 10;
    %ix/vec4 3;
    %ix/load 4, 4, 0; part off
    %ix/load 5, 0, 0; Constant delay
    %assign/vec4/a/d v0x55557b608af0, 4, 5;
T_88.11 ;
    %load/vec4 v0x55557b608e30_0;
    %parti/s 1, 5, 4;
    %nor/r;
    %flag_set/vec4 8;
    %jmp/0xz  T_88.13, 8;
    %load/vec4 v0x55557b609190_0;
    %parti/s 1, 5, 4;
    %load/vec4 v0x55557b5e9d40_0;
    %parti/s 8, 0, 2;
    %pad/u 10;
    %ix/vec4 3;
    %ix/load 4, 5, 0; part off
    %ix/load 5, 0, 0; Constant delay
    %assign/vec4/a/d v0x55557b608af0, 4, 5;
T_88.13 ;
    %load/vec4 v0x55557b608e30_0;
    %parti/s 1, 6, 4;
    %nor/r;
    %flag_set/vec4 8;
    %jmp/0xz  T_88.15, 8;
    %load/vec4 v0x55557b609190_0;
    %parti/s 1, 6, 4;
    %load/vec4 v0x55557b5e9d40_0;
    %parti/s 8, 0, 2;
    %pad/u 10;
    %ix/vec4 3;
    %ix/load 4, 6, 0; part off
    %ix/load 5, 0, 0; Constant delay
    %assign/vec4/a/d v0x55557b608af0, 4, 5;
T_88.15 ;
    %load/vec4 v0x55557b608e30_0;
    %parti/s 1, 7, 4;
    %nor/r;
    %flag_set/vec4 8;
    %jmp/0xz  T_88.17, 8;
    %load/vec4 v0x55557b609190_0;
    %parti/s 1, 7, 4;
    %load/vec4 v0x55557b5e9d40_0;
    %parti/s 8, 0, 2;
    %pad/u 10;
    %ix/vec4 3;
    %ix/load 4, 7, 0; part off
    %ix/load 5, 0, 0; Constant delay
    %assign/vec4/a/d v0x55557b608af0, 4, 5;
T_88.17 ;
    %load/vec4 v0x55557b608e30_0;
    %parti/s 1, 8, 5;
    %nor/r;
    %flag_set/vec4 8;
    %jmp/0xz  T_88.19, 8;
    %load/vec4 v0x55557b609190_0;
    %parti/s 1, 8, 5;
    %load/vec4 v0x55557b5e9d40_0;
    %parti/s 8, 0, 2;
    %pad/u 10;
    %ix/vec4 3;
    %ix/load 4, 8, 0; part off
    %ix/load 5, 0, 0; Constant delay
    %assign/vec4/a/d v0x55557b608af0, 4, 5;
T_88.19 ;
    %load/vec4 v0x55557b608e30_0;
    %parti/s 1, 9, 5;
    %nor/r;
    %flag_set/vec4 8;
    %jmp/0xz  T_88.21, 8;
    %load/vec4 v0x55557b609190_0;
    %parti/s 1, 9, 5;
    %load/vec4 v0x55557b5e9d40_0;
    %parti/s 8, 0, 2;
    %pad/u 10;
    %ix/vec4 3;
    %ix/load 4, 9, 0; part off
    %ix/load 5, 0, 0; Constant delay
    %assign/vec4/a/d v0x55557b608af0, 4, 5;
T_88.21 ;
    %load/vec4 v0x55557b608e30_0;
    %parti/s 1, 10, 5;
    %nor/r;
    %flag_set/vec4 8;
    %jmp/0xz  T_88.23, 8;
    %load/vec4 v0x55557b609190_0;
    %parti/s 1, 10, 5;
    %load/vec4 v0x55557b5e9d40_0;
    %parti/s 8, 0, 2;
    %pad/u 10;
    %ix/vec4 3;
    %ix/load 4, 10, 0; part off
    %ix/load 5, 0, 0; Constant delay
    %assign/vec4/a/d v0x55557b608af0, 4, 5;
T_88.23 ;
    %load/vec4 v0x55557b608e30_0;
    %parti/s 1, 11, 5;
    %nor/r;
    %flag_set/vec4 8;
    %jmp/0xz  T_88.25, 8;
    %load/vec4 v0x55557b609190_0;
    %parti/s 1, 11, 5;
    %load/vec4 v0x55557b5e9d40_0;
    %parti/s 8, 0, 2;
    %pad/u 10;
    %ix/vec4 3;
    %ix/load 4, 11, 0; part off
    %ix/load 5, 0, 0; Constant delay
    %assign/vec4/a/d v0x55557b608af0, 4, 5;
T_88.25 ;
    %load/vec4 v0x55557b608e30_0;
    %parti/s 1, 12, 5;
    %nor/r;
    %flag_set/vec4 8;
    %jmp/0xz  T_88.27, 8;
    %load/vec4 v0x55557b609190_0;
    %parti/s 1, 12, 5;
    %load/vec4 v0x55557b5e9d40_0;
    %parti/s 8, 0, 2;
    %pad/u 10;
    %ix/vec4 3;
    %ix/load 4, 12, 0; part off
    %ix/load 5, 0, 0; Constant delay
    %assign/vec4/a/d v0x55557b608af0, 4, 5;
T_88.27 ;
    %load/vec4 v0x55557b608e30_0;
    %parti/s 1, 13, 5;
    %nor/r;
    %flag_set/vec4 8;
    %jmp/0xz  T_88.29, 8;
    %load/vec4 v0x55557b609190_0;
    %parti/s 1, 13, 5;
    %load/vec4 v0x55557b5e9d40_0;
    %parti/s 8, 0, 2;
    %pad/u 10;
    %ix/vec4 3;
    %ix/load 4, 13, 0; part off
    %ix/load 5, 0, 0; Constant delay
    %assign/vec4/a/d v0x55557b608af0, 4, 5;
T_88.29 ;
    %load/vec4 v0x55557b608e30_0;
    %parti/s 1, 14, 5;
    %nor/r;
    %flag_set/vec4 8;
    %jmp/0xz  T_88.31, 8;
    %load/vec4 v0x55557b609190_0;
    %parti/s 1, 14, 5;
    %load/vec4 v0x55557b5e9d40_0;
    %parti/s 8, 0, 2;
    %pad/u 10;
    %ix/vec4 3;
    %ix/load 4, 14, 0; part off
    %ix/load 5, 0, 0; Constant delay
    %assign/vec4/a/d v0x55557b608af0, 4, 5;
T_88.31 ;
    %load/vec4 v0x55557b608e30_0;
    %parti/s 1, 15, 5;
    %nor/r;
    %flag_set/vec4 8;
    %jmp/0xz  T_88.33, 8;
    %load/vec4 v0x55557b609190_0;
    %parti/s 1, 15, 5;
    %load/vec4 v0x55557b5e9d40_0;
    %parti/s 8, 0, 2;
    %pad/u 10;
    %ix/vec4 3;
    %ix/load 4, 15, 0; part off
    %ix/load 5, 0, 0; Constant delay
    %assign/vec4/a/d v0x55557b608af0, 4, 5;
T_88.33 ;
T_88.0 ;
    %jmp T_88;
    .thread T_88;
    .scope S_0x55557b60e200;
T_89 ;
    %wait E_0x55557b613ee0;
    %load/vec4 v0x55557b609870_0;
    %flag_set/vec4 9;
    %flag_get/vec4 9;
    %jmp/0 T_89.2, 9;
    %load/vec4 v0x55557b609ef0_0;
    %and;
T_89.2;
    %flag_set/vec4 8;
    %jmp/0xz  T_89.0, 8;
    %load/vec4 v0x55557b60a290_0;
    %parti/s 8, 0, 2;
    %pad/u 10;
    %ix/vec4 4;
    %load/vec4a v0x55557b608af0, 4;
    %load/vec4 v0x55557b5e9c60_0;
    %inv;
    %and;
    %assign/vec4 v0x55557b609790_0, 0;
T_89.0 ;
    %jmp T_89;
    .thread T_89;
    .scope S_0x55557b607240;
T_90 ;
    %pushi/vec4 0, 0, 32;
    %store/vec4 v0x55557b601360_0, 0, 32;
T_90.0 ; Top of for-loop 
    %load/vec4 v0x55557b601360_0;
    %cmpi/s 16, 0, 32;
    %jmp/0xz T_90.1, 5;
    %pushi/vec4 0, 0, 256;
    %load/vec4 v0x55557b601360_0;
    %muli 16, 0, 32;
    %part/s 16;
    %pushi/vec4 0, 0, 32;
    %load/vec4 v0x55557b601360_0;
    %add;
    %ix/vec4/s 4;
    %store/vec4a v0x55557b601420, 4, 0;
    %pushi/vec4 0, 0, 256;
    %load/vec4 v0x55557b601360_0;
    %muli 16, 0, 32;
    %part/s 16;
    %pushi/vec4 16, 0, 32;
    %load/vec4 v0x55557b601360_0;
    %add;
    %ix/vec4/s 4;
    %store/vec4a v0x55557b601420, 4, 0;
    %pushi/vec4 0, 0, 256;
    %load/vec4 v0x55557b601360_0;
    %muli 16, 0, 32;
    %part/s 16;
    %pushi/vec4 32, 0, 32;
    %load/vec4 v0x55557b601360_0;
    %add;
    %ix/vec4/s 4;
    %store/vec4a v0x55557b601420, 4, 0;
    %pushi/vec4 0, 0, 256;
    %load/vec4 v0x55557b601360_0;
    %muli 16, 0, 32;
    %part/s 16;
    %pushi/vec4 48, 0, 32;
    %load/vec4 v0x55557b601360_0;
    %add;
    %ix/vec4/s 4;
    %store/vec4a v0x55557b601420, 4, 0;
    %pushi/vec4 0, 0, 256;
    %load/vec4 v0x55557b601360_0;
    %muli 16, 0, 32;
    %part/s 16;
    %pushi/vec4 64, 0, 32;
    %load/vec4 v0x55557b601360_0;
    %add;
    %ix/vec4/s 4;
    %store/vec4a v0x55557b601420, 4, 0;
    %pushi/vec4 0, 0, 256;
    %load/vec4 v0x55557b601360_0;
    %muli 16, 0, 32;
    %part/s 16;
    %pushi/vec4 80, 0, 32;
    %load/vec4 v0x55557b601360_0;
    %add;
    %ix/vec4/s 4;
    %store/vec4a v0x55557b601420, 4, 0;
    %pushi/vec4 0, 0, 256;
    %load/vec4 v0x55557b601360_0;
    %muli 16, 0, 32;
    %part/s 16;
    %pushi/vec4 96, 0, 32;
    %load/vec4 v0x55557b601360_0;
    %add;
    %ix/vec4/s 4;
    %store/vec4a v0x55557b601420, 4, 0;
    %pushi/vec4 0, 0, 256;
    %load/vec4 v0x55557b601360_0;
    %muli 16, 0, 32;
    %part/s 16;
    %pushi/vec4 112, 0, 32;
    %load/vec4 v0x55557b601360_0;
    %add;
    %ix/vec4/s 4;
    %store/vec4a v0x55557b601420, 4, 0;
    %pushi/vec4 0, 0, 256;
    %load/vec4 v0x55557b601360_0;
    %muli 16, 0, 32;
    %part/s 16;
    %pushi/vec4 128, 0, 32;
    %load/vec4 v0x55557b601360_0;
    %add;
    %ix/vec4/s 4;
    %store/vec4a v0x55557b601420, 4, 0;
    %pushi/vec4 0, 0, 256;
    %load/vec4 v0x55557b601360_0;
    %muli 16, 0, 32;
    %part/s 16;
    %pushi/vec4 144, 0, 32;
    %load/vec4 v0x55557b601360_0;
    %add;
    %ix/vec4/s 4;
    %store/vec4a v0x55557b601420, 4, 0;
    %pushi/vec4 0, 0, 256;
    %load/vec4 v0x55557b601360_0;
    %muli 16, 0, 32;
    %part/s 16;
    %pushi/vec4 160, 0, 32;
    %load/vec4 v0x55557b601360_0;
    %add;
    %ix/vec4/s 4;
    %store/vec4a v0x55557b601420, 4, 0;
    %pushi/vec4 0, 0, 256;
    %load/vec4 v0x55557b601360_0;
    %muli 16, 0, 32;
    %part/s 16;
    %pushi/vec4 176, 0, 32;
    %load/vec4 v0x55557b601360_0;
    %add;
    %ix/vec4/s 4;
    %store/vec4a v0x55557b601420, 4, 0;
    %pushi/vec4 0, 0, 256;
    %load/vec4 v0x55557b601360_0;
    %muli 16, 0, 32;
    %part/s 16;
    %pushi/vec4 192, 0, 32;
    %load/vec4 v0x55557b601360_0;
    %add;
    %ix/vec4/s 4;
    %store/vec4a v0x55557b601420, 4, 0;
    %pushi/vec4 0, 0, 256;
    %load/vec4 v0x55557b601360_0;
    %muli 16, 0, 32;
    %part/s 16;
    %pushi/vec4 208, 0, 32;
    %load/vec4 v0x55557b601360_0;
    %add;
    %ix/vec4/s 4;
    %store/vec4a v0x55557b601420, 4, 0;
    %pushi/vec4 0, 0, 256;
    %load/vec4 v0x55557b601360_0;
    %muli 16, 0, 32;
    %part/s 16;
    %pushi/vec4 224, 0, 32;
    %load/vec4 v0x55557b601360_0;
    %add;
    %ix/vec4/s 4;
    %store/vec4a v0x55557b601420, 4, 0;
    %pushi/vec4 0, 0, 256;
    %load/vec4 v0x55557b601360_0;
    %muli 16, 0, 32;
    %part/s 16;
    %pushi/vec4 240, 0, 32;
    %load/vec4 v0x55557b601360_0;
    %add;
    %ix/vec4/s 4;
    %store/vec4a v0x55557b601420, 4, 0;
T_90.2 ; for-loop step statement
    %load/vec4 v0x55557b601360_0;
    %addi 1, 0, 32;
    %store/vec4 v0x55557b601360_0, 0, 32;
    %jmp T_90.0;
T_90.1 ; for-loop exit label
    %end;
    .thread T_90;
    .scope S_0x55557b607240;
T_91 ;
    %wait E_0x55557b614900;
    %load/vec4 v0x55557b6016c0_0;
    %flag_set/vec4 9;
    %flag_get/vec4 9;
    %jmp/0 T_91.2, 9;
    %load/vec4 v0x55557b601e50_0;
    %and;
T_91.2;
    %flag_set/vec4 8;
    %jmp/0xz  T_91.0, 8;
    %load/vec4 v0x55557b601760_0;
    %parti/s 1, 0, 2;
    %nor/r;
    %flag_set/vec4 8;
    %jmp/0xz  T_91.3, 8;
    %load/vec4 v0x55557b601b00_0;
    %parti/s 1, 0, 2;
    %load/vec4 v0x55557b5ec080_0;
    %parti/s 8, 0, 2;
    %pad/u 10;
    %ix/vec4 3;
    %ix/load 4, 0, 0; Constant delay
    %assign/vec4/a/d v0x55557b601420, 0, 4;
T_91.3 ;
    %load/vec4 v0x55557b601760_0;
    %parti/s 1, 1, 2;
    %nor/r;
    %flag_set/vec4 8;
    %jmp/0xz  T_91.5, 8;
    %load/vec4 v0x55557b601b00_0;
    %parti/s 1, 1, 2;
    %load/vec4 v0x55557b5ec080_0;
    %parti/s 8, 0, 2;
    %pad/u 10;
    %ix/vec4 3;
    %ix/load 4, 1, 0; part off
    %ix/load 5, 0, 0; Constant delay
    %assign/vec4/a/d v0x55557b601420, 4, 5;
T_91.5 ;
    %load/vec4 v0x55557b601760_0;
    %parti/s 1, 2, 3;
    %nor/r;
    %flag_set/vec4 8;
    %jmp/0xz  T_91.7, 8;
    %load/vec4 v0x55557b601b00_0;
    %parti/s 1, 2, 3;
    %load/vec4 v0x55557b5ec080_0;
    %parti/s 8, 0, 2;
    %pad/u 10;
    %ix/vec4 3;
    %ix/load 4, 2, 0; part off
    %ix/load 5, 0, 0; Constant delay
    %assign/vec4/a/d v0x55557b601420, 4, 5;
T_91.7 ;
    %load/vec4 v0x55557b601760_0;
    %parti/s 1, 3, 3;
    %nor/r;
    %flag_set/vec4 8;
    %jmp/0xz  T_91.9, 8;
    %load/vec4 v0x55557b601b00_0;
    %parti/s 1, 3, 3;
    %load/vec4 v0x55557b5ec080_0;
    %parti/s 8, 0, 2;
    %pad/u 10;
    %ix/vec4 3;
    %ix/load 4, 3, 0; part off
    %ix/load 5, 0, 0; Constant delay
    %assign/vec4/a/d v0x55557b601420, 4, 5;
T_91.9 ;
    %load/vec4 v0x55557b601760_0;
    %parti/s 1, 4, 4;
    %nor/r;
    %flag_set/vec4 8;
    %jmp/0xz  T_91.11, 8;
    %load/vec4 v0x55557b601b00_0;
    %parti/s 1, 4, 4;
    %load/vec4 v0x55557b5ec080_0;
    %parti/s 8, 0, 2;
    %pad/u 10;
    %ix/vec4 3;
    %ix/load 4, 4, 0; part off
    %ix/load 5, 0, 0; Constant delay
    %assign/vec4/a/d v0x55557b601420, 4, 5;
T_91.11 ;
    %load/vec4 v0x55557b601760_0;
    %parti/s 1, 5, 4;
    %nor/r;
    %flag_set/vec4 8;
    %jmp/0xz  T_91.13, 8;
    %load/vec4 v0x55557b601b00_0;
    %parti/s 1, 5, 4;
    %load/vec4 v0x55557b5ec080_0;
    %parti/s 8, 0, 2;
    %pad/u 10;
    %ix/vec4 3;
    %ix/load 4, 5, 0; part off
    %ix/load 5, 0, 0; Constant delay
    %assign/vec4/a/d v0x55557b601420, 4, 5;
T_91.13 ;
    %load/vec4 v0x55557b601760_0;
    %parti/s 1, 6, 4;
    %nor/r;
    %flag_set/vec4 8;
    %jmp/0xz  T_91.15, 8;
    %load/vec4 v0x55557b601b00_0;
    %parti/s 1, 6, 4;
    %load/vec4 v0x55557b5ec080_0;
    %parti/s 8, 0, 2;
    %pad/u 10;
    %ix/vec4 3;
    %ix/load 4, 6, 0; part off
    %ix/load 5, 0, 0; Constant delay
    %assign/vec4/a/d v0x55557b601420, 4, 5;
T_91.15 ;
    %load/vec4 v0x55557b601760_0;
    %parti/s 1, 7, 4;
    %nor/r;
    %flag_set/vec4 8;
    %jmp/0xz  T_91.17, 8;
    %load/vec4 v0x55557b601b00_0;
    %parti/s 1, 7, 4;
    %load/vec4 v0x55557b5ec080_0;
    %parti/s 8, 0, 2;
    %pad/u 10;
    %ix/vec4 3;
    %ix/load 4, 7, 0; part off
    %ix/load 5, 0, 0; Constant delay
    %assign/vec4/a/d v0x55557b601420, 4, 5;
T_91.17 ;
    %load/vec4 v0x55557b601760_0;
    %parti/s 1, 8, 5;
    %nor/r;
    %flag_set/vec4 8;
    %jmp/0xz  T_91.19, 8;
    %load/vec4 v0x55557b601b00_0;
    %parti/s 1, 8, 5;
    %load/vec4 v0x55557b5ec080_0;
    %parti/s 8, 0, 2;
    %pad/u 10;
    %ix/vec4 3;
    %ix/load 4, 8, 0; part off
    %ix/load 5, 0, 0; Constant delay
    %assign/vec4/a/d v0x55557b601420, 4, 5;
T_91.19 ;
    %load/vec4 v0x55557b601760_0;
    %parti/s 1, 9, 5;
    %nor/r;
    %flag_set/vec4 8;
    %jmp/0xz  T_91.21, 8;
    %load/vec4 v0x55557b601b00_0;
    %parti/s 1, 9, 5;
    %load/vec4 v0x55557b5ec080_0;
    %parti/s 8, 0, 2;
    %pad/u 10;
    %ix/vec4 3;
    %ix/load 4, 9, 0; part off
    %ix/load 5, 0, 0; Constant delay
    %assign/vec4/a/d v0x55557b601420, 4, 5;
T_91.21 ;
    %load/vec4 v0x55557b601760_0;
    %parti/s 1, 10, 5;
    %nor/r;
    %flag_set/vec4 8;
    %jmp/0xz  T_91.23, 8;
    %load/vec4 v0x55557b601b00_0;
    %parti/s 1, 10, 5;
    %load/vec4 v0x55557b5ec080_0;
    %parti/s 8, 0, 2;
    %pad/u 10;
    %ix/vec4 3;
    %ix/load 4, 10, 0; part off
    %ix/load 5, 0, 0; Constant delay
    %assign/vec4/a/d v0x55557b601420, 4, 5;
T_91.23 ;
    %load/vec4 v0x55557b601760_0;
    %parti/s 1, 11, 5;
    %nor/r;
    %flag_set/vec4 8;
    %jmp/0xz  T_91.25, 8;
    %load/vec4 v0x55557b601b00_0;
    %parti/s 1, 11, 5;
    %load/vec4 v0x55557b5ec080_0;
    %parti/s 8, 0, 2;
    %pad/u 10;
    %ix/vec4 3;
    %ix/load 4, 11, 0; part off
    %ix/load 5, 0, 0; Constant delay
    %assign/vec4/a/d v0x55557b601420, 4, 5;
T_91.25 ;
    %load/vec4 v0x55557b601760_0;
    %parti/s 1, 12, 5;
    %nor/r;
    %flag_set/vec4 8;
    %jmp/0xz  T_91.27, 8;
    %load/vec4 v0x55557b601b00_0;
    %parti/s 1, 12, 5;
    %load/vec4 v0x55557b5ec080_0;
    %parti/s 8, 0, 2;
    %pad/u 10;
    %ix/vec4 3;
    %ix/load 4, 12, 0; part off
    %ix/load 5, 0, 0; Constant delay
    %assign/vec4/a/d v0x55557b601420, 4, 5;
T_91.27 ;
    %load/vec4 v0x55557b601760_0;
    %parti/s 1, 13, 5;
    %nor/r;
    %flag_set/vec4 8;
    %jmp/0xz  T_91.29, 8;
    %load/vec4 v0x55557b601b00_0;
    %parti/s 1, 13, 5;
    %load/vec4 v0x55557b5ec080_0;
    %parti/s 8, 0, 2;
    %pad/u 10;
    %ix/vec4 3;
    %ix/load 4, 13, 0; part off
    %ix/load 5, 0, 0; Constant delay
    %assign/vec4/a/d v0x55557b601420, 4, 5;
T_91.29 ;
    %load/vec4 v0x55557b601760_0;
    %parti/s 1, 14, 5;
    %nor/r;
    %flag_set/vec4 8;
    %jmp/0xz  T_91.31, 8;
    %load/vec4 v0x55557b601b00_0;
    %parti/s 1, 14, 5;
    %load/vec4 v0x55557b5ec080_0;
    %parti/s 8, 0, 2;
    %pad/u 10;
    %ix/vec4 3;
    %ix/load 4, 14, 0; part off
    %ix/load 5, 0, 0; Constant delay
    %assign/vec4/a/d v0x55557b601420, 4, 5;
T_91.31 ;
    %load/vec4 v0x55557b601760_0;
    %parti/s 1, 15, 5;
    %nor/r;
    %flag_set/vec4 8;
    %jmp/0xz  T_91.33, 8;
    %load/vec4 v0x55557b601b00_0;
    %parti/s 1, 15, 5;
    %load/vec4 v0x55557b5ec080_0;
    %parti/s 8, 0, 2;
    %pad/u 10;
    %ix/vec4 3;
    %ix/load 4, 15, 0; part off
    %ix/load 5, 0, 0; Constant delay
    %assign/vec4/a/d v0x55557b601420, 4, 5;
T_91.33 ;
T_91.0 ;
    %jmp T_91;
    .thread T_91;
    .scope S_0x55557b607240;
T_92 ;
    %wait E_0x55557b6145a0;
    %load/vec4 v0x55557b6021f0_0;
    %flag_set/vec4 9;
    %flag_get/vec4 9;
    %jmp/0 T_92.2, 9;
    %load/vec4 v0x55557b6028a0_0;
    %and;
T_92.2;
    %flag_set/vec4 8;
    %jmp/0xz  T_92.0, 8;
    %load/vec4 v0x55557b602bd0_0;
    %parti/s 8, 0, 2;
    %pad/u 10;
    %ix/vec4 4;
    %load/vec4a v0x55557b601420, 4;
    %load/vec4 v0x55557b5ebfa0_0;
    %inv;
    %and;
    %assign/vec4 v0x55557b602110_0, 0;
T_92.0 ;
    %jmp T_92;
    .thread T_92;
    .scope S_0x55557b5f33b0;
T_93 ;
    %wait E_0x55557b614fc0;
    %pushi/vec4 0, 0, 32;
    %store/vec4 v0x55557b5f7e50_0, 0, 32;
T_93.0 ; Top of for-loop 
    %load/vec4 v0x55557b5f7e50_0;
    %cmpi/s 16383, 0, 32;
    %flag_or 5, 4;
    %jmp/0xz T_93.1, 5;
    %pushi/vec4 65535, 65535, 16;
    %ix/getv/s 4, v0x55557b5f7e50_0;
    %store/vec4a v0x55557b5f7f10, 4, 0;
T_93.2 ; for-loop step statement
    %load/vec4 v0x55557b5f7e50_0;
    %addi 1, 0, 32;
    %store/vec4 v0x55557b5f7e50_0, 0, 32;
    %jmp T_93.0;
T_93.1 ; for-loop exit label
    %jmp T_93;
    .thread T_93;
    .scope S_0x55557b5f33b0;
T_94 ;
    %wait E_0x55557b614c60;
    %load/vec4 v0x55557b5f7af0_0;
    %flag_set/vec4 8;
    %jmp/0xz  T_94.0, 8;
    %pushi/vec4 0, 0, 16;
    %assign/vec4 v0x55557b5f8cb0_0, 0;
    %jmp T_94.1;
T_94.0 ;
    %load/vec4 v0x55557b5f85b0_0;
    %flag_set/vec4 8;
    %jmp/0xz  T_94.2, 8;
    %pushi/vec4 65535, 65535, 16;
    %assign/vec4 v0x55557b5f8cb0_0, 0;
    %jmp T_94.3;
T_94.2 ;
    %load/vec4 v0x55557b5f8f30_0;
    %flag_set/vec4 8;
    %jmp/0xz  T_94.4, 8;
    %load/vec4 v0x55557b5f81b0_0;
    %nor/r;
    %flag_set/vec4 8;
    %jmp/0xz  T_94.6, 8;
    %load/vec4 v0x55557b5f9690_0;
    %pad/u 16;
    %ix/vec4 4;
    %load/vec4a v0x55557b5f7f10, 4;
    %assign/vec4 v0x55557b5f8cb0_0, 0;
    %jmp T_94.7;
T_94.6 ;
    %load/vec4 v0x55557b5f8870_0;
    %parti/s 1, 0, 2;
    %flag_set/vec4 8;
    %jmp/0xz  T_94.8, 8;
    %load/vec4 v0x55557b5f8bd0_0;
    %parti/s 4, 0, 2;
    %load/vec4 v0x55557b5f9690_0;
    %pad/u 16;
    %ix/vec4 3;
    %ix/load 4, 0, 0; Constant delay
    %assign/vec4/a/d v0x55557b5f7f10, 0, 4;
T_94.8 ;
    %load/vec4 v0x55557b5f8870_0;
    %parti/s 1, 1, 2;
    %flag_set/vec4 8;
    %jmp/0xz  T_94.10, 8;
    %load/vec4 v0x55557b5f8bd0_0;
    %parti/s 4, 4, 4;
    %load/vec4 v0x55557b5f9690_0;
    %pad/u 16;
    %ix/vec4 3;
    %ix/load 4, 4, 0; part off
    %ix/load 5, 0, 0; Constant delay
    %assign/vec4/a/d v0x55557b5f7f10, 4, 5;
T_94.10 ;
    %load/vec4 v0x55557b5f8870_0;
    %parti/s 1, 2, 3;
    %flag_set/vec4 8;
    %jmp/0xz  T_94.12, 8;
    %load/vec4 v0x55557b5f8bd0_0;
    %parti/s 4, 8, 5;
    %load/vec4 v0x55557b5f9690_0;
    %pad/u 16;
    %ix/vec4 3;
    %ix/load 4, 8, 0; part off
    %ix/load 5, 0, 0; Constant delay
    %assign/vec4/a/d v0x55557b5f7f10, 4, 5;
T_94.12 ;
    %load/vec4 v0x55557b5f8870_0;
    %parti/s 1, 3, 3;
    %flag_set/vec4 8;
    %jmp/0xz  T_94.14, 8;
    %load/vec4 v0x55557b5f8bd0_0;
    %parti/s 4, 12, 5;
    %load/vec4 v0x55557b5f9690_0;
    %pad/u 16;
    %ix/vec4 3;
    %ix/load 4, 12, 0; part off
    %ix/load 5, 0, 0; Constant delay
    %assign/vec4/a/d v0x55557b5f7f10, 4, 5;
T_94.14 ;
    %pushi/vec4 65535, 65535, 16;
    %assign/vec4 v0x55557b5f8cb0_0, 0;
T_94.7 ;
T_94.4 ;
T_94.3 ;
T_94.1 ;
    %jmp T_94;
    .thread T_94;
    .scope S_0x55557b6707c0;
T_95 ;
    %pushi/vec4 0, 0, 1;
    %store/vec4 v0x55557b670ce0_0, 0, 1;
    %end;
    .thread T_95;
    .scope S_0x55557b6707c0;
T_96 ;
    %wait E_0x55557b670520;
    %load/vec4 v0x55557b670120_0;
    %assign/vec4 v0x55557b670ce0_0, 0;
    %jmp T_96;
    .thread T_96;
    .scope S_0x55557b5a75f0;
T_97 ;
    %pushi/vec4 0, 0, 1;
    %store/vec4 v0x55557b5a62d0_0, 0, 1;
    %end;
    .thread T_97;
    .scope S_0x55557b5a75f0;
T_98 ;
    %wait E_0x55557b2d9110;
    %load/vec4 v0x55557b595460_0;
    %assign/vec4 v0x55557b5a62d0_0, 0;
    %jmp T_98;
    .thread T_98;
    .scope S_0x55557b69d130;
T_99 ;
    %pushi/vec4 0, 0, 1;
    %store/vec4 v0x55557b69d530_0, 0, 1;
    %end;
    .thread T_99;
    .scope S_0x55557b69d130;
T_100 ;
    %wait E_0x55557b3c5940;
    %load/vec4 v0x55557b69d3f0_0;
    %assign/vec4 v0x55557b69d530_0, 0;
    %jmp T_100;
    .thread T_100;
    .scope S_0x55557b653e30;
T_101 ;
    %pushi/vec4 0, 0, 1;
    %store/vec4 v0x55557b653840_0, 0, 1;
    %end;
    .thread T_101;
    .scope S_0x55557b653e30;
T_102 ;
    %wait E_0x55557b5f5a60;
    %load/vec4 v0x55557b653bb0_0;
    %assign/vec4 v0x55557b653840_0, 0;
    %jmp T_102;
    .thread T_102;
    .scope S_0x55557b661b80;
T_103 ;
    %pushi/vec4 0, 0, 1;
    %store/vec4 v0x55557b68c2e0_0, 0, 1;
    %end;
    .thread T_103;
    .scope S_0x55557b661b80;
T_104 ;
    %wait E_0x55557b2cff30;
    %load/vec4 v0x55557b68c6e0_0;
    %assign/vec4 v0x55557b68c2e0_0, 0;
    %jmp T_104;
    .thread T_104;
    .scope S_0x55557b445c90;
T_105 ;
    %pushi/vec4 0, 0, 1;
    %store/vec4 v0x55557b345990_0, 0, 1;
    %end;
    .thread T_105;
    .scope S_0x55557b445c90;
T_106 ;
    %wait E_0x55557b446080;
    %load/vec4 v0x55557b345800_0;
    %assign/vec4 v0x55557b345990_0, 0;
    %jmp T_106;
    .thread T_106;
    .scope S_0x55557b2d7a00;
T_107 ;
    %pushi/vec4 0, 0, 1;
    %store/vec4 v0x55557b3635d0_0, 0, 1;
    %end;
    .thread T_107;
    .scope S_0x55557b2d7a00;
T_108 ;
    %wait E_0x55557b2d7c00;
    %load/vec4 v0x55557b363470_0;
    %assign/vec4 v0x55557b3635d0_0, 0;
    %jmp T_108;
    .thread T_108;
    .scope S_0x55557b655d00;
T_109 ;
    %pushi/vec4 0, 0, 1;
    %store/vec4 v0x55557b65b4a0_0, 0, 1;
    %end;
    .thread T_109;
    .scope S_0x55557b655d00;
T_110 ;
    %wait E_0x55557b698a70;
    %load/vec4 v0x55557b65b870_0;
    %assign/vec4 v0x55557b65b4a0_0, 0;
    %jmp T_110;
    .thread T_110;
    .scope S_0x55557b674bd0;
T_111 ;
    %wait E_0x55557b2cf560;
    %load/vec4 v0x55557b68a260_0;
    %addi 1, 0, 5;
    %assign/vec4 v0x55557b68a260_0, 0;
    %jmp T_111;
    .thread T_111;
    .scope S_0x55557b36bdc0;
T_112 ;
    %pushi/vec4 0, 0, 1;
    %store/vec4 v0x55557b3797b0_0, 0, 1;
    %end;
    .thread T_112;
    .scope S_0x55557b36bdc0;
T_113 ;
    %wait E_0x55557b371260;
    %load/vec4 v0x55557b379620_0;
    %assign/vec4 v0x55557b3797b0_0, 0;
    %jmp T_113;
    .thread T_113;
    .scope S_0x55557b686660;
T_114 ;
    %pushi/vec4 0, 0, 1;
    %store/vec4 v0x55557b686b80_0, 0, 1;
    %end;
    .thread T_114;
    .scope S_0x55557b686660;
T_115 ;
    %wait E_0x55557b6863c0;
    %load/vec4 v0x55557b685fc0_0;
    %assign/vec4 v0x55557b686b80_0, 0;
    %jmp T_115;
    .thread T_115;
    .scope S_0x55557b69e1a0;
T_116 ;
    %pushi/vec4 0, 0, 1;
    %store/vec4 v0x55557b69e5a0_0, 0, 1;
    %end;
    .thread T_116;
    .scope S_0x55557b69e1a0;
T_117 ;
    %wait E_0x55557b3c5de0;
    %load/vec4 v0x55557b69e460_0;
    %assign/vec4 v0x55557b69e5a0_0, 0;
    %jmp T_117;
    .thread T_117;
    .scope S_0x55557b577d80;
T_118 ;
    %pushi/vec4 0, 0, 1;
    %store/vec4 v0x55557b555610_0, 0, 1;
    %end;
    .thread T_118;
    .scope S_0x55557b577d80;
T_119 ;
    %wait E_0x55557b56fb50;
    %load/vec4 v0x55557b556330_0;
    %assign/vec4 v0x55557b555610_0, 0;
    %jmp T_119;
    .thread T_119;
    .scope S_0x55557b6663b0;
T_120 ;
    %pushi/vec4 0, 0, 1;
    %store/vec4 v0x55557b67e780_0, 0, 1;
    %end;
    .thread T_120;
    .scope S_0x55557b6663b0;
T_121 ;
    %wait E_0x55557b2dde70;
    %load/vec4 v0x55557b667060_0;
    %assign/vec4 v0x55557b67e780_0, 0;
    %jmp T_121;
    .thread T_121;
    .scope S_0x55557b6a12f0;
T_122 ;
    %pushi/vec4 0, 0, 1;
    %store/vec4 v0x55557b6a16f0_0, 0, 1;
    %end;
    .thread T_122;
    .scope S_0x55557b6a12f0;
T_123 ;
    %wait E_0x55557b6838b0;
    %load/vec4 v0x55557b6a15b0_0;
    %assign/vec4 v0x55557b6a16f0_0, 0;
    %jmp T_123;
    .thread T_123;
    .scope S_0x55557b6a0280;
T_124 ;
    %pushi/vec4 0, 0, 1;
    %store/vec4 v0x55557b6a0680_0, 0, 1;
    %end;
    .thread T_124;
    .scope S_0x55557b6a0280;
T_125 ;
    %wait E_0x55557b348dd0;
    %load/vec4 v0x55557b6a0540_0;
    %assign/vec4 v0x55557b6a0680_0, 0;
    %jmp T_125;
    .thread T_125;
    .scope S_0x55557b2ea8e0;
T_126 ;
    %pushi/vec4 0, 0, 1;
    %store/vec4 v0x55557b2ef350_0, 0, 1;
    %end;
    .thread T_126;
    .scope S_0x55557b2ea8e0;
T_127 ;
    %wait E_0x55557b2dd720;
    %load/vec4 v0x55557b2ef1c0_0;
    %assign/vec4 v0x55557b2ef350_0, 0;
    %jmp T_127;
    .thread T_127;
    .scope S_0x55557b5b2020;
T_128 ;
    %pushi/vec4 0, 0, 1;
    %store/vec4 v0x55557b5ac340_0, 0, 1;
    %end;
    .thread T_128;
    .scope S_0x55557b5b2020;
T_129 ;
    %wait E_0x55557b5b1d50;
    %load/vec4 v0x55557b5b1540_0;
    %assign/vec4 v0x55557b5ac340_0, 0;
    %jmp T_129;
    .thread T_129;
    .scope S_0x55557b6650e0;
T_130 ;
    %pushi/vec4 0, 0, 1;
    %store/vec4 v0x55557b65d0c0_0, 0, 1;
    %end;
    .thread T_130;
    .scope S_0x55557b6650e0;
T_131 ;
    %wait E_0x55557b65d890;
    %load/vec4 v0x55557b65d490_0;
    %assign/vec4 v0x55557b65d0c0_0, 0;
    %jmp T_131;
    .thread T_131;
    .scope S_0x55557b6a6010;
T_132 ;
    %pushi/vec4 0, 0, 1;
    %store/vec4 v0x55557b6a66f0_0, 0, 1;
    %end;
    .thread T_132;
    .scope S_0x55557b6a6010;
T_133 ;
    %wait E_0x55557b6a6400;
    %load/vec4 v0x55557b6a6560_0;
    %assign/vec4 v0x55557b6a66f0_0, 0;
    %jmp T_133;
    .thread T_133;
    .scope S_0x55557b6a7910;
T_134 ;
    %pushi/vec4 0, 0, 1;
    %store/vec4 v0x55557b6a7ff0_0, 0, 1;
    %end;
    .thread T_134;
    .scope S_0x55557b6a7910;
T_135 ;
    %wait E_0x55557b6a7d00;
    %load/vec4 v0x55557b6a7e60_0;
    %assign/vec4 v0x55557b6a7ff0_0, 0;
    %jmp T_135;
    .thread T_135;
    .scope S_0x55557b35b900;
T_136 ;
    %pushi/vec4 0, 0, 1;
    %store/vec4 v0x55557b36e720_0, 0, 1;
    %end;
    .thread T_136;
    .scope S_0x55557b35b900;
T_137 ;
    %wait E_0x55557b4442a0;
    %load/vec4 v0x55557b36e590_0;
    %assign/vec4 v0x55557b36e720_0, 0;
    %jmp T_137;
    .thread T_137;
    .scope S_0x55557b69f210;
T_138 ;
    %pushi/vec4 0, 0, 1;
    %store/vec4 v0x55557b69f610_0, 0, 1;
    %end;
    .thread T_138;
    .scope S_0x55557b69f210;
T_139 ;
    %wait E_0x55557b3cc5f0;
    %load/vec4 v0x55557b69f4d0_0;
    %assign/vec4 v0x55557b69f610_0, 0;
    %jmp T_139;
    .thread T_139;
    .scope S_0x55557b6a4740;
T_140 ;
    %pushi/vec4 0, 0, 1;
    %store/vec4 v0x55557b6a4e00_0, 0, 1;
    %end;
    .thread T_140;
    .scope S_0x55557b6a4740;
T_141 ;
    %wait E_0x55557b6a4b10;
    %load/vec4 v0x55557b6a4c70_0;
    %assign/vec4 v0x55557b6a4e00_0, 0;
    %jmp T_141;
    .thread T_141;
    .scope S_0x55557b5f69e0;
T_142 ;
    %pushi/vec4 0, 0, 1;
    %store/vec4 v0x55557b5f6060_0, 0, 1;
    %end;
    .thread T_142;
    .scope S_0x55557b5f69e0;
T_143 ;
    %wait E_0x55557b5f67a0;
    %load/vec4 v0x55557b5f6400_0;
    %assign/vec4 v0x55557b5f6060_0, 0;
    %jmp T_143;
    .thread T_143;
    .scope S_0x55557b570630;
T_144 ;
    %pushi/vec4 0, 0, 1;
    %store/vec4 v0x55557b56c230_0, 0, 1;
    %end;
    .thread T_144;
    .scope S_0x55557b570630;
T_145 ;
    %wait E_0x55557b2e6b10;
    %load/vec4 v0x55557b56c600_0;
    %assign/vec4 v0x55557b56c230_0, 0;
    %jmp T_145;
    .thread T_145;
    .scope S_0x55557b677fc0;
T_146 ;
    %pushi/vec4 0, 0, 1;
    %store/vec4 v0x55557b688350_0, 0, 1;
    %end;
    .thread T_146;
    .scope S_0x55557b677fc0;
T_147 ;
    %wait E_0x55557b678cb0;
    %load/vec4 v0x55557b688720_0;
    %assign/vec4 v0x55557b688350_0, 0;
    %jmp T_147;
    .thread T_147;
    .scope S_0x55557b2da050;
T_148 ;
    %pushi/vec4 0, 0, 1;
    %store/vec4 v0x55557b2deb50_0, 0, 1;
    %end;
    .thread T_148;
    .scope S_0x55557b2da050;
T_149 ;
    %wait E_0x55557b381180;
    %load/vec4 v0x55557b2d2f60_0;
    %assign/vec4 v0x55557b2deb50_0, 0;
    %jmp T_149;
    .thread T_149;
    .scope S_0x55557b2e03d0;
T_150 ;
    %pushi/vec4 0, 0, 1;
    %store/vec4 v0x55557b2e5f80_0, 0, 1;
    %end;
    .thread T_150;
    .scope S_0x55557b2e03d0;
T_151 ;
    %wait E_0x55557b2e0770;
    %load/vec4 v0x55557b2e7f80_0;
    %assign/vec4 v0x55557b2e5f80_0, 0;
    %jmp T_151;
    .thread T_151;
    .scope S_0x55557b2f64f0;
T_152 ;
    %pushi/vec4 0, 0, 1;
    %store/vec4 v0x55557b2f2a30_0, 0, 1;
    %end;
    .thread T_152;
    .scope S_0x55557b2f64f0;
T_153 ;
    %wait E_0x55557b2dbdd0;
    %load/vec4 v0x55557b2f28a0_0;
    %assign/vec4 v0x55557b2f2a30_0, 0;
    %jmp T_153;
    .thread T_153;
    .scope S_0x55557b66a250;
T_154 ;
    %pushi/vec4 0, 0, 1;
    %store/vec4 v0x55557b659820_0, 0, 1;
    %end;
    .thread T_154;
    .scope S_0x55557b66a250;
T_155 ;
    %wait E_0x55557b36cee0;
    %load/vec4 v0x55557b66af00_0;
    %assign/vec4 v0x55557b659820_0, 0;
    %jmp T_155;
    .thread T_155;
    .scope S_0x55557b69c0c0;
T_156 ;
    %pushi/vec4 0, 0, 1;
    %store/vec4 v0x55557b69c4c0_0, 0, 1;
    %end;
    .thread T_156;
    .scope S_0x55557b69c0c0;
T_157 ;
    %wait E_0x55557b3cb370;
    %load/vec4 v0x55557b69c380_0;
    %assign/vec4 v0x55557b69c4c0_0, 0;
    %jmp T_157;
    .thread T_157;
    .scope S_0x55557b6a2570;
T_158 ;
    %pushi/vec4 0, 0, 1;
    %store/vec4 v0x55557b6a2970_0, 0, 1;
    %end;
    .thread T_158;
    .scope S_0x55557b6a2570;
T_159 ;
    %wait E_0x55557b684400;
    %load/vec4 v0x55557b6a2830_0;
    %assign/vec4 v0x55557b6a2970_0, 0;
    %jmp T_159;
    .thread T_159;
# The file index is used to find the file name in the following table.
:file_names 4;
    "N/A";
    "<interactive>";
    "/home/jfe/.icestudio/apio/packages/tools-oss-cad-suite/share/yosys/ice40/cells_sim.v";
    "main.v";
