#! /home/jfe/.icestudio/apio/packages/tools-oss-cad-suite/bin/vvp
:ivl_version "13.0 (devel)" "(s20221226-321-gd22bb3d25)";
:ivl_delay_selection "TYPICAL";
:vpi_time_precision - 12;
:vpi_module "/home/jfe/.icestudio/apio/packages/tools-oss-cad-suite/lib/ivl/system.vpi";
:vpi_module "/home/jfe/.icestudio/apio/packages/tools-oss-cad-suite/lib/ivl/vhdl_sys.vpi";
:vpi_module "/home/jfe/.icestudio/apio/packages/tools-oss-cad-suite/lib/ivl/vhdl_textio.vpi";
:vpi_module "/home/jfe/.icestudio/apio/packages/tools-oss-cad-suite/lib/ivl/v2005_math.vpi";
:vpi_module "/home/jfe/.icestudio/apio/packages/tools-oss-cad-suite/lib/ivl/va_math.vpi";
S_0x555562cf69b0 .scope module, "ICESTORM_LC" "ICESTORM_LC" 2 2136;
 .timescale -12 -12;
    .port_info 0 /INPUT 1 "I0";
    .port_info 1 /INPUT 1 "I1";
    .port_info 2 /INPUT 1 "I2";
    .port_info 3 /INPUT 1 "I3";
    .port_info 4 /INPUT 1 "CIN";
    .port_info 5 /INPUT 1 "CLK";
    .port_info 6 /INPUT 1 "CEN";
    .port_info 7 /INPUT 1 "SR";
    .port_info 8 /OUTPUT 1 "LO";
    .port_info 9 /OUTPUT 1 "O";
    .port_info 10 /OUTPUT 1 "COUT";
P_0x555562fe0650 .param/l "ASYNC_SR" 0 2 2148, C4<0>;
P_0x555562fe0690 .param/l "CARRY_ENABLE" 0 2 2145, C4<0>;
P_0x555562fe06d0 .param/l "CIN_CONST" 0 2 2150, C4<0>;
P_0x555562fe0710 .param/l "CIN_SET" 0 2 2151, C4<0>;
P_0x555562fe0750 .param/l "DFF_ENABLE" 0 2 2146, C4<0>;
P_0x555562fe0790 .param/l "LUT_INIT" 0 2 2142, C4<0000000000000000>;
P_0x555562fe07d0 .param/l "NEG_CLK" 0 2 2144, C4<0>;
P_0x555562fe0810 .param/l "SET_NORESET" 0 2 2147, C4<0>;
o0x7da308976078 .functor BUFZ 1, C4<z>; HiZ drive
L_0x55556308af20 .functor BUFZ 1, o0x7da308976078, C4<0>, C4<0>, C4<0>;
L_0x55556308ad90 .functor BUFZ 1, L_0x55556308baf0, C4<0>, C4<0>, C4<0>;
o0x7da3089760a8 .functor BUFZ 1, C4<z>; HiZ drive
L_0x7da30892d2a0 .functor BUFT 1, C4<0>, C4<0>, C4<0>, C4<0>;
L_0x55556308bd90 .functor XOR 1, o0x7da3089760a8, L_0x7da30892d2a0, C4<0>, C4<0>;
L_0x55556308be50 .functor BUFZ 1, L_0x55556308baf0, C4<0>, C4<0>, C4<0>;
o0x7da308976018 .functor BUFZ 1, C4<z>; HiZ drive
v0x555562f5ff60_0 .net "CEN", 0 0, o0x7da308976018;  0 drivers
v0x555562f2ade0_0 .net "CEN_pu", 0 0, L_0x55556308acf0;  1 drivers
v0x555562f29e90_0 .net "CIN", 0 0, o0x7da308976078;  0 drivers
v0x555562f28f40_0 .net "CLK", 0 0, o0x7da3089760a8;  0 drivers
L_0x7da30892d1c8 .functor BUFT 1, C4<x>, C4<0>, C4<0>, C4<0>;
v0x555562f27ff0_0 .net "COUT", 0 0, L_0x7da30892d1c8;  1 drivers
o0x7da308976108 .functor BUFZ 1, C4<z>; HiZ drive
v0x555562f270a0_0 .net "I0", 0 0, o0x7da308976108;  0 drivers
v0x555562c01680_0 .net "I0_pd", 0 0, L_0x555563089f00;  1 drivers
o0x7da308976168 .functor BUFZ 1, C4<z>; HiZ drive
v0x555562ce69e0_0 .net "I1", 0 0, o0x7da308976168;  0 drivers
v0x555562ca4b40_0 .net "I1_pd", 0 0, L_0x55556308a1c0;  1 drivers
o0x7da3089761c8 .functor BUFZ 1, C4<z>; HiZ drive
v0x555562cb3ae0_0 .net "I2", 0 0, o0x7da3089761c8;  0 drivers
v0x555562cb93b0_0 .net "I2_pd", 0 0, L_0x55556308a4b0;  1 drivers
o0x7da308976228 .functor BUFZ 1, C4<z>; HiZ drive
v0x555562ca95c0_0 .net "I3", 0 0, o0x7da308976228;  0 drivers
v0x555562caee90_0 .net "I3_pd", 0 0, L_0x55556308a750;  1 drivers
v0x555562ce6c80_0 .net "LO", 0 0, L_0x55556308ad90;  1 drivers
v0x555562ce6b30_0 .net "O", 0 0, L_0x55556308be50;  1 drivers
o0x7da3089762e8 .functor BUFZ 1, C4<z>; HiZ drive
v0x555562c76790_0 .net "SR", 0 0, o0x7da3089762e8;  0 drivers
v0x555562ccd330_0 .net "SR_pd", 0 0, L_0x55556308aa80;  1 drivers
o0x7da308976348 .functor BUFZ 1, C4<z>; HiZ drive
; Elide local net with no drivers, v0x555562c9f270_0 name=_ivl_0
v0x555562ccc470_0 .net *"_ivl_10", 0 0, L_0x55556308a0c0;  1 drivers
L_0x7da30892d060 .functor BUFT 1, C4<0>, C4<0>, C4<0>, C4<0>;
v0x555562cccaa0_0 .net/2u *"_ivl_12", 0 0, L_0x7da30892d060;  1 drivers
o0x7da3089763d8 .functor BUFZ 1, C4<z>; HiZ drive
; Elide local net with no drivers, v0x555562ccd1c0_0 name=_ivl_16
v0x555562ccc720_0 .net *"_ivl_18", 0 0, L_0x55556308a3b0;  1 drivers
v0x555562ccc5d0_0 .net *"_ivl_2", 0 0, L_0x555563089e30;  1 drivers
L_0x7da30892d0a8 .functor BUFT 1, C4<0>, C4<0>, C4<0>, C4<0>;
v0x555562c70ab0_0 .net/2u *"_ivl_20", 0 0, L_0x7da30892d0a8;  1 drivers
o0x7da308976498 .functor BUFZ 1, C4<z>; HiZ drive
; Elide local net with no drivers, v0x555562ccc930_0 name=_ivl_24
v0x555562cc91a0_0 .net *"_ivl_26", 0 0, L_0x55556308a680;  1 drivers
L_0x7da30892d0f0 .functor BUFT 1, C4<0>, C4<0>, C4<0>, C4<0>;
v0x555562cc9ba0_0 .net/2u *"_ivl_28", 0 0, L_0x7da30892d0f0;  1 drivers
o0x7da308976528 .functor BUFZ 1, C4<z>; HiZ drive
; Elide local net with no drivers, v0x555562cc8ce0_0 name=_ivl_32
v0x555562cc9310_0 .net *"_ivl_34", 0 0, L_0x55556308a960;  1 drivers
L_0x7da30892d138 .functor BUFT 1, C4<0>, C4<0>, C4<0>, C4<0>;
v0x555562cc9a30_0 .net/2u *"_ivl_36", 0 0, L_0x7da30892d138;  1 drivers
L_0x7da30892d018 .functor BUFT 1, C4<0>, C4<0>, C4<0>, C4<0>;
v0x555562cc8f90_0 .net/2u *"_ivl_4", 0 0, L_0x7da30892d018;  1 drivers
o0x7da3089765e8 .functor BUFZ 1, C4<z>; HiZ drive
; Elide local net with no drivers, v0x555562cc8e40_0 name=_ivl_40
v0x555562cd0210_0 .net *"_ivl_42", 0 0, L_0x55556308ac20;  1 drivers
L_0x7da30892d180 .functor BUFT 1, C4<1>, C4<0>, C4<0>, C4<0>;
v0x555562cd0570_0 .net/2u *"_ivl_44", 0 0, L_0x7da30892d180;  1 drivers
L_0x7da30892d210 .functor BUFT 1, C4<00000000>, C4<0>, C4<0>, C4<0>;
v0x555562cd0f70_0 .net/2u *"_ivl_52", 7 0, L_0x7da30892d210;  1 drivers
L_0x7da30892d258 .functor BUFT 1, C4<00000000>, C4<0>, C4<0>, C4<0>;
v0x555562cd00b0_0 .net/2u *"_ivl_54", 7 0, L_0x7da30892d258;  1 drivers
v0x555562cd06e0_0 .net *"_ivl_59", 3 0, L_0x55556308b160;  1 drivers
v0x555562cd10e0_0 .net *"_ivl_61", 3 0, L_0x55556308b2d0;  1 drivers
v0x555562cd0e00_0 .net *"_ivl_65", 1 0, L_0x55556308b590;  1 drivers
v0x555562cd0360_0 .net *"_ivl_67", 1 0, L_0x55556308b680;  1 drivers
v0x555562cd7ec0_0 .net *"_ivl_71", 0 0, L_0x55556308b950;  1 drivers
v0x555562cd8720_0 .net *"_ivl_73", 0 0, L_0x55556308b720;  1 drivers
v0x555562cd8d70_0 .net/2u *"_ivl_78", 0 0, L_0x7da30892d2a0;  1 drivers
o0x7da308976828 .functor BUFZ 1, C4<z>; HiZ drive
; Elide local net with no drivers, v0x555562cd7d60_0 name=_ivl_8
v0x555562cd8390_0 .net "lut_o", 0 0, L_0x55556308baf0;  1 drivers
v0x555562cd8ee0_0 .net "lut_s1", 1 0, L_0x55556308b7c0;  1 drivers
v0x555562cd8c00_0 .net "lut_s2", 3 0, L_0x55556308b370;  1 drivers
v0x555562cd8010_0 .net "lut_s3", 7 0, L_0x55556308aff0;  1 drivers
v0x555562cd8220_0 .net "mux_cin", 0 0, L_0x55556308af20;  1 drivers
v0x555562cd4e70_0 .var "o_reg", 0 0;
v0x555562cd3e60_0 .var "o_reg_async", 0 0;
v0x555562cd4490_0 .net "polarized_clk", 0 0, L_0x55556308bd90;  1 drivers
E_0x555562fe5e00 .event posedge, v0x555562ccd330_0, v0x555562cd4490_0;
E_0x555562fe31e0 .event posedge, v0x555562cd4490_0;
L_0x555563089e30 .cmp/eeq 1, o0x7da308976108, o0x7da308976348;
L_0x555563089f00 .functor MUXZ 1, o0x7da308976108, L_0x7da30892d018, L_0x555563089e30, C4<>;
L_0x55556308a0c0 .cmp/eeq 1, o0x7da308976168, o0x7da308976828;
L_0x55556308a1c0 .functor MUXZ 1, o0x7da308976168, L_0x7da30892d060, L_0x55556308a0c0, C4<>;
L_0x55556308a3b0 .cmp/eeq 1, o0x7da3089761c8, o0x7da3089763d8;
L_0x55556308a4b0 .functor MUXZ 1, o0x7da3089761c8, L_0x7da30892d0a8, L_0x55556308a3b0, C4<>;
L_0x55556308a680 .cmp/eeq 1, o0x7da308976228, o0x7da308976498;
L_0x55556308a750 .functor MUXZ 1, o0x7da308976228, L_0x7da30892d0f0, L_0x55556308a680, C4<>;
L_0x55556308a960 .cmp/eeq 1, o0x7da3089762e8, o0x7da308976528;
L_0x55556308aa80 .functor MUXZ 1, o0x7da3089762e8, L_0x7da30892d138, L_0x55556308a960, C4<>;
L_0x55556308ac20 .cmp/eeq 1, o0x7da308976018, o0x7da3089765e8;
L_0x55556308acf0 .functor MUXZ 1, o0x7da308976018, L_0x7da30892d180, L_0x55556308ac20, C4<>;
L_0x55556308aff0 .functor MUXZ 8, L_0x7da30892d258, L_0x7da30892d210, L_0x55556308a750, C4<>;
L_0x55556308b160 .part L_0x55556308aff0, 4, 4;
L_0x55556308b2d0 .part L_0x55556308aff0, 0, 4;
L_0x55556308b370 .functor MUXZ 4, L_0x55556308b2d0, L_0x55556308b160, L_0x55556308a4b0, C4<>;
L_0x55556308b590 .part L_0x55556308b370, 2, 2;
L_0x55556308b680 .part L_0x55556308b370, 0, 2;
L_0x55556308b7c0 .functor MUXZ 2, L_0x55556308b680, L_0x55556308b590, L_0x55556308a1c0, C4<>;
L_0x55556308b950 .part L_0x55556308b7c0, 1, 1;
L_0x55556308b720 .part L_0x55556308b7c0, 0, 1;
L_0x55556308baf0 .functor MUXZ 1, L_0x55556308b720, L_0x55556308b950, L_0x555563089f00, C4<>;
S_0x555562fe6800 .scope module, "ICESTORM_RAM" "ICESTORM_RAM" 2 3167;
 .timescale -12 -12;
    .port_info 0 /OUTPUT 1 "RDATA_15";
    .port_info 1 /OUTPUT 1 "RDATA_14";
    .port_info 2 /OUTPUT 1 "RDATA_13";
    .port_info 3 /OUTPUT 1 "RDATA_12";
    .port_info 4 /OUTPUT 1 "RDATA_11";
    .port_info 5 /OUTPUT 1 "RDATA_10";
    .port_info 6 /OUTPUT 1 "RDATA_9";
    .port_info 7 /OUTPUT 1 "RDATA_8";
    .port_info 8 /OUTPUT 1 "RDATA_7";
    .port_info 9 /OUTPUT 1 "RDATA_6";
    .port_info 10 /OUTPUT 1 "RDATA_5";
    .port_info 11 /OUTPUT 1 "RDATA_4";
    .port_info 12 /OUTPUT 1 "RDATA_3";
    .port_info 13 /OUTPUT 1 "RDATA_2";
    .port_info 14 /OUTPUT 1 "RDATA_1";
    .port_info 15 /OUTPUT 1 "RDATA_0";
    .port_info 16 /INPUT 1 "RCLK";
    .port_info 17 /INPUT 1 "RCLKE";
    .port_info 18 /INPUT 1 "RE";
    .port_info 19 /INPUT 1 "RADDR_10";
    .port_info 20 /INPUT 1 "RADDR_9";
    .port_info 21 /INPUT 1 "RADDR_8";
    .port_info 22 /INPUT 1 "RADDR_7";
    .port_info 23 /INPUT 1 "RADDR_6";
    .port_info 24 /INPUT 1 "RADDR_5";
    .port_info 25 /INPUT 1 "RADDR_4";
    .port_info 26 /INPUT 1 "RADDR_3";
    .port_info 27 /INPUT 1 "RADDR_2";
    .port_info 28 /INPUT 1 "RADDR_1";
    .port_info 29 /INPUT 1 "RADDR_0";
    .port_info 30 /INPUT 1 "WCLK";
    .port_info 31 /INPUT 1 "WCLKE";
    .port_info 32 /INPUT 1 "WE";
    .port_info 33 /INPUT 1 "WADDR_10";
    .port_info 34 /INPUT 1 "WADDR_9";
    .port_info 35 /INPUT 1 "WADDR_8";
    .port_info 36 /INPUT 1 "WADDR_7";
    .port_info 37 /INPUT 1 "WADDR_6";
    .port_info 38 /INPUT 1 "WADDR_5";
    .port_info 39 /INPUT 1 "WADDR_4";
    .port_info 40 /INPUT 1 "WADDR_3";
    .port_info 41 /INPUT 1 "WADDR_2";
    .port_info 42 /INPUT 1 "WADDR_1";
    .port_info 43 /INPUT 1 "WADDR_0";
    .port_info 44 /INPUT 1 "MASK_15";
    .port_info 45 /INPUT 1 "MASK_14";
    .port_info 46 /INPUT 1 "MASK_13";
    .port_info 47 /INPUT 1 "MASK_12";
    .port_info 48 /INPUT 1 "MASK_11";
    .port_info 49 /INPUT 1 "MASK_10";
    .port_info 50 /INPUT 1 "MASK_9";
    .port_info 51 /INPUT 1 "MASK_8";
    .port_info 52 /INPUT 1 "MASK_7";
    .port_info 53 /INPUT 1 "MASK_6";
    .port_info 54 /INPUT 1 "MASK_5";
    .port_info 55 /INPUT 1 "MASK_4";
    .port_info 56 /INPUT 1 "MASK_3";
    .port_info 57 /INPUT 1 "MASK_2";
    .port_info 58 /INPUT 1 "MASK_1";
    .port_info 59 /INPUT 1 "MASK_0";
    .port_info 60 /INPUT 1 "WDATA_15";
    .port_info 61 /INPUT 1 "WDATA_14";
    .port_info 62 /INPUT 1 "WDATA_13";
    .port_info 63 /INPUT 1 "WDATA_12";
    .port_info 64 /INPUT 1 "WDATA_11";
    .port_info 65 /INPUT 1 "WDATA_10";
    .port_info 66 /INPUT 1 "WDATA_9";
    .port_info 67 /INPUT 1 "WDATA_8";
    .port_info 68 /INPUT 1 "WDATA_7";
    .port_info 69 /INPUT 1 "WDATA_6";
    .port_info 70 /INPUT 1 "WDATA_5";
    .port_info 71 /INPUT 1 "WDATA_4";
    .port_info 72 /INPUT 1 "WDATA_3";
    .port_info 73 /INPUT 1 "WDATA_2";
    .port_info 74 /INPUT 1 "WDATA_1";
    .port_info 75 /INPUT 1 "WDATA_0";
P_0x555562c4c220 .param/l "INIT_0" 0 2 3182, C4<0000000000000000000000000000000000000000000000000000000000000000000000000000000000000000000000000000000000000000000000000000000000000000000000000000000000000000000000000000000000000000000000000000000000000000000000000000000000000000000000000000000000000000>;
P_0x555562c4c260 .param/l "INIT_1" 0 2 3183, C4<0000000000000000000000000000000000000000000000000000000000000000000000000000000000000000000000000000000000000000000000000000000000000000000000000000000000000000000000000000000000000000000000000000000000000000000000000000000000000000000000000000000000000000>;
P_0x555562c4c2a0 .param/l "INIT_2" 0 2 3184, C4<0000000000000000000000000000000000000000000000000000000000000000000000000000000000000000000000000000000000000000000000000000000000000000000000000000000000000000000000000000000000000000000000000000000000000000000000000000000000000000000000000000000000000000>;
P_0x555562c4c2e0 .param/l "INIT_3" 0 2 3185, C4<0000000000000000000000000000000000000000000000000000000000000000000000000000000000000000000000000000000000000000000000000000000000000000000000000000000000000000000000000000000000000000000000000000000000000000000000000000000000000000000000000000000000000000>;
P_0x555562c4c320 .param/l "INIT_4" 0 2 3186, C4<0000000000000000000000000000000000000000000000000000000000000000000000000000000000000000000000000000000000000000000000000000000000000000000000000000000000000000000000000000000000000000000000000000000000000000000000000000000000000000000000000000000000000000>;
P_0x555562c4c360 .param/l "INIT_5" 0 2 3187, C4<0000000000000000000000000000000000000000000000000000000000000000000000000000000000000000000000000000000000000000000000000000000000000000000000000000000000000000000000000000000000000000000000000000000000000000000000000000000000000000000000000000000000000000>;
P_0x555562c4c3a0 .param/l "INIT_6" 0 2 3188, C4<0000000000000000000000000000000000000000000000000000000000000000000000000000000000000000000000000000000000000000000000000000000000000000000000000000000000000000000000000000000000000000000000000000000000000000000000000000000000000000000000000000000000000000>;
P_0x555562c4c3e0 .param/l "INIT_7" 0 2 3189, C4<0000000000000000000000000000000000000000000000000000000000000000000000000000000000000000000000000000000000000000000000000000000000000000000000000000000000000000000000000000000000000000000000000000000000000000000000000000000000000000000000000000000000000000>;
P_0x555562c4c420 .param/l "INIT_8" 0 2 3190, C4<0000000000000000000000000000000000000000000000000000000000000000000000000000000000000000000000000000000000000000000000000000000000000000000000000000000000000000000000000000000000000000000000000000000000000000000000000000000000000000000000000000000000000000>;
P_0x555562c4c460 .param/l "INIT_9" 0 2 3191, C4<0000000000000000000000000000000000000000000000000000000000000000000000000000000000000000000000000000000000000000000000000000000000000000000000000000000000000000000000000000000000000000000000000000000000000000000000000000000000000000000000000000000000000000>;
P_0x555562c4c4a0 .param/l "INIT_A" 0 2 3192, C4<0000000000000000000000000000000000000000000000000000000000000000000000000000000000000000000000000000000000000000000000000000000000000000000000000000000000000000000000000000000000000000000000000000000000000000000000000000000000000000000000000000000000000000>;
P_0x555562c4c4e0 .param/l "INIT_B" 0 2 3193, C4<0000000000000000000000000000000000000000000000000000000000000000000000000000000000000000000000000000000000000000000000000000000000000000000000000000000000000000000000000000000000000000000000000000000000000000000000000000000000000000000000000000000000000000>;
P_0x555562c4c520 .param/l "INIT_C" 0 2 3194, C4<0000000000000000000000000000000000000000000000000000000000000000000000000000000000000000000000000000000000000000000000000000000000000000000000000000000000000000000000000000000000000000000000000000000000000000000000000000000000000000000000000000000000000000>;
P_0x555562c4c560 .param/l "INIT_D" 0 2 3195, C4<0000000000000000000000000000000000000000000000000000000000000000000000000000000000000000000000000000000000000000000000000000000000000000000000000000000000000000000000000000000000000000000000000000000000000000000000000000000000000000000000000000000000000000>;
P_0x555562c4c5a0 .param/l "INIT_E" 0 2 3196, C4<0000000000000000000000000000000000000000000000000000000000000000000000000000000000000000000000000000000000000000000000000000000000000000000000000000000000000000000000000000000000000000000000000000000000000000000000000000000000000000000000000000000000000000>;
P_0x555562c4c5e0 .param/l "INIT_F" 0 2 3197, C4<0000000000000000000000000000000000000000000000000000000000000000000000000000000000000000000000000000000000000000000000000000000000000000000000000000000000000000000000000000000000000000000000000000000000000000000000000000000000000000000000000000000000000000>;
P_0x555562c4c620 .param/l "NEG_CLK_R" 0 2 3179, C4<0>;
P_0x555562c4c660 .param/l "NEG_CLK_W" 0 2 3180, C4<0>;
P_0x555562c4c6a0 .param/l "READ_MODE" 0 2 3177, +C4<00000000000000000000000000000000>;
P_0x555562c4c6e0 .param/l "WRITE_MODE" 0 2 3176, +C4<00000000000000000000000000000000>;
L_0x7da30892d330 .functor BUFT 1, C4<0>, C4<0>, C4<0>, C4<0>;
L_0x55556309c900 .functor XOR 1, L_0x55556309cd30, L_0x7da30892d330, C4<0>, C4<0>;
L_0x7da30892d378 .functor BUFT 1, C4<0>, C4<0>, C4<0>, C4<0>;
L_0x55556309e610 .functor XOR 1, L_0x55556309e460, L_0x7da30892d378, C4<0>, C4<0>;
o0x7da3089771b8 .functor BUFZ 1, C4<z>; HiZ drive
v0x555562c698f0_0 .net "MASK_0", 0 0, o0x7da3089771b8;  0 drivers
o0x7da3089771e8 .functor BUFZ 1, C4<z>; HiZ drive
v0x555562c6d490_0 .net "MASK_1", 0 0, o0x7da3089771e8;  0 drivers
o0x7da308977218 .functor BUFZ 1, C4<z>; HiZ drive
v0x555562d44860_0 .net "MASK_10", 0 0, o0x7da308977218;  0 drivers
o0x7da308977248 .functor BUFZ 1, C4<z>; HiZ drive
v0x555562cd9d30_0 .net "MASK_11", 0 0, o0x7da308977248;  0 drivers
o0x7da308977278 .functor BUFZ 1, C4<z>; HiZ drive
v0x555562db02b0_0 .net "MASK_12", 0 0, o0x7da308977278;  0 drivers
o0x7da3089772a8 .functor BUFZ 1, C4<z>; HiZ drive
v0x555562db2030_0 .net "MASK_13", 0 0, o0x7da3089772a8;  0 drivers
o0x7da3089772d8 .functor BUFZ 1, C4<z>; HiZ drive
v0x555562d8dce0_0 .net "MASK_14", 0 0, o0x7da3089772d8;  0 drivers
o0x7da308977308 .functor BUFZ 1, C4<z>; HiZ drive
v0x555562dbff30_0 .net "MASK_15", 0 0, o0x7da308977308;  0 drivers
o0x7da308977338 .functor BUFZ 1, C4<z>; HiZ drive
v0x555562db5cd0_0 .net "MASK_2", 0 0, o0x7da308977338;  0 drivers
o0x7da308977368 .functor BUFZ 1, C4<z>; HiZ drive
v0x555562d44520_0 .net "MASK_3", 0 0, o0x7da308977368;  0 drivers
o0x7da308977398 .functor BUFZ 1, C4<z>; HiZ drive
v0x555562ce9080_0 .net "MASK_4", 0 0, o0x7da308977398;  0 drivers
o0x7da3089773c8 .functor BUFZ 1, C4<z>; HiZ drive
v0x555562ce6890_0 .net "MASK_5", 0 0, o0x7da3089773c8;  0 drivers
o0x7da3089773f8 .functor BUFZ 1, C4<z>; HiZ drive
v0x555562ce9470_0 .net "MASK_6", 0 0, o0x7da3089773f8;  0 drivers
o0x7da308977428 .functor BUFZ 1, C4<z>; HiZ drive
v0x555562ce9320_0 .net "MASK_7", 0 0, o0x7da308977428;  0 drivers
o0x7da308977458 .functor BUFZ 1, C4<z>; HiZ drive
v0x555562ce91d0_0 .net "MASK_8", 0 0, o0x7da308977458;  0 drivers
o0x7da308977488 .functor BUFZ 1, C4<z>; HiZ drive
v0x555562c5ac20_0 .net "MASK_9", 0 0, o0x7da308977488;  0 drivers
o0x7da3089774b8 .functor BUFZ 1, C4<z>; HiZ drive
v0x555562c57030_0 .net "RADDR_0", 0 0, o0x7da3089774b8;  0 drivers
o0x7da3089774e8 .functor BUFZ 1, C4<z>; HiZ drive
v0x555562cf6ba0_0 .net "RADDR_1", 0 0, o0x7da3089774e8;  0 drivers
o0x7da308977518 .functor BUFZ 1, C4<z>; HiZ drive
v0x555562c5cb10_0 .net "RADDR_10", 0 0, o0x7da308977518;  0 drivers
o0x7da308977548 .functor BUFZ 1, C4<z>; HiZ drive
v0x555562c58f70_0 .net "RADDR_2", 0 0, o0x7da308977548;  0 drivers
o0x7da308977578 .functor BUFZ 1, C4<z>; HiZ drive
v0x555562dc2ba0_0 .net "RADDR_3", 0 0, o0x7da308977578;  0 drivers
o0x7da3089775a8 .functor BUFZ 1, C4<z>; HiZ drive
v0x555562dc1320_0 .net "RADDR_4", 0 0, o0x7da3089775a8;  0 drivers
o0x7da3089775d8 .functor BUFZ 1, C4<z>; HiZ drive
v0x555562db9550_0 .net "RADDR_5", 0 0, o0x7da3089775d8;  0 drivers
o0x7da308977608 .functor BUFZ 1, C4<z>; HiZ drive
v0x555562dd5010_0 .net "RADDR_6", 0 0, o0x7da308977608;  0 drivers
o0x7da308977638 .functor BUFZ 1, C4<z>; HiZ drive
v0x555562dd1c10_0 .net "RADDR_7", 0 0, o0x7da308977638;  0 drivers
o0x7da308977668 .functor BUFZ 1, C4<z>; HiZ drive
v0x555562d9e3e0_0 .net "RADDR_8", 0 0, o0x7da308977668;  0 drivers
o0x7da308977698 .functor BUFZ 1, C4<z>; HiZ drive
v0x555562ccd4a0_0 .net "RADDR_9", 0 0, o0x7da308977698;  0 drivers
o0x7da3089776c8 .functor BUFZ 1, C4<z>; HiZ drive
v0x555562cc9d10_0 .net "RCLK", 0 0, o0x7da3089776c8;  0 drivers
o0x7da3089776f8 .functor BUFZ 1, C4<z>; HiZ drive
v0x555562cd1250_0 .net "RCLKE", 0 0, o0x7da3089776f8;  0 drivers
v0x555562cd9050_0 .net "RDATA_0", 0 0, L_0x55556309cbd0;  1 drivers
v0x555562cd5150_0 .net "RDATA_1", 0 0, L_0x55556309cb30;  1 drivers
v0x555562c483a0_0 .net "RDATA_10", 0 0, L_0x55556309c3c0;  1 drivers
v0x555562cfb220_0 .net "RDATA_11", 0 0, L_0x55556309c320;  1 drivers
v0x555562c9cc00_0 .net "RDATA_12", 0 0, L_0x55556309c280;  1 drivers
v0x555562f63210_0 .net "RDATA_13", 0 0, L_0x55556309c1e0;  1 drivers
v0x555562f5e4c0_0 .net "RDATA_14", 0 0, L_0x55556309c140;  1 drivers
v0x555562f5efa0_0 .net "RDATA_15", 0 0, L_0x55556309c050;  1 drivers
v0x555562f5f390_0 .net "RDATA_2", 0 0, L_0x55556309ca10;  1 drivers
v0x555562dbdfc0_0 .net "RDATA_3", 0 0, L_0x55556309c970;  1 drivers
v0x555562c540d0_0 .net "RDATA_4", 0 0, L_0x55556309c860;  1 drivers
v0x555562c50f10_0 .net "RDATA_5", 0 0, L_0x55556309c7c0;  1 drivers
v0x555562c55940_0 .net "RDATA_6", 0 0, L_0x55556309c6c0;  1 drivers
v0x555562c52780_0 .net "RDATA_7", 0 0, L_0x55556309c620;  1 drivers
v0x555562c645f0_0 .net "RDATA_8", 0 0, L_0x55556309c530;  1 drivers
v0x555562c61430_0 .net "RDATA_9", 0 0, L_0x55556309c460;  1 drivers
o0x7da308977a28 .functor BUFZ 1, C4<z>; HiZ drive
v0x555562c65e60_0 .net "RE", 0 0, o0x7da308977a28;  0 drivers
o0x7da308977a58 .functor BUFZ 1, C4<z>; HiZ drive
v0x555562c62ca0_0 .net "WADDR_0", 0 0, o0x7da308977a58;  0 drivers
o0x7da308977a88 .functor BUFZ 1, C4<z>; HiZ drive
v0x555562c5fd70_0 .net "WADDR_1", 0 0, o0x7da308977a88;  0 drivers
o0x7da308977ab8 .functor BUFZ 1, C4<z>; HiZ drive
v0x555562c4f850_0 .net "WADDR_10", 0 0, o0x7da308977ab8;  0 drivers
o0x7da308977ae8 .functor BUFZ 1, C4<z>; HiZ drive
v0x555562da5e40_0 .net "WADDR_2", 0 0, o0x7da308977ae8;  0 drivers
o0x7da308977b18 .functor BUFZ 1, C4<z>; HiZ drive
v0x55556304eda0_0 .net "WADDR_3", 0 0, o0x7da308977b18;  0 drivers
o0x7da308977b48 .functor BUFZ 1, C4<z>; HiZ drive
v0x55556304ee60_0 .net "WADDR_4", 0 0, o0x7da308977b48;  0 drivers
o0x7da308977b78 .functor BUFZ 1, C4<z>; HiZ drive
v0x555563053250_0 .net "WADDR_5", 0 0, o0x7da308977b78;  0 drivers
o0x7da308977ba8 .functor BUFZ 1, C4<z>; HiZ drive
v0x5555630532f0_0 .net "WADDR_6", 0 0, o0x7da308977ba8;  0 drivers
o0x7da308977bd8 .functor BUFZ 1, C4<z>; HiZ drive
v0x5555630562d0_0 .net "WADDR_7", 0 0, o0x7da308977bd8;  0 drivers
o0x7da308977c08 .functor BUFZ 1, C4<z>; HiZ drive
v0x555563056390_0 .net "WADDR_8", 0 0, o0x7da308977c08;  0 drivers
o0x7da308977c38 .functor BUFZ 1, C4<z>; HiZ drive
v0x55556304b930_0 .net "WADDR_9", 0 0, o0x7da308977c38;  0 drivers
o0x7da308977c68 .functor BUFZ 1, C4<z>; HiZ drive
v0x55556304b9f0_0 .net "WCLK", 0 0, o0x7da308977c68;  0 drivers
o0x7da308977c98 .functor BUFZ 1, C4<z>; HiZ drive
v0x555563054e50_0 .net "WCLKE", 0 0, o0x7da308977c98;  0 drivers
o0x7da308977cc8 .functor BUFZ 1, C4<z>; HiZ drive
v0x555563054f10_0 .net "WDATA_0", 0 0, o0x7da308977cc8;  0 drivers
o0x7da308977cf8 .functor BUFZ 1, C4<z>; HiZ drive
v0x555563054af0_0 .net "WDATA_1", 0 0, o0x7da308977cf8;  0 drivers
o0x7da308977d28 .functor BUFZ 1, C4<z>; HiZ drive
v0x555563054b90_0 .net "WDATA_10", 0 0, o0x7da308977d28;  0 drivers
o0x7da308977d58 .functor BUFZ 1, C4<z>; HiZ drive
v0x5555630509a0_0 .net "WDATA_11", 0 0, o0x7da308977d58;  0 drivers
o0x7da308977d88 .functor BUFZ 1, C4<z>; HiZ drive
v0x555563050a60_0 .net "WDATA_12", 0 0, o0x7da308977d88;  0 drivers
o0x7da308977db8 .functor BUFZ 1, C4<z>; HiZ drive
v0x555563050640_0 .net "WDATA_13", 0 0, o0x7da308977db8;  0 drivers
o0x7da308977de8 .functor BUFZ 1, C4<z>; HiZ drive
v0x555563050700_0 .net "WDATA_14", 0 0, o0x7da308977de8;  0 drivers
o0x7da308977e18 .functor BUFZ 1, C4<z>; HiZ drive
v0x555563057700_0 .net "WDATA_15", 0 0, o0x7da308977e18;  0 drivers
o0x7da308977e48 .functor BUFZ 1, C4<z>; HiZ drive
v0x5555630577c0_0 .net "WDATA_2", 0 0, o0x7da308977e48;  0 drivers
o0x7da308977e78 .functor BUFZ 1, C4<z>; HiZ drive
v0x55556304c4f0_0 .net "WDATA_3", 0 0, o0x7da308977e78;  0 drivers
o0x7da308977ea8 .functor BUFZ 1, C4<z>; HiZ drive
v0x55556304c590_0 .net "WDATA_4", 0 0, o0x7da308977ea8;  0 drivers
o0x7da308977ed8 .functor BUFZ 1, C4<z>; HiZ drive
v0x55556304c190_0 .net "WDATA_5", 0 0, o0x7da308977ed8;  0 drivers
o0x7da308977f08 .functor BUFZ 1, C4<z>; HiZ drive
v0x55556304c250_0 .net "WDATA_6", 0 0, o0x7da308977f08;  0 drivers
o0x7da308977f38 .functor BUFZ 1, C4<z>; HiZ drive
v0x555563059300_0 .net "WDATA_7", 0 0, o0x7da308977f38;  0 drivers
o0x7da308977f68 .functor BUFZ 1, C4<z>; HiZ drive
v0x5555630593c0_0 .net "WDATA_8", 0 0, o0x7da308977f68;  0 drivers
o0x7da308977f98 .functor BUFZ 1, C4<z>; HiZ drive
v0x555563058fa0_0 .net "WDATA_9", 0 0, o0x7da308977f98;  0 drivers
o0x7da308977fc8 .functor BUFZ 1, C4<z>; HiZ drive
v0x555563059060_0 .net "WE", 0 0, o0x7da308977fc8;  0 drivers
v0x55556304a8f0_0 .net *"_ivl_100", 0 0, L_0x5555630a0870;  1 drivers
v0x55556304a9b0_0 .net *"_ivl_102", 0 0, L_0x5555630a05f0;  1 drivers
v0x555563054290_0 .net *"_ivl_104", 0 0, L_0x5555630a06f0;  1 drivers
v0x55556304d970_0 .net *"_ivl_106", 0 0, L_0x5555630a0d60;  1 drivers
v0x555563051e20_0 .net *"_ivl_108", 0 0, L_0x5555630a0e60;  1 drivers
v0x555563058740_0 .net *"_ivl_110", 0 0, L_0x5555630a1140;  1 drivers
v0x55556304fde0_0 .net *"_ivl_112", 0 0, L_0x5555630a1240;  1 drivers
v0x555562fe2510_0 .net *"_ivl_114", 0 0, L_0x5555630a1530;  1 drivers
v0x55556303cfd0_0 .net *"_ivl_116", 0 0, L_0x5555630a1630;  1 drivers
v0x555562fe9f30_0 .net *"_ivl_120", 0 0, L_0x5555630a1f20;  1 drivers
v0x555563023f80_0 .net *"_ivl_122", 0 0, L_0x5555630a21d0;  1 drivers
v0x555563022c30_0 .net *"_ivl_124", 0 0, L_0x5555630a2270;  1 drivers
v0x555563026760_0 .net *"_ivl_126", 0 0, L_0x5555630a2530;  1 drivers
v0x555563026400_0 .net *"_ivl_128", 0 0, L_0x5555630a25d0;  1 drivers
v0x55556303bfe0_0 .net *"_ivl_130", 0 0, L_0x5555630a28a0;  1 drivers
v0x55556303aff0_0 .net *"_ivl_132", 0 0, L_0x5555630a2940;  1 drivers
v0x55556303a000_0 .net *"_ivl_134", 0 0, L_0x5555630a2c20;  1 drivers
v0x555563022f60_0 .net *"_ivl_136", 0 0, L_0x5555630a2cc0;  1 drivers
v0x555563021c10_0 .net *"_ivl_138", 0 0, L_0x5555630a2fe0;  1 drivers
v0x55556302e1d0_0 .net *"_ivl_140", 0 0, L_0x5555630a30e0;  1 drivers
v0x555563024fd0_0 .net *"_ivl_142", 0 0, L_0x5555630a3440;  1 drivers
v0x555563024c70_0 .net *"_ivl_144", 0 0, L_0x5555630a3540;  1 drivers
v0x555563028660_0 .net *"_ivl_146", 0 0, L_0x5555630a38b0;  1 drivers
v0x555563021f40_0 .net *"_ivl_148", 0 0, L_0x5555630a39b0;  1 drivers
v0x555563030880_0 .net *"_ivl_150", 0 0, L_0x5555630a3d30;  1 drivers
v0x55556302b5b0_0 .net *"_ivl_18", 0 0, L_0x55556309cd30;  1 drivers
v0x555563007900_0 .net/2u *"_ivl_19", 0 0, L_0x7da30892d330;  1 drivers
v0x5555630068e0_0 .net *"_ivl_28", 0 0, L_0x55556309d0a0;  1 drivers
v0x5555630058f0_0 .net *"_ivl_30", 0 0, L_0x55556309cf30;  1 drivers
v0x555563008920_0 .net *"_ivl_32", 0 0, L_0x55556309d280;  1 drivers
v0x5555630075d0_0 .net *"_ivl_34", 0 0, L_0x55556309d440;  1 drivers
v0x555563009cb0_0 .net *"_ivl_36", 0 0, L_0x55556309d540;  1 drivers
v0x55556300f4a0_0 .net *"_ivl_38", 0 0, L_0x55556309d710;  1 drivers
v0x55556300e480_0 .net *"_ivl_40", 0 0, L_0x55556309d810;  1 drivers
v0x55556300d490_0 .net *"_ivl_42", 0 0, L_0x55556309d9f0;  1 drivers
v0x5555630104c0_0 .net *"_ivl_44", 0 0, L_0x55556309daf0;  1 drivers
v0x55556300f170_0 .net *"_ivl_46", 0 0, L_0x55556309dce0;  1 drivers
v0x555563011850_0 .net *"_ivl_48", 0 0, L_0x55556309dde0;  1 drivers
v0x555563017040_0 .net *"_ivl_52", 0 0, L_0x55556309e460;  1 drivers
v0x555563016020_0 .net/2u *"_ivl_53", 0 0, L_0x7da30892d378;  1 drivers
v0x555563018060_0 .net *"_ivl_62", 0 0, L_0x55556309e980;  1 drivers
v0x555563016d10_0 .net *"_ivl_64", 0 0, L_0x55556309ea20;  1 drivers
v0x5555630203b0_0 .net *"_ivl_66", 0 0, L_0x55556309ebf0;  1 drivers
v0x555562ffa380_0 .net *"_ivl_68", 0 0, L_0x55556309ec90;  1 drivers
v0x555562ff6540_0 .net *"_ivl_70", 0 0, L_0x55556309ee70;  1 drivers
v0x555562ffe290_0 .net *"_ivl_72", 0 0, L_0x55556309ef40;  1 drivers
v0x55556303dfc0_0 .net *"_ivl_74", 0 0, L_0x55556309f190;  1 drivers
v0x55556301e540_0 .net *"_ivl_76", 0 0, L_0x55556309f290;  1 drivers
v0x55556301d0e0_0 .net *"_ivl_78", 0 0, L_0x55556309f4f0;  1 drivers
v0x555562fe8790_0 .net *"_ivl_80", 0 0, L_0x55556309f5f0;  1 drivers
v0x55556302e500_0 .net *"_ivl_82", 0 0, L_0x55556309f830;  1 drivers
v0x555562f9bed0_0 .net *"_ivl_86", 0 0, L_0x55556309ff00;  1 drivers
v0x555562f55a60_0 .net *"_ivl_88", 0 0, L_0x55556309ffa0;  1 drivers
v0x555562f55b00_0 .net *"_ivl_90", 0 0, L_0x5555630a01d0;  1 drivers
v0x555562f301f0_0 .net *"_ivl_92", 0 0, L_0x5555630a0270;  1 drivers
v0x555562c000f0_0 .net *"_ivl_94", 0 0, L_0x5555630a04b0;  1 drivers
v0x555562fee620_0 .net *"_ivl_96", 0 0, L_0x5555630a0550;  1 drivers
v0x555562ff9a40_0 .net *"_ivl_98", 0 0, L_0x5555630a07a0;  1 drivers
L_0x55556309c050 .part v0x555562cd3fc0_0, 15, 1;
L_0x55556309c140 .part v0x555562cd3fc0_0, 14, 1;
L_0x55556309c1e0 .part v0x555562cd3fc0_0, 13, 1;
L_0x55556309c280 .part v0x555562cd3fc0_0, 12, 1;
L_0x55556309c320 .part v0x555562cd3fc0_0, 11, 1;
L_0x55556309c3c0 .part v0x555562cd3fc0_0, 10, 1;
L_0x55556309c460 .part v0x555562cd3fc0_0, 9, 1;
L_0x55556309c530 .part v0x555562cd3fc0_0, 8, 1;
L_0x55556309c620 .part v0x555562cd3fc0_0, 7, 1;
L_0x55556309c6c0 .part v0x555562cd3fc0_0, 6, 1;
L_0x55556309c7c0 .part v0x555562cd3fc0_0, 5, 1;
L_0x55556309c860 .part v0x555562cd3fc0_0, 4, 1;
L_0x55556309c970 .part v0x555562cd3fc0_0, 3, 1;
L_0x55556309ca10 .part v0x555562cd3fc0_0, 2, 1;
L_0x55556309cb30 .part v0x555562cd3fc0_0, 1, 1;
L_0x55556309cbd0 .part v0x555562cd3fc0_0, 0, 1;
L_0x55556309cd30 .ufunc/vec4 TD_ICESTORM_RAM.pd, 1, o0x7da3089776c8 (v0x555562c5cfc0_0) S_0x555562fdc300;
L_0x55556309ce90 .ufunc/vec4 TD_ICESTORM_RAM.pu, 1, o0x7da3089776f8 (v0x555562c5e570_0) S_0x555562fdbf70;
L_0x55556309cfd0 .ufunc/vec4 TD_ICESTORM_RAM.pd, 1, o0x7da308977a28 (v0x555562c5cfc0_0) S_0x555562fdc300;
L_0x55556309d0a0 .ufunc/vec4 TD_ICESTORM_RAM.pd, 1, o0x7da308977518 (v0x555562c5cfc0_0) S_0x555562fdc300;
L_0x55556309cf30 .ufunc/vec4 TD_ICESTORM_RAM.pd, 1, o0x7da308977698 (v0x555562c5cfc0_0) S_0x555562fdc300;
L_0x55556309d280 .ufunc/vec4 TD_ICESTORM_RAM.pd, 1, o0x7da308977668 (v0x555562c5cfc0_0) S_0x555562fdc300;
L_0x55556309d440 .ufunc/vec4 TD_ICESTORM_RAM.pd, 1, o0x7da308977638 (v0x555562c5cfc0_0) S_0x555562fdc300;
L_0x55556309d540 .ufunc/vec4 TD_ICESTORM_RAM.pd, 1, o0x7da308977608 (v0x555562c5cfc0_0) S_0x555562fdc300;
L_0x55556309d710 .ufunc/vec4 TD_ICESTORM_RAM.pd, 1, o0x7da3089775d8 (v0x555562c5cfc0_0) S_0x555562fdc300;
L_0x55556309d810 .ufunc/vec4 TD_ICESTORM_RAM.pd, 1, o0x7da3089775a8 (v0x555562c5cfc0_0) S_0x555562fdc300;
L_0x55556309d9f0 .ufunc/vec4 TD_ICESTORM_RAM.pd, 1, o0x7da308977578 (v0x555562c5cfc0_0) S_0x555562fdc300;
L_0x55556309daf0 .ufunc/vec4 TD_ICESTORM_RAM.pd, 1, o0x7da308977548 (v0x555562c5cfc0_0) S_0x555562fdc300;
L_0x55556309dce0 .ufunc/vec4 TD_ICESTORM_RAM.pd, 1, o0x7da3089774e8 (v0x555562c5cfc0_0) S_0x555562fdc300;
L_0x55556309dde0 .ufunc/vec4 TD_ICESTORM_RAM.pd, 1, o0x7da3089774b8 (v0x555562c5cfc0_0) S_0x555562fdc300;
LS_0x55556309dfb0_0_0 .concat [ 1 1 1 1], L_0x55556309dde0, L_0x55556309dce0, L_0x55556309daf0, L_0x55556309d9f0;
LS_0x55556309dfb0_0_4 .concat [ 1 1 1 1], L_0x55556309d810, L_0x55556309d710, L_0x55556309d540, L_0x55556309d440;
LS_0x55556309dfb0_0_8 .concat [ 1 1 1 0], L_0x55556309d280, L_0x55556309cf30, L_0x55556309d0a0;
L_0x55556309dfb0 .concat [ 4 4 3 0], LS_0x55556309dfb0_0_0, LS_0x55556309dfb0_0_4, LS_0x55556309dfb0_0_8;
L_0x55556309e460 .ufunc/vec4 TD_ICESTORM_RAM.pd, 1, o0x7da308977c68 (v0x555562c5cfc0_0) S_0x555562fdc300;
L_0x55556309e720 .ufunc/vec4 TD_ICESTORM_RAM.pu, 1, o0x7da308977c98 (v0x555562c5e570_0) S_0x555562fdbf70;
L_0x55556309e7c0 .ufunc/vec4 TD_ICESTORM_RAM.pd, 1, o0x7da308977fc8 (v0x555562c5cfc0_0) S_0x555562fdc300;
L_0x55556309e980 .ufunc/vec4 TD_ICESTORM_RAM.pd, 1, o0x7da308977ab8 (v0x555562c5cfc0_0) S_0x555562fdc300;
L_0x55556309ea20 .ufunc/vec4 TD_ICESTORM_RAM.pd, 1, o0x7da308977c38 (v0x555562c5cfc0_0) S_0x555562fdc300;
L_0x55556309ebf0 .ufunc/vec4 TD_ICESTORM_RAM.pd, 1, o0x7da308977c08 (v0x555562c5cfc0_0) S_0x555562fdc300;
L_0x55556309ec90 .ufunc/vec4 TD_ICESTORM_RAM.pd, 1, o0x7da308977bd8 (v0x555562c5cfc0_0) S_0x555562fdc300;
L_0x55556309ee70 .ufunc/vec4 TD_ICESTORM_RAM.pd, 1, o0x7da308977ba8 (v0x555562c5cfc0_0) S_0x555562fdc300;
L_0x55556309ef40 .ufunc/vec4 TD_ICESTORM_RAM.pd, 1, o0x7da308977b78 (v0x555562c5cfc0_0) S_0x555562fdc300;
L_0x55556309f190 .ufunc/vec4 TD_ICESTORM_RAM.pd, 1, o0x7da308977b48 (v0x555562c5cfc0_0) S_0x555562fdc300;
L_0x55556309f290 .ufunc/vec4 TD_ICESTORM_RAM.pd, 1, o0x7da308977b18 (v0x555562c5cfc0_0) S_0x555562fdc300;
L_0x55556309f4f0 .ufunc/vec4 TD_ICESTORM_RAM.pd, 1, o0x7da308977ae8 (v0x555562c5cfc0_0) S_0x555562fdc300;
L_0x55556309f5f0 .ufunc/vec4 TD_ICESTORM_RAM.pd, 1, o0x7da308977a88 (v0x555562c5cfc0_0) S_0x555562fdc300;
L_0x55556309f830 .ufunc/vec4 TD_ICESTORM_RAM.pd, 1, o0x7da308977a58 (v0x555562c5cfc0_0) S_0x555562fdc300;
LS_0x55556309f900_0_0 .concat [ 1 1 1 1], L_0x55556309f830, L_0x55556309f5f0, L_0x55556309f4f0, L_0x55556309f290;
LS_0x55556309f900_0_4 .concat [ 1 1 1 1], L_0x55556309f190, L_0x55556309ef40, L_0x55556309ee70, L_0x55556309ec90;
LS_0x55556309f900_0_8 .concat [ 1 1 1 0], L_0x55556309ebf0, L_0x55556309ea20, L_0x55556309e980;
L_0x55556309f900 .concat [ 4 4 3 0], LS_0x55556309f900_0_0, LS_0x55556309f900_0_4, LS_0x55556309f900_0_8;
L_0x55556309ff00 .ufunc/vec4 TD_ICESTORM_RAM.pd, 1, o0x7da308977308 (v0x555562c5cfc0_0) S_0x555562fdc300;
L_0x55556309ffa0 .ufunc/vec4 TD_ICESTORM_RAM.pd, 1, o0x7da3089772d8 (v0x555562c5cfc0_0) S_0x555562fdc300;
L_0x5555630a01d0 .ufunc/vec4 TD_ICESTORM_RAM.pd, 1, o0x7da3089772a8 (v0x555562c5cfc0_0) S_0x555562fdc300;
L_0x5555630a0270 .ufunc/vec4 TD_ICESTORM_RAM.pd, 1, o0x7da308977278 (v0x555562c5cfc0_0) S_0x555562fdc300;
L_0x5555630a04b0 .ufunc/vec4 TD_ICESTORM_RAM.pd, 1, o0x7da308977248 (v0x555562c5cfc0_0) S_0x555562fdc300;
L_0x5555630a0550 .ufunc/vec4 TD_ICESTORM_RAM.pd, 1, o0x7da308977218 (v0x555562c5cfc0_0) S_0x555562fdc300;
L_0x5555630a07a0 .ufunc/vec4 TD_ICESTORM_RAM.pd, 1, o0x7da308977488 (v0x555562c5cfc0_0) S_0x555562fdc300;
L_0x5555630a0870 .ufunc/vec4 TD_ICESTORM_RAM.pd, 1, o0x7da308977458 (v0x555562c5cfc0_0) S_0x555562fdc300;
L_0x5555630a05f0 .ufunc/vec4 TD_ICESTORM_RAM.pd, 1, o0x7da308977428 (v0x555562c5cfc0_0) S_0x555562fdc300;
L_0x5555630a06f0 .ufunc/vec4 TD_ICESTORM_RAM.pd, 1, o0x7da3089773f8 (v0x555562c5cfc0_0) S_0x555562fdc300;
L_0x5555630a0d60 .ufunc/vec4 TD_ICESTORM_RAM.pd, 1, o0x7da3089773c8 (v0x555562c5cfc0_0) S_0x555562fdc300;
L_0x5555630a0e60 .ufunc/vec4 TD_ICESTORM_RAM.pd, 1, o0x7da308977398 (v0x555562c5cfc0_0) S_0x555562fdc300;
L_0x5555630a1140 .ufunc/vec4 TD_ICESTORM_RAM.pd, 1, o0x7da308977368 (v0x555562c5cfc0_0) S_0x555562fdc300;
L_0x5555630a1240 .ufunc/vec4 TD_ICESTORM_RAM.pd, 1, o0x7da308977338 (v0x555562c5cfc0_0) S_0x555562fdc300;
L_0x5555630a1530 .ufunc/vec4 TD_ICESTORM_RAM.pd, 1, o0x7da3089771e8 (v0x555562c5cfc0_0) S_0x555562fdc300;
L_0x5555630a1630 .ufunc/vec4 TD_ICESTORM_RAM.pd, 1, o0x7da3089771b8 (v0x555562c5cfc0_0) S_0x555562fdc300;
LS_0x5555630a1930_0_0 .concat [ 1 1 1 1], L_0x5555630a1630, L_0x5555630a1530, L_0x5555630a1240, L_0x5555630a1140;
LS_0x5555630a1930_0_4 .concat [ 1 1 1 1], L_0x5555630a0e60, L_0x5555630a0d60, L_0x5555630a06f0, L_0x5555630a05f0;
LS_0x5555630a1930_0_8 .concat [ 1 1 1 1], L_0x5555630a0870, L_0x5555630a07a0, L_0x5555630a0550, L_0x5555630a04b0;
LS_0x5555630a1930_0_12 .concat [ 1 1 1 1], L_0x5555630a0270, L_0x5555630a01d0, L_0x55556309ffa0, L_0x55556309ff00;
L_0x5555630a1930 .concat [ 4 4 4 4], LS_0x5555630a1930_0_0, LS_0x5555630a1930_0_4, LS_0x5555630a1930_0_8, LS_0x5555630a1930_0_12;
L_0x5555630a1f20 .ufunc/vec4 TD_ICESTORM_RAM.pd, 1, o0x7da308977e18 (v0x555562c5cfc0_0) S_0x555562fdc300;
L_0x5555630a21d0 .ufunc/vec4 TD_ICESTORM_RAM.pd, 1, o0x7da308977de8 (v0x555562c5cfc0_0) S_0x555562fdc300;
L_0x5555630a2270 .ufunc/vec4 TD_ICESTORM_RAM.pd, 1, o0x7da308977db8 (v0x555562c5cfc0_0) S_0x555562fdc300;
L_0x5555630a2530 .ufunc/vec4 TD_ICESTORM_RAM.pd, 1, o0x7da308977d88 (v0x555562c5cfc0_0) S_0x555562fdc300;
L_0x5555630a25d0 .ufunc/vec4 TD_ICESTORM_RAM.pd, 1, o0x7da308977d58 (v0x555562c5cfc0_0) S_0x555562fdc300;
L_0x5555630a28a0 .ufunc/vec4 TD_ICESTORM_RAM.pd, 1, o0x7da308977d28 (v0x555562c5cfc0_0) S_0x555562fdc300;
L_0x5555630a2940 .ufunc/vec4 TD_ICESTORM_RAM.pd, 1, o0x7da308977f98 (v0x555562c5cfc0_0) S_0x555562fdc300;
L_0x5555630a2c20 .ufunc/vec4 TD_ICESTORM_RAM.pd, 1, o0x7da308977f68 (v0x555562c5cfc0_0) S_0x555562fdc300;
L_0x5555630a2cc0 .ufunc/vec4 TD_ICESTORM_RAM.pd, 1, o0x7da308977f38 (v0x555562c5cfc0_0) S_0x555562fdc300;
L_0x5555630a2fe0 .ufunc/vec4 TD_ICESTORM_RAM.pd, 1, o0x7da308977f08 (v0x555562c5cfc0_0) S_0x555562fdc300;
L_0x5555630a30e0 .ufunc/vec4 TD_ICESTORM_RAM.pd, 1, o0x7da308977ed8 (v0x555562c5cfc0_0) S_0x555562fdc300;
L_0x5555630a3440 .ufunc/vec4 TD_ICESTORM_RAM.pd, 1, o0x7da308977ea8 (v0x555562c5cfc0_0) S_0x555562fdc300;
L_0x5555630a3540 .ufunc/vec4 TD_ICESTORM_RAM.pd, 1, o0x7da308977e78 (v0x555562c5cfc0_0) S_0x555562fdc300;
L_0x5555630a38b0 .ufunc/vec4 TD_ICESTORM_RAM.pd, 1, o0x7da308977e48 (v0x555562c5cfc0_0) S_0x555562fdc300;
L_0x5555630a39b0 .ufunc/vec4 TD_ICESTORM_RAM.pd, 1, o0x7da308977cf8 (v0x555562c5cfc0_0) S_0x555562fdc300;
L_0x5555630a3d30 .ufunc/vec4 TD_ICESTORM_RAM.pd, 1, o0x7da308977cc8 (v0x555562c5cfc0_0) S_0x555562fdc300;
LS_0x5555630a3e30_0_0 .concat [ 1 1 1 1], L_0x5555630a3d30, L_0x5555630a39b0, L_0x5555630a38b0, L_0x5555630a3540;
LS_0x5555630a3e30_0_4 .concat [ 1 1 1 1], L_0x5555630a3440, L_0x5555630a30e0, L_0x5555630a2fe0, L_0x5555630a2cc0;
LS_0x5555630a3e30_0_8 .concat [ 1 1 1 1], L_0x5555630a2c20, L_0x5555630a2940, L_0x5555630a28a0, L_0x5555630a25d0;
LS_0x5555630a3e30_0_12 .concat [ 1 1 1 1], L_0x5555630a2530, L_0x5555630a2270, L_0x5555630a21d0, L_0x5555630a1f20;
L_0x5555630a3e30 .concat [ 4 4 4 4], LS_0x5555630a3e30_0_0, LS_0x5555630a3e30_0_4, LS_0x5555630a3e30_0_8, LS_0x5555630a3e30_0_12;
S_0x555562fdd5c0 .scope module, "RAM" "SB_RAM40_4K" 2 3233, 2 1487 0, S_0x555562fe6800;
 .timescale -12 -12;
    .port_info 0 /OUTPUT 16 "RDATA";
    .port_info 1 /INPUT 1 "RCLK";
    .port_info 2 /INPUT 1 "RCLKE";
    .port_info 3 /INPUT 1 "RE";
    .port_info 4 /INPUT 11 "RADDR";
    .port_info 5 /INPUT 1 "WCLK";
    .port_info 6 /INPUT 1 "WCLKE";
    .port_info 7 /INPUT 1 "WE";
    .port_info 8 /INPUT 11 "WADDR";
    .port_info 9 /INPUT 16 "MASK";
    .port_info 10 /INPUT 16 "WDATA";
P_0x555562dc3d60 .param/l "INIT_0" 0 2 1507, C4<0000000000000000000000000000000000000000000000000000000000000000000000000000000000000000000000000000000000000000000000000000000000000000000000000000000000000000000000000000000000000000000000000000000000000000000000000000000000000000000000000000000000000000>;
P_0x555562dc3da0 .param/l "INIT_1" 0 2 1508, C4<0000000000000000000000000000000000000000000000000000000000000000000000000000000000000000000000000000000000000000000000000000000000000000000000000000000000000000000000000000000000000000000000000000000000000000000000000000000000000000000000000000000000000000>;
P_0x555562dc3de0 .param/l "INIT_2" 0 2 1509, C4<0000000000000000000000000000000000000000000000000000000000000000000000000000000000000000000000000000000000000000000000000000000000000000000000000000000000000000000000000000000000000000000000000000000000000000000000000000000000000000000000000000000000000000>;
P_0x555562dc3e20 .param/l "INIT_3" 0 2 1510, C4<0000000000000000000000000000000000000000000000000000000000000000000000000000000000000000000000000000000000000000000000000000000000000000000000000000000000000000000000000000000000000000000000000000000000000000000000000000000000000000000000000000000000000000>;
P_0x555562dc3e60 .param/l "INIT_4" 0 2 1511, C4<0000000000000000000000000000000000000000000000000000000000000000000000000000000000000000000000000000000000000000000000000000000000000000000000000000000000000000000000000000000000000000000000000000000000000000000000000000000000000000000000000000000000000000>;
P_0x555562dc3ea0 .param/l "INIT_5" 0 2 1512, C4<0000000000000000000000000000000000000000000000000000000000000000000000000000000000000000000000000000000000000000000000000000000000000000000000000000000000000000000000000000000000000000000000000000000000000000000000000000000000000000000000000000000000000000>;
P_0x555562dc3ee0 .param/l "INIT_6" 0 2 1513, C4<0000000000000000000000000000000000000000000000000000000000000000000000000000000000000000000000000000000000000000000000000000000000000000000000000000000000000000000000000000000000000000000000000000000000000000000000000000000000000000000000000000000000000000>;
P_0x555562dc3f20 .param/l "INIT_7" 0 2 1514, C4<0000000000000000000000000000000000000000000000000000000000000000000000000000000000000000000000000000000000000000000000000000000000000000000000000000000000000000000000000000000000000000000000000000000000000000000000000000000000000000000000000000000000000000>;
P_0x555562dc3f60 .param/l "INIT_8" 0 2 1515, C4<0000000000000000000000000000000000000000000000000000000000000000000000000000000000000000000000000000000000000000000000000000000000000000000000000000000000000000000000000000000000000000000000000000000000000000000000000000000000000000000000000000000000000000>;
P_0x555562dc3fa0 .param/l "INIT_9" 0 2 1516, C4<0000000000000000000000000000000000000000000000000000000000000000000000000000000000000000000000000000000000000000000000000000000000000000000000000000000000000000000000000000000000000000000000000000000000000000000000000000000000000000000000000000000000000000>;
P_0x555562dc3fe0 .param/l "INIT_A" 0 2 1517, C4<0000000000000000000000000000000000000000000000000000000000000000000000000000000000000000000000000000000000000000000000000000000000000000000000000000000000000000000000000000000000000000000000000000000000000000000000000000000000000000000000000000000000000000>;
P_0x555562dc4020 .param/l "INIT_B" 0 2 1518, C4<0000000000000000000000000000000000000000000000000000000000000000000000000000000000000000000000000000000000000000000000000000000000000000000000000000000000000000000000000000000000000000000000000000000000000000000000000000000000000000000000000000000000000000>;
P_0x555562dc4060 .param/l "INIT_C" 0 2 1519, C4<0000000000000000000000000000000000000000000000000000000000000000000000000000000000000000000000000000000000000000000000000000000000000000000000000000000000000000000000000000000000000000000000000000000000000000000000000000000000000000000000000000000000000000>;
P_0x555562dc40a0 .param/l "INIT_D" 0 2 1520, C4<0000000000000000000000000000000000000000000000000000000000000000000000000000000000000000000000000000000000000000000000000000000000000000000000000000000000000000000000000000000000000000000000000000000000000000000000000000000000000000000000000000000000000000>;
P_0x555562dc40e0 .param/l "INIT_E" 0 2 1521, C4<0000000000000000000000000000000000000000000000000000000000000000000000000000000000000000000000000000000000000000000000000000000000000000000000000000000000000000000000000000000000000000000000000000000000000000000000000000000000000000000000000000000000000000>;
P_0x555562dc4120 .param/l "INIT_F" 0 2 1522, C4<0000000000000000000000000000000000000000000000000000000000000000000000000000000000000000000000000000000000000000000000000000000000000000000000000000000000000000000000000000000000000000000000000000000000000000000000000000000000000000000000000000000000000000>;
P_0x555562dc4160 .param/str "INIT_FILE" 0 2 1524, "\000";
P_0x555562dc41a0 .param/l "READ_MODE" 0 2 1505, +C4<00000000000000000000000000000000>;
P_0x555562dc41e0 .param/l "WRITE_MODE" 0 2 1504, +C4<00000000000000000000000000000000>;
v0x555562cd4320_0 .net "MASK", 15 0, L_0x5555630a1930;  1 drivers
v0x555562cd4820_0 .net "RADDR", 10 0, L_0x55556309dfb0;  1 drivers
v0x555562cd4fe0_0 .net "RCLK", 0 0, L_0x55556309c900;  1 drivers
v0x555562cd4d00_0 .net "RCLKE", 0 0, L_0x55556309ce90;  1 drivers
v0x555562cd4110_0 .net "RDATA", 15 0, v0x555562cd3fc0_0;  1 drivers
v0x555562cd3fc0_0 .var "RDATA_I", 15 0;
v0x555562d1aa30_0 .net "RE", 0 0, L_0x55556309cfd0;  1 drivers
L_0x7da30892d2e8 .functor BUFT 1, C4<0000000000000000>, C4<0>, C4<0>, C4<0>;
v0x555562ce40f0_0 .net "RMASK_I", 15 0, L_0x7da30892d2e8;  1 drivers
v0x555562ce4240_0 .net "WADDR", 10 0, L_0x55556309f900;  1 drivers
v0x555562cef2e0_0 .net "WCLK", 0 0, L_0x55556309e610;  1 drivers
v0x555562cef430_0 .net "WCLKE", 0 0, L_0x55556309e720;  1 drivers
v0x555562ce4cb0_0 .net "WDATA", 15 0, L_0x5555630a3e30;  1 drivers
v0x555562d341c0_0 .net "WDATA_I", 15 0, L_0x55556309bf70;  1 drivers
v0x555562d2eb50_0 .net "WE", 0 0, L_0x55556309e7c0;  1 drivers
v0x555562c67a00_0 .net "WMASK_I", 15 0, L_0x55556308bef0;  1 drivers
v0x555562c4e0e0_0 .var/i "i", 31 0;
v0x555562c59420 .array "memory", 255 0, 15 0;
E_0x55556303aa90 .event posedge, v0x555562cd4fe0_0;
E_0x55556303ba80 .event posedge, v0x555562cef2e0_0;
S_0x555562fdd200 .scope generate, "genblk1" "genblk1" 2 1534, 2 1534 0, S_0x555562fdd5c0;
 .timescale -12 -12;
L_0x55556308bef0 .functor BUFZ 16, L_0x5555630a1930, C4<0000000000000000>, C4<0000000000000000>, C4<0000000000000000>;
S_0x555562fdce40 .scope generate, "genblk2" "genblk2" 2 1555, 2 1555 0, S_0x555562fdd5c0;
 .timescale -12 -12;
S_0x555562fdca80 .scope generate, "genblk3" "genblk3" 2 1576, 2 1576 0, S_0x555562fdd5c0;
 .timescale -12 -12;
L_0x55556309bf70 .functor BUFZ 16, L_0x5555630a3e30, C4<0000000000000000>, C4<0000000000000000>, C4<0000000000000000>;
S_0x555562fdc6c0 .scope generate, "genblk4" "genblk4" 2 1595, 2 1595 0, S_0x555562fdd5c0;
 .timescale -12 -12;
S_0x555562fdc300 .scope function.vec4.s1, "pd" "pd" 2 3200, 2 3200 0, S_0x555562fe6800;
 .timescale -12 -12;
; Variable pd is vec4 return value of scope S_0x555562fdc300
v0x555562c5cfc0_0 .var "x", 0 0;
TD_ICESTORM_RAM.pd ;
    %load/vec4 v0x555562c5cfc0_0;
    %cmpi/e 0, 1, 1;
    %flag_mov 8, 6;
    %jmp/0 T_0.0, 8;
    %pushi/vec4 0, 0, 1;
    %jmp/1 T_0.1, 8;
T_0.0 ; End of true expr.
    %load/vec4 v0x555562c5cfc0_0;
    %jmp/0 T_0.1, 8;
 ; End of false expr.
    %blend;
T_0.1;
    %ret/vec4 0, 0, 1;  Assign to pd (store_vec4_to_lval)
    %end;
S_0x555562fdbf70 .scope function.vec4.s1, "pu" "pu" 2 3207, 2 3207 0, S_0x555562fe6800;
 .timescale -12 -12;
; Variable pu is vec4 return value of scope S_0x555562fdbf70
v0x555562c5e570_0 .var "x", 0 0;
TD_ICESTORM_RAM.pu ;
    %load/vec4 v0x555562c5e570_0;
    %cmpi/e 0, 1, 1;
    %flag_mov 8, 6;
    %jmp/0 T_1.2, 8;
    %pushi/vec4 1, 0, 1;
    %jmp/1 T_1.3, 8;
T_1.2 ; End of true expr.
    %load/vec4 v0x555562c5e570_0;
    %jmp/0 T_1.3, 8;
 ; End of false expr.
    %blend;
T_1.3;
    %ret/vec4 0, 0, 1;  Assign to pu (store_vec4_to_lval)
    %end;
S_0x555562fbf330 .scope module, "SB_CARRY" "SB_CARRY" 2 228;
 .timescale -12 -12;
    .port_info 0 /OUTPUT 1 "CO";
    .port_info 1 /INPUT 1 "I0";
    .port_info 2 /INPUT 1 "I1";
    .port_info 3 /INPUT 1 "CI";
o0x7da308979978 .functor BUFZ 1, C4<z>; HiZ drive
o0x7da3089799a8 .functor BUFZ 1, C4<z>; HiZ drive
L_0x5555630a46b0 .functor AND 1, o0x7da308979978, o0x7da3089799a8, C4<1>, C4<1>;
L_0x5555630a4720 .functor OR 1, o0x7da308979978, o0x7da3089799a8, C4<0>, C4<0>;
o0x7da308979918 .functor BUFZ 1, C4<z>; HiZ drive
L_0x5555630a4830 .functor AND 1, L_0x5555630a4720, o0x7da308979918, C4<1>, C4<1>;
L_0x5555630a48f0 .functor OR 1, L_0x5555630a46b0, L_0x5555630a4830, C4<0>, C4<0>;
v0x555562ffaea0_0 .net "CI", 0 0, o0x7da308979918;  0 drivers
v0x555562ff5c00_0 .net "CO", 0 0, L_0x5555630a48f0;  1 drivers
v0x555562ff5cc0_0 .net "I0", 0 0, o0x7da308979978;  0 drivers
v0x555562ff7060_0 .net "I1", 0 0, o0x7da3089799a8;  0 drivers
v0x555562ff7120_0 .net *"_ivl_1", 0 0, L_0x5555630a46b0;  1 drivers
v0x555562ffd950_0 .net *"_ivl_3", 0 0, L_0x5555630a4720;  1 drivers
v0x555562ffda10_0 .net *"_ivl_5", 0 0, L_0x5555630a4830;  1 drivers
S_0x5555630367f0 .scope module, "SB_DFF" "SB_DFF" 2 265;
 .timescale -12 -12;
    .port_info 0 /OUTPUT 1 "Q";
    .port_info 1 /INPUT 1 "C";
    .port_info 2 /INPUT 1 "D";
o0x7da308979b28 .functor BUFZ 1, C4<z>; HiZ drive
v0x555562ffedb0_0 .net "C", 0 0, o0x7da308979b28;  0 drivers
o0x7da308979b58 .functor BUFZ 1, C4<z>; HiZ drive
v0x55556301fec0_0 .net "D", 0 0, o0x7da308979b58;  0 drivers
v0x55556301ff80_0 .var "Q", 0 0;
E_0x555563025d00 .event posedge, v0x555562ffedb0_0;
S_0x5555630337d0 .scope module, "SB_DFFE" "SB_DFFE" 2 303;
 .timescale -12 -12;
    .port_info 0 /OUTPUT 1 "Q";
    .port_info 1 /INPUT 1 "C";
    .port_info 2 /INPUT 1 "E";
    .port_info 3 /INPUT 1 "D";
o0x7da308979c48 .functor BUFZ 1, C4<z>; HiZ drive
v0x555562fe4580_0 .net "C", 0 0, o0x7da308979c48;  0 drivers
o0x7da308979c78 .functor BUFZ 1, C4<z>; HiZ drive
v0x555563019b10_0 .net "D", 0 0, o0x7da308979c78;  0 drivers
o0x7da308979ca8 .functor BUFZ 1, C4<z>; HiZ drive
v0x555563019bd0_0 .net "E", 0 0, o0x7da308979ca8;  0 drivers
v0x555562fadff0_0 .var "Q", 0 0;
E_0x5555630244b0 .event posedge, v0x555562fe4580_0;
S_0x555563020b60 .scope module, "SB_DFFER" "SB_DFFER" 2 653;
 .timescale -12 -12;
    .port_info 0 /OUTPUT 1 "Q";
    .port_info 1 /INPUT 1 "C";
    .port_info 2 /INPUT 1 "E";
    .port_info 3 /INPUT 1 "R";
    .port_info 4 /INPUT 1 "D";
o0x7da308979dc8 .functor BUFZ 1, C4<z>; HiZ drive
v0x555562f9c1d0_0 .net "C", 0 0, o0x7da308979dc8;  0 drivers
o0x7da308979df8 .functor BUFZ 1, C4<z>; HiZ drive
v0x555562f9c290_0 .net "D", 0 0, o0x7da308979df8;  0 drivers
o0x7da308979e28 .functor BUFZ 1, C4<z>; HiZ drive
v0x555562f8a670_0 .net "E", 0 0, o0x7da308979e28;  0 drivers
v0x555562f8a710_0 .var "Q", 0 0;
o0x7da308979e88 .functor BUFZ 1, C4<z>; HiZ drive
v0x555562f85d40_0 .net "R", 0 0, o0x7da308979e88;  0 drivers
E_0x555562fe9860 .event posedge, v0x555562f85d40_0, v0x555562f9c1d0_0;
S_0x555562fea290 .scope module, "SB_DFFES" "SB_DFFES" 2 794;
 .timescale -12 -12;
    .port_info 0 /OUTPUT 1 "Q";
    .port_info 1 /INPUT 1 "C";
    .port_info 2 /INPUT 1 "E";
    .port_info 3 /INPUT 1 "S";
    .port_info 4 /INPUT 1 "D";
o0x7da308979fa8 .functor BUFZ 1, C4<z>; HiZ drive
v0x555562f42fc0_0 .net "C", 0 0, o0x7da308979fa8;  0 drivers
o0x7da308979fd8 .functor BUFZ 1, C4<z>; HiZ drive
v0x555562f31c10_0 .net "D", 0 0, o0x7da308979fd8;  0 drivers
o0x7da30897a008 .functor BUFZ 1, C4<z>; HiZ drive
v0x555562f31cd0_0 .net "E", 0 0, o0x7da30897a008;  0 drivers
v0x555562f2cb80_0 .var "Q", 0 0;
o0x7da30897a068 .functor BUFZ 1, C4<z>; HiZ drive
v0x555562f2cc40_0 .net "S", 0 0, o0x7da30897a068;  0 drivers
E_0x555562febd50 .event posedge, v0x555562f2cc40_0, v0x555562f42fc0_0;
S_0x555562f868e0 .scope module, "SB_DFFESR" "SB_DFFESR" 2 592;
 .timescale -12 -12;
    .port_info 0 /OUTPUT 1 "Q";
    .port_info 1 /INPUT 1 "C";
    .port_info 2 /INPUT 1 "E";
    .port_info 3 /INPUT 1 "R";
    .port_info 4 /INPUT 1 "D";
o0x7da30897a188 .functor BUFZ 1, C4<z>; HiZ drive
v0x555562fff830_0 .net "C", 0 0, o0x7da30897a188;  0 drivers
o0x7da30897a1b8 .functor BUFZ 1, C4<z>; HiZ drive
v0x555562fcce20_0 .net "D", 0 0, o0x7da30897a1b8;  0 drivers
o0x7da30897a1e8 .functor BUFZ 1, C4<z>; HiZ drive
v0x555562fccee0_0 .net "E", 0 0, o0x7da30897a1e8;  0 drivers
v0x555563036b50_0 .var "Q", 0 0;
o0x7da30897a248 .functor BUFZ 1, C4<z>; HiZ drive
v0x555563036c10_0 .net "R", 0 0, o0x7da30897a248;  0 drivers
E_0x555562cccd60 .event posedge, v0x555562fff830_0;
S_0x555562f87430 .scope module, "SB_DFFESS" "SB_DFFESS" 2 733;
 .timescale -12 -12;
    .port_info 0 /OUTPUT 1 "Q";
    .port_info 1 /INPUT 1 "C";
    .port_info 2 /INPUT 1 "E";
    .port_info 3 /INPUT 1 "S";
    .port_info 4 /INPUT 1 "D";
o0x7da30897a368 .functor BUFZ 1, C4<z>; HiZ drive
v0x55556302a9e0_0 .net "C", 0 0, o0x7da30897a368;  0 drivers
o0x7da30897a398 .functor BUFZ 1, C4<z>; HiZ drive
v0x55556302aac0_0 .net "D", 0 0, o0x7da30897a398;  0 drivers
o0x7da30897a3c8 .functor BUFZ 1, C4<z>; HiZ drive
v0x555563025b30_0 .net "E", 0 0, o0x7da30897a3c8;  0 drivers
v0x555563025bd0_0 .var "Q", 0 0;
o0x7da30897a428 .functor BUFZ 1, C4<z>; HiZ drive
v0x55556302cd90_0 .net "S", 0 0, o0x7da30897a428;  0 drivers
E_0x555562ccb2b0 .event posedge, v0x55556302a9e0_0;
S_0x555562f887c0 .scope module, "SB_DFFN" "SB_DFFN" 2 876;
 .timescale -12 -12;
    .port_info 0 /OUTPUT 1 "Q";
    .port_info 1 /INPUT 1 "C";
    .port_info 2 /INPUT 1 "D";
o0x7da30897a548 .functor BUFZ 1, C4<z>; HiZ drive
v0x555563032060_0 .net "C", 0 0, o0x7da30897a548;  0 drivers
o0x7da30897a578 .functor BUFZ 1, C4<z>; HiZ drive
v0x555563032140_0 .net "D", 0 0, o0x7da30897a578;  0 drivers
v0x55556302d930_0 .var "Q", 0 0;
E_0x555562ccbc30 .event negedge, v0x555563032060_0;
S_0x555562fcc730 .scope module, "SB_DFFNE" "SB_DFFNE" 2 914;
 .timescale -12 -12;
    .port_info 0 /OUTPUT 1 "Q";
    .port_info 1 /INPUT 1 "C";
    .port_info 2 /INPUT 1 "E";
    .port_info 3 /INPUT 1 "D";
o0x7da30897a668 .functor BUFZ 1, C4<z>; HiZ drive
v0x555562fe5c30_0 .net "C", 0 0, o0x7da30897a668;  0 drivers
o0x7da30897a698 .functor BUFZ 1, C4<z>; HiZ drive
v0x555562fe5d10_0 .net "D", 0 0, o0x7da30897a698;  0 drivers
o0x7da30897a6c8 .functor BUFZ 1, C4<z>; HiZ drive
v0x555562fe5090_0 .net "E", 0 0, o0x7da30897a6c8;  0 drivers
v0x555562fe5160_0 .var "Q", 0 0;
E_0x555562ccb560 .event negedge, v0x555562fe5c30_0;
S_0x555562fc3670 .scope module, "SB_DFFNER" "SB_DFFNER" 2 1264;
 .timescale -12 -12;
    .port_info 0 /OUTPUT 1 "Q";
    .port_info 1 /INPUT 1 "C";
    .port_info 2 /INPUT 1 "E";
    .port_info 3 /INPUT 1 "R";
    .port_info 4 /INPUT 1 "D";
o0x7da30897a7e8 .functor BUFZ 1, C4<z>; HiZ drive
v0x555563029e40_0 .net "C", 0 0, o0x7da30897a7e8;  0 drivers
o0x7da30897a818 .functor BUFZ 1, C4<z>; HiZ drive
v0x555563029f20_0 .net "D", 0 0, o0x7da30897a818;  0 drivers
o0x7da30897a848 .functor BUFZ 1, C4<z>; HiZ drive
v0x555562fe8ac0_0 .net "E", 0 0, o0x7da30897a848;  0 drivers
v0x555562fe8b60_0 .var "Q", 0 0;
o0x7da30897a8a8 .functor BUFZ 1, C4<z>; HiZ drive
v0x555562fe9690_0 .net "R", 0 0, o0x7da30897a8a8;  0 drivers
E_0x555562cca9d0/0 .event negedge, v0x555563029e40_0;
E_0x555562cca9d0/1 .event posedge, v0x555562fe9690_0;
E_0x555562cca9d0 .event/or E_0x555562cca9d0/0, E_0x555562cca9d0/1;
S_0x555562fcc3a0 .scope module, "SB_DFFNES" "SB_DFFNES" 2 1405;
 .timescale -12 -12;
    .port_info 0 /OUTPUT 1 "Q";
    .port_info 1 /INPUT 1 "C";
    .port_info 2 /INPUT 1 "E";
    .port_info 3 /INPUT 1 "S";
    .port_info 4 /INPUT 1 "D";
o0x7da30897a9c8 .functor BUFZ 1, C4<z>; HiZ drive
v0x555563032c00_0 .net "C", 0 0, o0x7da30897a9c8;  0 drivers
o0x7da30897a9f8 .functor BUFZ 1, C4<z>; HiZ drive
v0x555563032cc0_0 .net "D", 0 0, o0x7da30897a9f8;  0 drivers
o0x7da30897aa28 .functor BUFZ 1, C4<z>; HiZ drive
v0x555562fadcd0_0 .net "E", 0 0, o0x7da30897aa28;  0 drivers
v0x555562fadd70_0 .var "Q", 0 0;
o0x7da30897aa88 .functor BUFZ 1, C4<z>; HiZ drive
v0x555562f6d180_0 .net "S", 0 0, o0x7da30897aa88;  0 drivers
E_0x555562ccb9e0/0 .event negedge, v0x555563032c00_0;
E_0x555562ccb9e0/1 .event posedge, v0x555562f6d180_0;
E_0x555562ccb9e0 .event/or E_0x555562ccb9e0/0, E_0x555562ccb9e0/1;
S_0x555562fcc010 .scope module, "SB_DFFNESR" "SB_DFFNESR" 2 1203;
 .timescale -12 -12;
    .port_info 0 /OUTPUT 1 "Q";
    .port_info 1 /INPUT 1 "C";
    .port_info 2 /INPUT 1 "E";
    .port_info 3 /INPUT 1 "R";
    .port_info 4 /INPUT 1 "D";
o0x7da30897aba8 .functor BUFZ 1, C4<z>; HiZ drive
v0x555562f6cdc0_0 .net "C", 0 0, o0x7da30897aba8;  0 drivers
o0x7da30897abd8 .functor BUFZ 1, C4<z>; HiZ drive
v0x555562f6cea0_0 .net "D", 0 0, o0x7da30897abd8;  0 drivers
o0x7da30897ac08 .functor BUFZ 1, C4<z>; HiZ drive
v0x555562f742a0_0 .net "E", 0 0, o0x7da30897ac08;  0 drivers
v0x555562f74340_0 .var "Q", 0 0;
o0x7da30897ac68 .functor BUFZ 1, C4<z>; HiZ drive
v0x555562f73f10_0 .net "R", 0 0, o0x7da30897ac68;  0 drivers
E_0x555562ccc340 .event negedge, v0x555562f6cdc0_0;
S_0x555562fcbcb0 .scope module, "SB_DFFNESS" "SB_DFFNESS" 2 1344;
 .timescale -12 -12;
    .port_info 0 /OUTPUT 1 "Q";
    .port_info 1 /INPUT 1 "C";
    .port_info 2 /INPUT 1 "E";
    .port_info 3 /INPUT 1 "S";
    .port_info 4 /INPUT 1 "D";
o0x7da30897ad88 .functor BUFZ 1, C4<z>; HiZ drive
v0x555562f73b80_0 .net "C", 0 0, o0x7da30897ad88;  0 drivers
o0x7da30897adb8 .functor BUFZ 1, C4<z>; HiZ drive
v0x555562f73c40_0 .net "D", 0 0, o0x7da30897adb8;  0 drivers
o0x7da30897ade8 .functor BUFZ 1, C4<z>; HiZ drive
v0x555562f737f0_0 .net "E", 0 0, o0x7da30897ade8;  0 drivers
v0x555562f73890_0 .var "Q", 0 0;
o0x7da30897ae48 .functor BUFZ 1, C4<z>; HiZ drive
v0x555562f6ca00_0 .net "S", 0 0, o0x7da30897ae48;  0 drivers
E_0x555562ccbe80 .event negedge, v0x555562f73b80_0;
S_0x555562fcb950 .scope module, "SB_DFFNR" "SB_DFFNR" 2 1011;
 .timescale -12 -12;
    .port_info 0 /OUTPUT 1 "Q";
    .port_info 1 /INPUT 1 "C";
    .port_info 2 /INPUT 1 "R";
    .port_info 3 /INPUT 1 "D";
o0x7da30897af68 .functor BUFZ 1, C4<z>; HiZ drive
v0x555562f80820_0 .net "C", 0 0, o0x7da30897af68;  0 drivers
o0x7da30897af98 .functor BUFZ 1, C4<z>; HiZ drive
v0x555562f80900_0 .net "D", 0 0, o0x7da30897af98;  0 drivers
v0x555562f7a860_0 .var "Q", 0 0;
o0x7da30897aff8 .functor BUFZ 1, C4<z>; HiZ drive
v0x555562f7a900_0 .net "R", 0 0, o0x7da30897aff8;  0 drivers
E_0x555562cc98c0/0 .event negedge, v0x555562f80820_0;
E_0x555562cc98c0/1 .event posedge, v0x555562f7a900_0;
E_0x555562cc98c0 .event/or E_0x555562cc98c0/0, E_0x555562cc98c0/1;
S_0x555562fcb5f0 .scope module, "SB_DFFNS" "SB_DFFNS" 2 1132;
 .timescale -12 -12;
    .port_info 0 /OUTPUT 1 "Q";
    .port_info 1 /INPUT 1 "C";
    .port_info 2 /INPUT 1 "S";
    .port_info 3 /INPUT 1 "D";
o0x7da30897b0e8 .functor BUFZ 1, C4<z>; HiZ drive
v0x555562f7a4a0_0 .net "C", 0 0, o0x7da30897b0e8;  0 drivers
o0x7da30897b118 .functor BUFZ 1, C4<z>; HiZ drive
v0x555562f7a560_0 .net "D", 0 0, o0x7da30897b118;  0 drivers
v0x555562f6d540_0 .var "Q", 0 0;
o0x7da30897b178 .functor BUFZ 1, C4<z>; HiZ drive
v0x555562f6d5e0_0 .net "S", 0 0, o0x7da30897b178;  0 drivers
E_0x555562cc9480/0 .event negedge, v0x555562f7a4a0_0;
E_0x555562cc9480/1 .event posedge, v0x555562f6d5e0_0;
E_0x555562cc9480 .event/or E_0x555562cc9480/0, E_0x555562cc9480/1;
S_0x555562fcb290 .scope module, "SB_DFFNSR" "SB_DFFNSR" 2 961;
 .timescale -12 -12;
    .port_info 0 /OUTPUT 1 "Q";
    .port_info 1 /INPUT 1 "C";
    .port_info 2 /INPUT 1 "R";
    .port_info 3 /INPUT 1 "D";
o0x7da30897b268 .functor BUFZ 1, C4<z>; HiZ drive
v0x555562fdbc10_0 .net "C", 0 0, o0x7da30897b268;  0 drivers
o0x7da30897b298 .functor BUFZ 1, C4<z>; HiZ drive
v0x555562fdbcf0_0 .net "D", 0 0, o0x7da30897b298;  0 drivers
v0x555562fdb8b0_0 .var "Q", 0 0;
o0x7da30897b2f8 .functor BUFZ 1, C4<z>; HiZ drive
v0x555562fdb950_0 .net "R", 0 0, o0x7da30897b2f8;  0 drivers
E_0x555562cc9ea0 .event negedge, v0x555562fdbc10_0;
S_0x555562fcaba0 .scope module, "SB_DFFNSS" "SB_DFFNSS" 2 1082;
 .timescale -12 -12;
    .port_info 0 /OUTPUT 1 "Q";
    .port_info 1 /INPUT 1 "C";
    .port_info 2 /INPUT 1 "S";
    .port_info 3 /INPUT 1 "D";
o0x7da30897b3e8 .functor BUFZ 1, C4<z>; HiZ drive
v0x555562fc5080_0 .net "C", 0 0, o0x7da30897b3e8;  0 drivers
o0x7da30897b418 .functor BUFZ 1, C4<z>; HiZ drive
v0x555562fc5160_0 .net "D", 0 0, o0x7da30897b418;  0 drivers
v0x555562fdb1c0_0 .var "Q", 0 0;
o0x7da30897b478 .functor BUFZ 1, C4<z>; HiZ drive
v0x555562fdb260_0 .net "S", 0 0, o0x7da30897b478;  0 drivers
E_0x555562cc7a70 .event negedge, v0x555562fc5080_0;
S_0x555562fca840 .scope module, "SB_DFFR" "SB_DFFR" 2 400;
 .timescale -12 -12;
    .port_info 0 /OUTPUT 1 "Q";
    .port_info 1 /INPUT 1 "C";
    .port_info 2 /INPUT 1 "R";
    .port_info 3 /INPUT 1 "D";
o0x7da30897b568 .functor BUFZ 1, C4<z>; HiZ drive
v0x555562fdae60_0 .net "C", 0 0, o0x7da30897b568;  0 drivers
o0x7da30897b598 .functor BUFZ 1, C4<z>; HiZ drive
v0x555562fdaf40_0 .net "D", 0 0, o0x7da30897b598;  0 drivers
v0x555562fda770_0 .var "Q", 0 0;
o0x7da30897b5f8 .functor BUFZ 1, C4<z>; HiZ drive
v0x555562fda810_0 .net "R", 0 0, o0x7da30897b5f8;  0 drivers
E_0x555562cc8430 .event posedge, v0x555562fda810_0, v0x555562fdae60_0;
S_0x555562fca4e0 .scope module, "SB_DFFS" "SB_DFFS" 2 521;
 .timescale -12 -12;
    .port_info 0 /OUTPUT 1 "Q";
    .port_info 1 /INPUT 1 "C";
    .port_info 2 /INPUT 1 "S";
    .port_info 3 /INPUT 1 "D";
o0x7da30897b6e8 .functor BUFZ 1, C4<z>; HiZ drive
v0x555562fda050_0 .net "C", 0 0, o0x7da30897b6e8;  0 drivers
o0x7da30897b718 .functor BUFZ 1, C4<z>; HiZ drive
v0x555562fda130_0 .net "D", 0 0, o0x7da30897b718;  0 drivers
v0x555562fd9cf0_0 .var "Q", 0 0;
o0x7da30897b778 .functor BUFZ 1, C4<z>; HiZ drive
v0x555562fd9d90_0 .net "S", 0 0, o0x7da30897b778;  0 drivers
E_0x555562cc71b0 .event posedge, v0x555562fd9d90_0, v0x555562fda050_0;
S_0x555562fca180 .scope module, "SB_DFFSR" "SB_DFFSR" 2 350;
 .timescale -12 -12;
    .port_info 0 /OUTPUT 1 "Q";
    .port_info 1 /INPUT 1 "C";
    .port_info 2 /INPUT 1 "R";
    .port_info 3 /INPUT 1 "D";
o0x7da30897b868 .functor BUFZ 1, C4<z>; HiZ drive
v0x555562fd9990_0 .net "C", 0 0, o0x7da30897b868;  0 drivers
o0x7da30897b898 .functor BUFZ 1, C4<z>; HiZ drive
v0x555562fd9a70_0 .net "D", 0 0, o0x7da30897b898;  0 drivers
v0x555562fd9630_0 .var "Q", 0 0;
o0x7da30897b8f8 .functor BUFZ 1, C4<z>; HiZ drive
v0x555562fd96d0_0 .net "R", 0 0, o0x7da30897b8f8;  0 drivers
E_0x555562cc6f40 .event posedge, v0x555562fd9990_0;
S_0x555562fc9a90 .scope module, "SB_DFFSS" "SB_DFFSS" 2 471;
 .timescale -12 -12;
    .port_info 0 /OUTPUT 1 "Q";
    .port_info 1 /INPUT 1 "C";
    .port_info 2 /INPUT 1 "S";
    .port_info 3 /INPUT 1 "D";
o0x7da30897b9e8 .functor BUFZ 1, C4<z>; HiZ drive
v0x555562fc4cc0_0 .net "C", 0 0, o0x7da30897b9e8;  0 drivers
o0x7da30897ba18 .functor BUFZ 1, C4<z>; HiZ drive
v0x555562fc4da0_0 .net "D", 0 0, o0x7da30897ba18;  0 drivers
v0x555562fd92d0_0 .var "Q", 0 0;
o0x7da30897ba78 .functor BUFZ 1, C4<z>; HiZ drive
v0x555562fd9370_0 .net "S", 0 0, o0x7da30897ba78;  0 drivers
E_0x555562cc8bb0 .event posedge, v0x555562fc4cc0_0;
S_0x555562fc9730 .scope module, "SB_FILTER_50NS" "SB_FILTER_50NS" 2 2856;
 .timescale -12 -12;
    .port_info 0 /INPUT 1 "FILTERIN";
    .port_info 1 /OUTPUT 1 "FILTEROUT";
o0x7da30897bb68 .functor BUFZ 1, C4<z>; HiZ drive
v0x555562fd8f70_0 .net "FILTERIN", 0 0, o0x7da30897bb68;  0 drivers
o0x7da30897bb98 .functor BUFZ 1, C4<z>; HiZ drive
v0x555562fd9050_0 .net "FILTEROUT", 0 0, o0x7da30897bb98;  0 drivers
S_0x555562fc93d0 .scope module, "SB_GB" "SB_GB" 2 162;
 .timescale -12 -12;
    .port_info 0 /INPUT 1 "USER_SIGNAL_TO_GLOBAL_BUFFER";
    .port_info 1 /OUTPUT 1 "GLOBAL_BUFFER_OUTPUT";
o0x7da30897bc58 .functor BUFZ 1, C4<z>; HiZ drive
L_0x5555630a4a00 .functor BUFZ 1, o0x7da30897bc58, C4<0>, C4<0>, C4<0>;
v0x555562fd8c10_0 .net "GLOBAL_BUFFER_OUTPUT", 0 0, L_0x5555630a4a00;  1 drivers
v0x555562fd8cd0_0 .net "USER_SIGNAL_TO_GLOBAL_BUFFER", 0 0, o0x7da30897bc58;  0 drivers
S_0x555562fc9040 .scope module, "SB_GB_IO" "SB_GB_IO" 2 123;
 .timescale -12 -12;
    .port_info 0 /INOUT 1 "PACKAGE_PIN";
    .port_info 1 /OUTPUT 1 "GLOBAL_BUFFER_OUTPUT";
    .port_info 2 /INPUT 1 "LATCH_INPUT_VALUE";
    .port_info 3 /INPUT 1 "CLOCK_ENABLE";
    .port_info 4 /INPUT 1 "INPUT_CLK";
    .port_info 5 /INPUT 1 "OUTPUT_CLK";
    .port_info 6 /INPUT 1 "OUTPUT_ENABLE";
    .port_info 7 /INPUT 1 "D_OUT_0";
    .port_info 8 /INPUT 1 "D_OUT_1";
    .port_info 9 /OUTPUT 1 "D_IN_0";
    .port_info 10 /OUTPUT 1 "D_IN_1";
P_0x55556303dcc0 .param/str "IO_STANDARD" 0 2 139, "SB_LVCMOS";
P_0x55556303dd00 .param/l "NEG_TRIGGER" 0 2 138, C4<0>;
P_0x55556303dd40 .param/l "PIN_TYPE" 0 2 136, C4<000000>;
P_0x55556303dd80 .param/l "PULLUP" 0 2 137, C4<0>;
o0x7da30897be98 .functor BUFZ 1, C4<z>; HiZ drive
L_0x5555630a4a70 .functor BUFZ 1, o0x7da30897be98, C4<0>, C4<0>, C4<0>;
o0x7da30897bce8 .functor BUFZ 1, C4<z>; HiZ drive
v0x555562fd4e00_0 .net "CLOCK_ENABLE", 0 0, o0x7da30897bce8;  0 drivers
v0x555562fd4ea0_0 .net "D_IN_0", 0 0, L_0x5555630a4ce0;  1 drivers
v0x555562fd4aa0_0 .net "D_IN_1", 0 0, L_0x5555630a4da0;  1 drivers
o0x7da30897bd78 .functor BUFZ 1, C4<z>; HiZ drive
v0x555562fd4b40_0 .net "D_OUT_0", 0 0, o0x7da30897bd78;  0 drivers
o0x7da30897bda8 .functor BUFZ 1, C4<z>; HiZ drive
v0x555562fd4710_0 .net "D_OUT_1", 0 0, o0x7da30897bda8;  0 drivers
v0x555562fd47b0_0 .net "GLOBAL_BUFFER_OUTPUT", 0 0, L_0x5555630a4a70;  1 drivers
o0x7da30897bdd8 .functor BUFZ 1, C4<z>; HiZ drive
v0x555562fd43b0_0 .net "INPUT_CLK", 0 0, o0x7da30897bdd8;  0 drivers
o0x7da30897be08 .functor BUFZ 1, C4<z>; HiZ drive
v0x555562fd4450_0 .net "LATCH_INPUT_VALUE", 0 0, o0x7da30897be08;  0 drivers
o0x7da30897be38 .functor BUFZ 1, C4<z>; HiZ drive
v0x555562fd4050_0 .net "OUTPUT_CLK", 0 0, o0x7da30897be38;  0 drivers
o0x7da30897be68 .functor BUFZ 1, C4<z>; HiZ drive
v0x555562fd40f0_0 .net "OUTPUT_ENABLE", 0 0, o0x7da30897be68;  0 drivers
v0x555562fd3cc0_0 .net "PACKAGE_PIN", 0 0, o0x7da30897be98;  0 drivers
S_0x555562fd8520 .scope module, "IO" "SB_IO" 2 148, 2 17 0, S_0x555562fc9040;
 .timescale -12 -12;
    .port_info 0 /INOUT 1 "PACKAGE_PIN";
    .port_info 1 /INPUT 1 "LATCH_INPUT_VALUE";
    .port_info 2 /INPUT 1 "CLOCK_ENABLE";
    .port_info 3 /INPUT 1 "INPUT_CLK";
    .port_info 4 /INPUT 1 "OUTPUT_CLK";
    .port_info 5 /INPUT 1 "OUTPUT_ENABLE";
    .port_info 6 /INPUT 1 "D_OUT_0";
    .port_info 7 /INPUT 1 "D_OUT_1";
    .port_info 8 /OUTPUT 1 "D_IN_0";
    .port_info 9 /OUTPUT 1 "D_IN_1";
P_0x55556303eb70 .param/str "IO_STANDARD" 0 2 32, "SB_LVCMOS";
P_0x55556303ebb0 .param/l "NEG_TRIGGER" 0 2 31, C4<0>;
P_0x55556303ebf0 .param/l "PIN_TYPE" 0 2 29, C4<000000>;
P_0x55556303ec30 .param/l "PULLUP" 0 2 30, C4<0>;
L_0x5555630a4c20 .functor OR 1, o0x7da30897bce8, L_0x5555630a4b30, C4<0>, C4<0>;
L_0x5555630a4ce0 .functor BUFZ 1, v0x555562fd6a80_0, C4<0>, C4<0>, C4<0>;
L_0x5555630a4da0 .functor BUFZ 1, v0x555562fd6660_0, C4<0>, C4<0>, C4<0>;
v0x555562fd7e60_0 .net "CLOCK_ENABLE", 0 0, o0x7da30897bce8;  alias, 0 drivers
v0x555562fd7f20_0 .net "D_IN_0", 0 0, L_0x5555630a4ce0;  alias, 1 drivers
v0x555562fd7b00_0 .net "D_IN_1", 0 0, L_0x5555630a4da0;  alias, 1 drivers
v0x555562fd7bc0_0 .net "D_OUT_0", 0 0, o0x7da30897bd78;  alias, 0 drivers
v0x555562fd7770_0 .net "D_OUT_1", 0 0, o0x7da30897bda8;  alias, 0 drivers
v0x555562fd7860_0 .net "INPUT_CLK", 0 0, o0x7da30897bdd8;  alias, 0 drivers
v0x555562fd7410_0 .net "LATCH_INPUT_VALUE", 0 0, o0x7da30897be08;  alias, 0 drivers
v0x555562fd74b0_0 .net "OUTPUT_CLK", 0 0, o0x7da30897be38;  alias, 0 drivers
v0x555562fc4900_0 .net "OUTPUT_ENABLE", 0 0, o0x7da30897be68;  alias, 0 drivers
v0x555562fc49c0_0 .net "PACKAGE_PIN", 0 0, o0x7da30897be98;  alias, 0 drivers
o0x7da30897bec8 .functor BUFZ 1, C4<z>; HiZ drive
; Elide local net with no drivers, v0x555562fd70b0_0 name=_ivl_0
v0x555562fd7170_0 .net *"_ivl_2", 0 0, L_0x5555630a4b30;  1 drivers
v0x555562fd6d50_0 .net "clken_pulled", 0 0, L_0x5555630a4c20;  1 drivers
v0x555562fd6df0_0 .var "clken_pulled_ri", 0 0;
v0x555562fd69c0_0 .var "clken_pulled_ro", 0 0;
v0x555562fd6a80_0 .var "din_0", 0 0;
v0x555562fd6660_0 .var "din_1", 0 0;
v0x555562fd6700_0 .var "din_q_0", 0 0;
v0x555562fd5f70_0 .var "din_q_1", 0 0;
v0x555562fd6030_0 .var "dout", 0 0;
v0x555562fd5c10_0 .var "dout_q_0", 0 0;
v0x555562fd5cb0_0 .var "dout_q_1", 0 0;
v0x555562fd5880_0 .var "outclk_delayed_1", 0 0;
v0x555562fd5940_0 .var "outclk_delayed_2", 0 0;
v0x555562fc4540_0 .var "outena_q", 0 0;
E_0x555562ccf3c0 .event anyedge, v0x555562fd5940_0, v0x555562fd5c10_0, v0x555562fd5cb0_0;
E_0x555562cceec0 .event anyedge, v0x555562fd5880_0;
E_0x555562ccef00 .event anyedge, v0x555562fd74b0_0;
E_0x555562ccead0 .event anyedge, v0x555562fd6700_0, v0x555562fd5f70_0;
L_0x5555630a4b30 .cmp/eeq 1, o0x7da30897bce8, o0x7da30897bec8;
S_0x555562fd81c0 .scope generate, "genblk1" "genblk1" 2 45, 2 45 0, S_0x555562fd8520;
 .timescale -12 -12;
E_0x555562ccf170 .event posedge, v0x555562fd74b0_0;
E_0x555562ccdeb0 .event negedge, v0x555562fd74b0_0;
E_0x555562cce140 .event negedge, v0x555562fd7860_0;
E_0x555562cce180 .event posedge, v0x555562fd7860_0;
S_0x555562fc8ce0 .scope module, "SB_HFOSC" "SB_HFOSC" 2 2664;
 .timescale -12 -12;
    .port_info 0 /INPUT 1 "TRIM0";
    .port_info 1 /INPUT 1 "TRIM1";
    .port_info 2 /INPUT 1 "TRIM2";
    .port_info 3 /INPUT 1 "TRIM3";
    .port_info 4 /INPUT 1 "TRIM4";
    .port_info 5 /INPUT 1 "TRIM5";
    .port_info 6 /INPUT 1 "TRIM6";
    .port_info 7 /INPUT 1 "TRIM7";
    .port_info 8 /INPUT 1 "TRIM8";
    .port_info 9 /INPUT 1 "TRIM9";
    .port_info 10 /INPUT 1 "CLKHFPU";
    .port_info 11 /INPUT 1 "CLKHFEN";
    .port_info 12 /OUTPUT 1 "CLKHF";
P_0x555562db2fc0 .param/str "CLKHF_DIV" 0 2 2680, "0b00";
P_0x555562db3000 .param/str "TRIM_EN" 0 2 2679, "0b0";
o0x7da30897c5b8 .functor BUFZ 1, C4<z>; HiZ drive
v0x555562fd3d80_0 .net "CLKHF", 0 0, o0x7da30897c5b8;  0 drivers
o0x7da30897c5e8 .functor BUFZ 1, C4<z>; HiZ drive
v0x555562fd3960_0 .net "CLKHFEN", 0 0, o0x7da30897c5e8;  0 drivers
o0x7da30897c618 .functor BUFZ 1, C4<z>; HiZ drive
v0x555562fd3a20_0 .net "CLKHFPU", 0 0, o0x7da30897c618;  0 drivers
o0x7da30897c648 .functor BUFZ 1, C4<z>; HiZ drive
v0x555562fd35d0_0 .net "TRIM0", 0 0, o0x7da30897c648;  0 drivers
o0x7da30897c678 .functor BUFZ 1, C4<z>; HiZ drive
v0x555562fd3690_0 .net "TRIM1", 0 0, o0x7da30897c678;  0 drivers
o0x7da30897c6a8 .functor BUFZ 1, C4<z>; HiZ drive
v0x555562fd3240_0 .net "TRIM2", 0 0, o0x7da30897c6a8;  0 drivers
o0x7da30897c6d8 .functor BUFZ 1, C4<z>; HiZ drive
v0x555562fd32e0_0 .net "TRIM3", 0 0, o0x7da30897c6d8;  0 drivers
o0x7da30897c708 .functor BUFZ 1, C4<z>; HiZ drive
v0x555562fd2eb0_0 .net "TRIM4", 0 0, o0x7da30897c708;  0 drivers
o0x7da30897c738 .functor BUFZ 1, C4<z>; HiZ drive
v0x555562fd2f70_0 .net "TRIM5", 0 0, o0x7da30897c738;  0 drivers
o0x7da30897c768 .functor BUFZ 1, C4<z>; HiZ drive
v0x555562fc4180_0 .net "TRIM6", 0 0, o0x7da30897c768;  0 drivers
o0x7da30897c798 .functor BUFZ 1, C4<z>; HiZ drive
v0x555562fc4220_0 .net "TRIM7", 0 0, o0x7da30897c798;  0 drivers
o0x7da30897c7c8 .functor BUFZ 1, C4<z>; HiZ drive
v0x555562fd2b50_0 .net "TRIM8", 0 0, o0x7da30897c7c8;  0 drivers
o0x7da30897c7f8 .functor BUFZ 1, C4<z>; HiZ drive
v0x555562fd2c10_0 .net "TRIM9", 0 0, o0x7da30897c7f8;  0 drivers
S_0x555562fc8980 .scope module, "SB_I2C" "SB_I2C" 2 2733;
 .timescale -12 -12;
    .port_info 0 /INPUT 1 "SBCLKI";
    .port_info 1 /INPUT 1 "SBRWI";
    .port_info 2 /INPUT 1 "SBSTBI";
    .port_info 3 /INPUT 1 "SBADRI7";
    .port_info 4 /INPUT 1 "SBADRI6";
    .port_info 5 /INPUT 1 "SBADRI5";
    .port_info 6 /INPUT 1 "SBADRI4";
    .port_info 7 /INPUT 1 "SBADRI3";
    .port_info 8 /INPUT 1 "SBADRI2";
    .port_info 9 /INPUT 1 "SBADRI1";
    .port_info 10 /INPUT 1 "SBADRI0";
    .port_info 11 /INPUT 1 "SBDATI7";
    .port_info 12 /INPUT 1 "SBDATI6";
    .port_info 13 /INPUT 1 "SBDATI5";
    .port_info 14 /INPUT 1 "SBDATI4";
    .port_info 15 /INPUT 1 "SBDATI3";
    .port_info 16 /INPUT 1 "SBDATI2";
    .port_info 17 /INPUT 1 "SBDATI1";
    .port_info 18 /INPUT 1 "SBDATI0";
    .port_info 19 /INPUT 1 "SCLI";
    .port_info 20 /INPUT 1 "SDAI";
    .port_info 21 /OUTPUT 1 "SBDATO7";
    .port_info 22 /OUTPUT 1 "SBDATO6";
    .port_info 23 /OUTPUT 1 "SBDATO5";
    .port_info 24 /OUTPUT 1 "SBDATO4";
    .port_info 25 /OUTPUT 1 "SBDATO3";
    .port_info 26 /OUTPUT 1 "SBDATO2";
    .port_info 27 /OUTPUT 1 "SBDATO1";
    .port_info 28 /OUTPUT 1 "SBDATO0";
    .port_info 29 /OUTPUT 1 "SBACKO";
    .port_info 30 /OUTPUT 1 "I2CIRQ";
    .port_info 31 /OUTPUT 1 "I2CWKUP";
    .port_info 32 /OUTPUT 1 "SCLO";
    .port_info 33 /OUTPUT 1 "SCLOE";
    .port_info 34 /OUTPUT 1 "SDAO";
    .port_info 35 /OUTPUT 1 "SDAOE";
P_0x555562db96f0 .param/str "BUS_ADDR74" 0 2 2772, "0b0001";
P_0x555562db9730 .param/str "I2C_SLAVE_INIT_ADDR" 0 2 2771, "0b1111100001";
o0x7da30897ca98 .functor BUFZ 1, C4<z>; HiZ drive
v0x555562fd27f0_0 .net "I2CIRQ", 0 0, o0x7da30897ca98;  0 drivers
o0x7da30897cac8 .functor BUFZ 1, C4<z>; HiZ drive
v0x555562fd28d0_0 .net "I2CWKUP", 0 0, o0x7da30897cac8;  0 drivers
o0x7da30897caf8 .functor BUFZ 1, C4<z>; HiZ drive
v0x555562fd2490_0 .net "SBACKO", 0 0, o0x7da30897caf8;  0 drivers
o0x7da30897cb28 .functor BUFZ 1, C4<z>; HiZ drive
v0x555562fd2560_0 .net "SBADRI0", 0 0, o0x7da30897cb28;  0 drivers
o0x7da30897cb58 .functor BUFZ 1, C4<z>; HiZ drive
v0x555562fd2130_0 .net "SBADRI1", 0 0, o0x7da30897cb58;  0 drivers
o0x7da30897cb88 .functor BUFZ 1, C4<z>; HiZ drive
v0x555562fd21f0_0 .net "SBADRI2", 0 0, o0x7da30897cb88;  0 drivers
o0x7da30897cbb8 .functor BUFZ 1, C4<z>; HiZ drive
v0x555562fd1da0_0 .net "SBADRI3", 0 0, o0x7da30897cbb8;  0 drivers
o0x7da30897cbe8 .functor BUFZ 1, C4<z>; HiZ drive
v0x555562fd1e40_0 .net "SBADRI4", 0 0, o0x7da30897cbe8;  0 drivers
o0x7da30897cc18 .functor BUFZ 1, C4<z>; HiZ drive
v0x555562fd1a40_0 .net "SBADRI5", 0 0, o0x7da30897cc18;  0 drivers
o0x7da30897cc48 .functor BUFZ 1, C4<z>; HiZ drive
v0x555562fd1b00_0 .net "SBADRI6", 0 0, o0x7da30897cc48;  0 drivers
o0x7da30897cc78 .functor BUFZ 1, C4<z>; HiZ drive
v0x555562fd16e0_0 .net "SBADRI7", 0 0, o0x7da30897cc78;  0 drivers
o0x7da30897cca8 .functor BUFZ 1, C4<z>; HiZ drive
v0x555562fd1780_0 .net "SBCLKI", 0 0, o0x7da30897cca8;  0 drivers
o0x7da30897ccd8 .functor BUFZ 1, C4<z>; HiZ drive
v0x555562fd1380_0 .net "SBDATI0", 0 0, o0x7da30897ccd8;  0 drivers
o0x7da30897cd08 .functor BUFZ 1, C4<z>; HiZ drive
v0x555562fd1440_0 .net "SBDATI1", 0 0, o0x7da30897cd08;  0 drivers
o0x7da30897cd38 .functor BUFZ 1, C4<z>; HiZ drive
v0x555562fd1020_0 .net "SBDATI2", 0 0, o0x7da30897cd38;  0 drivers
o0x7da30897cd68 .functor BUFZ 1, C4<z>; HiZ drive
v0x555562fd10c0_0 .net "SBDATI3", 0 0, o0x7da30897cd68;  0 drivers
o0x7da30897cd98 .functor BUFZ 1, C4<z>; HiZ drive
v0x555562fd0c90_0 .net "SBDATI4", 0 0, o0x7da30897cd98;  0 drivers
o0x7da30897cdc8 .functor BUFZ 1, C4<z>; HiZ drive
v0x555562fd0d30_0 .net "SBDATI5", 0 0, o0x7da30897cdc8;  0 drivers
o0x7da30897cdf8 .functor BUFZ 1, C4<z>; HiZ drive
v0x555562fd05d0_0 .net "SBDATI6", 0 0, o0x7da30897cdf8;  0 drivers
o0x7da30897ce28 .functor BUFZ 1, C4<z>; HiZ drive
v0x555562fd0690_0 .net "SBDATI7", 0 0, o0x7da30897ce28;  0 drivers
o0x7da30897ce58 .functor BUFZ 1, C4<z>; HiZ drive
v0x555562fd0270_0 .net "SBDATO0", 0 0, o0x7da30897ce58;  0 drivers
o0x7da30897ce88 .functor BUFZ 1, C4<z>; HiZ drive
v0x555562fd0310_0 .net "SBDATO1", 0 0, o0x7da30897ce88;  0 drivers
o0x7da30897ceb8 .functor BUFZ 1, C4<z>; HiZ drive
v0x555562fcfee0_0 .net "SBDATO2", 0 0, o0x7da30897ceb8;  0 drivers
o0x7da30897cee8 .functor BUFZ 1, C4<z>; HiZ drive
v0x555562fcffa0_0 .net "SBDATO3", 0 0, o0x7da30897cee8;  0 drivers
o0x7da30897cf18 .functor BUFZ 1, C4<z>; HiZ drive
v0x555562fcfb80_0 .net "SBDATO4", 0 0, o0x7da30897cf18;  0 drivers
o0x7da30897cf48 .functor BUFZ 1, C4<z>; HiZ drive
v0x555562fcfc20_0 .net "SBDATO5", 0 0, o0x7da30897cf48;  0 drivers
o0x7da30897cf78 .functor BUFZ 1, C4<z>; HiZ drive
v0x555562fcf820_0 .net "SBDATO6", 0 0, o0x7da30897cf78;  0 drivers
o0x7da30897cfa8 .functor BUFZ 1, C4<z>; HiZ drive
v0x555562fcf8e0_0 .net "SBDATO7", 0 0, o0x7da30897cfa8;  0 drivers
o0x7da30897cfd8 .functor BUFZ 1, C4<z>; HiZ drive
v0x555562fcf490_0 .net "SBRWI", 0 0, o0x7da30897cfd8;  0 drivers
o0x7da30897d008 .functor BUFZ 1, C4<z>; HiZ drive
v0x555562fcf530_0 .net "SBSTBI", 0 0, o0x7da30897d008;  0 drivers
o0x7da30897d038 .functor BUFZ 1, C4<z>; HiZ drive
v0x555562fcf130_0 .net "SCLI", 0 0, o0x7da30897d038;  0 drivers
o0x7da30897d068 .functor BUFZ 1, C4<z>; HiZ drive
v0x555562fcf1f0_0 .net "SCLO", 0 0, o0x7da30897d068;  0 drivers
o0x7da30897d098 .functor BUFZ 1, C4<z>; HiZ drive
v0x555562fceda0_0 .net "SCLOE", 0 0, o0x7da30897d098;  0 drivers
o0x7da30897d0c8 .functor BUFZ 1, C4<z>; HiZ drive
v0x555562fcee40_0 .net "SDAI", 0 0, o0x7da30897d0c8;  0 drivers
o0x7da30897d0f8 .functor BUFZ 1, C4<z>; HiZ drive
v0x555562fc3a30_0 .net "SDAO", 0 0, o0x7da30897d0f8;  0 drivers
o0x7da30897d128 .functor BUFZ 1, C4<z>; HiZ drive
v0x555562fc3af0_0 .net "SDAOE", 0 0, o0x7da30897d128;  0 drivers
S_0x555562fc85f0 .scope module, "SB_IO_I3C" "SB_IO_I3C" 2 2862;
 .timescale -12 -12;
    .port_info 0 /INOUT 1 "PACKAGE_PIN";
    .port_info 1 /INPUT 1 "LATCH_INPUT_VALUE";
    .port_info 2 /INPUT 1 "CLOCK_ENABLE";
    .port_info 3 /INPUT 1 "INPUT_CLK";
    .port_info 4 /INPUT 1 "OUTPUT_CLK";
    .port_info 5 /INPUT 1 "OUTPUT_ENABLE";
    .port_info 6 /INPUT 1 "D_OUT_0";
    .port_info 7 /INPUT 1 "D_OUT_1";
    .port_info 8 /OUTPUT 1 "D_IN_0";
    .port_info 9 /OUTPUT 1 "D_IN_1";
    .port_info 10 /INPUT 1 "PU_ENB";
    .port_info 11 /INPUT 1 "WEAK_PU_ENB";
P_0x555562fccac0 .param/str "IO_STANDARD" 0 2 2880, "SB_LVCMOS";
P_0x555562fccb00 .param/l "NEG_TRIGGER" 0 2 2879, C4<0>;
P_0x555562fccb40 .param/l "PIN_TYPE" 0 2 2876, C4<000000>;
P_0x555562fccb80 .param/l "PULLUP" 0 2 2877, C4<0>;
P_0x555562fccbc0 .param/l "WEAK_PULLUP" 0 2 2878, C4<0>;
L_0x5555630a4e60 .functor BUFZ 1, v0x555563048cb0_0, C4<0>, C4<0>, C4<0>;
L_0x5555630a4ed0 .functor BUFZ 1, v0x5555630488b0_0, C4<0>, C4<0>, C4<0>;
o0x7da30897d818 .functor BUFZ 1, C4<z>; HiZ drive
v0x555562fce2c0_0 .net "CLOCK_ENABLE", 0 0, o0x7da30897d818;  0 drivers
v0x555562fce380_0 .net "D_IN_0", 0 0, L_0x5555630a4e60;  1 drivers
v0x555562fcdf60_0 .net "D_IN_1", 0 0, L_0x5555630a4ed0;  1 drivers
o0x7da30897d8a8 .functor BUFZ 1, C4<z>; HiZ drive
v0x555562fce000_0 .net "D_OUT_0", 0 0, o0x7da30897d8a8;  0 drivers
o0x7da30897d8d8 .functor BUFZ 1, C4<z>; HiZ drive
v0x555562fcdc00_0 .net "D_OUT_1", 0 0, o0x7da30897d8d8;  0 drivers
o0x7da30897d908 .functor BUFZ 1, C4<z>; HiZ drive
v0x555562fcd870_0 .net "INPUT_CLK", 0 0, o0x7da30897d908;  0 drivers
o0x7da30897d938 .functor BUFZ 1, C4<z>; HiZ drive
v0x555562fcd930_0 .net "LATCH_INPUT_VALUE", 0 0, o0x7da30897d938;  0 drivers
o0x7da30897d968 .functor BUFZ 1, C4<z>; HiZ drive
v0x5555630372b0_0 .net "OUTPUT_CLK", 0 0, o0x7da30897d968;  0 drivers
o0x7da30897d998 .functor BUFZ 1, C4<z>; HiZ drive
v0x555563037350_0 .net "OUTPUT_ENABLE", 0 0, o0x7da30897d998;  0 drivers
o0x7da30897d9c8 .functor BUFZ 1, C4<z>; HiZ drive
v0x555563036ef0_0 .net "PACKAGE_PIN", 0 0, o0x7da30897d9c8;  0 drivers
o0x7da30897d9f8 .functor BUFZ 1, C4<z>; HiZ drive
v0x555563036fb0_0 .net "PU_ENB", 0 0, o0x7da30897d9f8;  0 drivers
o0x7da30897da28 .functor BUFZ 1, C4<z>; HiZ drive
v0x555563048c10_0 .net "WEAK_PU_ENB", 0 0, o0x7da30897da28;  0 drivers
v0x555563048cb0_0 .var "din_0", 0 0;
v0x5555630488b0_0 .var "din_1", 0 0;
v0x555563048970_0 .var "din_q_0", 0 0;
v0x555563048550_0 .var "din_q_1", 0 0;
v0x5555630485f0_0 .var "dout", 0 0;
v0x55556303f670_0 .var "dout_q_0", 0 0;
v0x55556303f730_0 .var "dout_q_1", 0 0;
v0x5555630481f0_0 .var "outclk_delayed_1", 0 0;
v0x555563048290_0 .var "outclk_delayed_2", 0 0;
v0x555563047e90_0 .var "outena_q", 0 0;
E_0x555562fd3e20 .event anyedge, v0x555563048290_0, v0x55556303f670_0, v0x55556303f730_0;
E_0x555562ccfaf0 .event anyedge, v0x5555630481f0_0;
E_0x555562cd8a90 .event anyedge, v0x5555630372b0_0;
E_0x555562cd8910 .event anyedge, v0x555563048970_0, v0x555563048550_0;
S_0x555562fce650 .scope generate, "genblk1" "genblk1" 2 2888, 2 2888 0, S_0x555562fc85f0;
 .timescale -12 -12;
E_0x555562cd92f0 .event posedge, v0x5555630372b0_0;
E_0x555562cd8520 .event negedge, v0x5555630372b0_0;
E_0x555562cd8610 .event negedge, v0x555562fcd870_0;
E_0x555562cd91c0 .event posedge, v0x555562fcd870_0;
S_0x555562fc2ef0 .scope module, "SB_IO_OD" "SB_IO_OD" 2 2931;
 .timescale -12 -12;
    .port_info 0 /INOUT 1 "PACKAGEPIN";
    .port_info 1 /INPUT 1 "LATCHINPUTVALUE";
    .port_info 2 /INPUT 1 "CLOCKENABLE";
    .port_info 3 /INPUT 1 "INPUTCLK";
    .port_info 4 /INPUT 1 "OUTPUTCLK";
    .port_info 5 /INPUT 1 "OUTPUTENABLE";
    .port_info 6 /INPUT 1 "DOUT1";
    .port_info 7 /INPUT 1 "DOUT0";
    .port_info 8 /OUTPUT 1 "DIN1";
    .port_info 9 /OUTPUT 1 "DIN0";
P_0x555562db7a50 .param/l "NEG_TRIGGER" 0 2 2944, C4<0>;
P_0x555562db7a90 .param/l "PIN_TYPE" 0 2 2943, C4<000000>;
L_0x5555630a4f40 .functor BUFZ 1, v0x5555630467b0_0, C4<0>, C4<0>, C4<0>;
L_0x5555630a4fb0 .functor BUFZ 1, v0x555563046390_0, C4<0>, C4<0>, C4<0>;
o0x7da30897de78 .functor BUFZ 1, C4<z>; HiZ drive
v0x5555630477d0_0 .net "CLOCKENABLE", 0 0, o0x7da30897de78;  0 drivers
v0x555563047890_0 .net "DIN0", 0 0, L_0x5555630a4f40;  1 drivers
v0x555563047470_0 .net "DIN1", 0 0, L_0x5555630a4fb0;  1 drivers
o0x7da30897df08 .functor BUFZ 1, C4<z>; HiZ drive
v0x555563047510_0 .net "DOUT0", 0 0, o0x7da30897df08;  0 drivers
o0x7da30897df38 .functor BUFZ 1, C4<z>; HiZ drive
v0x555563047110_0 .net "DOUT1", 0 0, o0x7da30897df38;  0 drivers
o0x7da30897df68 .functor BUFZ 1, C4<z>; HiZ drive
v0x555563046db0_0 .net "INPUTCLK", 0 0, o0x7da30897df68;  0 drivers
o0x7da30897df98 .functor BUFZ 1, C4<z>; HiZ drive
v0x555563046e70_0 .net "LATCHINPUTVALUE", 0 0, o0x7da30897df98;  0 drivers
o0x7da30897dfc8 .functor BUFZ 1, C4<z>; HiZ drive
v0x555563046a50_0 .net "OUTPUTCLK", 0 0, o0x7da30897dfc8;  0 drivers
o0x7da30897dff8 .functor BUFZ 1, C4<z>; HiZ drive
v0x555563046af0_0 .net "OUTPUTENABLE", 0 0, o0x7da30897dff8;  0 drivers
o0x7da30897e028 .functor BUFZ 1, C4<z>; HiZ drive
v0x5555630466f0_0 .net "PACKAGEPIN", 0 0, o0x7da30897e028;  0 drivers
v0x5555630467b0_0 .var "din_0", 0 0;
v0x555563046390_0 .var "din_1", 0 0;
v0x555563046430_0 .var "din_q_0", 0 0;
v0x55556303f2b0_0 .var "din_q_1", 0 0;
v0x55556303f370_0 .var "dout", 0 0;
v0x555563046030_0 .var "dout_q_0", 0 0;
v0x5555630460d0_0 .var "dout_q_1", 0 0;
v0x555563045970_0 .var "outclk_delayed_1", 0 0;
v0x555563045a30_0 .var "outclk_delayed_2", 0 0;
v0x555563045610_0 .var "outena_q", 0 0;
E_0x555563047ff0 .event anyedge, v0x555563045a30_0, v0x555563046030_0, v0x5555630460d0_0;
E_0x555562fce0c0 .event anyedge, v0x555563045970_0;
E_0x555562cd7090 .event anyedge, v0x555563046a50_0;
E_0x555562cd6b70 .event anyedge, v0x555563046430_0, v0x55556303f2b0_0;
S_0x555563047b30 .scope generate, "genblk1" "genblk1" 2 2952, 2 2952 0, S_0x555562fc2ef0;
 .timescale -12 -12;
E_0x555562cd6780 .event posedge, v0x555563046a50_0;
E_0x555562cd7530 .event negedge, v0x555563046a50_0;
E_0x555562cd6e20 .event negedge, v0x555563046db0_0;
E_0x555562cd5b60 .event posedge, v0x555563046db0_0;
S_0x555562fc7b70 .scope module, "SB_LEDDA_IP" "SB_LEDDA_IP" 2 2830;
 .timescale -12 -12;
    .port_info 0 /INPUT 1 "LEDDCS";
    .port_info 1 /INPUT 1 "LEDDCLK";
    .port_info 2 /INPUT 1 "LEDDDAT7";
    .port_info 3 /INPUT 1 "LEDDDAT6";
    .port_info 4 /INPUT 1 "LEDDDAT5";
    .port_info 5 /INPUT 1 "LEDDDAT4";
    .port_info 6 /INPUT 1 "LEDDDAT3";
    .port_info 7 /INPUT 1 "LEDDDAT2";
    .port_info 8 /INPUT 1 "LEDDDAT1";
    .port_info 9 /INPUT 1 "LEDDDAT0";
    .port_info 10 /INPUT 1 "LEDDADDR3";
    .port_info 11 /INPUT 1 "LEDDADDR2";
    .port_info 12 /INPUT 1 "LEDDADDR1";
    .port_info 13 /INPUT 1 "LEDDADDR0";
    .port_info 14 /INPUT 1 "LEDDDEN";
    .port_info 15 /INPUT 1 "LEDDEXE";
    .port_info 16 /INPUT 1 "LEDDRST";
    .port_info 17 /OUTPUT 1 "PWMOUT0";
    .port_info 18 /OUTPUT 1 "PWMOUT1";
    .port_info 19 /OUTPUT 1 "PWMOUT2";
    .port_info 20 /OUTPUT 1 "LEDDON";
o0x7da30897e418 .functor BUFZ 1, C4<z>; HiZ drive
v0x5555630452b0_0 .net "LEDDADDR0", 0 0, o0x7da30897e418;  0 drivers
o0x7da30897e448 .functor BUFZ 1, C4<z>; HiZ drive
v0x555563045390_0 .net "LEDDADDR1", 0 0, o0x7da30897e448;  0 drivers
o0x7da30897e478 .functor BUFZ 1, C4<z>; HiZ drive
v0x555563044f50_0 .net "LEDDADDR2", 0 0, o0x7da30897e478;  0 drivers
o0x7da30897e4a8 .functor BUFZ 1, C4<z>; HiZ drive
v0x555563044ff0_0 .net "LEDDADDR3", 0 0, o0x7da30897e4a8;  0 drivers
o0x7da30897e4d8 .functor BUFZ 1, C4<z>; HiZ drive
v0x555563044bf0_0 .net "LEDDCLK", 0 0, o0x7da30897e4d8;  0 drivers
o0x7da30897e508 .functor BUFZ 1, C4<z>; HiZ drive
v0x555563044cb0_0 .net "LEDDCS", 0 0, o0x7da30897e508;  0 drivers
o0x7da30897e538 .functor BUFZ 1, C4<z>; HiZ drive
v0x555563044890_0 .net "LEDDDAT0", 0 0, o0x7da30897e538;  0 drivers
o0x7da30897e568 .functor BUFZ 1, C4<z>; HiZ drive
v0x555563044930_0 .net "LEDDDAT1", 0 0, o0x7da30897e568;  0 drivers
o0x7da30897e598 .functor BUFZ 1, C4<z>; HiZ drive
v0x555563044530_0 .net "LEDDDAT2", 0 0, o0x7da30897e598;  0 drivers
o0x7da30897e5c8 .functor BUFZ 1, C4<z>; HiZ drive
v0x5555630445f0_0 .net "LEDDDAT3", 0 0, o0x7da30897e5c8;  0 drivers
o0x7da30897e5f8 .functor BUFZ 1, C4<z>; HiZ drive
v0x5555630441d0_0 .net "LEDDDAT4", 0 0, o0x7da30897e5f8;  0 drivers
o0x7da30897e628 .functor BUFZ 1, C4<z>; HiZ drive
v0x555563044270_0 .net "LEDDDAT5", 0 0, o0x7da30897e628;  0 drivers
o0x7da30897e658 .functor BUFZ 1, C4<z>; HiZ drive
v0x55556303eef0_0 .net "LEDDDAT6", 0 0, o0x7da30897e658;  0 drivers
o0x7da30897e688 .functor BUFZ 1, C4<z>; HiZ drive
v0x55556303efb0_0 .net "LEDDDAT7", 0 0, o0x7da30897e688;  0 drivers
o0x7da30897e6b8 .functor BUFZ 1, C4<z>; HiZ drive
v0x555563043e70_0 .net "LEDDDEN", 0 0, o0x7da30897e6b8;  0 drivers
o0x7da30897e6e8 .functor BUFZ 1, C4<z>; HiZ drive
v0x555563043f10_0 .net "LEDDEXE", 0 0, o0x7da30897e6e8;  0 drivers
o0x7da30897e718 .functor BUFZ 1, C4<z>; HiZ drive
v0x555563043b10_0 .net "LEDDON", 0 0, o0x7da30897e718;  0 drivers
o0x7da30897e748 .functor BUFZ 1, C4<z>; HiZ drive
v0x555563043bb0_0 .net "LEDDRST", 0 0, o0x7da30897e748;  0 drivers
o0x7da30897e778 .functor BUFZ 1, C4<z>; HiZ drive
v0x555563043450_0 .net "PWMOUT0", 0 0, o0x7da30897e778;  0 drivers
o0x7da30897e7a8 .functor BUFZ 1, C4<z>; HiZ drive
v0x555563043510_0 .net "PWMOUT1", 0 0, o0x7da30897e7a8;  0 drivers
o0x7da30897e7d8 .functor BUFZ 1, C4<z>; HiZ drive
v0x5555630430f0_0 .net "PWMOUT2", 0 0, o0x7da30897e7d8;  0 drivers
S_0x555562fc77e0 .scope module, "SB_LED_DRV_CUR" "SB_LED_DRV_CUR" 2 2709;
 .timescale -12 -12;
    .port_info 0 /INPUT 1 "EN";
    .port_info 1 /OUTPUT 1 "LEDPU";
o0x7da30897ebf8 .functor BUFZ 1, C4<z>; HiZ drive
v0x555563042d60_0 .net "EN", 0 0, o0x7da30897ebf8;  0 drivers
o0x7da30897ec28 .functor BUFZ 1, C4<z>; HiZ drive
v0x555563042e40_0 .net "LEDPU", 0 0, o0x7da30897ec28;  0 drivers
S_0x555562fc7480 .scope module, "SB_LFOSC" "SB_LFOSC" 2 2684;
 .timescale -12 -12;
    .port_info 0 /INPUT 1 "CLKLFPU";
    .port_info 1 /INPUT 1 "CLKLFEN";
    .port_info 2 /OUTPUT 1 "CLKLF";
o0x7da30897ecb8 .functor BUFZ 1, C4<z>; HiZ drive
v0x5555630429a0_0 .net "CLKLF", 0 0, o0x7da30897ecb8;  0 drivers
o0x7da30897ece8 .functor BUFZ 1, C4<z>; HiZ drive
v0x555563042a60_0 .net "CLKLFEN", 0 0, o0x7da30897ece8;  0 drivers
o0x7da30897ed18 .functor BUFZ 1, C4<z>; HiZ drive
v0x5555630425e0_0 .net "CLKLFPU", 0 0, o0x7da30897ed18;  0 drivers
S_0x555562fc70f0 .scope module, "SB_LUT4" "SB_LUT4" 2 177;
 .timescale -12 -12;
    .port_info 0 /OUTPUT 1 "O";
    .port_info 1 /INPUT 1 "I0";
    .port_info 2 /INPUT 1 "I1";
    .port_info 3 /INPUT 1 "I2";
    .port_info 4 /INPUT 1 "I3";
P_0x555562ff9830 .param/l "LUT_INIT" 0 2 184, C4<0000000000000000>;
o0x7da30897edd8 .functor BUFZ 1, C4<z>; HiZ drive
v0x5555630426e0_0 .net "I0", 0 0, o0x7da30897edd8;  0 drivers
o0x7da30897ee08 .functor BUFZ 1, C4<z>; HiZ drive
v0x555563042220_0 .net "I1", 0 0, o0x7da30897ee08;  0 drivers
o0x7da30897ee38 .functor BUFZ 1, C4<z>; HiZ drive
v0x5555630422c0_0 .net "I2", 0 0, o0x7da30897ee38;  0 drivers
o0x7da30897ee68 .functor BUFZ 1, C4<z>; HiZ drive
v0x555563041e60_0 .net "I3", 0 0, o0x7da30897ee68;  0 drivers
v0x555563041f20_0 .net "O", 0 0, L_0x5555630a5940;  1 drivers
L_0x7da30892d3c0 .functor BUFT 1, C4<00000000>, C4<0>, C4<0>, C4<0>;
v0x555563041740_0 .net/2u *"_ivl_0", 7 0, L_0x7da30892d3c0;  1 drivers
v0x555563041820_0 .net *"_ivl_13", 1 0, L_0x5555630a5490;  1 drivers
v0x555563041020_0 .net *"_ivl_15", 1 0, L_0x5555630a5580;  1 drivers
v0x5555630410e0_0 .net *"_ivl_19", 0 0, L_0x5555630a5760;  1 drivers
L_0x7da30892d408 .functor BUFT 1, C4<00000000>, C4<0>, C4<0>, C4<0>;
v0x555563040900_0 .net/2u *"_ivl_2", 7 0, L_0x7da30892d408;  1 drivers
v0x5555630409e0_0 .net *"_ivl_21", 0 0, L_0x5555630a58a0;  1 drivers
v0x5555630401b0_0 .net *"_ivl_7", 3 0, L_0x5555630a5190;  1 drivers
v0x555563040290_0 .net *"_ivl_9", 3 0, L_0x5555630a5280;  1 drivers
v0x55556303fdf0_0 .net "s1", 1 0, L_0x5555630a5620;  1 drivers
v0x55556303fed0_0 .net "s2", 3 0, L_0x5555630a5320;  1 drivers
v0x55556303fa30_0 .net "s3", 7 0, L_0x5555630a5020;  1 drivers
L_0x5555630a5020 .functor MUXZ 8, L_0x7da30892d408, L_0x7da30892d3c0, o0x7da30897ee68, C4<>;
L_0x5555630a5190 .part L_0x5555630a5020, 4, 4;
L_0x5555630a5280 .part L_0x5555630a5020, 0, 4;
L_0x5555630a5320 .functor MUXZ 4, L_0x5555630a5280, L_0x5555630a5190, o0x7da30897ee38, C4<>;
L_0x5555630a5490 .part L_0x5555630a5320, 2, 2;
L_0x5555630a5580 .part L_0x5555630a5320, 0, 2;
L_0x5555630a5620 .functor MUXZ 2, L_0x5555630a5580, L_0x5555630a5490, o0x7da30897ee08, C4<>;
L_0x5555630a5760 .part L_0x5555630a5620, 1, 1;
L_0x5555630a58a0 .part L_0x5555630a5620, 0, 1;
L_0x5555630a5940 .functor MUXZ 1, L_0x5555630a58a0, L_0x5555630a5760, o0x7da30897edd8, C4<>;
S_0x555562fc6d90 .scope module, "SB_MAC16" "SB_MAC16" 2 2996;
 .timescale -12 -12;
    .port_info 0 /INPUT 1 "CLK";
    .port_info 1 /INPUT 1 "CE";
    .port_info 2 /INPUT 16 "C";
    .port_info 3 /INPUT 16 "A";
    .port_info 4 /INPUT 16 "B";
    .port_info 5 /INPUT 16 "D";
    .port_info 6 /INPUT 1 "AHOLD";
    .port_info 7 /INPUT 1 "BHOLD";
    .port_info 8 /INPUT 1 "CHOLD";
    .port_info 9 /INPUT 1 "DHOLD";
    .port_info 10 /INPUT 1 "IRSTTOP";
    .port_info 11 /INPUT 1 "IRSTBOT";
    .port_info 12 /INPUT 1 "ORSTTOP";
    .port_info 13 /INPUT 1 "ORSTBOT";
    .port_info 14 /INPUT 1 "OLOADTOP";
    .port_info 15 /INPUT 1 "OLOADBOT";
    .port_info 16 /INPUT 1 "ADDSUBTOP";
    .port_info 17 /INPUT 1 "ADDSUBBOT";
    .port_info 18 /INPUT 1 "OHOLDTOP";
    .port_info 19 /INPUT 1 "OHOLDBOT";
    .port_info 20 /INPUT 1 "CI";
    .port_info 21 /INPUT 1 "ACCUMCI";
    .port_info 22 /INPUT 1 "SIGNEXTIN";
    .port_info 23 /OUTPUT 32 "O";
    .port_info 24 /OUTPUT 1 "CO";
    .port_info 25 /OUTPUT 1 "ACCUMCO";
    .port_info 26 /OUTPUT 1 "SIGNEXTOUT";
P_0x555562cfa3d0 .param/l "A_REG" 0 2 3011, C4<0>;
P_0x555562cfa410 .param/l "A_SIGNED" 0 2 3027, C4<0>;
P_0x555562cfa450 .param/l "BOTADDSUB_CARRYSELECT" 0 2 3025, C4<00>;
P_0x555562cfa490 .param/l "BOTADDSUB_LOWERINPUT" 0 2 3023, C4<00>;
P_0x555562cfa4d0 .param/l "BOTADDSUB_UPPERINPUT" 0 2 3024, C4<0>;
P_0x555562cfa510 .param/l "BOTOUTPUT_SELECT" 0 2 3022, C4<00>;
P_0x555562cfa550 .param/l "BOT_8x8_MULT_REG" 0 2 3015, C4<0>;
P_0x555562cfa590 .param/l "B_REG" 0 2 3012, C4<0>;
P_0x555562cfa5d0 .param/l "B_SIGNED" 0 2 3028, C4<0>;
P_0x555562cfa610 .param/l "C_REG" 0 2 3010, C4<0>;
P_0x555562cfa650 .param/l "D_REG" 0 2 3013, C4<0>;
P_0x555562cfa690 .param/l "MODE_8x8" 0 2 3026, C4<0>;
P_0x555562cfa6d0 .param/l "NEG_TRIGGER" 0 2 3009, C4<0>;
P_0x555562cfa710 .param/l "PIPELINE_16x16_MULT_REG1" 0 2 3016, C4<0>;
P_0x555562cfa750 .param/l "PIPELINE_16x16_MULT_REG2" 0 2 3017, C4<0>;
P_0x555562cfa790 .param/l "TOPADDSUB_CARRYSELECT" 0 2 3021, C4<00>;
P_0x555562cfa7d0 .param/l "TOPADDSUB_LOWERINPUT" 0 2 3019, C4<00>;
P_0x555562cfa810 .param/l "TOPADDSUB_UPPERINPUT" 0 2 3020, C4<0>;
P_0x555562cfa850 .param/l "TOPOUTPUT_SELECT" 0 2 3018, C4<00>;
P_0x555562cfa890 .param/l "TOP_8x8_MULT_REG" 0 2 3014, C4<0>;
o0x7da30897f4c8 .functor BUFZ 1, C4<z>; HiZ drive
L_0x7da30892d450 .functor BUFT 1, C4<0>, C4<0>, C4<0>, C4<0>;
L_0x5555630a5a90 .functor XOR 1, o0x7da30897f4c8, L_0x7da30892d450, C4<0>, C4<0>;
o0x7da30897f408 .functor BUFZ 16, C4<zzzzzzzzzzzzzzzz>; HiZ drive
L_0x5555630a5b80 .functor BUFZ 16, o0x7da30897f408, C4<0000000000000000>, C4<0000000000000000>, C4<0000000000000000>;
o0x7da30897f1c8 .functor BUFZ 16, C4<zzzzzzzzzzzzzzzz>; HiZ drive
L_0x5555630a5c20 .functor BUFZ 16, o0x7da30897f1c8, C4<0000000000000000>, C4<0000000000000000>, C4<0000000000000000>;
o0x7da30897f348 .functor BUFZ 16, C4<zzzzzzzzzzzzzzzz>; HiZ drive
L_0x5555630a5cf0 .functor BUFZ 16, o0x7da30897f348, C4<0000000000000000>, C4<0000000000000000>, C4<0000000000000000>;
o0x7da30897f528 .functor BUFZ 16, C4<zzzzzzzzzzzzzzzz>; HiZ drive
L_0x5555630a5df0 .functor BUFZ 16, o0x7da30897f528, C4<0000000000000000>, C4<0000000000000000>, C4<0000000000000000>;
L_0x5555630a6c60 .functor BUFZ 16, L_0x5555630a67f0, C4<0000000000000000>, C4<0000000000000000>, C4<0000000000000000>;
L_0x5555630a71f0 .functor BUFZ 16, L_0x5555630a6b70, C4<0000000000000000>, C4<0000000000000000>, C4<0000000000000000>;
L_0x5555630a72b0 .functor BUFZ 16, L_0x5555630a6f80, C4<0000000000000000>, C4<0000000000000000>, C4<0000000000000000>;
L_0x5555630a73c0 .functor BUFZ 16, L_0x5555630a7070, C4<0000000000000000>, C4<0000000000000000>, C4<0000000000000000>;
L_0x5555630a7dc0 .functor BUFZ 32, L_0x5555630a8a90, C4<00000000000000000000000000000000>, C4<00000000000000000000000000000000>, C4<00000000000000000000000000000000>;
L_0x5555630a8c80 .functor BUFZ 16, v0x555563004d40_0, C4<0000000000000000>, C4<0000000000000000>, C4<0000000000000000>;
L_0x5555630a8cf0 .functor BUFZ 16, L_0x5555630a5c20, C4<0000000000000000>, C4<0000000000000000>, C4<0000000000000000>;
L_0x5555630a9950 .functor XOR 17, L_0x5555630a9230, L_0x5555630a9860, C4<00000000000000000>, C4<00000000000000000>;
o0x7da30897f288 .functor BUFZ 1, C4<z>; HiZ drive
L_0x5555630a9b00 .functor XOR 1, L_0x5555630a8dd0, o0x7da30897f288, C4<0>, C4<0>;
L_0x5555630a8d60 .functor XOR 16, L_0x5555630a8f80, L_0x5555630a9f10, C4<0000000000000000>, C4<0000000000000000>;
L_0x5555630aa690 .functor BUFZ 16, L_0x5555630aa510, C4<0000000000000000>, C4<0000000000000000>, C4<0000000000000000>;
L_0x5555630aa950 .functor BUFZ 16, v0x5555630048a0_0, C4<0000000000000000>, C4<0000000000000000>, C4<0000000000000000>;
L_0x5555630aaa60 .functor BUFZ 16, L_0x5555630a5cf0, C4<0000000000000000>, C4<0000000000000000>, C4<0000000000000000>;
L_0x5555630ab610 .functor XOR 17, L_0x5555630aaec0, L_0x5555630ab390, C4<00000000000000000>, C4<00000000000000000>;
L_0x5555630ab7d0 .functor XOR 16, L_0x5555630aab70, L_0x5555630abb70, C4<0000000000000000>, C4<0000000000000000>;
L_0x5555630ac530 .functor BUFZ 16, L_0x5555630ac0c0, C4<0000000000000000>, C4<0000000000000000>, C4<0000000000000000>;
v0x55556304f120_0 .net "A", 15 0, o0x7da30897f1c8;  0 drivers
o0x7da30897f1f8 .functor BUFZ 1, C4<z>; HiZ drive
v0x55556304f200_0 .net "ACCUMCI", 0 0, o0x7da30897f1f8;  0 drivers
v0x5555630535d0_0 .net "ACCUMCO", 0 0, L_0x5555630a8dd0;  1 drivers
o0x7da30897f258 .functor BUFZ 1, C4<z>; HiZ drive
v0x555563053670_0 .net "ADDSUBBOT", 0 0, o0x7da30897f258;  0 drivers
v0x555563056630_0 .net "ADDSUBTOP", 0 0, o0x7da30897f288;  0 drivers
o0x7da30897f2b8 .functor BUFZ 1, C4<z>; HiZ drive
v0x5555630566f0_0 .net "AHOLD", 0 0, o0x7da30897f2b8;  0 drivers
v0x555563056a80_0 .net "Ah", 15 0, L_0x5555630a6010;  1 drivers
v0x555563056b60_0 .net "Al", 15 0, L_0x5555630a61f0;  1 drivers
v0x5555630551d0_0 .net "B", 15 0, o0x7da30897f348;  0 drivers
o0x7da30897f378 .functor BUFZ 1, C4<z>; HiZ drive
v0x555563055290_0 .net "BHOLD", 0 0, o0x7da30897f378;  0 drivers
v0x555563055620_0 .net "Bh", 15 0, L_0x5555630a6480;  1 drivers
v0x5555630556e0_0 .net "Bl", 15 0, L_0x5555630a6660;  1 drivers
v0x555563050d20_0 .net "C", 15 0, o0x7da30897f408;  0 drivers
o0x7da30897f438 .functor BUFZ 1, C4<z>; HiZ drive
v0x555563050e00_0 .net "CE", 0 0, o0x7da30897f438;  0 drivers
o0x7da30897f468 .functor BUFZ 1, C4<z>; HiZ drive
v0x555563051170_0 .net "CHOLD", 0 0, o0x7da30897f468;  0 drivers
o0x7da30897f498 .functor BUFZ 1, C4<z>; HiZ drive
v0x555563051230_0 .net "CI", 0 0, o0x7da30897f498;  0 drivers
v0x555563057a80_0 .net "CLK", 0 0, o0x7da30897f4c8;  0 drivers
v0x555563057b20_0 .net "CO", 0 0, L_0x5555630a9b00;  1 drivers
v0x55556304ccc0_0 .net "D", 15 0, o0x7da30897f528;  0 drivers
o0x7da30897f558 .functor BUFZ 1, C4<z>; HiZ drive
v0x55556304cda0_0 .net "DHOLD", 0 0, o0x7da30897f558;  0 drivers
L_0x7da30892d9a8 .functor BUFT 1, C4<0>, C4<0>, C4<0>, C4<0>;
v0x555563049790_0 .net "HCI", 0 0, L_0x7da30892d9a8;  1 drivers
o0x7da30897f5b8 .functor BUFZ 1, C4<z>; HiZ drive
v0x555563049850_0 .net "IRSTBOT", 0 0, o0x7da30897f5b8;  0 drivers
o0x7da30897f5e8 .functor BUFZ 1, C4<z>; HiZ drive
v0x5555630493d0_0 .net "IRSTTOP", 0 0, o0x7da30897f5e8;  0 drivers
L_0x7da30892dac8 .functor BUFT 1, C4<0>, C4<0>, C4<0>, C4<0>;
v0x555563049470_0 .net "LCI", 0 0, L_0x7da30892dac8;  1 drivers
v0x555563049010_0 .net "LCO", 0 0, L_0x5555630aaad0;  1 drivers
v0x5555630490d0_0 .net "O", 31 0, L_0x5555630ac5f0;  1 drivers
o0x7da30897f6a8 .functor BUFZ 1, C4<z>; HiZ drive
v0x555563049be0_0 .net "OHOLDBOT", 0 0, o0x7da30897f6a8;  0 drivers
o0x7da30897f6d8 .functor BUFZ 1, C4<z>; HiZ drive
v0x555563049ca0_0 .net "OHOLDTOP", 0 0, o0x7da30897f6d8;  0 drivers
o0x7da30897f708 .functor BUFZ 1, C4<z>; HiZ drive
v0x555563059680_0 .net "OLOADBOT", 0 0, o0x7da30897f708;  0 drivers
o0x7da30897f738 .functor BUFZ 1, C4<z>; HiZ drive
v0x555563059720_0 .net "OLOADTOP", 0 0, o0x7da30897f738;  0 drivers
o0x7da30897f768 .functor BUFZ 1, C4<z>; HiZ drive
v0x555563059ad0_0 .net "ORSTBOT", 0 0, o0x7da30897f768;  0 drivers
o0x7da30897f798 .functor BUFZ 1, C4<z>; HiZ drive
v0x555563059b90_0 .net "ORSTTOP", 0 0, o0x7da30897f798;  0 drivers
v0x55556304ac70_0 .net "Oh", 15 0, L_0x5555630aa690;  1 drivers
v0x555562cb13f0_0 .net "Ol", 15 0, L_0x5555630ac530;  1 drivers
o0x7da30897f828 .functor BUFZ 1, C4<z>; HiZ drive
v0x555562cb14d0_0 .net "SIGNEXTIN", 0 0, o0x7da30897f828;  0 drivers
v0x555562cb1590_0 .net "SIGNEXTOUT", 0 0, L_0x5555630aa750;  1 drivers
v0x55556304ad10_0 .net "XW", 15 0, L_0x5555630a8f80;  1 drivers
v0x55556304dcd0_0 .net "YZ", 15 0, L_0x5555630aab70;  1 drivers
v0x55556304dd90_0 .net/2u *"_ivl_0", 0 0, L_0x7da30892d450;  1 drivers
v0x55556304e120_0 .net *"_ivl_100", 31 0, L_0x5555630a8530;  1 drivers
L_0x7da30892d840 .functor BUFT 1, C4<0000000000000000>, C4<0>, C4<0>, C4<0>;
v0x55556304e200_0 .net *"_ivl_103", 15 0, L_0x7da30892d840;  1 drivers
v0x555563052180_0 .net *"_ivl_104", 31 0, L_0x5555630a8850;  1 drivers
v0x555563052240_0 .net *"_ivl_106", 15 0, L_0x5555630a8760;  1 drivers
L_0x7da30892d888 .functor BUFT 1, C4<0000000000000000>, C4<0>, C4<0>, C4<0>;
v0x5555630525d0_0 .net *"_ivl_108", 15 0, L_0x7da30892d888;  1 drivers
L_0x7da30892d498 .functor BUFT 1, C4<00000000>, C4<0>, C4<0>, C4<0>;
v0x5555630526b0_0 .net/2u *"_ivl_12", 7 0, L_0x7da30892d498;  1 drivers
v0x555562fe6f40_0 .net *"_ivl_121", 16 0, L_0x5555630a9020;  1 drivers
L_0x7da30892d8d0 .functor BUFT 1, C4<0>, C4<0>, C4<0>, C4<0>;
v0x555562fe7000_0 .net *"_ivl_124", 0 0, L_0x7da30892d8d0;  1 drivers
v0x555562fe6b80_0 .net *"_ivl_125", 16 0, L_0x5555630a9230;  1 drivers
L_0x7da30892d918 .functor BUFT 1, C4<0>, C4<0>, C4<0>, C4<0>;
v0x555562fe6c60_0 .net *"_ivl_128", 0 0, L_0x7da30892d918;  1 drivers
v0x55556303d330_0 .net *"_ivl_129", 15 0, L_0x5555630a9370;  1 drivers
v0x55556303d3f0_0 .net *"_ivl_131", 16 0, L_0x5555630a9860;  1 drivers
L_0x7da30892d960 .functor BUFT 1, C4<0>, C4<0>, C4<0>, C4<0>;
v0x555562fecd40_0 .net *"_ivl_134", 0 0, L_0x7da30892d960;  1 drivers
v0x555562fece20_0 .net *"_ivl_135", 16 0, L_0x5555630a9950;  1 drivers
v0x555562fec980_0 .net *"_ivl_137", 16 0, L_0x5555630a9a60;  1 drivers
L_0x7da30892dcc0 .functor BUFT 1, C4<00000000000000000>, C4<0>, C4<0>, C4<0>;
v0x555562feca40_0 .net *"_ivl_139", 16 0, L_0x7da30892dcc0;  1 drivers
v0x555562fead90_0 .net *"_ivl_143", 16 0, L_0x5555630a9d50;  1 drivers
v0x555562feae70_0 .net *"_ivl_147", 15 0, L_0x5555630a9f10;  1 drivers
v0x555562fea9d0_0 .net *"_ivl_149", 15 0, L_0x5555630a8d60;  1 drivers
v0x555562feaa90_0 .net *"_ivl_15", 7 0, L_0x5555630a5ef0;  1 drivers
v0x555562fea610_0 .net *"_ivl_168", 16 0, L_0x5555630aad80;  1 drivers
L_0x7da30892d9f0 .functor BUFT 1, C4<0>, C4<0>, C4<0>, C4<0>;
v0x555562fea6f0_0 .net *"_ivl_171", 0 0, L_0x7da30892d9f0;  1 drivers
v0x5555630242e0_0 .net *"_ivl_172", 16 0, L_0x5555630aaec0;  1 drivers
L_0x7da30892da38 .functor BUFT 1, C4<0>, C4<0>, C4<0>, C4<0>;
v0x5555630243c0_0 .net *"_ivl_175", 0 0, L_0x7da30892da38;  1 drivers
v0x555563026ae0_0 .net *"_ivl_176", 15 0, L_0x5555630ab180;  1 drivers
v0x555563026bc0_0 .net *"_ivl_178", 16 0, L_0x5555630ab390;  1 drivers
L_0x7da30892d4e0 .functor BUFT 1, C4<00000000>, C4<0>, C4<0>, C4<0>;
v0x55556303c340_0 .net/2u *"_ivl_18", 7 0, L_0x7da30892d4e0;  1 drivers
L_0x7da30892da80 .functor BUFT 1, C4<0>, C4<0>, C4<0>, C4<0>;
v0x55556303c400_0 .net *"_ivl_181", 0 0, L_0x7da30892da80;  1 drivers
v0x55556303b350_0 .net *"_ivl_182", 16 0, L_0x5555630ab610;  1 drivers
v0x55556303b430_0 .net *"_ivl_184", 16 0, L_0x5555630aa9c0;  1 drivers
L_0x7da30892dd08 .functor BUFT 1, C4<00000000000000000>, C4<0>, C4<0>, C4<0>;
v0x555562fe1590_0 .net *"_ivl_186", 16 0, L_0x7da30892dd08;  1 drivers
v0x555562fe1670_0 .net *"_ivl_190", 16 0, L_0x5555630ab8e0;  1 drivers
v0x555562fe11d0_0 .net *"_ivl_192", 15 0, L_0x5555630abb70;  1 drivers
v0x555562fe12b0_0 .net *"_ivl_194", 15 0, L_0x5555630ab7d0;  1 drivers
v0x555562fe0e10_0 .net *"_ivl_21", 7 0, L_0x5555630a6150;  1 drivers
L_0x7da30892d528 .functor BUFT 1, C4<00000000>, C4<0>, C4<0>, C4<0>;
v0x555562fe0ed0_0 .net/2u *"_ivl_24", 7 0, L_0x7da30892d528;  1 drivers
v0x555562fe0a50_0 .net *"_ivl_27", 7 0, L_0x5555630a6390;  1 drivers
L_0x7da30892d570 .functor BUFT 1, C4<00000000>, C4<0>, C4<0>, C4<0>;
v0x555562fe0b30_0 .net/2u *"_ivl_30", 7 0, L_0x7da30892d570;  1 drivers
v0x55556303a360_0 .net *"_ivl_33", 7 0, L_0x5555630a65c0;  1 drivers
L_0x7da30892d5b8 .functor BUFT 1, C4<00000000>, C4<0>, C4<0>, C4<0>;
v0x55556303a440_0 .net/2u *"_ivl_38", 7 0, L_0x7da30892d5b8;  1 drivers
v0x5555630232c0_0 .net *"_ivl_41", 7 0, L_0x5555630a6930;  1 drivers
v0x5555630233a0_0 .net *"_ivl_42", 15 0, L_0x5555630a6a80;  1 drivers
L_0x7da30892d600 .functor BUFT 1, C4<00000000>, C4<0>, C4<0>, C4<0>;
v0x555562fe2c20_0 .net/2u *"_ivl_46", 7 0, L_0x7da30892d600;  1 drivers
v0x555562fe2ce0_0 .net *"_ivl_49", 7 0, L_0x5555630a6cd0;  1 drivers
v0x555562fe2860_0 .net *"_ivl_50", 15 0, L_0x5555630a6dc0;  1 drivers
L_0x7da30892d648 .functor BUFT 1, C4<00000000>, C4<0>, C4<0>, C4<0>;
v0x555562fe2940_0 .net/2u *"_ivl_64", 7 0, L_0x7da30892d648;  1 drivers
L_0x7da30892d690 .functor BUFT 1, C4<00000000>, C4<0>, C4<0>, C4<0>;
v0x555563028da0_0 .net/2u *"_ivl_68", 7 0, L_0x7da30892d690;  1 drivers
v0x555563028e80_0 .net *"_ivl_72", 31 0, L_0x5555630a77a0;  1 drivers
L_0x7da30892d6d8 .functor BUFT 1, C4<0000000000000000>, C4<0>, C4<0>, C4<0>;
v0x555563021280_0 .net *"_ivl_75", 15 0, L_0x7da30892d6d8;  1 drivers
v0x555563021360_0 .net *"_ivl_76", 31 0, L_0x5555630a78e0;  1 drivers
L_0x7da30892d720 .functor BUFT 1, C4<00000000>, C4<0>, C4<0>, C4<0>;
v0x555563020ec0_0 .net *"_ivl_79", 7 0, L_0x7da30892d720;  1 drivers
v0x555563020f80_0 .net *"_ivl_80", 31 0, L_0x5555630a7b20;  1 drivers
v0x555563030fc0_0 .net *"_ivl_82", 23 0, L_0x5555630a7700;  1 drivers
L_0x7da30892d768 .functor BUFT 1, C4<00000000>, C4<0>, C4<0>, C4<0>;
v0x5555630310a0_0 .net *"_ivl_84", 7 0, L_0x7da30892d768;  1 drivers
v0x55556302bcf0_0 .net *"_ivl_86", 31 0, L_0x5555630a7d20;  1 drivers
v0x55556302bdd0_0 .net *"_ivl_88", 31 0, L_0x5555630a7ed0;  1 drivers
L_0x7da30892d7b0 .functor BUFT 1, C4<00000000>, C4<0>, C4<0>, C4<0>;
v0x555563001500_0 .net *"_ivl_91", 7 0, L_0x7da30892d7b0;  1 drivers
v0x5555630015e0_0 .net *"_ivl_92", 31 0, L_0x5555630a81d0;  1 drivers
v0x555563001140_0 .net *"_ivl_94", 23 0, L_0x5555630a80e0;  1 drivers
L_0x7da30892d7f8 .functor BUFT 1, C4<00000000>, C4<0>, C4<0>, C4<0>;
v0x555563001200_0 .net *"_ivl_96", 7 0, L_0x7da30892d7f8;  1 drivers
v0x555563000d80_0 .net *"_ivl_98", 31 0, L_0x5555630a83f0;  1 drivers
v0x555563000e60_0 .net "clock", 0 0, L_0x5555630a5a90;  1 drivers
v0x5555630009c0_0 .net "iA", 15 0, L_0x5555630a5c20;  1 drivers
v0x555563000aa0_0 .net "iB", 15 0, L_0x5555630a5cf0;  1 drivers
v0x555563002800_0 .net "iC", 15 0, L_0x5555630a5b80;  1 drivers
v0x5555630028e0_0 .net "iD", 15 0, L_0x5555630a5df0;  1 drivers
v0x555563002470_0 .net "iF", 15 0, L_0x5555630a6c60;  1 drivers
v0x555563002550_0 .net "iG", 15 0, L_0x5555630a73c0;  1 drivers
v0x5555630020b0_0 .net "iH", 31 0, L_0x5555630a7dc0;  1 drivers
v0x555563002170_0 .net "iJ", 15 0, L_0x5555630a71f0;  1 drivers
v0x555563001cf0_0 .net "iJ_e", 23 0, L_0x5555630a75c0;  1 drivers
v0x555563001dd0_0 .net "iK", 15 0, L_0x5555630a72b0;  1 drivers
v0x5555630040f0_0 .net "iK_e", 23 0, L_0x5555630a7480;  1 drivers
v0x5555630041d0_0 .net "iL", 31 0, L_0x5555630a8a90;  1 drivers
v0x555563003d90_0 .net "iP", 15 0, L_0x5555630aa510;  1 drivers
v0x555563003e70_0 .net "iQ", 15 0, v0x555563004d40_0;  1 drivers
v0x555563003a30_0 .net "iR", 15 0, L_0x5555630ac0c0;  1 drivers
v0x555563003af0_0 .net "iS", 15 0, v0x5555630048a0_0;  1 drivers
v0x5555630036a0_0 .net "iW", 15 0, L_0x5555630a8c80;  1 drivers
v0x555563003780_0 .net "iX", 15 0, L_0x5555630a8cf0;  1 drivers
v0x5555630032e0_0 .net "iY", 15 0, L_0x5555630aa950;  1 drivers
v0x5555630033c0_0 .net "iZ", 15 0, L_0x5555630aaa60;  1 drivers
v0x555563002f20_0 .net "p_Ah_Bh", 15 0, L_0x5555630a67f0;  1 drivers
v0x555563003000_0 .net "p_Ah_Bl", 15 0, L_0x5555630a6f80;  1 drivers
v0x555563002b90_0 .net "p_Al_Bh", 15 0, L_0x5555630a6b70;  1 drivers
v0x555563002c50_0 .net "p_Al_Bl", 15 0, L_0x5555630a7070;  1 drivers
v0x555563001930_0 .var "rA", 15 0;
v0x555563001a10_0 .var "rB", 15 0;
v0x555563007c60_0 .var "rC", 15 0;
v0x555563007d40_0 .var "rD", 15 0;
v0x555563006c40_0 .var "rF", 15 0;
v0x555563006d20_0 .var "rG", 15 0;
v0x555563005c50_0 .var "rH", 31 0;
v0x555563005d10_0 .var "rJ", 15 0;
v0x555563004c60_0 .var "rK", 15 0;
v0x555563004d40_0 .var "rQ", 15 0;
v0x5555630048a0_0 .var "rS", 15 0;
E_0x5555630438e0 .event posedge, v0x555563059ad0_0, v0x555563000e60_0;
E_0x555562cd5df0 .event posedge, v0x555563059b90_0, v0x555563000e60_0;
E_0x555562cd62a0 .event posedge, v0x555563049850_0, v0x555563000e60_0;
E_0x555562cd62e0 .event posedge, v0x5555630493d0_0, v0x555563000e60_0;
L_0x5555630a5ef0 .part L_0x5555630a5c20, 8, 8;
L_0x5555630a6010 .concat [ 8 8 0 0], L_0x5555630a5ef0, L_0x7da30892d498;
L_0x5555630a6150 .part L_0x5555630a5c20, 0, 8;
L_0x5555630a61f0 .concat [ 8 8 0 0], L_0x5555630a6150, L_0x7da30892d4e0;
L_0x5555630a6390 .part L_0x5555630a5cf0, 8, 8;
L_0x5555630a6480 .concat [ 8 8 0 0], L_0x5555630a6390, L_0x7da30892d528;
L_0x5555630a65c0 .part L_0x5555630a5cf0, 0, 8;
L_0x5555630a6660 .concat [ 8 8 0 0], L_0x5555630a65c0, L_0x7da30892d570;
L_0x5555630a67f0 .arith/mult 16, L_0x5555630a6010, L_0x5555630a6480;
L_0x5555630a6930 .part L_0x5555630a61f0, 0, 8;
L_0x5555630a6a80 .concat [ 8 8 0 0], L_0x5555630a6930, L_0x7da30892d5b8;
L_0x5555630a6b70 .arith/mult 16, L_0x5555630a6a80, L_0x5555630a6480;
L_0x5555630a6cd0 .part L_0x5555630a6660, 0, 8;
L_0x5555630a6dc0 .concat [ 8 8 0 0], L_0x5555630a6cd0, L_0x7da30892d600;
L_0x5555630a6f80 .arith/mult 16, L_0x5555630a6010, L_0x5555630a6dc0;
L_0x5555630a7070 .arith/mult 16, L_0x5555630a61f0, L_0x5555630a6660;
L_0x5555630a7480 .concat [ 16 8 0 0], L_0x5555630a72b0, L_0x7da30892d648;
L_0x5555630a75c0 .concat [ 16 8 0 0], L_0x5555630a71f0, L_0x7da30892d690;
L_0x5555630a77a0 .concat [ 16 16 0 0], L_0x5555630a73c0, L_0x7da30892d6d8;
L_0x5555630a78e0 .concat [ 24 8 0 0], L_0x5555630a7480, L_0x7da30892d720;
L_0x5555630a7700 .part L_0x5555630a78e0, 0, 24;
L_0x5555630a7b20 .concat [ 8 24 0 0], L_0x7da30892d768, L_0x5555630a7700;
L_0x5555630a7d20 .arith/sum 32, L_0x5555630a77a0, L_0x5555630a7b20;
L_0x5555630a7ed0 .concat [ 24 8 0 0], L_0x5555630a75c0, L_0x7da30892d7b0;
L_0x5555630a80e0 .part L_0x5555630a7ed0, 0, 24;
L_0x5555630a81d0 .concat [ 8 24 0 0], L_0x7da30892d7f8, L_0x5555630a80e0;
L_0x5555630a83f0 .arith/sum 32, L_0x5555630a7d20, L_0x5555630a81d0;
L_0x5555630a8530 .concat [ 16 16 0 0], L_0x5555630a6c60, L_0x7da30892d840;
L_0x5555630a8760 .part L_0x5555630a8530, 0, 16;
L_0x5555630a8850 .concat [ 16 16 0 0], L_0x7da30892d888, L_0x5555630a8760;
L_0x5555630a8a90 .arith/sum 32, L_0x5555630a83f0, L_0x5555630a8850;
L_0x5555630a8dd0 .part L_0x5555630a9d50, 16, 1;
L_0x5555630a8f80 .part L_0x5555630a9d50, 0, 16;
L_0x5555630a9020 .concat [ 16 1 0 0], L_0x5555630a8cf0, L_0x7da30892d8d0;
L_0x5555630a9230 .concat [ 16 1 0 0], L_0x5555630a8c80, L_0x7da30892d918;
LS_0x5555630a9370_0_0 .concat [ 1 1 1 1], o0x7da30897f288, o0x7da30897f288, o0x7da30897f288, o0x7da30897f288;
LS_0x5555630a9370_0_4 .concat [ 1 1 1 1], o0x7da30897f288, o0x7da30897f288, o0x7da30897f288, o0x7da30897f288;
LS_0x5555630a9370_0_8 .concat [ 1 1 1 1], o0x7da30897f288, o0x7da30897f288, o0x7da30897f288, o0x7da30897f288;
LS_0x5555630a9370_0_12 .concat [ 1 1 1 1], o0x7da30897f288, o0x7da30897f288, o0x7da30897f288, o0x7da30897f288;
L_0x5555630a9370 .concat [ 4 4 4 4], LS_0x5555630a9370_0_0, LS_0x5555630a9370_0_4, LS_0x5555630a9370_0_8, LS_0x5555630a9370_0_12;
L_0x5555630a9860 .concat [ 16 1 0 0], L_0x5555630a9370, L_0x7da30892d960;
L_0x5555630a9a60 .arith/sum 17, L_0x5555630a9020, L_0x5555630a9950;
L_0x5555630a9d50 .arith/sum 17, L_0x5555630a9a60, L_0x7da30892dcc0;
LS_0x5555630a9f10_0_0 .concat [ 1 1 1 1], o0x7da30897f288, o0x7da30897f288, o0x7da30897f288, o0x7da30897f288;
LS_0x5555630a9f10_0_4 .concat [ 1 1 1 1], o0x7da30897f288, o0x7da30897f288, o0x7da30897f288, o0x7da30897f288;
LS_0x5555630a9f10_0_8 .concat [ 1 1 1 1], o0x7da30897f288, o0x7da30897f288, o0x7da30897f288, o0x7da30897f288;
LS_0x5555630a9f10_0_12 .concat [ 1 1 1 1], o0x7da30897f288, o0x7da30897f288, o0x7da30897f288, o0x7da30897f288;
L_0x5555630a9f10 .concat [ 4 4 4 4], LS_0x5555630a9f10_0_0, LS_0x5555630a9f10_0_4, LS_0x5555630a9f10_0_8, LS_0x5555630a9f10_0_12;
L_0x5555630aa510 .functor MUXZ 16, L_0x5555630a8d60, L_0x5555630a5b80, o0x7da30897f738, C4<>;
L_0x5555630aa750 .part L_0x5555630a8cf0, 15, 1;
L_0x5555630aaad0 .part L_0x5555630ab8e0, 16, 1;
L_0x5555630aab70 .part L_0x5555630ab8e0, 0, 16;
L_0x5555630aad80 .concat [ 16 1 0 0], L_0x5555630aaa60, L_0x7da30892d9f0;
L_0x5555630aaec0 .concat [ 16 1 0 0], L_0x5555630aa950, L_0x7da30892da38;
LS_0x5555630ab180_0_0 .concat [ 1 1 1 1], o0x7da30897f258, o0x7da30897f258, o0x7da30897f258, o0x7da30897f258;
LS_0x5555630ab180_0_4 .concat [ 1 1 1 1], o0x7da30897f258, o0x7da30897f258, o0x7da30897f258, o0x7da30897f258;
LS_0x5555630ab180_0_8 .concat [ 1 1 1 1], o0x7da30897f258, o0x7da30897f258, o0x7da30897f258, o0x7da30897f258;
LS_0x5555630ab180_0_12 .concat [ 1 1 1 1], o0x7da30897f258, o0x7da30897f258, o0x7da30897f258, o0x7da30897f258;
L_0x5555630ab180 .concat [ 4 4 4 4], LS_0x5555630ab180_0_0, LS_0x5555630ab180_0_4, LS_0x5555630ab180_0_8, LS_0x5555630ab180_0_12;
L_0x5555630ab390 .concat [ 16 1 0 0], L_0x5555630ab180, L_0x7da30892da80;
L_0x5555630aa9c0 .arith/sum 17, L_0x5555630aad80, L_0x5555630ab610;
L_0x5555630ab8e0 .arith/sum 17, L_0x5555630aa9c0, L_0x7da30892dd08;
LS_0x5555630abb70_0_0 .concat [ 1 1 1 1], o0x7da30897f258, o0x7da30897f258, o0x7da30897f258, o0x7da30897f258;
LS_0x5555630abb70_0_4 .concat [ 1 1 1 1], o0x7da30897f258, o0x7da30897f258, o0x7da30897f258, o0x7da30897f258;
LS_0x5555630abb70_0_8 .concat [ 1 1 1 1], o0x7da30897f258, o0x7da30897f258, o0x7da30897f258, o0x7da30897f258;
LS_0x5555630abb70_0_12 .concat [ 1 1 1 1], o0x7da30897f258, o0x7da30897f258, o0x7da30897f258, o0x7da30897f258;
L_0x5555630abb70 .concat [ 4 4 4 4], LS_0x5555630abb70_0_0, LS_0x5555630abb70_0_4, LS_0x5555630abb70_0_8, LS_0x5555630abb70_0_12;
L_0x5555630ac0c0 .functor MUXZ 16, L_0x5555630ab7d0, L_0x5555630a5df0, o0x7da30897f708, C4<>;
L_0x5555630ac5f0 .concat [ 16 16 0 0], L_0x5555630ac530, L_0x5555630aa690;
S_0x555562fc6670 .scope module, "SB_PLL40_2F_CORE" "SB_PLL40_2F_CORE" 2 2521;
 .timescale -12 -12;
    .port_info 0 /INPUT 1 "REFERENCECLK";
    .port_info 1 /OUTPUT 1 "PLLOUTCOREA";
    .port_info 2 /OUTPUT 1 "PLLOUTGLOBALA";
    .port_info 3 /OUTPUT 1 "PLLOUTCOREB";
    .port_info 4 /OUTPUT 1 "PLLOUTGLOBALB";
    .port_info 5 /INPUT 1 "EXTFEEDBACK";
    .port_info 6 /INPUT 8 "DYNAMICDELAY";
    .port_info 7 /OUTPUT 1 "LOCK";
    .port_info 8 /INPUT 1 "BYPASS";
    .port_info 9 /INPUT 1 "RESETB";
    .port_info 10 /INPUT 1 "LATCHINPUTVALUE";
    .port_info 11 /OUTPUT 1 "SDO";
    .port_info 12 /INPUT 1 "SDI";
    .port_info 13 /INPUT 1 "SCLK";
P_0x555562c47f90 .param/str "DELAY_ADJUSTMENT_MODE_FEEDBACK" 0 2 2538, "FIXED";
P_0x555562c47fd0 .param/str "DELAY_ADJUSTMENT_MODE_RELATIVE" 0 2 2539, "FIXED";
P_0x555562c48010 .param/l "DIVF" 0 2 2546, C4<0000000>;
P_0x555562c48050 .param/l "DIVQ" 0 2 2547, C4<000>;
P_0x555562c48090 .param/l "DIVR" 0 2 2545, C4<0000>;
P_0x555562c480d0 .param/l "ENABLE_ICEGATE_PORTA" 0 2 2549, C4<0>;
P_0x555562c48110 .param/l "ENABLE_ICEGATE_PORTB" 0 2 2550, C4<0>;
P_0x555562c48150 .param/l "EXTERNAL_DIVIDE_FACTOR" 0 2 2552, +C4<00000000000000000000000000000001>;
P_0x555562c48190 .param/l "FDA_FEEDBACK" 0 2 2541, C4<0000>;
P_0x555562c481d0 .param/l "FDA_RELATIVE" 0 2 2542, C4<0000>;
P_0x555562c48210 .param/str "FEEDBACK_PATH" 0 2 2537, "SIMPLE";
P_0x555562c48250 .param/l "FILTER_RANGE" 0 2 2548, C4<000>;
P_0x555562c48290 .param/str "PLLOUT_SELECT_PORTA" 0 2 2543, "GENCLK";
P_0x555562c482d0 .param/str "PLLOUT_SELECT_PORTB" 0 2 2544, "GENCLK";
P_0x555562c48310 .param/l "SHIFTREG_DIV_MODE" 0 2 2540, C4<0>;
P_0x555562c48350 .param/l "TEST_MODE" 0 2 2551, C4<0>;
o0x7da308981058 .functor BUFZ 1, C4<z>; HiZ drive
v0x555563004980_0 .net "BYPASS", 0 0, o0x7da308981058;  0 drivers
o0x7da308981088 .functor BUFZ 8, C4<zzzzzzzz>; HiZ drive
v0x55556300a3a0_0 .net "DYNAMICDELAY", 7 0, o0x7da308981088;  0 drivers
o0x7da3089810b8 .functor BUFZ 1, C4<z>; HiZ drive
v0x55556300a460_0 .net "EXTFEEDBACK", 0 0, o0x7da3089810b8;  0 drivers
o0x7da3089810e8 .functor BUFZ 1, C4<z>; HiZ drive
v0x55556300a010_0 .net "LATCHINPUTVALUE", 0 0, o0x7da3089810e8;  0 drivers
o0x7da308981118 .functor BUFZ 1, C4<z>; HiZ drive
v0x55556300a0d0_0 .net "LOCK", 0 0, o0x7da308981118;  0 drivers
o0x7da308981148 .functor BUFZ 1, C4<z>; HiZ drive
v0x55556300bc90_0 .net "PLLOUTCOREA", 0 0, o0x7da308981148;  0 drivers
o0x7da308981178 .functor BUFZ 1, C4<z>; HiZ drive
v0x55556300bd30_0 .net "PLLOUTCOREB", 0 0, o0x7da308981178;  0 drivers
o0x7da3089811a8 .functor BUFZ 1, C4<z>; HiZ drive
v0x55556300b930_0 .net "PLLOUTGLOBALA", 0 0, o0x7da3089811a8;  0 drivers
o0x7da3089811d8 .functor BUFZ 1, C4<z>; HiZ drive
v0x55556300b9f0_0 .net "PLLOUTGLOBALB", 0 0, o0x7da3089811d8;  0 drivers
o0x7da308981208 .functor BUFZ 1, C4<z>; HiZ drive
v0x55556300b5d0_0 .net "REFERENCECLK", 0 0, o0x7da308981208;  0 drivers
o0x7da308981238 .functor BUFZ 1, C4<z>; HiZ drive
v0x55556300b670_0 .net "RESETB", 0 0, o0x7da308981238;  0 drivers
o0x7da308981268 .functor BUFZ 1, C4<z>; HiZ drive
v0x55556300b240_0 .net "SCLK", 0 0, o0x7da308981268;  0 drivers
o0x7da308981298 .functor BUFZ 1, C4<z>; HiZ drive
v0x55556300b300_0 .net "SDI", 0 0, o0x7da308981298;  0 drivers
o0x7da3089812c8 .functor BUFZ 1, C4<z>; HiZ drive
v0x55556300ae80_0 .net "SDO", 0 0, o0x7da3089812c8;  0 drivers
S_0x555562fc62b0 .scope module, "SB_PLL40_2F_PAD" "SB_PLL40_2F_PAD" 2 2556;
 .timescale -12 -12;
    .port_info 0 /INPUT 1 "PACKAGEPIN";
    .port_info 1 /OUTPUT 1 "PLLOUTCOREA";
    .port_info 2 /OUTPUT 1 "PLLOUTGLOBALA";
    .port_info 3 /OUTPUT 1 "PLLOUTCOREB";
    .port_info 4 /OUTPUT 1 "PLLOUTGLOBALB";
    .port_info 5 /INPUT 1 "EXTFEEDBACK";
    .port_info 6 /INPUT 8 "DYNAMICDELAY";
    .port_info 7 /OUTPUT 1 "LOCK";
    .port_info 8 /INPUT 1 "BYPASS";
    .port_info 9 /INPUT 1 "RESETB";
    .port_info 10 /INPUT 1 "LATCHINPUTVALUE";
    .port_info 11 /OUTPUT 1 "SDO";
    .port_info 12 /INPUT 1 "SDI";
    .port_info 13 /INPUT 1 "SCLK";
P_0x555562cfae10 .param/str "DELAY_ADJUSTMENT_MODE_FEEDBACK" 0 2 2573, "FIXED";
P_0x555562cfae50 .param/str "DELAY_ADJUSTMENT_MODE_RELATIVE" 0 2 2574, "FIXED";
P_0x555562cfae90 .param/l "DIVF" 0 2 2581, C4<0000000>;
P_0x555562cfaed0 .param/l "DIVQ" 0 2 2582, C4<000>;
P_0x555562cfaf10 .param/l "DIVR" 0 2 2580, C4<0000>;
P_0x555562cfaf50 .param/l "ENABLE_ICEGATE_PORTA" 0 2 2584, C4<0>;
P_0x555562cfaf90 .param/l "ENABLE_ICEGATE_PORTB" 0 2 2585, C4<0>;
P_0x555562cfafd0 .param/l "EXTERNAL_DIVIDE_FACTOR" 0 2 2587, +C4<00000000000000000000000000000001>;
P_0x555562cfb010 .param/l "FDA_FEEDBACK" 0 2 2576, C4<0000>;
P_0x555562cfb050 .param/l "FDA_RELATIVE" 0 2 2577, C4<0000>;
P_0x555562cfb090 .param/str "FEEDBACK_PATH" 0 2 2572, "SIMPLE";
P_0x555562cfb0d0 .param/l "FILTER_RANGE" 0 2 2583, C4<000>;
P_0x555562cfb110 .param/str "PLLOUT_SELECT_PORTA" 0 2 2578, "GENCLK";
P_0x555562cfb150 .param/str "PLLOUT_SELECT_PORTB" 0 2 2579, "GENCLK";
P_0x555562cfb190 .param/l "SHIFTREG_DIV_MODE" 0 2 2575, C4<00>;
P_0x555562cfb1d0 .param/l "TEST_MODE" 0 2 2586, C4<0>;
o0x7da308981598 .functor BUFZ 1, C4<z>; HiZ drive
v0x55556300aac0_0 .net "BYPASS", 0 0, o0x7da308981598;  0 drivers
o0x7da3089815c8 .functor BUFZ 8, C4<zzzzzzzz>; HiZ drive
v0x55556300aba0_0 .net "DYNAMICDELAY", 7 0, o0x7da3089815c8;  0 drivers
o0x7da3089815f8 .functor BUFZ 1, C4<z>; HiZ drive
v0x55556300a730_0 .net "EXTFEEDBACK", 0 0, o0x7da3089815f8;  0 drivers
o0x7da308981628 .functor BUFZ 1, C4<z>; HiZ drive
v0x55556300a7d0_0 .net "LATCHINPUTVALUE", 0 0, o0x7da308981628;  0 drivers
o0x7da308981658 .functor BUFZ 1, C4<z>; HiZ drive
v0x55556300f800_0 .net "LOCK", 0 0, o0x7da308981658;  0 drivers
o0x7da308981688 .functor BUFZ 1, C4<z>; HiZ drive
v0x55556300f8c0_0 .net "PACKAGEPIN", 0 0, o0x7da308981688;  0 drivers
o0x7da3089816b8 .functor BUFZ 1, C4<z>; HiZ drive
v0x55556300e7e0_0 .net "PLLOUTCOREA", 0 0, o0x7da3089816b8;  0 drivers
o0x7da3089816e8 .functor BUFZ 1, C4<z>; HiZ drive
v0x55556300e880_0 .net "PLLOUTCOREB", 0 0, o0x7da3089816e8;  0 drivers
o0x7da308981718 .functor BUFZ 1, C4<z>; HiZ drive
v0x55556300d7f0_0 .net "PLLOUTGLOBALA", 0 0, o0x7da308981718;  0 drivers
o0x7da308981748 .functor BUFZ 1, C4<z>; HiZ drive
v0x55556300d8b0_0 .net "PLLOUTGLOBALB", 0 0, o0x7da308981748;  0 drivers
o0x7da308981778 .functor BUFZ 1, C4<z>; HiZ drive
v0x55556300c800_0 .net "RESETB", 0 0, o0x7da308981778;  0 drivers
o0x7da3089817a8 .functor BUFZ 1, C4<z>; HiZ drive
v0x55556300c8a0_0 .net "SCLK", 0 0, o0x7da3089817a8;  0 drivers
o0x7da3089817d8 .functor BUFZ 1, C4<z>; HiZ drive
v0x55556300c440_0 .net "SDI", 0 0, o0x7da3089817d8;  0 drivers
o0x7da308981808 .functor BUFZ 1, C4<z>; HiZ drive
v0x55556300c500_0 .net "SDO", 0 0, o0x7da308981808;  0 drivers
S_0x555562fc2b30 .scope module, "SB_PLL40_2_PAD" "SB_PLL40_2_PAD" 2 2487;
 .timescale -12 -12;
    .port_info 0 /INPUT 1 "PACKAGEPIN";
    .port_info 1 /OUTPUT 1 "PLLOUTCOREA";
    .port_info 2 /OUTPUT 1 "PLLOUTGLOBALA";
    .port_info 3 /OUTPUT 1 "PLLOUTCOREB";
    .port_info 4 /OUTPUT 1 "PLLOUTGLOBALB";
    .port_info 5 /INPUT 1 "EXTFEEDBACK";
    .port_info 6 /INPUT 8 "DYNAMICDELAY";
    .port_info 7 /OUTPUT 1 "LOCK";
    .port_info 8 /INPUT 1 "BYPASS";
    .port_info 9 /INPUT 1 "RESETB";
    .port_info 10 /INPUT 1 "LATCHINPUTVALUE";
    .port_info 11 /OUTPUT 1 "SDO";
    .port_info 12 /INPUT 1 "SDI";
    .port_info 13 /INPUT 1 "SCLK";
P_0x555562d06b90 .param/str "DELAY_ADJUSTMENT_MODE_FEEDBACK" 0 2 2504, "FIXED";
P_0x555562d06bd0 .param/str "DELAY_ADJUSTMENT_MODE_RELATIVE" 0 2 2505, "FIXED";
P_0x555562d06c10 .param/l "DIVF" 0 2 2511, C4<0000000>;
P_0x555562d06c50 .param/l "DIVQ" 0 2 2512, C4<000>;
P_0x555562d06c90 .param/l "DIVR" 0 2 2510, C4<0000>;
P_0x555562d06cd0 .param/l "ENABLE_ICEGATE_PORTA" 0 2 2514, C4<0>;
P_0x555562d06d10 .param/l "ENABLE_ICEGATE_PORTB" 0 2 2515, C4<0>;
P_0x555562d06d50 .param/l "EXTERNAL_DIVIDE_FACTOR" 0 2 2517, +C4<00000000000000000000000000000001>;
P_0x555562d06d90 .param/l "FDA_FEEDBACK" 0 2 2507, C4<0000>;
P_0x555562d06dd0 .param/l "FDA_RELATIVE" 0 2 2508, C4<0000>;
P_0x555562d06e10 .param/str "FEEDBACK_PATH" 0 2 2503, "SIMPLE";
P_0x555562d06e50 .param/l "FILTER_RANGE" 0 2 2513, C4<000>;
P_0x555562d06e90 .param/str "PLLOUT_SELECT_PORTB" 0 2 2509, "GENCLK";
P_0x555562d06ed0 .param/l "SHIFTREG_DIV_MODE" 0 2 2506, C4<0>;
P_0x555562d06f10 .param/l "TEST_MODE" 0 2 2516, C4<0>;
o0x7da308981ad8 .functor BUFZ 1, C4<z>; HiZ drive
v0x555563010820_0 .net "BYPASS", 0 0, o0x7da308981ad8;  0 drivers
o0x7da308981b08 .functor BUFZ 8, C4<zzzzzzzz>; HiZ drive
v0x555563010900_0 .net "DYNAMICDELAY", 7 0, o0x7da308981b08;  0 drivers
o0x7da308981b38 .functor BUFZ 1, C4<z>; HiZ drive
v0x555563011f40_0 .net "EXTFEEDBACK", 0 0, o0x7da308981b38;  0 drivers
o0x7da308981b68 .functor BUFZ 1, C4<z>; HiZ drive
v0x555563011fe0_0 .net "LATCHINPUTVALUE", 0 0, o0x7da308981b68;  0 drivers
o0x7da308981b98 .functor BUFZ 1, C4<z>; HiZ drive
v0x555563011bb0_0 .net "LOCK", 0 0, o0x7da308981b98;  0 drivers
o0x7da308981bc8 .functor BUFZ 1, C4<z>; HiZ drive
v0x555563011c70_0 .net "PACKAGEPIN", 0 0, o0x7da308981bc8;  0 drivers
o0x7da308981bf8 .functor BUFZ 1, C4<z>; HiZ drive
v0x555563013830_0 .net "PLLOUTCOREA", 0 0, o0x7da308981bf8;  0 drivers
o0x7da308981c28 .functor BUFZ 1, C4<z>; HiZ drive
v0x5555630138d0_0 .net "PLLOUTCOREB", 0 0, o0x7da308981c28;  0 drivers
o0x7da308981c58 .functor BUFZ 1, C4<z>; HiZ drive
v0x5555630134d0_0 .net "PLLOUTGLOBALA", 0 0, o0x7da308981c58;  0 drivers
o0x7da308981c88 .functor BUFZ 1, C4<z>; HiZ drive
v0x555563013590_0 .net "PLLOUTGLOBALB", 0 0, o0x7da308981c88;  0 drivers
o0x7da308981cb8 .functor BUFZ 1, C4<z>; HiZ drive
v0x555563013170_0 .net "RESETB", 0 0, o0x7da308981cb8;  0 drivers
o0x7da308981ce8 .functor BUFZ 1, C4<z>; HiZ drive
v0x555563013210_0 .net "SCLK", 0 0, o0x7da308981ce8;  0 drivers
o0x7da308981d18 .functor BUFZ 1, C4<z>; HiZ drive
v0x555563012de0_0 .net "SDI", 0 0, o0x7da308981d18;  0 drivers
o0x7da308981d48 .functor BUFZ 1, C4<z>; HiZ drive
v0x555563012ea0_0 .net "SDO", 0 0, o0x7da308981d48;  0 drivers
S_0x555562fe02f0 .scope module, "SB_PLL40_CORE" "SB_PLL40_CORE" 2 2425;
 .timescale -12 -12;
    .port_info 0 /INPUT 1 "REFERENCECLK";
    .port_info 1 /OUTPUT 1 "PLLOUTCORE";
    .port_info 2 /OUTPUT 1 "PLLOUTGLOBAL";
    .port_info 3 /INPUT 1 "EXTFEEDBACK";
    .port_info 4 /INPUT 8 "DYNAMICDELAY";
    .port_info 5 /OUTPUT 1 "LOCK";
    .port_info 6 /INPUT 1 "BYPASS";
    .port_info 7 /INPUT 1 "RESETB";
    .port_info 8 /INPUT 1 "LATCHINPUTVALUE";
    .port_info 9 /OUTPUT 1 "SDO";
    .port_info 10 /INPUT 1 "SDI";
    .port_info 11 /INPUT 1 "SCLK";
P_0x555562d12120 .param/str "DELAY_ADJUSTMENT_MODE_FEEDBACK" 0 2 2440, "FIXED";
P_0x555562d12160 .param/str "DELAY_ADJUSTMENT_MODE_RELATIVE" 0 2 2441, "FIXED";
P_0x555562d121a0 .param/l "DIVF" 0 2 2447, C4<0000000>;
P_0x555562d121e0 .param/l "DIVQ" 0 2 2448, C4<000>;
P_0x555562d12220 .param/l "DIVR" 0 2 2446, C4<0000>;
P_0x555562d12260 .param/l "ENABLE_ICEGATE" 0 2 2450, C4<0>;
P_0x555562d122a0 .param/l "EXTERNAL_DIVIDE_FACTOR" 0 2 2452, +C4<00000000000000000000000000000001>;
P_0x555562d122e0 .param/l "FDA_FEEDBACK" 0 2 2443, C4<0000>;
P_0x555562d12320 .param/l "FDA_RELATIVE" 0 2 2444, C4<0000>;
P_0x555562d12360 .param/str "FEEDBACK_PATH" 0 2 2439, "SIMPLE";
P_0x555562d123a0 .param/l "FILTER_RANGE" 0 2 2449, C4<000>;
P_0x555562d123e0 .param/str "PLLOUT_SELECT" 0 2 2445, "GENCLK";
P_0x555562d12420 .param/l "SHIFTREG_DIV_MODE" 0 2 2442, C4<0>;
P_0x555562d12460 .param/l "TEST_MODE" 0 2 2451, C4<0>;
o0x7da308982018 .functor BUFZ 1, C4<z>; HiZ drive
v0x555563012a20_0 .net "BYPASS", 0 0, o0x7da308982018;  0 drivers
o0x7da308982048 .functor BUFZ 8, C4<zzzzzzzz>; HiZ drive
v0x555563012b00_0 .net "DYNAMICDELAY", 7 0, o0x7da308982048;  0 drivers
o0x7da308982078 .functor BUFZ 1, C4<z>; HiZ drive
v0x555563012660_0 .net "EXTFEEDBACK", 0 0, o0x7da308982078;  0 drivers
o0x7da3089820a8 .functor BUFZ 1, C4<z>; HiZ drive
v0x555563012700_0 .net "LATCHINPUTVALUE", 0 0, o0x7da3089820a8;  0 drivers
o0x7da3089820d8 .functor BUFZ 1, C4<z>; HiZ drive
v0x5555630122d0_0 .net "LOCK", 0 0, o0x7da3089820d8;  0 drivers
o0x7da308982108 .functor BUFZ 1, C4<z>; HiZ drive
v0x555563012390_0 .net "PLLOUTCORE", 0 0, o0x7da308982108;  0 drivers
o0x7da308982138 .functor BUFZ 1, C4<z>; HiZ drive
v0x5555630173a0_0 .net "PLLOUTGLOBAL", 0 0, o0x7da308982138;  0 drivers
o0x7da308982168 .functor BUFZ 1, C4<z>; HiZ drive
v0x555563017440_0 .net "REFERENCECLK", 0 0, o0x7da308982168;  0 drivers
o0x7da308982198 .functor BUFZ 1, C4<z>; HiZ drive
v0x555563016380_0 .net "RESETB", 0 0, o0x7da308982198;  0 drivers
o0x7da3089821c8 .functor BUFZ 1, C4<z>; HiZ drive
v0x555563016440_0 .net "SCLK", 0 0, o0x7da3089821c8;  0 drivers
o0x7da3089821f8 .functor BUFZ 1, C4<z>; HiZ drive
v0x555563015390_0 .net "SDI", 0 0, o0x7da3089821f8;  0 drivers
o0x7da308982228 .functor BUFZ 1, C4<z>; HiZ drive
v0x555563015430_0 .net "SDO", 0 0, o0x7da308982228;  0 drivers
S_0x555562fc5800 .scope module, "SB_PLL40_PAD" "SB_PLL40_PAD" 2 2456;
 .timescale -12 -12;
    .port_info 0 /INPUT 1 "PACKAGEPIN";
    .port_info 1 /OUTPUT 1 "PLLOUTCORE";
    .port_info 2 /OUTPUT 1 "PLLOUTGLOBAL";
    .port_info 3 /INPUT 1 "EXTFEEDBACK";
    .port_info 4 /INPUT 8 "DYNAMICDELAY";
    .port_info 5 /OUTPUT 1 "LOCK";
    .port_info 6 /INPUT 1 "BYPASS";
    .port_info 7 /INPUT 1 "RESETB";
    .port_info 8 /INPUT 1 "LATCHINPUTVALUE";
    .port_info 9 /OUTPUT 1 "SDO";
    .port_info 10 /INPUT 1 "SDI";
    .port_info 11 /INPUT 1 "SCLK";
P_0x555562c6e000 .param/str "DELAY_ADJUSTMENT_MODE_FEEDBACK" 0 2 2471, "FIXED";
P_0x555562c6e040 .param/str "DELAY_ADJUSTMENT_MODE_RELATIVE" 0 2 2472, "FIXED";
P_0x555562c6e080 .param/l "DIVF" 0 2 2478, C4<0000000>;
P_0x555562c6e0c0 .param/l "DIVQ" 0 2 2479, C4<000>;
P_0x555562c6e100 .param/l "DIVR" 0 2 2477, C4<0000>;
P_0x555562c6e140 .param/l "ENABLE_ICEGATE" 0 2 2481, C4<0>;
P_0x555562c6e180 .param/l "EXTERNAL_DIVIDE_FACTOR" 0 2 2483, +C4<00000000000000000000000000000001>;
P_0x555562c6e1c0 .param/l "FDA_FEEDBACK" 0 2 2474, C4<0000>;
P_0x555562c6e200 .param/l "FDA_RELATIVE" 0 2 2475, C4<0000>;
P_0x555562c6e240 .param/str "FEEDBACK_PATH" 0 2 2470, "SIMPLE";
P_0x555562c6e280 .param/l "FILTER_RANGE" 0 2 2480, C4<000>;
P_0x555562c6e2c0 .param/str "PLLOUT_SELECT" 0 2 2476, "GENCLK";
P_0x555562c6e300 .param/l "SHIFTREG_DIV_MODE" 0 2 2473, C4<0>;
P_0x555562c6e340 .param/l "TEST_MODE" 0 2 2482, C4<0>;
o0x7da308982498 .functor BUFZ 1, C4<z>; HiZ drive
v0x555563014fd0_0 .net "BYPASS", 0 0, o0x7da308982498;  0 drivers
o0x7da3089824c8 .functor BUFZ 8, C4<zzzzzzzz>; HiZ drive
v0x555563015090_0 .net "DYNAMICDELAY", 7 0, o0x7da3089824c8;  0 drivers
o0x7da3089824f8 .functor BUFZ 1, C4<z>; HiZ drive
v0x5555630143a0_0 .net "EXTFEEDBACK", 0 0, o0x7da3089824f8;  0 drivers
o0x7da308982528 .functor BUFZ 1, C4<z>; HiZ drive
v0x555563014440_0 .net "LATCHINPUTVALUE", 0 0, o0x7da308982528;  0 drivers
o0x7da308982558 .functor BUFZ 1, C4<z>; HiZ drive
v0x555563013fe0_0 .net "LOCK", 0 0, o0x7da308982558;  0 drivers
o0x7da308982588 .functor BUFZ 1, C4<z>; HiZ drive
v0x5555630140a0_0 .net "PACKAGEPIN", 0 0, o0x7da308982588;  0 drivers
o0x7da3089825b8 .functor BUFZ 1, C4<z>; HiZ drive
v0x5555630183c0_0 .net "PLLOUTCORE", 0 0, o0x7da3089825b8;  0 drivers
o0x7da3089825e8 .functor BUFZ 1, C4<z>; HiZ drive
v0x555563018460_0 .net "PLLOUTGLOBAL", 0 0, o0x7da3089825e8;  0 drivers
o0x7da308982618 .functor BUFZ 1, C4<z>; HiZ drive
v0x555562ff31e0_0 .net "RESETB", 0 0, o0x7da308982618;  0 drivers
o0x7da308982648 .functor BUFZ 1, C4<z>; HiZ drive
v0x555562ff32a0_0 .net "SCLK", 0 0, o0x7da308982648;  0 drivers
o0x7da308982678 .functor BUFZ 1, C4<z>; HiZ drive
v0x555562ff2e80_0 .net "SDI", 0 0, o0x7da308982678;  0 drivers
o0x7da3089826a8 .functor BUFZ 1, C4<z>; HiZ drive
v0x555562ff2f20_0 .net "SDO", 0 0, o0x7da3089826a8;  0 drivers
S_0x555562fdf8a0 .scope module, "SB_RAM40_4KNR" "SB_RAM40_4KNR" 2 1726;
 .timescale -12 -12;
    .port_info 0 /OUTPUT 16 "RDATA";
    .port_info 1 /INPUT 1 "RCLKN";
    .port_info 2 /INPUT 1 "RCLKE";
    .port_info 3 /INPUT 1 "RE";
    .port_info 4 /INPUT 11 "RADDR";
    .port_info 5 /INPUT 1 "WCLK";
    .port_info 6 /INPUT 1 "WCLKE";
    .port_info 7 /INPUT 1 "WE";
    .port_info 8 /INPUT 11 "WADDR";
    .port_info 9 /INPUT 16 "MASK";
    .port_info 10 /INPUT 16 "WDATA";
P_0x555562dc3480 .param/l "INIT_0" 0 2 1742, C4<0000000000000000000000000000000000000000000000000000000000000000000000000000000000000000000000000000000000000000000000000000000000000000000000000000000000000000000000000000000000000000000000000000000000000000000000000000000000000000000000000000000000000000>;
P_0x555562dc34c0 .param/l "INIT_1" 0 2 1743, C4<0000000000000000000000000000000000000000000000000000000000000000000000000000000000000000000000000000000000000000000000000000000000000000000000000000000000000000000000000000000000000000000000000000000000000000000000000000000000000000000000000000000000000000>;
P_0x555562dc3500 .param/l "INIT_2" 0 2 1744, C4<0000000000000000000000000000000000000000000000000000000000000000000000000000000000000000000000000000000000000000000000000000000000000000000000000000000000000000000000000000000000000000000000000000000000000000000000000000000000000000000000000000000000000000>;
P_0x555562dc3540 .param/l "INIT_3" 0 2 1745, C4<0000000000000000000000000000000000000000000000000000000000000000000000000000000000000000000000000000000000000000000000000000000000000000000000000000000000000000000000000000000000000000000000000000000000000000000000000000000000000000000000000000000000000000>;
P_0x555562dc3580 .param/l "INIT_4" 0 2 1746, C4<0000000000000000000000000000000000000000000000000000000000000000000000000000000000000000000000000000000000000000000000000000000000000000000000000000000000000000000000000000000000000000000000000000000000000000000000000000000000000000000000000000000000000000>;
P_0x555562dc35c0 .param/l "INIT_5" 0 2 1747, C4<0000000000000000000000000000000000000000000000000000000000000000000000000000000000000000000000000000000000000000000000000000000000000000000000000000000000000000000000000000000000000000000000000000000000000000000000000000000000000000000000000000000000000000>;
P_0x555562dc3600 .param/l "INIT_6" 0 2 1748, C4<0000000000000000000000000000000000000000000000000000000000000000000000000000000000000000000000000000000000000000000000000000000000000000000000000000000000000000000000000000000000000000000000000000000000000000000000000000000000000000000000000000000000000000>;
P_0x555562dc3640 .param/l "INIT_7" 0 2 1749, C4<0000000000000000000000000000000000000000000000000000000000000000000000000000000000000000000000000000000000000000000000000000000000000000000000000000000000000000000000000000000000000000000000000000000000000000000000000000000000000000000000000000000000000000>;
P_0x555562dc3680 .param/l "INIT_8" 0 2 1750, C4<0000000000000000000000000000000000000000000000000000000000000000000000000000000000000000000000000000000000000000000000000000000000000000000000000000000000000000000000000000000000000000000000000000000000000000000000000000000000000000000000000000000000000000>;
P_0x555562dc36c0 .param/l "INIT_9" 0 2 1751, C4<0000000000000000000000000000000000000000000000000000000000000000000000000000000000000000000000000000000000000000000000000000000000000000000000000000000000000000000000000000000000000000000000000000000000000000000000000000000000000000000000000000000000000000>;
P_0x555562dc3700 .param/l "INIT_A" 0 2 1752, C4<0000000000000000000000000000000000000000000000000000000000000000000000000000000000000000000000000000000000000000000000000000000000000000000000000000000000000000000000000000000000000000000000000000000000000000000000000000000000000000000000000000000000000000>;
P_0x555562dc3740 .param/l "INIT_B" 0 2 1753, C4<0000000000000000000000000000000000000000000000000000000000000000000000000000000000000000000000000000000000000000000000000000000000000000000000000000000000000000000000000000000000000000000000000000000000000000000000000000000000000000000000000000000000000000>;
P_0x555562dc3780 .param/l "INIT_C" 0 2 1754, C4<0000000000000000000000000000000000000000000000000000000000000000000000000000000000000000000000000000000000000000000000000000000000000000000000000000000000000000000000000000000000000000000000000000000000000000000000000000000000000000000000000000000000000000>;
P_0x555562dc37c0 .param/l "INIT_D" 0 2 1755, C4<0000000000000000000000000000000000000000000000000000000000000000000000000000000000000000000000000000000000000000000000000000000000000000000000000000000000000000000000000000000000000000000000000000000000000000000000000000000000000000000000000000000000000000>;
P_0x555562dc3800 .param/l "INIT_E" 0 2 1756, C4<0000000000000000000000000000000000000000000000000000000000000000000000000000000000000000000000000000000000000000000000000000000000000000000000000000000000000000000000000000000000000000000000000000000000000000000000000000000000000000000000000000000000000000>;
P_0x555562dc3840 .param/l "INIT_F" 0 2 1757, C4<0000000000000000000000000000000000000000000000000000000000000000000000000000000000000000000000000000000000000000000000000000000000000000000000000000000000000000000000000000000000000000000000000000000000000000000000000000000000000000000000000000000000000000>;
P_0x555562dc3880 .param/str "INIT_FILE" 0 2 1759, "\000";
P_0x555562dc38c0 .param/l "READ_MODE" 0 2 1740, +C4<00000000000000000000000000000000>;
P_0x555562dc3900 .param/l "WRITE_MODE" 0 2 1739, +C4<00000000000000000000000000000000>;
o0x7da308982e28 .functor BUFZ 1, C4<z>; HiZ drive
L_0x5555630ac970 .functor NOT 1, o0x7da308982e28, C4<0>, C4<0>, C4<0>;
o0x7da308982918 .functor BUFZ 16, C4<zzzzzzzzzzzzzzzz>; HiZ drive
v0x555562ff68c0_0 .net "MASK", 15 0, o0x7da308982918;  0 drivers
o0x7da308982948 .functor BUFZ 11, C4<zzzzzzzzzzz>; HiZ drive
v0x555562ff6980_0 .net "RADDR", 10 0, o0x7da308982948;  0 drivers
o0x7da3089829a8 .functor BUFZ 1, C4<z>; HiZ drive
v0x555562ffc240_0 .net "RCLKE", 0 0, o0x7da3089829a8;  0 drivers
v0x555562ffc2e0_0 .net "RCLKN", 0 0, o0x7da308982e28;  0 drivers
v0x555562ffbe80_0 .net "RDATA", 15 0, L_0x5555630ac8b0;  1 drivers
o0x7da308982a38 .functor BUFZ 1, C4<z>; HiZ drive
v0x555562ffbf20_0 .net "RE", 0 0, o0x7da308982a38;  0 drivers
o0x7da308982a98 .functor BUFZ 11, C4<zzzzzzzzzzz>; HiZ drive
v0x555562ffc600_0 .net "WADDR", 10 0, o0x7da308982a98;  0 drivers
o0x7da308982ac8 .functor BUFZ 1, C4<z>; HiZ drive
v0x555562ffc6d0_0 .net "WCLK", 0 0, o0x7da308982ac8;  0 drivers
o0x7da308982af8 .functor BUFZ 1, C4<z>; HiZ drive
v0x555562ffd570_0 .net "WCLKE", 0 0, o0x7da308982af8;  0 drivers
o0x7da308982b28 .functor BUFZ 16, C4<zzzzzzzzzzzzzzzz>; HiZ drive
v0x555562ffd640_0 .net "WDATA", 15 0, o0x7da308982b28;  0 drivers
o0x7da308982b88 .functor BUFZ 1, C4<z>; HiZ drive
v0x555562ffd1b0_0 .net "WE", 0 0, o0x7da308982b88;  0 drivers
S_0x555562ff2b20 .scope module, "RAM" "SB_RAM40_4K" 2 1781, 2 1487 0, S_0x555562fdf8a0;
 .timescale -12 -12;
    .port_info 0 /OUTPUT 16 "RDATA";
    .port_info 1 /INPUT 1 "RCLK";
    .port_info 2 /INPUT 1 "RCLKE";
    .port_info 3 /INPUT 1 "RE";
    .port_info 4 /INPUT 11 "RADDR";
    .port_info 5 /INPUT 1 "WCLK";
    .port_info 6 /INPUT 1 "WCLKE";
    .port_info 7 /INPUT 1 "WE";
    .port_info 8 /INPUT 11 "WADDR";
    .port_info 9 /INPUT 16 "MASK";
    .port_info 10 /INPUT 16 "WDATA";
P_0x555562d8c150 .param/l "INIT_0" 0 2 1507, C4<0000000000000000000000000000000000000000000000000000000000000000000000000000000000000000000000000000000000000000000000000000000000000000000000000000000000000000000000000000000000000000000000000000000000000000000000000000000000000000000000000000000000000000>;
P_0x555562d8c190 .param/l "INIT_1" 0 2 1508, C4<0000000000000000000000000000000000000000000000000000000000000000000000000000000000000000000000000000000000000000000000000000000000000000000000000000000000000000000000000000000000000000000000000000000000000000000000000000000000000000000000000000000000000000>;
P_0x555562d8c1d0 .param/l "INIT_2" 0 2 1509, C4<0000000000000000000000000000000000000000000000000000000000000000000000000000000000000000000000000000000000000000000000000000000000000000000000000000000000000000000000000000000000000000000000000000000000000000000000000000000000000000000000000000000000000000>;
P_0x555562d8c210 .param/l "INIT_3" 0 2 1510, C4<0000000000000000000000000000000000000000000000000000000000000000000000000000000000000000000000000000000000000000000000000000000000000000000000000000000000000000000000000000000000000000000000000000000000000000000000000000000000000000000000000000000000000000>;
P_0x555562d8c250 .param/l "INIT_4" 0 2 1511, C4<0000000000000000000000000000000000000000000000000000000000000000000000000000000000000000000000000000000000000000000000000000000000000000000000000000000000000000000000000000000000000000000000000000000000000000000000000000000000000000000000000000000000000000>;
P_0x555562d8c290 .param/l "INIT_5" 0 2 1512, C4<0000000000000000000000000000000000000000000000000000000000000000000000000000000000000000000000000000000000000000000000000000000000000000000000000000000000000000000000000000000000000000000000000000000000000000000000000000000000000000000000000000000000000000>;
P_0x555562d8c2d0 .param/l "INIT_6" 0 2 1513, C4<0000000000000000000000000000000000000000000000000000000000000000000000000000000000000000000000000000000000000000000000000000000000000000000000000000000000000000000000000000000000000000000000000000000000000000000000000000000000000000000000000000000000000000>;
P_0x555562d8c310 .param/l "INIT_7" 0 2 1514, C4<0000000000000000000000000000000000000000000000000000000000000000000000000000000000000000000000000000000000000000000000000000000000000000000000000000000000000000000000000000000000000000000000000000000000000000000000000000000000000000000000000000000000000000>;
P_0x555562d8c350 .param/l "INIT_8" 0 2 1515, C4<0000000000000000000000000000000000000000000000000000000000000000000000000000000000000000000000000000000000000000000000000000000000000000000000000000000000000000000000000000000000000000000000000000000000000000000000000000000000000000000000000000000000000000>;
P_0x555562d8c390 .param/l "INIT_9" 0 2 1516, C4<0000000000000000000000000000000000000000000000000000000000000000000000000000000000000000000000000000000000000000000000000000000000000000000000000000000000000000000000000000000000000000000000000000000000000000000000000000000000000000000000000000000000000000>;
P_0x555562d8c3d0 .param/l "INIT_A" 0 2 1517, C4<0000000000000000000000000000000000000000000000000000000000000000000000000000000000000000000000000000000000000000000000000000000000000000000000000000000000000000000000000000000000000000000000000000000000000000000000000000000000000000000000000000000000000000>;
P_0x555562d8c410 .param/l "INIT_B" 0 2 1518, C4<0000000000000000000000000000000000000000000000000000000000000000000000000000000000000000000000000000000000000000000000000000000000000000000000000000000000000000000000000000000000000000000000000000000000000000000000000000000000000000000000000000000000000000>;
P_0x555562d8c450 .param/l "INIT_C" 0 2 1519, C4<0000000000000000000000000000000000000000000000000000000000000000000000000000000000000000000000000000000000000000000000000000000000000000000000000000000000000000000000000000000000000000000000000000000000000000000000000000000000000000000000000000000000000000>;
P_0x555562d8c490 .param/l "INIT_D" 0 2 1520, C4<0000000000000000000000000000000000000000000000000000000000000000000000000000000000000000000000000000000000000000000000000000000000000000000000000000000000000000000000000000000000000000000000000000000000000000000000000000000000000000000000000000000000000000>;
P_0x555562d8c4d0 .param/l "INIT_E" 0 2 1521, C4<0000000000000000000000000000000000000000000000000000000000000000000000000000000000000000000000000000000000000000000000000000000000000000000000000000000000000000000000000000000000000000000000000000000000000000000000000000000000000000000000000000000000000000>;
P_0x555562d8c510 .param/l "INIT_F" 0 2 1522, C4<0000000000000000000000000000000000000000000000000000000000000000000000000000000000000000000000000000000000000000000000000000000000000000000000000000000000000000000000000000000000000000000000000000000000000000000000000000000000000000000000000000000000000000>;
P_0x555562d8c550 .param/str "INIT_FILE" 0 2 1524, "\000";
P_0x555562d8c590 .param/l "READ_MODE" 0 2 1505, +C4<00000000000000000000000000000000>;
P_0x555562d8c5d0 .param/l "WRITE_MODE" 0 2 1504, +C4<00000000000000000000000000000000>;
v0x555562ffa700_0 .net "MASK", 15 0, o0x7da308982918;  alias, 0 drivers
v0x555562ffa800_0 .net "RADDR", 10 0, o0x7da308982948;  alias, 0 drivers
v0x555562ff44f0_0 .net "RCLK", 0 0, L_0x5555630ac970;  1 drivers
v0x555562ff45b0_0 .net "RCLKE", 0 0, o0x7da3089829a8;  alias, 0 drivers
v0x555562ff4130_0 .net "RDATA", 15 0, L_0x5555630ac8b0;  alias, 1 drivers
v0x555562ff39b0_0 .var "RDATA_I", 15 0;
v0x555562ff3a90_0 .net "RE", 0 0, o0x7da308982a38;  alias, 0 drivers
L_0x7da30892db10 .functor BUFT 1, C4<0000000000000000>, C4<0>, C4<0>, C4<0>;
v0x555562ff48b0_0 .net "RMASK_I", 15 0, L_0x7da30892db10;  1 drivers
v0x555562ff4990_0 .net "WADDR", 10 0, o0x7da308982a98;  alias, 0 drivers
v0x555562ff35f0_0 .net "WCLK", 0 0, o0x7da308982ac8;  alias, 0 drivers
v0x555562ff3690_0 .net "WCLKE", 0 0, o0x7da308982af8;  alias, 0 drivers
v0x555562ff5820_0 .net "WDATA", 15 0, o0x7da308982b28;  alias, 0 drivers
v0x555562ff5900_0 .net "WDATA_I", 15 0, L_0x5555630ac7f0;  1 drivers
v0x555562ff5460_0 .net "WE", 0 0, o0x7da308982b88;  alias, 0 drivers
v0x555562ff5500_0 .net "WMASK_I", 15 0, L_0x5555630ac730;  1 drivers
v0x555562ff50a0_0 .var/i "i", 31 0;
v0x555562ff5160 .array "memory", 255 0, 15 0;
E_0x555562ff2920 .event posedge, v0x555562ff44f0_0;
E_0x555562ff0520 .event posedge, v0x555562ff35f0_0;
S_0x555562ff9660 .scope generate, "genblk1" "genblk1" 2 1534, 2 1534 0, S_0x555562ff2b20;
 .timescale -12 -12;
L_0x5555630ac730 .functor BUFZ 16, o0x7da308982918, C4<0000000000000000>, C4<0000000000000000>, C4<0000000000000000>;
S_0x555562ff92a0 .scope generate, "genblk2" "genblk2" 2 1555, 2 1555 0, S_0x555562ff2b20;
 .timescale -12 -12;
S_0x555562ff8ee0 .scope generate, "genblk3" "genblk3" 2 1576, 2 1576 0, S_0x555562ff2b20;
 .timescale -12 -12;
L_0x5555630ac7f0 .functor BUFZ 16, o0x7da308982b28, C4<0000000000000000>, C4<0000000000000000>, C4<0000000000000000>;
S_0x555562ff8b20 .scope generate, "genblk4" "genblk4" 2 1595, 2 1595 0, S_0x555562ff2b20;
 .timescale -12 -12;
L_0x5555630ac8b0 .functor BUFZ 16, v0x555562ff39b0_0, C4<0000000000000000>, C4<0000000000000000>, C4<0000000000000000>;
S_0x555562fdf540 .scope module, "SB_RAM40_4KNRNW" "SB_RAM40_4KNRNW" 2 1998;
 .timescale -12 -12;
    .port_info 0 /OUTPUT 16 "RDATA";
    .port_info 1 /INPUT 1 "RCLKN";
    .port_info 2 /INPUT 1 "RCLKE";
    .port_info 3 /INPUT 1 "RE";
    .port_info 4 /INPUT 11 "RADDR";
    .port_info 5 /INPUT 1 "WCLKN";
    .port_info 6 /INPUT 1 "WCLKE";
    .port_info 7 /INPUT 1 "WE";
    .port_info 8 /INPUT 11 "WADDR";
    .port_info 9 /INPUT 16 "MASK";
    .port_info 10 /INPUT 16 "WDATA";
P_0x555562dc24e0 .param/l "INIT_0" 0 2 2014, C4<0000000000000000000000000000000000000000000000000000000000000000000000000000000000000000000000000000000000000000000000000000000000000000000000000000000000000000000000000000000000000000000000000000000000000000000000000000000000000000000000000000000000000000>;
P_0x555562dc2520 .param/l "INIT_1" 0 2 2015, C4<0000000000000000000000000000000000000000000000000000000000000000000000000000000000000000000000000000000000000000000000000000000000000000000000000000000000000000000000000000000000000000000000000000000000000000000000000000000000000000000000000000000000000000>;
P_0x555562dc2560 .param/l "INIT_2" 0 2 2016, C4<0000000000000000000000000000000000000000000000000000000000000000000000000000000000000000000000000000000000000000000000000000000000000000000000000000000000000000000000000000000000000000000000000000000000000000000000000000000000000000000000000000000000000000>;
P_0x555562dc25a0 .param/l "INIT_3" 0 2 2017, C4<0000000000000000000000000000000000000000000000000000000000000000000000000000000000000000000000000000000000000000000000000000000000000000000000000000000000000000000000000000000000000000000000000000000000000000000000000000000000000000000000000000000000000000>;
P_0x555562dc25e0 .param/l "INIT_4" 0 2 2018, C4<0000000000000000000000000000000000000000000000000000000000000000000000000000000000000000000000000000000000000000000000000000000000000000000000000000000000000000000000000000000000000000000000000000000000000000000000000000000000000000000000000000000000000000>;
P_0x555562dc2620 .param/l "INIT_5" 0 2 2019, C4<0000000000000000000000000000000000000000000000000000000000000000000000000000000000000000000000000000000000000000000000000000000000000000000000000000000000000000000000000000000000000000000000000000000000000000000000000000000000000000000000000000000000000000>;
P_0x555562dc2660 .param/l "INIT_6" 0 2 2020, C4<0000000000000000000000000000000000000000000000000000000000000000000000000000000000000000000000000000000000000000000000000000000000000000000000000000000000000000000000000000000000000000000000000000000000000000000000000000000000000000000000000000000000000000>;
P_0x555562dc26a0 .param/l "INIT_7" 0 2 2021, C4<0000000000000000000000000000000000000000000000000000000000000000000000000000000000000000000000000000000000000000000000000000000000000000000000000000000000000000000000000000000000000000000000000000000000000000000000000000000000000000000000000000000000000000>;
P_0x555562dc26e0 .param/l "INIT_8" 0 2 2022, C4<0000000000000000000000000000000000000000000000000000000000000000000000000000000000000000000000000000000000000000000000000000000000000000000000000000000000000000000000000000000000000000000000000000000000000000000000000000000000000000000000000000000000000000>;
P_0x555562dc2720 .param/l "INIT_9" 0 2 2023, C4<0000000000000000000000000000000000000000000000000000000000000000000000000000000000000000000000000000000000000000000000000000000000000000000000000000000000000000000000000000000000000000000000000000000000000000000000000000000000000000000000000000000000000000>;
P_0x555562dc2760 .param/l "INIT_A" 0 2 2024, C4<0000000000000000000000000000000000000000000000000000000000000000000000000000000000000000000000000000000000000000000000000000000000000000000000000000000000000000000000000000000000000000000000000000000000000000000000000000000000000000000000000000000000000000>;
P_0x555562dc27a0 .param/l "INIT_B" 0 2 2025, C4<0000000000000000000000000000000000000000000000000000000000000000000000000000000000000000000000000000000000000000000000000000000000000000000000000000000000000000000000000000000000000000000000000000000000000000000000000000000000000000000000000000000000000000>;
P_0x555562dc27e0 .param/l "INIT_C" 0 2 2026, C4<0000000000000000000000000000000000000000000000000000000000000000000000000000000000000000000000000000000000000000000000000000000000000000000000000000000000000000000000000000000000000000000000000000000000000000000000000000000000000000000000000000000000000000>;
P_0x555562dc2820 .param/l "INIT_D" 0 2 2027, C4<0000000000000000000000000000000000000000000000000000000000000000000000000000000000000000000000000000000000000000000000000000000000000000000000000000000000000000000000000000000000000000000000000000000000000000000000000000000000000000000000000000000000000000>;
P_0x555562dc2860 .param/l "INIT_E" 0 2 2028, C4<0000000000000000000000000000000000000000000000000000000000000000000000000000000000000000000000000000000000000000000000000000000000000000000000000000000000000000000000000000000000000000000000000000000000000000000000000000000000000000000000000000000000000000>;
P_0x555562dc28a0 .param/l "INIT_F" 0 2 2029, C4<0000000000000000000000000000000000000000000000000000000000000000000000000000000000000000000000000000000000000000000000000000000000000000000000000000000000000000000000000000000000000000000000000000000000000000000000000000000000000000000000000000000000000000>;
P_0x555562dc28e0 .param/str "INIT_FILE" 0 2 2031, "\000";
P_0x555562dc2920 .param/l "READ_MODE" 0 2 2012, +C4<00000000000000000000000000000000>;
P_0x555562dc2960 .param/l "WRITE_MODE" 0 2 2011, +C4<00000000000000000000000000000000>;
o0x7da308983578 .functor BUFZ 1, C4<z>; HiZ drive
L_0x5555630acc20 .functor NOT 1, o0x7da308983578, C4<0>, C4<0>, C4<0>;
o0x7da3089835a8 .functor BUFZ 1, C4<z>; HiZ drive
L_0x5555630acc90 .functor NOT 1, o0x7da3089835a8, C4<0>, C4<0>, C4<0>;
o0x7da308983068 .functor BUFZ 16, C4<zzzzzzzzzzzzzzzz>; HiZ drive
v0x555562f85140_0 .net "MASK", 15 0, o0x7da308983068;  0 drivers
o0x7da308983098 .functor BUFZ 11, C4<zzzzzzzzzzz>; HiZ drive
v0x555562f85220_0 .net "RADDR", 10 0, o0x7da308983098;  0 drivers
o0x7da3089830f8 .functor BUFZ 1, C4<z>; HiZ drive
v0x555562f7f730_0 .net "RCLKE", 0 0, o0x7da3089830f8;  0 drivers
v0x555562f7f800_0 .net "RCLKN", 0 0, o0x7da308983578;  0 drivers
v0x555562f67370_0 .net "RDATA", 15 0, L_0x5555630acb60;  1 drivers
o0x7da308983188 .functor BUFZ 1, C4<z>; HiZ drive
v0x555562f67410_0 .net "RE", 0 0, o0x7da308983188;  0 drivers
o0x7da3089831e8 .functor BUFZ 11, C4<zzzzzzzzzzz>; HiZ drive
v0x555562f66f80_0 .net "WADDR", 10 0, o0x7da3089831e8;  0 drivers
o0x7da308983248 .functor BUFZ 1, C4<z>; HiZ drive
v0x555562f67050_0 .net "WCLKE", 0 0, o0x7da308983248;  0 drivers
v0x555562f64080_0 .net "WCLKN", 0 0, o0x7da3089835a8;  0 drivers
o0x7da308983278 .functor BUFZ 16, C4<zzzzzzzzzzzzzzzz>; HiZ drive
v0x555562f64120_0 .net "WDATA", 15 0, o0x7da308983278;  0 drivers
o0x7da3089832d8 .functor BUFZ 1, C4<z>; HiZ drive
v0x555562f63c90_0 .net "WE", 0 0, o0x7da3089832d8;  0 drivers
S_0x555562ffcdf0 .scope module, "RAM" "SB_RAM40_4K" 2 2053, 2 1487 0, S_0x555562fdf540;
 .timescale -12 -12;
    .port_info 0 /OUTPUT 16 "RDATA";
    .port_info 1 /INPUT 1 "RCLK";
    .port_info 2 /INPUT 1 "RCLKE";
    .port_info 3 /INPUT 1 "RE";
    .port_info 4 /INPUT 11 "RADDR";
    .port_info 5 /INPUT 1 "WCLK";
    .port_info 6 /INPUT 1 "WCLKE";
    .port_info 7 /INPUT 1 "WE";
    .port_info 8 /INPUT 11 "WADDR";
    .port_info 9 /INPUT 16 "MASK";
    .port_info 10 /INPUT 16 "WDATA";
P_0x555562d893d0 .param/l "INIT_0" 0 2 1507, C4<0000000000000000000000000000000000000000000000000000000000000000000000000000000000000000000000000000000000000000000000000000000000000000000000000000000000000000000000000000000000000000000000000000000000000000000000000000000000000000000000000000000000000000>;
P_0x555562d89410 .param/l "INIT_1" 0 2 1508, C4<0000000000000000000000000000000000000000000000000000000000000000000000000000000000000000000000000000000000000000000000000000000000000000000000000000000000000000000000000000000000000000000000000000000000000000000000000000000000000000000000000000000000000000>;
P_0x555562d89450 .param/l "INIT_2" 0 2 1509, C4<0000000000000000000000000000000000000000000000000000000000000000000000000000000000000000000000000000000000000000000000000000000000000000000000000000000000000000000000000000000000000000000000000000000000000000000000000000000000000000000000000000000000000000>;
P_0x555562d89490 .param/l "INIT_3" 0 2 1510, C4<0000000000000000000000000000000000000000000000000000000000000000000000000000000000000000000000000000000000000000000000000000000000000000000000000000000000000000000000000000000000000000000000000000000000000000000000000000000000000000000000000000000000000000>;
P_0x555562d894d0 .param/l "INIT_4" 0 2 1511, C4<0000000000000000000000000000000000000000000000000000000000000000000000000000000000000000000000000000000000000000000000000000000000000000000000000000000000000000000000000000000000000000000000000000000000000000000000000000000000000000000000000000000000000000>;
P_0x555562d89510 .param/l "INIT_5" 0 2 1512, C4<0000000000000000000000000000000000000000000000000000000000000000000000000000000000000000000000000000000000000000000000000000000000000000000000000000000000000000000000000000000000000000000000000000000000000000000000000000000000000000000000000000000000000000>;
P_0x555562d89550 .param/l "INIT_6" 0 2 1513, C4<0000000000000000000000000000000000000000000000000000000000000000000000000000000000000000000000000000000000000000000000000000000000000000000000000000000000000000000000000000000000000000000000000000000000000000000000000000000000000000000000000000000000000000>;
P_0x555562d89590 .param/l "INIT_7" 0 2 1514, C4<0000000000000000000000000000000000000000000000000000000000000000000000000000000000000000000000000000000000000000000000000000000000000000000000000000000000000000000000000000000000000000000000000000000000000000000000000000000000000000000000000000000000000000>;
P_0x555562d895d0 .param/l "INIT_8" 0 2 1515, C4<0000000000000000000000000000000000000000000000000000000000000000000000000000000000000000000000000000000000000000000000000000000000000000000000000000000000000000000000000000000000000000000000000000000000000000000000000000000000000000000000000000000000000000>;
P_0x555562d89610 .param/l "INIT_9" 0 2 1516, C4<0000000000000000000000000000000000000000000000000000000000000000000000000000000000000000000000000000000000000000000000000000000000000000000000000000000000000000000000000000000000000000000000000000000000000000000000000000000000000000000000000000000000000000>;
P_0x555562d89650 .param/l "INIT_A" 0 2 1517, C4<0000000000000000000000000000000000000000000000000000000000000000000000000000000000000000000000000000000000000000000000000000000000000000000000000000000000000000000000000000000000000000000000000000000000000000000000000000000000000000000000000000000000000000>;
P_0x555562d89690 .param/l "INIT_B" 0 2 1518, C4<0000000000000000000000000000000000000000000000000000000000000000000000000000000000000000000000000000000000000000000000000000000000000000000000000000000000000000000000000000000000000000000000000000000000000000000000000000000000000000000000000000000000000000>;
P_0x555562d896d0 .param/l "INIT_C" 0 2 1519, C4<0000000000000000000000000000000000000000000000000000000000000000000000000000000000000000000000000000000000000000000000000000000000000000000000000000000000000000000000000000000000000000000000000000000000000000000000000000000000000000000000000000000000000000>;
P_0x555562d89710 .param/l "INIT_D" 0 2 1520, C4<0000000000000000000000000000000000000000000000000000000000000000000000000000000000000000000000000000000000000000000000000000000000000000000000000000000000000000000000000000000000000000000000000000000000000000000000000000000000000000000000000000000000000000>;
P_0x555562d89750 .param/l "INIT_E" 0 2 1521, C4<0000000000000000000000000000000000000000000000000000000000000000000000000000000000000000000000000000000000000000000000000000000000000000000000000000000000000000000000000000000000000000000000000000000000000000000000000000000000000000000000000000000000000000>;
P_0x555562d89790 .param/l "INIT_F" 0 2 1522, C4<0000000000000000000000000000000000000000000000000000000000000000000000000000000000000000000000000000000000000000000000000000000000000000000000000000000000000000000000000000000000000000000000000000000000000000000000000000000000000000000000000000000000000000>;
P_0x555562d897d0 .param/str "INIT_FILE" 0 2 1524, "\000";
P_0x555562d89810 .param/l "READ_MODE" 0 2 1505, +C4<00000000000000000000000000000000>;
P_0x555562d89850 .param/l "WRITE_MODE" 0 2 1504, +C4<00000000000000000000000000000000>;
v0x55556301d890_0 .net "MASK", 15 0, o0x7da308983068;  alias, 0 drivers
v0x55556301d970_0 .net "RADDR", 10 0, o0x7da308983098;  alias, 0 drivers
v0x55556302ec40_0 .net "RCLK", 0 0, L_0x5555630acc20;  1 drivers
v0x55556302ece0_0 .net "RCLKE", 0 0, o0x7da3089830f8;  alias, 0 drivers
v0x55556302e880_0 .net "RDATA", 15 0, L_0x5555630acb60;  alias, 1 drivers
v0x555562fae870_0 .var "RDATA_I", 15 0;
v0x555562fae950_0 .net "RE", 0 0, o0x7da308983188;  alias, 0 drivers
L_0x7da30892db58 .functor BUFT 1, C4<0000000000000000>, C4<0>, C4<0>, C4<0>;
v0x555562fae480_0 .net "RMASK_I", 15 0, L_0x7da30892db58;  1 drivers
v0x555562fae560_0 .net "WADDR", 10 0, o0x7da3089831e8;  alias, 0 drivers
v0x555562f9ca50_0 .net "WCLK", 0 0, L_0x5555630acc90;  1 drivers
v0x555562f9cb10_0 .net "WCLKE", 0 0, o0x7da308983248;  alias, 0 drivers
v0x555562f9c660_0 .net "WDATA", 15 0, o0x7da308983278;  alias, 0 drivers
v0x555562f9c720_0 .net "WDATA_I", 15 0, L_0x5555630acaa0;  1 drivers
v0x555562f8aef0_0 .net "WE", 0 0, o0x7da3089832d8;  alias, 0 drivers
v0x555562f8afb0_0 .net "WMASK_I", 15 0, L_0x5555630ac9e0;  1 drivers
v0x555562f8ab00_0 .var/i "i", 31 0;
v0x555562f8abe0 .array "memory", 255 0, 15 0;
E_0x555562ff08b0 .event posedge, v0x55556302ec40_0;
E_0x555562ff1750 .event posedge, v0x555562f9ca50_0;
S_0x55556301c400 .scope generate, "genblk1" "genblk1" 2 1534, 2 1534 0, S_0x555562ffcdf0;
 .timescale -12 -12;
L_0x5555630ac9e0 .functor BUFZ 16, o0x7da308983068, C4<0000000000000000>, C4<0000000000000000>, C4<0000000000000000>;
S_0x55556301e8a0 .scope generate, "genblk2" "genblk2" 2 1555, 2 1555 0, S_0x555562ffcdf0;
 .timescale -12 -12;
S_0x55556301ecf0 .scope generate, "genblk3" "genblk3" 2 1576, 2 1576 0, S_0x555562ffcdf0;
 .timescale -12 -12;
L_0x5555630acaa0 .functor BUFZ 16, o0x7da308983278, C4<0000000000000000>, C4<0000000000000000>, C4<0000000000000000>;
S_0x55556301d440 .scope generate, "genblk4" "genblk4" 2 1595, 2 1595 0, S_0x555562ffcdf0;
 .timescale -12 -12;
L_0x5555630acb60 .functor BUFZ 16, v0x555562fae870_0, C4<0000000000000000>, C4<0000000000000000>, C4<0000000000000000>;
S_0x555562fdf1b0 .scope module, "SB_RAM40_4KNW" "SB_RAM40_4KNW" 2 1862;
 .timescale -12 -12;
    .port_info 0 /OUTPUT 16 "RDATA";
    .port_info 1 /INPUT 1 "RCLK";
    .port_info 2 /INPUT 1 "RCLKE";
    .port_info 3 /INPUT 1 "RE";
    .port_info 4 /INPUT 11 "RADDR";
    .port_info 5 /INPUT 1 "WCLKN";
    .port_info 6 /INPUT 1 "WCLKE";
    .port_info 7 /INPUT 1 "WE";
    .port_info 8 /INPUT 11 "WADDR";
    .port_info 9 /INPUT 16 "MASK";
    .port_info 10 /INPUT 16 "WDATA";
P_0x555562dc5b70 .param/l "INIT_0" 0 2 1878, C4<0000000000000000000000000000000000000000000000000000000000000000000000000000000000000000000000000000000000000000000000000000000000000000000000000000000000000000000000000000000000000000000000000000000000000000000000000000000000000000000000000000000000000000>;
P_0x555562dc5bb0 .param/l "INIT_1" 0 2 1879, C4<0000000000000000000000000000000000000000000000000000000000000000000000000000000000000000000000000000000000000000000000000000000000000000000000000000000000000000000000000000000000000000000000000000000000000000000000000000000000000000000000000000000000000000>;
P_0x555562dc5bf0 .param/l "INIT_2" 0 2 1880, C4<0000000000000000000000000000000000000000000000000000000000000000000000000000000000000000000000000000000000000000000000000000000000000000000000000000000000000000000000000000000000000000000000000000000000000000000000000000000000000000000000000000000000000000>;
P_0x555562dc5c30 .param/l "INIT_3" 0 2 1881, C4<0000000000000000000000000000000000000000000000000000000000000000000000000000000000000000000000000000000000000000000000000000000000000000000000000000000000000000000000000000000000000000000000000000000000000000000000000000000000000000000000000000000000000000>;
P_0x555562dc5c70 .param/l "INIT_4" 0 2 1882, C4<0000000000000000000000000000000000000000000000000000000000000000000000000000000000000000000000000000000000000000000000000000000000000000000000000000000000000000000000000000000000000000000000000000000000000000000000000000000000000000000000000000000000000000>;
P_0x555562dc5cb0 .param/l "INIT_5" 0 2 1883, C4<0000000000000000000000000000000000000000000000000000000000000000000000000000000000000000000000000000000000000000000000000000000000000000000000000000000000000000000000000000000000000000000000000000000000000000000000000000000000000000000000000000000000000000>;
P_0x555562dc5cf0 .param/l "INIT_6" 0 2 1884, C4<0000000000000000000000000000000000000000000000000000000000000000000000000000000000000000000000000000000000000000000000000000000000000000000000000000000000000000000000000000000000000000000000000000000000000000000000000000000000000000000000000000000000000000>;
P_0x555562dc5d30 .param/l "INIT_7" 0 2 1885, C4<0000000000000000000000000000000000000000000000000000000000000000000000000000000000000000000000000000000000000000000000000000000000000000000000000000000000000000000000000000000000000000000000000000000000000000000000000000000000000000000000000000000000000000>;
P_0x555562dc5d70 .param/l "INIT_8" 0 2 1886, C4<0000000000000000000000000000000000000000000000000000000000000000000000000000000000000000000000000000000000000000000000000000000000000000000000000000000000000000000000000000000000000000000000000000000000000000000000000000000000000000000000000000000000000000>;
P_0x555562dc5db0 .param/l "INIT_9" 0 2 1887, C4<0000000000000000000000000000000000000000000000000000000000000000000000000000000000000000000000000000000000000000000000000000000000000000000000000000000000000000000000000000000000000000000000000000000000000000000000000000000000000000000000000000000000000000>;
P_0x555562dc5df0 .param/l "INIT_A" 0 2 1888, C4<0000000000000000000000000000000000000000000000000000000000000000000000000000000000000000000000000000000000000000000000000000000000000000000000000000000000000000000000000000000000000000000000000000000000000000000000000000000000000000000000000000000000000000>;
P_0x555562dc5e30 .param/l "INIT_B" 0 2 1889, C4<0000000000000000000000000000000000000000000000000000000000000000000000000000000000000000000000000000000000000000000000000000000000000000000000000000000000000000000000000000000000000000000000000000000000000000000000000000000000000000000000000000000000000000>;
P_0x555562dc5e70 .param/l "INIT_C" 0 2 1890, C4<0000000000000000000000000000000000000000000000000000000000000000000000000000000000000000000000000000000000000000000000000000000000000000000000000000000000000000000000000000000000000000000000000000000000000000000000000000000000000000000000000000000000000000>;
P_0x555562dc5eb0 .param/l "INIT_D" 0 2 1891, C4<0000000000000000000000000000000000000000000000000000000000000000000000000000000000000000000000000000000000000000000000000000000000000000000000000000000000000000000000000000000000000000000000000000000000000000000000000000000000000000000000000000000000000000>;
P_0x555562dc5ef0 .param/l "INIT_E" 0 2 1892, C4<0000000000000000000000000000000000000000000000000000000000000000000000000000000000000000000000000000000000000000000000000000000000000000000000000000000000000000000000000000000000000000000000000000000000000000000000000000000000000000000000000000000000000000>;
P_0x555562dc5f30 .param/l "INIT_F" 0 2 1893, C4<0000000000000000000000000000000000000000000000000000000000000000000000000000000000000000000000000000000000000000000000000000000000000000000000000000000000000000000000000000000000000000000000000000000000000000000000000000000000000000000000000000000000000000>;
P_0x555562dc5f70 .param/str "INIT_FILE" 0 2 1895, "\000";
P_0x555562dc5fb0 .param/l "READ_MODE" 0 2 1876, +C4<00000000000000000000000000000000>;
P_0x555562dc5ff0 .param/l "WRITE_MODE" 0 2 1875, +C4<00000000000000000000000000000000>;
o0x7da308983cf8 .functor BUFZ 1, C4<z>; HiZ drive
L_0x5555630acf40 .functor NOT 1, o0x7da308983cf8, C4<0>, C4<0>, C4<0>;
o0x7da3089837e8 .functor BUFZ 16, C4<zzzzzzzzzzzzzzzz>; HiZ drive
v0x55556303a6a0_0 .net "MASK", 15 0, o0x7da3089837e8;  0 drivers
o0x7da308983818 .functor BUFZ 11, C4<zzzzzzzzzzz>; HiZ drive
v0x55556303a780_0 .net "RADDR", 10 0, o0x7da308983818;  0 drivers
o0x7da308983848 .functor BUFZ 1, C4<z>; HiZ drive
v0x555563023600_0 .net "RCLK", 0 0, o0x7da308983848;  0 drivers
o0x7da308983878 .functor BUFZ 1, C4<z>; HiZ drive
v0x5555630236d0_0 .net "RCLKE", 0 0, o0x7da308983878;  0 drivers
v0x55556302ff90_0 .net "RDATA", 15 0, L_0x5555630ace80;  1 drivers
o0x7da308983908 .functor BUFZ 1, C4<z>; HiZ drive
v0x555563030030_0 .net "RE", 0 0, o0x7da308983908;  0 drivers
o0x7da308983968 .functor BUFZ 11, C4<zzzzzzzzzzz>; HiZ drive
v0x555562fe5370_0 .net "WADDR", 10 0, o0x7da308983968;  0 drivers
o0x7da3089839c8 .functor BUFZ 1, C4<z>; HiZ drive
v0x555562fe5440_0 .net "WCLKE", 0 0, o0x7da3089839c8;  0 drivers
v0x555563025270_0 .net "WCLKN", 0 0, o0x7da308983cf8;  0 drivers
o0x7da3089839f8 .functor BUFZ 16, C4<zzzzzzzzzzzzzzzz>; HiZ drive
v0x555563025310_0 .net "WDATA", 15 0, o0x7da3089839f8;  0 drivers
o0x7da308983a58 .functor BUFZ 1, C4<z>; HiZ drive
v0x555562fe3ba0_0 .net "WE", 0 0, o0x7da308983a58;  0 drivers
S_0x555562f5e010 .scope module, "RAM" "SB_RAM40_4K" 2 1917, 2 1487 0, S_0x555562fdf1b0;
 .timescale -12 -12;
    .port_info 0 /OUTPUT 16 "RDATA";
    .port_info 1 /INPUT 1 "RCLK";
    .port_info 2 /INPUT 1 "RCLKE";
    .port_info 3 /INPUT 1 "RE";
    .port_info 4 /INPUT 11 "RADDR";
    .port_info 5 /INPUT 1 "WCLK";
    .port_info 6 /INPUT 1 "WCLKE";
    .port_info 7 /INPUT 1 "WE";
    .port_info 8 /INPUT 11 "WADDR";
    .port_info 9 /INPUT 16 "MASK";
    .port_info 10 /INPUT 16 "WDATA";
P_0x555562dc1c00 .param/l "INIT_0" 0 2 1507, C4<0000000000000000000000000000000000000000000000000000000000000000000000000000000000000000000000000000000000000000000000000000000000000000000000000000000000000000000000000000000000000000000000000000000000000000000000000000000000000000000000000000000000000000>;
P_0x555562dc1c40 .param/l "INIT_1" 0 2 1508, C4<0000000000000000000000000000000000000000000000000000000000000000000000000000000000000000000000000000000000000000000000000000000000000000000000000000000000000000000000000000000000000000000000000000000000000000000000000000000000000000000000000000000000000000>;
P_0x555562dc1c80 .param/l "INIT_2" 0 2 1509, C4<0000000000000000000000000000000000000000000000000000000000000000000000000000000000000000000000000000000000000000000000000000000000000000000000000000000000000000000000000000000000000000000000000000000000000000000000000000000000000000000000000000000000000000>;
P_0x555562dc1cc0 .param/l "INIT_3" 0 2 1510, C4<0000000000000000000000000000000000000000000000000000000000000000000000000000000000000000000000000000000000000000000000000000000000000000000000000000000000000000000000000000000000000000000000000000000000000000000000000000000000000000000000000000000000000000>;
P_0x555562dc1d00 .param/l "INIT_4" 0 2 1511, C4<0000000000000000000000000000000000000000000000000000000000000000000000000000000000000000000000000000000000000000000000000000000000000000000000000000000000000000000000000000000000000000000000000000000000000000000000000000000000000000000000000000000000000000>;
P_0x555562dc1d40 .param/l "INIT_5" 0 2 1512, C4<0000000000000000000000000000000000000000000000000000000000000000000000000000000000000000000000000000000000000000000000000000000000000000000000000000000000000000000000000000000000000000000000000000000000000000000000000000000000000000000000000000000000000000>;
P_0x555562dc1d80 .param/l "INIT_6" 0 2 1513, C4<0000000000000000000000000000000000000000000000000000000000000000000000000000000000000000000000000000000000000000000000000000000000000000000000000000000000000000000000000000000000000000000000000000000000000000000000000000000000000000000000000000000000000000>;
P_0x555562dc1dc0 .param/l "INIT_7" 0 2 1514, C4<0000000000000000000000000000000000000000000000000000000000000000000000000000000000000000000000000000000000000000000000000000000000000000000000000000000000000000000000000000000000000000000000000000000000000000000000000000000000000000000000000000000000000000>;
P_0x555562dc1e00 .param/l "INIT_8" 0 2 1515, C4<0000000000000000000000000000000000000000000000000000000000000000000000000000000000000000000000000000000000000000000000000000000000000000000000000000000000000000000000000000000000000000000000000000000000000000000000000000000000000000000000000000000000000000>;
P_0x555562dc1e40 .param/l "INIT_9" 0 2 1516, C4<0000000000000000000000000000000000000000000000000000000000000000000000000000000000000000000000000000000000000000000000000000000000000000000000000000000000000000000000000000000000000000000000000000000000000000000000000000000000000000000000000000000000000000>;
P_0x555562dc1e80 .param/l "INIT_A" 0 2 1517, C4<0000000000000000000000000000000000000000000000000000000000000000000000000000000000000000000000000000000000000000000000000000000000000000000000000000000000000000000000000000000000000000000000000000000000000000000000000000000000000000000000000000000000000000>;
P_0x555562dc1ec0 .param/l "INIT_B" 0 2 1518, C4<0000000000000000000000000000000000000000000000000000000000000000000000000000000000000000000000000000000000000000000000000000000000000000000000000000000000000000000000000000000000000000000000000000000000000000000000000000000000000000000000000000000000000000>;
P_0x555562dc1f00 .param/l "INIT_C" 0 2 1519, C4<0000000000000000000000000000000000000000000000000000000000000000000000000000000000000000000000000000000000000000000000000000000000000000000000000000000000000000000000000000000000000000000000000000000000000000000000000000000000000000000000000000000000000000>;
P_0x555562dc1f40 .param/l "INIT_D" 0 2 1520, C4<0000000000000000000000000000000000000000000000000000000000000000000000000000000000000000000000000000000000000000000000000000000000000000000000000000000000000000000000000000000000000000000000000000000000000000000000000000000000000000000000000000000000000000>;
P_0x555562dc1f80 .param/l "INIT_E" 0 2 1521, C4<0000000000000000000000000000000000000000000000000000000000000000000000000000000000000000000000000000000000000000000000000000000000000000000000000000000000000000000000000000000000000000000000000000000000000000000000000000000000000000000000000000000000000000>;
P_0x555562dc1fc0 .param/l "INIT_F" 0 2 1522, C4<0000000000000000000000000000000000000000000000000000000000000000000000000000000000000000000000000000000000000000000000000000000000000000000000000000000000000000000000000000000000000000000000000000000000000000000000000000000000000000000000000000000000000000>;
P_0x555562dc2000 .param/str "INIT_FILE" 0 2 1524, "\000";
P_0x555562dc2040 .param/l "READ_MODE" 0 2 1505, +C4<00000000000000000000000000000000>;
P_0x555562dc2080 .param/l "WRITE_MODE" 0 2 1504, +C4<00000000000000000000000000000000>;
v0x55556302add0_0 .net "MASK", 15 0, o0x7da3089837e8;  alias, 0 drivers
v0x555562fed900_0 .net "RADDR", 10 0, o0x7da308983818;  alias, 0 drivers
v0x555562fed9a0_0 .net "RCLK", 0 0, o0x7da308983848;  alias, 0 drivers
v0x555562feb950_0 .net "RCLKE", 0 0, o0x7da308983878;  alias, 0 drivers
v0x555562feb9f0_0 .net "RDATA", 15 0, L_0x5555630ace80;  alias, 1 drivers
v0x555563024620_0 .var "RDATA_I", 15 0;
v0x5555630246e0_0 .net "RE", 0 0, o0x7da308983908;  alias, 0 drivers
L_0x7da30892dba0 .functor BUFT 1, C4<0000000000000000>, C4<0>, C4<0>, C4<0>;
v0x555563032340_0 .net "RMASK_I", 15 0, L_0x7da30892dba0;  1 drivers
v0x555563032420_0 .net "WADDR", 10 0, o0x7da308983968;  alias, 0 drivers
v0x55556302dc10_0 .net "WCLK", 0 0, L_0x5555630acf40;  1 drivers
v0x55556302dcd0_0 .net "WCLKE", 0 0, o0x7da3089839c8;  alias, 0 drivers
v0x55556303c680_0 .net "WDATA", 15 0, o0x7da3089839f8;  alias, 0 drivers
v0x55556303c760_0 .net "WDATA_I", 15 0, L_0x5555630acdc0;  1 drivers
v0x55556303b690_0 .net "WE", 0 0, o0x7da308983a58;  alias, 0 drivers
v0x55556303b750_0 .net "WMASK_I", 15 0, L_0x5555630acd00;  1 drivers
v0x555562fe1d30_0 .var/i "i", 31 0;
v0x555562fe1e10 .array "memory", 255 0, 15 0;
E_0x555562ff1b10 .event posedge, v0x555562fed9a0_0;
E_0x555562ff1ed0 .event posedge, v0x55556302dc10_0;
S_0x555562fe76e0 .scope generate, "genblk1" "genblk1" 2 1534, 2 1534 0, S_0x555562f5e010;
 .timescale -12 -12;
L_0x5555630acd00 .functor BUFZ 16, o0x7da3089837e8, C4<0000000000000000>, C4<0000000000000000>, C4<0000000000000000>;
S_0x555563025e10 .scope generate, "genblk2" "genblk2" 2 1555, 2 1555 0, S_0x555562f5e010;
 .timescale -12 -12;
S_0x55556303d670 .scope generate, "genblk3" "genblk3" 2 1576, 2 1576 0, S_0x555562f5e010;
 .timescale -12 -12;
L_0x5555630acdc0 .functor BUFZ 16, o0x7da3089839f8, C4<0000000000000000>, C4<0000000000000000>, C4<0000000000000000>;
S_0x55556302d070 .scope generate, "genblk4" "genblk4" 2 1595, 2 1595 0, S_0x555562f5e010;
 .timescale -12 -12;
L_0x5555630ace80 .functor BUFZ 16, v0x555563024620_0, C4<0000000000000000>, C4<0000000000000000>, C4<0000000000000000>;
S_0x555562fdee50 .scope module, "SB_RGBA_DRV" "SB_RGBA_DRV" 2 2692;
 .timescale -12 -12;
    .port_info 0 /INPUT 1 "CURREN";
    .port_info 1 /INPUT 1 "RGBLEDEN";
    .port_info 2 /INPUT 1 "RGB0PWM";
    .port_info 3 /INPUT 1 "RGB1PWM";
    .port_info 4 /INPUT 1 "RGB2PWM";
    .port_info 5 /OUTPUT 1 "RGB0";
    .port_info 6 /OUTPUT 1 "RGB1";
    .port_info 7 /OUTPUT 1 "RGB2";
P_0x555562fe64d0 .param/str "CURRENT_MODE" 0 2 2702, "0b0";
P_0x555562fe6510 .param/str "RGB0_CURRENT" 0 2 2703, "0b000000";
P_0x555562fe6550 .param/str "RGB1_CURRENT" 0 2 2704, "0b000000";
P_0x555562fe6590 .param/str "RGB2_CURRENT" 0 2 2705, "0b000000";
o0x7da308983f38 .functor BUFZ 1, C4<z>; HiZ drive
v0x555563029540_0 .net "CURREN", 0 0, o0x7da308983f38;  0 drivers
o0x7da308983f68 .functor BUFZ 1, C4<z>; HiZ drive
v0x555563029600_0 .net "RGB0", 0 0, o0x7da308983f68;  0 drivers
o0x7da308983f98 .functor BUFZ 1, C4<z>; HiZ drive
v0x55556302a120_0 .net "RGB0PWM", 0 0, o0x7da308983f98;  0 drivers
o0x7da308983fc8 .functor BUFZ 1, C4<z>; HiZ drive
v0x55556302a1c0_0 .net "RGB1", 0 0, o0x7da308983fc8;  0 drivers
o0x7da308983ff8 .functor BUFZ 1, C4<z>; HiZ drive
v0x5555630215c0_0 .net "RGB1PWM", 0 0, o0x7da308983ff8;  0 drivers
o0x7da308984028 .functor BUFZ 1, C4<z>; HiZ drive
v0x555563021680_0 .net "RGB2", 0 0, o0x7da308984028;  0 drivers
o0x7da308984058 .functor BUFZ 1, C4<z>; HiZ drive
v0x5555630225e0_0 .net "RGB2PWM", 0 0, o0x7da308984058;  0 drivers
o0x7da308984088 .functor BUFZ 1, C4<z>; HiZ drive
v0x5555630226a0_0 .net "RGBLEDEN", 0 0, o0x7da308984088;  0 drivers
S_0x555562fdeac0 .scope module, "SB_RGB_DRV" "SB_RGB_DRV" 2 2716;
 .timescale -12 -12;
    .port_info 0 /INPUT 1 "RGBLEDEN";
    .port_info 1 /INPUT 1 "RGB0PWM";
    .port_info 2 /INPUT 1 "RGB1PWM";
    .port_info 3 /INPUT 1 "RGB2PWM";
    .port_info 4 /INPUT 1 "RGBPU";
    .port_info 5 /OUTPUT 1 "RGB0";
    .port_info 6 /OUTPUT 1 "RGB1";
    .port_info 7 /OUTPUT 1 "RGB2";
P_0x5555630278a0 .param/str "CURRENT_MODE" 0 2 2726, "0b0";
P_0x5555630278e0 .param/str "RGB0_CURRENT" 0 2 2727, "0b000000";
P_0x555563027920 .param/str "RGB1_CURRENT" 0 2 2728, "0b000000";
P_0x555563027960 .param/str "RGB2_CURRENT" 0 2 2729, "0b000000";
o0x7da308984238 .functor BUFZ 1, C4<z>; HiZ drive
v0x555563031760_0 .net "RGB0", 0 0, o0x7da308984238;  0 drivers
o0x7da308984268 .functor BUFZ 1, C4<z>; HiZ drive
v0x555563031840_0 .net "RGB0PWM", 0 0, o0x7da308984268;  0 drivers
o0x7da308984298 .functor BUFZ 1, C4<z>; HiZ drive
v0x55556302c490_0 .net "RGB1", 0 0, o0x7da308984298;  0 drivers
o0x7da3089842c8 .functor BUFZ 1, C4<z>; HiZ drive
v0x55556302c550_0 .net "RGB1PWM", 0 0, o0x7da3089842c8;  0 drivers
o0x7da3089842f8 .functor BUFZ 1, C4<z>; HiZ drive
v0x555563007fa0_0 .net "RGB2", 0 0, o0x7da3089842f8;  0 drivers
o0x7da308984328 .functor BUFZ 1, C4<z>; HiZ drive
v0x555563008060_0 .net "RGB2PWM", 0 0, o0x7da308984328;  0 drivers
o0x7da308984358 .functor BUFZ 1, C4<z>; HiZ drive
v0x555563006f80_0 .net "RGBLEDEN", 0 0, o0x7da308984358;  0 drivers
o0x7da308984388 .functor BUFZ 1, C4<z>; HiZ drive
v0x555563007040_0 .net "RGBPU", 0 0, o0x7da308984388;  0 drivers
S_0x555562fde730 .scope module, "SB_SPI" "SB_SPI" 2 2776;
 .timescale -12 -12;
    .port_info 0 /INPUT 1 "SBCLKI";
    .port_info 1 /INPUT 1 "SBRWI";
    .port_info 2 /INPUT 1 "SBSTBI";
    .port_info 3 /INPUT 1 "SBADRI7";
    .port_info 4 /INPUT 1 "SBADRI6";
    .port_info 5 /INPUT 1 "SBADRI5";
    .port_info 6 /INPUT 1 "SBADRI4";
    .port_info 7 /INPUT 1 "SBADRI3";
    .port_info 8 /INPUT 1 "SBADRI2";
    .port_info 9 /INPUT 1 "SBADRI1";
    .port_info 10 /INPUT 1 "SBADRI0";
    .port_info 11 /INPUT 1 "SBDATI7";
    .port_info 12 /INPUT 1 "SBDATI6";
    .port_info 13 /INPUT 1 "SBDATI5";
    .port_info 14 /INPUT 1 "SBDATI4";
    .port_info 15 /INPUT 1 "SBDATI3";
    .port_info 16 /INPUT 1 "SBDATI2";
    .port_info 17 /INPUT 1 "SBDATI1";
    .port_info 18 /INPUT 1 "SBDATI0";
    .port_info 19 /INPUT 1 "MI";
    .port_info 20 /INPUT 1 "SI";
    .port_info 21 /INPUT 1 "SCKI";
    .port_info 22 /INPUT 1 "SCSNI";
    .port_info 23 /OUTPUT 1 "SBDATO7";
    .port_info 24 /OUTPUT 1 "SBDATO6";
    .port_info 25 /OUTPUT 1 "SBDATO5";
    .port_info 26 /OUTPUT 1 "SBDATO4";
    .port_info 27 /OUTPUT 1 "SBDATO3";
    .port_info 28 /OUTPUT 1 "SBDATO2";
    .port_info 29 /OUTPUT 1 "SBDATO1";
    .port_info 30 /OUTPUT 1 "SBDATO0";
    .port_info 31 /OUTPUT 1 "SBACKO";
    .port_info 32 /OUTPUT 1 "SPIIRQ";
    .port_info 33 /OUTPUT 1 "SPIWKUP";
    .port_info 34 /OUTPUT 1 "SO";
    .port_info 35 /OUTPUT 1 "SOE";
    .port_info 36 /OUTPUT 1 "MO";
    .port_info 37 /OUTPUT 1 "MOE";
    .port_info 38 /OUTPUT 1 "SCKO";
    .port_info 39 /OUTPUT 1 "SCKOE";
    .port_info 40 /OUTPUT 1 "MCSNO3";
    .port_info 41 /OUTPUT 1 "MCSNO2";
    .port_info 42 /OUTPUT 1 "MCSNO1";
    .port_info 43 /OUTPUT 1 "MCSNO0";
    .port_info 44 /OUTPUT 1 "MCSNOE3";
    .port_info 45 /OUTPUT 1 "MCSNOE2";
    .port_info 46 /OUTPUT 1 "MCSNOE1";
    .port_info 47 /OUTPUT 1 "MCSNOE0";
P_0x555562f83ad0 .param/str "BUS_ADDR74" 0 2 2826, "0b0000";
o0x7da308984538 .functor BUFZ 1, C4<z>; HiZ drive
v0x555563005f90_0 .net "MCSNO0", 0 0, o0x7da308984538;  0 drivers
o0x7da308984568 .functor BUFZ 1, C4<z>; HiZ drive
v0x555563006070_0 .net "MCSNO1", 0 0, o0x7da308984568;  0 drivers
o0x7da308984598 .functor BUFZ 1, C4<z>; HiZ drive
v0x555563004fa0_0 .net "MCSNO2", 0 0, o0x7da308984598;  0 drivers
o0x7da3089845c8 .functor BUFZ 1, C4<z>; HiZ drive
v0x555563005060_0 .net "MCSNO3", 0 0, o0x7da3089845c8;  0 drivers
o0x7da3089845f8 .functor BUFZ 1, C4<z>; HiZ drive
v0x555563008fc0_0 .net "MCSNOE0", 0 0, o0x7da3089845f8;  0 drivers
o0x7da308984628 .functor BUFZ 1, C4<z>; HiZ drive
v0x555563009080_0 .net "MCSNOE1", 0 0, o0x7da308984628;  0 drivers
o0x7da308984658 .functor BUFZ 1, C4<z>; HiZ drive
v0x55556300fb40_0 .net "MCSNOE2", 0 0, o0x7da308984658;  0 drivers
o0x7da308984688 .functor BUFZ 1, C4<z>; HiZ drive
v0x55556300fc00_0 .net "MCSNOE3", 0 0, o0x7da308984688;  0 drivers
o0x7da3089846b8 .functor BUFZ 1, C4<z>; HiZ drive
v0x55556300eb20_0 .net "MI", 0 0, o0x7da3089846b8;  0 drivers
o0x7da3089846e8 .functor BUFZ 1, C4<z>; HiZ drive
v0x55556300ebe0_0 .net "MO", 0 0, o0x7da3089846e8;  0 drivers
o0x7da308984718 .functor BUFZ 1, C4<z>; HiZ drive
v0x55556300db30_0 .net "MOE", 0 0, o0x7da308984718;  0 drivers
o0x7da308984748 .functor BUFZ 1, C4<z>; HiZ drive
v0x55556300dbf0_0 .net "SBACKO", 0 0, o0x7da308984748;  0 drivers
o0x7da308984778 .functor BUFZ 1, C4<z>; HiZ drive
v0x55556300cb40_0 .net "SBADRI0", 0 0, o0x7da308984778;  0 drivers
o0x7da3089847a8 .functor BUFZ 1, C4<z>; HiZ drive
v0x55556300cc00_0 .net "SBADRI1", 0 0, o0x7da3089847a8;  0 drivers
o0x7da3089847d8 .functor BUFZ 1, C4<z>; HiZ drive
v0x555563010b60_0 .net "SBADRI2", 0 0, o0x7da3089847d8;  0 drivers
o0x7da308984808 .functor BUFZ 1, C4<z>; HiZ drive
v0x555563010c20_0 .net "SBADRI3", 0 0, o0x7da308984808;  0 drivers
o0x7da308984838 .functor BUFZ 1, C4<z>; HiZ drive
v0x5555630176e0_0 .net "SBADRI4", 0 0, o0x7da308984838;  0 drivers
o0x7da308984868 .functor BUFZ 1, C4<z>; HiZ drive
v0x5555630166c0_0 .net "SBADRI5", 0 0, o0x7da308984868;  0 drivers
o0x7da308984898 .functor BUFZ 1, C4<z>; HiZ drive
v0x555563016780_0 .net "SBADRI6", 0 0, o0x7da308984898;  0 drivers
o0x7da3089848c8 .functor BUFZ 1, C4<z>; HiZ drive
v0x5555630156d0_0 .net "SBADRI7", 0 0, o0x7da3089848c8;  0 drivers
o0x7da3089848f8 .functor BUFZ 1, C4<z>; HiZ drive
v0x555563015790_0 .net "SBCLKI", 0 0, o0x7da3089848f8;  0 drivers
o0x7da308984928 .functor BUFZ 1, C4<z>; HiZ drive
v0x5555630146e0_0 .net "SBDATI0", 0 0, o0x7da308984928;  0 drivers
o0x7da308984958 .functor BUFZ 1, C4<z>; HiZ drive
v0x5555630147a0_0 .net "SBDATI1", 0 0, o0x7da308984958;  0 drivers
o0x7da308984988 .functor BUFZ 1, C4<z>; HiZ drive
v0x555563018700_0 .net "SBDATI2", 0 0, o0x7da308984988;  0 drivers
o0x7da3089849b8 .functor BUFZ 1, C4<z>; HiZ drive
v0x5555630187c0_0 .net "SBDATI3", 0 0, o0x7da3089849b8;  0 drivers
o0x7da3089849e8 .functor BUFZ 1, C4<z>; HiZ drive
v0x555562fe8da0_0 .net "SBDATI4", 0 0, o0x7da3089849e8;  0 drivers
o0x7da308984a18 .functor BUFZ 1, C4<z>; HiZ drive
v0x555562fe8e60_0 .net "SBDATI5", 0 0, o0x7da308984a18;  0 drivers
o0x7da308984a48 .functor BUFZ 1, C4<z>; HiZ drive
v0x555563034e90_0 .net "SBDATI6", 0 0, o0x7da308984a48;  0 drivers
o0x7da308984a78 .functor BUFZ 1, C4<z>; HiZ drive
v0x555563034f50_0 .net "SBDATI7", 0 0, o0x7da308984a78;  0 drivers
o0x7da308984aa8 .functor BUFZ 1, C4<z>; HiZ drive
v0x555562fe47d0_0 .net "SBDATO0", 0 0, o0x7da308984aa8;  0 drivers
o0x7da308984ad8 .functor BUFZ 1, C4<z>; HiZ drive
v0x555562fe4890_0 .net "SBDATO1", 0 0, o0x7da308984ad8;  0 drivers
o0x7da308984b08 .functor BUFZ 1, C4<z>; HiZ drive
v0x55556303e260_0 .net "SBDATO2", 0 0, o0x7da308984b08;  0 drivers
o0x7da308984b38 .functor BUFZ 1, C4<z>; HiZ drive
v0x55556303e320_0 .net "SBDATO3", 0 0, o0x7da308984b38;  0 drivers
o0x7da308984b68 .functor BUFZ 1, C4<z>; HiZ drive
v0x5555630396b0_0 .net "SBDATO4", 0 0, o0x7da308984b68;  0 drivers
o0x7da308984b98 .functor BUFZ 1, C4<z>; HiZ drive
v0x555563039770_0 .net "SBDATO5", 0 0, o0x7da308984b98;  0 drivers
o0x7da308984bc8 .functor BUFZ 1, C4<z>; HiZ drive
v0x555562fe9970_0 .net "SBDATO6", 0 0, o0x7da308984bc8;  0 drivers
o0x7da308984bf8 .functor BUFZ 1, C4<z>; HiZ drive
v0x555562fe9a30_0 .net "SBDATO7", 0 0, o0x7da308984bf8;  0 drivers
o0x7da308984c28 .functor BUFZ 1, C4<z>; HiZ drive
v0x555563032ee0_0 .net "SBRWI", 0 0, o0x7da308984c28;  0 drivers
o0x7da308984c58 .functor BUFZ 1, C4<z>; HiZ drive
v0x555563032fa0_0 .net "SBSTBI", 0 0, o0x7da308984c58;  0 drivers
o0x7da308984c88 .functor BUFZ 1, C4<z>; HiZ drive
v0x55556302f3e0_0 .net "SCKI", 0 0, o0x7da308984c88;  0 drivers
o0x7da308984cb8 .functor BUFZ 1, C4<z>; HiZ drive
v0x55556302f4a0_0 .net "SCKO", 0 0, o0x7da308984cb8;  0 drivers
o0x7da308984ce8 .functor BUFZ 1, C4<z>; HiZ drive
v0x555562fad840_0 .net "SCKOE", 0 0, o0x7da308984ce8;  0 drivers
o0x7da308984d18 .functor BUFZ 1, C4<z>; HiZ drive
v0x555562fad900_0 .net "SCSNI", 0 0, o0x7da308984d18;  0 drivers
o0x7da308984d48 .functor BUFZ 1, C4<z>; HiZ drive
v0x555562fad460_0 .net "SI", 0 0, o0x7da308984d48;  0 drivers
o0x7da308984d78 .functor BUFZ 1, C4<z>; HiZ drive
v0x555562fad520_0 .net "SO", 0 0, o0x7da308984d78;  0 drivers
o0x7da308984da8 .functor BUFZ 1, C4<z>; HiZ drive
v0x555562f75470_0 .net "SOE", 0 0, o0x7da308984da8;  0 drivers
o0x7da308984dd8 .functor BUFZ 1, C4<z>; HiZ drive
v0x555562f75530_0 .net "SPIIRQ", 0 0, o0x7da308984dd8;  0 drivers
o0x7da308984e08 .functor BUFZ 1, C4<z>; HiZ drive
v0x555562f74af0_0 .net "SPIWKUP", 0 0, o0x7da308984e08;  0 drivers
S_0x555562fde040 .scope module, "SB_SPRAM256KA" "SB_SPRAM256KA" 2 2600;
 .timescale -12 -12;
    .port_info 0 /INPUT 14 "ADDRESS";
    .port_info 1 /INPUT 16 "DATAIN";
    .port_info 2 /INPUT 4 "MASKWREN";
    .port_info 3 /INPUT 1 "WREN";
    .port_info 4 /INPUT 1 "CHIPSELECT";
    .port_info 5 /INPUT 1 "CLOCK";
    .port_info 6 /INPUT 1 "STANDBY";
    .port_info 7 /INPUT 1 "SLEEP";
    .port_info 8 /INPUT 1 "POWEROFF";
    .port_info 9 /OUTPUT 16 "DATAOUT";
o0x7da308985888 .functor BUFZ 1, C4<z>; HiZ drive
L_0x5555630ad050 .functor OR 1, o0x7da308985888, L_0x5555630acfb0, C4<0>, C4<0>;
o0x7da308985738 .functor BUFZ 14, C4<zzzzzzzzzzzzzz>; HiZ drive
v0x555562f74bb0_0 .net "ADDRESS", 13 0, o0x7da308985738;  0 drivers
o0x7da308985768 .functor BUFZ 1, C4<z>; HiZ drive
v0x555562f6fe30_0 .net "CHIPSELECT", 0 0, o0x7da308985768;  0 drivers
o0x7da308985798 .functor BUFZ 1, C4<z>; HiZ drive
v0x555562f6fef0_0 .net "CLOCK", 0 0, o0x7da308985798;  0 drivers
o0x7da3089857c8 .functor BUFZ 16, C4<zzzzzzzzzzzzzzzz>; HiZ drive
v0x555562f6f0b0_0 .net "DATAIN", 15 0, o0x7da3089857c8;  0 drivers
v0x555562f6f190_0 .var "DATAOUT", 15 0;
o0x7da308985828 .functor BUFZ 4, C4<zzzz>; HiZ drive
v0x555562f6c4a0_0 .net "MASKWREN", 3 0, o0x7da308985828;  0 drivers
o0x7da308985858 .functor BUFZ 1, C4<z>; HiZ drive
v0x555562f6c560_0 .net "POWEROFF", 0 0, o0x7da308985858;  0 drivers
v0x555562f84bb0_0 .net "SLEEP", 0 0, o0x7da308985888;  0 drivers
o0x7da3089858b8 .functor BUFZ 1, C4<z>; HiZ drive
v0x555562f84c70_0 .net "STANDBY", 0 0, o0x7da3089858b8;  0 drivers
o0x7da3089858e8 .functor BUFZ 1, C4<z>; HiZ drive
v0x555562f804c0_0 .net "WREN", 0 0, o0x7da3089858e8;  0 drivers
v0x555562f80580_0 .net *"_ivl_1", 0 0, L_0x5555630acfb0;  1 drivers
v0x555562f6e330_0 .var/i "i", 31 0;
v0x555562f6e410 .array "mem", 16383 0, 15 0;
v0x555562f7f1a0_0 .net "off", 0 0, L_0x5555630ad050;  1 drivers
E_0x555562ff2260 .event posedge, v0x555562f7f1a0_0, v0x555562f6fef0_0;
E_0x555562ff25c0 .event negedge, v0x555562f6c560_0;
L_0x5555630acfb0 .reduce/nor o0x7da308985858;
S_0x555562fddcb0 .scope module, "SB_WARMBOOT" "SB_WARMBOOT" 2 2593;
 .timescale -12 -12;
    .port_info 0 /INPUT 1 "BOOT";
    .port_info 1 /INPUT 1 "S1";
    .port_info 2 /INPUT 1 "S0";
o0x7da308985b88 .functor BUFZ 1, C4<z>; HiZ drive
v0x555562f79f60_0 .net "BOOT", 0 0, o0x7da308985b88;  0 drivers
o0x7da308985bb8 .functor BUFZ 1, C4<z>; HiZ drive
v0x555562f7a040_0 .net "S0", 0 0, o0x7da308985bb8;  0 drivers
o0x7da308985be8 .functor BUFZ 1, C4<z>; HiZ drive
v0x555562f69640_0 .net "S1", 0 0, o0x7da308985be8;  0 drivers
S_0x555562fc5440 .scope module, "main" "main" 3 6;
 .timescale -12 -12;
    .port_info 0 /INPUT 1 "v8b6dc2";
    .port_info 1 /INPUT 1 "v7688b1";
    .port_info 2 /INPUT 1 "v03f33c";
    .port_info 3 /INPUT 1 "v01fe61";
    .port_info 4 /INPUT 1 "vbe8090";
    .port_info 5 /OUTPUT 1 "vfd8812";
    .port_info 6 /OUTPUT 1 "v20e72f";
    .port_info 7 /OUTPUT 1 "v7a2bc1";
    .port_info 8 /OUTPUT 1 "v1bdc7b";
    .port_info 9 /OUTPUT 1 "vb005a0";
    .port_info 10 /OUTPUT 1 "v6f156b";
    .port_info 11 /OUTPUT 1 "v532a7b";
o0x7da308992ab8 .functor BUFZ 1, C4<z>; HiZ drive
L_0x5555630ad110 .functor BUFZ 1, o0x7da308992ab8, C4<0>, C4<0>, C4<0>;
o0x7da3089928d8 .functor BUFZ 1, C4<z>; HiZ drive
L_0x5555630ad1d0 .functor BUFZ 1, o0x7da3089928d8, C4<0>, C4<0>, C4<0>;
o0x7da308992908 .functor BUFZ 1, C4<z>; HiZ drive
L_0x5555630ad290 .functor BUFZ 1, o0x7da308992908, C4<0>, C4<0>, C4<0>;
o0x7da3089929f8 .functor BUFZ 1, C4<z>; HiZ drive
L_0x5555630ad350 .functor BUFZ 1, o0x7da3089929f8, C4<0>, C4<0>, C4<0>;
L_0x5555630ad440 .functor BUFZ 1, L_0x5555630d0720, C4<0>, C4<0>, C4<0>;
L_0x5555630ad530 .functor BUFZ 1, L_0x5555630d08b0, C4<0>, C4<0>, C4<0>;
o0x7da308992a58 .functor BUFZ 1, C4<z>; HiZ drive
L_0x5555630ad5f0 .functor BUFZ 1, o0x7da308992a58, C4<0>, C4<0>, C4<0>;
L_0x5555630ad6b0 .functor BUFZ 1, o0x7da308992a58, C4<0>, C4<0>, C4<0>;
RS_0x7da308992b18 .resolv tri, L_0x5555630b9920, L_0x5555630b9a20;
L_0x5555630ad810 .functor BUFZ 1, RS_0x7da308992b18, C4<0>, C4<0>, C4<0>;
RS_0x7da308992b48 .resolv tri, L_0x5555630b9f00, L_0x5555630ba410;
L_0x5555630ad880 .functor BUFZ 1, RS_0x7da308992b48, C4<0>, C4<0>, C4<0>;
RS_0x7da308992b78 .resolv tri, L_0x5555630ba910, L_0x5555630baa10;
L_0x5555630ad950 .functor BUFZ 1, RS_0x7da308992b78, C4<0>, C4<0>, C4<0>;
L_0x5555630ada20 .functor BUFZ 1, L_0x5555630ba4f0, C4<0>, C4<0>, C4<0>;
RS_0x7da308992bd8 .resolv tri, L_0x5555630ba720, L_0x5555630ba790, L_0x5555630ba890;
L_0x5555630adb60 .functor BUFZ 1, RS_0x7da308992bd8, C4<0>, C4<0>, C4<0>;
L_0x5555630adc30 .functor BUFZ 1, L_0x5555630c9210, C4<0>, C4<0>, C4<0>;
L_0x5555630adaf0 .functor BUFZ 1, L_0x5555630c9210, C4<0>, C4<0>, C4<0>;
L_0x5555630ade00 .functor BUFZ 1, L_0x5555630adc30, C4<0>, C4<0>, C4<0>;
L_0x5555630adf00 .functor BUFZ 1, L_0x5555630c9450, C4<0>, C4<0>, C4<0>;
L_0x5555630adf70 .functor BUFZ 1, L_0x5555630d09b0, C4<0>, C4<0>, C4<0>;
L_0x5555630ae0d0 .functor BUFZ 1, L_0x5555630d09b0, C4<0>, C4<0>, C4<0>;
L_0x5555630ae190 .functor BUFZ 1, L_0x5555630adf70, C4<0>, C4<0>, C4<0>;
L_0x5555630ae2b0 .functor BUFZ 1, L_0x5555630d09b0, C4<0>, C4<0>, C4<0>;
L_0x5555630ae320 .functor BUFZ 1, L_0x5555630adf70, C4<0>, C4<0>, C4<0>;
RS_0x7da30898ec48 .resolv tri, L_0x5555630ae0d0, L_0x5555630ae190;
L_0x5555630ae4e0 .functor BUFZ 1, RS_0x7da30898ec48, C4<0>, C4<0>, C4<0>;
L_0x5555630ae670 .functor BUFZ 1, L_0x5555630c84b0, C4<0>, C4<0>, C4<0>;
L_0x5555630ae7b0 .functor BUFZ 1, L_0x5555630c84b0, C4<0>, C4<0>, C4<0>;
L_0x5555630ae8b0 .functor BUFZ 1, L_0x5555630ae670, C4<0>, C4<0>, C4<0>;
L_0x5555630aea00 .functor BUFZ 1, L_0x5555630c84b0, C4<0>, C4<0>, C4<0>;
L_0x5555630aea70 .functor BUFZ 1, L_0x5555630ae670, C4<0>, C4<0>, C4<0>;
RS_0x7da30898e498 .resolv tri, L_0x5555630ae7b0, L_0x5555630ae8b0;
L_0x5555630aec60 .functor BUFZ 1, RS_0x7da30898e498, C4<0>, C4<0>, C4<0>;
L_0x5555630aedf0 .functor BUFZ 1, L_0x5555630c84b0, C4<0>, C4<0>, C4<0>;
L_0x5555630aef60 .functor BUFZ 1, L_0x5555630ae670, C4<0>, C4<0>, C4<0>;
L_0x5555630aefd0 .functor BUFZ 1, RS_0x7da30898e498, C4<0>, C4<0>, C4<0>;
RS_0x7da30898cc38 .resolv tri, L_0x5555630aea00, L_0x5555630aea70, L_0x5555630aec60;
L_0x5555630af1e0 .functor BUFZ 1, RS_0x7da30898cc38, C4<0>, C4<0>, C4<0>;
L_0x5555630af250 .functor BUFZ 1, L_0x5555630c84b0, C4<0>, C4<0>, C4<0>;
L_0x5555630af3e0 .functor BUFZ 1, L_0x5555630ae670, C4<0>, C4<0>, C4<0>;
L_0x5555630af450 .functor BUFZ 1, RS_0x7da30898e498, C4<0>, C4<0>, C4<0>;
L_0x5555630af680 .functor BUFZ 1, RS_0x7da30898cc38, C4<0>, C4<0>, C4<0>;
RS_0x7da30898f248 .resolv tri, L_0x5555630aedf0, L_0x5555630aef60, L_0x5555630aefd0, L_0x5555630af1e0;
L_0x5555630af6f0 .functor BUFZ 1, RS_0x7da30898f248, C4<0>, C4<0>, C4<0>;
L_0x5555630af550 .functor BUFZ 1, L_0x5555630c84b0, C4<0>, C4<0>, C4<0>;
L_0x5555630af5c0 .functor BUFZ 1, L_0x5555630ae670, C4<0>, C4<0>, C4<0>;
L_0x5555630af8b0 .functor BUFZ 1, RS_0x7da30898e498, C4<0>, C4<0>, C4<0>;
L_0x5555630af920 .functor BUFZ 1, RS_0x7da30898cc38, C4<0>, C4<0>, C4<0>;
L_0x5555630afaf0 .functor BUFZ 1, RS_0x7da30898f248, C4<0>, C4<0>, C4<0>;
RS_0x7da308985e58 .resolv tri, L_0x5555630af250, L_0x5555630af3e0, L_0x5555630af450, L_0x5555630af680, L_0x5555630af6f0;
L_0x5555630afb60 .functor BUFZ 1, RS_0x7da308985e58, C4<0>, C4<0>, C4<0>;
L_0x5555630afd40 .functor BUFZ 1, L_0x5555630d0a90, C4<0>, C4<0>, C4<0>;
L_0x5555630afdb0 .functor BUFZ 1, L_0x5555630d0a90, C4<0>, C4<0>, C4<0>;
L_0x5555630b0030 .functor BUFZ 1, L_0x5555630afd40, C4<0>, C4<0>, C4<0>;
L_0x5555630b00a0 .functor BUFZ 1, L_0x5555630d0a90, C4<0>, C4<0>, C4<0>;
L_0x5555630b02a0 .functor BUFZ 1, L_0x5555630afd40, C4<0>, C4<0>, C4<0>;
RS_0x7da30898f7b8 .resolv tri, L_0x5555630afdb0, L_0x5555630b0030;
L_0x5555630b03a0 .functor BUFZ 1, RS_0x7da30898f7b8, C4<0>, C4<0>, C4<0>;
L_0x5555630b06d0 .functor BUFZ 1, L_0x5555630d0a90, C4<0>, C4<0>, C4<0>;
L_0x5555630b0740 .functor BUFZ 1, L_0x5555630afd40, C4<0>, C4<0>, C4<0>;
L_0x5555630b0960 .functor BUFZ 1, RS_0x7da30898f7b8, C4<0>, C4<0>, C4<0>;
RS_0x7da308989668 .resolv tri, L_0x5555630b00a0, L_0x5555630b02a0, L_0x5555630b03a0;
L_0x5555630b0a60 .functor BUFZ 1, RS_0x7da308989668, C4<0>, C4<0>, C4<0>;
L_0x5555630b07b0 .functor BUFZ 1, L_0x5555630baa80, C4<0>, C4<0>, C4<0>;
L_0x5555630b0820 .functor BUFZ 1, L_0x5555630c8380, C4<0>, C4<0>, C4<0>;
L_0x5555630b0890 .functor BUFZ 1, L_0x5555630c8380, C4<0>, C4<0>, C4<0>;
L_0x5555630b0d30 .functor BUFZ 1, L_0x5555630b0820, C4<0>, C4<0>, C4<0>;
L_0x5555630b0f80 .functor BUFZ 1, L_0x5555630c8380, C4<0>, C4<0>, C4<0>;
L_0x5555630b0ff0 .functor BUFZ 1, L_0x5555630b0820, C4<0>, C4<0>, C4<0>;
RS_0x7da30898e468 .resolv tri, L_0x5555630b0890, L_0x5555630b0d30;
L_0x5555630b12e0 .functor BUFZ 1, RS_0x7da30898e468, C4<0>, C4<0>, C4<0>;
L_0x5555630b1470 .functor BUFZ 1, L_0x5555630c8380, C4<0>, C4<0>, C4<0>;
L_0x5555630b16e0 .functor BUFZ 1, L_0x5555630b0820, C4<0>, C4<0>, C4<0>;
L_0x5555630b1750 .functor BUFZ 1, RS_0x7da30898e468, C4<0>, C4<0>, C4<0>;
RS_0x7da30898c9c8 .resolv tri, L_0x5555630b0f80, L_0x5555630b0ff0, L_0x5555630b12e0;
L_0x5555630b1a60 .functor BUFZ 1, RS_0x7da30898c9c8, C4<0>, C4<0>, C4<0>;
L_0x5555630b1ad0 .functor BUFZ 1, L_0x5555630c8380, C4<0>, C4<0>, C4<0>;
L_0x5555630b1d60 .functor BUFZ 1, L_0x5555630b0820, C4<0>, C4<0>, C4<0>;
L_0x5555630b1dd0 .functor BUFZ 1, RS_0x7da30898e468, C4<0>, C4<0>, C4<0>;
L_0x5555630b2100 .functor BUFZ 1, RS_0x7da30898c9c8, C4<0>, C4<0>, C4<0>;
RS_0x7da30898c0c8 .resolv tri, L_0x5555630b1470, L_0x5555630b16e0, L_0x5555630b1750, L_0x5555630b1a60;
L_0x5555630b2170 .functor BUFZ 1, RS_0x7da30898c0c8, C4<0>, C4<0>, C4<0>;
L_0x5555630b2420 .functor BUFZ 1, L_0x5555630c8380, C4<0>, C4<0>, C4<0>;
L_0x5555630b2490 .functor BUFZ 1, L_0x5555630b0820, C4<0>, C4<0>, C4<0>;
L_0x5555630b2750 .functor BUFZ 1, RS_0x7da30898e468, C4<0>, C4<0>, C4<0>;
L_0x5555630b27c0 .functor BUFZ 1, RS_0x7da30898c9c8, C4<0>, C4<0>, C4<0>;
L_0x5555630b2a90 .functor BUFZ 1, RS_0x7da30898c0c8, C4<0>, C4<0>, C4<0>;
RS_0x7da308985eb8 .resolv tri, L_0x5555630b1ad0, L_0x5555630b1d60, L_0x5555630b1dd0, L_0x5555630b2100, L_0x5555630b2170;
L_0x5555630b2b00 .functor BUFZ 1, RS_0x7da308985eb8, C4<0>, C4<0>, C4<0>;
L_0x5555630b2de0 .functor BUFZ 1, L_0x5555630d0c80, C4<0>, C4<0>, C4<0>;
L_0x5555630b2e50 .functor BUFZ 1, L_0x5555630d0c80, C4<0>, C4<0>, C4<0>;
L_0x5555630b31d0 .functor BUFZ 1, L_0x5555630b2de0, C4<0>, C4<0>, C4<0>;
L_0x5555630b3240 .functor BUFZ 1, L_0x5555630d0c80, C4<0>, C4<0>, C4<0>;
L_0x5555630b3540 .functor BUFZ 1, L_0x5555630b2de0, C4<0>, C4<0>, C4<0>;
RS_0x7da30898f7e8 .resolv tri, L_0x5555630b2e50, L_0x5555630b31d0;
L_0x5555630b3640 .functor BUFZ 1, RS_0x7da30898f7e8, C4<0>, C4<0>, C4<0>;
L_0x5555630b3a70 .functor BUFZ 1, L_0x5555630d0c80, C4<0>, C4<0>, C4<0>;
L_0x5555630b3ae0 .functor BUFZ 1, L_0x5555630b2de0, C4<0>, C4<0>, C4<0>;
L_0x5555630b3e00 .functor BUFZ 1, RS_0x7da30898f7e8, C4<0>, C4<0>, C4<0>;
RS_0x7da30898f9c8 .resolv tri, L_0x5555630b3240, L_0x5555630b3540, L_0x5555630b3640;
L_0x5555630b3f00 .functor BUFZ 1, RS_0x7da30898f9c8, C4<0>, C4<0>, C4<0>;
L_0x5555630b4230 .functor BUFZ 1, L_0x5555630c82f0, C4<0>, C4<0>, C4<0>;
L_0x5555630b42a0 .functor BUFZ 1, L_0x5555630c82f0, C4<0>, C4<0>, C4<0>;
L_0x5555630b4670 .functor BUFZ 1, L_0x5555630b4230, C4<0>, C4<0>, C4<0>;
L_0x5555630b46e0 .functor BUFZ 1, L_0x5555630c82f0, C4<0>, C4<0>, C4<0>;
L_0x5555630b4a30 .functor BUFZ 1, L_0x5555630b4230, C4<0>, C4<0>, C4<0>;
RS_0x7da30898e408 .resolv tri, L_0x5555630b42a0, L_0x5555630b4670;
L_0x5555630b4b30 .functor BUFZ 1, RS_0x7da30898e408, C4<0>, C4<0>, C4<0>;
L_0x5555630b4fb0 .functor BUFZ 1, L_0x5555630c82f0, C4<0>, C4<0>, C4<0>;
L_0x5555630b5020 .functor BUFZ 1, L_0x5555630b4230, C4<0>, C4<0>, C4<0>;
L_0x5555630b5390 .functor BUFZ 1, RS_0x7da30898e408, C4<0>, C4<0>, C4<0>;
RS_0x7da30898fe48 .resolv tri, L_0x5555630b46e0, L_0x5555630b4a30, L_0x5555630b4b30;
L_0x5555630b5490 .functor BUFZ 1, RS_0x7da30898fe48, C4<0>, C4<0>, C4<0>;
L_0x5555630b5810 .functor BUFZ 1, L_0x5555630c82f0, C4<0>, C4<0>, C4<0>;
L_0x5555630b5880 .functor BUFZ 1, L_0x5555630b4230, C4<0>, C4<0>, C4<0>;
L_0x5555630b5c10 .functor BUFZ 1, RS_0x7da30898e408, C4<0>, C4<0>, C4<0>;
L_0x5555630b5d10 .functor BUFZ 1, RS_0x7da30898fe48, C4<0>, C4<0>, C4<0>;
RS_0x7da30898e648 .resolv tri, L_0x5555630b4fb0, L_0x5555630b5020, L_0x5555630b5390, L_0x5555630b5490;
L_0x5555630b60b0 .functor BUFZ 1, RS_0x7da30898e648, C4<0>, C4<0>, C4<0>;
L_0x5555630b6120 .functor BUFZ 1, L_0x5555630c82f0, C4<0>, C4<0>, C4<0>;
L_0x5555630b64d0 .functor BUFZ 1, L_0x5555630b4230, C4<0>, C4<0>, C4<0>;
L_0x5555630b6540 .functor BUFZ 1, RS_0x7da30898e408, C4<0>, C4<0>, C4<0>;
L_0x5555630b6900 .functor BUFZ 1, RS_0x7da30898fe48, C4<0>, C4<0>, C4<0>;
L_0x5555630b6970 .functor BUFZ 1, RS_0x7da30898e648, C4<0>, C4<0>, C4<0>;
RS_0x7da30898d4d8 .resolv tri, L_0x5555630b5810, L_0x5555630b5880, L_0x5555630b5c10, L_0x5555630b5d10, L_0x5555630b60b0;
L_0x5555630b6d40 .functor BUFZ 1, RS_0x7da30898d4d8, C4<0>, C4<0>, C4<0>;
L_0x5555630b6db0 .functor BUFZ 1, L_0x5555630ad5f0, C4<0>, C4<0>, C4<0>;
L_0x5555630b7190 .functor BUFZ 1, L_0x5555630d08b0, C4<0>, C4<0>, C4<0>;
L_0x5555630b7200 .functor BUFZ 1, L_0x5555630d08b0, C4<0>, C4<0>, C4<0>;
L_0x5555630b7680 .functor BUFZ 1, L_0x5555630b7190, C4<0>, C4<0>, C4<0>;
L_0x5555630b76f0 .functor BUFZ 1, L_0x5555630d08b0, C4<0>, C4<0>, C4<0>;
L_0x5555630b7af0 .functor BUFZ 1, L_0x5555630b7190, C4<0>, C4<0>, C4<0>;
RS_0x7da30898f818 .resolv tri, L_0x5555630b7200, L_0x5555630b7680;
L_0x5555630b7bf0 .functor BUFZ 1, RS_0x7da30898f818, C4<0>, C4<0>, C4<0>;
L_0x5555630b8120 .functor BUFZ 1, L_0x5555630d08b0, C4<0>, C4<0>, C4<0>;
L_0x5555630b8190 .functor BUFZ 1, L_0x5555630b7190, C4<0>, C4<0>, C4<0>;
L_0x5555630b85b0 .functor BUFZ 1, RS_0x7da30898f818, C4<0>, C4<0>, C4<0>;
RS_0x7da308986218 .resolv tri, L_0x5555630b76f0, L_0x5555630b7af0, L_0x5555630b7bf0;
L_0x5555630b86b0 .functor BUFZ 1, RS_0x7da308986218, C4<0>, C4<0>, C4<0>;
L_0x5555630b8ae0 .functor BUFZ 1, L_0x5555630bb530, C4<0>, C4<0>, C4<0>;
L_0x5555630b8b50 .functor BUFZ 1, L_0x5555630bbf20, C4<0>, C4<0>, C4<0>;
L_0x5555630b8f90 .functor BUFZ 1, L_0x5555630bcbd0, C4<0>, C4<0>, C4<0>;
L_0x5555630b9000 .functor BUFZ 1, L_0x5555630ceb60, C4<0>, C4<0>, C4<0>;
L_0x5555630b9450 .functor BUFZ 1, L_0x5555630cb050, C4<0>, C4<0>, C4<0>;
L_0x5555630b94c0 .functor BUFZ 1, L_0x5555630cb620, C4<0>, C4<0>, C4<0>;
L_0x5555630b9920 .functor BUFZ 1, L_0x5555630cb620, C4<0>, C4<0>, C4<0>;
L_0x5555630b9a20 .functor BUFZ 1, L_0x5555630b94c0, C4<0>, C4<0>, C4<0>;
L_0x5555630b9e90 .functor BUFZ 1, L_0x5555630cc2c0, C4<0>, C4<0>, C4<0>;
L_0x5555630b9f00 .functor BUFZ 1, L_0x5555630cc2c0, C4<0>, C4<0>, C4<0>;
L_0x5555630ba410 .functor BUFZ 1, L_0x5555630b9e90, C4<0>, C4<0>, C4<0>;
L_0x5555630ba480 .functor BUFZ 1, L_0x5555630cd070, C4<0>, C4<0>, C4<0>;
L_0x5555630ba910 .functor BUFZ 1, L_0x5555630cd070, C4<0>, C4<0>, C4<0>;
L_0x5555630baa10 .functor BUFZ 1, L_0x5555630ba480, C4<0>, C4<0>, C4<0>;
L_0x5555630ba4f0 .functor BUFZ 1, L_0x5555630cd9c0, C4<0>, C4<0>, C4<0>;
L_0x5555630ba560 .functor BUFZ 1, L_0x5555630cd9c0, C4<0>, C4<0>, C4<0>;
L_0x5555630ba6b0 .functor BUFZ 1, L_0x5555630ba4f0, C4<0>, C4<0>, C4<0>;
L_0x5555630ba720 .functor BUFZ 1, L_0x5555630cd9c0, C4<0>, C4<0>, C4<0>;
L_0x5555630ba790 .functor BUFZ 1, L_0x5555630ba4f0, C4<0>, C4<0>, C4<0>;
RS_0x7da3089870e8 .resolv tri, L_0x5555630ba560, L_0x5555630ba6b0;
L_0x5555630ba890 .functor BUFZ 1, RS_0x7da3089870e8, C4<0>, C4<0>, C4<0>;
v0x555563083b30_0 .net "v01fe61", 0 0, o0x7da3089928d8;  0 drivers
v0x555563083bd0_0 .net "v03f33c", 0 0, o0x7da308992908;  0 drivers
v0x555563083c70_0 .net "v1bdc7b", 0 0, L_0x5555630ada20;  1 drivers
v0x555563083d40_0 .net "v20e72f", 0 0, L_0x5555630ad880;  1 drivers
v0x555563083de0_0 .net "v532a7b", 0 0, L_0x5555630ad530;  1 drivers
v0x555563083e80_0 .net "v6f156b", 0 0, L_0x5555630adb60;  1 drivers
v0x555563083f20_0 .net "v7688b1", 0 0, o0x7da3089929f8;  0 drivers
v0x555563083fc0_0 .net "v7a2bc1", 0 0, L_0x5555630ad950;  1 drivers
v0x555563084080_0 .net "v8b6dc2", 0 0, o0x7da308992a58;  0 drivers
v0x5555630841d0_0 .net "vb005a0", 0 0, L_0x5555630ad440;  1 drivers
v0x555563084290_0 .net "vbe8090", 0 0, o0x7da308992ab8;  0 drivers
v0x555563084350_0 .net "vfd8812", 0 0, L_0x5555630ad810;  1 drivers
v0x555563084410_0 .net "w0", 0 0, L_0x5555630bbdb0;  1 drivers
v0x5555630844b0_0 .net "w1", 0 0, L_0x5555630bbb80;  1 drivers
v0x5555630845a0_0 .net "w10", 0 0, L_0x5555630c9210;  1 drivers
v0x555563084690_0 .net8 "w100", 0 0, RS_0x7da308992b18;  2 drivers
v0x555563084750_0 .net "w101", 0 0, L_0x5555630cc2c0;  1 drivers
v0x555563084840_0 .net "w102", 0 0, L_0x5555630b9e90;  1 drivers
v0x5555630848e0_0 .net8 "w103", 0 0, RS_0x7da308992b48;  2 drivers
v0x555563084980_0 .net "w104", 0 0, L_0x5555630cd070;  1 drivers
v0x555563084a70_0 .net "w105", 0 0, L_0x5555630ba480;  1 drivers
v0x555563084b10_0 .net8 "w106", 0 0, RS_0x7da308992b78;  2 drivers
v0x555563084bb0_0 .net "w107", 0 0, L_0x5555630cd9c0;  1 drivers
v0x555563084ca0_0 .net "w108", 0 0, L_0x5555630ba4f0;  1 drivers
v0x555563084d60_0 .net8 "w109", 0 0, RS_0x7da3089870e8;  2 drivers
v0x555563084e00_0 .net "w11", 0 0, L_0x5555630adc30;  1 drivers
v0x555563084ea0_0 .net8 "w110", 0 0, RS_0x7da308992bd8;  3 drivers
v0x555563084f40_0 .net "w111", 0 0, L_0x5555630ca200;  1 drivers
RS_0x7da308989218 .resolv tri, L_0x5555630adaf0, L_0x5555630ade00;
v0x555563085030_0 .net8 "w12", 0 0, RS_0x7da308989218;  2 drivers
v0x5555630850d0_0 .net "w13", 0 0, L_0x5555630c9450;  1 drivers
v0x5555630851c0_0 .net "w14", 0 0, L_0x5555630adf00;  1 drivers
v0x555563085260_0 .net "w15", 0 0, L_0x5555630c9310;  1 drivers
v0x555563085350_0 .net "w16", 0 0, L_0x5555630ce2b0;  1 drivers
v0x555563085650_0 .net "w17", 0 0, L_0x5555630ca520;  1 drivers
v0x555563085740_0 .net "w18", 0 0, L_0x5555630c9730;  1 drivers
v0x555563085830_0 .net "w19", 0 0, L_0x5555630c9ae0;  1 drivers
v0x555563085920_0 .net "w2", 0 0, L_0x5555630bb950;  1 drivers
v0x555563085a10_0 .net "w20", 0 0, L_0x5555630c9e90;  1 drivers
v0x555563085b00_0 .net "w21", 0 2, L_0x5555630cad30;  1 drivers
v0x555563085bf0_0 .net "w22", 0 2, L_0x5555630ca7a0;  1 drivers
v0x555563085ce0_0 .net "w23", 0 0, L_0x5555630cbdb0;  1 drivers
v0x555563085dd0_0 .net "w24", 0 0, L_0x5555630cba60;  1 drivers
v0x555563085ec0_0 .net "w25", 0 0, L_0x5555630cd4b0;  1 drivers
v0x555563085fb0_0 .net "w26", 0 0, L_0x5555630cc700;  1 drivers
v0x5555630860a0_0 .net "w27", 0 0, L_0x5555630cca50;  1 drivers
v0x555563086190_0 .net "w28", 0 0, L_0x5555630ce170;  1 drivers
v0x555563086280_0 .net "w29", 0 0, L_0x5555630cde20;  1 drivers
v0x555563086370_0 .net "w3", 0 0, L_0x5555630bc790;  1 drivers
v0x555563086460_0 .net "w30", 0 0, L_0x5555630ce990;  1 drivers
v0x555563086550_0 .net "w31", 0 0, L_0x5555630d04a0;  1 drivers
v0x555563086640_0 .net "w32", 0 0, L_0x5555630d0060;  1 drivers
v0x555563086730_0 .net "w33", 0 0, L_0x5555630cfcb0;  1 drivers
v0x555563086820_0 .net "w34", 0 0, L_0x5555630cf900;  1 drivers
v0x555563086910_0 .net "w35", 0 0, L_0x5555630cf550;  1 drivers
v0x555563086a00_0 .net "w36", 0 0, L_0x5555630d0720;  1 drivers
v0x555563086aa0_0 .net "w37", 0 0, L_0x5555630d08b0;  1 drivers
v0x555563086b40_0 .net "w38", 0 0, L_0x5555630c1e80;  1 drivers
v0x555563086c30_0 .net "w39", 0 0, L_0x5555630d09b0;  1 drivers
v0x555563086d20_0 .net "w4", 0 0, L_0x5555630bc5a0;  1 drivers
v0x555563086e10_0 .net "w40", 0 0, L_0x5555630adf70;  1 drivers
v0x555563086eb0_0 .net8 "w41", 0 0, RS_0x7da30898ec48;  2 drivers
RS_0x7da30898efa8 .resolv tri, L_0x5555630ae2b0, L_0x5555630ae320, L_0x5555630ae4e0;
v0x555563086f50_0 .net8 "w42", 0 0, RS_0x7da30898efa8;  3 drivers
v0x555563086ff0_0 .net "w43", 0 0, L_0x5555630c1d60;  1 drivers
v0x5555630870e0_0 .net "w44", 0 0, L_0x5555630c84b0;  1 drivers
v0x5555630871d0_0 .net "w45", 0 0, L_0x5555630ae670;  1 drivers
v0x555563087270_0 .net8 "w46", 0 0, RS_0x7da30898e498;  2 drivers
v0x555563087310_0 .net8 "w47", 0 0, RS_0x7da30898cc38;  3 drivers
v0x5555630873b0_0 .net8 "w48", 0 0, RS_0x7da30898f248;  4 drivers
v0x555563087450_0 .net8 "w49", 0 0, RS_0x7da308985e58;  5 drivers
v0x5555630874f0_0 .net "w5", 0 0, L_0x5555630bc3b0;  1 drivers
RS_0x7da308986098 .resolv tri, L_0x5555630af550, L_0x5555630af5c0, L_0x5555630af8b0, L_0x5555630af920, L_0x5555630afaf0, L_0x5555630afb60;
v0x5555630875e0_0 .net8 "w50", 0 0, RS_0x7da308986098;  6 drivers
v0x555563087680_0 .net "w51", 0 0, L_0x5555630d0a90;  1 drivers
v0x555563087770_0 .net "w52", 0 0, L_0x5555630afd40;  1 drivers
v0x555563087810_0 .net8 "w53", 0 0, RS_0x7da30898f7b8;  2 drivers
v0x5555630878b0_0 .net8 "w54", 0 0, RS_0x7da308989668;  3 drivers
RS_0x7da30898efd8 .resolv tri, L_0x5555630b06d0, L_0x5555630b0740, L_0x5555630b0960, L_0x5555630b0a60;
v0x555563087950_0 .net8 "w55", 0 0, RS_0x7da30898efd8;  4 drivers
v0x5555630879f0_0 .net "w56", 0 0, L_0x5555630baa80;  1 drivers
v0x555563087ae0_0 .net "w57", 0 0, L_0x5555630b07b0;  1 drivers
v0x555563087b80_0 .net "w58", 0 0, L_0x5555630c1ff0;  1 drivers
v0x555563087c70_0 .net "w59", 0 0, L_0x5555630c8380;  1 drivers
v0x555563087d60_0 .net "w6", 0 0, L_0x5555630ad110;  1 drivers
v0x555563087e00_0 .net "w60", 0 0, L_0x5555630b0820;  1 drivers
v0x555563087ea0_0 .net8 "w61", 0 0, RS_0x7da30898e468;  2 drivers
v0x555563087f40_0 .net8 "w62", 0 0, RS_0x7da30898c9c8;  3 drivers
v0x555563087fe0_0 .net8 "w63", 0 0, RS_0x7da30898c0c8;  4 drivers
v0x555563088080_0 .net8 "w64", 0 0, RS_0x7da308985eb8;  5 drivers
RS_0x7da30898e798 .resolv tri, L_0x5555630b2420, L_0x5555630b2490, L_0x5555630b2750, L_0x5555630b27c0, L_0x5555630b2a90, L_0x5555630b2b00;
v0x555563088120_0 .net8 "w65", 0 0, RS_0x7da30898e798;  6 drivers
v0x5555630881c0_0 .net "w66", 0 0, L_0x5555630d0c80;  1 drivers
v0x5555630882b0_0 .net "w67", 0 0, L_0x5555630b2de0;  1 drivers
v0x555563088350_0 .net8 "w68", 0 0, RS_0x7da30898f7e8;  2 drivers
v0x5555630883f0_0 .net8 "w69", 0 0, RS_0x7da30898f9c8;  3 drivers
v0x555563088490_0 .net "w7", 0 0, L_0x5555630ad1d0;  1 drivers
RS_0x7da30898f008 .resolv tri, L_0x5555630b3a70, L_0x5555630b3ae0, L_0x5555630b3e00, L_0x5555630b3f00;
v0x555563088530_0 .net8 "w70", 0 0, RS_0x7da30898f008;  4 drivers
v0x5555630885d0_0 .net "w71", 0 0, L_0x5555630c82f0;  1 drivers
v0x5555630886c0_0 .net "w72", 0 0, L_0x5555630b4230;  1 drivers
v0x555563088760_0 .net8 "w73", 0 0, RS_0x7da30898e408;  2 drivers
v0x555563088800_0 .net8 "w74", 0 0, RS_0x7da30898fe48;  3 drivers
v0x5555630888a0_0 .net8 "w75", 0 0, RS_0x7da30898e648;  4 drivers
v0x555563088940_0 .net8 "w76", 0 0, RS_0x7da30898d4d8;  5 drivers
RS_0x7da30898c398 .resolv tri, L_0x5555630b6120, L_0x5555630b64d0, L_0x5555630b6540, L_0x5555630b6900, L_0x5555630b6970, L_0x5555630b6d40;
v0x5555630889e0_0 .net8 "w77", 0 0, RS_0x7da30898c398;  6 drivers
v0x555563088a80_0 .net "w78", 0 0, L_0x5555630ad5f0;  1 drivers
RS_0x7da308992278 .resolv tri, L_0x5555630ad6b0, L_0x5555630b6db0;
v0x555563088b20_0 .net8 "w79", 0 0, RS_0x7da308992278;  2 drivers
v0x555563088bf0_0 .net "w8", 0 0, L_0x5555630ad290;  1 drivers
v0x555563088cc0_0 .net "w80", 0 0, L_0x5555630b7190;  1 drivers
v0x555563088d90_0 .net8 "w81", 0 0, RS_0x7da30898f818;  2 drivers
v0x555563088e60_0 .net8 "w82", 0 0, RS_0x7da308986218;  3 drivers
RS_0x7da30898f068 .resolv tri, L_0x5555630b8120, L_0x5555630b8190, L_0x5555630b85b0, L_0x5555630b86b0;
v0x555563088f30_0 .net8 "w83", 0 0, RS_0x7da30898f068;  4 drivers
v0x555563089000_0 .net "w84", 0 0, L_0x5555630bb530;  1 drivers
v0x5555630890f0_0 .net "w85", 0 0, L_0x5555630b8ae0;  1 drivers
v0x555563089190_0 .net "w86", 0 0, L_0x5555630be370;  1 drivers
v0x555563089280_0 .net "w87", 0 0, L_0x5555630be4e0;  1 drivers
v0x555563089370_0 .net "w88", 0 0, L_0x5555630bbf20;  1 drivers
v0x555563089460_0 .net "w89", 0 0, L_0x5555630b8b50;  1 drivers
v0x555563089500_0 .net "w9", 0 0, L_0x5555630ad350;  1 drivers
v0x5555630895a0_0 .net "w90", 0 0, L_0x5555630be5c0;  1 drivers
v0x555563089690_0 .net "w91", 0 0, L_0x5555630bcbd0;  1 drivers
v0x555563089780_0 .net "w92", 0 0, L_0x5555630b8f90;  1 drivers
v0x555563089820_0 .net "w93", 0 0, L_0x5555630ceb60;  1 drivers
v0x555563089910_0 .net "w94", 0 0, L_0x5555630b9000;  1 drivers
v0x5555630899b0_0 .net "w95", 0 0, L_0x5555630bcf70;  1 drivers
v0x555563089aa0_0 .net "w96", 0 0, L_0x5555630cb050;  1 drivers
v0x555563089b90_0 .net "w97", 0 0, L_0x5555630b9450;  1 drivers
v0x555563089c30_0 .net "w98", 0 0, L_0x5555630cb620;  1 drivers
v0x555563089d20_0 .net "w99", 0 0, L_0x5555630b94c0;  1 drivers
S_0x555562f6bd30 .scope module, "v017f5e" "v9a0147" 3 438, 3 1331 0, S_0x555562fc5440;
 .timescale -12 -12;
    .port_info 0 /INPUT 1 "v0e28cb";
    .port_info 1 /INPUT 1 "v3ca442";
    .port_info 2 /INPUT 1 "v1b1eae";
    .port_info 3 /OUTPUT 1 "vcbab45";
L_0x5555630ccb90 .functor BUFZ 1, RS_0x7da308985e58, C4<0>, C4<0>, C4<0>;
L_0x5555630ccda0 .functor BUFZ 1, RS_0x7da308985eb8, C4<0>, C4<0>, C4<0>;
L_0x5555630ccf90 .functor BUFZ 1, L_0x5555630cd4b0, C4<0>, C4<0>, C4<0>;
L_0x5555630cd070 .functor BUFZ 1, L_0x5555630cd1c0, C4<0>, C4<0>, C4<0>;
v0x555562f54d40_0 .net8 "v0e28cb", 0 0, RS_0x7da308985e58;  alias, 5 drivers
v0x555562f54e20_0 .net "v1b1eae", 0 0, L_0x5555630cd4b0;  alias, 1 drivers
v0x555562f50c50_0 .net8 "v3ca442", 0 0, RS_0x7da308985eb8;  alias, 5 drivers
v0x555562f50d10_0 .net "vcbab45", 0 0, L_0x5555630cd070;  alias, 1 drivers
v0x555562f2fc30_0 .net "w0", 0 0, L_0x5555630ccb90;  1 drivers
v0x555562f2fd20_0 .net "w1", 0 0, L_0x5555630ccda0;  1 drivers
v0x555562f2f160_0 .net "w2", 0 0, L_0x5555630ccf90;  1 drivers
v0x555562f2f200_0 .net "w3", 0 0, L_0x5555630cd1c0;  1 drivers
S_0x555562f6a310 .scope module, "vf4938a" "v9a0147_vf4938a" 3 1345, 3 1359 0, S_0x555562f6bd30;
 .timescale -12 -12;
    .port_info 0 /INPUT 1 "a";
    .port_info 1 /INPUT 1 "b";
    .port_info 2 /INPUT 1 "c";
    .port_info 3 /OUTPUT 1 "o";
L_0x5555630cd150 .functor AND 1, L_0x5555630ccb90, L_0x5555630ccda0, C4<1>, C4<1>;
L_0x5555630cd1c0 .functor AND 1, L_0x5555630cd150, L_0x5555630ccf90, C4<1>, C4<1>;
v0x555562f4c760_0 .net *"_ivl_0", 0 0, L_0x5555630cd150;  1 drivers
v0x555562f4c840_0 .net "a", 0 0, L_0x5555630ccb90;  alias, 1 drivers
v0x555562f488b0_0 .net "b", 0 0, L_0x5555630ccda0;  alias, 1 drivers
v0x555562f48970_0 .net "c", 0 0, L_0x5555630ccf90;  alias, 1 drivers
v0x555562f44bd0_0 .net "o", 0 0, L_0x5555630cd1c0;  alias, 1 drivers
S_0x555562f2e440 .scope module, "v04af3e" "v3676a0" 3 458, 3 608 0, S_0x555562fc5440;
 .timescale -12 -12;
    .port_info 0 /INPUT 1 "v0e28cb";
    .port_info 1 /OUTPUT 1 "vcbab45";
L_0x5555630cdf60 .functor BUFZ 1, RS_0x7da308986098, C4<0>, C4<0>, C4<0>;
L_0x5555630ce170 .functor BUFZ 1, L_0x5555630ce200, C4<0>, C4<0>, C4<0>;
v0x555563027e80_0 .net8 "v0e28cb", 0 0, RS_0x7da308986098;  alias, 6 drivers
v0x555563027f40_0 .net "vcbab45", 0 0, L_0x5555630ce170;  alias, 1 drivers
v0x555562f604b0_0 .net "w0", 0 0, L_0x5555630cdf60;  1 drivers
v0x555562f60550_0 .net "w1", 0 0, L_0x5555630ce200;  1 drivers
S_0x555562f2d7a0 .scope module, "vd54ca1" "v3676a0_vd54ca1" 3 616, 3 628 0, S_0x555562f2e440;
 .timescale -12 -12;
    .port_info 0 /INPUT 1 "a";
    .port_info 1 /OUTPUT 1 "q";
L_0x5555630ce200 .functor NOT 1, L_0x5555630cdf60, C4<0>, C4<0>, C4<0>;
v0x555562f26a30_0 .net "a", 0 0, L_0x5555630cdf60;  alias, 1 drivers
v0x555562f26af0_0 .net "q", 0 0, L_0x5555630ce200;  alias, 1 drivers
S_0x555562fd8880 .scope module, "v08e46d" "v3676a0" 3 309, 3 608 0, S_0x555562fc5440;
 .timescale -12 -12;
    .port_info 0 /INPUT 1 "v0e28cb";
    .port_info 1 /OUTPUT 1 "vcbab45";
L_0x5555630bc6d0 .functor BUFZ 1, RS_0x7da308986218, C4<0>, C4<0>, C4<0>;
L_0x5555630bc790 .functor BUFZ 1, L_0x5555630bc850, C4<0>, C4<0>, C4<0>;
v0x555562fc9df0_0 .net8 "v0e28cb", 0 0, RS_0x7da308986218;  alias, 3 drivers
v0x555562fc9ed0_0 .net "vcbab45", 0 0, L_0x5555630bc790;  alias, 1 drivers
v0x555562fe2fe0_0 .net "w0", 0 0, L_0x5555630bc6d0;  1 drivers
v0x555562fe3080_0 .net "w1", 0 0, L_0x5555630bc850;  1 drivers
S_0x555563026ea0 .scope module, "vd54ca1" "v3676a0_vd54ca1" 3 616, 3 628 0, S_0x555562fd8880;
 .timescale -12 -12;
    .port_info 0 /INPUT 1 "a";
    .port_info 1 /OUTPUT 1 "q";
L_0x5555630bc850 .functor NOT 1, L_0x5555630bc6d0, C4<0>, C4<0>, C4<0>;
v0x555562fc3df0_0 .net "a", 0 0, L_0x5555630bc6d0;  alias, 1 drivers
v0x555562fc3ed0_0 .net "q", 0 0, L_0x5555630bc850;  alias, 1 drivers
S_0x5555630289e0 .scope module, "v125ba1" "vb1c867" 3 354, 3 1080 0, S_0x555562fc5440;
 .timescale -12 -12;
    .port_info 0 /INPUT 1 "v3e83a1";
    .port_info 1 /INPUT 1 "vead872";
    .port_info 2 /INPUT 1 "ve86d71";
    .port_info 3 /INPUT 1 "vc38257";
    .port_info 4 /OUTPUT 1 "vaa2332";
    .port_info 5 /OUTPUT 1 "v1c95bf";
    .port_info 6 /OUTPUT 1 "v289238";
L_0x5555630c7c60 .functor BUFZ 1, L_0x5555630ad5f0, C4<0>, C4<0>, C4<0>;
L_0x5555630c7df0 .functor BUFZ 1, L_0x5555630ad5f0, C4<0>, C4<0>, C4<0>;
L_0x5555630c7e80 .functor BUFZ 1, L_0x5555630ad5f0, C4<0>, C4<0>, C4<0>;
L_0x5555630c7f60 .functor BUFZ 1, L_0x5555630be370, C4<0>, C4<0>, C4<0>;
L_0x5555630c80d0 .functor BUFZ 1, L_0x5555630be4e0, C4<0>, C4<0>, C4<0>;
L_0x5555630c81d0 .functor BUFZ 1, L_0x5555630be5c0, C4<0>, C4<0>, C4<0>;
L_0x5555630c82f0 .functor BUFZ 1, L_0x5555630c8fc0, C4<0>, C4<0>, C4<0>;
L_0x5555630c8380 .functor BUFZ 1, L_0x5555630c8c70, C4<0>, C4<0>, C4<0>;
L_0x5555630c84b0 .functor BUFZ 1, L_0x5555630c8a10, C4<0>, C4<0>, C4<0>;
L_0x5555630c8590 .functor BUFZ 1, L_0x5555630c7c60, C4<0>, C4<0>, C4<0>;
L_0x5555630c8620 .functor BUFZ 1, L_0x5555630c7c60, C4<0>, C4<0>, C4<0>;
RS_0x7da308986428 .resolv tri, L_0x5555630c7df0, L_0x5555630c8590;
L_0x5555630c8740 .functor BUFZ 1, RS_0x7da308986428, C4<0>, C4<0>, C4<0>;
v0x555562f730f0_0 .net "v1c95bf", 0 0, L_0x5555630c8380;  alias, 1 drivers
v0x555562f72000_0 .net "v289238", 0 0, L_0x5555630c82f0;  alias, 1 drivers
v0x555562f720a0_0 .net "v3e83a1", 0 0, L_0x5555630ad5f0;  alias, 1 drivers
v0x555562f72140_0 .net "vaa2332", 0 0, L_0x5555630c84b0;  alias, 1 drivers
v0x555562f71030_0 .net "vc38257", 0 0, L_0x5555630be5c0;  alias, 1 drivers
v0x555562f710f0_0 .net "ve86d71", 0 0, L_0x5555630be4e0;  alias, 1 drivers
v0x5555630222a0_0 .net "vead872", 0 0, L_0x5555630be370;  alias, 1 drivers
v0x555563022360_0 .net "w0", 0 0, L_0x5555630c7c60;  1 drivers
v0x555562c24640_0 .net8 "w1", 0 0, RS_0x7da308986428;  2 drivers
RS_0x7da3089866f8 .resolv tri, L_0x5555630c7e80, L_0x5555630c8620, L_0x5555630c8740;
v0x555562c24710_0 .net8 "w2", 0 0, RS_0x7da3089866f8;  3 drivers
v0x555562ca6ca0_0 .net "w3", 0 0, L_0x5555630c7f60;  1 drivers
v0x555562ca6d70_0 .net "w4", 0 0, L_0x5555630c80d0;  1 drivers
v0x555562ca6e40_0 .net "w5", 0 0, L_0x5555630c81d0;  1 drivers
v0x555562ca6f10_0 .net "w6", 0 0, L_0x5555630c8fc0;  1 drivers
v0x555562ca6fe0_0 .net "w7", 0 0, L_0x5555630c8c70;  1 drivers
v0x555562ca70b0_0 .net "w8", 0 0, L_0x5555630c8a10;  1 drivers
S_0x555562fc5b90 .scope module, "v60face" "v58ed2b" 3 1115, 3 1133 0, S_0x5555630289e0;
 .timescale -12 -12;
    .port_info 0 /INPUT 1 "va4102a";
    .port_info 1 /INPUT 1 "vf54559";
    .port_info 2 /OUTPUT 1 "va58c5b";
    .port_info 3 /OUTPUT 1 "ve8318d";
P_0x555562f6b100 .param/l "p2" 1 3 1141, +C4<00000000000000000000000000000000>;
P_0x555562f6b140 .param/l "v71e305" 0 3 1134, +C4<00000000000000000000000000000000>;
L_0x5555630c8bc0 .functor BUFZ 1, RS_0x7da308986428, C4<0>, C4<0>, C4<0>;
L_0x5555630c8c70 .functor BUFZ 1, v0x555563013c20_0, C4<0>, C4<0>, C4<0>;
L_0x5555630c8d50 .functor BUFZ 1, L_0x5555630c80d0, C4<0>, C4<0>, C4<0>;
v0x555562fdb520_0 .net8 "va4102a", 0 0, RS_0x7da308986428;  alias, 2 drivers
o0x7da308986458 .functor BUFZ 1, C4<z>; HiZ drive
v0x555562fdb5e0_0 .net "va58c5b", 0 0, o0x7da308986458;  0 drivers
v0x555562fc6a00_0 .net "ve8318d", 0 0, L_0x5555630c8c70;  alias, 1 drivers
v0x555562fc6ad0_0 .net "vf54559", 0 0, L_0x5555630c80d0;  alias, 1 drivers
v0x555562ff0ea0_0 .net "w0", 0 0, L_0x5555630c8bc0;  1 drivers
v0x555562ff0f40_0 .net "w1", 0 0, v0x555563013c20_0;  1 drivers
v0x555562fef130_0 .net "w3", 0 0, L_0x5555630c8d50;  1 drivers
S_0x555562fcea10 .scope module, "vb8adf8" "v58ed2b_vb8adf8" 3 1150, 3 1163 0, S_0x555562fc5b90;
 .timescale -12 -12;
    .port_info 0 /INPUT 1 "clk";
    .port_info 1 /INPUT 1 "d";
    .port_info 2 /OUTPUT 1 "q";
P_0x555562d13b40 .param/l "INI" 0 3 1164, +C4<00000000000000000000000000000000>;
v0x5555630045d0_0 .net "clk", 0 0, L_0x5555630c8bc0;  alias, 1 drivers
v0x55556300c080_0 .net "d", 0 0, L_0x5555630c8d50;  alias, 1 drivers
v0x55556300c140_0 .net "q", 0 0, v0x555563013c20_0;  alias, 1 drivers
v0x555563013c20_0 .var "qi", 0 0;
E_0x555563028b70 .event posedge, v0x5555630045d0_0;
S_0x555562fee9b0 .scope module, "v881c39" "v58ed2b" 3 1120, 3 1133 0, S_0x5555630289e0;
 .timescale -12 -12;
    .port_info 0 /INPUT 1 "va4102a";
    .port_info 1 /INPUT 1 "vf54559";
    .port_info 2 /OUTPUT 1 "va58c5b";
    .port_info 3 /OUTPUT 1 "ve8318d";
P_0x5555630044e0 .param/l "p2" 1 3 1141, +C4<00000000000000000000000000000000>;
P_0x555563004520 .param/l "v71e305" 0 3 1134, +C4<00000000000000000000000000000000>;
L_0x5555630c8ec0 .functor BUFZ 1, RS_0x7da3089866f8, C4<0>, C4<0>, C4<0>;
L_0x5555630c8fc0 .functor BUFZ 1, v0x555562feee10_0, C4<0>, C4<0>, C4<0>;
L_0x5555630c90a0 .functor BUFZ 1, L_0x5555630c81d0, C4<0>, C4<0>, C4<0>;
v0x555562ffaac0_0 .net8 "va4102a", 0 0, RS_0x7da3089866f8;  alias, 3 drivers
o0x7da308986728 .functor BUFZ 1, C4<z>; HiZ drive
v0x555562ffab80_0 .net "va58c5b", 0 0, o0x7da308986728;  0 drivers
v0x555562ff1230_0 .net "ve8318d", 0 0, L_0x5555630c8fc0;  alias, 1 drivers
v0x555562ff12d0_0 .net "vf54559", 0 0, L_0x5555630c81d0;  alias, 1 drivers
v0x555562ffe9d0_0 .net "w0", 0 0, L_0x5555630c8ec0;  1 drivers
v0x555562ffea70_0 .net "w1", 0 0, v0x555562feee10_0;  1 drivers
v0x555562fd54f0_0 .net "w3", 0 0, L_0x5555630c90a0;  1 drivers
S_0x555562ff3d70 .scope module, "vb8adf8" "v58ed2b_vb8adf8" 3 1150, 3 1163 0, S_0x555562fee9b0;
 .timescale -12 -12;
    .port_info 0 /INPUT 1 "clk";
    .port_info 1 /INPUT 1 "d";
    .port_info 2 /OUTPUT 1 "q";
P_0x555562d12a40 .param/l "INI" 0 3 1164, +C4<00000000000000000000000000000000>;
v0x555562ff6c80_0 .net "clk", 0 0, L_0x5555630c8ec0;  alias, 1 drivers
v0x555562ff6d60_0 .net "d", 0 0, L_0x5555630c90a0;  alias, 1 drivers
v0x555562feed70_0 .net "q", 0 0, v0x555562feee10_0;  alias, 1 drivers
v0x555562feee10_0 .var "qi", 0 0;
E_0x555562fc5d20 .event posedge, v0x555562ff6c80_0;
S_0x555562ff0b10 .scope module, "vcdc0e9" "v58ed2b" 3 1110, 3 1133 0, S_0x5555630289e0;
 .timescale -12 -12;
    .port_info 0 /INPUT 1 "va4102a";
    .port_info 1 /INPUT 1 "vf54559";
    .port_info 2 /OUTPUT 1 "va58c5b";
    .port_info 3 /OUTPUT 1 "ve8318d";
P_0x555562fef250 .param/l "p2" 1 3 1141, +C4<00000000000000000000000000000000>;
P_0x555562fef290 .param/l "v71e305" 0 3 1134, +C4<00000000000000000000000000000000>;
L_0x5555630c8960 .functor BUFZ 1, L_0x5555630c7c60, C4<0>, C4<0>, C4<0>;
L_0x5555630c8a10 .functor BUFZ 1, v0x555563030c00_0, C4<0>, C4<0>, C4<0>;
L_0x5555630c8aa0 .functor BUFZ 1, L_0x5555630c7f60, C4<0>, C4<0>, C4<0>;
v0x555562fc32b0_0 .net "va4102a", 0 0, L_0x5555630c7c60;  alias, 1 drivers
o0x7da3089869f8 .functor BUFZ 1, C4<z>; HiZ drive
v0x555562fc3370_0 .net "va58c5b", 0 0, o0x7da3089869f8;  0 drivers
v0x555562f9b970_0 .net "ve8318d", 0 0, L_0x5555630c8a10;  alias, 1 drivers
v0x555562f9ba40_0 .net "vf54559", 0 0, L_0x5555630c7f60;  alias, 1 drivers
v0x555562f73400_0 .net "w0", 0 0, L_0x5555630c8960;  1 drivers
v0x555562f734a0_0 .net "w1", 0 0, v0x555563030c00_0;  1 drivers
v0x555562f72fd0_0 .net "w3", 0 0, L_0x5555630c8aa0;  1 drivers
S_0x555562fd5160 .scope module, "vb8adf8" "v58ed2b_vb8adf8" 3 1150, 3 1163 0, S_0x555562ff0b10;
 .timescale -12 -12;
    .port_info 0 /INPUT 1 "clk";
    .port_info 1 /INPUT 1 "d";
    .port_info 2 /OUTPUT 1 "q";
P_0x555562d13640 .param/l "INI" 0 3 1164, +C4<00000000000000000000000000000000>;
v0x555562fc6040_0 .net "clk", 0 0, L_0x5555630c8960;  alias, 1 drivers
v0x555563000600_0 .net "d", 0 0, L_0x5555630c8aa0;  alias, 1 drivers
v0x5555630006c0_0 .net "q", 0 0, v0x555563030c00_0;  alias, 1 drivers
v0x555563030c00_0 .var "qi", 0 0;
E_0x555562feeb40 .event posedge, v0x555562fc6040_0;
S_0x555562cda070 .scope module, "v18db45" "vba518e" 3 482, 3 1007 0, S_0x555562fc5440;
 .timescale -12 -12;
    .port_info 0 /INPUT 1 "v0e28cb";
    .port_info 1 /INPUT 1 "v3ca442";
    .port_info 2 /OUTPUT 1 "vcbab45";
L_0x5555630cf390 .functor BUFZ 1, L_0x5555630cb050, C4<0>, C4<0>, C4<0>;
L_0x5555630cf470 .functor BUFZ 1, L_0x5555630baa80, C4<0>, C4<0>, C4<0>;
L_0x5555630cf550 .functor BUFZ 1, L_0x5555630cf670, C4<0>, C4<0>, C4<0>;
v0x555562d541d0_0 .net "v0e28cb", 0 0, L_0x5555630cb050;  alias, 1 drivers
v0x555562d54290_0 .net "v3ca442", 0 0, L_0x5555630baa80;  alias, 1 drivers
v0x555562d54350_0 .net "vcbab45", 0 0, L_0x5555630cf550;  alias, 1 drivers
v0x555562d93b40_0 .net "w0", 0 0, L_0x5555630cf390;  1 drivers
v0x555562d93c10_0 .net "w1", 0 0, L_0x5555630cf470;  1 drivers
v0x555562d93d00_0 .net "w2", 0 0, L_0x5555630cf670;  1 drivers
S_0x555562cda250 .scope module, "vf4938a" "vba518e_vf4938a" 3 1018, 3 1031 0, S_0x555562cda070;
 .timescale -12 -12;
    .port_info 0 /INPUT 1 "a";
    .port_info 1 /INPUT 1 "b";
    .port_info 2 /OUTPUT 1 "c";
L_0x5555630cf670 .functor AND 1, L_0x5555630cf390, L_0x5555630cf470, C4<1>, C4<1>;
v0x555562cda4a0_0 .net "a", 0 0, L_0x5555630cf390;  alias, 1 drivers
v0x555562d53fd0_0 .net "b", 0 0, L_0x5555630cf470;  alias, 1 drivers
v0x555562d540b0_0 .net "c", 0 0, L_0x5555630cf670;  alias, 1 drivers
S_0x555562d93df0 .scope module, "v1e8b34" "v3676a0" 3 507, 3 608 0, S_0x555562fc5440;
 .timescale -12 -12;
    .port_info 0 /INPUT 1 "v0e28cb";
    .port_info 1 /OUTPUT 1 "vcbab45";
L_0x5555630d0670 .functor BUFZ 1, RS_0x7da3089870e8, C4<0>, C4<0>, C4<0>;
L_0x5555630d0720 .functor BUFZ 1, L_0x5555630d0800, C4<0>, C4<0>, C4<0>;
v0x555562d92670_0 .net8 "v0e28cb", 0 0, RS_0x7da3089870e8;  alias, 2 drivers
v0x555562d92730_0 .net "vcbab45", 0 0, L_0x5555630d0720;  alias, 1 drivers
v0x555562d927f0_0 .net "w0", 0 0, L_0x5555630d0670;  1 drivers
v0x555562d928c0_0 .net "w1", 0 0, L_0x5555630d0800;  1 drivers
S_0x555562d8f8c0 .scope module, "vd54ca1" "v3676a0_vd54ca1" 3 616, 3 628 0, S_0x555562d93df0;
 .timescale -12 -12;
    .port_info 0 /INPUT 1 "a";
    .port_info 1 /OUTPUT 1 "q";
L_0x5555630d0800 .functor NOT 1, L_0x5555630d0670, C4<0>, C4<0>, C4<0>;
v0x555562d8fb30_0 .net "a", 0 0, L_0x5555630d0670;  alias, 1 drivers
v0x555562d8fc10_0 .net "q", 0 0, L_0x5555630d0800;  alias, 1 drivers
S_0x555562d92990 .scope module, "v26617c" "v3676a0" 3 283, 3 608 0, S_0x555562fc5440;
 .timescale -12 -12;
    .port_info 0 /INPUT 1 "v0e28cb";
    .port_info 1 /OUTPUT 1 "vcbab45";
L_0x5555630bb890 .functor BUFZ 1, L_0x5555630b2de0, C4<0>, C4<0>, C4<0>;
L_0x5555630bb950 .functor BUFZ 1, L_0x5555630bba50, C4<0>, C4<0>, C4<0>;
v0x555562db1830_0 .net "v0e28cb", 0 0, L_0x5555630b2de0;  alias, 1 drivers
v0x555562db18f0_0 .net "vcbab45", 0 0, L_0x5555630bb950;  alias, 1 drivers
v0x555562db19b0_0 .net "w0", 0 0, L_0x5555630bb890;  1 drivers
v0x555562db1a80_0 .net "w1", 0 0, L_0x5555630bba50;  1 drivers
S_0x555562dafab0 .scope module, "vd54ca1" "v3676a0_vd54ca1" 3 616, 3 628 0, S_0x555562d92990;
 .timescale -12 -12;
    .port_info 0 /INPUT 1 "a";
    .port_info 1 /OUTPUT 1 "q";
L_0x5555630bba50 .functor NOT 1, L_0x5555630bb890, C4<0>, C4<0>, C4<0>;
v0x555562dafd00_0 .net "a", 0 0, L_0x5555630bb890;  alias, 1 drivers
v0x555562dafde0_0 .net "q", 0 0, L_0x5555630bba50;  alias, 1 drivers
S_0x555562db1b50 .scope module, "v2f2e22" "vfebcfe" 3 366, 3 1209 0, S_0x555562fc5440;
 .timescale -12 -12;
    .port_info 0 /OUTPUT 1 "v9fb85f";
L_0x7da30892dc30 .functor BUFT 1, C4<1>, C4<0>, C4<0>, C4<0>;
L_0x5555630c9310 .functor BUFZ 1, L_0x7da30892dc30, C4<0>, C4<0>, C4<0>;
v0x555562d9d610_0 .net "v9fb85f", 0 0, L_0x5555630c9310;  alias, 1 drivers
v0x555562d9d6d0_0 .net "w0", 0 0, L_0x7da30892dc30;  1 drivers
S_0x555562d9d2c0 .scope module, "vb2eccd" "vfebcfe_vb2eccd" 3 1214, 3 1225 0, S_0x555562db1b50;
 .timescale -12 -12;
    .port_info 0 /OUTPUT 1 "q";
v0x555562d9d4f0_0 .net "q", 0 0, L_0x7da30892dc30;  alias, 1 drivers
S_0x555562dc6b80 .scope module, "v3baeea" "v073659" 3 462, 3 638 0, S_0x555562fc5440;
 .timescale -12 -12;
    .port_info 0 /INPUT 1 "ve86251";
    .port_info 1 /INPUT 1 "v0e28cb";
    .port_info 2 /INPUT 1 "v3ca442";
    .port_info 3 /INPUT 1 "vb1969b";
    .port_info 4 /OUTPUT 1 "vcbab45";
L_0x5555630ce2b0 .functor BUFZ 1, L_0x5555630ce740, C4<0>, C4<0>, C4<0>;
L_0x5555630ce360 .functor BUFZ 1, L_0x5555630c9730, C4<0>, C4<0>, C4<0>;
L_0x5555630ce440 .functor BUFZ 1, L_0x5555630c9ae0, C4<0>, C4<0>, C4<0>;
L_0x5555630ce4d0 .functor BUFZ 1, L_0x5555630c9e90, C4<0>, C4<0>, C4<0>;
L_0x5555630ce560 .functor BUFZ 1, L_0x5555630ce990, C4<0>, C4<0>, C4<0>;
v0x555562d8d780_0 .net "v0e28cb", 0 0, L_0x5555630c9ae0;  alias, 1 drivers
v0x555562d8d860_0 .net "v3ca442", 0 0, L_0x5555630c9e90;  alias, 1 drivers
v0x555562d8d920_0 .net "vb1969b", 0 0, L_0x5555630ce990;  alias, 1 drivers
v0x555562d8d9c0_0 .net "vcbab45", 0 0, L_0x5555630ce2b0;  alias, 1 drivers
v0x555562d8ecf0_0 .net "ve86251", 0 0, L_0x5555630c9730;  alias, 1 drivers
v0x555562d8ee00_0 .net "w0", 0 0, L_0x5555630ce740;  1 drivers
v0x555562d8eea0_0 .net "w1", 0 0, L_0x5555630ce360;  1 drivers
v0x555562d8ef70_0 .net "w2", 0 0, L_0x5555630ce440;  1 drivers
v0x555562d8f040_0 .net "w3", 0 0, L_0x5555630ce4d0;  1 drivers
v0x555562d8f110_0 .net "w4", 0 0, L_0x5555630ce560;  1 drivers
S_0x555562dc6d90 .scope module, "v99a034" "v073659_v99a034" 3 655, 3 670 0, S_0x555562dc6b80;
 .timescale -12 -12;
    .port_info 0 /INPUT 1 "a";
    .port_info 1 /INPUT 1 "b";
    .port_info 2 /INPUT 1 "c";
    .port_info 3 /INPUT 1 "d";
    .port_info 4 /OUTPUT 1 "o";
L_0x5555630ce5d0 .functor OR 1, L_0x5555630ce360, L_0x5555630ce440, C4<0>, C4<0>;
L_0x5555630ce660 .functor OR 1, L_0x5555630ce5d0, L_0x5555630ce4d0, C4<0>, C4<0>;
L_0x5555630ce740 .functor OR 1, L_0x5555630ce660, L_0x5555630ce560, C4<0>, C4<0>;
v0x555562dc6f50_0 .net *"_ivl_0", 0 0, L_0x5555630ce5d0;  1 drivers
v0x555562dc9550_0 .net *"_ivl_2", 0 0, L_0x5555630ce660;  1 drivers
v0x555562dc9630_0 .net "a", 0 0, L_0x5555630ce360;  alias, 1 drivers
v0x555562dc9700_0 .net "b", 0 0, L_0x5555630ce440;  alias, 1 drivers
v0x555562dc97c0_0 .net "c", 0 0, L_0x5555630ce4d0;  alias, 1 drivers
v0x555562dc98d0_0 .net "d", 0 0, L_0x5555630ce560;  alias, 1 drivers
v0x555562d8d620_0 .net "o", 0 0, L_0x5555630ce740;  alias, 1 drivers
S_0x555562dd09a0 .scope module, "v3ee644" "v016822" 3 327, 3 680 0, S_0x555562fc5440;
 .timescale -12 -12;
    .port_info 0 /INPUT 1 "va00921";
    .port_info 1 /INPUT 1 "va83de4";
    .port_info 2 /INPUT 1 "v5331ef";
    .port_info 3 /INPUT 1 "vc117f6";
    .port_info 4 /INPUT 1 "v88c2ed";
    .port_info 5 /INPUT 1 "v1b565e";
    .port_info 6 /INPUT 1 "va65bee";
    .port_info 7 /INPUT 1 "vb07d28";
    .port_info 8 /INPUT 1 "vcb28b3";
    .port_info 9 /INPUT 1 "v55292b";
    .port_info 10 /INPUT 1 "v71f37c";
    .port_info 11 /OUTPUT 1 "vd326c3";
    .port_info 12 /OUTPUT 1 "va48b72";
    .port_info 13 /OUTPUT 1 "vf24815";
L_0x5555630bd520 .functor BUFZ 1, L_0x5555630ae670, C4<0>, C4<0>, C4<0>;
L_0x5555630bd5e0 .functor BUFZ 1, L_0x5555630b0820, C4<0>, C4<0>, C4<0>;
L_0x5555630bd7b0 .functor BUFZ 1, L_0x5555630b4230, C4<0>, C4<0>, C4<0>;
L_0x5555630bd980 .functor BUFZ 1, L_0x5555630c1e80, C4<0>, C4<0>, C4<0>;
L_0x5555630bda40 .functor BUFZ 1, L_0x5555630c1d60, C4<0>, C4<0>, C4<0>;
L_0x5555630bdb00 .functor BUFZ 1, L_0x5555630c1ff0, C4<0>, C4<0>, C4<0>;
L_0x5555630bdbc0 .functor BUFZ 1, L_0x5555630adc30, C4<0>, C4<0>, C4<0>;
L_0x5555630bdc80 .functor BUFZ 1, RS_0x7da308989218, C4<0>, C4<0>, C4<0>;
L_0x5555630bdd40 .functor BUFZ 1, L_0x5555630c9210, C4<0>, C4<0>, C4<0>;
L_0x5555630bddb0 .functor BUFZ 1, L_0x5555630b9000, C4<0>, C4<0>, C4<0>;
L_0x5555630bdef0 .functor BUFZ 1, L_0x5555630b9000, C4<0>, C4<0>, C4<0>;
L_0x5555630bdf80 .functor BUFZ 1, L_0x5555630b9000, C4<0>, C4<0>, C4<0>;
L_0x5555630be080 .functor BUFZ 1, L_0x5555630ca200, C4<0>, C4<0>, C4<0>;
L_0x5555630be160 .functor BUFZ 1, L_0x5555630ca200, C4<0>, C4<0>, C4<0>;
L_0x5555630be010 .functor BUFZ 1, L_0x5555630ca200, C4<0>, C4<0>, C4<0>;
L_0x5555630be370 .functor BUFZ 1, L_0x5555630bf280, C4<0>, C4<0>, C4<0>;
L_0x5555630be4e0 .functor BUFZ 1, L_0x5555630bff30, C4<0>, C4<0>, C4<0>;
L_0x5555630be5c0 .functor BUFZ 1, L_0x5555630c0d70, C4<0>, C4<0>, C4<0>;
L_0x5555630be740 .functor BUFZ 1, L_0x5555630bddb0, C4<0>, C4<0>, C4<0>;
L_0x5555630be7d0 .functor BUFZ 1, L_0x5555630bddb0, C4<0>, C4<0>, C4<0>;
RS_0x7da308988df8 .resolv tri, L_0x5555630bdef0, L_0x5555630be740;
L_0x5555630be910 .functor BUFZ 1, RS_0x7da308988df8, C4<0>, C4<0>, C4<0>;
L_0x5555630beac0 .functor BUFZ 1, L_0x5555630be080, C4<0>, C4<0>, C4<0>;
L_0x5555630bec10 .functor BUFZ 1, L_0x5555630be080, C4<0>, C4<0>, C4<0>;
RS_0x7da308988e28 .resolv tri, L_0x5555630be160, L_0x5555630beac0;
L_0x5555630bed30 .functor BUFZ 1, RS_0x7da308988e28, C4<0>, C4<0>, C4<0>;
v0x555562cd19d0_0 .net "v1b565e", 0 0, L_0x5555630c1ff0;  alias, 1 drivers
v0x555562ce4350_0 .net "v5331ef", 0 0, L_0x5555630b4230;  alias, 1 drivers
v0x555562ce4430_0 .net "v55292b", 0 0, L_0x5555630ca200;  alias, 1 drivers
v0x555562ce44d0_0 .net "v71f37c", 0 0, L_0x5555630b9000;  alias, 1 drivers
v0x555562ce4590_0 .net "v88c2ed", 0 0, L_0x5555630c1d60;  alias, 1 drivers
v0x555562ce4650_0 .net "va00921", 0 0, L_0x5555630ae670;  alias, 1 drivers
v0x555562ce4710_0 .net "va48b72", 0 0, L_0x5555630be4e0;  alias, 1 drivers
v0x555562ce47b0_0 .net "va65bee", 0 0, L_0x5555630c9210;  alias, 1 drivers
v0x555562ce6d90_0 .net "va83de4", 0 0, L_0x5555630b0820;  alias, 1 drivers
v0x555562ce6ee0_0 .net "vb07d28", 0 0, L_0x5555630adc30;  alias, 1 drivers
v0x555562ce6fa0_0 .net "vc117f6", 0 0, L_0x5555630c1e80;  alias, 1 drivers
v0x555562ce7060_0 .net8 "vcb28b3", 0 0, RS_0x7da308989218;  alias, 2 drivers
v0x555562ce7120_0 .net "vd326c3", 0 0, L_0x5555630be370;  alias, 1 drivers
v0x555562ce71f0_0 .net "vf24815", 0 0, L_0x5555630be5c0;  alias, 1 drivers
v0x555562cf6cb0_0 .net "w0", 0 0, L_0x5555630bd520;  1 drivers
v0x555562cf6d80_0 .net "w1", 0 0, L_0x5555630bd5e0;  1 drivers
v0x555562cf6e50_0 .net8 "w10", 0 0, RS_0x7da308988df8;  2 drivers
RS_0x7da3089885e8 .resolv tri, L_0x5555630bdf80, L_0x5555630be7d0, L_0x5555630be910;
v0x555562cf6f20_0 .net8 "w11", 0 0, RS_0x7da3089885e8;  3 drivers
v0x555562cf6ff0_0 .net "w12", 0 0, L_0x5555630be080;  1 drivers
v0x555562cf70c0_0 .net8 "w13", 0 0, RS_0x7da308988e28;  2 drivers
RS_0x7da308988618 .resolv tri, L_0x5555630be010, L_0x5555630bec10, L_0x5555630bed30;
v0x555562ce9580_0 .net8 "w14", 0 0, RS_0x7da308988618;  3 drivers
v0x555562ce9620_0 .net "w15", 0 0, L_0x5555630bf280;  1 drivers
v0x555562ce96f0_0 .net "w16", 0 0, L_0x5555630bff30;  1 drivers
v0x555562ce97c0_0 .net "w17", 0 0, L_0x5555630c0d70;  1 drivers
v0x555562ce9890_0 .net "w2", 0 0, L_0x5555630bd7b0;  1 drivers
v0x555562ce9960_0 .net "w3", 0 0, L_0x5555630bd980;  1 drivers
v0x555562ce1c80_0 .net "w4", 0 0, L_0x5555630bda40;  1 drivers
v0x555562ce1d50_0 .net "w5", 0 0, L_0x5555630bdb00;  1 drivers
v0x555562ce1e20_0 .net "w6", 0 0, L_0x5555630bdbc0;  1 drivers
v0x555562ce1ef0_0 .net "w7", 0 0, L_0x5555630bdc80;  1 drivers
v0x555562ce1fc0_0 .net "w8", 0 0, L_0x5555630bdd40;  1 drivers
v0x555562ce2090_0 .net "w9", 0 0, L_0x5555630bddb0;  1 drivers
S_0x555562dd0b30 .scope module, "v73ef4d" "v22d161" 3 754, 3 770 0, S_0x555562dd09a0;
 .timescale -12 -12;
    .port_info 0 /INPUT 1 "vc574c7";
    .port_info 1 /INPUT 1 "vddbbcb";
    .port_info 2 /INPUT 1 "ve79f44";
    .port_info 3 /INPUT 1 "v9ef2ab";
    .port_info 4 /INPUT 1 "v5d7f47";
    .port_info 5 /OUTPUT 1 "vb07df5";
L_0x5555630c0910 .functor BUFZ 1, L_0x5555630bdb00, C4<0>, C4<0>, C4<0>;
L_0x5555630c0a10 .functor BUFZ 1, L_0x5555630bd7b0, C4<0>, C4<0>, C4<0>;
L_0x5555630c0af0 .functor BUFZ 1, L_0x5555630bdc80, C4<0>, C4<0>, C4<0>;
L_0x5555630c0bd0 .functor BUFZ 1, L_0x5555630be080, C4<0>, C4<0>, C4<0>;
L_0x5555630c0cb0 .functor BUFZ 1, L_0x5555630bddb0, C4<0>, C4<0>, C4<0>;
L_0x5555630c0d70 .functor BUFZ 1, L_0x5555630c12f0, C4<0>, C4<0>, C4<0>;
v0x555562db55a0_0 .net "v5d7f47", 0 0, L_0x5555630bddb0;  alias, 1 drivers
v0x555562db5680_0 .net "v9ef2ab", 0 0, L_0x5555630be080;  alias, 1 drivers
v0x555562db5740_0 .net "vb07df5", 0 0, L_0x5555630c0d70;  alias, 1 drivers
v0x555562db57e0_0 .net "vc574c7", 0 0, L_0x5555630bd7b0;  alias, 1 drivers
v0x555562db7250_0 .net "vddbbcb", 0 0, L_0x5555630bdb00;  alias, 1 drivers
v0x555562db7360_0 .net "ve79f44", 0 0, L_0x5555630bdc80;  alias, 1 drivers
v0x555562db7420_0 .net "w0", 0 0, L_0x5555630c0910;  1 drivers
v0x555562db74c0_0 .net "w1", 0 0, L_0x5555630c0a10;  1 drivers
v0x555562db7590_0 .net "w2", 0 0, L_0x5555630c0e90;  1 drivers
v0x555562dcd1a0_0 .net "w3", 0 0, L_0x5555630c0af0;  1 drivers
v0x555562dcd240_0 .net "w4", 0 0, L_0x5555630c0bd0;  1 drivers
v0x555562dcd310_0 .net "w5", 0 0, L_0x5555630c0cb0;  1 drivers
v0x555562dcd3e0_0 .net "w6", 0 0, L_0x5555630c12f0;  1 drivers
S_0x555562dd3ef0 .scope module, "vd2fa96" "vc1653f" 3 797, 3 811 0, S_0x555562dd0b30;
 .timescale -12 -12;
    .port_info 0 /INPUT 1 "vd646f9";
    .port_info 1 /INPUT 1 "vfe17e9";
    .port_info 2 /INPUT 1 "ve50a7b";
    .port_info 3 /OUTPUT 1 "v875293";
L_0x5555630c12f0 .functor BUFZ 1, L_0x5555630c16d0, C4<0>, C4<0>, C4<0>;
L_0x5555630c13f0 .functor BUFZ 1, L_0x5555630c0cb0, C4<0>, C4<0>, C4<0>;
L_0x5555630c14d0 .functor BUFZ 1, L_0x5555630c0e90, C4<0>, C4<0>, C4<0>;
L_0x5555630c1640 .functor BUFZ 1, L_0x5555630c0af0, C4<0>, C4<0>, C4<0>;
v0x555562dbd5d0_0 .net "v875293", 0 0, L_0x5555630c12f0;  alias, 1 drivers
v0x555562dbf5c0_0 .net "vd646f9", 0 0, L_0x5555630c0af0;  alias, 1 drivers
v0x555562dbf680_0 .net "ve50a7b", 0 0, L_0x5555630c0cb0;  alias, 1 drivers
v0x555562dbf720_0 .net "vfe17e9", 0 0, L_0x5555630c0e90;  alias, 1 drivers
v0x555562dbf7e0_0 .net "w0", 0 0, L_0x5555630c16d0;  1 drivers
v0x555562dbf8d0_0 .net "w1", 0 0, L_0x5555630c13f0;  1 drivers
v0x555562dbf9a0_0 .net "w2", 0 0, L_0x5555630c14d0;  1 drivers
v0x555562da4290_0 .net "w3", 0 0, L_0x5555630c1640;  1 drivers
S_0x555562dd40f0 .scope module, "v4d0636" "vc1653f_v4d0636" 3 825, 3 839 0, S_0x555562dd3ef0;
 .timescale -12 -12;
    .port_info 0 /INPUT 1 "i1";
    .port_info 1 /INPUT 1 "i0";
    .port_info 2 /INPUT 1 "sel";
    .port_info 3 /OUTPUT 1 "o";
v0x555562dbd1f0_0 .net "i0", 0 0, L_0x5555630c14d0;  alias, 1 drivers
v0x555562dbd2d0_0 .net "i1", 0 0, L_0x5555630c1640;  alias, 1 drivers
v0x555562dbd390_0 .net "o", 0 0, L_0x5555630c16d0;  alias, 1 drivers
v0x555562dbd460_0 .net "sel", 0 0, L_0x5555630c13f0;  alias, 1 drivers
L_0x5555630c16d0 .functor MUXZ 1, L_0x5555630c14d0, L_0x5555630c1640, L_0x5555630c13f0, C4<>;
S_0x555562da4390 .scope module, "vf9b6b0" "vc1653f" 3 791, 3 811 0, S_0x555562dd0b30;
 .timescale -12 -12;
    .port_info 0 /INPUT 1 "vd646f9";
    .port_info 1 /INPUT 1 "vfe17e9";
    .port_info 2 /INPUT 1 "ve50a7b";
    .port_info 3 /OUTPUT 1 "v875293";
L_0x5555630c0e90 .functor BUFZ 1, L_0x5555630c1230, C4<0>, C4<0>, C4<0>;
L_0x5555630c0f90 .functor BUFZ 1, L_0x5555630c0bd0, C4<0>, C4<0>, C4<0>;
L_0x5555630c1070 .functor BUFZ 1, L_0x5555630c0a10, C4<0>, C4<0>, C4<0>;
L_0x5555630c1150 .functor BUFZ 1, L_0x5555630c0910, C4<0>, C4<0>, C4<0>;
v0x555562dcc3b0_0 .net "v875293", 0 0, L_0x5555630c0e90;  alias, 1 drivers
v0x555562dcc470_0 .net "vd646f9", 0 0, L_0x5555630c0910;  alias, 1 drivers
v0x555562dcc510_0 .net "ve50a7b", 0 0, L_0x5555630c0bd0;  alias, 1 drivers
v0x555562dcc5e0_0 .net "vfe17e9", 0 0, L_0x5555630c0a10;  alias, 1 drivers
v0x555562dcc6a0_0 .net "w0", 0 0, L_0x5555630c1230;  1 drivers
v0x555562dcc740_0 .net "w1", 0 0, L_0x5555630c0f90;  1 drivers
v0x555562db53d0_0 .net "w2", 0 0, L_0x5555630c1070;  1 drivers
v0x555562db54a0_0 .net "w3", 0 0, L_0x5555630c1150;  1 drivers
S_0x555562da45d0 .scope module, "v4d0636" "vc1653f_v4d0636" 3 825, 3 839 0, S_0x555562da4390;
 .timescale -12 -12;
    .port_info 0 /INPUT 1 "i1";
    .port_info 1 /INPUT 1 "i0";
    .port_info 2 /INPUT 1 "sel";
    .port_info 3 /OUTPUT 1 "o";
v0x555562dcaa00_0 .net "i0", 0 0, L_0x5555630c1070;  alias, 1 drivers
v0x555562dcaac0_0 .net "i1", 0 0, L_0x5555630c1150;  alias, 1 drivers
v0x555562dcab80_0 .net "o", 0 0, L_0x5555630c1230;  alias, 1 drivers
v0x555562dcac50_0 .net "sel", 0 0, L_0x5555630c0f90;  alias, 1 drivers
L_0x5555630c1230 .functor MUXZ 1, L_0x5555630c1070, L_0x5555630c1150, L_0x5555630c0f90, C4<>;
S_0x555562dcd4d0 .scope module, "v8768c4" "v22d161" 3 738, 3 770 0, S_0x555562dd09a0;
 .timescale -12 -12;
    .port_info 0 /INPUT 1 "vc574c7";
    .port_info 1 /INPUT 1 "vddbbcb";
    .port_info 2 /INPUT 1 "ve79f44";
    .port_info 3 /INPUT 1 "v9ef2ab";
    .port_info 4 /INPUT 1 "v5d7f47";
    .port_info 5 /OUTPUT 1 "vb07df5";
L_0x5555630befb0 .functor BUFZ 1, L_0x5555630bd980, C4<0>, C4<0>, C4<0>;
L_0x5555630bf060 .functor BUFZ 1, L_0x5555630bd520, C4<0>, C4<0>, C4<0>;
L_0x5555630bf0f0 .functor BUFZ 1, L_0x5555630bdd40, C4<0>, C4<0>, C4<0>;
L_0x5555630bf180 .functor BUFZ 1, RS_0x7da308988618, C4<0>, C4<0>, C4<0>;
L_0x5555630bf210 .functor BUFZ 1, RS_0x7da3089885e8, C4<0>, C4<0>, C4<0>;
L_0x5555630bf280 .functor BUFZ 1, L_0x5555630bf6d0, C4<0>, C4<0>, C4<0>;
v0x555562da0eb0_0 .net8 "v5d7f47", 0 0, RS_0x7da3089885e8;  alias, 3 drivers
v0x555562da0f90_0 .net8 "v9ef2ab", 0 0, RS_0x7da308988618;  alias, 3 drivers
v0x555562da1050_0 .net "vb07df5", 0 0, L_0x5555630bf280;  alias, 1 drivers
v0x555562da3140_0 .net "vc574c7", 0 0, L_0x5555630bd520;  alias, 1 drivers
v0x555562da31e0_0 .net "vddbbcb", 0 0, L_0x5555630bd980;  alias, 1 drivers
v0x555562da32f0_0 .net "ve79f44", 0 0, L_0x5555630bdd40;  alias, 1 drivers
v0x555562da33b0_0 .net "w0", 0 0, L_0x5555630befb0;  1 drivers
v0x555562da3450_0 .net "w1", 0 0, L_0x5555630bf060;  1 drivers
v0x555562da3520_0 .net "w2", 0 0, L_0x5555630bf310;  1 drivers
v0x555562d85d00_0 .net "w3", 0 0, L_0x5555630bf0f0;  1 drivers
v0x555562d85da0_0 .net "w4", 0 0, L_0x5555630bf180;  1 drivers
v0x555562d85e70_0 .net "w5", 0 0, L_0x5555630bf210;  1 drivers
v0x555562d85f40_0 .net "w6", 0 0, L_0x5555630bf6d0;  1 drivers
S_0x555562dcf8a0 .scope module, "vd2fa96" "vc1653f" 3 797, 3 811 0, S_0x555562dcd4d0;
 .timescale -12 -12;
    .port_info 0 /INPUT 1 "vd646f9";
    .port_info 1 /INPUT 1 "vfe17e9";
    .port_info 2 /INPUT 1 "ve50a7b";
    .port_info 3 /OUTPUT 1 "v875293";
L_0x5555630bf6d0 .functor BUFZ 1, L_0x5555630ae030, C4<0>, C4<0>, C4<0>;
L_0x5555630bf7d0 .functor BUFZ 1, L_0x5555630bf210, C4<0>, C4<0>, C4<0>;
L_0x5555630bf8b0 .functor BUFZ 1, L_0x5555630bf310, C4<0>, C4<0>, C4<0>;
L_0x5555630bfa20 .functor BUFZ 1, L_0x5555630bf0f0, C4<0>, C4<0>, C4<0>;
v0x555562daa0f0_0 .net "v875293", 0 0, L_0x5555630bf6d0;  alias, 1 drivers
v0x555562daa1d0_0 .net "vd646f9", 0 0, L_0x5555630bf0f0;  alias, 1 drivers
v0x555562daa290_0 .net "ve50a7b", 0 0, L_0x5555630bf210;  alias, 1 drivers
v0x555562daa330_0 .net "vfe17e9", 0 0, L_0x5555630bf310;  alias, 1 drivers
v0x555562daa3f0_0 .net "w0", 0 0, L_0x5555630ae030;  1 drivers
v0x555562daa4e0_0 .net "w1", 0 0, L_0x5555630bf7d0;  1 drivers
v0x555562db80e0_0 .net "w2", 0 0, L_0x5555630bf8b0;  1 drivers
v0x555562db81b0_0 .net "w3", 0 0, L_0x5555630bfa20;  1 drivers
S_0x555562dcfac0 .scope module, "v4d0636" "vc1653f_v4d0636" 3 825, 3 839 0, S_0x555562dcf8a0;
 .timescale -12 -12;
    .port_info 0 /INPUT 1 "i1";
    .port_info 1 /INPUT 1 "i0";
    .port_info 2 /INPUT 1 "sel";
    .port_info 3 /OUTPUT 1 "o";
v0x555562dd5790_0 .net "i0", 0 0, L_0x5555630bf8b0;  alias, 1 drivers
v0x555562dd5870_0 .net "i1", 0 0, L_0x5555630bfa20;  alias, 1 drivers
v0x555562dd5930_0 .net "o", 0 0, L_0x5555630ae030;  alias, 1 drivers
v0x555562dd59d0_0 .net "sel", 0 0, L_0x5555630bf7d0;  alias, 1 drivers
L_0x5555630ae030 .functor MUXZ 1, L_0x5555630bf8b0, L_0x5555630bfa20, L_0x5555630bf7d0, C4<>;
S_0x555562db82b0 .scope module, "vf9b6b0" "vc1653f" 3 791, 3 811 0, S_0x555562dcd4d0;
 .timescale -12 -12;
    .port_info 0 /INPUT 1 "vd646f9";
    .port_info 1 /INPUT 1 "vfe17e9";
    .port_info 2 /INPUT 1 "ve50a7b";
    .port_info 3 /OUTPUT 1 "v875293";
L_0x5555630bf310 .functor BUFZ 1, L_0x5555630be6a0, C4<0>, C4<0>, C4<0>;
L_0x5555630bf410 .functor BUFZ 1, L_0x5555630bf180, C4<0>, C4<0>, C4<0>;
L_0x5555630bf4f0 .functor BUFZ 1, L_0x5555630bf060, C4<0>, C4<0>, C4<0>;
L_0x5555630bf5d0 .functor BUFZ 1, L_0x5555630befb0, C4<0>, C4<0>, C4<0>;
v0x555562db4680_0 .net "v875293", 0 0, L_0x5555630bf310;  alias, 1 drivers
v0x555562db4740_0 .net "vd646f9", 0 0, L_0x5555630befb0;  alias, 1 drivers
v0x555562db47e0_0 .net "ve50a7b", 0 0, L_0x5555630bf180;  alias, 1 drivers
v0x555562db48b0_0 .net "vfe17e9", 0 0, L_0x5555630bf060;  alias, 1 drivers
v0x555562db4970_0 .net "w0", 0 0, L_0x5555630be6a0;  1 drivers
v0x555562da0c40_0 .net "w1", 0 0, L_0x5555630bf410;  1 drivers
v0x555562da0ce0_0 .net "w2", 0 0, L_0x5555630bf4f0;  1 drivers
v0x555562da0db0_0 .net "w3", 0 0, L_0x5555630bf5d0;  1 drivers
S_0x555562db26c0 .scope module, "v4d0636" "vc1653f_v4d0636" 3 825, 3 839 0, S_0x555562db82b0;
 .timescale -12 -12;
    .port_info 0 /INPUT 1 "i1";
    .port_info 1 /INPUT 1 "i0";
    .port_info 2 /INPUT 1 "sel";
    .port_info 3 /OUTPUT 1 "o";
v0x555562db2960_0 .net "i0", 0 0, L_0x5555630bf4f0;  alias, 1 drivers
v0x555562db2a40_0 .net "i1", 0 0, L_0x5555630bf5d0;  alias, 1 drivers
v0x555562db84b0_0 .net "o", 0 0, L_0x5555630be6a0;  alias, 1 drivers
v0x555562db4540_0 .net "sel", 0 0, L_0x5555630bf410;  alias, 1 drivers
L_0x5555630be6a0 .functor MUXZ 1, L_0x5555630bf4f0, L_0x5555630bf5d0, L_0x5555630bf410, C4<>;
S_0x555562d86010 .scope module, "vbe0dd1" "v22d161" 3 746, 3 770 0, S_0x555562dd09a0;
 .timescale -12 -12;
    .port_info 0 /INPUT 1 "vc574c7";
    .port_info 1 /INPUT 1 "vddbbcb";
    .port_info 2 /INPUT 1 "ve79f44";
    .port_info 3 /INPUT 1 "v9ef2ab";
    .port_info 4 /INPUT 1 "v5d7f47";
    .port_info 5 /OUTPUT 1 "vb07df5";
L_0x5555630bfad0 .functor BUFZ 1, L_0x5555630bda40, C4<0>, C4<0>, C4<0>;
L_0x5555630bfbd0 .functor BUFZ 1, L_0x5555630bd5e0, C4<0>, C4<0>, C4<0>;
L_0x5555630bfcb0 .functor BUFZ 1, L_0x5555630bdbc0, C4<0>, C4<0>, C4<0>;
L_0x5555630bfd90 .functor BUFZ 1, RS_0x7da308988e28, C4<0>, C4<0>, C4<0>;
L_0x5555630bfe70 .functor BUFZ 1, RS_0x7da308988df8, C4<0>, C4<0>, C4<0>;
L_0x5555630bff30 .functor BUFZ 1, L_0x5555630c0470, C4<0>, C4<0>, C4<0>;
v0x555562ccdb70_0 .net8 "v5d7f47", 0 0, RS_0x7da308988df8;  alias, 2 drivers
v0x555562ccdc30_0 .net8 "v9ef2ab", 0 0, RS_0x7da308988e28;  alias, 2 drivers
v0x555562cd5490_0 .net "vb07df5", 0 0, L_0x5555630bff30;  alias, 1 drivers
v0x555562cd5530_0 .net "vc574c7", 0 0, L_0x5555630bd5e0;  alias, 1 drivers
v0x555562cd55f0_0 .net "vddbbcb", 0 0, L_0x5555630bda40;  alias, 1 drivers
v0x555562cd5700_0 .net "ve79f44", 0 0, L_0x5555630bdbc0;  alias, 1 drivers
v0x555562cd57c0_0 .net "w0", 0 0, L_0x5555630bfad0;  1 drivers
v0x555562cd5860_0 .net "w1", 0 0, L_0x5555630bfbd0;  1 drivers
v0x555562cd1590_0 .net "w2", 0 0, L_0x5555630c0010;  1 drivers
v0x555562cd16c0_0 .net "w3", 0 0, L_0x5555630bfcb0;  1 drivers
v0x555562cd1760_0 .net "w4", 0 0, L_0x5555630bfd90;  1 drivers
v0x555562cd1830_0 .net "w5", 0 0, L_0x5555630bfe70;  1 drivers
v0x555562cd1900_0 .net "w6", 0 0, L_0x5555630c0470;  1 drivers
S_0x555562d882d0 .scope module, "vd2fa96" "vc1653f" 3 797, 3 811 0, S_0x555562d86010;
 .timescale -12 -12;
    .port_info 0 /INPUT 1 "vd646f9";
    .port_info 1 /INPUT 1 "vfe17e9";
    .port_info 2 /INPUT 1 "ve50a7b";
    .port_info 3 /OUTPUT 1 "v875293";
L_0x5555630c0470 .functor BUFZ 1, L_0x5555630c0850, C4<0>, C4<0>, C4<0>;
L_0x5555630c0570 .functor BUFZ 1, L_0x5555630bfe70, C4<0>, C4<0>, C4<0>;
L_0x5555630c0650 .functor BUFZ 1, L_0x5555630c0010, C4<0>, C4<0>, C4<0>;
L_0x5555630c07c0 .functor BUFZ 1, L_0x5555630bfcb0, C4<0>, C4<0>, C4<0>;
v0x555562cbb890_0 .net "v875293", 0 0, L_0x5555630c0470;  alias, 1 drivers
v0x555562cbb970_0 .net "vd646f9", 0 0, L_0x5555630bfcb0;  alias, 1 drivers
v0x555562cbba30_0 .net "ve50a7b", 0 0, L_0x5555630bfe70;  alias, 1 drivers
v0x555562cbbad0_0 .net "vfe17e9", 0 0, L_0x5555630c0010;  alias, 1 drivers
v0x555562ce4ff0_0 .net "w0", 0 0, L_0x5555630c0850;  1 drivers
v0x555562ce50e0_0 .net "w1", 0 0, L_0x5555630c0570;  1 drivers
v0x555562ce51b0_0 .net "w2", 0 0, L_0x5555630c0650;  1 drivers
v0x555562ce5280_0 .net "w3", 0 0, L_0x5555630c07c0;  1 drivers
S_0x555562dc0c90 .scope module, "v4d0636" "vc1653f_v4d0636" 3 825, 3 839 0, S_0x555562d882d0;
 .timescale -12 -12;
    .port_info 0 /INPUT 1 "i1";
    .port_info 1 /INPUT 1 "i0";
    .port_info 2 /INPUT 1 "sel";
    .port_info 3 /OUTPUT 1 "o";
v0x555562dc0f50_0 .net "i0", 0 0, L_0x5555630c0650;  alias, 1 drivers
v0x555562dc1030_0 .net "i1", 0 0, L_0x5555630c07c0;  alias, 1 drivers
v0x555562d88570_0 .net "o", 0 0, L_0x5555630c0850;  alias, 1 drivers
v0x555562cbb720_0 .net "sel", 0 0, L_0x5555630c0570;  alias, 1 drivers
L_0x5555630c0850 .functor MUXZ 1, L_0x5555630c0650, L_0x5555630c07c0, L_0x5555630c0570, C4<>;
S_0x555562cca050 .scope module, "vf9b6b0" "vc1653f" 3 791, 3 811 0, S_0x555562d86010;
 .timescale -12 -12;
    .port_info 0 /INPUT 1 "vd646f9";
    .port_info 1 /INPUT 1 "vfe17e9";
    .port_info 2 /INPUT 1 "ve50a7b";
    .port_info 3 /OUTPUT 1 "v875293";
L_0x5555630c0010 .functor BUFZ 1, L_0x5555630c03b0, C4<0>, C4<0>, C4<0>;
L_0x5555630c0110 .functor BUFZ 1, L_0x5555630bfd90, C4<0>, C4<0>, C4<0>;
L_0x5555630c01f0 .functor BUFZ 1, L_0x5555630bfbd0, C4<0>, C4<0>, C4<0>;
L_0x5555630c02d0 .functor BUFZ 1, L_0x5555630bfad0, C4<0>, C4<0>, C4<0>;
v0x555562cc6a90_0 .net "v875293", 0 0, L_0x5555630c0010;  alias, 1 drivers
v0x555562cc6b50_0 .net "vd646f9", 0 0, L_0x5555630bfad0;  alias, 1 drivers
v0x555562cc6bf0_0 .net "ve50a7b", 0 0, L_0x5555630bfd90;  alias, 1 drivers
v0x555562cc6cc0_0 .net "vfe17e9", 0 0, L_0x5555630bfbd0;  alias, 1 drivers
v0x555562ccd7e0_0 .net "w0", 0 0, L_0x5555630c03b0;  1 drivers
v0x555562ccd8d0_0 .net "w1", 0 0, L_0x5555630c0110;  1 drivers
v0x555562ccd9a0_0 .net "w2", 0 0, L_0x5555630c01f0;  1 drivers
v0x555562ccda70_0 .net "w3", 0 0, L_0x5555630c02d0;  1 drivers
S_0x555562cca250 .scope module, "v4d0636" "vc1653f_v4d0636" 3 825, 3 839 0, S_0x555562cca050;
 .timescale -12 -12;
    .port_info 0 /INPUT 1 "i1";
    .port_info 1 /INPUT 1 "i0";
    .port_info 2 /INPUT 1 "sel";
    .port_info 3 /OUTPUT 1 "o";
v0x555562ce5380_0 .net "i0", 0 0, L_0x5555630c01f0;  alias, 1 drivers
v0x555562ce5460_0 .net "i1", 0 0, L_0x5555630c02d0;  alias, 1 drivers
v0x555562cc6850_0 .net "o", 0 0, L_0x5555630c03b0;  alias, 1 drivers
v0x555562cc6920_0 .net "sel", 0 0, L_0x5555630c0110;  alias, 1 drivers
L_0x5555630c03b0 .functor MUXZ 1, L_0x5555630c01f0, L_0x5555630c02d0, L_0x5555630c0110, C4<>;
S_0x555562cef540 .scope module, "v405fff" "vd30ca9" 3 369, 3 1184 0, S_0x555562fc5440;
 .timescale -12 -12;
    .port_info 0 /OUTPUT 1 "v9fb85f";
L_0x7da30892dc78 .functor BUFT 1, C4<0>, C4<0>, C4<0>, C4<0>;
L_0x5555630c9450 .functor BUFZ 1, L_0x7da30892dc78, C4<0>, C4<0>, C4<0>;
v0x555562cef9a0_0 .net "v9fb85f", 0 0, L_0x5555630c9450;  alias, 1 drivers
v0x555562c48b30_0 .net "w0", 0 0, L_0x7da30892dc78;  1 drivers
S_0x555562cef6d0 .scope module, "vb2eccd" "vd30ca9_vb2eccd" 3 1189, 3 1200 0, S_0x555562cef540;
 .timescale -12 -12;
    .port_info 0 /OUTPUT 1 "q";
v0x555562cef8e0_0 .net "q", 0 0, L_0x7da30892dc78;  alias, 1 drivers
S_0x555562c48c00 .scope module, "v483e69" "v3676a0" 3 305, 3 608 0, S_0x555562fc5440;
 .timescale -12 -12;
    .port_info 0 /INPUT 1 "v0e28cb";
    .port_info 1 /OUTPUT 1 "vcbab45";
L_0x5555630bc4e0 .functor BUFZ 1, RS_0x7da308989668, C4<0>, C4<0>, C4<0>;
L_0x5555630bc5a0 .functor BUFZ 1, L_0x5555630bc660, C4<0>, C4<0>, C4<0>;
v0x555562c53410_0 .net8 "v0e28cb", 0 0, RS_0x7da308989668;  alias, 3 drivers
v0x555562c534d0_0 .net "vcbab45", 0 0, L_0x5555630bc5a0;  alias, 1 drivers
v0x555562c53590_0 .net "w0", 0 0, L_0x5555630bc4e0;  1 drivers
v0x555562c53660_0 .net "w1", 0 0, L_0x5555630bc660;  1 drivers
S_0x555562c48e30 .scope module, "vd54ca1" "v3676a0_vd54ca1" 3 616, 3 628 0, S_0x555562c48c00;
 .timescale -12 -12;
    .port_info 0 /INPUT 1 "a";
    .port_info 1 /OUTPUT 1 "q";
L_0x5555630bc660 .functor NOT 1, L_0x5555630bc4e0, C4<0>, C4<0>, C4<0>;
v0x555562c53210_0 .net "a", 0 0, L_0x5555630bc4e0;  alias, 1 drivers
v0x555562c532f0_0 .net "q", 0 0, L_0x5555630bc660;  alias, 1 drivers
S_0x555562c50050 .scope module, "v48c021" "v74c286" 3 343, 3 850 0, S_0x555562fc5440;
 .timescale -12 -12;
    .port_info 0 /INPUT 1 "v66bbf1";
    .port_info 1 /INPUT 1 "v635938";
    .port_info 2 /INPUT 1 "vb772be";
    .port_info 3 /INPUT 1 "v26e436";
    .port_info 4 /INPUT 1 "va4ae88";
    .port_info 5 /INPUT 1 "v25b854";
    .port_info 6 /INPUT 1 "v464cc6";
    .port_info 7 /OUTPUT 1 "v921d60";
    .port_info 8 /OUTPUT 1 "v53e727";
    .port_info 9 /OUTPUT 1 "v49c067";
L_0x5555630c1790 .functor BUFZ 1, L_0x5555630c8380, C4<0>, C4<0>, C4<0>;
L_0x5555630c1890 .functor BUFZ 1, L_0x5555630adf00, C4<0>, C4<0>, C4<0>;
L_0x5555630c1970 .functor BUFZ 1, L_0x5555630c84b0, C4<0>, C4<0>, C4<0>;
L_0x5555630c1a50 .functor BUFZ 1, L_0x5555630c9310, C4<0>, C4<0>, C4<0>;
L_0x5555630c1b30 .functor BUFZ 1, L_0x5555630c82f0, C4<0>, C4<0>, C4<0>;
L_0x5555630c1bf0 .functor BUFZ 1, L_0x5555630c9450, C4<0>, C4<0>, C4<0>;
L_0x5555630c1d60 .functor BUFZ 1, L_0x5555630c4370, C4<0>, C4<0>, C4<0>;
L_0x5555630c1e80 .functor BUFZ 1, L_0x5555630c2450, C4<0>, C4<0>, C4<0>;
L_0x5555630c1ff0 .functor BUFZ 1, L_0x5555630c61a0, C4<0>, C4<0>, C4<0>;
o0x7da30898bc78 .functor BUFZ 1, C4<z>; HiZ drive
L_0x5555630c2110 .functor BUFZ 1, o0x7da30898bc78, C4<0>, C4<0>, C4<0>;
v0x5555630626b0_0 .net "v25b854", 0 0, L_0x5555630c8380;  alias, 1 drivers
v0x555563062750_0 .net "v26e436", 0 0, L_0x5555630c9450;  alias, 1 drivers
v0x5555630627f0_0 .net "v464cc6", 0 0, L_0x5555630c82f0;  alias, 1 drivers
v0x555563062890_0 .net "v49c067", 0 0, L_0x5555630c1ff0;  alias, 1 drivers
v0x555563062930_0 .net "v53e727", 0 0, L_0x5555630c1d60;  alias, 1 drivers
v0x5555630629d0_0 .net "v635938", 0 0, L_0x5555630c9310;  alias, 1 drivers
v0x555563062a70_0 .net "v66bbf1", 0 0, o0x7da30898bc78;  0 drivers
v0x555563062b10_0 .net "v921d60", 0 0, L_0x5555630c1e80;  alias, 1 drivers
v0x555563062bb0_0 .net "va4ae88", 0 0, L_0x5555630c84b0;  alias, 1 drivers
v0x555563062c50_0 .net "vb772be", 0 0, L_0x5555630adf00;  alias, 1 drivers
v0x555563062cf0_0 .net "w0", 0 0, L_0x5555630c4750;  1 drivers
v0x555563062d90_0 .net "w1", 0 0, L_0x5555630c28c0;  1 drivers
v0x555563062e30_0 .net "w10", 0 0, L_0x5555630c61a0;  1 drivers
v0x555563062ed0_0 .net "w11", 0 0, L_0x5555630c2110;  1 drivers
v0x555563062f70_0 .net "w2", 0 0, L_0x5555630c1790;  1 drivers
v0x555563063010_0 .net "w3", 0 0, L_0x5555630c1890;  1 drivers
v0x5555630630b0_0 .net "w4", 0 0, L_0x5555630c1970;  1 drivers
v0x555563063260_0 .net "w5", 0 0, L_0x5555630c1a50;  1 drivers
v0x555563063300_0 .net "w6", 0 0, L_0x5555630c1b30;  1 drivers
v0x5555630633a0_0 .net "w7", 0 0, L_0x5555630c1bf0;  1 drivers
v0x555563063440_0 .net "w8", 0 0, L_0x5555630c4370;  1 drivers
v0x5555630634e0_0 .net "w9", 0 0, L_0x5555630c2450;  1 drivers
S_0x555562c50230 .scope module, "v313682" "va4ba07" 3 898, 3 912 0, S_0x555562c50050;
 .timescale -12 -12;
    .port_info 0 /INPUT 1 "v7966e4";
    .port_info 1 /INPUT 1 "v64d63b";
    .port_info 2 /INPUT 1 "v380bca";
    .port_info 3 /OUTPUT 1 "v95e619";
    .port_info 4 /OUTPUT 1 "v194f88";
L_0x5555630c5e50 .functor BUFZ 1, L_0x5555630c1b30, C4<0>, C4<0>, C4<0>;
L_0x5555630c5f50 .functor BUFZ 1, L_0x5555630c1bf0, C4<0>, C4<0>, C4<0>;
L_0x5555630c6030 .functor BUFZ 1, L_0x5555630c4750, C4<0>, C4<0>, C4<0>;
L_0x5555630c61a0 .functor BUFZ 1, L_0x5555630c6f90, C4<0>, C4<0>, C4<0>;
L_0x5555630c6230 .functor BUFZ 1, L_0x5555630c4750, C4<0>, C4<0>, C4<0>;
L_0x5555630c62f0 .functor BUFZ 1, L_0x5555630c1bf0, C4<0>, C4<0>, C4<0>;
L_0x5555630c6460 .functor BUFZ 1, L_0x5555630c1b30, C4<0>, C4<0>, C4<0>;
L_0x5555630c6580 .functor BUFZ 1, L_0x5555630c7b20, C4<0>, C4<0>, C4<0>;
L_0x5555630c6660 .functor BUFZ 1, L_0x5555630c6ba0, C4<0>, C4<0>, C4<0>;
L_0x5555630c6720 .functor BUFZ 1, L_0x5555630c6030, C4<0>, C4<0>, C4<0>;
L_0x5555630c67b0 .functor BUFZ 1, L_0x5555630c5f50, C4<0>, C4<0>, C4<0>;
L_0x5555630c6840 .functor BUFZ 1, L_0x5555630c5e50, C4<0>, C4<0>, C4<0>;
v0x555562c5ddc0_0 .net "v194f88", 0 0, L_0x5555630c6580;  1 drivers
v0x555562c5de60_0 .net "v380bca", 0 0, L_0x5555630c4750;  alias, 1 drivers
v0x555562c5df20_0 .net "v64d63b", 0 0, L_0x5555630c1b30;  alias, 1 drivers
v0x555562c5dff0_0 .net "v7966e4", 0 0, L_0x5555630c1bf0;  alias, 1 drivers
v0x555562c59fc0_0 .net "v95e619", 0 0, L_0x5555630c61a0;  alias, 1 drivers
v0x555562c5a0d0_0 .net "w0", 0 0, L_0x5555630c5e50;  1 drivers
v0x555562c5a170_0 .net "w1", 0 0, L_0x5555630c5f50;  1 drivers
RS_0x7da30898a118 .resolv tri, L_0x5555630c6460, L_0x5555630c6840;
v0x555562c5a240_0 .net8 "w10", 0 0, RS_0x7da30898a118;  2 drivers
v0x555562c5a310_0 .net "w11", 0 0, L_0x5555630c7b20;  1 drivers
v0x555562c5a3e0_0 .net "w2", 0 0, L_0x5555630c6030;  1 drivers
v0x555562c563d0_0 .net "w3", 0 0, L_0x5555630c6ba0;  1 drivers
v0x555562c56470_0 .net "w4", 0 0, L_0x5555630c6f90;  1 drivers
v0x555562c56510_0 .net "w5", 0 0, L_0x5555630c6660;  1 drivers
RS_0x7da308989f08 .resolv tri, L_0x5555630c6230, L_0x5555630c6720;
v0x555562c565e0_0 .net8 "w6", 0 0, RS_0x7da308989f08;  2 drivers
v0x555562c566b0_0 .net "w7", 0 0, L_0x5555630c7340;  1 drivers
v0x555562c567a0_0 .net "w8", 0 0, L_0x5555630c7730;  1 drivers
RS_0x7da30898a0e8 .resolv tri, L_0x5555630c62f0, L_0x5555630c67b0;
v0x555562c5beb0_0 .net8 "w9", 0 0, RS_0x7da30898a0e8;  2 drivers
S_0x555562c50410 .scope module, "v2053c6" "v873425" 3 963, 3 1043 0, S_0x555562c50230;
 .timescale -12 -12;
    .port_info 0 /INPUT 1 "v0e28cb";
    .port_info 1 /INPUT 1 "v3ca442";
    .port_info 2 /OUTPUT 1 "vcbab45";
L_0x5555630c7870 .functor BUFZ 1, L_0x5555630c7340, C4<0>, C4<0>, C4<0>;
L_0x5555630c7a00 .functor BUFZ 1, L_0x5555630c7730, C4<0>, C4<0>, C4<0>;
L_0x5555630c7b20 .functor BUFZ 1, L_0x5555630c7bb0, C4<0>, C4<0>, C4<0>;
v0x555562c518c0_0 .net "v0e28cb", 0 0, L_0x5555630c7340;  alias, 1 drivers
v0x555562c51960_0 .net "v3ca442", 0 0, L_0x5555630c7730;  alias, 1 drivers
v0x555562c51a20_0 .net "vcbab45", 0 0, L_0x5555630c7b20;  alias, 1 drivers
v0x555562c51af0_0 .net "w0", 0 0, L_0x5555630c7870;  1 drivers
v0x555562c51bc0_0 .net "w1", 0 0, L_0x5555630c7a00;  1 drivers
v0x555562c51cb0_0 .net "w2", 0 0, L_0x5555630c7bb0;  1 drivers
S_0x555562c54a80 .scope module, "vf4938a" "v873425_vf4938a" 3 1054, 3 1067 0, S_0x555562c50410;
 .timescale -12 -12;
    .port_info 0 /INPUT 1 "a";
    .port_info 1 /INPUT 1 "b";
    .port_info 2 /OUTPUT 1 "c";
L_0x5555630c7bb0 .functor OR 1, L_0x5555630c7870, L_0x5555630c7a00, C4<0>, C4<0>;
v0x555562c54d10_0 .net "a", 0 0, L_0x5555630c7870;  alias, 1 drivers
v0x555562c54df0_0 .net "b", 0 0, L_0x5555630c7a00;  alias, 1 drivers
v0x555562c54eb0_0 .net "c", 0 0, L_0x5555630c7bb0;  alias, 1 drivers
S_0x555562c63730 .scope module, "v49967d" "v18c17a" 3 943, 3 971 0, S_0x555562c50230;
 .timescale -12 -12;
    .port_info 0 /INPUT 1 "v0e28cb";
    .port_info 1 /INPUT 1 "v3ca442";
    .port_info 2 /OUTPUT 1 "vcbab45";
L_0x5555630c6940 .functor BUFZ 1, L_0x5555630c5f50, C4<0>, C4<0>, C4<0>;
L_0x5555630c6a80 .functor BUFZ 1, L_0x5555630c5e50, C4<0>, C4<0>, C4<0>;
L_0x5555630c6ba0 .functor BUFZ 1, L_0x5555630c6cc0, C4<0>, C4<0>, C4<0>;
v0x555562c60780_0 .net "v0e28cb", 0 0, L_0x5555630c5f50;  alias, 1 drivers
v0x555562c60840_0 .net "v3ca442", 0 0, L_0x5555630c5e50;  alias, 1 drivers
v0x555562c60900_0 .net "vcbab45", 0 0, L_0x5555630c6ba0;  alias, 1 drivers
v0x555562c609d0_0 .net "w0", 0 0, L_0x5555630c6940;  1 drivers
v0x555562c64fa0_0 .net "w1", 0 0, L_0x5555630c6a80;  1 drivers
v0x555562c65090_0 .net "w2", 0 0, L_0x5555630c6cc0;  1 drivers
S_0x555562c63910 .scope module, "vf4938a" "v18c17a_vf4938a" 3 982, 3 995 0, S_0x555562c63730;
 .timescale -12 -12;
    .port_info 0 /INPUT 1 "a";
    .port_info 1 /INPUT 1 "b";
    .port_info 2 /OUTPUT 1 "c";
L_0x5555630c6cc0 .functor XOR 1, L_0x5555630c6940, L_0x5555630c6a80, C4<0>, C4<0>;
v0x555562c63ba0_0 .net "a", 0 0, L_0x5555630c6940;  alias, 1 drivers
v0x555562c60570_0 .net "b", 0 0, L_0x5555630c6a80;  alias, 1 drivers
v0x555562c60630_0 .net "c", 0 0, L_0x5555630c6cc0;  alias, 1 drivers
S_0x555562c65160 .scope module, "v811bf6" "v18c17a" 3 948, 3 971 0, S_0x555562c50230;
 .timescale -12 -12;
    .port_info 0 /INPUT 1 "v0e28cb";
    .port_info 1 /INPUT 1 "v3ca442";
    .port_info 2 /OUTPUT 1 "vcbab45";
L_0x5555630c6d70 .functor BUFZ 1, L_0x5555630c6ba0, C4<0>, C4<0>, C4<0>;
L_0x5555630c6e20 .functor BUFZ 1, L_0x5555630c6030, C4<0>, C4<0>, C4<0>;
L_0x5555630c6f90 .functor BUFZ 1, L_0x5555630c7020, C4<0>, C4<0>, C4<0>;
v0x555562c653e0_0 .net "v0e28cb", 0 0, L_0x5555630c6ba0;  alias, 1 drivers
v0x555562c6a490_0 .net "v3ca442", 0 0, L_0x5555630c6030;  alias, 1 drivers
v0x555562c6a530_0 .net "vcbab45", 0 0, L_0x5555630c6f90;  alias, 1 drivers
v0x555562c6a600_0 .net "w0", 0 0, L_0x5555630c6d70;  1 drivers
v0x555562c6a6d0_0 .net "w1", 0 0, L_0x5555630c6e20;  1 drivers
v0x555562c6a7c0_0 .net "w2", 0 0, L_0x5555630c7020;  1 drivers
S_0x555562c61de0 .scope module, "vf4938a" "v18c17a_vf4938a" 3 982, 3 995 0, S_0x555562c65160;
 .timescale -12 -12;
    .port_info 0 /INPUT 1 "a";
    .port_info 1 /INPUT 1 "b";
    .port_info 2 /OUTPUT 1 "c";
L_0x5555630c7020 .functor XOR 1, L_0x5555630c6d70, L_0x5555630c6e20, C4<0>, C4<0>;
v0x555562c62050_0 .net "a", 0 0, L_0x5555630c6d70;  alias, 1 drivers
v0x555562c62130_0 .net "b", 0 0, L_0x5555630c6e20;  alias, 1 drivers
v0x555562c621f0_0 .net "c", 0 0, L_0x5555630c7020;  alias, 1 drivers
S_0x555562c668f0 .scope module, "vd8077b" "vba518e" 3 953, 3 1007 0, S_0x555562c50230;
 .timescale -12 -12;
    .port_info 0 /INPUT 1 "v0e28cb";
    .port_info 1 /INPUT 1 "v3ca442";
    .port_info 2 /OUTPUT 1 "vcbab45";
L_0x5555630c70d0 .functor BUFZ 1, L_0x5555630c6660, C4<0>, C4<0>, C4<0>;
L_0x5555630c71d0 .functor BUFZ 1, RS_0x7da308989f08, C4<0>, C4<0>, C4<0>;
L_0x5555630c7340 .functor BUFZ 1, L_0x5555630c73d0, C4<0>, C4<0>, C4<0>;
v0x555562c6c590_0 .net "v0e28cb", 0 0, L_0x5555630c6660;  alias, 1 drivers
v0x555562c6c650_0 .net8 "v3ca442", 0 0, RS_0x7da308989f08;  alias, 2 drivers
v0x555562c6c710_0 .net "vcbab45", 0 0, L_0x5555630c7340;  alias, 1 drivers
v0x555562c6c810_0 .net "w0", 0 0, L_0x5555630c70d0;  1 drivers
v0x555562c687e0_0 .net "w1", 0 0, L_0x5555630c71d0;  1 drivers
v0x555562c68880_0 .net "w2", 0 0, L_0x5555630c73d0;  1 drivers
S_0x555562c66b40 .scope module, "vf4938a" "vba518e_vf4938a" 3 1018, 3 1031 0, S_0x555562c668f0;
 .timescale -12 -12;
    .port_info 0 /INPUT 1 "a";
    .port_info 1 /INPUT 1 "b";
    .port_info 2 /OUTPUT 1 "c";
L_0x5555630c73d0 .functor AND 1, L_0x5555630c70d0, L_0x5555630c71d0, C4<1>, C4<1>;
v0x555562c6a8b0_0 .net "a", 0 0, L_0x5555630c70d0;  alias, 1 drivers
v0x555562c6c380_0 .net "b", 0 0, L_0x5555630c71d0;  alias, 1 drivers
v0x555562c6c440_0 .net "c", 0 0, L_0x5555630c73d0;  alias, 1 drivers
S_0x555562c68950 .scope module, "vf4cff4" "vba518e" 3 958, 3 1007 0, S_0x555562c50230;
 .timescale -12 -12;
    .port_info 0 /INPUT 1 "v0e28cb";
    .port_info 1 /INPUT 1 "v3ca442";
    .port_info 2 /OUTPUT 1 "vcbab45";
L_0x5555630c7480 .functor BUFZ 1, RS_0x7da30898a0e8, C4<0>, C4<0>, C4<0>;
L_0x5555630c7610 .functor BUFZ 1, RS_0x7da30898a118, C4<0>, C4<0>, C4<0>;
L_0x5555630c7730 .functor BUFZ 1, L_0x5555630c77c0, C4<0>, C4<0>, C4<0>;
v0x555562c5f150_0 .net8 "v0e28cb", 0 0, RS_0x7da30898a0e8;  alias, 2 drivers
v0x555562c5f210_0 .net8 "v3ca442", 0 0, RS_0x7da30898a118;  alias, 2 drivers
v0x555562c5f2d0_0 .net "vcbab45", 0 0, L_0x5555630c7730;  alias, 1 drivers
v0x555562c5db60_0 .net "w0", 0 0, L_0x5555630c7480;  1 drivers
v0x555562c5dc00_0 .net "w1", 0 0, L_0x5555630c7610;  1 drivers
v0x555562c5dcf0_0 .net "w2", 0 0, L_0x5555630c77c0;  1 drivers
S_0x555562c68b80 .scope module, "vf4938a" "vba518e_vf4938a" 3 1018, 3 1031 0, S_0x555562c68950;
 .timescale -12 -12;
    .port_info 0 /INPUT 1 "a";
    .port_info 1 /INPUT 1 "b";
    .port_info 2 /OUTPUT 1 "c";
L_0x5555630c77c0 .functor AND 1, L_0x5555630c7480, L_0x5555630c7610, C4<1>, C4<1>;
v0x555562c5eeb0_0 .net "a", 0 0, L_0x5555630c7480;  alias, 1 drivers
v0x555562c5ef70_0 .net "b", 0 0, L_0x5555630c7610;  alias, 1 drivers
v0x555562c5f030_0 .net "c", 0 0, L_0x5555630c77c0;  alias, 1 drivers
S_0x555562c5c060 .scope module, "v6125f9" "va4ba07" 3 891, 3 912 0, S_0x555562c50050;
 .timescale -12 -12;
    .port_info 0 /INPUT 1 "v7966e4";
    .port_info 1 /INPUT 1 "v64d63b";
    .port_info 2 /INPUT 1 "v380bca";
    .port_info 3 /OUTPUT 1 "v95e619";
    .port_info 4 /OUTPUT 1 "v194f88";
L_0x5555630c4020 .functor BUFZ 1, L_0x5555630c1790, C4<0>, C4<0>, C4<0>;
L_0x5555630c4120 .functor BUFZ 1, L_0x5555630c1890, C4<0>, C4<0>, C4<0>;
L_0x5555630c4200 .functor BUFZ 1, L_0x5555630c28c0, C4<0>, C4<0>, C4<0>;
L_0x5555630c4370 .functor BUFZ 1, L_0x5555630c5180, C4<0>, C4<0>, C4<0>;
L_0x5555630c4400 .functor BUFZ 1, L_0x5555630c28c0, C4<0>, C4<0>, C4<0>;
L_0x5555630c44c0 .functor BUFZ 1, L_0x5555630c1890, C4<0>, C4<0>, C4<0>;
L_0x5555630c4630 .functor BUFZ 1, L_0x5555630c1790, C4<0>, C4<0>, C4<0>;
L_0x5555630c4750 .functor BUFZ 1, L_0x5555630c5d10, C4<0>, C4<0>, C4<0>;
L_0x5555630c4830 .functor BUFZ 1, L_0x5555630c4d90, C4<0>, C4<0>, C4<0>;
L_0x5555630c4910 .functor BUFZ 1, L_0x5555630c4200, C4<0>, C4<0>, C4<0>;
L_0x5555630c49a0 .functor BUFZ 1, L_0x5555630c4120, C4<0>, C4<0>, C4<0>;
L_0x5555630c4a30 .functor BUFZ 1, L_0x5555630c4020, C4<0>, C4<0>, C4<0>;
v0x55556305e200_0 .net "v194f88", 0 0, L_0x5555630c4750;  alias, 1 drivers
v0x55556305e2a0_0 .net "v380bca", 0 0, L_0x5555630c28c0;  alias, 1 drivers
v0x55556305e340_0 .net "v64d63b", 0 0, L_0x5555630c1790;  alias, 1 drivers
v0x55556305e3e0_0 .net "v7966e4", 0 0, L_0x5555630c1890;  alias, 1 drivers
v0x55556305e480_0 .net "v95e619", 0 0, L_0x5555630c4370;  alias, 1 drivers
v0x55556305e520_0 .net "w0", 0 0, L_0x5555630c4020;  1 drivers
v0x55556305e5c0_0 .net "w1", 0 0, L_0x5555630c4120;  1 drivers
RS_0x7da30898ada8 .resolv tri, L_0x5555630c4630, L_0x5555630c4a30;
v0x55556305e660_0 .net8 "w10", 0 0, RS_0x7da30898ada8;  2 drivers
v0x55556305e700_0 .net "w11", 0 0, L_0x5555630c5d10;  1 drivers
v0x55556305e7a0_0 .net "w2", 0 0, L_0x5555630c4200;  1 drivers
v0x55556305e840_0 .net "w3", 0 0, L_0x5555630c4d90;  1 drivers
v0x55556305e8e0_0 .net "w4", 0 0, L_0x5555630c5180;  1 drivers
v0x55556305e980_0 .net "w5", 0 0, L_0x5555630c4830;  1 drivers
RS_0x7da30898ab98 .resolv tri, L_0x5555630c4400, L_0x5555630c4910;
v0x55556305ea20_0 .net8 "w6", 0 0, RS_0x7da30898ab98;  2 drivers
v0x55556305eac0_0 .net "w7", 0 0, L_0x5555630c5530;  1 drivers
v0x55556305eb60_0 .net "w8", 0 0, L_0x5555630c5920;  1 drivers
RS_0x7da30898ad78 .resolv tri, L_0x5555630c44c0, L_0x5555630c49a0;
v0x55556305ec00_0 .net8 "w9", 0 0, RS_0x7da30898ad78;  2 drivers
S_0x555562c5c240 .scope module, "v2053c6" "v873425" 3 963, 3 1043 0, S_0x555562c5c060;
 .timescale -12 -12;
    .port_info 0 /INPUT 1 "v0e28cb";
    .port_info 1 /INPUT 1 "v3ca442";
    .port_info 2 /OUTPUT 1 "vcbab45";
L_0x5555630c5a60 .functor BUFZ 1, L_0x5555630c5530, C4<0>, C4<0>, C4<0>;
L_0x5555630c5bf0 .functor BUFZ 1, L_0x5555630c5920, C4<0>, C4<0>, C4<0>;
L_0x5555630c5d10 .functor BUFZ 1, L_0x5555630c5da0, C4<0>, C4<0>, C4<0>;
v0x555562c4e990_0 .net "v0e28cb", 0 0, L_0x5555630c5530;  alias, 1 drivers
v0x555562c4ea50_0 .net "v3ca442", 0 0, L_0x5555630c5920;  alias, 1 drivers
v0x555562c4eb10_0 .net "vcbab45", 0 0, L_0x5555630c5d10;  alias, 1 drivers
v0x555562c4ebe0_0 .net "w0", 0 0, L_0x5555630c5a60;  1 drivers
v0x555562c4ecb0_0 .net "w1", 0 0, L_0x5555630c5bf0;  1 drivers
v0x555562c4eda0_0 .net "w2", 0 0, L_0x5555630c5da0;  1 drivers
S_0x555562c58310 .scope module, "vf4938a" "v873425_vf4938a" 3 1054, 3 1067 0, S_0x555562c5c240;
 .timescale -12 -12;
    .port_info 0 /INPUT 1 "a";
    .port_info 1 /INPUT 1 "b";
    .port_info 2 /OUTPUT 1 "c";
L_0x5555630c5da0 .functor OR 1, L_0x5555630c5a60, L_0x5555630c5bf0, C4<0>, C4<0>;
v0x555562c58560_0 .net "a", 0 0, L_0x5555630c5a60;  alias, 1 drivers
v0x555562c58640_0 .net "b", 0 0, L_0x5555630c5bf0;  alias, 1 drivers
v0x555562c58700_0 .net "c", 0 0, L_0x5555630c5da0;  alias, 1 drivers
S_0x555562c4d6f0 .scope module, "v49967d" "v18c17a" 3 943, 3 971 0, S_0x555562c5c060;
 .timescale -12 -12;
    .port_info 0 /INPUT 1 "v0e28cb";
    .port_info 1 /INPUT 1 "v3ca442";
    .port_info 2 /OUTPUT 1 "vcbab45";
L_0x5555630c4b30 .functor BUFZ 1, L_0x5555630c4120, C4<0>, C4<0>, C4<0>;
L_0x5555630c4c70 .functor BUFZ 1, L_0x5555630c4020, C4<0>, C4<0>, C4<0>;
L_0x5555630c4d90 .functor BUFZ 1, L_0x5555630c4eb0, C4<0>, C4<0>, C4<0>;
v0x555562cd9580_0 .net "v0e28cb", 0 0, L_0x5555630c4120;  alias, 1 drivers
v0x555562cd9640_0 .net "v3ca442", 0 0, L_0x5555630c4020;  alias, 1 drivers
v0x555562cd9700_0 .net "vcbab45", 0 0, L_0x5555630c4d90;  alias, 1 drivers
v0x555562cd97d0_0 .net "w0", 0 0, L_0x5555630c4b30;  1 drivers
v0x55556305c680_0 .net "w1", 0 0, L_0x5555630c4c70;  1 drivers
v0x55556305c720_0 .net "w2", 0 0, L_0x5555630c4eb0;  1 drivers
S_0x555562c4d8f0 .scope module, "vf4938a" "v18c17a_vf4938a" 3 982, 3 995 0, S_0x555562c4d6f0;
 .timescale -12 -12;
    .port_info 0 /INPUT 1 "a";
    .port_info 1 /INPUT 1 "b";
    .port_info 2 /OUTPUT 1 "c";
L_0x5555630c4eb0 .functor XOR 1, L_0x5555630c4b30, L_0x5555630c4c70, C4<0>, C4<0>;
v0x555562c4db80_0 .net "a", 0 0, L_0x5555630c4b30;  alias, 1 drivers
v0x555562cd9390_0 .net "b", 0 0, L_0x5555630c4c70;  alias, 1 drivers
v0x555562cd9430_0 .net "c", 0 0, L_0x5555630c4eb0;  alias, 1 drivers
S_0x55556305c7c0 .scope module, "v811bf6" "v18c17a" 3 948, 3 971 0, S_0x555562c5c060;
 .timescale -12 -12;
    .port_info 0 /INPUT 1 "v0e28cb";
    .port_info 1 /INPUT 1 "v3ca442";
    .port_info 2 /OUTPUT 1 "vcbab45";
L_0x5555630c4f60 .functor BUFZ 1, L_0x5555630c4d90, C4<0>, C4<0>, C4<0>;
L_0x5555630c5010 .functor BUFZ 1, L_0x5555630c4200, C4<0>, C4<0>, C4<0>;
L_0x5555630c5180 .functor BUFZ 1, L_0x5555630c5210, C4<0>, C4<0>, C4<0>;
v0x55556305ccc0_0 .net "v0e28cb", 0 0, L_0x5555630c4d90;  alias, 1 drivers
v0x55556305cd60_0 .net "v3ca442", 0 0, L_0x5555630c4200;  alias, 1 drivers
v0x55556305ce00_0 .net "vcbab45", 0 0, L_0x5555630c5180;  alias, 1 drivers
v0x55556305cea0_0 .net "w0", 0 0, L_0x5555630c4f60;  1 drivers
v0x55556305cf40_0 .net "w1", 0 0, L_0x5555630c5010;  1 drivers
v0x55556305cfe0_0 .net "w2", 0 0, L_0x5555630c5210;  1 drivers
S_0x55556305c950 .scope module, "vf4938a" "v18c17a_vf4938a" 3 982, 3 995 0, S_0x55556305c7c0;
 .timescale -12 -12;
    .port_info 0 /INPUT 1 "a";
    .port_info 1 /INPUT 1 "b";
    .port_info 2 /OUTPUT 1 "c";
L_0x5555630c5210 .functor XOR 1, L_0x5555630c4f60, L_0x5555630c5010, C4<0>, C4<0>;
v0x55556305cae0_0 .net "a", 0 0, L_0x5555630c4f60;  alias, 1 drivers
v0x55556305cb80_0 .net "b", 0 0, L_0x5555630c5010;  alias, 1 drivers
v0x55556305cc20_0 .net "c", 0 0, L_0x5555630c5210;  alias, 1 drivers
S_0x55556305d080 .scope module, "vd8077b" "vba518e" 3 953, 3 1007 0, S_0x555562c5c060;
 .timescale -12 -12;
    .port_info 0 /INPUT 1 "v0e28cb";
    .port_info 1 /INPUT 1 "v3ca442";
    .port_info 2 /OUTPUT 1 "vcbab45";
L_0x5555630c52c0 .functor BUFZ 1, L_0x5555630c4830, C4<0>, C4<0>, C4<0>;
L_0x5555630c53c0 .functor BUFZ 1, RS_0x7da30898ab98, C4<0>, C4<0>, C4<0>;
L_0x5555630c5530 .functor BUFZ 1, L_0x5555630c55c0, C4<0>, C4<0>, C4<0>;
v0x55556305d580_0 .net "v0e28cb", 0 0, L_0x5555630c4830;  alias, 1 drivers
v0x55556305d620_0 .net8 "v3ca442", 0 0, RS_0x7da30898ab98;  alias, 2 drivers
v0x55556305d6c0_0 .net "vcbab45", 0 0, L_0x5555630c5530;  alias, 1 drivers
v0x55556305d760_0 .net "w0", 0 0, L_0x5555630c52c0;  1 drivers
v0x55556305d800_0 .net "w1", 0 0, L_0x5555630c53c0;  1 drivers
v0x55556305d8a0_0 .net "w2", 0 0, L_0x5555630c55c0;  1 drivers
S_0x55556305d210 .scope module, "vf4938a" "vba518e_vf4938a" 3 1018, 3 1031 0, S_0x55556305d080;
 .timescale -12 -12;
    .port_info 0 /INPUT 1 "a";
    .port_info 1 /INPUT 1 "b";
    .port_info 2 /OUTPUT 1 "c";
L_0x5555630c55c0 .functor AND 1, L_0x5555630c52c0, L_0x5555630c53c0, C4<1>, C4<1>;
v0x55556305d3a0_0 .net "a", 0 0, L_0x5555630c52c0;  alias, 1 drivers
v0x55556305d440_0 .net "b", 0 0, L_0x5555630c53c0;  alias, 1 drivers
v0x55556305d4e0_0 .net "c", 0 0, L_0x5555630c55c0;  alias, 1 drivers
S_0x55556305d940 .scope module, "vf4cff4" "vba518e" 3 958, 3 1007 0, S_0x555562c5c060;
 .timescale -12 -12;
    .port_info 0 /INPUT 1 "v0e28cb";
    .port_info 1 /INPUT 1 "v3ca442";
    .port_info 2 /OUTPUT 1 "vcbab45";
L_0x5555630c5670 .functor BUFZ 1, RS_0x7da30898ad78, C4<0>, C4<0>, C4<0>;
L_0x5555630c5800 .functor BUFZ 1, RS_0x7da30898ada8, C4<0>, C4<0>, C4<0>;
L_0x5555630c5920 .functor BUFZ 1, L_0x5555630c59b0, C4<0>, C4<0>, C4<0>;
v0x55556305de40_0 .net8 "v0e28cb", 0 0, RS_0x7da30898ad78;  alias, 2 drivers
v0x55556305dee0_0 .net8 "v3ca442", 0 0, RS_0x7da30898ada8;  alias, 2 drivers
v0x55556305df80_0 .net "vcbab45", 0 0, L_0x5555630c5920;  alias, 1 drivers
v0x55556305e020_0 .net "w0", 0 0, L_0x5555630c5670;  1 drivers
v0x55556305e0c0_0 .net "w1", 0 0, L_0x5555630c5800;  1 drivers
v0x55556305e160_0 .net "w2", 0 0, L_0x5555630c59b0;  1 drivers
S_0x55556305dad0 .scope module, "vf4938a" "vba518e_vf4938a" 3 1018, 3 1031 0, S_0x55556305d940;
 .timescale -12 -12;
    .port_info 0 /INPUT 1 "a";
    .port_info 1 /INPUT 1 "b";
    .port_info 2 /OUTPUT 1 "c";
L_0x5555630c59b0 .functor AND 1, L_0x5555630c5670, L_0x5555630c5800, C4<1>, C4<1>;
v0x55556305dc60_0 .net "a", 0 0, L_0x5555630c5670;  alias, 1 drivers
v0x55556305dd00_0 .net "b", 0 0, L_0x5555630c5800;  alias, 1 drivers
v0x55556305dda0_0 .net "c", 0 0, L_0x5555630c59b0;  alias, 1 drivers
S_0x55556305edb0 .scope module, "va26080" "va4ba07" 3 884, 3 912 0, S_0x555562c50050;
 .timescale -12 -12;
    .port_info 0 /INPUT 1 "v7966e4";
    .port_info 1 /INPUT 1 "v64d63b";
    .port_info 2 /INPUT 1 "v380bca";
    .port_info 3 /OUTPUT 1 "v95e619";
    .port_info 4 /OUTPUT 1 "v194f88";
L_0x5555630c2200 .functor BUFZ 1, L_0x5555630c1970, C4<0>, C4<0>, C4<0>;
L_0x5555630c2290 .functor BUFZ 1, L_0x5555630c1a50, C4<0>, C4<0>, C4<0>;
L_0x5555630c2370 .functor BUFZ 1, L_0x5555630c2110, C4<0>, C4<0>, C4<0>;
L_0x5555630c2450 .functor BUFZ 1, L_0x5555630c3350, C4<0>, C4<0>, C4<0>;
L_0x5555630c2530 .functor BUFZ 1, L_0x5555630c2110, C4<0>, C4<0>, C4<0>;
L_0x5555630c2680 .functor BUFZ 1, L_0x5555630c1a50, C4<0>, C4<0>, C4<0>;
L_0x5555630c27a0 .functor BUFZ 1, L_0x5555630c1970, C4<0>, C4<0>, C4<0>;
L_0x5555630c28c0 .functor BUFZ 1, L_0x5555630c3ee0, C4<0>, C4<0>, C4<0>;
L_0x5555630c29a0 .functor BUFZ 1, L_0x5555630c2f60, C4<0>, C4<0>, C4<0>;
L_0x5555630c2a80 .functor BUFZ 1, L_0x5555630c2370, C4<0>, C4<0>, C4<0>;
L_0x5555630c2b70 .functor BUFZ 1, L_0x5555630c2290, C4<0>, C4<0>, C4<0>;
L_0x5555630c2c00 .functor BUFZ 1, L_0x5555630c2200, C4<0>, C4<0>, C4<0>;
v0x555563061b00_0 .net "v194f88", 0 0, L_0x5555630c28c0;  alias, 1 drivers
v0x555563061ba0_0 .net "v380bca", 0 0, L_0x5555630c2110;  alias, 1 drivers
v0x555563061c40_0 .net "v64d63b", 0 0, L_0x5555630c1970;  alias, 1 drivers
v0x555563061ce0_0 .net "v7966e4", 0 0, L_0x5555630c1a50;  alias, 1 drivers
v0x555563061d80_0 .net "v95e619", 0 0, L_0x5555630c2450;  alias, 1 drivers
v0x555563061e20_0 .net "w0", 0 0, L_0x5555630c2200;  1 drivers
v0x555563061ec0_0 .net "w1", 0 0, L_0x5555630c2290;  1 drivers
RS_0x7da30898ba08 .resolv tri, L_0x5555630c27a0, L_0x5555630c2c00;
v0x555563061f60_0 .net8 "w10", 0 0, RS_0x7da30898ba08;  2 drivers
v0x555563062000_0 .net "w11", 0 0, L_0x5555630c3ee0;  1 drivers
v0x5555630620a0_0 .net "w2", 0 0, L_0x5555630c2370;  1 drivers
v0x555563062140_0 .net "w3", 0 0, L_0x5555630c2f60;  1 drivers
v0x5555630621e0_0 .net "w4", 0 0, L_0x5555630c3350;  1 drivers
v0x555563062280_0 .net "w5", 0 0, L_0x5555630c29a0;  1 drivers
RS_0x7da30898b7f8 .resolv tri, L_0x5555630c2530, L_0x5555630c2a80;
v0x555563062320_0 .net8 "w6", 0 0, RS_0x7da30898b7f8;  2 drivers
v0x5555630623c0_0 .net "w7", 0 0, L_0x5555630c3700;  1 drivers
v0x555563062460_0 .net "w8", 0 0, L_0x5555630c3af0;  1 drivers
RS_0x7da30898b9d8 .resolv tri, L_0x5555630c2680, L_0x5555630c2b70;
v0x555563062500_0 .net8 "w9", 0 0, RS_0x7da30898b9d8;  2 drivers
S_0x55556305ef40 .scope module, "v2053c6" "v873425" 3 963, 3 1043 0, S_0x55556305edb0;
 .timescale -12 -12;
    .port_info 0 /INPUT 1 "v0e28cb";
    .port_info 1 /INPUT 1 "v3ca442";
    .port_info 2 /OUTPUT 1 "vcbab45";
L_0x5555630c3c30 .functor BUFZ 1, L_0x5555630c3700, C4<0>, C4<0>, C4<0>;
L_0x5555630c3dc0 .functor BUFZ 1, L_0x5555630c3af0, C4<0>, C4<0>, C4<0>;
L_0x5555630c3ee0 .functor BUFZ 1, L_0x5555630c3f70, C4<0>, C4<0>, C4<0>;
v0x55556305f440_0 .net "v0e28cb", 0 0, L_0x5555630c3700;  alias, 1 drivers
v0x55556305f4e0_0 .net "v3ca442", 0 0, L_0x5555630c3af0;  alias, 1 drivers
v0x55556305f580_0 .net "vcbab45", 0 0, L_0x5555630c3ee0;  alias, 1 drivers
v0x55556305f620_0 .net "w0", 0 0, L_0x5555630c3c30;  1 drivers
v0x55556305f6c0_0 .net "w1", 0 0, L_0x5555630c3dc0;  1 drivers
v0x55556305f760_0 .net "w2", 0 0, L_0x5555630c3f70;  1 drivers
S_0x55556305f0d0 .scope module, "vf4938a" "v873425_vf4938a" 3 1054, 3 1067 0, S_0x55556305ef40;
 .timescale -12 -12;
    .port_info 0 /INPUT 1 "a";
    .port_info 1 /INPUT 1 "b";
    .port_info 2 /OUTPUT 1 "c";
L_0x5555630c3f70 .functor OR 1, L_0x5555630c3c30, L_0x5555630c3dc0, C4<0>, C4<0>;
v0x55556305f260_0 .net "a", 0 0, L_0x5555630c3c30;  alias, 1 drivers
v0x55556305f300_0 .net "b", 0 0, L_0x5555630c3dc0;  alias, 1 drivers
v0x55556305f3a0_0 .net "c", 0 0, L_0x5555630c3f70;  alias, 1 drivers
S_0x55556305f800 .scope module, "v49967d" "v18c17a" 3 943, 3 971 0, S_0x55556305edb0;
 .timescale -12 -12;
    .port_info 0 /INPUT 1 "v0e28cb";
    .port_info 1 /INPUT 1 "v3ca442";
    .port_info 2 /OUTPUT 1 "vcbab45";
L_0x5555630c2d00 .functor BUFZ 1, L_0x5555630c2290, C4<0>, C4<0>, C4<0>;
L_0x5555630c2e40 .functor BUFZ 1, L_0x5555630c2200, C4<0>, C4<0>, C4<0>;
L_0x5555630c2f60 .functor BUFZ 1, L_0x5555630c3080, C4<0>, C4<0>, C4<0>;
v0x55556305fd00_0 .net "v0e28cb", 0 0, L_0x5555630c2290;  alias, 1 drivers
v0x55556305fda0_0 .net "v3ca442", 0 0, L_0x5555630c2200;  alias, 1 drivers
v0x55556305fe40_0 .net "vcbab45", 0 0, L_0x5555630c2f60;  alias, 1 drivers
v0x55556305fee0_0 .net "w0", 0 0, L_0x5555630c2d00;  1 drivers
v0x55556305ff80_0 .net "w1", 0 0, L_0x5555630c2e40;  1 drivers
v0x555563060020_0 .net "w2", 0 0, L_0x5555630c3080;  1 drivers
S_0x55556305f990 .scope module, "vf4938a" "v18c17a_vf4938a" 3 982, 3 995 0, S_0x55556305f800;
 .timescale -12 -12;
    .port_info 0 /INPUT 1 "a";
    .port_info 1 /INPUT 1 "b";
    .port_info 2 /OUTPUT 1 "c";
L_0x5555630c3080 .functor XOR 1, L_0x5555630c2d00, L_0x5555630c2e40, C4<0>, C4<0>;
v0x55556305fb20_0 .net "a", 0 0, L_0x5555630c2d00;  alias, 1 drivers
v0x55556305fbc0_0 .net "b", 0 0, L_0x5555630c2e40;  alias, 1 drivers
v0x55556305fc60_0 .net "c", 0 0, L_0x5555630c3080;  alias, 1 drivers
S_0x5555630600c0 .scope module, "v811bf6" "v18c17a" 3 948, 3 971 0, S_0x55556305edb0;
 .timescale -12 -12;
    .port_info 0 /INPUT 1 "v0e28cb";
    .port_info 1 /INPUT 1 "v3ca442";
    .port_info 2 /OUTPUT 1 "vcbab45";
L_0x5555630c3130 .functor BUFZ 1, L_0x5555630c2f60, C4<0>, C4<0>, C4<0>;
L_0x5555630c31e0 .functor BUFZ 1, L_0x5555630c2370, C4<0>, C4<0>, C4<0>;
L_0x5555630c3350 .functor BUFZ 1, L_0x5555630c33e0, C4<0>, C4<0>, C4<0>;
v0x5555630605c0_0 .net "v0e28cb", 0 0, L_0x5555630c2f60;  alias, 1 drivers
v0x555563060660_0 .net "v3ca442", 0 0, L_0x5555630c2370;  alias, 1 drivers
v0x555563060700_0 .net "vcbab45", 0 0, L_0x5555630c3350;  alias, 1 drivers
v0x5555630607a0_0 .net "w0", 0 0, L_0x5555630c3130;  1 drivers
v0x555563060840_0 .net "w1", 0 0, L_0x5555630c31e0;  1 drivers
v0x5555630608e0_0 .net "w2", 0 0, L_0x5555630c33e0;  1 drivers
S_0x555563060250 .scope module, "vf4938a" "v18c17a_vf4938a" 3 982, 3 995 0, S_0x5555630600c0;
 .timescale -12 -12;
    .port_info 0 /INPUT 1 "a";
    .port_info 1 /INPUT 1 "b";
    .port_info 2 /OUTPUT 1 "c";
L_0x5555630c33e0 .functor XOR 1, L_0x5555630c3130, L_0x5555630c31e0, C4<0>, C4<0>;
v0x5555630603e0_0 .net "a", 0 0, L_0x5555630c3130;  alias, 1 drivers
v0x555563060480_0 .net "b", 0 0, L_0x5555630c31e0;  alias, 1 drivers
v0x555563060520_0 .net "c", 0 0, L_0x5555630c33e0;  alias, 1 drivers
S_0x555563060980 .scope module, "vd8077b" "vba518e" 3 953, 3 1007 0, S_0x55556305edb0;
 .timescale -12 -12;
    .port_info 0 /INPUT 1 "v0e28cb";
    .port_info 1 /INPUT 1 "v3ca442";
    .port_info 2 /OUTPUT 1 "vcbab45";
L_0x5555630c3490 .functor BUFZ 1, L_0x5555630c29a0, C4<0>, C4<0>, C4<0>;
L_0x5555630c3590 .functor BUFZ 1, RS_0x7da30898b7f8, C4<0>, C4<0>, C4<0>;
L_0x5555630c3700 .functor BUFZ 1, L_0x5555630c3790, C4<0>, C4<0>, C4<0>;
v0x555563060e80_0 .net "v0e28cb", 0 0, L_0x5555630c29a0;  alias, 1 drivers
v0x555563060f20_0 .net8 "v3ca442", 0 0, RS_0x7da30898b7f8;  alias, 2 drivers
v0x555563060fc0_0 .net "vcbab45", 0 0, L_0x5555630c3700;  alias, 1 drivers
v0x555563061060_0 .net "w0", 0 0, L_0x5555630c3490;  1 drivers
v0x555563061100_0 .net "w1", 0 0, L_0x5555630c3590;  1 drivers
v0x5555630611a0_0 .net "w2", 0 0, L_0x5555630c3790;  1 drivers
S_0x555563060b10 .scope module, "vf4938a" "vba518e_vf4938a" 3 1018, 3 1031 0, S_0x555563060980;
 .timescale -12 -12;
    .port_info 0 /INPUT 1 "a";
    .port_info 1 /INPUT 1 "b";
    .port_info 2 /OUTPUT 1 "c";
L_0x5555630c3790 .functor AND 1, L_0x5555630c3490, L_0x5555630c3590, C4<1>, C4<1>;
v0x555563060ca0_0 .net "a", 0 0, L_0x5555630c3490;  alias, 1 drivers
v0x555563060d40_0 .net "b", 0 0, L_0x5555630c3590;  alias, 1 drivers
v0x555563060de0_0 .net "c", 0 0, L_0x5555630c3790;  alias, 1 drivers
S_0x555563061240 .scope module, "vf4cff4" "vba518e" 3 958, 3 1007 0, S_0x55556305edb0;
 .timescale -12 -12;
    .port_info 0 /INPUT 1 "v0e28cb";
    .port_info 1 /INPUT 1 "v3ca442";
    .port_info 2 /OUTPUT 1 "vcbab45";
L_0x5555630c3840 .functor BUFZ 1, RS_0x7da30898b9d8, C4<0>, C4<0>, C4<0>;
L_0x5555630c39d0 .functor BUFZ 1, RS_0x7da30898ba08, C4<0>, C4<0>, C4<0>;
L_0x5555630c3af0 .functor BUFZ 1, L_0x5555630c3b80, C4<0>, C4<0>, C4<0>;
v0x555563061740_0 .net8 "v0e28cb", 0 0, RS_0x7da30898b9d8;  alias, 2 drivers
v0x5555630617e0_0 .net8 "v3ca442", 0 0, RS_0x7da30898ba08;  alias, 2 drivers
v0x555563061880_0 .net "vcbab45", 0 0, L_0x5555630c3af0;  alias, 1 drivers
v0x555563061920_0 .net "w0", 0 0, L_0x5555630c3840;  1 drivers
v0x5555630619c0_0 .net "w1", 0 0, L_0x5555630c39d0;  1 drivers
v0x555563061a60_0 .net "w2", 0 0, L_0x5555630c3b80;  1 drivers
S_0x5555630613d0 .scope module, "vf4938a" "vba518e_vf4938a" 3 1018, 3 1031 0, S_0x555563061240;
 .timescale -12 -12;
    .port_info 0 /INPUT 1 "a";
    .port_info 1 /INPUT 1 "b";
    .port_info 2 /OUTPUT 1 "c";
L_0x5555630c3b80 .functor AND 1, L_0x5555630c3840, L_0x5555630c39d0, C4<1>, C4<1>;
v0x555563061560_0 .net "a", 0 0, L_0x5555630c3840;  alias, 1 drivers
v0x555563061600_0 .net "b", 0 0, L_0x5555630c39d0;  alias, 1 drivers
v0x5555630616a0_0 .net "c", 0 0, L_0x5555630c3b80;  alias, 1 drivers
S_0x555563063580 .scope module, "v4d0254" "v9a0147" 3 424, 3 1331 0, S_0x555562fc5440;
 .timescale -12 -12;
    .port_info 0 /INPUT 1 "v0e28cb";
    .port_info 1 /INPUT 1 "v3ca442";
    .port_info 2 /INPUT 1 "v1b1eae";
    .port_info 3 /OUTPUT 1 "vcbab45";
L_0x5555630cbef0 .functor BUFZ 1, L_0x5555630cc700, C4<0>, C4<0>, C4<0>;
L_0x5555630cbff0 .functor BUFZ 1, RS_0x7da30898c0c8, C4<0>, C4<0>, C4<0>;
L_0x5555630cc1e0 .functor BUFZ 1, L_0x5555630cca50, C4<0>, C4<0>, C4<0>;
L_0x5555630cc2c0 .functor BUFZ 1, L_0x5555630cc410, C4<0>, C4<0>, C4<0>;
v0x555563063bc0_0 .net "v0e28cb", 0 0, L_0x5555630cc700;  alias, 1 drivers
v0x555563063c60_0 .net "v1b1eae", 0 0, L_0x5555630cca50;  alias, 1 drivers
v0x555563063d00_0 .net8 "v3ca442", 0 0, RS_0x7da30898c0c8;  alias, 4 drivers
v0x555563063da0_0 .net "vcbab45", 0 0, L_0x5555630cc2c0;  alias, 1 drivers
v0x555563063e40_0 .net "w0", 0 0, L_0x5555630cbef0;  1 drivers
v0x555563063ee0_0 .net "w1", 0 0, L_0x5555630cbff0;  1 drivers
v0x555563063f80_0 .net "w2", 0 0, L_0x5555630cc1e0;  1 drivers
v0x555563064020_0 .net "w3", 0 0, L_0x5555630cc410;  1 drivers
S_0x555563063710 .scope module, "vf4938a" "v9a0147_vf4938a" 3 1345, 3 1359 0, S_0x555563063580;
 .timescale -12 -12;
    .port_info 0 /INPUT 1 "a";
    .port_info 1 /INPUT 1 "b";
    .port_info 2 /INPUT 1 "c";
    .port_info 3 /OUTPUT 1 "o";
L_0x5555630cc3a0 .functor AND 1, L_0x5555630cbef0, L_0x5555630cbff0, C4<1>, C4<1>;
L_0x5555630cc410 .functor AND 1, L_0x5555630cc3a0, L_0x5555630cc1e0, C4<1>, C4<1>;
v0x5555630638a0_0 .net *"_ivl_0", 0 0, L_0x5555630cc3a0;  1 drivers
v0x555563063940_0 .net "a", 0 0, L_0x5555630cbef0;  alias, 1 drivers
v0x5555630639e0_0 .net "b", 0 0, L_0x5555630cbff0;  alias, 1 drivers
v0x555563063a80_0 .net "c", 0 0, L_0x5555630cc1e0;  alias, 1 drivers
v0x555563063b20_0 .net "o", 0 0, L_0x5555630cc410;  alias, 1 drivers
S_0x5555630640c0 .scope module, "v4f25f1" "v9a0147" 3 448, 3 1331 0, S_0x555562fc5440;
 .timescale -12 -12;
    .port_info 0 /INPUT 1 "v0e28cb";
    .port_info 1 /INPUT 1 "v3ca442";
    .port_info 2 /INPUT 1 "v1b1eae";
    .port_info 3 /OUTPUT 1 "vcbab45";
L_0x5555630cd5f0 .functor BUFZ 1, L_0x5555630ce170, C4<0>, C4<0>, C4<0>;
L_0x5555630cd6f0 .functor BUFZ 1, L_0x5555630cde20, C4<0>, C4<0>, C4<0>;
L_0x5555630cd7d0 .functor BUFZ 1, RS_0x7da30898c398, C4<0>, C4<0>, C4<0>;
L_0x5555630cd9c0 .functor BUFZ 1, L_0x5555630cdb30, C4<0>, C4<0>, C4<0>;
v0x555563064820_0 .net "v0e28cb", 0 0, L_0x5555630ce170;  alias, 1 drivers
v0x5555630648c0_0 .net8 "v1b1eae", 0 0, RS_0x7da30898c398;  alias, 6 drivers
v0x555563064960_0 .net "v3ca442", 0 0, L_0x5555630cde20;  alias, 1 drivers
v0x555563064a00_0 .net "vcbab45", 0 0, L_0x5555630cd9c0;  alias, 1 drivers
v0x555563064aa0_0 .net "w0", 0 0, L_0x5555630cd5f0;  1 drivers
v0x555563064b40_0 .net "w1", 0 0, L_0x5555630cd6f0;  1 drivers
v0x555563064be0_0 .net "w2", 0 0, L_0x5555630cd7d0;  1 drivers
v0x555563064c80_0 .net "w3", 0 0, L_0x5555630cdb30;  1 drivers
S_0x5555630642e0 .scope module, "vf4938a" "v9a0147_vf4938a" 3 1345, 3 1359 0, S_0x5555630640c0;
 .timescale -12 -12;
    .port_info 0 /INPUT 1 "a";
    .port_info 1 /INPUT 1 "b";
    .port_info 2 /INPUT 1 "c";
    .port_info 3 /OUTPUT 1 "o";
L_0x5555630cdaa0 .functor AND 1, L_0x5555630cd5f0, L_0x5555630cd6f0, C4<1>, C4<1>;
L_0x5555630cdb30 .functor AND 1, L_0x5555630cdaa0, L_0x5555630cd7d0, C4<1>, C4<1>;
v0x555563064500_0 .net *"_ivl_0", 0 0, L_0x5555630cdaa0;  1 drivers
v0x5555630645a0_0 .net "a", 0 0, L_0x5555630cd5f0;  alias, 1 drivers
v0x555563064640_0 .net "b", 0 0, L_0x5555630cd6f0;  alias, 1 drivers
v0x5555630646e0_0 .net "c", 0 0, L_0x5555630cd7d0;  alias, 1 drivers
v0x555563064780_0 .net "o", 0 0, L_0x5555630cdb30;  alias, 1 drivers
S_0x555563064d20 .scope module, "v51b7fa" "vba518e" 3 377, 3 1007 0, S_0x555562fc5440;
 .timescale -12 -12;
    .port_info 0 /INPUT 1 "v0e28cb";
    .port_info 1 /INPUT 1 "v3ca442";
    .port_info 2 /OUTPUT 1 "vcbab45";
L_0x5555630c98c0 .functor BUFZ 1, L_0x5555630b94c0, C4<0>, C4<0>, C4<0>;
L_0x5555630c9a50 .functor BUFZ 1, L_0x5555630bcbd0, C4<0>, C4<0>, C4<0>;
L_0x5555630c9ae0 .functor BUFZ 1, L_0x5555630c9bc0, C4<0>, C4<0>, C4<0>;
v0x555563065220_0 .net "v0e28cb", 0 0, L_0x5555630b94c0;  alias, 1 drivers
v0x5555630652c0_0 .net "v3ca442", 0 0, L_0x5555630bcbd0;  alias, 1 drivers
v0x555563065360_0 .net "vcbab45", 0 0, L_0x5555630c9ae0;  alias, 1 drivers
v0x555563065400_0 .net "w0", 0 0, L_0x5555630c98c0;  1 drivers
v0x5555630654a0_0 .net "w1", 0 0, L_0x5555630c9a50;  1 drivers
v0x555563065540_0 .net "w2", 0 0, L_0x5555630c9bc0;  1 drivers
S_0x555563064eb0 .scope module, "vf4938a" "vba518e_vf4938a" 3 1018, 3 1031 0, S_0x555563064d20;
 .timescale -12 -12;
    .port_info 0 /INPUT 1 "a";
    .port_info 1 /INPUT 1 "b";
    .port_info 2 /OUTPUT 1 "c";
L_0x5555630c9bc0 .functor AND 1, L_0x5555630c98c0, L_0x5555630c9a50, C4<1>, C4<1>;
v0x555563065040_0 .net "a", 0 0, L_0x5555630c98c0;  alias, 1 drivers
v0x5555630650e0_0 .net "b", 0 0, L_0x5555630c9a50;  alias, 1 drivers
v0x555563065180_0 .net "c", 0 0, L_0x5555630c9bc0;  alias, 1 drivers
S_0x5555630655e0 .scope module, "v538e70" "vba518e" 3 372, 3 1007 0, S_0x555562fc5440;
 .timescale -12 -12;
    .port_info 0 /INPUT 1 "v0e28cb";
    .port_info 1 /INPUT 1 "v3ca442";
    .port_info 2 /OUTPUT 1 "vcbab45";
L_0x5555630c9550 .functor BUFZ 1, L_0x5555630b9450, C4<0>, C4<0>, C4<0>;
L_0x5555630c9650 .functor BUFZ 1, L_0x5555630bb530, C4<0>, C4<0>, C4<0>;
L_0x5555630c9730 .functor BUFZ 1, L_0x5555630c9810, C4<0>, C4<0>, C4<0>;
v0x555563065bf0_0 .net "v0e28cb", 0 0, L_0x5555630b9450;  alias, 1 drivers
v0x555563065c90_0 .net "v3ca442", 0 0, L_0x5555630bb530;  alias, 1 drivers
v0x555563065d30_0 .net "vcbab45", 0 0, L_0x5555630c9730;  alias, 1 drivers
v0x555563065dd0_0 .net "w0", 0 0, L_0x5555630c9550;  1 drivers
v0x555563065e70_0 .net "w1", 0 0, L_0x5555630c9650;  1 drivers
v0x555563065f10_0 .net "w2", 0 0, L_0x5555630c9810;  1 drivers
S_0x555563065880 .scope module, "vf4938a" "vba518e_vf4938a" 3 1018, 3 1031 0, S_0x5555630655e0;
 .timescale -12 -12;
    .port_info 0 /INPUT 1 "a";
    .port_info 1 /INPUT 1 "b";
    .port_info 2 /OUTPUT 1 "c";
L_0x5555630c9810 .functor AND 1, L_0x5555630c9550, L_0x5555630c9650, C4<1>, C4<1>;
v0x555563065a10_0 .net "a", 0 0, L_0x5555630c9550;  alias, 1 drivers
v0x555563065ab0_0 .net "b", 0 0, L_0x5555630c9650;  alias, 1 drivers
v0x555563065b50_0 .net "c", 0 0, L_0x5555630c9810;  alias, 1 drivers
S_0x555563065fb0 .scope module, "v5b0280" "v3676a0" 3 416, 3 608 0, S_0x555562fc5440;
 .timescale -12 -12;
    .port_info 0 /INPUT 1 "v0e28cb";
    .port_info 1 /OUTPUT 1 "vcbab45";
L_0x5555630cb850 .functor BUFZ 1, RS_0x7da30898c9c8, C4<0>, C4<0>, C4<0>;
L_0x5555630cba60 .functor BUFZ 1, L_0x5555630cbaf0, C4<0>, C4<0>, C4<0>;
v0x555563066410_0 .net8 "v0e28cb", 0 0, RS_0x7da30898c9c8;  alias, 3 drivers
v0x5555630664b0_0 .net "vcbab45", 0 0, L_0x5555630cba60;  alias, 1 drivers
v0x555563066550_0 .net "w0", 0 0, L_0x5555630cb850;  1 drivers
v0x5555630665f0_0 .net "w1", 0 0, L_0x5555630cbaf0;  1 drivers
S_0x555563066140 .scope module, "vd54ca1" "v3676a0_vd54ca1" 3 616, 3 628 0, S_0x555563065fb0;
 .timescale -12 -12;
    .port_info 0 /INPUT 1 "a";
    .port_info 1 /OUTPUT 1 "q";
L_0x5555630cbaf0 .functor NOT 1, L_0x5555630cb850, C4<0>, C4<0>, C4<0>;
v0x5555630662d0_0 .net "a", 0 0, L_0x5555630cb850;  alias, 1 drivers
v0x555563066370_0 .net "q", 0 0, L_0x5555630cbaf0;  alias, 1 drivers
S_0x555563066690 .scope module, "v65f04e" "v9a0147" 3 410, 3 1331 0, S_0x555562fc5440;
 .timescale -12 -12;
    .port_info 0 /INPUT 1 "v0e28cb";
    .port_info 1 /INPUT 1 "v3ca442";
    .port_info 2 /INPUT 1 "v1b1eae";
    .port_info 3 /OUTPUT 1 "vcbab45";
L_0x5555630cb2a0 .functor BUFZ 1, RS_0x7da30898cc38, C4<0>, C4<0>, C4<0>;
L_0x5555630cb460 .functor BUFZ 1, L_0x5555630cba60, C4<0>, C4<0>, C4<0>;
L_0x5555630cb540 .functor BUFZ 1, L_0x5555630cbdb0, C4<0>, C4<0>, C4<0>;
L_0x5555630cb620 .functor BUFZ 1, L_0x5555630cb770, C4<0>, C4<0>, C4<0>;
v0x555563066d60_0 .net8 "v0e28cb", 0 0, RS_0x7da30898cc38;  alias, 3 drivers
v0x555563066e00_0 .net "v1b1eae", 0 0, L_0x5555630cbdb0;  alias, 1 drivers
v0x555563066ea0_0 .net "v3ca442", 0 0, L_0x5555630cba60;  alias, 1 drivers
v0x555563066f40_0 .net "vcbab45", 0 0, L_0x5555630cb620;  alias, 1 drivers
v0x555563066fe0_0 .net "w0", 0 0, L_0x5555630cb2a0;  1 drivers
v0x555563067080_0 .net "w1", 0 0, L_0x5555630cb460;  1 drivers
v0x555563067120_0 .net "w2", 0 0, L_0x5555630cb540;  1 drivers
v0x5555630671c0_0 .net "w3", 0 0, L_0x5555630cb770;  1 drivers
S_0x555563066820 .scope module, "vf4938a" "v9a0147_vf4938a" 3 1345, 3 1359 0, S_0x555563066690;
 .timescale -12 -12;
    .port_info 0 /INPUT 1 "a";
    .port_info 1 /INPUT 1 "b";
    .port_info 2 /INPUT 1 "c";
    .port_info 3 /OUTPUT 1 "o";
L_0x5555630cb700 .functor AND 1, L_0x5555630cb2a0, L_0x5555630cb460, C4<1>, C4<1>;
L_0x5555630cb770 .functor AND 1, L_0x5555630cb700, L_0x5555630cb540, C4<1>, C4<1>;
v0x555563066a40_0 .net *"_ivl_0", 0 0, L_0x5555630cb700;  1 drivers
v0x555563066ae0_0 .net "a", 0 0, L_0x5555630cb2a0;  alias, 1 drivers
v0x555563066b80_0 .net "b", 0 0, L_0x5555630cb460;  alias, 1 drivers
v0x555563066c20_0 .net "c", 0 0, L_0x5555630cb540;  alias, 1 drivers
v0x555563066cc0_0 .net "o", 0 0, L_0x5555630cb770;  alias, 1 drivers
S_0x555563067260 .scope module, "v7db1f5" "vd46be5" 3 276, 3 562 0, S_0x555562fc5440;
 .timescale -12 -12;
    .port_info 0 /INPUT 1 "v0e28cb";
    .port_info 1 /INPUT 1 "v3ca442";
    .port_info 2 /INPUT 1 "v1b1eae";
    .port_info 3 /INPUT 1 "v141a59";
    .port_info 4 /OUTPUT 1 "vcbab45";
L_0x5555630bae00 .functor BUFZ 1, L_0x5555630b7190, C4<0>, C4<0>, C4<0>;
L_0x5555630bb450 .functor BUFZ 1, L_0x5555630bbdb0, C4<0>, C4<0>, C4<0>;
L_0x5555630bb4c0 .functor BUFZ 1, L_0x5555630bbb80, C4<0>, C4<0>, C4<0>;
L_0x5555630bb530 .functor BUFZ 1, L_0x5555630bb7d0, C4<0>, C4<0>, C4<0>;
L_0x5555630bb630 .functor BUFZ 1, L_0x5555630bb950, C4<0>, C4<0>, C4<0>;
v0x5555630679e0_0 .net "v0e28cb", 0 0, L_0x5555630b7190;  alias, 1 drivers
v0x555563067a80_0 .net "v141a59", 0 0, L_0x5555630bb950;  alias, 1 drivers
v0x555563067b20_0 .net "v1b1eae", 0 0, L_0x5555630bbb80;  alias, 1 drivers
v0x555563067bc0_0 .net "v3ca442", 0 0, L_0x5555630bbdb0;  alias, 1 drivers
v0x555563067c60_0 .net "vcbab45", 0 0, L_0x5555630bb530;  alias, 1 drivers
v0x555563067d00_0 .net "w0", 0 0, L_0x5555630bae00;  1 drivers
v0x555563067da0_0 .net "w1", 0 0, L_0x5555630bb450;  1 drivers
v0x555563067e40_0 .net "w2", 0 0, L_0x5555630bb4c0;  1 drivers
v0x555563067ee0_0 .net "w3", 0 0, L_0x5555630bb7d0;  1 drivers
v0x555563068010_0 .net "w4", 0 0, L_0x5555630bb630;  1 drivers
S_0x5555630673f0 .scope module, "vf4938a" "vd46be5_vf4938a" 3 579, 3 594 0, S_0x555563067260;
 .timescale -12 -12;
    .port_info 0 /INPUT 1 "a";
    .port_info 1 /INPUT 1 "b";
    .port_info 2 /INPUT 1 "c";
    .port_info 3 /INPUT 1 "d";
    .port_info 4 /OUTPUT 1 "o";
L_0x5555630bb6a0 .functor AND 1, L_0x5555630bae00, L_0x5555630bb450, C4<1>, C4<1>;
L_0x5555630bb710 .functor AND 1, L_0x5555630bb6a0, L_0x5555630bb4c0, C4<1>, C4<1>;
L_0x5555630bb7d0 .functor AND 1, L_0x5555630bb710, L_0x5555630bb630, C4<1>, C4<1>;
v0x555563067580_0 .net *"_ivl_0", 0 0, L_0x5555630bb6a0;  1 drivers
v0x555563067620_0 .net *"_ivl_2", 0 0, L_0x5555630bb710;  1 drivers
v0x5555630676c0_0 .net "a", 0 0, L_0x5555630bae00;  alias, 1 drivers
v0x555563067760_0 .net "b", 0 0, L_0x5555630bb450;  alias, 1 drivers
v0x555563067800_0 .net "c", 0 0, L_0x5555630bb4c0;  alias, 1 drivers
v0x5555630678a0_0 .net "d", 0 0, L_0x5555630bb630;  alias, 1 drivers
v0x555563067940_0 .net "o", 0 0, L_0x5555630bb7d0;  alias, 1 drivers
S_0x5555630680b0 .scope module, "v893f87" "v3676a0" 3 392, 3 608 0, S_0x555562fc5440;
 .timescale -12 -12;
    .port_info 0 /INPUT 1 "v0e28cb";
    .port_info 1 /OUTPUT 1 "vcbab45";
L_0x5555630ca390 .functor BUFZ 1, L_0x5555630ceb60, C4<0>, C4<0>, C4<0>;
L_0x5555630ca520 .functor BUFZ 1, L_0x5555630ca640, C4<0>, C4<0>, C4<0>;
v0x555563068510_0 .net "v0e28cb", 0 0, L_0x5555630ceb60;  alias, 1 drivers
v0x5555630685b0_0 .net "vcbab45", 0 0, L_0x5555630ca520;  alias, 1 drivers
v0x555563068650_0 .net "w0", 0 0, L_0x5555630ca390;  1 drivers
v0x5555630686f0_0 .net "w1", 0 0, L_0x5555630ca640;  1 drivers
S_0x555563068240 .scope module, "vd54ca1" "v3676a0_vd54ca1" 3 616, 3 628 0, S_0x5555630680b0;
 .timescale -12 -12;
    .port_info 0 /INPUT 1 "a";
    .port_info 1 /OUTPUT 1 "q";
L_0x5555630ca640 .functor NOT 1, L_0x5555630ca390, C4<0>, C4<0>, C4<0>;
v0x5555630683d0_0 .net "a", 0 0, L_0x5555630ca390;  alias, 1 drivers
v0x555563068470_0 .net "q", 0 0, L_0x5555630ca640;  alias, 1 drivers
S_0x555563068790 .scope module, "v89aaa4" "v3676a0" 3 287, 3 608 0, S_0x555562fc5440;
 .timescale -12 -12;
    .port_info 0 /INPUT 1 "v0e28cb";
    .port_info 1 /OUTPUT 1 "vcbab45";
L_0x5555630bbac0 .functor BUFZ 1, L_0x5555630afd40, C4<0>, C4<0>, C4<0>;
L_0x5555630bbb80 .functor BUFZ 1, L_0x5555630bbc80, C4<0>, C4<0>, C4<0>;
v0x555563068bf0_0 .net "v0e28cb", 0 0, L_0x5555630afd40;  alias, 1 drivers
v0x555563068c90_0 .net "vcbab45", 0 0, L_0x5555630bbb80;  alias, 1 drivers
v0x555563068d30_0 .net "w0", 0 0, L_0x5555630bbac0;  1 drivers
v0x555563068dd0_0 .net "w1", 0 0, L_0x5555630bbc80;  1 drivers
S_0x555563068920 .scope module, "vd54ca1" "v3676a0_vd54ca1" 3 616, 3 628 0, S_0x555563068790;
 .timescale -12 -12;
    .port_info 0 /INPUT 1 "a";
    .port_info 1 /OUTPUT 1 "q";
L_0x5555630bbc80 .functor NOT 1, L_0x5555630bbac0, C4<0>, C4<0>, C4<0>;
v0x555563068ab0_0 .net "a", 0 0, L_0x5555630bbac0;  alias, 1 drivers
v0x555563068b50_0 .net "q", 0 0, L_0x5555630bbc80;  alias, 1 drivers
S_0x555563068e70 .scope module, "v8cd29b" "v3676a0" 3 444, 3 608 0, S_0x555562fc5440;
 .timescale -12 -12;
    .port_info 0 /INPUT 1 "v0e28cb";
    .port_info 1 /OUTPUT 1 "vcbab45";
L_0x5555630cd2a0 .functor BUFZ 1, RS_0x7da30898d4d8, C4<0>, C4<0>, C4<0>;
L_0x5555630cd4b0 .functor BUFZ 1, L_0x5555630cd540, C4<0>, C4<0>, C4<0>;
v0x5555630692d0_0 .net8 "v0e28cb", 0 0, RS_0x7da30898d4d8;  alias, 5 drivers
v0x555563069370_0 .net "vcbab45", 0 0, L_0x5555630cd4b0;  alias, 1 drivers
v0x555563069410_0 .net "w0", 0 0, L_0x5555630cd2a0;  1 drivers
v0x5555630694b0_0 .net "w1", 0 0, L_0x5555630cd540;  1 drivers
S_0x555563069000 .scope module, "vd54ca1" "v3676a0_vd54ca1" 3 616, 3 628 0, S_0x555563068e70;
 .timescale -12 -12;
    .port_info 0 /INPUT 1 "a";
    .port_info 1 /OUTPUT 1 "q";
L_0x5555630cd540 .functor NOT 1, L_0x5555630cd2a0, C4<0>, C4<0>, C4<0>;
v0x555563069190_0 .net "a", 0 0, L_0x5555630cd2a0;  alias, 1 drivers
v0x555563069230_0 .net "q", 0 0, L_0x5555630cd540;  alias, 1 drivers
S_0x555563069550 .scope module, "v8dbc15" "vba518e" 3 382, 3 1007 0, S_0x555562fc5440;
 .timescale -12 -12;
    .port_info 0 /INPUT 1 "v0e28cb";
    .port_info 1 /INPUT 1 "v3ca442";
    .port_info 2 /OUTPUT 1 "vcbab45";
L_0x5555630c9c70 .functor BUFZ 1, L_0x5555630b9e90, C4<0>, C4<0>, C4<0>;
L_0x5555630c9e00 .functor BUFZ 1, L_0x5555630b8f90, C4<0>, C4<0>, C4<0>;
L_0x5555630c9e90 .functor BUFZ 1, L_0x5555630c9f70, C4<0>, C4<0>, C4<0>;
v0x555563069a50_0 .net "v0e28cb", 0 0, L_0x5555630b9e90;  alias, 1 drivers
v0x555563069af0_0 .net "v3ca442", 0 0, L_0x5555630b8f90;  alias, 1 drivers
v0x555563069b90_0 .net "vcbab45", 0 0, L_0x5555630c9e90;  alias, 1 drivers
v0x555563069c30_0 .net "w0", 0 0, L_0x5555630c9c70;  1 drivers
v0x555563069cd0_0 .net "w1", 0 0, L_0x5555630c9e00;  1 drivers
v0x555563069d70_0 .net "w2", 0 0, L_0x5555630c9f70;  1 drivers
S_0x5555630696e0 .scope module, "vf4938a" "vba518e_vf4938a" 3 1018, 3 1031 0, S_0x555563069550;
 .timescale -12 -12;
    .port_info 0 /INPUT 1 "a";
    .port_info 1 /INPUT 1 "b";
    .port_info 2 /OUTPUT 1 "c";
L_0x5555630c9f70 .functor AND 1, L_0x5555630c9c70, L_0x5555630c9e00, C4<1>, C4<1>;
v0x555563069870_0 .net "a", 0 0, L_0x5555630c9c70;  alias, 1 drivers
v0x555563069910_0 .net "b", 0 0, L_0x5555630c9e00;  alias, 1 drivers
v0x5555630699b0_0 .net "c", 0 0, L_0x5555630c9f70;  alias, 1 drivers
S_0x555563069e10 .scope module, "v98c7b2" "vba518e" 3 487, 3 1007 0, S_0x555562fc5440;
 .timescale -12 -12;
    .port_info 0 /INPUT 1 "v0e28cb";
    .port_info 1 /INPUT 1 "v3ca442";
    .port_info 2 /OUTPUT 1 "vcbab45";
L_0x5555630cf720 .functor BUFZ 1, L_0x5555630cb620, C4<0>, C4<0>, C4<0>;
L_0x5555630cf820 .functor BUFZ 1, L_0x5555630bbf20, C4<0>, C4<0>, C4<0>;
L_0x5555630cf900 .functor BUFZ 1, L_0x5555630cfa20, C4<0>, C4<0>, C4<0>;
v0x55556306a310_0 .net "v0e28cb", 0 0, L_0x5555630cb620;  alias, 1 drivers
v0x55556306a3b0_0 .net "v3ca442", 0 0, L_0x5555630bbf20;  alias, 1 drivers
v0x55556306a450_0 .net "vcbab45", 0 0, L_0x5555630cf900;  alias, 1 drivers
v0x55556306a4f0_0 .net "w0", 0 0, L_0x5555630cf720;  1 drivers
v0x55556306a590_0 .net "w1", 0 0, L_0x5555630cf820;  1 drivers
v0x55556306a630_0 .net "w2", 0 0, L_0x5555630cfa20;  1 drivers
S_0x555563069fa0 .scope module, "vf4938a" "vba518e_vf4938a" 3 1018, 3 1031 0, S_0x555563069e10;
 .timescale -12 -12;
    .port_info 0 /INPUT 1 "a";
    .port_info 1 /INPUT 1 "b";
    .port_info 2 /OUTPUT 1 "c";
L_0x5555630cfa20 .functor AND 1, L_0x5555630cf720, L_0x5555630cf820, C4<1>, C4<1>;
v0x55556306a130_0 .net "a", 0 0, L_0x5555630cf720;  alias, 1 drivers
v0x55556306a1d0_0 .net "b", 0 0, L_0x5555630cf820;  alias, 1 drivers
v0x55556306a270_0 .net "c", 0 0, L_0x5555630cfa20;  alias, 1 drivers
S_0x55556306a6d0 .scope module, "va1519c" "v3676a0" 3 291, 3 608 0, S_0x555562fc5440;
 .timescale -12 -12;
    .port_info 0 /INPUT 1 "v0e28cb";
    .port_info 1 /OUTPUT 1 "vcbab45";
L_0x5555630bbcf0 .functor BUFZ 1, L_0x5555630adf70, C4<0>, C4<0>, C4<0>;
L_0x5555630bbdb0 .functor BUFZ 1, L_0x5555630bbeb0, C4<0>, C4<0>, C4<0>;
v0x55556306ab30_0 .net "v0e28cb", 0 0, L_0x5555630adf70;  alias, 1 drivers
v0x55556306abd0_0 .net "vcbab45", 0 0, L_0x5555630bbdb0;  alias, 1 drivers
v0x55556306ac70_0 .net "w0", 0 0, L_0x5555630bbcf0;  1 drivers
v0x55556306ad10_0 .net "w1", 0 0, L_0x5555630bbeb0;  1 drivers
S_0x55556306a860 .scope module, "vd54ca1" "v3676a0_vd54ca1" 3 616, 3 628 0, S_0x55556306a6d0;
 .timescale -12 -12;
    .port_info 0 /INPUT 1 "a";
    .port_info 1 /OUTPUT 1 "q";
L_0x5555630bbeb0 .functor NOT 1, L_0x5555630bbcf0, C4<0>, C4<0>, C4<0>;
v0x55556306a9f0_0 .net "a", 0 0, L_0x5555630bbcf0;  alias, 1 drivers
v0x55556306aa90_0 .net "q", 0 0, L_0x5555630bbeb0;  alias, 1 drivers
S_0x55556306adb0 .scope module, "va159a4" "vc17c7e" 3 270, 3 525 0, S_0x555562fc5440;
 .timescale -12 -12;
    .port_info 0 /INPUT 1 "ve86251";
    .port_info 1 /INPUT 1 "v0e28cb";
    .port_info 2 /INPUT 1 "v3ca442";
    .port_info 3 /OUTPUT 1 "vcbab45";
L_0x5555630baa80 .functor BUFZ 1, L_0x5555630bad40, C4<0>, C4<0>, C4<0>;
L_0x5555630bab80 .functor BUFZ 1, L_0x5555630d09b0, C4<0>, C4<0>, C4<0>;
L_0x5555630babf0 .functor BUFZ 1, L_0x5555630d0a90, C4<0>, C4<0>, C4<0>;
L_0x5555630bac60 .functor BUFZ 1, L_0x5555630d0c80, C4<0>, C4<0>, C4<0>;
v0x55556306b510_0 .net "v0e28cb", 0 0, L_0x5555630d0a90;  alias, 1 drivers
v0x55556306b5b0_0 .net "v3ca442", 0 0, L_0x5555630d0c80;  alias, 1 drivers
v0x55556306b650_0 .net "vcbab45", 0 0, L_0x5555630baa80;  alias, 1 drivers
v0x55556306b6f0_0 .net "ve86251", 0 0, L_0x5555630d09b0;  alias, 1 drivers
v0x55556306b790_0 .net "w0", 0 0, L_0x5555630bad40;  1 drivers
v0x55556306b830_0 .net "w1", 0 0, L_0x5555630bab80;  1 drivers
v0x55556306b8d0_0 .net "w2", 0 0, L_0x5555630babf0;  1 drivers
v0x55556306b970_0 .net "w3", 0 0, L_0x5555630bac60;  1 drivers
S_0x55556306afd0 .scope module, "v99a034" "vc17c7e_v99a034" 3 539, 3 553 0, S_0x55556306adb0;
 .timescale -12 -12;
    .port_info 0 /INPUT 1 "a";
    .port_info 1 /INPUT 1 "b";
    .port_info 2 /INPUT 1 "c";
    .port_info 3 /OUTPUT 1 "o";
L_0x5555630bacd0 .functor OR 1, L_0x5555630bab80, L_0x5555630babf0, C4<0>, C4<0>;
L_0x5555630bad40 .functor OR 1, L_0x5555630bacd0, L_0x5555630bac60, C4<0>, C4<0>;
v0x55556306b1f0_0 .net *"_ivl_0", 0 0, L_0x5555630bacd0;  1 drivers
v0x55556306b290_0 .net "a", 0 0, L_0x5555630bab80;  alias, 1 drivers
v0x55556306b330_0 .net "b", 0 0, L_0x5555630babf0;  alias, 1 drivers
v0x55556306b3d0_0 .net "c", 0 0, L_0x5555630bac60;  alias, 1 drivers
v0x55556306b470_0 .net "o", 0 0, L_0x5555630bad40;  alias, 1 drivers
S_0x55556306ba10 .scope module, "va341ee" "vba518e" 3 492, 3 1007 0, S_0x555562fc5440;
 .timescale -12 -12;
    .port_info 0 /INPUT 1 "v0e28cb";
    .port_info 1 /INPUT 1 "v3ca442";
    .port_info 2 /OUTPUT 1 "vcbab45";
L_0x5555630cfad0 .functor BUFZ 1, L_0x5555630cc2c0, C4<0>, C4<0>, C4<0>;
L_0x5555630cfbd0 .functor BUFZ 1, L_0x5555630b8b50, C4<0>, C4<0>, C4<0>;
L_0x5555630cfcb0 .functor BUFZ 1, L_0x5555630cfdd0, C4<0>, C4<0>, C4<0>;
v0x55556306bf10_0 .net "v0e28cb", 0 0, L_0x5555630cc2c0;  alias, 1 drivers
v0x55556306bfb0_0 .net "v3ca442", 0 0, L_0x5555630b8b50;  alias, 1 drivers
v0x55556306c050_0 .net "vcbab45", 0 0, L_0x5555630cfcb0;  alias, 1 drivers
v0x55556306c0f0_0 .net "w0", 0 0, L_0x5555630cfad0;  1 drivers
v0x55556306c190_0 .net "w1", 0 0, L_0x5555630cfbd0;  1 drivers
v0x55556306c230_0 .net "w2", 0 0, L_0x5555630cfdd0;  1 drivers
S_0x55556306bba0 .scope module, "vf4938a" "vba518e_vf4938a" 3 1018, 3 1031 0, S_0x55556306ba10;
 .timescale -12 -12;
    .port_info 0 /INPUT 1 "a";
    .port_info 1 /INPUT 1 "b";
    .port_info 2 /OUTPUT 1 "c";
L_0x5555630cfdd0 .functor AND 1, L_0x5555630cfad0, L_0x5555630cfbd0, C4<1>, C4<1>;
v0x55556306bd30_0 .net "a", 0 0, L_0x5555630cfad0;  alias, 1 drivers
v0x55556306bdd0_0 .net "b", 0 0, L_0x5555630cfbd0;  alias, 1 drivers
v0x55556306be70_0 .net "c", 0 0, L_0x5555630cfdd0;  alias, 1 drivers
S_0x55556306c2d0 .scope module, "va56cb6" "vba518e" 3 497, 3 1007 0, S_0x555562fc5440;
 .timescale -12 -12;
    .port_info 0 /INPUT 1 "v0e28cb";
    .port_info 1 /INPUT 1 "v3ca442";
    .port_info 2 /OUTPUT 1 "vcbab45";
L_0x5555630cfe80 .functor BUFZ 1, L_0x5555630cd070, C4<0>, C4<0>, C4<0>;
L_0x5555630cff80 .functor BUFZ 1, L_0x5555630b07b0, C4<0>, C4<0>, C4<0>;
L_0x5555630d0060 .functor BUFZ 1, L_0x5555630d0180, C4<0>, C4<0>, C4<0>;
v0x55556306c7d0_0 .net "v0e28cb", 0 0, L_0x5555630cd070;  alias, 1 drivers
v0x55556306c870_0 .net "v3ca442", 0 0, L_0x5555630b07b0;  alias, 1 drivers
v0x55556306c910_0 .net "vcbab45", 0 0, L_0x5555630d0060;  alias, 1 drivers
v0x55556306c9b0_0 .net "w0", 0 0, L_0x5555630cfe80;  1 drivers
v0x55556306ca50_0 .net "w1", 0 0, L_0x5555630cff80;  1 drivers
v0x55556306caf0_0 .net "w2", 0 0, L_0x5555630d0180;  1 drivers
S_0x55556306c460 .scope module, "vf4938a" "vba518e_vf4938a" 3 1018, 3 1031 0, S_0x55556306c2d0;
 .timescale -12 -12;
    .port_info 0 /INPUT 1 "a";
    .port_info 1 /INPUT 1 "b";
    .port_info 2 /OUTPUT 1 "c";
L_0x5555630d0180 .functor AND 1, L_0x5555630cfe80, L_0x5555630cff80, C4<1>, C4<1>;
v0x55556306c5f0_0 .net "a", 0 0, L_0x5555630cfe80;  alias, 1 drivers
v0x55556306c690_0 .net "b", 0 0, L_0x5555630cff80;  alias, 1 drivers
v0x55556306c730_0 .net "c", 0 0, L_0x5555630d0180;  alias, 1 drivers
S_0x55556306cb90 .scope module, "vad17c9" "vd30ca9" 3 363, 3 1184 0, S_0x555562fc5440;
 .timescale -12 -12;
    .port_info 0 /OUTPUT 1 "v9fb85f";
L_0x7da30892dbe8 .functor BUFT 1, C4<0>, C4<0>, C4<0>, C4<0>;
L_0x5555630c9210 .functor BUFZ 1, L_0x7da30892dbe8, C4<0>, C4<0>, C4<0>;
v0x55556306cf50_0 .net "v9fb85f", 0 0, L_0x5555630c9210;  alias, 1 drivers
v0x55556306cff0_0 .net "w0", 0 0, L_0x7da30892dbe8;  1 drivers
S_0x55556306cd20 .scope module, "vb2eccd" "vd30ca9_vb2eccd" 3 1189, 3 1200 0, S_0x55556306cb90;
 .timescale -12 -12;
    .port_info 0 /OUTPUT 1 "q";
v0x55556306ceb0_0 .net "q", 0 0, L_0x7da30892dbe8;  alias, 1 drivers
S_0x55556306d090 .scope module, "vafc3c3" "v2b9b8c" 3 400, 3 1262 0, S_0x555562fc5440;
 .timescale -12 -12;
    .port_info 0 /INPUT 1 "vf8041d";
    .port_info 1 /INPUT 1 "vee8a83";
    .port_info 2 /INPUT 1 "v03aaf0";
    .port_info 3 /OUTPUT 3 "ve52f8a";
L_0x5555630ca930 .functor BUFZ 1, RS_0x7da30898e468, C4<0>, C4<0>, C4<0>;
L_0x5555630cab40 .functor BUFZ 1, RS_0x7da30898e408, C4<0>, C4<0>, C4<0>;
L_0x5555630cad30 .functor BUFZ 3, L_0x5555630cafb0, C4<000>, C4<000>, C4<000>;
L_0x5555630cadc0 .functor BUFZ 1, RS_0x7da30898e498, C4<0>, C4<0>, C4<0>;
v0x55556306d750_0 .net8 "v03aaf0", 0 0, RS_0x7da30898e408;  alias, 2 drivers
v0x55556306d7f0_0 .net "ve52f8a", 2 0, L_0x5555630cad30;  alias, 1 drivers
v0x55556306d890_0 .net8 "vee8a83", 0 0, RS_0x7da30898e468;  alias, 2 drivers
v0x55556306d930_0 .net8 "vf8041d", 0 0, RS_0x7da30898e498;  alias, 2 drivers
v0x55556306d9d0_0 .net "w0", 0 0, L_0x5555630ca930;  1 drivers
v0x55556306da70_0 .net "w1", 0 0, L_0x5555630cab40;  1 drivers
v0x55556306db10_0 .net "w2", 0 2, L_0x5555630cafb0;  1 drivers
v0x55556306dbb0_0 .net "w3", 0 0, L_0x5555630cadc0;  1 drivers
S_0x55556306d2b0 .scope module, "v9a2a06" "v2b9b8c_v9a2a06" 3 1276, 3 1290 0, S_0x55556306d090;
 .timescale -12 -12;
    .port_info 0 /INPUT 1 "i2";
    .port_info 1 /INPUT 1 "i1";
    .port_info 2 /INPUT 1 "i0";
    .port_info 3 /OUTPUT 3 "o";
v0x55556306d4d0_0 .net "i0", 0 0, L_0x5555630cab40;  alias, 1 drivers
v0x55556306d570_0 .net "i1", 0 0, L_0x5555630ca930;  alias, 1 drivers
v0x55556306d610_0 .net "i2", 0 0, L_0x5555630cadc0;  alias, 1 drivers
v0x55556306d6b0_0 .net "o", 2 0, L_0x5555630cafb0;  alias, 1 drivers
L_0x5555630cafb0 .concat [ 1 1 1 0], L_0x5555630cab40, L_0x5555630ca930, L_0x5555630cadc0;
S_0x55556306dc50 .scope module, "vb0d8ba" "v3676a0" 3 434, 3 608 0, S_0x555562fc5440;
 .timescale -12 -12;
    .port_info 0 /INPUT 1 "v0e28cb";
    .port_info 1 /OUTPUT 1 "vcbab45";
L_0x5555630cc840 .functor BUFZ 1, RS_0x7da30898e648, C4<0>, C4<0>, C4<0>;
L_0x5555630cca50 .functor BUFZ 1, L_0x5555630ccae0, C4<0>, C4<0>, C4<0>;
v0x55556306e0b0_0 .net8 "v0e28cb", 0 0, RS_0x7da30898e648;  alias, 4 drivers
v0x55556306e150_0 .net "vcbab45", 0 0, L_0x5555630cca50;  alias, 1 drivers
v0x55556306e1f0_0 .net "w0", 0 0, L_0x5555630cc840;  1 drivers
v0x55556306e290_0 .net "w1", 0 0, L_0x5555630ccae0;  1 drivers
S_0x55556306dde0 .scope module, "vd54ca1" "v3676a0_vd54ca1" 3 616, 3 628 0, S_0x55556306dc50;
 .timescale -12 -12;
    .port_info 0 /INPUT 1 "a";
    .port_info 1 /OUTPUT 1 "q";
L_0x5555630ccae0 .functor NOT 1, L_0x5555630cc840, C4<0>, C4<0>, C4<0>;
v0x55556306df70_0 .net "a", 0 0, L_0x5555630cc840;  alias, 1 drivers
v0x55556306e010_0 .net "q", 0 0, L_0x5555630ccae0;  alias, 1 drivers
S_0x55556306e330 .scope module, "vb20cbb" "v3676a0" 3 454, 3 608 0, S_0x555562fc5440;
 .timescale -12 -12;
    .port_info 0 /INPUT 1 "v0e28cb";
    .port_info 1 /OUTPUT 1 "vcbab45";
L_0x5555630cdc10 .functor BUFZ 1, RS_0x7da30898e798, C4<0>, C4<0>, C4<0>;
L_0x5555630cde20 .functor BUFZ 1, L_0x5555630cdeb0, C4<0>, C4<0>, C4<0>;
v0x55556306e9a0_0 .net8 "v0e28cb", 0 0, RS_0x7da30898e798;  alias, 6 drivers
v0x55556306ea40_0 .net "vcbab45", 0 0, L_0x5555630cde20;  alias, 1 drivers
v0x55556306eae0_0 .net "w0", 0 0, L_0x5555630cdc10;  1 drivers
v0x55556306eb80_0 .net "w1", 0 0, L_0x5555630cdeb0;  1 drivers
S_0x55556306e6d0 .scope module, "vd54ca1" "v3676a0_vd54ca1" 3 616, 3 628 0, S_0x55556306e330;
 .timescale -12 -12;
    .port_info 0 /INPUT 1 "a";
    .port_info 1 /OUTPUT 1 "q";
L_0x5555630cdeb0 .functor NOT 1, L_0x5555630cdc10, C4<0>, C4<0>, C4<0>;
v0x55556306e860_0 .net "a", 0 0, L_0x5555630cdc10;  alias, 1 drivers
v0x55556306e900_0 .net "q", 0 0, L_0x5555630cdeb0;  alias, 1 drivers
S_0x55556306ec20 .scope module, "vb3dc86" "vba518e" 3 387, 3 1007 0, S_0x555562fc5440;
 .timescale -12 -12;
    .port_info 0 /INPUT 1 "v0e28cb";
    .port_info 1 /INPUT 1 "v3ca442";
    .port_info 2 /OUTPUT 1 "vcbab45";
L_0x5555630ca020 .functor BUFZ 1, L_0x5555630ca520, C4<0>, C4<0>, C4<0>;
L_0x5555630ca120 .functor BUFZ 1, L_0x5555630ce2b0, C4<0>, C4<0>, C4<0>;
L_0x5555630ca200 .functor BUFZ 1, L_0x5555630ca2e0, C4<0>, C4<0>, C4<0>;
v0x55556306f120_0 .net "v0e28cb", 0 0, L_0x5555630ca520;  alias, 1 drivers
v0x55556306f1c0_0 .net "v3ca442", 0 0, L_0x5555630ce2b0;  alias, 1 drivers
v0x55556306f260_0 .net "vcbab45", 0 0, L_0x5555630ca200;  alias, 1 drivers
v0x55556306f300_0 .net "w0", 0 0, L_0x5555630ca020;  1 drivers
v0x55556306f3a0_0 .net "w1", 0 0, L_0x5555630ca120;  1 drivers
v0x55556306f440_0 .net "w2", 0 0, L_0x5555630ca2e0;  1 drivers
S_0x55556306edb0 .scope module, "vf4938a" "vba518e_vf4938a" 3 1018, 3 1031 0, S_0x55556306ec20;
 .timescale -12 -12;
    .port_info 0 /INPUT 1 "a";
    .port_info 1 /INPUT 1 "b";
    .port_info 2 /OUTPUT 1 "c";
L_0x5555630ca2e0 .functor AND 1, L_0x5555630ca020, L_0x5555630ca120, C4<1>, C4<1>;
v0x55556306ef40_0 .net "a", 0 0, L_0x5555630ca020;  alias, 1 drivers
v0x55556306efe0_0 .net "b", 0 0, L_0x5555630ca120;  alias, 1 drivers
v0x55556306f080_0 .net "c", 0 0, L_0x5555630ca2e0;  alias, 1 drivers
S_0x55556306f4e0 .scope module, "vcb8704" "vd46be5" 3 313, 3 562 0, S_0x555562fc5440;
 .timescale -12 -12;
    .port_info 0 /INPUT 1 "v0e28cb";
    .port_info 1 /INPUT 1 "v3ca442";
    .port_info 2 /INPUT 1 "v1b1eae";
    .port_info 3 /INPUT 1 "v141a59";
    .port_info 4 /OUTPUT 1 "vcbab45";
L_0x5555630bc8c0 .functor BUFZ 1, L_0x5555630bc790, C4<0>, C4<0>, C4<0>;
L_0x5555630bca10 .functor BUFZ 1, RS_0x7da30898ec48, C4<0>, C4<0>, C4<0>;
L_0x5555630bca80 .functor BUFZ 1, L_0x5555630bc5a0, C4<0>, C4<0>, C4<0>;
L_0x5555630bcbd0 .functor BUFZ 1, L_0x5555630bceb0, C4<0>, C4<0>, C4<0>;
L_0x5555630bccd0 .functor BUFZ 1, L_0x5555630bc3b0, C4<0>, C4<0>, C4<0>;
v0x55556306fdc0_0 .net "v0e28cb", 0 0, L_0x5555630bc790;  alias, 1 drivers
v0x55556306fe60_0 .net "v141a59", 0 0, L_0x5555630bc3b0;  alias, 1 drivers
v0x55556306ff00_0 .net "v1b1eae", 0 0, L_0x5555630bc5a0;  alias, 1 drivers
v0x55556306ffa0_0 .net8 "v3ca442", 0 0, RS_0x7da30898ec48;  alias, 2 drivers
v0x555563070040_0 .net "vcbab45", 0 0, L_0x5555630bcbd0;  alias, 1 drivers
v0x5555630700e0_0 .net "w0", 0 0, L_0x5555630bc8c0;  1 drivers
v0x555563070180_0 .net "w1", 0 0, L_0x5555630bca10;  1 drivers
v0x555563070220_0 .net "w2", 0 0, L_0x5555630bca80;  1 drivers
v0x5555630702c0_0 .net "w3", 0 0, L_0x5555630bceb0;  1 drivers
v0x5555630703f0_0 .net "w4", 0 0, L_0x5555630bccd0;  1 drivers
S_0x55556306f720 .scope module, "vf4938a" "vd46be5_vf4938a" 3 579, 3 594 0, S_0x55556306f4e0;
 .timescale -12 -12;
    .port_info 0 /INPUT 1 "a";
    .port_info 1 /INPUT 1 "b";
    .port_info 2 /INPUT 1 "c";
    .port_info 3 /INPUT 1 "d";
    .port_info 4 /OUTPUT 1 "o";
L_0x5555630bcdd0 .functor AND 1, L_0x5555630bc8c0, L_0x5555630bca10, C4<1>, C4<1>;
L_0x5555630bce40 .functor AND 1, L_0x5555630bcdd0, L_0x5555630bca80, C4<1>, C4<1>;
L_0x5555630bceb0 .functor AND 1, L_0x5555630bce40, L_0x5555630bccd0, C4<1>, C4<1>;
v0x55556306f960_0 .net *"_ivl_0", 0 0, L_0x5555630bcdd0;  1 drivers
v0x55556306fa00_0 .net *"_ivl_2", 0 0, L_0x5555630bce40;  1 drivers
v0x55556306faa0_0 .net "a", 0 0, L_0x5555630bc8c0;  alias, 1 drivers
v0x55556306fb40_0 .net "b", 0 0, L_0x5555630bca10;  alias, 1 drivers
v0x55556306fbe0_0 .net "c", 0 0, L_0x5555630bca80;  alias, 1 drivers
v0x55556306fc80_0 .net "d", 0 0, L_0x5555630bccd0;  alias, 1 drivers
v0x55556306fd20_0 .net "o", 0 0, L_0x5555630bceb0;  alias, 1 drivers
S_0x555563070490 .scope module, "vcdbc6f" "v073659" 3 320, 3 638 0, S_0x555562fc5440;
 .timescale -12 -12;
    .port_info 0 /INPUT 1 "ve86251";
    .port_info 1 /INPUT 1 "v0e28cb";
    .port_info 2 /INPUT 1 "v3ca442";
    .port_info 3 /INPUT 1 "vb1969b";
    .port_info 4 /OUTPUT 1 "vcbab45";
L_0x5555630bcf70 .functor BUFZ 1, L_0x5555630bd460, C4<0>, C4<0>, C4<0>;
L_0x5555630bd030 .functor BUFZ 1, RS_0x7da30898f068, C4<0>, C4<0>, C4<0>;
L_0x5555630bd0f0 .functor BUFZ 1, RS_0x7da30898efa8, C4<0>, C4<0>, C4<0>;
L_0x5555630bd1b0 .functor BUFZ 1, RS_0x7da30898efd8, C4<0>, C4<0>, C4<0>;
L_0x5555630bd270 .functor BUFZ 1, RS_0x7da30898f008, C4<0>, C4<0>, C4<0>;
v0x555563070d70_0 .net8 "v0e28cb", 0 0, RS_0x7da30898efa8;  alias, 3 drivers
v0x555563070e10_0 .net8 "v3ca442", 0 0, RS_0x7da30898efd8;  alias, 4 drivers
v0x555563070eb0_0 .net8 "vb1969b", 0 0, RS_0x7da30898f008;  alias, 4 drivers
v0x555563070f50_0 .net "vcbab45", 0 0, L_0x5555630bcf70;  alias, 1 drivers
v0x555563070ff0_0 .net8 "ve86251", 0 0, RS_0x7da30898f068;  alias, 4 drivers
v0x555563071090_0 .net "w0", 0 0, L_0x5555630bd460;  1 drivers
v0x555563071130_0 .net "w1", 0 0, L_0x5555630bd030;  1 drivers
v0x5555630711d0_0 .net "w2", 0 0, L_0x5555630bd0f0;  1 drivers
v0x555563071270_0 .net "w3", 0 0, L_0x5555630bd1b0;  1 drivers
v0x5555630713a0_0 .net "w4", 0 0, L_0x5555630bd270;  1 drivers
S_0x5555630706d0 .scope module, "v99a034" "v073659_v99a034" 3 655, 3 670 0, S_0x555563070490;
 .timescale -12 -12;
    .port_info 0 /INPUT 1 "a";
    .port_info 1 /INPUT 1 "b";
    .port_info 2 /INPUT 1 "c";
    .port_info 3 /INPUT 1 "d";
    .port_info 4 /OUTPUT 1 "o";
L_0x5555630bd330 .functor OR 1, L_0x5555630bd030, L_0x5555630bd0f0, C4<0>, C4<0>;
L_0x5555630bd3a0 .functor OR 1, L_0x5555630bd330, L_0x5555630bd1b0, C4<0>, C4<0>;
L_0x5555630bd460 .functor OR 1, L_0x5555630bd3a0, L_0x5555630bd270, C4<0>, C4<0>;
v0x555563070910_0 .net *"_ivl_0", 0 0, L_0x5555630bd330;  1 drivers
v0x5555630709b0_0 .net *"_ivl_2", 0 0, L_0x5555630bd3a0;  1 drivers
v0x555563070a50_0 .net "a", 0 0, L_0x5555630bd030;  alias, 1 drivers
v0x555563070af0_0 .net "b", 0 0, L_0x5555630bd0f0;  alias, 1 drivers
v0x555563070b90_0 .net "c", 0 0, L_0x5555630bd1b0;  alias, 1 drivers
v0x555563070c30_0 .net "d", 0 0, L_0x5555630bd270;  alias, 1 drivers
v0x555563070cd0_0 .net "o", 0 0, L_0x5555630bd460;  alias, 1 drivers
S_0x555563071440 .scope module, "vd21c95" "v3676a0" 3 430, 3 608 0, S_0x555562fc5440;
 .timescale -12 -12;
    .port_info 0 /INPUT 1 "v0e28cb";
    .port_info 1 /OUTPUT 1 "vcbab45";
L_0x5555630cc4f0 .functor BUFZ 1, RS_0x7da30898f248, C4<0>, C4<0>, C4<0>;
L_0x5555630cc700 .functor BUFZ 1, L_0x5555630cc790, C4<0>, C4<0>, C4<0>;
v0x5555630718a0_0 .net8 "v0e28cb", 0 0, RS_0x7da30898f248;  alias, 4 drivers
v0x555563071940_0 .net "vcbab45", 0 0, L_0x5555630cc700;  alias, 1 drivers
v0x5555630719e0_0 .net "w0", 0 0, L_0x5555630cc4f0;  1 drivers
v0x555563071a80_0 .net "w1", 0 0, L_0x5555630cc790;  1 drivers
S_0x5555630715d0 .scope module, "vd54ca1" "v3676a0_vd54ca1" 3 616, 3 628 0, S_0x555563071440;
 .timescale -12 -12;
    .port_info 0 /INPUT 1 "a";
    .port_info 1 /OUTPUT 1 "q";
L_0x5555630cc790 .functor NOT 1, L_0x5555630cc4f0, C4<0>, C4<0>, C4<0>;
v0x555563071760_0 .net "a", 0 0, L_0x5555630cc4f0;  alias, 1 drivers
v0x555563071800_0 .net "q", 0 0, L_0x5555630cc790;  alias, 1 drivers
S_0x555563071b20 .scope module, "vd46caf" "vba518e" 3 502, 3 1007 0, S_0x555562fc5440;
 .timescale -12 -12;
    .port_info 0 /INPUT 1 "v0e28cb";
    .port_info 1 /INPUT 1 "v3ca442";
    .port_info 2 /OUTPUT 1 "vcbab45";
L_0x5555630d0230 .functor BUFZ 1, L_0x5555630cd9c0, C4<0>, C4<0>, C4<0>;
L_0x5555630d0330 .functor BUFZ 1, L_0x5555630bcf70, C4<0>, C4<0>, C4<0>;
L_0x5555630d04a0 .functor BUFZ 1, L_0x5555630d05c0, C4<0>, C4<0>, C4<0>;
v0x555563072020_0 .net "v0e28cb", 0 0, L_0x5555630cd9c0;  alias, 1 drivers
v0x5555630720c0_0 .net "v3ca442", 0 0, L_0x5555630bcf70;  alias, 1 drivers
v0x555563072160_0 .net "vcbab45", 0 0, L_0x5555630d04a0;  alias, 1 drivers
v0x555563072200_0 .net "w0", 0 0, L_0x5555630d0230;  1 drivers
v0x5555630722a0_0 .net "w1", 0 0, L_0x5555630d0330;  1 drivers
v0x555563072340_0 .net "w2", 0 0, L_0x5555630d05c0;  1 drivers
S_0x555563071cb0 .scope module, "vf4938a" "vba518e_vf4938a" 3 1018, 3 1031 0, S_0x555563071b20;
 .timescale -12 -12;
    .port_info 0 /INPUT 1 "a";
    .port_info 1 /INPUT 1 "b";
    .port_info 2 /OUTPUT 1 "c";
L_0x5555630d05c0 .functor AND 1, L_0x5555630d0230, L_0x5555630d0330, C4<1>, C4<1>;
v0x555563071e40_0 .net "a", 0 0, L_0x5555630d0230;  alias, 1 drivers
v0x555563071ee0_0 .net "b", 0 0, L_0x5555630d0330;  alias, 1 drivers
v0x555563071f80_0 .net "c", 0 0, L_0x5555630d05c0;  alias, 1 drivers
S_0x5555630723e0 .scope module, "vdbd235" "vef0330" 3 396, 3 1234 0, S_0x555562fc5440;
 .timescale -12 -12;
    .port_info 0 /INPUT 3 "v5568ce";
    .port_info 1 /OUTPUT 3 "v6af287";
L_0x5555630ca6f0 .functor BUFZ 3, L_0x5555630cad30, C4<000>, C4<000>, C4<000>;
L_0x5555630ca7a0 .functor BUFZ 3, L_0x5555630ca880, C4<000>, C4<000>, C4<000>;
v0x555563072840_0 .net "v5568ce", 2 0, L_0x5555630cad30;  alias, 1 drivers
v0x5555630728e0_0 .net "v6af287", 2 0, L_0x5555630ca7a0;  alias, 1 drivers
v0x555563072980_0 .net "w0", 0 2, L_0x5555630ca6f0;  1 drivers
v0x555563072a20_0 .net "w1", 0 2, L_0x5555630ca880;  1 drivers
S_0x555563072570 .scope module, "v668229" "vef0330_v668229" 3 1242, 3 1254 0, S_0x5555630723e0;
 .timescale -12 -12;
    .port_info 0 /INPUT 3 "i";
    .port_info 1 /OUTPUT 3 "o";
L_0x5555630ca880 .functor NOT 3, L_0x5555630ca6f0, C4<000>, C4<000>, C4<000>;
v0x555563072700_0 .net "i", 2 0, L_0x5555630ca6f0;  alias, 1 drivers
v0x5555630727a0_0 .net "o", 2 0, L_0x5555630ca880;  alias, 1 drivers
S_0x555563072ac0 .scope module, "vde87a0" "vc17c7e" 3 295, 3 525 0, S_0x555562fc5440;
 .timescale -12 -12;
    .port_info 0 /INPUT 1 "ve86251";
    .port_info 1 /INPUT 1 "v0e28cb";
    .port_info 2 /INPUT 1 "v3ca442";
    .port_info 3 /OUTPUT 1 "vcbab45";
L_0x5555630bbf20 .functor BUFZ 1, L_0x5555630bc230, C4<0>, C4<0>, C4<0>;
L_0x5555630bc020 .functor BUFZ 1, RS_0x7da30898f818, C4<0>, C4<0>, C4<0>;
L_0x5555630bc090 .functor BUFZ 1, RS_0x7da30898f7b8, C4<0>, C4<0>, C4<0>;
L_0x5555630bc100 .functor BUFZ 1, RS_0x7da30898f7e8, C4<0>, C4<0>, C4<0>;
v0x555563073220_0 .net8 "v0e28cb", 0 0, RS_0x7da30898f7b8;  alias, 2 drivers
v0x5555630732c0_0 .net8 "v3ca442", 0 0, RS_0x7da30898f7e8;  alias, 2 drivers
v0x555563073360_0 .net "vcbab45", 0 0, L_0x5555630bbf20;  alias, 1 drivers
v0x555563073400_0 .net8 "ve86251", 0 0, RS_0x7da30898f818;  alias, 2 drivers
v0x5555630734a0_0 .net "w0", 0 0, L_0x5555630bc230;  1 drivers
v0x555563073540_0 .net "w1", 0 0, L_0x5555630bc020;  1 drivers
v0x5555630735e0_0 .net "w2", 0 0, L_0x5555630bc090;  1 drivers
v0x555563073680_0 .net "w3", 0 0, L_0x5555630bc100;  1 drivers
S_0x555563072ce0 .scope module, "v99a034" "vc17c7e_v99a034" 3 539, 3 553 0, S_0x555563072ac0;
 .timescale -12 -12;
    .port_info 0 /INPUT 1 "a";
    .port_info 1 /INPUT 1 "b";
    .port_info 2 /INPUT 1 "c";
    .port_info 3 /OUTPUT 1 "o";
L_0x5555630bc1c0 .functor OR 1, L_0x5555630bc020, L_0x5555630bc090, C4<0>, C4<0>;
L_0x5555630bc230 .functor OR 1, L_0x5555630bc1c0, L_0x5555630bc100, C4<0>, C4<0>;
v0x555563072f00_0 .net *"_ivl_0", 0 0, L_0x5555630bc1c0;  1 drivers
v0x555563072fa0_0 .net "a", 0 0, L_0x5555630bc020;  alias, 1 drivers
v0x555563073040_0 .net "b", 0 0, L_0x5555630bc090;  alias, 1 drivers
v0x5555630730e0_0 .net "c", 0 0, L_0x5555630bc100;  alias, 1 drivers
v0x555563073180_0 .net "o", 0 0, L_0x5555630bc230;  alias, 1 drivers
S_0x555563073720 .scope module, "ve4ba8c" "v3676a0" 3 301, 3 608 0, S_0x555562fc5440;
 .timescale -12 -12;
    .port_info 0 /INPUT 1 "v0e28cb";
    .port_info 1 /OUTPUT 1 "vcbab45";
L_0x5555630bc2f0 .functor BUFZ 1, RS_0x7da30898f9c8, C4<0>, C4<0>, C4<0>;
L_0x5555630bc3b0 .functor BUFZ 1, L_0x5555630bc470, C4<0>, C4<0>, C4<0>;
v0x555563073b80_0 .net8 "v0e28cb", 0 0, RS_0x7da30898f9c8;  alias, 3 drivers
v0x555563073c20_0 .net "vcbab45", 0 0, L_0x5555630bc3b0;  alias, 1 drivers
v0x555563073cc0_0 .net "w0", 0 0, L_0x5555630bc2f0;  1 drivers
v0x555563073d60_0 .net "w1", 0 0, L_0x5555630bc470;  1 drivers
S_0x5555630738b0 .scope module, "vd54ca1" "v3676a0_vd54ca1" 3 616, 3 628 0, S_0x555563073720;
 .timescale -12 -12;
    .port_info 0 /INPUT 1 "a";
    .port_info 1 /OUTPUT 1 "q";
L_0x5555630bc470 .functor NOT 1, L_0x5555630bc2f0, C4<0>, C4<0>, C4<0>;
v0x555563073a40_0 .net "a", 0 0, L_0x5555630bc2f0;  alias, 1 drivers
v0x555563073ae0_0 .net "q", 0 0, L_0x5555630bc470;  alias, 1 drivers
S_0x555563073e00 .scope module, "ve536c8" "v862e66" 3 406, 3 1300 0, S_0x555562fc5440;
 .timescale -12 -12;
    .port_info 0 /INPUT 3 "v28a8d2";
    .port_info 1 /OUTPUT 1 "vcbab45";
L_0x5555630cb050 .functor BUFZ 1, L_0x5555630cb1e0, C4<0>, C4<0>, C4<0>;
L_0x5555630cb100 .functor BUFZ 3, L_0x5555630ca7a0, C4<000>, C4<000>, C4<000>;
v0x555563074260_0 .net "v28a8d2", 2 0, L_0x5555630ca7a0;  alias, 1 drivers
v0x555563074300_0 .net "vcbab45", 0 0, L_0x5555630cb050;  alias, 1 drivers
v0x5555630743a0_0 .net "w0", 0 0, L_0x5555630cb1e0;  1 drivers
v0x555563074440_0 .net "w1", 0 2, L_0x5555630cb100;  1 drivers
S_0x555563073f90 .scope module, "vef708c" "v862e66_vef708c" 3 1308, 3 1320 0, S_0x555563073e00;
 .timescale -12 -12;
    .port_info 0 /INPUT 3 "a";
    .port_info 1 /OUTPUT 1 "c";
v0x555563074120_0 .net "a", 2 0, L_0x5555630cb100;  alias, 1 drivers
v0x5555630741c0_0 .net "c", 0 0, L_0x5555630cb1e0;  alias, 1 drivers
L_0x5555630cb1e0 .reduce/and L_0x5555630cb100;
S_0x5555630744e0 .scope module, "ve78c22" "vba518e" 3 469, 3 1007 0, S_0x555562fc5440;
 .timescale -12 -12;
    .port_info 0 /INPUT 1 "v0e28cb";
    .port_info 1 /INPUT 1 "v3ca442";
    .port_info 2 /OUTPUT 1 "vcbab45";
L_0x5555630ce800 .functor BUFZ 1, L_0x5555630ba480, C4<0>, C4<0>, C4<0>;
L_0x5555630ce900 .functor BUFZ 1, L_0x5555630b8ae0, C4<0>, C4<0>, C4<0>;
L_0x5555630ce990 .functor BUFZ 1, L_0x5555630ceab0, C4<0>, C4<0>, C4<0>;
v0x5555630749e0_0 .net "v0e28cb", 0 0, L_0x5555630ba480;  alias, 1 drivers
v0x555563074a80_0 .net "v3ca442", 0 0, L_0x5555630b8ae0;  alias, 1 drivers
v0x555563074b20_0 .net "vcbab45", 0 0, L_0x5555630ce990;  alias, 1 drivers
v0x555563074bc0_0 .net "w0", 0 0, L_0x5555630ce800;  1 drivers
v0x555563074c60_0 .net "w1", 0 0, L_0x5555630ce900;  1 drivers
v0x555563074d00_0 .net "w2", 0 0, L_0x5555630ceab0;  1 drivers
S_0x555563074670 .scope module, "vf4938a" "vba518e_vf4938a" 3 1018, 3 1031 0, S_0x5555630744e0;
 .timescale -12 -12;
    .port_info 0 /INPUT 1 "a";
    .port_info 1 /INPUT 1 "b";
    .port_info 2 /OUTPUT 1 "c";
L_0x5555630ceab0 .functor AND 1, L_0x5555630ce800, L_0x5555630ce900, C4<1>, C4<1>;
v0x555563074800_0 .net "a", 0 0, L_0x5555630ce800;  alias, 1 drivers
v0x5555630748a0_0 .net "b", 0 0, L_0x5555630ce900;  alias, 1 drivers
v0x555563074940_0 .net "c", 0 0, L_0x5555630ceab0;  alias, 1 drivers
S_0x555563074da0 .scope module, "vea9644" "v3676a0" 3 420, 3 608 0, S_0x555562fc5440;
 .timescale -12 -12;
    .port_info 0 /INPUT 1 "v0e28cb";
    .port_info 1 /OUTPUT 1 "vcbab45";
L_0x5555630cbba0 .functor BUFZ 1, RS_0x7da30898fe48, C4<0>, C4<0>, C4<0>;
L_0x5555630cbdb0 .functor BUFZ 1, L_0x5555630cbe40, C4<0>, C4<0>, C4<0>;
v0x555563075200_0 .net8 "v0e28cb", 0 0, RS_0x7da30898fe48;  alias, 3 drivers
v0x5555630752a0_0 .net "vcbab45", 0 0, L_0x5555630cbdb0;  alias, 1 drivers
v0x555563075340_0 .net "w0", 0 0, L_0x5555630cbba0;  1 drivers
v0x5555630753e0_0 .net "w1", 0 0, L_0x5555630cbe40;  1 drivers
S_0x555563074f30 .scope module, "vd54ca1" "v3676a0_vd54ca1" 3 616, 3 628 0, S_0x555563074da0;
 .timescale -12 -12;
    .port_info 0 /INPUT 1 "a";
    .port_info 1 /OUTPUT 1 "q";
L_0x5555630cbe40 .functor NOT 1, L_0x5555630cbba0, C4<0>, C4<0>, C4<0>;
v0x5555630750c0_0 .net "a", 0 0, L_0x5555630cbba0;  alias, 1 drivers
v0x555563075160_0 .net "q", 0 0, L_0x5555630cbe40;  alias, 1 drivers
S_0x555563075480 .scope module, "vf5dadb" "v9e24f2" 3 511, 3 1419 0, S_0x555562fc5440;
 .timescale -12 -12;
    .port_info 0 /INPUT 1 "v344eeb";
    .port_info 1 /INPUT 1 "vd1cefe";
    .port_info 2 /INPUT 1 "vc5c5cb";
    .port_info 3 /INPUT 1 "v31dfe6";
    .port_info 4 /INPUT 1 "vcaf019";
    .port_info 5 /OUTPUT 1 "v179a5c";
    .port_info 6 /OUTPUT 1 "v21b970";
    .port_info 7 /OUTPUT 1 "v1c6536";
    .port_info 8 /OUTPUT 1 "vccbb9b";
L_0x5555630d08b0 .functor BUFZ 1, L_0x5555630d4a80, C4<0>, C4<0>, C4<0>;
L_0x5555630d09b0 .functor BUFZ 1, L_0x5555630d54f0, C4<0>, C4<0>, C4<0>;
L_0x5555630d0a90 .functor BUFZ 1, L_0x5555630d6130, C4<0>, C4<0>, C4<0>;
L_0x5555630d0c80 .functor BUFZ 1, L_0x5555630d6e90, C4<0>, C4<0>, C4<0>;
L_0x5555630d0e70 .functor BUFZ 1, L_0x5555630ad350, C4<0>, C4<0>, C4<0>;
L_0x5555630d0f30 .functor BUFZ 1, L_0x5555630ad110, C4<0>, C4<0>, C4<0>;
L_0x5555630d1010 .functor BUFZ 1, L_0x5555630ad1d0, C4<0>, C4<0>, C4<0>;
L_0x5555630d10f0 .functor BUFZ 1, L_0x5555630ad290, C4<0>, C4<0>, C4<0>;
L_0x5555630d1220 .functor BUFZ 1, RS_0x7da308992278, C4<0>, C4<0>, C4<0>;
L_0x5555630d1300 .functor BUFZ 1, RS_0x7da308992278, C4<0>, C4<0>, C4<0>;
L_0x5555630d1390 .functor BUFZ 1, RS_0x7da308992278, C4<0>, C4<0>, C4<0>;
L_0x5555630d1420 .functor BUFZ 1, RS_0x7da308992278, C4<0>, C4<0>, C4<0>;
L_0x5555630d1570 .functor BUFZ 1, RS_0x7da308992278, C4<0>, C4<0>, C4<0>;
L_0x5555630d1760 .functor BUFZ 1, RS_0x7da308992278, C4<0>, C4<0>, C4<0>;
L_0x5555630d1500 .functor BUFZ 1, RS_0x7da308992278, C4<0>, C4<0>, C4<0>;
L_0x5555630d18b0 .functor BUFZ 1, RS_0x7da308992278, C4<0>, C4<0>, C4<0>;
L_0x5555630d1a20 .functor BUFZ 1, L_0x5555630d4790, C4<0>, C4<0>, C4<0>;
L_0x5555630d1b00 .functor BUFZ 1, L_0x5555630d5110, C4<0>, C4<0>, C4<0>;
L_0x5555630d1c80 .functor BUFZ 1, L_0x5555630d5cc0, C4<0>, C4<0>, C4<0>;
L_0x5555630d1d60 .functor BUFZ 1, L_0x5555630d6a20, C4<0>, C4<0>, C4<0>;
L_0x5555630d1ef0 .functor BUFZ 1, L_0x5555630d1220, C4<0>, C4<0>, C4<0>;
L_0x5555630d1f80 .functor BUFZ 1, L_0x5555630d1220, C4<0>, C4<0>, C4<0>;
RS_0x7da3089911c8 .resolv tri, L_0x5555630d1300, L_0x5555630d1ef0;
L_0x5555630d20d0 .functor BUFZ 1, RS_0x7da3089911c8, C4<0>, C4<0>, C4<0>;
L_0x5555630d2160 .functor BUFZ 1, L_0x5555630d1220, C4<0>, C4<0>, C4<0>;
L_0x5555630d22c0 .functor BUFZ 1, RS_0x7da3089911c8, C4<0>, C4<0>, C4<0>;
RS_0x7da3089905f8 .resolv tri, L_0x5555630d1390, L_0x5555630d1f80, L_0x5555630d20d0;
L_0x5555630d23e0 .functor BUFZ 1, RS_0x7da3089905f8, C4<0>, C4<0>, C4<0>;
L_0x5555630d2550 .functor BUFZ 1, L_0x5555630d1220, C4<0>, C4<0>, C4<0>;
L_0x5555630d25e0 .functor BUFZ 1, RS_0x7da3089911c8, C4<0>, C4<0>, C4<0>;
L_0x5555630d27f0 .functor BUFZ 1, RS_0x7da3089905f8, C4<0>, C4<0>, C4<0>;
RS_0x7da3089916a8 .resolv tri, L_0x5555630d1420, L_0x5555630d2160, L_0x5555630d22c0, L_0x5555630d23e0;
L_0x5555630d2880 .functor BUFZ 1, RS_0x7da3089916a8, C4<0>, C4<0>, C4<0>;
L_0x5555630d2a10 .functor BUFZ 1, L_0x5555630d1220, C4<0>, C4<0>, C4<0>;
L_0x5555630d2aa0 .functor BUFZ 1, RS_0x7da3089911c8, C4<0>, C4<0>, C4<0>;
L_0x5555630d2cd0 .functor BUFZ 1, RS_0x7da3089905f8, C4<0>, C4<0>, C4<0>;
L_0x5555630d2d60 .functor BUFZ 1, RS_0x7da3089916a8, C4<0>, C4<0>, C4<0>;
RS_0x7da308990328 .resolv tri, L_0x5555630d1570, L_0x5555630d2550, L_0x5555630d25e0, L_0x5555630d27f0, L_0x5555630d2880;
L_0x5555630d2f10 .functor BUFZ 1, RS_0x7da308990328, C4<0>, C4<0>, C4<0>;
L_0x5555630d2fa0 .functor BUFZ 1, L_0x5555630d1220, C4<0>, C4<0>, C4<0>;
L_0x5555630d3160 .functor BUFZ 1, RS_0x7da3089911c8, C4<0>, C4<0>, C4<0>;
L_0x5555630d3300 .functor BUFZ 1, RS_0x7da3089905f8, C4<0>, C4<0>, C4<0>;
L_0x5555630d3030 .functor BUFZ 1, RS_0x7da3089916a8, C4<0>, C4<0>, C4<0>;
L_0x5555630d30c0 .functor BUFZ 1, RS_0x7da308990328, C4<0>, C4<0>, C4<0>;
RS_0x7da308991948 .resolv tri, L_0x5555630d1760, L_0x5555630d2a10, L_0x5555630d2aa0, L_0x5555630d2cd0, L_0x5555630d2d60, L_0x5555630d2f10;
L_0x5555630d3950 .functor BUFZ 1, RS_0x7da308991948, C4<0>, C4<0>, C4<0>;
L_0x5555630d3c00 .functor BUFZ 1, L_0x5555630d1220, C4<0>, C4<0>, C4<0>;
L_0x5555630d3df0 .functor BUFZ 1, RS_0x7da3089911c8, C4<0>, C4<0>, C4<0>;
L_0x5555630d3e80 .functor BUFZ 1, RS_0x7da3089905f8, C4<0>, C4<0>, C4<0>;
L_0x5555630d4080 .functor BUFZ 1, RS_0x7da3089916a8, C4<0>, C4<0>, C4<0>;
L_0x5555630d4110 .functor BUFZ 1, RS_0x7da308990328, C4<0>, C4<0>, C4<0>;
L_0x5555630d4320 .functor BUFZ 1, RS_0x7da308991948, C4<0>, C4<0>, C4<0>;
RS_0x7da308991d08 .resolv tri, L_0x5555630d1500, L_0x5555630d2fa0, L_0x5555630d3160, L_0x5555630d3300, L_0x5555630d3030, L_0x5555630d30c0, L_0x5555630d3950;
L_0x5555630d44c0 .functor BUFZ 1, RS_0x7da308991d08, C4<0>, C4<0>, C4<0>;
v0x555563080210_0 .net "v179a5c", 0 0, L_0x5555630d08b0;  alias, 1 drivers
v0x5555630802b0_0 .net "v1c6536", 0 0, L_0x5555630d0a90;  alias, 1 drivers
v0x5555630803a0_0 .net "v21b970", 0 0, L_0x5555630d09b0;  alias, 1 drivers
v0x5555630804a0_0 .net "v31dfe6", 0 0, L_0x5555630ad1d0;  alias, 1 drivers
v0x555563080540_0 .net8 "v344eeb", 0 0, RS_0x7da308992278;  alias, 2 drivers
v0x555563080630_0 .net "vc5c5cb", 0 0, L_0x5555630ad290;  alias, 1 drivers
v0x5555630806d0_0 .net "vcaf019", 0 0, L_0x5555630ad110;  alias, 1 drivers
v0x555563080770_0 .net "vccbb9b", 0 0, L_0x5555630d0c80;  alias, 1 drivers
v0x555563080810_0 .net "vd1cefe", 0 0, L_0x5555630ad350;  alias, 1 drivers
v0x5555630808b0_0 .net "w0", 0 0, L_0x5555630d4a80;  1 drivers
v0x555563080980_0 .net "w1", 0 0, L_0x5555630d4790;  1 drivers
v0x555563080a20_0 .net "w10", 0 0, L_0x5555630d6130;  1 drivers
v0x555563080ac0_0 .net "w11", 0 0, L_0x5555630d5cc0;  1 drivers
v0x555563080bb0_0 .net "w12", 0 0, L_0x5555630d63c0;  1 drivers
v0x555563080ca0_0 .net "w13", 0 0, L_0x5555630d6690;  1 drivers
v0x555563080d90_0 .net "w14", 0 0, L_0x5555630d1c80;  1 drivers
v0x555563080e30_0 .net "w15", 0 0, L_0x5555630d6a20;  1 drivers
v0x555563080f20_0 .net "w16", 0 0, L_0x5555630d7120;  1 drivers
v0x555563081010_0 .net "w17", 0 0, L_0x5555630d73f0;  1 drivers
v0x555563081100_0 .net "w18", 0 0, L_0x5555630d1d60;  1 drivers
v0x5555630811a0_0 .net "w19", 0 0, L_0x5555630d6e90;  1 drivers
v0x555563081240_0 .net "w2", 0 0, L_0x5555630d4c70;  1 drivers
v0x555563081330_0 .net "w20", 0 0, L_0x5555630d0e70;  1 drivers
v0x5555630813d0_0 .net "w21", 0 0, L_0x5555630d0f30;  1 drivers
v0x555563081470_0 .net "w22", 0 0, L_0x5555630d1010;  1 drivers
v0x555563081510_0 .net "w23", 0 0, L_0x5555630d10f0;  1 drivers
v0x5555630815b0_0 .net "w24", 0 0, L_0x5555630d1220;  1 drivers
v0x555563081680_0 .net8 "w25", 0 0, RS_0x7da3089911c8;  2 drivers
v0x555563081750_0 .net8 "w26", 0 0, RS_0x7da3089905f8;  3 drivers
v0x555563081820_0 .net8 "w27", 0 0, RS_0x7da3089916a8;  4 drivers
v0x5555630818f0_0 .net8 "w28", 0 0, RS_0x7da308990328;  5 drivers
v0x5555630819c0_0 .net8 "w29", 0 0, RS_0x7da308991948;  6 drivers
v0x555563081a90_0 .net "w3", 0 0, L_0x5555630d4e60;  1 drivers
v0x555563081d90_0 .net8 "w30", 0 0, RS_0x7da308991d08;  7 drivers
RS_0x7da308990c88 .resolv tri, L_0x5555630d18b0, L_0x5555630d3c00, L_0x5555630d3df0, L_0x5555630d3e80, L_0x5555630d4080, L_0x5555630d4110, L_0x5555630d4320, L_0x5555630d44c0;
v0x555563081e30_0 .net8 "w31", 0 0, RS_0x7da308990c88;  8 drivers
v0x555563081f00_0 .net "w4", 0 0, L_0x5555630d1a20;  1 drivers
v0x555563081fd0_0 .net "w5", 0 0, L_0x5555630d54f0;  1 drivers
v0x5555630820a0_0 .net "w6", 0 0, L_0x5555630d5110;  1 drivers
v0x555563082190_0 .net "w7", 0 0, L_0x5555630d5780;  1 drivers
v0x555563082280_0 .net "w8", 0 0, L_0x5555630d59c0;  1 drivers
v0x555563082370_0 .net "w9", 0 0, L_0x5555630d1b00;  1 drivers
S_0x555563075610 .scope module, "v0ad11f" "v3676a0" 3 1539, 3 608 0, S_0x555563075480;
 .timescale -12 -12;
    .port_info 0 /INPUT 1 "v0e28cb";
    .port_info 1 /OUTPUT 1 "vcbab45";
L_0x5555630d5680 .functor BUFZ 1, L_0x5555630d59c0, C4<0>, C4<0>, C4<0>;
L_0x5555630d5780 .functor BUFZ 1, L_0x5555630d5810, C4<0>, C4<0>, C4<0>;
v0x555563075a70_0 .net "v0e28cb", 0 0, L_0x5555630d59c0;  alias, 1 drivers
v0x555563075b10_0 .net "vcbab45", 0 0, L_0x5555630d5780;  alias, 1 drivers
v0x555563075bb0_0 .net "w0", 0 0, L_0x5555630d5680;  1 drivers
v0x555563075c50_0 .net "w1", 0 0, L_0x5555630d5810;  1 drivers
S_0x5555630757a0 .scope module, "vd54ca1" "v3676a0_vd54ca1" 3 616, 3 628 0, S_0x555563075610;
 .timescale -12 -12;
    .port_info 0 /INPUT 1 "a";
    .port_info 1 /OUTPUT 1 "q";
L_0x5555630d5810 .functor NOT 1, L_0x5555630d5680, C4<0>, C4<0>, C4<0>;
v0x555563075930_0 .net "a", 0 0, L_0x5555630d5680;  alias, 1 drivers
v0x5555630759d0_0 .net "q", 0 0, L_0x5555630d5810;  alias, 1 drivers
S_0x555563075cf0 .scope module, "v247866" "v3676a0" 3 1577, 3 608 0, S_0x555563075480;
 .timescale -12 -12;
    .port_info 0 /INPUT 1 "v0e28cb";
    .port_info 1 /OUTPUT 1 "vcbab45";
L_0x5555630d7020 .functor BUFZ 1, L_0x5555630d73f0, C4<0>, C4<0>, C4<0>;
L_0x5555630d7120 .functor BUFZ 1, L_0x5555630d7240, C4<0>, C4<0>, C4<0>;
v0x555563076150_0 .net "v0e28cb", 0 0, L_0x5555630d73f0;  alias, 1 drivers
v0x5555630761f0_0 .net "vcbab45", 0 0, L_0x5555630d7120;  alias, 1 drivers
v0x555563076290_0 .net "w0", 0 0, L_0x5555630d7020;  1 drivers
v0x555563076330_0 .net "w1", 0 0, L_0x5555630d7240;  1 drivers
S_0x555563075e80 .scope module, "vd54ca1" "v3676a0_vd54ca1" 3 616, 3 628 0, S_0x555563075cf0;
 .timescale -12 -12;
    .port_info 0 /INPUT 1 "a";
    .port_info 1 /OUTPUT 1 "q";
L_0x5555630d7240 .functor NOT 1, L_0x5555630d7020, C4<0>, C4<0>, C4<0>;
v0x555563076010_0 .net "a", 0 0, L_0x5555630d7020;  alias, 1 drivers
v0x5555630760b0_0 .net "q", 0 0, L_0x5555630d7240;  alias, 1 drivers
S_0x5555630763d0 .scope module, "v4a0c3f" "v58ed2b" 3 1548, 3 1133 0, S_0x555563075480;
 .timescale -12 -12;
    .port_info 0 /INPUT 1 "va4102a";
    .port_info 1 /INPUT 1 "vf54559";
    .port_info 2 /OUTPUT 1 "va58c5b";
    .port_info 3 /OUTPUT 1 "ve8318d";
P_0x555563076560 .param/l "p2" 1 3 1141, +C4<00000000000000000000000000000000>;
P_0x5555630765a0 .param/l "v71e305" 0 3 1134, +C4<00000000000000000000000000000000>;
L_0x5555630d5bc0 .functor BUFZ 1, RS_0x7da308990328, C4<0>, C4<0>, C4<0>;
L_0x5555630d5cc0 .functor BUFZ 1, v0x555563076a80_0, C4<0>, C4<0>, C4<0>;
L_0x5555630d5de0 .functor BUFZ 1, L_0x5555630d1010, C4<0>, C4<0>, C4<0>;
v0x555563076b20_0 .net8 "va4102a", 0 0, RS_0x7da308990328;  alias, 5 drivers
o0x7da308990358 .functor BUFZ 1, C4<z>; HiZ drive
v0x555563076bc0_0 .net "va58c5b", 0 0, o0x7da308990358;  0 drivers
v0x555563076c60_0 .net "ve8318d", 0 0, L_0x5555630d5cc0;  alias, 1 drivers
v0x555563076d00_0 .net "vf54559", 0 0, L_0x5555630d1010;  alias, 1 drivers
v0x555563076da0_0 .net "w0", 0 0, L_0x5555630d5bc0;  1 drivers
v0x555563076e40_0 .net "w1", 0 0, v0x555563076a80_0;  1 drivers
v0x555563076ee0_0 .net "w3", 0 0, L_0x5555630d5de0;  1 drivers
S_0x555563076680 .scope module, "vb8adf8" "v58ed2b_vb8adf8" 3 1150, 3 1163 0, S_0x5555630763d0;
 .timescale -12 -12;
    .port_info 0 /INPUT 1 "clk";
    .port_info 1 /INPUT 1 "d";
    .port_info 2 /OUTPUT 1 "q";
P_0x555562d3ee50 .param/l "INI" 0 3 1164, +C4<00000000000000000000000000000000>;
v0x5555630768a0_0 .net "clk", 0 0, L_0x5555630d5bc0;  alias, 1 drivers
v0x555563076940_0 .net "d", 0 0, L_0x5555630d5de0;  alias, 1 drivers
v0x5555630769e0_0 .net "q", 0 0, v0x555563076a80_0;  alias, 1 drivers
v0x555563076a80_0 .var "qi", 0 0;
E_0x555562d446d0 .event posedge, v0x5555630768a0_0;
S_0x555563076f80 .scope module, "v4b7051" "v58ed2b" 3 1529, 3 1133 0, S_0x555563075480;
 .timescale -12 -12;
    .port_info 0 /INPUT 1 "va4102a";
    .port_info 1 /INPUT 1 "vf54559";
    .port_info 2 /OUTPUT 1 "va58c5b";
    .port_info 3 /OUTPUT 1 "ve8318d";
P_0x555563076810 .param/l "p2" 1 3 1141, +C4<00000000000000000000000000000000>;
P_0x555563076850 .param/l "v71e305" 0 3 1134, +C4<00000000000000000000000000000000>;
L_0x5555630d5010 .functor BUFZ 1, RS_0x7da3089905f8, C4<0>, C4<0>, C4<0>;
L_0x5555630d5110 .functor BUFZ 1, v0x5555630775a0_0, C4<0>, C4<0>, C4<0>;
L_0x5555630d51a0 .functor BUFZ 1, L_0x5555630d10f0, C4<0>, C4<0>, C4<0>;
v0x555563077640_0 .net8 "va4102a", 0 0, RS_0x7da3089905f8;  alias, 3 drivers
o0x7da308990628 .functor BUFZ 1, C4<z>; HiZ drive
v0x5555630776e0_0 .net "va58c5b", 0 0, o0x7da308990628;  0 drivers
v0x555563077780_0 .net "ve8318d", 0 0, L_0x5555630d5110;  alias, 1 drivers
v0x555563077820_0 .net "vf54559", 0 0, L_0x5555630d10f0;  alias, 1 drivers
v0x5555630778c0_0 .net "w0", 0 0, L_0x5555630d5010;  1 drivers
v0x555563077960_0 .net "w1", 0 0, v0x5555630775a0_0;  1 drivers
v0x555563077a00_0 .net "w3", 0 0, L_0x5555630d51a0;  1 drivers
S_0x5555630771a0 .scope module, "vb8adf8" "v58ed2b_vb8adf8" 3 1150, 3 1163 0, S_0x555563076f80;
 .timescale -12 -12;
    .port_info 0 /INPUT 1 "clk";
    .port_info 1 /INPUT 1 "d";
    .port_info 2 /OUTPUT 1 "q";
P_0x555562d42380 .param/l "INI" 0 3 1164, +C4<00000000000000000000000000000000>;
v0x5555630773c0_0 .net "clk", 0 0, L_0x5555630d5010;  alias, 1 drivers
v0x555563077460_0 .net "d", 0 0, L_0x5555630d51a0;  alias, 1 drivers
v0x555563077500_0 .net "q", 0 0, v0x5555630775a0_0;  alias, 1 drivers
v0x5555630775a0_0 .var "qi", 0 0;
E_0x555562c53c60 .event posedge, v0x5555630773c0_0;
S_0x555563077aa0 .scope module, "v62dc33" "v3676a0" 3 1558, 3 608 0, S_0x555563075480;
 .timescale -12 -12;
    .port_info 0 /INPUT 1 "v0e28cb";
    .port_info 1 /OUTPUT 1 "vcbab45";
L_0x5555630d62c0 .functor BUFZ 1, L_0x5555630d6690, C4<0>, C4<0>, C4<0>;
L_0x5555630d63c0 .functor BUFZ 1, L_0x5555630d64e0, C4<0>, C4<0>, C4<0>;
v0x555563077f00_0 .net "v0e28cb", 0 0, L_0x5555630d6690;  alias, 1 drivers
v0x555563077fa0_0 .net "vcbab45", 0 0, L_0x5555630d63c0;  alias, 1 drivers
v0x555563078040_0 .net "w0", 0 0, L_0x5555630d62c0;  1 drivers
v0x5555630780e0_0 .net "w1", 0 0, L_0x5555630d64e0;  1 drivers
S_0x555563077c30 .scope module, "vd54ca1" "v3676a0_vd54ca1" 3 616, 3 628 0, S_0x555563077aa0;
 .timescale -12 -12;
    .port_info 0 /INPUT 1 "a";
    .port_info 1 /OUTPUT 1 "q";
L_0x5555630d64e0 .functor NOT 1, L_0x5555630d62c0, C4<0>, C4<0>, C4<0>;
v0x555563077dc0_0 .net "a", 0 0, L_0x5555630d62c0;  alias, 1 drivers
v0x555563077e60_0 .net "q", 0 0, L_0x5555630d64e0;  alias, 1 drivers
S_0x555563078180 .scope module, "v7435fc" "vba518e" 3 1515, 3 1007 0, S_0x555563075480;
 .timescale -12 -12;
    .port_info 0 /INPUT 1 "v0e28cb";
    .port_info 1 /INPUT 1 "v3ca442";
    .port_info 2 /OUTPUT 1 "vcbab45";
L_0x5555630d4940 .functor BUFZ 1, L_0x5555630d4c70, C4<0>, C4<0>, C4<0>;
L_0x5555630d49f0 .functor BUFZ 1, L_0x5555630d4790, C4<0>, C4<0>, C4<0>;
L_0x5555630d4a80 .functor BUFZ 1, L_0x5555630d4b10, C4<0>, C4<0>, C4<0>;
v0x555563078680_0 .net "v0e28cb", 0 0, L_0x5555630d4c70;  alias, 1 drivers
v0x555563078720_0 .net "v3ca442", 0 0, L_0x5555630d4790;  alias, 1 drivers
v0x5555630787c0_0 .net "vcbab45", 0 0, L_0x5555630d4a80;  alias, 1 drivers
v0x555563078860_0 .net "w0", 0 0, L_0x5555630d4940;  1 drivers
v0x555563078900_0 .net "w1", 0 0, L_0x5555630d49f0;  1 drivers
v0x5555630789a0_0 .net "w2", 0 0, L_0x5555630d4b10;  1 drivers
S_0x555563078310 .scope module, "vf4938a" "vba518e_vf4938a" 3 1018, 3 1031 0, S_0x555563078180;
 .timescale -12 -12;
    .port_info 0 /INPUT 1 "a";
    .port_info 1 /INPUT 1 "b";
    .port_info 2 /OUTPUT 1 "c";
L_0x5555630d4b10 .functor AND 1, L_0x5555630d4940, L_0x5555630d49f0, C4<1>, C4<1>;
v0x5555630784a0_0 .net "a", 0 0, L_0x5555630d4940;  alias, 1 drivers
v0x555563078540_0 .net "b", 0 0, L_0x5555630d49f0;  alias, 1 drivers
v0x5555630785e0_0 .net "c", 0 0, L_0x5555630d4b10;  alias, 1 drivers
S_0x555563078a40 .scope module, "v8771e5" "v58ed2b" 3 1581, 3 1133 0, S_0x555563075480;
 .timescale -12 -12;
    .port_info 0 /INPUT 1 "va4102a";
    .port_info 1 /INPUT 1 "vf54559";
    .port_info 2 /OUTPUT 1 "va58c5b";
    .port_info 3 /OUTPUT 1 "ve8318d";
P_0x555563077330 .param/l "p2" 1 3 1141, +C4<00000000000000000000000000000000>;
P_0x555563077370 .param/l "v71e305" 0 3 1134, +C4<00000000000000000000000000000000>;
L_0x5555630d72f0 .functor BUFZ 1, RS_0x7da308990c88, C4<0>, C4<0>, C4<0>;
L_0x5555630d73f0 .functor BUFZ 1, v0x555563079060_0, C4<0>, C4<0>, C4<0>;
L_0x5555630d7510 .functor BUFZ 1, L_0x5555630d1d60, C4<0>, C4<0>, C4<0>;
v0x555563079100_0 .net8 "va4102a", 0 0, RS_0x7da308990c88;  alias, 8 drivers
o0x7da308990cb8 .functor BUFZ 1, C4<z>; HiZ drive
v0x5555630791a0_0 .net "va58c5b", 0 0, o0x7da308990cb8;  0 drivers
v0x555563079240_0 .net "ve8318d", 0 0, L_0x5555630d73f0;  alias, 1 drivers
v0x5555630792e0_0 .net "vf54559", 0 0, L_0x5555630d1d60;  alias, 1 drivers
v0x555563079380_0 .net "w0", 0 0, L_0x5555630d72f0;  1 drivers
v0x555563079420_0 .net "w1", 0 0, v0x555563079060_0;  1 drivers
v0x5555630794c0_0 .net "w3", 0 0, L_0x5555630d7510;  1 drivers
S_0x555563078c60 .scope module, "vb8adf8" "v58ed2b_vb8adf8" 3 1150, 3 1163 0, S_0x555563078a40;
 .timescale -12 -12;
    .port_info 0 /INPUT 1 "clk";
    .port_info 1 /INPUT 1 "d";
    .port_info 2 /OUTPUT 1 "q";
P_0x555562cbc3d0 .param/l "INI" 0 3 1164, +C4<00000000000000000000000000000000>;
v0x555563078e80_0 .net "clk", 0 0, L_0x5555630d72f0;  alias, 1 drivers
v0x555563078f20_0 .net "d", 0 0, L_0x5555630d7510;  alias, 1 drivers
v0x555563078fc0_0 .net "q", 0 0, v0x555563079060_0;  alias, 1 drivers
v0x555563079060_0 .var "qi", 0 0;
E_0x555562ce3fe0 .event posedge, v0x555563078e80_0;
S_0x555563079560 .scope module, "vb3d304" "v58ed2b" 3 1510, 3 1133 0, S_0x555563075480;
 .timescale -12 -12;
    .port_info 0 /INPUT 1 "va4102a";
    .port_info 1 /INPUT 1 "vf54559";
    .port_info 2 /OUTPUT 1 "va58c5b";
    .port_info 3 /OUTPUT 1 "ve8318d";
P_0x555563078df0 .param/l "p2" 1 3 1141, +C4<00000000000000000000000000000000>;
P_0x555563078e30 .param/l "v71e305" 0 3 1134, +C4<00000000000000000000000000000000>;
L_0x5555630d46e0 .functor BUFZ 1, L_0x5555630d1220, C4<0>, C4<0>, C4<0>;
L_0x5555630d4790 .functor BUFZ 1, v0x555563079b80_0, C4<0>, C4<0>, C4<0>;
L_0x5555630d4820 .functor BUFZ 1, L_0x5555630d0e70, C4<0>, C4<0>, C4<0>;
v0x555563079c20_0 .net "va4102a", 0 0, L_0x5555630d1220;  alias, 1 drivers
o0x7da308990f58 .functor BUFZ 1, C4<z>; HiZ drive
v0x555563079cc0_0 .net "va58c5b", 0 0, o0x7da308990f58;  0 drivers
v0x555563079d60_0 .net "ve8318d", 0 0, L_0x5555630d4790;  alias, 1 drivers
v0x555563079e00_0 .net "vf54559", 0 0, L_0x5555630d0e70;  alias, 1 drivers
v0x555563079ea0_0 .net "w0", 0 0, L_0x5555630d46e0;  1 drivers
v0x555563079f40_0 .net "w1", 0 0, v0x555563079b80_0;  1 drivers
v0x555563079fe0_0 .net "w3", 0 0, L_0x5555630d4820;  1 drivers
S_0x555563079780 .scope module, "vb8adf8" "v58ed2b_vb8adf8" 3 1150, 3 1163 0, S_0x555563079560;
 .timescale -12 -12;
    .port_info 0 /INPUT 1 "clk";
    .port_info 1 /INPUT 1 "d";
    .port_info 2 /OUTPUT 1 "q";
P_0x555562fea010 .param/l "INI" 0 3 1164, +C4<00000000000000000000000000000000>;
v0x5555630799a0_0 .net "clk", 0 0, L_0x5555630d46e0;  alias, 1 drivers
v0x555563079a40_0 .net "d", 0 0, L_0x5555630d4820;  alias, 1 drivers
v0x555563079ae0_0 .net "q", 0 0, v0x555563079b80_0;  alias, 1 drivers
v0x555563079b80_0 .var "qi", 0 0;
E_0x555562c00360 .event posedge, v0x5555630799a0_0;
S_0x55556307a080 .scope module, "vb8f8a5" "v58ed2b" 3 1524, 3 1133 0, S_0x555563075480;
 .timescale -12 -12;
    .port_info 0 /INPUT 1 "va4102a";
    .port_info 1 /INPUT 1 "vf54559";
    .port_info 2 /OUTPUT 1 "va58c5b";
    .port_info 3 /OUTPUT 1 "ve8318d";
P_0x55556307a210 .param/l "p2" 1 3 1141, +C4<00000000000000000000000000000000>;
P_0x55556307a250 .param/l "v71e305" 0 3 1134, +C4<00000000000000000000000000000000>;
L_0x5555630d4db0 .functor BUFZ 1, RS_0x7da3089911c8, C4<0>, C4<0>, C4<0>;
L_0x5555630d4e60 .functor BUFZ 1, v0x55556307a730_0, C4<0>, C4<0>, C4<0>;
L_0x5555630d4ef0 .functor BUFZ 1, L_0x5555630d1a20, C4<0>, C4<0>, C4<0>;
v0x55556307a7d0_0 .net8 "va4102a", 0 0, RS_0x7da3089911c8;  alias, 2 drivers
o0x7da3089911f8 .functor BUFZ 1, C4<z>; HiZ drive
v0x55556307a870_0 .net "va58c5b", 0 0, o0x7da3089911f8;  0 drivers
v0x55556307a910_0 .net "ve8318d", 0 0, L_0x5555630d4e60;  alias, 1 drivers
v0x55556307a9b0_0 .net "vf54559", 0 0, L_0x5555630d1a20;  alias, 1 drivers
v0x55556307aa50_0 .net "w0", 0 0, L_0x5555630d4db0;  1 drivers
v0x55556307aaf0_0 .net "w1", 0 0, v0x55556307a730_0;  1 drivers
v0x55556307ab90_0 .net "w3", 0 0, L_0x5555630d4ef0;  1 drivers
S_0x55556307a330 .scope module, "vb8adf8" "v58ed2b_vb8adf8" 3 1150, 3 1163 0, S_0x55556307a080;
 .timescale -12 -12;
    .port_info 0 /INPUT 1 "clk";
    .port_info 1 /INPUT 1 "d";
    .port_info 2 /OUTPUT 1 "q";
P_0x5555630250d0 .param/l "INI" 0 3 1164, +C4<00000000000000000000000000000000>;
v0x55556307a550_0 .net "clk", 0 0, L_0x5555630d4db0;  alias, 1 drivers
v0x55556307a5f0_0 .net "d", 0 0, L_0x5555630d4ef0;  alias, 1 drivers
v0x55556307a690_0 .net "q", 0 0, v0x55556307a730_0;  alias, 1 drivers
v0x55556307a730_0 .var "qi", 0 0;
E_0x555562cfe490 .event posedge, v0x55556307a550_0;
S_0x55556307ac30 .scope module, "vc2e6db" "vba518e" 3 1572, 3 1007 0, S_0x555563075480;
 .timescale -12 -12;
    .port_info 0 /INPUT 1 "v0e28cb";
    .port_info 1 /INPUT 1 "v3ca442";
    .port_info 2 /OUTPUT 1 "vcbab45";
L_0x5555630d6cb0 .functor BUFZ 1, L_0x5555630d7120, C4<0>, C4<0>, C4<0>;
L_0x5555630d6db0 .functor BUFZ 1, L_0x5555630d6a20, C4<0>, C4<0>, C4<0>;
L_0x5555630d6e90 .functor BUFZ 1, L_0x5555630d6f70, C4<0>, C4<0>, C4<0>;
v0x55556307b130_0 .net "v0e28cb", 0 0, L_0x5555630d7120;  alias, 1 drivers
v0x55556307b1d0_0 .net "v3ca442", 0 0, L_0x5555630d6a20;  alias, 1 drivers
v0x55556307b270_0 .net "vcbab45", 0 0, L_0x5555630d6e90;  alias, 1 drivers
v0x55556307b310_0 .net "w0", 0 0, L_0x5555630d6cb0;  1 drivers
v0x55556307b3b0_0 .net "w1", 0 0, L_0x5555630d6db0;  1 drivers
v0x55556307b450_0 .net "w2", 0 0, L_0x5555630d6f70;  1 drivers
S_0x55556307adc0 .scope module, "vf4938a" "vba518e_vf4938a" 3 1018, 3 1031 0, S_0x55556307ac30;
 .timescale -12 -12;
    .port_info 0 /INPUT 1 "a";
    .port_info 1 /INPUT 1 "b";
    .port_info 2 /OUTPUT 1 "c";
L_0x5555630d6f70 .functor AND 1, L_0x5555630d6cb0, L_0x5555630d6db0, C4<1>, C4<1>;
v0x55556307af50_0 .net "a", 0 0, L_0x5555630d6cb0;  alias, 1 drivers
v0x55556307aff0_0 .net "b", 0 0, L_0x5555630d6db0;  alias, 1 drivers
v0x55556307b090_0 .net "c", 0 0, L_0x5555630d6f70;  alias, 1 drivers
S_0x55556307b4f0 .scope module, "vc6df65" "v58ed2b" 3 1543, 3 1133 0, S_0x555563075480;
 .timescale -12 -12;
    .port_info 0 /INPUT 1 "va4102a";
    .port_info 1 /INPUT 1 "vf54559";
    .port_info 2 /OUTPUT 1 "va58c5b";
    .port_info 3 /OUTPUT 1 "ve8318d";
P_0x55556307a4c0 .param/l "p2" 1 3 1141, +C4<00000000000000000000000000000000>;
P_0x55556307a500 .param/l "v71e305" 0 3 1134, +C4<00000000000000000000000000000000>;
L_0x5555630d58c0 .functor BUFZ 1, RS_0x7da3089916a8, C4<0>, C4<0>, C4<0>;
L_0x5555630d59c0 .functor BUFZ 1, v0x55556307bb10_0, C4<0>, C4<0>, C4<0>;
L_0x5555630d5a50 .functor BUFZ 1, L_0x5555630d1b00, C4<0>, C4<0>, C4<0>;
v0x55556307bbb0_0 .net8 "va4102a", 0 0, RS_0x7da3089916a8;  alias, 4 drivers
o0x7da3089916d8 .functor BUFZ 1, C4<z>; HiZ drive
v0x55556307bc50_0 .net "va58c5b", 0 0, o0x7da3089916d8;  0 drivers
v0x55556307bcf0_0 .net "ve8318d", 0 0, L_0x5555630d59c0;  alias, 1 drivers
v0x55556307bd90_0 .net "vf54559", 0 0, L_0x5555630d1b00;  alias, 1 drivers
v0x55556307be30_0 .net "w0", 0 0, L_0x5555630d58c0;  1 drivers
v0x55556307bed0_0 .net "w1", 0 0, v0x55556307bb10_0;  1 drivers
v0x55556307bf70_0 .net "w3", 0 0, L_0x5555630d5a50;  1 drivers
S_0x55556307b710 .scope module, "vb8adf8" "v58ed2b_vb8adf8" 3 1150, 3 1163 0, S_0x55556307b4f0;
 .timescale -12 -12;
    .port_info 0 /INPUT 1 "clk";
    .port_info 1 /INPUT 1 "d";
    .port_info 2 /OUTPUT 1 "q";
P_0x555563020490 .param/l "INI" 0 3 1164, +C4<00000000000000000000000000000000>;
v0x55556307b930_0 .net "clk", 0 0, L_0x5555630d58c0;  alias, 1 drivers
v0x55556307b9d0_0 .net "d", 0 0, L_0x5555630d5a50;  alias, 1 drivers
v0x55556307ba70_0 .net "q", 0 0, v0x55556307bb10_0;  alias, 1 drivers
v0x55556307bb10_0 .var "qi", 0 0;
E_0x555562d28d40 .event posedge, v0x55556307b930_0;
S_0x55556307c010 .scope module, "vcd2777" "v58ed2b" 3 1562, 3 1133 0, S_0x555563075480;
 .timescale -12 -12;
    .port_info 0 /INPUT 1 "va4102a";
    .port_info 1 /INPUT 1 "vf54559";
    .port_info 2 /OUTPUT 1 "va58c5b";
    .port_info 3 /OUTPUT 1 "ve8318d";
P_0x55556307b8a0 .param/l "p2" 1 3 1141, +C4<00000000000000000000000000000000>;
P_0x55556307b8e0 .param/l "v71e305" 0 3 1134, +C4<00000000000000000000000000000000>;
L_0x5555630d6590 .functor BUFZ 1, RS_0x7da308991948, C4<0>, C4<0>, C4<0>;
L_0x5555630d6690 .functor BUFZ 1, v0x55556307c670_0, C4<0>, C4<0>, C4<0>;
L_0x5555630d67b0 .functor BUFZ 1, L_0x5555630d1c80, C4<0>, C4<0>, C4<0>;
v0x55556307c7b0_0 .net8 "va4102a", 0 0, RS_0x7da308991948;  alias, 6 drivers
o0x7da308991978 .functor BUFZ 1, C4<z>; HiZ drive
v0x55556307c870_0 .net "va58c5b", 0 0, o0x7da308991978;  0 drivers
v0x55556307c930_0 .net "ve8318d", 0 0, L_0x5555630d6690;  alias, 1 drivers
v0x55556307ca00_0 .net "vf54559", 0 0, L_0x5555630d1c80;  alias, 1 drivers
v0x55556307caa0_0 .net "w0", 0 0, L_0x5555630d6590;  1 drivers
v0x55556307cb90_0 .net "w1", 0 0, v0x55556307c670_0;  1 drivers
v0x55556307cc60_0 .net "w3", 0 0, L_0x5555630d67b0;  1 drivers
S_0x55556307c230 .scope module, "vb8adf8" "v58ed2b_vb8adf8" 3 1150, 3 1163 0, S_0x55556307c010;
 .timescale -12 -12;
    .port_info 0 /INPUT 1 "clk";
    .port_info 1 /INPUT 1 "d";
    .port_info 2 /OUTPUT 1 "q";
P_0x555562fe6040 .param/l "INI" 0 3 1164, +C4<00000000000000000000000000000000>;
v0x55556307c450_0 .net "clk", 0 0, L_0x5555630d6590;  alias, 1 drivers
v0x55556307c510_0 .net "d", 0 0, L_0x5555630d67b0;  alias, 1 drivers
v0x55556307c5d0_0 .net "q", 0 0, v0x55556307c670_0;  alias, 1 drivers
v0x55556307c670_0 .var "qi", 0 0;
E_0x555562f44d40 .event posedge, v0x55556307c450_0;
S_0x55556307cd60 .scope module, "vd6b7e4" "v3676a0" 3 1520, 3 608 0, S_0x555563075480;
 .timescale -12 -12;
    .port_info 0 /INPUT 1 "v0e28cb";
    .port_info 1 /OUTPUT 1 "vcbab45";
L_0x5555630d4bc0 .functor BUFZ 1, L_0x5555630d4e60, C4<0>, C4<0>, C4<0>;
L_0x5555630d4c70 .functor BUFZ 1, L_0x5555630d4d00, C4<0>, C4<0>, C4<0>;
v0x55556307d420_0 .net "v0e28cb", 0 0, L_0x5555630d4e60;  alias, 1 drivers
v0x55556307d4c0_0 .net "vcbab45", 0 0, L_0x5555630d4c70;  alias, 1 drivers
v0x55556307d590_0 .net "w0", 0 0, L_0x5555630d4bc0;  1 drivers
v0x55556307d690_0 .net "w1", 0 0, L_0x5555630d4d00;  1 drivers
S_0x55556307cfb0 .scope module, "vd54ca1" "v3676a0_vd54ca1" 3 616, 3 628 0, S_0x55556307cd60;
 .timescale -12 -12;
    .port_info 0 /INPUT 1 "a";
    .port_info 1 /OUTPUT 1 "q";
L_0x5555630d4d00 .functor NOT 1, L_0x5555630d4bc0, C4<0>, C4<0>, C4<0>;
v0x55556307d220_0 .net "a", 0 0, L_0x5555630d4bc0;  alias, 1 drivers
v0x55556307d300_0 .net "q", 0 0, L_0x5555630d4d00;  alias, 1 drivers
S_0x55556307d760 .scope module, "vd8294c" "v58ed2b" 3 1567, 3 1133 0, S_0x555563075480;
 .timescale -12 -12;
    .port_info 0 /INPUT 1 "va4102a";
    .port_info 1 /INPUT 1 "vf54559";
    .port_info 2 /OUTPUT 1 "va58c5b";
    .port_info 3 /OUTPUT 1 "ve8318d";
P_0x55556307c3c0 .param/l "p2" 1 3 1141, +C4<00000000000000000000000000000000>;
P_0x55556307c400 .param/l "v71e305" 0 3 1134, +C4<00000000000000000000000000000000>;
L_0x5555630d6920 .functor BUFZ 1, RS_0x7da308991d08, C4<0>, C4<0>, C4<0>;
L_0x5555630d6a20 .functor BUFZ 1, v0x55556307e180_0, C4<0>, C4<0>, C4<0>;
L_0x5555630d6b40 .functor BUFZ 1, L_0x5555630d0f30, C4<0>, C4<0>, C4<0>;
v0x55556307e2c0_0 .net8 "va4102a", 0 0, RS_0x7da308991d08;  alias, 7 drivers
o0x7da308991d38 .functor BUFZ 1, C4<z>; HiZ drive
v0x55556307e380_0 .net "va58c5b", 0 0, o0x7da308991d38;  0 drivers
v0x55556307e440_0 .net "ve8318d", 0 0, L_0x5555630d6a20;  alias, 1 drivers
v0x55556307e540_0 .net "vf54559", 0 0, L_0x5555630d0f30;  alias, 1 drivers
v0x55556307e5e0_0 .net "w0", 0 0, L_0x5555630d6920;  1 drivers
v0x55556307e6d0_0 .net "w1", 0 0, v0x55556307e180_0;  1 drivers
v0x55556307e7a0_0 .net "w3", 0 0, L_0x5555630d6b40;  1 drivers
S_0x55556307db00 .scope module, "vb8adf8" "v58ed2b_vb8adf8" 3 1150, 3 1163 0, S_0x55556307d760;
 .timescale -12 -12;
    .port_info 0 /INPUT 1 "clk";
    .port_info 1 /INPUT 1 "d";
    .port_info 2 /OUTPUT 1 "q";
P_0x55556307dce0 .param/l "INI" 0 3 1164, +C4<00000000000000000000000000000000>;
v0x55556307df10_0 .net "clk", 0 0, L_0x5555630d6920;  alias, 1 drivers
v0x55556307dff0_0 .net "d", 0 0, L_0x5555630d6b40;  alias, 1 drivers
v0x55556307e0b0_0 .net "q", 0 0, v0x55556307e180_0;  alias, 1 drivers
v0x55556307e180_0 .var "qi", 0 0;
E_0x55556307deb0 .event posedge, v0x55556307df10_0;
S_0x55556307e8a0 .scope module, "ve3d037" "vba518e" 3 1553, 3 1007 0, S_0x555563075480;
 .timescale -12 -12;
    .port_info 0 /INPUT 1 "v0e28cb";
    .port_info 1 /INPUT 1 "v3ca442";
    .port_info 2 /OUTPUT 1 "vcbab45";
L_0x5555630d5f50 .functor BUFZ 1, L_0x5555630d63c0, C4<0>, C4<0>, C4<0>;
L_0x5555630d6050 .functor BUFZ 1, L_0x5555630d5cc0, C4<0>, C4<0>, C4<0>;
L_0x5555630d6130 .functor BUFZ 1, L_0x5555630d6210, C4<0>, C4<0>, C4<0>;
v0x55556307f060_0 .net "v0e28cb", 0 0, L_0x5555630d63c0;  alias, 1 drivers
v0x55556307f130_0 .net "v3ca442", 0 0, L_0x5555630d5cc0;  alias, 1 drivers
v0x55556307f200_0 .net "vcbab45", 0 0, L_0x5555630d6130;  alias, 1 drivers
v0x55556307f2d0_0 .net "w0", 0 0, L_0x5555630d5f50;  1 drivers
v0x55556307f3a0_0 .net "w1", 0 0, L_0x5555630d6050;  1 drivers
v0x55556307f490_0 .net "w2", 0 0, L_0x5555630d6210;  1 drivers
S_0x55556307eb10 .scope module, "vf4938a" "vba518e_vf4938a" 3 1018, 3 1031 0, S_0x55556307e8a0;
 .timescale -12 -12;
    .port_info 0 /INPUT 1 "a";
    .port_info 1 /INPUT 1 "b";
    .port_info 2 /OUTPUT 1 "c";
L_0x5555630d6210 .functor AND 1, L_0x5555630d5f50, L_0x5555630d6050, C4<1>, C4<1>;
v0x55556307eda0_0 .net "a", 0 0, L_0x5555630d5f50;  alias, 1 drivers
v0x55556307ee80_0 .net "b", 0 0, L_0x5555630d6050;  alias, 1 drivers
v0x55556307ef40_0 .net "c", 0 0, L_0x5555630d6210;  alias, 1 drivers
S_0x55556307f560 .scope module, "vf7df84" "vba518e" 3 1534, 3 1007 0, S_0x555563075480;
 .timescale -12 -12;
    .port_info 0 /INPUT 1 "v0e28cb";
    .port_info 1 /INPUT 1 "v3ca442";
    .port_info 2 /OUTPUT 1 "vcbab45";
L_0x5555630d5310 .functor BUFZ 1, L_0x5555630d5780, C4<0>, C4<0>, C4<0>;
L_0x5555630d5410 .functor BUFZ 1, L_0x5555630d5110, C4<0>, C4<0>, C4<0>;
L_0x5555630d54f0 .functor BUFZ 1, L_0x5555630d55d0, C4<0>, C4<0>, C4<0>;
v0x55556307fd10_0 .net "v0e28cb", 0 0, L_0x5555630d5780;  alias, 1 drivers
v0x55556307fde0_0 .net "v3ca442", 0 0, L_0x5555630d5110;  alias, 1 drivers
v0x55556307feb0_0 .net "vcbab45", 0 0, L_0x5555630d54f0;  alias, 1 drivers
v0x55556307ff80_0 .net "w0", 0 0, L_0x5555630d5310;  1 drivers
v0x555563080050_0 .net "w1", 0 0, L_0x5555630d5410;  1 drivers
v0x555563080140_0 .net "w2", 0 0, L_0x5555630d55d0;  1 drivers
S_0x55556307f7b0 .scope module, "vf4938a" "vba518e_vf4938a" 3 1018, 3 1031 0, S_0x55556307f560;
 .timescale -12 -12;
    .port_info 0 /INPUT 1 "a";
    .port_info 1 /INPUT 1 "b";
    .port_info 2 /OUTPUT 1 "c";
L_0x5555630d55d0 .functor AND 1, L_0x5555630d5310, L_0x5555630d5410, C4<1>, C4<1>;
v0x55556307fa20_0 .net "a", 0 0, L_0x5555630d5310;  alias, 1 drivers
v0x55556307fb00_0 .net "b", 0 0, L_0x5555630d5410;  alias, 1 drivers
v0x55556307fbc0_0 .net "c", 0 0, L_0x5555630d55d0;  alias, 1 drivers
S_0x555563082460 .scope module, "vfd2809" "v50a2d1" 3 474, 3 1372 0, S_0x555562fc5440;
 .timescale -12 -12;
    .port_info 0 /INPUT 1 "ve86251";
    .port_info 1 /INPUT 1 "v0e28cb";
    .port_info 2 /INPUT 1 "v3ca442";
    .port_info 3 /INPUT 1 "vb1969b";
    .port_info 4 /INPUT 1 "v324d03";
    .port_info 5 /OUTPUT 1 "vcbab45";
L_0x5555630ceb60 .functor BUFZ 1, L_0x5555630cf2d0, C4<0>, C4<0>, C4<0>;
L_0x5555630cec60 .functor BUFZ 1, L_0x5555630cf550, C4<0>, C4<0>, C4<0>;
L_0x5555630ced40 .functor BUFZ 1, L_0x5555630cf900, C4<0>, C4<0>, C4<0>;
L_0x5555630cee20 .functor BUFZ 1, L_0x5555630cfcb0, C4<0>, C4<0>, C4<0>;
L_0x5555630cef00 .functor BUFZ 1, L_0x5555630d0060, C4<0>, C4<0>, C4<0>;
L_0x5555630cefc0 .functor BUFZ 1, L_0x5555630d04a0, C4<0>, C4<0>, C4<0>;
v0x555563083120_0 .net "v0e28cb", 0 0, L_0x5555630cf900;  alias, 1 drivers
v0x5555630831e0_0 .net "v324d03", 0 0, L_0x5555630d04a0;  alias, 1 drivers
v0x555563083280_0 .net "v3ca442", 0 0, L_0x5555630cfcb0;  alias, 1 drivers
v0x555563083380_0 .net "vb1969b", 0 0, L_0x5555630d0060;  alias, 1 drivers
v0x555563083450_0 .net "vcbab45", 0 0, L_0x5555630ceb60;  alias, 1 drivers
v0x5555630834f0_0 .net "ve86251", 0 0, L_0x5555630cf550;  alias, 1 drivers
v0x5555630835c0_0 .net "w0", 0 0, L_0x5555630cf2d0;  1 drivers
v0x555563083690_0 .net "w1", 0 0, L_0x5555630cec60;  1 drivers
v0x555563083760_0 .net "w2", 0 0, L_0x5555630ced40;  1 drivers
v0x5555630838c0_0 .net "w3", 0 0, L_0x5555630cee20;  1 drivers
v0x555563083990_0 .net "w4", 0 0, L_0x5555630cef00;  1 drivers
v0x555563083a60_0 .net "w5", 0 0, L_0x5555630cefc0;  1 drivers
S_0x555563082700 .scope module, "v99a034" "v50a2d1_v99a034" 3 1392, 3 1408 0, S_0x555563082460;
 .timescale -12 -12;
    .port_info 0 /INPUT 1 "a";
    .port_info 1 /INPUT 1 "b";
    .port_info 2 /INPUT 1 "c";
    .port_info 3 /INPUT 1 "d";
    .port_info 4 /INPUT 1 "e";
    .port_info 5 /OUTPUT 1 "o";
L_0x5555630cf0a0 .functor OR 1, L_0x5555630cec60, L_0x5555630ced40, C4<0>, C4<0>;
L_0x5555630cf130 .functor OR 1, L_0x5555630cf0a0, L_0x5555630cee20, C4<0>, C4<0>;
L_0x5555630cf210 .functor OR 1, L_0x5555630cf130, L_0x5555630cef00, C4<0>, C4<0>;
L_0x5555630cf2d0 .functor OR 1, L_0x5555630cf210, L_0x5555630cefc0, C4<0>, C4<0>;
v0x5555630829f0_0 .net *"_ivl_0", 0 0, L_0x5555630cf0a0;  1 drivers
v0x555563082a90_0 .net *"_ivl_2", 0 0, L_0x5555630cf130;  1 drivers
v0x555563082b30_0 .net *"_ivl_4", 0 0, L_0x5555630cf210;  1 drivers
v0x555563082bd0_0 .net "a", 0 0, L_0x5555630cec60;  alias, 1 drivers
v0x555563082c70_0 .net "b", 0 0, L_0x5555630ced40;  alias, 1 drivers
v0x555563082d60_0 .net "c", 0 0, L_0x5555630cee20;  alias, 1 drivers
v0x555563082e00_0 .net "d", 0 0, L_0x5555630cef00;  alias, 1 drivers
v0x555563082ea0_0 .net "e", 0 0, L_0x5555630cefc0;  alias, 1 drivers
v0x555563082f60_0 .net "o", 0 0, L_0x5555630cf2d0;  alias, 1 drivers
    .scope S_0x555562cf69b0;
T_2 ;
    %pushi/vec4 0, 0, 1;
    %store/vec4 v0x555562cd4e70_0, 0, 1;
    %pushi/vec4 0, 0, 1;
    %store/vec4 v0x555562cd3e60_0, 0, 1;
    %end;
    .thread T_2;
    .scope S_0x555562cf69b0;
T_3 ;
    %wait E_0x555562fe31e0;
    %load/vec4 v0x555562f2ade0_0;
    %flag_set/vec4 8;
    %jmp/0xz  T_3.0, 8;
    %load/vec4 v0x555562ccd330_0;
    %flag_set/vec4 8;
    %jmp/0 T_3.2, 8;
    %pushi/vec4 0, 0, 1;
    %jmp/1 T_3.3, 8;
T_3.2 ; End of true expr.
    %load/vec4 v0x555562cd8390_0;
    %jmp/0 T_3.3, 8;
 ; End of false expr.
    %blend;
T_3.3;
    %assign/vec4 v0x555562cd4e70_0, 0;
T_3.0 ;
    %jmp T_3;
    .thread T_3;
    .scope S_0x555562cf69b0;
T_4 ;
    %wait E_0x555562fe5e00;
    %load/vec4 v0x555562ccd330_0;
    %flag_set/vec4 8;
    %jmp/0xz  T_4.0, 8;
    %pushi/vec4 0, 0, 1;
    %assign/vec4 v0x555562cd3e60_0, 0;
    %jmp T_4.1;
T_4.0 ;
    %load/vec4 v0x555562f2ade0_0;
    %flag_set/vec4 8;
    %jmp/0xz  T_4.2, 8;
    %load/vec4 v0x555562cd8390_0;
    %assign/vec4 v0x555562cd3e60_0, 0;
T_4.2 ;
T_4.1 ;
    %jmp T_4;
    .thread T_4;
    .scope S_0x555562fdd5c0;
T_5 ;
    %pushi/vec4 0, 0, 32;
    %store/vec4 v0x555562c4e0e0_0, 0, 32;
T_5.0 ; Top of for-loop 
    %load/vec4 v0x555562c4e0e0_0;
    %cmpi/s 16, 0, 32;
    %jmp/0xz T_5.1, 5;
    %pushi/vec4 0, 0, 256;
    %load/vec4 v0x555562c4e0e0_0;
    %muli 16, 0, 32;
    %part/s 16;
    %pushi/vec4 0, 0, 32;
    %load/vec4 v0x555562c4e0e0_0;
    %add;
    %ix/vec4/s 4;
    %store/vec4a v0x555562c59420, 4, 0;
    %pushi/vec4 0, 0, 256;
    %load/vec4 v0x555562c4e0e0_0;
    %muli 16, 0, 32;
    %part/s 16;
    %pushi/vec4 16, 0, 32;
    %load/vec4 v0x555562c4e0e0_0;
    %add;
    %ix/vec4/s 4;
    %store/vec4a v0x555562c59420, 4, 0;
    %pushi/vec4 0, 0, 256;
    %load/vec4 v0x555562c4e0e0_0;
    %muli 16, 0, 32;
    %part/s 16;
    %pushi/vec4 32, 0, 32;
    %load/vec4 v0x555562c4e0e0_0;
    %add;
    %ix/vec4/s 4;
    %store/vec4a v0x555562c59420, 4, 0;
    %pushi/vec4 0, 0, 256;
    %load/vec4 v0x555562c4e0e0_0;
    %muli 16, 0, 32;
    %part/s 16;
    %pushi/vec4 48, 0, 32;
    %load/vec4 v0x555562c4e0e0_0;
    %add;
    %ix/vec4/s 4;
    %store/vec4a v0x555562c59420, 4, 0;
    %pushi/vec4 0, 0, 256;
    %load/vec4 v0x555562c4e0e0_0;
    %muli 16, 0, 32;
    %part/s 16;
    %pushi/vec4 64, 0, 32;
    %load/vec4 v0x555562c4e0e0_0;
    %add;
    %ix/vec4/s 4;
    %store/vec4a v0x555562c59420, 4, 0;
    %pushi/vec4 0, 0, 256;
    %load/vec4 v0x555562c4e0e0_0;
    %muli 16, 0, 32;
    %part/s 16;
    %pushi/vec4 80, 0, 32;
    %load/vec4 v0x555562c4e0e0_0;
    %add;
    %ix/vec4/s 4;
    %store/vec4a v0x555562c59420, 4, 0;
    %pushi/vec4 0, 0, 256;
    %load/vec4 v0x555562c4e0e0_0;
    %muli 16, 0, 32;
    %part/s 16;
    %pushi/vec4 96, 0, 32;
    %load/vec4 v0x555562c4e0e0_0;
    %add;
    %ix/vec4/s 4;
    %store/vec4a v0x555562c59420, 4, 0;
    %pushi/vec4 0, 0, 256;
    %load/vec4 v0x555562c4e0e0_0;
    %muli 16, 0, 32;
    %part/s 16;
    %pushi/vec4 112, 0, 32;
    %load/vec4 v0x555562c4e0e0_0;
    %add;
    %ix/vec4/s 4;
    %store/vec4a v0x555562c59420, 4, 0;
    %pushi/vec4 0, 0, 256;
    %load/vec4 v0x555562c4e0e0_0;
    %muli 16, 0, 32;
    %part/s 16;
    %pushi/vec4 128, 0, 32;
    %load/vec4 v0x555562c4e0e0_0;
    %add;
    %ix/vec4/s 4;
    %store/vec4a v0x555562c59420, 4, 0;
    %pushi/vec4 0, 0, 256;
    %load/vec4 v0x555562c4e0e0_0;
    %muli 16, 0, 32;
    %part/s 16;
    %pushi/vec4 144, 0, 32;
    %load/vec4 v0x555562c4e0e0_0;
    %add;
    %ix/vec4/s 4;
    %store/vec4a v0x555562c59420, 4, 0;
    %pushi/vec4 0, 0, 256;
    %load/vec4 v0x555562c4e0e0_0;
    %muli 16, 0, 32;
    %part/s 16;
    %pushi/vec4 160, 0, 32;
    %load/vec4 v0x555562c4e0e0_0;
    %add;
    %ix/vec4/s 4;
    %store/vec4a v0x555562c59420, 4, 0;
    %pushi/vec4 0, 0, 256;
    %load/vec4 v0x555562c4e0e0_0;
    %muli 16, 0, 32;
    %part/s 16;
    %pushi/vec4 176, 0, 32;
    %load/vec4 v0x555562c4e0e0_0;
    %add;
    %ix/vec4/s 4;
    %store/vec4a v0x555562c59420, 4, 0;
    %pushi/vec4 0, 0, 256;
    %load/vec4 v0x555562c4e0e0_0;
    %muli 16, 0, 32;
    %part/s 16;
    %pushi/vec4 192, 0, 32;
    %load/vec4 v0x555562c4e0e0_0;
    %add;
    %ix/vec4/s 4;
    %store/vec4a v0x555562c59420, 4, 0;
    %pushi/vec4 0, 0, 256;
    %load/vec4 v0x555562c4e0e0_0;
    %muli 16, 0, 32;
    %part/s 16;
    %pushi/vec4 208, 0, 32;
    %load/vec4 v0x555562c4e0e0_0;
    %add;
    %ix/vec4/s 4;
    %store/vec4a v0x555562c59420, 4, 0;
    %pushi/vec4 0, 0, 256;
    %load/vec4 v0x555562c4e0e0_0;
    %muli 16, 0, 32;
    %part/s 16;
    %pushi/vec4 224, 0, 32;
    %load/vec4 v0x555562c4e0e0_0;
    %add;
    %ix/vec4/s 4;
    %store/vec4a v0x555562c59420, 4, 0;
    %pushi/vec4 0, 0, 256;
    %load/vec4 v0x555562c4e0e0_0;
    %muli 16, 0, 32;
    %part/s 16;
    %pushi/vec4 240, 0, 32;
    %load/vec4 v0x555562c4e0e0_0;
    %add;
    %ix/vec4/s 4;
    %store/vec4a v0x555562c59420, 4, 0;
T_5.2 ; for-loop step statement
    %load/vec4 v0x555562c4e0e0_0;
    %addi 1, 0, 32;
    %store/vec4 v0x555562c4e0e0_0, 0, 32;
    %jmp T_5.0;
T_5.1 ; for-loop exit label
    %end;
    .thread T_5;
    .scope S_0x555562fdd5c0;
T_6 ;
    %wait E_0x55556303ba80;
    %load/vec4 v0x555562d2eb50_0;
    %flag_set/vec4 9;
    %flag_get/vec4 9;
    %jmp/0 T_6.2, 9;
    %load/vec4 v0x555562cef430_0;
    %and;
T_6.2;
    %flag_set/vec4 8;
    %jmp/0xz  T_6.0, 8;
    %load/vec4 v0x555562c67a00_0;
    %parti/s 1, 0, 2;
    %nor/r;
    %flag_set/vec4 8;
    %jmp/0xz  T_6.3, 8;
    %load/vec4 v0x555562d341c0_0;
    %parti/s 1, 0, 2;
    %load/vec4 v0x555562ce4240_0;
    %parti/s 8, 0, 2;
    %pad/u 10;
    %ix/vec4 3;
    %ix/load 4, 0, 0; Constant delay
    %assign/vec4/a/d v0x555562c59420, 0, 4;
T_6.3 ;
    %load/vec4 v0x555562c67a00_0;
    %parti/s 1, 1, 2;
    %nor/r;
    %flag_set/vec4 8;
    %jmp/0xz  T_6.5, 8;
    %load/vec4 v0x555562d341c0_0;
    %parti/s 1, 1, 2;
    %load/vec4 v0x555562ce4240_0;
    %parti/s 8, 0, 2;
    %pad/u 10;
    %ix/vec4 3;
    %ix/load 4, 1, 0; part off
    %ix/load 5, 0, 0; Constant delay
    %assign/vec4/a/d v0x555562c59420, 4, 5;
T_6.5 ;
    %load/vec4 v0x555562c67a00_0;
    %parti/s 1, 2, 3;
    %nor/r;
    %flag_set/vec4 8;
    %jmp/0xz  T_6.7, 8;
    %load/vec4 v0x555562d341c0_0;
    %parti/s 1, 2, 3;
    %load/vec4 v0x555562ce4240_0;
    %parti/s 8, 0, 2;
    %pad/u 10;
    %ix/vec4 3;
    %ix/load 4, 2, 0; part off
    %ix/load 5, 0, 0; Constant delay
    %assign/vec4/a/d v0x555562c59420, 4, 5;
T_6.7 ;
    %load/vec4 v0x555562c67a00_0;
    %parti/s 1, 3, 3;
    %nor/r;
    %flag_set/vec4 8;
    %jmp/0xz  T_6.9, 8;
    %load/vec4 v0x555562d341c0_0;
    %parti/s 1, 3, 3;
    %load/vec4 v0x555562ce4240_0;
    %parti/s 8, 0, 2;
    %pad/u 10;
    %ix/vec4 3;
    %ix/load 4, 3, 0; part off
    %ix/load 5, 0, 0; Constant delay
    %assign/vec4/a/d v0x555562c59420, 4, 5;
T_6.9 ;
    %load/vec4 v0x555562c67a00_0;
    %parti/s 1, 4, 4;
    %nor/r;
    %flag_set/vec4 8;
    %jmp/0xz  T_6.11, 8;
    %load/vec4 v0x555562d341c0_0;
    %parti/s 1, 4, 4;
    %load/vec4 v0x555562ce4240_0;
    %parti/s 8, 0, 2;
    %pad/u 10;
    %ix/vec4 3;
    %ix/load 4, 4, 0; part off
    %ix/load 5, 0, 0; Constant delay
    %assign/vec4/a/d v0x555562c59420, 4, 5;
T_6.11 ;
    %load/vec4 v0x555562c67a00_0;
    %parti/s 1, 5, 4;
    %nor/r;
    %flag_set/vec4 8;
    %jmp/0xz  T_6.13, 8;
    %load/vec4 v0x555562d341c0_0;
    %parti/s 1, 5, 4;
    %load/vec4 v0x555562ce4240_0;
    %parti/s 8, 0, 2;
    %pad/u 10;
    %ix/vec4 3;
    %ix/load 4, 5, 0; part off
    %ix/load 5, 0, 0; Constant delay
    %assign/vec4/a/d v0x555562c59420, 4, 5;
T_6.13 ;
    %load/vec4 v0x555562c67a00_0;
    %parti/s 1, 6, 4;
    %nor/r;
    %flag_set/vec4 8;
    %jmp/0xz  T_6.15, 8;
    %load/vec4 v0x555562d341c0_0;
    %parti/s 1, 6, 4;
    %load/vec4 v0x555562ce4240_0;
    %parti/s 8, 0, 2;
    %pad/u 10;
    %ix/vec4 3;
    %ix/load 4, 6, 0; part off
    %ix/load 5, 0, 0; Constant delay
    %assign/vec4/a/d v0x555562c59420, 4, 5;
T_6.15 ;
    %load/vec4 v0x555562c67a00_0;
    %parti/s 1, 7, 4;
    %nor/r;
    %flag_set/vec4 8;
    %jmp/0xz  T_6.17, 8;
    %load/vec4 v0x555562d341c0_0;
    %parti/s 1, 7, 4;
    %load/vec4 v0x555562ce4240_0;
    %parti/s 8, 0, 2;
    %pad/u 10;
    %ix/vec4 3;
    %ix/load 4, 7, 0; part off
    %ix/load 5, 0, 0; Constant delay
    %assign/vec4/a/d v0x555562c59420, 4, 5;
T_6.17 ;
    %load/vec4 v0x555562c67a00_0;
    %parti/s 1, 8, 5;
    %nor/r;
    %flag_set/vec4 8;
    %jmp/0xz  T_6.19, 8;
    %load/vec4 v0x555562d341c0_0;
    %parti/s 1, 8, 5;
    %load/vec4 v0x555562ce4240_0;
    %parti/s 8, 0, 2;
    %pad/u 10;
    %ix/vec4 3;
    %ix/load 4, 8, 0; part off
    %ix/load 5, 0, 0; Constant delay
    %assign/vec4/a/d v0x555562c59420, 4, 5;
T_6.19 ;
    %load/vec4 v0x555562c67a00_0;
    %parti/s 1, 9, 5;
    %nor/r;
    %flag_set/vec4 8;
    %jmp/0xz  T_6.21, 8;
    %load/vec4 v0x555562d341c0_0;
    %parti/s 1, 9, 5;
    %load/vec4 v0x555562ce4240_0;
    %parti/s 8, 0, 2;
    %pad/u 10;
    %ix/vec4 3;
    %ix/load 4, 9, 0; part off
    %ix/load 5, 0, 0; Constant delay
    %assign/vec4/a/d v0x555562c59420, 4, 5;
T_6.21 ;
    %load/vec4 v0x555562c67a00_0;
    %parti/s 1, 10, 5;
    %nor/r;
    %flag_set/vec4 8;
    %jmp/0xz  T_6.23, 8;
    %load/vec4 v0x555562d341c0_0;
    %parti/s 1, 10, 5;
    %load/vec4 v0x555562ce4240_0;
    %parti/s 8, 0, 2;
    %pad/u 10;
    %ix/vec4 3;
    %ix/load 4, 10, 0; part off
    %ix/load 5, 0, 0; Constant delay
    %assign/vec4/a/d v0x555562c59420, 4, 5;
T_6.23 ;
    %load/vec4 v0x555562c67a00_0;
    %parti/s 1, 11, 5;
    %nor/r;
    %flag_set/vec4 8;
    %jmp/0xz  T_6.25, 8;
    %load/vec4 v0x555562d341c0_0;
    %parti/s 1, 11, 5;
    %load/vec4 v0x555562ce4240_0;
    %parti/s 8, 0, 2;
    %pad/u 10;
    %ix/vec4 3;
    %ix/load 4, 11, 0; part off
    %ix/load 5, 0, 0; Constant delay
    %assign/vec4/a/d v0x555562c59420, 4, 5;
T_6.25 ;
    %load/vec4 v0x555562c67a00_0;
    %parti/s 1, 12, 5;
    %nor/r;
    %flag_set/vec4 8;
    %jmp/0xz  T_6.27, 8;
    %load/vec4 v0x555562d341c0_0;
    %parti/s 1, 12, 5;
    %load/vec4 v0x555562ce4240_0;
    %parti/s 8, 0, 2;
    %pad/u 10;
    %ix/vec4 3;
    %ix/load 4, 12, 0; part off
    %ix/load 5, 0, 0; Constant delay
    %assign/vec4/a/d v0x555562c59420, 4, 5;
T_6.27 ;
    %load/vec4 v0x555562c67a00_0;
    %parti/s 1, 13, 5;
    %nor/r;
    %flag_set/vec4 8;
    %jmp/0xz  T_6.29, 8;
    %load/vec4 v0x555562d341c0_0;
    %parti/s 1, 13, 5;
    %load/vec4 v0x555562ce4240_0;
    %parti/s 8, 0, 2;
    %pad/u 10;
    %ix/vec4 3;
    %ix/load 4, 13, 0; part off
    %ix/load 5, 0, 0; Constant delay
    %assign/vec4/a/d v0x555562c59420, 4, 5;
T_6.29 ;
    %load/vec4 v0x555562c67a00_0;
    %parti/s 1, 14, 5;
    %nor/r;
    %flag_set/vec4 8;
    %jmp/0xz  T_6.31, 8;
    %load/vec4 v0x555562d341c0_0;
    %parti/s 1, 14, 5;
    %load/vec4 v0x555562ce4240_0;
    %parti/s 8, 0, 2;
    %pad/u 10;
    %ix/vec4 3;
    %ix/load 4, 14, 0; part off
    %ix/load 5, 0, 0; Constant delay
    %assign/vec4/a/d v0x555562c59420, 4, 5;
T_6.31 ;
    %load/vec4 v0x555562c67a00_0;
    %parti/s 1, 15, 5;
    %nor/r;
    %flag_set/vec4 8;
    %jmp/0xz  T_6.33, 8;
    %load/vec4 v0x555562d341c0_0;
    %parti/s 1, 15, 5;
    %load/vec4 v0x555562ce4240_0;
    %parti/s 8, 0, 2;
    %pad/u 10;
    %ix/vec4 3;
    %ix/load 4, 15, 0; part off
    %ix/load 5, 0, 0; Constant delay
    %assign/vec4/a/d v0x555562c59420, 4, 5;
T_6.33 ;
T_6.0 ;
    %jmp T_6;
    .thread T_6;
    .scope S_0x555562fdd5c0;
T_7 ;
    %wait E_0x55556303aa90;
    %load/vec4 v0x555562d1aa30_0;
    %flag_set/vec4 9;
    %flag_get/vec4 9;
    %jmp/0 T_7.2, 9;
    %load/vec4 v0x555562cd4d00_0;
    %and;
T_7.2;
    %flag_set/vec4 8;
    %jmp/0xz  T_7.0, 8;
    %load/vec4 v0x555562cd4820_0;
    %parti/s 8, 0, 2;
    %pad/u 10;
    %ix/vec4 4;
    %load/vec4a v0x555562c59420, 4;
    %load/vec4 v0x555562ce40f0_0;
    %inv;
    %and;
    %assign/vec4 v0x555562cd3fc0_0, 0;
T_7.0 ;
    %jmp T_7;
    .thread T_7;
    .scope S_0x5555630367f0;
T_8 ;
    %pushi/vec4 0, 0, 1;
    %store/vec4 v0x55556301ff80_0, 0, 1;
    %end;
    .thread T_8;
    .scope S_0x5555630367f0;
T_9 ;
    %wait E_0x555563025d00;
    %load/vec4 v0x55556301fec0_0;
    %assign/vec4 v0x55556301ff80_0, 0;
    %jmp T_9;
    .thread T_9;
    .scope S_0x5555630337d0;
T_10 ;
    %pushi/vec4 0, 0, 1;
    %store/vec4 v0x555562fadff0_0, 0, 1;
    %end;
    .thread T_10;
    .scope S_0x5555630337d0;
T_11 ;
    %wait E_0x5555630244b0;
    %load/vec4 v0x555563019bd0_0;
    %flag_set/vec4 8;
    %jmp/0xz  T_11.0, 8;
    %load/vec4 v0x555563019b10_0;
    %assign/vec4 v0x555562fadff0_0, 0;
T_11.0 ;
    %jmp T_11;
    .thread T_11;
    .scope S_0x555563020b60;
T_12 ;
    %pushi/vec4 0, 0, 1;
    %store/vec4 v0x555562f8a710_0, 0, 1;
    %end;
    .thread T_12;
    .scope S_0x555563020b60;
T_13 ;
    %wait E_0x555562fe9860;
    %load/vec4 v0x555562f85d40_0;
    %flag_set/vec4 8;
    %jmp/0xz  T_13.0, 8;
    %pushi/vec4 0, 0, 1;
    %assign/vec4 v0x555562f8a710_0, 0;
    %jmp T_13.1;
T_13.0 ;
    %load/vec4 v0x555562f8a670_0;
    %flag_set/vec4 8;
    %jmp/0xz  T_13.2, 8;
    %load/vec4 v0x555562f9c290_0;
    %assign/vec4 v0x555562f8a710_0, 0;
T_13.2 ;
T_13.1 ;
    %jmp T_13;
    .thread T_13;
    .scope S_0x555562fea290;
T_14 ;
    %pushi/vec4 0, 0, 1;
    %store/vec4 v0x555562f2cb80_0, 0, 1;
    %end;
    .thread T_14;
    .scope S_0x555562fea290;
T_15 ;
    %wait E_0x555562febd50;
    %load/vec4 v0x555562f2cc40_0;
    %flag_set/vec4 8;
    %jmp/0xz  T_15.0, 8;
    %pushi/vec4 1, 0, 1;
    %assign/vec4 v0x555562f2cb80_0, 0;
    %jmp T_15.1;
T_15.0 ;
    %load/vec4 v0x555562f31cd0_0;
    %flag_set/vec4 8;
    %jmp/0xz  T_15.2, 8;
    %load/vec4 v0x555562f31c10_0;
    %assign/vec4 v0x555562f2cb80_0, 0;
T_15.2 ;
T_15.1 ;
    %jmp T_15;
    .thread T_15;
    .scope S_0x555562f868e0;
T_16 ;
    %pushi/vec4 0, 0, 1;
    %store/vec4 v0x555563036b50_0, 0, 1;
    %end;
    .thread T_16;
    .scope S_0x555562f868e0;
T_17 ;
    %wait E_0x555562cccd60;
    %load/vec4 v0x555562fccee0_0;
    %flag_set/vec4 8;
    %jmp/0xz  T_17.0, 8;
    %load/vec4 v0x555563036c10_0;
    %flag_set/vec4 8;
    %jmp/0xz  T_17.2, 8;
    %pushi/vec4 0, 0, 1;
    %assign/vec4 v0x555563036b50_0, 0;
    %jmp T_17.3;
T_17.2 ;
    %load/vec4 v0x555562fcce20_0;
    %assign/vec4 v0x555563036b50_0, 0;
T_17.3 ;
T_17.0 ;
    %jmp T_17;
    .thread T_17;
    .scope S_0x555562f87430;
T_18 ;
    %pushi/vec4 0, 0, 1;
    %store/vec4 v0x555563025bd0_0, 0, 1;
    %end;
    .thread T_18;
    .scope S_0x555562f87430;
T_19 ;
    %wait E_0x555562ccb2b0;
    %load/vec4 v0x555563025b30_0;
    %flag_set/vec4 8;
    %jmp/0xz  T_19.0, 8;
    %load/vec4 v0x55556302cd90_0;
    %flag_set/vec4 8;
    %jmp/0xz  T_19.2, 8;
    %pushi/vec4 1, 0, 1;
    %assign/vec4 v0x555563025bd0_0, 0;
    %jmp T_19.3;
T_19.2 ;
    %load/vec4 v0x55556302aac0_0;
    %assign/vec4 v0x555563025bd0_0, 0;
T_19.3 ;
T_19.0 ;
    %jmp T_19;
    .thread T_19;
    .scope S_0x555562f887c0;
T_20 ;
    %pushi/vec4 0, 0, 1;
    %store/vec4 v0x55556302d930_0, 0, 1;
    %end;
    .thread T_20;
    .scope S_0x555562f887c0;
T_21 ;
    %wait E_0x555562ccbc30;
    %load/vec4 v0x555563032140_0;
    %assign/vec4 v0x55556302d930_0, 0;
    %jmp T_21;
    .thread T_21;
    .scope S_0x555562fcc730;
T_22 ;
    %pushi/vec4 0, 0, 1;
    %store/vec4 v0x555562fe5160_0, 0, 1;
    %end;
    .thread T_22;
    .scope S_0x555562fcc730;
T_23 ;
    %wait E_0x555562ccb560;
    %load/vec4 v0x555562fe5090_0;
    %flag_set/vec4 8;
    %jmp/0xz  T_23.0, 8;
    %load/vec4 v0x555562fe5d10_0;
    %assign/vec4 v0x555562fe5160_0, 0;
T_23.0 ;
    %jmp T_23;
    .thread T_23;
    .scope S_0x555562fc3670;
T_24 ;
    %pushi/vec4 0, 0, 1;
    %store/vec4 v0x555562fe8b60_0, 0, 1;
    %end;
    .thread T_24;
    .scope S_0x555562fc3670;
T_25 ;
    %wait E_0x555562cca9d0;
    %load/vec4 v0x555562fe9690_0;
    %flag_set/vec4 8;
    %jmp/0xz  T_25.0, 8;
    %pushi/vec4 0, 0, 1;
    %assign/vec4 v0x555562fe8b60_0, 0;
    %jmp T_25.1;
T_25.0 ;
    %load/vec4 v0x555562fe8ac0_0;
    %flag_set/vec4 8;
    %jmp/0xz  T_25.2, 8;
    %load/vec4 v0x555563029f20_0;
    %assign/vec4 v0x555562fe8b60_0, 0;
T_25.2 ;
T_25.1 ;
    %jmp T_25;
    .thread T_25;
    .scope S_0x555562fcc3a0;
T_26 ;
    %pushi/vec4 0, 0, 1;
    %store/vec4 v0x555562fadd70_0, 0, 1;
    %end;
    .thread T_26;
    .scope S_0x555562fcc3a0;
T_27 ;
    %wait E_0x555562ccb9e0;
    %load/vec4 v0x555562f6d180_0;
    %flag_set/vec4 8;
    %jmp/0xz  T_27.0, 8;
    %pushi/vec4 1, 0, 1;
    %assign/vec4 v0x555562fadd70_0, 0;
    %jmp T_27.1;
T_27.0 ;
    %load/vec4 v0x555562fadcd0_0;
    %flag_set/vec4 8;
    %jmp/0xz  T_27.2, 8;
    %load/vec4 v0x555563032cc0_0;
    %assign/vec4 v0x555562fadd70_0, 0;
T_27.2 ;
T_27.1 ;
    %jmp T_27;
    .thread T_27;
    .scope S_0x555562fcc010;
T_28 ;
    %pushi/vec4 0, 0, 1;
    %store/vec4 v0x555562f74340_0, 0, 1;
    %end;
    .thread T_28;
    .scope S_0x555562fcc010;
T_29 ;
    %wait E_0x555562ccc340;
    %load/vec4 v0x555562f742a0_0;
    %flag_set/vec4 8;
    %jmp/0xz  T_29.0, 8;
    %load/vec4 v0x555562f73f10_0;
    %flag_set/vec4 8;
    %jmp/0xz  T_29.2, 8;
    %pushi/vec4 0, 0, 1;
    %assign/vec4 v0x555562f74340_0, 0;
    %jmp T_29.3;
T_29.2 ;
    %load/vec4 v0x555562f6cea0_0;
    %assign/vec4 v0x555562f74340_0, 0;
T_29.3 ;
T_29.0 ;
    %jmp T_29;
    .thread T_29;
    .scope S_0x555562fcbcb0;
T_30 ;
    %pushi/vec4 0, 0, 1;
    %store/vec4 v0x555562f73890_0, 0, 1;
    %end;
    .thread T_30;
    .scope S_0x555562fcbcb0;
T_31 ;
    %wait E_0x555562ccbe80;
    %load/vec4 v0x555562f737f0_0;
    %flag_set/vec4 8;
    %jmp/0xz  T_31.0, 8;
    %load/vec4 v0x555562f6ca00_0;
    %flag_set/vec4 8;
    %jmp/0xz  T_31.2, 8;
    %pushi/vec4 1, 0, 1;
    %assign/vec4 v0x555562f73890_0, 0;
    %jmp T_31.3;
T_31.2 ;
    %load/vec4 v0x555562f73c40_0;
    %assign/vec4 v0x555562f73890_0, 0;
T_31.3 ;
T_31.0 ;
    %jmp T_31;
    .thread T_31;
    .scope S_0x555562fcb950;
T_32 ;
    %pushi/vec4 0, 0, 1;
    %store/vec4 v0x555562f7a860_0, 0, 1;
    %end;
    .thread T_32;
    .scope S_0x555562fcb950;
T_33 ;
    %wait E_0x555562cc98c0;
    %load/vec4 v0x555562f7a900_0;
    %flag_set/vec4 8;
    %jmp/0xz  T_33.0, 8;
    %pushi/vec4 0, 0, 1;
    %assign/vec4 v0x555562f7a860_0, 0;
    %jmp T_33.1;
T_33.0 ;
    %load/vec4 v0x555562f80900_0;
    %assign/vec4 v0x555562f7a860_0, 0;
T_33.1 ;
    %jmp T_33;
    .thread T_33;
    .scope S_0x555562fcb5f0;
T_34 ;
    %pushi/vec4 0, 0, 1;
    %store/vec4 v0x555562f6d540_0, 0, 1;
    %end;
    .thread T_34;
    .scope S_0x555562fcb5f0;
T_35 ;
    %wait E_0x555562cc9480;
    %load/vec4 v0x555562f6d5e0_0;
    %flag_set/vec4 8;
    %jmp/0xz  T_35.0, 8;
    %pushi/vec4 1, 0, 1;
    %assign/vec4 v0x555562f6d540_0, 0;
    %jmp T_35.1;
T_35.0 ;
    %load/vec4 v0x555562f7a560_0;
    %assign/vec4 v0x555562f6d540_0, 0;
T_35.1 ;
    %jmp T_35;
    .thread T_35;
    .scope S_0x555562fcb290;
T_36 ;
    %pushi/vec4 0, 0, 1;
    %store/vec4 v0x555562fdb8b0_0, 0, 1;
    %end;
    .thread T_36;
    .scope S_0x555562fcb290;
T_37 ;
    %wait E_0x555562cc9ea0;
    %load/vec4 v0x555562fdb950_0;
    %flag_set/vec4 8;
    %jmp/0xz  T_37.0, 8;
    %pushi/vec4 0, 0, 1;
    %assign/vec4 v0x555562fdb8b0_0, 0;
    %jmp T_37.1;
T_37.0 ;
    %load/vec4 v0x555562fdbcf0_0;
    %assign/vec4 v0x555562fdb8b0_0, 0;
T_37.1 ;
    %jmp T_37;
    .thread T_37;
    .scope S_0x555562fcaba0;
T_38 ;
    %pushi/vec4 0, 0, 1;
    %store/vec4 v0x555562fdb1c0_0, 0, 1;
    %end;
    .thread T_38;
    .scope S_0x555562fcaba0;
T_39 ;
    %wait E_0x555562cc7a70;
    %load/vec4 v0x555562fdb260_0;
    %flag_set/vec4 8;
    %jmp/0xz  T_39.0, 8;
    %pushi/vec4 1, 0, 1;
    %assign/vec4 v0x555562fdb1c0_0, 0;
    %jmp T_39.1;
T_39.0 ;
    %load/vec4 v0x555562fc5160_0;
    %assign/vec4 v0x555562fdb1c0_0, 0;
T_39.1 ;
    %jmp T_39;
    .thread T_39;
    .scope S_0x555562fca840;
T_40 ;
    %pushi/vec4 0, 0, 1;
    %store/vec4 v0x555562fda770_0, 0, 1;
    %end;
    .thread T_40;
    .scope S_0x555562fca840;
T_41 ;
    %wait E_0x555562cc8430;
    %load/vec4 v0x555562fda810_0;
    %flag_set/vec4 8;
    %jmp/0xz  T_41.0, 8;
    %pushi/vec4 0, 0, 1;
    %assign/vec4 v0x555562fda770_0, 0;
    %jmp T_41.1;
T_41.0 ;
    %load/vec4 v0x555562fdaf40_0;
    %assign/vec4 v0x555562fda770_0, 0;
T_41.1 ;
    %jmp T_41;
    .thread T_41;
    .scope S_0x555562fca4e0;
T_42 ;
    %pushi/vec4 0, 0, 1;
    %store/vec4 v0x555562fd9cf0_0, 0, 1;
    %end;
    .thread T_42;
    .scope S_0x555562fca4e0;
T_43 ;
    %wait E_0x555562cc71b0;
    %load/vec4 v0x555562fd9d90_0;
    %flag_set/vec4 8;
    %jmp/0xz  T_43.0, 8;
    %pushi/vec4 1, 0, 1;
    %assign/vec4 v0x555562fd9cf0_0, 0;
    %jmp T_43.1;
T_43.0 ;
    %load/vec4 v0x555562fda130_0;
    %assign/vec4 v0x555562fd9cf0_0, 0;
T_43.1 ;
    %jmp T_43;
    .thread T_43;
    .scope S_0x555562fca180;
T_44 ;
    %pushi/vec4 0, 0, 1;
    %store/vec4 v0x555562fd9630_0, 0, 1;
    %end;
    .thread T_44;
    .scope S_0x555562fca180;
T_45 ;
    %wait E_0x555562cc6f40;
    %load/vec4 v0x555562fd96d0_0;
    %flag_set/vec4 8;
    %jmp/0xz  T_45.0, 8;
    %pushi/vec4 0, 0, 1;
    %assign/vec4 v0x555562fd9630_0, 0;
    %jmp T_45.1;
T_45.0 ;
    %load/vec4 v0x555562fd9a70_0;
    %assign/vec4 v0x555562fd9630_0, 0;
T_45.1 ;
    %jmp T_45;
    .thread T_45;
    .scope S_0x555562fc9a90;
T_46 ;
    %pushi/vec4 0, 0, 1;
    %store/vec4 v0x555562fd92d0_0, 0, 1;
    %end;
    .thread T_46;
    .scope S_0x555562fc9a90;
T_47 ;
    %wait E_0x555562cc8bb0;
    %load/vec4 v0x555562fd9370_0;
    %flag_set/vec4 8;
    %jmp/0xz  T_47.0, 8;
    %pushi/vec4 1, 0, 1;
    %assign/vec4 v0x555562fd92d0_0, 0;
    %jmp T_47.1;
T_47.0 ;
    %load/vec4 v0x555562fc4da0_0;
    %assign/vec4 v0x555562fd92d0_0, 0;
T_47.1 ;
    %jmp T_47;
    .thread T_47;
    .scope S_0x555562fd81c0;
T_48 ;
    %wait E_0x555562cce180;
    %load/vec4 v0x555562fd6d50_0;
    %assign/vec4 v0x555562fd6df0_0, 0;
    %jmp T_48;
    .thread T_48;
    .scope S_0x555562fd81c0;
T_49 ;
    %wait E_0x555562cce180;
    %load/vec4 v0x555562fd6d50_0;
    %flag_set/vec4 8;
    %jmp/0xz  T_49.0, 8;
    %load/vec4 v0x555562fc49c0_0;
    %assign/vec4 v0x555562fd6700_0, 0;
T_49.0 ;
    %jmp T_49;
    .thread T_49;
    .scope S_0x555562fd81c0;
T_50 ;
    %wait E_0x555562cce140;
    %load/vec4 v0x555562fd6df0_0;
    %flag_set/vec4 8;
    %jmp/0xz  T_50.0, 8;
    %load/vec4 v0x555562fc49c0_0;
    %assign/vec4 v0x555562fd5f70_0, 0;
T_50.0 ;
    %jmp T_50;
    .thread T_50;
    .scope S_0x555562fd81c0;
T_51 ;
    %wait E_0x555562ccf170;
    %load/vec4 v0x555562fd6d50_0;
    %assign/vec4 v0x555562fd69c0_0, 0;
    %jmp T_51;
    .thread T_51;
    .scope S_0x555562fd81c0;
T_52 ;
    %wait E_0x555562ccf170;
    %load/vec4 v0x555562fd6d50_0;
    %flag_set/vec4 8;
    %jmp/0xz  T_52.0, 8;
    %load/vec4 v0x555562fd7bc0_0;
    %assign/vec4 v0x555562fd5c10_0, 0;
T_52.0 ;
    %jmp T_52;
    .thread T_52;
    .scope S_0x555562fd81c0;
T_53 ;
    %wait E_0x555562ccdeb0;
    %load/vec4 v0x555562fd69c0_0;
    %flag_set/vec4 8;
    %jmp/0xz  T_53.0, 8;
    %load/vec4 v0x555562fd7770_0;
    %assign/vec4 v0x555562fd5cb0_0, 0;
T_53.0 ;
    %jmp T_53;
    .thread T_53;
    .scope S_0x555562fd81c0;
T_54 ;
    %wait E_0x555562ccf170;
    %load/vec4 v0x555562fd6d50_0;
    %flag_set/vec4 8;
    %jmp/0xz  T_54.0, 8;
    %load/vec4 v0x555562fc4900_0;
    %assign/vec4 v0x555562fc4540_0, 0;
T_54.0 ;
    %jmp T_54;
    .thread T_54;
    .scope S_0x555562fd8520;
T_55 ;
    %wait E_0x555562ccead0;
    %load/vec4 v0x555562fd6700_0;
    %store/vec4 v0x555562fd6a80_0, 0, 1;
    %load/vec4 v0x555562fd5f70_0;
    %store/vec4 v0x555562fd6660_0, 0, 1;
    %jmp T_55;
    .thread T_55, $push;
    .scope S_0x555562fd8520;
T_56 ;
    %wait E_0x555562ccef00;
    %load/vec4 v0x555562fd74b0_0;
    %assign/vec4 v0x555562fd5880_0, 0;
    %jmp T_56;
    .thread T_56, $push;
    .scope S_0x555562fd8520;
T_57 ;
    %wait E_0x555562cceec0;
    %load/vec4 v0x555562fd5880_0;
    %assign/vec4 v0x555562fd5940_0, 0;
    %jmp T_57;
    .thread T_57, $push;
    .scope S_0x555562fd8520;
T_58 ;
    %wait E_0x555562ccf3c0;
    %load/vec4 v0x555562fd5940_0;
    %pushi/vec4 0, 0, 1;
    %xor;
    %flag_set/vec4 8;
    %jmp/1 T_58.2, 8;
    %pushi/vec4 0, 0, 1;
    %flag_set/vec4 9;
    %flag_or 8, 9;
T_58.2;
    %jmp/0 T_58.0, 8;
    %load/vec4 v0x555562fd5c10_0;
    %jmp/1 T_58.1, 8;
T_58.0 ; End of true expr.
    %load/vec4 v0x555562fd5cb0_0;
    %jmp/0 T_58.1, 8;
 ; End of false expr.
    %blend;
T_58.1;
    %store/vec4 v0x555562fd6030_0, 0, 1;
    %jmp T_58;
    .thread T_58, $push;
    .scope S_0x555562fce650;
T_59 ;
    %wait E_0x555562cd91c0;
    %load/vec4 v0x555562fce2c0_0;
    %flag_set/vec4 8;
    %jmp/0xz  T_59.0, 8;
    %load/vec4 v0x555563036ef0_0;
    %assign/vec4 v0x555563048970_0, 0;
T_59.0 ;
    %jmp T_59;
    .thread T_59;
    .scope S_0x555562fce650;
T_60 ;
    %wait E_0x555562cd8610;
    %load/vec4 v0x555562fce2c0_0;
    %flag_set/vec4 8;
    %jmp/0xz  T_60.0, 8;
    %load/vec4 v0x555563036ef0_0;
    %assign/vec4 v0x555563048550_0, 0;
T_60.0 ;
    %jmp T_60;
    .thread T_60;
    .scope S_0x555562fce650;
T_61 ;
    %wait E_0x555562cd92f0;
    %load/vec4 v0x555562fce2c0_0;
    %flag_set/vec4 8;
    %jmp/0xz  T_61.0, 8;
    %load/vec4 v0x555562fce000_0;
    %assign/vec4 v0x55556303f670_0, 0;
T_61.0 ;
    %jmp T_61;
    .thread T_61;
    .scope S_0x555562fce650;
T_62 ;
    %wait E_0x555562cd8520;
    %load/vec4 v0x555562fce2c0_0;
    %flag_set/vec4 8;
    %jmp/0xz  T_62.0, 8;
    %load/vec4 v0x555562fcdc00_0;
    %assign/vec4 v0x55556303f730_0, 0;
T_62.0 ;
    %jmp T_62;
    .thread T_62;
    .scope S_0x555562fce650;
T_63 ;
    %wait E_0x555562cd92f0;
    %load/vec4 v0x555562fce2c0_0;
    %flag_set/vec4 8;
    %jmp/0xz  T_63.0, 8;
    %load/vec4 v0x555563037350_0;
    %assign/vec4 v0x555563047e90_0, 0;
T_63.0 ;
    %jmp T_63;
    .thread T_63;
    .scope S_0x555562fc85f0;
T_64 ;
    %wait E_0x555562cd8910;
    %load/vec4 v0x555563048970_0;
    %store/vec4 v0x555563048cb0_0, 0, 1;
    %load/vec4 v0x555563048550_0;
    %store/vec4 v0x5555630488b0_0, 0, 1;
    %jmp T_64;
    .thread T_64, $push;
    .scope S_0x555562fc85f0;
T_65 ;
    %wait E_0x555562cd8a90;
    %load/vec4 v0x5555630372b0_0;
    %assign/vec4 v0x5555630481f0_0, 0;
    %jmp T_65;
    .thread T_65, $push;
    .scope S_0x555562fc85f0;
T_66 ;
    %wait E_0x555562ccfaf0;
    %load/vec4 v0x5555630481f0_0;
    %assign/vec4 v0x555563048290_0, 0;
    %jmp T_66;
    .thread T_66, $push;
    .scope S_0x555562fc85f0;
T_67 ;
    %wait E_0x555562fd3e20;
    %load/vec4 v0x555563048290_0;
    %pushi/vec4 0, 0, 1;
    %xor;
    %flag_set/vec4 8;
    %jmp/1 T_67.2, 8;
    %pushi/vec4 0, 0, 1;
    %flag_set/vec4 9;
    %flag_or 8, 9;
T_67.2;
    %jmp/0 T_67.0, 8;
    %load/vec4 v0x55556303f670_0;
    %jmp/1 T_67.1, 8;
T_67.0 ; End of true expr.
    %load/vec4 v0x55556303f730_0;
    %jmp/0 T_67.1, 8;
 ; End of false expr.
    %blend;
T_67.1;
    %store/vec4 v0x5555630485f0_0, 0, 1;
    %jmp T_67;
    .thread T_67, $push;
    .scope S_0x555563047b30;
T_68 ;
    %wait E_0x555562cd5b60;
    %load/vec4 v0x5555630477d0_0;
    %flag_set/vec4 8;
    %jmp/0xz  T_68.0, 8;
    %load/vec4 v0x5555630466f0_0;
    %assign/vec4 v0x555563046430_0, 0;
T_68.0 ;
    %jmp T_68;
    .thread T_68;
    .scope S_0x555563047b30;
T_69 ;
    %wait E_0x555562cd6e20;
    %load/vec4 v0x5555630477d0_0;
    %flag_set/vec4 8;
    %jmp/0xz  T_69.0, 8;
    %load/vec4 v0x5555630466f0_0;
    %assign/vec4 v0x55556303f2b0_0, 0;
T_69.0 ;
    %jmp T_69;
    .thread T_69;
    .scope S_0x555563047b30;
T_70 ;
    %wait E_0x555562cd6780;
    %load/vec4 v0x5555630477d0_0;
    %flag_set/vec4 8;
    %jmp/0xz  T_70.0, 8;
    %load/vec4 v0x555563047510_0;
    %assign/vec4 v0x555563046030_0, 0;
T_70.0 ;
    %jmp T_70;
    .thread T_70;
    .scope S_0x555563047b30;
T_71 ;
    %wait E_0x555562cd7530;
    %load/vec4 v0x5555630477d0_0;
    %flag_set/vec4 8;
    %jmp/0xz  T_71.0, 8;
    %load/vec4 v0x555563047110_0;
    %assign/vec4 v0x5555630460d0_0, 0;
T_71.0 ;
    %jmp T_71;
    .thread T_71;
    .scope S_0x555563047b30;
T_72 ;
    %wait E_0x555562cd6780;
    %load/vec4 v0x5555630477d0_0;
    %flag_set/vec4 8;
    %jmp/0xz  T_72.0, 8;
    %load/vec4 v0x555563046af0_0;
    %assign/vec4 v0x555563045610_0, 0;
T_72.0 ;
    %jmp T_72;
    .thread T_72;
    .scope S_0x555562fc2ef0;
T_73 ;
    %wait E_0x555562cd6b70;
    %load/vec4 v0x555563046430_0;
    %store/vec4 v0x5555630467b0_0, 0, 1;
    %load/vec4 v0x55556303f2b0_0;
    %store/vec4 v0x555563046390_0, 0, 1;
    %jmp T_73;
    .thread T_73, $push;
    .scope S_0x555562fc2ef0;
T_74 ;
    %wait E_0x555562cd7090;
    %load/vec4 v0x555563046a50_0;
    %assign/vec4 v0x555563045970_0, 0;
    %jmp T_74;
    .thread T_74, $push;
    .scope S_0x555562fc2ef0;
T_75 ;
    %wait E_0x555562fce0c0;
    %load/vec4 v0x555563045970_0;
    %assign/vec4 v0x555563045a30_0, 0;
    %jmp T_75;
    .thread T_75, $push;
    .scope S_0x555562fc2ef0;
T_76 ;
    %wait E_0x555563047ff0;
    %load/vec4 v0x555563045a30_0;
    %pushi/vec4 0, 0, 1;
    %xor;
    %flag_set/vec4 8;
    %jmp/1 T_76.2, 8;
    %pushi/vec4 0, 0, 1;
    %flag_set/vec4 9;
    %flag_or 8, 9;
T_76.2;
    %jmp/0 T_76.0, 8;
    %load/vec4 v0x555563046030_0;
    %jmp/1 T_76.1, 8;
T_76.0 ; End of true expr.
    %load/vec4 v0x5555630460d0_0;
    %jmp/0 T_76.1, 8;
 ; End of false expr.
    %blend;
T_76.1;
    %store/vec4 v0x55556303f370_0, 0, 1;
    %jmp T_76;
    .thread T_76, $push;
    .scope S_0x555562fc6d90;
T_77 ;
    %wait E_0x555562cd62e0;
    %load/vec4 v0x5555630493d0_0;
    %flag_set/vec4 8;
    %jmp/0xz  T_77.0, 8;
    %pushi/vec4 0, 0, 16;
    %assign/vec4 v0x555563007c60_0, 0;
    %pushi/vec4 0, 0, 16;
    %assign/vec4 v0x555563001930_0, 0;
    %jmp T_77.1;
T_77.0 ;
    %load/vec4 v0x555563050e00_0;
    %flag_set/vec4 8;
    %jmp/0xz  T_77.2, 8;
    %load/vec4 v0x555563051170_0;
    %nor/r;
    %flag_set/vec4 8;
    %jmp/0xz  T_77.4, 8;
    %load/vec4 v0x555563050d20_0;
    %assign/vec4 v0x555563007c60_0, 0;
T_77.4 ;
    %load/vec4 v0x5555630566f0_0;
    %nor/r;
    %flag_set/vec4 8;
    %jmp/0xz  T_77.6, 8;
    %load/vec4 v0x55556304f120_0;
    %assign/vec4 v0x555563001930_0, 0;
T_77.6 ;
T_77.2 ;
T_77.1 ;
    %jmp T_77;
    .thread T_77;
    .scope S_0x555562fc6d90;
T_78 ;
    %wait E_0x555562cd62a0;
    %load/vec4 v0x555563049850_0;
    %flag_set/vec4 8;
    %jmp/0xz  T_78.0, 8;
    %pushi/vec4 0, 0, 16;
    %assign/vec4 v0x555563001a10_0, 0;
    %pushi/vec4 0, 0, 16;
    %assign/vec4 v0x555563007d40_0, 0;
    %jmp T_78.1;
T_78.0 ;
    %load/vec4 v0x555563050e00_0;
    %flag_set/vec4 8;
    %jmp/0xz  T_78.2, 8;
    %load/vec4 v0x555563055290_0;
    %nor/r;
    %flag_set/vec4 8;
    %jmp/0xz  T_78.4, 8;
    %load/vec4 v0x5555630551d0_0;
    %assign/vec4 v0x555563001a10_0, 0;
T_78.4 ;
    %load/vec4 v0x55556304cda0_0;
    %nor/r;
    %flag_set/vec4 8;
    %jmp/0xz  T_78.6, 8;
    %load/vec4 v0x55556304ccc0_0;
    %assign/vec4 v0x555563007d40_0, 0;
T_78.6 ;
T_78.2 ;
T_78.1 ;
    %jmp T_78;
    .thread T_78;
    .scope S_0x555562fc6d90;
T_79 ;
    %wait E_0x555562cd62e0;
    %load/vec4 v0x5555630493d0_0;
    %flag_set/vec4 8;
    %jmp/0xz  T_79.0, 8;
    %pushi/vec4 0, 0, 16;
    %assign/vec4 v0x555563006c40_0, 0;
    %pushi/vec4 0, 0, 16;
    %assign/vec4 v0x555563005d10_0, 0;
    %jmp T_79.1;
T_79.0 ;
    %load/vec4 v0x555563050e00_0;
    %flag_set/vec4 8;
    %jmp/0xz  T_79.2, 8;
    %load/vec4 v0x555563002f20_0;
    %assign/vec4 v0x555563006c40_0, 0;
    %load/vec4 v0x555563002b90_0;
    %assign/vec4 v0x555563005d10_0, 0;
T_79.2 ;
T_79.1 ;
    %jmp T_79;
    .thread T_79;
    .scope S_0x555562fc6d90;
T_80 ;
    %wait E_0x555562cd62a0;
    %load/vec4 v0x555563049850_0;
    %flag_set/vec4 8;
    %jmp/0xz  T_80.0, 8;
    %pushi/vec4 0, 0, 16;
    %assign/vec4 v0x555563004c60_0, 0;
    %pushi/vec4 0, 0, 16;
    %assign/vec4 v0x555563006d20_0, 0;
    %jmp T_80.1;
T_80.0 ;
    %load/vec4 v0x555563050e00_0;
    %flag_set/vec4 8;
    %jmp/0xz  T_80.2, 8;
    %load/vec4 v0x555563003000_0;
    %assign/vec4 v0x555563004c60_0, 0;
    %load/vec4 v0x555563002c50_0;
    %assign/vec4 v0x555563006d20_0, 0;
T_80.2 ;
T_80.1 ;
    %jmp T_80;
    .thread T_80;
    .scope S_0x555562fc6d90;
T_81 ;
    %wait E_0x555562cd62a0;
    %load/vec4 v0x555563049850_0;
    %flag_set/vec4 8;
    %jmp/0xz  T_81.0, 8;
    %pushi/vec4 0, 0, 32;
    %assign/vec4 v0x555563005c50_0, 0;
    %jmp T_81.1;
T_81.0 ;
    %load/vec4 v0x555563050e00_0;
    %flag_set/vec4 8;
    %jmp/0xz  T_81.2, 8;
    %load/vec4 v0x5555630041d0_0;
    %assign/vec4 v0x555563005c50_0, 0;
T_81.2 ;
T_81.1 ;
    %jmp T_81;
    .thread T_81;
    .scope S_0x555562fc6d90;
T_82 ;
    %wait E_0x555562cd5df0;
    %load/vec4 v0x555563059b90_0;
    %flag_set/vec4 8;
    %jmp/0xz  T_82.0, 8;
    %pushi/vec4 0, 0, 16;
    %assign/vec4 v0x555563004d40_0, 0;
    %jmp T_82.1;
T_82.0 ;
    %load/vec4 v0x555563050e00_0;
    %flag_set/vec4 8;
    %jmp/0xz  T_82.2, 8;
    %load/vec4 v0x555563049ca0_0;
    %nor/r;
    %flag_set/vec4 8;
    %jmp/0xz  T_82.4, 8;
    %load/vec4 v0x555563003d90_0;
    %assign/vec4 v0x555563004d40_0, 0;
T_82.4 ;
T_82.2 ;
T_82.1 ;
    %jmp T_82;
    .thread T_82;
    .scope S_0x555562fc6d90;
T_83 ;
    %wait E_0x5555630438e0;
    %load/vec4 v0x555563059ad0_0;
    %flag_set/vec4 8;
    %jmp/0xz  T_83.0, 8;
    %pushi/vec4 0, 0, 16;
    %assign/vec4 v0x5555630048a0_0, 0;
    %jmp T_83.1;
T_83.0 ;
    %load/vec4 v0x555563050e00_0;
    %flag_set/vec4 8;
    %jmp/0xz  T_83.2, 8;
    %load/vec4 v0x555563049be0_0;
    %nor/r;
    %flag_set/vec4 8;
    %jmp/0xz  T_83.4, 8;
    %load/vec4 v0x555563003a30_0;
    %assign/vec4 v0x5555630048a0_0, 0;
T_83.4 ;
T_83.2 ;
T_83.1 ;
    %jmp T_83;
    .thread T_83;
    .scope S_0x555562ff2b20;
T_84 ;
    %pushi/vec4 0, 0, 32;
    %store/vec4 v0x555562ff50a0_0, 0, 32;
T_84.0 ; Top of for-loop 
    %load/vec4 v0x555562ff50a0_0;
    %cmpi/s 16, 0, 32;
    %jmp/0xz T_84.1, 5;
    %pushi/vec4 0, 0, 256;
    %load/vec4 v0x555562ff50a0_0;
    %muli 16, 0, 32;
    %part/s 16;
    %pushi/vec4 0, 0, 32;
    %load/vec4 v0x555562ff50a0_0;
    %add;
    %ix/vec4/s 4;
    %store/vec4a v0x555562ff5160, 4, 0;
    %pushi/vec4 0, 0, 256;
    %load/vec4 v0x555562ff50a0_0;
    %muli 16, 0, 32;
    %part/s 16;
    %pushi/vec4 16, 0, 32;
    %load/vec4 v0x555562ff50a0_0;
    %add;
    %ix/vec4/s 4;
    %store/vec4a v0x555562ff5160, 4, 0;
    %pushi/vec4 0, 0, 256;
    %load/vec4 v0x555562ff50a0_0;
    %muli 16, 0, 32;
    %part/s 16;
    %pushi/vec4 32, 0, 32;
    %load/vec4 v0x555562ff50a0_0;
    %add;
    %ix/vec4/s 4;
    %store/vec4a v0x555562ff5160, 4, 0;
    %pushi/vec4 0, 0, 256;
    %load/vec4 v0x555562ff50a0_0;
    %muli 16, 0, 32;
    %part/s 16;
    %pushi/vec4 48, 0, 32;
    %load/vec4 v0x555562ff50a0_0;
    %add;
    %ix/vec4/s 4;
    %store/vec4a v0x555562ff5160, 4, 0;
    %pushi/vec4 0, 0, 256;
    %load/vec4 v0x555562ff50a0_0;
    %muli 16, 0, 32;
    %part/s 16;
    %pushi/vec4 64, 0, 32;
    %load/vec4 v0x555562ff50a0_0;
    %add;
    %ix/vec4/s 4;
    %store/vec4a v0x555562ff5160, 4, 0;
    %pushi/vec4 0, 0, 256;
    %load/vec4 v0x555562ff50a0_0;
    %muli 16, 0, 32;
    %part/s 16;
    %pushi/vec4 80, 0, 32;
    %load/vec4 v0x555562ff50a0_0;
    %add;
    %ix/vec4/s 4;
    %store/vec4a v0x555562ff5160, 4, 0;
    %pushi/vec4 0, 0, 256;
    %load/vec4 v0x555562ff50a0_0;
    %muli 16, 0, 32;
    %part/s 16;
    %pushi/vec4 96, 0, 32;
    %load/vec4 v0x555562ff50a0_0;
    %add;
    %ix/vec4/s 4;
    %store/vec4a v0x555562ff5160, 4, 0;
    %pushi/vec4 0, 0, 256;
    %load/vec4 v0x555562ff50a0_0;
    %muli 16, 0, 32;
    %part/s 16;
    %pushi/vec4 112, 0, 32;
    %load/vec4 v0x555562ff50a0_0;
    %add;
    %ix/vec4/s 4;
    %store/vec4a v0x555562ff5160, 4, 0;
    %pushi/vec4 0, 0, 256;
    %load/vec4 v0x555562ff50a0_0;
    %muli 16, 0, 32;
    %part/s 16;
    %pushi/vec4 128, 0, 32;
    %load/vec4 v0x555562ff50a0_0;
    %add;
    %ix/vec4/s 4;
    %store/vec4a v0x555562ff5160, 4, 0;
    %pushi/vec4 0, 0, 256;
    %load/vec4 v0x555562ff50a0_0;
    %muli 16, 0, 32;
    %part/s 16;
    %pushi/vec4 144, 0, 32;
    %load/vec4 v0x555562ff50a0_0;
    %add;
    %ix/vec4/s 4;
    %store/vec4a v0x555562ff5160, 4, 0;
    %pushi/vec4 0, 0, 256;
    %load/vec4 v0x555562ff50a0_0;
    %muli 16, 0, 32;
    %part/s 16;
    %pushi/vec4 160, 0, 32;
    %load/vec4 v0x555562ff50a0_0;
    %add;
    %ix/vec4/s 4;
    %store/vec4a v0x555562ff5160, 4, 0;
    %pushi/vec4 0, 0, 256;
    %load/vec4 v0x555562ff50a0_0;
    %muli 16, 0, 32;
    %part/s 16;
    %pushi/vec4 176, 0, 32;
    %load/vec4 v0x555562ff50a0_0;
    %add;
    %ix/vec4/s 4;
    %store/vec4a v0x555562ff5160, 4, 0;
    %pushi/vec4 0, 0, 256;
    %load/vec4 v0x555562ff50a0_0;
    %muli 16, 0, 32;
    %part/s 16;
    %pushi/vec4 192, 0, 32;
    %load/vec4 v0x555562ff50a0_0;
    %add;
    %ix/vec4/s 4;
    %store/vec4a v0x555562ff5160, 4, 0;
    %pushi/vec4 0, 0, 256;
    %load/vec4 v0x555562ff50a0_0;
    %muli 16, 0, 32;
    %part/s 16;
    %pushi/vec4 208, 0, 32;
    %load/vec4 v0x555562ff50a0_0;
    %add;
    %ix/vec4/s 4;
    %store/vec4a v0x555562ff5160, 4, 0;
    %pushi/vec4 0, 0, 256;
    %load/vec4 v0x555562ff50a0_0;
    %muli 16, 0, 32;
    %part/s 16;
    %pushi/vec4 224, 0, 32;
    %load/vec4 v0x555562ff50a0_0;
    %add;
    %ix/vec4/s 4;
    %store/vec4a v0x555562ff5160, 4, 0;
    %pushi/vec4 0, 0, 256;
    %load/vec4 v0x555562ff50a0_0;
    %muli 16, 0, 32;
    %part/s 16;
    %pushi/vec4 240, 0, 32;
    %load/vec4 v0x555562ff50a0_0;
    %add;
    %ix/vec4/s 4;
    %store/vec4a v0x555562ff5160, 4, 0;
T_84.2 ; for-loop step statement
    %load/vec4 v0x555562ff50a0_0;
    %addi 1, 0, 32;
    %store/vec4 v0x555562ff50a0_0, 0, 32;
    %jmp T_84.0;
T_84.1 ; for-loop exit label
    %end;
    .thread T_84;
    .scope S_0x555562ff2b20;
T_85 ;
    %wait E_0x555562ff0520;
    %load/vec4 v0x555562ff5460_0;
    %flag_set/vec4 9;
    %flag_get/vec4 9;
    %jmp/0 T_85.2, 9;
    %load/vec4 v0x555562ff3690_0;
    %and;
T_85.2;
    %flag_set/vec4 8;
    %jmp/0xz  T_85.0, 8;
    %load/vec4 v0x555562ff5500_0;
    %parti/s 1, 0, 2;
    %nor/r;
    %flag_set/vec4 8;
    %jmp/0xz  T_85.3, 8;
    %load/vec4 v0x555562ff5900_0;
    %parti/s 1, 0, 2;
    %load/vec4 v0x555562ff4990_0;
    %parti/s 8, 0, 2;
    %pad/u 10;
    %ix/vec4 3;
    %ix/load 4, 0, 0; Constant delay
    %assign/vec4/a/d v0x555562ff5160, 0, 4;
T_85.3 ;
    %load/vec4 v0x555562ff5500_0;
    %parti/s 1, 1, 2;
    %nor/r;
    %flag_set/vec4 8;
    %jmp/0xz  T_85.5, 8;
    %load/vec4 v0x555562ff5900_0;
    %parti/s 1, 1, 2;
    %load/vec4 v0x555562ff4990_0;
    %parti/s 8, 0, 2;
    %pad/u 10;
    %ix/vec4 3;
    %ix/load 4, 1, 0; part off
    %ix/load 5, 0, 0; Constant delay
    %assign/vec4/a/d v0x555562ff5160, 4, 5;
T_85.5 ;
    %load/vec4 v0x555562ff5500_0;
    %parti/s 1, 2, 3;
    %nor/r;
    %flag_set/vec4 8;
    %jmp/0xz  T_85.7, 8;
    %load/vec4 v0x555562ff5900_0;
    %parti/s 1, 2, 3;
    %load/vec4 v0x555562ff4990_0;
    %parti/s 8, 0, 2;
    %pad/u 10;
    %ix/vec4 3;
    %ix/load 4, 2, 0; part off
    %ix/load 5, 0, 0; Constant delay
    %assign/vec4/a/d v0x555562ff5160, 4, 5;
T_85.7 ;
    %load/vec4 v0x555562ff5500_0;
    %parti/s 1, 3, 3;
    %nor/r;
    %flag_set/vec4 8;
    %jmp/0xz  T_85.9, 8;
    %load/vec4 v0x555562ff5900_0;
    %parti/s 1, 3, 3;
    %load/vec4 v0x555562ff4990_0;
    %parti/s 8, 0, 2;
    %pad/u 10;
    %ix/vec4 3;
    %ix/load 4, 3, 0; part off
    %ix/load 5, 0, 0; Constant delay
    %assign/vec4/a/d v0x555562ff5160, 4, 5;
T_85.9 ;
    %load/vec4 v0x555562ff5500_0;
    %parti/s 1, 4, 4;
    %nor/r;
    %flag_set/vec4 8;
    %jmp/0xz  T_85.11, 8;
    %load/vec4 v0x555562ff5900_0;
    %parti/s 1, 4, 4;
    %load/vec4 v0x555562ff4990_0;
    %parti/s 8, 0, 2;
    %pad/u 10;
    %ix/vec4 3;
    %ix/load 4, 4, 0; part off
    %ix/load 5, 0, 0; Constant delay
    %assign/vec4/a/d v0x555562ff5160, 4, 5;
T_85.11 ;
    %load/vec4 v0x555562ff5500_0;
    %parti/s 1, 5, 4;
    %nor/r;
    %flag_set/vec4 8;
    %jmp/0xz  T_85.13, 8;
    %load/vec4 v0x555562ff5900_0;
    %parti/s 1, 5, 4;
    %load/vec4 v0x555562ff4990_0;
    %parti/s 8, 0, 2;
    %pad/u 10;
    %ix/vec4 3;
    %ix/load 4, 5, 0; part off
    %ix/load 5, 0, 0; Constant delay
    %assign/vec4/a/d v0x555562ff5160, 4, 5;
T_85.13 ;
    %load/vec4 v0x555562ff5500_0;
    %parti/s 1, 6, 4;
    %nor/r;
    %flag_set/vec4 8;
    %jmp/0xz  T_85.15, 8;
    %load/vec4 v0x555562ff5900_0;
    %parti/s 1, 6, 4;
    %load/vec4 v0x555562ff4990_0;
    %parti/s 8, 0, 2;
    %pad/u 10;
    %ix/vec4 3;
    %ix/load 4, 6, 0; part off
    %ix/load 5, 0, 0; Constant delay
    %assign/vec4/a/d v0x555562ff5160, 4, 5;
T_85.15 ;
    %load/vec4 v0x555562ff5500_0;
    %parti/s 1, 7, 4;
    %nor/r;
    %flag_set/vec4 8;
    %jmp/0xz  T_85.17, 8;
    %load/vec4 v0x555562ff5900_0;
    %parti/s 1, 7, 4;
    %load/vec4 v0x555562ff4990_0;
    %parti/s 8, 0, 2;
    %pad/u 10;
    %ix/vec4 3;
    %ix/load 4, 7, 0; part off
    %ix/load 5, 0, 0; Constant delay
    %assign/vec4/a/d v0x555562ff5160, 4, 5;
T_85.17 ;
    %load/vec4 v0x555562ff5500_0;
    %parti/s 1, 8, 5;
    %nor/r;
    %flag_set/vec4 8;
    %jmp/0xz  T_85.19, 8;
    %load/vec4 v0x555562ff5900_0;
    %parti/s 1, 8, 5;
    %load/vec4 v0x555562ff4990_0;
    %parti/s 8, 0, 2;
    %pad/u 10;
    %ix/vec4 3;
    %ix/load 4, 8, 0; part off
    %ix/load 5, 0, 0; Constant delay
    %assign/vec4/a/d v0x555562ff5160, 4, 5;
T_85.19 ;
    %load/vec4 v0x555562ff5500_0;
    %parti/s 1, 9, 5;
    %nor/r;
    %flag_set/vec4 8;
    %jmp/0xz  T_85.21, 8;
    %load/vec4 v0x555562ff5900_0;
    %parti/s 1, 9, 5;
    %load/vec4 v0x555562ff4990_0;
    %parti/s 8, 0, 2;
    %pad/u 10;
    %ix/vec4 3;
    %ix/load 4, 9, 0; part off
    %ix/load 5, 0, 0; Constant delay
    %assign/vec4/a/d v0x555562ff5160, 4, 5;
T_85.21 ;
    %load/vec4 v0x555562ff5500_0;
    %parti/s 1, 10, 5;
    %nor/r;
    %flag_set/vec4 8;
    %jmp/0xz  T_85.23, 8;
    %load/vec4 v0x555562ff5900_0;
    %parti/s 1, 10, 5;
    %load/vec4 v0x555562ff4990_0;
    %parti/s 8, 0, 2;
    %pad/u 10;
    %ix/vec4 3;
    %ix/load 4, 10, 0; part off
    %ix/load 5, 0, 0; Constant delay
    %assign/vec4/a/d v0x555562ff5160, 4, 5;
T_85.23 ;
    %load/vec4 v0x555562ff5500_0;
    %parti/s 1, 11, 5;
    %nor/r;
    %flag_set/vec4 8;
    %jmp/0xz  T_85.25, 8;
    %load/vec4 v0x555562ff5900_0;
    %parti/s 1, 11, 5;
    %load/vec4 v0x555562ff4990_0;
    %parti/s 8, 0, 2;
    %pad/u 10;
    %ix/vec4 3;
    %ix/load 4, 11, 0; part off
    %ix/load 5, 0, 0; Constant delay
    %assign/vec4/a/d v0x555562ff5160, 4, 5;
T_85.25 ;
    %load/vec4 v0x555562ff5500_0;
    %parti/s 1, 12, 5;
    %nor/r;
    %flag_set/vec4 8;
    %jmp/0xz  T_85.27, 8;
    %load/vec4 v0x555562ff5900_0;
    %parti/s 1, 12, 5;
    %load/vec4 v0x555562ff4990_0;
    %parti/s 8, 0, 2;
    %pad/u 10;
    %ix/vec4 3;
    %ix/load 4, 12, 0; part off
    %ix/load 5, 0, 0; Constant delay
    %assign/vec4/a/d v0x555562ff5160, 4, 5;
T_85.27 ;
    %load/vec4 v0x555562ff5500_0;
    %parti/s 1, 13, 5;
    %nor/r;
    %flag_set/vec4 8;
    %jmp/0xz  T_85.29, 8;
    %load/vec4 v0x555562ff5900_0;
    %parti/s 1, 13, 5;
    %load/vec4 v0x555562ff4990_0;
    %parti/s 8, 0, 2;
    %pad/u 10;
    %ix/vec4 3;
    %ix/load 4, 13, 0; part off
    %ix/load 5, 0, 0; Constant delay
    %assign/vec4/a/d v0x555562ff5160, 4, 5;
T_85.29 ;
    %load/vec4 v0x555562ff5500_0;
    %parti/s 1, 14, 5;
    %nor/r;
    %flag_set/vec4 8;
    %jmp/0xz  T_85.31, 8;
    %load/vec4 v0x555562ff5900_0;
    %parti/s 1, 14, 5;
    %load/vec4 v0x555562ff4990_0;
    %parti/s 8, 0, 2;
    %pad/u 10;
    %ix/vec4 3;
    %ix/load 4, 14, 0; part off
    %ix/load 5, 0, 0; Constant delay
    %assign/vec4/a/d v0x555562ff5160, 4, 5;
T_85.31 ;
    %load/vec4 v0x555562ff5500_0;
    %parti/s 1, 15, 5;
    %nor/r;
    %flag_set/vec4 8;
    %jmp/0xz  T_85.33, 8;
    %load/vec4 v0x555562ff5900_0;
    %parti/s 1, 15, 5;
    %load/vec4 v0x555562ff4990_0;
    %parti/s 8, 0, 2;
    %pad/u 10;
    %ix/vec4 3;
    %ix/load 4, 15, 0; part off
    %ix/load 5, 0, 0; Constant delay
    %assign/vec4/a/d v0x555562ff5160, 4, 5;
T_85.33 ;
T_85.0 ;
    %jmp T_85;
    .thread T_85;
    .scope S_0x555562ff2b20;
T_86 ;
    %wait E_0x555562ff2920;
    %load/vec4 v0x555562ff3a90_0;
    %flag_set/vec4 9;
    %flag_get/vec4 9;
    %jmp/0 T_86.2, 9;
    %load/vec4 v0x555562ff45b0_0;
    %and;
T_86.2;
    %flag_set/vec4 8;
    %jmp/0xz  T_86.0, 8;
    %load/vec4 v0x555562ffa800_0;
    %parti/s 8, 0, 2;
    %pad/u 10;
    %ix/vec4 4;
    %load/vec4a v0x555562ff5160, 4;
    %load/vec4 v0x555562ff48b0_0;
    %inv;
    %and;
    %assign/vec4 v0x555562ff39b0_0, 0;
T_86.0 ;
    %jmp T_86;
    .thread T_86;
    .scope S_0x555562ffcdf0;
T_87 ;
    %pushi/vec4 0, 0, 32;
    %store/vec4 v0x555562f8ab00_0, 0, 32;
T_87.0 ; Top of for-loop 
    %load/vec4 v0x555562f8ab00_0;
    %cmpi/s 16, 0, 32;
    %jmp/0xz T_87.1, 5;
    %pushi/vec4 0, 0, 256;
    %load/vec4 v0x555562f8ab00_0;
    %muli 16, 0, 32;
    %part/s 16;
    %pushi/vec4 0, 0, 32;
    %load/vec4 v0x555562f8ab00_0;
    %add;
    %ix/vec4/s 4;
    %store/vec4a v0x555562f8abe0, 4, 0;
    %pushi/vec4 0, 0, 256;
    %load/vec4 v0x555562f8ab00_0;
    %muli 16, 0, 32;
    %part/s 16;
    %pushi/vec4 16, 0, 32;
    %load/vec4 v0x555562f8ab00_0;
    %add;
    %ix/vec4/s 4;
    %store/vec4a v0x555562f8abe0, 4, 0;
    %pushi/vec4 0, 0, 256;
    %load/vec4 v0x555562f8ab00_0;
    %muli 16, 0, 32;
    %part/s 16;
    %pushi/vec4 32, 0, 32;
    %load/vec4 v0x555562f8ab00_0;
    %add;
    %ix/vec4/s 4;
    %store/vec4a v0x555562f8abe0, 4, 0;
    %pushi/vec4 0, 0, 256;
    %load/vec4 v0x555562f8ab00_0;
    %muli 16, 0, 32;
    %part/s 16;
    %pushi/vec4 48, 0, 32;
    %load/vec4 v0x555562f8ab00_0;
    %add;
    %ix/vec4/s 4;
    %store/vec4a v0x555562f8abe0, 4, 0;
    %pushi/vec4 0, 0, 256;
    %load/vec4 v0x555562f8ab00_0;
    %muli 16, 0, 32;
    %part/s 16;
    %pushi/vec4 64, 0, 32;
    %load/vec4 v0x555562f8ab00_0;
    %add;
    %ix/vec4/s 4;
    %store/vec4a v0x555562f8abe0, 4, 0;
    %pushi/vec4 0, 0, 256;
    %load/vec4 v0x555562f8ab00_0;
    %muli 16, 0, 32;
    %part/s 16;
    %pushi/vec4 80, 0, 32;
    %load/vec4 v0x555562f8ab00_0;
    %add;
    %ix/vec4/s 4;
    %store/vec4a v0x555562f8abe0, 4, 0;
    %pushi/vec4 0, 0, 256;
    %load/vec4 v0x555562f8ab00_0;
    %muli 16, 0, 32;
    %part/s 16;
    %pushi/vec4 96, 0, 32;
    %load/vec4 v0x555562f8ab00_0;
    %add;
    %ix/vec4/s 4;
    %store/vec4a v0x555562f8abe0, 4, 0;
    %pushi/vec4 0, 0, 256;
    %load/vec4 v0x555562f8ab00_0;
    %muli 16, 0, 32;
    %part/s 16;
    %pushi/vec4 112, 0, 32;
    %load/vec4 v0x555562f8ab00_0;
    %add;
    %ix/vec4/s 4;
    %store/vec4a v0x555562f8abe0, 4, 0;
    %pushi/vec4 0, 0, 256;
    %load/vec4 v0x555562f8ab00_0;
    %muli 16, 0, 32;
    %part/s 16;
    %pushi/vec4 128, 0, 32;
    %load/vec4 v0x555562f8ab00_0;
    %add;
    %ix/vec4/s 4;
    %store/vec4a v0x555562f8abe0, 4, 0;
    %pushi/vec4 0, 0, 256;
    %load/vec4 v0x555562f8ab00_0;
    %muli 16, 0, 32;
    %part/s 16;
    %pushi/vec4 144, 0, 32;
    %load/vec4 v0x555562f8ab00_0;
    %add;
    %ix/vec4/s 4;
    %store/vec4a v0x555562f8abe0, 4, 0;
    %pushi/vec4 0, 0, 256;
    %load/vec4 v0x555562f8ab00_0;
    %muli 16, 0, 32;
    %part/s 16;
    %pushi/vec4 160, 0, 32;
    %load/vec4 v0x555562f8ab00_0;
    %add;
    %ix/vec4/s 4;
    %store/vec4a v0x555562f8abe0, 4, 0;
    %pushi/vec4 0, 0, 256;
    %load/vec4 v0x555562f8ab00_0;
    %muli 16, 0, 32;
    %part/s 16;
    %pushi/vec4 176, 0, 32;
    %load/vec4 v0x555562f8ab00_0;
    %add;
    %ix/vec4/s 4;
    %store/vec4a v0x555562f8abe0, 4, 0;
    %pushi/vec4 0, 0, 256;
    %load/vec4 v0x555562f8ab00_0;
    %muli 16, 0, 32;
    %part/s 16;
    %pushi/vec4 192, 0, 32;
    %load/vec4 v0x555562f8ab00_0;
    %add;
    %ix/vec4/s 4;
    %store/vec4a v0x555562f8abe0, 4, 0;
    %pushi/vec4 0, 0, 256;
    %load/vec4 v0x555562f8ab00_0;
    %muli 16, 0, 32;
    %part/s 16;
    %pushi/vec4 208, 0, 32;
    %load/vec4 v0x555562f8ab00_0;
    %add;
    %ix/vec4/s 4;
    %store/vec4a v0x555562f8abe0, 4, 0;
    %pushi/vec4 0, 0, 256;
    %load/vec4 v0x555562f8ab00_0;
    %muli 16, 0, 32;
    %part/s 16;
    %pushi/vec4 224, 0, 32;
    %load/vec4 v0x555562f8ab00_0;
    %add;
    %ix/vec4/s 4;
    %store/vec4a v0x555562f8abe0, 4, 0;
    %pushi/vec4 0, 0, 256;
    %load/vec4 v0x555562f8ab00_0;
    %muli 16, 0, 32;
    %part/s 16;
    %pushi/vec4 240, 0, 32;
    %load/vec4 v0x555562f8ab00_0;
    %add;
    %ix/vec4/s 4;
    %store/vec4a v0x555562f8abe0, 4, 0;
T_87.2 ; for-loop step statement
    %load/vec4 v0x555562f8ab00_0;
    %addi 1, 0, 32;
    %store/vec4 v0x555562f8ab00_0, 0, 32;
    %jmp T_87.0;
T_87.1 ; for-loop exit label
    %end;
    .thread T_87;
    .scope S_0x555562ffcdf0;
T_88 ;
    %wait E_0x555562ff1750;
    %load/vec4 v0x555562f8aef0_0;
    %flag_set/vec4 9;
    %flag_get/vec4 9;
    %jmp/0 T_88.2, 9;
    %load/vec4 v0x555562f9cb10_0;
    %and;
T_88.2;
    %flag_set/vec4 8;
    %jmp/0xz  T_88.0, 8;
    %load/vec4 v0x555562f8afb0_0;
    %parti/s 1, 0, 2;
    %nor/r;
    %flag_set/vec4 8;
    %jmp/0xz  T_88.3, 8;
    %load/vec4 v0x555562f9c720_0;
    %parti/s 1, 0, 2;
    %load/vec4 v0x555562fae560_0;
    %parti/s 8, 0, 2;
    %pad/u 10;
    %ix/vec4 3;
    %ix/load 4, 0, 0; Constant delay
    %assign/vec4/a/d v0x555562f8abe0, 0, 4;
T_88.3 ;
    %load/vec4 v0x555562f8afb0_0;
    %parti/s 1, 1, 2;
    %nor/r;
    %flag_set/vec4 8;
    %jmp/0xz  T_88.5, 8;
    %load/vec4 v0x555562f9c720_0;
    %parti/s 1, 1, 2;
    %load/vec4 v0x555562fae560_0;
    %parti/s 8, 0, 2;
    %pad/u 10;
    %ix/vec4 3;
    %ix/load 4, 1, 0; part off
    %ix/load 5, 0, 0; Constant delay
    %assign/vec4/a/d v0x555562f8abe0, 4, 5;
T_88.5 ;
    %load/vec4 v0x555562f8afb0_0;
    %parti/s 1, 2, 3;
    %nor/r;
    %flag_set/vec4 8;
    %jmp/0xz  T_88.7, 8;
    %load/vec4 v0x555562f9c720_0;
    %parti/s 1, 2, 3;
    %load/vec4 v0x555562fae560_0;
    %parti/s 8, 0, 2;
    %pad/u 10;
    %ix/vec4 3;
    %ix/load 4, 2, 0; part off
    %ix/load 5, 0, 0; Constant delay
    %assign/vec4/a/d v0x555562f8abe0, 4, 5;
T_88.7 ;
    %load/vec4 v0x555562f8afb0_0;
    %parti/s 1, 3, 3;
    %nor/r;
    %flag_set/vec4 8;
    %jmp/0xz  T_88.9, 8;
    %load/vec4 v0x555562f9c720_0;
    %parti/s 1, 3, 3;
    %load/vec4 v0x555562fae560_0;
    %parti/s 8, 0, 2;
    %pad/u 10;
    %ix/vec4 3;
    %ix/load 4, 3, 0; part off
    %ix/load 5, 0, 0; Constant delay
    %assign/vec4/a/d v0x555562f8abe0, 4, 5;
T_88.9 ;
    %load/vec4 v0x555562f8afb0_0;
    %parti/s 1, 4, 4;
    %nor/r;
    %flag_set/vec4 8;
    %jmp/0xz  T_88.11, 8;
    %load/vec4 v0x555562f9c720_0;
    %parti/s 1, 4, 4;
    %load/vec4 v0x555562fae560_0;
    %parti/s 8, 0, 2;
    %pad/u 10;
    %ix/vec4 3;
    %ix/load 4, 4, 0; part off
    %ix/load 5, 0, 0; Constant delay
    %assign/vec4/a/d v0x555562f8abe0, 4, 5;
T_88.11 ;
    %load/vec4 v0x555562f8afb0_0;
    %parti/s 1, 5, 4;
    %nor/r;
    %flag_set/vec4 8;
    %jmp/0xz  T_88.13, 8;
    %load/vec4 v0x555562f9c720_0;
    %parti/s 1, 5, 4;
    %load/vec4 v0x555562fae560_0;
    %parti/s 8, 0, 2;
    %pad/u 10;
    %ix/vec4 3;
    %ix/load 4, 5, 0; part off
    %ix/load 5, 0, 0; Constant delay
    %assign/vec4/a/d v0x555562f8abe0, 4, 5;
T_88.13 ;
    %load/vec4 v0x555562f8afb0_0;
    %parti/s 1, 6, 4;
    %nor/r;
    %flag_set/vec4 8;
    %jmp/0xz  T_88.15, 8;
    %load/vec4 v0x555562f9c720_0;
    %parti/s 1, 6, 4;
    %load/vec4 v0x555562fae560_0;
    %parti/s 8, 0, 2;
    %pad/u 10;
    %ix/vec4 3;
    %ix/load 4, 6, 0; part off
    %ix/load 5, 0, 0; Constant delay
    %assign/vec4/a/d v0x555562f8abe0, 4, 5;
T_88.15 ;
    %load/vec4 v0x555562f8afb0_0;
    %parti/s 1, 7, 4;
    %nor/r;
    %flag_set/vec4 8;
    %jmp/0xz  T_88.17, 8;
    %load/vec4 v0x555562f9c720_0;
    %parti/s 1, 7, 4;
    %load/vec4 v0x555562fae560_0;
    %parti/s 8, 0, 2;
    %pad/u 10;
    %ix/vec4 3;
    %ix/load 4, 7, 0; part off
    %ix/load 5, 0, 0; Constant delay
    %assign/vec4/a/d v0x555562f8abe0, 4, 5;
T_88.17 ;
    %load/vec4 v0x555562f8afb0_0;
    %parti/s 1, 8, 5;
    %nor/r;
    %flag_set/vec4 8;
    %jmp/0xz  T_88.19, 8;
    %load/vec4 v0x555562f9c720_0;
    %parti/s 1, 8, 5;
    %load/vec4 v0x555562fae560_0;
    %parti/s 8, 0, 2;
    %pad/u 10;
    %ix/vec4 3;
    %ix/load 4, 8, 0; part off
    %ix/load 5, 0, 0; Constant delay
    %assign/vec4/a/d v0x555562f8abe0, 4, 5;
T_88.19 ;
    %load/vec4 v0x555562f8afb0_0;
    %parti/s 1, 9, 5;
    %nor/r;
    %flag_set/vec4 8;
    %jmp/0xz  T_88.21, 8;
    %load/vec4 v0x555562f9c720_0;
    %parti/s 1, 9, 5;
    %load/vec4 v0x555562fae560_0;
    %parti/s 8, 0, 2;
    %pad/u 10;
    %ix/vec4 3;
    %ix/load 4, 9, 0; part off
    %ix/load 5, 0, 0; Constant delay
    %assign/vec4/a/d v0x555562f8abe0, 4, 5;
T_88.21 ;
    %load/vec4 v0x555562f8afb0_0;
    %parti/s 1, 10, 5;
    %nor/r;
    %flag_set/vec4 8;
    %jmp/0xz  T_88.23, 8;
    %load/vec4 v0x555562f9c720_0;
    %parti/s 1, 10, 5;
    %load/vec4 v0x555562fae560_0;
    %parti/s 8, 0, 2;
    %pad/u 10;
    %ix/vec4 3;
    %ix/load 4, 10, 0; part off
    %ix/load 5, 0, 0; Constant delay
    %assign/vec4/a/d v0x555562f8abe0, 4, 5;
T_88.23 ;
    %load/vec4 v0x555562f8afb0_0;
    %parti/s 1, 11, 5;
    %nor/r;
    %flag_set/vec4 8;
    %jmp/0xz  T_88.25, 8;
    %load/vec4 v0x555562f9c720_0;
    %parti/s 1, 11, 5;
    %load/vec4 v0x555562fae560_0;
    %parti/s 8, 0, 2;
    %pad/u 10;
    %ix/vec4 3;
    %ix/load 4, 11, 0; part off
    %ix/load 5, 0, 0; Constant delay
    %assign/vec4/a/d v0x555562f8abe0, 4, 5;
T_88.25 ;
    %load/vec4 v0x555562f8afb0_0;
    %parti/s 1, 12, 5;
    %nor/r;
    %flag_set/vec4 8;
    %jmp/0xz  T_88.27, 8;
    %load/vec4 v0x555562f9c720_0;
    %parti/s 1, 12, 5;
    %load/vec4 v0x555562fae560_0;
    %parti/s 8, 0, 2;
    %pad/u 10;
    %ix/vec4 3;
    %ix/load 4, 12, 0; part off
    %ix/load 5, 0, 0; Constant delay
    %assign/vec4/a/d v0x555562f8abe0, 4, 5;
T_88.27 ;
    %load/vec4 v0x555562f8afb0_0;
    %parti/s 1, 13, 5;
    %nor/r;
    %flag_set/vec4 8;
    %jmp/0xz  T_88.29, 8;
    %load/vec4 v0x555562f9c720_0;
    %parti/s 1, 13, 5;
    %load/vec4 v0x555562fae560_0;
    %parti/s 8, 0, 2;
    %pad/u 10;
    %ix/vec4 3;
    %ix/load 4, 13, 0; part off
    %ix/load 5, 0, 0; Constant delay
    %assign/vec4/a/d v0x555562f8abe0, 4, 5;
T_88.29 ;
    %load/vec4 v0x555562f8afb0_0;
    %parti/s 1, 14, 5;
    %nor/r;
    %flag_set/vec4 8;
    %jmp/0xz  T_88.31, 8;
    %load/vec4 v0x555562f9c720_0;
    %parti/s 1, 14, 5;
    %load/vec4 v0x555562fae560_0;
    %parti/s 8, 0, 2;
    %pad/u 10;
    %ix/vec4 3;
    %ix/load 4, 14, 0; part off
    %ix/load 5, 0, 0; Constant delay
    %assign/vec4/a/d v0x555562f8abe0, 4, 5;
T_88.31 ;
    %load/vec4 v0x555562f8afb0_0;
    %parti/s 1, 15, 5;
    %nor/r;
    %flag_set/vec4 8;
    %jmp/0xz  T_88.33, 8;
    %load/vec4 v0x555562f9c720_0;
    %parti/s 1, 15, 5;
    %load/vec4 v0x555562fae560_0;
    %parti/s 8, 0, 2;
    %pad/u 10;
    %ix/vec4 3;
    %ix/load 4, 15, 0; part off
    %ix/load 5, 0, 0; Constant delay
    %assign/vec4/a/d v0x555562f8abe0, 4, 5;
T_88.33 ;
T_88.0 ;
    %jmp T_88;
    .thread T_88;
    .scope S_0x555562ffcdf0;
T_89 ;
    %wait E_0x555562ff08b0;
    %load/vec4 v0x555562fae950_0;
    %flag_set/vec4 9;
    %flag_get/vec4 9;
    %jmp/0 T_89.2, 9;
    %load/vec4 v0x55556302ece0_0;
    %and;
T_89.2;
    %flag_set/vec4 8;
    %jmp/0xz  T_89.0, 8;
    %load/vec4 v0x55556301d970_0;
    %parti/s 8, 0, 2;
    %pad/u 10;
    %ix/vec4 4;
    %load/vec4a v0x555562f8abe0, 4;
    %load/vec4 v0x555562fae480_0;
    %inv;
    %and;
    %assign/vec4 v0x555562fae870_0, 0;
T_89.0 ;
    %jmp T_89;
    .thread T_89;
    .scope S_0x555562f5e010;
T_90 ;
    %pushi/vec4 0, 0, 32;
    %store/vec4 v0x555562fe1d30_0, 0, 32;
T_90.0 ; Top of for-loop 
    %load/vec4 v0x555562fe1d30_0;
    %cmpi/s 16, 0, 32;
    %jmp/0xz T_90.1, 5;
    %pushi/vec4 0, 0, 256;
    %load/vec4 v0x555562fe1d30_0;
    %muli 16, 0, 32;
    %part/s 16;
    %pushi/vec4 0, 0, 32;
    %load/vec4 v0x555562fe1d30_0;
    %add;
    %ix/vec4/s 4;
    %store/vec4a v0x555562fe1e10, 4, 0;
    %pushi/vec4 0, 0, 256;
    %load/vec4 v0x555562fe1d30_0;
    %muli 16, 0, 32;
    %part/s 16;
    %pushi/vec4 16, 0, 32;
    %load/vec4 v0x555562fe1d30_0;
    %add;
    %ix/vec4/s 4;
    %store/vec4a v0x555562fe1e10, 4, 0;
    %pushi/vec4 0, 0, 256;
    %load/vec4 v0x555562fe1d30_0;
    %muli 16, 0, 32;
    %part/s 16;
    %pushi/vec4 32, 0, 32;
    %load/vec4 v0x555562fe1d30_0;
    %add;
    %ix/vec4/s 4;
    %store/vec4a v0x555562fe1e10, 4, 0;
    %pushi/vec4 0, 0, 256;
    %load/vec4 v0x555562fe1d30_0;
    %muli 16, 0, 32;
    %part/s 16;
    %pushi/vec4 48, 0, 32;
    %load/vec4 v0x555562fe1d30_0;
    %add;
    %ix/vec4/s 4;
    %store/vec4a v0x555562fe1e10, 4, 0;
    %pushi/vec4 0, 0, 256;
    %load/vec4 v0x555562fe1d30_0;
    %muli 16, 0, 32;
    %part/s 16;
    %pushi/vec4 64, 0, 32;
    %load/vec4 v0x555562fe1d30_0;
    %add;
    %ix/vec4/s 4;
    %store/vec4a v0x555562fe1e10, 4, 0;
    %pushi/vec4 0, 0, 256;
    %load/vec4 v0x555562fe1d30_0;
    %muli 16, 0, 32;
    %part/s 16;
    %pushi/vec4 80, 0, 32;
    %load/vec4 v0x555562fe1d30_0;
    %add;
    %ix/vec4/s 4;
    %store/vec4a v0x555562fe1e10, 4, 0;
    %pushi/vec4 0, 0, 256;
    %load/vec4 v0x555562fe1d30_0;
    %muli 16, 0, 32;
    %part/s 16;
    %pushi/vec4 96, 0, 32;
    %load/vec4 v0x555562fe1d30_0;
    %add;
    %ix/vec4/s 4;
    %store/vec4a v0x555562fe1e10, 4, 0;
    %pushi/vec4 0, 0, 256;
    %load/vec4 v0x555562fe1d30_0;
    %muli 16, 0, 32;
    %part/s 16;
    %pushi/vec4 112, 0, 32;
    %load/vec4 v0x555562fe1d30_0;
    %add;
    %ix/vec4/s 4;
    %store/vec4a v0x555562fe1e10, 4, 0;
    %pushi/vec4 0, 0, 256;
    %load/vec4 v0x555562fe1d30_0;
    %muli 16, 0, 32;
    %part/s 16;
    %pushi/vec4 128, 0, 32;
    %load/vec4 v0x555562fe1d30_0;
    %add;
    %ix/vec4/s 4;
    %store/vec4a v0x555562fe1e10, 4, 0;
    %pushi/vec4 0, 0, 256;
    %load/vec4 v0x555562fe1d30_0;
    %muli 16, 0, 32;
    %part/s 16;
    %pushi/vec4 144, 0, 32;
    %load/vec4 v0x555562fe1d30_0;
    %add;
    %ix/vec4/s 4;
    %store/vec4a v0x555562fe1e10, 4, 0;
    %pushi/vec4 0, 0, 256;
    %load/vec4 v0x555562fe1d30_0;
    %muli 16, 0, 32;
    %part/s 16;
    %pushi/vec4 160, 0, 32;
    %load/vec4 v0x555562fe1d30_0;
    %add;
    %ix/vec4/s 4;
    %store/vec4a v0x555562fe1e10, 4, 0;
    %pushi/vec4 0, 0, 256;
    %load/vec4 v0x555562fe1d30_0;
    %muli 16, 0, 32;
    %part/s 16;
    %pushi/vec4 176, 0, 32;
    %load/vec4 v0x555562fe1d30_0;
    %add;
    %ix/vec4/s 4;
    %store/vec4a v0x555562fe1e10, 4, 0;
    %pushi/vec4 0, 0, 256;
    %load/vec4 v0x555562fe1d30_0;
    %muli 16, 0, 32;
    %part/s 16;
    %pushi/vec4 192, 0, 32;
    %load/vec4 v0x555562fe1d30_0;
    %add;
    %ix/vec4/s 4;
    %store/vec4a v0x555562fe1e10, 4, 0;
    %pushi/vec4 0, 0, 256;
    %load/vec4 v0x555562fe1d30_0;
    %muli 16, 0, 32;
    %part/s 16;
    %pushi/vec4 208, 0, 32;
    %load/vec4 v0x555562fe1d30_0;
    %add;
    %ix/vec4/s 4;
    %store/vec4a v0x555562fe1e10, 4, 0;
    %pushi/vec4 0, 0, 256;
    %load/vec4 v0x555562fe1d30_0;
    %muli 16, 0, 32;
    %part/s 16;
    %pushi/vec4 224, 0, 32;
    %load/vec4 v0x555562fe1d30_0;
    %add;
    %ix/vec4/s 4;
    %store/vec4a v0x555562fe1e10, 4, 0;
    %pushi/vec4 0, 0, 256;
    %load/vec4 v0x555562fe1d30_0;
    %muli 16, 0, 32;
    %part/s 16;
    %pushi/vec4 240, 0, 32;
    %load/vec4 v0x555562fe1d30_0;
    %add;
    %ix/vec4/s 4;
    %store/vec4a v0x555562fe1e10, 4, 0;
T_90.2 ; for-loop step statement
    %load/vec4 v0x555562fe1d30_0;
    %addi 1, 0, 32;
    %store/vec4 v0x555562fe1d30_0, 0, 32;
    %jmp T_90.0;
T_90.1 ; for-loop exit label
    %end;
    .thread T_90;
    .scope S_0x555562f5e010;
T_91 ;
    %wait E_0x555562ff1ed0;
    %load/vec4 v0x55556303b690_0;
    %flag_set/vec4 9;
    %flag_get/vec4 9;
    %jmp/0 T_91.2, 9;
    %load/vec4 v0x55556302dcd0_0;
    %and;
T_91.2;
    %flag_set/vec4 8;
    %jmp/0xz  T_91.0, 8;
    %load/vec4 v0x55556303b750_0;
    %parti/s 1, 0, 2;
    %nor/r;
    %flag_set/vec4 8;
    %jmp/0xz  T_91.3, 8;
    %load/vec4 v0x55556303c760_0;
    %parti/s 1, 0, 2;
    %load/vec4 v0x555563032420_0;
    %parti/s 8, 0, 2;
    %pad/u 10;
    %ix/vec4 3;
    %ix/load 4, 0, 0; Constant delay
    %assign/vec4/a/d v0x555562fe1e10, 0, 4;
T_91.3 ;
    %load/vec4 v0x55556303b750_0;
    %parti/s 1, 1, 2;
    %nor/r;
    %flag_set/vec4 8;
    %jmp/0xz  T_91.5, 8;
    %load/vec4 v0x55556303c760_0;
    %parti/s 1, 1, 2;
    %load/vec4 v0x555563032420_0;
    %parti/s 8, 0, 2;
    %pad/u 10;
    %ix/vec4 3;
    %ix/load 4, 1, 0; part off
    %ix/load 5, 0, 0; Constant delay
    %assign/vec4/a/d v0x555562fe1e10, 4, 5;
T_91.5 ;
    %load/vec4 v0x55556303b750_0;
    %parti/s 1, 2, 3;
    %nor/r;
    %flag_set/vec4 8;
    %jmp/0xz  T_91.7, 8;
    %load/vec4 v0x55556303c760_0;
    %parti/s 1, 2, 3;
    %load/vec4 v0x555563032420_0;
    %parti/s 8, 0, 2;
    %pad/u 10;
    %ix/vec4 3;
    %ix/load 4, 2, 0; part off
    %ix/load 5, 0, 0; Constant delay
    %assign/vec4/a/d v0x555562fe1e10, 4, 5;
T_91.7 ;
    %load/vec4 v0x55556303b750_0;
    %parti/s 1, 3, 3;
    %nor/r;
    %flag_set/vec4 8;
    %jmp/0xz  T_91.9, 8;
    %load/vec4 v0x55556303c760_0;
    %parti/s 1, 3, 3;
    %load/vec4 v0x555563032420_0;
    %parti/s 8, 0, 2;
    %pad/u 10;
    %ix/vec4 3;
    %ix/load 4, 3, 0; part off
    %ix/load 5, 0, 0; Constant delay
    %assign/vec4/a/d v0x555562fe1e10, 4, 5;
T_91.9 ;
    %load/vec4 v0x55556303b750_0;
    %parti/s 1, 4, 4;
    %nor/r;
    %flag_set/vec4 8;
    %jmp/0xz  T_91.11, 8;
    %load/vec4 v0x55556303c760_0;
    %parti/s 1, 4, 4;
    %load/vec4 v0x555563032420_0;
    %parti/s 8, 0, 2;
    %pad/u 10;
    %ix/vec4 3;
    %ix/load 4, 4, 0; part off
    %ix/load 5, 0, 0; Constant delay
    %assign/vec4/a/d v0x555562fe1e10, 4, 5;
T_91.11 ;
    %load/vec4 v0x55556303b750_0;
    %parti/s 1, 5, 4;
    %nor/r;
    %flag_set/vec4 8;
    %jmp/0xz  T_91.13, 8;
    %load/vec4 v0x55556303c760_0;
    %parti/s 1, 5, 4;
    %load/vec4 v0x555563032420_0;
    %parti/s 8, 0, 2;
    %pad/u 10;
    %ix/vec4 3;
    %ix/load 4, 5, 0; part off
    %ix/load 5, 0, 0; Constant delay
    %assign/vec4/a/d v0x555562fe1e10, 4, 5;
T_91.13 ;
    %load/vec4 v0x55556303b750_0;
    %parti/s 1, 6, 4;
    %nor/r;
    %flag_set/vec4 8;
    %jmp/0xz  T_91.15, 8;
    %load/vec4 v0x55556303c760_0;
    %parti/s 1, 6, 4;
    %load/vec4 v0x555563032420_0;
    %parti/s 8, 0, 2;
    %pad/u 10;
    %ix/vec4 3;
    %ix/load 4, 6, 0; part off
    %ix/load 5, 0, 0; Constant delay
    %assign/vec4/a/d v0x555562fe1e10, 4, 5;
T_91.15 ;
    %load/vec4 v0x55556303b750_0;
    %parti/s 1, 7, 4;
    %nor/r;
    %flag_set/vec4 8;
    %jmp/0xz  T_91.17, 8;
    %load/vec4 v0x55556303c760_0;
    %parti/s 1, 7, 4;
    %load/vec4 v0x555563032420_0;
    %parti/s 8, 0, 2;
    %pad/u 10;
    %ix/vec4 3;
    %ix/load 4, 7, 0; part off
    %ix/load 5, 0, 0; Constant delay
    %assign/vec4/a/d v0x555562fe1e10, 4, 5;
T_91.17 ;
    %load/vec4 v0x55556303b750_0;
    %parti/s 1, 8, 5;
    %nor/r;
    %flag_set/vec4 8;
    %jmp/0xz  T_91.19, 8;
    %load/vec4 v0x55556303c760_0;
    %parti/s 1, 8, 5;
    %load/vec4 v0x555563032420_0;
    %parti/s 8, 0, 2;
    %pad/u 10;
    %ix/vec4 3;
    %ix/load 4, 8, 0; part off
    %ix/load 5, 0, 0; Constant delay
    %assign/vec4/a/d v0x555562fe1e10, 4, 5;
T_91.19 ;
    %load/vec4 v0x55556303b750_0;
    %parti/s 1, 9, 5;
    %nor/r;
    %flag_set/vec4 8;
    %jmp/0xz  T_91.21, 8;
    %load/vec4 v0x55556303c760_0;
    %parti/s 1, 9, 5;
    %load/vec4 v0x555563032420_0;
    %parti/s 8, 0, 2;
    %pad/u 10;
    %ix/vec4 3;
    %ix/load 4, 9, 0; part off
    %ix/load 5, 0, 0; Constant delay
    %assign/vec4/a/d v0x555562fe1e10, 4, 5;
T_91.21 ;
    %load/vec4 v0x55556303b750_0;
    %parti/s 1, 10, 5;
    %nor/r;
    %flag_set/vec4 8;
    %jmp/0xz  T_91.23, 8;
    %load/vec4 v0x55556303c760_0;
    %parti/s 1, 10, 5;
    %load/vec4 v0x555563032420_0;
    %parti/s 8, 0, 2;
    %pad/u 10;
    %ix/vec4 3;
    %ix/load 4, 10, 0; part off
    %ix/load 5, 0, 0; Constant delay
    %assign/vec4/a/d v0x555562fe1e10, 4, 5;
T_91.23 ;
    %load/vec4 v0x55556303b750_0;
    %parti/s 1, 11, 5;
    %nor/r;
    %flag_set/vec4 8;
    %jmp/0xz  T_91.25, 8;
    %load/vec4 v0x55556303c760_0;
    %parti/s 1, 11, 5;
    %load/vec4 v0x555563032420_0;
    %parti/s 8, 0, 2;
    %pad/u 10;
    %ix/vec4 3;
    %ix/load 4, 11, 0; part off
    %ix/load 5, 0, 0; Constant delay
    %assign/vec4/a/d v0x555562fe1e10, 4, 5;
T_91.25 ;
    %load/vec4 v0x55556303b750_0;
    %parti/s 1, 12, 5;
    %nor/r;
    %flag_set/vec4 8;
    %jmp/0xz  T_91.27, 8;
    %load/vec4 v0x55556303c760_0;
    %parti/s 1, 12, 5;
    %load/vec4 v0x555563032420_0;
    %parti/s 8, 0, 2;
    %pad/u 10;
    %ix/vec4 3;
    %ix/load 4, 12, 0; part off
    %ix/load 5, 0, 0; Constant delay
    %assign/vec4/a/d v0x555562fe1e10, 4, 5;
T_91.27 ;
    %load/vec4 v0x55556303b750_0;
    %parti/s 1, 13, 5;
    %nor/r;
    %flag_set/vec4 8;
    %jmp/0xz  T_91.29, 8;
    %load/vec4 v0x55556303c760_0;
    %parti/s 1, 13, 5;
    %load/vec4 v0x555563032420_0;
    %parti/s 8, 0, 2;
    %pad/u 10;
    %ix/vec4 3;
    %ix/load 4, 13, 0; part off
    %ix/load 5, 0, 0; Constant delay
    %assign/vec4/a/d v0x555562fe1e10, 4, 5;
T_91.29 ;
    %load/vec4 v0x55556303b750_0;
    %parti/s 1, 14, 5;
    %nor/r;
    %flag_set/vec4 8;
    %jmp/0xz  T_91.31, 8;
    %load/vec4 v0x55556303c760_0;
    %parti/s 1, 14, 5;
    %load/vec4 v0x555563032420_0;
    %parti/s 8, 0, 2;
    %pad/u 10;
    %ix/vec4 3;
    %ix/load 4, 14, 0; part off
    %ix/load 5, 0, 0; Constant delay
    %assign/vec4/a/d v0x555562fe1e10, 4, 5;
T_91.31 ;
    %load/vec4 v0x55556303b750_0;
    %parti/s 1, 15, 5;
    %nor/r;
    %flag_set/vec4 8;
    %jmp/0xz  T_91.33, 8;
    %load/vec4 v0x55556303c760_0;
    %parti/s 1, 15, 5;
    %load/vec4 v0x555563032420_0;
    %parti/s 8, 0, 2;
    %pad/u 10;
    %ix/vec4 3;
    %ix/load 4, 15, 0; part off
    %ix/load 5, 0, 0; Constant delay
    %assign/vec4/a/d v0x555562fe1e10, 4, 5;
T_91.33 ;
T_91.0 ;
    %jmp T_91;
    .thread T_91;
    .scope S_0x555562f5e010;
T_92 ;
    %wait E_0x555562ff1b10;
    %load/vec4 v0x5555630246e0_0;
    %flag_set/vec4 9;
    %flag_get/vec4 9;
    %jmp/0 T_92.2, 9;
    %load/vec4 v0x555562feb950_0;
    %and;
T_92.2;
    %flag_set/vec4 8;
    %jmp/0xz  T_92.0, 8;
    %load/vec4 v0x555562fed900_0;
    %parti/s 8, 0, 2;
    %pad/u 10;
    %ix/vec4 4;
    %load/vec4a v0x555562fe1e10, 4;
    %load/vec4 v0x555563032340_0;
    %inv;
    %and;
    %assign/vec4 v0x555563024620_0, 0;
T_92.0 ;
    %jmp T_92;
    .thread T_92;
    .scope S_0x555562fde040;
T_93 ;
    %wait E_0x555562ff25c0;
    %pushi/vec4 0, 0, 32;
    %store/vec4 v0x555562f6e330_0, 0, 32;
T_93.0 ; Top of for-loop 
    %load/vec4 v0x555562f6e330_0;
    %cmpi/s 16383, 0, 32;
    %flag_or 5, 4;
    %jmp/0xz T_93.1, 5;
    %pushi/vec4 65535, 65535, 16;
    %ix/getv/s 4, v0x555562f6e330_0;
    %store/vec4a v0x555562f6e410, 4, 0;
T_93.2 ; for-loop step statement
    %load/vec4 v0x555562f6e330_0;
    %addi 1, 0, 32;
    %store/vec4 v0x555562f6e330_0, 0, 32;
    %jmp T_93.0;
T_93.1 ; for-loop exit label
    %jmp T_93;
    .thread T_93;
    .scope S_0x555562fde040;
T_94 ;
    %wait E_0x555562ff2260;
    %load/vec4 v0x555562f7f1a0_0;
    %flag_set/vec4 8;
    %jmp/0xz  T_94.0, 8;
    %pushi/vec4 0, 0, 16;
    %assign/vec4 v0x555562f6f190_0, 0;
    %jmp T_94.1;
T_94.0 ;
    %load/vec4 v0x555562f84c70_0;
    %flag_set/vec4 8;
    %jmp/0xz  T_94.2, 8;
    %pushi/vec4 65535, 65535, 16;
    %assign/vec4 v0x555562f6f190_0, 0;
    %jmp T_94.3;
T_94.2 ;
    %load/vec4 v0x555562f6fe30_0;
    %flag_set/vec4 8;
    %jmp/0xz  T_94.4, 8;
    %load/vec4 v0x555562f804c0_0;
    %nor/r;
    %flag_set/vec4 8;
    %jmp/0xz  T_94.6, 8;
    %load/vec4 v0x555562f74bb0_0;
    %pad/u 16;
    %ix/vec4 4;
    %load/vec4a v0x555562f6e410, 4;
    %assign/vec4 v0x555562f6f190_0, 0;
    %jmp T_94.7;
T_94.6 ;
    %load/vec4 v0x555562f6c4a0_0;
    %parti/s 1, 0, 2;
    %flag_set/vec4 8;
    %jmp/0xz  T_94.8, 8;
    %load/vec4 v0x555562f6f0b0_0;
    %parti/s 4, 0, 2;
    %load/vec4 v0x555562f74bb0_0;
    %pad/u 16;
    %ix/vec4 3;
    %ix/load 4, 0, 0; Constant delay
    %assign/vec4/a/d v0x555562f6e410, 0, 4;
T_94.8 ;
    %load/vec4 v0x555562f6c4a0_0;
    %parti/s 1, 1, 2;
    %flag_set/vec4 8;
    %jmp/0xz  T_94.10, 8;
    %load/vec4 v0x555562f6f0b0_0;
    %parti/s 4, 4, 4;
    %load/vec4 v0x555562f74bb0_0;
    %pad/u 16;
    %ix/vec4 3;
    %ix/load 4, 4, 0; part off
    %ix/load 5, 0, 0; Constant delay
    %assign/vec4/a/d v0x555562f6e410, 4, 5;
T_94.10 ;
    %load/vec4 v0x555562f6c4a0_0;
    %parti/s 1, 2, 3;
    %flag_set/vec4 8;
    %jmp/0xz  T_94.12, 8;
    %load/vec4 v0x555562f6f0b0_0;
    %parti/s 4, 8, 5;
    %load/vec4 v0x555562f74bb0_0;
    %pad/u 16;
    %ix/vec4 3;
    %ix/load 4, 8, 0; part off
    %ix/load 5, 0, 0; Constant delay
    %assign/vec4/a/d v0x555562f6e410, 4, 5;
T_94.12 ;
    %load/vec4 v0x555562f6c4a0_0;
    %parti/s 1, 3, 3;
    %flag_set/vec4 8;
    %jmp/0xz  T_94.14, 8;
    %load/vec4 v0x555562f6f0b0_0;
    %parti/s 4, 12, 5;
    %load/vec4 v0x555562f74bb0_0;
    %pad/u 16;
    %ix/vec4 3;
    %ix/load 4, 12, 0; part off
    %ix/load 5, 0, 0; Constant delay
    %assign/vec4/a/d v0x555562f6e410, 4, 5;
T_94.14 ;
    %pushi/vec4 65535, 65535, 16;
    %assign/vec4 v0x555562f6f190_0, 0;
T_94.7 ;
T_94.4 ;
T_94.3 ;
T_94.1 ;
    %jmp T_94;
    .thread T_94;
    .scope S_0x555562fd5160;
T_95 ;
    %pushi/vec4 0, 0, 1;
    %store/vec4 v0x555563030c00_0, 0, 1;
    %end;
    .thread T_95;
    .scope S_0x555562fd5160;
T_96 ;
    %wait E_0x555562feeb40;
    %load/vec4 v0x555563000600_0;
    %assign/vec4 v0x555563030c00_0, 0;
    %jmp T_96;
    .thread T_96;
    .scope S_0x555562fcea10;
T_97 ;
    %pushi/vec4 0, 0, 1;
    %store/vec4 v0x555563013c20_0, 0, 1;
    %end;
    .thread T_97;
    .scope S_0x555562fcea10;
T_98 ;
    %wait E_0x555563028b70;
    %load/vec4 v0x55556300c080_0;
    %assign/vec4 v0x555563013c20_0, 0;
    %jmp T_98;
    .thread T_98;
    .scope S_0x555562ff3d70;
T_99 ;
    %pushi/vec4 0, 0, 1;
    %store/vec4 v0x555562feee10_0, 0, 1;
    %end;
    .thread T_99;
    .scope S_0x555562ff3d70;
T_100 ;
    %wait E_0x555562fc5d20;
    %load/vec4 v0x555562ff6d60_0;
    %assign/vec4 v0x555562feee10_0, 0;
    %jmp T_100;
    .thread T_100;
    .scope S_0x555563079780;
T_101 ;
    %pushi/vec4 0, 0, 1;
    %store/vec4 v0x555563079b80_0, 0, 1;
    %end;
    .thread T_101;
    .scope S_0x555563079780;
T_102 ;
    %wait E_0x555562c00360;
    %load/vec4 v0x555563079a40_0;
    %assign/vec4 v0x555563079b80_0, 0;
    %jmp T_102;
    .thread T_102;
    .scope S_0x55556307a330;
T_103 ;
    %pushi/vec4 0, 0, 1;
    %store/vec4 v0x55556307a730_0, 0, 1;
    %end;
    .thread T_103;
    .scope S_0x55556307a330;
T_104 ;
    %wait E_0x555562cfe490;
    %load/vec4 v0x55556307a5f0_0;
    %assign/vec4 v0x55556307a730_0, 0;
    %jmp T_104;
    .thread T_104;
    .scope S_0x5555630771a0;
T_105 ;
    %pushi/vec4 0, 0, 1;
    %store/vec4 v0x5555630775a0_0, 0, 1;
    %end;
    .thread T_105;
    .scope S_0x5555630771a0;
T_106 ;
    %wait E_0x555562c53c60;
    %load/vec4 v0x555563077460_0;
    %assign/vec4 v0x5555630775a0_0, 0;
    %jmp T_106;
    .thread T_106;
    .scope S_0x55556307b710;
T_107 ;
    %pushi/vec4 0, 0, 1;
    %store/vec4 v0x55556307bb10_0, 0, 1;
    %end;
    .thread T_107;
    .scope S_0x55556307b710;
T_108 ;
    %wait E_0x555562d28d40;
    %load/vec4 v0x55556307b9d0_0;
    %assign/vec4 v0x55556307bb10_0, 0;
    %jmp T_108;
    .thread T_108;
    .scope S_0x555563076680;
T_109 ;
    %pushi/vec4 0, 0, 1;
    %store/vec4 v0x555563076a80_0, 0, 1;
    %end;
    .thread T_109;
    .scope S_0x555563076680;
T_110 ;
    %wait E_0x555562d446d0;
    %load/vec4 v0x555563076940_0;
    %assign/vec4 v0x555563076a80_0, 0;
    %jmp T_110;
    .thread T_110;
    .scope S_0x55556307c230;
T_111 ;
    %pushi/vec4 0, 0, 1;
    %store/vec4 v0x55556307c670_0, 0, 1;
    %end;
    .thread T_111;
    .scope S_0x55556307c230;
T_112 ;
    %wait E_0x555562f44d40;
    %load/vec4 v0x55556307c510_0;
    %assign/vec4 v0x55556307c670_0, 0;
    %jmp T_112;
    .thread T_112;
    .scope S_0x55556307db00;
T_113 ;
    %pushi/vec4 0, 0, 1;
    %store/vec4 v0x55556307e180_0, 0, 1;
    %end;
    .thread T_113;
    .scope S_0x55556307db00;
T_114 ;
    %wait E_0x55556307deb0;
    %load/vec4 v0x55556307dff0_0;
    %assign/vec4 v0x55556307e180_0, 0;
    %jmp T_114;
    .thread T_114;
    .scope S_0x555563078c60;
T_115 ;
    %pushi/vec4 0, 0, 1;
    %store/vec4 v0x555563079060_0, 0, 1;
    %end;
    .thread T_115;
    .scope S_0x555563078c60;
T_116 ;
    %wait E_0x555562ce3fe0;
    %load/vec4 v0x555563078f20_0;
    %assign/vec4 v0x555563079060_0, 0;
    %jmp T_116;
    .thread T_116;
# The file index is used to find the file name in the following table.
:file_names 4;
    "N/A";
    "<interactive>";
    "/home/jfe/.icestudio/apio/packages/tools-oss-cad-suite/share/yosys/ice40/cells_sim.v";
    "main.v";
