Frequency (Hz),Trace 1 (dBV),Phase (deg),Trace 2 (dBV),Phase (deg)
0,-76.31019357672186,180,-76.79019167858064,0
24.4140625,-67.80881244999759,-61.30155265154959,-76.54150638865934,-170.2547889312658
48.828125,-63.9952801357187,102.1696974472456,-78.71909746566571,15.7757635464266
73.2421875,-65.20192273915627,-90.32643758036298,-85.72771700533437,-159.6695636414302
97.65625,-71.88958581280299,95.92383090200877,-95.54133351165787,12.1075461559541
122.0703125,-82.29962063947804,30.37422873221891,-101.3342396291035,77.16799112717513
146.484375,-71.47202234597658,-94.07781751397125,-90.51471805499887,-153.4899036973439
170.8984375,-67.10181181909003,97.50803742341107,-87.0627772192273,23.63459223267043
195.3125,-68.04865849591518,-60.17189337044714,-85.41832225453759,-137.9381094262366
219.7265625,-68.47701478320492,175.9760350388212,-83.44128355679432,51.65372265197878
244.140625,-64.77001295417864,26.50231909694163,-81.85172874083712,-119.0632527906168
268.5546875,-63.20906860977004,-129.6699498900399,-80.91706086472327,76.18061608139321
292.96875,-62.93372062653144,77.26083052400394,-82.84701435032542,-94.78812845821594
317.3828125,-65.63562777611645,-90.62872034835232,-88.18049926017568,87.86215071741276
341.796875,-78.40145791808504,120.2809198691635,-100.1308186476607,-100.6249542348696
366.2109375,-68.35831820222512,67.57717736210282,-91.11375325092494,-70.74374828195518
390.625,-63.30385874935247,-95.68973821808487,-83.78373873173916,108.7144795306653
415.0390625,-63.06751265754924,88.89717902835744,-82.16082728149408,-78.70507095326573
439.453125,-66.42630227457276,-109.5634964905005,-82.9023542429841,82.7001402749062
463.8671875,-69.71154626378447,19.75672349085549,-83.45437585866975,-122.8606371854135
488.28125,-67.48906611612118,154.5617686348253,-84.57155853393907,25.77804802872284
512.6953125,-67.16215379557077,-29.33142424926945,-85.96994890523084,168.5666090876786
537.109375,-70.39647832218351,171.6068770657117,-88.19174595137427,-17.54556933830106
561.5234375,-72.61191204789208,29.01803715855801,-90.28720819530251,178.6010859237946
585.9375,-75.05203259684242,-122.28202883548,-90.4836668006115,-10.783278381734
610.3515625,-80.62967478949604,-170.0742004041542,-90.692641520834,163.7503987888109
634.765625,-67.43762988729007,62.13412996112793,-90.84960403511022,-40.85961489749479
659.1796875,-62.91476762986939,-107.7609806384822,-85.55261672314299,106.4085387768523
683.59375,-60.52433418672902,77.37163211801408,-83.67441385151027,-88.46413063635987
708.0078125,-60.93213928327156,-99.72811716394034,-85.03308449804297,77.3476745180977
732.421875,-65.72790858922019,80.74028719162611,-89.10201218478436,-111.3375792040045
756.8359375,-82.69049871079561,-143.9378590683005,-102.1252203117847,-3.862058271848982
781.25,-69.8716983573476,-67.78806702699426,-89.82331124366573,115.9409739796475
805.6640625,-63.8295949849309,115.4693310332309,-87.47733175539516,-60.23496500671927
830.078125,-65.23854190292876,-60.4633892861351,-88.76727699293622,125.0984439696638
854.4921875,-73.83404344583161,144.8934428493252,-95.81007293290234,-40.40854216884109
878.90625,-72.22375959032226,49.75314835151946,-96.73535465615603,-116.9102354416404
903.3203125,-28.1704180551455,-71.07862363364386,-58.83842607541545,-52.45295864919355
927.734375,-6.160022004229755,109.3116369113614,-36.62886018531847,126.7924187826324
952.1484375,3.921977467928764,-70.64588723646736,-26.52957973609894,-53.17896784755902
976.5625,7.216128734993973,109.3780230730098,-23.22960821546513,126.8564798161783
1000.9765625,7.478565293245886,-70.60023406657925,-22.96236923364326,-53.11402260247614
1025.390625,7.116563396552626,109.4224420448775,-23.32160258519805,126.9310853388419
1049.8046875,3.40310089497516,-70.55764388153634,-27.03105469109854,-52.99364663140522
1074.21875,-7.402547650428143,109.4427927674598,-37.82213687577745,127.278139951954
1098.6328125,-31.16831020988494,-70.95835247341802,-61.65287935647615,-47.68597776278062
1123.046875,-74.17713362038354,-25.55878456679304,-81.45376235692807,-102.4675006700211
1147.4609375,-75.20172443684166,-89.11913321402432,-82.80579645617914,96.40513864293619
1171.875,-65.46385319447228,102.684321553368,-88.94957245042248,-57.72427148944972
1196.2890625,-64.49458030469059,-76.38991702692819,-90.12367769680894,-145.5014080032261
1220.703125,-72.08921452195281,99.56159031479405,-86.42540351854821,52.43652193172245
1245.1171875,-74.58447475264708,162.0365147534447,-86.2017680209098,-116.5869748533641
1269.53125,-63.62073303708111,-37.85528178458956,-89.70563981357691,65.56575028926306
1293.9453125,-60.01860017124596,141.4428486930764,-109.0392070187134,131.7278335123833
1318.359375,-60.03717661842791,-36.17715462116472,-91.37342549701867,-126.4994107006886
1342.7734375,-62.51339073249439,148.3573683045385,-88.7274751283741,36.71666526066216
1367.1875,-67.37735303332782,-26.06993409694719,-90.0880937205509,-158.4192456313081
1391.6015625,-89.0157976381405,166.9566783440746,-91.61486780266389,-4.28757494435013
1416.015625,-73.33460387969082,179.2502916736927,-96.55159009276994,163.0450774221799
1440.4296875,-70.87853831631222,13.51666082484386,-93.73385511806561,-153.7250974050807
1464.84375,-69.04190018445506,-137.9370734382216,-85.86437035885967,16.50387077976197
1489.2578125,-66.68051693399883,62.58506669716515,-84.98222853854372,-177.8252568041975
1513.671875,-67.32657020533725,-120.1593925853428,-84.35785071187298,-9.710213260225814
1538.0859375,-69.47503566447723,18.56608926974632,-84.56286638107858,164.7784153051823
1562.5,-67.11690267534645,147.8157306578686,-87.69035326264301,-39.95301208918331
1586.9140625,-63.84514366562298,-53.51652678387224,-93.61291608100565,118.3305195712993
1611.328125,-64.29396029411051,131.4526451882831,-97.15831097703125,64.11171716802737
1635.7421875,-70.16209529208901,-32.7442890008266,-87.561670893566,-90.18787540862937
1660.15625,-76.73092903243781,-62.60315592311654,-84.43410275045738,85.14791698396586
1684.5703125,-65.3948491735042,130.8071106938774,-84.65334976879639,-104.6318170983781
1708.984375,-63.09603393367023,-36.71262370632095,-88.60170424097147,86.68002261739784
1733.3984375,-63.41393424224081,169.4474138465357,-89.95755472050459,-42.46742762233931
1757.8125,-64.91367189984706,11.03356504844022,-83.87045970952181,165.1712426286966
1782.2265625,-68.04178597922902,-139.658166810303,-79.44774930871225,-8.00124583601742
1806.640625,-67.93777744474605,89.91754849278708,-78.54391165183735,173.4967373630476
1831.0546875,-67.84806057535884,-72.8970482139912,-79.72024976631413,-2.819498370300504
1855.46875,-73.11708224496064,104.5389950644196,-81.49664110648317,-170.4243520375502
1879.8828125,-89.12483821090839,-157.471426211907,-84.02068382670562,19.38101637869878
1904.296875,-54.33857865890698,32.32073705960522,-88.26652283133321,-157.7989586453135
1928.7109375,-33.2534188164034,-140.4868394888204,-98.31519269133481,27.5713964170674
1953.125,-23.53882100935403,40.50857174876079,-91.92824186329888,68.93441948061979
1977.5390625,-20.44212172327931,-139.1430831697996,-82.82055667236732,-112.88601068198
2001.953125,-20.2168540468374,41.09577446741673,-78.73088681011852,58.70815822277898
2026.3671875,-20.64112338982802,-138.669417283054,-77.12769067501287,-123.5150055395424
2050.78125,-24.57162637282956,41.72028615384517,-77.46790222531897,63.07127236723496
2075.1953125,-35.73283066376085,-136.9794134984699,-79.03176382135796,-110.9002863868317
2099.609375,-60.89083861652747,55.33317188041664,-81.51352346079071,81.70188254222563
2124.0234375,-77.07466970031652,74.61047693373943,-83.83001699053111,-66.53585666759174
2148.4375,-70.31892445310359,-58.1140844657853,-86.38044948216951,143.7681740289424
2172.8515625,-66.86911808289481,136.0589477691096,-90.06421656980491,-40.66447542469489
2197.265625,-68.04318838027423,-17.26747983068267,-93.45959140881601,105.5334509703324
2221.6796875,-67.86012651160021,-142.112014866184,-96.40242825295246,-129.4977792816993
2246.09375,-64.60196957641801,67.72069377203043,-90.04489480905706,40.03633384412111
2270.5078125,-63.22471535407134,-88.01429775042892,-88.36922744787218,-133.6334024972734
2294.921875,-63.14319116121841,116.7969953499697,-93.19767955884305,25.15092300785277
2319.3359375,-66.37514669004018,-50.63076340235503,-91.59629154089308,147.7260226938365
2343.75,-78.9723010362831,-172.0226871346956,-89.62570671601219,-46.19652602910189
2368.1640625,-67.01531437823806,101.9168650284887,-89.41374994966914,122.2338644167585
2392.578125,-62.79455349071134,-62.5630873231312,-89.20576889567195,-59.56207467590738
2416.9921875,-63.02908596667371,119.6876340131863,-92.91996121468792,101.7713898405407
2441.40625,-66.15613568237833,-81.80450987649088,-93.81208744780297,-153.5208485104393
2465.8203125,-68.28812898904572,52.51682295341163,-88.7573248606533,-2.576697217809834
2490.234375,-66.58339877204931,-163.6970040457601,-84.23854850534518,173.0799253736926
2514.6484375,-66.68494194394088,15.15864709712117,-81.43474060969015,-11.59689773440915
2539.0625,-69.45177854834481,-139.4428902855017,-81.53450781722006,160.9124478128452
2563.4765625,-70.06733995235335,73.57406663391197,-83.38951565862907,-22.52032509612938
2587.890625,-71.85018193946325,-84.97291814408931,-84.6033167781307,153.5935437254788
2612.3046875,-81.11818479642601,-177.8040662844915,-87.44442595278559,-39.09483744372297
2636.71875,-69.61511022781832,95.00272744755887,-97.62146748667536,127.1300682540194
2661.1328125,-64.6626406851468,-71.64674490207689,-110.1556852268572,-140.1490334543905
2685.546875,-61.99397379740292,114.1166001355222,-95.59180317687614,51.71508241175049
2709.9609375,-62.52517545846082,-61.95305565433895,-91.86496577174449,-113.3671867303696
2734.375,-68.03784465956463,121.6036413194051,-88.18104960548237,98.32781547587899
2758.7890625,-90.70508362684762,143.9387325566366,-82.99278128104996,-59.2080952313277
2783.203125,-69.03951903035681,-40.91704020397874,-80.30915478050724,140.8452242379134
2807.6171875,-63.70767492784874,147.4494081957439,-79.91367312819736,-24.06400406132011
2832.03125,-65.31515520900913,-31.29049604117214,-80.36916094304472,163.6639044784337
2856.4453125,-75.42752025475245,159.5725261112105,-81.56016839396644,-11.10956951327774
2880.859375,-74.5143605304189,95.63390106764732,-85.96700327828057,171.7964314997371
2905.2734375,-35.73824318023867,-33.34033108938349,-94.02201161822056,-12.46175824980519
2929.6875,-15.20516000672188,147.3450046842839,-93.57403531083412,178.0392231097401
2954.1015625,-5.811466465417005,-32.59220615238134,-88.58711855250951,4.576341119944007
2978.515625,-2.911812278068466,147.4307309552467,-87.83724855463355,167.2571693446564
3002.9296875,-2.728849240962521,-32.55115927857451,-85.83948799587878,-35.92774741963289
3027.34375,-3.212090305744797,147.4717877675489,-84.75488370828336,143.8463967247127
3051.7578125,-7.368547710504119,-32.51589008756861,-90.26061575786777,-40.05994675071433
3076.171875,-18.93549961393945,147.4155286750847,-110.3677067550847,33.63823053370204
3100.5859375,-44.83565606466389,-34.52083152616445,-93.86076182241359,126.0725450572721
3125,-77.65999657670342,24.71078297852911,-85.86568095620615,-35.09857234697078
3149.4140625,-72.45133788978319,-47.80042528948563,-82.67560425007508,167.3388415540005
3173.828125,-64.921379795223,135.4121359742006,-81.52055192883743,5.701463576543567
3198.2421875,-65.00770351561455,-46.24653450882104,-80.59105412541507,-168.6123389533466
3222.65625,-73.88474522945972,110.4624467209465,-81.85201656080869,15.92571505431152
3247.0703125,-69.96244358359476,-165.4805238156075,-87.57408173880907,-160.6667891495153
3271.484375,-62.09411746568254,-1.205431283884477,-99.08400538464781,-52.35103401243823
3295.8984375,-59.43786421229386,177.1337537236318,-91.95657124926905,52.7311138506188
3320.3125,-59.94644407392787,-0.4818487626071175,-88.18006233954324,-169.8475764383355
3344.7265625,-62.73113495598861,-176.4476003266684,-85.19523606798144,-19.21378533162231
3369.140625,-68.5469795692587,10.79378176418713,-83.91403345570106,139.9385100906489
3393.5546875,-87.041506235453,-66.87201497139901,-83.20774954661802,-48.79549632415476
3417.96875,-74.15505815131128,-162.9508549871242,-84.71565526378973,142.184079090405
3442.3828125,-73.03444399121044,35.38093013419905,-88.76788491936384,0.1984152086935524
3466.796875,-71.88149738049404,-104.9799172662271,-89.96813397388229,-131.8051474872229
3491.2109375,-68.75599364244341,101.2477713481763,-89.07107343199573,63.07664243144471
3515.625,-69.26073331918195,-86.78234540590962,-88.41027995037136,-130.7807010065057
3540.0390625,-70.52118478813316,42.57179572448602,-89.56475897345605,25.03619286532338
3564.453125,-67.17238213612575,174.9088122657688,-93.22787380425504,-167.9329570716447
3588.8671875,-63.92718569899479,-22.74955670658275,-102.1379611153887,20.75383546357187
3613.28125,-64.70978526553971,162.5245581741348,-94.6624616351442,-6.891790695665501
3637.6953125,-71.48612191607087,-6.948626130816889,-87.78519382046981,178.6635374945738
3662.109375,-75.85230692442464,-3.63683349646548,-89.3395742558132,7.570613740256754
3686.5234375,-65.38800976085182,174.1416801996972,-95.49125571606099,-163.9218929222856
3710.9375,-63.16178750897087,5.210611495941319,-99.57519668130516,98.27341652409923
3735.3515625,-63.36781312221267,-150.6415881617589,-89.88667234608474,-71.71672428984576
3759.765625,-65.19758786498625,48.00849052256404,-86.69273874381808,88.28105302924268
3784.1796875,-69.72580572545323,-100.4944038161133,-85.86866074208899,-104.0352017892026
3808.59375,-69.6281347037112,140.3302044138565,-86.41776309963166,82.76175236339772
3833.0078125,-70.08788656171041,-24.75234726650243,-87.70256903040432,-60.52819134036611
3857.421875,-78.1330138612571,151.3929405760826,-85.11090966947778,174.6372708505097
3881.8359375,-81.8149069470351,162.5691605112423,-81.35146775069887,9.340602493927324
3906.25,-52.94500141340877,70.58505406412588,-80.67227234701735,-177.7510997089544
3930.6640625,-33.1017216743695,-102.0276451093546,-81.82323974504256,-13.55377636103364
3955.078125,-24.05415295483593,78.97051202240183,-82.6728291732241,142.8031996788779
3979.4921875,-21.33689874831997,-100.6817321789058,-83.99100996235474,-59.05243216748541
4003.90625,-21.17931203227457,79.55966000860698,-87.1724807204844,100.6288202346422
4028.3203125,-21.7345699083662,-100.2055908380947,-92.66944633347146,-95.71986650359759
4052.734375,-26.1136527174856,80.19812257889885,-109.774337026254,93.57048015479033
4077.1484375,-38.0285056901844,-98.38958568561624,-97.52648701329181,26.2370565541482
4101.5625,-65.38091570396286,96.7262161791903,-95.05257379038538,-171.8013589249938
4125.9765625,-77.76733137541082,126.4880236785766,-99.67847726114499,-32.46655067467676
4150.390625,-70.96570833892463,-13.95623499096203,-100.9158761740831,118.5142832654558
4174.8046875,-67.55586496518316,-178.9261779279279,-102.9532738332329,-138.3092914733948
4199.21875,-68.20934970944501,28.74463063259658,-89.85064858897915,12.92066982799546
4223.6328125,-68.03201043599508,-104.2149587013226,-87.17018235170198,-177.5063766427411
4248.046875,-65.73727750483695,106.039523087763,-86.85308110280883,-27.7020315694643
4272.4609375,-64.51750614904554,-42.26253138544892,-86.11745882071902,136.1055250658137
4296.875,-63.67256366036035,166.0263087950483,-88.13163873663817,-53.55568940458578
4321.2890625,-66.24864082340109,0.5519493582581039,-91.76546084770975,87.03036333775637
4345.703125,-73.55429689797258,-126.4528936477283,-90.67736843312773,-159.9433082739849
4370.1171875,-67.01766774448801,128.7596642825712,-89.59669334806706,-16.55024533550926
4394.53125,-63.40062963123798,-29.2670177090395,-91.83021779411447,155.4946117006164
4418.9453125,-63.52854934948135,154.9612438734999,-93.33220387453791,26.43445551014389
4443.359375,-66.14998025886783,-43.76132373298356,-88.17654982669362,-104.6159954311713
4467.7734375,-68.27258181787947,95.0140413407167,-85.05420441716404,84.22056104341509
4492.1875,-67.02487544204206,-120.5803172948407,-84.94292586003375,-88.70979042863229
4516.6015625,-67.0067213785795,57.19054235900364,-85.24646346123913,122.3831622592884
4541.015625,-69.11336214466773,-103.3144773733892,-85.88625160426724,-24.4509752292763
4565.4296875,-70.22501784908158,101.3776861551986,-88.53139270783147,-163.5727720556933
4589.84375,-72.93293922218047,-57.91615150274085,-90.28723753717641,42.05892652712896
4614.2578125,-86.12427175918768,-119.9941317423823,-98.74487744255794,-174.5248928101745
4638.671875,-69.74246486207547,140.707132532462,-96.31493830698987,-109.1993289985344
4663.0859375,-64.95586390673989,-28.77588485496063,-92.42166945455756,90.72245305094685
4687.5,-62.52598128937201,155.3546076484728,-85.32806427961214,-68.91502053919213
4711.9140625,-63.59769521554421,-19.7799955450545,-83.05963252420609,100.8456055364718
4736.328125,-70.41084547107209,173.5985932185501,-82.37200421722935,-83.95109240102342
4760.7421875,-77.84536151548409,122.6369799491078,-80.62075948429928,97.52389455117165
4785.15625,-68.75761075861442,-18.70790126052421,-80.11053920987074,-94.09888368253968
4809.5703125,-65.08290694223354,177.4826388829465,-81.03166338185952,68.15247285197799
4833.984375,-68.08632631594276,3.016378850321798,-82.57480798774046,-128.3874760657324
4858.3984375,-82.59259836522567,-111.1743662822236,-84.50861430757519,22.82259809362045
4882.8125,-70.56908076358116,143.1258041098288,-86.51328810914464,159.5686361725286
4907.2265625,-38.91621744894791,3.052925513283366,-87.14420661331887,-91.99039350199585
4931.640625,-19.74350326175175,-175.8264219940553,-82.25219560649788,45.80743102697117
4956.0546875,-11.01181576045629,4.268637659552816,-82.50151168538466,-147.1280642546656
4980.46875,-8.483104607876946,-175.7085713304467,-91.7627258751739,16.02639937945797
5004.8828125,-8.363149867230518,4.308723803991051,-88.49281263397542,51.34092528109739
5029.296875,-8.991691777229448,-175.6667589726072,-81.28647514754437,-138.6224957460483
5053.7109375,-13.61567101175344,4.332235599684943,-79.92950149228395,29.2255128164264
5078.125,-25.99069697728286,-175.838602649585,-83.31593882514605,-168.5521666336523
5102.5390625,-54.73929451104007,-1.216042522614821,-92.37388594905329,-27.74448370409067
5126.953125,-77.85595928156373,64.85655169420265,-93.43764789133448,69.74688680285563
5151.3671875,-72.76055495639957,-20.40169064674834,-89.61286643145313,-121.6767635213597
5175.78125,-66.01897930980476,167.4292151254818,-91.12235417402866,69.70248629028548
5200.1953125,-66.83403461398308,-15.88494508119554,-98.14884792859971,-60.61163659278466
5224.609375,-75.10509694946937,117.4709970914043,-95.10511068479894,179.9687318705363
5249.0234375,-68.1225626174391,-131.8748946933296,-91.64268714056823,24.50175380227639
5273.4375,-61.63595288049072,35.83836884052231,-88.97846479020649,-135.7644109350053
5297.8515625,-59.44806886864966,-144.8759038005184,-87.3586386732805,36.21175018646341
5322.265625,-60.12415125239156,38.14651542017083,-86.25777182527617,-165.8751348861407
5346.6796875,-62.89660553294183,-137.3136410456681,-84.71320492605612,0.8775432881364675
5371.09375,-68.66151738732778,53.70071878916097,-84.15241005516887,178.2033444653958
5395.5078125,-80.99857855524091,-40.13925220165432,-86.2631274938333,-2.512402228630565
5419.921875,-74.92637925218175,-140.0558800771567,-89.68438918800095,167.333831208095
5444.3359375,-74.55511357822229,66.6893228356894,-92.11867576471332,-52.44611936468997
5468.75,-72.83460676060173,-65.63955371548728,-91.20087311527925,88.22723314096076
5493.1640625,-68.83915238717351,140.5169907719985,-95.3355326702999,-108.1356505497207
5517.578125,-68.89948578081888,-45.05484776687713,-96.29348138436237,-25.85908572405173
5541.9921875,-70.88134339391358,92.07001986407423,-88.95032353013661,120.5782283450124
5566.40625,-68.88652965025815,-141.7256988990935,-84.80945804482621,-92.8399542814804
5590.8203125,-65.5423969644099,13.8714626438145,-83.15386643643221,70.90244781205638
5615.234375,-66.58777946453358,-165.5378618239094,-84.78778670441386,-125.4720382660638
5639.6484375,-74.4696528123275,3.228162353457791,-86.63765358015574,30.93477402870364
5664.0625,-72.34300527038495,62.50358262760417,-93.45932464659684,168.5005766238234
5688.4765625,-65.216787953449,-135.4927453317223,-88.40240120368043,-107.3649333335657
5712.890625,-63.35281441785655,50.75265885170393,-84.29673513314097,61.9816727303868
5737.3046875,-63.72501857347801,-108.8586865093484,-84.6129949473528,-112.6053000840715
5761.71875,-65.68550247342414,87.44504153732366,-87.91752338222723,82.44469725901506
5786.1328125,-69.80183048120166,-63.55648054905099,-94.1366104932988,-69.9579686967101
5810.546875,-70.05737913284864,167.8399482739636,-97.18476101239244,-178.4726376790387
5834.9609375,-70.78379648916436,-6.476828962509285,-98.47475463073644,43.21062712653207
5859.375,-76.62374648901663,146.1398298427664,-94.75831191191705,-48.29159643552592
5883.7890625,-78.0605139771571,-122.1506895187687,-89.90765369326843,143.686009793857
5908.203125,-51.76976387006423,109.7766252135363,-93.16401001891148,-15.21649732129979
5932.6171875,-33.22024553565299,-64.21747298069832,-93.86741685212301,169.1168544263759
5957.03125,-24.8112226923802,116.6558991315086,-89.88062939514704,-50.35145311311373
5981.4453125,-22.44764817433495,-63.00249477970344,-90.01325385449974,106.8721438177276
6005.859375,-22.34376565178301,117.2541313716044,-89.90263401095289,-54.81886636456467
6030.2734375,-23.05359879493308,-62.50138562974362,-85.24299681653355,156.5942565264922
6054.6875,-27.90469680810402,117.9432216094924,-84.70861346566984,4.377040613336791
6079.1015625,-40.62948448569703,-60.45302940257646,-82.26848577465803,-153.6922902866162
6103.515625,-71.59130479197778,137.4446403396657,-80.52814858996079,21.61371674695057
6127.9296875,-75.13160709369637,173.6195320462725,-84.30573909333113,-165.5726876699148
6152.34375,-69.62388468562742,17.35809903519753,-90.87961981368932,-17.43874378201751
6176.7578125,-67.21448308627933,-149.6602888578544,-87.06861318159802,118.3383741581929
6201.171875,-68.91658380881285,55.81632146467005,-83.68641666918958,-78.77844269936921
6225.5859375,-70.37852132722423,-75.30413681152154,-82.69287936198813,108.2532519157122
6250,-68.48971757033431,140.8827554215843,-82.05330668033716,-52.92915661543817
6274.4140625,-67.31350148575468,0.2536305203449177,-83.16810676766249,143.3303503411228
6298.828125,-65.9617211535202,-147.1935887378075,-89.23299098758243,-11.70529416825111
6323.2421875,-68.86301940697197,53.41559878286517,-92.62039945148368,-51.68244006558857
6347.65625,-71.94890782433674,-54.68087020301582,-83.78495119765284,150.8593088588711
6372.0703125,-65.52695836873606,169.3950466323938,-80.7466527719213,-28.28898217541855
6396.484375,-63.07141681975885,9.95909809600769,-80.49486567413459,154.3198114375055
6420.8984375,-63.67632143276263,-163.6218496994073,-84.73443812036054,-21.63311489881794
6445.3125,-67.09419640781439,2.832481730772692,-96.94370989668769,128.75810793906
6469.7265625,-71.25602188348424,140.7176426646283,-89.82473764143273,-152.2857743218591
6494.140625,-69.89860625850736,-85.64903377357821,-83.55599078166888,25.35787798184374
6518.5546875,-69.67719912660336,91.47165112127522,-80.99127506848436,-145.6591747998556
6542.96875,-72.17957905357859,-61.28599806634169,-81.04734777138881,46.73806389635364
6567.3828125,-72.07353660987042,152.0505935914034,-83.07246911120069,-116.8387388919901
6591.796875,-74.22644378947319,-1.102014728467263,-86.69931610712217,87.58501304090963
6616.2109375,-80.70828508413652,-93.99849220643405,-90.71076055830618,-43.96885814645146
6640.625,-73.07233145945315,175.8694556956228,-90.08594962529209,166.1920020509851
6665.0390625,-67.86219569281181,14.2730555103592,-91.27429409716939,-35.38887040966398
6689.453125,-65.00686477136733,-159.6978599875835,-89.1015137740885,115.2518114143075
6713.8671875,-66.28599457931864,30.847560758374,-86.07440511260064,-65.61539926627097
6738.28125,-72.6681749877806,-116.9246224278121,-84.75688735736931,112.0956154651914
6762.6953125,-74.08909338515551,147.6537327278701,-83.97213003809563,-71.60828380494516
6787.109375,-69.99174202969189,8.213458011957421,-84.02403257652766,103.8453474994886
6811.5234375,-67.09556000471554,-149.0618732491577,-86.95275688664658,-87.82452215180558
6835.9375,-71.30827340110761,37.22789858040604,-92.62498705805945,89.60068083655749
6860.3515625,-80.79723995489024,-7.841322477807142,-96.34919897621702,-105.5611645427062
6884.765625,-69.43851848030836,-172.8805808806705,-96.65280644243816,22.23476586645971
6909.1796875,-41.34168700580596,38.19650152721467,-99.48470877381519,179.316685516429
6933.59375,-23.40022624301668,-140.5649201561806,-93.03430006328657,17.34893799275263
6958.0078125,-15.30328160289844,39.54472205913707,-85.92175233688131,-168.1498588398147
6982.421875,-13.12047534194118,-140.437530133354,-83.17093399967268,6.02503615121632
7006.8359375,-13.04987910632588,39.57367510072739,-82.45149224354925,179.6273083553079
7031.25,-13.84856780158795,-140.4034155038397,-83.12453343052456,-7.353327666329729
7055.6640625,-18.96299704119481,39.57447439991277,-85.38600789223619,163.1615044113383
7080.078125,-32.19332792855666,-140.7651344508317,-89.38979752187642,-49.27822728492558
7104.4921875,-64.71380880076649,25.83484409920814,-88.74162749305185,59.1490080217977
7128.90625,-84.39755991713872,125.4742685670133,-84.7635776510382,-154.167400117139
7153.3203125,-72.60363460676083,26.93094327095935,-83.08904807714293,22.00307089923313
7177.734375,-67.11270579333561,-155.2107726855197,-82.12791016966884,-152.0378978793589
7202.1484375,-68.46035988066522,15.50498034618029,-82.49869935469646,35.00747664437424
7226.5625,-74.0601308598205,140.4403127020538,-84.47814184414545,-127.3316946876742
7250.9765625,-67.59805760193311,-89.09208555077598,-86.10985025793579,62.40734583986505
7275.390625,-62.18820059964315,77.39673091311813,-89.38227036827084,-121.9399645365675
7299.8046875,-60.57391378973514,-104.7365061041237,-105.5783148103536,103.8442300792942
7324.21875,-61.60630485677974,77.7489831171963,-97.1926830182116,60.97472713169422
7348.6328125,-64.52560127819213,-98.06205703923126,-100.6486677347339,-81.28809909364716
7373.046875,-70.88345804898761,94.79340557096997,-123.042050612155,-133.0707646164616
7397.4609375,-79.95708959418168,14.04883642588752,-105.16115605452,37.09868389854536
7421.875,-75.56878215401997,-111.8290499003291,-102.6148935562568,-166.0352128979044
7446.2890625,-75.90331860209248,92.72125480139968,-91.89716874794189,111.45257952251
7470.703125,-75.16828062800387,-39.2231998917978,-82.19129002687366,-64.80198336122545
7495.1171875,-71.81051292964445,176.9919663940226,-78.40936064510001,113.9820545944024
7519.53125,-71.8996342816512,-5.122324973798853,-76.37119703514296,-71.10528921678612
7543.9453125,-74.06942950738271,128.9083901141268,-75.5420164994662,100.5271845415099
7568.359375,-71.43664226201945,-116.4843740298148,-76.78767448817008,-88.28399629788969
7592.7734375,-67.13109325242303,41.61957707193983,-79.35372650968304,85.30054244563443
7617.1875,-68.40112264374801,-132.6337193225843,-81.3637246804451,-101.4625902639603
7641.6015625,-76.23296477902859,39.12091352652535,-83.10299006752476,61.4506608897696
7666.015625,-74.09973536789781,94.9008041928689,-84.42714021160107,-141.6045251403787
7690.4296875,-66.41393671328905,-103.0194750727673,-85.45471113416484,24.71531039829766
7714.84375,-64.45706169161055,83.93718096776679,-86.2540480470151,-162.7083922615013
7739.2578125,-65.04924434938074,-75.83397542568831,-84.52812251988556,22.87396366293609
7763.671875,-67.24812082094309,122.7280307156301,-83.05274351738198,-146.6478775377537
7788.0859375,-71.32125835710661,-20.36682580272624,-83.83514378873244,36.05037577340919
7812.5,-70.4238867763161,-147.4511339543462,-84.20187800395362,-157.6474071959064
7836.9140625,-71.31873329886504,36.24185419486289,-83.9098166375173,6.221009122879749
7861.328125,-78.5201604009407,-168.8753136741967,-86.8687903299206,172.6872514101955
7885.7421875,-79.71134452987175,-99.21388133269203,-93.28648545880273,-12.32361862509471
7910.15625,-51.38639221251832,148.050886229564,-96.58349068686289,-139.8549149191165
7934.5703125,-33.77166427448955,-27.01743644276427,-96.98007642842519,60.14709619901965
7958.984375,-25.96232010392706,153.7468701107601,-98.3243941086655,-133.8395823322089
7983.3984375,-23.92723541348142,-25.93782043734254,-90.46726937728238,57.78526108780319
8007.8125,-23.86467655669203,154.28461462933,-85.84358534088354,-112.2537642807959
8032.2265625,-24.75455598096211,-25.50126838282456,-84.08909102581781,73.42521500076073
8056.640625,-30.10345409110192,154.9179741127201,-83.00541519748126,-101.951377569966
8081.0546875,-43.72140378426542,-23.62787316524529,-84.30711908043479,75.20791977099277
8105.46875,-86.24098088375359,-179.2727038912361,-88.24847036993273,-135.3154777331494
8129.8828125,-74.42386784692188,-153.2636238549035,-89.12355792212483,7.201892791549506
8154.296875,-70.40936423940309,51.32314335025941,-91.2609205292969,166.9324231489516
8178.7109375,-68.60552162147657,-111.3958049584123,-95.58279201403343,-50.03684966910905
8203.125,-70.17545965566751,102.2369649374969,-96.59551664468702,70.23187956971034
8227.5390625,-70.69868780989553,-31.71488612551993,-89.91120836342047,-112.7596353290399
8251.953125,-69.87760850634044,-177.2570779385255,-85.57125913887506,79.8777106215195
8276.3671875,-68.67723518462577,47.14493498492335,-85.459439436582,-84.74747715341923
8300.78125,-67.11444682737027,-101.3580612237317,-84.70935683230607,103.9809458122289
8325.1953125,-69.88347372765853,104.0943580534018,-83.29574081712704,-79.12510011240461
8349.609375,-70.69563670799751,-10.28759718670561,-84.90537558033648,101.4311901176399
8374.0234375,-65.6099762797207,-154.0040735251232,-88.18632760553473,-103.7256355032633
8398.4375,-63.58997263465997,44.63516935641847,-85.06925004914243,39.94139765961132
8422.8515625,-64.22932888523955,-130.4459514964466,-83.04073028828257,-155.4991835344407
8447.265625,-67.48272988281616,38.40193063775889,-82.20452947979811,12.26918955176885
8471.6796875,-72.16223786730082,-178.4177473379691,-81.61946665762108,-173.5781104977971
8496.09375,-71.70752957878183,-47.53267956875574,-81.8785572042713,0.8563206645036147
8520.5078125,-71.81290720469234,128.1355196269396,-83.54254894058386,175.5697775636294
8544.921875,-73.82787542055654,-25.18074004328779,-85.75202087891127,-15.57964693024822
8569.3359375,-73.10263097779908,-178.9700929507782,-87.2106505870087,153.4750237760906
8593.75,-75.00920585427309,24.43888000044777,-92.6340760746058,-52.62493396430996
8618.1640625,-85.49679910987052,-86.52333345426912,-90.07918450738003,56.37720375547157
8642.578125,-75.87618250044814,-138.3310944601312,-88.31939888972596,-141.5969376647348
8666.9921875,-70.45202049257762,54.43383321675508,-88.85250240489685,9.960674210977592
8691.40625,-68.01688253302314,-120.0129150864534,-91.23778293608218,163.8526884510646
8715.8203125,-69.82632899013608,77.18029277652427,-94.14785423679072,-95.5328172173755
8740.234375,-74.03962531119518,-48.89446458690372,-89.48485776596506,23.04585592572159
8764.6484375,-71.25947884620449,-176.1967198412081,-84.32469092023184,161.5842837237037
8789.0625,-69.41255261047556,29.19539054751631,-81.34511748517922,-34.76327039630399
8813.4765625,-68.90966485397813,-127.6727404582879,-81.81721161483081,138.9882716089437
8837.890625,-75.06654140478342,55.56817017766191,-84.562457230001,-41.27698937597275
8862.3046875,-78.81122828340898,46.50563730160106,-89.38430883564135,158.6975393339781
8886.71875,-69.15908600127204,-140.4127140320615,-87.53751421905194,44.60080044426693
8911.1328125,-43.78897286093132,70.28528586494392,-84.36792351535745,-123.701988902854
8935.546875,-26.9912737325429,-107.9648483970138,-86.55142621818941,48.25719872326952
8959.9609375,-19.50744597389344,72.1980891225773,-90.73072705675962,-169.5581922863019
8984.375,-17.6451070142544,-107.7847441666853,-89.65740649501898,-58.63437377747869
9008.7890625,-17.61349127143473,72.2207722643133,-87.90094815705396,84.37865939442402
9033.203125,-18.61023877686113,-107.7647767910682,-90.56737479734409,-104.0395462546575
9057.6171875,-24.24042295187043,72.15130556082876,-99.35295233070129,121.1109895512701
9082.03125,-38.38876969566299,-108.6203128808883,-93.04272044309144,50.01934529855885
9106.4453125,-75.50110307066349,22.78935641027592,-88.62797839030604,-147.2100346046876
9130.859375,-83.56142581153381,-174.9153403231509,-86.30882387945178,-8.426434868049808
9155.2734375,-72.28446361735621,54.51083322872979,-87.8933329347436,146.5136052039293
9179.6875,-68.04970674441157,-129.0266679511423,-90.64694380595191,-77.68875474307454
9204.1015625,-69.87635647138758,32.72713800812992,-90.07717421304868,66.49560249429338
9228.515625,-71.84968568427993,151.5060477405882,-88.75919193473629,-163.0754063793104
9252.9296875,-65.94871593499252,-62.15103331380318,-85.09966953978541,-1.4567005058549
9277.34375,-61.48717423900714,107.3435583051503,-84.65712253013415,163.7175774535044
9301.7578125,-60.30421742230737,-74.25764948395529,-85.48133131866356,-42.06833091752765
9326.171875,-61.3706547740185,108.0735690246115,-87.40571694371491,112.1293559059652
9350.5859375,-64.16189581884485,-67.35200537283379,-88.11659194561422,-111.46358498263
9375,-70.56868475287001,125.2213553404587,-84.95423471004521,31.45865729729249
9399.4140625,-81.17629769581052,38.66040439263976,-83.73451954077231,-157.2365076873893
9423.828125,-76.35850538890521,-82.72069891650636,-85.12092115965652,35.09218617585061
9448.2421875,-76.31374369792383,116.0019006604009,-85.48882065468318,-123.6456352841994
9472.65625,-77.35548751619174,-20.86804996696753,-83.69410186683068,76.67096768600618
9497.0703125,-74.84459305499814,-155.8887897238233,-83.03356855733122,-93.17042529771709
9521.484375,-75.19123305956956,20.12568587115454,-85.94522243301292,86.15065168246126
9545.8984375,-76.36037970174877,148.9696186167717,-90.21147786642459,-90.75499969542835
9570.3125,-71.87749711570147,-88.23016804744451,-105.5558924217826,130.7929238756219
9594.7265625,-67.83104700992409,76.770736597094,-89.58518797212244,73.7901429901753
9619.140625,-69.74771841963141,-98.84297045920232,-87.45382947184774,-112.6153908095918
9643.5546875,-76.87412440935813,59.86233493234617,-90.34661939285581,63.55288037075464
9667.96875,-74.03780780522897,142.4886760737485,-94.77007928528931,-143.4715890945711
9692.3828125,-67.09680886824034,-62.18579436708848,-92.19719624133501,-36.28776599806744
9716.796875,-65.16915255739373,122.9451562532685,-87.84598735662857,114.3719948712666
9741.2109375,-65.9384221932828,-40.72993714549658,-87.44211161269135,-72.5116784263582
9765.625,-68.60052246991745,151.0933023612938,-90.8600821246952,112.5401715718418
9790.0390625,-74.13626096557942,4.752469476802373,-98.91369886159541,-97.85805612250252
9814.453125,-73.91392581423494,-113.3993518205317,-99.1207190160753,11.00349589874751
9838.8671875,-74.94444298043555,63.77212534437508,-96.37226669883881,148.626962309109
9863.28125,-80.17395653004522,-159.722112838722,-89.59303969660559,-43.30340145174075
9887.6953125,-78.1786573657573,-57.74517544337523,-87.46286129046581,125.6694096679005
9912.109375,-51.45949837866743,-175.2121441674383,-86.62650293193153,-71.73353860965742
9936.5234375,-34.83737794814198,9.074202500212397,-85.6187620521432,105.0831456163494
9960.9375,-27.60915587869022,-170.2605576277559,-85.67901717772946,-75.44110785199216
9985.3515625,-25.87628960760948,10.03387207784304,-85.22306179983903,96.98386922494349
10009.765625,-25.84560626114244,-169.7544959041177,-84.06014487032101,-81.1482423049013
10034.1796875,-26.94113128361256,10.4556744624179,-81.94775159042733,106.9018683605977
10058.59375,-32.81394987495639,-169.088787705193,-80.72603063847099,-72.54138436219654
10083.0078125,-47.43605933263014,12.66778563548839,-81.27375927016971,106.1398604404933
10107.421875,-80.06440808966718,1.588520398093648,-81.9667218717652,-72.6341087148124
10131.8359375,-73.80688236747551,-132.7289259830725,-82.60367831551009,111.5927374320271
10156.25,-70.58518351514225,73.6437056619944,-84.46832492762289,-62.61503209705972
10180.6640625,-69.23648591096172,-87.06879042442996,-88.42892331349837,124.0431105437968
10205.078125,-72.20153389854551,123.2241486901633,-94.77066161828074,-66.63019710009894
10229.4921875,-75.33427506800275,-2.995549068377221,-90.06909492907633,20.2428919209207
10253.90625,-73.8477660653131,-128.1375138827668,-82.35911168553606,-177.7637560822914
10278.3203125,-69.76394864762439,100.5131807320084,-80.22499862788848,7.475396956732711
10302.734375,-67.784038674013,-54.26712186332728,-79.67483135367006,-154.9915599974985
10327.1484375,-70.20866663196351,151.3995230276767,-79.62192814511346,35.48610106557251
10351.5625,-70.34675299549176,25.20628111524469,-80.57509936427051,-132.0550248803212
10375.9765625,-66.49565819138853,-120.5934451053674,-80.74427727040289,64.17125321018143
10400.390625,-65.00909159017932,78.88644360502458,-80.97116757887787,-115.4071389161249
10424.8046875,-66.01292424769011,-95.45306645936519,-82.66221233557502,52.38083888726718
10449.21875,-69.33580359173672,74.92217642662706,-85.89559816424533,-146.3350521405875
10473.6328125,-73.71461788566279,-138.3938542543121,-90.27434516689266,21.84182709911902
10498.046875,-73.85244954355927,-3.93920196218338,-98.38007761291027,-148.7775282795908
10522.4609375,-74.57236978787903,173.3137524334214,-96.64482396652373,-125.7952139115517
10546.875,-75.79057941456763,30.52197009658781,-86.72363446791236,46.80198410479792
10571.2890625,-73.43992773961081,-120.4704224713248,-83.62474957437183,-131.0213829884296
10595.703125,-73.32461885362136,87.75017178384383,-81.04189014644794,62.04748660684357
10620.1171875,-75.87429161373137,-58.27417491665707,-79.54254494992968,-112.5515089740835
10644.53125,-86.92691425667194,-173.7160147840187,-81.01563648783488,67.16962103637175
10668.9453125,-78.13326200611317,101.058167658745,-83.98183885123315,-120.4437092953094
10693.359375,-73.07284267942717,-63.84447661526784,-85.44139605984532,34.27570734847605
10717.7734375,-72.28153511584436,153.2434955072397,-83.76406963419511,-169.1707628586704
10742.1875,-70.23816872158818,16.01124110904316,-82.04050464122402,7.868498850706323
10766.6015625,-68.03909770579749,-143.3388411051721,-81.18903760317477,-166.5869048997866
10791.015625,-67.77002118688321,52.05408558711184,-81.40204074896566,24.81728343512643
10815.4296875,-69.07793207310166,-109.7299078821128,-82.52120212698762,-130.7449325370842
10839.84375,-75.46844645208176,67.81548820581291,-83.09110243891666,80.41673742519848
10864.2578125,-80.05128351608101,85.05167268575725,-82.68623419985609,-77.35965285948144
10888.671875,-70.01500076536013,-108.6143889030827,-82.76134742156594,110.0364639763217
10913.0859375,-46.58563530197966,98.26575899765372,-85.50523915501896,-58.98996653236771
10937.5,-30.8395431210813,-79.88717648754725,-89.15453645101431,159.7004761170225
10961.9140625,-23.94122488412386,100.3023676833512,-88.01581048913745,29.48384274186902
10986.328125,-22.37237799332935,-79.6911445405181,-83.95981765107001,-123.1949429307212
11010.7421875,-22.37094337422009,100.3041556729146,-81.65444078432591,63.50452030282797
11035.15625,-23.58975591212369,-79.68934352027419,-81.82105352544811,-111.7412892108043
11059.5703125,-29.75822315670167,100.1539642943656,-84.49653837380654,72.95441577176781
11083.984375,-44.90200798486251,-81.16361782268754,-87.31587622150839,-118.3076679143498
11108.3984375,-79.46371611391199,-9.389175030576862,-85.15290109617447,38.91694915965545
11132.8125,-83.33662468976755,-145.9409364337376,-82.798464919878,-160.8263923026078
11157.2265625,-73.38206251997038,77.66825472266079,-82.13343062893739,3.802394260789025
11181.640625,-69.24078522517826,-106.8720933928571,-82.43588534897796,178.7707437037411
11206.0546875,-70.38958606792519,51.52221098385589,-83.83236924946878,-3.815000755983201
11230.46875,-70.88050597726145,-175.8557167863121,-86.06823771627668,169.392773984398
11254.8828125,-66.27751143534883,-23.66649640000405,-88.65147443750445,-8.979414224961065
11279.296875,-62.70373654852531,144.157043748026,-92.91449495416725,174.9251232038414
11303.7109375,-61.99833362284559,-38.19201309009442,-97.25214164763572,-75.53569698836812
11328.125,-63.2457882876465,145.9937215658989,-88.29870295493239,50.40810423581245
11352.5390625,-66.50518103222301,-25.42884489033547,-84.28775425373253,-143.9086975138436
11376.953125,-74.3472514770702,-173.1226955589692,-83.17908321744122,24.61189576566146
11401.3671875,-74.75409470132067,95.30603494517332,-82.93882354278151,-170.1434752070644
11425.78125,-73.53741039998872,-61.86006093451005,-83.6046582622578,-1.137281187903163
11450.1953125,-74.61414607343345,135.4479350010689,-87.16508474278058,-169.7874894230797
11474.609375,-77.04298688724231,-1.872717972423942,-91.44738132621521,83.05909450950452
11499.0234375,-75.746064301446,-124.4888439936047,-85.73155753302788,-38.11347167768542
11523.4375,-76.39124926565914,53.18939666310322,-81.40870752446372,158.7441675197574
11547.8515625,-77.89721611876671,-177.4696314574957,-79.72038148942589,-15.99760748581395
11572.265625,-73.99379575798439,-56.97587636772616,-81.52842120939796,167.6574594952647
11596.6796875,-69.86902482664473,108.4027932802071,-88.96240562871236,-14.34545990409993
11621.09375,-71.95141482797381,-66.32859109550574,-91.32716619340147,55.93374074482477
11645.5078125,-80.29721873326099,99.21519530523632,-84.26893536829125,-130.3493364671821
11669.921875,-76.48614003489806,158.6077696675693,-83.38037798767226,54.49115089027065
11694.3359375,-68.53931056227098,-33.92131556485114,-83.80713085815488,-121.5605058764389
11718.75,-66.88906141641272,155.7223238686102,-85.40396127737634,72.37282063120529
11743.1640625,-67.99984964598524,-3.47119189736033,-90.78110029674798,-87.59022668061885
11767.578125,-70.67383159127736,-159.3390821201081,-97.39074454716557,45.73567351449272
11791.9921875,-73.15437048400487,71.764723532617,-92.71182096784409,-147.0476757987075
11816.40625,-71.00045729369873,-69.72758275444345,-98.67621519745367,32.49522981991666
11840.8203125,-72.3753758752417,109.9507723493356,-100.7035832612286,118.9218578568629
11865.234375,-79.67018361059172,-84.46149270281124,-95.58970224836759,-115.2753312271009
11889.6484375,-83.50074071072203,-31.2855573054804,-88.83876269959896,62.86879548894105
11914.0625,-52.25619745937845,-140.2207738600124,-85.4968499416687,-83.86763239411556
11938.4765625,-36.46648186444963,43.15510395649882,-83.28002048437136,118.0828243025621
11962.890625,-29.78976298153099,-136.2634913984573,-81.60174835055587,-46.43419574233585
11987.3046875,-28.33027111095647,44.01570620280827,-78.79743833868947,143.8627375845739
12011.71875,-28.32350427435058,-135.7863845001468,-77.77116253307585,-36.93600576693689
12036.1328125,-29.65173056664001,44.43454414164059,-79.29541266671853,137.7382826548897
12060.546875,-36.0784076095362,-135.0721247577301,-80.12531768148241,-57.11463214888935
12084.9609375,-51.81959214954941,46.63659862934161,-79.49281430320936,101.1591942194977
12109.375,-77.35479412751415,56.32674433829719,-79.27749291968992,-98.3049168453754
12133.7890625,-74.06458745047404,-84.90989299363035,-78.8744679924328,73.78792749344795
12158.203125,-70.52127834668146,118.289925505945,-79.6862884796757,-116.6618582596446
12182.6171875,-69.23700555830037,-43.62361655473769,-82.27332995243768,43.16550102590104
12207.03125,-71.1898700095096,160.7078630321392,-86.40515749707012,-167.6882807733093
12231.4453125,-74.46471938498438,11.64885319485748,-84.12946817927576,-35.51689515245885
12255.859375,-76.98871133815287,-118.4662510140778,-80.55590226439568,130.4817550274346
12280.2734375,-74.33398098981363,131.8898795524166,-79.89259812265955,-55.77089967085463
12304.6875,-72.34616589725968,-16.87061121692532,-80.3981367109654,120.9470253668612
12329.1015625,-75.47176545339157,-158.0149056146885,-81.53966252981138,-62.24333390880254
12353.515625,-71.89834689348965,83.61235864171942,-84.87917839710036,105.3353055194564
12377.9296875,-67.10867803690843,-72.45274189609766,-90.42670010127895,-127.7879212869481
12402.34375,-65.42279035853821,121.7493311775121,-90.73571329059229,5.325340186847705
12426.7578125,-66.37347876121507,-54.23298004649138,-95.05471280950546,-167.8821066221907
12451.171875,-70.11745849478211,119.5215614071792,-98.07532738022709,18.7218772338544
12475.5859375,-76.87356732101021,-95.30667443377303,-97.52845976901006,-159.2791530931727
12500,-76.83825507135214,15.88379670114404,-93.4882029695132,75.2578705787836
12524.4140625,-77.55717003175897,175.9824859487753,-95.21268639011295,-59.46414921762473
12548.828125,-84.60959706670478,19.16133692847405,-93.03471947981981,-153.4166645496228
12573.2421875,-82.1205059446273,-84.82263555507295,-88.56014181901372,38.74026194367438
12597.65625,-79.16513279469575,144.0747521857147,-85.64472949759309,-137.797834859552
12622.0703125,-79.85172607537476,1.491797794017003,-85.4097419528152,43.92315493611932
12646.484375,-88.16453304447157,-71.79384191399636,-89.08860447057816,-134.2248554191101
12670.8984375,-77.62814897445955,158.4486066621159,-93.13598514075235,43.36628406757683
12695.3125,-74.07090770358954,-8.422727852370421,-91.61758419362776,-160.5248132890491
12719.7265625,-71.64814007306595,-155.266395857808,-90.58766779283759,6.926151708943705
12744.140625,-69.21012779039057,49.34417104610063,-92.42339220699817,-166.9081614052681
12768.5546875,-67.99740532844464,-120.2465538167415,-89.14469997558709,29.56014366455264
12792.96875,-68.56847692474916,66.57987115565689,-85.29248987023514,-151.0967682600202
12817.3828125,-71.26052805293897,-105.3440484577941,-85.82722790950064,19.63765475368137
12841.796875,-76.81987699610698,48.41795776405313,-87.50542300382483,-177.4841843588168
12866.2109375,-75.94829439845887,142.1007271311361,-87.89830353252466,-9.242958628033282
12890.625,-70.51108041037497,-71.03879071014549,-90.88278745645331,153.0452597829475
12915.0390625,-49.47452555795031,118.4338266177681,-95.80826808726647,-20.76207517929126
12939.453125,-34.80288733584226,-59.85031739573846,-91.64369508274123,-142.4937662041669
12963.8671875,-28.48283269169471,120.3617478704465,-90.46544220026843,56.57146449167414
12988.28125,-27.18312281690323,-59.67567791908326,-95.90910134063976,-67.51024400662081
13012.6953125,-27.20891798732088,120.3307223742455,-89.83800175804701,-175.7349771173871
13037.109375,-28.67893095536006,-59.62164350970144,-84.77614303416793,14.93594740446831
13061.5234375,-35.39934339434222,120.1657556163395,-82.74633305525478,-167.0446020329646
13085.9375,-51.50145696261391,-61.40005065371363,-83.29586391565228,10.87944026488726
13110.3515625,-87.63784843563955,-33.24932519006031,-86.37983392930828,177.2570248436901
13134.765625,-90.71553733663352,-48.56362545980614,-88.216628149969,-39.52083650954496
13159.1796875,-77.00009945477512,108.9229634762849,-87.69186240409238,107.2754493517053
13183.59375,-72.98192835056733,-92.72875925983314,-85.36512148505351,-103.8436784895041
13208.0078125,-71.66360333343623,54.12808179395265,-84.231617831986,61.28410822537209
13232.421875,-69.78776621122221,-155.8974328069893,-85.55477776802113,-125.7389419678042
13256.8359375,-66.3621311869932,5.018542569308702,-86.24360598534724,42.08724260457031
13281.25,-63.73382271674715,174.2898144049085,-85.80717822626983,-155.8265522328913
13305.6640625,-63.69390195692445,-8.21820613273238,-87.75911489215281,7.598453547640848
13330.078125,-65.09088258598106,173.5002051611691,-91.79926470087865,-176.3756006952168
13354.4921875,-68.34797424037379,-0.802385974249855,-95.18611436369955,42.57044299535033
13378.90625,-77.8247260296733,-145.3961713659359,-96.34394416140378,-58.22426091390292
13403.3203125,-76.28936592414232,132.6646786805097,-90.10914386844682,162.9131162107064
13427.734375,-75.86463031835451,-29.32512151458452,-88.65807034623808,-13.12938903433841
13452.1484375,-76.84129582589163,168.2167151744519,-98.67089732480761,-175.4408814973806
13476.5625,-79.52095470272917,19.89279538359553,-90.24722698544269,146.2757590316575
13500.9765625,-81.08263766806543,-77.45843584459062,-84.83630442684657,-23.48278000687537
13525.390625,-81.42585453742007,130.5190625823208,-82.15296622610127,169.2698046127599
13549.8046875,-96.79544643739605,0.2652903197390188,-81.46163440445675,-0.6230006966109792
13574.21875,-78.30792467146863,-74.31777013459505,-83.04320484638048,-170.4803167306919
13598.6328125,-73.77908111267895,117.4512586764775,-85.80185266091165,24.94453091946272
13623.046875,-77.29632394730486,-45.51661821077074,-89.01220823029951,-131.948482794916
13647.4609375,-86.30951462477577,152.6649978686003,-92.83134475903861,51.76064094843959
13671.875,-81.08105644370951,160.6009466998976,-95.74453444080754,-167.177589609892
13696.2890625,-70.75802720544864,-14.8917011353134,-94.18145335338204,-38.57778347073775
13720.703125,-68.79904632495243,172.7173932603206,-90.64767430793964,128.316603243991
13745.1171875,-70.35913020800452,2.751683984872241,-90.12008567549663,-47.4108425984799
13769.53125,-73.63525396378921,-169.3264547062437,-92.6826508431955,129.075526480961
13793.9453125,-83.41072521165319,43.54982881544452,-97.9811036165472,0.7258437900333629
13818.359375,-81.69187480556253,-42.11833444566859,-92.09687347435418,-144.231535909525
13842.7734375,-80.55661174064794,103.6494891928786,-89.84028131602649,8.039727481072138
13867.1875,-80.12599210281623,-120.3734972885551,-85.98731979040056,163.5073504145311
13891.6015625,-78.33312702646509,23.5905089072988,-83.15494069195682,-38.99573128420705
13916.015625,-53.50098900842539,-108.8583394644599,-81.82189557566899,120.0671349236806
13940.4296875,-38.70498008077745,74.14384804982338,-83.11553121370227,-68.82218638615413
13964.84375,-32.56734954751758,-105.4059497139905,-85.85536596329112,96.358475528879
13989.2578125,-31.35903219319408,74.80341405067288,-88.18684597997164,-113.4683766929776
14013.671875,-31.37622664076763,-105.056124072868,-89.20727364849604,37.87303708603336
14038.0859375,-32.95342261926628,75.13882752565885,-85.722482662099,-148.5013735574076
14062.5,-39.93321777873535,-104.4386782337163,-83.92249293423359,24.93108527815463
14086.9140625,-56.80205019757203,76.62285905226575,-84.67245130938487,-164.2546623129595
14111.328125,-78.04468023573671,90.82160524122772,-84.36520472002118,26.3880854424483
14135.7421875,-75.48891524317746,-60.49454233469586,-83.88899543595812,-140.0360816046248
14160.15625,-71.570803573028,139.4497163011148,-84.76584409498768,51.10800261221921
14184.5703125,-70.3117050170341,-23.74266007892598,-84.97064736996063,-126.0727713985402
14208.984375,-72.43775652126818,176.336733337209,-86.30768089447835,35.04988611531041
14233.3984375,-75.9362949023613,15.57604466256217,-87.00403300584884,170.6166942351562
14257.8125,-86.27089275368407,-147.2493545632506,-84.91055563860033,-35.1153681792611
14282.2265625,-77.60852047000041,-148.5749743167686,-85.14737353437434,147.4337487364063
14306.640625,-72.73049252533893,46.85649444907646,-86.81865505456562,-15.22850063410042
14331.0546875,-71.57362788786577,-103.5750710811347,-87.23990793890401,-178.5859502486876
14355.46875,-69.06448877358224,104.5027196208847,-86.85392115528616,12.37303419879314
14379.8828125,-67.25902067998332,-52.92133942333285,-87.63254830842416,-158.1540704344428
14404.296875,-66.53141643375696,145.6686297679419,-91.45839601219214,42.1896840988762
14428.7109375,-67.77407278410318,-24.77833656686191,-95.15424278343183,-87.56784306446279
14453.125,-72.02557044841541,161.0590968921105,-96.38392271221434,109.6469535116552
14477.5390625,-82.04948722031492,-24.71707382354107,-98.02547933580263,-32.26968950381836
14501.953125,-83.61313495535214,4.285905232880116,-91.22647255746749,-134.2439306103734
14526.3671875,-80.93035940563823,170.8262881918647,-84.05027491916042,76.8916402724511
14550.78125,-90.2344190018342,70.27713302746183,-80.43448346662146,-103.0830471898433
14575.1953125,-79.35465004863268,-45.71069242680188,-78.40583416712923,66.93216367503834
14599.609375,-77.0154726822379,159.4557493054418,-77.128001709401,-115.3923001427893
14624.0234375,-79.49949187740077,-16.64775108944456,-77.69206218421691,66.63013252046785
14648.4375,-83.35080438081532,85.16435726616076,-80.50957637095954,-115.4864342079077
14672.8515625,-77.5266503429705,-129.9840225843061,-84.15261754564179,61.90911179913915
14697.265625,-74.30490289163866,55.93131338010387,-89.58607659946323,-111.4222360198277
14721.6796875,-70.95335266879586,-105.5991601335226,-95.08706839159856,129.2908620550554
14746.09375,-69.12772718402364,84.57567176795487,-87.04083123354273,-41.65186637929922
14770.5078125,-68.25448857444002,-93.16836694743411,-82.99667555437449,121.7765550013731
14794.921875,-68.87758613376333,87.64245294365909,-82.30981575691466,-63.46801063209706
14819.3359375,-71.55674833307906,-91.65738959828668,-82.86511467497932,115.2633541016203
14843.75,-75.2306955508578,65.55375434237122,-85.3370682666275,-75.5076289852166
14868.1640625,-76.49839700126572,-177.2024588712879,-94.9148466460028,91.75001844310758
14892.578125,-71.5385770261705,-41.33718264176059,-102.4400602827009,106.6454044856593
14916.9921875,-51.59368667428299,130.8239113727538,-123.3032929927631,51.83366337515834
14941.40625,-37.94801073326101,-49.12192634102087,-97.93429790016496,-77.22088922229509
14965.8203125,-32.19192536129387,130.8118768941845,-97.93327251963085,102.6700028227798
14990.234375,-31.13261855006078,-49.35288965793114,-94.25993296288254,-50.01445313356568
15014.6484375,-31.19188456634872,130.5566458219745,-94.23715632536064,149.5806822360991
15039.0625,-32.94482702973016,-49.52776390720305,-104.2239176260919,115.4191543296251
15063.4765625,-40.23983498560922,129.8977835962469,-92.4729751258041,-11.56400637390285
15087.890625,-57.50637482223031,-54.31068751728174,-87.80279054335352,-159.9480454972366
15112.3046875,-81.14592485101664,-12.47654023208422,-84.39869700018123,39.00795599228316
15136.71875,-95.05040276397307,-146.6068295490526,-82.77226820609374,-120.3524351461614
15161.1328125,-79.85265151305995,116.5276925025594,-82.98040680345672,71.36479629599522
15185.546875,-73.39598723995651,-87.48209779965032,-87.3115297700066,-106.6948529118922
15209.9609375,-70.10535809019072,68.17161694933151,-94.72317633758392,80.8629616459947
15234.375,-68.55790236954597,-130.9481409053808,-103.8922146117841,-85.17354851911773
15258.7890625,-65.97964010746746,34.38068106229206,-98.29969378545258,-111.3642185685066
15283.203125,-64.26046863496478,-155.4030697605866,-90.84415632154567,47.19130038791936
15307.6171875,-64.92108648659902,20.19348433218701,-89.76389270651799,-147.0168258361768
15332.03125,-66.68742750301139,-157.1300295723594,-93.7335137508822,66.90276101419245
15356.4453125,-70.49505665126082,32.87636573151918,-89.35923959938353,-69.70434884354312
15380.859375,-80.76906717984558,-87.37872823566288,-85.1365981864858,117.5815543831724
15405.2734375,-75.1903555953603,168.4214955190984,-82.94542003160353,-65.03443683568861
15429.6875,-74.71314086765969,-2.843691953228973,-82.25844898386583,95.48239928495404
15454.1015625,-75.24219138034886,-170.0727874548153,-81.89990828950491,-100.9373340132577
15478.515625,-77.71405245954077,35.17187383261597,-82.47294381595856,78.71153313450682
15502.9296875,-84.12643548138314,-92.14379216312417,-85.05420878025241,-77.99154178894358
15527.34375,-89.63207570819107,106.3955479795676,-84.30703458883981,158.1788601951503
15551.7578125,-91.74022003230905,-175.1271518431266,-80.59750737561319,-5.258303843693756
15576.171875,-78.52134657967811,-40.37831073422557,-80.36276085168953,176.7746883957283
15600.5859375,-74.89850052748574,143.4859779593399,-82.41853986565263,2.070937828500719
15625,-78.94091742713937,-29.53943868213124,-85.18594151173707,176.6727892429075
15649.4140625,-88.78235434769616,147.1563648762939,-88.46884913438825,-29.79731023127708
15673.828125,-81.05748995122985,-171.1045964042259,-88.15674134638707,133.5212612330881
15698.2421875,-72.03499587052126,10.2340183111915,-86.98260680307128,-36.98818875328404
15722.65625,-70.53964487538751,-164.0664337194212,-88.32190432065494,172.2502107902268
15747.0703125,-72.36682076275994,21.87390999957099,-87.02385852504143,24.08632600534996
15771.484375,-77.35859774522973,-154.2246966654102,-86.65475482369467,-150.4681465972984
15795.8984375,-93.59459333474919,172.6275210980889,-88.50916192606275,35.22057017503378
15820.3125,-79.41033142601187,5.70276950968912,-91.86236009597158,-133.2071172227119
15844.7265625,-78.90906840079266,152.9636575680217,-101.7743324760098,-8.112628313172793
15869.140625,-80.51385517464452,-58.13911202814109,-89.59670039338877,108.0452967242071
15893.5546875,-80.34478142511821,71.72093037480022,-86.2695480805817,-59.84067258246079
15917.96875,-55.36159625202583,-83.18992489642778,-85.95293462890012,133.7633517915335
15942.3828125,-41.44980373469221,99.30225090584921,-85.69842883698108,-41.24223186290617
15966.796875,-35.8339077795618,-80.28803406190909,-86.93232387846079,155.5384678349073
15991.2109375,-34.84792694013279,99.87800845128089,-89.49900040924631,3.428172435598972
16015.625,-34.89136027495501,-79.98383783898028,-92.36912062610868,-171.3131115530068
16040.0390625,-36.76861916381968,100.285424746966,-92.41364322284768,-17.61814722989273
16064.453125,-44.41683477395203,-79.35787694339255,-88.00933161369635,144.0403964588461
16088.8671875,-63.55331873392615,99.48954083181543,-85.57143492069669,-29.19496818663586
16113.28125,-75.05223162111736,114.8387090139615,-84.80978389638388,167.1162707374637
16137.6953125,-75.65730702479561,-40.8057727451777,-84.81577720550654,-1.318904785546521
16162.109375,-73.29010211592481,167.2081620483622,-85.91482104205551,-173.9225275532357
16186.5234375,-72.93115165714211,8.443840629099411,-87.70637197794258,7.599045860979166
16210.9375,-75.08774712242614,-147.548244321645,-89.63892618543538,-168.4606114465851
16235.3515625,-78.48327889495195,44.54249567767112,-88.16215315918708,20.58108346192104
16259.765625,-95.42105234702005,164.3440037369596,-83.48850670870605,-156.8602400129055
16284.1796875,-77.07716261251767,-114.9116754449054,-80.23627943242204,26.53378186259703
16308.59375,-74.19467560629083,75.84270846375392,-79.88812012990796,-150.3131383149016
16333.0078125,-72.98438765502296,-74.3376929673795,-81.53173346911376,25.33924744968472
16357.421875,-70.71801045709321,132.7456989060138,-83.39738975325378,-169.0704213339409
16381.8359375,-69.30508129509437,-23.05357030313666,-86.12011068264195,-12.22286554963683
16406.25,-68.56118152308565,174.7760221784048,-86.00731497947871,137.1101295880033
16430.6640625,-70.02076333527552,3.099961598469575,-83.30201779100173,-44.77399148410522
16455.078125,-75.26079752383636,-167.5030225492626,-82.75836817967532,143.8847837113705
16479.4921875,-90.33833069215554,51.37357556741986,-84.80046496434078,-36.79213506107775
16503.90625,-80.03143450312579,-4.479447893227531,-89.24306423298128,133.7696166145181
16528.3203125,-77.53177144044405,167.1593749898957,-105.6827639643048,94.11586772816175
16552.734375,-83.93197400379839,-42.58643565888638,-85.30483216352094,-36.34339096900236
16577.1484375,-82.06156526640902,41.06304539490068,-80.98915490412426,150.1203923162502
16601.5625,-75.72264745319815,-149.0039509163299,-80.77971712239042,-41.64077044157612
16625.9765625,-74.87174250434609,18.95389596890925,-81.89431447334979,131.3409782635021
16650.390625,-77.00201297306273,164.5852011634405,-84.87190923895585,-40.28289297015314
16674.8046875,-76.74831370680961,-44.6425054597854,-92.48232195666988,150.9626099525053
16699.21875,-73.97868025601002,129.8628406635445,-93.5086919779714,62.14299123932689
16723.6328125,-70.46334816542287,-53.43342437925138,-86.59709163129612,-116.0344646326117
16748.046875,-69.14102486237323,123.7814959053288,-87.22291732137342,54.09496034228376
16772.4609375,-68.52840695657513,-60.38988335900832,-95.63946121469726,-130.5786768343027
16796.875,-68.93558428098228,113.4926204058904,-92.55012762220922,-157.2172111130066
16821.2890625,-71.11789392161283,-76.76375134918021,-85.30010873443348,24.97456552457144
16845.703125,-72.97185362887755,75.94551080740273,-84.16618523982854,-164.4995038706683
16870.1171875,-72.90045312892529,-144.4992886461606,-85.00258520599196,-9.282457518027682
16894.53125,-70.55396103320948,-3.934089470969663,-86.57520531109851,127.1267133584824
16918.9453125,-52.2813060198811,141.7966799842513,-86.04346232413147,-90.61764928495728
16943.359375,-39.39578071654446,-40.7636801609473,-87.60167066221959,81.7756779796353
16967.7734375,-34.1373268874268,138.8526474679699,-91.91743673861772,-73.40322841381018
16992.1875,-33.28043424199998,-41.34856327024278,-90.1056327216176,138.5828826742421
17016.6015625,-33.36834642427312,138.6088301686997,-87.15644737574283,-48.15759370696619
17041.015625,-35.41623386005472,-41.34156330754413,-85.72160133331496,116.075445404535
17065.4296875,-43.3203932193173,138.6613693357744,-84.90986979626891,-86.22103195060146
17089.84375,-62.35877457258505,-40.98677173347376,-84.18809427654878,69.74968325254954
17114.2578125,-78.63787018187806,-40.9167645212241,-85.57485584442884,-130.0130693586304
17138.671875,-85.16804886768642,155.3673481075581,-91.00203487045435,24.36961900634433
17163.0859375,-86.54954178280082,88.97225203947821,-92.44908990945194,164.3021313956284
17187.5,-74.97704628427181,-83.8671735165108,-92.35455201386364,-36.84717325533997
17211.9140625,-71.30766470638849,85.65496223345072,-91.49483282465347,78.75232982731018
17236.328125,-70.48708684510214,-109.0922182930549,-86.65847921735725,-110.6877695846955
17260.7421875,-68.00284435994763,57.61703937825796,-83.73217947122552,63.28608447080127
17285.15625,-66.43210911570308,-131.3906306927692,-81.7778282281853,-137.1143651317209
17309.5703125,-67.17070539990742,45.72934354531214,-81.66974631671076,25.62709186491319
17333.984375,-69.0958869007566,-126.3235205450818,-82.28044392389461,-171.0105756145202
17358.3984375,-73.29077981014522,75.76474714513098,-83.19057851672326,-8.586544289601466
17382.8125,-77.12442179175373,-30.06905807458042,-85.48814340315589,156.905667176824
17407.2265625,-73.41785264456837,-173.9231928639495,-90.51180971504067,-36.31868444062491
17431.640625,-74.03848107825436,12.21826588026903,-94.79493278929466,78.48689099146839
17456.0546875,-75.45778965254746,-150.3521276300022,-89.28836991844683,-142.0184565341886
17480.46875,-78.080697916879,57.48446467487589,-87.5538564977067,29.28620596388773
17504.8828125,-88.4331906322515,-104.3890276225879,-88.64365495655464,-159.2862869369267
17529.296875,-90.01317427369028,-38.17747400266752,-89.08243189357002,-11.28030298374515
17553.7109375,-82.01299699621819,139.6994813673164,-85.51464587565773,136.1329992618098
17578.125,-75.99779850127165,-32.81136532375843,-82.01798826688668,-57.96231340906539
17602.5390625,-75.28995988032629,151.6019394091723,-80.74704711439034,119.7473751955605
17626.953125,-81.19771770730159,-36.70103627782998,-81.96221597963978,-60.10893112258131
17651.3671875,-92.1928396972754,69.69496089094028,-85.41326804013087,115.1198156014988
17675.78125,-77.38266626721635,-151.9880547646416,-94.09205180857738,-56.36590436301833
17700.1953125,-70.88994562850856,33.64596073715345,-93.71970342100121,-110.9699048463844
17724.609375,-69.91840438227946,-145.0174182755061,-88.20066690099466,88.44622872679139
17749.0234375,-71.58695961058453,34.926350442387,-88.27989368407941,-92.72501691055854
17773.4375,-75.57511155273039,-152.1516012845166,-91.06324853836982,65.85521930801715
17797.8515625,-84.43545170845906,-26.91675738211199,-93.84818910075181,-147.8182001148979
17822.265625,-82.93093726216235,72.59646964653304,-90.98293054876002,-6.706353872214279
17846.6796875,-85.92431750468228,-150.7097374799318,-85.72770297834168,158.4906925590093
17871.09375,-94.18152464954106,-74.89916768435326,-84.27154065367063,-25.69051339867076
17895.5078125,-80.50379552241564,54.03646615792518,-87.11463284257584,157.4125206808566
17919.921875,-57.48504106228687,-68.68347957794762,-93.58321205409479,6.280806316106218
17944.3359375,-44.2677034670831,115.7252004078464,-90.58210477408097,-90.34363255373189
17968.75,-39.12753725736539,-63.58918382577142,-84.4418343279894,103.1262549861678
17993.1640625,-38.32607676809492,116.5743090147492,-81.87599860714904,-80.86931644538926
18017.578125,-38.39609763709471,-63.23160229240707,-80.95610334707523,101.846020167551
18041.9921875,-40.58105780646031,117.0518499748326,-81.0300500552635,-65.95733737896656
18066.40625,-48.79988506097155,-63.34145804519203,-80.93816183067317,119.613491683383
18090.8203125,-68.35837254700041,102.08890131605,-80.81477815318379,-63.01304113216716
18115.234375,-76.2863327054487,-176.7822133365104,-80.70331692832167,108.6124029197818
18139.6484375,-73.64819102844704,22.03470269849919,-80.50716893063139,-90.22313867122418
18164.0625,-70.92975516392043,-149.4588193261403,-80.25001902116911,74.13497729502001
18188.4765625,-71.1766599012108,39.27679605681261,-80.86848621450913,-107.6131222984226
18212.890625,-74.11995878244731,-128.6042308112002,-82.98295553025297,71.24297394549667
18237.3046875,-78.78456077423438,53.24247379484009,-86.85962589128984,-117.9474818864778
18261.71875,-85.86436125666738,172.4073651031745,-90.14119082982687,53.831921482961
18286.1328125,-78.60217771751994,-67.71903960371182,-89.67858847016829,-142.863074855458
18310.546875,-76.24493328906701,120.9531272355447,-89.90438000081906,26.08140051097829
18334.9609375,-74.52993735468294,-29.82536157613992,-95.04239542152399,-92.79996878605357
18359.375,-72.76736204119304,171.9840131259359,-86.71897863644135,143.5911851983502
18383.7890625,-72.09636488249477,13.47731366536998,-82.81322348163505,-30.91004187815231
18408.203125,-71.44141277313439,-149.1516517282454,-81.92035115694318,144.5095820985003
18432.6171875,-73.058947296371,37.13349176852528,-84.89302037978172,-51.02591786910567
18457.03125,-79.42524376812868,-138.6589841198132,-90.06270635718023,77.11304757526446
18481.4453125,-98.22995406278282,-122.9844061920505,-90.61740734574954,-167.4287380535725
18505.859375,-79.3947630502434,39.65031422587501,-89.63683018794319,-45.7715195950565
18530.2734375,-76.87487287934894,-157.0452708833015,-87.4613480737821,92.24583787026916
18554.6875,-79.35469659457698,5.955497812488268,-87.32169106162694,-115.9444156756373
18579.1015625,-84.43621232651003,145.9992372582754,-88.92131646908894,42.35928289903267
18603.515625,-81.05102043485459,-87.14986592141763,-89.07351481801945,-128.8806035818918
18627.9296875,-81.18416995167252,60.96972636989413,-86.3041230971663,75.79825604038908
18652.34375,-80.49644803103621,171.9447316304024,-83.8680540466386,-104.8941708382135
18676.7578125,-76.42528296024211,-21.01550478948944,-81.93345553100534,62.30465686642543
18701.171875,-72.93987492233907,167.7268722348866,-82.08342174598933,-121.0403108439869
18725.5859375,-69.66136318906473,-16.16555435414413,-86.7388266587791,43.57365320964933
18750,-68.47008987703754,157.0934136806105,-89.44766338641266,165.5278727338332
18774.4140625,-68.02468541173346,-27.54029733850903,-92.1194877084743,-28.93124829555296
18798.828125,-68.47755845148883,146.8559256619238,-99.75628803716552,137.6549219506861
18823.2421875,-70.4934460602897,-42.55527185130147,-99.55021592682837,-82.03323510503775
18847.65625,-73.48059269669521,117.6431380822858,-96.56941917054701,36.84858812013857
18872.0703125,-76.09443119798799,-110.6688243580429,-90.15245643313639,-170.0490480986091
18896.484375,-71.74146746266635,9.988379333283904,-86.40243535148255,-0.8660727814560152
18920.8984375,-52.08815026839278,156.550213037346,-84.04521902446683,173.8000404556089
18945.3125,-39.90573914349334,-25.90041577990785,-83.09275950212935,-3.867408008491895
18969.7265625,-35.13934525505598,153.6721342588857,-82.60960055177392,-178.3507585302656
18994.140625,-34.4675052476823,-26.52629173930042,-82.64305345943804,9.438723777342023
19018.5546875,-34.59871746213537,153.4743328633255,-82.42900780255326,-157.3484080343951
19042.96875,-36.98133328728227,-26.38141204115083,-82.36256587820111,30.48157259577311
19067.3828125,-45.54032908728673,153.9653586630733,-83.87236876871788,-156.0291904435234
19091.796875,-66.4441235224017,-22.89408693023702,-84.74896802416445,6.010123625991473
19116.2109375,-79.0352014174964,-29.5310533546525,-84.13955657201605,179.3904069742439
19140.625,-87.60257214272895,176.7868946238557,-83.42370622841,-9.864182170112226
19165.0390625,-81.73776656297113,116.8934014993102,-83.00383887154138,149.7947038486597
19189.453125,-72.68480280542241,-55.08334606636569,-84.35092468948035,-47.38816232563887
19213.8671875,-70.33894874166545,122.0806094144085,-88.43906115892479,111.8195751918058
19238.28125,-70.60228450459549,-69.64221008037306,-96.17653832440519,-120.8890047476315
19262.6953125,-69.15317865014258,89.71435230686191,-93.31144918143417,-32.19540022047607
19287.109375,-68.206863795795,-108.3924590843637,-91.77737955794761,132.4860980018945
19311.5234375,-68.93198669108054,63.55644032120316,-92.26900557516933,-28.82033162141791
19335.9375,-70.84214613666754,-108.5949221144097,-88.09956160981241,-153.2667866667386
19360.3515625,-76.13494809604562,93.84536920982498,-83.65120470947983,57.03976897198224
19384.765625,-79.97544736366795,1.825483179389732,-82.91417505583537,-113.5625312650472
19409.1796875,-75.8199740907765,-152.5322202092337,-84.49926027976096,74.65173752015072
19433.59375,-77.05668922639974,29.683233948153,-85.69437800858549,-69.29849733809293
19458.0078125,-79.0318216810973,-123.5488813099528,-82.95423567932079,128.3030706370316
19482.421875,-80.83270476652729,93.26735028958278,-81.90403831028277,-53.67687483761048
19506.8359375,-93.15546153054136,-79.11402248516804,-82.40934921909103,129.6889775073135
19531.25,-85.89163514142838,-33.67009920573471,-84.40058668105075,-39.42460962416815
19555.6640625,-79.13715466529086,138.4573518867753,-87.25529125184904,-178.640662347252
19580.078125,-75.3449255134454,-36.78735414375331,-84.2411063950391,36.518113745434
19604.4921875,-75.39462928183835,143.0954085150494,-81.71235870409204,-142.3165769162164
19628.90625,-78.61518888092229,-48.70768594043527,-81.11340423758158,25.44820491849936
19653.3203125,-84.75867124394136,96.63352333386399,-81.39874207618206,-168.1531366392067
19677.734375,-77.58384629118999,-118.1970015028712,-82.5840342816814,3.141228649407905
19702.1484375,-71.66055895476916,69.82197717965792,-83.58562192056047,166.7051158562225
19726.5625,-70.18729338294068,-107.9793204505235,-84.18360643452596,-23.74456383348981
19750.9765625,-71.0071323466929,73.89878379586597,-85.84589767391394,151.4329095453982
19775.390625,-74.27828568313151,-100.437040256556,-86.22060239011434,-27.27937442984663
19799.8046875,-83.85176147603063,95.75734449405131,-86.30418171454055,-179.9802655292911
19824.21875,-85.40263926735855,18.485572353472,-85.76675157547868,40.48251552714973
19848.6328125,-80.38807369073703,-165.2613642861687,-84.58972839475634,-108.8670660893495
19873.046875,-82.46209895003638,-2.641592660803126,-83.49256073240258,81.6924094606686
19897.4609375,-81.00688083012764,112.0997077505702,-84.14100411010915,-99.46402956771816
19921.875,-58.26616242384404,-57.58609661579999,-88.23886546399592,85.01631178962926
19946.2890625,-46.03542654195835,125.1104614455965,-96.69373924509389,-94.5930905463739
19970.703125,-41.40325207510917,-54.34531533773097,-97.19312211536213,-14.8176983135426
19995.1171875,-40.77201158644036,125.76472139535,-92.92819238500945,114.2661420677428
20019.53125,-40.89423481354703,-53.97622650395977,-91.18882160333442,-103.2892979413718
20043.9453125,-43.44166661083137,126.4093800577282,-91.4122031753854,65.21327309442925
20068.359375,-52.32117615948318,-54.37745702324102,-90.39462660795664,-146.2105463680506
20092.7734375,-72.78422517813758,97.89340828652118,-86.06237284532432,-3.272930495609257
20117.1875,-76.7860658799906,-160.5988240095538,-82.60029196189684,161.4064068474874
20141.6015625,-74.69482509280726,42.56900572573895,-81.95818139282478,-23.45246069053492
20166.015625,-71.86763006944743,-123.7102280517647,-84.83656411813959,151.9689592979592
20190.4296875,-71.82816907640689,68.97444860524799,-91.87555156268917,-59.8005387473586
20214.84375,-73.75948798429515,-95.54662805632348,-91.50925933723599,40.1760772064966
20239.2578125,-76.36847874797881,88.27442583192712,-87.67410257757194,-161.2186247442989
20263.671875,-81.60210459117479,-113.2211714773792,-86.18547514389201,23.18192269266309
20288.0859375,-85.11631299638708,-16.5346940180119,-88.78963122138727,-159.5836399533483
20312.5,-80.65086271306008,153.7200402703848,-92.00865674252675,-7.55345554954706
20336.9140625,-77.04198395682242,-0.6226512175771056,-92.66669777681052,179.5354590193135
20361.328125,-75.03333318990551,-164.7754100993979,-97.63018125063276,91.40284446621801
20385.7421875,-73.98067862802347,36.48649766173034,-86.70409878551206,-44.60989693413035
20410.15625,-72.50885515838731,-123.9253247302071,-82.51885648224101,130.0856147494957
20434.5703125,-73.48781364254469,67.82231696922192,-82.12567135956019,-50.4843595439525
20458.984375,-78.40126410433064,-95.04628611963984,-87.15420140438036,131.6507412324159
20483.3984375,-86.66987172611564,150.3054495186577,-102.3083869803621,147.6687423447294
20507.8125,-78.50222091565919,33.63581345755217,-87.3929375818667,-51.52693931449975
20532.2265625,-75.05623315548384,-149.5968771694021,-84.37652104635714,119.1396024048076
20556.640625,-77.10020400694535,14.79309299330913,-83.48640157669847,-62.80276498069994
20581.0546875,-79.68157800394339,152.9394392658208,-84.17393865295723,116.365977122021
20605.46875,-76.37482707711308,-69.55703111641041,-86.57801865645455,-65.49969662621874
20629.8828125,-74.87674480450664,82.00660198406342,-89.3227342126348,133.27294773378
20654.296875,-74.97633489929987,-129.1842210500079,-89.30056715522713,-30.92621492765414
20678.7109375,-73.8858264063544,41.23338511634844,-92.33104711080856,163.6825295096471
20703.125,-71.79243934301405,-138.6686906412381,-90.08722472442858,12.10502919758049
20727.5390625,-70.08563922557104,29.39951225392071,-86.99487004630689,176.9299363622292
20751.953125,-69.58877473064754,-161.7635115115769,-88.35328653189711,-27.72927666364614
20776.3671875,-69.39914812382854,10.37495866226405,-86.39459934797475,109.8928075694403
20800.78125,-69.83691483395239,-179.2582237298136,-81.98025073545303,-91.97493150750462
20825.1953125,-71.86838507920089,-14.0709608694092,-80.2861511415955,72.94842640031149
20849.609375,-74.74529186337521,138.1957237607204,-79.53082570130513,-109.8028889541122
20874.0234375,-75.84255185669664,-84.94266231954479,-80.75412040952189,74.06917021907472
20898.4375,-72.4873451678405,40.52590782223143,-86.37202028591319,-98.57308949819479
20922.8515625,-52.46219557392508,177.2255352271625,-93.53101389221847,130.4589289152368
20947.265625,-40.81228932975927,-5.8194264477843,-90.60757491967907,34.01370844543405
20971.6796875,-36.48231332478365,173.6383814558962,-82.98653207176913,-118.0104157814163
20996.09375,-35.96166786366136,-6.589256419068785,-80.80811907322443,65.30641508221535
21020.5078125,-36.14608304282775,173.4360461293887,-81.70631780137407,-106.954096484302
21044.921875,-38.89791652564072,-6.427099057355246,-83.83198581033794,85.58832283832999
21069.3359375,-48.20751615390135,173.6211446053845,-89.33578197185528,-71.81643740079495
21093.75,-72.34738534533899,-9.533165049846817,-95.05342635427731,174.283784701277
21118.1640625,-79.96529719166045,10.80360930096214,-100.4906225539838,92.04546471578155
21142.578125,-87.14484162617379,-112.6253503505959,-91.12996586396149,-2.815411596533345
21166.9921875,-80.4488271373541,138.1222938275881,-86.18186335081546,-164.7645558382543
21191.40625,-73.79159423299875,-29.46718303351986,-82.34413771201483,17.92290789680411
21215.8203125,-72.5672468038985,147.5659452119647,-80.04161125968891,-159.0380119492327
21240.234375,-72.77017340193547,-51.23148244146938,-79.38850669303233,23.73044350620087
21264.6484375,-70.2623600577447,109.2629292669313,-78.8536266238652,-160.0001423502274
21289.0625,-69.16287639355652,-85.86839037359167,-80.07916609410522,13.21534669627435
21313.4765625,-69.69351611604576,85.24302683746109,-86.06151389226255,-178.9330238597782
21337.890625,-71.85640702144637,-88.25022476171318,-93.95821527016837,-68.58873617697843
21362.3046875,-79.32930856177967,109.3892215130005,-87.55134329735462,78.09332033587721
21386.71875,-80.76962488432193,74.61877695323192,-85.86572977108813,-92.84782151525984
21411.1328125,-74.18020205193017,-99.57187195218773,-89.2508860288616,129.3734666376255
21435.546875,-73.87873039048492,80.71718626668965,-85.52654258433323,11.39214005965618
21459.9609375,-74.13903644217805,-84.64730724988829,-83.11336446701959,-164.783219795296
21484.375,-75.83833794451627,108.3707026203141,-83.95781004038139,2.350276395511799
21508.7890625,-80.48756687859402,-91.59494734470967,-86.66413113678854,154.7671283963179
21533.203125,-79.97584468555723,44.63173789829105,-86.08424970621014,-67.30635969171477
21557.6171875,-77.63432856577178,-160.846122919554,-85.22550218603774,111.0243107215966
21582.03125,-75.30896889928427,14.32190619607996,-86.05936850082438,-62.45450353204001
21606.4453125,-76.69963100070596,-164.6540790910728,-88.39121916114377,109.5918717598784
21630.859375,-84.22765771581824,8.426021979976875,-88.74015989748796,-51.1194093637926
21655.2734375,-91.86273440618231,49.55325973680857,-86.09831104515354,129.5116153862913
21679.6875,-79.23780866889314,-102.7336105313855,-86.80218890718642,-86.71313754241987
21704.1015625,-72.94820898762619,96.96770601722525,-87.26753948800521,62.43709330882677
21728.515625,-70.95513110904362,-79.95878052442394,-87.52850382861816,-116.0245112099873
21752.9296875,-71.56661501527077,101.2009815172157,-85.38158476786685,69.12646919097202
21777.34375,-75.40341479938876,-77.7830042292245,-84.68568858997982,-108.742570624201
21801.7578125,-87.8023283136254,85.0668918545695,-86.01881914955861,84.37360662445283
21826.171875,-86.77454410273391,105.6458866971625,-88.84466780196695,-76.82512095699227
21850.5859375,-83.73054838414373,-98.94032827153093,-95.82864590263851,-174.6194440523976
21875,-90.37759222515334,70.36442132601897,-85.72756037724503,52.64824099112438
21899.4140625,-81.33709248473798,110.5212352264564,-81.18749139915312,-123.8749131275987
21923.828125,-57.90578750308352,-47.28582380738938,-79.53792630326548,57.50764955433674
21948.2421875,-46.44957002963898,135.7679154415425,-80.34639501069832,-127.4038541513606
21972.65625,-42.28730781945504,-43.47433981860974,-82.36385130625129,45.73834049425435
21997.0703125,-41.79172607502524,136.7834501465086,-85.20082106484551,-131.6460507814369
22021.484375,-41.98536317449754,-42.92982641467719,-89.75303219171857,64.03893429639841
22045.8984375,-44.90894771170554,137.3568241877593,-93.78595223356562,-76.85216841147646
22070.3125,-54.32142899400546,-43.33293890022606,-92.72675049173033,148.310916358016
22094.7265625,-74.20710657601829,118.1158740137808,-90.84014372693149,23.96661936879438
22119.140625,-81.49654905700275,-110.4912844278513,-88.55788089932409,-108.4763955255829
22143.5546875,-77.09119186976979,88.1782470370903,-88.40740693779247,100.1538562675209
22167.96875,-73.93959724831572,-87.47296533905551,-88.85890831502344,-65.00245504798114
22192.3828125,-73.87725861426158,95.18795532022419,-90.7284216889886,130.9021515123958
22216.796875,-76.11254680125563,-82.71016676638978,-95.8689668307739,-25.67873836949125
22241.2109375,-79.11602467282093,85.69102577919867,-95.68182893446361,178.6790214687313
22265.625,-81.60158741055285,-138.8297384717478,-89.61608389364402,24.46242107083148
22290.0390625,-79.6362712603184,-10.89091493156427,-86.41301119286241,-136.7415236814425
22314.453125,-77.97143754745181,167.6897801370443,-87.54716587789241,53.97458996534506
22338.8671875,-76.74724209743249,10.50582083763722,-93.9211773938321,-104.588669003703
22363.28125,-76.9258633295004,-154.5580736403159,-93.47754758621284,-139.7500861048214
22387.6953125,-78.88189771171344,59.82302517912309,-86.48101064248709,65.89944747895703
22412.109375,-76.85756781117101,-79.79069076800066,-88.16588261629954,-89.08859976592565
22436.5234375,-76.57057387008447,121.7855655236121,-90.91105416501306,155.0790975327345
22460.9375,-78.29857160163145,-26.47922078608893,-85.56075283253179,36.54256756902077
22485.3515625,-79.56614238551694,-167.0529474723641,-81.75475167055971,-127.1510568677937
22509.765625,-77.62424852253817,47.6529190662262,-81.05685136009895,52.55353111231317
22534.1796875,-76.41028706393978,-127.0650725341937,-81.17489781640982,-133.8784939906877
22558.59375,-79.95048038682179,46.11365412926509,-82.29642303840761,36.07817993003693
22583.0078125,-86.77000969065898,168.9041913530712,-84.44610256366065,-146.5062177189349
22607.421875,-78.59586490492411,-73.51605067744272,-87.49041062188986,47.99966419911528
22631.8359375,-75.10810661502725,80.21538654989588,-90.14267010979808,-64.9230192376498
22656.25,-73.06812837298709,-126.9801490478558,-82.83127177636486,156.2397275001138
22680.6640625,-71.61082546271358,50.85312862801846,-79.44906917429319,-15.9731013466134
22705.078125,-70.38548004651855,-123.7230831988028,-77.63509504099845,166.0422988661544
22729.4921875,-69.19880008238701,48.68855399649692,-77.09631758304361,-18.3909843182184
22753.90625,-68.99776377787737,-139.7739981130408,-78.56678100207409,150.4947954495087
22778.3203125,-69.32138216887235,34.51236919055671,-81.20574519202549,-52.47656190717061
22802.734375,-69.83755579128503,-153.8454768284827,-82.94648495719834,89.13100411756753
22827.1484375,-71.30265646822878,14.03907739800268,-83.35045679771518,-122.1022271043835
22851.5625,-73.72446320042742,175.7903544988303,-85.11263480563682,40.91812165043295
22875.9765625,-76.29052529435904,-32.14340818988081,-88.16079517707244,-153.7097148600901
22900.390625,-75.54342098399707,68.1644186470436,-91.86873822859688,-2.886698842305997
22924.8046875,-53.34507156796079,-162.7198653804277,-91.46702710356904,156.690371836189
22949.21875,-42.23550743345163,14.37750750418327,-93.13020858718639,-9.743971594865503
22973.6328125,-38.32128021192628,-166.18104653885,-103.4580581793974,-139.9668566563361
22998.046875,-37.92135851692564,13.54567482300836,-92.70846699711201,128.5148770207522
23022.4609375,-38.17030164059677,-166.5160546430862,-85.11221559728477,-46.81068921478305
23046.875,-41.30290728940967,13.57691339051565,-83.23569077239105,133.7989599001514
23071.2890625,-51.32380909974701,-166.800560934541,-84.03649837495044,-55.0935875953916
23095.703125,-76.92937529219988,-12.21062746684713,-83.63304180001244,120.222322777933
23120.1171875,-81.56086014311401,81.38839956702969,-83.74718325137732,-48.88753929037664
23144.53125,-80.65573583116057,-38.66883517536492,-84.66898366346655,142.5881388551793
23168.9453125,-74.92378359784855,168.719924452775,-86.19026612451135,-40.13536205590888
23193.359375,-70.72306732548694,-2.181131140109882,-91.68559002773998,142.676953422479
23217.7734375,-70.30493593322031,178.1254917932266,-103.130175324094,81.1245976947135
23242.1875,-70.9819980181243,-12.50100402676529,-91.33193985029551,-41.11453896426971
23266.6015625,-70.22820202822378,149.6734839663006,-87.81896966882272,136.1760381623523
23291.015625,-70.40245613074046,-48.42328236263012,-88.11475756801441,-62.46968165447834
23315.4296875,-71.56534317635025,122.6489148069852,-87.3758743392516,109.6064091345862
23339.84375,-74.47806029023315,-48.75407611240928,-84.72835648356656,-65.17973852082562
23364.2578125,-83.67544543099037,161.7681067001901,-83.95245630787143,117.4067631053161
23388.671875,-81.61440816919047,100.7993688961642,-85.57452359514359,-49.49285421113993
23413.0859375,-78.56784839262376,-73.15239175800403,-89.21213388490088,166.6483817750845
23437.5,-80.96157843480357,108.3483368819297,-90.70238420691754,40.55273161569639
23461.9140625,-82.42722951838277,-44.05249900520875,-91.00397154446368,-103.7985097863256
23486.328125,-84.50904175809684,160.1189377229308,-89.87978429818548,121.746780410487
23510.7421875,-92.68959063778341,-95.46893018428726,-86.95622094964958,-20.33382167800889
23535.15625,-82.72520150109315,44.37983621522115,-83.09568219343772,-168.9544227651856
23559.5703125,-79.63050123161911,-145.9762450709723,-79.91933779160271,17.10358987807292
23583.984375,-77.77606181986141,30.78449692131819,-79.240984599641,-166.0757730206338
23608.3984375,-79.17702494077035,-150.5379685352908,-79.68265911866173,13.30294385545295
23632.8125,-86.08976367784058,25.24444872145521,-80.04999797585207,-174.7480100234431
23657.2265625,-98.07788604720947,92.55215268896991,-80.48282260069539,-13.17576092137131
23681.640625,-83.35078282065014,-62.59057343064308,-80.74526583208382,146.7087085048483
23706.0546875,-76.31341170258899,134.9562178847097,-80.19811738105759,-47.99361770191433
23730.46875,-74.02558768166858,-39.22456154332179,-79.75686081189012,122.8353126845437
23754.8828125,-74.40205217521525,149.3585420357521,-80.87994514979741,-66.10641934279555
23779.296875,-78.45041944783975,-16.27805572968703,-83.50195513183235,104.9223066192835
23803.7109375,-87.33430112411655,-146.6795767483108,-86.54857195101036,-77.98561724455824
23828.125,-86.52650575439964,88.08462452834743,-91.4633386480324,121.183413984059
23852.5390625,-86.69259005391071,-86.61822106992427,-95.17588279791141,-6.481315360838095
23876.953125,-102.3674531501592,85.51775497344478,-100.9745350516978,-141.1331730913348
23901.3671875,-77.95563865354987,137.5975076660767,-95.53696480003356,88.8542266893438
23925.78125,-57.19597729516535,-28.09025703317628,-92.58117212258352,-98.58800662492227
23950.1953125,-46.6014468076507,153.5811971169555,-100.2988793956615,56.03234154848741
23974.609375,-42.90426083770078,-25.92282461701443,-95.67603909640704,121.3106150119824
23999.0234375,-42.53464042397155,154.2539378177283,-88.52864238701125,-78.91872865537144
24023.4375,-42.81189756578026,-25.74443485017811,-85.87145539638514,81.28430143282067
24047.8515625,-46.14478465600385,154.2837803325742,-86.9254279677112,-128.0473353119257
24072.265625,-56.29663310813854,-26.69215262599777,-88.53435256912162,7.368696888587711
24096.6796875,-77.93686571401541,123.9550667006971,-90.51129741018113,141.2300057969906
24121.09375,-83.35366342659078,-113.0722724073885,-88.39182231252565,-128.4930831492808
24145.5078125,-80.44471880747469,105.9208502342,-82.22003419302257,13.52096274200747
24169.921875,-76.09351144549989,-62.71036606074158,-80.19851652270005,172.1292298694622
24194.3359375,-76.20762879966256,121.4150409238813,-81.17140655288472,-21.31938597129487
24218.75,-79.91876183525062,-55.8009257567571,-87.06094078443685,134.8870228552209
24243.1640625,-84.37459955660005,98.74958964625898,-87.84495624510045,-133.2503220804184
24267.578125,-84.03371742709268,-150.6145434907257,-83.89094158845609,15.803078294891
24291.9921875,-79.05953467164628,-9.444138007754157,-86.2582881961165,173.6054749359969
24316.40625,-78.73142991492379,178.1160910897883,-96.84592195126874,-80.2134434109354
24340.8203125,-79.68751861094185,32.47862217009511,-87.77075158352014,11.77457290990062
24365.234375,-80.19080994563355,-127.4512513653968,-82.97903964873868,-176.305998138258
24389.6484375,-80.52118062349498,87.05508876641073,-81.51330823096959,-1.927900498670565
24414.0625,-77.12669612917742,-58.15034805964483,-83.13975587199097,165.5270293077906
24438.4765625,-76.97495329385559,139.672913195307,-86.98329264859993,-28.02898988049716
24462.890625,-81.0905505046229,-17.09833735113655,-96.91984306333481,146.6751736995965
24487.3046875,-88.0717335347592,-149.840217846873,-92.73623051021238,163.0528592044292
24511.71875,-84.06226193886073,102.5363189329109,-86.29778627696182,-21.14663780105958
24536.1328125,-81.82126463825878,-71.63728349590545,-84.50164067545626,144.6779712464673
24560.546875,-88.73725970839807,101.9188341617914,-84.98876915411657,-40.69998659153264
24584.9609375,-88.38689372655841,149.0802934674985,-88.27019922729127,149.2164326345244
24609.375,-77.96346314996144,-38.72869750810308,-89.14416608957603,-41.8928322116538
24633.7890625,-75.44308454300035,128.3147174472119,-90.81287251775434,131.760444170871
24658.203125,-74.77540495808915,-75.59225288820505,-94.30325054378834,17.65393724539743
24682.6171875,-73.18436185460375,103.008453512997,-89.22935908191889,-145.6402864206163
24707.03125,-71.79433185935079,-74.58390495614081,-85.34872973981577,35.28326087483958
24731.4453125,-71.27689015347084,92.10862556796016,-82.22775165811071,-140.8562874369449
24755.859375,-71.83114915329054,-101.7356862361774,-81.65934385534396,30.57821931117222
24780.2734375,-72.83584270773652,64.20762312514333,-82.04170913139447,-169.3606473373549
24804.6875,-73.52611378894179,-134.6793987443753,-82.39205177955665,-4.899378199291802
24829.1015625,-74.65951081219882,23.99872959062131,-84.30187866505663,168.2285266057419
24853.515625,-76.14562914639883,-179.5511443526192,-87.16813451948391,-16.28451952828898
24877.9296875,-77.25971682989658,-21.54201468544071,-87.9677774329423,162.202384428776
24902.34375,-77.1340494460423,81.65303103811317,-88.0160827482991,-24.67126351615358
24926.7578125,-54.5833379589753,-146.8476141936892,-86.21887689687456,132.4774595156506
24951.171875,-44.06618186590497,30.99303830423123,-82.23839239266039,-62.19957778110749
24975.5859375,-40.55925479988317,-149.4461496247,-80.31129682036634,107.2484657651543
25000,-40.27040266545058,30.24054879752496,-80.53475048829326,-79.85739832963026
25024.4140625,-40.62171311269545,-149.8365620018363,-82.8140260737065,97.68359186424503
25048.828125,-44.21513451095944,30.10438995854743,-87.14419858531046,-91.58798197827015
25073.2421875,-55.22489081158536,-151.9377128835423,-92.74285337042619,61.0963271982239
25097.65625,-80.28794098823668,-54.54434476063315,-99.65895913848158,-156.8696979413909
25122.0703125,-82.12474347567371,95.620196078093,-105.829174185236,68.7297023034662
25146.484375,-81.77029918650544,-7.794596720198906,-93.78121667737281,-111.7573249326958
25170.8984375,-74.96568515907316,-161.2877743523809,-90.14243549555395,48.06202251834638
25195.3125,-71.22544684614682,27.62997659369785,-93.96432806552035,-158.4886104509528
25219.7265625,-71.29030065291369,-153.5296057825399,-94.20479720212234,-33.70441532145517
25244.140625,-72.36634233899264,13.16442536373352,-89.24722767382636,146.8465183457246
25268.5546875,-71.80994729494722,172.9938397356083,-90.49555445606885,-36.99109437092978
25292.96875,-71.33115657824354,-28.04609077801231,-101.1762722658726,83.07353459873738
25317.3828125,-71.50820079316057,142.9940875239121,-98.43060347427229,131.3568028941509
25341.796875,-73.56185025938797,-28.03101350746054,-93.74515007404547,-99.71467559047714
25366.2109375,-79.42295273632313,174.8161483137058,-94.28288878386152,59.72411299377781
25390.625,-83.88714182108201,84.08642327252947,-96.65950887090057,-115.0918990733353
25415.0390625,-79.70337932781516,-68.19825082945337,-96.37330945352802,107.15519137922
25439.453125,-80.88895404690382,127.7350203634196,-92.62085254762552,-52.87344713573317
25463.8671875,-80.50654987830856,-10.35474052124922,-90.01146630706062,129.7714695684165
25488.28125,-80.35320146084749,-164.7215353716329,-88.41481559557377,-47.45414422804304
25512.6953125,-86.01028413884609,8.484089913904636,-89.38305471475351,117.0868031209861
25537.109375,-88.26282046588463,89.2945448095747,-92.49185275262811,-90.95066800209987
25561.5234375,-81.0827568185195,-131.6468171150531,-109.6305844763701,53.70315602890191
25585.9375,-78.51767509463396,43.4433420651398,-92.09788521726345,90.65916811651223
25610.3515625,-80.21844414537168,-134.3156340763524,-85.69270860842623,-95.7654859369018
25634.765625,-89.71437845488043,56.60908521695364,-82.61999949441537,77.65569260936165
25659.1796875,-90.05383241324711,48.2590420215184,-82.12157445354791,-103.4990592703806
25683.59375,-84.8847307760188,-65.77266843580497,-82.74361505724889,66.39023846810376
25708.0078125,-77.58593283671111,149.8561819544265,-83.41231021398512,-132.6621618866124
25732.421875,-74.59404113806227,-22.5750903781276,-87.56315349107706,26.72915435740553
25756.8359375,-74.83348730213166,167.7822472073123,-90.83375546272201,143.5095375986752
25781.25,-78.14691191551142,2.551343827637947,-86.2957218384708,-69.81575716795062
25805.6640625,-86.27569654231566,-145.8938880155797,-84.13222862393982,95.77750202106994
25830.078125,-88.12674468185433,113.9232783082659,-84.07063917476457,-89.15565370078319
25854.4921875,-86.81941311535454,-25.80217679550977,-84.60315063532691,102.9687875959758
25878.90625,-85.35271272679614,-154.296084670164,-84.3941468440338,-50.09629845180932
25903.3203125,-80.75096886869581,129.4460731501667,-85.18704466881368,145.6336653985207
25927.734375,-57.67145910007859,-9.823187257031478,-87.96246001257887,-51.30597368626249
25952.1484375,-47.38479396254451,172.8894869844382,-89.25699763827711,92.45136028676984
25976.5625,-44.03261486432663,-6.389515005790674,-88.29590715571571,-130.4055296714609
26000.9765625,-43.73159810605092,173.8239093700303,-84.65887527209605,28.42269317315242
26025.390625,-44.07864301959826,-6.096352181068919,-84.08937331734805,-153.9355859986206
26049.8046875,-47.82169419943077,174.0956335636659,-86.18497541498169,28.37669315724215
26074.21875,-58.79531413082746,-6.317548581100254,-87.59429149931276,-149.6118739316021
26098.6328125,-85.35841524439593,131.8154506329195,-88.59565506421988,39.41195469125527
26123.046875,-85.37630060806025,-129.7598472987068,-91.3707023716586,-114.4727375452149
26147.4609375,-83.25938559038445,112.9839983899603,-95.95495414356503,86.66107270164714
26171.875,-76.38511492589694,-42.62977858038845,-103.1197674877651,58.17593731934873
26196.2890625,-74.56829473663578,145.15817437475,-89.64192624692372,-123.6913517755305
26220.703125,-75.45062111423584,-31.5102291141402,-85.91935230834538,53.18900071258501
26245.1171875,-77.16104355605799,136.7033413383171,-85.25046273524771,-116.4246092450143
26269.53125,-80.36785233157897,-81.7533459439744,-86.84293361959212,74.31523052785182
26293.9453125,-79.3894303966846,38.037576856748,-90.14228432945798,-100.202440147735
26318.359375,-77.27179774127438,-147.9106524609307,-92.79690622972281,92.35374786322839
26342.7734375,-77.20813168584854,50.80367013555354,-92.91769162360711,-84.78726816256795
26367.1875,-78.10006966537442,-115.0263019163594,-90.56768751467651,85.67664446218843
26391.6015625,-79.5522102840705,94.54806583482784,-90.89585870576772,-87.37194438454264
26416.015625,-77.58209081954523,-44.15741589335371,-92.63711205880922,125.8402175298496
26440.4296875,-77.44029784517525,156.8524937341518,-89.8540636338426,-17.51646986439489
26464.84375,-81.4565531777576,1.120651776542431,-88.41476085148877,-162.9874934294572
26489.2578125,-85.3209397844135,-130.0191324629878,-90.34301702171418,66.72946516363203
26513.671875,-83.37082881328136,103.1251885048559,-90.63705010473726,-54.65093960592065
26538.0859375,-82.70700823479308,-59.3261427412517,-90.73199178415695,148.4086916327298
26562.5,-89.25596656285302,125.9400847641054,-91.22430502860183,-27.80679657615309
26586.9140625,-93.1809236033419,147.2513552202723,-94.05295524989842,145.3571076107525
26611.328125,-80.36411436298951,-31.58075852493625,-102.4182490928455,-163.0109858383907
26635.7421875,-76.60421128387216,135.5185947504964,-90.86561248967439,-25.5558426465841
26660.15625,-74.73185261062096,-61.66518700589165,-89.09723250851341,136.2364168761528
26684.5703125,-73.48916568838935,122.1622795303294,-90.84460640665314,-71.09776717150002
26708.984375,-72.63494599478716,-55.73154525543238,-91.50420495381594,44.61872261259285
26733.3984375,-72.59553914938371,110.1049352498757,-86.44313947373114,177.0389607205167
26757.8125,-73.47425090109854,-86.03780497550575,-83.90128796713525,-21.07920725450451
26782.2265625,-74.41426516822858,75.23081471036451,-84.47851684167887,155.5541271967818
26806.640625,-74.621292153883,-128.1563697596673,-87.69375007441351,-15.9882402621493
26831.0546875,-74.59158842610452,33.07896899464368,-95.50147070313584,-158.3940168466706
26855.46875,-75.24118254643118,-156.3292697893833,-93.94344626486431,90.20520804546658
26879.8828125,-76.78191993785121,22.02364272774637,-91.71162851723017,-82.70152924014971
26904.296875,-87.3539311201487,78.08253889018215,-94.79900730707914,129.0890890568159
26928.7109375,-55.70494448285562,-137.6891377220689,-93.72450602264179,7.93998713479158
26953.125,-45.62473109722441,42.29157704706878,-91.07087884060932,-160.6811014880956
26977.5390625,-42.48261696407845,-137.7118818726234,-88.66386434989386,21.31897829521065
27001.953125,-42.27281913125263,42.20123634198115,-86.53616337867101,-173.9865068690341
27026.3671875,-42.73601398109795,-137.6349002472307,-85.1852361210077,-9.736497340784032
27050.78125,-46.79279184745787,42.40843804836064,-85.0241627251778,168.2632232832752
27075.1953125,-58.7567301114627,-139.8434757720521,-85.6213505693127,-18.73748063112511
27099.609375,-82.78887443583116,-73.74978184091738,-88.98408399867731,138.1425589411932
27124.0234375,-84.13225551686836,110.2504345123634,-92.18598484115431,-73.03903775431318
27148.4375,-81.61364984076877,-6.326110115674777,-89.51098405960695,87.23834012095611
27172.8515625,-76.62699549604321,-156.4875721574106,-85.3865993110678,-110.6790407532677
27197.265625,-73.54370147541469,40.25991319457523,-85.24702202733792,62.34346883668885
27221.6796875,-73.8245720123322,-135.6228177026471,-89.94712231007802,-110.1233057193819
27246.09375,-74.70693412688081,40.83880428483133,-99.32725972956797,74.53324412477689
27270.5078125,-74.8466419322498,-152.5827436555498,-97.39112326983698,83.22902453767709
27294.921875,-75.56679375261633,2.679407161639896,-88.92009733395619,-96.29754215740999
27319.3359375,-76.34836835907754,169.6862432404162,-87.27299624825064,110.5429110406963
27343.75,-79.60625691571849,-4.542726869280903,-84.82260170278296,-42.45026429733418
27368.1640625,-91.77387472717447,-172.6398876560606,-82.32505865717735,146.1704404712542
27392.578125,-86.78408057044655,163.4854165157299,-81.60015581099152,-32.52467231449052
27416.9921875,-82.98441657449425,-29.67170500722014,-84.16276443277404,145.0299987371303
27441.40625,-84.31588198341575,150.7340970081094,-91.48992504257137,-50.40348331204643
27465.8203125,-84.83159957976136,10.42118415823627,-100.3938927149167,-15.65960731448363
27490.234375,-84.81697937786963,-147.9116009725403,-87.69981033803316,123.6385218521128
27514.6484375,-87.35311122194349,2.758843210537813,-84.96437891031724,-59.77301407613802
27539.0625,-86.2192816390093,132.3478018928216,-85.61755835468063,106.7827562396325
27563.4765625,-82.6719314788763,-95.49539698699617,-86.34796057119325,-101.9378665903896
27587.890625,-78.8721664834755,71.44735533385996,-87.4745177494362,52.96879380051363
27612.3046875,-79.05415963730051,-114.9224655826209,-86.6488198676478,-152.2407781313668
27636.71875,-83.02029646985987,48.62182991667843,-85.24223344248391,11.48880443080896
27661.1328125,-87.37512690542856,-170.674752414894,-87.97704407463003,159.8118119719944
27685.546875,-82.89531534764029,3.273535366749228,-87.72669562636091,-86.03622037675069
27709.9609375,-78.26134154965779,-166.7377091218571,-85.14569765091552,61.54035891696009
27734.375,-76.51241870706856,22.93393736916424,-83.61004193805374,-139.0292810274632
27758.7890625,-76.77319273552536,-141.1795216798488,-83.57256219320739,19.70999815631411
27783.203125,-79.52787806423947,53.31088814100855,-85.22716476096079,166.1159776811901
27807.6171875,-86.72374347124213,-112.2541460347478,-85.32054548614698,-51.29315051288185
27832.03125,-102.3638780672299,106.3290210717619,-83.40297474897886,112.334085444658
27856.4453125,-90.84223698960081,87.15544139589743,-81.96265301751779,-66.38447836977873
27880.859375,-84.04473132668753,-82.45636959666442,-81.9649729274698,121.0242103603354
27905.2734375,-76.89218992810868,160.3570058417016,-82.28605617860507,-49.5903841229624
27929.6875,-57.77075575157696,8.744985370185214,-82.78355795387719,139.1308931934377
27954.1015625,-48.38661331798143,-168.66339882675,-85.36943629656804,-26.1996727281401
27978.515625,-45.46911966609106,11.9752916459244,-91.83644410952282,-179.0290080210782
28002.9296875,-45.2597076113278,-167.9190849817143,-101.4035445323978,130.5243904144762
28027.34375,-45.74094913530672,12.19807432867873,-92.67423203877468,-31.92294886620301
28051.7578125,-49.92347273449133,-167.5066836252562,-89.80171539831304,134.0840812757556
28076.171875,-61.55674835739239,11.47881310963014,-89.07050717281984,-32.27359379816809
28100.5859375,-84.47407575050588,142.4519149866597,-90.97147749573026,172.139360117761
28125,-85.30152218086663,-68.39212537238471,-91.31060232546091,22.1430286249521
28149.4140625,-80.86295547929865,134.7469542153782,-87.75499343285148,-142.3282978560895
28173.828125,-77.14124738067865,-30.31545233875084,-85.81686266915314,50.18452594007802
28198.2421875,-77.13495136691786,165.3734606085197,-86.6270979008729,-118.9329887052908
28222.65625,-79.25583179291552,-7.445572379641591,-88.97569147407096,63.96428862095861
28247.0703125,-80.54306297682358,158.9561091645859,-91.31674840841244,-103.9972722266711
28271.484375,-83.23712553288064,-50.13447592322019,-96.68183379846803,84.51635395166828
28295.8984375,-83.7122069993214,71.34739862449962,-100.4200873318043,-154.2142689224622
28320.3125,-82.02568317046828,-103.0480528954732,-98.47977091799888,64.10563255026798
28344.7265625,-81.41081043498282,103.532475442987,-94.29501999420549,-102.8478456682809
28369.140625,-82.34625407958448,-70.35869537695334,-92.58316506212607,49.91657692747841
28393.5546875,-82.38495047004251,138.952556066775,-91.76700330929179,-149.5111471148117
28417.96875,-79.08790101919581,-9.820049221764718,-91.36403918546451,10.83572391663486
28442.3828125,-79.910953667108,-170.7330969083493,-92.53738340513672,162.6946670340741
28466.796875,-82.96868752178068,50.89863327505191,-94.58596950890481,-25.33870174133725
28491.2109375,-81.26725819383715,-84.00982069502248,-94.46069032754698,-139.3063649716081
28515.625,-78.17305168427383,119.8885472849999,-90.58505197460156,71.29683086885458
28540.0390625,-76.80512071879616,-53.29553452036956,-90.79991902314647,-106.9885123598783
28564.453125,-77.979249500264,125.359204454761,-91.39748724202727,65.7228979447128
28588.8671875,-81.35535616576284,-76.68315607949468,-94.42305080213039,-95.50367600390091
28613.28125,-81.47807383413642,51.1002414772703,-88.82945422607264,155.2955186361617
28637.6953125,-81.3220786029743,-171.1868171280468,-82.44646417194477,-18.25146389041791
28662.109375,-79.01113737235318,-32.89052732139148,-81.11631296744125,157.1166978304604
28686.5234375,-76.43400782578132,145.5768436224967,-81.62158034424222,-21.92532501543091
28710.9375,-75.07854636972246,-36.48766068583232,-81.99674218572044,164.4213532645186
28735.3515625,-74.34562023192474,127.6912339846811,-84.34734761310014,-5.405858345161833
28759.765625,-74.56814827283607,-66.79366407754533,-87.4014182531922,-154.8858995453834
28784.1796875,-74.8990927626165,95.28274280589554,-86.16457129099642,40.42501558134207
28808.59375,-74.17916696907113,-102.9708121834747,-86.03641391669245,-136.199604918155
28833.0078125,-74.05704503734611,69.5148279545717,-90.65445545876763,61.48171221405529
28857.421875,-75.9914059547902,-111.3275945071438,-96.70936140050981,-44.56129824516042
28881.8359375,-79.82518315798019,73.5975983735334,-91.48591348391528,161.4539620386642
28906.25,-78.12384743294361,36.56932894293073,-88.77846669664675,-24.99579114579412
28930.6640625,-55.45167115604302,-126.8832744276002,-87.29059444685481,131.4042260862357
28955.078125,-46.31540885229711,53.88805067605043,-84.68933707936438,-93.53452171562726
28979.4921875,-43.6243498224723,-126.2127096978313,-82.80610020346987,55.87210791740505
29003.90625,-43.51091504177109,53.4383313342796,-84.05651729424017,-144.0756305879031
29028.3203125,-44.12243516705167,-126.8303761597637,-85.34418909892167,9.161451890866161
29052.734375,-48.66946923136651,52.26130261563141,-86.71280187542364,155.8502082798798
29077.1484375,-61.44223377488912,-135.4650820791028,-88.39623588920287,-67.8089687212864
29101.5625,-78.28558032495333,-48.9884802166854,-88.58378693318129,97.70333973651701
29125.9765625,-85.24016103416196,156.7978655865104,-87.67170545921562,-87.00476666629581
29150.390625,-81.45658874617922,50.29016750096377,-84.84367820387217,86.20543908790748
29174.8046875,-76.02707230438925,-114.0258510981043,-83.72102424712372,-85.65739445625842
29199.21875,-73.7155052402393,73.19256485645995,-84.73984929657639,97.00603809261852
29223.6328125,-74.80772365157084,-107.8387612816458,-87.09961856877297,-95.76996813681285
29248.046875,-76.26601116684515,63.12608205797846,-90.06983443528553,76.38187002515053
29272.4609375,-76.86431407764475,-133.7843687343288,-93.65276747002362,-118.8126177735729
29296.875,-78.02256629259111,21.24965144640846,-96.65164401653976,44.78086409120261
29321.2890625,-80.43745094523496,-170.2400813958872,-101.599233680598,-49.36581158187052
29345.703125,-88.44909012398445,12.87462126703796,-92.32310893028463,-140.7752507038757
29370.1171875,-89.87452478784218,17.9342500818117,-86.08166409003138,69.02691365975755
29394.53125,-81.7988588697423,-169.6764289185469,-84.64044909729465,-97.34301708496821
29418.9453125,-81.32857713430016,7.791190928612477,-84.9272881114623,99.30638619257613
29443.359375,-83.40872883267753,-154.5666158802059,-84.58249257993688,-69.82390794242042
29467.7734375,-82.48671679402821,58.41442180655902,-85.53158234355473,107.1109745962246
29492.1875,-80.8441790314964,-103.9438407606619,-88.02204600187628,-101.3054468976844
29516.6015625,-81.95625818995896,70.33042242974963,-86.48599949631591,34.94027464656402
29541.015625,-86.95085899312495,-138.7456038972826,-83.28824581352214,-175.7761218169104
29565.4296875,-87.67970668221493,-56.01276003659422,-81.22151484793707,-16.60605607268564
29589.84375,-80.73077821201585,103.2521620311816,-81.92701688845875,146.3187948726445
29614.2578125,-79.8264370975437,-74.62661906683611,-84.93674227355032,-52.45815709644886
29638.671875,-83.37258751412236,118.4464034335739,-89.5984129046025,89.23829909263833
29663.0859375,-90.18319642001128,-27.84677606966984,-88.83109444043643,-142.6812357035654
29687.5,-99.43415889206882,107.6248786441244,-89.76439566183687,35.18840626173044
29711.9140625,-87.28665370622275,-131.5164570291955,-90.86552387354044,-100.3542734952714
29736.328125,-82.23304119506822,50.45317895490267,-88.58595476459725,106.9725989865504
29760.7421875,-80.46254039613723,-115.7796915629415,-88.7680288663484,-60.97062393464508
29785.15625,-82.63757263652823,78.97526893532802,-91.98729866764003,117.7221986503735
29809.5703125,-88.66044740049099,-73.38708596656598,-102.3633300379622,-100.9130150965344
29833.984375,-91.9967010332351,149.0075669143907,-101.7429029919205,-24.68449202397457
29858.3984375,-94.67889776046995,25.6870646358023,-106.0646871857416,83.50765963765366
29882.8125,-89.68272274730322,-101.9548285273529,-94.30437411959642,170.4113306219714
29907.2265625,-78.86823931913395,-179.3999487923524,-91.500765259863,-17.79142404491488
29931.640625,-58.71191118095589,23.46560943299667,-98.57028529360326,169.472638650529
29956.0546875,-49.81503573460822,-154.0524602861213,-98.06189185883463,176.176829739477
29980.46875,-47.22263887613806,26.50374052464932,-88.23300379998909,-7.653226321429783
30004.8828125,-47.04439949501172,-153.5069480631736,-84.95990697192636,160.8530298998536
30029.296875,-47.63460036321402,26.5865652145414,-83.70949585377923,-32.08997910426152
30053.7109375,-52.23934188913546,-153.4943881893242,-83.78906516212984,131.3061420116861
30078.125,-64.73941292921178,23.15417503541448,-84.13858014308502,-74.26047665782221
30102.5390625,-86.82623495114073,100.0815336349424,-83.87604854551036,76.5039292369519
30126.953125,-86.30344281454832,-119.0503359508394,-82.74132828737763,-137.1642454832724
30151.3671875,-90.9758835853246,115.5996947565231,-79.84801927226484,26.16309157413518
30175.78125,-82.76139369518673,-6.360507385752306,-78.28858739758212,-148.9102937078568
30200.1953125,-80.13201256778234,-173.4187191054433,-79.67077262166578,43.23790820758676
30224.609375,-81.19665354675872,4.948578457054698,-83.54373502141459,-113.6556098145546
30249.0234375,-82.08762496993687,166.0401596331872,-83.65511326652951,99.96192907973001
30273.4375,-82.99368559667971,-49.81343745233388,-82.03822170171462,-65.12745156583622
30297.8515625,-81.6217336810311,90.0882829250078,-82.91601594551948,117.2394030727966
30322.265625,-81.9308884623497,-89.13142404891087,-82.98608953043684,-84.14931716359123
30346.6796875,-83.64595958871809,108.9616476549716,-81.69551514455991,79.72737664607433
30371.09375,-84.38605156754267,-72.06288636758401,-82.8970191255044,-101.8908728235267
30395.5078125,-84.84314268821215,130.7151442833622,-84.45004978084958,89.85747430651753
30419.921875,-82.12617618675112,-11.68452706013386,-86.63446205795054,-63.29855868692864
30444.3359375,-81.77469028044159,-179.8449261890482,-87.70343811094479,164.8487703112442
30468.75,-85.34931168355847,-4.484824915978843,-84.33777896470571,24.5982673111027
30493.1640625,-94.18706759655571,152.7301169060037,-79.32550825391154,-123.697209263618
30517.578125,-91.22039415661602,-175.804265536221,-76.11275850087839,72.9925650054723
30541.9921875,-86.48999718521735,-2.95481878429651,-75.87875409745307,-98.89087678042381
30566.40625,-90.06583471344146,150.7562598962389,-77.1481399057667,87.2719498369225
30590.8203125,-84.32705347159414,-114.80320609889,-80.40830779408239,-88.04536124686831
30615.234375,-78.03250568577043,49.11359688982146,-90.42913806547969,88.27984864959609
30639.6484375,-77.41592713485382,-143.8771479258282,-92.44396509684154,121.5632821743026
30664.0625,-77.50138912921497,15.70205437927119,-86.79806465828935,-47.72608110954919
30688.4765625,-76.4182488607706,-167.6508005874505,-86.49630784447531,151.7455768079137
30712.890625,-75.94411751159734,5.560317775831543,-89.51301937310231,-1.953372266206233
30737.3046875,-75.79661289055706,167.9671690092099,-90.93138589403932,-117.0537292184832
30761.71875,-76.00942777542511,-23.30164913180519,-85.80998621475629,109.1755860649328
30786.1328125,-76.62321825460846,142.0127267141574,-83.43457368775219,-59.62992246214717
30810.546875,-76.82164082583286,-61.54000187581761,-82.92938273367737,122.4844332985431
30834.9609375,-77.49462325285418,102.2048564494915,-82.75972340367872,-58.76569524618275
30859.375,-79.93947839368579,-91.34637981871926,-84.07153290717784,115.9065482120754
30883.7890625,-82.59983256747591,73.26411011452927,-85.82195545707592,-60.82444927904886
30908.203125,-76.43745653131003,72.10544593713696,-87.49983935478363,120.8747508787978
30932.6171875,-55.20388485201008,-110.6772567136049,-88.47927424938467,-78.25019638165671
30957.03125,-46.68614232466416,68.77679431663925,-86.0353074344237,97.57563014077824
30981.4453125,-44.33896344263403,-111.5754486038773,-83.84369917127466,-82.53176523714055
31005.859375,-44.26943653809602,68.11359081789087,-83.88699205170903,93.63837141128985
31030.2734375,-45.03547732397547,-112.0434453807224,-85.0029321094415,-70.62941612500373
31054.6875,-50.06786530615452,67.30038287684378,-84.35753320258192,129.2280215818905
31079.1015625,-63.75321806658687,-117.8607332061494,-85.38211010022658,-41.03970482225163
31103.515625,-85.6172502985825,-70.78913328024366,-87.0954465229855,144.3243935899547
31127.9296875,-91.7917318308004,28.16294691579083,-90.32086548863582,-45.58809145307443
31152.34375,-84.68139903144149,124.3549187446333,-108.0433369776865,84.24523508112993
31176.7578125,-78.35455964940786,-65.14679322994806,-100.0643798777499,121.8246840995961
31201.171875,-76.13908444506168,117.3063341018343,-106.1305480561911,-120.8033991948982
31225.5859375,-77.9044932537018,-58.03015504288891,-94.1673820597029,-36.24041213079482
31250,-82.22840967618109,126.5599284632084,-85.07799268311348,140.5766734403475
31274.4140625,-92.39505135249296,-79.69325491538726,-82.45600340467975,-43.03623668334105
31298.828125,-86.84282412137803,-23.93836718950372,-84.85095920231768,128.7830169496051
31323.2421875,-83.26692051309821,144.2415974801312,-100.3082435812472,-45.89741619514669
31347.65625,-85.37769168096831,-52.1567041822095,-87.61078990852843,-62.39983363803788
31372.0703125,-85.90744200997889,83.37560214672017,-84.66676151814491,113.0410448720516
31396.484375,-84.13952302801604,-126.9294401227623,-87.86010868843584,-85.22868412057025
31420.8984375,-85.15943008130166,31.41581388434259,-92.64096422159012,18.79291682049705
31445.3125,-87.79649428597104,-157.0313685692163,-85.01634282462592,145.5754144669188
31469.7265625,-87.46611224674217,57.17127385490128,-82.21575322996486,-44.9600427996367
31494.140625,-84.9159195316152,-92.03414346944075,-84.94447242239359,137.3109796183955
31518.5546875,-84.34138786633598,102.8980505018421,-95.1962337765203,7.682136144770248
31542.96875,-87.15216386639055,-57.31339177182809,-88.77785439591072,-103.2021451833845
31567.3828125,-88.0192306527594,-147.9765893760818,-84.51571754455891,82.41055307768895
31591.796875,-82.13777910532791,73.07025651084609,-82.7517336797402,-81.35117210144934
31616.2109375,-82.17992975059693,-82.86249550287239,-82.45564021940417,105.3420343584164
31640.625,-87.16536681929077,129.1942633969246,-82.73570752568037,-76.38591791104598
31665.0390625,-95.58950089380964,51.23213109955381,-82.92640716471956,108.8467259144818
31689.453125,-89.38598275981987,-36.68634446606008,-84.41760473995076,-76.14684221048664
31713.8671875,-82.54947352535095,-172.3895409131193,-87.43148833904891,77.86921832226069
31738.28125,-78.99800360443483,27.66584994830612,-91.45489554639794,-115.7385436845181
31762.6953125,-80.06112559455539,-133.9806905093551,-94.0719227066665,97.44446263589211
31787.109375,-85.00415675418894,63.81729741532129,-92.85527635688038,-75.21006425973808
31811.5234375,-97.43329797307726,-75.32916178406418,-92.98190059307268,104.3446737578015
31835.9375,-90.62442811529392,-138.2729996623786,-91.53377303354807,-92.75952846772739
31860.3515625,-87.13353332036439,83.8838098203711,-87.72029239239366,53.93946205235066
31884.765625,-83.43226622186465,-62.14186813000816,-85.56718397470311,-147.3935259568098
31909.1796875,-75.64256208513999,-176.7195565282939,-85.99025257853432,10.14696525696849
31933.59375,-58.68823522243588,33.5944669848236,-85.92304961648244,160.3282089562956
31958.0078125,-50.53619095147174,-142.5350182286022,-83.85219393168292,-48.12700644836567
31982.421875,-48.29944557744479,38.13155706192818,-81.49750557275851,102.7214533004116
32006.8359375,-48.15311596081767,-141.8117659521377,-79.34425127691532,-92.28240681591866
32031.25,-48.89187777568888,38.42558197753443,-79.07316863996481,81.60694121257967
32055.6640625,-53.89947474032162,-142.3283040882389,-80.06955388648663,-114.9489101713146
32080.078125,-66.58681564199466,29.36604020692963,-81.89932390222484,56.50815325069562
32104.4921875,-82.84090495487426,133.7295113178159,-85.84558676164626,-110.1267517864651
32128.90625,-85.39380704041486,-84.5995297575889,-89.53484120120217,86.95812909680492
32153.3203125,-88.08203982129571,117.0697271749419,-91.06448864308972,-64.23079961383009
32177.734375,-84.8868738999733,-7.953615881078592,-88.42266873904948,149.7018640072957
32202.1484375,-82.49561265583588,-170.0320364486548,-86.87282615380532,-20.87012561904663
32226.5625,-81.296694837107,6.637167552478784,-86.80081622355189,155.0331968959658
32250.9765625,-80.00692206154581,176.473130790557,-87.77886019584345,-26.59762573871125
32275.390625,-80.95250399154259,-22.91827023182413,-91.68771595610821,141.7813804660959
32299.8046875,-81.63219149904988,132.0244512753042,-93.07794380229468,-75.267141567379
32324.21875,-81.48289539590735,-47.22725299282167,-94.01186549057294,102.6177449687394
32348.6328125,-81.31392845880603,137.1516325596045,-96.66420033572244,-48.2993094521407
32373.046875,-81.82096034233231,-47.3854318262246,-93.42752641405995,172.9253489434922
32397.4609375,-83.93269383992572,144.4172684056979,-89.60264986772475,-6.025580154486589
32421.875,-86.9893217416967,4.866126700056967,-89.22919513400542,154.7274009935568
32446.2890625,-89.77307587748115,-116.5150233537679,-92.03293462190305,-59.5609526430378
32470.703125,-87.64780598860901,115.4276184919075,-90.20138167295906,80.22105718965696
32495.1171875,-83.89114561090634,-41.82876981809731,-86.53840775681198,-99.16022977345784
32519.53125,-81.1285477211656,155.0475542737327,-84.15121926570424,83.06815168962314
32543.9453125,-80.92162039387551,-23.65150905574553,-83.40773703889859,-99.97219245935783
32568.359375,-81.49674080669334,139.7868027246386,-83.96002816285011,81.70153862072139
32592.7734375,-80.2623227560948,-66.41408702480317,-84.44501626628765,-92.51083010042252
32617.1875,-78.4011780962507,91.7083335594513,-86.13991580021923,94.07773606371558
32641.6015625,-78.86849876929348,-108.8676634046434,-92.42490101221102,-41.74160514975426
32666.015625,-78.90472773092122,47.83826224498063,-89.15137265735578,-157.979942582618
32690.4296875,-77.50106490307493,-136.4496210052195,-88.23768323602253,40.50865014859519
32714.84375,-77.45575693355811,37.87483612047525,-86.57720133520536,-118.2806858372533
32739.2578125,-79.22968764848432,-155.6012833247834,-87.16632866698318,73.25571280310632
32763.671875,-82.79130184859214,6.948764240352279,-93.74206289984716,-84.27833906377607
32788.0859375,-85.05428814672128,143.8210495599005,-109.9973332924579,-160.6775233000056
32812.5,-81.92897784756505,-72.15086895049063,-95.19133864139462,92.43717826103926
32836.9140625,-80.8621725314994,102.5170057385482,-93.77028205361439,-93.82085798262523
32861.328125,-83.47190126546769,-62.79371174688779,-98.03903876432052,58.15641630168901
32885.7421875,-86.50368975671216,154.6097246522974,-93.18613685843474,157.6897620923973
32910.15625,-72.08092152742657,74.21235012772622,-86.57340972089308,-44.72731766016656
32934.5703125,-54.79279447559112,-95.66896398874843,-85.26191416816619,122.9374068199108
32958.984375,-47.05766789112231,85.29657038712409,-85.53273110556505,-77.28508830768178
32983.3984375,-45.06116030824236,-94.70930324863097,-85.05275981114977,82.23291492336777
33007.8125,-45.04555670463795,84.97636217228259,-85.94142749628435,-119.693460943216
33032.2265625,-46.00877878774098,-95.37437625090284,-87.76235659838675,41.396194427149
33056.640625,-51.55436755194561,83.2530875835518,-92.22011421849926,-138.1402343460741
33081.0546875,-66.23492572931069,-108.940854185586,-99.82646504082174,61.45755436787569
33105.46875,-79.28038031271514,-39.48896843653257,-101.3650078977438,-42.04677963350877
33129.8828125,-86.73872953483135,137.8529303452538,-96.88030159826678,139.1271097068175
33154.296875,-88.99531211376535,85.61716873295713,-93.46485637978833,-84.12108258732326
33178.7109375,-79.65593802601769,-68.51672730553283,-88.70069647568174,92.90655899859669
33203.125,-77.56570624152798,122.5112919018245,-86.49766613627588,-86.07454765851537
33227.5390625,-80.12681215550414,-49.12904789142812,-87.18465630694483,68.91424519834609
33251.953125,-86.08585584565284,132.3835102304982,-90.2150416070554,-136.0912364170886
33276.3671875,-92.03895988134853,-129.3650531287783,-94.62958484434057,46.71555157096972
33300.78125,-82.41818751831174,11.86187110444269,-90.39630159422046,-145.2363341008895
33325.1953125,-79.85182891567709,-166.9216889637441,-90.51759632367428,27.08112593896739
33349.609375,-81.92049768899955,15.56545605865977,-111.3336776854095,-79.58249157419912
33374.0234375,-85.99502266171888,169.5470117289363,-92.84059631080096,-164.6186514902268
33398.4375,-86.81582458303959,-53.1532643559586,-86.70434440437336,25.12599500960581
33422.8515625,-89.63570872896995,99.42878467920796,-82.3216710993174,-148.6364561392151
33447.265625,-88.76967476102249,-101.9846134040417,-81.78447918902846,31.20182541086931
33471.6796875,-85.2635954900727,80.36363990363544,-84.59845105025781,-145.2933541753722
33496.09375,-87.37509569192525,-101.7737629134646,-87.92029308837763,75.89256444959101
33520.5078125,-92.53820219091241,41.08612119523131,-84.04231536183737,-55.32793604192712
33544.921875,-91.08837594645567,143.2257803627742,-80.89263655233449,137.7740811216947
33569.3359375,-82.99736029134827,-65.71398064457577,-80.37254711048018,-38.1342810126297
33593.75,-79.78220852837781,117.5593502452923,-81.19355700467359,142.3609472827479
33618.1640625,-80.43923364849989,-47.98050320478102,-82.10946087568239,-51.93664345893468
33642.578125,-84.18548163019014,158.057835014871,-82.15051356279764,108.6660087846034
33666.9921875,-91.94750504878022,18.63746923007826,-82.07759040233726,-74.766578468891
33691.40625,-104.1285722140945,-50.54635924752484,-81.61884291219874,113.2796247071004
33715.8203125,-95.29922081525615,-152.0394583180909,-82.55862842196461,-62.50224210760523
33740.234375,-92.92091921642873,80.48922115667609,-86.81945892532654,124.2735356352315
33764.6484375,-86.07007671331026,-36.8198437907026,-95.91307148460103,-22.09112841947682
33789.0625,-81.21963028934564,160.1141805683244,-95.1516788970779,-62.2700308890247
33813.4765625,-80.2267799889448,-13.25537041818105,-87.52926918837274,139.095168206046
33837.890625,-82.59704049879528,171.375327108858,-83.62077138153454,-32.07297861721752
33862.3046875,-94.7724546591286,-20.79878664259667,-81.60224387169826,161.7629004949638
33886.71875,-85.18152682800763,-20.98871398136433,-81.37804228112613,1.188823017238563
33911.1328125,-73.31533803205522,-160.3832256405621,-81.63456874262978,-160.9130360020928
33935.546875,-58.24183092566483,46.1514164402014,-82.50196401334688,29.44108975235637
33959.9609375,-50.8646626219448,-129.7312446426742,-84.43963418017256,-140.6100860027378
33984.375,-48.9845569783007,51.29189195158438,-88.66143333199192,56.74623757396942
34008.7890625,-48.84844941187274,-127.9723743318744,-100.9162209649922,-50.43934138252479
34033.203125,-49.75131274893256,52.62888284338067,-88.68436386946912,-157.8224484649355
34057.6171875,-55.17398632846421,-127.6659965759312,-83.70082349667307,19.55382930369726
34082.03125,-67.94148852629266,46.47801694497006,-82.67118697033069,-160.4451567078665
34106.4453125,-82.91430617795186,174.1278109300438,-84.85977014897044,4.999010482161342
34130.859375,-83.74358977280048,-45.16372346297423,-87.23556754548019,144.7067064279738
34155.2734375,-84.54796572782548,140.7529015562166,-87.6006914137117,-61.88124189379431
34179.6875,-84.32639244826237,-3.482157840497226,-85.17825853871186,110.2997412807607
34204.1015625,-84.12315443756624,-172.8451853908723,-84.46824343257545,-75.14795440840237
34228.515625,-84.7321947831155,-2.376316794773529,-90.40429726992535,89.55687180001334
34252.9296875,-82.33256016239893,166.6129452157761,-96.82027738004305,-130.4175282446063
34277.34375,-80.58501782316921,-30.00555694294365,-95.79239971074679,15.69294053881636
34301.7578125,-80.25371991568754,138.8842341432261,-91.51827662350362,154.1007109206804
34326.171875,-80.53782501633242,-28.16645894284069,-95.62445583505465,-52.31515837564108
34350.5859375,-81.28313609092083,164.7602684077345,-94.03550283608968,-36.44986474907756
34375,-83.34072399147304,-9.353973587930904,-85.45626226106428,111.256503029895
34399.4140625,-84.7900845930502,-162.1597510651918,-81.62744116825695,-77.82927500216758
34423.828125,-84.36903964244956,60.22176290024274,-80.19301760433589,105.0785360369787
34448.2421875,-83.59445060481762,-85.62403924283716,-80.74447430260994,-78.52235570477895
34472.65625,-84.18129876257417,116.1291677612787,-84.08211274242322,84.01909262946428
34497.0703125,-84.68544761416233,-29.73381033568635,-86.48787395188776,-136.3804140421945
34521.484375,-82.78472293246608,-171.1646853760862,-83.86328004093366,28.37528891498456
34545.8984375,-83.06446219482385,39.12138483386943,-82.17969391484351,-146.2903813584014
34570.3125,-85.4847384706795,-116.4271220833437,-82.95142001141095,43.02123292949377
34594.7265625,-99.70569203198789,92.78664983217172,-86.07630444765843,-115.6839687590287
34619.140625,-86.02522099298315,61.16334217138802,-88.75072927920641,99.81640399005275
34643.5546875,-81.46836967958424,-129.8154601082384,-90.91351733806329,-37.70845712168679
34667.96875,-79.25727026558265,35.45588088859082,-90.91649293194727,-154.2312032514184
34692.3828125,-78.48843436833808,-147.8767226618975,-87.00882486128984,79.70061291449046
34716.796875,-79.01127469323265,16.60274757676278,-83.35888947567682,-79.76788821513499
34741.2109375,-78.67212435038165,170.3188987108325,-82.02818527607108,101.4995850138189
34765.625,-79.2112468544738,-24.70514812120101,-82.42915304485665,-79.31471769669318
34790.0390625,-80.57794320778459,147.421294791719,-85.03237874165499,91.13742163746662
34814.453125,-81.33053766633483,-36.36845632087798,-87.72060956702022,-125.2757720181061
34838.8671875,-83.40804081121,147.3497543159377,-90.61806698245577,46.5696026142489
34863.28125,-87.12588795690598,-0.5192502373145239,-92.99991442300403,-65.11685196632307
34887.6953125,-85.64285184746285,-137.4860617298527,-88.53317236972299,148.4587340305239
34912.109375,-70.75818577634543,97.66656218936545,-84.80518816074726,-13.17604166281633
34936.5234375,-55.00881398735098,-76.25312152593965,-84.37931205665136,175.8567859591907
34960.9375,-47.8834792665627,104.0667522028378,-93.04104129114339,8.871037108154455
34985.3515625,-46.21771761456631,-76.0171239575548,-95.17974660867776,-14.44449453838362
35009.765625,-46.25281555798669,103.7325440202089,-88.3378455614328,-164.225489137742
35034.1796875,-47.41183795048926,-76.58566873105791,-86.21655011526073,37.35224830638447
35058.59375,-53.48874958483111,102.2056418779584,-86.15798797839759,-115.9667290954216
35083.0078125,-69.30999268472054,-88.07491119683851,-85.40358798315464,88.74850291607106
35107.421875,-84.86088221979294,-36.74479597785329,-86.87470231803721,-67.38485974615961
35131.8359375,-96.57869890324186,81.76654584944079,-89.70559805703678,132.0599119210137
35156.25,-88.60615294571917,151.1163621778279,-99.25029862125528,-89.30513102820424
35180.6640625,-81.6061586655711,-38.09522193982258,-90.54645426363976,-19.56045895123345
35205.078125,-80.07023346850032,145.6939331693877,-86.82155958684658,162.4138272283589
35229.4921875,-83.72478614381963,-26.39794846090026,-85.83731736687349,-4.776270354829306
35253.90625,-89.9557658684222,148.2057176261142,-84.10698719141173,173.4106730903057
35278.3203125,-94.89529562373063,-77.28713485354695,-85.01127479373936,-5.629370208730327
35302.734375,-92.42411297477078,37.37528278867504,-88.56116165374793,-169.5379030963057
35327.1484375,-89.76095330752129,-135.4690700718108,-88.30499486420676,18.89436621137571
35351.5625,-95.06727337437299,97.74036835439337,-89.0067855654255,-151.7858942310878
35375.9765625,-91.70922014058891,21.1037001141216,-90.47659651451008,71.26323986968363
35400.390625,-89.93220274919635,-146.3868881017209,-87.18374909594523,-76.56929128578972
35424.8046875,-94.76193694985169,21.90501173579736,-83.76995786866181,115.1528106342676
35449.21875,-105.2069604524645,-57.72407114105133,-81.56677467231788,-67.14291158036255
35473.6328125,-88.97125015955115,161.9812358191239,-81.91208187513774,105.8865029928958
35498.046875,-85.48699474153264,-2.52579096006789,-83.5863340904919,-81.66898820481016
35522.4609375,-88.29709346591517,-155.6782014457496,-83.9697916728266,91.36275003960854
35546.875,-88.30763108065307,89.90689834270651,-85.39266214099621,-80.91726505192946
35571.2890625,-82.86703704605125,-63.7199867445649,-83.81379074885569,125.6641896084736
35595.703125,-81.68807072357204,124.6306219953941,-79.47893369892111,-45.47690553508788
35620.1171875,-85.41594038126948,-46.1427968029798,-77.92740956307044,142.5467077579369
35644.53125,-99.88073569615649,157.888304281933,-78.09939951322099,-26.34077820568131
35668.9453125,-91.23858374849193,160.9088025625971,-78.15431998393079,159.0706320840101
35693.359375,-87.6107736899996,-3.104597846625759,-78.23844504054698,-16.67036395737252
35717.7734375,-88.75937894158655,-171.5016691545835,-78.910070529384,171.8082053166817
35742.1875,-93.93939739599062,2.872892131523984,-79.85696301803542,-3.185748294310106
35766.6015625,-88.57964520177049,80.54259396213762,-82.4620952856089,173.5335233424716
35791.015625,-81.58534461327315,-110.8905206572326,-90.40165504359288,-26.26492179918336
35815.4296875,-80.42667339721193,67.27092548216524,-90.38474789842127,43.65497925721878
35839.84375,-81.92096191295562,-108.9170316959123,-83.51982422417643,-146.686967161572
35864.2578125,-87.99915089337752,84.28958211291227,-81.53478182428186,43.79459007277942
35888.671875,-90.7899809822118,3.46512317816312,-82.73137896312102,-120.6415474440086
35913.0859375,-72.46981258072225,-122.8772371217168,-87.71684463481074,78.36926497507038
35937.5,-57.73941458482103,66.14789944087758,-91.84121407747951,-56.90150383542522
35961.9140625,-51.01899680550875,-112.4106908012104,-89.80693825949155,142.7724807946354
35986.328125,-49.47288061316257,68.07063629867402,-93.90017557816725,-3.287707412331748
36010.7421875,-49.431469115741,-111.4136102808538,-89.07268032788218,-97.84197186513248
36035.15625,-50.61055288483696,69.16504991529588,-86.09264949409945,90.63430429779015
36059.5703125,-56.61555025472593,-109.9332889839131,-87.22676614495089,-83.91975632675836
36083.984375,-70.45855795012366,72.28953293481209,-88.05003127590976,102.5311347776646
36108.3984375,-89.69029523695613,-117.4745071130977,-90.5412426886966,-106.1579592550906
36132.8125,-89.15762340267563,26.95326769834081,-90.69717057442685,8.877327388371638
36157.2265625,-84.2985688533399,-152.4946063622111,-88.15475444788801,-175.6630212351114
36181.640625,-81.27719698761976,33.99825549366537,-84.63913073125318,23.41368953410544
36206.0546875,-80.1444917017463,-152.6282454740339,-83.64508269743223,-159.3991682547532
36230.46875,-79.89460370794176,7.80439824457685,-86.37085270402382,27.8763859261313
36254.8828125,-78.99023749037883,172.1841749581334,-87.67941842074126,-131.5824851064784
36279.296875,-78.07366312942773,-17.55383206322353,-85.97748218776812,49.22370386186428
36303.7109375,-77.77058803265108,160.6950735051811,-84.57086415264146,-117.5963823818692
36328.125,-78.45465056483151,-6.148613930282359,-83.59032204309314,65.78740293033546
36352.5390625,-79.06278003093448,-168.7239555193041,-82.49964383893654,-133.2611077003716
36376.953125,-79.69440152319622,24.40602954438305,-82.97777481361722,34.71885727683133
36401.3671875,-80.66633133684542,-129.3287473337396,-85.79129701694283,-151.4600109553787
36425.78125,-80.36191734409392,85.37607324250676,-87.52307918246052,20.82114258128775
36450.1953125,-80.93844623606515,-62.37348233135317,-88.84236953096104,-159.2603422978474
36474.609375,-81.68882193482909,154.1172989355474,-90.75899106663414,33.87847526860178
36499.0234375,-81.41531395060318,8.795755137878823,-91.71046100404513,-130.1186106115868
36523.4375,-80.12088866148829,-141.5928351614204,-93.5388355150088,49.74246462116257
36547.8515625,-80.15795451164445,54.5099013473724,-100.0245267497802,-143.1615936812065
36572.265625,-82.19387219544258,-123.265579686323,-106.5664587615662,-75.82903591055735
36596.6796875,-84.72484248901742,27.39125934842407,-101.2255063343827,91.43580370137003
36621.09375,-84.31871927133577,172.6930238458226,-101.9383093014911,66.27092431896051
36645.5078125,-88.70728407667586,-24.47140574345623,-89.84305422050168,-74.46367137759536
36669.921875,-90.2931765160024,83.44553192177926,-84.81532568508592,132.0465309248616
36694.3359375,-84.75604380635032,-114.0576977388953,-82.87959124957004,-38.01377968006396
36718.75,-83.62004281801516,36.41066089146762,-82.89522356656389,153.8261512629595
36743.1640625,-81.37014625043378,-176.6355089350039,-84.54881654954124,-12.20823573117384
36767.578125,-79.7536182362124,-14.50153239733335,-93.3237886602333,148.0078165688473
36791.9921875,-77.52493454129777,154.150079976105,-88.41082672678881,-119.0905818662455
36816.40625,-75.40367964900528,-26.79604058556464,-84.56771092277418,69.46987707564628
36840.8203125,-75.43049521748098,159.8156912567323,-83.84675881499837,-97.5953711632006
36865.234375,-77.52597344707227,-6.106313584292823,-84.12612590872914,98.82889768911245
36889.6484375,-80.91606605300841,-162.4029513487416,-84.74448407174052,-51.75359607724134
36914.0625,-70.70245958447039,110.8121706245456,-85.09117646669615,147.0032501079702
36938.4765625,-55.4332234027621,-59.46378076954564,-86.3592368412391,-32.17590038361151
36962.890625,-48.87348669135975,121.2019889687184,-88.15079251878474,158.9377195216386
36987.3046875,-47.47412603081962,-58.98423596548062,-89.65718886646948,-8.612186872428294
37011.71875,-47.52713538767193,120.3436485358802,-90.80600236576709,158.7974233317813
37036.1328125,-48.91518109989551,-60.51501183124063,-93.01305957834256,-55.57594749356412
37060.546875,-55.4621466704256,116.4635059301796,-89.13399743123364,92.11700277595372
37084.9609375,-70.64072190447287,-90.4179992047432,-84.80592764501667,-80.45842010728283
37109.375,-77.88110676755826,25.10694389923542,-83.69879232710751,107.4237823557617
37133.7890625,-81.4435932287339,-135.851699701182,-83.41825808813039,-61.79872666023731
37158.203125,-82.10460150238474,82.51116391444349,-84.0088327965323,135.0383073803481
37182.6171875,-80.06288393560769,-67.10247073855579,-87.18008407908917,-33.32742875254008
37207.03125,-80.98234568583442,125.5582792067186,-90.1983246579704,143.8357943872616
37231.4453125,-86.53182537056472,-62.4146554299041,-91.9523868232354,-22.24789463500912
37255.859375,-90.24657591052673,67.85348703229553,-93.98100362967526,152.4401666805388
37280.2734375,-86.7962496795043,-144.809230432568,-90.16250766214823,-52.71878232218519
37304.6875,-83.80764330749602,35.30825531267594,-86.68777591779474,129.2380400475539
37329.1015625,-83.40072455116999,-118.303606598265,-87.32127331605307,-54.1464557618655
37353.515625,-84.37995558961612,103.0101445128419,-98.6528547159171,142.7852530326899
37377.9296875,-86.46329760854924,-45.25975200703537,-90.42688627866526,85.44659924729416
37402.34375,-89.57564996322824,152.0880731871101,-85.17300787348454,-95.10314701249355
37426.7578125,-95.05987039409347,3.650024121933288,-81.95017085864768,90.43164234639673
37451.171875,-88.35372169805451,-64.60069069652383,-80.38912900300902,-86.88662182375666
37475.5859375,-82.76591311505388,133.2774013243187,-81.41690904583298,91.15036514237751
37500,-85.57660705675039,-46.00979697166596,-83.09354691360882,-77.09561016635922
37524.4140625,-95.0041824085468,60.15649724360129,-82.3768615228152,125.7575901071915
37548.828125,-85.48617520036598,158.705326381845,-82.02127725190044,-42.47809193652206
37573.2421875,-80.91848735554737,-38.02036127390782,-84.03924289875746,136.4235011278391
37597.65625,-81.05117824122186,130.1779157425831,-87.89446236986035,-62.06344361984755
37622.0703125,-86.27148724521545,-72.06456868732346,-92.64536221528843,82.1270088054393
37646.484375,-90.01700996980972,6.541362028701163,-97.23464940257747,141.0277101747992
37670.8984375,-85.46006927949523,163.5915143311751,-85.31796750347787,-88.70042952649638
37695.3125,-87.30535160972835,-12.87378306824326,-81.24279765399088,70.18134659189606
37719.7265625,-89.91431834910138,173.5845878624502,-78.92589067498747,-128.792970430682
37744.140625,-94.59350389524158,2.903025257947289,-78.57822519281383,41.98448276786183
37768.5546875,-96.89852162561421,102.6762712736706,-80.82518973056564,-146.659530458525
37792.96875,-89.4545112778965,-108.4532409558964,-83.10792559956248,17.1838906186821
37817.3828125,-88.27755695572976,47.71526943718037,-83.83701634949438,-178.2426458718209
37841.796875,-89.23211558199009,174.6222954089625,-84.48607408803603,-6.553266157658359
37866.2109375,-84.30221046849479,-63.61304052779305,-83.53040671573375,165.5426753090262
37890.625,-80.31707096487649,91.19486091908452,-81.08400420562521,-25.37479577094844
37915.0390625,-69.90143238140836,-97.00597432510256,-80.19873440296377,146.5874249920626
37939.453125,-57.50441582757672,84.58480870675989,-81.29286097800922,-43.57907717513085
37963.8671875,-51.49760634612978,-94.80011945997242,-83.31189489912063,125.5311749753425
37988.28125,-50.22823602145369,85.6110511640791,-87.05808500101367,-46.42972808232339
38012.6953125,-50.22489329790582,-93.61428644849317,-88.73487195894424,158.3206683219211
38037.109375,-51.65198831961212,87.2159862111524,-88.34514733485777,-19.436726064974
38061.5234375,-58.19564806770144,-92.02077439112165,-90.15216828464305,148.7200541074399
38085.9375,-73.23691699084745,86.87904036152906,-92.99683899670241,-65.03284380779564
38110.3515625,-90.38534391685774,-176.4872837848054,-98.32799427477298,56.67547149568595
38134.765625,-84.88030448833874,-4.324774711674261,-94.52829044881605,110.2683338284865
38159.1796875,-83.75144095053886,-156.1186121554016,-89.23324623640573,-112.0343574194173
38183.59375,-82.56457272311468,61.55062435543149,-85.7065539794055,27.29167285542509
38208.0078125,-81.58504352535756,-106.9025217428518,-81.36038485828003,-174.1217786723067
38232.421875,-82.33060807363367,60.72040862009545,-79.83830139006437,-12.97147606469217
38256.8359375,-82.85816882160765,-141.8876424639509,-79.87004515817623,149.7892469228489
38281.25,-82.77119882315397,10.71767760030759,-81.12977889333914,-33.16389691255553
38305.6640625,-81.64837336859313,171.3554176047423,-83.19987033088782,144.6786358365314
38330.078125,-81.57184037682282,-10.56564664321208,-85.20956369060814,-41.87064592238522
38354.4921875,-81.96030273829365,176.1078690409998,-88.41695535161911,147.6141410622399
38378.90625,-81.86394905808866,6.501973046281862,-93.89112953914379,-14.16087643072271
38403.3203125,-82.92932656864316,-155.3109704235796,-102.2026111622134,139.5008940566642
38427.734375,-85.33220098202649,58.1721649438032,-103.3421094472524,-124.0624146653169
38452.1484375,-87.81034384928054,-80.31787862199425,-103.4002293686773,-8.528229841943023
38476.5625,-91.24402496156375,154.6505691356114,-93.5257978214282,71.39316655200629
38500.9765625,-87.04678425761323,33.05115847714017,-84.9204983075457,-115.6367806244119
38525.390625,-83.79841633231224,-128.9162276685021,-80.37676392403847,69.81531039757124
38549.8046875,-85.21116878866371,65.3604112236072,-78.01599475858747,-100.0732658194953
38574.21875,-89.44642596712065,-92.97094847623758,-77.52571551642666,95.91256757156749
38598.6328125,-98.51392391764796,114.9744406388694,-78.49890380629711,-70.45284689546763
38623.046875,-97.13032495839005,45.04367216425418,-80.90690445455593,119.6460042426792
38647.4609375,-87.04390771439779,-141.3726844783764,-82.83303828080994,-44.610006650179
38671.875,-82.54194044547383,46.30566195138573,-84.80442174356313,151.2183463919926
38696.2890625,-81.54797351691478,-121.1849682140821,-88.05294860759469,-3.751172645997992
38720.703125,-81.36803380653809,47.99727234156673,-86.97810512840555,-148.5920068508642
38745.1171875,-80.19915600429457,-156.7242015346367,-83.82392641046653,52.18642409590191
38769.53125,-80.23882806085824,3.265005591098414,-81.97041771546986,-118.9804423251226
38793.9453125,-80.26958980672711,166.291607658051,-82.64457263611402,59.55285730641778
38818.359375,-80.20078883581932,-17.23789724507697,-87.16442425524562,-131.5204168629158
38842.7734375,-84.2242953880708,169.9100499448333,-93.32068160129369,-35.87610880085484
38867.1875,-92.80997297567232,65.37825201078284,-85.62859544904312,93.18766960630934
38891.6015625,-84.175509278042,-65.15186008039083,-83.98385760397296,-96.98112052391151
38916.015625,-68.86184883301455,132.6669219901058,-85.58776589159656,91.5758524797495
38940.4296875,-55.68668564629493,-44.36873067396763,-86.8821343739006,-53.0879335404048
38964.84375,-49.80311520698013,135.9057808274087,-87.29670824133778,167.939456887824
38989.2578125,-48.65633945414081,-44.34025890152866,-92.18744967846771,39.39436683646973
39013.671875,-48.71348750715874,135.2607149061398,-89.54472853867006,-49.24583682583179
39038.0859375,-50.32274297122556,-45.20028875364047,-84.28865472528824,145.3565558295671
39062.5,-57.27592860542123,132.2145663297581,-82.37939886715711,-29.98579615706572
39086.9140625,-72.64036730898894,-68.2898686928784,-84.52469274530191,155.0991425319941
39111.328125,-85.11702797411687,59.21862123464922,-92.0501667412334,-34.91243109673562
39135.7421875,-93.32428016186171,-97.82236836836714,-98.31190048508289,76.5994493527991
39160.15625,-89.12825297308024,165.5572126550035,-95.34192263668069,-146.3050685595687
39184.5703125,-81.8557304751986,4.573193139458318,-92.08085592914824,52.50734679889137
39208.984375,-81.5038122146175,-168.2950351974899,-88.36020454363222,-103.0212580494308
39233.3984375,-83.13257895786191,9.529824113593492,-89.97624999496327,76.47527447934907
39257.8125,-84.32901311291752,167.6586451728877,-94.00969454156296,-83.5045625252162
39282.2265625,-86.62909456792738,-52.64142803077394,-91.41882369198798,135.0827427318547
39306.640625,-87.38042734029399,92.53867722059013,-98.24316997459634,-33.13721058393565
39331.0546875,-89.31553469539503,-99.8613723794023,-94.31379892515415,19.31832128283046
39355.46875,-95.58322979403671,22.51450955933855,-85.60109739084524,-149.2412414392917
39379.8828125,-90.18136377474755,120.7539718776585,-82.04532516932056,35.38939368384691
39404.296875,-90.39019700805156,-89.16695387823746,-80.22190303600578,-134.7597544573904
39428.7109375,-105.6361334357179,49.31343050280803,-79.27540673279969,61.55737402864393
39453.125,-90.73535909666946,48.30210711558096,-79.99260134508185,-99.07585050282998
39477.5390625,-84.74111313504909,-140.0549434615774,-82.59297304927489,108.087248789205
39501.953125,-84.67666157584534,50.49503104168242,-84.77361511188754,-29.40424607274706
39526.3671875,-89.25888405945103,-107.3697513593044,-83.95532720610304,-169.5570428498786
39550.78125,-90.90421715947267,169.763230674579,-81.57216688237129,31.37359269326828
39575.1953125,-82.60637116053347,14.14850999408029,-80.03685245428164,-138.0354216804487
39599.609375,-82.23789156170619,-160.5611129109486,-80.75588572555338,50.82000191562799
39624.0234375,-88.09590391366672,57.66267545539478,-82.12111428911555,-128.7221619063901
39648.4375,-85.08006528357433,-45.48240794557039,-82.24582511560291,44.38135230081989
39672.8515625,-83.48305320248942,159.6512361345618,-83.66065355916834,-141.4004392478403
39697.265625,-84.61750281808607,-1.699275199285729,-87.37972061544538,22.25819290193158
39721.6796875,-86.63539102578439,-178.46308643912,-89.66447223922606,167.7749977917414
39746.09375,-92.48089194547524,-34.46990792263005,-89.67037983938394,-33.82025507417917
39770.5078125,-85.6057264540428,97.64519438938818,-90.83152789476736,127.1022322095854
39794.921875,-80.27561539705444,-78.45757698403271,-93.36269675093686,-83.44979174787424
39819.3359375,-78.70858934487333,106.3021947143211,-94.27074441454023,12.24941539795649
39843.75,-79.56021885178319,-69.61901501607839,-85.69727030446268,164.7746437760963
39868.1640625,-82.63544280173102,119.8501824581337,-83.02348476881639,-16.43468838119195
39892.578125,-89.34600142470153,-7.037098706899331,-83.42868060595021,165.353275020629
39916.9921875,-71.42198181557754,-82.66043220054185,-87.52362627006727,-8.364848105886379
39941.40625,-57.93436105925846,102.3883822126914,-114.7303462964898,-56.0125313609982
39965.8203125,-52.24395594038263,-77.13325964865631,-91.98160240633712,169.6165967772155
39990.234375,-51.18792520834357,103.2555885479055,-90.94975748061243,-15.05235424184865
40014.6484375,-51.30155933427477,-76.31693310682188,-90.64555932921186,152.9062292570178
40039.0625,-53.14877162484829,104.0118016401951,-88.79902448445604,-55.4142235196303
40063.4765625,-60.7336538431661,-75.66381796281149,-85.77387219462453,115.9231330003176
40087.890625,-83.07348207177847,93.47542761469983,-85.20186099478579,-57.41580542791797
40112.3046875,-80.3814580298352,129.9226633954996,-87.27874669588223,121.3733154774499
40136.71875,-80.00250648530978,-36.0057993047644,-90.47328457878163,-90.49313612130607
40161.1328125,-82.75716020411417,159.2859302191999,-90.23340839572172,22.59552462040091
40185.546875,-88.76729935903525,20.43537175240763,-84.00012037358358,168.9019253505189
40209.9609375,-88.6321851871074,-114.2687888723902,-80.08874955456888,-10.43285231501219
40234.375,-86.98047633641509,56.58947810813405,-78.60361534213438,168.5219628869941
40258.7890625,-84.22595072126548,-142.5523519850566,-79.08392679183153,-16.44701866914199
40283.203125,-81.59446998139958,15.77175812919122,-81.4768754886194,165.9034966356914
40307.6171875,-78.68214326014068,-172.0680669683905,-85.53609646207724,-7.388255773379228
40332.03125,-77.75616536446981,11.69602508034061,-96.48840311607168,152.228917624925
40356.4453125,-78.57423271671129,-163.1461415114621,-91.52752157050696,-160.4816414831681
40380.859375,-79.2137246624654,29.09818393108967,-88.29734815779884,-2.230932909354169
40405.2734375,-80.26919556678166,-127.2298979739009,-86.41563886971412,156.6207344428732
40429.6875,-81.86172192825815,84.83372894235781,-83.87305416642496,-39.37284947316355
40454.1015625,-82.98253091848805,-73.19121400646689,-82.10107880787193,122.1812881452553
40478.515625,-85.5879757025254,119.7327235041822,-82.15177248654967,-68.52115381943257
40502.9296875,-93.25196001899278,-25.24822767505043,-86.47206596284583,116.9571492911094
40527.34375,-96.71738467696056,-104.1710271752136,-94.44274882565315,41.42229278255721
40551.7578125,-94.7865978098997,159.2818059082821,-83.83655655155736,-96.80692246040243
40576.171875,-87.34997686764302,4.974266022581923,-80.77492008626498,88.27033666758945
40600.5859375,-84.75657871275902,-167.4275353957821,-80.71862449420699,-78.62652012147338
40625,-83.45727437944718,31.95149452223323,-81.94087119146562,122.4762099969896
40649.4140625,-81.05396221591388,-131.5418712256162,-84.22706913922582,-40.75898099087289
40673.828125,-80.39653724387641,69.17907304297367,-87.50748105836121,137.3608519470796
40698.2421875,-79.96136439267333,-83.01039208250259,-88.20772811598836,-84.66240963426375
40722.65625,-80.60304758786529,101.2680429745125,-86.06450959406129,51.64711544768515
40747.0703125,-84.85612597384082,-96.9676477094869,-85.30824137529515,-162.3088593066972
40771.484375,-89.93361480735641,25.8260409098287,-86.65452266543271,-8.739214310107609
40795.8984375,-85.13398069725481,-179.8749110788951,-87.78396384773805,142.835549803462
40820.3125,-82.17834721423783,7.587872907428778,-87.38763008293076,-66.86779629668577
40844.7265625,-84.17563007413935,-163.852457038698,-88.43992118766894,90.21399087895938
40869.140625,-90.72301240090825,69.04111597829663,-91.93293237061729,-122.5611301319626
40893.5546875,-87.61945879981006,-40.56253312300349,-88.6272183451924,34.0182365760711
40917.96875,-69.49747514145162,155.1808793350932,-84.5339719878977,-141.9442680966834
40942.3828125,-56.24176833972504,-27.34767910902041,-82.4787016900985,40.76662148234738
40966.796875,-50.72791704879505,151.7252109646593,-82.1529223839307,-132.8530491987305
40991.2109375,-49.77155169102036,-29.04094487789648,-83.02104627542704,55.96654805484849
41015.625,-49.81791181099781,150.0718556121134,-85.62852654758964,-127.321478214227
41040.0390625,-51.70941794199361,-30.69368190410776,-89.99924601183066,23.70745057684494
41064.453125,-59.34279465011836,146.2952565549992,-89.81607464742166,153.2869493113475
41088.8671875,-76.09267688886688,-60.62926362599836,-87.72880765344881,-52.14139682456675
41113.28125,-87.73761578862234,61.50572740376288,-88.55425238426682,119.0783770371133
41137.6953125,-94.07909116377695,-48.10714478035802,-94.53016327054172,-54.75690320912403
41162.109375,-86.13606411248114,166.9987366242969,-93.40681579984866,-63.6766891271719
41186.5234375,-82.71100176071977,-6.234204830550463,-84.4411214666428,123.168190814513
41210.9375,-85.58391914922925,162.5260530096483,-83.60361708965866,-60.56733160624665
41235.3515625,-87.28329489220965,-67.40408722620103,-84.820290488876,111.7221389452162
41259.765625,-81.71695222327938,95.70555197095742,-88.20048384009708,-57.68685146223638
41284.1796875,-78.18468476991117,-89.19965210016157,-100.6454445448277,168.8976595073908
41308.59375,-77.46737761058864,92.05612535824285,-99.55914104394977,145.112197831636
41333.0078125,-79.17120143730921,-79.9814403507372,-98.81088679460014,-10.59340721545242
41357.421875,-83.44405105436306,106.4709320033822,-91.5894422982195,161.8661080607165
41381.8359375,-89.77329104437003,-70.38394906901179,-85.43637020830081,-10.83594266892124
41406.25,-90.23621679226514,114.2020262951284,-82.24232564660846,175.6507224204268
41430.6640625,-86.19158413812477,-75.38945643006916,-80.60724701779711,-4.646721687897371
41455.078125,-84.06673057299058,90.63666311094968,-80.80166361369243,172.6017620378197
41479.4921875,-84.66383695116518,-90.08959831372582,-82.43636064870654,-13.16895243432086
41503.90625,-89.15083872654341,138.1326954248755,-84.08878102010655,144.7033758489986
41528.3203125,-82.74316987015551,17.46452912962367,-83.3058634235332,-62.29836546926823
41552.734375,-78.26893582307817,-157.9954118017183,-83.06208929189336,109.773110955644
41577.1484375,-77.21246645399752,17.68013153491462,-84.73586228206128,-68.7311891745657
41601.5625,-79.21680914889532,-173.181157855993,-91.15282246576002,112.7544736086591
41625.9765625,-88.11228095059769,-16.78618630865998,-96.2348389936917,150.5421070294863
41650.390625,-85.73993255472081,28.96665827932769,-89.12795063475565,-22.8577882273358
41674.8046875,-80.72306750345695,-154.5887766769261,-89.88764148461028,178.0647840607378
41699.21875,-79.92486442870874,32.39296635853962,-95.84302525828092,37.54250678930978
41723.6328125,-80.40523494599631,-136.0787643487562,-90.26587845839907,-22.63604538718178
41748.046875,-81.86717501488489,53.90617865013474,-83.83559799001192,173.281759163726
41772.4609375,-83.12210285771934,-139.2341129219145,-82.89942883221372,-4.286546762947852
41796.875,-82.54841288303544,5.17163906512881,-85.82870852528643,-178.842908156754
41821.2890625,-80.32850412439416,159.78884491868,-96.72250916441342,37.41005154473042
41845.703125,-79.63512060753924,-26.36398059729578,-95.46428380822351,-33.85246574378836
41870.1171875,-81.63579378346624,152.302021641185,-93.17720209304838,153.2330599104115
41894.53125,-88.37347702076188,-16.5568739505716,-89.28801255753024,-38.71911846547061
41918.9453125,-72.14589922357085,-66.89770410140676,-86.55406893579239,132.6650984691932
41943.359375,-58.58973842983964,116.753886515461,-85.75341870070969,-35.23325833244251
41967.7734375,-53.28785176511413,-62.6171836646262,-82.85133600023829,166.966372766848
41992.1875,-52.3798263932724,117.5524679404515,-81.28639921738292,-8.318673837927049
42016.6015625,-52.42819106887166,-62.36893495851972,-82.78286224330829,171.8147360026627
42041.015625,-54.47995759804624,117.8926901701209,-85.91086985889044,0.4694218541120128
42065.4296875,-62.27247221970807,-62.92255509753915,-90.53631111833917,-161.9445419965662
42089.84375,-78.82762592094215,91.91360100022405,-98.98984765595858,81.75328102829303
42114.2578125,-81.44536678480783,-156.2048317408449,-89.72576061494978,-51.80390070864843
42138.671875,-80.76561635171659,30.1420134163513,-84.72363957368813,120.6314766618191
42163.0859375,-83.44537816908309,-125.4073258060324,-82.89906729068736,-64.40789276328624
42187.5,-86.39616668399377,109.6198524575019,-82.19902755530859,109.8183750153983
42211.9140625,-83.16581648214131,-21.99486378729124,-82.77859000427576,-80.8401162327357
42236.328125,-81.67345079267659,173.3433530086829,-85.82127743173616,75.75380064408114
42260.7421875,-84.27973348772964,-6.16497917206951,-87.54682500497877,-140.8961444771459
42285.15625,-92.8512134496318,168.5924152855054,-87.65498793685529,22.83125765002046
42309.5703125,-93.22825619676499,-152.302717210507,-87.55799416167892,174.7632912442158
42333.984375,-85.70237094547454,25.29733215824081,-85.48532838479817,-21.04948512151263
42358.3984375,-86.26221128374246,-166.058655957623,-84.98627156378691,159.7776678096876
42382.8125,-91.05503671469631,4.814323043207311,-83.95133785199172,-35.26182456727206
42407.2265625,-97.72031885942808,-81.5993958623479,-83.73098747504459,125.915521319395
42431.640625,-88.98318715103302,160.6733219079712,-86.25019208914102,-75.33520786685715
42456.0546875,-85.93138082026455,-6.192006365101365,-88.33521137953912,82.24470529345876
42480.46875,-86.96774189954655,165.8136638519895,-91.91813614113713,-143.6979213802032
42504.8828125,-92.88063260295533,-1.318957109596375,-90.55632240470868,-39.68487214315516
42529.296875,-96.31665098568989,-91.1043555319153,-89.0384216818356,94.84154913499422
42553.7109375,-96.01576593453082,140.6228163882988,-87.60543731477311,-91.67215734664956
42578.125,-96.36188343631588,-20.84198262105387,-86.41454983958532,98.05740886637989
42602.5390625,-99.90808176941988,-170.4457242277818,-85.54532533844322,-80.78337309156166
42626.953125,-95.55848660312436,86.9631777787652,-83.43430063741862,98.70990701146106
42651.3671875,-90.53172647640828,-60.33133181476855,-82.24988150609363,-86.49154477037003
42675.78125,-87.07951171888996,151.8807421101238,-83.87213810159125,86.14221341270868
42700.1953125,-86.43096998252288,-6.051672240122872,-87.90246644860366,-95.54453639024865
42724.609375,-93.76788159017258,155.4060324187076,-102.1417942102934,97.78944682857602
42749.0234375,-89.8899006785453,-130.9812798940649,-90.79404483323601,92.67214399114073
42773.4375,-84.10729426888702,24.23409814888691,-88.75338156674019,-80.66308919709647
42797.8515625,-80.82039891336784,-159.8146438266571,-92.82860630729365,122.8882699257758
42822.265625,-80.98151762966722,26.6827767402066,-94.03978799602244,-9.390986539126276
42846.6796875,-86.33003482817514,-145.344628274438,-97.80023859135235,-141.1202879677134
42871.09375,-107.1015541794189,69.9604646211812,-100.3682064816784,106.9386796333822
42895.5078125,-90.41269629609411,8.849608639732176,-105.3958661297288,-142.4629618042493
42919.921875,-68.85450370484048,168.0617651133655,-93.81804318547981,13.95900735271839
42944.3359375,-56.29480945362776,-13.88377645525756,-88.55216412932833,-156.0364938596518
42968.75,-51.29943894655228,165.6542969702512,-88.34286177778827,23.92622721193071
42993.1640625,-50.49323855689099,-14.94302660798791,-97.18118139482408,-173.2983726927414
43017.578125,-50.5451106444434,164.2829126579391,-98.32382408319198,-154.4318122355566
43041.9921875,-52.78369974920918,-16.66503462231083,-89.47632829000005,27.63885085502111
43066.40625,-61.00140655071694,159.1801504654158,-85.89983277923288,-126.9977385580725
43090.8203125,-77.60597136276503,-55.42442118415003,-84.94618366538218,80.04489259674563
43115.234375,-87.48569312924047,59.89266567857223,-83.28624733793026,-82.37805691253672
43139.6484375,-104.7209547341324,150.9639965171923,-81.5248484183289,102.2281641971115
43164.0625,-89.33308005332705,-145.4439238694018,-82.36852635782148,-76.43532132177124
43188.4765625,-85.464049195958,28.34473425103421,-87.62426451494383,94.95144975208463
43212.890625,-91.5706249109486,-171.5906332010291,-93.73382706805423,162.3970912605602
43237.3046875,-87.67798310914543,-94.32922149014178,-84.46686393100393,-49.38095669745132
43261.71875,-82.49827110881856,86.70922135188194,-83.42777952152908,134.4755965645299
43286.1328125,-80.16446221086186,-90.37536094291406,-86.33914811751437,-34.89560663596407
43310.546875,-79.28983719661134,86.93570678400067,-91.76374356607865,154.6234339884689
43334.9609375,-81.7123340733046,-88.93313689013794,-100.8023375731056,-15.15391174407405
43359.375,-86.41951079734051,107.3240009648892,-110.3393455633869,144.7258446937317
43383.7890625,-93.62782413709508,-44.50105524041255,-95.47168947278203,-77.47421994498103
43408.203125,-91.34070262611168,-146.5271154354321,-87.96490805048933,85.96877111009583
43432.6171875,-85.43099440895753,21.55626964016842,-87.11765292173395,-105.8765985690428
43457.03125,-84.57786108722988,-174.8331859618426,-90.90906557505235,58.71993224160836
43481.4453125,-87.96058284827748,-2.9079409903406,-92.11015680273906,-135.2737375082205
43505.859375,-89.27131873272893,-169.8920009735526,-93.85922665081891,47.52476116767616
43530.2734375,-85.32898431776979,30.92159579646003,-101.9987612261227,-128.6132069830856
43554.6875,-81.6244609042006,-134.3976302441792,-99.81192298351964,63.38520807535873
43579.1015625,-79.37897888258432,49.92792454054648,-96.98004991796927,-116.1233534930276
43603.515625,-79.43547660286026,-133.8748535460065,-101.3805167580862,-30.32310374877777
43627.9296875,-84.2325376738473,44.44850483801751,-93.60662335383353,99.69167293341695
43652.34375,-109.4107061550068,173.5440603879453,-89.33578595267464,-114.6606536213204
43676.7578125,-90.68299397152373,-89.4281405033671,-86.04714792934929,50.05068417291861
43701.171875,-85.22830881446959,109.2925316807044,-86.18983536039613,-145.9019120333058
43725.5859375,-82.44895721549224,-58.4922138996095,-88.11238897328082,27.66191812759077
43750,-81.67662935305783,132.2870531242627,-96.60881268861169,-123.9006469939447
43774.4140625,-83.35154916967986,-49.54877701135885,-91.85646432387264,176.753910625664
43798.828125,-89.55707118177196,116.367554154302,-85.88982325670828,-5.709523043534746
43823.2421875,-95.78780092491243,-146.8211187025047,-83.21371012196971,164.4271295537474
43847.65625,-90.30166658123346,4.603210275069358,-83.54207036423871,-9.339310254805316
43872.0703125,-88.85766785817293,-178.1112296346496,-86.88164094317455,-171.8893432070926
43896.484375,-90.58673386106803,24.66567298033612,-87.27580796461066,12.49858590218246
43920.8984375,-71.74448013976708,-56.2845810745543,-83.04654486249846,-158.1691743284762
43945.3125,-58.86930668121168,128.6432807705485,-79.63158442692996,25.51460312402313
43969.7265625,-54.0331893994998,-50.48201043655147,-77.26576804490132,-162.5315340819996
43994.140625,-53.31640528817753,129.591078322837,-76.83990196054853,15.25812922054224
44018.5546875,-53.38248308101885,-50.59749151732494,-78.68564061225192,-156.6151719928488
44042.96875,-55.76613175650873,129.4533707110065,-81.09553532101522,39.27432750822456
44067.3828125,-64.19291859810853,-51.88586603539814,-84.71957890998021,-106.0616245296783
44091.796875,-80.85323166590449,103.3665699064338,-84.87179836538529,119.7663839924253
44116.2109375,-86.32698685927181,-114.6167219754173,-84.59788996302268,-49.2199080711967
44140.625,-84.35405829261967,93.79858809853671,-85.16581208446505,142.1139262684555
44165.0390625,-81.71499054911513,-67.92420279450647,-86.34057974003611,-17.74331799107367
44189.453125,-80.6347231279583,129.2347024848443,-88.11297945655625,152.945923776978
44213.8671875,-80.6044262007704,-44.04996465297887,-86.76017239652086,-69.02599023364708
44238.28125,-83.56884212783335,119.7091507281572,-85.21658886704029,84.17851390642653
44262.6953125,-86.68670666723258,-102.4799526792266,-85.11974502874685,-108.8734282539999
44287.109375,-84.87999890906168,42.28197765258737,-87.83537580020273,61.64723638421003
44311.5234375,-82.87347344354828,-144.8651305308949,-98.47174640778066,162.0304014469051
44335.9375,-83.03742142441746,44.12825791346162,-89.3485508079595,-106.4580883872862
44360.3515625,-83.51707212127701,-122.0503483039407,-87.62502030834661,31.00890037156665
44384.765625,-84.17597684115135,76.90586214707228,-84.69628232393673,169.8160240387333
44409.1796875,-83.9307799417397,-81.90916237400431,-81.67843718276788,-34.95232118756835
44433.59375,-85.388066600364,106.9961317567971,-79.69739045329304,135.5182858173538
44458.0078125,-87.32713047223895,-52.88034916252893,-79.5137144065223,-44.52112194838886
44482.421875,-86.68916241598104,130.7813504882452,-80.70446288730474,136.9013413671391
44506.8359375,-88.64022976662466,-75.99578505150308,-81.96621783142726,-32.90903659908442
44531.25,-89.24797064191195,90.75021677875691,-81.92388580606189,155.4283194546926
44555.6640625,-87.72540590288463,-81.27076440430537,-81.30895408487626,-21.21276707057028
44580.078125,-86.63230580649451,86.43484805627548,-81.0645388343349,164.0602711196561
44604.4921875,-84.99906085017882,-92.30011105809672,-81.94017205562074,-15.39101357562667
44628.90625,-84.07826808993632,97.46784643037213,-83.81642742219123,167.7416292225647
44653.3203125,-84.14041491947756,-81.09980956315725,-85.77975062960526,-3.458414749057586
44677.734375,-84.34378781426528,110.5500878533756,-88.38332420889834,-175.8069990613856
44702.1484375,-85.36718916248945,-58.16658564444109,-91.4208265424453,25.78329636696685
44726.5625,-85.67214392966135,120.6010884683429,-90.54029218323124,-134.7424937513994
44750.9765625,-84.29644445129078,-62.61960162973801,-90.69193888303931,53.84533269062281
44775.390625,-84.67422732552146,92.37681753849195,-91.64791720333963,-112.3906546920695
44799.8046875,-84.47910909216102,-112.6556444607298,-91.79032460737126,67.46164714932908
44824.21875,-85.86182015822806,65.73585901916798,-91.60860851136789,-119.1894878862498
44848.6328125,-92.00783352914067,-123.2568338174057,-93.53046576613828,39.04437764213182
44873.046875,-93.79773065122366,-127.9741696873917,-95.76884717228714,149.9312353842218
44897.4609375,-82.39913464938176,28.01344630363708,-94.17044672414023,-71.40751468854677
44921.875,-67.10865653931387,-172.8342251965556,-89.31255314346734,79.73547616594045
44946.2890625,-56.0739718905825,3.695753026508935,-84.82255591156309,-112.5201479249804
44970.703125,-51.74529632731021,-177.3049619275745,-84.73801422685722,53.68227564855781
44995.1171875,-51.24044302774286,1.858856247844578,-85.22277434666839,-143.4019383580626
45019.53125,-51.43313748650087,-178.8717541803158,-85.71135704214097,26.11568770546892
45043.9453125,-54.07511877797148,0.1482798341268594,-88.05024739516874,-163.1115793939676
45068.359375,-63.11651607733634,175.7889637222517,-91.90889684266642,17.63535493808688
45092.7734375,-82.25461928463902,-41.91118768903926,-96.91646422150842,-152.4242770151943
45117.1875,-95.56700480512843,64.13503793507874,-100.8280893171076,4.726722648476298
45141.6015625,-97.8751447499555,61.85028566520436,-96.54903131953569,162.9647335669867
45166.015625,-87.82957359709241,-126.4533628122681,-91.95743833159804,-19.45824766127492
45190.4296875,-85.0463132481423,42.22038719643231,-88.76514835945527,160.0561756918551
45214.84375,-85.03768307243556,-145.9807022811877,-88.29068116719546,-25.57919055943459
45239.2578125,-86.17105474128959,36.72181827054755,-89.12018217314424,136.598928750889
45263.671875,-88.42627462005015,-144.3643197177539,-91.26146915768528,-66.6370913120616
45288.0859375,-95.14666985478237,36.66014411525531,-92.58717021804011,52.88518305935318
45312.5,-106.8567827612349,32.61179997018311,-86.23178703629463,-152.4389331797808
45336.9140625,-95.04566956861865,-172.1930388346961,-82.85315867025943,17.61036926763604
45361.328125,-92.00636357403377,-17.54967355322377,-81.71077189285698,-172.532399482499
45385.7421875,-93.57955701849592,131.9602939148295,-81.71233397855835,7.120630054084277
45410.15625,-90.24165568322439,-106.1840233018922,-82.56676385927064,-176.8272858275658
45434.5703125,-84.90874472522285,50.52429364232358,-84.46134225735838,-13.05409916660079
45458.984375,-83.46532408260268,-134.7965499674874,-87.11020864569724,151.5995943382821
45483.3984375,-84.21941818986269,55.84852353064053,-92.25868447580254,-25.92040628542661
45507.8125,-82.50365541139521,-106.6508679506851,-93.5187305505743,-95.09251288941631
45532.2265625,-80.73650586194951,77.05220905315402,-84.18513126878054,119.4592791739577
45556.640625,-80.37042026819164,-104.4554738872379,-80.78904995122593,-45.8608154983089
45581.0546875,-80.13899972922404,75.6549910580494,-80.24663549987901,138.5466031708543
45605.46875,-82.49978178502623,-100.8698541485422,-83.11793324429379,-27.57391052331707
45629.8828125,-92.7332263149067,130.0439323609232,-85.02456626992851,-157.0926818668921
45654.296875,-84.41563928273899,36.84606317590845,-84.45113486414073,43.38640268216059
45678.7109375,-81.05953237696163,-128.8101250907299,-85.44379982533289,-127.8273240676328
45703.125,-81.28087982472439,77.06081104444698,-84.94233549442444,63.09421499638996
45727.5390625,-82.61412780656046,-65.78397970788271,-86.49053600905164,-121.8757959467821
45751.953125,-83.49428386584992,153.3520900588851,-88.07417148811736,68.24541014227636
45776.3671875,-83.99403465388252,-3.08858984678013,-85.60866213610664,-82.29110006188556
45800.78125,-89.41863597929432,-171.2624530543798,-86.1022163228082,103.7022047617735
45825.1953125,-102.7416787200494,-153.783042615272,-89.14774285404933,-118.7390116142741
45849.609375,-88.60200793226171,39.07528937129571,-85.66435638323048,20.97282721447728
45874.0234375,-84.28230854097949,-125.1551496936771,-84.47607867551505,-168.4576701814555
45898.4375,-82.06817069275688,81.93585710813331,-83.39126768034765,6.350628563091958
45922.8515625,-69.3559611866914,-46.76158853430292,-83.42606045803321,178.2619150100744
45947.265625,-58.38777359070573,141.0500263060485,-85.49194999835785,-21.07047662881163
45971.6796875,-54.20764450593767,-37.39046812646916,-84.13824944270911,141.7578915577607
45996.09375,-53.74228125090444,143.4000793716539,-82.01064838125734,-46.67725565150875
46020.5078125,-53.9259030435849,-36.11956643823524,-81.86884229588101,126.0422486806435
46044.921875,-56.64682121300616,144.415990813476,-82.88976259676335,-45.10693718978016
46069.3359375,-65.50433725736357,-35.52201813750138,-83.81819490463204,151.477359226154
46093.75,-80.39677980812876,126.0931400239349,-84.89483566185491,-22.95294596113532
46118.1640625,-81.70685334079022,-77.58522231546227,-86.34118353272747,155.1600424151036
46142.578125,-80.08746372060259,106.3519403320772,-89.61548059996383,-27.0042566967919
46166.9921875,-79.67247891430935,-68.48468861401965,-95.0156338305799,127.8888945085293
46191.40625,-80.75689786330381,117.2322138978127,-94.1364946744482,-111.8299866091798
46215.8203125,-82.92470399019271,-64.51596617003442,-91.8647713160295,49.82280597441457
46240.234375,-83.30788773244549,102.2173735962976,-92.29371656726423,-132.1329217946016
46264.6484375,-82.83590754371846,-84.27136777399959,-90.70817979973391,29.7427098938019
46289.0625,-84.2298639859695,94.72362551160009,-86.60707765610439,-164.1188858580047
46313.4765625,-84.81099523444792,-73.89292902951668,-85.80127181797728,11.15966524472519
46337.890625,-85.5974678816219,120.3732543454479,-88.35648459977726,-162.3999015420057
46362.3046875,-91.72538108856924,-61.34052994181526,-90.85547314666675,52.21880739605682
46386.71875,-98.81197507740495,86.51888996415585,-91.22418307532064,-81.03294200965287
46411.1328125,-93.91830877112353,-30.74205193117425,-87.57092288851551,130.6000937645776
46435.546875,-87.65664661293884,174.3374534091719,-85.26062999702185,-47.04804031719458
46459.9609375,-84.49463669939433,-0.4927700536530528,-84.87862524256263,138.8122539080301
46484.375,-82.51242176145558,177.734053766038,-84.22156060480123,-30.65204598410815
46508.7890625,-84.1897886638432,1.616097433636945,-85.20870994504372,157.4579033793749
46533.203125,-90.49896414424808,-172.1915678120995,-85.96088500382278,-7.395590401171407
46557.6171875,-101.5041222589753,-90.28013802323979,-85.25993528007558,-172.9980981740326
46582.03125,-89.90697292900846,65.33239369708423,-85.81950351323161,6.221866719520266
46606.4453125,-86.49721390608816,-88.72937984836095,-85.12570999841398,160.6640755130772
46630.859375,-85.56230378331091,101.8163877897963,-83.22706974070924,-29.53285486088972
46655.2734375,-87.69127316022646,-74.09338716846781,-82.79111436827428,146.5385236649767
46679.6875,-90.09196756762577,148.1090508769854,-83.85981941046018,-42.00248841663191
46704.1015625,-90.68222803147007,-4.405465372811223,-86.8512230375532,148.8929714308723
46728.515625,-98.11258293859923,159.5346001930715,-88.12283894979535,-7.328314275601953
46752.9296875,-105.0629957065897,-48.62479798442834,-89.76384978163345,-179.8727010094378
46777.34375,-100.1959552398668,20.08199991834753,-92.03047682598412,22.56127860820458
46801.7578125,-90.33357429618871,-179.5858488469459,-90.13437693456679,-149.9113759877816
46826.171875,-87.34949730334318,-20.20016434695088,-88.89213038809872,15.16236568722367
46850.5859375,-86.97999539605271,141.2398492185174,-92.28557805769802,-176.7137013159382
46875,-89.08784151054718,-70.54302331538108,-95.55830351718753,-2.819845300296212
46899.4140625,-85.78031548688276,50.88599582372019,-92.58022428998709,153.1390373524106
46923.828125,-67.68394439766278,-157.6778940278096,-92.2479904377121,-53.39720916857422
46948.2421875,-56.69218218318644,20.00773303757397,-95.32172566897441,174.5308990162082
46972.65625,-52.66188774254395,-160.7428856425874,-88.67062293353065,34.05652199679882
46997.0703125,-52.23175096781554,18.61484354872735,-87.11354585313691,-132.3033512235488
47021.484375,-52.4320623177217,-161.9588002042658,-85.41940246946464,58.79471284794008
47045.8984375,-55.40626094903282,16.48044630796255,-85.96134514742091,-111.5033053136694
47070.3125,-65.25231655510535,-171.5179561932659,-90.85835254890311,83.2710705149907
47094.7265625,-81.51314524224595,-78.12091830614654,-105.2733122340947,-157.2817567178084
47119.140625,-80.95335807962257,51.4737666473445,-95.41554541636495,-60.88928869760151
47143.5546875,-84.2089607061739,-141.2484735595222,-91.78277380456365,123.9340938609205
47167.96875,-100.7218259375361,-13.06156857664588,-88.36654730272947,-43.97823013518558
47192.3828125,-85.45180600359294,36.53211362758314,-89.11080022677659,140.2977484063257
47216.796875,-80.65011750303121,-160.6614041044372,-91.3127795158845,-54.95190219192502
47241.2109375,-79.2402824807195,9.629497831935502,-91.41203104374837,106.0033569507676
47265.625,-79.27471723214248,-176.1505462278676,-97.66354043031092,-42.07698587830726
47290.0390625,-80.80198443029522,-6.908047212715978,-91.17966876932823,-135.9182451759097
47314.453125,-84.53014920833499,154.0423678261755,-84.94423166707101,49.13717007269874
47338.8671875,-93.82852494784048,-64.97271008870086,-81.45583119277507,-133.4234185215204
47363.28125,-91.97565492984118,4.720752122325987,-80.63082392372708,48.50591922405707
47387.6953125,-89.44875456884179,164.0793901096244,-82.24421801792337,-126.8230648212772
47412.109375,-89.8163820064097,-48.94793701550869,-83.48319081759796,59.24024824416983
47436.5234375,-88.75547836904032,87.55935595372104,-81.8022713877525,-112.9469197431426
47460.9375,-89.26478075934362,-121.6360102885927,-79.93758277746483,76.48687239267589
47485.3515625,-95.56819278538244,83.22114495366401,-79.54822761341292,-95.15853588613396
47509.765625,-90.22661868431419,-35.94821256285216,-80.39434786076136,85.993256955791
47534.1796875,-86.96979957710342,141.0542630280377,-82.79852409747062,-96.43775535816083
47558.59375,-86.15359605075224,-47.78397979146568,-88.898017035189,77.96548023198606
47583.0078125,-86.27960355782173,117.3056192749401,-92.24942592751572,-174.9456391446725
47607.421875,-87.727702663499,-80.25578741745433,-85.33899402453403,-24.58561901954285
47631.8359375,-95.2259903337079,94.07339456916553,-83.7235476588244,145.7873891575845
47656.25,-101.3088777789997,122.8569033599375,-85.00109035477365,-37.15632676847238
47680.6640625,-89.81316218815411,-29.19738871781949,-86.08928353370091,139.2678354491412
47705.078125,-84.08550991120416,167.3900024197533,-86.30465654129216,-43.14858462869694
47729.4921875,-82.17770558745029,3.899486460588755,-86.85600670972006,118.1614217442165
47753.90625,-83.07712276516472,-157.1483176511956,-83.656751854107,-92.9683446677912
47778.3203125,-86.67837330827237,42.77089949606934,-80.78796479635501,83.91710297147976
47802.734375,-91.92824319322972,-98.01081417822589,-79.53744108893287,-96.52741867652696
47827.1484375,-98.106823611246,147.5014582291536,-78.78282343705121,87.43592029434281
47851.5625,-96.03017225685076,96.22054384777095,-78.24718951708461,-72.68112825030975
47875.9765625,-87.47739579788222,-42.59864055121547,-77.66906891602881,125.0398084159738
47900.390625,-82.16044658039246,152.3981169774376,-77.96684661537465,-46.75989050846421
47924.8046875,-68.34506395619836,-20.98098006375854,-79.50574472552658,133.6934477001026
47949.21875,-58.14363039231738,159.0452561230019,-82.77232768425931,-57.60339607644808
47973.6328125,-54.37231384703071,-20.89053346530381,-86.84818213136354,99.81666610480089
47998.046875,-53.98663363322521,159.5565253709632,-89.35632905972618,-108.6048567375206
48022.4609375,-54.23125553253369,-19.9013181833242,-91.11420616725835,50.76322219320036
48046.875,-57.42429478646826,161.2565813833961,-93.425925186567,-146.6198744643422
48071.2890625,-67.33844810436119,-14.21132507726461,-91.72980483463469,12.91095528809524
48095.703125,-89.1127423827661,-166.1234355872866,-88.577290791557,-176.2117490553909
48120.1171875,-92.1963908038158,-122.9892312171218,-87.02427349541895,7.027291418581961
48144.53125,-83.20170840196477,82.40954700048052,-87.98203969485441,-169.4877347119757
48168.9453125,-79.62414112876745,-88.41916430429798,-97.40115843498417,13.31651637194904
48193.359375,-78.50921762544812,94.45883255728322,-93.72299265868898,-28.58646057769561
48217.7734375,-77.86720709485894,-88.16632708576552,-87.55985699092868,139.578554898229
48242.1875,-77.83962041138469,86.05483178295349,-84.98117768616868,-52.45594263499056
48266.6015625,-78.92414831065285,-97.99439890511169,-83.58486085017118,111.1312520564277
48291.015625,-79.92920409985693,74.08480281758413,-84.1881158684223,-89.99247815910802
48315.4296875,-81.36899700421063,-113.9364441494374,-85.62993616006716,68.6547240082576
48339.84375,-84.64477467381867,70.43506710290333,-87.00104582366538,-137.3209723327416
48364.2578125,-85.67948280830277,-94.74518971824345,-87.71545751474264,0.08221107121670733
48388.671875,-84.44442782133609,105.939339941669,-87.66369686376238,147.9197720982833
48413.0859375,-82.22218323969918,-43.41555159949861,-87.38734405045115,-62.16695339685394
48437.5,-81.16305486061481,149.7296825512103,-84.45239061359143,95.76802280932405
48461.9140625,-82.75721224543345,-25.18357860785233,-82.49955384242259,-89.74683490515289
48486.328125,-85.31200869211153,162.0922231935977,-80.69786665276717,92.68359838252157
48510.7421875,-92.27669178757418,3.235969595371802,-79.47772985771637,-81.27790989360119
48535.15625,-92.15840409758754,-95.97869560670794,-79.67233015853995,105.7242313229313
48559.5703125,-87.4930841789936,69.13177801555716,-79.75799500988171,-70.38785550617054
48583.984375,-84.02948961376515,-137.1880458459329,-80.22590430099505,107.9094192049603
48608.3984375,-81.16754117554532,26.50498673188448,-84.14005802644098,-79.85161012140145
48632.8125,-80.00351662433224,-166.7162981531676,-95.06405166116463,68.08147104153099
48657.2265625,-80.27972782063881,0.1410662618541096,-94.77124477931282,149.7077165665202
48681.640625,-81.86512125917368,173.2049008406985,-88.79030828212096,-58.05530030546217
48706.0546875,-85.61231346937484,-24.26220505116487,-85.40686640317196,107.4713650096425
48730.46875,-86.84928468986088,107.5765881274241,-87.60449496477636,-81.3621027529299
48754.8828125,-84.6439454911423,-105.2777875703473,-94.75017228099861,54.10570439034054
48779.296875,-81.32620159065718,60.18159445256158,-91.59704667788462,167.8013861119837
48803.7109375,-79.42869598893176,-120.2500794522049,-89.58994607630905,-15.30870621931764
48828.125,-80.30110551705843,59.52974364514291,-89.34074586166419,-169.3474304655829
48852.5390625,-85.22551388942709,-127.1617410440468,-87.9994114259015,34.10295506213963
48876.953125,-97.49345213228867,-27.90968052192537,-88.40310424475132,-120.5170416231131
48901.3671875,-83.57019323347515,68.046561314461,-89.25952918312049,96.77598843896412
48925.78125,-66.94426512236937,-137.7700194627064,-90.54832246662906,-63.02973956302366
48950.1953125,-57.02152230204774,37.73340340974281,-96.87371270809203,162.4908028361473
48974.609375,-53.53442725970885,-143.5615337354337,-95.03707070051476,41.83900649218224
48999.0234375,-53.26224051320858,35.58697677446379,-101.4766415202065,-121.3917515226272
49023.4375,-53.58210011320121,-145.0525884784599,-96.67659635987994,73.06522443236793
49047.8515625,-56.96279954516208,33.72192736045566,-91.09174529294243,-113.9464000121057
49072.265625,-67.34234196649929,-152.8715916741903,-91.23231204233926,74.49617419614459
49096.6796875,-85.19595768110044,-37.60795767526706,-92.2164417543366,-92.85442204748576
49121.09375,-91.3809066771002,127.8055390032734,-97.27412434559027,111.0377514436674
49145.5078125,-88.49920065563273,27.5415332064471,-95.00874536533513,17.85450113670608
49169.921875,-82.52124819764134,-129.9635153717576,-90.30423149362852,-121.6011343977667
49194.3359375,-79.74145300759906,59.37169974261921,-87.35813994138014,105.2433436513626
49218.75,-80.13372261848183,-120.8356489430122,-85.46751833834911,-53.84704172715266
49243.1640625,-83.76043504466529,51.82492891230347,-86.06026295354053,135.4870387659471
49267.578125,-89.0126226274581,-148.4277996061043,-86.74385116196248,-21.87034249994143
49291.9921875,-89.41468309346874,-26.0216158331552,-90.12244387373998,173.7994944975771
49316.40625,-84.86764040940317,122.3197677200072,-105.5198562110806,25.7815046292146
49340.8203125,-83.9315883362521,-77.39108567607931,-114.4806944119008,18.69331794101926
49365.234375,-85.73280005206112,82.61377982797872,-91.90990323725043,-95.65284563616311
49389.6484375,-89.20509163406841,-121.8802531646802,-84.57510412473556,82.58790988052732
49414.0625,-93.42387581996384,17.23384311078602,-82.81520673294303,-89.60528150287166
49438.4765625,-95.249636516392,127.3068302421009,-83.39527797181263,97.10905125539075
49462.890625,-97.77674375216267,-112.9997346168623,-84.22108969577955,-96.38000933555251
49487.3046875,-96.39526116149753,-15.81737223972444,-85.87438050958922,59.27479928873332
49511.71875,-95.4260490689839,179.3975654084861,-86.59416045941708,-144.1613670232309
49536.1328125,-90.78123642219857,25.09975710592463,-83.78296948551274,26.3372533402887
49560.546875,-88.4364508556543,-159.0933055474896,-83.34066365029544,-165.7457711093553
49584.9609375,-89.51008055418933,17.17095096261191,-87.098032229989,-0.3338178072451116
49609.375,-92.0547211927948,153.7639972502643,-89.48707591807816,150.8266609698032
49633.7890625,-86.10398572354994,-75.83979450455621,-85.69325959633724,-53.75420100724634
49658.203125,-82.37025516694231,92.78726414509708,-86.39885635269017,113.3551126262979
49682.6171875,-81.44052024088819,-82.07467966691132,-91.54952974319427,-57.69497607081693
49707.03125,-82.88111139314596,113.0453754137161,-89.61058760207021,-164.8107389986657
49731.4453125,-86.86381440803822,-56.68209174684901,-84.94135824870348,40.30990997748874
49755.859375,-93.2322790693965,119.6341353086708,-84.9295671824806,-145.8568992198086
49780.2734375,-98.98448435860011,-119.1480293773036,-87.08829382830159,7.710882713986109
49804.6875,-91.3228505128538,43.67123837803094,-91.87292654537157,122.0893109936525
49829.1015625,-87.40770569471431,-103.6227014275765,-88.16489564490639,-112.7812084249169
49853.515625,-84.36935680189777,104.3844349583639,-89.17741568874611,29.0654730823254
49877.9296875,-83.72372734731734,-65.80058128806219,-84.81819410426408,155.3569374867055
49902.34375,-83.82362398958102,135.5278440743112,-82.8830402861734,-53.66831306256184
49926.7578125,-68.72535839679546,-8.207763776602516,-84.36467859135396,98.29893945031718
49951.171875,-58.57220560389504,174.3663784595612,-88.37290466730244,-95.31564912046997
49975.5859375,-55.10346140062072,-5.593930265989459,-90.61324797935114,50.27800309158022
50000,-54.73176646899426,174.4441950719063,-88.23862644148417,-149.0916977210389
50024.4140625,-54.94031238201011,-5.292687197762114,-90.45211564094956,52.17681934390305
50048.828125,-58.38013261158544,174.7419932887472,-91.60744444380308,-86.50945248115562
50073.2421875,-68.48982033560314,-7.071047049131552,-92.71823859233807,132.8191729438022
50097.65625,-85.06403250216707,142.2440255730216,-90.3565575369789,-2.209252796650886
50122.0703125,-85.47051930655164,-83.72574176859476,-87.7926894032999,-165.0103070498677
50146.484375,-83.22214636868621,87.59769688789753,-88.23058062527699,12.0786295208449
50170.8984375,-83.28827566065279,-85.97293796654216,-89.27627269611801,147.3818446624678
50195.3125,-84.13268846931399,109.197444286573,-86.21857175142766,-76.22447900650367
50219.7265625,-84.8051192781794,-57.56606410547312,-84.38371931657596,72.815801781261
50244.140625,-85.1544357407553,135.6917095021683,-83.02713947736039,-123.4145806127913
50268.5546875,-85.56945603826986,-36.95198858946258,-85.71173109475525,46.65982747827096
50292.96875,-88.03038158841034,147.7515761991446,-97.44361550141177,142.2221380481262
50317.3828125,-90.66074089521646,-2.478611327684806,-87.3368533808175,-134.4277951424456
50341.796875,-90.63337747253013,-146.1071868199919,-84.19260119224548,17.39837155580297
50366.2109375,-93.04935792708091,54.68135982577495,-83.64982623267178,177.2054556500331
50390.625,-93.96884794317053,-101.0261627549349,-83.72925211709389,-23.1315385215132
50415.0390625,-91.03150600931754,81.53835665503659,-84.75314012431934,131.417754159726
50439.453125,-91.47387242683013,-92.55139698350746,-85.75519804423527,-56.12413022989811
50463.8671875,-89.27494312528404,114.1607175421974,-87.61937890837247,153.9237178070568
50488.28125,-85.63215471345976,-50.40697406196988,-89.97379998093211,14.94365801743464
50512.6953125,-84.28977351744879,147.713182265841,-90.38838098642455,-132.0255414275082
50537.109375,-84.33237298675468,-19.65743074649858,-90.08971728964779,65.8638618872442
50561.5234375,-86.6626842866288,166.9875479435316,-92.34441805280304,-56.34827763607753
50585.9375,-102.2380841673037,-4.247059842688297,-88.75141191493032,-172.3969072429876
50610.3515625,-86.06343847221994,5.844224455718283,-85.67053796638369,38.59803060169344
50634.765625,-81.80224345529845,-176.6130459720028,-83.37896285094942,-128.7219206756446
50659.1796875,-81.34564009605262,-9.490468549183568,-84.7334495246311,59.7229376799234
50683.59375,-81.188671607157,163.5651089234659,-90.32462907532181,-105.7352081538819
50708.0078125,-80.87985654684178,-31.77104324434093,-94.64293290480306,108.2890774404828
50732.421875,-79.41646795316808,127.4143779572139,-93.02203457692156,-30.61948013604731
50756.8359375,-78.94602162468989,-66.41175241539227,-95.08923802133748,156.9903450878213
50781.25,-78.4892969404857,103.0275670824725,-99.51658282378617,-95.98110665293099
50805.6640625,-78.47459812730298,-82.63795136530337,-95.49868343460173,55.29630137910554
50830.078125,-79.84010979851851,86.70293317369115,-91.23372212640706,-166.6512122507401
50854.4921875,-82.76602224498829,-111.092150179378,-85.74403482672223,-7.074538997900014
50878.90625,-90.20882763784529,39.69018260954561,-85.58092702528299,169.7761111363833
50903.3203125,-88.27188184233373,76.98919142352783,-87.80735970670858,-11.16271817020409
50927.734375,-67.67086106027682,-126.0693203124174,-90.86029930663199,158.0465950827497
50952.1484375,-57.80380692854326,51.51675911506114,-102.837736151144,-50.67110019830692
50976.5625,-54.6077363863586,-129.6892460785829,-93.90630313961549,-1.748775620422747
51000.9765625,-54.4742659964671,49.3567089894614,-89.24515789041523,-163.8302156208316
51025.390625,-54.94262283471903,-131.2371969273818,-88.25287043976935,37.00989239872244
51049.8046875,-58.83842514600911,46.7614094216134,-88.60557995187163,-128.3355217355783
51074.21875,-70.49397417765915,-145.4186187425692,-89.76322168359852,64.1704463795835
51098.6328125,-83.64248320084877,-62.39665531223673,-90.96628235883702,-104.2436223880414
51123.046875,-87.00822817270272,94.32826707527367,-89.65613642653176,83.93634636735784
51147.4609375,-102.4558717143638,-111.1659485044248,-88.0744290143945,-96.90256535875049
51171.875,-88.39586700145938,-80.07948175944742,-87.18379457747884,80.69948127679564
51196.2890625,-82.7309249235893,100.5242449009366,-87.60868133907364,-92.74485376809976
51220.703125,-82.48444604295111,-83.8208419896358,-90.38721695052972,122.2406550748119
51245.1171875,-83.89668413468951,75.75460649050021,-85.49023551531691,-18.71185017619411
51269.53125,-84.20614176275299,-132.6604631109864,-81.19488763440252,164.1889162005615
51293.9453125,-82.56802432899647,15.74446880756695,-79.32601678552084,-16.61689331545027
51318.359375,-80.11812397511939,-177.2221033252138,-77.98154759953707,158.5672721177269
51342.7734375,-81.36771380516572,-2.274612540543498,-77.47166750522641,-26.19846818203304
51367.1875,-87.25989384066189,163.0708898724453,-78.63103025202213,151.7109782571551
51391.6015625,-96.95685348428938,-50.2976135077648,-81.93123154553615,-29.81562519978452
51416.015625,-100.3263152064094,33.6245439522398,-88.20414270904608,133.2805062973438
51440.4296875,-92.18785217425969,-165.4150290836254,-87.66723072787271,-114.7244339291712
51464.84375,-90.97962044357038,22.22841702739433,-83.6497755205871,35.28757549581093
51489.2578125,-91.47363159723112,-128.5102349289239,-82.48001875673212,-159.501309531049
51513.671875,-89.90064855863426,50.6301359783922,-82.32551765262232,20.90127011503603
51538.0859375,-93.10442680066879,-129.1674520422653,-83.81714414524352,-176.5836984630339
51562.5,-97.73246793125981,157.8568956203914,-83.01518871682076,-42.69389422915116
51586.9140625,-91.87593809784383,3.731680710574087,-81.81544391440974,127.4265585632301
51611.328125,-90.54816346609596,156.0470308097873,-82.79026946531566,-48.68764103371209
51635.7421875,-86.98947471088869,-49.00735000851645,-84.06820973831081,117.1052181606601
51660.15625,-84.8680958787712,125.7565868461938,-87.34794950482103,-88.79453912757918
51684.5703125,-84.6101553870281,-32.16480577917561,-88.60333820484,42.8630492654448
51708.984375,-83.12492716170836,-176.8405362253133,-84.24383236825868,-158.0398160759498
51733.3984375,-82.46730795900716,26.67165156425942,-82.17363358010034,7.591457832663584
51757.8125,-83.07617930432336,-130.9450783426636,-82.76088822837762,167.0414594513266
51782.2265625,-86.46917179050048,70.56980101274569,-83.50731260242091,-52.26077441877538
51806.640625,-92.91433313175847,-48.07507617171622,-82.34812268790327,101.6467127942132
51831.0546875,-92.51268276900028,172.1679412651846,-84.09122515975282,-87.97590951988825
51855.46875,-99.98908842098612,16.69651019079825,-87.55376538053267,76.32851206560893
51879.8828125,-96.52389162634775,-77.62356677542545,-96.36617926874311,-134.3835877519031
51904.296875,-87.98905516001861,159.9954131570843,-92.79933109678771,-64.93058508940284
51928.7109375,-68.41210289391117,8.173817885990331,-86.71687835646325,136.9146907934048
51953.125,-58.65700556274579,-169.8697880217643,-82.95458224090524,-15.61172777608101
51977.5390625,-55.54461160788833,10.45832993593112,-80.11828748489054,176.8463575831763
52001.953125,-55.32487392835194,-169.0663475983978,-79.35965674928117,3.497321025497376
52026.3671875,-55.81442656318714,11.26434415159318,-81.97415190782699,-161.7405167302283
52050.78125,-60.0185140867319,-169.9132441367888,-90.03280515077216,42.74654312525121
52075.1953125,-72.60213440499798,-0.8768959816471161,-90.31598659364819,-5.070016649497669
52099.609375,-82.39622890383403,68.15103561578755,-82.86357799828652,179.4145856808971
52124.0234375,-81.99201178937473,-109.073698592822,-81.70847193136881,-2.950472291867308
52148.4375,-85.5039624105875,106.1163337163599,-82.7485585778953,-178.8432237694643
52172.8515625,-85.67490219291196,-5.224868598796269,-83.50310207581089,-1.447361096076792
52197.265625,-81.84291117660845,-158.6662491780215,-84.1832125617363,178.4845258957039
52221.6796875,-80.24697548314637,23.71277541879158,-85.07176030902251,29.53065105150613
52246.09375,-80.67256731166437,-159.9776994136276,-85.63988169858848,-118.8358721658197
52270.5078125,-83.64033569193151,6.677365162167553,-88.58804624936627,88.97002648498396
52294.921875,-88.45664607403238,143.9611316694663,-88.81019079254295,-44.60610668546171
52319.3359375,-87.73046121975094,-79.79268969271142,-86.51326083468328,173.6834636038168
52343.75,-86.59448072715486,90.69743111280161,-87.09690445148649,22.90926392764121
52368.1640625,-86.46498225960255,-93.47083675055997,-86.61678008137612,-132.1987773270597
52392.578125,-89.77478618833774,78.18686385032754,-85.03045319088031,51.4980866245044
52416.9921875,-99.59297122313289,130.1012649164149,-86.95638348787098,-126.3121448941848
52441.40625,-86.03187972497682,-82.21130717685313,-89.73487039670695,62.5800102690719
52465.8203125,-82.54536764753361,105.8072102340466,-90.65979550317715,-99.61464927364773
52490.234375,-81.7466053809608,-65.3663966860903,-90.60015218127899,141.6746044333374
52514.6484375,-83.34035211314247,118.6128611286923,-85.62460833470911,-11.54674044537841
52539.0625,-87.69137997262364,-56.64378111987197,-83.84394094947731,163.1672590729235
52563.4765625,-95.80519710596636,119.9758897754381,-84.58325126187164,-14.51591512181528
52587.890625,-92.48791440788111,-131.4570658459448,-87.71140621501367,179.7309722210837
52612.3046875,-84.92542557856858,42.42158824349607,-91.45874866554817,20.88679623489225
52636.71875,-84.06076303002045,-144.5519675652728,-99.65600143853024,-99.79466285238651
52661.1328125,-87.31597150730292,22.18011976470691,-92.35317010535579,-149.7109806388266
52685.546875,-92.18170616936521,-158.8597118558534,-85.23240989558163,55.08391861030377
52709.9609375,-93.78441103710635,-33.05619467650557,-81.327668562425,-125.8023682049947
52734.375,-86.23953582264187,110.9695431712021,-80.63862275716178,48.92825824513807
52758.7890625,-82.33947271821518,-78.92220578318164,-84.88547036350575,-142.7097566468451
52783.203125,-79.12302753420023,101.1282694966705,-91.59337392792196,-25.67121301281185
52807.6171875,-77.87335838511582,-75.04490872703157,-86.2151614962728,97.68286043506055
52832.03125,-78.83104862697292,102.6543527858401,-83.11837486974873,-90.35698090108228
52856.4453125,-82.08716844330897,-90.41519881416704,-84.44338860246772,93.34099999379841
52880.859375,-89.96635473704785,52.51330503133006,-89.45405662457759,-90.17721568590879
52905.2734375,-86.35601449029116,108.5424873319831,-93.21939109681323,55.26725663897054
52929.6875,-67.54057723501572,-109.4919601687016,-92.67225451201966,-150.3045203151244
52954.1015625,-58.14767283775816,65.98041436771967,-91.00637751677688,22.51869049847377
52978.515625,-55.23939673454477,-115.5919666577227,-91.62144544561019,-143.6118157075155
53002.9296875,-55.05281313880761,63.32978916992449,-95.08487290251094,108.867871520057
53027.34375,-55.5138876032182,-117.141815872509,-91.3623115817964,-11.85735979888659
53051.7578125,-59.5768476670814,61.20263324339633,-91.26787716256459,-144.8267552355206
53076.171875,-70.70954998117239,-129.999523267967,-88.09162399705525,58.1131225212938
53100.5859375,-84.87945245495155,-15.11569616216721,-84.96438466028943,-124.4209660853217
53125,-94.19379954917048,146.3668644310427,-83.8248563041673,59.52262956107644
53149.4140625,-96.19594046185725,148.1172790542736,-86.75659243222968,-116.500482263714
53173.828125,-86.19375105490079,-33.52213723038382,-92.9969202781691,40.51853731065857
53198.2421875,-83.12907735799266,146.8383441682381,-95.42387540059964,171.4092491259324
53222.65625,-85.50022458876576,-14.92428101314318,-92.62638445398076,-85.89043232709801
53247.0703125,-90.72350209458557,-114.8876131394634,-85.92478942822417,85.94874646964972
53271.484375,-84.12864193728645,125.4042027392393,-84.70047274750924,-74.85527218799579
53295.8984375,-80.56248149972001,-35.46757176877815,-85.07967565103989,122.4786989246887
53320.3125,-79.20500135248828,161.459488522733,-84.20808136791325,-51.59955512814718
53344.7265625,-80.36093363491648,-4.501725441576405,-83.68161157378415,139.8939492836677
53369.140625,-84.96801829878166,-171.7548601061697,-86.21902506089569,-35.75243203635306
53393.5546875,-89.72259318147141,49.0603877698463,-93.54265231998973,85.17335360373404
53417.96875,-87.44381193305946,-103.7798820235822,-87.07920280796097,-168.4843185744057
53442.3828125,-87.6741008545745,75.29860724342119,-83.21655657445689,-2.695457416176982
53466.796875,-87.735046913357,-128.1482242009986,-81.92300898019406,173.1530935641452
53491.2109375,-86.02242245867834,25.24957950755706,-84.20302244547682,-7.950191395998109
53515.625,-89.25322551341095,-161.174158655891,-92.51383559370282,-175.5021556984746
53540.0390625,-95.36089854615992,68.88104562958776,-95.15393901859559,94.83024222614377
53564.453125,-90.84867761344722,-68.0773253440645,-87.63747483057209,-57.8691301428433
53588.8671875,-88.37155876240509,129.2079658561879,-83.1629953904546,135.8902223388646
53613.28125,-92.42389134940925,-34.94799208250988,-82.06416004101439,-39.20883687582089
53637.6953125,-95.17143024048178,-117.404661827579,-84.50472112612647,139.5936483970849
53662.109375,-87.73568901580715,89.06986334803905,-89.50769996671806,-45.87229191563576
53686.5234375,-87.64150537335878,-58.12737782245539,-99.22623208012469,95.56200033090563
53710.9375,-87.39377956548701,176.8040329622784,-96.93711925430621,-177.6497828144586
53735.3515625,-86.3717380058267,23.62824672307561,-99.77084118154708,-18.25800205018543
53759.765625,-86.27344472146028,-143.029641093992,-96.90869421101152,49.89464399159705
53784.1796875,-87.77927719770331,49.49319229745927,-87.90513900992721,-154.5736380537531
53808.59375,-94.89669105633949,-108.2716722251199,-85.11439769249546,8.99519906899358
53833.0078125,-99.05463710893228,154.1967091754331,-84.44602146497758,179.1870695349505
53857.421875,-105.192321810128,-87.22975843044118,-84.66879198585897,2.422762685719519
53881.8359375,-91.99501148349688,11.99388731399738,-87.46979457693314,-159.1489206213467
53906.25,-82.20995331300516,-168.9193902397972,-87.87358265409863,57.33418944633353
53930.6640625,-67.25171233891072,21.04986499107689,-84.14627068055273,-109.7835800157338
53955.078125,-58.73143080839827,-156.3074125353009,-83.21534592387708,71.51728686543791
53979.4921875,-56.14587362865852,24.63345180405377,-85.578001807158,-126.8361107456099
54003.90625,-56.05221279071962,-154.7841136821272,-86.03333236033137,28.59514340416522
54028.3203125,-56.61673450767807,25.66198197283427,-86.22536370795801,-144.1691247629405
54052.734375,-60.99729140000888,-154.6877485923782,-87.03654883980673,41.63418787103063
54077.1484375,-72.54395327289062,19.45880927031892,-87.05090355546984,-148.2471183414604
54101.5625,-86.05013711842381,159.3854558098309,-87.35922110642592,19.46122211090387
54125.9765625,-85.73600696037812,-16.89915019287327,-89.71223696245026,165.7101406284756
54150.390625,-83.53669872708296,-177.698250688968,-88.67682047930234,-45.87182586453797
54174.8046875,-80.73350410089974,22.18210788223382,-90.56473241117661,127.7711986775989
54199.21875,-78.99080420050694,-147.8059383290321,-99.02391828957124,-56.54599779709815
54223.6328125,-79.54861799061919,33.45077870906778,-102.0396163955134,-153.6739095582275
54248.046875,-81.16581578382083,-151.1428170474542,-94.42687232355262,54.60435912909679
54272.4609375,-83.86936108864512,11.82251125225484,-90.64056529341855,-119.6682637809278
54296.875,-86.6136688952916,143.2039489167757,-88.76623255907498,64.66227835998049
54321.2890625,-84.7820726633179,-66.45649515916745,-86.13305313139361,-97.66123802993228
54345.703125,-84.18865177799563,116.9825557642504,-83.09120770003159,84.31341397068344
54370.1171875,-84.58574807566902,-47.52294428606848,-82.33753575711347,-93.76537101008951
54394.53125,-86.27068481627786,171.0266585362027,-82.63096999402264,102.740891211807
54418.9453125,-83.9339828511561,40.36577306192559,-83.74676747896224,-69.25825916638358
54443.359375,-81.85250666991499,-120.3221961122627,-89.44110886376657,122.6152376634474
54467.7734375,-82.43863125065445,75.02621855013508,-93.26441440963816,23.49314571936235
54492.1875,-84.88670349590741,-80.03813044923729,-89.86279792132871,-108.7821224419392
54516.6015625,-87.80090895250243,134.6899915352404,-88.69525059842518,91.52567406206899
54541.015625,-90.13312242523,-13.2625351641188,-91.04135627024286,-77.57282698496753
54565.4296875,-90.86919770118728,177.1102387280161,-94.03403141201053,142.8080787707294
54589.84375,-90.05828390475219,-36.35725065229909,-94.39651938885603,1.448083987437496
54614.2578125,-85.78440919736278,103.43575657422,-91.70450708321738,-152.5499724812732
54638.671875,-83.54559961959069,-101.0280988589057,-88.47574760635158,33.72220754574028
54663.0859375,-83.12513734338836,56.36581555150886,-92.45771908085808,-119.8509957371196
54687.5,-81.93194514739275,-138.6806277543141,-93.6831110046647,148.9188151986667
54711.9140625,-80.70403994685968,23.17881850580389,-90.42434538750229,7.815593497342571
54736.328125,-80.74386322004446,-179.2819712747889,-89.15076584672774,-151.9510647062212
54760.7421875,-82.25136570007905,-19.08568479943182,-90.69902593654328,44.22304974586115
54785.15625,-83.44395735827432,148.3930671745111,-93.83021930212385,-107.4632292227774
54809.5703125,-85.41077306316247,-41.40520710190747,-92.98671991459607,118.8807039677386
54833.984375,-89.11000414509741,125.8268412474271,-90.35929414816054,-52.81056585148031
54858.3984375,-98.52398409980241,-27.075145345243,-87.38599396091428,105.6618488714832
54882.8125,-91.31776054225803,-101.6241817531884,-84.66802500255011,-86.47437407237609
54907.2265625,-81.07739210936157,81.2082920256538,-85.51604476235966,77.29669953428888
54931.640625,-66.36862943193711,-100.2222598135241,-86.67698700267211,-136.522997002897
54956.0546875,-58.17155022469497,79.45288235002612,-85.12404798125546,20.6405352058969
54980.46875,-55.74394113848948,-101.3716344930117,-83.194912914715,-168.799280356268
55004.8828125,-55.62951432908755,77.515763532961,-83.0972453044125,8.747248107210082
55029.296875,-56.30175968632007,-103.0904964248611,-86.38666034361036,-158.7971438436606
55053.7109375,-60.93870905500247,74.5203338463881,-89.78947441156008,57.42397903008324
55078.125,-72.6173580040865,-123.1947340069428,-92.45788118411343,-87.78804190069334
55102.5390625,-82.75981922808111,-11.45939806749337,-91.37618789177155,146.7201028958767
55126.953125,-85.81875584853626,132.9288442031357,-88.89443314071586,-25.4119725301592
55151.3671875,-87.4525742752862,-69.51934243678784,-93.97648331184186,147.2229941863688
55175.78125,-92.0186839326324,87.70508788646009,-103.0658272873314,150.4494090679885
55200.1953125,-90.72324085644894,-92.50867255102717,-90.13167533150316,-20.50384803801002
55224.609375,-87.88533779419943,124.453641770026,-85.38753951202818,162.3210169449498
55249.0234375,-85.875559110143,-10.86232414135792,-83.99716378477764,-21.25598088508001
55273.4375,-83.33191052909804,-167.9526077042762,-85.91560920955976,156.949793900594
55297.8515625,-82.77892913909439,30.871526539425,-91.08151684804794,-28.92630371560278
55322.265625,-82.81145419999497,-121.5621065646926,-99.65441795886116,127.9081367363391
55346.6796875,-84.22549131587415,83.97810333389819,-95.79732617040102,-169.95810479823
55371.09375,-87.05986722067415,-66.95193822063958,-85.57228001132833,1.579201074845611
55395.5078125,-88.11333332032819,132.6984658009459,-81.62212070893629,-178.2753343675544
55419.921875,-88.82697951437802,-54.23755410197136,-79.95581519724024,3.993446217586909
55444.3359375,-90.17316327318858,87.18092690448543,-79.0491405176885,-175.6328753474116
55468.75,-86.44541129678856,-133.3326180753115,-80.53219515916979,4.015883909395328
55493.1640625,-83.87614948123337,33.95535909373224,-86.13476117941774,-170.2877692000563
55517.578125,-84.71883640967265,-148.3142540104663,-95.06749276777832,2.864211314555677
55541.9921875,-85.06560599052415,47.31177014523141,-94.08652238627343,120.4662433599471
55566.40625,-83.54132605794746,-119.4342924062763,-90.68221395239574,-62.3174123690082
55590.8203125,-82.63595862320344,55.42995796558669,-88.88140676785608,142.3590781044479
55615.234375,-80.83731656523638,-141.1302128562669,-88.09244986000209,-9.484987373443845
55639.6484375,-79.77216927572697,21.03313861530134,-89.52700396609055,-143.4385768869878
55664.0625,-79.32747804123552,-175.3063949157342,-89.77406875002175,92.00191121440022
55688.4765625,-80.15791431075738,-0.3357695708587476,-86.99149522537132,-48.70917297914365
55712.890625,-84.73742047165686,178.7694846620877,-84.15388117964892,141.1204711665578
55737.3046875,-97.41627426043861,-20.9592157618568,-85.97211084733775,-37.55704926669748
55761.71875,-90.48247650513261,45.2220730889723,-94.36859641079919,103.4925607010126
55786.1328125,-83.83519140740091,-128.7059927315946,-89.10568732897103,-144.3265839029362
55810.546875,-82.19885059481825,60.78624606743682,-85.27338512706956,17.16740829039521
55834.9609375,-82.58927884919427,-102.8329083450268,-84.71000830897972,172.456679113449
55859.375,-83.58580749103572,101.2286645557054,-86.78609739556987,-45.74348258017861
55883.7890625,-84.81396631571053,-54.28298556919405,-86.59682706874953,92.63637437196861
55908.203125,-82.89183610036713,170.3015650916758,-84.65110151411341,-105.2664260881522
55932.6171875,-67.76418124792576,31.73593787310627,-83.45142772034893,75.52507382648609
55957.03125,-59.25292815160184,-143.2478151395962,-85.17744110947631,-91.96043301848056
55981.4453125,-56.90519212547166,37.7732803020182,-89.70031431681042,106.541870557043
56005.859375,-56.84283321522402,-141.4678221226072,-92.97523002701631,-63.72413240054899
56030.2734375,-57.547991675406,39.00537928411975,-103.8286283264224,102.9082243633009
56054.6875,-62.54611213988093,-142.6138931748597,-99.1670927440647,96.86914987364426
56079.1015625,-75.79361190537935,21.57284552196814,-100.4172745444839,-89.50469460941129
56103.515625,-84.21711586564122,121.9881452134113,-99.79207344930437,160.7724858048513
56127.9296875,-83.69754873119007,-51.30333804779561,-100.8126297408896,6.902823910759813
56152.34375,-84.80951809673051,150.4356161034898,-96.46922293181026,-105.261743048188
56176.7578125,-87.28706768750038,6.477869032671938,-90.25551723535031,59.39804065051777
56201.171875,-88.7637153410062,-136.1802695847567,-88.66586484325218,-127.7748937025382
56225.5859375,-90.6181176426775,45.52516327557053,-88.17497687886052,59.72294539578823
56250,-91.66962919954298,-167.5801974856351,-86.60372419698552,-114.2612087267987
56274.4140625,-89.7078542561629,-42.48388179949649,-84.13625797040498,72.8850239212655
56298.828125,-83.27779299226506,117.400365880134,-81.87503862759642,-103.6373350734011
56323.2421875,-80.15109008095936,-53.85425436180849,-81.51278127721366,80.14510161074818
56347.65625,-79.5238219007433,138.3279347825616,-82.97423980418884,-87.57322876973821
56372.0703125,-79.68639866238222,-31.04698719429625,-85.98746814647367,115.30980191406
56396.484375,-81.41480626671824,167.757928661404,-88.23999086251635,-37.56561319402816
56420.8984375,-84.76548734153106,34.90760464205032,-87.39266819416935,154.3877373377308
56445.3125,-85.38258845204589,-86.76788219473454,-85.92072158137114,-19.07678613333002
56469.7265625,-85.12565381527023,135.8914392824073,-85.90953105637958,160.3937718189157
56494.140625,-85.79536562488273,-23.39780622338716,-85.50869870001725,-30.28685510635124
56518.5546875,-92.09530946471405,169.6144881312939,-85.23677307744708,152.1436324701914
56542.96875,-93.9045623113215,140.3075520730235,-87.6561930427615,-17.3999612490299
56567.3828125,-86.72211838201463,-19.49777019128373,-94.89463808103704,147.2116974525375
56591.796875,-86.97931001225626,177.842688460741,-97.11465807994719,-173.2773171774397
56616.2109375,-89.40664643971149,16.12031191825981,-85.15728996636395,-25.19144364770868
56640.625,-93.04040105620301,-154.634812458219,-80.59622273461264,154.639688286662
56665.0390625,-94.5986274383276,36.47309416859589,-80.75070484975453,-24.60260138994443
56689.453125,-86.86020612839894,-130.9909340384309,-84.02789999110298,150.3741555447382
56713.8671875,-81.47683099250926,43.5049163157028,-89.84107170003438,-42.62673097571577
56738.28125,-80.40138236836471,-144.0123743672156,-91.41221172906752,37.62516215369968
56762.6953125,-80.54948854360133,33.17510066615862,-83.3872859355883,-161.1605149902845
56787.109375,-80.44665199235286,-147.4124457921174,-82.38305531126889,19.94692640781036
56811.5234375,-82.57134206340793,31.70514620982452,-82.76273454110375,-158.9814445923844
56835.9375,-86.53480684005191,-140.515761674383,-82.11259213077511,15.66445839275685
56860.3515625,-88.50879728750202,59.11479933615703,-82.44500275420617,-174.9547560449782
56884.765625,-89.51586615272974,-93.98486281099335,-82.76028247743994,2.821765791336572
56909.1796875,-81.76718043060362,104.8366484924476,-81.50550529389656,-166.75654812178
56933.59375,-66.54824563668798,-80.81539463285392,-81.77130365016409,18.77155241759744
56958.0078125,-58.62046968466618,97.37472073189139,-84.88396815506414,-157.1706268794537
56982.421875,-56.43151867373422,-83.81753783099188,-86.8880169945531,34.33410889376671
57006.8359375,-56.30527160047046,94.75780733289021,-90.00074660866076,-148.2457521605164
57031.25,-57.08624803186142,-86.52321275855394,-104.8714377400411,-23.54767552013458
57055.6640625,-62.09452933432699,90.34962200793137,-97.52082159013514,17.94564949335505
57080.078125,-73.88515215224045,-104.1548910156775,-89.87590554065989,-152.1389317655264
57104.4921875,-88.57214285006145,35.56783568789051,-84.4738752746632,27.41583921461251
57128.90625,-108.357655621093,-22.99880451487993,-83.38469149339035,-172.1747976390666
57153.3203125,-92.89491040239608,159.5878345846098,-84.52012948629225,-18.3699546347777
57177.734375,-91.30508946876159,-46.65417014951919,-84.70750188286452,124.3772810166599
57202.1484375,-90.21461622285918,73.11509614874615,-82.57542414963814,-88.98531844153824
57226.5625,-85.65764421003885,-125.1164847536145,-81.82696224602384,63.45550875133593
57250.9765625,-83.84491774719615,62.65111041773653,-83.59958288724138,-144.2960788694079
57275.390625,-82.58642886463926,-114.9783213994595,-86.73821840810056,-15.33089136649697
57299.8046875,-83.3764518370462,68.86888502264337,-84.23546496503792,122.3107017192645
57324.21875,-87.73470327947351,-95.96073103846153,-83.74061291854581,-71.21293400634701
57348.6328125,-94.29441639840037,93.49538627589909,-86.83767156202713,98.18614777994785
57373.046875,-100.1583602176991,-101.8205496335947,-97.94839192229276,-96.60492610633305
57397.4609375,-101.6035853845815,141.2199321692967,-93.01199563628843,-97.40995759627917
57421.875,-92.76976848290325,-52.60492161743953,-85.12831426416609,68.02072807375552
57446.2890625,-87.89035950812227,91.61987437610112,-81.54489274354358,-121.0940275575849
57470.703125,-86.4838627928292,-103.3130575488045,-79.51422370808086,49.56641474940542
57495.1171875,-86.60604516502144,84.83035294367158,-78.1165440611432,-136.7587263074989
57519.53125,-86.57824068191717,-87.64091556131777,-78.5499467946629,44.88262321576578
57543.9453125,-85.82899515148674,97.46648404173911,-83.39967132115483,-127.6169482188162
57568.359375,-84.5824127812858,-71.65656910782494,-92.29402609429108,145.7474384865596
57592.7734375,-84.71428805868071,109.3620012276693,-83.18320037917196,7.602102283648946
57617.1875,-84.45699042406135,-88.96270102714121,-81.00797721003579,-165.8432409651411
57641.6015625,-84.11126125477088,70.32848000410371,-81.5672397656199,1.452378309347495
57666.015625,-83.93947491671874,-127.7672427606765,-83.7716889091748,140.1170260882344
57690.4296875,-82.96132863007365,54.85356513260053,-84.05750730732169,-93.21816683938601
57714.84375,-83.45537109437856,-116.3330576316778,-81.84882753074588,64.48954677482152
57739.2578125,-86.9147952875405,62.09670969383298,-80.67433345415829,-116.4369486200797
57763.671875,-96.88795233751067,-126.0108382317592,-82.09017012953744,68.69250819841243
57788.0859375,-95.86564059307464,-86.28029335861127,-84.01147540634329,-103.1041033450678
57812.5,-88.78627693291776,105.1020990463861,-84.49628229452961,74.07852416087469
57836.9140625,-87.98102871382162,-61.36898768611565,-85.12152319427224,-119.025496087124
57861.328125,-91.6110865790356,139.7671048404968,-85.86552624706144,34.47348882103039
57885.7421875,-95.0724674199048,-11.15262880494349,-85.62064054072955,-179.474716175593
57910.15625,-83.41834065154971,-147.1186695334373,-86.90796732388358,-10.07495309987313
57934.5703125,-66.99410445364641,48.09686914892047,-91.36708865789532,176.8847811138364
57958.984375,-59.21582398852017,-129.506325239225,-91.09506609498234,5.126778734885899
57983.3984375,-57.15098826413542,50.83461078927957,-85.1746971732241,-157.3150049565728
58007.8125,-56.99113937998494,-128.3586483441379,-82.42379247060558,27.55363762999023
58032.2265625,-57.73719952441122,52.81274795709358,-83.30939639656032,-162.3536687563102
58056.640625,-62.69981150621695,-127.3339397572957,-84.92495707026919,-2.050785018654259
58081.0546875,-73.84450097436181,48.1670589172009,-87.11450905653854,157.5202452244914
58105.46875,-84.26700489120211,-155.4996075458559,-91.42325243513356,-59.0052647794063
58129.8828125,-83.98521743645185,11.35663330636027,-95.56075092247859,69.93751871138386
58154.296875,-83.60609110893988,-154.5893369534951,-101.4663901783326,167.7845029559714
58178.7109375,-83.9793180989702,58.25201256944614,-95.03421155119483,-63.19695726755307
58203.125,-82.95110930412207,-97.24978386228831,-90.90514959185114,93.81807935592988
58227.5390625,-83.37331242095306,92.23060285678214,-86.84802443372256,-110.584474635878
58251.953125,-86.54942574830787,-85.63319297952437,-84.90898767076656,56.50970409676545
58276.3671875,-99.86160930068718,53.06049663062011,-85.41588437795869,-136.9135532008738
58300.78125,-89.99903600478369,141.8984828764322,-86.56371198126772,20.98422670095605
58325.1953125,-87.36895562340889,-8.796555752681364,-86.87331108688551,-178.7163624284062
58349.609375,-86.61091242045012,-166.4684978577213,-87.21210730894484,-7.273289191543811
58374.0234375,-85.444113842687,22.43037684141211,-88.47475035548391,177.7127962037724
58398.4375,-83.20261515877345,-146.9172592284457,-90.43786088874023,29.83896283478488
58422.8515625,-83.32549534250184,38.6943958822532,-90.88424122445353,-130.0639932255367
58447.265625,-85.81534456272371,-144.5981655663621,-91.77294672777775,27.74850803421482
58471.6796875,-89.38813712566753,24.91051176124337,-91.33775861669689,-161.0620986087989
58496.09375,-95.80280084062991,156.3785075648382,-90.16858488539444,26.0007004685981
58520.5078125,-91.45261443906804,-94.82519806417552,-86.14535176185383,-145.4771906588869
58544.921875,-91.63657825770996,66.7915763969654,-82.88390711800321,45.38233491248489
58569.3359375,-101.6133944065229,-107.9632293441712,-82.18747681893852,-131.4843777905971
58593.75,-94.65848401977615,-131.8879360602608,-82.34222674961735,46.02114579351251
58618.1640625,-85.55529627603782,76.02771970901799,-82.35607245712194,-136.8416433621166
58642.578125,-82.03610386529706,-95.38356115104369,-83.70932683557754,36.28021081372716
58666.9921875,-81.3948269456295,85.41576239876194,-87.97558355286239,-155.227948049505
58691.40625,-80.26421180557861,-89.57585565680543,-95.36426772056674,-32.55342198336964
58715.8203125,-80.37474071373892,91.32067843648861,-91.23581631824686,75.4419138176269
58740.234375,-83.56971568014897,-100.1651959246105,-86.15608243369221,-139.9756155225407
58764.6484375,-86.00105232432287,53.21061321550899,-83.24722648619743,16.74182638595341
58789.0625,-85.55176596209348,-146.4794233455409,-82.55316252670698,170.2753870646312
58813.4765625,-85.48678164941164,25.91425089445809,-82.13829300241181,-26.07135225509551
58837.890625,-86.11396874895682,-142.9547861843195,-83.07062250846542,146.3327758776861
58862.3046875,-87.20707045087407,69.90696947238807,-85.89385488794778,-42.50571405021567
58886.71875,-86.93869507898007,-63.13175936048099,-92.26645476593097,142.0122391215607
58911.1328125,-79.10536204271817,131.5429604707631,-95.41956278541434,24.42820290597634
58935.546875,-66.05319760673639,-59.15602093666699,-89.85565895268397,-146.6675708916746
58959.9609375,-58.95506163051334,117.2047342756703,-87.13340528637687,23.77743513431922
58984.375,-57.11588291568552,-64.80025635258883,-87.04421712873952,-172.0055946496572
59008.7890625,-57.05760533841053,113.6124563154735,-87.92665480184903,-8.899976363190207
59033.203125,-58.08619271937707,-67.16209665940588,-89.17362038653297,-179.5816885114431
59057.6171875,-63.71426137514267,111.6262814651594,-90.23300708870511,42.19905641464851
59082.03125,-77.78120049241532,-73.8932464161928,-87.2248509637714,-99.58904420026617
59106.4453125,-96.5087684072885,-87.8611664079298,-84.94697927662136,86.28835211911226
59130.859375,-90.85873394564494,71.80478425375608,-85.89557843893986,-91.77709968452872
59155.2734375,-94.91206837895086,-159.0121016918607,-89.49799857146905,102.2302167880446
59179.6875,-90.11378362111279,-43.08501670210585,-89.74083579045001,-76.82828512481866
59204.1015625,-85.87551800907235,108.0630203080064,-86.81711981814402,91.64044638092996
59228.515625,-83.18249835098307,-82.8583639217745,-87.52638500010571,-84.99137245268695
59252.9296875,-81.65199455298124,92.80478361698606,-91.21806584013385,112.6602804949082
59277.34375,-80.57155662438271,-96.21584459712912,-95.38286178469482,-19.32364274808512
59301.7578125,-81.60930385322841,76.58683474774632,-90.7681899247119,-126.5558781983828
59326.171875,-85.94688892265484,-116.0973947075552,-87.88072089924694,70.79030272654796
59350.5859375,-92.20566657969152,12.46979579315566,-90.7464715466913,-107.5960679124047
59375,-90.92024704291212,106.3507000477801,-92.49444384684702,89.10754349036587
59399.4140625,-87.54863865611981,-122.4023940341923,-88.76314374726569,-84.02127868108518
59423.828125,-86.20532094075814,10.07566310448516,-86.98229346295625,82.12021541993651
59448.2421875,-82.76015868569176,153.5702390460821,-87.43059543672395,-114.2479722496162
59472.65625,-80.89786381601763,-40.90029098831067,-88.69026558556895,53.98577276568798
59497.0703125,-81.46954823720807,132.7264224211313,-92.35574692382247,-145.3487458971244
59521.484375,-82.92058363786354,-39.35051848129385,-95.77360101217197,-54.86067969991014
59545.8984375,-82.3840797734361,163.3900638840817,-90.44401695286716,74.95397935458689
59570.3125,-80.61150319302796,-1.856124354872165,-87.09040413990283,-128.8438376243291
59594.7265625,-80.31291230866607,175.8276009137205,-85.34303863610029,41.36770895907881
59619.140625,-81.62045514329932,-18.12688865681435,-88.44111870936919,-149.7930263885117
59643.5546875,-84.86550112885101,136.8754969950872,-94.46916688510002,9.706825945314716
59667.96875,-85.24434200119117,-87.2201242639804,-99.70271781376573,-123.8706438289873
59692.3828125,-82.97067627134162,79.22774456456452,-93.03965904649409,97.8679040011195
59716.796875,-83.14117106583416,-102.5094435585276,-86.74755388560995,-92.83960321413223
59741.2109375,-85.35117079673371,79.67651959614447,-83.04778558999882,84.86412991930241
59765.625,-88.96476909241203,-99.08246576042377,-83.99408415580743,-102.0452393343383
59790.0390625,-93.11052407395708,58.27675971806782,-87.06432035959915,57.89474194782084
59814.453125,-95.60239090845519,-165.0013908141142,-89.63763846685536,-134.6958169045739
59838.8671875,-96.04533858937862,3.930131389117523,-91.30327451243986,22.64897774093012
59863.28125,-95.13747835042992,-120.0001788927799,-89.1937109897659,-162.4418165314217
59887.6953125,-93.00830844100867,88.14842477779143,-87.6033264922208,35.43695733094592
59912.109375,-80.70842081474052,-112.1651967411468,-87.15700786164123,-137.2224464033593
59936.5234375,-65.73108309657536,66.17432102641096,-85.04793335966666,39.35958911211661
59960.9375,-58.82143065429814,-112.9815340803157,-83.84707518516103,-142.5957112661404
59985.3515625,-57.19394644622029,67.61704146670324,-86.16855337832573,37.63651054973999
60009.765625,-57.17267528009174,-111.6610823836934,-92.75683458105732,-156.1150083492055
60034.1796875,-58.25531571677197,69.24353996263942,-92.25289531909617,-100.015839370536
60058.59375,-63.99569129627936,-109.6644683112716,-84.58849690691211,54.74087530261805
60083.0078125,-77.52090553000902,69.76502561749957,-84.67142008645686,-122.8753851135147
60107.421875,-90.97601116873953,-173.5849345055157,-89.87246755154344,87.03172296542688
60131.8359375,-88.15436302269117,-5.786510136222673,-98.71698223579733,-13.93267504547224
60156.25,-92.20881636508524,-155.5192141929036,-96.08223905191858,-94.99195471449984
60180.6640625,-92.06449792122623,102.3678423574719,-94.21558001032102,128.7277687530009
60205.078125,-89.45083911489218,-50.66503474128012,-90.62057989138552,-25.17030311194009
60229.4921875,-88.97163808155661,131.1942395781947,-87.30904565803391,170.3782040580134
60253.90625,-90.97913918646708,-72.4217939862048,-88.91451950492029,8.329709473373118
60278.3203125,-88.82666767403053,37.16313119574814,-93.4018342348778,-114.7014330972426
60302.734375,-82.03367799419995,-153.5488848901289,-90.34484838942672,88.96261170622749
60327.1484375,-79.22730561572442,35.59117843510966,-87.32153549602086,-98.52171097068997
60351.5625,-78.95425015214639,-143.8893322731923,-87.62368921922571,100.1968163047789
60375.9765625,-79.3035020293642,31.98215454245237,-91.22594906178777,-14.73502286946358
60400.390625,-80.50603500723624,-141.0987440514681,-88.57338117097845,-126.6062748859805
60424.8046875,-82.82717596282437,44.47005544484041,-84.15529442304017,66.60240945542461
60449.21875,-84.55484802372196,-137.6615311308346,-82.32544141427772,-113.0403341117095
60473.6328125,-86.50663220063443,54.08922211595123,-84.7604374218315,82.16573969485957
60498.046875,-92.8931061376708,-113.4390504527617,-90.16078817949744,-59.35482676298052
60522.4609375,-108.5483180658696,-57.34463360250374,-91.8532540611279,179.275649409282
60546.875,-99.3411330215707,102.3396580758317,-89.71670804423054,24.48489701006196
60571.2890625,-97.7059717632069,-61.96647137427843,-89.45199579682252,-146.0325468280103
60595.703125,-97.91703808897138,175.7780582421208,-90.84596371653805,36.59516340495427
60620.1171875,-89.96328404839326,58.89494103725352,-92.05246864988868,-144.0034915065996
60644.53125,-84.92513688042274,-99.41046661583434,-94.948175547521,34.63654118745523
60668.9453125,-81.94465753545813,91.63218631720775,-98.79531950903763,-111.6797977685539
60693.359375,-79.59722996044272,-85.54269354933946,-93.17128351690469,134.9103702832218
60717.7734375,-79.1640843946635,91.67360788471395,-85.69767710673248,-18.8472077687021
60742.1875,-80.39885646167376,-100.7363423655738,-82.4466000887526,163.4725682778241
60766.6015625,-81.10825118886531,62.49346716328863,-81.93558391732361,-23.6194025810569
60791.015625,-81.84470649207648,-130.0517874361778,-82.83946923013026,146.8956973178495
60815.4296875,-82.77992486845991,43.24154292768051,-86.20665307904993,-54.48116355534412
60839.84375,-84.43775179199679,-127.8776505884381,-89.04236918065757,88.98970836598282
60864.2578125,-88.26157944563153,71.79996531472757,-91.4623149336565,-101.4927897297424
60888.671875,-94.05976106427859,-55.09285891986801,-92.37621973966969,96.28976697362266
60913.0859375,-81.1411057233105,145.6219921310673,-91.46457663424131,-49.64525084470834
60937.5,-66.83413441714001,-44.45252150265296,-87.87022047110779,153.598917968884
60961.9140625,-60.01328368586997,132.447691890338,-84.98573802681935,-33.44592662440013
60986.328125,-58.3407360807834,-49.46337763272538,-84.94984604906682,138.8985081122238
61010.7421875,-58.20060771194318,129.3206400308786,-87.19216412393311,-44.04790517825878
61035.15625,-59.38086798971938,-51.76485908619597,-91.00513293565784,126.6005283851432
61059.5703125,-65.41727780187196,124.8737106652701,-98.28323260548218,-29.52476126290775
61083.984375,-78.60419776464418,-72.57063274058714,-94.88176342813588,-149.4990478762707
61108.3984375,-88.26989106783063,56.00142917734722,-93.80890139613723,19.82259656838621
61132.8125,-88.85300810189821,-128.2260677656893,-89.54577623978108,-163.4116403886233
61157.2265625,-88.34085331013306,81.11670955617456,-87.6799533084082,25.6874098522465
61181.640625,-85.20011879268141,-68.63781714398195,-90.07776980379711,-138.1878441996934
61206.0546875,-83.17320437568617,116.953005822722,-90.81484772650904,60.8145639032666
61230.46875,-83.17020449614671,-55.79325165510935,-94.24266191780204,-105.0637918002639
61254.8828125,-82.55320586633812,130.6134522693918,-103.0427418801296,43.40991653839372
61279.296875,-82.31761020328452,-58.35518388798352,-90.72751535006677,151.125336410874
61303.7109375,-84.79600537184595,107.8327462780631,-85.03539550774494,-44.47680576888639
61328.125,-89.14832154472906,-117.6788775080246,-83.9532896612746,137.1510698115826
61352.5390625,-85.65052561660903,13.69630973957877,-84.52329419569332,-22.14016754869256
61376.953125,-83.48574972051739,174.6785398342308,-86.42223773079267,167.3213525586599
61401.3671875,-84.60004542249293,-25.12990604852939,-91.78336511962684,-11.65330251760749
61425.78125,-90.89410715274823,126.091261969712,-89.37474630259941,-144.5262850724869
61450.1953125,-97.12253533384032,-172.8662663761314,-84.3793378199819,47.17832717775847
61474.609375,-92.14532348326848,-30.3911845859176,-83.77646550439678,-124.2456836332696
61499.0234375,-94.15866055188005,157.0570376644475,-82.83993467671544,71.7966445474747
61523.4375,-95.87378534298004,-0.899321358322453,-80.9119331037075,-91.9730526186693
61547.8515625,-91.95603413212611,179.6344101383596,-80.99372252643562,102.7514131797788
61572.265625,-84.71660521515909,12.07902908911877,-82.99679699755617,-59.43803006679801
61596.6796875,-80.9606454579508,-163.9103868644025,-85.31259567519822,120.8866988475786
61621.09375,-81.3919109129362,10.85678737861826,-90.56240429482719,-77.3345365520199
61645.5078125,-85.45231660375038,-177.1511456563462,-103.3147024152894,27.46438532251626
61669.921875,-93.76246973234636,-30.13874498299077,-90.38490748455354,174.7714893414268
61694.3359375,-89.37311881937961,81.19369015985532,-85.12024550813001,-2.40054814505604
61718.75,-85.44689336528847,-108.8061196487117,-83.76339624374096,171.2783295679757
61743.1640625,-86.48308858013023,74.10290236233341,-83.72358774183483,-19.23725846915985
61767.578125,-94.4040807810577,-95.28189488241559,-87.18025560280512,137.1056172304426
61791.9921875,-99.01232460631059,-85.36172922565441,-89.47024726034502,-111.7270042872093
61816.40625,-93.75190960556046,105.4589745248284,-87.54784231479051,24.51784252559257
61840.8203125,-97.0816313539147,-34.72418539886358,-88.54519537783445,154.8500409917813
61865.234375,-97.35313277425055,-126.3281551538463,-86.55962093827922,-84.26495497192801
61889.6484375,-90.89961843239092,84.69679163180999,-84.11202902614653,68.7003936367725
61914.0625,-78.30024713506313,-96.15441165927346,-86.54624680704097,-130.8527771147481
61938.4765625,-65.15262683069396,84.71818951576512,-92.01291424913671,-16.32700335849177
61962.890625,-58.88845873977915,-95.48030161379114,-87.92286555650253,85.51656789675847
61987.3046875,-57.48846205147481,84.31179207616348,-84.66098422828105,-125.293285699486
62011.71875,-57.44486904230862,-95.05710224413944,-85.89086919617856,30.36652646063465
62036.1328125,-58.77959166266328,86.04133104474749,-87.18510029103884,171.2489125092031
62060.546875,-65.20198861840737,-91.37795695066502,-86.21507987294008,-39.85811762059947
62084.9609375,-80.76792382093478,109.7871541106402,-86.45926539008497,118.0453623103128
62109.375,-87.06066881027651,33.75631139608643,-89.80193901929019,-89.58493002353514
62133.7890625,-87.30136657421653,-129.7306418519831,-94.43976969040929,0.3828032391125267
62158.203125,-94.58496785604797,51.70723332048186,-87.6352163879265,133.2496156148655
62182.6171875,-92.60135579765389,85.67070460145783,-85.05707770798267,-49.72394840023124
62207.03125,-85.22654621898391,-113.9926933530809,-84.0041650791815,131.8458598126489
62231.4453125,-82.23190991093384,45.28703077233485,-88.71018431079912,-36.19175047687583
62255.859375,-80.30683432074673,-148.0716055625439,-92.2194890754937,-95.78521297779484
62280.2734375,-79.5062624260852,19.87782938333718,-85.95405260359313,97.38369647063399
62304.6875,-79.5349278372379,-164.6632759086667,-83.93313056991548,-94.58435002171062
62329.1015625,-81.24566545867344,25.4318151148817,-84.24173376270767,77.02990115429785
62353.515625,-84.68998962392818,-136.8486576685711,-86.9157733037339,-124.7225178975617
62377.9296875,-87.647822799697,70.15085560000311,-87.61286899863018,48.50035375367065
62402.34375,-88.17023045068302,-66.63558494392356,-88.39073770299294,-98.89228832740059
62426.7578125,-87.08823214210489,148.7446075170969,-86.88501689604122,105.838152558424
62451.171875,-87.56742383076772,-21.31940433782581,-85.27468648074695,-65.91520204351276
62475.5859375,-89.40772019961921,162.4085028024193,-87.40203334797985,114.2183129763566
62500,-94.96846440213132,15.42980374019193,-98.94105387215704,-91.55369194566957
62524.4140625,-96.38853265271536,-75.87424924307776,-91.34292343036263,-68.58756263700649
62548.828125,-93.72642779641271,162.3351118825682,-85.79101532723644,104.3907521765701
62573.2421875,-89.43739451307175,17.74865562873847,-86.90403316604952,-76.43366493938379
62597.65625,-86.03971541051789,-132.662787520275,-89.9940843910536,83.11636601072905
62622.0703125,-84.39245026624701,66.07465206951012,-90.87642456721085,-137.9035071070919
62646.484375,-85.96802885923132,-111.2117593817377,-93.96841393301763,13.84893356898087
62670.8984375,-88.72058962441568,72.75971006278284,-99.63075076821157,-129.3064177805241
62695.3125,-92.09733020691147,-78.11026395578168,-93.35452955509885,90.79721682743349
62719.7265625,-99.24974398749666,109.6757243608889,-90.69496508156051,-74.10464154331716
62744.140625,-95.95420470724606,-164.8367019817548,-91.02192362573035,113.4086668913974
62768.5546875,-90.92683308383093,3.61267050733382,-94.47272359326995,-103.5897430547539
62792.96875,-86.46994411527893,-177.0142569122797,-90.17818508885902,38.60458989706869
62817.3828125,-82.99144469677721,7.91454123745306,-89.50826238802244,-140.6776582744149
62841.796875,-82.2142493548003,-163.6836765226549,-91.57764605905751,61.31932992321919
62866.2109375,-82.84773547083924,29.11676851875107,-90.07929290063782,-90.14231687222907
62890.625,-84.46321718282135,-143.8904388881501,-90.43709420503104,95.25460832275898
62915.0390625,-83.44390628414129,115.5416941059464,-91.45368051216643,-96.32591119398377
62939.453125,-67.37138592630643,-34.53329225413179,-91.03099261940875,78.62350029875419
62963.8671875,-60.78241723101349,147.0184820281105,-90.07158038215209,-88.88193508420241
62988.28125,-59.39253442192485,-33.39268552169792,-87.44168346788894,93.66492088897822
63012.6953125,-59.3087243480576,145.8762783059095,-85.23007982769144,-86.0633308951827
63037.109375,-60.72320856828614,-34.88499417876293,-83.23931408418991,105.5676779692087
63061.5234375,-67.38548722908109,143.2516553035915,-83.0094176049282,-70.91280118031456
63085.9375,-82.35073524838316,-38.90494923532199,-85.03123718091983,99.58769521546334
63110.3515625,-92.66027288475365,-156.0407892074462,-86.49143509054284,-70.5019028431274
63134.765625,-86.88144266231285,26.97849502520845,-86.91577241671121,132.3139951337769
63159.1796875,-84.23917484757369,-161.0059078289518,-89.59725636521723,-30.01538005016367
63183.59375,-82.31187150559941,13.67771053327482,-90.33893828410146,173.546284913588
63208.0078125,-81.01896864618885,-172.4655634324725,-91.39206425106369,10.33912304722266
63232.421875,-82.58886359035068,0.6700890941422668,-91.91890762744778,-127.5335400464429
63256.8359375,-85.04188200686849,168.2132473554556,-89.1495236888973,73.23630173446921
63281.25,-86.27192722920239,-25.06376550252459,-89.60128762028253,-75.13301109122877
63305.6640625,-91.02419313526184,122.6243429431472,-87.89673902151455,139.092843398863
63330.078125,-90.17285172002074,-131.9112651487023,-87.24010375382963,-33.99326239465025
63354.4921875,-87.75649780060388,2.178565905056471,-87.86232168695554,156.4110990642023
63378.90625,-85.65796272137248,136.1498841888273,-91.95219057938908,-16.88964441542091
63403.3203125,-83.41095605818961,-70.88557108911952,-96.68079897429884,95.86315679246457
63427.734375,-81.64667504284394,93.39980055346345,-89.4705734446448,-105.8692354941088
63452.1484375,-80.89939814045488,-103.3217806736663,-88.14199429819526,79.77702139254684
63476.5625,-82.74967453891637,64.65515051184535,-88.98225747490395,-68.6233929381803
63500.9765625,-89.52969876902542,-121.1073114327921,-85.54049845425332,138.6120531026618
63525.390625,-99.69220268622003,-2.975004282524879,-84.32865820278963,-32.82722851342812
63549.8046875,-91.50959953529772,143.0732993243941,-86.63110395109329,150.1195610419692
63574.21875,-89.71375999795653,-17.19874737447072,-89.57807142618262,-43.76356728157803
63598.6328125,-88.00436684564743,-151.0015982640035,-92.88923312682113,136.5827337847973
63623.046875,-85.41909814164406,40.1044065257506,-98.84116406925483,44.78036760879378
63647.4609375,-86.56820507396034,-145.8452570312306,-90.07554118825807,-96.76591446234171
63671.875,-88.97860813286501,29.07727183864381,-84.79972624064064,80.83313265867497
63696.2890625,-88.46357658078705,-170.7649410471551,-82.0510840760451,-93.20638215633561
63720.703125,-85.97303852318127,6.724034805457531,-82.88174989164341,94.52011240312386
63745.1171875,-84.28067393345559,-157.8858394083903,-86.69694042718231,-86.49727458280225
63769.53125,-84.3077884869472,33.5221854619584,-93.57338102180282,107.0991835065609
63793.9453125,-86.71519501824284,-140.3855071550179,-97.41975264040738,-12.34820288614019
63818.359375,-91.16725083509417,24.2650122252342,-104.8627980625502,145.0140766874869
63842.7734375,-92.61798744972918,160.2971858013374,-102.39714820928,-81.92271757251459
63867.1875,-92.93765386043803,-21.48608105632541,-93.80400406938884,112.9622018494612
63891.6015625,-94.13455682896156,-162.8112925046086,-93.39063774978729,-84.85746316437368
63916.015625,-81.50013060367398,-66.15419881681809,-100.5548744796774,-55.29849055128368
63940.4296875,-65.61530135582203,100.8715479291268,-86.4465555229803,90.00249161077548
63964.84375,-59.34576206068907,-81.01632567225595,-81.71020929570653,-94.96469944332092
63989.2578125,-58.113653410754,98.30649818721726,-80.47108527572706,77.82936503725864
64013.671875,-58.19096544254967,-81.76707410563317,-81.81446515454185,-109.0359892349718
64038.0859375,-59.98482442424184,98.17752441668446,-85.27803208185,63.48025267064514
64062.5,-67.53927033190908,-83.98186538390168,-92.11056520283131,-145.3743495691572
64086.9140625,-86.71884926494151,62.43331967146758,-101.8296401327057,-88.60406829357137
64111.328125,-93.16706719595956,171.5832666145595,-90.70509450039219,39.35567531353477
64135.7421875,-92.61250168666191,79.46781924595092,-87.73476081902979,-136.3025845533666
64160.15625,-85.96374061157891,-60.19055986004865,-85.0316222440706,50.31006750293663
64184.5703125,-82.11751200786203,140.9016659234508,-81.04971696580054,-121.2061836430465
64208.984375,-81.54459223837627,-28.86692615643575,-79.28230401101143,66.36706560415256
64233.3984375,-82.80796276824724,152.1527182767882,-80.24343399549699,-111.7861577668846
64257.8125,-85.52988579625068,-38.38109834998279,-83.19626099625137,63.13378802830741
64282.2265625,-88.87276218543872,92.83687953328435,-89.29446768184982,-129.3149953867391
64306.640625,-86.15347767412433,-118.3605143863876,-97.62328703133214,-4.806853337426309
64331.0546875,-85.81826114217299,60.44554288438849,-93.14080048688824,116.309088627283
64355.46875,-86.39976176628738,-123.3978476871447,-88.10163724711303,-78.39042203476822
64379.8828125,-86.54300031696096,63.04117872952956,-84.66219990127706,97.41065742559628
64404.296875,-87.18437701709215,-93.40342759129156,-82.15304385772509,-87.06035625027646
64428.7109375,-86.75933796309423,118.7928041699852,-80.32053675172025,81.13005239269357
64453.125,-85.59738809447738,-41.22504645469444,-79.96856500457602,-108.3705763838432
64477.5390625,-86.92627376726556,160.0114425472876,-82.82414721251568,59.0780816762588
64501.953125,-87.53192889009655,8.536744709007367,-90.61334053473354,-161.5797637964911
64526.3671875,-86.61518103442657,-151.2837472747679,-90.00092487577136,-112.3123882719842
64550.78125,-87.14977675662371,45.67515230249963,-81.5169405776853,49.65654872109004
64575.1953125,-90.7170985471169,-148.7657089900471,-78.1666607501087,-130.6483738367164
64599.609375,-88.25239336054766,-14.70950794045778,-78.12882354452209,40.43686231716551
64624.0234375,-86.82644095750462,154.8777933549363,-80.34875509657347,-150.6727470716073
64648.4375,-89.35801797437591,-53.58385814542206,-83.82589465313097,21.52540093917495
64672.8515625,-88.08712608573165,105.8947120166928,-86.01294977837998,179.5412180581143
64697.265625,-87.39734668018662,-69.99936830416168,-85.40932935481486,-8.992344387334619
64721.6796875,-87.08313780400901,71.83100124209584,-86.72498270289077,-178.8186661026891
64746.09375,-83.51084418172569,-134.3389381948682,-90.41285877504571,13.28096016933271
64770.5078125,-81.90114070580447,41.03468805268628,-91.94865808808956,-141.7071910440296
64794.921875,-80.35530473225373,-145.65981905499,-93.34565440551552,63.86892063302791
64819.3359375,-79.55167367364866,29.3094414853962,-96.83021226552387,-89.26566434997579
64843.75,-80.42698953023609,-147.6794077478431,-92.05762507704819,58.01427086487179
64868.1640625,-82.21329806751044,39.11540633753167,-84.78670898416482,-133.9340021885803
64892.578125,-83.32563325565006,-140.9140724415165,-82.75013844444535,49.27641728107516
64916.9921875,-83.13822141108595,113.8861688231732,-84.0539696375277,-117.4077804227914
64941.40625,-67.78803377416455,-26.3644066957621,-85.8449075771023,101.4445141234573
64965.8203125,-61.65031692249726,156.4374535624564,-83.59281269509914,-29.81387539989509
64990.234375,-60.35941365711342,-23.45218294768349,-81.49230217126564,178.9904072806951
65014.6484375,-60.0540544688338,156.3294739528137,-81.30551336319027,16.14196951513249
65039.0625,-61.43754542036137,-25.43497573007072,-84.00619670060465,-160.8170875900991
65063.4765625,-67.72060471751779,147.6023483773588,-91.11452812438252,-8.381304088668628
65087.890625,-78.14511564474708,-52.19783097870894,-91.77795868289766,89.88143294885923
65112.3046875,-85.18753419014517,126.5048575864665,-88.33246871674122,-115.1609526030287
65136.71875,-88.36860591194142,-27.41283865223182,-87.4983170162978,66.935347981825
65161.1328125,-88.42189800977947,-171.4788022028586,-88.40003749204067,-110.2903522350367
65185.546875,-84.81159662171783,29.92711160450396,-90.78764138194421,49.66554652906487
65209.9609375,-83.15712922737147,-151.6351846930978,-90.01521775933058,-135.6573353613376
65234.375,-84.90242684788312,30.81432641989981,-87.92864121380217,61.31330933159249
65258.7890625,-86.90842836784248,-137.0414966720981,-86.80501752735127,-137.5250932901996
65283.203125,-87.74966945918723,43.43920376804897,-85.39947644345168,18.23368636392965
65307.6171875,-96.27625074971299,-132.084649533404,-87.93026502242742,-176.2357587746321
65332.03125,-91.05508710010031,-158.0779334645621,-91.0823575304366,-29.73380884663641
65356.4453125,-85.11299509741488,22.22249780523331,-97.95201129804224,132.4451851109907
65380.859375,-84.08980287119525,-161.3543818537732,-98.81792157326296,129.5747309958306
65405.2734375,-85.52700472779206,17.3266527049066,-91.55759733166647,-77.57941142377891
65429.6875,-89.9358752024433,-166.1626541823272,-87.61151447919482,85.25198787526891
65454.1015625,-96.84929993023198,-25.88704587840329,-91.04607091871237,-88.33481771064781
65478.515625,-96.59534346579804,92.74418561065323,-95.15771875410749,-160.0018479837621
65502.9296875,-95.96305342895948,-119.7337261668081,-86.45884085056244,51.14495290111294
65527.34375,-93.3572795107046,25.88658469750724,-81.48874919148044,-129.4695003379358
65551.7578125,-88.71312571612519,-167.8693338720408,-79.76981190997688,45.5085782082068
65576.171875,-88.97207577279241,20.52934675458818,-82.72598666901584,-128.6822262709327
65600.5859375,-92.06606202184514,-122.462349868224,-93.42597186060446,72.14508195906252
65625,-92.02339916701696,85.44358135165101,-92.54250329975883,87.36562187047718
65649.4140625,-96.34910942258678,-76.21117142202803,-84.87713450382532,-95.41161764598864
65673.828125,-99.16857186394805,-20.16133957190305,-81.78253097066332,78.57663426771363
65698.2421875,-85.93662943958165,154.8975586954761,-81.53328596181868,-97.12922089498805
65722.65625,-83.34476864160712,-27.17801273952851,-84.25760673813706,82.99925305962954
65747.0703125,-84.25091679496876,153.662211510612,-87.58087992294082,-124.5469003466855
65771.484375,-87.8678251997768,-17.90452953584122,-86.44170068895602,16.43907464453426
65795.8984375,-101.9269662556737,161.0518693184039,-84.71761705999808,172.5019726683853
65820.3125,-97.26948119473246,-134.8820409376499,-84.4755630189792,-24.14507563606193
65844.7265625,-91.74487230092892,58.14901805655713,-84.45821355053944,150.165790518624
65869.140625,-88.54036292464725,-130.1433643098713,-85.80517772278233,-20.63683393442462
65893.5546875,-87.32656856876163,54.31553488512287,-90.31915215973832,-155.9057373889428
65917.96875,-77.39964196171019,-76.97814066062813,-84.64704944889172,78.01041283827249
65942.3828125,-64.89011521998447,112.8625001339998,-80.04679958334053,-96.25341358924761
65966.796875,-59.42817869365842,-65.93279913855405,-78.10166943235458,84.96077516990036
65991.2109375,-58.4671046524479,114.3078862630755,-77.86996640848687,-98.13875076390401
66015.625,-58.71110359640881,-65.85207031468316,-78.99740939472018,74.28592107063994
66040.0390625,-60.97210047069704,113.6953997863635,-81.48289299388094,-109.8964219612776
66064.453125,-69.52876947449347,-69.04465646143247,-84.96407192922506,67.80823662462811
66088.8671875,-91.38924012508573,21.659591748114,-88.27539249293446,-113.0959192518508
66113.28125,-88.38022758251063,156.2240429999693,-92.88053025274155,99.00444452181999
66137.6953125,-93.64703597401503,82.22806091654655,-92.99512462212883,-28.57983629947496
66162.109375,-85.00059997108912,-44.50332536911342,-98.08797445943355,153.2014919793617
66186.5234375,-82.01577672347119,153.0968665303834,-104.6372969240939,-164.1701495565188
66210.9375,-82.2334008672707,-18.4818707188311,-99.51859654588245,1.068307511679149
66235.3515625,-84.60176575363766,163.8570342427693,-98.35128237587524,-176.5267809904629
66259.765625,-87.59396880263537,-36.99209291566192,-102.9319246472819,17.2614443065308
66284.1796875,-87.82462230939709,95.20022082794723,-94.4745756563028,-44.6445381762811
66308.59375,-85.76582572282771,-106.7439157070024,-88.66353891339472,149.9522893236961
66333.0078125,-86.14477501526434,70.08365084707066,-88.74488385915542,-41.78334543383991
66357.421875,-87.62401197663806,-132.1068139556026,-86.51980372594412,103.8820724265212
66381.8359375,-87.93751143439201,23.97098279042696,-84.72639823663059,-81.93557241787612
66406.25,-91.20633544733542,-171.4055020863904,-84.74546700876716,97.91495233668928
66430.6640625,-95.08459096322892,-66.50179572927131,-86.38605193158097,-84.57679019746148
66455.078125,-87.27429345712289,57.55622971677933,-93.47719222827487,76.10992168035533
66479.4921875,-83.55509716337544,-132.478364137977,-92.24933331923654,159.8211121272745
66503.90625,-81.84127614502322,55.45206219323974,-85.65254736746309,-39.05537252846573
66528.3203125,-81.65876507811504,-116.6534104610281,-82.25057395259462,141.8829086374081
66552.734375,-84.94752278356962,64.61075231554628,-82.07873273712791,-32.38288642728199
66577.1484375,-89.30683873731952,-124.5912007954241,-84.98072526662455,145.5170717365132
66601.5625,-88.95027170968179,30.70839063138564,-91.03379690807229,-56.32495724074373
66625.9765625,-87.86963738598261,-159.7972276071602,-99.6194323817253,14.36643977167102
66650.390625,-91.61665570257803,31.04673622971271,-89.52288044859714,149.3376623187705
66674.8046875,-95.21160948704912,-104.8924046953173,-85.04727213940424,-31.44429747748867
66699.21875,-92.95158105522317,93.9999326144775,-84.24830801567167,147.2188814515997
66723.6328125,-93.18688151989318,-28.55520274390998,-85.89554623293617,-27.10304471151174
66748.046875,-88.73134758883015,-162.0091132187151,-86.03897698118965,151.8303372086064
66772.4609375,-88.91124921471564,36.46545965594225,-86.48085963180208,-38.02003123409816
66796.875,-86.42339659823668,-124.2946843335251,-88.16882871271966,131.7172146930064
66821.2890625,-82.69959287078245,69.87812891423837,-86.06995123874,-73.4921278682307
66845.703125,-82.31333749803647,-92.39053172322137,-83.30003836649654,92.65811975456533
66870.1171875,-83.0496068499727,110.3244391412023,-84.10612243170624,-92.31895497691524
66894.53125,-83.01153501719165,-54.00621342621869,-85.44983933132229,79.31626842388928
66918.9453125,-77.15487971427793,160.1540003721988,-86.80305475719143,-112.1310213884341
66943.359375,-66.76679411990692,-7.965365059424906,-98.68142771783695,43.25043165811641
66967.7734375,-61.8553248094124,172.5530308652492,-90.7268019295237,63.97241973739585
66992.1875,-60.91943989009032,-7.402086189428929,-85.92659547809724,-131.084462849556
67016.6015625,-60.76493938033636,173.4156707306406,-82.67689782692906,35.89468477655684
67041.015625,-62.54723311078848,-6.615662457889572,-79.92547211419841,-156.6784504007792
67065.4296875,-69.35649209011862,172.0703627640332,-79.73174626470492,12.4276981702271
67089.84375,-80.6191723492251,-7.293241467695364,-81.49380593329759,-176.6511905621885
67114.2578125,-89.10818141000148,-168.5927110689591,-83.28611813773647,-2.652050824572406
67138.671875,-91.38669876513927,43.59566386343626,-86.60471510424819,165.1056881437242
67163.0859375,-88.40573792637657,-114.4040865202366,-88.37786081841899,-43.90063593980906
67187.5,-84.37766280677103,81.30147880036307,-86.36774478762152,129.6675446578217
67211.9140625,-84.24411606492512,-93.71056018841016,-83.91573217464079,-50.88853564432592
67236.328125,-90.64325561437036,109.7989901696947,-82.65104579168118,122.1068639699022
67260.7421875,-95.33231394892502,-14.74731895238334,-84.45180846966909,-74.62730649125157
67285.15625,-102.2598698359094,-146.8818072478484,-85.73489139500778,76.43930044766806
67309.5703125,-93.46510910312274,90.63890260945693,-86.56374332735874,-131.7197380933227
67333.984375,-93.08727424945471,-83.9166217139246,-87.51959535021108,-2.200267817931408
67358.3984375,-100.9729862788621,121.5714953106592,-86.17565126557193,146.3973706737828
67382.8125,-106.5499055733429,-72.69273486407477,-86.74772070115885,-44.99450645386524
67407.2265625,-107.7192333635311,82.62198870877887,-88.73021645083482,121.5852600074131
67431.640625,-101.4776559602305,-27.72044769594424,-93.48299877710092,-75.2022790292866
67456.0546875,-92.74519605716021,160.1467009467884,-103.7729657659193,-39.46088660399555
67480.46875,-90.58033779874394,-24.85730117160269,-90.37248301546414,101.8209312855876
67504.8828125,-95.04557532347786,141.4149479174369,-89.29591774205193,-89.37610009415523
67529.296875,-99.57127764381552,38.0199388232456,-89.12166620345025,80.65976214496882
67553.7109375,-89.04266784790678,-102.400719991401,-87.87763358989336,-113.2123141579101
67578.125,-84.11364849555102,100.1913264973559,-93.93456067940801,77.3950105462596
67602.5390625,-82.13279694722721,-70.85339091744383,-87.41112624515227,-15.73072232472332
67626.953125,-83.21210365986623,117.3725922854194,-81.92846136988339,165.2127024531373
67651.3671875,-84.92752637463498,-30.82774128933931,-81.14255502432256,-1.731267771177226
67675.78125,-84.72892637247902,178.0811945729802,-80.02867758759461,-167.6402683912258
67700.1953125,-87.22641507648609,11.60122976537622,-80.91481817261482,16.6458341511769
67724.609375,-91.65285784493557,-156.8800344850282,-84.47165714574425,-139.0396236551282
67749.0234375,-94.93875119071504,6.192939525126505,-84.04133489020299,64.44070079381419
67773.4375,-93.18189696382353,157.322141667536,-84.4516271870061,-117.5529115330764
67797.8515625,-93.12848542953938,-39.6675502095348,-88.44067274063697,45.71751570089539
67822.265625,-94.17043261700761,107.1653233795081,-89.90091530134822,176.1289935524978
67846.6796875,-94.73173689710873,-118.3342878801715,-87.24212135475616,-25.79393482243449
67871.09375,-91.94890657380695,9.305629783685143,-84.15581870630497,126.3623290159981
67895.5078125,-89.83744503706166,152.4846106637678,-83.08641040363243,-72.75024670578387
67919.921875,-76.17851935500065,-54.75650408418148,-88.17973923477666,112.5329435360038
67944.3359375,-64.52396402263201,126.6169040837327,-90.71868601274917,-37.83506750953961
67968.75,-59.72179416678166,-52.17270384600611,-88.90357884884892,138.7367301916099
67993.1640625,-59.03833917353019,128.0712669911528,-86.60004363463138,-41.05233411366667
68017.578125,-59.20504292285397,-52.27773546232355,-84.2027978546701,133.049493387892
68041.9921875,-61.59204873998234,127.3395464453689,-84.79584228310303,-59.44804624131412
68066.40625,-70.51336576433117,-54.0921643512647,-88.20442012068746,99.85643285448306
68090.8203125,-103.7234446843963,38.23099116286602,-89.47357518326353,-120.1462429695996
68115.234375,-88.44357756622279,102.3614236537858,-86.73261070274148,39.25849643147819
68139.6484375,-86.24666149742669,-121.2957143352899,-85.21781142937868,-139.0931532575885
68164.0625,-84.17131087737789,36.32524551160208,-85.67472511516533,48.70567935438834
68188.4765625,-83.36440836654435,-155.7062263548119,-90.01663649640376,-129.0423973944171
68212.890625,-84.10660317967718,24.11358047150308,-106.3910339437428,-129.5817511618128
68237.3046875,-86.43441701388134,-139.5700459976239,-88.32751603497023,52.19000462748087
68261.71875,-91.90488039960728,59.69391205501001,-86.71951128996429,-128.0253932821873
68286.1328125,-97.85547969151926,-32.77499685534497,-87.06831686061342,34.7542323527244
68310.546875,-91.18068826362992,-173.0800476606119,-88.27502616762899,-176.0612450706111
68334.9609375,-88.15551308174543,32.65387066043792,-87.46433730294669,-55.43636849734454
68359.375,-86.69746469388876,-133.470571299222,-85.44453994929836,104.0239623062447
68383.7890625,-88.47288403597426,53.21509053641004,-85.77800244069488,-79.29593952894524
68408.203125,-91.73692437230036,-94.12606020815788,-84.91629964546574,102.5724998905003
68432.6171875,-90.80326099040734,141.8978132470592,-84.8544595499193,-70.43677062301393
68457.03125,-88.33322468926042,-3.787511145682768,-86.38633613581155,116.4812662115
68481.4453125,-88.59706875593506,-169.368020038478,-88.07547416173621,-69.28338584818717
68505.859375,-91.90823395828477,40.74121589579511,-88.88086229369299,79.21610810472865
68530.2734375,-94.52696837739896,-87.07768371995779,-90.53213185349375,-153.7694926105791
68554.6875,-101.9250899777843,127.783969085836,-92.68959425123663,-27.32462401483014
68579.1015625,-95.90345339244173,-176.9085373574224,-95.82364914745698,127.4206510689903
68603.515625,-86.60159936067598,4.455668187973579,-94.31536544978795,-44.78618349769428
68627.9296875,-83.89029866201344,-179.7155379040865,-95.27285682353576,124.7201320495975
68652.34375,-84.77102502049233,-6.267672864949405,-95.72611395784277,-88.17077478632163
68676.7578125,-86.72190600224926,-178.0374641193112,-91.85790712130121,101.44693405887
68701.171875,-87.93996501526324,12.18199475264367,-89.22217937334457,-79.11510694562976
68725.5859375,-89.61454862822529,167.0617812673343,-87.19441803860086,80.85375137838584
68750,-87.30832651630877,-27.29967883016292,-86.56202064274018,-99.57818972320391
68774.4140625,-85.32454128960302,143.4040827695097,-88.391651815317,93.04117198229312
68798.828125,-83.26567296051044,-59.04449755835086,-91.55533017671121,-80.52802106966915
68823.2421875,-82.04072167987376,115.8324727041221,-94.80560432418976,127.4480259435467
68847.65625,-82.86240472905597,-50.32852687752851,-92.52277794948688,-3.987467371577663
68872.0703125,-84.36151250814319,164.0955386328199,-88.8949828704289,-163.6371956988494
68896.484375,-83.06047144449448,19.51569130662034,-87.13782586529035,26.43528785915755
68920.8984375,-75.75801191797844,-158.9492110207966,-88.74752898668113,-136.6392474471008
68945.3125,-66.54037849762,13.50304010336949,-88.88640994184861,85.6410948790205
68969.7265625,-62.30036545579915,-169.6650088414162,-86.85559988311672,-76.93689206972905
68994.140625,-61.65561694171573,9.084152057232956,-87.77952728926857,62.68745075355311
69018.5546875,-61.55270770523245,-170.0171193963447,-80.01139869456543,-161.5224035596017
69042.96875,-63.73461642492646,11.4848839876831,-76.17461691821862,18.39272232394019
69067.3828125,-71.84099739352484,-162.7731181982539,-75.0836261280607,-153.6349084290019
69091.796875,-84.68196034992253,69.18482264958438,-74.68216755747649,34.96177497728123
69116.2109375,-86.33112528375106,-47.40166337470055,-75.50486298207943,-127.729733745176
69140.625,-86.45078398285138,165.194500343645,-76.53556225972851,72.30615144289975
69165.0390625,-87.72739946077094,-20.49663879232761,-78.66664762444317,-101.9602171199588
69189.453125,-86.57162688707194,144.1401333191777,-83.48703698724617,83.21488273261772
69213.8671875,-85.18041109086697,-40.79972681371832,-87.29616015176532,-42.5651949507277
69238.28125,-85.36195481120461,137.0618393338444,-83.26715468066034,174.5964799618734
69262.6953125,-86.6015364360498,-43.34343007486208,-82.31759633800868,7.14749209142436
69287.109375,-93.48253363448231,153.1411680697875,-83.06244642143724,-173.3709986697505
69311.5234375,-88.53448249471057,116.1237738492192,-85.04069407295192,-5.705147800742101
69335.9375,-81.50007104142207,-54.50218130260818,-87.72200560070829,-175.8913678699105
69360.3515625,-80.37514239712701,120.3282290504905,-85.352932858092,31.75289919492862
69384.765625,-80.81263415843331,-68.87613049857283,-82.21026258348172,-146.8998151192044
69409.1796875,-81.79982002608156,105.4673180150101,-80.96926229898216,25.72223975382694
69433.59375,-83.43945765766364,-77.95039172934506,-81.96756038058295,-169.6233891116673
69458.0078125,-85.14174863118471,106.6279622503616,-83.66697597313048,-21.77195801379384
69482.421875,-86.70203948783281,-51.93671589746374,-83.74548452513699,138.7749188877527
69506.8359375,-87.75049221543782,167.1522227362937,-85.98332663737416,-23.41920411141741
69531.25,-87.34042614284107,30.54957861092565,-85.58870457673991,-168.2366440415909
69555.6640625,-86.35933273743872,-121.3601262460497,-82.40369429188044,25.21158302126842
69580.078125,-87.69407692028193,62.04022809088777,-80.77974127664416,-153.5937998890358
69604.4921875,-92.13685151457307,-143.3713646679308,-81.44826320067156,13.065043180786
69628.90625,-91.67698476356097,-13.9592575503105,-82.40170950082708,167.6318729499089
69653.3203125,-88.8849817914398,134.6194689475093,-83.45231845071419,-30.37596008817012
69677.734375,-88.67747383258884,-54.7477906059675,-86.83518580438849,158.1811370483011
69702.1484375,-88.94933164336935,154.2032673975628,-88.70839950180735,22.2454704002126
69726.5625,-87.17967758137956,7.559485859939315,-85.96873031287699,-122.2903672803828
69750.9765625,-86.14425011965585,-142.7852580488002,-82.66036175250248,79.6422813101276
69775.390625,-86.15112560145555,59.6593754098668,-81.28110957166206,-87.63339512711585
69799.8046875,-88.06322564307918,-101.1646564966298,-81.99401340616888,97.47809069528586
69824.21875,-92.41320898941896,115.4744608561906,-82.99029046502751,-86.58295655039126
69848.6328125,-94.50053547267305,23.17021752533055,-83.18186262129403,92.20355949989499
69873.046875,-88.57481633881443,-108.1224961552109,-84.47491086257259,-91.24529315985423
69897.4609375,-85.81478577732425,87.42137796741493,-86.69545936116675,68.85772532018575
69921.875,-75.21104851140497,-51.27555566642322,-88.85808119038771,-117.7544507526104
69946.2890625,-64.19453993005811,139.3376795167879,-97.32860008920086,71.41097428731292
69970.703125,-59.74776003095421,-38.03600777676402,-101.0892787980723,177.7938389721383
69995.1171875,-59.13193610092792,143.3693969443698,-91.72037187886079,33.73185076229428
70019.53125,-59.26958199580084,-36.09998820322662,-88.45129791797183,-129.6249272640319
70043.9453125,-61.84315389003334,143.8333013521023,-85.7268595016039,49.76022325141157
70068.359375,-70.82254897607066,-37.83166432662833,-82.86033741565907,-136.4095092593968
70092.7734375,-91.45322448436298,85.50589180437647,-82.53545952127885,45.0623215849959
70117.1875,-87.6129465891712,-158.9073161197579,-82.71048818586914,-127.9742840626698
70141.6015625,-87.41670830035716,25.28498487491726,-83.44659161001104,53.52329430037172
70166.015625,-89.03552101224975,-156.8621707655097,-85.56442805760992,-122.576818978599
70190.4296875,-92.10027207372721,-3.701705418995722,-86.3507302224039,53.2975192649677
70214.84375,-91.25603905648171,145.5727425709389,-86.29506616680419,-141.0012362744804
70239.2578125,-89.116298664629,-38.86512319009579,-87.21365111641212,38.58131009148571
70263.671875,-88.51237310889401,135.0474603341419,-86.38802020216448,-127.8016063047455
70288.0859375,-91.91032149747502,-19.6005237318361,-85.88430279958666,66.2233693002881
70312.5,-90.12121031239676,-139.5001215673486,-86.44705739258369,-83.613232265338
70336.9140625,-89.02381027644822,48.75397769789751,-86.36553196752944,120.2948465321091
70361.328125,-91.19374998326228,-141.4955360288743,-88.47781836796028,-43.29825488300875
70385.7421875,-91.89964350743784,-29.82523302985328,-87.57139403529399,137.8205708477473
70410.15625,-84.79506715948997,106.9123486097832,-84.56028980928474,-50.35308611198645
70434.5703125,-81.73585517657654,-89.01543535560054,-82.79843759876007,125.6824917876055
70458.984375,-81.27411065620683,88.43468869368451,-81.73403434282599,-60.70748772443563
70483.3984375,-83.00257957320935,-77.17130044110688,-82.03325248408763,116.5139564981559
70507.8125,-85.06539169983162,126.9397225058659,-83.54568391586604,-66.33674569712184
70532.2265625,-87.04853060316908,-39.34246493784854,-84.83533754430175,113.9816878656799
70556.640625,-90.03702048041724,140.5757526523631,-84.82151151787981,-52.05856434432341
70581.0546875,-93.34498150320364,-91.70017113600245,-84.04078918627087,124.6361874315803
70605.46875,-86.53645162889219,44.34689657452923,-82.68629483487545,-69.13582342672598
70629.8828125,-85.36133727413736,-139.1101208596054,-80.95471925709178,107.7976700472268
70654.296875,-89.26259920960476,46.06673984638284,-80.32765615730803,-86.05341475152457
70678.7109375,-91.66928686101983,-111.9074270482944,-80.03062666376388,75.31016499314846
70703.125,-93.4010588321248,88.8818390364552,-81.23431581939288,-113.5989570838681
70727.5390625,-107.6417031595268,-27.04987053572916,-84.23795765503647,47.21870264261803
70751.953125,-93.55234603136137,-95.41143162019993,-87.55585964403132,-161.9631609492612
70776.3671875,-86.31067179834389,95.7031635173785,-90.86565263845635,-17.55479210667857
70800.78125,-81.87109179981738,-74.31160439427209,-95.07953637410236,131.9576765605396
70825.1953125,-79.80980975403342,114.8892646035433,-99.10202486055292,172.6572197690771
70849.609375,-80.21885173949656,-52.57311763543886,-90.27292671505739,-30.02482588898209
70874.0234375,-82.70165274630939,155.8727145176336,-88.2961053283784,146.0896974743274
70898.4375,-83.83891504949466,19.60295850586396,-87.60166496118975,-43.49256934533649
70922.8515625,-76.15069932299019,-146.4608791219336,-88.40634931422088,119.4220880058917
70947.265625,-66.71420464010856,28.90328418827017,-92.08218737722646,-92.36226983415547
70971.6796875,-62.76163469695124,-152.5074569525431,-90.10740933056923,30.04884343259987
70996.09375,-62.53494071318207,27.4706436946914,-87.47209082448688,-163.5267850239414
71020.5078125,-62.85652921264226,-151.3898681584142,-88.41330500792762,5.047832778850411
71044.921875,-65.59245083546668,31.72579727398751,-89.43099528044704,179.7868762227678
71069.3359375,-75.00000657498531,-132.8452843374076,-91.54893136319717,28.70785629005833
71093.75,-85.62924204103714,121.9905257275461,-90.03007293326789,-98.46431730684949
71118.1640625,-91.20724139364272,-40.55998391209655,-86.63948343744019,104.3726792462507
71142.578125,-94.26819987561119,154.9673526030141,-85.3395322999219,-75.04131138554017
71166.9921875,-90.33847525214321,5.776173093548654,-86.46661626819133,104.107204874818
71191.40625,-86.75127964757372,-159.3026732153884,-92.64880491892187,-87.02051565138811
71215.8203125,-84.90622573536214,24.00228407149437,-92.93976536681777,19.53220656252915
71240.234375,-86.31724907556935,-141.0702949323211,-88.9259208032616,-171.868026496555
71264.6484375,-89.30762356831009,83.50355223846981,-90.52295019862856,4.516854146404696
71289.0625,-87.4677488494285,-36.18724883994393,-106.2627217380767,-154.9358246815958
71313.4765625,-83.03656786272776,174.6287530484876,-94.46216218288399,172.0047676732431
71337.890625,-82.65720503581413,6.430486765635145,-89.36268411091909,-7.519159965647178
71362.3046875,-86.56838503196892,-153.8775041817497,-86.8383387324416,169.5694301589368
71386.71875,-88.60835830412034,71.55016978233986,-86.67188334947865,-21.474444415589
71411.1328125,-89.54683872668065,-83.29803463540598,-86.52946261970277,130.5736962765154
71435.546875,-94.98907573062144,83.64210211105897,-85.3640626968614,-67.32527879838183
71459.9609375,-94.40829035551438,-169.0072602730795,-85.9477667796975,110.076291267331
71484.375,-90.48284496743952,-21.60490810346668,-86.4521600586194,-76.02477751352752
71508.7890625,-91.62497883913552,164.6824254973224,-87.0677081633861,92.29311013974353
71533.203125,-93.20468393235171,69.11783817247456,-91.27522268796105,-90.73627978512992
71557.6171875,-87.40490419180472,-74.49247115680552,-95.17079100572994,123.9011338660647
71582.03125,-86.48869664661436,107.9721416559805,-96.92226467067663,-4.690174862763832
71606.4453125,-86.74435692061864,-83.27390550573338,-91.77414534598697,-139.9300911157897
71630.859375,-89.09382300383875,74.18693053862501,-87.23939383628041,26.50492119650627
71655.2734375,-91.17972290926082,-144.7171971710352,-86.0695896438742,-167.8987193356482
71679.6875,-88.30787767123111,37.80352848099506,-86.64699039538449,-9.406518036878728
71704.1015625,-85.52290081422471,-135.2789440641845,-85.05196605670967,149.5969021967322
71728.515625,-87.16416835775497,46.4673709919245,-85.29169761077762,-46.65378395292337
71752.9296875,-94.83849854632734,-115.3393904261791,-86.89001658915033,94.57562595726286
71777.34375,-107.6336435145823,-176.2016243523823,-86.64471520918346,-115.2054342244012
71801.7578125,-96.3037213854021,103.5593873659425,-90.87140751268839,44.93605955101459
71826.171875,-90.28628416477567,-35.03050485530515,-108.0103857382445,163.2394452038357
71850.5859375,-85.19181521865295,-179.4410406367107,-90.83906042355946,-165.602616005488
71875,-81.80312826238747,14.8955024654696,-83.11110417844421,9.131393361556555
71899.4140625,-81.2579596831506,-168.7244136665558,-79.70095587996282,-174.7807344380417
71923.828125,-73.32087507754449,-15.17822058018298,-79.64446533215481,1.552915613077368
71948.2421875,-63.7495883714833,158.4611463921443,-81.87291177103829,-176.0016620378549
71972.65625,-59.92460224230915,-22.14602203419346,-86.63300390664894,13.15003811038033
71997.0703125,-59.49470472052323,158.395212557367,-101.9600084511537,-64.60878381370824
72021.484375,-59.64231018493376,-20.9116356572437,-88.03341511908108,-169.6822590780906
72045.8984375,-62.46389648684164,159.4403283944501,-85.26816159723074,33.80054274911725
72070.3125,-71.35308668269968,-19.37922867006539,-82.724886653211,-127.4168044965561
72094.7265625,-85.26731333883876,153.4959422034086,-80.06928507586274,62.24163772810807
72119.140625,-85.68569124166376,-47.19535576583191,-78.82903735804346,-114.3079983543372
72143.5546875,-83.29561067415312,139.6863216052891,-78.67829842925195,62.79900760944049
72167.96875,-82.17282812704751,-37.14467637287405,-78.64758233967984,-123.0895508772625
72192.3828125,-82.97995200287767,141.9890941468255,-78.71323815524657,54.52304721337569
72216.796875,-85.89052807206578,-45.12776764508452,-79.55672803654848,-124.3192435830985
72241.2109375,-88.53727794345127,100.5731759531202,-80.77302460719235,53.99026568405237
72265.625,-88.88162382447051,-107.7834788351327,-80.24014333986318,-125.4851964033005
72290.0390625,-89.60616582459615,75.21591805912087,-80.76465417677679,59.64960130007238
72314.453125,-86.99289109178466,-85.3231138673351,-84.4378898755198,-118.9815657493645
72338.8671875,-85.01855571516376,107.800935494997,-87.41446265332344,55.29002103653813
72363.28125,-85.90723205101087,-59.05507366461734,-92.63094964389538,-117.7571219267685
72387.6953125,-87.25332162249403,134.7118577881784,-96.72357322829021,173.3954353446191
72412.109375,-87.06272940052878,-17.5857424224238,-90.28249192134069,5.406845954098756
72436.5234375,-85.82311705225328,-156.8526390863702,-88.23228906870742,-173.7821584472153
72460.9375,-84.60814844812009,55.56223674437396,-85.5681471760105,14.60858161071203
72485.3515625,-85.65056664931305,-103.0289866404597,-83.24820817681444,-163.1785012678584
72509.765625,-86.37920669473729,108.092899473442,-82.58809231081676,22.13407027475655
72534.1796875,-86.10889356052937,-52.7168992773771,-81.23587196078361,-152.8807429247312
72558.59375,-92.54054954870665,133.5557557376883,-79.70732165768467,19.22031793174804
72583.0078125,-95.49846111544417,174.5541152935131,-79.47484141040393,-167.5199925965142
72607.421875,-86.60436374729619,-4.347637899203752,-80.05017991752366,12.99622516612507
72631.8359375,-84.97948303410882,163.3570343988878,-81.01330701860451,-169.368897936642
72656.25,-85.29025745791962,-42.02699396361415,-81.46959650161648,9.315551114043515
72680.6640625,-87.26294866717043,111.2162943125463,-80.82344065998149,-163.6978519241816
72705.078125,-86.84980517957202,-108.3913743532666,-80.46624428335431,19.75610911789405
72729.4921875,-84.74021169727729,55.66174172246768,-80.14611877342506,-162.2826129648687
72753.90625,-85.01629121478322,-128.2936603208972,-80.18289939188068,18.0416692202796
72778.3203125,-86.72190853845011,57.63836359317221,-82.14758610202203,-163.0626745828203
72802.734375,-90.40743216674375,-91.12710241512397,-85.89489356476989,6.253870321142561
72827.1484375,-90.64139716229006,141.9469529275094,-92.36122249342273,-178.3320750717085
72851.5625,-90.4824831355713,-10.30144634749469,-100.5153745472944,18.08597310746255
72875.9765625,-95.27387281517576,-142.8946301509279,-98.77637842449482,177.3087438913809
72900.390625,-91.2773013807403,103.9871874308002,-93.81587120974825,3.464424647991521
72924.8046875,-78.6568697000223,-118.4662915333187,-89.84517307315885,173.7374793359657
72949.21875,-67.81159352023019,47.54933108242757,-87.24558767314635,-30.3314363923473
72973.6328125,-63.80740644818776,-135.3233070592583,-87.56910500852895,136.1912882168813
72998.046875,-63.45915691924763,44.30779378441975,-89.40919647380818,-53.05988136409474
73022.4609375,-63.85341933884163,-135.119208159094,-88.20583354989792,122.0511991693972
73046.875,-67.04859847710098,46.36043481093959,-87.50207483545735,-60.73300614453865
73071.2890625,-77.28213633221708,-122.7300161834993,-86.49021142957268,105.0795663917314
73095.703125,-87.16507077948046,122.9644584744038,-83.68850024390059,-89.41004977578579
73120.1171875,-85.70173866986858,-75.13851086943616,-82.0030776908834,78.84048791374782
73144.53125,-85.29330705774098,94.37275844729761,-81.43194880606684,-114.6370022532494
73168.9453125,-87.53508231379827,-85.53697977234629,-81.8957958136215,56.57477976548856
73193.359375,-92.2635207040359,84.20346240811145,-82.90709676138249,-116.0186231286528
73217.7734375,-100.7415620081684,-164.7356053686936,-82.74220772112713,76.17628046445176
73242.1875,-94.08297663147786,-45.41046392686105,-82.25956321551629,-99.09722114485974
73266.6015625,-92.77645691544693,128.8665435009311,-81.17971435032386,87.22093775963253
73291.015625,-93.17165263801414,-42.11254122011257,-80.50755627947737,-88.75933140442704
73315.4296875,-94.28506171224312,153.3618760064593,-81.96461012237071,91.17109449950682
73339.84375,-97.79904618093431,-29.20527167690173,-85.22667257611161,-88.18236019056481
73364.2578125,-95.12917188836289,159.0597404544146,-90.30206052668694,97.16944627693118
73388.671875,-90.00557992911347,11.46000777193253,-96.5427451776773,-105.6249363620742
73413.0859375,-86.55726931995814,-145.6203682739569,-98.36658176589297,45.65000486597869
73437.5,-84.34891297881676,43.4854022152318,-102.3346360948699,-40.10989934631197
73461.9140625,-84.10009766102696,-122.7898075169903,-89.9949892284377,-174.9431914417901
73486.328125,-85.12061301386835,87.73931261121864,-83.07832460142831,23.09384061109585
73510.7421875,-84.46120784453529,-56.7162779291697,-79.61990313087139,-146.0597867972483
73535.15625,-82.61298089815794,145.8086667138679,-78.85647398819265,35.22829383691402
73559.5703125,-82.61193697677221,-24.24978949671579,-80.37476146957347,-154.1412557521383
73583.984375,-85.08416516348632,158.1061562381595,-83.783628108562,1.320439244989778
73608.3984375,-87.94230840671709,-18.20201658364636,-84.64742133414919,148.1731225530523
73632.8125,-90.52913029411286,-176.0528674783363,-84.79039891946294,-46.70876999010385
73657.2265625,-92.07676480614177,49.24358784317515,-88.82582895725227,131.3905432250456
73681.640625,-92.59285981875813,-104.3881059947357,-97.70428182796144,20.35319569356895
73706.0546875,-98.2416788808748,68.96156950033593,-91.35973017065851,-71.48603200336242
73730.46875,-110.3726657802031,-147.7946723946174,-87.67612074642939,143.4706713331588
73754.8828125,-106.2224813776929,169.511359441215,-87.20781325042567,-23.55050569134429
73779.296875,-101.5392309293555,-23.73948012297241,-87.65087792956253,159.1965755650125
73803.7109375,-99.53960782359609,99.4292561601083,-89.42146157700776,-27.67029539911251
73828.125,-92.40328236880352,-77.22930838171048,-90.28757601159228,118.7886674121197
73852.5390625,-89.77585535151731,139.9084807550967,-87.30944387560315,-80.64623812441938
73876.953125,-88.25386922287629,-5.088946176453526,-86.66532031284363,106.3546161401234
73901.3671875,-84.41446464022437,-179.3476008257621,-85.60430448139402,-39.71162174083772
73925.78125,-72.09545843142016,-6.252103983614149,-83.40631397290336,158.6238422196605
73950.1953125,-63.05446587385238,172.3440105338785,-84.42423552174913,-22.03470763115003
73974.609375,-59.72919225498678,-7.978257107412394,-87.42869716037248,148.9960598015267
73999.0234375,-59.44474579728538,172.0012688610174,-90.72771902554216,-69.99381967146353
74023.4375,-59.80860019346271,-7.66486334697621,-86.89582078140401,61.51662606958327
74047.8515625,-63.13347446430469,172.6045599245507,-85.04206857092905,-130.8137401875634
74072.265625,-72.80271354829429,-9.934120215035449,-86.72838856321918,52.16010177011948
74096.6796875,-88.66001209948581,131.9117334546043,-89.72390927793816,-120.8670190125022
74121.09375,-91.21121063955755,-72.93706356092581,-96.28773020383665,21.27992571352965
74145.5078125,-91.19441123512901,150.4253304101545,-93.24856977044644,102.3958771131851
74169.921875,-87.56801888634632,14.74511121793455,-90.79209057438588,-105.9334811260574
74194.3359375,-84.43721124630483,-140.8309930922902,-95.23761880589852,88.28943504641566
74218.75,-84.03018121597789,46.58197141214815,-97.79968713865749,-16.18430332386114
74243.1640625,-87.04792562659391,-144.2239011365978,-92.11010565285309,-135.6775715880894
74267.578125,-93.19098272881271,7.354651905326827,-87.46615018823732,42.2075070371105
74291.9921875,-96.08092795763966,131.1570194345565,-87.77419648780526,-146.3225371992198
74316.40625,-91.85774464957397,-54.65455354071703,-89.38658724635174,73.37157959979234
74340.8203125,-91.57325802281841,134.4653340030305,-85.94094756435778,-80.16435613406763
74365.234375,-91.95472067608029,-32.76344176182836,-85.14136180109278,106.3267400512179
74389.6484375,-93.22082391435337,162.1383313711274,-85.51785489532357,-65.55830395091461
74414.0625,-96.9560448548372,41.01083810612212,-88.46321609976522,118.678376437265
74438.4765625,-93.54881892783487,-94.37440571012461,-91.70594829614387,-49.19270319641257
74462.890625,-92.41444813368007,106.7347210675671,-89.3206459181141,151.7994671614298
74487.3046875,-92.85025304040855,-43.74691312782421,-88.77218749825292,-30.00865380255663
74511.71875,-91.57680794979591,-175.4808142239831,-93.38481252137908,109.2794004747577
74536.1328125,-90.68848364336267,31.54913432945252,-92.59141442116905,-158.5858983113879
74560.546875,-92.91040739763405,-117.031763600084,-88.69335946931676,-13.90698289393029
74584.9609375,-92.61744635135997,84.50462372746924,-88.91123968627744,154.5638920824062
74609.375,-96.75731009177616,-88.17529890196003,-92.56697118194013,-68.346263936252
74633.7890625,-96.34442273551002,113.8960935602562,-86.90230335935934,50.01367941877584
74658.203125,-90.02407599836059,-78.64904339112741,-83.75242217742844,-145.3573104725342
74682.6171875,-90.54125371533637,91.98686136780688,-84.05966092531067,30.36208035437761
74707.03125,-91.4635316983906,-71.38198668657415,-85.78815014774119,-152.2905260013389
74731.4453125,-88.15530922685184,126.1861766284884,-88.0977455488032,-6.903958142098659
74755.859375,-88.24784532161956,-48.64584120016203,-84.82710749424179,132.029189610639
74780.2734375,-87.6459013760153,140.5548793839658,-82.87591174999015,-57.38397143448012
74804.6875,-84.95654974048846,-17.12660988544432,-82.96117422576118,117.3819446304581
74829.1015625,-83.04452062362859,-179.0759446962818,-84.9693641419174,-77.44138877956506
74853.515625,-83.21547999912764,12.05865537263164,-87.18328231715695,70.32079413227777
74877.9296875,-85.02930434155404,-154.3462713053644,-87.59357925334486,-138.3832883578711
74902.34375,-89.79601596402426,44.03547917832505,-85.36989969400176,11.54659039323324
74926.7578125,-79.66711546189373,-116.2932071506633,-83.30982138815047,175.9111448220214
74951.171875,-68.78704558848629,58.8446935145067,-84.21712291621654,-25.34788018089011
74975.5859375,-64.91255326417709,-124.0295710692491,-83.95350159948593,130.5598620745128
75000,-64.48908064945716,53.5478198254757,-84.06570087956952,-65.45914795228627
75024.4140625,-64.90565186836078,-128.4334701681879,-83.99037267962278,89.64855165115604
75048.828125,-68.68512292419636,49.9326350853098,-83.02551106173388,-104.7876493619992
75073.2421875,-82.36041314495063,-141.8695201002418,-83.78846881756166,69.02126735573998
75097.65625,-83.48990468721583,-115.9309619860776,-87.25273697690264,-116.4946441110537
75122.0703125,-82.4629612353736,48.89974655190886,-102.588368059852,119.5955911652694
75146.484375,-84.60910674344815,-138.4773376486576,-86.12870199154383,40.99330243662558
75170.8984375,-88.3012169087456,39.93124675580125,-81.24459660139578,-136.5538091383861
75195.3125,-98.08586662345454,-161.5891616660713,-80.20051748842972,39.70374427194453
75219.7265625,-95.3318442078543,-149.2583397534009,-81.37200507573985,-149.7413844325538
75244.140625,-89.55570178939473,29.17304250267696,-85.21610340646481,15.56119578281271
75268.5546875,-92.38263584574121,-111.9231258264159,-94.82776942844089,169.63697973524
75292.96875,-92.01382360643225,123.8703011966819,-96.92227298607648,-121.3884643207824
75317.3828125,-88.16724897296452,-33.22187178763926,-95.82813593322287,33.88913730505617
75341.796875,-83.80074767577143,157.7080283121107,-99.86028864414031,-176.6706863794596
75366.2109375,-83.86240573013579,-20.20424392242605,-101.4466848932799,67.22177670312328
75390.625,-86.49360313104575,150.7695431544396,-98.23966399418327,-102.5570836281334
75415.0390625,-88.24698731618773,-42.77137288503757,-91.46579869291685,29.34867956878345
75439.453125,-89.81203512574541,126.1824747794759,-84.58987980829596,-152.8743730672158
75463.8671875,-89.39199036812461,-45.69362231236543,-82.26968967990163,27.51388326599254
75488.28125,-88.74282655034902,153.395448117226,-83.57799990299151,-157.9751248710192
75512.6953125,-87.36778675232109,-18.32104542072931,-89.75083414994882,15.108988868382
75537.109375,-84.83721391197844,155.4887071100605,-111.5155761195248,-22.64533307013198
75561.5234375,-83.83206597409627,-33.6028924207374,-92.06001586425799,-135.8122671320371
75585.9375,-86.22995666830806,135.8902942570182,-86.77768398168595,70.59203557214539
75610.3515625,-97.38120546095746,-29.18616454793716,-88.48843590650034,-99.3993979384922
75634.765625,-89.53107538816516,-88.33444843660817,-92.50215447452035,113.0261012856109
75659.1796875,-84.21804169060664,107.1585909202799,-88.67047457318789,-64.88322971647138
75683.59375,-84.46978752401905,-65.47168844137053,-88.31998426650753,90.43596486510233
75708.0078125,-90.1354875340669,107.8755041886883,-91.63859606270339,-116.9948185296924
75732.421875,-103.8959071299396,-23.08929757929447,-92.026737463324,63.63577361282288
75756.8359375,-95.63096965462191,-124.9671993034481,-90.54604602661369,-92.89527044560715
75781.25,-102.8242023490126,46.12685116995022,-93.06148845396903,136.1865280988484
75805.6640625,-93.51988435206397,117.0953776649527,-89.11543971384671,11.70067953111467
75830.078125,-88.88566724820791,-59.93881951347925,-85.99506978848015,-163.9342381134095
75854.4921875,-92.62731983731094,120.6521993331786,-86.70419699179394,19.17848468917875
75878.90625,-96.88049804231908,-62.00312975403457,-89.1652181718038,-135.1485935569124
75903.3203125,-90.36015809771942,155.7945928898274,-91.84803264739088,53.42102058855523
75927.734375,-73.49105947125364,5.204230356763839,-98.93106797765917,-176.2919222154179
75952.1484375,-63.76133806039079,-172.8050505441993,-102.1532676168498,-71.88391912128797
75976.5625,-60.50123618102524,7.652894760632994,-100.2950385997373,105.4062430045616
76000.9765625,-60.27953677681068,-170.7806406219575,-92.41153502437362,-43.25870532105602
76025.390625,-60.68897348647643,10.8901561743121,-88.95599595463595,141.9631901829899
76049.8046875,-64.32683226333936,-167.4276151249082,-87.92002177079911,-37.03686055133332
76074.21875,-74.16298356494026,18.82882829044584,-90.11182442214981,156.4734886275811
76098.6328125,-85.49257032554519,-143.9580873192175,-94.74091188074375,81.02875063050311
76123.046875,-86.70973960202396,27.83357339452141,-86.59345460211065,-67.19423720333022
76147.4609375,-87.08065730462194,-153.1841196272156,-84.76997974397115,105.2580953942364
76171.875,-87.31677853724344,45.1031011232421,-86.39816913460778,-84.23119155985442
76196.2890625,-88.10366015054316,-102.3837379699535,-93.9797674114759,29.44917068259552
76220.703125,-90.26851545133783,120.2237724874387,-86.17100543787075,137.538726914307
76245.1171875,-92.6397235389048,-7.487832253117339,-83.76989274897286,-65.45055731950039
76269.53125,-88.75651392187382,-146.5552769756393,-86.04829270051917,102.5370221388992
76293.9453125,-84.21336986616282,40.35630391256132,-93.72552216973544,-92.98080830192859
76318.359375,-83.00501772333072,-133.8422116404362,-97.1470424109534,7.692272307039419
76342.7734375,-84.3427183210103,54.94230969231912,-90.92999671272908,127.8354785773354
76367.1875,-87.62181327302693,-122.564763184032,-87.75952641786604,-56.67470183789423
76391.6015625,-94.50165822910309,42.67799973162315,-89.47875383670154,146.0556798496474
76416.015625,-96.25854800200307,154.33644162405,-93.60548125035143,-24.02080080931557
76440.4296875,-89.22606535000273,-23.58726437407107,-97.37493145281977,168.5326735345241
76464.84375,-85.50999422084942,168.6745004514131,-96.68522263367416,28.34421419526038
76489.2578125,-84.50450260570405,-0.2951462797948448,-96.48637163221616,-141.5969718378336
76513.671875,-84.4842546895034,-163.3097847399265,-92.27021745595466,12.44096949626259
76538.0859375,-86.50595573457251,33.61022757813743,-89.11956511848274,-178.858539731053
76562.5,-91.77392401359241,-134.5684943115648,-91.5171748471441,1.288609548957806
76586.9140625,-96.7250757531162,18.50642373111317,-97.18271185465571,-165.2173283764253
76611.328125,-93.6068537182736,128.8074142769409,-103.7271159416822,10.3579651509153
76635.7421875,-89.80838043724924,-84.25760071903782,-101.5118225999377,121.4016980167915
76660.15625,-90.55418965546963,73.89547678714599,-96.43864298050931,-52.25292793273405
76684.5703125,-90.24778779161976,-143.4656091712431,-92.28398543618104,134.9781363256111
76708.984375,-86.09880901542736,-3.069179804515334,-89.28839695975888,-40.12423409931046
76733.3984375,-83.62450137781374,153.831714004869,-89.42006778403469,159.6709506223589
76757.8125,-83.23795506156102,-36.39987478367827,-88.31481442392962,3.578929008028469
76782.2265625,-82.97541759480831,143.0312502689709,-85.00083144471881,-173.3416467865999
76806.640625,-85.64631536726662,-29.89154215050941,-83.53230157032871,15.30589069874621
76831.0546875,-93.2245187241374,-170.3952774606628,-82.52485615469635,-149.8587318103089
76855.46875,-95.16502754079823,81.5415879658425,-81.92775274071346,32.4443610524751
76879.8828125,-93.4943006924385,-31.22656125631385,-82.77393164206883,-146.2175015958005
76904.296875,-88.55265209107692,171.7399079542884,-83.86210475363819,41.78178785092306
76928.7109375,-80.8459127074232,-86.05733996266382,-85.70195197686547,-137.9384657649242
76953.125,-69.88359459514635,72.94919826240252,-87.48368803022419,27.80035827083762
76977.5390625,-66.29610546183437,-110.9475453654322,-87.36325176070251,-166.1220277894245
77001.953125,-65.757245664187,67.03110195542789,-88.24565839284283,14.19673112322139
77026.3671875,-66.10040462036751,-114.1695949041422,-88.86825861849054,-168.6819977143969
77050.78125,-70.38706488262171,63.16165052368318,-89.29024911595585,-8.269283708581645
77075.1953125,-83.87261634912635,-140.1607643602205,-99.01412033374611,152.3383848470957
77099.609375,-89.03017098800149,-99.57418717806759,-94.62071134603167,-169.5509788795477
77124.0234375,-86.89346213666261,34.24293339114793,-89.56055933660487,19.79486595475532
77148.4375,-88.23969542401359,-166.8840621102746,-87.1434364651377,-172.0064300463023
77172.8515625,-88.99149984490565,-17.05538687325997,-84.74145439682357,-4.187052446803229
77197.265625,-89.27643779345516,143.7462368962086,-82.74755627164487,172.8836361247695
77221.6796875,-94.57078781060657,-70.13586866883134,-81.55650549802334,-14.99597107423154
77246.09375,-93.79460878363128,80.83748179208152,-81.60210601724509,159.3487354846983
77270.5078125,-91.40009067996141,-72.10939235904425,-82.32778446230316,-14.74491515659179
77294.921875,-89.3744580461164,136.4742153260243,-83.65558433371365,179.4945371790018
77319.3359375,-87.15623232309368,-32.90030963585443,-84.78860875199571,34.87305255404841
77343.75,-85.21570338505339,153.6479909076015,-82.35942656260688,-116.7810308979365
77368.1640625,-84.98880842600289,-24.2119752575587,-81.82052218252923,68.30201680812942
77392.578125,-84.62036329190916,143.2346079686097,-83.71984904277026,-111.7672736744681
77416.9921875,-83.17394382792756,-54.23151485599322,-86.91768524532294,55.93747817680819
77441.40625,-82.38868537543658,107.9900908334366,-88.90097301311562,-162.729006978965
77465.8203125,-83.60168963071926,-73.47198344968726,-87.58902422340742,-1.266867184758278
77490.234375,-88.37449722530377,125.8791810541558,-85.98349810984769,-174.3099971806249
77514.6484375,-93.32637548644287,-15.23894895823063,-84.00232193600988,15.29300382548834
77539.0625,-89.74662526533741,-165.1420484947706,-83.05176531071568,-158.9360799262033
77563.4765625,-88.09971403133274,13.05262905534065,-83.74095992883204,23.83260822046492
77587.890625,-93.69718649413954,162.0438922995357,-84.50296073894839,-145.9051680420061
77612.3046875,-97.62101186728853,-123.0588332287144,-86.6768580485912,58.45654424476052
77636.71875,-91.25395761630526,7.893859346163519,-88.98586574914845,-61.63614506382783
77661.1328125,-87.61705165231233,175.1414738418574,-85.67778735996484,150.5220576139983
77685.546875,-87.13817037402761,-9.531339746223567,-85.4154054455461,-22.86198095461297
77709.9609375,-91.25870509999105,169.5553738388264,-88.94836741685106,161.1915835614378
77734.375,-104.7251084430039,-69.88687501696218,-96.46586856771887,-69.79147302284115
77758.7890625,-92.55627803527705,46.07390426177034,-93.29129038771168,44.97590034412837
77783.203125,-86.65154680000688,-135.1536164873415,-100.6221432309805,-168.9923612513146
77807.6171875,-84.79534344898599,35.02236078373481,-102.5968771579257,-110.2924112525612
77832.03125,-87.96346528451355,-164.6677928477974,-107.2735838191853,-127.5363763528116
77856.4453125,-90.31810054098338,-40.50020046359394,-94.00294765449976,34.82079561632821
77880.859375,-87.24398166532289,92.27353080040118,-89.08445502183795,-168.3991305710585
77905.2734375,-81.56472499090242,-132.1508261905924,-85.14445944352866,15.26625129732194
77929.6875,-70.60375010788175,26.84117012854346,-85.26430149109409,-169.1421020377037
77954.1015625,-62.84214133652628,-156.4572040220042,-89.58592353560249,-40.453562909855
77978.515625,-60.28420720194287,23.10175498135355,-88.72948597211968,69.17655365590757
78002.9296875,-60.34182549108891,-156.8266955777141,-86.741411900855,-157.9002730784313
78027.34375,-61.12574632412438,23.20871347519611,-85.17020871695595,0.2387136035939693
78051.7578125,-65.65832889707499,-157.3641773236847,-86.20666288394673,158.0771951202053
78076.171875,-78.62866554825827,13.6725977841412,-86.62353358807997,-62.9198976867374
78100.5859375,-88.20006589593446,95.42552525666274,-86.04479966121865,88.98048159286476
78125,-87.11171109607214,-67.75360894604802,-86.81381506926152,-91.90171764731576
78149.4140625,-86.31538150465374,139.978081580461,-86.76472047422166,123.9126403411628
78173.828125,-85.80719435778161,-30.6014487119464,-84.37787376642667,-8.928641170477011
78198.2421875,-86.93860981697433,131.443636163074,-80.70775178864869,-154.4704750631091
78222.65625,-87.01790400476938,-76.84285139657386,-78.48603779233839,42.53083310603842
78247.0703125,-88.14482106652591,91.51301939665613,-77.73474136856164,-123.7259195111163
78271.484375,-87.68806622119838,-97.94987365267605,-77.82697663195677,69.04799448342483
78295.8984375,-86.72614856572316,74.47182303059969,-80.1617370104058,-106.5239700129393
78320.3125,-90.22846741854288,-97.05825391134475,-85.59274968256969,57.3272670664974
78344.7265625,-91.31015371218056,107.8849666577259,-90.19365858496136,-164.810110222354
78369.140625,-90.19272982898372,-67.83429015353778,-89.55376682387943,-11.55828710926446
78393.5546875,-92.86088322294194,136.1803699559227,-88.33493393391946,162.5364006646385
78417.96875,-96.31683965906032,0.4467054934778375,-90.26716408545091,-6.54719929217428
78442.3828125,-102.4220099138226,-125.732494865458,-89.39146199567008,-135.6880065416387
78466.796875,-102.9131351806722,155.1196994121346,-86.84038412228581,62.64241481034475
78491.2109375,-94.02466175702742,26.1254632585559,-87.21449781733646,-115.7496115820618
78515.625,-90.90073234457087,-138.179314167544,-88.46138936071945,72.7132426402639
78540.0390625,-94.34419093676675,71.56682110758258,-93.3844149859455,-87.27271698817937
78564.453125,-96.87028988717756,-63.23055841292518,-97.05935959700936,129.2003973081338
78588.8671875,-104.9408480558502,145.569840023326,-90.89075543952595,-43.87142983907874
78613.28125,-95.26332140532708,70.91207549998764,-85.97068019363593,124.6130999944749
78637.6953125,-89.2142957440773,-105.9838810874405,-83.31821535122005,-64.89586063995758
78662.109375,-88.20314414159397,79.56070837704415,-83.59885973514312,110.7630041682464
78686.5234375,-87.4182013618306,-102.2773778264686,-85.46072892777916,-73.00320709680121
78710.9375,-87.7518930677013,53.06329671660993,-87.82370272823042,114.7797164944926
78735.3515625,-88.10388338041406,-172.8910637551453,-91.35587480973919,-35.96431980034231
78759.765625,-86.52315753739471,-15.19342108358726,-89.55321816119481,171.6001503128986
78784.1796875,-85.74374486508711,170.4643388891358,-87.11586269442682,-4.709302855599056
78808.59375,-85.77408645186205,5.192984111384804,-88.07517333053198,-179.0066767907753
78833.0078125,-86.04748483407127,-151.4220392863532,-91.71667542413168,6.956776451580292
78857.421875,-87.21826039925273,45.62697430273118,-103.7728572295762,146.6113673310938
78881.8359375,-93.04597199760167,-152.6246433875018,-92.87663435966664,-117.569097689139
78906.25,-94.76560763340019,-32.5908360754803,-88.15584617285921,74.77049428742602
78930.6640625,-81.66771824256942,-102.6880261685776,-86.48030874435149,-103.3194630727487
78955.078125,-70.17615437276149,81.57432323968762,-86.93964154999206,70.43443766374315
78979.4921875,-66.70886080042726,-100.121041896737,-89.519167127408,-126.2018560504331
79003.90625,-65.89047523525487,78.08843964387385,-89.45886434861583,9.132507754268245
79028.3203125,-66.0136864613725,-103.4933492024953,-86.87897812970336,166.2074610976147
79052.734375,-69.95184324221833,71.98043037367164,-86.91856217900281,-17.29699031244784
79077.1484375,-79.67675326468968,-123.3810713328255,-89.17532266341942,160.1941288200284
79101.5625,-94.36083236019682,0.7296251713499009,-94.70275573354927,-39.09942030207217
79125.9765625,-92.75348128551425,73.34569821058879,-109.4020873728477,-2.544681411655136
79150.390625,-93.15851020212394,-137.977621574369,-90.98136447059694,144.3807052272619
79174.8046875,-94.18843639217681,0.6964992798840089,-85.73822833808855,-30.30979053328877
79199.21875,-92.0145180855086,143.99701526071,-83.62521054767851,140.7354977861819
79223.6328125,-86.87546334723305,-61.00234794462455,-81.80354634995446,-44.27407735193793
79248.046875,-85.19467372356587,126.4257611198665,-80.4861722440976,142.7573966144559
79272.4609375,-86.8565476049544,-33.83863174549763,-80.26667998747749,-36.74612124018661
79296.875,-88.59046648143192,162.5298223229127,-79.88557495675464,140.3417882772813
79321.2890625,-86.9850329079769,15.11418616868456,-79.36628872994564,-34.86174099808581
79345.703125,-83.42456086447424,-141.0815351715004,-79.58247239401719,150.9192126593246
79370.1171875,-82.58669582091217,46.82085403783768,-80.01942316049563,-23.51250565916352
79394.53125,-82.4652214038741,-126.8809906294474,-81.3500788853667,165.4822420028671
79418.9453125,-83.09866036440026,55.43315474086372,-85.23209967200303,-0.7539900819030976
79443.359375,-85.41989026356109,-126.9345501245028,-96.74483291705533,-125.6213998839953
79467.7734375,-89.02970625248832,68.15283522396308,-86.68541750895042,164.0938089078386
79492.1875,-94.70462705418767,-90.71361227238583,-82.41727846382204,-2.517010404296418
79516.6015625,-100.3248901988146,23.88897003851031,-81.07970751827455,-168.5762674757723
79541.015625,-98.28290843536911,-155.3564571178794,-80.94917900908555,24.01191545485525
79565.4296875,-96.71831441888554,40.47547872259558,-83.51233913345433,-146.6604811981066
79589.84375,-92.88924414202377,176.9600303131291,-86.61951225629252,47.57548645835332
79614.2578125,-89.73058869382578,-29.38781861062207,-89.20315115281859,-111.6131998095577
79638.671875,-90.63492012572203,117.324109133675,-93.65767730659201,128.0136140741903
79663.0859375,-88.7920833021505,-110.5217069241813,-88.26602731758663,-5.10655784879697
79687.5,-88.2585508551192,52.91680274169971,-84.78893145258574,179.7949490594868
79711.9140625,-93.24142821280203,-153.7393253882136,-83.17381098476594,9.434997521764387
79736.328125,-91.7964843722352,-56.13764726989373,-83.2428652167832,-160.847783076577
79760.7421875,-87.08656934895333,95.95793432433372,-87.13867079473472,15.09673791420668
79785.15625,-85.23125333035993,-86.46556683600346,-93.12951051665669,173.429489128351
79809.5703125,-84.85099122086766,119.0477568142817,-92.94426880151764,8.307638744486956
79833.984375,-83.51538751010918,-28.76487941100326,-88.33095745783611,-134.3886712274778
79858.3984375,-82.9649694257383,165.4264934212834,-83.71944816306203,64.46293358189538
79882.8125,-82.50856964697971,-1.717547118597644,-81.88825261427452,-108.1988426384049
79907.2265625,-79.75583966768423,-162.3093162271402,-82.15807705941853,85.37332771398245
79931.640625,-70.37578405138521,33.89570837038683,-84.20499992279176,-62.26816431757729
79956.0546875,-62.96009024315323,-142.7886959079774,-83.6791232305045,166.6837662809517
79980.46875,-60.60290585079422,37.6901534434212,-82.68416252189712,-0.7216282983643011
80004.8828125,-60.64999521986904,-143.0385553066331,-84.31852152008402,172.1499919119946
80029.296875,-61.51566695567655,35.78572948377638,-85.70137462555473,-29.91320907609474
80053.7109375,-66.21740684804178,-147.2779178651909,-85.01653630649977,111.0858461512904
80078.125,-77.62448628709863,12.87510906089668,-83.65201796421852,-107.7371004962718
80102.5390625,-86.93566176231872,135.9232570693757,-81.72494486935456,42.09158743529104
80126.953125,-97.99437294184665,-41.81947360972681,-80.68026381355781,-154.1530784314614
80151.3671875,-97.03398548829448,-97.30450918527016,-81.02692160345757,15.65180764593544
80175.78125,-94.04071504447521,82.94435381076858,-82.48989176086674,-166.6478324976393
80200.1953125,-101.7818879794909,-91.07708678296389,-86.20107544355216,21.67982457269475
80224.609375,-99.50952138239414,-67.08417869661884,-89.05164573557997,-145.7073746997739
80249.0234375,-90.550203373979,126.6667547781219,-86.83949947866736,32.02964903555207
80273.4375,-85.53701119571095,-52.58670051942234,-84.82361137090435,-154.5317061940678
80297.8515625,-83.28496238285753,129.9450103126054,-84.62121393814823,26.16243158945884
80322.265625,-83.60575290611116,-38.2416944211185,-84.83636629595733,-139.7213491613987
80346.6796875,-85.40966552013366,158.2725955069021,-84.28910580539372,55.03354028794245
80371.09375,-88.01085625270522,7.712176854183465,-83.11836812574347,-114.2090695200756
80395.5078125,-86.69988759081748,-112.5005135188542,-82.90024990470033,72.25671342562661
80419.921875,-81.84237956073952,92.77095288987805,-85.99789667250354,-105.5808893586303
80444.3359375,-79.72509506804573,-88.89797680863725,-94.43339691886695,125.6535722283917
80468.75,-79.53865871911381,88.0063208071291,-86.27055940318036,15.00322089223432
80493.1640625,-81.35284396459048,-93.22886341514325,-82.63958638515075,-160.7255593918665
80517.578125,-83.90735016537782,81.99006828265179,-81.46976848145137,15.60116510113302
80541.9921875,-87.12155637297064,-90.07804751955373,-81.71704289644752,-173.1528392297561
80566.40625,-90.39956237228451,112.1769221023092,-83.27434861481619,-7.336289559146497
80590.8203125,-88.83892906802697,-70.57702239113713,-84.34053204865054,168.4985773452045
80615.234375,-86.32975955524948,103.0019972779724,-85.07227109715851,-3.325077618429296
80639.6484375,-86.55888386981481,-78.82075609505799,-85.90087520650789,-174.3771468636109
80664.0625,-86.86016375725478,102.6556715084558,-85.05386059383366,1.124142333392775
80688.4765625,-86.09393537605905,-68.47800976426799,-83.10021015008201,177.6389164472033
80712.890625,-87.29437970297376,114.1674084996172,-82.26924467748232,1.982777761860109
80737.3046875,-90.4899919676872,-89.01320828985158,-83.3370331436319,-176.3243462464849
80761.71875,-91.28538602352407,52.24908159888232,-85.62263648342586,9.083168762054374
80786.1328125,-90.674655460339,-157.9887552143364,-89.39951016445008,-164.6477064694293
80810.546875,-89.15724420290607,10.87987032441784,-96.99700137175333,39.12327828656218
80834.9609375,-88.24417848760901,-149.5879095938863,-95.53288480969726,-88.57074473733442
80859.375,-86.13220564289051,50.55724195465557,-91.52090341006691,122.5970760555347
80883.7890625,-84.30104467139103,-137.8440100922037,-87.19476804978426,-41.25757828887279
80908.203125,-82.48110883885992,38.73091708345712,-87.55943520158132,127.1440046593155
80932.6171875,-76.76180344585129,-108.5146551135246,-92.49556411717172,-79.71982648579376
80957.03125,-70.16027873411016,85.85450915308024,-96.53431544750242,-16.23239181976409
80981.4453125,-68.03381512256487,-90.44679225513093,-85.56930103002512,138.7120794235539
81005.859375,-67.66399651334712,93.01387510950886,-83.38140294079103,-47.90906262197713
81030.2734375,-68.14162913425815,-84.63849157996358,-83.13180348130166,109.7812806975731
81054.6875,-73.09458449607712,94.53817045934548,-80.99114927149996,-91.22342383296041
81079.1015625,-86.35727967115643,-108.7263600639417,-80.00641922429672,74.24676381440452
81103.515625,-86.22444510460397,-29.0122709024885,-80.10820433594722,-117.639719956257
81127.9296875,-81.59719718549383,146.7667050715833,-80.43657021531118,58.59481374838477
81152.34375,-80.25728410496917,-23.74777207848335,-81.9723794504941,-122.6651281462173
81176.7578125,-81.19967699881383,160.3637634133202,-84.08380222258836,62.50685817807663
81201.171875,-84.49730582054767,-14.47759318902404,-83.7778657724826,-100.7701880241571
81225.5859375,-88.05821783684442,-156.2561522577431,-84.35508650226294,91.5707847418571
81250,-88.2957456557651,60.97642921171003,-88.11181848170142,-79.01718768837142
81274.4140625,-90.82138051867435,-98.8927180861412,-94.80089121628268,115.7790109481209
81298.828125,-92.69800372605117,93.57722592422846,-97.49551297537039,20.4101288142765
81323.2421875,-97.1347141855813,-111.6019568462577,-95.00979412043523,-139.5764021756488
81347.65625,-93.83633615862914,-69.70202270756457,-98.1842825397049,-23.26080888386017
81372.0703125,-85.97575040768601,88.60094236779227,-89.97301484067339,126.6814440124883
81396.484375,-84.36312806430949,-92.78312805853453,-88.90449411699107,-47.40957805248466
81420.8984375,-84.40202646868543,80.84686462944239,-93.81765981840147,147.6987651224092
81445.3125,-84.39882483768996,-111.2221818096577,-102.33090794446,36.55183555718803
81469.7265625,-86.45713265359198,70.21218505942826,-94.74438713577798,-12.25556947636105
81494.140625,-92.07039247924766,-118.5684659066476,-86.62337028246846,-155.0249102555775
81518.5546875,-89.54373976538184,10.32045255458176,-84.87691419535516,46.99115009338878
81542.96875,-85.67161073628428,-177.5687233945665,-84.43376270565662,-111.4038330203665
81567.3828125,-83.63878940575515,-7.809391649147406,-83.70724091636312,82.86087778299341
81591.796875,-82.19265579736849,162.2405441308866,-87.89858210081709,-82.47226681580403
81616.2109375,-84.37104064700888,-30.53379500319145,-96.87162212783326,-119.085449285819
81640.625,-87.95795687555022,103.2339466532456,-85.53050937887265,89.39504735563403
81665.0390625,-84.05740395912659,-117.7184041633648,-81.33486600839518,-104.763178898876
81689.453125,-81.08285624265184,51.63113197294761,-78.21172141760259,61.6634568491907
81713.8671875,-81.19987888102108,-133.1112704373975,-78.20338521151895,-129.4007836825304
81738.28125,-83.71315605311347,51.49264523389012,-79.5617805505215,35.06894297958653
81762.6953125,-87.24162992793845,-115.7853553416416,-80.17041173079735,-147.7874144772585
81787.109375,-92.62155810053716,59.70964631454255,-80.81384873201316,40.91074435145534
81811.5234375,-93.71230671479282,-129.8670241100297,-81.21403687136763,-129.4328591331326
81835.9375,-89.65077763651257,67.95980896810956,-79.88911008833837,56.41358584086143
81860.3515625,-88.37147220605915,-94.75899673876532,-79.1200957818653,-125.3295953814198
81884.765625,-88.7089680326237,101.5736864181566,-81.1510454099823,44.53207700860593
81909.1796875,-85.20616518282168,-90.47053035643336,-84.06265612580427,-158.9047048982516
81933.59375,-71.67272064640781,60.32725337689082,-84.67913224783541,-6.773197133365299
81958.0078125,-63.64221554457637,-125.4836161603184,-85.60409116157339,151.5097652703012
81982.421875,-61.37130618563226,52.91812487176448,-89.02066051385168,-40.71870405630607
82006.8359375,-61.18866753535662,-127.8049707141568,-94.90805592740028,137.6111023696743
82031.25,-61.890442335491,50.93446116322325,-103.8497931033397,-167.9110521835603
82055.6640625,-66.75267246842998,-132.3380532710665,-91.31579960509283,-11.59567850624018
82080.078125,-77.46730455250685,31.95956189255941,-87.81337235465352,166.6902415027608
82104.4921875,-84.17403324393398,-173.1153594345999,-84.75555773423061,-31.64408243445785
82128.90625,-85.46573408083844,19.77225429000372,-82.30296154092952,131.5873311576628
82153.3203125,-85.31026185146766,-145.9674845129171,-81.12366529812934,-53.03660838367227
82177.734375,-84.14746560685977,41.27936332951146,-80.67420777583088,122.6040999297381
82202.1484375,-85.59862467225014,-137.614790490417,-82.52655240954461,-59.88036639693252
82226.5625,-90.83970433841881,28.52906106808479,-86.66629288732767,144.8463936168018
82250.9765625,-95.94438069465821,168.161859975899,-89.11716509808782,-3.966254569118524
82275.390625,-94.86292702826722,-79.82920042260729,-94.13081701012945,-132.8188925810219
82299.8046875,-90.89283247967133,69.48718063651739,-89.32618612059255,95.14987236189964
82324.21875,-91.6228921901113,-118.0055986317491,-86.06569565919061,-80.00534085517631
82348.6328125,-91.96331849063395,56.72146804151478,-82.08041950180458,104.4384773085532
82373.046875,-89.53195991875219,-151.5813857639089,-80.20243230155332,-75.43584970898839
82397.4609375,-85.76716022587293,2.680804647267761,-81.87945634479661,91.01158778127176
82421.875,-84.26384442214615,175.0054004987556,-84.72344558853784,-103.047294398958
82446.2890625,-84.51572819326699,-9.835270217282302,-90.96116243167101,83.67150364354892
82470.703125,-85.05530666349658,166.5457555381747,-100.1923958372228,-73.1928949185362
82495.1171875,-89.95091153914372,-1.720248625905896,-91.96996389454014,151.2235667103267
82519.53125,-94.84493761335264,-96.23423969387242,-83.92867033333164,-22.20224934519292
82543.9453125,-90.72203468791102,105.3338118359452,-80.42165794189432,154.3580025811501
82568.359375,-89.52483285090885,-60.54401797979305,-79.79906574720295,-26.06875561304478
82592.7734375,-89.45870739528641,137.1443359402224,-80.74073421591336,150.9183850622774
82617.1875,-91.52370363413759,-25.1354236286765,-81.07197561236705,-38.71191963652284
82641.6015625,-91.07996130777948,177.7251186368391,-82.15950081298351,134.3691747398603
82666.015625,-91.18233197976757,12.88890186977037,-84.54859920811123,-45.83093622287545
82690.4296875,-91.80222390494868,-127.318095518573,-86.81206269671441,156.207061560836
82714.84375,-87.689674747693,75.73866503810478,-88.60825212628217,29.41067227370342
82739.2578125,-85.74799054691518,-108.8456459370265,-85.79241228568078,-104.9101146501401
82763.671875,-86.2969561904317,66.17672714784605,-84.17871471562306,86.96836756766508
82788.0859375,-88.93960992837187,-113.9090185749342,-84.15490010151488,-85.86960815712929
82812.5,-92.54724079260845,37.84734502005231,-85.2604146146015,88.779290340915
82836.9140625,-95.15487231117521,166.4350734963974,-86.50465063799919,-123.8439945506348
82861.328125,-96.65282396862435,-91.72546681906211,-85.50629073000279,25.81279345414349
82885.7421875,-94.10980196622594,96.87103420345987,-84.22787979396946,-175.7966962841899
82910.15625,-96.55282999583237,-38.24772259846456,-83.52379960720583,-10.76396488993139
82934.5703125,-81.073799473904,-70.96986865353003,-84.73416249600422,158.2685983419723
82958.984375,-71.39907689282713,111.2192413992173,-87.45461788337539,-31.85198612452573
82983.3984375,-68.74598541511959,-69.01944523112128,-93.38618943394414,171.5083776729074
83007.8125,-68.08091857281792,111.8491729282636,-93.87240046985083,61.40806254780408
83032.2265625,-68.56655358750787,-68.25603580871967,-91.25334841196732,-97.33807620224208
83056.640625,-73.33045464502904,109.3908729382836,-88.44671295835566,76.53598525082185
83081.0546875,-83.6484780166579,-82.13910365904542,-87.07141382495962,-114.3687203999943
83105.46875,-90.44743960614495,47.31793394316546,-88.73610146310634,48.28843703649937
83129.8828125,-90.16606156605002,-138.9827862215675,-87.53432616673584,-166.2935084496146
83154.296875,-90.12733128802246,90.44192465828381,-84.18020084506098,2.28272413099746
83178.7109375,-87.01139782109027,-50.8204855305944,-84.26396068430606,172.7134680730406
83203.125,-82.7635234821781,154.2613679084323,-86.32138655014745,-23.30286966530526
83227.5390625,-79.40259380293183,-18.89761005015308,-91.56717775696093,145.8191614941938
83251.953125,-79.17414597583927,162.250785029156,-98.89681703152027,177.9921887364745
83276.3671875,-80.27296004661846,-10.87704133349012,-89.33337814371001,-9.381110412732498
83300.78125,-81.58608047293097,-179.7502215836824,-89.15415807562887,172.7217675305805
83325.1953125,-84.80510974050594,19.30265720011871,-91.02576409050599,-8.558066670549627
83349.609375,-85.23940019819631,-118.6397547907377,-92.34538795802679,170.7012748803882
83374.0234375,-82.17793713068235,84.3298576127696,-91.10526519482833,-33.51202586369936
83398.4375,-82.25199142282838,-84.01045908744857,-90.63238667319142,138.3427340619123
83422.8515625,-84.34747451521388,106.9038942033495,-91.6155193569742,-46.18534667404102
83447.265625,-85.82032542899512,-64.34990237338961,-90.8926567765681,118.7952255480195
83471.6796875,-89.9061809940583,122.7190279847627,-99.04946737912665,-40.18579460344213
83496.09375,-99.60749567445431,-78.39856677186674,-96.6855224304835,-58.98952572400857
83520.5078125,-92.30748689421846,48.75439258444479,-92.49074408496847,143.4764387617606
83544.921875,-86.79439411697912,-133.4787922718306,-88.95153906704998,-60.38276850436802
83569.3359375,-84.61754984063782,48.34169319876555,-85.12983900542552,108.0351058205106
83593.75,-84.39193803801062,-119.9032928579607,-84.09663878083906,-79.27277824193615
83618.1640625,-84.89295318231598,82.08439644506153,-83.08295996775216,93.39918024386948
83642.578125,-86.12356233352574,-74.70211817694801,-82.76894813579401,-80.26082016143793
83666.9921875,-90.37712297086892,145.3493651421114,-83.2999791498051,119.5490618350861
83691.40625,-91.10124546406736,29.68626843089266,-83.65654338954275,-47.72560959027449
83715.8203125,-89.62714233393331,-125.3006671619241,-84.14676736072875,133.3386575551206
83740.234375,-90.83009288486008,61.09361432015057,-86.52534470561049,-54.92593481924603
83764.6484375,-95.20788933052685,-142.0677272091518,-89.99113028746089,58.00986816807492
83789.0625,-90.35189435306306,-15.86997668772188,-85.51501565419828,-161.6507744147136
83813.4765625,-87.62163690884873,161.639514478705,-85.79207420535454,10.00412092912151
83837.890625,-90.97528424173615,6.310819225953995,-87.93825286973043,-165.2260939877485
83862.3046875,-91.45230205922908,-119.0916189034139,-90.89466037119311,58.63174610511138
83886.71875,-88.16393021710361,86.86096299781923,-90.71049812156096,-69.42966054396608
83911.1328125,-81.77503571952194,-93.60043117134613,-95.76184622866072,151.9514610959354
83935.546875,-69.9424181098009,69.98801219532695,-97.01319839715261,84.39898432567455
83959.9609375,-62.89635221170049,-114.0612322197947,-87.29821486631013,-71.90601877730737
83984.375,-61.01211297048641,65.1627726729309,-82.33856939195334,103.3607592413751
84008.7890625,-60.97655970905883,-115.6101843153737,-81.48370447362291,-79.53653332687024
84033.203125,-61.93857131509485,63.27007457430899,-82.82690557441765,100.7438233297814
84057.6171875,-66.97157893873234,-119.5859383937444,-83.97578313336034,-86.91858327805407
84082.03125,-76.5933907358538,44.66558564114104,-84.57711268222069,72.69398746364462
84106.4453125,-80.56858207984364,-158.8095345946393,-85.59683680725124,-132.3170525231719
84130.859375,-80.43882183989706,21.60343634185274,-85.6359040452636,30.79792535632861
84155.2734375,-81.91707194349098,-153.3600305602641,-83.84918719730139,-140.2283016991528
84179.6875,-84.19742861760324,31.53610230492702,-83.58657970707256,57.90526302733567
84204.1015625,-86.0132900292612,-149.5244091666649,-84.06211351589874,-94.44376921137621
84228.515625,-88.21489696480893,28.02830424206623,-82.05256119587501,104.2347229527354
84252.9296875,-88.0016781087343,-154.6573188635856,-81.29404290046067,-68.32193617138239
84277.34375,-84.728326995863,13.65147841292027,-81.74697448494973,114.999082512957
84301.7578125,-84.21447043761174,-170.5231520653567,-81.62076767289881,-69.28421028473691
84326.171875,-88.18051718951459,18.03533743867295,-82.54449481913255,106.3730463937173
84350.5859375,-93.79196433060372,-159.6468317872741,-84.06861878156278,-77.05165062127588
84375,-113.081352516461,-70.50182971885566,-83.12108266004829,97.32058724707605
84399.4140625,-88.84726954587718,11.88636171785692,-82.36018520639004,-86.62820857633328
84423.828125,-83.49328349185335,-179.5038439808663,-84.05216804295389,89.29147238728825
84448.2421875,-81.68204008477693,-5.307119670722018,-87.09515201608367,-94.22259731427324
84472.65625,-81.0160745196728,179.4715943992056,-90.63996545949976,96.83162160968355
84497.0703125,-81.58877547002675,-2.198626891535028,-94.92500299618527,-13.72461678440553
84521.484375,-84.22873808951644,166.2050865073971,-90.81851227891626,-171.1170305106128
84545.8984375,-87.48134231810177,-33.4488842639354,-90.26726452476413,-37.13413277070345
84570.3125,-85.60951440419356,120.7121567868718,-88.72163943739517,102.9530080529191
84594.7265625,-82.51849271647062,-65.65536158962487,-87.99208100571043,-110.6409963572957
84619.140625,-82.33840027715178,118.6055390575939,-86.48559674427369,41.09574862539865
84643.5546875,-85.92939653968949,-59.3722613106284,-88.31497140975182,-148.5021990652723
84667.96875,-96.21192486138911,82.99202144217024,-97.40600030124645,44.46445053311984
84692.3828125,-93.38512024668633,166.3415479684833,-99.90228074517476,-39.09036963381969
84716.796875,-88.16900626286632,-23.07716240854569,-92.66326693323867,155.1202638196029
84741.2109375,-85.79393865299389,167.0467968984834,-90.23587781264848,-34.99336731116678
84765.625,-87.31512744638066,1.70466447189581,-90.57070514844096,116.7415408390115
84790.0390625,-90.12192485039711,-164.0000412583603,-88.82321974375175,-72.00927498677055
84814.453125,-90.31184956667614,25.54995700260111,-86.34651490464401,105.4313530344627
84838.8671875,-90.85579363451316,-133.5362454804697,-84.93011674469132,-90.78394266329758
84863.28125,-93.73125570813397,78.83318867066394,-84.47791256887416,77.94994032249195
84887.6953125,-96.84987163336015,-99.16070008051459,-84.11130638720691,-116.0439889630949
84912.109375,-91.76009800323374,73.9210540453317,-83.22021508307807,51.74877851816971
84936.5234375,-79.58346682489011,-65.85554558370039,-83.89387658230517,-133.2478649494214
84960.9375,-71.97686863826929,122.4675207361419,-84.58283882522126,43.49377468543053
84985.3515625,-69.98185658446319,-56.46115563878773,-85.56890058704553,-135.1720376057817
85009.765625,-69.83138541614987,125.5067049237538,-88.45948350681299,39.10642345606178
85034.1796875,-70.56257857804596,-51.63056349936954,-89.92078132634292,-163.3332004644535
85058.59375,-75.77084904407866,129.2629487202332,-92.64000986083012,-35.04819784161959
85083.0078125,-88.5309660065891,-66.09724978054093,-86.56842765270855,73.14984111316632
85107.421875,-92.25284368753677,51.57426426612199,-80.71072376774772,-129.0311564051338
85131.8359375,-88.24742461274008,-135.6297737560197,-77.67390487816787,39.35458739007417
85156.25,-87.62468820714378,41.19563331959691,-77.46158565010327,-150.2601687891679
85180.6640625,-89.67654571909647,-141.0427557225389,-78.13972992626384,20.20064758379109
85205.078125,-95.00017737293115,10.90277819464118,-78.95052528970442,-170.8704078986883
85229.4921875,-98.39199012743093,98.06857965349911,-82.09701531768943,-12.98790609498276
85253.90625,-99.06119493767675,-107.0203370551898,-86.67355018491276,133.7617898931438
85278.3203125,-96.36388340343072,140.151155708748,-91.84128044881062,-67.39584010649573
85302.734375,-88.81900382083587,-4.017318553655313,-92.29644735741572,61.11028490367512
85327.1484375,-83.88684172339322,-172.9868511720405,-87.36624931631076,-132.1000744995625
85351.5625,-81.53538299372127,-3.940009967829264,-87.38569551867512,67.25209195806129
85375.9765625,-80.81196437667933,164.4418605070683,-87.45518932988097,-83.86330142176006
85400.390625,-81.91513651647148,-17.67777537978364,-86.70552183493695,112.328247028948
85424.8046875,-84.69057443491019,168.3215062113003,-88.19896433378317,-51.38792134584425
85449.21875,-87.2001242242649,14.20897031608077,-92.58915452991016,172.2909477793044
85473.6328125,-84.97678970907106,-132.5961969231539,-95.13382081039298,33.26074045515612
85498.046875,-83.77033390653851,70.39641939608454,-98.90612894793351,134.1431480243644
85522.4609375,-85.25197779574148,-83.85090304501325,-87.49442300143451,-79.55046642904523
85546.875,-87.47331030670961,118.4210260136651,-82.03796021837023,89.21140201495547
85571.2890625,-87.08667948189103,-28.74229264691179,-79.14729399252009,-88.2393011225947
85595.703125,-84.45250222379744,169.578205658904,-77.69991555032394,105.5469908808739
85620.1171875,-85.39964920288234,-21.12713654412693,-77.26944570365488,-69.01418869227713
85644.53125,-86.02186799296194,131.8097527090809,-77.89326802350585,110.908755149536
85668.9453125,-84.57570624317462,-58.16570671774517,-78.75858335332059,-67.32103790991425
85693.359375,-84.57041037654555,112.3147633338727,-80.01721035879699,107.0395128147909
85717.7734375,-88.08720427204622,-86.06423911853719,-82.10826704909786,-87.93577470355618
85742.1875,-99.73777644082803,26.86731243214634,-83.70041829612478,77.30678418511533
85766.6015625,-90.35281520775214,132.7564812920405,-83.52856318216551,-113.9907718585222
85791.015625,-85.62949635278667,-26.53535881895952,-82.47952657756569,54.50998032016086
85815.4296875,-83.7255068880641,169.4016490429782,-80.66518813784647,-128.6264122960557
85839.84375,-85.07640343813499,8.341776437279879,-79.47798947886861,54.84811479252131
85864.2578125,-86.46881871571601,-142.960655674203,-80.51245513344352,-118.6683735916277
85888.671875,-90.3385467463567,54.95374192365817,-82.36452084461547,74.35528108494829
85913.0859375,-84.83110876505593,-88.11178425132242,-84.24439784732938,-92.26324856475991
85937.5,-69.98208686185662,87.01049567497419,-85.67571858865153,98.63007847328227
85961.9140625,-63.06742497996662,-95.64502190741653,-85.06355870671823,-73.25957139400485
85986.328125,-61.38360215010432,83.78748874874131,-86.59052275827787,121.091212502222
86010.7421875,-61.19760818425735,-95.8464516039314,-90.27134514771961,-33.62935543101018
86035.15625,-62.31494899655542,85.08549786329289,-92.53028237694042,-175.6430411434378
86059.5703125,-68.13734340208777,-91.78691607423332,-89.07032444625401,42.36491617939763
86083.984375,-79.94660397516868,102.8967977144595,-84.94272770953376,-140.9086380964672
86108.3984375,-87.61643429764482,-54.36339424194782,-81.50420911770249,28.74988932379894
86132.8125,-87.87222227241317,118.4934078790026,-80.01638734674414,-155.3680384963507
86157.2265625,-86.40585846739299,-63.66882785471841,-80.24967813134512,25.95169009132831
86181.640625,-84.81809918112795,120.1633970549795,-81.73375291079336,-142.4012537541995
86206.0546875,-84.8293559056988,-63.81912211655931,-84.59549019294826,55.7250667749561
86230.46875,-86.9511167497848,94.86135561947414,-86.55355223538309,-109.6579246442807
86254.8828125,-86.19633324656675,-127.7024679270668,-84.64825675296828,73.42163854611479
86279.296875,-82.87968980559795,19.49354978595487,-82.3199205313428,-113.7164775614921
86303.7109375,-81.86153674187798,179.9156398909381,-81.1548245398109,56.16852837811776
86328.125,-83.4381870772109,-14.05371702039834,-82.3110486116412,-127.9993136332626
86352.5390625,-84.81124685861374,144.9568068159672,-87.03577112872824,39.48345249215198
86376.953125,-84.89556957332267,-60.08634261138297,-90.10748780432637,169.4169236600989
86401.3671875,-84.59197727371388,103.0720205813301,-87.2835523162634,-49.75667132177173
86425.78125,-83.58365927684,-80.71823023726378,-87.79811348314379,108.3268939140045
86450.1953125,-82.39058938149172,101.2774031698371,-93.84663704817777,-151.43365690568
86474.609375,-81.8978913500281,-73.15593266847897,-86.55207399307659,-16.82070451718636
86499.0234375,-82.08203860762134,117.4034853934301,-84.71097088526531,162.2124876399739
86523.4375,-83.63225729811644,-50.50291169833424,-84.5148847826603,-17.70154597927423
86547.8515625,-87.97201215127583,147.4912691830578,-88.96111132341076,173.5890094852225
86572.265625,-91.28301364386718,15.45366609678927,-95.14732167772864,125.9901237950174
86596.6796875,-89.16392344247483,-116.7260046090131,-85.78562571922119,-17.41993695102019
86621.09375,-87.24509101340054,94.87655447707867,-83.13618643352635,171.8038310980156
86645.5078125,-88.29663906219379,-79.79945002702549,-83.65100930095012,-8.162360912707529
86669.921875,-94.0187607085939,118.4932625509106,-88.71966889808999,168.9785278426522
86694.3359375,-91.2837420036312,13.93274303716557,-101.8465290627993,-76.3718375757613
86718.75,-89.52003564231512,-139.7306236112575,-92.79716319699708,31.99138305616562
86743.1640625,-91.81002942922801,69.8200343492182,-91.5596291491122,-169.3727794755444
86767.578125,-93.8749567797735,-81.54702489536872,-92.54341365215156,13.79715585618635
86791.9921875,-97.03994333121882,131.2707624492099,-90.05335180321859,-85.22658724583697
86816.40625,-97.31713472953609,52.48472611348208,-82.73805650859558,126.9689485492642
86840.8203125,-92.05817486704831,-80.26417022323206,-80.22061654016262,-44.4108899891541
86865.234375,-89.94963350340737,144.8448475750111,-79.98084166860249,139.4779790058218
86889.6484375,-87.30632966262938,-21.20295068302419,-81.70523731909989,-33.7935579822102
86914.0625,-84.90560243594805,150.5408255154501,-89.40058766122596,-178.2996493769288
86938.4765625,-77.168129962366,-34.99010613801829,-87.26402134145543,114.2143109286839
86962.890625,-71.67867365548859,143.8136711030859,-84.12179220155629,-38.09796923296691
86987.3046875,-70.61813255684085,-37.02753457031569,-84.43556692389579,163.2152874231414
87011.71875,-70.99831049880032,142.1431777271441,-84.87589709462094,10.48963336680547
87036.1328125,-72.75419261973786,-38.04323208009915,-85.04948880532223,-141.2646602749795
87060.546875,-81.19404672860618,139.2812776485813,-87.62623231430267,50.58571156202418
87084.9609375,-90.91338144694588,177.3195823391223,-101.1913377995076,-126.3488589987779
87109.375,-86.55485388640449,-2.934161052513379,-94.08013564749068,-124.937614308769
87133.7890625,-90.74649574845219,-170.378305421409,-88.88616703057473,53.39265119242317
87158.203125,-119.1116837401653,70.04787714560619,-90.30678915455297,-134.9376034492955
87182.6171875,-90.72341767869818,5.475820380186329,-105.1511268793788,-164.4876607520065
87207.03125,-86.37675697977565,-175.5376835553466,-89.18912668129391,32.82250959265042
87231.4453125,-86.89796412774008,5.939960793631925,-88.64713531912862,-133.4160296645072
87255.859375,-91.59391281905931,-177.5093908933614,-88.23758818442572,61.0790662222342
87280.2734375,-94.53535614099643,-75.30776728867167,-88.89985255847367,-111.3429264026847
87304.6875,-85.04353268857939,69.77430886717914,-87.92047361302942,104.9535149807351
87329.1015625,-81.88468786326744,-121.0456634487251,-82.86182779354777,-60.89315844094214
87353.515625,-82.41611079042798,46.80857293174177,-81.62128951090924,116.030682741831
87377.9296875,-83.3736010551597,-150.2024437537671,-81.9131080719724,-61.75367492764786
87402.34375,-84.80916855395478,5.011400646040012,-80.97760896581242,129.2360364657522
87426.7578125,-87.95042622062428,144.4725708775364,-80.92645035508595,-38.78827921340453
87451.171875,-89.95065125170973,-91.10537961289647,-81.82483389551379,152.7285995724428
87475.5859375,-87.70619450752503,55.05024668589616,-81.90265196695978,-25.38511319754008
87500,-84.59077065990407,-131.8658062317942,-81.86771180355319,147.0898001514292
87524.4140625,-82.80396092028413,53.30994349548688,-83.22914462528239,-42.52090185616971
87548.828125,-83.46069612595522,-116.2774881290951,-86.5636817014758,131.6624858758479
87573.2421875,-86.90443308766653,69.90031766892426,-89.17136188372949,-49.67994445862566
87597.65625,-95.87017119181306,-125.3330863970616,-88.91610959208398,143.0967335544687
87622.0703125,-96.04499100627842,-79.06345318543586,-88.37965035021483,2.750995330208034
87646.484375,-89.27138796636433,85.65513743859536,-86.59184817120305,-153.1039854148422
87670.8984375,-86.89389592396365,-91.02975118018834,-85.75247703625897,22.3002953671467
87695.3125,-86.30913086897594,88.61115355984352,-84.21404728142178,-146.3927601870643
87719.7265625,-86.56040457895915,-93.06466786890799,-82.53001092072502,45.61533187339084
87744.140625,-85.55700999740104,99.49916321357392,-83.05832352555834,-145.3528984214437
87768.5546875,-83.60312223703104,-74.48052174185666,-84.57376531079532,32.03503627195395
87792.96875,-81.72295203366131,102.3367777633568,-83.87089961356922,-129.3557391144108
87817.3828125,-80.59102928640854,-77.47502053031249,-83.54297153615553,56.25060420157936
87841.796875,-80.86010030900465,102.5679575918149,-86.37838817863425,-100.1134895103394
87866.2109375,-81.94658245441937,-86.2161395959025,-84.58922404483795,97.12706892045769
87890.625,-83.60627050755053,78.90211662630907,-83.77527790206157,-99.77548140782072
87915.0390625,-79.50244452083159,-96.12215093656353,-85.28929188372572,70.18144509532155
87939.453125,-68.47214696225281,91.69520747975521,-84.75660602570535,-114.594787932529
87963.8671875,-62.6332160591084,-87.26373192991581,-83.4345444605342,55.19326536040175
87988.28125,-61.42890971722912,93.37702489173971,-84.67387021332257,-128.7663394827665
88012.6953125,-61.57570748040654,-86.16106268789956,-90.38543141816844,48.64025015260527
88037.109375,-63.24901613903591,93.67595254034622,-97.888322270912,174.1502882646964
88061.5234375,-69.93902366491636,-86.53605168940157,-91.20235023398484,-27.3437079960486
88085.9375,-83.6934610648529,91.7672380103742,-87.00469563995969,156.4210375753117
88110.3515625,-92.11329831809508,-96.4879593441993,-86.53162935313604,-23.51433719819296
88134.765625,-86.4671858586953,101.7620399213553,-88.00536041668488,146.380390036407
88159.1796875,-82.62734367774785,-64.61375764663855,-88.43533955965233,-48.07731634764898
88183.59375,-81.6594043368211,127.2713187385135,-87.54450178719259,118.5654449645215
88208.0078125,-81.51815346508099,-43.39464305998865,-86.73342651392397,-68.51266163479046
88232.421875,-82.16556101889915,136.0050868750803,-87.37888216241845,112.527989691597
88256.8359375,-84.47148750182647,-59.23379997138122,-88.92175797537374,-63.78938068271841
88281.25,-86.27208886474722,81.95258288337816,-94.76249621642063,122.6661597713138
88305.6640625,-83.82325808383467,-119.7834196083377,-106.252303841021,86.56179149852015
88330.078125,-82.18673291869692,52.29564258172308,-91.59279801093862,-94.53614752054615
88354.4921875,-82.46595626332159,-140.7913152610647,-87.52263569251951,81.83972127141936
88378.90625,-83.78609297867405,31.06486674404934,-89.30231115489151,-89.11633821109314
88403.3203125,-84.36896121950382,-155.0559130924744,-89.75384635187025,112.6494699041517
88427.734375,-85.04047968760551,12.82262642680022,-87.97948122155553,-65.62740012306938
88452.1484375,-85.73438892111221,-173.257853859227,-88.69682016224951,92.63242839007854
88476.5625,-84.72295702484067,16.36655217202191,-86.89085507460106,-111.2797271132749
88500.9765625,-85.20519306882925,-147.391953394253,-86.65387526517613,51.94775781358245
88525.390625,-87.88378458475178,58.35855169789389,-87.78735741720345,-172.9779065998405
88549.8046875,-89.26390530487453,-97.17249239974694,-86.40825827209652,-32.74833848338794
88574.21875,-89.43324602051675,112.5435978339826,-86.94142737358534,114.3860100400376
88598.6328125,-89.24847846521797,-27.76322772143674,-89.80516557937597,-86.28311084548409
88623.046875,-89.66757023357447,-166.7444387807502,-97.35814497707347,84.11661304922701
88647.4609375,-91.27414434712023,23.80713455928754,-95.88284472602385,-137.6352113578541
88671.875,-93.73730620353426,-179.2367781020961,-93.38603849705396,45.06066113717392
88696.2890625,-95.2344257305445,-21.11874608261702,-93.35708686163586,-95.06692191547559
88720.703125,-91.8442505128877,100.9689473456763,-88.73195033981435,114.5167183453233
88745.1171875,-87.54968590508453,-91.41390907470785,-88.26409293923348,-66.97731477604962
88769.53125,-89.25096705735123,97.13823590677811,-93.18075372027184,76.63757959297726
88793.9453125,-91.82459636337595,-73.43305590913164,-94.36230222669388,-153.7907122924631
88818.359375,-90.84239866837623,119.2884711584645,-89.97158806189084,14.56999743336798
88842.7734375,-89.77695210947579,-39.80890053868357,-85.34564359768555,-165.2612964621695
88867.1875,-89.13817556605059,158.6554140102728,-84.53403417186928,26.29248776480609
88891.6015625,-87.73026541240259,-22.21430509131529,-84.04803971121785,-133.2787223924348
88916.015625,-84.92451715134735,149.5050593165699,-82.80932293359388,57.16004394566363
88940.4296875,-77.71481372363047,-32.76081087317107,-84.10941583561134,-113.1540613124974
88964.84375,-72.50316857226282,144.7319224274974,-88.03432447785514,78.12101027287336
88989.2578125,-71.13326619018939,-39.42538135465244,-93.95688042364384,-92.79460710760688
89013.671875,-70.8437620531071,137.3947228573839,-96.44723028209606,164.6026964017729
89038.0859375,-71.71938721918313,-45.49299804987172,-95.54981488859868,-1.965281996313791
89062.5,-76.73016939524986,122.2930374733168,-100.9266421730383,166.3548316860012
89086.9140625,-83.806504799641,-99.58121280008326,-93.10248093222671,20.17628771840836
89111.328125,-86.35665179127346,52.47781992110904,-90.68326096491288,-141.680496581699
89135.7421875,-89.96462462674437,-136.2987235027791,-89.93181533831341,58.37284169251996
89160.15625,-95.68659357039623,19.22440758508096,-86.68949253105811,-126.4186469975905
89184.5703125,-109.1571363005642,129.2283790822624,-85.84608232865035,44.48576904634564
89208.984375,-102.4963550217419,-102.4354618406336,-85.34194197430183,-146.6791730185116
89233.3984375,-97.26981674185996,121.9413123805116,-84.02667716925286,31.80311711425475
89257.8125,-100.3141125648209,-27.1829876788992,-83.79339706141712,-140.9605622377393
89282.2265625,-97.79084715288806,-141.672886244684,-83.73605174027358,38.9133810769582
89306.640625,-91.4165478802438,52.95619937393205,-85.20949079865315,-144.9333003087594
89331.0546875,-89.08103752614394,-123.7974990770083,-91.65518097710475,31.30452032077951
89355.46875,-88.13964747895085,30.78825498732763,-95.79643561077035,123.7485894005653
89379.8828125,-85.41980326279943,-168.278460415302,-90.70949457179802,-94.19691293126563
89404.296875,-85.97309360802254,14.88257929707941,-87.15021454576087,57.72490967675384
89428.7109375,-91.68688147153588,-146.72758109924,-86.65963406819303,-127.1150504045863
89453.125,-96.20922747465302,100.0946746639031,-89.67721777714357,29.09530104600967
89477.5390625,-91.08250287697359,-50.96678159893294,-90.08191966294852,-166.4281517980973
89501.953125,-88.50367007675828,150.5397668019721,-96.11403897844924,75.48731414484874
89526.3671875,-88.24412277064069,-4.614734713741505,-89.75238181085606,-35.55643370897897
89550.78125,-89.35239930156605,-167.8888813279404,-85.90116877845075,157.9854818466176
89575.1953125,-91.5108598082785,13.21247438759445,-82.67667612065416,-11.22592019261073
89599.609375,-96.84845727701625,155.0652165288439,-82.03232304959704,174.335269193643
89624.0234375,-91.95395368171469,-106.5927868810185,-85.15052982338301,8.336076552211484
89648.4375,-86.33768532070435,57.34302339544456,-89.06507841694633,-126.4001672735546
89672.8515625,-86.22162048105558,-120.8429775847745,-91.25369671969548,94.7939987756485
89697.265625,-91.63418690491532,79.13837938019404,-93.25113556931819,-48.36547366980271
89721.6796875,-93.20552741572973,-16.91063142680144,-92.33799710131598,160.768616295791
89746.09375,-87.63351174121588,-159.5711524778987,-92.92169004182851,19.55367880065456
89770.5078125,-86.93306494293483,31.87055460080016,-92.13820984883506,-101.6755611387395
89794.921875,-89.91138889392556,-170.2955273879338,-90.2697579089059,101.0641203213213
89819.3359375,-90.11993934122202,-37.2321661032516,-97.28791937462496,-98.3195977900521
89843.75,-89.77891091383353,122.2744678689984,-93.27533898559361,-67.4387047532925
89868.1640625,-90.69756948457793,-69.85828619593546,-86.62995190572161,112.1815620907869
89892.578125,-89.81064375450238,81.14596038672038,-83.79610072589929,-49.68509144529464
89916.9921875,-80.75376182723704,-88.04829741035354,-82.08281476525137,140.5121683369794
89941.40625,-68.55564249165276,104.3079706950335,-82.82302378270097,-31.75293369806203
89965.8203125,-62.71966816538245,-73.78600050985635,-84.08295769357899,163.1780144521569
89990.234375,-61.52550928301594,106.8694672585601,-83.44127625223452,-6.406496002621927
90014.6484375,-61.5721295452559,-72.69697656830111,-83.84825192057741,176.4884911087054
90039.0625,-63.35841780842217,107.0284741791143,-85.18911358818868,-10.62717179931512
90063.4765625,-70.50516823192987,-74.76883490360716,-84.6444595114296,157.0244039611793
90087.890625,-84.98258494673613,97.27131271820153,-84.71157830213355,-27.84681767967956
90112.3046875,-92.92969244785007,-46.92831515257978,-86.08799374174735,152.070076940227
90136.71875,-87.33504061101975,169.2489581257266,-88.33762307162411,-3.718951670571056
90161.1328125,-83.80882517108915,-2.768324628418962,-85.52970720598275,-122.3721218609568
90185.546875,-82.62271777386542,-176.8313312312197,-81.14775143448959,76.37447887811322
90209.9609375,-84.60614712526421,20.40154421471052,-80.01854918750445,-99.59337381706185
90234.375,-88.07609769229902,-141.1685637200201,-80.14511947126009,75.9919940815856
90258.7890625,-96.82845632715475,22.82308738272393,-81.06899890888312,-125.1363227003651
90283.203125,-90.180918006038,62.50201119179614,-82.49306355116141,30.32000164539674
90307.6171875,-83.28904149182267,-115.3911169495271,-86.36725224221877,-170.6711034924926
90332.03125,-80.69468041951384,72.20499059118457,-89.51190114781244,-25.82910881887013
90356.4453125,-79.85823117361464,-107.3078907039821,-92.97606459851229,144.8703500711663
90380.859375,-81.29402814962843,74.14924319791928,-95.33867167139101,78.03019256495085
90405.2734375,-85.11605507696433,-96.41782991679293,-86.73497586046938,-98.08438434592129
90429.6875,-91.08898923679402,114.0633816771829,-84.8407658133311,74.6998774823016
90454.1015625,-91.66959210696359,-6.031579527302021,-87.20669393389593,-105.9086412336106
90478.515625,-90.16864592454651,-166.5634384011863,-105.0004819288442,11.75051585154073
90502.9296875,-90.16760291966537,25.3831707613557,-88.7207761183428,101.1546563699379
90527.34375,-88.17599892121618,-157.9377150690534,-86.73287768778822,-67.46974350051289
90551.7578125,-86.07448484638461,12.05613367905885,-88.38257229700291,120.1956792263753
90576.171875,-86.13828699438534,-164.6625388795135,-90.86603471383572,-45.10904640290483
90600.5859375,-86.63626594108094,34.80667290414795,-91.3180540736177,150.2100669445763
90625,-86.39678506151705,-118.800194861862,-89.51753896185635,-41.85676835121077
90649.4140625,-88.19427575374527,90.8321697169733,-85.47312367182214,134.5322445365335
90673.828125,-89.44867325181477,-60.8956237791325,-84.69003723104818,-48.72797499619587
90698.2421875,-94.62298959551818,144.4500499887569,-85.84863866277324,112.4173389472131
90722.65625,-90.47620367953729,80.31689610568148,-85.68922596515631,-85.69751922271307
90747.0703125,-85.09896397612685,-83.36033786008377,-85.62134582108662,80.50080200716459
90771.484375,-83.81256107984595,104.1354714700163,-86.04107249367152,-117.1166596559037
90795.8984375,-84.67146196588585,-73.96326049422707,-89.21888749924867,39.15394394003624
90820.3125,-88.91422810150567,112.8278680179394,-95.96362177344831,144.8785342622802
90844.7265625,-93.57323315550899,-23.387769391288,-88.10162600723393,-90.27400780728455
90869.140625,-93.02344080764712,-132.0720139978668,-84.47438138744027,81.09950423332687
90893.5546875,-89.91522759546967,91.21786721389995,-82.94543911683823,-116.9628122130759
90917.96875,-90.64854469207549,-112.434907102445,-81.87083865818653,47.89545810551298
90942.3828125,-81.03927405776972,-3.454016413764686,-83.18503647963055,-142.4671597827611
90966.796875,-74.57845658873282,167.0759047654318,-85.95341606412291,37.72922100580975
90991.2109375,-72.81480421384883,-12.87747581209637,-87.68141651285845,-128.8865611425896
91015.625,-72.13909630903299,167.0539616404101,-92.98938837742125,37.98249271569689
91040.0390625,-73.19808208092812,-12.24941686998144,-97.26689292989931,139.0177267301174
91064.453125,-78.31509062761764,165.5933131978585,-93.31644353291027,-44.09935868686116
91088.8671875,-85.34854283306206,-47.05291979183644,-89.69460821909365,138.4040045348374
91113.28125,-86.10024318331159,100.7277024361722,-89.24925286987779,-60.79902611716464
91137.6953125,-86.51229079402179,-80.13806556524254,-91.35502876285614,86.6508337493584
91162.109375,-89.5431419279428,109.625158914192,-90.07778218877266,-117.4843330613495
91186.5234375,-95.15295575814916,-54.00508416686373,-87.06005135459185,66.01145886506971
91210.9375,-92.36909454751515,100.4343945373365,-85.54853302829929,-119.8121358559744
91235.3515625,-86.88986257431679,-100.7678811754971,-85.22786139103826,51.83851227757515
91259.765625,-82.82361887399563,67.51664340194556,-88.07671325743638,-136.0605113923795
91284.1796875,-80.41170988668775,-117.8296412163842,-91.48116649861066,-16.02255343014087
91308.59375,-81.16991368486248,62.52316319868486,-88.10989956263853,118.7368174274913
91333.0078125,-84.23328109016593,-117.3727668894826,-86.36007551885777,-105.4976706558585
91357.421875,-86.95978092732523,49.52367716029875,-82.03417892254646,48.87420399861998
91381.8359375,-89.9156389586406,-143.1597058410632,-80.73192044953495,-141.1143821107345
91406.25,-103.8135107985772,34.84081142216082,-82.36710901828191,23.94085937042145
91430.6640625,-94.3975597828217,20.4520834938187,-84.76532502906785,-166.8011263666983
91455.078125,-87.68820068927498,-155.7595165575385,-87.64861595230867,21.04379505699886
91479.4921875,-85.18559827604129,28.17334992379511,-90.49959718493278,-133.4011113917905
91503.90625,-88.04316694957626,-136.5256862858381,-88.05330933238827,76.09082551716034
91528.3203125,-88.54820934777356,101.3902062702957,-82.95428167198919,-104.4681526065015
91552.734375,-84.79185363069627,-58.14411964655775,-80.44669743152124,72.66193893267427
91577.1484375,-85.01495836026592,130.6485430549361,-81.04022133919239,-101.444531582114
91601.5625,-89.81084075979466,-47.2375054730802,-81.95493073013026,88.96047613096476
91625.9765625,-99.18924845958088,32.3880833424865,-83.57026183264574,-85.76494022983815
91650.390625,-86.7129784381563,155.9761868183002,-87.91914446321951,117.2704814374289
91674.8046875,-82.22135130786377,-27.6954187216733,-87.8746526314242,-25.22673009150462
91699.21875,-82.43815324699226,162.6353326295595,-88.34211483148221,151.2884068359575
91723.6328125,-86.6954396854984,7.638837777386698,-87.25820736378697,-42.60315739221771
91748.046875,-90.67732693953731,-117.291324102146,-83.09965946357933,140.3412058824872
91772.4609375,-88.63573910880164,111.1136582788971,-80.59638121415118,-37.14821627281355
91796.875,-87.10497337216225,-54.04283718993102,-79.98543514027786,146.2196483225363
91821.2890625,-91.75567353668825,115.419026468221,-80.66362546533462,-19.71898363790012
91845.703125,-95.68941393058728,-163.0860997607859,-82.00600808699122,179.9447386788489
91870.1171875,-90.0002016210633,-1.126517494693011,-84.85195535529127,14.62009494831512
91894.53125,-88.74177572166802,168.1115166380458,-89.92314498856082,-145.1691073211348
91918.9453125,-78.67347366968495,-50.06568024965851,-102.9935517687453,127.5278025727703
91943.359375,-67.35968396535608,123.5152071769654,-87.7543157475981,7.66179177049406
91967.7734375,-62.35298858179524,-57.62696295521183,-81.88574300571594,169.1487173290595
91992.1875,-61.49859036384168,121.4226447238621,-78.95700535318292,-20.47494870576605
92016.6015625,-61.6196754362894,-58.61243825184362,-78.523192495537,151.5314774964133
92041.015625,-63.72188121295198,121.45658809475,-79.55703678409878,-45.9385321900098
92065.4296875,-71.47749948290138,-59.99529549063074,-82.56131456124822,116.2068371394754
92089.84375,-87.47383419124679,119.0188566381835,-91.20019681524968,-93.9640203331397
92114.2578125,-95.89707185622564,-19.30752880033933,-93.12824639746319,-11.7326824872768
92138.671875,-92.75415770180473,179.3415960003995,-93.59601918993954,131.2606145234043
92163.0859375,-89.57617323931683,12.6042787778135,-97.18219647733426,-65.73448424882183
92187.5,-87.5711234599039,-143.1601828724777,-98.45769787611493,-145.2330675164566
92211.9140625,-86.000482060156,79.57559435897774,-92.66116874479422,80.82640138408125
92236.328125,-84.4488140207954,-75.44533413162472,-92.07744958991356,-92.64234772374017
92260.7421875,-86.06679041229862,114.180363106669,-91.59342979312278,64.37773701050409
92285.15625,-92.74672162400572,-48.85486376757385,-94.93424148712486,-132.8412305872704
92309.5703125,-92.45349339593605,-70.92593158199922,-99.7167672009308,35.80686192343148
92333.984375,-83.18094343893962,124.815051257031,-95.05295929052429,-139.9692062896831
92358.3984375,-81.52588478015588,-49.3735742132363,-97.12156356596537,35.15353805323932
92382.8125,-83.21377404078775,136.0198503206793,-102.9363708323368,-137.5996792414586
92407.2265625,-85.54955713782098,-26.3188940752509,-94.46175291856683,50.67960518275528
92431.640625,-87.33636024604107,-175.5283469721161,-91.41401557709477,-135.8025479987345
92456.0546875,-88.88230526375565,35.03085078747502,-90.00514739545507,37.46276358630966
92480.46875,-89.1609047272249,-137.5329753561249,-87.27771969551696,-136.467876322573
92504.8828125,-89.17482258517924,58.31878672559714,-86.90064371735542,51.46005807082571
92529.296875,-87.56133168195046,-103.4564051348159,-88.80134129984214,-133.5983955767147
92553.7109375,-87.09523856726106,70.9177650153575,-92.60342524379715,33.39979707317488
92578.125,-88.31465575365698,-110.8550100968649,-105.8594493241432,129.8918439511518
92602.5390625,-91.79286060694595,84.43765960127895,-90.5867647505622,-110.1011009472223
92626.953125,-93.53959961919551,-57.91741805401173,-85.46179439897463,75.02657580260643
92651.3671875,-91.60831436528505,154.6992084148079,-84.8783307920923,-92.34118318502451
92675.78125,-88.96410021223629,-15.23854519061753,-86.86966382183769,115.4269823468409
92700.1953125,-89.32885756991647,158.2544048808828,-87.72408285462717,-39.53987726609886
92724.609375,-95.22133594656259,18.52457713443883,-89.85674659140949,148.0245377577176
92749.0234375,-89.45807907052671,-95.07691274968531,-100.7888945115985,20.21303549215912
92773.4375,-86.51236170814758,99.59598299264873,-91.66391467281716,-53.77740565504981
92797.8515625,-85.67213718678096,-83.3130578733157,-88.04976643781023,136.8676850326096
92822.265625,-87.57236752120755,84.89700850676655,-85.69676189374606,-56.2264806164079
92846.6796875,-96.71399593445337,-117.567392528737,-84.60413816219402,112.0166703036929
92871.09375,-96.9451636318386,-40.5793601630668,-87.2727027477179,-78.33826489737085
92895.5078125,-94.55186365975322,124.5996650837248,-88.24994441947803,76.64783107228246
92919.921875,-95.47644608870394,-159.1807843144173,-85.8001549486646,-114.2951327117345
92944.3359375,-80.05036548736967,-18.39413126615618,-85.11848509893731,63.0620394581397
92968.75,-74.37515481860845,159.8648747513269,-84.17692549811375,-107.2645502967384
92993.1640625,-73.14261078657763,-16.60088556581121,-83.026286743707,85.71149791890166
93017.578125,-72.68357720059879,167.228394323159,-84.02307747332796,-98.71243459368112
93041.9921875,-73.70684554376859,-9.945802780997935,-85.43122970607591,55.55684119813999
93066.40625,-78.06074967382764,173.1194492568986,-85.40552535629688,-151.4632813414878
93090.8203125,-83.38469862806591,-17.95969880874518,-85.46698502978474,14.14988338642892
93115.234375,-83.92116614948948,131.2287474456428,-87.29417864174457,-165.9450119505969
93139.6484375,-82.99179148810319,-62.76602659972863,-93.3164212369677,68.18118016292961
93164.0625,-84.78535937872869,109.7932465839482,-85.86095391221335,-43.94129927040334
93188.4765625,-88.05803815570142,-81.47616102821573,-82.76824622891006,141.8614642893808
93212.890625,-90.22177200112536,87.40355906376945,-83.26875938265253,-34.12393935995737
93237.3046875,-91.51184165003289,-101.247086050627,-85.62080761812992,164.2176584996331
93261.71875,-90.59542429039114,83.29094286689018,-87.70831689743804,9.516635708500965
93286.1328125,-89.31944153926274,-95.87919245745238,-89.41039927617183,-138.8937183955569
93310.546875,-91.47148438080811,91.99394851257479,-89.3060570069317,69.89337127441047
93334.9609375,-92.91612369745485,-85.09826779829535,-90.86329206404071,-115.7143953974225
93359.375,-90.52728204782484,60.77386211278061,-95.33229258814063,39.58222938842049
93383.7890625,-89.79139540199546,-125.4453528333262,-98.17637302264112,-179.247689175999
93408.203125,-90.86824775097504,77.66491200572182,-93.50438944677565,-5.561456592730637
93432.6171875,-94.46082293518987,-82.68026327184069,-90.96223849453837,-159.7784015997747
93457.03125,-96.28946993202483,-137.2795387121909,-88.01491865219717,63.68426306711059
93481.4453125,-86.5369849790484,62.19918833127798,-84.4467451452836,-93.87884437971924
93505.859375,-82.87158193427722,-114.0908837905391,-82.65048813482423,92.52083895096231
93530.2734375,-81.60594420084362,60.04137288152537,-82.33087955375281,-80.69936428518164
93554.6875,-82.04893552975702,-136.4776032351972,-83.64643987255023,107.4401059538201
93579.1015625,-82.65338686385402,23.07414526835447,-86.24136244522825,-60.61464215626184
93603.515625,-83.68769406439515,-178.3253299257044,-87.16225639109106,143.5965729826554
93627.9296875,-86.05701430552995,-22.78399608800782,-87.77102556761186,-15.30087229736804
93652.34375,-91.08683163573909,130.6997001633532,-90.41857702843608,-176.1704502956108
93676.7578125,-98.31752082114612,-113.3597344538432,-95.96196546256778,29.97564992804518
93701.171875,-94.01175412825125,-5.945297545655767,-96.53246497885613,-55.89491246894289
93725.5859375,-89.94243754511456,150.0225277243142,-95.51177958020359,158.9987412864049
93750,-90.22445425140886,-28.81295009725131,-101.8388817585143,62.80496190374569
93774.4140625,-91.24194105844794,177.5855998541132,-98.50777478753182,-78.1251202364672
93798.828125,-95.26443029218832,44.82490658820759,-92.26428053333088,125.3737785041842
93823.2421875,-89.47494944258904,-49.10491560033769,-87.58326805327138,-39.15478570928337
93847.65625,-86.30163067488527,140.3943593522824,-86.78469832674742,149.4956421941133
93872.0703125,-85.90667893436603,-36.25180911088115,-85.69638293548144,-32.78677612351909
93896.484375,-84.14053365266267,148.9356416372612,-85.63241497382103,145.2902358376576
93920.8984375,-76.84976863616097,-39.03957769698252,-89.03607119729216,-34.7880145632836
93945.3125,-67.05908445042377,136.9408029573531,-102.4999552485576,56.05108945928799
93969.7265625,-62.41346107474672,-43.25681503113289,-89.36979798951606,146.431420698465
93994.140625,-61.52965196764256,136.655555795151,-86.78467874986904,-64.06946742207568
94018.5546875,-61.48782920350729,-43.77147499896797,-87.62703812232593,95.40287230115608
94042.96875,-63.6791318222818,135.4160845013217,-88.74096174742023,-104.1531483030281
94067.3828125,-70.9591458789054,-46.09476910981603,-90.757731598238,62.69123678795546
94091.796875,-82.23370708285019,138.736673595383,-102.113533527381,-15.25720782369388
94116.2109375,-88.66141014441084,-0.3348778182641886,-87.30917833594114,179.4884881877842
94140.625,-86.0400186536516,-156.0535545747414,-83.52619372279517,-18.58758748274404
94165.0390625,-82.91414901570484,19.60762298139138,-83.38576260231255,157.4972829239559
94189.453125,-83.28000186434507,-154.8807277519952,-85.11503111114516,-27.74612928280638
94213.8671875,-90.55845433223078,36.78467648540389,-87.11101823691693,128.5177989071506
94238.28125,-98.55572169955173,40.46101378016043,-91.10905135075397,-64.94713468268115
94262.6953125,-89.46524122063096,-126.0454695332832,-102.0738126972107,-149.3808541792316
94287.109375,-85.77421529910607,62.66749648478367,-91.88114387854539,57.20148587314284
94311.5234375,-85.85809764820054,-96.9494429681037,-85.59238502079461,-133.0837405967002
94335.9375,-86.60842591244106,129.3423398334393,-81.49412698668625,47.30871014047514
94360.3515625,-87.12182082322818,-20.87969719041293,-80.53426865206052,-134.7892856849827
94384.765625,-89.65790511406502,-157.9607923572869,-81.50205261908422,48.7013846089272
94409.1796875,-88.05234543146717,58.52441159780446,-83.85743778449674,-111.3376906594329
94433.59375,-88.20901658985115,-101.3419764506918,-85.31037018793191,102.3571821791308
94458.0078125,-88.3068292152627,97.99335162506661,-84.88428011559503,-56.82470667406576
94482.421875,-90.04348054956981,-64.29199018045077,-86.22712275976475,120.1838636107056
94506.8359375,-90.33322964931521,145.0755149214287,-88.32036731884385,-87.91824294480209
94531.25,-88.97797735957883,-34.9508685491937,-88.94776883797439,56.17991300352406
94555.6640625,-92.78347048275728,138.2024478202722,-88.71386395038672,-160.3145752691267
94580.078125,-100.0985285523022,-13.7876912090265,-89.56849700220515,-13.78593561105497
94604.4921875,-95.65271322201511,-152.1255645743296,-91.88793304379472,110.8731538860162
94628.90625,-90.07398580855396,56.15003981954829,-91.53898296448283,-111.722127096774
94653.3203125,-86.72235423078448,-109.3204946670255,-91.18955401716127,41.24897181251057
94677.734375,-87.61189372332743,81.17425255264001,-86.90364379834466,-160.9273426396321
94702.1484375,-89.66935093728816,-42.91832774476448,-85.13269472343558,4.710211285559613
94726.5625,-85.07102063640224,165.5506310675506,-85.55388375441689,173.3896619663278
94750.9765625,-84.30694523000292,-18.09365743189346,-85.31750419763753,0.3642704937434863
94775.390625,-85.46242719299586,158.9339750911658,-88.81581013128726,-169.4609373268329
94799.8046875,-86.77625710626731,-35.77088638053741,-97.15467698049122,154.8756379060032
94824.21875,-85.71712428744149,129.2176380872002,-86.37828223619789,-8.125958513277642
94848.6328125,-85.96528494629456,-43.02057557655517,-85.02005914462939,-174.7801012279747
94873.046875,-87.96776009970566,142.4120302420128,-85.48927087427859,30.29426835645882
94897.4609375,-90.95816154692184,-54.64429964976935,-87.29171839088571,-100.9734702188118
94921.875,-90.31665867848339,127.922243130342,-84.84868164972687,129.8726648040019
94946.2890625,-80.42735495824834,-28.34945166138557,-83.75860344095024,-26.29547981767092
94970.703125,-75.01025112439459,157.0240837470251,-85.21652358645106,158.9446990937437
94995.1171875,-73.8246867510195,-18.22016688054295,-89.11230012753252,-56.87883049949676
95019.53125,-73.85133765249731,165.1537445311211,-90.43225964190813,77.35656768501539
95043.9453125,-76.25026851229006,-15.2100364087659,-91.71924784791791,-120.2376811143981
95068.359375,-83.4139250387888,163.9863751800506,-89.70954165694202,55.57717715331434
95092.7734375,-92.57228495630132,-39.55322843898912,-95.21438279376588,-120.8634994702336
95117.1875,-90.71061119668813,116.4411909336133,-99.43077563073726,176.9081811089168
95141.6015625,-90.93957952368734,-47.82905835600751,-93.37366753085783,-48.82564338497014
95166.015625,-95.7025446449239,140.2049895807094,-89.0170642268908,118.4441278494191
95190.4296875,-98.37818801474972,-27.12564785566915,-85.06139448017964,-50.4026701934673
95214.84375,-93.73236837970099,168.6773909425994,-81.02590982978155,130.6145117365279
95239.2578125,-90.05953533703179,-36.55614600894587,-79.43972525150916,-51.09196369600804
95263.671875,-86.4472775764135,130.3460242005033,-79.87672489039366,120.9219159724131
95288.0859375,-87.41551190486982,-50.832978569905,-81.31598127761632,-74.48277377564554
95312.5,-94.90183646419001,120.1478713231552,-83.88406535592117,84.84778808841729
95336.9140625,-105.3115201341356,-151.8356044338607,-85.81798355599631,-113.6347740928965
95361.328125,-98.04389246379762,-17.45033864865277,-89.44602899388747,73.21920100781331
95385.7421875,-95.16842530337384,156.0640993882292,-93.31281825027034,-59.47299750450227
95410.15625,-98.90857793746878,-24.43702972478834,-91.68767311890237,138.7139622362734
95434.5703125,-104.7171481560012,178.632633918926,-94.57116084729597,-66.00083938526977
95458.984375,-98.24015762596949,-13.54313364647157,-90.03071954550366,52.51543070877875
95483.3984375,-92.92128362026035,151.3381489903249,-84.14156867050367,-138.806158069197
95507.8125,-89.53572992738012,-14.04796114914947,-83.04522561628116,38.00717137440134
95532.2265625,-88.35137899792554,176.9390525678039,-85.852674060163,-138.2246984230969
95556.640625,-89.83822391367332,8.533589352762974,-93.42727988674214,48.90125133911909
95581.0546875,-90.4026328124675,-136.56667706748,-94.90522739738574,74.30892223932179
95605.46875,-90.1613997838016,95.66137369614357,-89.00819276882045,-114.2942008930652
95629.8828125,-86.60250595921798,-48.91737212670031,-98.94393946195258,95.29768868773506
95654.296875,-85.10279437132471,136.6457365111039,-91.02424968695269,-1.943888667538301
95678.7109375,-86.83904846225595,-31.04806527160339,-87.06171232124505,177.8722076260512
95703.125,-90.32540536189859,173.0394362973598,-85.98525543989014,-1.859085388121199
95727.5390625,-97.98675520543711,-0.2124912665086737,-86.95563513223169,152.3908775155411
95751.953125,-103.979390863604,88.92424449649872,-86.61161349396269,-71.59320932723358
95776.3671875,-94.86883223802535,-107.074146223262,-86.0465465459947,77.21307494142424
95800.78125,-89.68591095379232,64.14641480091389,-86.46687498480959,-119.6320071855245
95825.1953125,-87.2788914717564,-119.0453216081492,-86.51583750026649,77.77241354610416
95849.609375,-86.50228410482102,50.98897957676647,-83.18055989558367,-61.79072456315495
95874.0234375,-87.40160643257602,-149.6267273326832,-79.30653770707909,136.6843690245521
95898.4375,-93.15382752733242,25.2605836147558,-77.65867130304218,-36.56432092319108
95922.8515625,-79.6887255082659,-31.12524879231867,-77.52193962146181,150.7093762062063
95947.265625,-67.24804722402368,153.2511135952678,-78.72359312136842,-26.58021329238608
95971.6796875,-62.84227166068835,-26.31304372958061,-81.72771789763608,150.4572352147106
95996.09375,-62.27926520055941,153.3175830246293,-85.40348858973366,-31.51817625876249
96020.5078125,-62.33511457423902,-26.85472486262543,-87.58022747283817,147.8341491123766
96044.921875,-64.80977329085712,153.2350783568961,-94.23746611057288,-37.53614936012987
96069.3359375,-72.48846406537257,-27.45970584453097,-91.87529645065786,7.219017248699415
96093.75,-81.71854754134073,149.794914278479,-84.07395661449421,-174.1706982503794
96118.1640625,-84.85632992456596,-26.6558907393925,-80.92702315254515,5.866400115832874
96142.578125,-87.98884184463654,167.3957336280376,-79.1968210795031,-175.754259575433
96166.9921875,-89.40328218289652,11.73111421330218,-79.72139983497847,1.213759417051101
96191.40625,-90.95721073013988,-151.6878283469017,-83.16963798803371,167.4135133963047
96215.8203125,-94.50849358311748,-13.25354988424933,-86.73443845784772,-47.8710574673036
96240.234375,-88.23605568138643,120.6446486753238,-89.48195938067212,112.1642221514755
96264.6484375,-85.97657061068008,-68.10819022980425,-94.74775215551175,-41.63056297065671
96289.0625,-86.47387345268206,121.5505670758261,-91.29341218892392,-163.8883013679605
96313.4765625,-87.18367810727629,-17.24545855536427,-87.33566402578498,37.5683991360089
96337.890625,-85.7885696154019,-148.7493810964696,-88.49937069529605,-154.7938923107926
96362.3046875,-84.7554079172684,57.64068591805517,-89.39189737126486,-28.09489189590922
96386.71875,-84.80583697791806,-102.1203082997772,-87.17031552053221,135.8908434109649
96411.1328125,-83.63387864208877,103.9755141740637,-83.03786815639761,-39.25934522751308
96435.546875,-82.98700694037974,-54.61384867558363,-79.99169509959124,147.6230525614259
96459.9609375,-83.22726003150729,140.4082597090773,-79.6594593990953,-18.38948823420009
96484.375,-83.22339355282922,-31.86215098378772,-80.29927707605924,169.1308168555362
96508.7890625,-82.19447353016675,161.2226405164998,-82.0135790275439,-12.61571558912959
96533.203125,-80.77623234331675,-7.807561969634681,-84.98390873583193,167.6292679694916
96557.6171875,-81.15132656251063,175.215946415088,-89.0441553783821,-15.48061378171861
96582.03125,-83.15847405420713,-3.70010915602118,-92.25596004677053,125.3773953577903
96606.4453125,-86.40632148518304,-176.0998444217863,-90.06333384578228,-93.61353792798836
96630.859375,-90.07071141948742,47.98593379860431,-90.88838133759526,72.5510697090949
96655.2734375,-86.07853517942283,-83.20262444229608,-91.36501006761563,-104.8846262649864
96679.6875,-83.49276368769198,116.4002406773141,-94.92061577358109,99.73273764393605
96704.1015625,-82.6941036160801,-47.53405754393582,-94.03984867560702,12.05299522668651
96728.515625,-82.15740315263318,144.6453295112901,-92.31462592139516,-165.6003415741487
96752.9296875,-82.34189428890139,-19.70867227681281,-102.2914537361878,-60.75299147767786
96777.34375,-84.02293936077145,179.6121193296754,-96.17478899705731,60.3210677474929
96801.7578125,-86.26700316632041,14.17863973003819,-92.49916687892008,-84.19924322490455
96826.171875,-86.81277563053527,-154.6953641867086,-92.10779969057874,107.0027014216389
96850.5859375,-87.30757450946157,35.49964256017037,-92.78897469415537,3.801303831828099
96875,-88.90147798368821,-157.2712770589607,-84.11273752761471,-149.1427228391074
96899.4140625,-87.21667800134327,-15.59295109204872,-80.89344537393615,40.82826837722387
96923.828125,-82.7578781344212,152.4260458146609,-80.29260333422904,-131.9897155506523
96948.2421875,-77.33456350621861,-21.85505202456032,-82.72067469237476,45.77056000061152
96972.65625,-74.29911794387765,162.2100543823272,-88.87056743669916,-149.6484084127654
96997.0703125,-74.50002125904047,-14.75159270207049,-108.8255734638882,-19.19863907485682
97021.484375,-75.5809570944833,166.8826581697142,-91.94527175718247,9.989340916828308
97045.8984375,-78.74408925072389,-13.35686270665831,-88.77047518872857,147.6723816499847
97070.3125,-88.41060141865681,167.2325014905807,-84.48974837083141,-71.93732375545203
97094.7265625,-101.3836253662529,-5.09922880960221,-83.91423348841373,96.29002970100541
97119.140625,-92.83708797510158,-131.8120056018048,-86.73249109534923,-99.30011434832251
97143.5546875,-86.66379905301883,71.69751018763266,-90.52509416164376,43.17975413713269
97167.96875,-86.06798367060897,-111.9358428643148,-91.56155951134743,168.3139355550253
97192.3828125,-85.31569671994347,50.9098300984288,-90.53803001833911,-31.98910337292733
97216.796875,-85.36041876880036,-137.139942152621,-91.19758840689352,175.0872569342619
97241.2109375,-86.61242467809366,9.204001589991611,-88.92481058868009,40.74339448835176
97265.625,-84.61658038395211,156.0491931480018,-86.82797985370804,-121.8700766179449
97290.0390625,-85.35236153880005,-47.84960087160616,-86.23400102690694,49.98357251593746
97314.453125,-86.3255841105051,102.9266629599082,-86.0886242884233,-141.5900773128023
97338.8671875,-87.12745288956549,-97.20342864770767,-89.4965292393409,26.35543056214354
97363.28125,-90.96565750082455,79.80692687813281,-92.0901600805969,136.4119832121226
97387.6953125,-99.49139023076293,-8.113923984254917,-86.79917560278082,-70.74381424114664
97412.109375,-89.61447677864813,-119.2358411793949,-85.47199420980662,104.427499911447
97436.5234375,-86.03779653468798,67.01425904321643,-86.07920659489358,-69.80250691545059
97460.9375,-85.81343949543523,-110.7328640417223,-86.96652079017946,146.8073078418884
97485.3515625,-86.66413907376736,97.6231418468044,-86.85959655796778,2.86891106495478
97509.765625,-87.15895798813905,-50.71512725305339,-90.82426838661469,-144.2129273155683
97534.1796875,-89.97308854240309,149.0741615695463,-92.88080728706042,93.00756164949789
97558.59375,-92.49001383097473,-19.14302866322359,-92.8217468446673,-40.1105260374419
97583.0078125,-92.38148002447537,167.7558934996075,-91.08868852114783,-154.5334433328367
97607.421875,-96.01425826371553,0.2595198632766004,-90.0621683301847,68.36477493766681
97631.8359375,-104.9521802203145,-39.60045117497801,-89.84534244359219,-38.39302706417984
97656.25,-91.14807949889271,170.9787979440848,-83.81608161838825,175.9772525030943
97680.6640625,-85.19452998208502,-10.42736063905445,-82.01744273442573,6.162681909945863
97705.078125,-81.18915191253477,171.4991776495912,-82.94678047584674,-156.5058828534314
97729.4921875,-80.52909192383871,-1.075992671633595,-83.73585683876311,42.63750991699099
97753.90625,-83.97427671038577,-170.0073871759293,-86.32369109283408,-124.3121792154806
97778.3203125,-93.44996290391329,32.81179723846913,-91.39708359027713,86.31830113022238
97802.734375,-92.86347378729954,-2.848341116370909,-91.82301753772207,-107.8579185596939
97827.1484375,-85.84676094134649,-158.0486167639925,-87.42798085386991,36.30150051052749
97851.5625,-83.59279311810489,40.05963216689698,-86.94549401137557,-162.9965324182478
97875.9765625,-82.75339670125067,-129.7405322846607,-86.27322990138205,3.24005569193791
97900.390625,-83.51676126548182,56.89621214173112,-86.55467153252843,-176.2419888735879
97924.8046875,-79.26722013845817,-45.81146280834572,-91.39735124533772,7.708025424400479
97949.21875,-67.36670422749219,158.0217767237682,-98.41500716325862,-172.1904485894587
97973.6328125,-63.05093005331941,-19.29945990846302,-102.7889599098725,27.02667940833638
97998.046875,-62.54065432121922,161.0963271759396,-93.51085428463506,-112.6520726811922
98022.4609375,-62.8894860251117,-18.19791106557366,-89.35016460571737,55.92336334854694
98046.875,-66.30218290413696,161.927801461074,-90.11511509937822,-146.6003752498363
98071.2890625,-77.51076667266236,-19.54451214766403,-92.81190725712219,28.42447690045993
98095.703125,-96.8277907438098,-67.04968644311836,-99.1340984508541,-120.9836938880193
98120.1171875,-89.00960657045671,76.9125287464968,-103.2246487212215,116.5747877593391
98144.53125,-84.2796056352929,-120.2841753114501,-108.684166148539,115.5759790867721
98168.9453125,-82.42208081102503,58.61162400572079,-92.07253946174502,-27.72003689968499
98193.359375,-84.66634463752402,-125.541281140493,-84.82378694709516,175.8650553838186
98217.7734375,-90.44862700621907,16.17935680745582,-81.22675621964413,4.398663739955708
98242.1875,-87.82257927798136,137.1921863945399,-80.6172378005369,-165.2508557732718
98266.6015625,-84.70358525525363,-60.20800747376645,-81.15443913080273,36.19997801563566
98291.015625,-85.02204522152981,112.3450964959322,-81.63918859768124,-125.4242274864152
98315.4296875,-90.74235875694826,-76.75020638756318,-83.54607635100001,68.84880714531501
98339.84375,-96.52399418160469,11.22260179020333,-87.47919698429023,-95.46244683985684
98364.2578125,-89.46277342431651,172.8375360777875,-90.91033594370317,72.15712158618648
98388.671875,-88.0187543214911,-10.4404395470585,-88.68623337177837,-119.9519820429383
98413.0859375,-88.74495221080085,152.7835135117105,-86.31297197533605,66.56506231696355
98437.5,-90.75240461418112,-43.08213428353842,-84.60720741431798,-108.518846212555
98461.9140625,-93.74533129942512,136.1036857821747,-84.29218399016193,91.01579606928333
98486.328125,-97.71110824938596,-14.54095220603969,-85.01353269863654,-57.17201474300882
98510.7421875,-94.04745771641259,-150.7259883438747,-85.21615295040336,146.8568678033104
98535.15625,-89.38169319013849,19.46091269770928,-83.67855659546946,-22.78334659282033
98559.5703125,-87.32369966871148,-173.7540545488833,-82.85559493632611,162.9861211584802
98583.984375,-88.13183716258405,6.641128138567242,-83.85042511624738,-23.07499809762069
98608.3984375,-89.39394110822587,-151.3358999902645,-83.0413030006421,147.6982884607811
98632.8125,-86.02982797153547,67.93089974579793,-81.60685378654263,-19.68972484818307
98657.2265625,-81.82855803761174,-89.89636570256658,-81.5784886092913,-175.3731482686996
98681.640625,-80.70614457013866,97.89314673721077,-81.42078249299125,32.78092209918605
98706.0546875,-81.6824738801897,-78.45857962205459,-79.80705423823328,-128.5606871532287
98730.46875,-83.97667873047574,111.0099654667932,-79.05885122201325,60.7732337853575
98754.8828125,-90.63837240598488,-55.59359312620469,-80.04620768331257,-111.6291358499065
98779.296875,-106.4806836380245,-128.4746621694576,-82.18578659407535,63.67366166912127
98803.7109375,-95.50242131611689,81.949395631082,-83.91065303562729,-135.8221763509678
98828.125,-92.37471516030014,-95.94345205795625,-85.50873801197413,40.45923726163946
98852.5390625,-93.53543604245347,74.01292487462113,-88.24832675598024,-126.4317129231142
98876.953125,-89.79399666059814,-153.2376510357692,-89.9914807403119,70.29760903375512
98901.3671875,-84.85454479955118,11.79092175493277,-91.07129557719065,-68.52163553957348
98925.78125,-80.69396061394895,178.5962936296339,-87.99524943235983,149.0798772075013
98950.1953125,-75.52265712848616,-5.017638530507374,-87.75693094282462,-35.26354100597627
98974.609375,-73.27983550121328,176.3008878548029,-90.09129534930567,131.5501575255455
98999.0234375,-73.74003105574354,-6.016360140016355,-92.14679433742761,-73.90253802335775
99023.4375,-74.76043346320968,171.6474774564414,-92.14311844976982,77.09402145214501
99047.8515625,-78.99354177253488,-6.871934108426653,-94.53785142122587,-120.0401020989031
99072.265625,-96.09053091876726,166.3397467099585,-90.52412795129449,27.51421514920541
99096.6796875,-89.37241629987099,167.4134675226776,-84.89949988661822,-165.7046032946179
99121.09375,-84.26170553877927,-23.71909374606707,-83.4012695975303,10.29617606810092
99145.5078125,-82.57329059782333,159.2534084489636,-83.60932398098569,-175.9443071103803
99169.921875,-82.71780651034847,-11.964086769707,-85.08182383890164,-1.173140255068537
99194.3359375,-82.49995497910787,177.7840462552105,-93.10799871465889,174.5145242439313
99218.75,-83.15876054156966,15.8210352633537,-94.7385700016539,-137.990988643431
99243.1640625,-85.40925530832853,-137.9255934338464,-90.03719852631633,49.74742670312433
99267.578125,-88.30744526385399,75.57812031425993,-88.75234786272351,-103.8647075447304
99291.9921875,-87.35706397026691,-63.61086121805113,-85.356312058009,86.25325213928913
99316.40625,-85.24794582770129,134.3793038209248,-83.22103134951469,-88.61964836776895
99340.8203125,-86.11442730912455,-52.23290106578862,-83.1950140658502,102.1548490565016
99365.234375,-89.41730033813781,98.47724846167073,-83.81794876255466,-73.36946150048544
99389.6484375,-93.36925855715,-147.1172200371908,-84.20600505947752,88.48359679978998
99414.0625,-88.24010259048569,-21.07986747841476,-82.94966236196004,-121.8064547078584
99438.4765625,-86.37280748777799,144.9779242644401,-80.75968219438998,44.22604615798785
99462.890625,-87.40791457806742,-45.42032702317153,-80.61747794377555,-137.2152192973438
99487.3046875,-90.10953246049668,139.7299564272337,-83.34260246221901,43.18638459974089
99511.71875,-93.76087346638748,-27.62174533782398,-88.80753630819258,-141.8515363098703
99536.1328125,-91.79656551841316,130.748369747952,-94.33107252070137,-27.13809227974392
99560.546875,-85.79284170079887,-54.59179440008583,-88.66071592804646,117.1225238566256
99584.9609375,-82.71744587539244,123.3270005199161,-87.17409102104723,-48.17045286635857
99609.375,-83.4959584529951,-56.58538558607449,-86.7383852410383,147.5855668173987
99633.7890625,-86.94984096596556,147.4809803051558,-89.45610844429582,-22.7868825999528
99658.203125,-89.08317771030366,4.220547275829923,-89.23619459690686,167.2476743127169
99682.6171875,-92.85852157479772,-151.8461338324271,-84.34558472129042,-19.17724940732885
99707.03125,-92.84693147090965,19.05147893549649,-82.07202058287271,158.5393675691156
99731.4453125,-88.26273358125096,-177.6595254924246,-83.61086861265692,-22.24745397959389
99755.859375,-86.4976847733068,9.682092025964732,-90.93356417735572,168.4757651832768
99780.2734375,-84.97316284909675,-146.5969217650829,-101.3932403266991,97.29431305393071
99804.6875,-83.51295486499242,47.43776361869248,-93.15474411503905,-3.613286443260572
99829.1015625,-85.66435838612433,-127.7652777750425,-90.2936786303886,-158.9989375900578
99853.515625,-93.39275286615221,29.9839248428139,-89.2944611060766,73.97381123977476
99877.9296875,-90.56201335334165,136.102726243863,-85.52113546680543,-74.74374915294445
99902.34375,-86.83672676487379,-72.03050514080728,-84.87655149553164,125.4795148669981
99926.7578125,-77.38966375509882,23.23700788418151,-83.63379657228185,-30.7587508501084
99951.171875,-66.55076645943181,-174.8737310410054,-82.53053258618968,162.7999031149292
99975.5859375,-62.83250558508347,1.611939303054312,-81.4460097830608,-7.705930370351277
100000,-62.43598507518903,180,-80.5458423816996,180
