Frequency (Hz),Trace 1 (dBV),Phase (deg),Trace 2 (dBV),Phase (deg)
0,-32.84030662340124,0,-63.41011744709229,0
0.48828125,-33.13680541567981,179.6294363868863,-63.78437936496653,178.9827427364274
0.9765625,-36.59680982172611,-0.8523394535764864,-68.03004563711552,-1.79413561190586
1.46484375,-46.82263098965062,178.0450992569984,-85.28421305781231,143.989622910373
1.953125,-66.69957089120479,0.8634579609329657,-80.17904926797027,-149.6364250779407
2.44140625,-76.15320744659149,-138.0415103340294,-80.84178578065433,34.28084255462483
2.9296875,-77.92857466039678,51.3133425599469,-81.2756165068235,-136.4889538721513
3.41796875,-86.36270075764682,-115.9932545447414,-81.86048928246453,60.64172440868241
3.90625,-85.30506440558712,-105.1931113894861,-82.71014800973191,-93.66157005571004
4.39453125,-78.54450070274686,89.99912428820292,-81.86008396606654,104.8974387459432
4.8828125,-77.50492628558621,-87.72122728354441,-80.64770660898134,-60.98210736464159
5.37109375,-78.81546499089625,103.1461204325162,-79.85332792552705,134.1507650442491
5.859375,-81.68819758596808,-28.01820909489549,-80.40893272219277,-43.52209964826709
6.34765625,-82.28016883323872,-164.0100793829378,-81.5637422641629,131.5018144472112
6.8359375,-83.69962930096568,52.6955405185781,-81.71963686822905,-48.35129062841578
7.32421875,-83.09911502659234,-93.53050426464843,-82.52072715516721,136.6830566660162
7.8125,-82.87981444400474,110.2942126154909,-84.26016880868795,-33.16922259043406
8.30078125,-82.71389032731793,-73.82442206038046,-85.91436884676666,146.3496711831809
8.7890625,-82.2571299079827,73.84361838965648,-88.38235819041095,-46.241848349513
9.27734375,-82.16654164047395,-117.0413113906356,-90.20563910762726,110.1314038628478
9.765625,-81.27771958795584,70.59062222204832,-89.21403213618761,-97.89896918511859
10.25390625,-81.26551384099486,-109.5217100367399,-89.83721763291942,69.2219374148582
10.7421875,-87.86607429035092,98.14231433916716,-92.02304741280535,-111.0617738887544
11.23046875,-101.0124771349454,-36.24395841022009,-93.20818155102,46.01819687600653
11.71875,-86.32205609922696,-43.84477248847067,-94.02298788525933,168.7316725909257
12.20703125,-78.95220878024452,114.8077588244989,-90.95949612687845,-53.8041264316539
12.6953125,-76.39779239975677,-59.78877995529494,-90.16855876076835,128.6334525498346
13.18359375,-76.29371039460818,138.315475978985,-92.7438803334333,-45.10190148233109
13.671875,-75.78916630283376,-27.07822734399779,-94.55407757865481,169.4906116186398
14.16015625,-73.5157469313944,169.7766065117775,-88.05321356659063,37.73708563691837
14.6484375,-72.54054310176546,-1.580937128149884,-84.83093728134357,-115.4295400511944
15.13671875,-74.97457021262186,173.7928346917745,-85.39650131274497,85.64980643679161
15.625,-79.85972544541073,-32.26237212625646,-88.05583534617216,-81.46648743921529
16.11328125,-79.44166568148623,79.07259901554536,-90.71706218772752,117.135470070849
16.6015625,-74.69799792796826,-129.3290103841344,-93.30670881604739,-24.53208791016465
17.08984375,-74.20034981639111,48.17710530909117,-97.88266434726557,-166.9282291510257
17.578125,-75.86971826294253,-118.8041493163218,-103.9206605306922,-62.40932581171615
18.06640625,-77.66336652163282,86.03579317889911,-93.5339244273603,70.788438040575
18.5546875,-78.02381637303392,-59.6601451422879,-90.39492614830996,-123.4590969146315
19.04296875,-78.08916699955404,135.8025909069354,-88.89502562497279,65.8580505048174
19.53125,-79.69934010869127,-53.70818796055893,-86.99207403968876,-117.6323942149151
20.01953125,-82.53652372624865,103.8018683769605,-86.75690926689045,53.58874446411036
20.5078125,-87.59403926431915,-163.6473893770013,-89.83644989830603,-119.1236638200058
20.99609375,-81.23070720934317,-33.14707129629637,-96.91081062400917,45.11132427174743
21.484375,-81.05505770965178,124.0263531768631,-92.33501611829149,159.2448393266993
21.97265625,-79.69509343753374,-92.02954968361803,-85.92934916847553,-24.86784487358263
22.4609375,-76.71423935984228,67.79800551818833,-83.15783415360004,149.1779737696048
22.94921875,-75.97361693694282,-117.4988584022543,-82.53503857700173,-29.36104474881506
23.4375,-76.00472509146789,63.75987405898781,-83.11405223828386,160.1527345324957
23.92578125,-75.3648082568988,-110.1772505671677,-86.05687959001133,-29.11094928120692
24.4140625,-74.79174101931403,75.15613426530705,-90.6895084032712,106.9285718325863
24.90234375,-74.04749125647088,-112.3332061705409,-90.99636019913083,-137.0075199973354
25.390625,-73.56690420154153,49.99275899638465,-85.97309788541503,11.26681513693979
25.87890625,-73.90920306618662,-146.1585962567231,-81.70037115747306,-172.1595768744571
26.3671875,-75.46088165506517,16.29632286286774,-80.65204718545105,15.0277162762231
26.85546875,-78.1576402718444,164.9189017346452,-81.78855566174158,-154.6742850865207
27.34375,-79.09408227769146,-55.2335818354431,-83.92035698512962,31.9177528065379
27.83203125,-79.07759690604476,84.72622842474973,-89.41877828904643,-152.3489982795278
28.3203125,-77.03695524320413,-137.9264209699578,-90.44617990077342,-49.42397967410631
28.80859375,-75.73935410949798,25.95011592657504,-82.84759512854885,113.8282584704396
29.296875,-76.23991670017952,-155.6955759017651,-80.26339796754934,-67.80468948841835
29.78515625,-77.06305812927731,24.73220012762212,-80.5220966033456,108.5876571113551
30.2734375,-79.08626996296937,-149.9903328351856,-83.26467128276947,-84.78715750737855
30.76171875,-83.25532876326314,41.11295590215931,-86.69582763940248,67.27298064457638
31.25,-88.31662398162563,167.1738495617841,-87.19788182832319,-132.140144148887
31.73828125,-81.86379289862043,-52.6860016759645,-85.92626184693246,33.49817107524296
32.2265625,-83.0489289811787,99.22965339235272,-84.76978979741159,-154.1766889989478
32.71484375,-83.34393860330046,-133.0402440159958,-85.30272661499527,33.46602539471731
33.203125,-81.3368747102014,28.49108275680937,-87.23785899341837,-136.0535947042557
33.69140625,-78.3906518245646,-155.6746400822002,-89.83801931662902,49.4529747173987
34.1796875,-77.76993663686267,32.26206011494463,-92.07617432558338,-103.5789884281176
34.66796875,-78.33599658536893,-125.2595027328785,-89.71481163784819,107.8056091639434
35.15625,-80.15917372173487,65.87687444426619,-87.60193063700376,-76.16562748144442
35.64453125,-88.3502079782896,-131.829964119551,-85.25840175465393,104.9660072655249
36.1328125,-88.53797736979863,-53.83188451318782,-83.64906906464624,-62.25078732741008
36.62109375,-85.13737106402809,87.1812209140252,-84.51594894483739,133.1147859453759
37.109375,-84.41183447140801,-128.976204166453,-86.84326708377235,-24.85484017440016
37.59765625,-84.57784906080349,30.87476394446465,-89.52117096369935,-175.2188583942347
38.0859375,-83.19632550287315,-144.0913495092335,-91.08968043075268,61.54384075970197
38.57421875,-81.42544961640209,56.70634200182246,-89.08399036406175,-65.5043081616071
39.0625,-81.69261911750974,-98.11896567873053,-90.48731816504839,150.9090771788283
39.55078125,-79.958284780451,96.97429858518291,-90.41383754679703,18.38252043486942
40.0390625,-78.72747313600766,-91.77709663255948,-86.52488366219984,-143.9740744879333
40.52734375,-78.94536634750908,66.45505084098923,-87.39063038978458,56.29722524904967
41.015625,-77.99083485521906,-127.1477527037993,-89.12066515688767,-72.79225836968959
41.50390625,-78.84143635313686,39.70023511308852,-87.69890207940321,140.3950682770804
41.9921875,-81.81940462378049,-173.7381308042962,-86.39842700848872,-23.49559666985025
42.48046875,-84.66140055972321,-56.67717003891841,-85.31993712855189,150.7780445343226
42.96875,-80.07318614708323,80.09709120308901,-84.90922265938296,-53.41871515420219
43.45703125,-77.72869201760733,-92.14674792335015,-83.92434396797442,102.8161965055511
43.9453125,-77.01712249459717,104.970860477249,-83.331081898493,-83.05527703195601
44.43359375,-75.88691319799827,-55.07319771517249,-84.52452102125591,105.0323732980777
44.921875,-73.35982700454339,142.8126454166904,-86.69824550203549,-76.80063966147534
45.41015625,-73.13278332212289,-27.22145741186737,-87.04152918348038,80.3323468857724
45.8984375,-75.73620637449532,164.9163010033961,-84.26071910916959,-116.6190595224861
46.38671875,-76.60075336567962,-6.283871254917158,-80.77164586606267,62.78593018073256
46.875,-75.61075554508186,179.0499744000605,-79.74215947396603,-112.1405228555033
47.36328125,-75.40058649535678,1.538305384151096,-82.20594428392178,67.36792224040262
47.8515625,-75.13997449753391,167.1550364983289,-87.60807089765619,-127.7201568999895
48.33984375,-72.08038027571544,-55.16889222462697,-93.24846541156714,-10.38083858435949
48.828125,-60.84030591445386,89.77869387306109,-87.34139377597995,125.5057214864591
49.31640625,-54.2965086336008,-95.40804505040865,-85.14257094256007,-52.68103210843119
49.8046875,-52.79217097707922,84.59581022306223,-88.70033440716938,127.2564133638419
50.29296875,-52.84116318470517,-94.68909068244142,-94.44114108438018,-105.1572803700047
50.78125,-54.07172830910998,85.98648605680803,-90.74724215748128,52.66640996460574
51.26953125,-59.91878006433065,-90.20487487110994,-90.60612608660946,-130.9884796668084
51.7578125,-71.0454751377947,111.8722896459907,-95.29225831132401,25.67249639225643
52.24609375,-76.04606044590301,-40.74484604643355,-110.4396037390613,40.16704632166568
52.734375,-75.52668798608862,140.0036463098845,-94.95252190291446,-166.370881362359
53.22265625,-74.12421296596163,-43.30205745146657,-91.75235654315605,41.69882007270151
53.7109375,-76.30833704762195,133.3557930536968,-89.98890010096173,-95.65685988948141
54.19921875,-83.70140032825843,-59.24073394851154,-89.42718577367739,134.2164076712552
54.6875,-88.74855751238874,46.51318621169192,-87.87871097530194,-14.18078750382768
55.17578125,-82.78649026531573,168.1875785984212,-86.95111086999748,166.7983389907237
55.6640625,-79.61953539898958,-15.90990156906671,-87.65143970612797,-20.72116842633849
56.15234375,-82.59571267288996,175.3064824031389,-90.15448415126131,143.4354122414672
56.640625,-100.3056007445675,-25.22751912072755,-90.84001696573372,-67.35338160937029
57.12890625,-91.30242459474613,13.41764099642644,-89.79844213197072,89.40120796492266
57.6171875,-90.48964059697252,-149.4024773013166,-92.25039629308998,-108.6994334852438
58.10546875,-86.4388942768842,128.8982760665388,-105.0306158464861,43.19246537230111
58.59375,-77.92646484657534,-12.37215550962368,-103.5866432632089,95.44933714347627
59.08203125,-75.63148601566452,-175.5705386282794,-98.84495526893323,-92.34762442628569
59.5703125,-76.66524382597667,13.31644008874703,-91.61259249676382,49.42945431160985
60.05859375,-82.39106070655683,-158.0546088995197,-85.07685357761396,-139.8022833000009
60.546875,-94.14029183783823,174.40826531193,-81.31691266213767,46.91331928814345
61.03515625,-88.12904257366255,33.05834054683125,-79.63616954174852,-124.2319551903303
61.5234375,-89.33324741908551,-35.62897503701549,-79.32333908702287,63.52733551925698
62.01171875,-81.74942112510884,177.7025067375651,-79.82530162169024,-104.4726291492931
62.5,-80.94163832377781,17.1456184385552,-81.62041377653246,89.83034676330503
62.98828125,-85.34367791050383,-133.2888303587595,-85.29080750198632,-83.78317060749001
63.4765625,-89.82074961084311,146.8936953421035,-90.24956771619989,88.06159923418279
63.96484375,-82.95492840278227,1.412594330044043,-97.01888803830383,-144.2887434928592
64.453125,-81.45143787400019,174.1043080162827,-89.97357462656467,-17.79329735786084
64.94140625,-80.63366591998118,-30.72179237186518,-86.08158033684583,166.7800456057883
65.4296875,-77.55668641917279,137.4584053063847,-85.85101034106668,-9.357660274828046
65.91796875,-75.82090448441234,-38.24683887386517,-86.90263950467536,165.9133656776551
66.40625,-76.58495076240128,148.2571804073624,-89.24133614363024,-21.85251810903721
66.89453125,-78.73733149506224,-23.39027954148381,-99.55125213378176,135.1498377713909
67.3828125,-82.45490326620148,153.549508414322,-95.01829308923219,-164.8636625561714
67.87109375,-86.2856696833388,-87.16198710518606,-90.5468781244568,18.57261430223923
68.359375,-80.7506759167385,56.6985165379665,-92.84710181824472,-170.0390259498543
68.84765625,-77.56683537728128,-131.9365527521693,-99.69587734265458,-16.36141988821004
69.3359375,-77.80660696898066,31.9077475371202,-101.6151616331746,178.0464032075243
69.82421875,-81.61131084365303,175.8772057119572,-96.97818795267588,-49.49570895412464
70.3125,-81.9829675725446,-78.86751709619708,-93.34963875845023,118.5481032389935
70.80078125,-76.91857073480963,66.84566246093168,-95.5432501639261,-15.16295585461485
71.2890625,-75.1751460681803,-121.3283214330672,-92.56599382417731,-146.5184597616341
71.77734375,-76.92854011768429,55.83234687574944,-89.69989102935786,43.22538130656704
72.265625,-82.02368758654701,-122.6218308834957,-90.63422011846301,-127.9308891050749
72.75390625,-87.41069906843576,123.8691549542628,-93.59697527053136,61.3361353703031
73.2421875,-80.2675765360238,-7.52614693645262,-91.60507062269542,-129.1619601978493
73.73046875,-77.25625802217512,-176.7221688614307,-88.79196078038029,55.51702994514846
74.21875,-76.74817042429402,10.00162780826332,-85.73306780233806,-111.544186968873
74.70703125,-77.61270520126202,-150.5893674532562,-82.24736082360477,72.48059091914641
75.1953125,-76.21883315440415,58.69748522084456,-80.94914754164824,-109.6687963890553
75.68359375,-72.63440630648086,-102.7079712846976,-81.54427806038734,67.34509577754879
76.171875,-70.13981902585459,86.4927990694665,-82.44097690541496,-112.7086146746403
76.66015625,-70.20114998368956,-92.88139705298445,-84.50043528179351,64.33991498182294
77.1484375,-72.06796887001067,82.25797459832586,-90.85328587031862,-137.537314777051
77.63671875,-75.59788402139796,-107.6521431820214,-93.79729163536338,-44.83985360028768
78.125,-80.91771047558326,16.37460154407528,-88.64874117292958,110.7039632706128
78.61328125,-76.34078461364767,144.632071419473,-87.86410767119099,-69.77001156009138
79.1015625,-75.10857638609065,-40.20246476491629,-90.53802264660904,132.7628217317927
79.58984375,-76.86110687629449,147.5783392258272,-89.2339431873031,17.37029910845232
80.078125,-81.64446562034979,-9.344632158522504,-86.10340984181695,-122.4482823917817
80.56640625,-84.97581931901826,-111.0921354412553,-87.16777793198843,86.95585606015956
81.0546875,-80.42136366295281,95.42723664594114,-89.71690358523338,-52.26020675674107
81.54296875,-81.54218214221717,-97.78648415800892,-88.02741738454358,172.0852221018161
82.03125,-91.63556550621865,14.11015443298146,-85.35630545124086,25.81740429204762
82.51953125,-84.20834476256205,130.0336096611266,-84.90536426966466,-136.5742902498335
83.0078125,-81.303279250689,-23.97029156327203,-88.66705625132951,62.19720124292486
83.49609375,-80.8249847892162,179.6011612695063,-92.22877536953501,-61.93112332044942
83.984375,-80.80708286244338,36.24980018591164,-91.98181805350103,170.5462091928561
84.47265625,-80.17044667612994,-128.1441930991855,-90.24848771016428,17.27005482951694
84.9609375,-84.18310831032369,42.42239548482164,-90.04004313670428,-154.6759616293667
85.44921875,-89.2616789137267,169.3404002422195,-93.125570541993,50.86488901847895
85.9375,-87.22274216796828,-35.34897148458124,-98.31285316331717,-125.0695189939446
86.42578125,-89.47185608553164,-161.2380176443866,-96.90658372264396,-11.10740444802529
86.9140625,-84.93721542247289,70.13676015052133,-93.49704628935825,151.6020193102372
87.40234375,-81.34361532076234,-88.56487843278872,-89.70319236273453,-31.16879435887901
87.890625,-78.67664066544891,109.8868493633433,-87.76250803488024,147.9557237441078
88.37890625,-80.55089394602574,-66.15060369691059,-91.95459231596911,-28.93375905336062
88.8671875,-91.79409934586702,115.854087584354,-103.1394266337882,-147.1708664507322
89.35546875,-88.57901914518732,81.56582820939681,-99.13505571470486,135.0672202254253
89.84375,-84.20626784446883,-64.52600965144227,-92.82581404429551,-6.922177565750091
90.33203125,-80.45682559693743,137.0521886859406,-89.10191415622663,-166.6966825387809
90.8203125,-78.50880237287032,-50.30158632016161,-86.62096242896469,20.65652261661122
91.30859375,-80.41876385399232,122.3128358759346,-85.70390602903372,-167.4529971611297
91.796875,-83.77692639554253,-81.87464302306854,-86.18534538996826,2.211197428278434
92.28515625,-79.236607423948,55.68014285781877,-88.71415948944482,-179.1639758260011
92.7734375,-74.65205163818025,-145.7192074861194,-89.89203203629474,17.640125169326
93.26171875,-73.29020245951159,27.56513453305213,-86.17962036888117,-146.5212503483817
93.75,-74.45957213343056,-142.201083039205,-82.7816767727502,41.09726777591828
94.23828125,-76.78990694673057,57.33146274238368,-80.50024194341744,-147.1240020970373
94.7265625,-81.09228313921868,-99.77861569760488,-78.69299526533992,15.1127974978544
95.21484375,-87.29158484155994,135.10413948695,-78.56624141648042,-179.2588735524049
95.703125,-85.01914334407827,46.23622562443698,-80.5444108645567,-14.56835117156868
96.19140625,-79.76446907277374,-99.9400079774606,-84.26096833158637,148.3402961019082
96.6796875,-80.9048916202631,83.13338432202173,-92.94232207209929,-53.63886412097005
97.16796875,-86.67906739152365,-128.6463825562841,-91.25070958294077,-26.94890117107047
97.65625,-85.86729813997943,21.25088329025785,-83.97146546639686,132.5236537606901
98.14453125,-85.88543721607593,-156.2084123218177,-82.85964337492219,-65.81555989859523
98.6328125,-84.54106902687923,-76.82668972255058,-84.396177509528,101.9755091186098
99.12109375,-70.57110543695167,80.75052103306923,-88.46834017890409,-87.34299489339645
99.609375,-65.76655724844242,-101.5065384536546,-97.80442072120776,61.36808422897666
100.09765625,-64.33366505428442,79.18900984705208,-95.63122017115857,103.14292923377
100.5859375,-63.74981521978724,-98.97183306638129,-91.17381938913854,-92.59502249408668
101.07421875,-66.06805432399331,80.48705111847734,-90.39288255010254,93.84620393190175
101.5625,-72.92647721869126,-99.82111608676767,-88.41494493492748,-81.45433804359425
102.05078125,-80.99916657593477,78.66778475297009,-87.88154179073001,94.35708812077455
102.5390625,-84.3441000181322,-134.7884022377391,-87.85639416558764,-84.90310109573582
103.02734375,-88.44619758981466,15.90082885579463,-87.09929654618551,92.7934307378143
103.515625,-90.59302903553117,40.18156697423395,-88.0024679623306,-91.85188602120735
104.00390625,-82.49488266309973,-129.8203659082186,-91.15132087403522,111.3282979289764
104.4921875,-81.42114333956754,62.05465228171304,-89.63403975986947,-40.04559772131619
104.98046875,-82.33712367840837,-140.9687873452692,-86.38294546960972,143.0030825862579
105.46875,-86.95317476301261,19.91493223154215,-83.5911034214959,-42.6187822383807
105.95703125,-86.52732182541368,19.09771718301099,-82.80532556218206,126.3300975585784
106.4453125,-78.67743480483391,-165.1745394758007,-82.74059768749328,-49.51802294071884
106.93359375,-78.24959319192764,4.129843657222954,-82.07474384160287,148.6870528591557
107.421875,-78.55382510895822,164.2129909358809,-83.23982640322016,-10.27173063759329
107.91015625,-78.41154044488233,-41.49175536073655,-84.35017598312993,-163.3637857540588
108.3984375,-80.55169000579264,94.12819430820784,-86.02649769118366,25.60230500701814
108.88671875,-77.85318024240689,-137.9299461537357,-95.63724647764529,-154.8707088190062
109.375,-74.96392765230721,30.5933606516061,-93.51528362589862,-133.8622623342511
109.86328125,-74.59408453996623,-150.9757562503114,-86.65632241746053,60.43947193730833
110.3515625,-75.73777397728253,28.18888674852276,-84.7967121331227,-104.8033073154088
110.83984375,-78.75371669484811,-155.9560651060954,-84.93473590146338,79.57111272381826
111.328125,-86.39782351679119,-20.25838481367184,-87.51428902756403,-117.7085944870833
111.81640625,-82.42881441862708,83.88959926746344,-89.39893800718787,13.44821568881576
112.3046875,-80.41177985359795,-124.8662289206294,-88.45421686265823,155.3734800381416
112.79296875,-79.26919551115189,28.27686065434799,-88.84844069639696,-48.64438877843391
113.28125,-77.99894082861952,-170.97396918081,-91.43513032032436,115.2379619384081
113.76953125,-76.44027185011825,1.161759528073693,-94.95717764859563,-105.8761055992533
114.2578125,-76.88273877323496,-175.8816745258441,-94.39036160172347,17.93103166910566
114.74609375,-80.44566113299646,13.03654639114502,-92.02361274126075,133.1359751991057
115.234375,-81.30064275198178,-147.1065457400815,-87.1862128475195,-62.81651590479951
115.72265625,-82.43328533768413,43.14582064807434,-85.25743594856939,124.2639347221394
116.2109375,-89.43348245478921,-67.22242100547267,-86.43243945249053,-50.28234658137342
116.69921875,-83.11975188013938,136.4570667420095,-87.86016774084884,155.4366168535219
117.1875,-82.00908033399944,-50.95061692884427,-85.34002349027699,8.029102995971812
117.67578125,-84.26856794413176,155.3024265993065,-83.55382373891386,-146.6057085623586
118.1640625,-90.60369254826169,6.855623726288953,-83.6955846855134,57.2364898949392
118.65234375,-87.42995739633164,-36.36950362770641,-84.89650278547479,-91.16714099931328
119.140625,-80.54871667166242,136.9845520005299,-84.64754001901866,120.6255118932139
119.62890625,-80.2188008729014,-53.4010977347982,-83.57768701651227,-31.11805042320579
120.1171875,-82.38565454186934,121.5515961268784,-82.84189652542958,172.5719918876841
120.60546875,-89.64597466743989,-131.4512912537602,-83.75609184867032,14.26902233769702
121.09375,-78.67646045280593,-33.8363653776495,-84.66942443117142,-154.1336510923702
121.58203125,-75.11770702660844,126.16340823718,-85.52242844139491,25.36264384529921
122.0703125,-74.89951509973335,-60.30069199130909,-87.59097622993814,-145.5969531779533
122.55859375,-77.6190433004772,108.5673814466555,-89.54724506801841,74.48613124802105
123.046875,-84.20681582327674,-136.1693927014335,-86.7883636838812,-65.95189881677931
123.53515625,-80.36924801796785,-34.87510797483811,-84.71215757814257,120.6872831925671
124.0234375,-78.34418534593917,119.8289569234401,-85.10051776609019,-66.96395019802816
124.51171875,-79.67368176647241,-83.17759130101898,-90.18200809898113,111.6304708091861
125,-79.10510770510085,67.51297727125825,-102.1650502217681,-99.17478961113761
125.48828125,-76.72082277725625,-124.7898941559071,-99.65531321615443,38.10829871495225
125.9765625,-76.07927122130184,55.48599796338092,-99.76150233948783,-22.10191145157567
126.46484375,-77.57471008827524,-109.3392022061139,-90.59318297304195,177.7605328681286
126.953125,-80.55282832805078,79.69666791536766,-89.23451326107994,-3.879175282693835
127.44140625,-83.48275860609922,-110.4488422458357,-90.68492431230864,-179.339886657308
127.9296875,-83.7131557459272,52.45752773157548,-101.0962111965737,57.66760484276948
128.41796875,-79.80316802007442,-160.1752818361156,-90.60660123113975,-17.75672005781566
128.90625,-75.89878677472173,13.98595735271225,-86.25232487779265,178.1418204605818
129.39453125,-77.32090321741444,-167.1983254732621,-84.24352157534787,9.855095694044532
129.8828125,-82.80428515276947,-9.618709322536075,-82.37232756885493,-164.0509866927306
130.37109375,-86.32496520286922,146.9325027804506,-82.04574465948193,9.336473554007121
130.859375,-92.23942052950719,-51.74107047988233,-82.97992321682914,179.8666466644572
131.34765625,-89.62656042051428,174.7298720261911,-82.93039545500321,-0.3152590607051514
131.8359375,-79.21405409338325,10.11628469760068,-84.085011766208,178.3011040038319
132.32421875,-77.16712029089366,-175.8651697647096,-89.21956118251067,0.4826435482079507
132.8125,-77.7581873774825,-16.66028718192189,-90.60891045501791,-163.0970942775717
133.30078125,-76.04280265806607,144.2142966942545,-87.99127298280197,10.36284445513956
133.7890625,-75.20118430804196,-52.10828727493323,-88.55994291080528,-177.0421323917456
134.27734375,-75.08080517563573,112.0058948192648,-92.86384790137049,11.0432386596394
134.765625,-75.61855856863413,-73.17052241569625,-105.2134498377553,-125.6970485426447
135.25390625,-77.41467810434527,91.48964056863495,-95.4443646198792,177.9607116512679
135.7421875,-77.95468966542975,-119.821371006036,-88.21683355737363,-1.486876045980346
136.23046875,-76.18086525799757,44.82775216168667,-85.30330342948945,-165.3591073692668
136.71875,-74.87387942676324,-136.6554461226619,-82.83576277357342,43.95677358857113
137.20703125,-75.02760389641917,50.81212988484828,-82.71567299447675,-121.6509752155951
137.6953125,-74.58868721792734,-122.4265817969096,-86.64367739610722,66.84798795677328
138.18359375,-74.13334062718603,54.05007407295265,-88.59737673484383,-86.10029441685566
138.671875,-75.22355835776803,-120.0668877261236,-87.83151510095288,131.1409578100594
139.16015625,-76.00618681856126,64.508160856461,-89.23036921277144,-12.94565819100551
139.6484375,-77.06141818128378,-129.4849786580149,-97.07594524714304,171.2127747112107
140.13671875,-81.37996812222408,33.02653728362093,-98.35319611854351,-139.8212715499763
140.625,-82.4189022831556,166.9600365987198,-93.68208598337164,4.971814135806776
141.11328125,-78.20936230411975,-40.42748985011388,-93.23720915086443,151.4521012934391
141.6015625,-77.17373356879385,104.9828927486968,-94.110547866121,-74.85250462970615
142.08984375,-76.03398939622139,-119.0253402595258,-93.88128695354146,39.83989914319784
142.578125,-75.12886079319242,24.63601033020691,-94.43476206123307,152.0093222826463
143.06640625,-75.61318544757316,-176.1406119130252,-94.85033000854966,-87.04954882829033
143.5546875,-80.611365450075,-7.014801252457817,-95.69956375562708,32.95478264298602
144.04296875,-88.14333733311759,22.49940938980948,-90.2038929577572,173.6070906000632
144.53125,-78.21119560728542,165.9460987008868,-88.12916512506987,-37.42831085505601
145.01953125,-76.89639424358883,-46.93749000894787,-85.83879272833178,114.8368873377216
145.5078125,-77.0077957547627,94.78248373287589,-86.16290678963608,-67.27807963760441
145.99609375,-75.57871195129646,-123.6648831013843,-94.0542362939464,140.4278232244768
146.484375,-74.30475175612037,37.85895617259714,-88.76637709774874,60.29745576792142
146.97265625,-75.71535078330668,-150.8532953467594,-82.48569936174681,-105.2274847523935
147.4609375,-79.75421173167113,25.73409559763356,-80.40671253875601,86.66550801995116
147.94921875,-85.94501561345034,-155.9446829149134,-80.72111097219482,-81.40151282922868
148.4375,-100.8521933055588,80.06705562366,-83.10199652072983,107.098477218302
148.92578125,-86.10302525662684,-11.18148694649661,-91.01088896602684,-64.2740574873857
149.4140625,-81.83889107160292,150.7194610798203,-100.5064459249943,-66.14980471831328
149.90234375,-77.91149090850925,-39.97518491196902,-90.45877178881761,158.5885588977509
150.390625,-75.7056823712347,156.0185284647109,-86.15908382296185,-5.283749182737169
150.87890625,-74.92439197211202,-9.430067388338728,-87.9523628676981,170.7903261558421
151.3671875,-75.8594516591708,176.9160614909051,-96.9026217216441,-83.190842445626
151.85546875,-78.68390315895937,14.15820483365039,-88.13607400085772,50.42059252725249
152.34375,-83.22290995975388,-128.056576050983,-85.06626424101034,-125.1110704025617
152.83203125,-88.16393596543408,153.6614371249001,-84.33223688994377,52.5624095970297
153.3203125,-80.76976737061582,18.83866239860088,-87.11603864712026,-128.0541516525075
153.80859375,-80.99557649060421,-162.0652503250488,-94.20315893338096,56.47899364687883
154.296875,-86.80427225733128,3.906243029185473,-94.34305409075621,170.3794375561297
154.78515625,-86.72326672115781,75.15998940308086,-88.30780862101679,-36.34428020822308
155.2734375,-77.66011091112594,-118.2339337077975,-87.18396998556133,126.5276855169268
155.76171875,-74.7229897680634,55.39758932226362,-86.52927155172222,-65.19712504694418
156.25,-74.73103086405216,-143.4969487619134,-87.30302664536811,102.5818118120252
156.73828125,-76.45071415635334,11.7504182041029,-87.84118347591281,-92.1065987271067
157.2265625,-77.78242104848451,172.7420976249415,-86.57351216340309,88.48582049302667
157.71484375,-78.66492366914085,-10.70156158004144,-84.76115846852137,-89.84737640111143
158.203125,-84.18788890737318,-169.0063586542161,-82.44313079483305,90.20893606365141
158.69140625,-82.00964941583713,83.87546592955584,-81.32141274957132,-88.88914104904887
159.1796875,-77.14692928497732,-88.52019141724888,-82.24080427028568,89.53409614426153
159.66796875,-77.12717805886211,100.4517840441217,-84.72008439526928,-102.2705695522738
160.15625,-81.86202415967597,-69.00067833839772,-86.82522082476355,35.62221568286197
160.64453125,-90.5312427656016,57.64201398625223,-83.70238135460673,179.9663799823703
161.1328125,-87.28603277713461,-154.0900909267708,-81.13950191145545,-12.17069112611138
161.62109375,-85.23806639976939,43.86613769592378,-79.55721516095028,161.5913554068647
162.109375,-81.19230974534818,-133.4128902912565,-79.66666435399426,-16.40300561519153
162.59765625,-80.22602117406441,58.31732035765411,-81.77335485371943,170.0794690674424
163.0859375,-83.72910784923009,-94.32268879192934,-83.68656690693527,-5.337760571404201
163.57421875,-101.4614665489506,-118.2464280432194,-85.11151670037522,-179.1879009649012
164.0625,-83.00773012190375,92.36754229898351,-91.30094478681445,11.50176305628979
164.55078125,-81.25334065899443,-105.3956912525517,-97.49612064893334,21.57368586957708
165.0390625,-82.84558527580208,67.61637036624266,-87.29135328022997,-161.2132818346151
165.52734375,-94.20260971305488,-95.32333017839339,-83.48239461561421,8.859142536447093
166.015625,-89.43401654288989,-105.6768602055825,-81.34554586329705,-175.4051761497889
166.50390625,-86.94134575626194,67.14018806061435,-82.12258919293298,3.704410764343065
166.9921875,-88.37111538325237,-103.7849562391903,-83.39270546256826,-175.0363602293343
167.48046875,-86.79771894439951,139.4168872602376,-82.79442771963375,10.15284326328247
167.96875,-83.0858319571513,6.500124141215061,-82.18333839115496,-167.2450846905851
168.45703125,-81.03710871115558,-152.4038673613274,-81.0370140750709,5.075637872478041
168.9453125,-80.79783615470355,38.07606517583776,-80.17002463630155,175.0724170251046
169.43359375,-82.05032375047782,-119.2014257113101,-80.26992360333614,-16.02827246481915
169.921875,-82.45117499750761,102.6445300297659,-80.21156931658139,149.4947569318412
170.41015625,-78.93996130550386,-59.89606357869204,-81.65082027698026,-51.31985923241442
170.8984375,-76.39538299989037,119.9601441425598,-84.23781720304945,89.28705400590127
171.38671875,-76.41745644906084,-53.42832050700104,-83.80127998870451,-130.019901449617
171.875,-78.04523883268455,128.5299524873985,-82.14259141298335,29.00160309371861
172.36328125,-80.58392036750885,-67.51145764135723,-81.91374246309198,-166.4992712255288
172.8515625,-84.27868434437059,92.29357048857112,-84.01829053794054,-4.854967565251408
173.33984375,-84.0308121536934,-92.02008254170981,-87.77696817806019,147.3252681788318
173.828125,-78.19836150267787,96.21362151661259,-89.65253835444584,-63.27096520066344
174.31640625,-75.00400326276993,-74.58155850725136,-94.95509377575632,128.7524573605424
174.8046875,-74.33430716575361,111.9285412985065,-97.52055315881211,64.12613646595157
175.29296875,-75.24322007189157,-77.33899045800595,-94.10363392516068,-61.87199120777352
175.78125,-76.98066181484369,95.00346256720962,-89.30196905701847,140.0073474119863
176.26953125,-79.3717752930791,-73.48369666501,-87.93743060363056,-22.92647409673598
176.7578125,-80.93050414203917,106.3258269569919,-88.55596143400042,-149.6219586324023
177.24609375,-80.51384601777312,-68.40168985157652,-90.23862913771845,81.41935605944158
177.734375,-80.83967213558297,130.8539909452993,-88.71120038231791,-34.329958036196
178.22265625,-85.49740123811888,-43.00883918940445,-85.34741942688071,159.5466208043967
178.7109375,-92.39004561175186,105.4501646434635,-85.41285602867271,-11.89952549068476
179.19921875,-92.86285987915498,-123.6548172252527,-89.611868588116,170.3854400225404
179.6875,-88.11372834428389,57.76573463728639,-102.7938610572359,-26.73639848492952
180.17578125,-81.16882384216095,-105.6537403250527,-99.25004323021017,-53.6530141927442
180.6640625,-77.77514516817133,74.66830280259917,-91.93115008143074,134.3344974573924
181.15234375,-77.8439414246107,-104.1046838520658,-90.13924429953855,-44.14715058230222
181.640625,-79.42202141182266,76.61406019775767,-90.01186322269203,134.0470607892335
182.12890625,-81.54401849908281,-113.1782482601728,-88.0043824030603,-18.13985230479418
182.6171875,-83.8866828023472,74.43123039367075,-85.34149874862254,174.5938778601771
183.10546875,-81.27589315056916,-91.48564620612339,-85.29097990045665,-7.646734009472281
183.59375,-77.0710928826596,91.80035738037944,-88.02119338164913,-177.9539811174432
184.08203125,-76.62851161111652,-76.81219437350801,-94.5522476554801,17.21649973045545
184.5703125,-80.44293123111076,126.1864774663806,-116.3285325833809,179.6204826393187
185.05859375,-85.37714254899919,-5.003733788005127,-99.0435202629469,-156.3705682178664
185.546875,-82.08321698663683,-106.0870467932976,-91.54600401310454,54.03172545123581
186.03515625,-77.17586576377566,96.60117205042214,-87.92372953025024,-96.81391897697944
186.5234375,-79.03460247096379,-73.04887661946228,-86.18798314190043,95.36325764046947
187.01171875,-85.29642959305455,138.7321820902343,-86.80662994319027,-96.50428123307361
187.5,-86.75139451974852,28.31585499284988,-92.05472875146441,63.35064648071371
187.98828125,-82.49116400753125,-118.0390323809023,-111.575494086156,127.1444101064614
188.4765625,-81.61589107403461,65.76686410074595,-96.51971308569371,-89.41815724812669
188.96484375,-82.85702656647048,-103.3318263954982,-93.14716674332706,88.21670022570464
189.453125,-81.40107925136049,94.96897714768507,-92.49305313029458,-124.7977482789468
189.94140625,-78.96161084080504,-76.26371485785097,-93.48138697298691,11.78233748644282
190.4296875,-76.87413712982406,108.6789916667151,-91.80094769921257,164.1958310134261
190.91796875,-75.76070010018965,-63.08481563519673,-90.65764872899666,-39.14720889441175
191.40625,-77.06135590193492,137.7513157939011,-88.45365995425212,118.0684060896531
191.89453125,-79.37393657015883,-10.16778453212989,-87.46119349083551,-52.48869490898394
192.3828125,-78.53484864651404,-156.2059155824654,-86.45257732830132,146.1791961943381
192.87109375,-77.5802260690114,58.49763895181648,-85.14378609101838,-21.72726341261291
193.359375,-75.97677759124599,-75.38977296834103,-85.73295663496052,164.0840469179078
193.84765625,-73.43591022027408,125.1549272008881,-88.58600819502435,-17.89396935131974
194.3359375,-72.9232246037347,-47.47660223401841,-91.16632058194281,132.1900754334717
194.82421875,-74.53241132923053,136.3549044705861,-90.91099089938696,-91.93531335573829
195.3125,-77.16552882979666,-35.59199683073324,-93.83578188454939,71.925398258288
195.80078125,-77.50793098021208,172.9218028398365,-98.43301181775226,-58.29748387514023
196.2890625,-76.76350602556577,16.79012624672927,-97.05813461064085,157.2750272140631
196.77734375,-76.75123482021858,-153.4177592103387,-97.12065766558626,6.157531988763719
197.265625,-76.46082237727282,26.61279905419238,-94.99223465073132,179.6242851415908
197.75390625,-78.68560404185166,-151.7040594427916,-97.26824111547148,-0.1035205589486603
198.2421875,-87.09368696169997,15.16136082930914,-97.42759680567814,-107.1874683348253
198.73046875,-87.51769819948487,100.7429682436088,-95.7375775849009,93.79975269746824
199.21875,-84.95919859029875,-113.6831536849922,-104.9667106740583,-70.39739767275623
199.70703125,-82.85444661880264,23.16348152617793,-99.43606570867551,-35.48154207836006
200.1953125,-80.26745539769365,173.7110267893049,-90.63994581411103,153.20767298492
200.68359375,-78.76749898284655,-35.31738966625439,-90.9684740639901,-20.88421153246609
201.171875,-81.43805037682141,113.6634788180549,-96.38078274234941,-145.8730454542804
201.66015625,-84.51929094520081,-141.016374319965,-87.87192763366818,91.74740992365017
202.1484375,-80.26825550473524,4.881317132211698,-83.06003768586183,-75.08371890018073
202.63671875,-80.93622175504244,-179.5747134736008,-81.56059807007493,113.9621455285273
203.125,-108.087267900311,-172.9139365380613,-81.91065985129498,-61.2290568189631
203.61328125,-79.38900947830845,-0.3417214960525387,-84.33822481594022,129.3250023301997
204.1015625,-75.37883670715436,178.0559412444915,-87.30302604264133,-25.85282020198281
204.58984375,-74.84250897303595,-1.000832838342479,-92.25059980691523,168.5875047190874
205.078125,-79.57618707706628,-177.4295318137509,-101.9112167719368,174.7101363673776
205.56640625,-98.34595945305179,-110.8473831383803,-89.77364274726186,24.19972443309805
206.0546875,-79.65372819527286,24.19243252076749,-84.70721007036276,-124.3858869510184
206.54296875,-76.2386148908527,-154.0347376402702,-81.51900296238745,68.46219685668348
207.03125,-76.85387386117564,35.39308780342907,-80.77824426681056,-97.56214407376397
207.51953125,-78.17327162196462,-137.382691355157,-80.67252473660514,97.69060151373441
208.0078125,-80.84975849541878,41.48619598002333,-81.14672916585918,-74.97371727627878
208.49609375,-92.60157485527188,-154.1966275556372,-82.08040229845729,117.8847789685704
208.984375,-86.27192171018243,-85.90048101460025,-82.39511039276064,-50.59159978171304
209.47265625,-78.847896420732,93.66272053911075,-83.30811220067253,135.4531098813934
209.9609375,-75.19508908075326,-93.2441536051317,-84.76731524062501,-32.83365995766712
210.44921875,-74.75630066302232,90.85139016974003,-87.01217112845036,163.8133146914768
210.9375,-75.14711062862909,-73.86289459492589,-88.55908906764078,19.40022403373266
211.42578125,-74.0901591723718,115.6609884035477,-87.35678014437966,-131.1120099616975
211.9140625,-73.5301897751399,-52.35775176042441,-87.63062976289321,74.37839112572057
212.40234375,-74.29052423721107,145.3681967038912,-86.63114579011835,-82.41486442540592
212.890625,-77.21685085049174,-19.61202895815585,-86.57459746298127,103.9561707736583
213.37890625,-84.52607163595587,179.3079527487551,-89.02006334747439,-67.20261667711341
213.8671875,-91.80172529352862,104.3738775797623,-93.83381964688175,120.4070506730587
214.35546875,-86.64453632650164,-35.19547605514628,-113.8682803142252,160.9637622590303
214.84375,-93.93823719206654,-156.7961969223761,-93.17024073738723,-61.06577960284022
215.33203125,-84.6326474142039,178.396267606149,-88.71511546973099,124.9444684316775
215.8203125,-74.40930125071796,29.38188908013913,-86.56677644652817,-48.25771939328084
216.30859375,-70.27626628931388,-138.9473200412417,-85.91201258625084,122.5807053669651
216.796875,-68.59565006539721,52.35659886403071,-84.51100570408565,-81.77268310520888
217.28515625,-68.60048668787691,-117.7972640226681,-82.52555913195053,72.74771857619027
217.7734375,-71.20135495281728,69.17934946544288,-80.94915006825789,-127.8540118007388
218.26171875,-76.58751346938554,-111.2832093426547,-80.97774641894559,39.80160639373067
218.75,-84.75920947691735,40.58466392816655,-83.42081720523147,-144.641290380543
219.23828125,-84.36893807252315,177.4675159045379,-87.08765320528985,38.94450677701635
219.7265625,-79.59771400120819,-3.28345614904197,-90.25380508684231,-138.6898869962587
220.21484375,-77.50226581307301,-174.336057764357,-91.70084582855024,49.20930150889491
220.703125,-76.7721632684252,33.22569659744021,-91.06008821375201,-121.183526663042
221.19140625,-76.75430074107234,-124.049529500488,-90.40722448243442,41.4847947773543
221.6796875,-78.73321778382311,62.93966063809925,-88.14438169840915,-167.2890562017153
222.16796875,-78.59080498831652,-118.7848713734173,-87.62931252505992,2.634148133345311
222.65625,-78.13465631678007,57.87538775584725,-87.82831161562626,-178.1220083162033
223.14453125,-81.16041764657213,-148.7781077789622,-86.52590527046405,-8.801206782017152
223.6328125,-82.43160434402519,-13.45799664899912,-88.4723018169616,159.7265485965308
224.12109375,-89.51827310813385,158.7688112150495,-100.3729488608026,-37.18131494025637
224.609375,-85.73671776260078,174.7728708081603,-98.00490351087005,7.698732291201323
225.09765625,-79.35741314159431,-4.16338263375315,-94.10743162970502,-177.232052393248
225.5859375,-78.14325339926077,162.1531907895512,-92.99081300101292,-16.76366566533207
226.07421875,-77.07571743649881,-22.4010551750951,-97.12337009742842,144.3784929648244
226.5625,-78.31352170431251,169.0448079273655,-94.01156905112362,179.5563580363531
227.05078125,-81.84699999333847,19.73305727749337,-85.58103659489531,0.5988667632487822
227.5390625,-82.00512227292208,-118.8954201132663,-83.01818607476014,177.2228993274784
228.02734375,-82.75553225629579,76.74906989369303,-82.35047401737866,-18.94397517980574
228.515625,-88.80382445910742,-105.8566113883899,-82.364190546459,145.9466363194467
229.00390625,-91.64088117522374,-41.98941583969027,-82.41211359696044,-45.95943000257218
229.4921875,-81.46331968784276,128.1449951201618,-82.35759446078852,115.8246823854954
229.98046875,-76.40985750311594,-35.81746779442633,-83.2563501311955,-83.92047981608596
230.46875,-74.04463669910234,160.4323856279433,-85.92457694536773,71.2924543617231
230.95703125,-73.53690747843407,-5.314362047835026,-84.93670843515638,-141.9234412416541
231.4453125,-72.51490900190778,-177.320241431755,-82.73148993606384,20.96189164062652
231.93359375,-71.58050109205112,3.715058252380077,-83.51707360981669,-175.611137152019
232.421875,-72.26188158959022,-179.0617381707309,-86.66578389009267,-21.99476543728703
232.91015625,-74.89980227915322,-0.7431695177861183,-89.90964385518298,124.9681217844313
233.3984375,-79.73888456430498,-172.7175825486023,-94.76090886662931,-55.21414871770597
233.88671875,-92.02031396699583,26.65340499380856,-96.98607939128874,-165.7832575631482
234.375,-84.13890335444199,12.03723175418853,-89.49406908079999,52.80484427050148
234.86328125,-81.05206558627859,-166.0169996024077,-83.58045399756648,-124.3546750556684
235.3515625,-87.062649216343,42.43203146176874,-81.92091047995127,52.34196466934586
235.83984375,-85.87603710445114,-67.37616792976037,-82.18856347051612,-132.8412908628588
236.328125,-85.16584140237541,139.2466881856077,-80.37945474124558,39.440139024495
236.81640625,-83.73381685958839,2.147768713614352,-78.63077648505238,-146.7127048930238
237.3046875,-82.73482131192891,-154.0157602882765,-78.22486127923271,30.58913652231055
237.79296875,-86.38307805856029,45.48727202455225,-78.95030467497399,-149.254174547846
238.28125,-85.10648610946663,-144.3538864825026,-80.77716647121918,27.0185641882763
238.76953125,-80.61944014899035,17.98916642496686,-82.60181463902879,-155.0783584943757
239.2578125,-80.85354134112617,-171.4538639560961,-84.20846469993842,25.33603542076148
239.74609375,-82.91958156743638,2.864240982761056,-83.95754113774721,-169.1469911630161
240.234375,-84.01223236185447,-170.1341663044963,-83.5952484905566,7.63493610812459
240.72265625,-85.89039904607489,46.27745611640923,-88.45280800276893,-163.4184705585378
241.2109375,-83.36395471113831,-68.40162762571487,-103.8633792296083,-98.64152134746874
241.69921875,-77.96968888903339,132.754102105989,-89.29722911537323,21.9586377090034
242.1875,-75.84210877385929,-44.33886079170101,-84.23403333938616,178.2150319955617
242.67578125,-75.64194889795957,142.7409425975775,-84.1224077889273,-17.02588591500728
243.1640625,-76.06939441396783,-31.15181796020056,-89.49104974239549,126.0956849191496
243.65234375,-78.1867987042955,147.4353092957266,-91.72384020303022,-117.59229100367
244.140625,-80.46116966454198,-49.44961692018984,-90.75958286252272,21.81465078160818
244.62890625,-78.11172307931828,100.1770668011327,-89.91216021055399,168.5332877064648
245.1171875,-74.82036509675103,-97.33734884742074,-92.35976062801157,-33.59640787869217
245.60546875,-73.50605235441569,68.5141127865533,-100.1539525729668,-173.9315224451274
246.09375,-73.6679529398227,-125.339919132218,-93.89236384867205,92.44900426340729
246.58203125,-76.37460539427164,45.82012337623986,-91.56544060895681,-79.01481260242936
247.0703125,-86.93878796993414,-151.2896406060482,-92.7991750981444,69.5399953088653
247.55859375,-82.90122275611814,-128.3790346394241,-92.05427728783826,-141.1931432140329
248.046875,-76.6167811225325,35.07449910546011,-92.44690787919737,19.48019614983019
248.53515625,-75.04619547813678,-153.8742572461217,-93.74747375367818,-164.0002833056871
249.0234375,-78.20567668744064,17.49823718147966,-95.69867129092324,41.59750307351358
249.51171875,-84.93262238660024,117.1418405536685,-97.93615312604439,-65.87583493472643
250,-77.40020318893036,-98.58096728805695,-89.94140877389015,-176.2078948821288
250.48828125,-75.42400122811932,84.72274224482392,-84.22721777837242,26.04822739335509
250.9765625,-76.31419974187105,-84.05966775769214,-81.94403975882383,-152.2863010728341
251.46484375,-78.1024300081056,137.2527631598336,-81.79607742682472,27.7027305117435
251.953125,-76.57118469529277,-1.921666947831396,-82.48677863565374,-144.3571746019509
252.44140625,-79.043752397605,-157.3041613976758,-84.77910153578904,31.424308367954
252.9296875,-84.59532709162184,60.72107254276962,-87.52783759421285,-160.2247134908365
253.41796875,-91.6773496146148,-85.0024862722213,-88.20626635223107,30.68155367987945
253.90625,-92.96279290418735,-176.4034028872359,-89.86390805202933,-145.526912114285
254.39453125,-102.1713652260834,152.5102223859957,-94.59906917094608,44.85330357060992
254.8828125,-82.29007141545847,10.44626008553308,-93.25842492443165,-81.73504709912373
255.37109375,-79.81445882467187,-158.3738139871276,-92.45266048041549,130.2369090357663
255.859375,-83.07501012325159,27.25053813973678,-95.64307906475699,-21.2780895182269
256.34765625,-88.63818341594181,105.24822083698,-102.1257914941772,72.33363735960567
256.8359375,-78.54995787771556,-104.9334571735404,-91.24730018184501,-164.7142308182956
257.32421875,-76.19304707045795,68.64298116727034,-87.75051505642578,-12.7581930536299
257.8125,-75.56302350874938,-124.0147768698953,-86.49060887183096,155.8264420227711
258.30078125,-77.12772213679979,40.27217953381877,-88.16456263740253,-16.84304076289243
258.7890625,-81.36659074993972,-163.9938317305831,-92.23165002068532,162.9453882548708
259.27734375,-84.94792341314444,18.12233715680875,-98.52114413520214,-61.34899789261051
259.765625,-82.66137599464611,-94.98540744483876,-94.8328047834783,31.81116757154121
260.25390625,-78.17661842983665,124.2063670813404,-90.05548083724034,-166.8594173330468
260.7421875,-74.99160132215867,-27.42828809061949,-90.57376331483026,16.30493807251587
261.23046875,-72.80090221582066,169.4731727072104,-97.40669804298365,-160.0740013883449
261.71875,-72.72209147281626,6.434017055209139,-95.14015582397255,-79.50730805865057
262.20703125,-75.12917943730821,-154.15713338566,-86.76403676932469,112.5599881203799
262.6953125,-81.12471372207006,66.96896772005269,-83.87165973586242,-51.0243350866827
263.18359375,-77.88896457496662,-38.9105544066103,-82.07226877163347,145.8244201772126
263.671875,-72.40158033216835,156.8174736036543,-80.32690335794926,-15.67504479945383
264.16015625,-71.20980702767309,-21.63016694562275,-80.646699601259,-179.0285154810118
264.6484375,-73.34581934372746,155.2097445097211,-82.37724685866247,12.00909670289213
265.13671875,-75.51906095413317,-32.81990303235256,-84.21517824278837,-167.8227927050067
265.625,-75.97675080188333,138.932149936792,-87.11059765781849,-6.063881544344762
266.11328125,-76.65880169530101,-40.56405140786686,-87.16292878062676,144.7818065895853
266.6015625,-77.88305801300248,149.9465905513019,-86.20917262811076,-36.43262863000695
267.08984375,-80.65134137793694,-15.70162931204851,-87.86419951356037,140.4144904594705
267.578125,-86.03147599957508,-149.9082860267707,-91.04293039842219,-64.26022660286891
268.06640625,-83.290806046692,97.38027202493998,-93.19139114519271,102.6936927470262
268.5546875,-81.60357730546883,-53.60581896066551,-94.10971737333709,-82.39629229685987
269.04296875,-86.26263797300376,137.5319153543365,-91.49370183760527,91.1813664040716
269.53125,-99.85824108203832,-46.96909400696229,-90.13513957035535,-51.05823880142363
270.01953125,-93.56857308762108,-159.9082213738497,-87.1634739756332,176.5216202154841
270.5078125,-97.85967471658311,-12.17044222832542,-87.37466059606305,17.22339591220155
270.99609375,-87.26563491092627,88.33986268117047,-89.60575141941355,-137.2708552924261
271.484375,-84.74024137318602,-86.27152472980369,-86.75736283712,91.18392289921628
271.97265625,-84.79672967418909,56.09382849441955,-83.35165130507431,-59.41632886650618
272.4609375,-82.07953214895305,-146.8815053170169,-82.83251590208009,133.3151576985734
272.94921875,-83.42867031697294,18.78251585518843,-82.62874866875273,-54.16667707962213
273.4375,-87.11430611647131,-170.9107176210675,-83.07402101831423,113.9773960506129
273.92578125,-95.87711353072996,-172.7054031972038,-87.01110216187448,-81.36806077210635
274.4140625,-81.30680779160454,26.69956777029279,-91.79025616100745,62.83333477137511
274.90234375,-78.5881984655452,-141.9582689947658,-95.49004516759987,-151.6391694800905
275.390625,-77.67637400930521,60.29767517353843,-95.9164640531996,-17.15684818327994
275.87890625,-77.01796696484121,-86.87377913074114,-93.17922028229742,152.79018264575
276.3671875,-76.19969976764206,123.5234606895189,-98.41459691632278,20.81767020378692
276.85546875,-75.10328246961799,-41.77106074876979,-95.00940178172408,-75.87133037153563
277.34375,-75.72184385446738,149.3040183175981,-93.09838427140113,-179.6914612637577
277.83203125,-81.53455019690355,-27.1288727616129,-85.69037424959775,29.08335903659449
278.3203125,-85.1745870223767,30.06161287234712,-83.29103525655306,-147.5330152715014
278.80859375,-76.19209704546326,-171.7621649614325,-84.2006783377572,27.05285955426478
279.296875,-72.72298961539637,-2.398225636971011,-88.70782092536126,-176.6107331147338
279.78515625,-72.17960618010017,170.4294324778416,-92.5055819080962,-90.83496387703923
280.2734375,-74.7142410270496,-21.88001551747056,-84.83628087224345,49.76535876866025
280.76171875,-79.11580661671562,128.3800861972225,-82.65567136988523,-143.4961566971758
281.25,-81.7389697770583,-121.4732458892911,-82.56510394059858,13.35175861491403
281.73828125,-77.69843391188158,19.99116968336527,-82.6976918857566,177.2752190010512
282.2265625,-78.64234672070477,-170.8751870766396,-84.76978610917635,-4.767230379476104
282.71484375,-81.5388470023658,-7.162990163583119,-87.64130140914662,174.8452525754438
283.203125,-81.22332330904612,-170.8301536816375,-89.55895878532958,7.402784351888807
283.69140625,-80.89258722320471,51.12859842187489,-89.11320281367416,-148.8900992303905
284.1796875,-80.16496710892039,-92.95015551162557,-89.88701371369901,20.41856921948372
284.66796875,-78.54805515321181,79.27082969269816,-92.31665152794355,149.0341789138738
285.15625,-78.37708732308643,-116.1673426211301,-90.4829746457891,-79.97123298404763
285.64453125,-80.42705899458994,56.8507535034862,-88.72112704035766,81.70471635316629
286.1328125,-80.77319994022055,-138.4776563551102,-92.01654357649849,-134.3596316158671
286.62109375,-80.64963213229299,7.624971890297259,-89.29273661364773,-41.48550193362763
287.109375,-82.15921814533129,-178.2344038368492,-85.3146585473344,105.5191857610865
287.59765625,-83.39735040154818,36.72697563505583,-84.91556808229689,-96.47303138248509
288.0859375,-82.59236188542241,-179.4721909759752,-86.96287173434604,57.65339885983138
288.57421875,-78.6989912196785,-33.03451213943791,-86.91145031547688,-163.5588534000717
289.0625,-77.52717451831225,139.0110992029522,-85.05969928052222,-0.6285871651844505
289.55078125,-76.05981638332798,-41.40193392084264,-84.65183159199677,176.9569913811581
290.0390625,-75.78736948580007,139.8031343342845,-83.83659552715244,5.211836140664464
290.52734375,-78.84067455873156,-35.25364999863472,-83.2896365520326,-169.5450693684714
291.015625,-85.17415581430345,159.520346875462,-83.67339633158856,-5.938954332713358
291.50390625,-91.06028061264944,-105.4953591953278,-83.87095890341257,146.6610369673111
291.9921875,-81.31871731121878,24.45669232351949,-84.25549060069932,-64.6591549471202
292.48046875,-80.88662912204326,-163.4103942146209,-85.33893663935729,85.46117233752983
292.96875,-87.78840837747828,43.5065020015034,-88.13361949624891,-138.2790878598458
293.45703125,-83.17175620591402,1.643687619464135,-87.76837083139813,-4.501999148284877
293.9453125,-74.2083001891335,-174.2626765845025,-88.08353028672019,136.13351810998
294.43359375,-72.02222188035608,1.661767222899612,-88.50631600619877,-77.23583162361335
294.921875,-73.56304935733422,-177.022183923622,-92.11829097412993,101.492838420418
295.41015625,-77.41396352252936,3.988199876095718,-94.62698875033253,-19.92597916083323
295.8984375,-82.32121255390879,-165.9371429258119,-91.46411092962873,-165.8119379955623
296.38671875,-85.92812644241242,55.64892472912882,-92.50241269578166,-6.630076939501786
296.875,-88.58885140267823,-110.1300236785805,-89.25767907288282,136.9031552514915
297.36328125,-94.64068816375931,26.35731067624835,-86.70558328671767,-48.1544153732398
297.8515625,-93.32290748625333,109.8003386159604,-86.40031013304085,123.5711170134442
298.33984375,-85.08137529853207,-101.5648707392982,-87.64645933847474,-44.33684598382261
298.828125,-81.62863352399582,55.67508210758879,-86.5782842244319,172.1601417436642
299.31640625,-80.29515134896084,-114.3138001082736,-85.43609335898962,6.371794337252889
299.8046875,-79.34696059692327,88.67204067534445,-84.92178494532371,-162.3192818814939
300.29296875,-82.59469657913272,-103.4168820541016,-84.15028235067675,26.02394085685363
300.78125,-83.89651004998083,69.09842651611984,-83.6132563659595,-153.9724232225115
301.26953125,-84.24947434627896,-75.56642972759893,-83.37910281198235,32.05895675957073
301.7578125,-89.55934341340429,166.8727496688012,-84.79180799294049,-142.0524257361526
302.24609375,-83.96250233630548,-11.42375330139108,-88.98187612658953,23.62677135269734
302.734375,-77.12698147838977,142.7591200637569,-96.39411305196582,149.2004801888378
303.22265625,-76.62431612222009,-49.08054964206323,-93.02604545608197,-100.4359497309787
303.7109375,-79.38011676921583,122.6890753641126,-87.99687543608407,79.67289353271114
304.19921875,-82.31922878200992,-79.51033416673206,-85.82595406218444,-96.54140465230557
304.6875,-81.01609438784352,38.84200717132914,-86.56771499691645,90.66041840914771
305.17578125,-78.59462825750738,-177.2651038452548,-88.19698469230772,-60.4108181813522
305.6640625,-77.9830637360828,-23.40554207058182,-90.35336496069209,177.9977224584268
306.15234375,-76.41135089103119,150.732016772892,-86.17692936145629,56.75429215629106
306.640625,-77.79762427223045,-29.9595701243371,-82.42803007194894,-119.3783677737608
307.12890625,-81.85350375784053,120.6541454365116,-81.04789443972733,51.25582555613398
307.6171875,-84.8007373879323,-69.75296992070416,-81.9691866796751,-135.5849780899002
308.10546875,-86.27574947721774,-150.9236862260056,-84.32737835360103,41.22694284119437
308.59375,-83.23275008314303,38.67827439696021,-87.4768582229047,-125.1015026000034
309.08203125,-84.20890240498643,168.0636554001165,-88.32460718442479,112.1858137520232
309.5703125,-83.31485443951757,-35.64376136030234,-84.3255312381738,-31.937071455404
310.05859375,-87.06892060903789,96.16423043824965,-83.18206886786047,157.6127636075693
310.546875,-83.60067826571458,-149.3628123323521,-84.80325881201071,-14.2784977099229
311.03515625,-82.30416002533684,-14.76190635407573,-88.10713368401829,170.2874076331402
311.5234375,-78.76868031202503,134.2970972206662,-88.61313112405114,-39.46959682561717
312.01171875,-76.76068193235709,-47.35944062670774,-87.48958965903117,121.8559563160119
312.5,-79.22849311447375,139.8882003671439,-88.6958742362569,-73.14793572365544
312.98828125,-88.75534825336216,-29.09805124726912,-88.11016699260148,111.2226318846867
313.4765625,-86.68823160448839,20.70638896736061,-89.31578773686427,-37.52081362434192
313.96484375,-76.59736338688086,-160.1888176271781,-89.57430282211261,-175.7514379016584
314.453125,-73.16592577586187,22.33505493545257,-87.80459665726084,7.921279203093603
314.94140625,-72.8002605825865,-154.1771384240272,-85.99988310614987,177.354148206601
315.4296875,-74.51037204493798,28.30171450533127,-84.48158061501955,-13.32441006798047
315.91796875,-78.78172801837421,-168.9708834029887,-85.72946521466476,152.9103665603851
316.40625,-79.06231911972915,-40.4987438452009,-90.95319765368855,-28.06201506350488
316.89453125,-78.19544524858594,120.7311727399175,-91.48217265298118,-141.9656608835916
317.3828125,-78.99699818540121,-72.38392006792301,-86.87519931180591,76.58275175991314
317.87109375,-80.10425490775496,94.1668504683787,-84.84409111017618,-84.13241595124055
318.359375,-85.0772167317603,-114.4797149317231,-84.99189064023628,91.15700732123918
318.84765625,-88.58459497901961,-20.82543332914621,-87.32183534637569,-102.5934707015774
319.3359375,-85.93660855635825,97.05192748893451,-92.06531365951015,93.38115039166837
319.82421875,-84.76961377947204,-137.1627152748127,-90.99974932814467,-38.85576744380332
320.3125,-80.1591764150063,19.7554289751843,-87.54076492500033,156.2142151000666
320.80078125,-76.61587899226976,-157.7347261536937,-83.20551585022692,-16.55906792052902
321.2890625,-77.63740455930605,19.46071912941433,-80.90143410461296,167.2893641474929
321.77734375,-87.4459979404327,-175.1141751918005,-80.93015685073141,-15.1234929336354
322.265625,-82.70914977399416,-164.140153193107,-81.59328856485656,159.0597804516083
322.75390625,-73.17116256671029,17.54164765403794,-84.16998681060385,-20.23529733791406
323.2421875,-68.93836659960786,-154.5326785730823,-90.58123825511218,137.8498121714918
323.73046875,-67.95084060040124,32.69635266460904,-90.38200183697202,-113.4213573173181
324.21875,-69.38183134990001,-143.1096812226331,-87.97230511440661,34.25958760597815
324.70703125,-72.27559965015297,42.35988333166656,-85.79718971468289,-153.514488971375
325.1953125,-76.448115992111,-124.0527278304818,-86.70088302450124,36.92431879382076
325.68359375,-84.96722576524164,56.45686803402301,-91.56856403483644,-140.4004448318027
326.171875,-85.1367273640966,156.8809519326385,-94.77041113858326,19.97706681285754
326.66015625,-80.67626354238806,-17.17694565200218,-95.69494716371426,-163.769685010564
327.1484375,-80.02526142502114,161.920878242388,-93.52759826543611,11.79430458987924
327.63671875,-79.93626173817628,-43.29610749287059,-89.77747063617113,-169.6920256537146
328.125,-80.57223902879454,88.60124042342362,-87.60570186049434,24.76486632510728
328.61328125,-78.04674082264106,-134.5080440696513,-85.27980431906707,-131.7682860646486
329.1015625,-76.99394684130212,47.66275533682323,-84.3478604977257,60.6932130674729
329.58984375,-76.81867113244701,-117.1480641741111,-84.7456748806801,-107.9804701216174
330.078125,-77.77865797437511,70.24942140235737,-86.58534449205911,88.71111685054598
330.56640625,-77.23205309517083,-102.8226400242434,-93.25464165648992,-47.23383653340574
331.0546875,-76.1350928576051,79.35198440939092,-91.33619264018347,-174.7275724264442
331.54296875,-78.4111107213416,-108.3603992392681,-89.24520614597148,-2.872410182872225
332.03125,-83.72286129379535,39.94755149882126,-89.79905293266373,-179.2223077713932
332.51953125,-90.37026926081077,160.5158021494319,-94.0812230809024,18.7737954397078
333.0078125,-91.08935376674489,-73.10183889686854,-96.92735930010713,-80.76733893006305
333.49609375,-85.96229674130103,129.9628050911903,-87.76304292917135,130.0821805014562
333.984375,-83.34267874836071,-50.52910085141188,-84.69816691440093,-40.74492133356086
334.47265625,-85.73915758391541,111.5413317443176,-88.07922139814249,153.6332150480374
334.9609375,-92.07346049508106,-100.9341070837712,-97.03266845111625,46.35043306304011
335.44921875,-92.54536762369844,-14.59259837959696,-90.32670549354323,-65.36933701535879
335.9375,-92.05427444374033,133.197855214287,-84.22349839303992,131.3733307393306
336.42578125,-89.97570114476211,168.5471617980966,-81.55155160764275,-42.65880628848373
336.9140625,-81.90884665161634,-33.62353712981893,-82.33746260265791,140.7792823742408
337.40234375,-79.97894652331881,130.4578606655903,-84.94868733177836,-42.7750291093395
337.890625,-78.47731226053384,-55.2510936767745,-90.24549517806972,115.4206097197367
338.37890625,-81.00910310224319,129.8417814817192,-92.74310099382194,-147.6623399915121
338.8671875,-82.27157102917636,-13.56537110322892,-86.41661233882296,-7.385944528764329
339.35546875,-76.39987308784671,168.1366040121069,-84.3672748449456,154.3641883251625
339.84375,-74.70269137657789,-20.39771375113286,-85.99790249798815,-49.5682188840002
340.33203125,-75.41958588607059,164.8933595648363,-87.40429362960543,90.98765730024101
340.8203125,-77.41468483471999,-1.399375698993341,-87.0065995865601,-115.0508467135137
341.30859375,-82.78965543244026,-122.6946778711149,-86.78245386321385,42.38428854198565
341.796875,-76.5691950420152,106.5323779027614,-86.20479636905668,-170.8785858410031
342.28515625,-75.30904728024083,-67.86149604885516,-85.61428839383134,-20.61922300049337
342.7734375,-77.05189285413334,124.902009168935,-85.8936910218152,158.4867164716561
343.26171875,-78.67839630814288,-34.7230063279855,-87.25268848162237,-21.60111752081473
343.75,-79.71605996400858,154.9276310490587,-90.44756777162625,119.9599228172187
344.23828125,-81.22454013975356,-19.15803214268694,-91.79449785198474,-125.43655359845
344.7265625,-81.72769115437283,179.2352280061934,-86.85281873451869,13.72402533230937
345.21484375,-81.27554639735854,0.7960747055420142,-84.40520560873976,-168.131728705431
345.703125,-86.21763468390046,175.1006469851911,-87.68735183264823,4.455531626089736
346.19140625,-95.87641028245241,-166.3133045258162,-90.44749828699676,126.939099597303
346.6796875,-82.30276595276892,20.26530185893377,-86.69839191329356,-82.96461646588983
347.16796875,-76.74646394998399,-169.4848237937827,-85.7116797131759,77.20310663334229
347.65625,-73.95422461468317,-2.876038183021543,-87.31940598658164,-100.4449246969836
348.14453125,-73.99182891536582,160.2141572667807,-91.68372968067376,131.5352599141909
348.6328125,-74.40999419700228,-44.92503553487163,-93.25113118109056,18.32073733494676
349.12109375,-78.59797343135281,118.0328911444903,-94.33910735526791,-120.0494983473018
349.609375,-83.91473139238067,164.898211718096,-93.08905873721903,92.89202222192469
350.09765625,-75.49778631691174,-32.25099600590991,-89.71944106334654,-35.14437894974596
350.5859375,-73.49458931537494,149.2765924391548,-84.7410394357692,170.789535764253
351.07421875,-72.57048015813575,-23.78197835044861,-83.6047986837948,-20.95665899090633
351.5625,-74.2009045475062,171.5658950734971,-84.55311282973273,146.3433015850024
352.05078125,-76.60425393328238,16.28577423581394,-87.29308303637748,-30.10531448169768
352.5390625,-80.37908585994801,-163.8015665648172,-94.44080987016532,142.512537476025
353.02734375,-85.49349370321757,-75.28650124781876,-98.37532033590533,113.6147674971557
353.515625,-79.53111404951285,69.46972867992216,-89.01814771527,-74.2061932042203
354.00390625,-78.50968048537173,-117.394544877257,-87.40863902911416,99.57268985385457
354.4921875,-77.79754548342079,49.62710772379834,-87.12709290691114,-104.2701846364033
354.98046875,-80.07646283278328,-126.3297178026836,-87.68121777713738,42.00581754633263
355.46875,-86.75671244702529,75.62460395962719,-87.72329620619941,-167.9274137372212
355.95703125,-88.19577413320877,-151.1435617646632,-84.47555328220845,7.859875592565666
356.4453125,-82.9311560068798,28.02325094463209,-82.72706793746265,-165.8167667368959
356.93359375,-81.32321206262964,-147.0696416649381,-84.82421625577118,16.70211128027855
357.421875,-80.7846886089259,9.72001317464886,-86.91944681952427,-150.3065161707304
357.91015625,-81.25695111810458,172.5695707470298,-86.10373238603233,53.67431887622359
358.3984375,-84.85356826318207,-2.507448114961464,-88.30584883322409,-104.597851840929
358.88671875,-95.85331104588512,142.3485063588719,-90.67884200871279,99.1685252029384
359.375,-90.92762320853312,-86.91696449903964,-89.72601569227359,-79.71894381358868
359.86328125,-91.06413204019475,167.5632824082696,-91.26277849209447,98.42950577616591
360.3515625,-93.06325288097216,-21.0960857743328,-107.0527755056595,-52.4563929175449
360.83984375,-82.38945603912853,95.70128669832071,-95.03988568415781,-119.0654571010863
361.328125,-78.76391249392863,-94.00670942153383,-90.05990312919506,42.69676776430736
361.81640625,-78.02363626175428,70.57320077415136,-86.21118677794455,-127.352886111671
362.3046875,-79.71667488540434,-114.338410439598,-85.35338680252639,69.65658761421068
362.79296875,-89.53060359190999,73.06661787073965,-88.7559507039572,-91.03898752390445
363.28125,-82.90600591722161,15.33625528786832,-91.24747871835432,142.6595425427643
363.76953125,-74.76127378903922,-162.9482385995257,-88.16785364403475,7.999178708567427
364.2578125,-73.11837336832247,16.01322285460429,-88.81487905623814,-150.9864151574361
364.74609375,-75.2302110031067,-173.0138918669374,-92.48274932302132,22.90941694885448
365.234375,-80.55447932592742,-10.76032024384884,-91.92507387750689,162.8907712449077
365.72265625,-89.94761675919931,113.2010702721066,-87.12523378753177,-43.6496055797957
366.2109375,-83.11364949537054,-124.8745772006691,-83.58322450682188,138.1626093968973
366.69921875,-79.6987619680978,51.32134718560459,-84.02283537337362,-30.78270745971558
367.1875,-81.29378793343506,-131.177796845143,-88.01914825175515,155.0098626078126
367.67578125,-82.46112787674582,56.61959413280044,-92.25009806756937,-31.33533896101541
368.1640625,-81.55336697658163,-134.3688704215403,-101.4059431949921,177.2951907305777
368.65234375,-80.65720354917225,17.64601244119945,-100.8973246237098,112.8543569251845
369.140625,-81.07524664305348,-159.4295630842513,-108.1924818648771,85.48667881649558
369.62890625,-80.13269024126851,44.69280965235244,-96.199270658543,-46.19066538221758
370.1171875,-77.02996727148381,-134.2225979348549,-94.55091119595778,160.448230456212
370.60546875,-76.16463657636865,36.97928018334134,-96.80770541516083,18.83559912765595
371.09375,-77.62739784664804,-156.9473095103106,-92.12827169508003,-89.50008647569628
371.58203125,-77.39398037654524,11.29419846750748,-85.86709844072951,100.5456716991458
372.0703125,-76.93549515998475,176.8601861467608,-82.48365726532555,-70.48484036761464
372.55859375,-79.48294463751827,-22.60360299341681,-82.01696876398717,120.0116448296104
373.046875,-92.16845731244729,175.1392859380097,-85.51393266795245,-54.19336688783623
373.53515625,-87.32651612704436,114.4762912130948,-89.82810009994665,139.911584934785
374.0234375,-86.01824209677203,-43.81058206306692,-91.13182174348294,-10.8589158102036
374.51171875,-83.09238568831159,139.8191658971564,-91.25042645031374,-136.446105497553
375,-83.41755709278216,-69.01156355522399,-88.2314501792544,71.36096261053615
375.48828125,-81.63639592978441,56.84361610021628,-86.13972541764304,-99.89845961018267
375.9765625,-78.17380265092685,-132.499704275635,-83.0434284489253,87.99580447400997
376.46484375,-77.05614855292461,50.09234417279229,-81.20121977636478,-91.51937335479644
376.953125,-77.70451379262732,-125.6565289408096,-81.24056263528365,85.76192676279346
377.44140625,-80.6340623469676,56.45793618432501,-81.68996796714734,-99.18487407186591
377.9296875,-88.27351142488745,-173.8900885742227,-83.22740674456045,77.46535805545433
378.41796875,-84.16814484900131,-67.85213042597759,-88.58897481702122,-90.27679471399743
378.90625,-80.68686468942838,103.4740255114553,-90.85871993013538,150.1103776080295
379.39453125,-78.11719320199123,-62.573318267424,-85.35612908265655,7.157370145565186
379.8828125,-79.37969614994336,135.5923366014243,-80.71219234670161,-159.7929916104885
380.37109375,-84.95833894466827,-53.87399214571127,-78.56201230426939,21.33353891447648
380.859375,-83.14938573080175,92.63989492895968,-78.98374285046059,-156.4287462000121
381.34765625,-82.39122661172105,-96.64835422969199,-80.92748945375735,23.9899139660721
381.8359375,-81.30998558335143,59.69473438831586,-84.62707735740145,-163.5285998659025
382.32421875,-80.30047268290831,-119.4107801825304,-93.69560375810801,-8.799199942814253
382.8125,-82.29809514478055,58.96195300306017,-93.46460197459898,104.7171849339649
383.30078125,-82.65174605526481,-156.5648224840625,-90.0614157011332,-85.70351564471328
383.7890625,-76.97636211265387,7.829492188309101,-90.97467682215745,82.79237591181486
384.27734375,-72.54369366048013,-168.472129387907,-92.59166578938698,-57.03307866954316
384.765625,-70.75260530456326,15.95944564662671,-88.02878974532081,158.7882923088281
385.25390625,-70.22615473947292,-158.9980739369491,-85.87819863450616,-9.151520446715171
385.7421875,-70.46682473661639,32.1227345239992,-85.2600903810729,-178.531330760237
386.23046875,-72.21686632832247,-137.4293716095561,-86.95414216361269,13.24629958305722
386.71875,-76.60516902461696,38.36531701874026,-93.34450356727555,-141.3220879652443
387.20703125,-85.67734604984159,-153.1645817550121,-92.41349003139024,123.0173473217454
387.6953125,-94.1192910236928,-118.4824481044846,-88.02601781016946,-42.37546776548931
388.18359375,-83.69179999679542,57.78766476622724,-89.302840185954,148.3709491247768
388.671875,-81.81438738356475,-137.4790431896837,-92.81228073885104,6.062786544484882
389.16015625,-86.08959136949474,43.00071792755201,-90.11971245084895,-104.9267152860756
389.6484375,-85.96896246177778,-54.65226621260383,-83.53002285336841,103.9021435152473
390.13671875,-82.12358243004026,122.7907015628552,-80.47048607164179,-68.81979750230303
390.625,-81.40116806349172,-71.14085468021949,-80.1100451305753,117.9565871819633
391.11328125,-80.69465210177002,112.8098310758049,-81.41425988759639,-54.63231469155681
391.6015625,-82.63810636198738,-59.89867928075107,-85.94193670802059,124.9204216148153
392.08984375,-85.42002887846775,157.3746781667691,-99.94805549976881,-80.29645020559781
392.578125,-80.33749227226414,7.339712237792837,-98.93068046845961,-68.56495160636855
393.06640625,-78.09854978848375,-160.7082355506566,-91.39260407464219,83.08428178405093
393.5546875,-78.45119115152251,35.07613937845497,-85.57271697718556,-106.6308390579769
394.04296875,-79.73622380394799,-119.7672447350757,-82.66890963257626,61.00489317506469
394.53125,-80.71294042977669,91.78519083800177,-81.4881209408277,-123.2012845002963
395.01953125,-81.41233864021521,-69.46005491269521,-80.67446730339803,58.7857984058067
395.5078125,-80.9237106510387,115.4201055419535,-81.46257452335192,-122.7163270708327
395.99609375,-79.36773649992135,-67.24264343874533,-83.78185187360144,61.12448636219544
396.484375,-77.59892088553089,111.0713739926181,-85.27946714734495,-104.7896211736697
396.97265625,-76.65192680980201,-71.78889340270466,-86.51042349676295,107.1647937918143
397.4609375,-76.87649862372876,103.3223787792137,-83.93127989362884,-42.51243071539906
397.94921875,-79.10426992345023,-87.46231431531675,-82.22020813862308,140.1045786210503
398.4375,-81.81544715673893,43.60344494398785,-82.27684475241254,-38.80764311913145
398.92578125,-78.85057643446187,-166.4096837913726,-83.34328910084309,140.2166733456203
399.4140625,-78.09689260825245,14.40329341648185,-86.13645475212742,-51.00384570721862
399.90234375,-80.02888343606529,-157.7262520742206,-89.69072586736795,126.7871457148541
400.390625,-86.52196486401186,56.37828262711036,-94.12408835617732,-34.05204429290446
400.87890625,-85.91907809223764,-32.80607528712373,-103.8493333097895,-150.3638831732127
401.3671875,-81.45050488422903,168.6671976522508,-98.13477899578007,129.9860191033798
401.85546875,-80.08379499807587,-9.231752350387946,-94.2703881005956,-31.69786259507338
402.34375,-82.73912180855626,166.7725344102583,-91.33780561354919,155.1150286161064
402.83203125,-94.97331028352717,-100.631690483132,-89.44966690053576,-8.046511207634717
403.3203125,-80.59666162682817,9.988944266220843,-91.44583464944965,-179.5042582790578
403.80859375,-74.74450299126437,174.4213672089402,-89.15428201806685,-14.5209230341978
404.296875,-72.62733352576315,-20.8081618708569,-84.35496928923989,161.1567920064844
404.78515625,-73.61121856986676,141.6382136295015,-83.52075823609076,-25.08179664045316
405.2734375,-74.87103965026132,-68.94935368152193,-83.09569032045518,142.2233382217835
405.76171875,-74.22779857086211,81.19941733789611,-83.5267290410159,-53.65238524562794
406.25,-74.73882305918747,-106.9887819074737,-86.60278669500308,98.72492913203247
406.73828125,-76.73201393221498,94.3190794027178,-89.17425402325689,-110.8373273551949
407.2265625,-75.98262138310209,-45.70619140412859,-92.33763855678089,53.58879952226787
407.71484375,-74.03876698921729,157.7388075009542,-99.84226181781112,163.6207674687571
408.203125,-75.47077379734621,-11.29901641414257,-91.63444514023693,-94.172862429598
408.69140625,-84.03571537633418,-178.6067302073685,-87.05029352787591,76.62069621506872
409.1796875,-84.91487566486596,139.9323466542974,-85.2172275702184,-93.52683833733185
409.66796875,-78.16889291343489,-26.3915538735727,-85.53282774789767,96.64274332417624
410.15625,-77.62109480738494,157.2520216007959,-88.26414839227526,-80.27195496505411
410.64453125,-80.6712514948064,-39.71598523884197,-96.35488098093772,124.0756244043441
411.1328125,-81.79993373411318,109.3648106435007,-92.5021316930512,53.17603913325072
411.62109375,-80.17036946549058,-91.69633732620109,-88.28155262113353,-107.2463190858907
412.109375,-79.64848841665255,58.90273910174436,-89.00187722959549,81.71917962035657
412.59765625,-79.27263979005131,-148.5250525150508,-91.87089234668582,-79.82395956541967
413.0859375,-77.09628226157717,18.62795002520375,-92.40344552827841,151.8042276480935
413.57421875,-75.45911234930621,-173.9320856252922,-88.28268374791777,3.303603621149357
414.0625,-77.14153600797501,0.5963236604674602,-84.79910719358493,-169.4357253870655
414.55078125,-83.42807917600015,-146.4795364887493,-83.71124611102167,13.98411161501567
415.0390625,-82.78083029322443,94.95948108794612,-84.91970045963365,-156.7223231808279
415.52734375,-81.18728927397188,-70.52439683333837,-85.23870385855048,45.1956585262208
416.015625,-79.90910160207184,105.2030862692659,-83.25675109100186,-115.48898423312
416.50390625,-78.90276668825261,-99.79794974983402,-81.42256400115295,71.57328642913059
416.9921875,-79.7317227726528,56.57341650457626,-80.41699827696299,-105.6059660614009
417.48046875,-86.74792403951854,-136.6993843180548,-80.60417418269118,79.25452894509829
417.96875,-90.02280782182069,-130.6197748116273,-83.37246209448436,-100.3431772244212
418.45703125,-78.73516042374473,46.91701062929589,-90.65888285925929,80.55985915225291
418.9453125,-74.44617532184363,-136.7189722661957,-96.33602914079943,-27.90073879477008
419.43359375,-73.24618526860681,36.15653531370879,-93.31809084487105,-178.0523550198587
419.921875,-73.55144274625383,-155.2136176316009,-98.44801096456492,1.6235830960647
420.41015625,-74.24292956769622,12.20765701567759,-98.7463303488199,92.32803700321655
420.8984375,-75.80247580678331,-166.0164004298539,-91.48727021319048,-111.402701464784
421.38671875,-78.01650279863317,46.50543991316726,-91.00766075760015,48.08596181166759
421.875,-78.4029645794637,-89.92608543484656,-99.17681582845263,-170.8711299090205
422.36328125,-76.93058230513464,121.3806224428103,-96.34844975688894,-100.8680542480655
422.8515625,-75.13948391232313,-44.35977983976074,-90.08297948667987,73.96336697344658
423.33984375,-76.72659843603705,145.1217081661265,-86.0182679893589,-106.3384853183655
423.828125,-78.94547170713579,-33.05476900322073,-83.45923684815746,82.7828033867056
424.31640625,-77.16885360912792,133.0916593068303,-82.38103491018185,-89.14448903898162
424.8046875,-77.78350366822869,-58.17280110271261,-83.46298864567316,84.93694607347429
425.29296875,-82.33294493040555,118.5614584580159,-85.20989306636693,-119.9309690106698
425.78125,-87.78674739212177,-37.84270787993843,-86.08146594405852,27.99934337285104
426.26953125,-91.3257823954869,-87.13538189711856,-86.7846161509305,174.7567329710467
426.7578125,-80.92622651445608,124.0585794907904,-87.63156301456772,-26.61538054871523
427.24609375,-80.47474272375393,-55.99924991243228,-92.48938503052446,160.1191243419723
427.734375,-80.12393098363711,127.3341834184598,-96.01178751643958,25.22707991575142
428.22265625,-76.88033469664728,-49.03758444309881,-93.03709264019572,-149.30628194028
428.7109375,-76.4933068005878,122.7652264090578,-88.18567111970606,28.77781590295084
429.19921875,-78.19599539000671,-69.83402117066856,-84.81377495231487,-158.9126175646297
429.6875,-80.16982963546224,102.1338634847053,-84.46641463451834,11.58698110831452
430.17578125,-83.39721777796436,-95.35369784262936,-86.58401864699194,-172.187286982559
430.6640625,-84.6453973473204,82.77492617110865,-88.6092253338313,-1.908236455573223
431.15234375,-81.11781015543002,-76.4497725003226,-89.20759739410151,156.9447137581616
431.640625,-77.61297879656023,111.8058942855048,-88.1800849531259,-34.91380624549528
432.12890625,-75.24480757173092,-58.32980233465383,-86.20085754596701,151.8479444016456
432.6171875,-75.19359224293267,123.4554856149099,-85.39895316728706,-20.71673997251426
433.10546875,-79.81144916534309,-41.38895977139718,-85.9957446715474,167.7234908654481
433.59375,-79.9242614048203,-156.5730471795211,-85.75020064954816,-7.053670074892127
434.08203125,-77.2501214562151,46.56743143361362,-84.9796551912908,155.140011536255
434.5703125,-75.26048809275572,-109.8154755742098,-83.70977759233283,-49.03258533159316
435.05859375,-74.62521185011967,85.5222901644542,-82.65500411525733,114.7382277771904
435.546875,-76.43341201883676,-76.90116291487904,-82.88965370704672,-79.84888468422544
436.03515625,-75.70550433339376,116.9285485865434,-85.28050402256906,81.00641274566864
436.5234375,-75.887241502563,-66.99780216765444,-89.50295703731042,-123.4922788582721
437.01171875,-78.14378520198116,90.63513222424392,-94.49169918752908,1.435955548872831
437.5,-77.40636446259609,-110.9631726684427,-90.09723587338223,125.7181569353925
437.98828125,-77.04437198249698,64.96705070232065,-87.55725720542856,-75.32443234127966
438.4765625,-78.71319562943032,-120.542859049681,-88.14195884165242,95.81381064376714
438.96484375,-82.00055383293987,69.42266375106338,-90.09597890239802,-81.53201516282169
439.453125,-87.42361280556388,-56.81221410868373,-93.56953063216493,83.82216271202384
439.94140625,-85.55777863410211,-151.2927029762224,-97.67218027670259,-176.9115835248971
440.4296875,-79.56678867494317,46.56308177580561,-91.87566608171976,-60.3170277480943
440.91796875,-76.87531569485799,-135.8037662352313,-90.77824083490384,89.0053974066231
441.40625,-77.6905437269814,41.45498949141018,-92.01007479614171,-119.5435567385169
441.89453125,-80.91193267664799,-133.2876629326475,-90.33047759272077,54.14186750106816
442.3828125,-83.78665248622062,74.47713122721952,-86.93614571781208,-131.8397982435304
442.87109375,-83.82566679118099,-59.34833630620263,-83.78523467432225,45.57586230214819
443.359375,-82.44819279528437,156.0754841116785,-82.25809736432794,-134.234917498046
443.84765625,-83.00034995845886,-10.40861632472701,-82.96879278689993,35.3768368645847
444.3359375,-81.68727619862018,-171.166172141431,-84.26282161109127,-161.8873742092905
444.82421875,-77.24103211858464,35.82237609176879,-86.1317036216888,-5.849151035145269
445.3125,-75.0408256070189,-129.194096741456,-86.6167157085752,138.8475781396442
445.80078125,-74.22547406631719,59.7016662432107,-86.79002276543429,-54.14405055365575
446.2890625,-72.70172951186944,-112.178271636253,-89.43404671162784,143.8161257650581
446.77734375,-72.46560572594144,74.0202828161581,-89.48488134292745,-1.453305893532253
447.265625,-74.88373271588524,-113.8573460028502,-88.73205034939717,-162.0416850309747
447.75390625,-78.30018605645941,38.28852888522574,-87.00153977000551,42.06385842306853
448.2421875,-81.3380512776555,-175.4063206487506,-84.8816102361797,-116.5715495033558
448.73046875,-81.20422728029899,-24.33061733086754,-85.36319253080448,74.88440558774016
449.21875,-82.87608083785341,160.5171381907228,-88.4857328560898,-105.8261711202738
449.70703125,-82.7320535953713,40.21560733063055,-92.82583174120626,76.46360025318741
450.1953125,-77.04077197525001,-128.725818214888,-101.1051915213097,-113.1405294091177
450.68359375,-75.75507580173705,41.76980282516067,-101.0148998644358,-95.02654149258281
451.171875,-77.1245497470136,-149.3757618168811,-89.77232744909207,48.67498133154057
451.66015625,-80.13308710279057,10.36263495227789,-84.3344445428579,-150.1115567005913
452.1484375,-81.3695672651497,153.3532790503232,-80.97387064042321,16.82757707836578
452.63671875,-80.72076708449706,-18.53762728628393,-79.51877798964733,-161.9622015011823
453.125,-76.17716728752941,-168.3651725196788,-80.84775859790173,21.05747368684267
453.61328125,-73.02442382162162,22.4745817269669,-85.30577490528091,-176.0540995671432
454.1015625,-73.18505895909023,-144.8062760463743,-90.64616504738217,-32.93063708493897
454.58984375,-74.60415340088767,46.77690488849505,-93.85241697396715,94.73363559953032
455.078125,-77.37189126258697,-105.2419057364892,-88.58967107205217,-98.29062929813573
455.56640625,-75.58003390817278,120.9056637093129,-85.47298071804585,87.12840342969982
456.0546875,-75.23506289215516,-61.41813194498342,-85.83462881021995,-88.84348654967215
456.54296875,-76.61661383428441,87.49724099531032,-85.68617515795344,103.1922339550913
457.03125,-77.54247065254965,-110.3089711134175,-83.11072665209824,-63.95829811662176
457.51953125,-81.41000305684747,62.08272365649322,-81.81748657881245,128.9296554335384
458.0078125,-92.10619447150094,-97.33161304132621,-82.88164960819498,-43.81939368150709
458.49609375,-82.68565914917738,-179.8687994391597,-86.98457699171698,122.616192737432
458.984375,-77.08205277187604,-6.274638594269213,-92.40563384465159,-114.7659426691729
459.47265625,-75.9838366600909,158.1206298598112,-87.85360672058056,6.72843784348822
459.9609375,-76.58412719024879,-42.37347749225583,-84.49984953958469,179.2424273660461
460.44921875,-76.73545112111016,115.8090711919348,-85.51815157664893,-2.040483161493357
460.9375,-77.04814793904389,-71.95429313694962,-88.83437303326062,173.3723107643861
461.42578125,-79.02482676604592,105.360123014095,-92.60540129933617,-19.52967620900252
461.9140625,-81.26249969212651,-91.9583056103338,-96.43526047935393,112.7298854094697
462.40234375,-81.8365446332016,64.63347818129856,-94.17072018151185,-80.49560573475826
462.890625,-81.81648107886463,-117.4771195452894,-91.16803677310621,105.7483362340976
463.37890625,-80.30068474866768,73.52418989881858,-92.96503839789062,-76.84707107014574
463.8671875,-79.05711751470041,-108.3433847506632,-95.55065983266913,172.1078358069632
464.35546875,-80.5900203620406,59.68134053045788,-89.1252987076483,27.25634366264606
464.84375,-81.95227059098698,-136.6340754893303,-86.38014116909078,-133.5074030318617
465.33203125,-85.78085738218563,35.59873437168483,-84.78635678630951,51.97846547816372
465.8203125,-89.02996073504168,53.05003770371335,-86.00119468134595,-124.0369477020751
466.30859375,-77.26774741537817,-135.6428698090069,-90.24590002443614,76.90744572423137
466.796875,-73.95998480469693,37.55868440977956,-96.54933530728832,-53.29105039768368
467.28515625,-73.71322843252804,-148.7853358509964,-94.42555166004308,173.12873391771
467.7734375,-75.83496066753209,27.73501114140871,-97.97720630419995,5.724179307435207
468.26171875,-80.91224720162445,-173.5340519060243,-94.29876885447217,-32.96283838852649
468.75,-82.89134654771557,-25.22753829588687,-87.09875123839649,151.9675522374788
469.23828125,-81.18499227315802,166.2265182304797,-85.76632482722124,-30.34535825091065
469.7265625,-78.61759514632769,-17.33664450569363,-88.4782783314855,151.1422356680898
470.21484375,-77.25761606680017,152.7569342013394,-102.6289395573982,-34.73067987688854
470.703125,-76.85297820095572,-36.89256513586183,-95.61432479347594,-22.59964570625793
471.19140625,-76.1468604285711,122.9962379144912,-90.38498837642011,158.3257450042996
471.6796875,-75.26348969975045,-71.0759259170087,-87.77545932398262,-4.244774344687731
472.16796875,-77.59969754350224,101.9062671165062,-85.98125838393577,-155.4877482558946
472.65625,-84.87332099774669,-106.4967067839869,-84.68335062947858,45.41426120345939
473.14453125,-88.50248813986796,10.76748925711192,-84.54760764644385,-133.6645026620811
473.6328125,-83.54224593112535,149.6306553542061,-85.02690402569127,37.54932511286484
474.12109375,-78.8249641645364,-54.65902729179857,-89.25968377154904,-147.7069401752277
474.609375,-80.42657143349793,100.409861486057,-104.6456545576375,-7.595219112407388
475.09765625,-86.87106004589501,-117.5882470602861,-96.62463196397987,124.1363815509066
475.5859375,-87.6156597987796,21.95743566050905,-90.37382414381815,-46.8143941279443
476.07421875,-81.6383022612637,160.218424334662,-88.80029104683636,113.9647349522887
476.5625,-78.14662800199643,-45.92767358263828,-89.28914925375429,-62.22242001454755
477.05078125,-78.84318743173212,116.3783026120846,-89.21875136885532,146.1271044927449
477.5390625,-77.4491340377631,-72.75422004670642,-93.65372069598908,-21.914642254598
478.02734375,-75.03549228741005,109.8310838257364,-109.8921542890916,-107.2142339877879
478.515625,-75.18595061722112,-69.42999643608472,-103.4961555444446,-15.74566756836302
479.00390625,-75.55072949225455,107.3008068800685,-91.9919026348648,143.5307695438264
479.4921875,-75.70932029797257,-80.03478844230914,-89.52114282454779,-52.01238025705325
479.98046875,-76.90471165404011,77.72582058635801,-89.09042212763076,127.4964767313351
480.46875,-77.05969365608945,-133.2776073394872,-89.94689347022293,-27.78007133984255
480.95703125,-77.19196674571913,26.40162806257601,-91.12936321180236,175.0660665353365
481.4453125,-79.95588257783137,-169.4535897920433,-98.33974995539546,4.476397028190443
481.93359375,-83.58439271312361,-55.72906918860302,-108.034301506344,118.3028777117185
482.421875,-78.55288406596932,81.57268846534808,-98.96497267881698,-5.738634103773568
482.91015625,-79.72088269374399,-100.0198482486183,-94.53294783084817,-133.5639079530154
483.3984375,-84.31696124030437,82.52721069601307,-89.90746708220014,85.01374680500808
483.88671875,-87.85374417428514,-135.6111038004919,-87.06615819182188,-88.25458071039337
484.375,-85.69526221717462,5.327694438081124,-89.6324591741792,95.63422697899483
484.86328125,-79.39458904215974,-166.8752055476758,-96.71254262300863,-41.62175067153582
485.3515625,-74.35363590455906,25.83319424293841,-95.81468807706923,-162.5661704431386
485.83984375,-72.68528981495403,-143.1432207917363,-98.32042745836803,40.14828989207046
486.328125,-74.03272469830245,48.32235256213981,-97.69663090058364,117.3479607693609
486.81640625,-78.52110420329051,-108.4039618742618,-88.6612197973654,-72.26466545442442
487.3046875,-79.29910533683815,121.2675824358103,-85.85753034800247,103.315071814323
487.79296875,-75.29780366505372,-40.15069234679581,-84.80953922402087,-81.78629714293514
488.28125,-73.49833591735839,148.4430524534793,-86.20686249578353,111.6516940591752
488.76953125,-73.32849329433171,-15.99063744737612,-87.97858868044659,-47.7619845681407
489.2578125,-73.79243204903185,179.9007086940028,-92.78802143217951,129.1729529274835
489.74609375,-75.65916439885974,20.74638528006934,-108.2652320821852,5.67267654029335
490.234375,-76.29928061431318,-136.1922947308281,-93.29594942411893,-73.53471363200759
490.72265625,-79.92225582668594,41.78059377837921,-87.94447021962401,120.3015461350018
491.2109375,-98.44950888242363,145.4967021141117,-88.91205708687721,-71.95894176604992
491.69921875,-86.56973020925571,-171.8005908891636,-92.04196525458171,74.4612877510358
492.1875,-82.690611575932,-35.4591308802978,-95.37598987932121,-124.3920469423923
492.67578125,-80.0368666217243,115.7196591581747,-98.77638052797194,91.66152669837254
493.1640625,-78.4133558807454,-73.10622271357771,-90.61622628203313,-58.41291392074569
493.65234375,-81.17023058685393,124.5090892779561,-86.91494432085918,116.138638529176
494.140625,-83.92805669146472,16.66790417973074,-86.40008337325941,-63.62109371247289
494.62890625,-80.01925223637741,-123.5158116424401,-87.30777457840091,128.4867372261031
495.1171875,-79.44408637441184,72.63427075619794,-90.2281911969355,-35.6217929683364
495.60546875,-81.70046664149213,-79.71239747972614,-91.2837911393411,170.3296453606818
496.09375,-78.12345953578388,148.4000668785346,-89.41610364010526,-6.081741204998081
496.58203125,-73.98121974313825,-22.63829969740582,-91.21291828746971,142.5893312903173
497.0703125,-74.35317360999358,144.7534554882544,-89.25657692467253,-80.04575411051616
497.55859375,-74.76492863682122,-61.89887798782145,-86.16538200386313,99.24800051644493
498.046875,-74.57536496832351,102.5085667129854,-84.00675432172241,-83.34828434202694
498.53515625,-75.88791431635163,-91.46174915668108,-83.53926063026704,95.17750590271098
499.0234375,-78.23190853654165,79.94374048554049,-85.68940859161114,-78.3480306709246
499.51171875,-80.1523121067041,-88.79647053290566,-91.25139422404965,83.42221409105765
500,-79.75705979508828,100.0247757849047,-90.78008880852367,141.0406653213476
500.48828125,-80.09456990082532,-90.44937085543219,-82.21530631360037,-65.26068521038674
500.9765625,-80.91472955871474,88.04379945546751,-80.37293203654129,115.0121486266419
501.46484375,-82.31587519711991,-63.99941788737028,-81.3300207583891,-67.70847333881493
501.953125,-82.72275755257881,138.9889315023129,-85.5003895188496,100.1189549632426
502.44140625,-81.4306334494723,-35.58850858927513,-107.6133243187927,-145.2123338089463
502.9296875,-78.05234757357745,153.9451213105906,-87.75319172922104,-70.3301621003648
503.41796875,-77.10706268162278,-35.66696928768819,-84.76044412485436,122.983305885139
503.90625,-77.81757640983135,114.5716089727309,-85.63466454641508,-56.35025614930056
504.39453125,-77.75164388951768,-66.07691672389254,-90.17973304777841,114.5555623600014
504.8828125,-77.78075673816426,119.9792645371413,-100.8745216105744,-4.049244810097584
505.37109375,-79.61830848485705,-86.26215379657158,-97.45196356226035,-120.4345897370632
505.859375,-81.33642050089978,78.42533311508984,-94.38354047915735,88.43819557015351
506.34765625,-85.91671980185561,-106.6496376002621,-88.9383913310669,-94.38195335439515
506.8359375,-89.41877733008367,4.808390517860574,-89.16702059082395,64.75873672645395
507.32421875,-96.30368614325505,89.99672189223321,-90.58965786809516,-152.4496154443301
507.8125,-84.05923948941778,-153.9102776876341,-88.38642350925451,-2.484823542562241
508.30078125,-79.58353534575268,30.40516660891633,-85.49049404894099,153.7225995757704
508.7890625,-78.0170499638331,-161.034939849264,-84.15221802289892,-40.27420305781108
509.27734375,-78.98374249506463,12.50036781290582,-83.11712502034285,132.6545503040126
509.765625,-82.2832626257244,-161.638842755269,-82.31667534974824,-55.29181006357189
510.25390625,-86.08543303113906,-9.153205943260204,-82.97542391145626,114.2352049704133
510.7421875,-87.58358365297423,145.6261446844012,-83.92808411155868,-72.93263149371639
511.23046875,-102.8020806293885,-82.71645158063995,-86.1116975845656,102.5646846692428
511.71875,-95.22583251458411,20.70099050483412,-93.83393522074387,-112.8410391736767
512.20703125,-99.32699975267585,-106.1881401372615,-90.55744412648249,-18.50990660431361
512.6953125,-89.44500009663294,17.76787145788769,-86.19320720752468,159.9384480090027
513.18359375,-79.08786131464404,-176.6001716660947,-83.86074350366086,-14.31377756834289
513.671875,-74.74474316499378,-1.963409343305979,-83.58067288227033,169.0413064846162
514.16015625,-72.87824976960464,176.363257612401,-85.20784747943924,-0.7893656480342741
514.6484375,-72.81996594959986,1.99115402414555,-95.10534919329237,-169.0448130568248
515.13671875,-74.85017229045987,-161.4095534709951,-88.16190230375418,-176.9718461807852
515.625,-75.93733601042204,43.64747860581306,-82.47538616922007,5.261974048676801
516.11328125,-75.31677311011964,-119.3457716567848,-80.08976546227521,-171.7881049856596
516.6015625,-76.63585640667073,67.60382547440513,-79.37046952773596,13.73709846293035
517.08984375,-79.62957194724,-128.2049247090399,-80.56645315022681,-149.7221813212955
517.578125,-82.30981860242758,39.37272861898107,-81.45332856428838,47.93577902500552
518.06640625,-91.66943105353015,-92.23870955774355,-82.24263485998371,-132.7699280470254
518.5546875,-94.17284736460986,-159.3996867980911,-82.81641177955771,36.42437911721632
519.04296875,-84.75686553771317,105.4364959785541,-83.58260734679311,-156.3230391056058
519.53125,-78.96867289526762,-67.70223329675358,-83.62494613180482,10.19322507879961
520.01953125,-76.89966765087357,121.4488974888254,-83.80760035631556,-172.968276913462
520.5078125,-76.51486284452352,-55.95854555220325,-85.19756882332612,11.45063210138483
520.99609375,-80.56770599353578,109.2769337633384,-86.32304443894922,-173.976456744174
521.484375,-92.71061846200897,-166.5913527193942,-87.49693888921641,-14.10293216915056
521.97265625,-83.45050655810198,-34.87200242081486,-87.57790935922904,147.2970806991818
522.4609375,-79.99371922199416,172.7408808501072,-86.74233662081571,-45.06375440570055
522.94921875,-77.46327839141443,11.43343076167004,-89.29519066523508,127.591166908523
523.4375,-75.55996284135118,-159.5940955985532,-101.0421665696333,13.5669064120965
523.92578125,-73.62611970302177,20.45618536389064,-90.40706709864928,-85.13021966314318
524.4140625,-73.95168218018064,-168.3106190169352,-85.65247544023833,117.6128830757741
524.90234375,-77.0362593634717,-11.77764225494262,-82.53032886604656,-53.14338666472029
525.390625,-79.04943047755052,126.6078457851669,-81.21381499446369,129.36794652759
525.87890625,-79.88231478402614,-73.76093706873411,-82.4266601783313,-37.78794058078066
526.3671875,-83.78756205252229,119.0898695351382,-86.53858030980959,164.8992579863392
526.85546875,-84.99446400327749,-22.55973077440976,-91.12786962202649,20.07001552361445
527.34375,-81.11914306379775,-179.511692565502,-87.97177629061352,-119.7240391819402
527.83203125,-81.28261746723814,4.33518215473958,-86.16382106798457,76.48643087372608
528.3203125,-92.66965148564644,114.7463294900244,-89.25828889912474,-110.6631031278786
528.80859375,-85.22037186463011,-131.7706464701169,-93.72921809294311,49.29194515843842
529.296875,-87.10706268126819,26.46428535859574,-98.67285064659356,-59.04770394948191
529.78515625,-91.77344185841557,-164.4808168455367,-93.6078265881528,154.6171061837286
530.2734375,-83.92333078619444,137.2519747197885,-90.89173443166609,-9.601372656931469
530.76171875,-77.81432221010844,-43.55671330909981,-85.80809127871449,179.7595745281272
531.25,-77.00251562794611,114.015126077241,-84.7557276944007,-2.757306189940813
531.73828125,-76.73363886444098,-90.72045791656519,-85.21645401067411,177.9225863267524
532.2265625,-76.93668273457901,56.16083594457537,-84.71469063257744,-6.685185556500818
532.71484375,-76.06019201586058,-145.1406756065358,-87.38840650728707,145.3301005941145
533.203125,-79.17812591822938,34.46839298819811,-91.43215580705271,-85.69227387169725
533.69140625,-84.21981922112396,-134.6622437318178,-94.20592146587882,43.88544750161147
534.1796875,-81.22460022345977,74.63629417041825,-92.3210958620151,-173.2347117612589
534.66796875,-77.3040065005145,-93.61995020190848,-93.41920468600415,-24.48943041940534
535.15625,-76.27258908603909,78.24232233387286,-96.89783208113477,86.48595538576809
535.64453125,-76.21516160291593,-107.7396646330933,-96.85386971330288,-145.1438112397351
536.1328125,-80.32568605394424,79.9678385469209,-96.36706155868251,16.60064523869627
536.62109375,-90.93716029220238,59.64805926547442,-95.5761157777868,-174.5504874004042
537.109375,-76.20512456904092,-103.8509582279347,-95.73844998008744,-14.07027658919537
537.59765625,-72.89223734612813,77.43375084383285,-95.63180023462149,-172.575600975137
538.0859375,-73.61749458646861,-96.22502225863786,-92.92494508937696,60.24388388414611
538.57421875,-78.04003135484076,99.34338808111643,-89.49461515025118,-88.95720814451958
539.0625,-84.48723620910017,-52.65140994942051,-86.35594177733691,110.6457477774042
539.55078125,-86.32614183826682,161.2424388169725,-84.55171493105357,-56.68234204507535
540.0390625,-86.17768615058252,1.81125043423971,-85.5681427668258,129.3649339704176
540.52734375,-88.02694998837885,133.2429753339492,-86.58681782573332,-48.63206632248315
541.015625,-82.54364937802805,-69.03576672238431,-86.839358381766,131.620240978025
541.50390625,-82.77306952654165,125.9960284885163,-90.38987906456202,-65.80488343720563
541.9921875,-82.8604473028185,-42.09331600546165,-91.17064780991241,81.82564690878202
542.48046875,-82.7547300448071,150.6017250831681,-92.50113113335772,-98.54523724465298
542.96875,-98.22443177698075,-10.04458771142779,-94.36570635318046,-1.65872552114912
543.45703125,-83.82195604573792,-18.39413976934857,-90.42257425335461,139.5256805343446
543.9453125,-79.85958907020927,163.3548483993282,-95.55823134440001,-89.22041167357601
544.43359375,-76.53658629343444,-16.52890133442321,-109.1449434650854,109.8056224787591
544.921875,-75.72193289880474,154.3202582706725,-93.84677363831811,50.68697594206822
545.41015625,-76.6315718661087,-43.62225652695842,-90.15178808763761,-122.3942031927714
545.8984375,-76.96746218698189,128.1199350138294,-90.48925441447187,50.3967342379912
546.38671875,-76.79291913288026,-49.03873373624148,-98.34914509781647,-124.399292236208
546.875,-75.41049780934328,134.8641122932944,-90.65644292369377,-137.8013826987513
547.36328125,-74.08606333566658,-49.27881263677076,-84.29249610857948,44.2385916386139
547.8515625,-72.53907213429632,123.8060361403161,-84.67614589677554,-145.4594115493478
548.33984375,-72.12358289640662,-62.20305544215412,-87.36338841292414,21.29374656737373
548.828125,-75.34700308520475,100.6833584876801,-93.54944361306516,-168.4401260607279
549.31640625,-78.95002879161375,-137.2340318090991,-95.42899676298791,-74.56731511225324
549.8046875,-74.75599665538252,-11.98890484481485,-93.96291544016272,96.37590086167528
550.29296875,-70.91958009253391,147.2846693951766,-98.67387068888918,-15.56446119841888
550.78125,-69.48742606151085,-35.42159463992883,-91.08185658213074,175.9199074875532
551.26953125,-69.5733155285881,145.1120688571517,-87.08937025754167,-18.72070050170268
551.7578125,-71.57429934282402,-39.66515214320815,-85.14294342237102,160.7240623116215
552.24609375,-75.56393194450848,139.5381108900148,-84.07143688951916,-14.02827402153712
552.734375,-79.89894285295645,-37.0562346214923,-84.41504028689909,163.8978062813769
553.22265625,-86.18655739011419,126.1061976214467,-86.13717242415981,-9.299242147088309
553.7109375,-84.58900064128744,-111.4110616390332,-88.1769239100929,-165.8449334508381
554.19921875,-77.12921895125224,69.88634949950327,-93.66739930455232,15.4115240286655
554.6875,-72.43012692282214,-104.4443428508922,-95.62147233004586,107.4905129570239
555.17578125,-69.67158405324486,75.98550494777008,-91.08154811201366,-120.0276625218371
555.6640625,-69.13265908952016,-104.9056417727028,-86.16962708217306,28.00400643726789
556.15234375,-70.40350266947762,74.48686295565541,-82.61003105160059,-160.1722185090929
556.640625,-72.85843261677103,-105.2079134075946,-80.26781137520553,12.47783449391048
557.12890625,-77.72258821266311,78.91529930592414,-79.50429739052385,-171.1599642752059
557.6171875,-88.59961576726791,-120.212377644429,-82.00668192895627,5.701485910641332
558.10546875,-83.578599761844,-36.78588849721935,-87.02460424935086,158.0647426513275
558.59375,-79.7708700963581,124.0835303917325,-90.37447636459602,-73.93405534885218
559.08203125,-79.14188424570455,-80.17682875149849,-90.98844749726689,32.3497431544219
559.5703125,-79.1157482686818,95.24999864214099,-88.69950972998839,162.3884901405165
560.05859375,-81.00555466103805,-86.93071395574461,-85.24457728570067,-64.53635444370134
560.546875,-83.69946041543768,48.77278523996398,-82.59443917941327,97.10340756761703
561.03515625,-87.93155095802808,177.6246503255674,-83.63995782606071,-105.406641145647
561.5234375,-83.65172623736257,-100.7116322172181,-84.27250454712657,42.26885971562886
562.01171875,-80.19500436388377,100.1700940532334,-84.73668057027986,-147.8655243076834
562.5,-77.23254139202777,-46.80677288619404,-83.60942965845645,42.58065788030511
562.98828125,-76.75864311987371,142.7885894587411,-82.45501065586296,-122.2918713636334
563.4765625,-76.54928327058133,-6.701174244144769,-83.74014530379529,85.21603777017371
563.96484375,-74.14733744146278,-166.5596068200709,-86.70766298043169,-59.30778072033066
564.453125,-75.51835080258944,24.01356736479993,-88.41028922114823,-170.8125893458764
564.94140625,-77.8614513194007,-143.2429176828794,-83.914101284422,32.89161836802319
565.4296875,-80.48840218423732,33.5872608713332,-83.69755685695802,-146.5205480936907
565.91796875,-88.84793701440691,-137.0275858329581,-85.2595432712714,39.25104241027287
566.40625,-92.85211804100165,158.6594718426589,-85.9667815389673,-146.898805593256
566.89453125,-82.30056544831848,12.90369341783943,-86.89869759552103,35.14442744561844
567.3828125,-77.00755409796878,-167.0756416771702,-87.39352423354767,-108.291147580158
567.87109375,-74.8760962526549,14.06293214942073,-86.13994530118057,90.57160326524975
568.359375,-73.81682240476833,-159.9300750811146,-85.04313190550366,-80.41858006419857
568.84765625,-76.41432010338109,30.19437491003766,-83.76907102890996,117.7236989910421
569.3359375,-82.36558477200072,-124.3248969938109,-85.75940426132405,-54.28931635740872
569.82421875,-87.953073719478,79.25310508264326,-93.09348535101475,96.09609410485972
570.3125,-99.23060680113841,86.1270785820118,-95.74345308779699,-129.877815483168
570.80078125,-84.22045455936079,-74.09227689946633,-105.2300810491777,44.22502315354305
571.2890625,-80.76441563595611,131.5112252128837,-100.4201342321065,16.24254425606813
571.77734375,-78.36832019506942,-33.51782056008246,-91.0150140419406,171.0205390002888
572.265625,-78.98449633418196,140.9950354360906,-86.40363001055262,-15.90195237536
572.75390625,-82.76050895019293,-26.83920058907078,-83.82166526996687,165.0650206320973
573.2421875,-79.06003178048832,-161.9319341992184,-83.96378055809514,-17.44376119118076
573.73046875,-76.45458638561801,26.26095601195807,-88.25671558522163,143.9300346389059
574.21875,-77.69327399472151,-137.5646081233254,-91.08067445624494,-93.46041485186161
574.70703125,-78.59221478072767,72.98429310719705,-86.77544800306143,47.82855261111172
575.1953125,-83.02254153287338,-69.71191488652083,-82.39856591164163,-145.5196674523583
575.68359375,-82.53985027485814,-154.4868722543702,-81.23354742132182,31.89991909247708
576.171875,-78.43467136172391,48.57165690009536,-82.41796463565153,-146.3061898703841
576.66015625,-79.6333138659267,-112.7099261423507,-83.12683008592067,35.58321647920535
577.1484375,-82.35514345498001,104.8750167436679,-84.96794760408227,-148.341257432932
577.63671875,-84.78028156267072,-29.96757507153228,-90.87253376449272,35.03611641222943
578.125,-83.01308473236737,-165.6794583368634,-93.28044630196453,-95.97520846974258
578.61328125,-80.16066345420468,21.57314251825417,-89.3164528744792,108.8013381853951
579.1015625,-78.85042424458885,-173.0530996601774,-85.78928161103555,-53.38482768684449
579.58984375,-77.35432998285904,-13.22823770542201,-83.64932711576431,120.4102731583705
580.078125,-76.63934096014873,154.6608329170068,-82.81454736020206,-89.21086240719967
580.56640625,-80.2237329387083,-26.47665172226782,-81.89154011344451,52.65169207764175
581.0546875,-93.7488740292427,-178.7616336265506,-79.22966494788037,-155.5615730507503
581.54296875,-90.64877533264595,105.54118193967,-76.98763612994796,18.37278056930263
582.03125,-80.91205074999127,-70.47611692971905,-76.81188565829504,-162.9629188308386
582.51953125,-76.98831321864392,106.5399101841526,-78.76332959139155,19.33037651654012
583.0078125,-78.28109823763533,-81.00287812088347,-82.350298211457,-145.1588760928968
583.49609375,-78.24466930950211,109.4966340391054,-87.16824252548003,52.24738099610004
583.984375,-77.26455586057348,-53.88085103163169,-95.80579110902933,-138.9885474871656
584.47265625,-79.54935958681952,147.4755043367048,-91.87389091431552,-22.97416750413387
584.9609375,-81.10662903955664,-9.229105292191186,-87.1495928534645,159.6236638924263
585.44921875,-86.70284772486761,-156.8162228313859,-87.66582191555649,-12.37048848907338
585.9375,-82.72410730788869,118.3562726878301,-90.09562134073256,164.6156490629564
586.42578125,-77.09640060400302,-55.13109191941786,-98.19824759608686,-0.1515203987594584
586.9140625,-75.09230105656313,121.4706794882768,-97.29954243197594,-99.86158321220327
587.40234375,-74.91262600072201,-66.27496925376848,-94.75608796296765,33.16090281323847
587.890625,-74.72814172787758,96.95220329099718,-87.84561909175446,-163.6200500807927
588.37890625,-75.44781196384687,-96.78996700457522,-84.00473392123624,13.95197193389527
588.8671875,-77.51799772027901,64.08810956936473,-82.85878610445059,-167.3678867079373
589.35546875,-77.38664818261739,-135.9231841307923,-83.53890895217823,30.16283532661233
589.84375,-77.38678061837442,29.192020160509,-85.68487984884796,-125.2444581393564
590.33203125,-76.78394455026506,-165.9392713195447,-88.67487110558613,79.63923526098523
590.8203125,-75.34371420097665,17.75082638392554,-89.01827940778121,-71.89134938025252
591.30859375,-75.10873346777282,-147.3315407124097,-88.75306807828254,133.2103105532451
591.796875,-75.32175182118139,58.564784192653,-87.59791727070315,-29.18400160083168
592.28515625,-74.20068973693826,-100.5740066489658,-85.79954329237809,144.1950551942446
592.7734375,-73.97797952173906,86.95829651876404,-84.563391112048,-57.98010849507445
593.26171875,-74.6201057024921,-86.91535721372401,-82.57612204110224,104.6119812064808
593.75,-74.68032906077991,94.73564509514829,-81.46621429655049,-81.965481826958
594.23828125,-75.14481213098507,-92.18593264324059,-83.52093095328141,99.59287913445623
594.7265625,-76.82439688836007,78.93630617987489,-87.89968238832863,-67.22588318660276
595.21484375,-76.23010304014799,-107.6264259796086,-95.58792918384111,138.1530708438583
595.703125,-75.69945956900784,70.97350423948517,-91.3371339819456,97.14083027724526
596.19140625,-79.33140707893335,-102.2001293611508,-85.91959160236719,-73.9557753568846
596.6796875,-84.51527663999984,92.63241697221883,-88.19328215987244,105.1416542609663
597.16796875,-87.37104443236032,-70.15804182756219,-93.08512552310205,-72.5320339880613
597.65625,-94.70578068800828,131.0961970173448,-96.87316046298344,138.7576425548445
598.14453125,-91.79669269502254,170.6686763722409,-90.37625366661277,-14.62232803794411
598.6328125,-88.5352775667924,-13.4833870679661,-83.75913642666387,163.0598253227867
599.12109375,-90.71275574491546,113.9457097221834,-80.85193306810126,-22.31394116992046
599.609375,-87.52252623778105,-62.73351895702908,-81.18963916112008,146.9117689172793
600.09765625,-82.63587592679742,137.817616226718,-83.90482099805622,-53.44196535728508
600.5859375,-78.42637003994328,-38.58018870177496,-87.39723091890198,90.36439245969673
601.07421875,-75.86075449471382,160.2312457401363,-87.72460547953074,-126.8558953843191
601.5625,-74.73287343448833,-6.144338354943423,-85.991036147328,59.32150094919038
602.05078125,-77.5323206971912,165.391923659081,-84.81060440356902,-101.173813180769
602.5390625,-85.86336742409678,-38.32653716410943,-87.53788069724818,91.81672699763392
603.02734375,-93.41581925521426,6.816814573733027,-93.07665240176706,-39.26576715536235
603.515625,-84.17023024884514,163.8745341844294,-85.14672580179047,-157.1939966152526
604.00390625,-82.64897231220431,-22.62942446542182,-79.83705675791077,37.7217281958794
604.4921875,-94.55490370535742,177.6994320749296,-78.46214357890725,-136.4731797010628
604.98046875,-82.32959953876514,132.4238121569981,-79.26344556082773,40.23768725987458
605.46875,-77.83899612977712,-48.47458039377312,-82.00371429087193,-141.2619005703114
605.95703125,-77.53610128720348,135.1656519640781,-86.89018530955869,57.92646629322204
606.4453125,-79.22937705624187,-30.26463703026436,-90.42101622772151,-87.86573831564272
606.93359375,-83.45897595085782,178.1610584653405,-92.98553898714471,85.9666976025441
607.421875,-84.8899960998244,51.21647509368815,-92.11964791207662,-139.8989497851878
607.91015625,-84.51897438422635,-104.3772213026169,-91.3228361909257,13.68865929405943
608.3984375,-86.67734016842124,90.70136499640988,-90.11102468288789,169.8384336269223
608.88671875,-85.67104922662104,-103.1858960919299,-87.89768411997096,-5.118539825761497
609.375,-81.58012570003643,59.83683172291419,-86.89218559801552,-163.6713741181221
609.86328125,-80.28666997305719,-112.5739233532235,-85.4530695088922,27.92356280720582
610.3515625,-80.08508874271908,99.36064492971805,-82.85871129972904,-148.3342895983653
610.83984375,-78.59206616664164,-60.301580738828,-81.20952128749019,31.44809083590123
611.328125,-79.25219658439384,124.6228520572757,-81.85217108261497,-148.0934379105709
611.81640625,-80.20502674356234,-54.27286810622202,-83.14172112553197,47.72418926409853
612.3046875,-78.46684774399063,104.1590174504051,-84.08047147007912,-110.9780922513679
612.79296875,-76.31841899876171,-96.80128027927034,-84.55972990377491,93.07976230794826
613.28125,-75.64639760843598,85.02531997649294,-83.25632893651093,-65.31281611236176
613.76953125,-74.00476453176658,-81.58791348606481,-83.53297938115402,122.5983189118334
614.2578125,-73.50862465421976,104.8932720459004,-84.67319170342238,-69.92377239061354
614.74609375,-75.23594151403655,-60.67816240218158,-85.59704632620384,87.10343776643629
615.234375,-76.13165261001582,140.8901807160227,-88.64439117460891,-132.3427004981661
615.72265625,-78.22011279492858,-12.82483866698567,-87.27428515084804,-0.02933466885679454
616.2109375,-77.19780784120687,-134.334976834953,-84.81071717301873,168.502781908924
616.69921875,-74.91421281103074,71.22682306237436,-84.66787528735077,-4.378333101421313
617.1875,-76.2713197993838,-99.09155707829709,-84.36758260465821,-152.3082556518289
617.67578125,-78.10070841006278,63.49837051166146,-81.53409215173235,57.42904607994836
618.1640625,-77.740022931543,-160.5962140842664,-81.29394801714241,-102.8878053619344
618.65234375,-73.73134861704354,-4.173292093071995,-84.56836189607597,93.54858411857971
619.140625,-70.49582589138291,-178.5205914472924,-93.19761029582128,-73.01095975578632
619.62890625,-69.88908674909412,10.55169469978939,-99.90519867410714,-130.2463801925279
620.1171875,-71.42092976632986,-166.0696110206157,-94.7518383639558,78.97761321858029
620.60546875,-74.61396341173183,4.19914961374051,-97.42676723887173,-55.77522854792409
621.09375,-78.70855165726636,131.7639839243266,-97.18856127736203,-160.5530298567544
621.58203125,-74.64905628804296,-90.6293955148633,-92.05856778833325,46.8075632636321
622.0703125,-72.85362840842731,81.93446337055795,-89.15057197724259,-149.4433461688138
622.55859375,-73.96725130512678,-104.5664349334223,-88.36011734490539,13.72006444379476
623.046875,-77.32230017427453,80.00248643218083,-88.41204097847368,-169.8164959539002
623.53515625,-80.67726055777656,-76.87650565328308,-88.00950048131554,4.080800992705877
624.0234375,-82.3552174962731,117.0832970211253,-87.0661950517254,178.3278932286722
624.51171875,-80.07122673809579,-51.16085002315822,-84.20490483645578,2.464846626914479
625,-76.90085372843927,126.2038552869187,-81.07618741323002,-173.3163031048067
625.48828125,-76.41191910359115,-67.4093595338894,-79.76344021716162,9.895309322014199
625.9765625,-79.39916519549504,102.9702917247057,-80.09267140442907,-166.8570835357168
626.46484375,-85.80000202794339,-88.86558942910322,-81.7396418399104,24.21423094698551
626.953125,-93.72869720114178,49.06263006770153,-83.89971941666406,-131.919589039306
627.44140625,-90.54981077203698,132.7871785080352,-86.13209171912726,77.39056437499727
627.9296875,-85.76090327998342,-42.4720916852385,-86.61369813497485,-72.78635961715514
628.41796875,-82.46595117033206,171.4110056005782,-85.73220957512373,113.8735418278768
628.90625,-78.45035428032823,13.27848919153418,-85.84931608699512,-68.97378465728919
629.39453125,-76.40563838705036,-162.075460898271,-87.25623224045395,88.61318358951291
629.8828125,-76.63354652129794,11.05675140550109,-84.59786069328794,-125.3508921005105
630.37109375,-79.66084704908417,-174.0998315464168,-82.22704990836378,50.18540104356242
630.859375,-102.1350809881918,-126.678786116452,-81.45119694356251,-131.1793341323559
631.34765625,-77.14723838582188,9.395955967976525,-82.92790754427854,58.54576662898485
631.8359375,-73.2087262651979,-178.1858453056236,-86.10172920051912,-76.97991244721177
632.32421875,-72.31522721903191,-6.867391834086881,-85.93464595556006,137.6957721483217
632.8125,-73.98260815698394,158.85685905778,-86.06042013570087,-15.1171381657092
633.30078125,-79.21843311505062,-54.72348532924932,-84.65307291572067,-164.4209836359548
633.7890625,-80.52947689375316,50.43247325119885,-85.93532789694906,34.99024257340541
634.27734375,-75.77043305776334,-162.1847502306102,-86.7037880206093,-127.239417915732
634.765625,-73.9241761647787,3.849135217083759,-84.72908228826988,43.61681530126767
635.25390625,-74.86248931453774,177.1814516927631,-83.48815834110484,-152.7871527222649
635.7421875,-76.3879227204412,3.552414103246088,-83.33620317848801,18.872759306516
636.23046875,-77.65563757402407,-159.384456297802,-83.83058838712643,-163.4748141837199
636.71875,-80.98613975135676,48.11753769721568,-86.14572399099039,29.27345469529837
637.20703125,-85.98411722029661,-90.5116989787257,-85.7550538919123,-119.863590384588
637.6953125,-87.05344036417685,168.4453709593781,-83.88608803299833,74.71278753313844
638.18359375,-80.12810183427828,15.43347597236581,-85.27340682632867,-88.62894118003204
638.671875,-78.16520853189795,-162.218351938505,-89.06584944969877,97.50310322096055
639.16015625,-80.22172221887311,15.53369198865041,-92.50423742406826,-100.8707189042029
639.6484375,-85.19336800548238,165.8079534364015,-97.26401429084719,102.3926752295264
640.13671875,-87.60523615230946,-48.15371108867782,-97.58413984691865,-19.85757701348665
640.625,-85.2985436172286,169.6492943645344,-97.60552545807373,124.5792084025899
641.11328125,-79.1981926014506,-4.386113082825668,-99.76503690455286,-82.14092542708603
641.6015625,-75.03958396683072,175.7648469034678,-99.31176356362093,-126.761184436049
642.08984375,-72.57108357801225,0.1599543242940559,-92.20359587217342,63.77228792633399
642.578125,-72.68689413539251,-179.1339722585404,-90.49888753446027,-107.0728503281396
643.06640625,-74.04267951377102,1.678016280170909,-90.14628071201221,69.66073212372933
643.5546875,-76.14445415755715,-167.9552848716135,-89.7056078734076,-147.0182295032106
644.04296875,-81.32988031353378,24.49972732752183,-86.11629356006729,5.362530236855537
644.53125,-88.68198365627407,160.1660748213567,-85.05831219777554,-179.7652204505524
645.01953125,-82.92306297315687,-64.5325994979225,-85.99818186491049,6.737317654136072
645.5078125,-80.39171806662677,103.9616023922244,-87.90947720902645,-151.7538067008787
645.99609375,-80.12598390669672,-71.72323510788468,-90.97556622711524,65.95871744032337
646.484375,-83.03220588881076,116.1692841827842,-95.89748835658283,-59.41025984383616
646.97265625,-106.9043920944439,179.7127363298467,-94.27819849572309,-130.3538751357077
647.4609375,-81.60131039553158,-58.9404910517285,-87.47815432560355,83.64172739325714
647.94921875,-76.92881367639684,129.087292142344,-84.9628225715025,-88.18430834515983
648.4375,-76.81506004590808,-44.14958048307924,-86.43911178611813,85.3848669517273
648.92578125,-81.10598693098109,122.9272601836831,-94.49796462660828,-120.5484762053697
649.4140625,-82.29442394281611,-103.5272334286029,-103.7381191970781,27.04372533255824
649.90234375,-76.36580388009494,30.64137388202475,-104.9322691968538,-134.8818599003601
650.390625,-71.81636671087746,-162.7064339424002,-101.3185070230164,45.77105920508119
650.87890625,-72.0172497475925,23.40385816546521,-89.7141186506683,-115.3245086909142
651.3671875,-73.9504242746257,-141.8740640258809,-87.38673826996509,51.96564964020381
651.85546875,-76.3358777158858,62.29971480330749,-90.09072973689506,-162.4076076658891
652.34375,-76.84210752259672,-73.63736588660394,-93.26419363141659,19.43411028728674
652.83203125,-76.10184581451153,125.3955988018295,-104.2427160449101,-37.9657411195659
653.3203125,-78.56078914512803,-62.66412375891378,-87.52628995991239,-152.0947238787173
653.80859375,-85.85496300347091,84.58599793425053,-82.9852575056271,26.97813676951854
654.296875,-85.34601789137565,178.8114436243968,-82.36892345249669,-146.6868946508346
654.78515625,-81.96140843141409,-4.145093383341343,-82.75212952254491,56.09037404714451
655.2734375,-81.56620532716548,168.5926542544705,-82.64825089572312,-109.2404931590213
655.76171875,-81.63192186148368,-38.34786350956431,-83.65001869544224,79.37262173697206
656.25,-82.79610695896713,94.66401838122216,-85.0621532260456,-97.89922842769599
656.73828125,-79.12737266841798,-130.6676635696615,-84.59703891583983,64.30342085906594
657.2265625,-75.07485605006916,35.09148794552173,-82.77863384059324,-123.8151598931587
657.71484375,-73.52847377660056,-155.8396267386557,-82.69620690644769,55.16036840861257
658.203125,-73.97608118151524,1.230266720566784,-83.37352605120086,-131.7620006677846
658.69140625,-74.63954434012669,158.2477956341359,-84.26436111005316,44.28650594580654
659.1796875,-77.35499711337442,-47.20515548455686,-84.69259555551744,-142.7380170947023
659.66796875,-77.30104563349735,98.93803649924159,-83.23290838365651,21.29795261878828
660.15625,-76.41430823350343,-78.05309256174567,-82.82835566931053,-171.0250148425547
660.64453125,-76.20355133846766,120.5499934802581,-84.27542328716341,-5.154218421643506
661.1328125,-74.54131674804522,-47.12959581300861,-85.82779182085353,153.422752137536
661.62109375,-72.8538808798731,137.2051670889159,-87.54995517794291,-69.76921430335754
662.109375,-73.29408879317057,-46.97003280181872,-85.10275525727292,66.92424936713682
662.59765625,-76.87553717523815,112.1118628399138,-84.06525072670325,-125.733558935372
663.0859375,-80.88693661361459,-115.5810539556521,-83.24217970183679,48.81456481648074
663.57421875,-83.3233984206876,31.65691564661523,-81.66500043947691,-133.9176698885644
664.0625,-86.96804033141886,154.6476378518571,-81.68205712256349,46.1532189016522
664.55078125,-82.89497388159695,-75.47820907945646,-81.78976109341214,-135.285819231516
665.0390625,-85.2918613285583,72.9320005963546,-81.76802049698682,38.88537939618132
665.52734375,-92.01553032511742,-142.9665956077716,-84.4134291608479,-140.7318580804952
666.015625,-95.60199015290598,-63.8522246597667,-91.84646026214379,77.62305807623598
666.50390625,-82.81358435474536,94.66131566650806,-90.31065496518653,-13.06343805989469
666.9921875,-78.80782328265725,-77.58644810787233,-86.94540133686873,-165.8196166107068
667.48046875,-78.43806908784424,120.4880048216718,-85.72651587286275,26.19206089179266
667.96875,-80.43796358527607,-44.22710616915094,-85.45950271061469,-130.6794983674981
668.45703125,-85.33819849916134,160.5187550128005,-84.98345428550689,82.13601498732281
668.9453125,-87.91306156595495,3.035364244144823,-85.75433371954969,-84.52123147136226
669.43359375,-87.43391829567513,157.4143928452867,-88.23527923640319,98.84016069659002
669.921875,-84.6262271515382,-39.93258449721398,-91.05919348867377,-58.45349120396867
670.41015625,-81.57730555698906,133.641124835849,-93.08489526756175,-168.6872110992892
670.8984375,-80.15884403470677,-49.02511928858566,-87.32015111540397,51.06685250170227
671.38671875,-83.91359455741274,123.2716932287539,-86.97073410078424,-124.4438960672957
671.875,-88.89585428563259,-148.876114369815,-94.18202004469576,75.84226457784085
672.36328125,-80.47872881555293,14.75512407377625,-94.9870330905933,13.86011036475607
672.8515625,-78.01277642571151,-153.8514108588861,-92.71601158354655,-145.4367778068824
673.33984375,-80.82697092942138,21.712123490555,-96.9411757292808,-5.288186425235465
673.828125,-85.02569081534787,159.3763009172072,-92.01328505491941,106.859995170753
674.31640625,-82.54933498068402,-50.17917591519777,-85.78885842381767,-95.21474989127698
674.8046875,-79.8292443688913,116.7362146916016,-82.43508096218484,90.73827213653254
675.29296875,-79.31593619203068,-47.36894058346383,-82.10405879085985,-87.43222955766434
675.78125,-79.65018780444979,172.9401398048469,-83.55278328424129,73.94279919219575
676.26953125,-81.28271412545161,33.47644539342954,-84.24189888846848,-127.9355094543794
676.7578125,-80.99240913199304,-108.6398765129443,-84.13394183904762,35.07383104644619
677.24609375,-81.82351646228861,101.456375304429,-85.94886534216727,-153.3972321527461
677.734375,-81.25137542562697,-39.52768095400069,-94.0194446635313,38.62752984194658
678.22265625,-82.10283596948564,154.797154006309,-100.8213540427103,-45.26708446116762
678.7109375,-86.39132633199378,36.69240613498736,-96.0067562060492,-137.6721956740417
679.19921875,-81.92711641654638,-64.16516828098442,-91.2735360854353,96.53230776735322
679.6875,-76.62319541616367,154.1483950827576,-90.14785737883201,-36.72152690945202
680.17578125,-73.62733328521644,-13.63991845967395,-88.55418565621029,175.9776195160736
680.6640625,-72.34362813979392,177.8712119528954,-88.1905681657765,11.70707750754674
681.15234375,-72.34172234692296,9.468893508017112,-91.71637885733327,-141.3838608535393
681.640625,-72.9608603014956,-165.9124637182563,-93.07046816714799,87.01033897162284
682.12890625,-73.4814962164016,11.69321967906025,-90.56803077748677,-76.07764538969579
682.6171875,-74.56720374003963,-173.7956748034183,-87.01801908427908,104.5398607768841
683.10546875,-76.03673363604493,-3.541339582931745,-82.85650713900381,-72.72984196110561
683.59375,-78.11187650937222,144.923416207058,-80.80128530599521,115.6806472274514
684.08203125,-76.47905530868684,-81.77437768452943,-82.65903229840553,-50.0756624336279
684.5703125,-74.32413075811445,82.45008622486245,-84.99252456753979,169.2549961915558
685.05859375,-73.14720849559865,-99.3216287813254,-84.21154846719817,26.65153256535296
685.546875,-72.6507804294299,80.64329531362421,-84.11470432067318,-114.0743869382224
686.03515625,-73.67766512935333,-100.3348611718296,-82.57299803400471,87.73077085183768
686.5234375,-75.15874356754328,77.47321382172443,-81.34870824468686,-90.95329581584872
687.01171875,-76.92172790256085,-103.6688203630998,-80.74858500930546,85.95851046895626
687.5,-81.34187367163045,75.71745911458353,-81.09470021745081,-107.0977002341529
687.98828125,-86.40417988726978,-130.8463527361884,-81.50201624474511,56.57866882093716
688.4765625,-86.40963680179233,44.60021753955278,-83.85773986395913,-139.9851983392266
688.96484375,-83.54457875355064,-95.79979994383208,-86.3250762410278,2.069486586219662
689.453125,-77.57312863786775,81.94246174451393,-86.43541976471313,154.5357933564892
689.94140625,-73.50594937387682,-101.140140840108,-89.57915209074497,-53.07043425614914
690.4296875,-72.85211351269805,84.45852937445197,-90.26116045359045,80.915490185561
690.91796875,-74.64346378678884,-96.66475326496744,-89.19696509313189,-112.6280369258734
691.40625,-77.10954332087766,81.44135253279536,-87.5618042382763,68.17597851512851
691.89453125,-81.434167946594,-74.71683856456667,-84.66992356144914,-107.1454057320386
692.3828125,-82.57228513006683,-178.0770787672801,-83.30954141398129,83.13582298808028
692.87109375,-76.85975507910392,20.3363115070109,-84.44997822013744,-89.34652195310522
693.359375,-74.41069847664534,-161.862245311393,-87.16576542345025,76.69590534966507
693.84765625,-74.24013972633813,28.03809411392139,-87.34209744966509,-129.8015193753365
694.3359375,-76.6908915946708,-147.8958163187556,-86.56786714959118,37.71518889798264
694.82421875,-82.56061710510123,12.02036708592848,-85.43564794732995,-143.3312092468193
695.3125,-86.86771098959987,167.101044764881,-85.58454045016809,35.96492083593223
695.80078125,-86.05716997650163,-46.05706141612075,-88.41546201780113,-152.4895443617753
696.2890625,-82.56348374342851,103.6299247359627,-96.42483035073317,22.29755605279887
696.77734375,-81.39873369392326,-79.73994810754648,-99.24174452847163,69.9606988135974
697.265625,-80.2429382448087,102.068369182087,-97.70795127890014,-66.57339295947425
697.75390625,-78.98697982737733,-102.7193819575889,-95.84436804169874,-178.0774277691786
698.2421875,-76.45068059409077,58.92847125241295,-98.65357489255958,-61.16306278350152
698.73046875,-75.40496826604731,-119.6457603433045,-91.34091728646152,69.72934081640655
699.21875,-75.67010580150318,52.04784873881872,-86.63700944132103,-135.5683742281682
699.70703125,-75.03783806097441,-150.397526165173,-82.02210923611106,38.62576172133713
700.1953125,-74.64788392895635,4.185511481591953,-81.71699066143657,-132.603987230982
700.68359375,-74.62048938904491,156.9400935884863,-83.57768189670638,81.47762266221608
701.171875,-74.22043058310658,-31.23903306982543,-81.24864074178923,-74.77345926704047
701.66015625,-74.0515484254278,156.1311577266814,-79.24337366597813,106.7866353168029
702.1484375,-75.64470064754113,-14.38229668882464,-78.81982431513993,-75.95250178156344
702.63671875,-77.04519377565418,174.4613625318278,-79.83925267161254,84.8807259559924
703.125,-76.99239908810364,-17.34152992204734,-80.38601360217268,-121.9851443722313
703.61328125,-77.64109906559901,130.3395035668263,-82.45053635058214,40.41610249295969
704.1015625,-76.88927901777535,-84.643713124862,-87.88195437456089,-168.3037748187854
704.58984375,-75.49014844461436,75.03346472469589,-92.01759948731356,-64.53667749843494
705.078125,-75.77643392356505,-115.2047238645766,-87.76647937819482,60.01212475746183
705.56640625,-77.60239163994423,52.6253804300086,-85.5884963132673,-144.1806073355733
706.0546875,-78.5507499825941,-149.1372762899606,-89.27298166744328,6.897247383662227
706.54296875,-78.16872158787299,18.69668722890268,-91.02543450158453,85.90354571758476
707.03125,-77.50235027627254,-163.3559211601816,-84.30913073178418,-122.9303635662497
707.51953125,-76.43074959835562,10.76538906201559,-80.69213940021581,48.83950514349392
708.0078125,-76.37530308961114,-168.255202894359,-79.4018776835895,-135.6472988778168
708.49609375,-79.12360516915351,25.15607555850638,-80.69809504256698,43.63763195494892
708.984375,-83.67159855957115,-136.0692957667701,-82.89834850390983,-138.8222865613141
709.47265625,-85.84724208613034,54.74768033302993,-86.36103537282412,37.06734654093172
709.9609375,-84.09314520042724,-111.2388918060151,-93.43503126329482,-154.0539165065399
710.44921875,-81.47428441503747,82.73462846835862,-101.8451586834726,26.85956248355706
710.9375,-80.28877431811745,-90.96317942734024,-91.67839272212774,-69.32071627459443
711.42578125,-80.95446126395385,110.7536938003103,-85.60070241049742,116.9915240690619
711.9140625,-80.94527384553125,-22.49730640544037,-84.07385280604737,-69.49247826794887
712.40234375,-79.75945417634045,-165.9406859765911,-83.98386131110669,111.9771568760077
712.890625,-80.94845954169357,44.87309977717829,-89.33916360954113,-45.25334363021712
713.37890625,-80.39276419115177,-78.32727557544381,-94.67444316508731,-111.1102975661633
713.8671875,-76.69485322305492,129.1059589615649,-90.91977854262596,98.84857751396063
714.35546875,-76.3801629195606,-50.1433840596582,-91.21020043075445,-69.17410061011297
714.84375,-78.30156773986631,112.957248015485,-90.08902845258702,134.7029051164183
715.33203125,-79.64701853177749,-100.1324207850378,-91.15871148078261,-3.772632685097574
715.8203125,-77.97898651608705,61.14021791582128,-90.90389895731354,-142.0582851972478
716.30859375,-77.16672542470852,-111.5808872663205,-96.14307776784194,67.84470130970951
716.796875,-76.30823200901372,90.25098229740573,-92.49909383084787,-34.35451368930697
717.28515625,-73.14680459492793,-72.61167058700462,-85.77029426367524,154.1244648038729
717.7734375,-72.12501276280774,113.7226253281493,-83.21094148495499,-25.21211056461245
718.26171875,-74.75650447729106,-65.00045250137224,-83.94298379994834,154.7590528595428
718.75,-79.25860223786466,114.5305506937084,-86.87807139268858,-26.48787960614926
719.23828125,-85.36868925574061,-39.9970669523562,-88.49726929705633,127.2417283503314
719.7265625,-86.2610546558777,-134.768107120988,-85.65291326304745,-79.74283506710455
720.21484375,-81.76374695222523,71.0420579628033,-84.4317330538655,90.08269266706651
720.703125,-79.96292483086251,-127.8658919287356,-83.572827359813,-98.42159398539496
721.19140625,-78.20390562027414,32.10783534709381,-82.31202277097459,75.79983117339242
721.6796875,-77.94096008360125,-156.7925911735852,-84.01660521516317,-114.6969958552762
722.16796875,-79.20729503345486,9.103127843335288,-88.77829941556713,39.55344718145371
722.65625,-80.61743484697722,170.2582792095119,-94.61730567619058,-170.3109227338939
723.14453125,-81.89440680972334,-30.57586965342631,-101.6485984301743,-40.03069817973208
723.6328125,-84.08265711729223,113.9490224895729,-100.8602473830308,130.8556735048761
724.12109375,-83.22404665410195,-100.1496165097644,-95.60079424162228,-11.50074172292004
724.609375,-79.02698876494766,85.03127557313564,-89.46434013784354,-176.5526314961625
725.09765625,-76.00495668300964,-84.62988511517125,-86.12794526083256,-3.205302860980442
725.5859375,-75.57544961239525,106.2932432312034,-84.9244301376625,170.4354857857581
726.07421875,-74.71943047242229,-56.82241872173238,-83.81490818017315,-0.378311285306384
726.5625,-73.19413994633852,141.1493800033383,-83.2535528360763,-172.2589783424684
727.05078125,-72.98396651180452,-20.88255286315162,-83.53299594910411,28.42836333823971
727.5390625,-74.35597447543329,168.6243889756961,-82.71952526147896,-130.3994430407823
728.02734375,-77.74268408042123,-6.357307206137621,-85.16890614513493,53.39401804759036
728.515625,-83.38686861378775,-168.747472333681,-94.27438273684693,-121.6219683200185
729.00390625,-93.05058213503253,22.19368179594948,-93.88964910704509,-123.4222357996894
729.4921875,-91.14054933374493,158.0065419929506,-85.99830232095634,70.98545511915947
729.98046875,-82.88279184967321,-15.76590172866605,-85.34146976565403,-109.937743091028
730.46875,-80.30215121667304,162.6713892865075,-87.60880361190101,42.78225111988632
730.95703125,-78.66114363239123,-21.2317709574961,-89.24809932091479,-179.3895425069364
731.4453125,-78.95018644068975,163.8151456258355,-89.19284221695959,-40.16155408395549
731.93359375,-86.03746887062778,17.79462925376749,-88.41630440584679,112.2665280429709
732.421875,-83.83942217818969,-95.405337780631,-94.12040487347397,-75.64864170868542
732.91015625,-78.49930800989004,81.55963401862009,-118.1436225238495,-115.3922008071609
733.3984375,-76.01039035973164,-96.20051299138483,-104.7970783140682,-116.5675095117812
733.88671875,-76.01717041603145,72.82887339836456,-98.04565055031743,96.80775224961256
734.375,-75.29385944877743,-136.9040615192016,-96.99724390503214,-60.2538382466458
734.86328125,-75.1683356113528,13.49159827988541,-97.29673011071247,97.70956384716543
735.3515625,-75.59179797348443,167.7718565179758,-99.55802450803348,-124.1524232136055
735.83984375,-77.86697628051832,-16.49514950804222,-111.6965757507036,2.985482154553117
736.328125,-81.86314558238551,165.7925381861199,-94.83105574119475,35.89909536961196
736.81640625,-87.46961369612725,-1.474807884364564,-88.77112319467,-134.6221943500191
737.3046875,-89.63184331924153,-96.49553017279194,-88.75433176221344,60.79647879116581
737.79296875,-91.9339651704974,48.86240293215121,-88.67245196659192,-107.4425263396926
738.28125,-83.74116402587021,140.131272911059,-87.1108904092801,95.29606884640052
738.76953125,-78.90765145549413,-73.99311652270532,-86.23755493405169,-47.70981183926839
739.2578125,-76.4862945836025,100.9666344093822,-87.31794033122809,158.2711029133627
739.74609375,-76.96926922297911,-65.87380181285552,-91.22294435643532,-5.638515353362134
740.234375,-79.29229465197554,120.5729729256492,-100.8532498794371,-155.7250602802892
740.72265625,-80.49928273059764,-29.76474038279757,-89.99629646973047,173.3452956762924
741.2109375,-76.15083631899172,-177.5646362067026,-83.67198242929996,2.529508233583415
741.69921875,-75.50605319802862,6.211017369645493,-83.65595870644371,-164.6867046588915
742.1875,-77.19742683457555,-175.407004150118,-84.15026634094764,31.92616364803029
742.67578125,-77.33284541554971,8.3661419243995,-85.04126481776781,-136.2847396133726
743.1640625,-78.3075367677805,-168.1512957530435,-86.49391939351703,67.06105035291202
743.65234375,-82.43693694808798,19.6817460706023,-87.73943933172212,-93.9710979318416
744.140625,-83.87920233112624,-133.5622400603166,-92.60348579623964,99.69791943576239
744.62890625,-82.27746469319455,50.80330890145657,-99.04303488944504,-77.75733367966261
745.1171875,-87.0267309126732,-142.9391842558069,-97.57086344329336,107.0315424111511
745.60546875,-91.42638728561685,-65.30413121880457,-93.95033037561612,-67.24573210773589
746.09375,-81.94574148343521,76.69009371914454,-92.89521327985533,83.69916258038815
746.58203125,-76.68237663528453,-121.846717297447,-89.14545387843212,-105.8100910895708
747.0703125,-73.61070977832517,53.28669431421781,-88.0216538270974,89.94577425166023
747.55859375,-72.27192163649649,-121.0886293361941,-93.42814853081704,-65.61778418941336
748.046875,-72.5234904800183,66.99698770335837,-109.9087999799343,43.85575191435467
748.53515625,-74.2244751813506,-89.89156408624301,-89.73918635676428,-170.1347568761316
749.0234375,-74.60389049890975,127.692450688271,-83.22332204771058,7.715811458913663
749.51171875,-76.10349721236591,-28.29519721305573,-80.39221913763413,-178.2400647133133
750,-79.79836630265309,-179.882219081342,-80.14996307796621,-7.192617353660934
750.48828125,-81.99766638926434,24.48001921413281,-81.99599123785269,160.7896481686954
750.9765625,-89.18959684717036,-139.214207474067,-85.31595166378523,-43.27500406547743
751.46484375,-98.17412212932058,74.26234866741322,-88.76267624726565,92.46217616865874
751.953125,-88.41865554087512,-119.2283267783065,-90.15855407346538,-139.6739983562527
752.44140625,-81.86111263435322,78.95631489979856,-89.60830032960811,16.98381307787849
752.9296875,-80.12283647580711,-95.17771939080481,-90.11029232742058,-153.5189280735992
753.41796875,-83.29893694046174,85.83628226353608,-91.58643046675968,59.07510241517152
753.90625,-92.88468028560742,-40.33743989513142,-92.50834901615733,-105.4672426628859
754.39453125,-86.08667132497949,-144.1700401588486,-94.19415196566823,79.88659451731989
754.8828125,-84.43760189412031,18.57717750743736,-94.77586180163917,-58.97885546602339
755.37109375,-82.61442245834135,152.2817327955926,-99.04388432906518,158.7536545110953
755.859375,-79.29657421771377,-44.93898414199435,-106.0485646070933,-11.57916213476857
756.34765625,-78.68700327635453,146.0117546523995,-99.61774503421226,112.4976704869618
756.8359375,-80.84311696208727,-12.53192356551303,-103.8525214997638,149.1772105995263
757.32421875,-83.12837964107656,-178.5330165903235,-88.23981171005963,-60.49023424941264
757.8125,-82.69568592251936,-6.97763711407654,-83.13107638285047,120.3333687430731
758.30078125,-80.86876555863375,134.2014263919723,-80.39406233472087,-60.61825317514491
758.7890625,-76.72117208003264,-79.88997939870532,-79.81468413728003,114.0463429821415
759.27734375,-74.04009858803579,89.55759513016011,-80.5820427286028,-61.75526939644323
759.765625,-73.48925734712142,-94.77419691365225,-81.17498945941713,132.4725187315525
760.25390625,-75.03996421947234,80.61319143058938,-83.81056715041574,-49.50218329929407
760.7421875,-76.56246620576655,-103.1167395956816,-90.10099498654752,85.06987665832318
761.23046875,-77.31851211844912,57.77278784312531,-87.68876740379461,-165.0801067028782
761.71875,-77.77786052806506,-152.7441887571775,-82.36144811286628,-11.41047444676017
762.20703125,-76.86004324873483,24.76210392539027,-79.64003623579246,160.2899714378026
762.6953125,-75.6314037676659,-145.2238145065277,-79.78602695612963,-20.23896665239834
763.18359375,-77.15819473094581,40.28134690878181,-80.91160684353774,161.2423832304088
763.671875,-78.84165909370454,-119.6149522720491,-81.98099977927741,-15.92344716296067
764.16015625,-78.55089406339007,75.53726589651538,-81.9004176623082,165.4171177648346
764.6484375,-78.75429758969727,-102.9543170694107,-80.90497938052036,-22.52016923876688
765.13671875,-79.17400578366657,76.95692555779942,-81.88901163366924,143.6291470973229
765.625,-79.10486066416451,-92.73326116586598,-86.15079035573569,-50.0089076638112
766.11328125,-77.88639890879178,103.3118329496207,-92.76355994633711,146.3782960716758
766.6015625,-79.93159736004165,-55.43875992751882,-93.0117418833091,17.66484232883413
767.08984375,-81.1278670328779,157.8400978642912,-90.77450818710545,-156.8866036939623
767.578125,-80.14579061280982,-24.52602521148471,-88.27492563410324,0.7929836548198504
768.06640625,-82.40580543137924,138.7423363871367,-86.2234127506037,153.0957193777655
768.5546875,-81.47567183528813,-56.64377570636084,-87.34887210757016,-50.52258753546545
769.04296875,-78.23453089313482,123.7115623611854,-93.60437735910196,101.4570847756341
769.53125,-80.03920033070335,-54.6999041946699,-98.65821734915863,-117.6181556142553
770.01953125,-83.39273108948342,144.7451553641598,-102.5269166073097,-26.11110695376679
770.5078125,-81.29121028079361,-14.39362246148332,-89.41610855924104,109.4469603109704
770.99609375,-81.18381884788599,165.2679090050132,-85.76965752066899,-68.03117477669761
771.484375,-80.89210199026704,-31.72172429795821,-84.94656798167149,126.9603902629374
771.97265625,-77.29431571573326,129.4005228726019,-83.59345239437965,-43.07739361613238
772.4609375,-74.53513647974484,-61.90244323853663,-84.43195167812709,136.9606633827514
772.94921875,-73.72297020162125,115.4792271395791,-89.93087621319935,-41.05518174972944
773.4375,-73.91595639790972,-72.69029721708954,-98.45647332281088,62.97934370232955
773.92578125,-72.97817546014491,85.35940007319488,-89.82911554910523,-148.2064914173638
774.4140625,-71.93646500534315,-111.1818288853386,-87.81926812932096,35.95282321001429
774.90234375,-72.17523752849858,57.3378043144696,-87.06365680608359,-135.5164918638608
775.390625,-72.10542782366061,-132.6424444636351,-88.6500468670948,72.03655331620786
775.87890625,-71.79469735020307,34.8416999672837,-91.87191634636621,-78.339692140596
776.3671875,-72.7158773008567,-166.4423538025997,-104.751420512556,103.9586697262665
776.85546875,-73.25904349118326,-12.19911270429884,-107.0262707752733,-60.61745666272028
777.34375,-72.54194680991039,155.0342239367132,-96.67119231643595,116.2321492390252
777.83203125,-72.76860378747605,-31.61856687409739,-91.19359773605318,-51.58001454994506
778.3203125,-75.22352729609958,134.5258093541335,-86.739255369216,126.2277396642346
778.80859375,-77.61910323069816,-72.63260270060408,-86.01149899604641,-44.68242821993541
779.296875,-78.4009869765151,82.9421053748879,-85.06486631203438,170.5976424575581
779.78515625,-77.47721455431009,-112.4040225015223,-84.20784454908207,19.26365011001811
780.2734375,-75.81323381209053,61.95244184741346,-84.02181968950542,-133.9829870503393
780.76171875,-77.0381445591953,-124.8893353802683,-83.3105381155123,54.10076240574342
781.25,-84.98118604016567,65.3796714913443,-84.0989095066144,-129.4898566917311
781.73828125,-85.7324507931054,16.07579733816864,-88.92205228390365,44.90300486114501
782.2265625,-79.48306320554296,-130.5179079412773,-94.73474627944637,143.7165685818511
782.71484375,-78.38057460817456,53.79093741178513,-86.61296550942878,-54.11016971373418
783.203125,-82.05487710945457,-129.7643212299967,-83.22014362684286,127.7150645897879
783.69140625,-100.1484391475979,131.5493802174682,-82.66901500383051,-60.79672335443996
784.1796875,-82.19384900567918,51.92841361982651,-84.57717013998695,117.7723443494704
784.66796875,-78.96558245823846,-122.3692373643231,-86.4521660771362,-51.13986043775046
785.15625,-80.79639551504931,67.96168951792569,-88.58425079573189,124.806871149921
785.64453125,-82.92908039856761,-66.07692593392042,-91.90890663018338,-66.91344204934583
786.1328125,-80.09761903593086,131.1682080777566,-92.775152673051,138.1874648076985
786.62109375,-77.49967801554411,-63.23849241517399,-90.97921674010068,-1.636647916339315
787.109375,-78.4263325806762,113.1741018018572,-89.44762036911339,-151.0469745755774
787.59765625,-83.49244777309715,-83.89156771127266,-87.67142164221391,36.91053302232962
788.0859375,-80.99780566893629,38.1130056624484,-87.30313842607573,-149.5752251644057
788.57421875,-79.46450056996794,171.6734072857896,-93.223311025963,-4.801484861667611
789.0625,-79.35528782531944,-70.10243175692882,-88.4967443802441,83.76384630429459
789.55078125,-80.87955891687599,62.31057644611826,-83.89459517666097,-111.866661650019
790.0390625,-81.39825847992401,-158.8166095430266,-82.52612778150846,67.86425892905935
790.52734375,-78.04659915542474,-8.218012602302114,-83.58609797352146,-92.7613000290515
791.015625,-76.71522875292165,150.7110922556261,-86.76389111573144,130.0191180611301
791.50390625,-80.27181586989542,-46.51692392746774,-85.90579250679794,-1.188544840362133
791.9921875,-85.62547523005168,99.50993719110573,-84.46237583621414,-166.5052603482004
792.48046875,-87.88264273967161,-133.9617208091731,-86.03646863146928,38.40003641883829
792.96875,-83.58893120986222,-12.35981151736584,-88.1359094756168,-110.4805739920676
793.45703125,-79.42019181127384,171.4747278805671,-95.84958892947022,62.99019915053593
793.9453125,-77.84197664370883,13.35743640335097,-115.4466878032635,52.60856173370446
794.43359375,-77.88584070318066,-157.1651328046675,-94.98243275551616,161.199343114536
794.921875,-79.36599084573851,30.83774082498431,-90.22248269918499,-44.44988221200752
795.41015625,-79.92350979662793,-122.5620711794688,-85.68282812895207,128.8090678780251
795.8984375,-78.42466672727005,68.24818626529932,-82.2994209203807,-53.7372754639961
796.38671875,-78.35064099113023,-115.3633555987093,-82.11425705794746,123.0474248844278
796.875,-82.00915951997247,55.60725759686563,-83.73543471917998,-43.8850643495364
797.36328125,-87.76329999635567,-173.6173824257232,-85.28449626622896,163.1248022907918
797.8515625,-83.5102185849572,-49.46874020738624,-88.37621713036665,22.08288359207591
798.33984375,-78.90068971666676,116.5153328728746,-87.80547761495856,-109.8475567954883
798.828125,-76.67879580162338,-64.57860066040389,-85.28536623511228,97.33784796978266
799.31640625,-76.85353086369778,112.2292612626385,-84.74042293484609,-61.4961543577743
799.8046875,-77.21411033015963,-79.58958662330637,-88.57550875862489,134.7914097091121
800.29296875,-76.20544336000438,92.33010013279258,-95.50146695021041,-36.43473590839159
800.78125,-77.62539205880233,-87.03751940400356,-94.33889464966748,176.596727642642
801.26953125,-81.09942749916092,104.2607091105615,-89.85957387646511,-0.2310459158047312
801.7578125,-85.0710413330887,-39.26783684503093,-86.40667898103679,159.5606280239956
802.24609375,-84.00928065134906,-150.2406743831523,-84.07105814063762,-21.8755989688516
802.734375,-84.98157628735646,83.22842179125681,-84.88848220684771,150.5504852218107
803.22265625,-80.08056085995372,-35.87272396470775,-89.30774626250496,-70.55989825760969
803.7109375,-79.220829255965,151.488467861058,-88.18783033507924,19.09961680240412
804.19921875,-84.72397697614781,-34.55724645211019,-83.88252186796073,172.7365302548154
804.6875,-88.29035966103412,80.63872010470561,-83.60599130158394,-18.53919904151605
805.17578125,-83.28964380837157,-154.8711008317445,-85.35573285524679,154.2473502963446
805.6640625,-80.899453280279,1.461745957445244,-91.23075149601777,5.80245754857343
806.15234375,-81.13017448610799,171.8027338529194,-89.61235207587944,-98.44656478436514
806.640625,-81.88627719658128,-31.83050368550002,-86.72075164864026,85.68573720721594
807.12890625,-82.82008898695469,107.5864788539457,-83.64925573822539,-127.8910346696389
807.6171875,-83.65977982270761,-95.9398971593388,-81.64090346167676,22.64161978893276
808.10546875,-84.25136945446661,98.08604981867119,-81.38546328427333,179.5807458179503
808.59375,-84.32225495430644,-89.2861426199741,-80.85422118860343,0.3169725285033732
809.08203125,-89.72203531233474,56.37632264689036,-81.65633994004303,-170.4381061821722
809.5703125,-91.41895451156971,61.61828366489657,-84.08452711274107,16.26773896151115
810.05859375,-83.22242389404975,-141.5427351989246,-83.38421460392229,-153.8248899783429
810.546875,-83.22279021344713,37.2972636880246,-81.76849764830315,23.37404267528942
811.03515625,-87.50880475549918,-146.3686315789637,-80.34601802285158,-169.0809014232237
811.5234375,-92.75106245516569,-58.10147003498569,-79.49971733222904,3.254779959249058
812.01171875,-85.4304665892322,60.84262545127665,-80.78019781855613,178.9657652332168
812.5,-82.22163211433522,-139.8717880562266,-83.22499458792619,1.317561560552473
812.98828125,-82.75731041638434,52.98214425983313,-86.91749701828948,-165.538729510468
813.4765625,-83.93336953716457,-101.1710613972715,-91.88700771249299,46.84676662009019
813.96484375,-84.52401452732282,73.13929185752178,-94.16777764805065,-97.76713126119515
814.453125,-84.64968705749715,-131.4407934518242,-96.5702472063729,53.19150794146098
814.94140625,-81.58241297799037,-5.429015413614603,-93.4527926430046,-177.1460066610399
815.4296875,-75.07554453186931,149.9242112423818,-92.28913803169431,-37.42172682564615
815.91796875,-73.1240031796723,-36.63557858726644,-91.1644526340088,107.8248351364747
816.40625,-74.46958117403675,139.3397696532285,-89.21504227661029,-120.9016226608319
816.89453125,-78.4719526394293,-39.65600052229252,-83.52248058536895,31.11229968282564
817.3828125,-93.99586807606475,158.2716264271419,-81.44336679856698,-166.5594976229679
817.87109375,-83.61160100359857,156.1099870149616,-80.60658859973559,-9.05753807552551
818.359375,-80.39360174127492,-17.65160433938579,-79.75496491318914,157.8075198466994
818.84765625,-84.07918441176101,161.8315964534246,-79.52342223861038,-35.99630452429475
819.3359375,-90.93176600787859,106.7395960208848,-79.50422613315523,127.3337024855029
819.82421875,-78.4356604004889,-40.15212015965015,-80.27350614979267,-66.17434964510745
820.3125,-75.02429223388435,144.2458691870785,-81.52069998819861,98.2804031210004
820.80078125,-74.96186229881532,-44.94243148177535,-81.61667950404063,-98.11364401663891
821.2890625,-75.4236480776088,121.7741790388348,-81.0573133497668,75.30302842871491
821.77734375,-76.38685149906078,-64.66907798241225,-82.28300333960118,-105.2695785523379
822.265625,-79.56900079283011,116.8011659866929,-84.99225144712427,72.45442160187835
822.75390625,-80.58697167201133,-50.25990485394092,-87.04814947299688,-103.4784599164084
823.2421875,-78.76131687089591,137.9089959730881,-89.02188217807797,96.89497226377829
823.73046875,-80.55908225562521,-39.88918387849942,-94.26430804536098,-55.31715183753418
824.21875,-87.32635619182969,101.6330584641057,-98.02217167650561,174.0627916778562
824.70703125,-85.93992520210178,-171.0328637054256,-95.09280963925848,-33.26145784779869
825.1953125,-80.97396739880375,-36.64274923356589,-94.86304878718653,125.5814890580327
825.68359375,-76.99575609593451,133.3009835303331,-106.2514938433946,-65.83367969238134
826.171875,-74.19233241187278,-48.17266268342229,-98.40215394494464,41.79811503522366
826.66015625,-73.58854054710763,130.4433300080258,-92.82007218296089,-132.3089292718692
827.1484375,-75.46339480904498,-41.4532026463391,-97.72268520601131,38.2658079034104
827.63671875,-77.91292719716068,166.0029846612277,-99.09363191829533,-66.5090998158893
828.125,-80.27248549575147,27.70744631562316,-89.84017407146587,118.7878065658771
828.61328125,-80.50363252214004,-97.86805620246614,-89.01301406408768,-72.28726968495236
829.1015625,-80.56271036199817,109.0605054290257,-89.35030457368171,81.94593697651977
829.58984375,-85.08799707912415,-29.46460187205169,-87.26106645136674,-141.5044561589604
830.078125,-80.32670153401382,-131.3909054835668,-82.76664774326143,11.09927608899661
830.56640625,-74.82962599850067,71.18737161772474,-81.78944995818085,-174.1333428882338
831.0546875,-75.00567629499437,-106.1550285165316,-83.3756525431334,-4.08707891194855
831.54296875,-79.7704505407338,56.65784062746991,-84.33582152122121,158.0646057230233
832.03125,-83.31168542678512,177.0265731997315,-86.84092949932939,-43.72110983587934
832.51953125,-78.42673105755543,-59.1209707582275,-89.20222988352137,102.8710333257661
833.0078125,-77.51042741885846,105.385433685371,-89.46233328229113,-84.79909772654408
833.49609375,-85.17459761113848,-65.70238042763999,-92.76940358301887,95.64761278879263
833.984375,-87.83198905284388,-86.12430300151371,-99.82499541291496,145.6251247278032
834.47265625,-80.2791858497869,109.4912780493807,-89.98257269446277,-48.63985433181543
834.9609375,-83.31042569325126,-76.67283760479252,-87.68492237151389,142.0943773870162
835.44921875,-97.62070400800503,-114.1375212549376,-86.42875378642805,-35.57409970326037
835.9375,-81.1014405577302,86.68955350061093,-87.81712003524018,143.4449836724212
836.42578125,-78.72980395223259,-80.93715357630944,-95.5666542621732,-68.6718219612567
836.9140625,-81.44284469455536,120.6296955143458,-88.80335504931644,13.85743851785168
837.40234375,-80.90138494645169,-19.31439714280735,-84.51009520998709,-179.3831152718989
837.890625,-78.22750215356115,171.6579337735283,-82.9920372106851,-11.83207503022942
838.37890625,-79.10255091105891,-12.38648057863892,-83.31533646414634,159.2795837032353
838.8671875,-81.22800215938271,150.9677102003754,-86.98547049333339,-37.58092158185112
839.35546875,-87.174765890332,-50.43517726726365,-90.82897127891152,115.7955221045527
839.84375,-88.67758472812811,-3.545680576687209,-103.8540444836202,120.1849090441517
840.33203125,-81.62958442149966,143.3839322131014,-85.52434797883674,-74.53441816713976
840.8203125,-79.42638713845712,-53.40666701248585,-82.67903767994967,102.6748496761375
841.30859375,-82.24183193357008,115.724003297404,-83.18021483252637,-79.1367863795052
841.796875,-90.49249711014809,-154.9880102400935,-86.12605400583753,96.37111744965387
842.28515625,-81.84800137732066,-41.727225597068,-93.01411255815637,-79.15343478308496
842.7734375,-78.23636794030703,119.3976487388512,-105.1149103369702,169.7646449219897
843.26171875,-76.97398917933144,-72.713209587534,-103.0143192626858,57.60946161998125
843.75,-76.02910004735736,90.03844535262272,-98.6769868891062,-176.3199957793479
844.23828125,-75.10577581467594,-84.40952105226643,-90.11823518389532,-11.36520742853313
844.7265625,-73.46085316497424,119.5737857857784,-85.20281729839621,-179.1469467653217
845.21484375,-71.85214385621163,-52.57959433668356,-82.53411377020947,8.987206913096569
845.703125,-71.24797199821545,131.9657502683836,-82.08263810394,-175.0872641963755
846.19140625,-71.69010223139553,-40.73725968928703,-82.48550669295904,8.174970387287869
846.6796875,-74.94452871069545,140.5261362540078,-83.46722799179778,-151.7602699194342
847.16796875,-80.9103293622703,-18.73330977496104,-85.19753606814321,43.68609323978884
847.65625,-81.63617713663511,-149.8236844889342,-87.97141532367654,-139.5150427879223
848.14453125,-80.39992975705145,60.28726377381116,-91.43564967812114,20.278408763526
848.6328125,-78.24927003205073,-102.8513260939303,-96.44971189095607,140.7627151653263
849.12109375,-79.67803440198971,99.14856905270243,-91.45691474146716,-106.6434876966405
849.609375,-82.12872402493097,-32.05419415343115,-90.41496279129075,38.10578515237052
850.09765625,-82.87861163843954,-167.4404690994075,-87.02294540744975,162.7848397083226
850.5859375,-80.70304970418626,49.96161046784734,-82.72437020287288,-37.38696972842158
851.07421875,-79.56514799240297,-118.1713461896853,-82.22032724967697,133.6359186643707
851.5625,-84.84819292702296,73.57491101079484,-83.72302974501793,-52.05116553224508
852.05078125,-88.76270634013085,4.928366494971058,-84.00854210635438,137.7652037488098
852.5390625,-81.10188877390388,-147.4739257040135,-82.32633545829404,-22.14552583795696
853.02734375,-79.32761503511313,32.61074258178417,-81.20425202014714,164.3285289004208
853.515625,-81.90470927641128,-151.4983374940591,-80.77969876326863,-20.81462860251171
854.00390625,-97.58891363310958,154.8141433040296,-81.17334637632609,154.2045183044767
854.4921875,-81.00723871962467,28.24973492171653,-84.85674235877062,-32.06128032923535
854.98046875,-78.04457460445158,-144.6141127492785,-89.92181261440317,113.0559604977126
855.46875,-75.77069196577598,34.68563929903927,-89.77525759001381,-106.2103670302781
855.95703125,-74.64675281667645,-130.6302936938474,-91.80816857156475,31.47325911712149
856.4453125,-74.26838566340537,64.76048147824432,-90.60150206105178,-165.2548228761935
856.93359375,-74.46579295932553,-121.348011461694,-89.63443989355697,15.88147155717028
857.421875,-75.60121968652211,45.12961726494619,-91.38729186466476,-176.7629587756516
857.91015625,-79.58181764644566,-140.865652346463,-104.9632639658019,30.3504797985332
858.3984375,-82.85216725959621,46.35260845857256,-93.3344835665076,-5.951835653449171
858.88671875,-79.26320322587613,-132.3257766516053,-87.9307798622487,-178.168266124433
859.375,-76.46552861695967,56.38336561707755,-84.86343598525494,7.722296703427637
859.86328125,-74.44733600712486,-114.5112430247295,-84.1749037588971,-162.4769970428284
860.3515625,-73.9964896188623,52.93572257793317,-86.35148895131182,22.63723922865382
860.83984375,-75.14369315934287,-140.4787820588913,-89.96753956099361,-158.5846778957429
861.328125,-77.59228934053853,49.38231332807644,-96.91682744129126,71.4154609566685
861.81640625,-79.83226161175777,-109.2923188229139,-93.58724037277553,-30.04410604064189
862.3046875,-79.62690845311944,107.4245704890973,-96.27155813219316,-165.6309443105378
862.79296875,-75.58450606144308,-45.99922119887165,-99.27781821310015,69.86607147256615
863.28125,-73.4363539388213,147.3401749357167,-89.51481607501361,-75.61260616092915
863.76953125,-74.00964794987684,-20.07600731137075,-83.27261223790521,105.8217761557392
864.2578125,-78.27924561686901,171.0659065392931,-82.7159070197379,-74.17108560743435
864.74609375,-89.73780252680913,8.614306883162755,-82.46423922547433,105.0604101116054
865.234375,-85.5035277398805,-30.60472217903335,-81.28661258679631,-74.95956163040796
865.72265625,-76.91114219926517,157.7743700504456,-81.45672698648747,111.1368309544184
866.2109375,-75.51415032529982,-21.09723032420034,-82.10290462066376,-62.6751738266832
866.69921875,-79.83032054353286,150.2361922492442,-82.25850443420471,110.8033763188793
867.1875,-93.4047273136934,-71.60703567509596,-81.75394221030811,-78.42783156223291
867.67578125,-83.99695317009375,-18.78203366394249,-81.7644636273684,100.2776264626918
868.1640625,-79.4259765370532,158.6094748056029,-81.00400807915258,-83.69115145866398
868.65234375,-79.65163674574751,-34.02107291753148,-80.1416074078121,87.67369845874514
869.140625,-84.0154923540659,104.2570388251718,-80.99888820414017,-101.6539092176621
869.62890625,-80.89762503120556,-162.0186258238747,-82.02252660331972,59.65866647569667
870.1171875,-75.94236350250793,3.412540864301925,-81.47053449745539,-144.7946849122806
870.60546875,-74.98763045602952,-176.5278873343385,-82.06379105618446,19.85381315784082
871.09375,-75.69070363300825,-6.772097313038359,-84.23723862172496,-174.7710162219095
871.58203125,-76.76431393518877,150.5060932311857,-85.89958765985061,-8.231993283260822
872.0703125,-79.87428125910054,-64.14175570175068,-87.48513190864999,152.3405055748502
872.55859375,-80.64407371578341,57.72167340361742,-85.85455210309986,-59.33998101792197
873.046875,-82.0752250556565,-141.3667064290553,-84.81090940523811,115.7050174693252
873.53515625,-89.35328362374977,-21.94332956211651,-86.8507445510227,-56.78269376750375
874.0234375,-80.92167319300673,99.87938085421266,-91.2455049513143,114.5982956633316
874.51171875,-80.37403245344328,-104.0327988325287,-99.75982825961754,-118.2782408560347
875,-83.45468059969116,27.50903514207015,-93.27485017397541,-6.896423687790994
875.48828125,-83.06348727797078,174.0238099553697,-90.1210532912699,-166.7358872369502
875.9765625,-84.14211123868901,0.7820480360317834,-88.90735800512923,54.39312562310261
876.46484375,-83.43501462035044,-127.3646976389496,-87.47150562329418,-105.3685322324059
876.953125,-77.05255964335541,79.63573740195498,-87.88712734768302,77.2323759833657
877.44140625,-73.04188993798967,-90.5493357321959,-91.16994249767049,-124.6095354010249
877.9296875,-71.51961346452785,96.04186618961653,-89.47390364085494,4.261276977754154
878.41796875,-72.53688240613228,-84.77766638998595,-85.46632736253328,178.4923357905509
878.90625,-74.53037357742295,86.85556025094633,-83.84908702122745,-5.946485137409715
879.39453125,-76.14782370975203,-101.9418727201354,-84.94207048529368,169.7619599319061
879.8828125,-80.36616731821312,71.54980183079861,-87.79127015952528,9.580487828728639
880.37109375,-87.45300011641586,-90.03775952524718,-88.00036988020886,-145.3419736081702
880.859375,-84.25305101640856,109.0846678134065,-88.73129234693135,60.52506437047312
881.34765625,-82.72640937625755,-79.65868475552568,-85.20882842272741,-87.07869567177167
881.8359375,-82.419795927062,111.3340116004282,-82.57507291632747,100.1469503099772
882.32421875,-78.94299271533968,-50.47565673302015,-83.38962038983892,-70.66666145601954
882.8125,-76.68628735292705,143.3001489300082,-85.14470270174,120.7727522378054
883.30078125,-75.23529640455307,-20.47726623349542,-89.06207449388251,-53.34298666538648
883.7890625,-74.51678997673646,169.6358900821596,-96.80538753860606,-177.7546409995749
884.27734375,-76.21773332276733,3.185964764833384,-92.32597171288118,52.16793099325889
884.765625,-78.64762768165923,-144.1479760255773,-89.28825259836478,-117.3244564873564
885.25390625,-79.65169880243566,75.47750770996241,-85.47017366660251,60.65635931261076
885.7421875,-78.14472299590008,-68.47357389183988,-82.22690595643478,-124.9751279353452
886.23046875,-77.61970908405598,126.8570376124185,-80.67126610964324,52.11367910462943
886.71875,-81.31848208762418,-40.25744461594626,-81.20652700350865,-137.24175144281
887.20703125,-85.90301972171258,132.6061673870495,-84.49623828019992,27.60388346844539
887.6953125,-84.49407762736256,-86.78072659572463,-93.29952569560099,174.5561714238378
888.18359375,-82.02633832004332,77.4567580326911,-92.00106864492652,-115.2688366369665
888.671875,-80.84546910042027,-101.2155570220394,-87.89684062532228,36.18172562455147
889.16015625,-82.88120965265229,96.96508906529795,-88.5726216718914,179.4491697235368
889.6484375,-85.67691753662919,-62.92028256510831,-88.79015379331408,-32.87136713291608
890.13671875,-90.0262606758383,94.75812206899373,-88.59182929415113,122.4356396726636
890.625,-93.20996370709692,146.1313497189259,-85.98730637631384,-68.35864627316718
891.11328125,-82.86898709031205,-36.03936747231094,-86.67942737537433,123.2376375042698
891.6015625,-79.58418979904168,168.5306058330643,-90.81068858826657,-46.04601586463599
892.08984375,-80.72071455909051,14.84206668249627,-97.48973960468335,150.8110595361021
892.578125,-82.10654688388358,-121.6647881844679,-95.78512645480211,54.51650894089566
893.06640625,-78.7797093477528,103.1657628355885,-90.77543572947009,-91.18206284637293
893.5546875,-74.79313434360124,-56.42194448064079,-88.21959776603379,104.3336736028037
894.04296875,-74.43900912099244,132.8161494065306,-91.67024557031462,-70.44219438511617
894.53125,-76.87073465811591,-50.32403195870989,-102.2679932536565,-162.4035878698474
895.01953125,-77.67100834131445,99.82051329655796,-95.59616678750751,52.79383802118312
895.5078125,-76.57380507423332,-100.3316582107767,-90.49115750031447,-91.92556458307787
895.99609375,-76.80683560748227,71.38764001193711,-84.75129515386926,103.9141740466198
896.484375,-78.6467808828847,-113.6189360545527,-83.62739175173408,-69.87791818643012
896.97265625,-86.89442642952082,48.27428182123241,-82.03446519378973,107.6889551329043
897.4609375,-83.70347128788752,90.22545370202754,-79.18340364955318,-79.94865500373078
897.94921875,-76.79820347482911,-103.4851251278458,-78.89723366504052,98.53161663714167
898.4375,-77.22583630576975,72.10190114007706,-80.60883022633453,-81.97274971896877
898.92578125,-84.5231738909751,-120.1166053961278,-82.82842356006329,93.30316550537253
899.4140625,-92.33684027708991,-52.84645233678544,-88.76450295930708,-99.67180117858406
899.90234375,-83.85962842093157,80.46438547053458,-91.61391890829472,-10.54792180963197
900.390625,-81.27534256834403,-114.2401749192729,-85.3193599290948,160.9452210559784
900.87890625,-84.13428081111306,34.30215954137604,-83.95734704019739,-8.972338522881257
901.3671875,-82.07042142260181,163.8093357677818,-84.70591714532199,-179.0347858719636
901.85546875,-78.5138608512089,-6.917799712884714,-86.33787646903457,14.19113582073486
902.34375,-77.75045280444141,-176.7482730421416,-89.11381886616118,-140.1386481814441
902.83203125,-79.26383038695592,12.80587565504789,-88.6284823415042,70.80887957157012
903.3203125,-78.28670929335219,-143.0626185233809,-89.40674265543799,-100.5654758450832
903.80859375,-77.12585486057353,45.14946728060089,-91.7199693926313,129.8258615658986
904.296875,-76.52616538909143,-141.4623704070147,-85.82677765801451,-13.28131350096802
904.78515625,-75.05445334237331,24.58901478854747,-83.00301473371199,177.5320851172878
905.2734375,-75.25802167005682,-177.4198642891805,-81.62510464695708,-1.115508959677205
905.76171875,-75.66163249952046,-27.30066425154284,-81.63554141886533,169.7160685308526
906.25,-76.69686355981445,134.4605616791805,-83.71249733355954,-28.31298929922855
906.73828125,-81.94760674647603,-64.03156552919276,-86.2604999905017,128.0356432321572
907.2265625,-96.08280431851249,43.31029363701507,-86.33248476415307,-65.17051638495278
907.71484375,-83.7786077307652,138.5016037235382,-84.18932351424905,115.5922764884779
908.203125,-78.08169663350755,-36.56300238438508,-82.70492065604972,-60.86353528646362
908.69140625,-76.15047041803396,143.4250544410963,-82.23854526542627,118.5199433542252
909.1796875,-76.66264970071956,-28.11560328859324,-82.29425007255769,-66.94091344588368
909.66796875,-76.65273570560404,162.4240840786074,-84.4478271316195,109.6622861495706
910.15625,-76.11111321606433,-33.4763620462825,-91.56451129293423,-54.66896913873283
910.64453125,-74.69735301477715,125.7340457499467,-94.91885616905762,-150.6060239257007
911.1328125,-72.5783472218346,-62.86720795704619,-92.32390207345691,51.83958195810405
911.62109375,-71.16840487280862,115.3817143229198,-95.27191123391331,-129.0811359479218
912.109375,-71.42384451778851,-62.22611432243064,-110.5945759874815,-30.60090476746286
912.59765625,-72.61647527232356,115.3076965411716,-93.3852231818405,62.59403801957973
913.0859375,-74.72779552472198,-71.34192056554718,-89.23246764487422,-114.0412663389689
913.57421875,-79.97560581215123,111.7922825116142,-89.21640154717466,94.70079088361554
914.0625,-95.9901003335011,-53.75613717052957,-90.8294107567819,-59.66521566645758
914.55078125,-91.94576350793092,-55.09552701000839,-97.06690927167247,87.00230618268002
915.0390625,-85.02489731347455,52.8874858007899,-92.75312062959031,-145.3544528345553
915.52734375,-76.80616568203645,-154.470581379936,-89.57229182808894,31.40904643772647
916.015625,-74.45361140777031,7.482869405791852,-87.9968332600167,-139.1622567979321
916.50390625,-73.16057208522737,169.3607436096725,-89.65937859653828,68.89665137786041
916.9921875,-71.85419961676112,-24.52543933379717,-90.01594469963072,-71.31842928928356
917.48046875,-71.73729579698021,142.2487404737816,-89.88430495053362,113.5274203982854
917.96875,-72.41005016001827,-52.95031918836045,-92.01593169825527,-70.04383256687181
918.45703125,-73.75374259785771,113.039898878468,-93.40896253488323,96.87681836992955
918.9453125,-78.63218530608611,-66.99801391366034,-89.55525961550295,-104.292495542587
919.43359375,-87.16728384253572,179.0981830622639,-86.19357070110324,77.62922821058311
919.921875,-83.20023188590051,50.67610035902547,-83.45573348127935,-98.81521546811459
920.41015625,-81.18132712368103,-139.0828628070627,-81.04711996453702,74.60420381609151
920.8984375,-78.60144065404974,6.485937838863796,-79.88480663180468,-110.5392705857375
921.38671875,-75.29278304969976,159.4626638582571,-80.25473310184204,68.07722619917037
921.875,-73.23165848323818,-28.59891473479533,-82.61989207975458,-114.2041354521546
922.36328125,-72.78676872782783,158.219183710597,-86.44640581665323,54.75293100548861
922.8515625,-73.11157633705017,-9.341281627124442,-88.40680187500895,-167.2140773940831
923.33984375,-74.54585149098834,175.9433285983902,-84.97830648720384,-17.61613065026807
923.828125,-78.39796836715482,19.03824409406771,-82.91673282383715,168.6365809394066
924.31640625,-77.35497331353814,-97.66523438158302,-82.32884154539762,-0.2309318473506111
924.8046875,-75.9747553587698,110.2778665670157,-83.55029109582509,179.8775661801149
925.29296875,-77.0448311986539,-57.30276834055289,-88.83490543755669,-2.547322134126835
925.78125,-77.81262907615012,127.8447835954212,-98.19705046779349,68.4939038461828
926.26953125,-81.84112859681817,-28.53872742979313,-86.02098239956487,-124.2341403243037
926.7578125,-86.17988774333249,-164.0134685424179,-82.50578540703407,60.24702115981686
927.24609375,-87.31226471503261,-9.303361218422147,-81.95799195239113,-119.3294802855038
927.734375,-88.53759474880491,143.1972132934494,-83.27546276189977,72.89595354181536
928.22265625,-91.9560771848227,-146.5410122293274,-86.22541720889798,-87.86879913196418
928.7109375,-82.16838786016994,14.59118519305255,-90.33665603363814,123.759156765036
929.19921875,-81.08076266262175,178.5849147397373,-86.96039517074539,-8.190869042887435
929.6875,-83.37649162613405,-21.69600660198695,-83.86228517884199,-172.1114834400462
930.17578125,-92.45885918117138,-177.8955098906715,-85.07290098423509,16.95625401068329
930.6640625,-86.05120925647628,145.19754259206,-87.91149963977676,-156.7923981486961
931.15234375,-77.74660908338299,-30.21472848903256,-92.65495456729325,35.68575082627216
931.640625,-74.27103792673608,146.9787799502716,-92.15548171706533,-59.04520098966418
932.12890625,-73.48045657165255,-28.73996637309558,-87.30165255680249,137.8837248390617
932.6171875,-73.90563902691811,159.3556758390187,-88.52151911449204,-57.55669762213108
933.10546875,-74.75285600612472,-4.436952750871394,-90.16535446969941,93.25568176067267
933.59375,-75.72994997367316,-154.6291844751926,-92.00660230073265,-120.379748468868
934.08203125,-75.86452528328834,49.68389921885478,-88.23653361602064,37.97738410754393
934.5703125,-76.46462761430139,-119.6268970733953,-86.30382980207733,-149.5442680196558
935.05859375,-77.80831731875568,67.16151951255392,-88.2771594681017,9.491328009288017
935.546875,-80.05343568390388,-110.3721581648731,-89.74332289047294,160.3094184645029
936.03515625,-82.05356821488577,60.25050500862595,-88.17176121175662,-51.2412318153878
936.5234375,-83.14340706493935,-147.1517035569244,-84.47584008594544,110.8822130678899
937.01171875,-88.03617956895647,-0.5289861463792546,-83.91952072876875,-69.37499760220598
937.5,-93.64234132737107,30.00177563144864,-87.17073606597378,107.7143998694025
937.98828125,-82.33170888844255,174.8098675287638,-89.34461856604381,-98.95360212884422
938.4765625,-78.41497284299936,-2.505697200185485,-88.20918698095483,56.16880412986874
938.96484375,-78.89288844207846,175.511376429344,-89.55320883523997,-130.8653161175955
939.453125,-82.01080239633093,-43.579353658973,-95.01694390667402,71.15461019091339
939.94140625,-82.44491542142873,85.10549142537346,-97.22077895877464,-6.272264752749195
940.4296875,-82.96853796655442,-118.0540786054431,-87.1270094617538,-148.5946726591743
940.91796875,-81.46824379684256,94.25427431262587,-83.71081376035777,41.96110794333664
941.40625,-79.29696359632483,-50.04714706556793,-84.78161999377261,-130.314528334022
941.89453125,-77.58673516550768,179.1918393711854,-86.52906666995314,46.45054795210338
942.3828125,-73.7208814740823,27.05315030309539,-85.23456305973069,-138.6002865661366
942.87109375,-72.97730205630248,-137.6550161066952,-84.83184289578037,38.5320295992838
943.359375,-74.03113807417886,55.4524030345893,-85.53795792196956,-147.1868718407624
943.84765625,-77.84859200675436,-124.2043000587163,-86.8556345775329,29.75097526679322
944.3359375,-91.76200212973589,-5.383677225909232,-94.60903546309487,-157.1051531267959
944.82421875,-79.97508128206411,101.5708766558166,-99.38996495270689,-140.1027215800514
945.3125,-74.73974727552717,-67.40534802697904,-91.5860067313769,44.2142935527302
945.80078125,-73.38794252871851,125.883258774425,-89.68662872387367,-132.1223147392493
946.2890625,-74.17614356028838,-32.3531883431477,-93.42594583285012,24.26494739567078
946.77734375,-74.02869770766274,160.7738114248036,-98.60739525450401,-128.4217715505934
947.265625,-74.27701880502053,-19.73003308710942,-89.57222756509793,94.53859929576778
947.75390625,-76.62356721099947,149.9426672252607,-88.49922945212808,-93.08608281760689
948.2421875,-78.50752813992298,-63.95271786094036,-88.55452965945646,69.23392962283606
948.73046875,-78.53728372243165,73.26170843301006,-89.26554749532514,-119.3219630228983
949.21875,-76.66714301060766,-147.7807401585792,-97.35575876119334,36.01880108395613
949.70703125,-75.026413101814,10.90540420063376,-100.2370966290642,84.80011148023273
950.1953125,-73.60551881853814,177.0931562730647,-93.35760674873818,-135.74917939957
950.68359375,-73.21076759589249,-7.324368956193942,-90.54454347639799,50.24471047358555
951.171875,-76.7539666071992,178.3590641223645,-90.68429943859104,-105.755286662015
951.66015625,-88.8173389985011,25.05214249051362,-89.8831214479745,91.56446460869375
952.1484375,-80.68676709693391,4.387821073357533,-86.9978014688121,-101.015109734709
952.63671875,-72.38673900044313,-175.4204646845557,-85.3424843693245,46.06915200056815
953.125,-69.42933847327465,-0.2588859911072139,-82.66559767483898,-166.1937979550083
953.61328125,-69.76852358641543,174.2486858728566,-80.90114072968373,5.916283221677904
954.1015625,-71.66615165475088,-10.15955437675308,-82.02347873738543,-168.7402444328718
954.58984375,-75.22441986782502,172.3360014333331,-86.0393521494627,19.88456511856086
955.078125,-85.03915687929162,10.64753096999462,-93.26572981156679,-141.2309651117124
955.56640625,-83.04665555330538,-64.93993104327292,-98.25038204310211,89.54572623354527
956.0546875,-77.94103453853698,113.8149612782718,-106.4968008851116,-132.5618289543474
956.54296875,-77.43330372625999,-60.27503195419214,-100.9302168226301,-9.281478487312782
957.03125,-77.25579144305351,133.239947280328,-100.4003340313369,-179.2000506439584
957.51953125,-77.41643142604524,-36.92845576167375,-95.36565380496269,26.96191506598443
958.0078125,-77.05240630431601,172.5133756744566,-92.5536562775994,-118.4241729191079
958.49609375,-73.03805152646186,11.02303905947664,-92.89893289700599,95.61906882676115
958.984375,-70.21024682143266,-163.610905539314,-90.92378116653875,-77.56165362986081
959.47265625,-69.10489962653324,24.31764671493693,-86.79775068444499,118.5075823415326
959.9609375,-70.00956184602137,-153.6045750976017,-83.85142121933369,-35.26181528757618
960.44921875,-72.91158633091315,18.74985807087316,-82.97285322562216,160.2910647406498
960.9375,-76.02072253676016,177.5672239200804,-82.94695230711037,-11.31588805062802
961.42578125,-78.02171331018997,-41.47556085890251,-83.78614653924792,-179.593502390394
961.9140625,-77.56294269934892,107.9257408667266,-85.15587707753394,13.69283643285564
962.40234375,-76.69948224093189,-70.2054539189853,-84.4404931394167,-174.2095258524409
962.890625,-76.62937671971336,105.0669129039039,-82.64147238329244,-8.369703095252415
963.37890625,-76.89239915767102,-92.26809100971857,-82.28849132800792,171.6382407938621
963.8671875,-77.292472122161,85.04531557118202,-83.70740254875088,3.508646044261373
964.35546875,-76.74982439780133,-104.1516087295657,-87.6583405160988,-148.7531985955672
964.84375,-75.23196230383417,55.57945790358538,-86.42695889115508,83.14051907251381
965.33203125,-76.06289132233047,-143.5748968206944,-82.19172146149296,-87.83506261633889
965.8203125,-78.98299056488356,9.812459706050612,-80.90540684954374,88.00253693721176
966.30859375,-82.36855853980356,157.2859533472146,-82.49188684680087,-96.07220808595511
966.796875,-86.02547324433864,-91.96640964934539,-85.5982731396933,86.95237756011576
967.28515625,-79.96996156614733,36.04060664850565,-88.32759670967727,-68.30635888121346
967.7734375,-77.82370586130732,-154.4790364861375,-88.98343342526303,157.9552526088313
968.26171875,-78.63466074176658,19.34843769605337,-89.3765548062226,-2.84027454421074
968.75,-79.66329081209038,-160.5226012406084,-92.45954642295906,141.6107424728647
969.23828125,-79.0426614032374,27.5860247129913,-89.29007230176624,-95.68330698024671
969.7265625,-77.53049439614057,-143.231914298738,-85.88671126108372,63.36204136885021
970.21484375,-76.81898480077442,43.85066047764494,-84.61388300074535,-123.8513802905936
970.703125,-76.51542089223918,-125.3009004411372,-84.11816444071739,42.67109643458683
971.19140625,-74.80846762353289,75.62407222220608,-83.81887738172705,-146.5089928779626
971.6796875,-73.498158251741,-94.8990668456042,-84.42805008570602,39.29436601362283
972.16796875,-75.0470468819332,86.53752125352577,-87.08253051111541,-132.6843842284516
972.65625,-77.48821501963418,-88.8712489223545,-92.07221022397222,88.13264220951216
973.14453125,-79.53809944077949,79.73170659071432,-88.43322255496723,-35.99597549886725
973.6328125,-81.91839039482419,-134.7561000696132,-86.68831781622225,-179.5245351613379
974.12109375,-81.93407724493852,25.0084587298627,-86.83484619143228,30.42131478412563
974.609375,-78.56833824566723,-164.5058850454288,-90.61572244904522,-125.4592861594719
975.09765625,-74.86795514262081,-4.714607031793489,-89.22886157280291,89.31507219489832
975.5859375,-73.78020850970559,165.2414483646924,-86.35993233622982,-84.1444981286789
976.07421875,-76.06492578722322,-19.08539113527132,-87.91756705326893,95.28570099861909
976.5625,-78.71354070481856,161.6231467743863,-92.27415944369469,-110.3125732947183
977.05078125,-80.19300450295691,9.276031079816802,-94.2871642205389,-10.72821522255128
977.5390625,-82.41310427620071,-150.4409639899274,-88.91925316017341,118.7171186356135
978.02734375,-82.76188946515555,-14.05686104628427,-88.04412597601123,-60.15571417102472
978.515625,-76.69977789835511,144.901287346934,-89.63696423963155,136.1944487639253
979.00390625,-75.36259879600235,-46.34900110496468,-90.668212574438,-30.45549132738913
979.4921875,-76.39190941825832,123.499787673374,-90.33370750019417,159.9013642530171
979.98046875,-76.8581736618454,-46.69594761670548,-91.19522880373296,-42.15865075165015
980.46875,-77.27845456310104,152.8701872931578,-89.78267505068456,99.70540950671784
980.95703125,-79.51723150464338,-8.688626302496822,-90.59208815079243,-98.69511311980062
981.4453125,-84.07735387425264,178.8124856687802,-96.77565729267378,34.87951934281297
981.93359375,-87.26983585138426,22.7359112996729,-93.2122963315485,128.4621240177739
982.421875,-87.41333470679299,-146.9470409193966,-90.04939217621832,-80.21202631561269
982.91015625,-93.47941147992906,-51.75364408908109,-90.34882166722628,67.07161611243502
983.3984375,-86.41613381558956,110.9247548356454,-91.28763027513919,-158.0391619790094
983.88671875,-84.83709912830939,-49.41532529674615,-89.28056346953235,-27.04218865226575
984.375,-94.9760285775223,158.9236975656379,-85.38591116770165,135.0871823085046
984.86328125,-85.29537534593116,92.0902387368245,-82.86214382286403,-53.00468647497463
985.3515625,-81.93269068551228,-89.77136524182528,-82.8671576954879,121.5875301936217
985.83984375,-81.93973654981494,102.2409798529591,-85.05599356286879,-59.41251406559564
986.328125,-81.96642079301817,-56.78526692634679,-86.68993493276875,108.2901073989516
986.81640625,-80.74611090128263,149.6079106718092,-88.79649836620158,-107.7291351891417
987.3046875,-77.84156557161478,-27.04463283798666,-89.67902792154378,42.14383801029349
987.79296875,-76.83033265478394,127.2086722124921,-89.49518385143058,-130.6067002416004
988.28125,-77.39228789363669,-81.53124870576855,-91.01610457519237,35.37435612404355
988.76953125,-80.37588189174643,60.14586051110707,-97.59044420106811,159.0549890932402
989.2578125,-79.91478819047555,-173.8887362248561,-95.95623247545151,-103.6075147410422
989.74609375,-78.97902062541674,-49.26843551872527,-90.63213369522146,81.08456920423485
990.234375,-74.65603806592549,87.44346856787971,-89.4622534732986,-107.3545973538948
990.72265625,-72.32316354324885,-106.9510247247147,-90.05761886029275,9.824693899514569
991.2109375,-72.78492767537369,60.8975505139879,-85.20815161339804,160.3611985228987
991.69921875,-74.82025373330909,-131.8838968946974,-82.85418565692862,-18.27373156692564
992.1875,-79.02926122833847,39.75602572881449,-81.59768834662194,164.0292740303957
992.67578125,-85.01253146141315,-177.6411597369645,-82.6451706864739,-9.30197136950186
993.1640625,-83.59453929752186,-21.86873889891994,-86.25151591874678,-160.4785366103187
993.65234375,-84.80509097200647,-164.1373368852702,-87.8048070628947,78.62313363935959
994.140625,-84.7135270229286,76.38666258981199,-84.76770074500666,-44.00964169350566
994.62890625,-80.43318726534301,-66.74368537090413,-81.66531722970008,165.2910316123976
995.1171875,-76.39787020280492,121.6641370922857,-81.23988545198181,3.907128949669612
995.60546875,-76.44486985804571,-64.63788433980002,-81.50822410296658,-153.1352036438067
996.09375,-79.22349172547412,70.69712804220603,-81.49769297266074,53.04003072394448
996.58203125,-76.27240536777542,-161.1663980612473,-82.20590635833057,-111.6120328063373
997.0703125,-73.93465003907038,-2.719486470238992,-83.45058850999406,57.02810447105342
997.55859375,-73.9520730487005,171.8935472045593,-82.53418534170179,-145.0085509182014
998.046875,-40.26456012440924,-110.3358475096624,-59.62266781007421,67.62150967048743
998.53515625,-17.39183925982708,68.95303093888073,-37.22466902872919,-109.1326697788748
999.0234375,-6.951560185555873,-111.0414555044926,-26.80749604762928,71.1127526195159
999.51171875,-3.450834868688108,68.98026926037006,-23.31153362487379,-108.8208909989587
1000,-3.141599882732664,-110.9973258882274,-23.00476527777921,71.21061700000124
1000.48828125,-3.45102060141349,69.02735250660328,-23.31529244313867,-108.7663006266417
1000.9765625,-6.951648482699318,-110.9442199205744,-26.8147537357828,71.26573467940128
1001.46484375,-17.39361180054993,69.11649952961719,-37.24302524184432,-108.6542847408019
1001.953125,-40.28127153783149,-109.9648689889149,-59.68935332143987,72.81184232339399
1002.44140625,-75.64333348586769,163.6713545135858,-81.15211255390855,-82.31400587091485
1002.9296875,-78.5716070893707,-16.75959176375879,-80.66958301441923,93.15782677020745
1003.41796875,-80.38270398421471,-155.2074995036214,-81.79047881738964,-102.5595010441482
1003.90625,-78.0228219301313,54.19059162250674,-82.82144616603674,50.49452289471238
1004.39453125,-77.35531686739348,-108.2535844053343,-83.22743087775851,-156.139250087511
1004.8828125,-75.74905258002458,74.64877460518481,-83.82404279311135,16.73625018327601
1005.37109375,-76.4130537726565,-114.9372482959888,-87.436729776589,-159.6183940032695
1005.859375,-85.15221637394419,52.94409233085415,-101.8584176529164,27.88006421693741
1006.34765625,-88.96359822982751,95.76823578782198,-89.60470979559263,-0.2884790441986379
1006.8359375,-81.70748420519757,-95.25061373807559,-82.89661839942211,-174.3901121659461
1007.32421875,-80.2097778364444,77.43305250615285,-81.46837207957321,15.31046557482483
1007.8125,-83.61086193015348,-104.9557440340506,-82.93049295879207,-155.4899333669123
1008.30078125,-89.21130438066015,78.21097658128549,-86.16751525309964,26.42872090922183
1008.7890625,-87.8666363621461,-61.94843693317029,-91.35997961554381,173.0332104652396
1009.27734375,-84.66428843793608,141.8965752452042,-91.79654732678853,-68.59813252961469
1009.765625,-91.8097749304541,-45.99070580908821,-91.65205237259173,86.53050673337314
1010.25390625,-87.8066120413677,30.06069272664699,-93.96793605377064,-81.73656607750762
1010.7421875,-80.89576637881626,-162.3030260940215,-104.1032861606527,68.53094280908491
1011.23046875,-77.85961680721421,4.575818930648009,-90.57664039632833,168.1426136775696
1011.71875,-77.24660539553265,-172.4689933706296,-85.31552077552176,-2.036907308161333
1012.20703125,-76.75938026642079,16.73200346307738,-82.98853748424932,-171.4040415117227
1012.6953125,-78.44201425151788,-171.6321980913684,-81.41889996913015,9.111843285804804
1013.18359375,-79.49381162308266,-32.23034209394407,-81.4508127014726,-176.1455525021825
1013.671875,-76.09304500099248,135.1928801075784,-84.26594708566851,-1.2526367307421
1014.16015625,-75.52384133888043,-45.33406406770835,-88.05505482710872,163.5830355044777
1014.6484375,-76.0860008993767,123.0074229857139,-93.83190522614919,-28.57293385324358
1015.13671875,-77.76331324881585,-53.33065845811852,-106.1109230440719,-43.57347404892282
1015.625,-80.62112993491495,164.6134011636376,-98.45264468345096,-177.7624738429072
1016.11328125,-81.68054297744621,10.01190228503191,-97.71501109767669,37.59510512907197
1016.6015625,-80.17223215958705,-161.8705175860318,-97.91307092855314,-159.9668946691146
1017.08984375,-76.72165134322165,14.54734360239043,-92.99363723813998,-16.46931039063512
1017.578125,-76.6016632132211,179.7151878491146,-89.06100281551296,150.5067773323277
1018.06640625,-78.11516306375867,-14.72600583376239,-87.31265126257513,-35.78296876655489
1018.5546875,-79.86959220801549,160.4020204601202,-86.76650349053675,129.1059006649443
1019.04296875,-83.19074984645182,-38.2780947805325,-89.95736741660068,-60.97039061737499
1019.53125,-88.13581507128447,58.83049476080279,-110.4275710093275,16.64507310553187
1020.01953125,-80.92330120658917,167.3593315745318,-91.09296973607171,163.9552672429529
1020.5078125,-77.71758690665867,-36.13369688315945,-87.07086928387704,1.714712629109687
1020.99609375,-77.2473332079509,132.7883935501708,-84.63931857687064,-171.7183700077113
1021.484375,-78.77526227707951,-63.90008865755551,-81.9881049082851,15.22221468120692
1021.97265625,-80.33324206751102,79.87241068938825,-79.93827714844537,-157.8449490649108
1022.4609375,-82.37418869116004,-137.22125831006,-79.66296334572121,20.88430243912616
1022.94921875,-86.08040915758311,4.809021240504182,-81.20294181714769,-169.6203730062714
1023.4375,-93.04971072286845,-139.6093828670206,-83.36791683319474,-2.693408475639625
1023.92578125,-86.83554651714124,102.8762790052813,-86.87295988769158,162.6867125397339
1024.4140625,-84.77451331937777,-77.06428000831411,-92.15776336213128,-50.32294044576972
1024.90234375,-82.89027098304555,82.70616496659787,-93.12617137917682,113.1910666783709
1025.390625,-81.23687818868376,-121.3971756940531,-92.1614333631058,-59.64393407837598
1025.87890625,-81.00266500489613,39.3078611584866,-90.00587406196443,96.87393817676646
1026.3671875,-81.25956997694132,-151.8938897944408,-86.19105191698767,-91.25167917898305
1026.85546875,-82.14163573266895,34.96315258330413,-83.59830237255062,95.49965909919645
1027.34375,-83.98774364142213,-123.6189583383811,-82.19930606078714,-88.00818479796914
1027.83203125,-85.27901535036102,67.14592270852786,-83.53064807620882,94.61725678983562
1028.3203125,-82.72220978675367,-122.1671468319063,-85.68723651404966,-55.66600059406341
1028.80859375,-79.24420516873815,46.89023275138779,-85.46189477946771,135.6565416973938
1029.296875,-78.54576414735432,-141.3761640548231,-87.59307482657734,-41.78556918511998
1029.78515625,-80.08757289003414,36.50216813118192,-92.75890046576149,142.9944674797696
1030.2734375,-80.88075360707735,-133.7374062610502,-92.21225949119669,-120.9461769940239
1030.76171875,-79.93809359395081,54.33261007126482,-85.03884740832709,9.270194305928133
1031.25,-78.66717695502849,-125.5285253553895,-82.28094290024508,163.6174350929195
1031.73828125,-76.87668138311213,51.70520195161855,-84.55952335216818,-31.21904609144878
1032.2265625,-76.88905588645038,-135.8725061441098,-87.77192443656094,121.0767086636628
1032.71484375,-78.25630323682216,31.27929674411039,-88.08440337237451,-104.5950431002839
1033.203125,-78.56546032227745,-153.4207604753154,-84.14535003677679,45.58328947236698
1033.69140625,-78.96273854101382,23.48765856690085,-82.30484543450106,-119.8854761142194
1034.1796875,-80.33063123931471,-160.3573227438895,-80.94836242399899,80.66576713546073
1034.66796875,-83.40938720732851,43.23421361795778,-79.44044882636182,-93.65935105661653
1035.15625,-86.11451444902927,-109.4685909591992,-78.99335285659278,92.09333400073758
1035.64453125,-90.03402909196271,-24.59072878076582,-80.99253330618951,-79.20322895441751
1036.1328125,-83.34601673362614,141.0279590296973,-83.81359037975898,114.0476499114336
1036.62109375,-83.46132026781432,-2.96432714759049,-84.66495421168844,-48.25639037088039
1037.109375,-84.1729854875301,-150.0394206550796,-86.69525980166334,147.9411956319314
1037.59765625,-83.58619944049505,99.40347519676862,-91.49128729876301,-45.18094541316356
1038.0859375,-77.77770838250116,-52.0407161049535,-91.22715532981636,61.22032428681381
1038.57421875,-78.5772925474045,134.8436623981901,-87.28908683759053,-157.7387225323353
1039.0625,-85.9785474686247,-9.006776020204137,-86.55321476151605,16.85087029291188
1039.55078125,-84.15889120608803,-102.2596105213314,-89.14381760953307,-166.0071284168615
1040.0390625,-80.25485516325732,102.5833329280821,-95.46325250543249,-31.194153773107
1040.52734375,-78.24053561335337,-73.02185254804398,-93.80852594327865,43.6387163411701
1041.015625,-76.64672089099201,110.5105695404307,-88.41130682820889,-145.9775687345765
1041.50390625,-76.74288531863955,-61.63127046800059,-87.36580578910319,53.38095390975833
1041.9921875,-79.35124603268521,116.9924318137943,-88.82454255400545,-118.3371871936281
1042.48046875,-81.23814881657015,-109.2013397789252,-90.86448823629357,77.71392944621833
1042.96875,-77.36726599183908,26.34853620192262,-89.2594655230385,-55.59184951104041
1043.45703125,-75.39250013337733,-169.1352989981064,-85.62438296849224,156.0983936400992
1043.9453125,-74.97347292430428,9.157879111303998,-83.94545618242874,-14.75436172054235
1044.43359375,-76.33750639465256,-159.203174031213,-84.34394222552012,159.3704097353492
1044.921875,-79.83119583593262,55.88610839295772,-86.4815071297909,-38.74692788226881
1045.41015625,-82.45538296769314,-97.88470702861888,-88.471603751345,115.4722664034605
1045.8984375,-84.36003922717501,62.73905610735134,-89.0148096483247,-79.51053035723508
1046.38671875,-83.69876855670864,-142.6876658802107,-89.85054416533897,93.00847720942998
1046.875,-82.3758404485865,4.608946471921503,-93.16284644474356,-84.66189985275126
1047.36328125,-78.69273057231484,176.8383776113766,-96.95374593628461,112.7230221034541
1047.8515625,-76.4248674883152,11.82466744199429,-98.48226365769499,-103.6691905428444
1048.33984375,-76.47082416515019,-155.2323871284443,-101.7642386443175,42.25652973160695
1048.828125,-78.52303734010928,26.90875142570827,-95.58539723251297,25.16149677937321
1049.31640625,-80.27111284182874,-138.7327252902333,-89.2428417118338,-162.7574834553932
1049.8046875,-78.65081034679359,76.63800769758396,-90.00967251316166,13.53163760284874
1050.29296875,-76.87358333191406,-92.57631711857324,-92.51692939903334,-164.3323260529374
1050.78125,-75.97316433969736,74.9214277725975,-98.61188508583029,-24.28965146701479
1051.26953125,-74.3249144596133,-124.260720116928,-93.76127475434848,53.95378391909004
1051.7578125,-74.48936121949038,39.47211500422056,-90.71384178505352,-135.1591802693312
1052.24609375,-77.93116179172921,-161.7867285038012,-94.97834348887862,74.27867376660642
1052.734375,-82.79179434245526,-17.63238697200739,-102.3613349919613,-41.53868660809114
1053.22265625,-91.27357578082247,117.9729234327087,-96.65882558753891,164.9073411158217
1053.7109375,-87.98663580288266,-156.722298785094,-88.12802163960804,-11.94586457683325
1054.19921875,-86.32485742979588,18.70528332947764,-84.97536523366887,179.7764981082513
1054.6875,-86.30946730823474,163.6875840567963,-83.98996217629055,4.196045989040238
1055.17578125,-79.58072594026613,-9.993403986750716,-81.95574002813665,-178.0488117750047
1055.6640625,-74.61844567047683,-171.9107446160888,-81.62554378428214,5.274161357354936
1056.15234375,-72.07796435793222,16.42593740522512,-84.22265225038139,-170.6889988797895
1056.640625,-71.22072183371357,-158.7771675505447,-86.72735984411125,-10.52185630772659
1057.12890625,-71.30807761362883,26.01181333365931,-87.15611620780803,135.6107282810157
1057.6171875,-72.57079006938535,-150.6185680985775,-87.63894809970814,-61.37962105795935
1058.10546875,-76.25725721561173,33.40779986177769,-86.79733487190077,127.8586853084549
1058.59375,-81.74379492599,-120.2578156564627,-85.59738563978388,-30.31888299525281
1059.08203125,-79.83073646856104,122.2410493868312,-83.7859375754613,-178.5823018478009
1059.5703125,-75.72170173006641,-30.77749219547658,-81.98011536814752,20.78479396283601
1060.05859375,-75.00648478957119,163.7859283284945,-83.32999731290164,-149.7450188762193
1060.546875,-75.79033705898632,-4.682329579824588,-87.91616973387163,39.09962104738204
1061.03515625,-75.94418088668432,-177.688564648964,-95.77090462841043,-115.6866978862481
1061.5234375,-76.08330003269047,5.481068172243462,-97.80609301904832,158.5500030324356
1062.01171875,-76.33284841961961,-173.1029970465656,-90.26133810977851,14.89874002145595
1062.5,-75.23627409864974,2.239173925206002,-86.6238801508658,-156.1783934740933
1062.98828125,-75.33596694216921,179.7931067407485,-84.12531458555947,34.65113227930627
1063.4765625,-77.01082304325172,10.3487966711759,-80.74023698261102,-138.6702576707797
1063.96484375,-75.40348051992048,-154.5336521423866,-79.44561085045196,35.67760605294998
1064.453125,-73.37578368811094,35.84470472449075,-80.35794350601901,-159.0831418351385
1064.94140625,-73.40570831179701,-131.5141154023111,-81.87111040769317,-1.129121792105535
1065.4296875,-74.67786521214344,58.66410202842379,-82.76871800147885,144.4461112416299
1065.91796875,-77.70881483366068,-102.5221243064122,-84.70376551511063,-65.29663422083421
1066.40625,-79.81869697482128,127.3535167006566,-91.3854253546499,56.96226670480956
1066.89453125,-80.24692190634964,-17.51919498583236,-87.87261452278929,179.6673755026775
1067.3828125,-83.16673357772247,-166.2507499410425,-86.07970240460274,-5.320350622259077
1067.87109375,-84.60142868542698,32.3297908945877,-86.09090676380501,-178.3813728830939
1068.359375,-85.38983226333019,-120.5536361754739,-88.28217971031854,26.68931744131221
1068.84765625,-79.26834553574321,90.65653258698291,-90.4508035528261,-111.0448108012675
1069.3359375,-75.995960795668,-90.23896162450337,-95.72693703027041,74.00235738571381
1069.82421875,-75.89856975896868,84.75967845889062,-95.19687849435904,89.74329726748303
1070.3125,-76.13949101868289,-97.46912579630421,-86.9594635233853,-108.5980527760157
1070.80078125,-76.9551767287392,74.61913656725237,-85.444581730897,69.00840585197994
1071.2890625,-78.07738422714189,-117.7255340107811,-86.81043329521063,-111.5608260275767
1071.77734375,-79.500866015881,56.65929789477702,-93.09114723782696,73.63658004413433
1072.265625,-82.58938632598014,-118.4814454649294,-104.7774167356275,-82.33864467371446
1072.75390625,-86.7379888204901,80.85371840478462,-107.6348163779986,-28.37291707480371
1073.2421875,-96.3412444358441,-2.943147838978403,-102.928078601869,108.8788650278387
1073.73046875,-82.8479037541131,-124.5997597183506,-104.3723646017245,-30.38272503204765
1074.21875,-80.2529097250266,58.13642600241059,-96.55112912437755,-164.5474902746324
1074.70703125,-81.46084762189668,-116.6576905126778,-96.58317192462638,52.34902702656498
1075.1953125,-90.1439311071282,69.47680065908352,-94.13031377539605,-74.40265535312568
1075.68359375,-82.77219503357219,56.59100133685676,-90.71036749972666,114.4266183807376
1076.171875,-77.65983720967374,-122.5363094046863,-90.41455285488858,-85.12095820237582
1076.66015625,-78.38758758054288,69.06652523015475,-93.96983791324358,49.49645760121735
1077.1484375,-77.96202404039613,-91.98102716784594,-92.74323026636274,161.6253828929659
1077.63671875,-76.30063954744743,110.6122954506896,-87.53704798994656,-40.825288236726
1078.125,-74.07714869808393,-50.18340741516432,-83.79200174641439,122.1940234416149
1078.61328125,-72.83999953454759,122.1598199741703,-81.55830598918179,-73.38490386168505
1079.1015625,-71.66904069698739,-73.45935393318334,-80.06150510065447,96.82955137187338
1079.58984375,-72.62713891269894,105.8843780540239,-78.97625782937338,-91.04336227227755
1080.078125,-76.69556538669183,-70.97115318776413,-78.88391854059438,86.42952514657232
1080.56640625,-80.24783313922093,113.5880317431691,-79.47062010993253,-88.07764341518816
1081.0546875,-81.699393537041,-40.05811181951631,-79.94039010273232,93.54783492719554
1081.54296875,-82.44283859886635,156.719630308379,-81.23318714070697,-89.2449190474962
1082.03125,-83.17653332803081,-39.8141987585629,-84.90126536740624,87.5939504893154
1082.51953125,-84.80061971017827,146.5366213809207,-88.78545087317673,-131.8355269702138
1083.0078125,-84.06969062655824,-2.31375189464952,-85.26580081416614,-4.594945959896264
1083.49609375,-82.10066275061878,-173.2940063068131,-82.6077064255654,145.6095007324631
1083.984375,-82.71353121661281,17.91223268380794,-82.48661540362335,-50.04449768077267
1084.47265625,-90.00517456223456,-144.7937156172946,-84.07868614413323,126.2820264413666
1084.9609375,-84.51179091956503,-165.0147097691846,-85.57283938005355,-55.32214866866331
1085.44921875,-75.91347848991765,14.96904824400834,-87.71391762887555,124.2342140273217
1085.9375,-73.50254803728455,-172.1621742858262,-89.94558378929921,-41.7884572713114
1086.42578125,-74.57078851849722,-1.204541457157497,-90.07900666672006,143.5059536805175
1086.9140625,-79.16725941000311,174.0219312092909,-92.09923336823393,-66.06492665964505
1087.40234375,-88.02411914069728,-38.42261692559132,-91.46524107022898,37.20073673833809
1087.890625,-81.80900568075344,71.32215854972725,-85.10043155077415,-171.7715046409062
1088.37890625,-79.13000995645525,-119.9153622550761,-82.50488337403816,5.688195069163602
1088.8671875,-82.38839962448137,57.27405363772531,-82.5550956936695,178.376223803951
1089.35546875,-89.89596025215707,-108.1394025680058,-83.8116584855962,-19.35751239203189
1089.84375,-96.71028004465634,-20.18351840118139,-84.93018068287112,129.194697839053
1090.33203125,-82.8346477057231,124.7228673663776,-84.86848072347308,-75.78896055580385
1090.8203125,-81.22367202224139,-67.75349964436046,-87.74525307572617,94.84908049438914
1091.30859375,-87.61380038416227,115.0469610138043,-102.5803864729273,-113.2856991284856
1091.796875,-90.13990598532195,-55.51041482492032,-89.37310112828644,-76.13427511322426
1092.28515625,-82.26986503594205,57.66465315306399,-84.67080970500383,105.6090094834345
1092.7734375,-76.7719445651707,-147.9642878378636,-85.30737660341572,-73.55482714901345
1093.26171875,-75.96110275422564,24.09319291219368,-89.40098739654118,103.6812350119472
1093.75,-76.96240221475773,-153.709355826943,-93.53758390338493,-85.63979529132381
1094.23828125,-78.13073408641996,35.92651367634827,-94.03898514162117,64.42869143241671
1094.7265625,-78.61790544893839,-122.8318480782199,-91.80881595576491,-147.5023290969449
1095.21484375,-75.30348225362224,83.92578964887743,-90.16133211406434,19.28368919689388
1095.703125,-71.90725340987632,-91.86504456966495,-90.53245486211615,172.9649277078963
1096.19140625,-71.71456660826904,86.22065581915894,-88.12013631788648,-29.72294787051144
1096.6796875,-72.7814319363509,-79.16318175458505,-87.93104433158052,171.7357375075586
1097.16796875,-72.38403666837741,127.5383196251166,-87.76656428141627,29.30286914960497
1097.65625,-71.1884627465131,-35.80800427646881,-87.01802125028067,-128.8656567589134
1098.14453125,-70.41430461152912,147.5183992059107,-86.77580496553701,72.88462065517021
1098.6328125,-71.99870489327877,-40.24471922948007,-87.26713811739371,-77.66858266163395
1099.12109375,-75.7727085531948,108.9593358619994,-87.47403249901518,111.8554126471936
1099.609375,-75.36963697178467,-129.562760343505,-88.50810859344689,-81.36167660173162
1100.09765625,-71.57600132521222,25.34801427385675,-90.13401291457278,72.85074969312403
1100.5859375,-70.74453715080088,-157.4214164505496,-87.2622413441228,-136.6465681068981
1101.07421875,-71.95493949269931,20.58783255653401,-85.57409824604521,32.62534728136355
1101.5625,-73.57050357644202,-162.7110084021554,-88.53977224113594,-143.4696570011661
1102.05078125,-75.39641667997832,7.894917272789241,-92.03529722995665,74.41352062912794
1102.5390625,-76.04282171039414,165.3414134055598,-90.26208425768793,-85.71229385223262
1103.02734375,-76.42915389987526,-21.44508870787096,-88.39427106497213,105.0155814021389
1103.515625,-79.15005757159638,159.1514868606549,-87.8593580408325,-54.07047591152096
1104.00390625,-90.038818723294,-30.43968761324706,-87.33619782619188,142.1042546951926
1104.4921875,-83.25935997896408,-46.97590705393066,-87.15302162110714,-41.31981969921942
1104.98046875,-77.71685119155744,127.2759116551609,-88.69295767751407,118.0505879942139
1105.46875,-76.91065927558087,-51.96891818231576,-88.09326729475296,-93.52282481858732
1105.95703125,-78.09679048944693,121.9320634973302,-85.16404572945513,69.57013405479152
1106.4453125,-79.79873265405827,-89.18224413535512,-83.12609373678043,-112.4214960464773
1106.93359375,-79.36465222956176,70.36627063460105,-82.46604549231333,81.50346138740817
1107.421875,-80.01722808255107,-111.7660832357973,-82.26253383653976,-71.7081918618608
1107.91015625,-80.84795486280154,64.16449760854289,-82.42965447780745,133.1965220356491
1108.3984375,-89.59255924521267,-96.12417940501636,-83.86041249405108,-33.60337853241479
1108.88671875,-83.71726551840385,-143.89931514081,-88.47691174553972,156.5062231366293
1109.375,-80.72752680605393,39.6227349447725,-95.90834632524607,64.77946224216795
1109.86328125,-80.82104044369173,-163.8172198078379,-89.43585560953463,-66.5722719390625
1110.3515625,-78.95035979392415,-8.327468039249075,-86.8141897850134,135.8255524233722
1110.83984375,-77.95469003681207,169.8023136185425,-85.75880718682058,-29.47329383317347
1111.328125,-76.1932865045483,12.09251916589216,-92.77716302428347,166.4651168256374
1111.81640625,-72.65924317563207,-138.9373112785804,-93.14136928866516,114.7617342312487
1112.3046875,-70.32869592496218,61.34558144150154,-85.17664133816987,-53.91409575069397
1112.79296875,-71.68680777147857,-103.0560779816005,-81.47447087542609,138.7647244924304
1113.28125,-76.73043751561758,105.734026493586,-80.68784984558872,-31.31462450442531
1113.76953125,-78.45322512283805,-23.05002428182641,-82.78636558224835,141.8954586551378
1114.2578125,-76.69910081617374,176.7281651761058,-85.24071475279871,-62.38925095529628
1114.74609375,-77.31804662173424,-6.767923442915605,-85.63447759676221,96.8859460845738
1115.234375,-81.03112381384301,150.899526592752,-83.01594727433445,-98.45532579856132
1115.72265625,-83.45382370455701,-57.02986897301793,-80.33626975452206,80.31639119924438
1116.2109375,-83.91149243148057,146.8717146040702,-80.32169774690784,-91.69791174372094
1116.69921875,-82.59658643827316,-0.7504270825540077,-82.27267586547825,93.95769325971406
1117.1875,-81.47010055481168,176.8014184426962,-85.89420730051394,-77.23698664143268
1117.67578125,-78.58815046771626,-23.94810905778248,-89.08110379837038,161.8990794055209
1118.1640625,-76.97842550258055,143.6683969255395,-84.67278177792357,24.94435628424107
1118.65234375,-78.38678276310691,-30.79588379655972,-83.56698879075464,-147.6180832613698
1119.140625,-80.35865685803341,168.5956305497369,-84.08749889468304,31.39406089365949
1119.62890625,-84.37980987144435,11.96283483727693,-87.19831073422854,-146.3270996376744
1120.1171875,-84.56286632710029,-80.39026311747928,-97.98682025976531,12.81093198781786
1120.60546875,-79.84975094079525,134.1341900507554,-90.76258174316416,114.5372910637811
1121.09375,-77.61299645976003,-17.32713901858498,-85.76605104851468,-69.18670250256622
1121.58203125,-75.30493174967391,-176.7880373549773,-85.73692385651233,103.43224972738
1122.0703125,-74.46162379204408,27.9208994751557,-86.81547316587552,-76.61372129249629
1122.55859375,-73.44482822723955,-132.1896700347488,-90.4505463898995,103.9858285608057
1123.046875,-74.40762138007969,57.43361493250918,-100.8418731401575,-164.6310987381532
1123.53515625,-77.66776081730109,-113.6432836659636,-94.50620140898893,-29.62968886972713
1124.0234375,-87.15954636021573,60.21969529029267,-97.22923044679138,133.6016613287532
1124.51171875,-84.74190522746446,93.99389233372982,-96.01784936548779,-73.62719280159394
1125,-80.04728857479779,-82.58778643131932,-94.92992734169901,58.8139189112414
1125.48828125,-82.2821051197611,111.3859039442897,-89.4452178036787,-174.3258530751339
1125.9765625,-82.85484649944372,-25.86863696454458,-85.66090375550787,-3.980100545958821
1126.46484375,-79.14437364936197,173.909624155358,-84.46837197726475,175.0777620867087
1126.953125,-78.89162734376822,-4.854473490625607,-85.40445980334408,-14.88362004798062
1127.44140625,-77.81374078075459,166.018474635636,-87.91948556763705,157.0631410108807
1127.9296875,-77.18423119115093,-18.22758941444693,-95.27934280991254,-20.59270466721172
1128.41796875,-79.98227345864315,168.4548102205623,-96.15501488124971,-89.98324054610437
1128.90625,-82.12457258949181,13.22708229035165,-86.35185088587656,95.91671322227089
1129.39453125,-80.22756999977182,-146.4335347832458,-83.28269779756627,-76.48897026425814
1129.8828125,-79.55777167501097,38.31550255375075,-83.27009977649759,100.2253898287588
1130.37109375,-80.64193889355968,-142.4714959865567,-83.91659027235934,-100.0659352262652
1130.859375,-78.7988213033087,45.20847679392677,-86.43249674842014,68.85895005680099
1131.34765625,-75.72542323669313,-116.3609784820386,-93.81214279849124,-119.5585766430341
1131.8359375,-73.86983112620287,81.2423177626567,-97.85842638256375,33.04366403272675
1132.32421875,-73.16771153062439,-99.97694087237959,-94.89402523571746,-136.8310319341409
1132.8125,-73.26227254249341,67.40247646731471,-92.78739687405326,29.98845982159115
1133.30078125,-73.86995354686066,-125.9058752659386,-87.19108876863901,-176.8574597094164
1133.7890625,-73.29014630684752,31.80351198178374,-83.51010992035661,-1.543167371032575
1134.27734375,-72.14195349327022,-165.5580092677923,-84.34616048149991,164.8409205121028
1134.765625,-73.2462411595459,3.95186642305771,-85.07343296830329,-60.48571214976329
1135.25390625,-75.05032859840922,164.1680658549315,-82.98973425316724,89.99590564235885
1135.7421875,-75.53772970021701,-42.88511138494563,-83.45355211733526,-100.6981115805987
1136.23046875,-77.58614217910366,112.5976153772895,-86.32784130438304,84.47604769668304
1136.71875,-82.06568333733706,-103.5595671196177,-89.53844705493312,-80.12465053705125
1137.20703125,-83.19857852840207,17.08640971037331,-90.79450996325484,89.77881573425915
1137.6953125,-81.60526943485563,153.8381443193652,-86.82825371255279,-105.0003815636125
1138.18359375,-80.69356080953115,-53.13414845308739,-83.22786597521767,65.72872635528078
1138.671875,-82.1919924386217,121.6774242058765,-82.00798263408325,-131.4156157490947
1139.16015625,-85.98220684459568,-69.39952128369646,-82.85070582415142,31.8168435228662
1139.6484375,-84.66758978854986,95.52489092341187,-84.53157403518404,-166.6512155436909
1140.13671875,-79.80017965097157,-61.9912055042805,-84.42902214719,-1.59858239667982
1140.625,-77.08961352710327,127.0832762853663,-85.43488154182177,174.5044176405519
1141.11328125,-77.0199839139278,-68.06478955836639,-89.04256480819384,-3.51215993316534
1141.6015625,-77.10792496416168,93.21573597838594,-101.828209799212,-175.101202078272
1142.08984375,-80.94493552764433,-113.66976515188,-89.750511579983,-174.9120799612864
1142.578125,-79.70431271095347,3.876879592812474,-82.91458417048736,2.7133797572087
1143.06640625,-77.3905875936148,161.4287633192892,-80.04708129311616,176.6976557576681
1143.5546875,-77.9147595368448,-55.96954696511461,-79.76538196347877,-6.255875952203421
1144.04296875,-76.46035131911013,91.55627991360451,-82.46427134019473,-172.2444611167639
1144.53125,-75.10949849168529,-105.9402143776242,-83.43435552933313,50.89196175415816
1145.01953125,-73.61321635193715,64.25524835091458,-81.36091670911091,-104.1500150597776
1145.5078125,-73.61261688124503,-111.1458851963591,-80.16117135623725,86.89961864892764
1145.99609375,-74.76408745073707,76.18384694379372,-80.80722767405958,-89.33946969648827
1146.484375,-76.86793551002692,-109.7220464487855,-84.15251591508272,85.57865827593268
1146.97265625,-79.31178193674481,60.45542190953563,-87.90858291160947,-100.9298013929419
1147.4609375,-82.04280070516036,-122.8775144969986,-91.00692302480857,83.76984843132531
1147.94921875,-84.72278910609049,63.66815861261883,-94.52686105983145,-91.50892859356159
1148.4375,-83.62500215122886,-96.09323190768987,-90.89287506296645,97.73548681181333
1148.92578125,-82.43837868158397,96.59083910087666,-87.30280387364206,-71.29739050501607
1149.4140625,-85.21904484247298,-69.49087722399766,-86.60057706040087,127.467219679581
1149.90234375,-91.13266567307943,122.5314326164417,-82.9184176279239,-49.08525151491889
1150.390625,-94.49168530083931,81.01671291552923,-79.8618566068296,125.3251812986783
1150.87890625,-82.67896703679986,-105.1343616226822,-79.64396183421967,-58.51507367383851
1151.3671875,-82.65320897354763,59.79181952566296,-79.91203503357211,106.9752179099412
1151.85546875,-91.60020169968084,-111.1144308037371,-79.58352965962023,-96.63509292657483
1152.34375,-89.6071322818201,-162.3336090022018,-80.13954508896653,58.93253493263554
1152.83203125,-80.84810156046976,37.25449898903625,-80.76374306122705,-143.3829507360103
1153.3203125,-76.80058402009109,-151.4990937850701,-81.97011170676561,21.76223156634963
1153.80859375,-75.12596576800648,17.08115881534261,-85.51074753498261,-178.0989857959569
1154.296875,-74.91848548646621,-173.8528805765143,-88.80715661915276,-40.95752940655339
1154.78515625,-74.9781065181661,-5.203128311244449,-89.96107101979609,119.2500091875533
1155.2734375,-76.08468758309391,170.8171019955828,-90.90827809802066,-21.16671326197914
1155.76171875,-80.23655464849566,-8.520015047881868,-88.50316426982127,-172.256294135234
1156.25,-98.33783263037472,-121.0720375147945,-86.78923882666408,36.03267005553318
1156.73828125,-79.61855448043713,161.2380391169398,-84.01933856664613,-122.3904908264888
1157.2265625,-74.90664129596298,-11.42012676890402,-84.49038367013829,71.57114262078704
1157.71484375,-73.85622293715434,173.5440332731339,-85.93670648838115,-104.6475975128172
1158.203125,-75.31746533814069,-8.249633731202936,-86.61046788012658,74.83712239037072
1158.69140625,-80.55500801207378,162.6540771769529,-87.11515846936436,-88.45826402830379
1159.1796875,-90.92644209531521,-25.57268347131837,-87.70427149458889,98.95819562848978
1159.66796875,-98.48632081444734,93.96254512029149,-88.24771871029054,-71.8106079269385
1160.15625,-94.27188709631884,-142.6445863225195,-87.0572892741677,122.387168693179
1160.64453125,-90.17749387729964,-22.20120132342618,-91.71583027149245,-60.17677015869047
1161.1328125,-87.76784212797368,161.5864298983732,-103.5348838445585,-51.07749749600064
1161.62109375,-87.6798773800431,21.11267391438667,-94.17482681490954,94.29291834016676
1162.109375,-87.74694032472391,-158.0056172098888,-91.41023875659123,-100.8269698480279
1162.59765625,-86.05075946994265,4.624655351174738,-90.18112819087678,69.02498896797806
1163.0859375,-87.14645587787228,-177.1505014351479,-90.41599298919236,-134.1412987580061
1163.57421875,-86.8904927505484,-15.69669759249363,-91.96676487967851,12.76857651554498
1164.0625,-81.25103210031909,177.7936667810811,-95.34985857821522,153.255166586723
1164.55078125,-78.79301600075597,14.74441763212322,-102.0850339561029,-27.16995296495006
1165.0390625,-78.00179635979804,-165.4194429342891,-95.48291304647341,175.7453799291306
1165.52734375,-74.92118562626166,10.02442223396285,-93.53005937276107,-28.61375923129423
1166.015625,-72.83376389973643,-167.6181064498127,-99.60413518199026,103.0390117326085
1166.50390625,-73.71621388681115,6.401939531108664,-104.8146442655097,-113.451317378495
1166.9921875,-77.11749309614513,167.4679322701504,-94.36317634389907,91.38963551958766
1167.48046875,-82.76394886153312,-68.99422689670395,-86.97126154958497,-82.463628624923
1167.96875,-75.87741334175053,45.28412294091211,-85.16198160495335,104.5521896063484
1168.45703125,-71.82437476339558,-147.3600442971013,-86.09715862008218,-81.78629647254573
1168.9453125,-71.7600257446839,26.60244153153181,-87.25381208342833,84.51551464239959
1169.43359375,-73.61681748775639,-154.7066467276616,-88.88163520663541,-114.53007234517
1169.921875,-76.99338395677863,34.10427530669967,-87.51968414939032,27.55393428044448
1170.41015625,-79.50207214136921,-115.855280188426,-87.47671626083115,-162.4607285013952
1170.8984375,-76.77973034509355,76.42156333692729,-94.84958726838116,51.83632461048381
1171.38671875,-75.60191107781041,-100.7822104443634,-95.5559524472512,-61.34337058610384
1171.875,-79.95830005008492,89.85033728460526,-94.96078776132863,148.0540672798214
1172.36328125,-94.58685335170017,11.19779460214063,-90.16338768496897,-7.858942923823752
1172.8515625,-81.1281813238577,-121.4730826391805,-88.76350580778045,170.3220131603383
1173.33984375,-77.48317959623307,65.46826059520899,-91.33990066846158,-40.0937208112651
1173.828125,-75.85653008577704,-97.22587588135023,-87.72813913811152,92.09267057897998
1174.31640625,-76.61085589400005,91.53486195747766,-82.89681430805716,-103.6123833885707
1174.8046875,-78.16985418191888,-90.7853758552981,-80.49265848195908,72.95484257677414
1175.29296875,-75.45083350152501,72.75079943272236,-80.44284308278446,-103.9940604732137
1175.78125,-72.3405257301811,-122.2690680536159,-83.00592025216154,75.53483082485667
1176.26953125,-71.10109352255185,52.81887274019709,-87.81759088330585,-104.034969852427
1176.7578125,-71.64938819081152,-127.1022079190477,-95.6045085829448,113.7911802369316
1177.24609375,-73.79137827772426,46.32511540497589,-103.1745997727676,37.24568784133534
1177.734375,-76.97781788083286,-156.0849048037677,-100.6041106908281,-18.74534934451715
1178.22265625,-79.00635623956893,-28.8637286681888,-102.4322113607625,-97.61711641687967
1178.7109375,-76.24154418028286,121.434070300382,-97.98248264697679,130.2277857563298
1179.19921875,-74.83099265959849,-54.41926541127864,-102.287898828564,-92.07848291568821
1179.6875,-75.90105831793052,124.8230347816873,-107.9758457030798,-1.759198245515443
1180.17578125,-79.16179032072375,-80.54495136655845,-96.80501367218243,137.0004839667053
1180.6640625,-80.55754100261757,65.86183091429902,-93.91941056743974,-40.19021000601643
1181.15234375,-79.047121382943,-150.3364102092866,-97.85010775971494,129.9261788512759
1181.640625,-74.45044093657127,12.41983173143862,-103.033929894617,63.0560129283973
1182.12890625,-73.56126622161244,-171.5801931098379,-89.05028578134096,-73.19458047194578
1182.6171875,-76.99840519924086,3.02534600615295,-84.93251942531435,117.3019727961336
1183.10546875,-81.31700625176613,179.1932479963522,-83.80765612108986,-64.9925495810546
1183.59375,-84.05294590114232,-3.130777116315425,-82.34098671744464,114.0933104570145
1184.08203125,-91.23414212623595,166.123592531212,-81.99490781452869,-59.89989955970139
1184.5703125,-97.21004360598657,33.71914341514363,-82.9301466169005,127.1890214008312
1185.05859375,-87.46422116612847,-123.352255671062,-83.64199965133578,-46.08267597775701
1185.546875,-84.30458415911177,93.4288254281973,-84.92230038869272,134.0603056326825
1186.03515625,-82.99203648909892,-69.89557747619408,-86.09301375369648,-64.01978269834071
1186.5234375,-88.85470588215674,75.2325491486163,-83.39452824709808,98.53842218105311
1187.01171875,-85.14047956584172,-173.9715140644048,-80.31798750443716,-88.11958399974982
1187.5,-78.61153706047739,4.027178003590245,-79.06366796110504,85.71154102444228
1187.98828125,-76.05167426558015,-173.4456213909532,-79.20216807820744,-94.99108910929102
1188.4765625,-76.8453707552095,26.52036689793585,-80.20360170335667,92.46858412040145
1188.96484375,-75.80452255255585,-123.4304388445646,-83.1082020704323,-78.91251148712033
1189.453125,-75.75802960835171,70.26644912340431,-86.84901851485836,104.5174441312253
1189.94140625,-79.85343533716582,-104.828210530365,-89.25783969913374,-84.77062707548978
1190.4296875,-87.40598527136355,27.53483755593461,-93.64148072534404,77.98644452771791
1190.91796875,-81.10823420078384,156.8742056207471,-98.13961231627461,-116.1102519062787
1191.40625,-76.48545725233865,-31.88166446910947,-101.0423530080883,51.02606131900436
1191.89453125,-74.32985703765208,149.4710017133471,-117.2179733186496,-26.69091690826907
1192.3828125,-73.32714936656319,-11.73290711013999,-98.39531112014404,157.7839838441897
1192.87109375,-72.47236398155592,-173.7111036767431,-97.7830143889347,-106.2091185091401
1193.359375,-72.80485344436754,8.822458502902677,-89.25788369797968,12.28585563981982
1193.84765625,-73.4232865732472,-176.1382813537932,-86.01524891458848,-175.4736521322002
1194.3359375,-75.4223772895851,6.736624505447818,-86.0040487811829,2.889158947755579
1194.82421875,-77.49801258935076,-171.3597405191705,-88.68964316244252,175.4816532836685
1195.3125,-78.03081676459468,-4.529792663726072,-96.37037047240887,49.41308955697364
1195.80078125,-81.09316480095254,170.9449742763512,-87.24910754333466,-67.85026430421506
1196.2890625,-86.2057630529692,19.84098167749293,-84.22702138752656,112.0604248168417
1196.77734375,-99.65912269124262,164.9949525024285,-83.67312891040042,-77.00291799318029
1197.265625,-82.33017466482471,-140.9033664678171,-83.29032451263934,95.73773866207563
1197.75390625,-77.09479432879586,15.59629674265509,-85.28681029885392,-92.24713633907045
1198.2421875,-75.00828579153044,-169.3527485879868,-89.08936811095424,68.79059051574882
1198.73046875,-75.76812991306986,5.085719239932831,-92.9446271568109,-120.550696474432
1199.21875,-77.21813948244014,142.4366826381832,-107.6837470340534,-178.5043455570339
1199.70703125,-75.38623956719258,-74.12498557360291,-93.33505745285591,46.94741327767979
1200.1953125,-74.60793359237934,87.10146836699722,-90.77353926398595,-136.1586323593727
1200.68359375,-74.01991357505659,-100.4905322059401,-89.62016923930744,41.98353715848112
1201.171875,-75.3160457418914,82.34954433268437,-95.58403383557852,-135.8650968001457
1201.66015625,-78.22002971259414,-77.9094203020145,-98.51834697060669,-74.59775113912842
1202.1484375,-76.93550127563016,120.1089643121619,-88.78694633478932,112.5715236869003
1202.63671875,-74.49838545364827,-67.3173125128623,-84.7360864512285,-52.41432688217645
1203.125,-74.09785736821325,108.2725781295812,-81.57211660068724,142.3157479832275
1203.61328125,-76.05192240864514,-75.72815786827249,-79.62792696833247,-35.98142747730422
1204.1015625,-79.52491298349507,84.39179472666846,-80.75292368988235,134.6438999867483
1204.58984375,-87.92628847804467,-130.4170608533587,-84.06415396575343,-72.95332409306646
1205.078125,-87.88421375019497,-69.40034669557519,-83.17549220520847,65.52615977164051
1205.56640625,-83.94760278272685,112.7562622012136,-81.79416326920196,-137.828672256222
1206.0546875,-82.57014117573749,-62.84599892669454,-84.0868367931312,21.93784135206171
1206.54296875,-83.17008665664262,120.9727429950985,-91.11452298043042,-161.0195934032848
1207.03125,-85.1233551804345,-37.89235537809552,-95.09178256178072,101.2644675052968
1207.51953125,-90.97461902297098,176.0507123354735,-89.80103290498792,-39.03110575173676
1208.0078125,-90.74178053287959,102.0152596702815,-87.62877122478022,148.303011558308
1208.49609375,-88.62729340699644,-79.67016648402947,-90.1320562983196,-46.36372033559943
1208.984375,-84.78336227647711,46.08842961135232,-101.2767189079493,145.7766737202328
1209.47265625,-79.8396851048243,-167.6862780543397,-92.86905353509709,89.76042810689364
1209.9609375,-76.3273043694099,-7.63792920312111,-88.24275033771008,-60.2040045063212
1210.44921875,-75.06159316771205,171.0915403014161,-87.29179895491106,145.3062295137652
1210.9375,-77.01327504965488,-11.43513083382433,-87.38834763543751,-6.297298706492466
1211.42578125,-83.63203108439552,141.0847315200827,-85.50058656174613,-157.4536300718964
1211.9140625,-83.82756483188476,-121.6034800304178,-84.55371949199207,37.48405623400566
1212.40234375,-79.84524295781971,48.32422532940129,-85.88231302949539,-145.9352306693898
1212.890625,-79.53828394108167,-124.4604564002664,-88.42723115715187,16.62793832171948
1213.37890625,-80.8455941932524,79.17429730321672,-90.31255113822503,-172.0090440637342
1213.8671875,-79.41904528693621,-61.38280273255565,-88.94562837422339,12.14446670460517
1214.35546875,-79.88702168714097,132.1926526991558,-86.3438974274453,-160.4997788491034
1214.84375,-83.17805151839639,-62.57877103008751,-83.7614731660733,24.04470277915762
1215.33203125,-81.37324330432179,91.34562297672909,-82.80946701711312,-164.6154541090479
1215.8203125,-79.39350180543622,-105.0095952000229,-84.06436431367399,-1.335365035997009
1216.30859375,-79.33599824689037,74.58370392329914,-86.2349098269861,176.9508074210109
1216.796875,-80.82910478451191,-97.41375769870163,-89.20330699906047,7.227478585432868
1217.28515625,-82.79357396999173,58.86015399309343,-94.96732321175892,-175.3755608628011
1217.7734375,-82.73892886031749,-145.3631045136534,-97.10130760396223,-10.48317447485808
1218.26171875,-82.38364090034256,28.85542124574182,-89.71963432441754,146.1711362038966
1218.75,-80.47858805274791,-140.5299306885329,-84.00277776976986,-48.97453211603129
1219.23828125,-80.67409515364217,65.53396529359975,-82.13908904717096,125.9828191844694
1219.7265625,-82.96078714142658,-105.3028224230709,-82.62917497503182,-52.45041339921376
1220.21484375,-82.37382151814279,44.74654462818937,-83.50786251129527,120.696036315602
1220.703125,-78.64215872504644,-139.0996117977024,-84.52676020076616,-74.4088168932016
1221.19140625,-77.91131778264136,47.40961724057312,-86.30200268794178,90.1084570579815
1221.6796875,-80.91042434493588,-112.5391557666756,-88.59229070467146,-101.0673846260684
1222.16796875,-82.40707998504473,107.9536155077779,-93.87080616579772,67.31285909883107
1222.65625,-83.05385213571428,-36.85923710964661,-95.39715212706196,158.338211347539
1223.14453125,-84.85307258438391,163.5602378013936,-91.18503131364798,-55.74308653298781
1223.6328125,-87.2849345271419,-107.8903620657807,-95.22414906069181,112.5581206702548
1224.12109375,-79.12878837679533,46.44585671628494,-100.206086930253,-74.50269978074155
1224.609375,-80.25073689564165,-122.1722743963986,-93.43720733162071,91.94289350547876
1225.09765625,-85.37568681890123,75.80989727887899,-90.03128508271254,-63.06216241124358
1225.5859375,-94.56817743067862,-87.51324991420408,-86.14967680296708,148.0980980297529
1226.07421875,-97.9141256703714,-74.1489939503538,-82.33020635208517,-22.62945898480876
1226.5625,-85.55470591816147,150.9724723153128,-81.27896300755809,166.3581813154782
1227.05078125,-82.38133557323808,-2.32402326255268,-83.34232740768738,-0.2757624361629127
1227.5390625,-81.31414028358333,-164.7859644169681,-88.42522874774548,176.0190769920426
1228.02734375,-82.06219894668774,10.49964271102185,-95.45837304666476,-74.31810092692542
1228.515625,-89.35337560426109,-174.6896978077417,-89.68511096862643,25.89814670931829
1229.00390625,-110.543907089841,127.4697028593539,-85.72027689657212,-173.0823050938188
1229.4921875,-93.19874375304524,94.91469857631414,-85.5293699452544,-1.290013053239795
1229.98046875,-83.01011081411205,-110.3980116064552,-87.85863602440402,171.2094245432691
1230.46875,-77.49888744321807,54.91651822676718,-92.30856473980856,-11.5907567367479
1230.95703125,-76.03419321054284,-121.6774769733215,-96.04503944580074,171.9344792017901
1231.4453125,-77.28618050140179,57.5006659562914,-94.93316155330605,3.702428237124538
1231.93359375,-81.86176891193978,-134.8849683712439,-91.9228765269032,167.3673473981123
1232.421875,-85.02105494722194,-44.81862228910221,-88.74429914020234,-23.47444114953984
1232.91015625,-74.81782333088289,108.5531091918632,-89.64063755074243,152.2374709971644
1233.3984375,-71.73274224400376,-71.94251858134255,-92.43893879049175,-68.26118970235569
1233.88671875,-71.83342117284073,115.6951480073444,-92.33367198275373,66.40795399293799
1234.375,-72.85377955329851,-46.8237075118023,-91.14525155545186,-140.2766433449227
1234.86328125,-76.03299344342899,165.4680867020508,-90.30887096652683,60.11040500665909
1235.3515625,-79.03881386655058,31.43407914268681,-89.49237155833819,-91.42360990755245
1235.83984375,-82.14073364699752,-148.3986792759041,-89.2121567134288,87.88105011249095
1236.328125,-82.92498076817992,-19.47263596159467,-88.20788602168086,-93.41715904936488
1236.81640625,-78.17165898372264,105.8146749254791,-87.65585775309671,85.89993822450087
1237.3046875,-74.31841112240305,-83.69668976161896,-87.92085840176283,-104.8372910869635
1237.79296875,-75.37326852674146,108.3566072072761,-87.51012409525735,79.41058792104779
1238.28125,-78.99236647774666,-63.67038965491689,-84.80799518308638,-86.64994572450965
1238.76953125,-85.20203040223788,115.969682361652,-82.47658751742166,105.6712190138943
1239.2578125,-94.07366746744947,-48.7077024476885,-81.8108088952626,-66.6583745744669
1239.74609375,-88.82792105082214,62.26764252571836,-82.53140323074896,107.0806427107278
1240.234375,-80.49517589394533,-117.981781029305,-85.50833625707838,-86.03510786197597
1240.72265625,-77.69713202430785,76.15413877493772,-94.21868804990592,63.67097951364032
1241.2109375,-77.04393751277357,-91.31469859382079,-92.8653374768507,144.7811617330061
1241.69921875,-78.38964931457224,106.7213136386846,-89.83593676011935,-52.95918728106994
1242.1875,-81.55028497259306,-31.40093748780236,-97.45709813523816,97.04690753561417
1242.67578125,-82.25878849977016,-138.3744854256386,-95.44904737399456,145.5658358759593
1243.1640625,-77.70619083840892,80.21163965354614,-91.79463533067194,-61.65283750443296
1243.65234375,-76.32146989231333,-90.92459581399439,-90.46092782342676,103.5181093593055
1244.140625,-78.51628226554101,100.4845532251534,-92.26107162457181,-77.39990153898273
1244.62890625,-81.82182313004415,-59.73550028546556,-102.04338128029,157.2555157800626
1245.1171875,-81.01819183725337,139.9111106663762,-92.90094478298525,28.08245670692248
1245.60546875,-78.33666442130772,-33.70020988685891,-90.13629427225155,-172.4314266247475
1246.09375,-79.14911806569643,137.4189590383672,-92.09860039234479,-29.58074416758754
1246.58203125,-84.36807335858383,-41.88845552888152,-95.51367919204401,118.4985070769524
1247.0703125,-86.65443427406132,-113.6584302386341,-102.6355708158426,-159.4409831524713
1247.55859375,-79.71068677396434,96.85146774674581,-91.02869231039475,9.788246150361173
1248.046875,-81.6251067069072,-104.5747665315135,-93.32831639623997,-160.189417749875
1248.53515625,-80.73081482701794,-4.96392178647254,-100.9747642489869,-115.1888588420613
1249.0234375,-75.81580928789874,136.3111864612097,-93.70472571661851,13.64893502339301
1249.51171875,-74.38224147255971,-56.79822119183433,-87.41570667691551,159.9706012004185
1250,-78.07171126882122,112.2461412264975,-88.78860089446789,-19.26356871143871
1250.48828125,-85.69053735163121,-116.5003290674009,-97.35087549172195,110.2688577925403
1250.9765625,-88.18851580981547,33.75066521376652,-88.04100892933465,-105.0059860025305
1251.46484375,-87.20479707416573,-87.0930769206292,-83.60446513237304,67.65047271855316
1251.953125,-79.16399473863405,110.112066687659,-80.95040084713325,-118.7640537728064
1252.44140625,-75.58554963173937,-65.59650158775946,-80.49343257980442,66.95923928005243
1252.9296875,-77.86001233927233,110.3057048924396,-81.42203460958912,-108.4966839664249
1253.41796875,-84.74342104839755,-124.0460790298489,-83.23053248265893,62.74323618444868
1253.90625,-82.19374757052249,0.1889046239400246,-89.81634198285379,-125.1848237449084
1254.39453125,-82.27683634006033,160.7357899506439,-94.51744155275618,-178.0511197930784
1254.8828125,-85.37746315489602,-24.14287341744257,-86.12888085150401,11.27910670411914
1255.37109375,-98.2921556476702,-146.6842217285277,-84.28950428739873,-174.2192787123457
1255.859375,-87.41609302982964,146.6329681099632,-82.98256488513624,-8.66074493235976
1256.34765625,-84.9601416459862,-38.23479156662331,-82.89829783394451,151.9127908499815
1256.8359375,-81.4265920571892,140.2536375589353,-84.59406569128171,-60.11691466998047
1257.32421875,-77.26593351098278,-31.79335765725012,-84.91409452029713,95.2071458450462
1257.8125,-75.46610128600929,147.9205440435466,-86.1567621283923,-83.24493943610521
1258.30078125,-74.89465842375566,-35.4825037940945,-89.72274919563715,104.7372062791236
1258.7890625,-79.13657220979221,143.7298181203991,-94.49670748335637,-57.06753578658491
1259.27734375,-89.51309465528797,96.73409504460234,-95.58756024752725,176.5667070486562
1259.765625,-78.89670603055448,-65.52863843683396,-96.21234681907103,29.83282376829857
1260.25390625,-76.70064272164706,109.0957707260162,-103.6542038434809,-99.40046191748135
1260.7421875,-77.96330909906865,-89.90204463132869,-99.41650589436628,142.4739313224542
1261.23046875,-79.86084745153781,21.36443835587703,-94.95852522017077,-20.40474765436702
1261.71875,-75.11630278551442,159.814091473573,-97.05051017382917,-176.5713409878612
1262.20703125,-72.55554699386704,-25.29659957940789,-96.38053858397841,93.7105421715202
1262.6953125,-72.18745446650971,164.2558645485926,-88.7495073937921,-68.27000502276356
1263.18359375,-73.94677905150685,-4.092034285464579,-84.93677075146388,119.5982213743795
1263.671875,-74.54348644595954,-175.3036043444425,-83.36719348411145,-55.98245362115129
1264.16015625,-75.64219969076693,15.26568457303059,-83.93543068124455,121.02690395355
1264.6484375,-81.7287245725565,-132.8834847814111,-88.43412105821091,-70.15710497357587
1265.13671875,-82.89352076551383,117.8724490560154,-92.47592256783008,41.49330532037966
1265.625,-78.21021697237362,-30.54881780399819,-89.49168413931042,-164.3457883984345
1266.11328125,-75.59110325305195,164.2948676274644,-90.38016698207728,1.566891183225549
1266.6015625,-76.8972112610417,1.06667654547764,-91.46778808397613,-164.1162263843436
1267.08984375,-80.32348113847091,-140.9179282487655,-92.91071254501701,74.91574773606824
1267.578125,-80.80534884712512,83.73158151188689,-96.60284613995701,-53.99348555639266
1268.06640625,-80.16444231303403,-58.63539856722442,-110.9385519825137,114.1159571458636
1268.5546875,-79.85751849199011,156.0950395450958,-96.28020610010937,179.442153878713
1269.04296875,-81.29636884843487,10.52708353998172,-87.90685719524976,-27.07910193779562
1269.53125,-80.28153715749434,-155.4690732909556,-85.20777682625747,158.3809535137181
1270.01953125,-79.15430825886693,21.78709250295121,-83.69567780264606,-1.981610764978747
1270.5078125,-80.35675351625015,-141.2089145100541,-82.80828500555232,-179.6372378711324
1270.99609375,-79.90106293352238,63.22092136179967,-85.43910094808085,-4.976143310842683
1271.484375,-80.35440665146677,-105.7666781477983,-90.82962622100881,158.1534553083509
1271.97265625,-83.11122669493321,109.4529808233318,-94.51369221931481,-71.50773521519849
1272.4609375,-82.30350908793143,-18.93893983517793,-91.45161275908249,41.60562699180596
1272.94921875,-81.25309261185694,-160.6268530898717,-89.08287515008428,-169.3123606165205
1273.4375,-81.51677278145175,48.039865056123,-88.99481523552176,-33.72518770791163
1273.92578125,-85.44833573810742,-88.1464571240985,-84.47342276405726,129.313074035138
1274.4140625,-81.74690668791001,175.5913093226231,-82.00562676680148,-45.48132739696323
1274.90234375,-76.79498332232023,13.61314899822544,-81.87020243841077,135.1810805186003
1275.390625,-78.31479055059012,-176.2882736117762,-82.38795354789531,-43.88134198827295
1275.87890625,-83.72704244075081,-38.98026737798953,-84.1195482412781,130.7924120226514
1276.3671875,-85.56958575005117,70.94266731831186,-86.27052847625006,-85.78171818580513
1276.85546875,-80.42723663628681,-165.9748094153213,-85.15904021776396,59.61237226440816
1277.34375,-77.6958294883844,-6.567565649734662,-84.96547568212152,-141.0517080406787
1277.83203125,-80.77541785892254,160.4628125852946,-85.28823206928435,30.53594481399943
1278.3203125,-93.0531219116439,-29.64279044966613,-88.15418573493679,-152.5033711813671
1278.80859375,-87.21690922917709,-57.02485209722827,-105.0364211252639,51.61890656902882
1279.296875,-81.02111959917676,119.4637137683459,-87.3876910772276,-10.28877919673534
1279.78515625,-81.70261381475477,-60.26751347341795,-82.32990060044044,169.9962293671404
1280.2734375,-87.27369274318389,78.80243432889723,-81.25906525343521,-7.721763298655599
1280.76171875,-80.03531918344245,-158.6131389673193,-81.78676550414173,170.7618634312151
1281.25,-74.3975557533677,22.23806445688822,-84.14939166426313,-18.46005586822253
1281.73828125,-70.77817890355797,-147.7556897580666,-87.95404480342059,120.3432873515744
1282.2265625,-69.42054388181948,37.29110307177882,-85.07681994654911,-106.3686373387841
1282.71484375,-70.68401114854217,-148.0804494709784,-83.58203968426093,66.70154288306566
1283.203125,-74.40040234656401,17.02120517064642,-85.02903812663982,-110.6487177756309
1283.69140625,-80.35659586411137,150.6129571240384,-87.42219753079431,66.61186995284125
1284.1796875,-77.96111883518597,-79.24130251013507,-93.70622268984974,-119.9402543230637
1284.66796875,-76.17276599155089,97.45213608578167,-103.7126124514115,-130.9038076544633
1285.15625,-77.44640737245196,-71.97129461453733,-108.593542551935,20.87317370107871
1285.64453125,-80.44077316138279,142.6260386370965,-93.56889703399865,59.67851711266223
1286.1328125,-80.71820412197067,-20.02226865384838,-89.66325952756992,-115.8166069677557
1286.62109375,-82.22200034872961,154.4688065779243,-87.94377358165227,65.56205132367396
1287.109375,-83.57655895835009,-7.336180771360178,-87.68421757025192,-127.0600796113075
1287.59765625,-83.99802585173488,-175.5338920616537,-90.07770445787392,71.98449398311409
1288.0859375,-86.6010153305786,24.34979924731158,-87.50581673710549,-55.45893486526034
1288.57421875,-81.78006008539698,-124.4174617285975,-85.67850010265198,148.1341124236394
1289.0625,-77.48562955316254,57.60740832858573,-84.2907835277706,-10.05314412643529
1289.55078125,-78.62811530463244,-129.7304826486335,-82.71959002922351,-166.7902822553715
1290.0390625,-79.80470011469131,17.29569423794338,-82.04107583034654,36.76375303998022
1290.52734375,-76.79185612656181,165.689993300157,-83.3276083209735,-131.6632980524851
1291.015625,-74.45900174539644,-44.41871467357611,-86.70138721485294,73.93869474433538
1291.50390625,-73.90742158601037,116.0305029028198,-86.84574164382134,-48.83003976471588
1291.9921875,-75.63629383523255,-78.19424119250176,-84.47933825741413,163.5540923148945
1292.48046875,-77.72302107843238,82.94116902040852,-82.41715528295174,-17.99329735767497
1292.96875,-80.83988860438544,-129.4203287078834,-82.72763551949959,160.1037529746884
1293.45703125,-85.05106561403042,1.237847937851435,-86.97345981525029,-2.211078950971099
1293.9453125,-87.25570402801569,113.6487662536803,-89.2912343176225,-155.7663502104703
1294.43359375,-83.36275248640942,-98.98667200576804,-87.70204735416362,34.061679601392
1294.921875,-80.03592651381476,64.84036787360287,-86.19904988901365,-143.2037233020584
1295.41015625,-79.00807188601479,-122.4943348306086,-85.98727463530879,41.61208214382396
1295.8984375,-79.26453831242459,62.64125763400907,-85.93660406139696,-124.8021125345981
1296.38671875,-79.8336908982924,-108.66353239364,-84.91297444515936,66.5304887792017
1296.875,-81.15097057203758,93.32447246946938,-83.27823282029578,-112.6616249211824
1297.36328125,-79.72559817080867,-54.2573513578716,-81.70265535612177,65.72236958147191
1297.8515625,-76.86862748974218,145.7043067004509,-81.55524565283878,-112.3488717201853
1298.33984375,-74.24933341579465,-36.61495505091882,-82.83638330871524,70.86944360391749
1298.828125,-73.641463047182,134.5339077525696,-85.4785375469571,-99.51282202630615
1299.31640625,-74.90137533711943,-45.6297056646322,-89.47509995560004,118.3809883543811
1299.8046875,-75.47258047573163,135.6208181318127,-88.43048218484044,-16.18733353448196
1300.29296875,-76.84149888738534,-40.15129158408642,-87.24440968296952,-177.9132355123733
1300.78125,-78.17522061784004,149.9894191064624,-88.1566846581195,5.504402523735775
1301.26953125,-78.26186882369529,-34.72544320842134,-91.83961114085707,166.5227799207503
1301.7578125,-81.55153071970558,120.7677081810886,-100.9005164618411,-67.29044468011172
1302.24609375,-83.63562103203678,-121.1896814830115,-97.54438302725035,14.02989552900214
1302.734375,-83.95530573894071,42.04830345252827,-96.14486835689422,161.684561800806
1303.22265625,-88.53325970464191,-135.9771335202337,-90.93367864909573,-52.77452172260524
1303.7109375,-89.91329240263877,42.59146475167911,-87.78098561499579,117.7571955841792
1304.19921875,-83.51705186791465,-112.2866058408026,-87.37016781717521,-65.94141777464462
1304.6875,-77.87311329950305,57.09980109146748,-87.22753972071527,118.6324739141082
1305.17578125,-74.63420826038262,-141.3172226957483,-88.48959197355505,-60.74341572647359
1305.6640625,-73.81153477769755,37.78800388839579,-93.41630427119151,112.9027741580208
1306.15234375,-75.19764599627358,-133.1571354322195,-101.1044842708537,159.8214213332093
1306.640625,-78.26402052332188,48.91891734588208,-89.39973644996948,-56.91077969818066
1307.12890625,-80.1713480585626,-118.4443083211125,-84.81718071608258,105.1466740371161
1307.6171875,-79.77693383608158,70.18934236346557,-82.17360939042933,-84.85833644365154
1308.10546875,-80.39865322121383,-130.9910701047612,-81.78582412648082,82.2219410269678
1308.59375,-79.92669594518738,43.12680334393502,-82.63222382418549,-110.2406699698925
1309.08203125,-84.51894135497056,-129.7059414707777,-84.69838358135834,61.2864572127059
1309.5703125,-95.06446815621878,-94.95307279775669,-87.1299983242897,-136.8219122178686
1310.05859375,-83.07173450433113,34.49718715747982,-89.29351612659468,25.07940747926042
1310.546875,-78.04578463869727,-168.8797104821862,-94.78749153143934,-158.4146807283136
1311.03515625,-78.00563083861037,-6.126231909685804,-97.09195141046642,44.96953541918667
1311.5234375,-78.05915836524926,151.290647715358,-91.5181405819598,-140.8099058628941
1312.01171875,-77.02170282276853,-42.01043482168576,-88.43559703503425,28.33226438587318
1312.5,-78.22930791932211,130.7313550926928,-86.79378602967803,-153.1722562841431
1312.98828125,-79.62277075328474,-45.49417033397715,-85.40555143891993,17.84574634668313
1313.4765625,-76.89636339143382,129.886639711601,-84.73688071180132,-174.6420444893592
1313.96484375,-74.7975909148022,-54.75583604225918,-86.3871294531497,1.341084274478706
1314.453125,-74.30881071836612,124.9329896506534,-87.77875571861307,178.8216477103352
1314.94140625,-73.06899126072972,-60.52202651154182,-86.6576488033712,-3.687606691021781
1315.4296875,-73.2389157398613,117.5949856736951,-85.72199825359901,163.4012844267615
1315.91796875,-75.08597906965122,-54.32846051595289,-84.74339785948267,-39.69669472741457
1316.40625,-75.24667873579905,134.7380902177901,-86.56004814861221,125.3774051594184
1316.89453125,-75.57936209781228,-40.29932115858086,-93.30034916418769,-69.06811209263398
1317.3828125,-78.86801073476309,145.3391677599734,-103.1282881132616,79.75006040562911
1317.87109375,-89.55750964048022,-35.29575744888772,-101.2438477257487,98.33534957524334
1318.359375,-86.21839549377648,-0.5521009612014174,-92.66664598457182,-89.54365828264663
1318.84765625,-78.83167018598674,-176.6641936623265,-92.62261067878072,107.7544267629337
1319.3359375,-75.65731737747521,6.026911468232274,-92.10143423599119,-30.81408214396837
1319.82421875,-76.32141750751865,-171.4791427558125,-89.16517526392482,175.0971250802776
1320.3125,-82.25952105856663,27.62589571452092,-86.9031533516166,-1.071195636839125
1320.80078125,-84.42927647408781,-101.9929129206823,-86.95873693969004,176.9592908110786
1321.2890625,-84.88626797496919,92.87682371408029,-92.12725342728724,24.41796549687542
1321.77734375,-98.99375490276306,-82.31212531009901,-92.056487770622,-75.69878486416501
1322.265625,-83.15230663563155,-57.0463377012823,-87.30706457691804,129.9663956623158
1322.75390625,-76.03006122194577,120.4928702175187,-82.8726301503513,-53.86898547243497
1323.2421875,-72.65149620619285,-67.21292074372379,-80.2116304623051,118.173139261058
1323.73046875,-71.52547887553222,109.6590442311746,-80.11933029009761,-68.03421135266866
1324.21875,-71.86617363348407,-69.43291791181706,-80.73989613750257,105.4415301047427
1324.70703125,-72.30827489790391,109.4870937221969,-81.09109477492316,-80.45840495335491
1325.1953125,-72.97932066651276,-71.90364185488514,-81.77504754825677,98.63336051227314
1325.68359375,-74.95898168880528,111.2186605402364,-81.27787284181495,-74.46287072037498
1326.171875,-78.99759854726118,-58.88775988519873,-79.4816672718101,102.2270898397582
1326.66015625,-84.56168790163042,146.2267984615616,-78.51217011039472,-85.65187861905147
1327.1484375,-83.66435617094257,24.86164680730506,-80.14640516751135,97.02735640090403
1327.63671875,-80.21875127924932,-146.9670734484018,-84.14423823330706,-68.62643342978544
1328.125,-82.02588474676784,15.03187896342034,-88.21849771756924,139.450022466668
1328.61328125,-83.02638023891824,157.6985894289345,-86.88735219100926,9.829013034281587
1329.1015625,-81.99456895882108,-53.46065210217409,-83.80657980168537,-159.4640948402344
1329.58984375,-80.17841147809412,83.20352536179261,-85.91051207549825,12.29201700934796
1330.078125,-76.35068689877835,-124.8187991110426,-100.6561336381662,-139.6085487255168
1330.56640625,-73.14147533367509,40.47663001773998,-90.4440446689384,172.7532373737692
1331.0546875,-70.93927040367626,-144.8374081775582,-85.98538515959822,0.5643195792499658
1331.54296875,-71.04926597606566,32.02490874530159,-82.71076127010225,170.2136890972081
1332.03125,-73.98089647610861,-148.9328681847763,-82.87828147109325,-25.66874072205275
1332.51953125,-80.4316790364648,25.03700117824143,-84.7923451716069,120.7333404892519
1333.0078125,-86.97344025777569,120.8923945024657,-82.43357825454919,-79.51042228408537
1333.49609375,-80.31876718420934,-122.9232365865155,-81.57500904205452,91.97481969237204
1333.984375,-76.69128599373261,35.28580355575057,-82.7427984508542,-104.3464710262137
1334.47265625,-77.3259824214072,-163.4665799829924,-84.17755996732171,66.31584998275429
1334.9609375,-78.86233786367229,-25.96852012595315,-86.78171378558548,-109.2704602667014
1335.44921875,-77.20319983589454,110.7264099708091,-88.93223230404882,87.50295832224612
1335.9375,-74.50269039387804,-101.5997655917461,-88.22564120768089,-70.18896408661701
1336.42578125,-71.92178369768379,61.68046130241018,-88.11869155758947,126.7255510725278
1336.9140625,-70.98232267527391,-122.9205899025552,-89.22448498397711,-44.75583801573286
1337.40234375,-72.52203487680633,55.54457917442095,-91.77228325395635,141.7208390244219
1337.890625,-76.82953018264038,-127.7863558886713,-98.79158529347235,37.60845819370696
1338.37890625,-82.18178218980381,38.47570864013763,-90.99272102537677,-91.95977631677344
1338.8671875,-83.54151238520464,-161.1653736270881,-89.00755285396249,84.19481416559127
1339.35546875,-81.03845523436635,16.84621824271623,-88.50741645027054,-89.8205384051671
1339.84375,-78.46272257732204,-156.9056074151202,-91.06015841737531,133.7451785238
1340.33203125,-77.21053042388434,42.19538175933068,-87.85891789324185,21.5133972688444
1340.8203125,-76.87558479601751,-116.7663847574144,-84.61955549220929,-133.7917690602345
1341.30859375,-80.22449722347457,77.82108030093329,-84.29625597444104,51.90306119180969
1341.796875,-88.07999644499364,-79.11215411026198,-87.04289601608437,-130.7908849817782
1342.28515625,-98.94248231644625,109.3199885755129,-93.70851179054662,72.21738955675093
1342.7734375,-97.26268348396798,176.7429827028184,-96.39241931455547,-32.99339811260219
1343.26171875,-87.07377224215114,30.86719847938616,-92.92292135311544,169.736487300658
1343.75,-78.54543696313797,-128.6033375220521,-87.83758441060803,-26.93534513842915
1344.23828125,-75.07471728190782,62.17042319543648,-85.64642599515891,147.1795625646645
1344.7265625,-74.35974907890323,-108.2871588805316,-87.71929955744996,-19.29120221160608
1345.21484375,-74.84194647787757,75.92913274523302,-91.4457761568594,-161.6822450672411
1345.703125,-76.50314076612108,-104.2311008108685,-91.70718681977213,84.02307066212622
1346.19140625,-77.14102535578473,75.12893990700901,-86.94265446245305,-59.6506345131241
1346.6796875,-77.15710996423356,-117.8014161958613,-87.83070182828546,142.1972773188885
1347.16796875,-77.71672913799436,23.31801876959136,-92.49164405015054,5.881299496329993
1347.65625,-77.2077230784346,172.7056009928827,-90.42437517003185,-176.4625726457621
1348.14453125,-77.40196235374421,-27.04991734595762,-87.2434925668484,-8.387750717996726
1348.6328125,-77.12647934228725,139.3535204448866,-87.43099454630729,171.5583153843348
1349.12109375,-80.30085460657762,-33.15980806922651,-85.68920767973475,-11.52634752027588
1349.609375,-83.39745477104091,-154.8559897983919,-84.46826591805994,172.6345667041625
1350.09765625,-78.58385460796769,55.62732739924695,-85.99234720198929,5.103968284516675
1350.5859375,-76.51789805006919,-111.7494644249957,-85.9056303285456,-153.9178220402825
1351.07421875,-76.14217027562701,81.55155927775333,-83.95956765890305,36.23250816873426
1351.5625,-76.08812508456975,-90.0781091303121,-84.86748716924427,-142.112130190354
1352.05078125,-75.71189466833739,109.5865909758683,-88.72567711555861,47.74097437808759
1352.5390625,-74.66763469760348,-49.64702388037456,-89.64357713634146,-106.9849400175053
1353.02734375,-75.1841837089317,141.6176923834509,-89.14768449805655,77.99945975366428
1353.515625,-76.78678463116769,-29.59407898734447,-91.16389397324093,-119.8019429749893
1354.00390625,-79.490267410928,152.6475519612828,-89.88841482064734,49.79817858603545
1354.4921875,-82.91392279838027,-37.53679079237951,-88.95567345104905,-119.3807460605795
1354.98046875,-83.55025778167472,129.5407661097843,-95.09785401937054,49.35480558891342
1355.46875,-80.81174385340516,-41.88231157215024,-97.07179276368578,77.86941617435635
1355.95703125,-78.41291648133402,161.3871306263389,-86.9120718969416,-130.4956717279782
1356.4453125,-77.45436954401481,4.881374275202526,-83.32239640010697,45.16732401726599
1356.93359375,-76.37327912804308,-163.6735539551386,-82.42904512061806,-145.3152987796921
1357.421875,-75.77628369521415,23.48994812712775,-82.18786718936407,16.85524936353572
1357.91015625,-77.89879917005123,-155.6850747261599,-81.91572955093167,174.3060004885165
1358.3984375,-80.41237120769364,-3.957582710033512,-81.34990661612753,-29.69262112090669
1358.88671875,-79.0620118511201,145.5012471564079,-81.02388768380905,138.5782676182588
1359.375,-79.49479865958489,-52.63858467297663,-80.66715464260605,-38.14459765285938
1359.86328125,-81.44398646500194,116.3328508807736,-81.17727750901579,146.982311902567
1360.3515625,-82.36523291279839,-62.36763512041319,-83.57673045972379,-24.57748239897311
1360.83984375,-88.4865431102162,143.107399593782,-87.25676171671856,-179.5645410635696
1361.328125,-85.12849024694171,69.82830757725104,-89.77504524829672,47.71851681091751
1361.81640625,-80.23500746155901,-105.3573792131074,-88.75199317004659,-106.5792649667226
1362.3046875,-80.50287024945283,77.73940588461727,-86.88081727310384,63.04762252151423
1362.79296875,-87.91974079727163,-83.04623795709742,-86.20976805813825,-136.450883428287
1363.28125,-88.88170308482654,-98.6993163395169,-89.22050102716528,23.46612131172052
1363.76953125,-81.60046521282815,92.07414678613817,-97.41024956318358,149.9035778187582
1364.2578125,-80.20726631669012,-93.90593934124583,-93.91655059249187,-111.4437951749168
1364.74609375,-82.15080272966206,72.43517873205739,-93.04085301683806,48.58469624024696
1365.234375,-85.56938142128686,-154.2052346184559,-97.37214539714608,-158.018483614592
1365.72265625,-80.62547625920907,3.691518114717535,-95.53130980618425,-80.07874190849193
1366.2109375,-78.40500960676667,-162.4342028741715,-89.52483002822618,76.32359890294742
1366.69921875,-78.93084941743003,40.89219518107792,-88.98556637813243,-91.89626307648305
1367.1875,-78.8070023606588,-122.5303478229317,-91.61936864535569,115.6102354344023
1367.67578125,-79.42335720684056,65.11711578459003,-113.5575216403575,81.64493016982487
1368.1640625,-81.063518135934,-104.6757884122443,-91.46388759695462,-38.96172303675171
1368.65234375,-85.55041868259502,59.25019148350571,-90.21222208173846,136.0532793150497
1369.140625,-86.27448655990395,140.7479589308904,-90.91917959140864,-64.52442559431989
1369.62890625,-79.5391579093202,-67.00723735744221,-97.10851963567703,67.48418852929258
1370.1171875,-75.76976809175936,122.3019787183994,-89.5146861615528,163.3517242388733
1370.60546875,-73.23199348102405,-44.20036248887292,-87.58270862564176,-16.15229320975603
1371.09375,-72.0832741377169,152.8643993897383,-90.23363115205483,159.0738329165865
1371.58203125,-71.47183608386572,-9.664175083482158,-91.61722032632498,-47.02328373749494
1372.0703125,-72.41383599326848,177.4578184856251,-96.62478598966132,112.4060792324289
1372.55859375,-74.44524358192946,-5.423375301581088,-99.80790903563874,-92.83801761538164
1373.046875,-78.48196893453364,167.2134376338618,-93.52685409240905,87.50082863602657
1373.53515625,-88.0497808662733,-52.15004931880424,-90.62134103399637,-130.7153495774676
1374.0234375,-86.24801609303287,50.40384453562397,-88.57248980944456,16.53941326153604
1374.51171875,-83.97748096705415,-163.8922764250367,-90.11407526732995,173.2037940110706
1375,-80.62821938832231,-4.824633583444589,-89.30401081115963,-43.96327301131689
1375.48828125,-76.44295822490058,175.970192703276,-86.96276286681081,103.6122578981413
1375.9765625,-73.29008643188845,-10.16864105742519,-86.61977673604272,-102.9619267927639
1376.46484375,-71.95551458293349,160.6451477421054,-87.80205129500685,69.61360846163655
1376.953125,-71.57652535533512,-26.07911106328548,-88.96073712968821,-96.91206944613191
1377.44140625,-71.36168512450806,150.1124962490464,-91.90759229747189,100.779550184325
1377.9296875,-72.77383396977231,-25.23682763296693,-91.64737505334493,-55.06716708210223
1378.41796875,-77.01706144482073,169.2564602146169,-88.2337516335493,121.0162344798478
1378.90625,-81.10643637119232,14.55073788983834,-88.8038971388772,-60.81003104486194
1379.39453125,-82.49042041696134,-151.2150389319499,-91.17163645451245,129.3367335448891
1379.8828125,-85.57714812864147,-7.872042765173189,-99.56752760432451,-53.61488615927406
1380.37109375,-78.23584564679736,106.2840231208359,-96.27301552787991,-42.37882580952309
1380.859375,-72.49084586153369,-84.14548696461569,-90.37553416420522,129.0451824991221
1381.34765625,-70.54031291099753,93.40654479906149,-88.7456691469373,-52.23464239323494
1381.8359375,-70.6235652687479,-98.51981910729748,-88.85739113595399,132.9372486534695
1382.32421875,-72.26957862153265,61.41825294771459,-88.12813896614099,-50.24282811238236
1382.8125,-76.81985936395529,-145.0789829358185,-86.42015630999214,126.9695620119503
1383.30078125,-82.98106828878451,-19.03378479086636,-85.79162509444885,-31.5425845860839
1383.7890625,-86.67634107094196,85.19790309911131,-83.96287490123981,177.6743076896104
1384.27734375,-83.17823315355074,-163.3268101509497,-83.04011037485181,17.82102529333967
1384.765625,-81.99275816395311,1.8184870860231,-84.32508119038164,-146.5816889828675
1385.25390625,-88.24110455579665,-177.9914659426201,-87.46777968206038,42.24300624029767
1385.7421875,-86.15426498162023,127.2329954356846,-93.22615123230784,-115.0361794606272
1386.23046875,-77.12945078685584,-47.05927265036512,-91.91081327535379,123.5514345298225
1386.71875,-75.45925252754273,127.8596608744797,-86.4824527724622,-54.77821140885712
1387.20703125,-76.3328281188702,-54.90599575385595,-82.91875413073853,122.2399912000578
1387.6953125,-79.1921837438654,130.6130503846415,-81.87972394919301,-60.7211881043491
1388.18359375,-87.7693051444458,-86.91355853832708,-84.01024290021513,111.8326607509338
1388.671875,-84.43714544168267,27.95835707326624,-89.10222759409292,-91.25786258452572
1389.16015625,-84.23850917127473,-155.3729213606788,-88.35323145804199,37.90648794321488
1389.6484375,-82.72440957695937,9.629540651873883,-84.41617774953274,-156.6196304915054
1390.13671875,-82.17606486791824,177.2292369458685,-84.29890774429572,17.17415931422116
1390.625,-82.8993189795578,-14.17829997791161,-86.40763329732223,178.310942989074
1391.11328125,-82.40427918437796,165.4725787130732,-87.2017184787791,-32.69837551888962
1391.6015625,-82.82796762552195,2.66053113019159,-86.73048905687607,128.8549100323121
1392.08984375,-80.99406120146888,-151.4528467070831,-84.82687724329938,-42.26186251269086
1392.578125,-80.28770736836501,58.31877795899379,-82.17072827100962,149.69376664629
1393.06640625,-80.51866594262597,-89.3337057169956,-81.00096055585581,-22.15444823469697
1393.5546875,-81.44771809937738,99.90671534861325,-81.09109999719666,164.7367364479274
1394.04296875,-82.78947282620982,-67.40561075584655,-83.57624747016459,-16.70322597956527
1394.53125,-88.15314690427815,127.7732806349175,-90.7927143001592,151.406306621908
1395.01953125,-92.24146071905309,134.7572240684174,-95.18084560329761,-128.460557144663
1395.5078125,-86.0020481534675,-79.45655986640074,-88.14148512815976,38.08895219261058
1395.99609375,-81.75984465613823,53.9462221311682,-87.26784775289717,-111.7436243231938
1396.484375,-78.57250574851867,-148.3874546613749,-82.88777445191259,103.5208143103414
1396.97265625,-76.41908631375196,3.730816132236223,-81.09631574163581,-66.54403963647813
1397.4609375,-75.15783221347006,164.8202250455078,-82.97120762410906,120.1700810942728
1397.94921875,-75.64913908877014,-19.15720933002518,-85.37381755722102,-74.93304888122722
1398.4375,-76.11485448508843,172.7911949118777,-84.57079498896715,60.1529327182038
1398.92578125,-75.75274977917859,16.57690477698824,-82.81848810003531,-142.174940493439
1399.4140625,-74.6372326443404,-151.2377677349574,-83.15014419753034,27.83349899518282
1399.90234375,-74.11138728749791,25.14864883352181,-83.77813093037776,-160.6888551047728
1400.390625,-74.47638135101306,-166.7262797467476,-87.3287303096306,13.61136253448142
1400.87890625,-74.95784864231892,-7.3654111541703,-92.28107118700788,160.6742890878029
1401.3671875,-75.05396595048811,158.0661111813807,-89.95621156556639,-36.44142454649522
1401.85546875,-75.46848988403218,-22.53785896539561,-91.0039656844706,140.5589719008785
1402.34375,-76.38012817619546,164.3417091347777,-93.02811090723389,-42.7741733903682
1402.83203125,-79.26828910600327,-3.670887334180503,-94.43072879353241,177.30642903283
1403.3203125,-80.74626535905303,-153.2173318169545,-89.84282077882922,73.089654251786
1403.80859375,-78.84765378618069,45.39103325128796,-84.86211659073706,-80.55503087204609
1404.296875,-78.13250753594996,-116.3758691080024,-82.8647037386193,106.8786733956678
1404.78515625,-76.34244876655872,73.63757423235727,-82.95782245622847,-65.54606036056023
1405.2734375,-76.26484006499101,-106.7560271400655,-86.29916995576761,137.5030110649288
1405.76171875,-79.1214407788285,81.67794636026535,-93.05477933051452,1.589353794036404
1406.25,-83.44756856636577,-89.86384207518425,-96.07853782685848,-77.35923585291594
1406.73828125,-101.6545140651953,126.2786429029009,-89.97677129584189,137.9354696669621
1407.2265625,-80.63804780572782,54.51833187302211,-85.84546185317677,-29.82070779988241
1407.71484375,-75.11480790730923,-131.2042993771435,-83.39925242755527,155.4337189889513
1408.203125,-73.67325183041613,49.13328153401617,-83.67223955183886,-25.17481666260501
1408.69140625,-73.9587946014922,-131.7937243558301,-85.73619687424808,143.9436590359572
1409.1796875,-76.76799371482929,42.76496959923281,-87.67907850273731,-49.26299668021966
1409.66796875,-86.07243517341641,-117.563579647257,-90.56583759543122,133.6979252139004
1410.15625,-83.77189231189894,174.5014535614656,-92.25396730197335,-28.5650761656919
1410.64453125,-82.55130714152642,18.32184771972456,-87.67068624203506,173.0639324830893
1411.1328125,-86.19427066781869,-115.1273075356977,-84.82413970839659,2.503427517204364
1411.62109375,-82.08942441764822,112.9376390251262,-85.08748618688678,179.8916144026148
1412.109375,-76.32588661611783,-54.80557213213957,-84.85667584294482,-5.197561248981802
1412.59765625,-73.8315378763445,125.2567416895572,-85.85332937365722,-173.1775624937572
1413.0859375,-74.30581408452059,-61.61919308278951,-87.71331132584737,45.53665887512872
1413.57421875,-75.80324977839523,103.619421146739,-87.08184564068799,-95.98981797236324
1414.0625,-77.57194070987394,-98.60121787126495,-86.85717807635116,109.2764646301571
1414.55078125,-78.99622273327863,70.69588221410126,-86.89327379846405,-55.22083533034981
1415.0390625,-78.83918150300036,-98.98851742343079,-89.66262877440336,169.1131686320983
1415.52734375,-77.48083447243948,89.3641073190412,-86.01567713955762,46.80384513957143
1416.015625,-75.36781410454164,-72.7862707957423,-85.8059222830293,-116.4248101916311
1416.50390625,-74.26777083490288,118.9736717089268,-86.62748132738891,71.81456142060833
1416.9921875,-76.32581070405394,-58.44243779419018,-85.91519125293752,-120.0820606332599
1417.48046875,-77.43132033363469,126.0734303299067,-87.02945960228335,45.01720514496672
1417.96875,-77.13333800121777,-48.57740744203211,-90.61117850079975,-151.9974007263327
1418.45703125,-77.31565969976282,136.5510705532002,-90.6977801538132,-13.7035163741125
1418.9453125,-77.57653208645966,-44.65887817840601,-90.71912878317953,136.5788914143054
1419.43359375,-77.98859039063686,121.8202433850405,-92.18924621996324,-79.16870377398165
1419.921875,-77.30056786722351,-69.12228601618253,-87.90106174768327,103.2006588904404
1420.41015625,-78.75192869178278,111.0177805623335,-86.29969989705984,-70.44108571873605
1420.8984375,-82.23088829734843,-57.76647114132664,-89.07967558599879,131.7878983705658
1421.38671875,-82.34104097368144,123.6202351112717,-86.75832131020582,-11.61879852536224
1421.875,-84.00756799632268,-57.28031809966156,-86.49064926794402,-164.1111851946577
1422.36328125,-88.68385098008892,160.3092892261184,-85.99529973727626,55.09622798228957
1422.8515625,-87.11312750254211,-65.21404452946538,-85.88821757780079,-104.3201497885957
1423.33984375,-79.13135717478954,89.93052138347666,-85.9714647715743,102.1078692981689
1423.828125,-76.53003883873043,-87.6325020990727,-86.10959901944361,-58.17175887199113
1424.31640625,-75.49963002867089,79.88023353329348,-86.99452232472142,134.8014444489482
1424.8046875,-74.5129204101426,-118.5385322366307,-87.66381053109774,-49.191741759282
1425.29296875,-74.9402421480815,54.32138121450504,-93.31725432299959,100.1288896117761
1425.78125,-77.60597920479698,-137.6787177011699,-90.81295627508077,-152.9422025210869
1426.26953125,-80.48980111281202,17.92365477953737,-85.19086401069879,21.24523754617982
1426.7578125,-83.98171736855576,165.9082153717181,-82.46613080896877,-165.7511772625145
1427.24609375,-87.1084170359041,-70.19637929790633,-82.6333968887653,19.45115734351431
1427.734375,-88.74821493346603,77.70689205009511,-84.77896205319091,-136.4969086615036
1428.22265625,-89.64241717193721,-89.50185032794903,-88.33016562606144,79.47224005274818
1428.7109375,-101.1581132673741,98.15432275288086,-86.16486340575679,-49.03461846522104
1429.19921875,-98.83245350905594,74.2731341758447,-82.41874456679639,138.1461308732105
1429.6875,-88.65917425419642,-176.0618170510031,-81.5452704577269,-45.517840030016
1430.17578125,-82.24020911131842,25.80715904267751,-82.06280174331638,125.5386604319393
1430.6640625,-79.62365647928623,-139.5016816550676,-82.63307437949898,-68.14122532350089
1431.15234375,-78.5010613143475,39.59856621327075,-84.43513343672861,110.0435451719089
1431.640625,-77.90580581052483,-140.1148520365111,-88.59564548302916,-45.43361342152389
1432.12890625,-79.0294555232167,16.49050836411288,-90.19255402884694,-179.8470793290983
1432.6171875,-77.43926349057799,161.4150427448374,-89.876076375016,28.96483279512755
1433.10546875,-75.2151550606626,-30.56895465835126,-90.0212263035244,-143.2500016012808
1433.59375,-73.51301160381639,139.9456738079084,-92.13490103270551,41.04142587830056
1434.08203125,-74.11669519226965,-46.29661512842783,-90.55374493519834,-118.5502206083721
1434.5703125,-76.77372185597699,128.4091282337302,-85.55228105685222,65.32137478609339
1435.05859375,-80.51802718881106,-65.58702923359986,-83.00945064372023,-112.4103549665064
1435.546875,-89.04101589292057,99.84391812895514,-82.08003864415329,69.58442195747497
1436.03515625,-91.63113906799467,60.72445476413954,-83.22108027287783,-105.9487215774051
1436.5234375,-83.55442431982901,-130.1974735998236,-87.58673104253384,106.0850158327917
1437.01171875,-83.19779684924244,19.42479344391812,-86.54797755261116,-22.42020754369
1437.5,-82.47597699705636,128.8977179267421,-84.45441278451531,179.1663993659009
1437.98828125,-75.94195382624608,-88.35366351720968,-82.5590846482978,17.19380805762267
1438.4765625,-72.56306350165434,86.15675728496096,-81.51146753249336,-145.9294223858431
1438.96484375,-72.01779943481492,-98.04358231032788,-80.87289911780844,59.63011898431017
1439.453125,-73.64909905374377,71.04734771093625,-79.61445355567707,-101.8886723035573
1439.94140625,-77.92266381609376,-113.6410367590454,-79.40110998065725,84.43973727611179
1440.4296875,-84.46181469200715,88.37775511156923,-80.00151177395311,-94.77504871729614
1440.91796875,-84.15041003217779,-67.63373344527827,-80.31238570214234,77.48161998125202
1441.40625,-79.13407500808832,109.8401450904392,-80.22041514670066,-114.3247919919074
1441.89453125,-75.76752809205055,-69.87070539293778,-80.4768270281746,54.72904243429219
1442.3828125,-75.91454305308191,108.6895635692851,-81.61339828690052,-132.6600694183755
1442.87109375,-79.52785600797461,-83.69797474369047,-85.31961099542715,43.72571030444615
1443.359375,-83.47247529501628,57.49158000776226,-90.3086020511371,-174.5260790640468
1443.84765625,-82.01728763873905,-167.057616449532,-88.22603381710809,-36.80165321654408
1444.3359375,-78.68976530375124,2.74768437625145,-90.62840510227419,140.3700762026292
1444.82421875,-76.22190503613872,-164.1516712632405,-94.30765094834079,-27.68469954166286
1445.3125,-75.26454648197355,19.24810402276661,-102.4457399287111,142.1597840005535
1445.80078125,-75.28973065088904,-172.5594945802602,-95.35746260902633,144.3887601859519
1446.2890625,-75.08405842026109,-12.65681652609427,-97.09787772599765,-52.49454993211928
1446.77734375,-74.27760340880266,145.426189507492,-94.60701903929619,3.343612300838264
1447.265625,-74.06906167509521,-44.78928555243814,-89.15058407657895,-170.4596000614194
1447.75390625,-75.33856996196444,133.4159943143185,-87.99851984741495,15.29072976858584
1448.2421875,-79.18298323488145,-35.30712306249983,-89.83902493322046,-164.4609462174925
1448.73046875,-82.33080057449014,-146.3568430158416,-99.47397379300001,72.95595591324972
1449.21875,-77.38287174216019,68.81845633176324,-92.33572835027215,-11.4407246205253
1449.70703125,-76.55870223654301,-110.8487704148928,-94.2074799534868,169.033069802816
1450.1953125,-78.89255298035955,57.79673686465334,-92.57143169181586,-80.38147833585883
1450.68359375,-83.32219694282684,-165.9946924718305,-88.57961353887529,91.43703525558641
1451.171875,-78.75313550340431,-36.85564460817572,-88.73668728061199,-90.40998772297252
1451.66015625,-76.51194636079131,134.0444438453575,-89.02039220508014,91.24617453129258
1452.1484375,-78.70961746174498,-40.43119430132157,-90.1989844344956,-96.37294602661734
1452.63671875,-80.82089762950544,-175.6275834605246,-90.92889519459118,59.49870340316031
1453.125,-77.2923815175016,31.35301837484417,-89.43514916157096,-129.8116977543771
1453.61328125,-75.81656279413635,-150.8413139430753,-86.60312455159037,33.62215245525946
1454.1015625,-76.29859293038814,29.3948070036497,-83.99810919764269,-160.595895563831
1454.58984375,-80.33919470041533,-144.5755000350541,-84.14436966384449,13.67413399333496
1455.078125,-96.91130802115183,115.2990746652436,-83.60698079567946,179.9060553852425
1455.56640625,-83.56519500444108,-11.82793868533819,-81.39971647172359,-10.53980960957584
1456.0546875,-82.9217027520093,158.9125793315363,-81.47115494826387,164.6310992325483
1456.54296875,-96.05343140399975,-18.94047233272412,-83.42821090410516,-27.84065325991292
1457.03125,-84.28730926064772,15.08349401652082,-84.95403080924972,131.9979653839315
1457.51953125,-82.73453915638063,-148.7124846950363,-88.63266482530958,-56.07749972248994
1458.0078125,-86.29643202185943,83.54889772850275,-102.1770622982536,129.9834032760281
1458.49609375,-78.9161772856112,-64.5699890525423,-103.1459495897782,63.63001867618303
1458.984375,-74.52085732573593,124.2915914085013,-93.23008034485127,-143.2826360894674
1459.47265625,-73.73558550151012,-49.52688187251931,-90.2569062725299,16.18970949434782
1459.9609375,-75.01039490289968,130.0337659792916,-89.04537742362288,157.8474963593285
1460.44921875,-78.65544311458044,-44.22464595662326,-88.85396121953667,-41.8942003455038
1460.9375,-86.42821861515237,-161.7227004415212,-95.30933613903056,119.3827069590806
1461.42578125,-81.12829633262486,106.8255662426543,-96.00128313281587,-153.9260075319091
1461.9140625,-77.54444676108039,-39.02860325979528,-89.62966357360804,18.40627331437511
1462.40234375,-76.52646035211843,163.3952912303645,-86.82379260368484,-151.6187590457701
1462.890625,-76.00111458760907,4.946872043626184,-86.28465717970778,39.59222167400249
1463.37890625,-75.83979399435938,-156.8987850025972,-87.77695250682349,-136.0052577876401
1463.8671875,-76.4413684433716,35.77433585715186,-90.49039013293606,39.03187747763533
1464.35546875,-76.65594513386711,-144.6911102418108,-96.67571426415194,-172.8670508700021
1464.84375,-77.28771244822734,26.08022475562825,-96.93663555293531,-59.82251296910416
1465.33203125,-78.4551048477188,-159.0334181361978,-100.1541401080801,117.9771454865558
1465.8203125,-80.24113227196594,37.02611293156453,-98.92656952986086,-138.9934364672363
1466.30859375,-82.75337359538234,-97.91915699695663,-90.9241635827683,39.55856775602053
1466.796875,-83.70857037289511,133.6162473908729,-87.20274655502297,-122.1966757185745
1467.28515625,-83.58582875560677,-36.66262366142139,-84.07195162060933,56.40095622031874
1467.7734375,-84.17916368846201,129.1767342052953,-84.21057066176323,-136.6622588413653
1468.26171875,-88.70301164339311,-68.98502941817752,-87.0159511226955,23.24669703260572
1468.75,-84.86197110875972,64.60263019477583,-86.78252430100038,170.6229817784294
1469.23828125,-80.44885054331823,-113.7331571827988,-84.4780314960025,-29.57682661472915
1469.7265625,-80.37393035214798,74.94319284908649,-83.78018852575066,145.2850763373769
1470.21484375,-81.501873745052,-101.345180669248,-83.93018386121382,-26.56668590350629
1470.703125,-83.47373703293499,65.13756731484162,-84.79767057362582,161.7283438982991
1471.19140625,-86.56973891049618,-151.872195033073,-85.73522786928065,-8.730058551101166
1471.6796875,-85.70067413530668,-14.34176660901596,-86.77174878655217,-171.8190903535738
1472.16796875,-84.23405968761271,169.7800053028166,-90.47316114109917,37.22686437062014
1472.65625,-87.03069941228877,-5.599132476595003,-95.36393199927352,-111.2281833792578
1473.14453125,-97.49537792769252,132.0256624717638,-98.70163711303809,141.6891598802536
1473.6328125,-90.12676034262506,-156.6977176448829,-91.53771395102541,-8.513633591078342
1474.12109375,-82.34152080978149,24.01758842067983,-95.4496824192982,179.8612174514661
1474.609375,-80.79562615677375,-138.8772514442556,-99.90303656805779,-105.2553220548852
1475.09765625,-81.80668559760157,94.31918546236673,-87.81556094825982,66.27941100077567
1475.5859375,-78.71977113079426,-39.2889625152256,-83.99228755495783,-119.8561930068566
1476.07421875,-76.60809947744244,169.4097020102359,-84.1820806379168,64.64355406465528
1476.5625,-73.69706940529572,3.801398719222345,-88.00747591847069,-103.8677695468777
1477.05078125,-72.79897810241599,-176.0551385429333,-93.53008038670878,41.60016547015562
1477.5390625,-74.19342105860754,0.5688147145670506,-90.37118507573032,176.4044937429601
1478.02734375,-76.55499481439313,173.0446638612095,-87.67726925577676,-32.47740020278926
1478.515625,-79.05969101626621,-21.07061588316418,-84.55143754986521,137.0348842633614
1479.00390625,-80.23640536159215,141.8204526141328,-84.21571059964023,-41.35505293288833
1479.4921875,-83.50995655529266,-59.10491511998657,-86.49088197501149,138.2395144498085
1479.98046875,-93.1926970385426,60.3353877439966,-88.16159231447328,-18.28364904016749
1480.46875,-106.63757704833,161.7543701114522,-84.63535602566478,-160.5113129461067
1480.95703125,-91.05954059807846,-158.142958377075,-82.25866911549815,33.57697504624881
1481.4453125,-86.95150033005314,34.66221075751646,-83.3901645852267,-139.8589583934489
1481.93359375,-91.06885121620707,-171.867527941208,-85.94944927112834,50.6654440980618
1482.421875,-89.82989052255475,-70.44149422317436,-88.87738139862043,-115.591428917437
1482.91015625,-84.38246426688566,97.60395036638201,-92.95731580427777,93.14610177945971
1483.3984375,-81.22526091550742,-79.08580244938766,-93.55214164956969,-71.70268833363232
1483.88671875,-81.16138505315715,124.9285116242333,-101.9162967144401,78.78693582057265
1484.375,-77.29324223422715,-23.55957229160567,-100.6657439531996,124.4963789669358
1484.86328125,-74.68040139572582,164.134038105189,-101.8935629093893,-132.7565447218895
1485.3515625,-77.52371369621974,-11.16042230427962,-93.87735177840439,-1.231037298609533
1485.83984375,-90.34089393950913,171.586720052935,-90.9444847306183,136.5415572257016
1486.328125,-85.33058435118829,156.2937685474803,-86.11920642901146,-74.91147197463994
1486.81640625,-77.64487499169671,-20.00988300654464,-84.4690258302107,93.52406958564906
1487.3046875,-75.37550968519564,166.2238999771414,-84.68476814950003,-98.79940665474801
1487.79296875,-78.19453916031497,-12.82890649999382,-86.40437501301341,83.72645754961835
1488.28125,-87.2901028921776,-151.8912692939491,-86.85030394112601,-60.07705807162961
1488.76953125,-83.62537525804653,84.18088710932197,-83.21730624101622,139.5576263353589
1489.2578125,-83.19045134522121,-102.1488828561715,-80.75434006112428,-41.2761601466641
1489.74609375,-89.69274135417842,89.66251892145584,-79.61086156926127,128.6727669364647
1490.234375,-85.05576048360476,48.90774697472903,-80.28468768924637,-65.79566068546212
1490.72265625,-78.91381235297202,-128.6389656988979,-82.82415825467041,102.0903811914443
1491.2109375,-75.89995165700542,33.41303626443391,-86.1915446496744,-71.99612976648316
1491.69921875,-73.03248909815439,-165.4538632846318,-88.50412600656712,150.4933740911792
1492.1875,-72.30343042571695,-6.120037786434898,-86.97799342107594,2.92016590290769
1492.67578125,-72.08331089650675,156.0074547652911,-88.81304727362746,-173.1091408143041
1493.1640625,-71.47277390407888,-27.00377974897265,-90.99971586235557,34.33818671253663
1493.65234375,-71.82653364816504,155.3898505865337,-89.01721173772403,-116.2706694617153
1494.140625,-73.7601356914877,-23.11613916882167,-91.03890887080274,81.57053785898749
1494.62890625,-75.62336611305555,161.6796441115374,-94.20600399649304,-116.0792193783239
1495.1171875,-78.32532345454189,-15.19798515561081,-92.10235532127462,-5.054093161471865
1495.60546875,-83.82128018707247,140.675681461781,-88.28897536368262,123.6121275272037
1496.09375,-83.19016715292209,-62.02917599660101,-87.87624839558259,-83.22215830969299
1496.58203125,-84.36853675389179,149.7849241562429,-90.60894634796813,70.38593116257776
1497.0703125,-85.24475293137088,53.43124809753432,-90.1370090174313,-133.1864150144651
1497.55859375,-77.71503037233634,-95.06522839561588,-90.83046735444088,34.9602452938814
1498.046875,-74.19933524217504,88.14982082589989,-97.48438019434613,-144.767071686365
1498.53515625,-74.02821796586856,-79.64108216748123,-98.14787485404374,148.4991701967821
1499.0234375,-75.44444349055286,126.7480526567976,-90.19322419744556,17.11555468804386
1499.51171875,-76.95887598799581,-19.10263524733002,-85.82318204585101,-144.3794285184679
1500,-77.59252393260368,-179.2720045079066,-85.64635621860516,41.5633289963445
1500.48828125,-79.00313437086092,-9.324574825376406,-88.96954390816543,-133.6897136955292
1500.9765625,-81.3274472310415,137.7655192100063,-97.16489841657381,8.701938644569635
1501.46484375,-81.20607333878665,-71.7178649878812,-95.54403750894321,114.4159728607169
1501.953125,-82.30080934940108,119.8792872733504,-94.67560928159371,-90.20212900383589
1502.44140625,-89.46495877860175,-6.827834188120177,-90.93411487947341,72.07304706099737
1502.9296875,-86.87056369521885,-81.66364886769567,-86.40714796733457,-114.949299791592
1503.41796875,-84.39038403356483,126.8014104181566,-84.3723346357053,64.43165739266163
1503.90625,-80.3677245287295,-30.63493491126922,-84.4844943275664,-109.4082502125437
1504.39453125,-78.20385978629639,160.8982503251653,-85.08706565734202,82.18619782329162
1504.8828125,-81.19633767168294,-5.485982092924996,-87.67493512651782,-90.83296343707397
1505.37109375,-86.29106944620966,175.1848347819116,-98.26274713039537,68.12859637400554
1505.859375,-88.25227470990851,-44.98702813044415,-93.56778706813857,137.0463179404922
1506.34765625,-89.64242635045123,127.0507653044538,-87.28852133605929,-54.93070149621602
1506.8359375,-93.11568131731607,-25.45760743612132,-84.0675185739955,120.5764423265752
1507.32421875,-95.12418444652914,96.6388134502039,-83.92160797755312,-56.39255518502057
1507.8125,-90.65775559750213,-113.4389605694402,-85.13200681550471,120.1640069110254
1508.30078125,-92.63576580567731,120.5201846915287,-86.00498236244222,-55.81126533229489
1508.7890625,-80.21841682345234,-36.0672963780253,-85.89666548417685,154.9740089257602
1509.27734375,-74.29662870294747,138.7846124006651,-84.7451781264208,-18.77939260389903
1509.765625,-73.54133531947923,-47.71061176900675,-84.3253520220796,155.3475217104499
1510.25390625,-74.72210673529952,120.5215589296721,-84.17964742852456,-14.56466278612466
1510.7421875,-75.80714144282204,-73.03541790646544,-85.3606010951076,169.9252745369988
1511.23046875,-78.54295666219265,88.6248432800715,-89.73103108266815,-27.61360557351014
1511.71875,-81.75087853988755,-113.3304530951446,-92.63418847212958,105.3350565362682
1512.20703125,-84.01328283995198,85.0116492061065,-88.96070758512306,-102.6427501535531
1512.6953125,-85.47059227491162,-54.34832057164701,-84.67411437531237,72.2182362689199
1513.18359375,-92.31588278931946,98.41240447425271,-81.84740545034254,-100.7478544097046
1513.671875,-81.93470185213604,-156.4314331925387,-80.85127298652949,92.68684968486832
1514.16015625,-77.5292574478687,15.30538098775054,-81.94801461018967,-71.60081073521292
1514.6484375,-77.12477518095444,-163.9732063732704,-83.21458255404846,123.5174163167955
1515.13671875,-77.85979108041322,26.66016494050654,-83.37933890363261,-50.31301117045963
1515.625,-79.83944797097327,-132.3215355358339,-84.24379463589796,132.0817952548986
1516.11328125,-84.7475843648067,88.10806023792557,-85.69484525380092,-51.80395663668381
1516.6015625,-88.83885760620569,-21.30474978211451,-87.32886851106755,113.3692636707062
1517.08984375,-91.49140624129913,-175.3247848640603,-90.49400094473256,-74.12151693213569
1517.578125,-93.57213304972322,66.16429101840903,-100.6645371830103,147.1508320900237
1518.06640625,-84.66378761203551,-102.1718127429506,-92.14161741404554,85.65685751659734
1518.5546875,-85.14824127728184,53.66194653707051,-86.51989301258246,-80.59788604834237
1519.04296875,-100.5075714028601,111.9052349101191,-83.7229202767669,108.7732451087867
1519.53125,-81.21211489149694,-138.585050392875,-81.73913672650245,-59.41051568116076
1520.01953125,-77.290653544999,40.57149828024258,-81.35780140013316,128.9660602128381
1520.5078125,-76.96830929979556,-152.4148302849545,-82.74066424982738,-55.58114780095818
1520.99609375,-76.39327066069777,9.634878359087477,-86.28359966172812,106.2126996152498
1521.484375,-76.63021891373701,177.5025074975493,-89.89687141056689,-114.6951109206417
1521.97265625,-77.33334735044096,-18.63465178583086,-86.6279082976431,44.00746014244082
1522.4609375,-76.91207733108931,171.1663900338028,-85.23667497973042,-128.6591745590249
1522.94921875,-74.39998438822423,6.97952744759575,-87.57186065551031,67.18369374215989
1523.4375,-73.07184028717752,-175.0884875790588,-90.37905102513713,-86.59024606252783
1523.92578125,-73.03404160304125,0.1561950264494497,-91.0609552066239,133.7312070677173
1524.4140625,-72.97079361165433,173.0851157282937,-89.37461035486878,-19.74399989461704
1524.90234375,-73.89709675746221,-17.73330370368659,-90.61579118611645,149.8711205209744
1525.390625,-76.64643585126306,147.8231758867812,-94.67894316220004,-68.60093522187876
1525.87890625,-79.17960052683884,-68.55348108839458,-90.03355221361554,54.0169551367833
1526.3671875,-78.04694364645206,76.32078820867726,-84.58307486799339,-142.8064814931955
1526.85546875,-80.00464204391119,-101.0357653349037,-84.78774835989151,15.30289933533114
1527.34375,-84.092166754754,99.35039468188114,-88.06850393486832,171.5719349240775
1527.83203125,-85.71668411926815,-56.39252832415152,-91.7517379404613,-18.46479152046761
1528.3203125,-79.47097469440504,164.3931535298003,-93.16225267674228,123.8518958987172
1528.80859375,-76.53888739209404,-15.24109826828595,-93.17494200051514,-87.67941290947047
1529.296875,-77.34070018639474,143.1519679477125,-96.98277237379799,124.3469703438893
1529.78515625,-78.48787997564609,-39.07572433644576,-102.504562653605,-28.68117062903175
1530.2734375,-80.88647127684531,169.8993606613394,-98.26426034413694,2.322681372846223
1530.76171875,-84.20741303090465,10.59566892869623,-94.53788639835065,161.9408043851697
1531.25,-85.92634279049761,-165.9466640040276,-93.46488103639841,-43.69431412082364
1531.73828125,-80.77749197887977,9.8361172333168,-99.25757370280846,137.6919657551457
1532.2265625,-77.12148717976308,-177.5971326476329,-92.36014868734742,150.4953858051541
1532.71484375,-78.10038812493347,-6.186437455196428,-85.27487188497936,-34.08411790722162
1533.203125,-82.54450166302369,162.3288814215232,-85.4648375946929,121.9617444568
1533.69140625,-90.51065086471226,-18.75136978678038,-84.70024490018287,-90.10520753937887
1534.1796875,-92.9479673117919,17.70629525436994,-83.31091339149609,65.37245190148256
1534.66796875,-84.45430952799904,-167.8470908702907,-82.25712554797624,-142.6958863465397
1535.15625,-85.86400204301458,-15.55056239581069,-83.48649497508887,26.68190157623332
1535.64453125,-90.50258489023116,137.6943930117854,-87.90191707805151,-145.3616588782142
1536.1328125,-91.05828347896522,17.58509742873213,-89.9480333892856,80.98021710683705
1536.62109375,-88.3880091068404,-166.846157218907,-87.4816685710002,-53.75292821227806
1537.109375,-89.83617394392958,7.960191125535333,-85.62174952536728,157.5741485153776
1537.59765625,-84.5097217880668,167.9871220090392,-83.31093910887489,-17.266209204396
1538.0859375,-79.69194428179512,-39.98350428518642,-82.9920221672635,157.102996424205
1538.57421875,-78.52816636326911,134.0279514170331,-84.54066398821473,-29.6862681869747
1539.0625,-78.49863340327784,-38.68507775523182,-85.67591340586434,131.0173936922578
1539.55078125,-80.18781453398859,132.8059129533006,-84.90491708053334,-73.98691822892039
1540.0390625,-83.27349319400076,-57.62689149289616,-84.65144211338151,103.8340347347426
1540.52734375,-86.08514421964284,125.9492517896922,-85.55530207371621,-59.63417901838382
1541.015625,-89.08431944497994,-73.94830487995578,-87.79586011565856,133.7334491751879
1541.50390625,-90.39928564560242,105.5634884186663,-95.82223723087701,-43.18415354436905
1541.9921875,-93.45417360932713,-74.42030372589039,-96.02721479683689,-17.08124833502601
1542.48046875,-84.87219754047661,22.20717982458364,-85.21936947096168,161.4930975620524
1542.96875,-78.81423899753028,-170.6500705160356,-81.62875078533973,-20.67870597420815
1543.45703125,-78.5531163025704,-4.897493104795927,-82.12419964862232,151.0407715872604
1543.9453125,-79.98958538861707,149.24100159119,-84.8581930939481,-38.1706386812966
1544.43359375,-79.17130577513998,-65.82575329324295,-87.32691299011347,145.2817949051081
1544.921875,-76.87000023592554,99.53711395938413,-88.85995372617971,-32.55623459628077
1545.41015625,-76.37488946585891,-69.98267523409987,-90.30588192473144,158.7925362337039
1545.8984375,-75.89102332174322,130.637880476903,-86.40858232799877,18.26677077472942
1546.38671875,-74.95300778071416,-40.19068983794167,-83.49208810455158,-148.0738971835956
1546.875,-75.23317017455192,146.4329993926633,-83.80561541102905,38.37798458718721
1547.36328125,-77.54294465748967,-12.19074742948215,-82.47810173489256,-125.9862781751715
1547.8515625,-79.72219922667195,-171.3645228938767,-80.60394277757077,63.97764103577498
1548.33984375,-80.29311355416596,25.75337074189132,-80.72112141997265,-113.8938424392034
1548.828125,-77.75636411269291,-127.8977276521192,-80.97284746058328,65.74740022969436
1549.31640625,-78.8734841189915,66.86575645131111,-82.08783473661009,-115.9349682004732
1549.8046875,-83.11810680243025,-92.4238175019285,-85.74503603052753,67.4848710671283
1550.29296875,-83.69873467032278,85.2001943827037,-92.99684019809143,-100.6731463485074
1550.78125,-83.49073775338414,-122.5897318969593,-98.12380748795697,-160.4738719539002
1551.26953125,-82.71492118936817,33.99021431685956,-89.92217318237289,33.70752838319061
1551.7578125,-81.56898433263058,-178.3030471296976,-87.03895695324695,-150.5478319487601
1552.24609375,-79.67211721930173,-42.26904523700642,-84.777521245521,12.06602187926786
1552.734375,-76.95715200392567,97.4685649010807,-82.44669477103628,167.7352135671659
1553.22265625,-75.2201520846202,-97.51448549942734,-80.70893617908061,-18.21577929570182
1553.7109375,-76.46708864955175,71.00690974382975,-80.37896303753456,166.3849331506257
1554.19921875,-78.72681523492665,-147.7103684535707,-81.7831615154293,-9.549299085158955
1554.6875,-79.10616527599574,-7.307003632935846,-84.50144474033478,-168.1791391762057
1555.17578125,-82.39217554964281,167.2706489681678,-84.53465697921581,40.30260378777055
1555.6640625,-85.73324421288659,55.2688814390566,-85.57877266759986,-126.7593978762414
1556.15234375,-79.06636222514662,-87.16602878201621,-88.29196629547374,61.50752918143284
1556.640625,-76.15363489238484,108.1693601863926,-93.37343247996002,-122.3334767637789
1557.12890625,-75.99565914759158,-56.46604408374315,-104.5456301898853,170.5047104142296
1557.6171875,-79.75961564789431,133.0465482651816,-90.83961936822394,25.67419680730408
1558.10546875,-89.17157545398886,-55.47312418218247,-88.21990463188214,-156.4317606398493
1558.59375,-86.93551576143417,37.88830687598821,-89.16943881918137,3.034203532464806
1559.08203125,-80.46996536008974,-162.3274035938699,-90.38934966231972,161.935017420851
1559.5703125,-77.53890917688798,13.43415070440633,-95.32091241259886,-10.51672979062844
1560.05859375,-76.50875101276925,-171.1775943735356,-97.34001293775933,-67.25934257595308
1560.546875,-78.1975832886268,-8.632184411574086,-90.41551913929786,120.7111828691512
1561.03515625,-80.70358849738801,150.6098632992418,-92.21342347579481,-73.54945234398308
1561.5234375,-80.37304362759286,-37.65735432031198,-98.34103664816806,131.7630035023281
1562.01171875,-79.4709878414326,135.2495315275939,-92.24852020918351,18.89282435268595
1562.5,-80.24242761551602,-59.5053601899276,-88.19948375845797,-144.9823835235988
1562.98828125,-79.72350325598725,110.2494276417924,-86.35693783406266,21.1348672561385
1563.4765625,-80.04594870569949,-65.09465546602634,-83.16303157337097,-179.8612427157967
1563.96484375,-82.99452428068039,104.0312824137747,-82.44206974629294,-2.708594149792297
1564.453125,-85.48587041439941,-97.55524093870771,-83.3377808646499,-175.5115551353344
1564.94140625,-90.35315532759751,125.0678416192715,-82.94480949881088,4.344354456694424
1565.4296875,-87.93351482557698,10.41290222743925,-82.44852973254092,174.7435870401577
1565.91796875,-82.89709818710142,-143.0850315415352,-83.31475390859678,-18.73634490968123
1566.40625,-77.97467284049686,35.16692459405824,-84.27601034949504,136.3455234674641
1566.89453125,-75.22289630983529,-143.9835660532048,-83.88219225291073,-68.16564232665449
1567.3828125,-73.00053859993764,38.75462050467554,-83.99454356813217,90.18737619976804
1567.87109375,-71.90637661446074,-141.9301597660503,-84.21681051921227,-100.6116909925727
1568.359375,-72.88189066787689,38.60746445768854,-85.03877504551789,89.39907787483874
1568.84765625,-75.53423628185787,-137.7967661331454,-85.47529469665841,-85.79913431208205
1569.3359375,-78.96336627911292,52.26516217197595,-85.64911885036017,82.46479907910334
1569.82421875,-80.90412000858058,-105.9640674585011,-87.11273696073404,-115.2925790150278
1570.3125,-79.96762142247108,110.9289308183218,-87.52446392244985,21.00984365337252
1570.80078125,-76.56300001278731,-52.1232523985873,-84.06199503534579,162.6121951195906
1571.2890625,-74.08196986869471,125.6062859413648,-82.39831227911301,-46.09221692922544
1571.77734375,-73.42589099751879,-52.04470502918786,-82.47152340314899,108.7106569664628
1572.265625,-74.7153229948992,134.3001882259359,-83.11377504358265,-92.16575321881045
1572.75390625,-78.25034759508463,-42.58691854945964,-84.66465525994786,66.75613700060509
1573.2421875,-84.48022499904354,141.9549065686557,-88.26512613669655,-164.3844286983785
1573.73046875,-93.08554908925396,38.41980892651328,-86.82440883476718,-29.88712596034624
1574.21875,-83.00930127689864,-68.03033787758511,-88.35861701741239,135.7021444713194
1574.70703125,-79.43041482421621,124.5599257984344,-88.84284827231878,-85.5906705257572
1575.1953125,-77.74225109762961,-64.61397277325941,-87.00563494248443,69.42721320014228
1575.68359375,-76.56863905620257,102.3254800827487,-88.15511720281935,-117.4716126786837
1576.171875,-78.8905001529964,-91.9545003421014,-88.49431796335894,67.67746906343484
1576.66015625,-86.45241540296067,54.83670181575827,-90.49405161119091,-79.2947816709638
1577.1484375,-84.43493802231356,100.3145761451271,-88.37459189013175,164.5664175895006
1577.63671875,-76.08498759590803,-90.38535127725794,-86.76565810319147,2.858584978232983
1578.125,-72.92384333600907,97.53876225684063,-87.84567687649371,178.4465772763604
1578.61328125,-72.00265289620818,-66.88547579075433,-88.06978776287259,-14.71783662491398
1579.1015625,-72.80699018716233,134.9052206428493,-89.11920364256794,142.4502426429876
1579.58984375,-74.71833244474247,-31.23574803351076,-88.25222469998877,-73.97372329052122
1580.078125,-78.65385755846101,150.2312789410187,-90.17674354401757,89.236788520898
1580.56640625,-90.51147473228168,-3.05115205123926,-97.08655453786264,-146.0525022961087
1581.0546875,-85.02353428959027,-55.00806450924944,-91.68659300714162,7.767042759981388
1581.54296875,-83.28961259878101,126.7070574341863,-91.90895095288877,-175.7140675542635
1582.03125,-90.15658656330694,-88.54999097006424,-94.10487050121657,-40.01684984717028
1582.51953125,-86.56488384473589,20.90560023894869,-92.02403679796548,127.075267436433
1583.0078125,-81.97199992997068,-165.2243756441684,-90.90223821927287,-41.11474390143319
1583.49609375,-79.47938211486863,-1.387294901473234,-89.30037165135315,132.1070357680859
1583.984375,-78.45114272556256,175.1442587190587,-86.24721381874225,-38.94011228353295
1584.47265625,-78.76039568296484,10.65728409221421,-84.16450616761934,159.6527717667022
1584.9609375,-78.43855893888718,-157.9105536737677,-86.83355082540091,-10.19785947065603
1585.44921875,-77.67720153082364,28.18327807576438,-93.24257491956034,179.9422619045147
1585.9375,-77.01416021979017,-140.2731659332757,-110.0631310740668,32.18086250172806
1586.42578125,-75.53923568060978,67.27495948278947,-87.93907123095434,-9.724341113516688
1586.9140625,-73.12083100452193,-93.34261753842044,-82.04905178217096,171.1692499114163
1587.40234375,-73.09592438595001,91.44989367974898,-81.04413356788828,-7.877378165078869
1587.890625,-74.08902274672811,-90.5516029724033,-81.2934198541069,166.1997310103922
1588.37890625,-75.70896769600517,78.00409110862942,-82.44749995771005,-20.35370516676006
1588.8671875,-78.86515358742963,-125.4119938847174,-85.55937350137444,160.8681651325998
1589.35546875,-80.97741226233991,47.15656665400051,-92.38935508702745,-4.746825397215644
1589.84375,-80.68166195275512,-107.5242044328528,-97.41108086948449,-92.46256722205399
1590.33203125,-78.92882208290379,86.07572575027348,-90.87508369199975,141.5951207449241
1590.8203125,-78.42814951940481,-98.83560695186046,-87.29244476016022,-11.14852746496315
1591.30859375,-78.67526229908233,66.68839930405603,-86.87988158371157,-163.9841092226699
1591.796875,-78.1541017448627,-132.6175419507872,-86.51916845653942,45.18887610130943
1592.28515625,-77.16304755367824,31.61698402565479,-86.82084462697614,-108.2411911717361
1592.7734375,-76.74172009506692,-151.8556316081514,-85.93846033812774,106.8652213673829
1593.26171875,-78.06318462842283,31.18960828353598,-83.8889500450812,-55.5398605303353
1593.75,-83.72839225703174,-170.6786695520621,-82.67792148914847,132.309049361239
1594.23828125,-83.28153023508335,-67.36979543761657,-82.38226148264651,-39.0440296067631
1594.7265625,-79.10349894904917,85.69567842364141,-84.33228777743744,144.753975541317
1595.21484375,-77.81882419046333,-116.7313417039147,-87.07072612210608,-43.26077331661946
1595.703125,-80.72296432218354,24.41869642735562,-88.18401563866627,125.9024079094621
1596.19140625,-80.41168313424404,145.6300093279975,-89.46603630553275,-82.37414817644373
1596.6796875,-76.67270294396387,-51.70625940990391,-86.17606133450998,79.24487343308705
1597.16796875,-74.94143284344426,121.9874593363555,-84.081199356475,-90.40516025379456
1597.65625,-77.2948029387988,-58.78294283229422,-85.32632409951647,99.07866104739749
1598.14453125,-83.31620471697426,134.488153127119,-90.09671831849346,-74.79887316732196
1598.6328125,-99.06062512586919,50.85770173333895,-98.27995750971584,153.3896811856276
1599.12109375,-88.07150447705413,-64.87236700519598,-90.56141594638289,50.18586886677279
1599.609375,-103.6745938537262,58.15365872195623,-85.42353042761766,-114.5787218894721
1600.09765625,-86.74577792996649,89.21019846038287,-83.98280086176766,69.49244806811811
1600.5859375,-82.36790925190721,-82.66177147989785,-84.60601046554841,-111.3034619220832
1601.07421875,-81.79476477430171,120.905436703423,-85.58771437338889,68.28999847089551
1601.5625,-88.56688236075463,-46.59313998218819,-85.37544155735409,-108.6793995004867
1602.05078125,-87.97337367374271,-92.15757813430068,-85.82378479594333,78.8696714668387
1602.5390625,-80.80692470993965,88.13910433832336,-88.12892904147817,-100.8075280345277
1603.02734375,-78.93356508450776,-88.76013620826109,-90.91043094311415,63.07579662655338
1603.515625,-78.30427205779738,115.6755789972642,-91.41570421084027,-177.5216629551198
1604.00390625,-76.71988908612205,-36.25318928495285,-84.15902776319544,-33.51650369908432
1604.4921875,-74.96558328626224,152.9050699859338,-82.15448613136743,142.0286309952162
1604.98046875,-74.24057231037595,-22.93829939170877,-84.78541241821534,-32.00524730404599
1605.46875,-76.48785477674141,165.0401520206838,-91.98251483738767,176.4749566865628
1605.95703125,-84.50657443346978,-18.96533090750305,-91.44894872632835,130.3281513324792
1606.4453125,-84.22266111197253,31.86926127967637,-84.49443220411803,-25.484590974699
1606.93359375,-76.64079278403663,-163.6706618540856,-84.41909497194139,169.529991966476
1607.421875,-75.25551568675711,12.8257441422393,-84.37919237315802,19.90686335352084
1607.91015625,-77.68135847011651,-158.2635814623926,-82.78855973160427,-130.6778836278997
1608.3984375,-81.1405523553055,59.70953369326093,-82.92070281640633,61.56027256617909
1608.88671875,-81.79488112202333,-77.66410053455641,-85.39844764848363,-126.8819870353121
1609.375,-79.07645957380261,126.3262573100712,-88.122141091381,48.73706598262905
1609.86328125,-78.49849060565809,-57.51380159528203,-91.98555600890047,-115.3971228813511
1610.3515625,-84.84532883375918,101.5906237538078,-96.18818337715645,102.3758357220026
1610.83984375,-90.89671402281198,-102.6395341702431,-92.27890712905321,-53.29510560346529
1611.328125,-90.09022667444603,149.1172326713049,-89.51624042361996,134.948410158397
1611.81640625,-83.75608436181382,9.592815926433644,-89.00571701548282,-39.20415997236568
1612.3046875,-79.49940231337966,-177.3048825137382,-88.89443689433718,140.4747496610426
1612.79296875,-77.38042024201377,5.468419900403009,-90.51693109027298,-34.76498738913638
1613.28125,-78.37433712045916,-159.2604081573812,-91.32751660794098,127.6369922193682
1613.76953125,-80.50551710020142,23.66166895201745,-87.53859590861792,-78.99179771758385
1614.2578125,-80.77492132964682,-161.5348231354605,-86.8074444523314,76.61895248297509
1614.74609375,-81.95173527264021,7.507544513223878,-87.54891528306399,-135.8659859581359
1615.234375,-85.14433100148791,175.1049992241099,-90.83213962557383,30.72885012171982
1615.72265625,-90.05330570602899,51.52845944689107,-106.5778337845951,101.8289832594043
1616.2109375,-80.75734619808765,-66.67660865772993,-89.55591735147577,-143.5302974560605
1616.69921875,-75.27745124093489,116.8471943999908,-86.23111569601193,11.06164321320575
1617.1875,-74.6983147033767,-65.98588781291724,-85.49435510501857,178.3315332189732
1617.67578125,-76.39646866119622,104.7191875543872,-85.94609800077058,5.416071399128787
1618.1640625,-77.8857598516507,-87.38599811352896,-86.79312999967992,-163.8213780626054
1618.65234375,-80.30646881717013,93.52909469657473,-87.70109803321955,26.72245565880803
1619.140625,-79.35127971317131,-77.5438260560241,-89.16756540868883,-163.5396203373925
1619.62890625,-76.80245153935326,108.3696853054235,-89.77138277669852,-43.11794400780004
1620.1171875,-76.66206438708446,-81.13311255419805,-84.55340568558462,96.25053663187633
1620.60546875,-78.75101006414864,72.58491100417284,-82.028492265512,-84.40274710825864
1621.09375,-84.37052502243907,-145.2317993520566,-82.29718506707732,105.4903825405722
1621.58203125,-86.00570341136461,-27.86252129178517,-82.8248346526137,-60.94246158711184
1622.0703125,-84.11416881459047,118.3384511485743,-81.1119884105932,138.8446418161657
1622.55859375,-84.79403806800944,-92.07101829769699,-81.25618970041387,-30.75751166380029
1623.046875,-86.80335090807192,69.98644746178057,-82.90355707587304,153.9723439614642
1623.53515625,-92.77512815114301,-111.4742640685149,-81.83955353767907,-19.0783198602043
1624.0234375,-85.61667522822547,-94.59665435194842,-81.25476209308651,161.9066496728911
1624.51171875,-76.33065214547362,98.10604406401981,-81.02633699534488,-25.01207727802796
1625,-72.66218823996678,-64.83232303968643,-80.30301480411758,151.9225157272878
1625.48828125,-71.6346298574243,120.8457410489527,-81.36759947320536,-27.3852544187605
1625.9765625,-72.82273157210783,-57.24266105902015,-84.06933675375086,171.9484842437353
1626.46484375,-74.84224869349505,141.2755993160645,-83.39787857088663,37.18646191294989
1626.953125,-74.27929571730951,-16.94789209094116,-81.3482012807612,-120.6746585680155
1627.44140625,-72.01630599059069,169.5987636508333,-80.89319688174169,68.1020784940189
1627.9296875,-70.23437674601648,-6.647395349459689,-82.32615769069486,-101.1490527676525
1628.41796875,-69.36036234932486,176.2208068296481,-86.01792384653604,98.07394140758667
1628.90625,-69.43806518741299,1.708074809837562,-87.10981997654017,-63.96688293123014
1629.39453125,-69.83397092861446,-166.8339683161062,-85.72470250343285,121.7156888475349
1629.8828125,-69.0418256545651,24.23333177381745,-85.18483879080136,-62.55016919933372
1630.37109375,-67.5976967781788,-154.0412135085901,-83.07047910088383,103.9816679883612
1630.859375,-67.46321691257792,26.10754010794975,-81.90770687141892,-74.35137155820935
1631.34765625,-69.4275180195113,-147.0311265587415,-83.08694173270325,116.1104917363211
1631.8359375,-73.41506277622146,32.59885975993059,-85.34634940647179,-61.36621015645049
1632.32421875,-80.30410173440438,173.3921379073259,-90.48806288186248,100.9679673307123
1632.8125,-87.06392151490556,-53.49394951813052,-91.61202661076459,-123.6811288750319
1633.30078125,-86.35932134478162,-80.44520802222603,-89.89364423589869,54.93659336355604
1633.7890625,-79.68336469858991,120.6068757793039,-90.79665567095383,-137.1864155373294
1634.27734375,-74.47921245088398,-27.7793058165156,-97.03434358943694,44.75234260146343
1634.765625,-70.8302151742413,167.7439462794429,-89.16549986745736,21.88759859030581
1635.25390625,-69.57065406235199,4.678089775501879,-82.61971437761528,-143.0878787054127
1635.7421875,-67.06851953647582,-164.707954698676,-81.27580263400496,43.21475417163973
1636.23046875,-65.15636038936671,11.3432858583169,-80.99565520911896,-139.6915028894787
1636.71875,-64.88040772175745,-175.5925546769757,-84.17194031854862,35.22171538830115
1637.20703125,-64.87243137365672,3.131384936588088,-91.1096344294628,-153.4812792233547
1637.6953125,-65.21931040334164,-174.0131183890804,-95.12653987098032,5.183435012756783
1638.18359375,-67.6446438756774,10.26105851900551,-94.85423377458757,150.8733441006331
1638.671875,-75.27171850120538,165.5919557010211,-89.32244098597629,-40.22751581179445
1639.16015625,-68.88655313073082,-101.6454390428434,-84.23145634985809,133.1894507813765
1639.6484375,-64.15950788772034,73.62192364004633,-81.92445153594001,-51.09119235454541
1640.13671875,-64.17190131703991,-102.4786876967199,-81.90426654819704,138.8909824951964
1640.625,-66.47419574893749,84.11842612072026,-81.48351655439591,-27.88852602781184
1641.11328125,-74.02822888574323,-63.87946184517725,-80.92048373054391,167.2800435825305
1641.6015625,-70.6762397614968,-143.6564452782048,-80.12599131117285,7.931239204234897
1642.08984375,-67.46268632523655,53.28704778961895,-80.60339797002597,-168.0037765760445
1642.578125,-68.70126008196208,-128.6163584817307,-82.31936413569997,3.579379964339967
1643.06640625,-71.244704595233,29.42638791191222,-84.00062118862601,171.1401225521934
1643.5546875,-73.25541180604148,-172.2402968413172,-85.57561794414488,-30.23574972474621
1644.04296875,-73.31525112144953,-3.93326363619613,-86.75564832214648,142.4776333758046
1644.53125,-74.53188755618426,173.2031277889814,-88.94416302807068,-22.42218589842861
1645.01953125,-78.57364460745939,22.22113687157278,-89.74084743712659,-166.8021775799901
1645.5078125,-76.2068821096266,-124.6114651843336,-85.52942587666735,45.83313212295233
1645.99609375,-76.13307975395743,70.72855749004019,-83.15317468809957,-123.964743948261
1646.484375,-79.40308003707302,-76.74774835271059,-83.04744559661793,53.01872641415063
1646.97265625,-82.19537892277138,140.3748999702971,-82.71081060156264,-132.7912031827482
1647.4609375,-83.93667753226322,-8.9258345427445,-83.83065057002619,49.92231375503632
1647.94921875,-89.96396865199655,-113.1345497545658,-84.51090016024141,-124.8896767052417
1648.4375,-80.13796883060596,149.8477952758242,-82.51660529157706,62.32241328384561
1648.92578125,-76.23127526685943,-18.10157557460727,-80.80908185051618,-108.3296296364357
1649.4140625,-76.26003388151207,163.5057080105221,-80.25228561886883,78.26313845304782
1649.90234375,-80.03603834217117,-15.88778790964389,-80.99609807758183,-96.18744258217039
1650.390625,-89.86579162321162,-170.8880926924733,-83.95520735655671,82.49813982357662
1650.87890625,-86.95447333803574,90.56227073252651,-91.86600753904307,-107.4693289011786
1651.3671875,-82.87199240795786,-84.42435892842769,-110.1631441926803,-117.4572600525086
1651.85546875,-85.78664075592371,70.12982378800828,-105.3504188453954,54.01764528692549
1652.34375,-84.44427734538823,-175.8259733011724,-97.88778230481695,110.3154940675266
1652.83203125,-80.7460453786818,-21.97070469106929,-89.63674457475918,-77.79976485617672
1653.3203125,-77.87367534538537,130.2690256094355,-87.37165509018423,86.02341350594676
1653.80859375,-76.83225729697268,-67.48558632545377,-88.0358210115149,-104.9660213451638
1654.296875,-78.68813719098206,94.83069325398111,-91.66697309533937,72.48399588277192
1654.78515625,-79.39780845594969,-121.2905027908511,-91.7498057621946,-96.1533060324128
1655.2734375,-79.05822422931996,27.09378077187619,-86.34597862152489,113.347951204608
1655.76171875,-81.43017949000711,-159.7000258541237,-82.47669832811292,-55.71211880127284
1656.25,-84.99099932175324,51.58711920918527,-80.24945524746393,114.6530026448539
1656.73828125,-87.00198132668663,-77.20710352695724,-79.33251235795693,-75.57184016095984
1657.2265625,-88.09424663757852,127.1488563585039,-80.44661558429505,97.05362611890747
1657.71484375,-92.06015034881798,-132.3857994803331,-81.89798175577421,-91.93065478737665
1658.203125,-84.95905441357286,-5.583956843305357,-83.83948163083903,76.29498421427563
1658.69140625,-81.63678796843513,144.3567314805408,-87.19058699326267,-112.7662427140903
1659.1796875,-77.88663148484238,-51.46004481910717,-92.1055878420413,108.9796658286069
1659.66796875,-75.3815232032277,132.1465298270411,-92.14576799450111,-6.229084693447181
1660.15625,-73.44077249412845,-46.26590814691619,-90.17158215150286,-131.7575562141472
1660.64453125,-71.07266443490556,133.2058386051287,-86.52738419260263,51.25140289611667
1661.1328125,-69.65440507773606,-40.60189700759489,-85.50236780587851,-128.3733520906885
1661.62109375,-70.30548718350599,143.9139971823523,-87.05865839784421,56.49648933886365
1662.109375,-72.62948884548076,-34.48583511800893,-90.61828486590331,-154.6784072998358
1662.59765625,-75.13359174382475,152.8668705152459,-87.58412061039307,-14.36467330185147
1663.0859375,-78.26020312032418,-4.702017434286029,-85.2072649723726,166.6103900747816
1663.57421875,-79.88034153306128,-127.8916444409129,-86.33664750340191,-8.542169136119773
1664.0625,-79.22793951582545,93.08166235838701,-90.34063816573122,157.0336032234917
1664.55078125,-80.60668647167634,-38.69073597309048,-95.47357331772767,-68.0954081794183
1665.0390625,-77.45975241691208,-171.1046848417026,-95.02198680471032,41.16490198423023
1665.52734375,-74.17683515271858,36.1537338289922,-88.1477766859267,-141.8344078581791
1666.015625,-73.51917568811773,-122.1605231966406,-86.0059949068218,50.04397420021309
1666.50390625,-74.80406716779412,80.36233469821042,-92.91560560273176,-100.5025897600789
1666.9921875,-79.43522976699536,-78.58128244348741,-94.64367678256139,-158.0673076939325
1667.48046875,-85.65369129031345,-142.5912153994345,-88.29494056388823,77.19460429404208
1667.96875,-78.42417087603883,88.70978649858041,-83.20569857946738,-82.66607618790043
1668.45703125,-76.03869751512161,-61.8217321370692,-81.534042913055,105.6715815528318
1668.9453125,-75.45457541661308,123.775212101258,-81.74739174958232,-66.85987205036821
1669.43359375,-78.01644290829248,-62.76070018959962,-82.77812937074793,109.2292625583653
1669.921875,-84.83421897831727,115.4749762395606,-84.61287223685859,-85.87068223427885
1670.41015625,-96.47703750285913,154.9989879762722,-86.31748877652377,91.68997892394817
1670.8984375,-84.30064548491546,-53.78929130973778,-85.64353270018006,-66.9296326997701
1671.38671875,-81.66676675730038,89.92935324762981,-82.9424111827912,136.5164086772627
1671.875,-78.53068937270697,-125.4390065065351,-81.04703674137424,-31.60938535646499
1672.36328125,-75.15352329235392,29.17740142127429,-81.33395834632438,150.7762592868469
1672.8515625,-73.16074798035379,-167.8202250941141,-85.75973545463299,-30.12059407056822
1673.33984375,-72.29218354428818,0.3025489394167593,-100.1400770067489,-129.0251433113376
1673.828125,-72.40286182509504,174.1835413478699,-88.24977259016589,102.3672376707253
1674.31640625,-75.15109844889676,-7.2773948715055,-86.6417815042897,-81.44875480945645
1674.8046875,-80.54526180509789,176.2233115766313,-89.0367523801531,90.75915239912968
1675.29296875,-86.46369684889638,6.331901197980002,-99.3582875612659,-152.0265272764246
1675.78125,-97.99298742444824,-123.8584681688918,-89.88679200195149,-64.31813421841855
1676.26953125,-89.05333369640451,170.0558981050366,-86.41890679735154,93.46189690802231
1676.7578125,-85.58083727104869,-11.15835481180387,-85.03475432300796,-110.7338207951087
1677.24609375,-84.25561712203918,176.2492878058166,-85.1119642594235,52.48059898149545
1677.734375,-82.49022263330804,-4.581253815811491,-87.54395308391211,-144.098468976068
1678.22265625,-79.66907645696114,123.9440984683344,-92.34659557401656,-14.16880361728602
1678.7109375,-75.9675406253502,-75.23902353785336,-87.53675770578069,106.435135447409
1679.19921875,-77.41830238994845,100.5017302574914,-85.513010068006,-91.6292383867038
1679.6875,-80.78553216029518,-90.8963274204815,-87.65981632544195,48.29767573737499
1680.17578125,-85.8255526146415,82.54806304462659,-87.17855831632144,-175.6194049155402
1680.6640625,-84.55773869421421,-165.873673542668,-89.18781447333258,-19.55112134976991
1681.15234375,-78.09013259852948,13.10953343753716,-88.68305018646923,126.1588166859299
1681.640625,-76.39258432968737,-137.6252104174676,-89.04194412299799,-61.90227932436624
1682.12890625,-75.39615750941275,55.812311833187,-94.32983855453877,64.79732337840072
1682.6171875,-80.33705519627814,-129.3185271796748,-87.93369405192036,-134.5337127835793
1683.10546875,-92.41994059469711,-140.3599880305314,-86.96805783949421,61.64012388574374
1683.59375,-79.93701688969189,51.43275513954319,-90.16098500425862,-111.1508118297412
1684.08203125,-77.11639436431847,-115.855635615197,-93.43948084487519,78.41792434167387
1684.5703125,-78.19480157363282,72.683979974062,-112.8963068932636,-18.11122015003391
1685.05859375,-82.26565153164523,-97.65660268517618,-94.00382882765106,-113.0043385082036
1685.546875,-83.08468122307252,95.30607285309947,-95.44596542391369,9.139883381194581
1686.03515625,-83.09369254506335,-79.30229664572239,-91.22644020489049,143.2128740351959
1686.5234375,-90.87529718189678,107.0054937910391,-89.04218896963009,-56.51307043390651
1687.01171875,-89.78053320522815,49.45218350089064,-86.67500845982821,117.56737562998
1687.5,-83.17989300689901,-125.2568677731067,-88.61176950598413,-40.35713178034928
1687.98828125,-80.85165788639193,50.57356801704947,-90.62828465757494,-164.3991118910193
1688.4765625,-79.10834103790978,-144.8689667872277,-87.83383539281061,50.28261469487495
1688.96484375,-79.29276585903388,22.82446230450418,-85.83630100270881,-117.4416624397311
1689.453125,-83.62332814763923,-154.7351256747961,-87.16807502376776,79.82119036906589
1689.94140625,-83.90151894847192,90.00674949003694,-90.17814044233887,-57.43889500757057
1690.4296875,-76.73229575429175,-71.39212601583543,-89.89476093929176,174.7454045604392
1690.91796875,-74.07374765960853,112.4372607062037,-90.15556696909505,21.23058401644097
1691.40625,-74.23287189772151,-67.34489617320268,-99.86297110615121,-136.4900636315306
1691.89453125,-75.61478824852303,101.5977133351448,-99.29012228660218,-160.3205377255973
1692.3828125,-75.7473701384903,-93.3997051348053,-93.39697402955306,56.0137513464617
1692.87109375,-75.5318095266758,81.02513836552625,-90.37017854324662,-91.43913855307297
1693.359375,-75.44910466652168,-99.04372111616892,-89.49734102771684,133.9907417375631
1693.84765625,-74.25276921912335,83.00742239013863,-86.27343211548124,-22.95435212128409
1694.3359375,-73.80946641600111,-96.02369773682541,-83.9381427266065,155.6190397493978
1694.82421875,-75.24424764839306,86.75754967306341,-83.59736622317401,-18.1577841968907
1695.3125,-76.55827917044243,-85.96862902345272,-85.0777585934112,173.7450924115167
1695.80078125,-76.23233766518989,96.10504441185748,-88.39069240436395,15.62269704836612
1696.2890625,-76.71241342477288,-85.26572093464425,-87.72333268112276,-102.0308167819016
1696.77734375,-79.50453238750424,89.64897447599836,-83.06370577652166,102.471346157372
1697.265625,-82.22290808848599,-121.7354258380926,-82.1690167595972,-70.95393753796951
1697.75390625,-83.74992226480339,5.837475276764533,-83.1119793372129,105.7902945195082
1698.2421875,-85.45748555820721,136.8265896990051,-85.2565103084376,-91.96994378528305
1698.73046875,-96.23684059483742,-92.87229025460165,-90.62723238559427,54.16399906154648
1699.21875,-98.9842737414351,32.98333489394383,-95.82835575469581,157.3168068726117
1699.70703125,-94.19672350307331,-63.63296388836013,-93.03803409391628,-91.15401583362591
1700.1953125,-96.05648752297841,132.9913179628837,-88.14840412060745,66.09271103914095
1700.68359375,-93.84040548917325,-75.33817208795664,-86.70761315093243,-138.7168034668962
1701.171875,-88.45117363341811,98.75745014964991,-85.83485152010141,9.959154242784706
1701.66015625,-94.16618781924262,-99.37960913823144,-88.72248485186212,-170.422304188138
1702.1484375,-98.02622324232271,-44.43257266077098,-96.3397664169479,29.83513118957074
1702.63671875,-93.56314292052993,0.2519896096067132,-100.7861309873393,-38.18579996137689
1703.125,-81.75883967142613,168.104273354863,-86.07681970078445,153.8755164102986
1703.61328125,-80.20768685189475,-11.98845235398822,-82.53232593942315,-22.15144242048838
1704.1015625,-83.43734757182121,170.0329615247956,-84.28348506517628,169.102865262276
1704.58984375,-80.58747391471198,13.48802158042671,-88.33633646527709,-0.4289463746332651
1705.078125,-76.5901650261584,-149.4080365694549,-94.81561193314417,-132.2663298270495
1705.56640625,-75.92434540594893,48.0191694287056,-87.05787770943603,121.2462403898035
1706.0546875,-75.11954522797767,-131.5439927568501,-82.16694286394606,-41.30999093833833
1706.54296875,-73.90982315181152,40.93013554878618,-80.62861246668952,146.6385357764747
1707.03125,-74.31221363850172,-145.9518816499364,-79.50349011421901,-26.82159677953492
1707.51953125,-74.66530056251787,22.79275936267002,-78.92770417518301,155.9779774893057
1708.0078125,-74.92734688567084,-153.261035378161,-80.63698382742641,-26.0682613084529
1708.49609375,-77.87330786053187,39.35598648580771,-83.6134680183676,150.4399972531021
1708.984375,-84.44585189414484,-101.7285063726024,-87.77649414858111,-39.60590251267656
1709.47265625,-83.23269223366322,150.9120845277492,-97.05648682634759,108.0411234390263
1709.9609375,-81.79284958175225,27.21026764580143,-103.4285315661048,150.203211366996
1710.44921875,-79.59121285376403,-107.7516742240716,-93.54224978223918,-78.85778642009576
1710.9375,-79.24834511180934,85.98274200110738,-88.8102965660463,89.83896218020321
1711.42578125,-78.94755016468075,-106.4583076959423,-86.74520703097238,-102.8354638829354
1711.9140625,-79.8269195761647,51.04378049687772,-86.30615480240637,77.59405824872188
1712.40234375,-81.06863632962697,-169.1467092822561,-85.92041273332079,-92.76104710925895
1712.890625,-82.30327259388403,-4.798025768334792,-84.42263236283949,86.38966702697782
1713.37890625,-103.80684484787,150.9440326951032,-83.51758100720117,-91.61417351788324
1713.8671875,-83.1475277981522,-164.4745345861701,-84.34753152272063,92.30574958823308
1714.35546875,-78.85369005045887,6.23643373880018,-87.03474146794395,-89.31731416223582
1714.84375,-77.13261000624476,173.7290693870942,-94.80195483293539,107.222825565919
1715.33203125,-78.34997393529451,-7.19615688245413,-93.71427859125293,50.18404373936797
1715.8203125,-80.23185552214939,-169.5823363743031,-88.98520143697054,-116.5545354150778
1716.30859375,-78.32828592110739,40.51075762638208,-88.14698223271834,57.31462110320356
1716.796875,-76.52376472850433,-119.3930397257281,-88.0998444917813,-124.388041959824
1717.28515625,-75.74076922291442,62.50612596174567,-90.07419224529062,49.81576986833954
1717.7734375,-74.62428447742515,-127.3587148714177,-91.71440661432828,-161.3791956501427
1718.26171875,-75.96715510895176,39.87065805418352,-91.97468469881875,-4.654370704542361
1718.75,-79.93063017459916,-166.3497125098826,-107.3815097389298,106.0170629974175
1719.23828125,-87.30999755792512,-33.49047343492664,-89.91416955291893,-165.9794878173561
1719.7265625,-82.11390266879459,71.91773381494289,-87.9976757315991,11.22415711164562
1720.21484375,-79.1198326552876,-108.857669971912,-87.51804592420865,174.828912151706
1720.703125,-81.50257614357764,75.75985742680906,-89.38707718464563,-10.84166253636239
1721.19140625,-84.99325266622583,-54.38276788432675,-115.9379004178453,-49.52948233008546
1721.6796875,-82.1460286194481,-176.4945967935706,-92.08525809337326,175.360674152968
1722.16796875,-83.58145255027758,59.36295007705674,-93.34737357516978,3.784826423858797
1722.65625,-80.33014611015608,-63.07767348964327,-100.8934076893432,-172.3713997591168
1723.14453125,-77.55574575877193,135.2620876132323,-102.161248388241,-60.00838383988761
1723.6328125,-75.85725420678909,-31.75133248582452,-102.2502142970835,146.5022668059536
1724.12109375,-76.01400320613691,154.4973152048179,-95.22599650588624,25.01726522172272
1724.609375,-79.07812719152604,-6.323640419317416,-92.47282268955294,-156.4696425832837
1725.09765625,-80.25026635148352,-138.4674431963168,-91.52155225955241,47.08292661667411
1725.5859375,-81.45607917273796,68.45639640892649,-89.92211021189013,-101.2212535229145
1726.07421875,-86.64444455007825,-82.39021626792724,-88.59000308612798,127.0537118864995
1726.5625,-84.58328854507265,173.7334357914789,-83.92772970277383,-36.39107595987498
1727.05078125,-78.40717642557074,23.89382172292872,-82.92289640236896,142.8934504042079
1727.5390625,-77.52653418610977,-144.0570930076175,-84.31671225731989,-32.6615946296268
1728.02734375,-81.72264430199449,29.18992079666421,-84.09124797768364,136.4609513568217
1728.515625,-84.35750069245302,143.9501897988416,-82.79777300563332,-59.27328847475926
1729.00390625,-81.03585670954025,-64.4543682952045,-83.24585389706274,112.8053043205938
1729.4921875,-79.88044595338465,102.0866584341186,-84.38138995804158,-77.35779194545869
1729.98046875,-77.45749101353573,-83.05665173260036,-85.73995115102717,96.86791050151763
1730.46875,-76.62766929953924,99.18150672514281,-88.27820009058813,-80.99365455964632
1730.95703125,-78.7636296112654,-88.11936211543448,-94.5335109477962,111.8703102891732
1731.4453125,-81.66131690493722,81.50582050447044,-94.41035396498941,3.200424217987977
1731.93359375,-86.40424668501356,-68.90952778894749,-89.29111477979923,-177.2263211631772
1732.421875,-83.20914496238565,-148.2819249637891,-86.55222203876446,17.3984499881756
1732.91015625,-77.31212004270374,46.77007781892148,-83.33262768312113,-135.9922683759387
1733.3984375,-76.15905471873094,-145.3485162820316,-82.30825103284134,66.4076390539111
1733.88671875,-75.45031064697527,23.9463869145346,-81.75736327489689,-94.720131912621
1734.375,-75.26782884370608,-162.7444955341635,-82.27063384083488,91.7899664277579
1734.86328125,-74.33973024117022,15.13695917748676,-84.4525041383809,-72.02301819947111
1735.3515625,-72.23106510500497,-151.3085323495131,-86.06372959646544,137.6843558053696
1735.83984375,-71.37548909661463,45.7032502640011,-87.50755239172977,-16.77651996148902
1736.328125,-71.48721156346356,-120.2120548777293,-87.140715067185,173.1327157353351
1736.81640625,-71.87399327876277,64.90893261626195,-86.16622444306408,-1.2819086426323
1737.3046875,-75.1398919619408,-118.0813590662906,-87.76920983261563,-170.9351094325787
1737.79296875,-82.81373082100536,29.62369334862697,-95.74262403006094,-4.131527846489981
1738.28125,-82.35452407913948,137.1131784978395,-101.6456091661463,29.32217569790753
1738.76953125,-78.5992873955292,-82.27909769638639,-95.32943902189707,158.4451126430137
1739.2578125,-76.24894861911989,58.6238534235322,-100.9720895899981,-68.37038587510736
1739.74609375,-74.50546832419798,-158.8355535340199,-92.34531960630395,71.69574514960883
1740.234375,-73.54928544041921,-2.721799115296529,-86.06157506146333,-94.07155350809572
1740.72265625,-73.95189484414524,158.3995176487648,-84.6396067586106,95.80119576093568
1741.2109375,-74.84773800883845,-39.95627642622613,-84.47067338529155,-67.43974060044958
1741.69921875,-76.54271581152915,132.0806146036974,-86.05797145087308,120.5240292682544
1742.1875,-79.70812522303842,-33.21937255972117,-91.3961022283892,-99.38089837535453
1742.67578125,-77.86128548849992,-167.8894704029556,-86.63286677378679,25.2398172383349
1743.1640625,-73.81895617493748,27.41871811982378,-83.32558211481845,-174.5215584414659
1743.65234375,-72.84188531797244,-149.2321381529272,-82.7888555157631,-15.23330009525684
1744.140625,-73.46676290582613,26.55507508221873,-85.64675451828025,140.2032489794788
1744.62890625,-74.77617814607535,-168.9724104089905,-91.94642687091073,-89.98035767385784
1745.1171875,-75.40610382931776,-11.88124353902412,-93.67608579589299,7.933554674373087
1745.60546875,-76.82268891002528,150.9499457352796,-90.44979655851193,133.8402813780544
1746.09375,-81.74865110031507,-45.09656256502501,-89.31031742190989,-74.66712666883592
1746.58203125,-93.13254039470941,94.57677265377478,-94.65679351389481,67.34571135474334
1747.0703125,-84.51612858746327,171.5951776043153,-91.71214100496866,129.4220033238107
1747.55859375,-80.32560924706516,-1.022527638529727,-86.74451856123108,-68.19287647003397
1748.046875,-81.5453307870594,-158.2619388556228,-87.6400457634046,107.3745032151974
1748.53515625,-84.51893903798678,50.13982047592406,-88.87185737601763,-75.34803985985849
1749.0234375,-89.55281576376277,-93.01278601295357,-90.42374497281003,103.6772515601005
1749.51171875,-90.29076615474381,8.588037164037701,-89.84070148075108,-85.42089887664675
1750,-78.2488143890273,156.5599912823388,-86.78235285034287,87.61139316566333
1750.48828125,-72.98700550988505,-28.94161372038922,-86.50210254112061,-93.09736837064503
1750.9765625,-69.57226183022607,153.0862016023267,-88.95650949347049,81.3897389175123
1751.46484375,-68.67300401307453,-24.72653578572753,-93.85777250561355,-152.0944799344954
1751.953125,-70.5370002762843,156.3862446557105,-89.45548077063762,-30.72736564256354
1752.44140625,-73.10442962357885,-32.10925698114651,-86.04176085816067,137.8475306589039
1752.9296875,-75.30912738126852,128.5944502086267,-85.15413813960717,-43.79053043488323
1753.41796875,-80.16834759214673,-71.87024037015756,-90.56275073239797,153.9449997335642
1753.90625,-88.11243592900752,67.82887420102951,-92.63504368367974,53.5609056036614
1754.39453125,-90.68003999352644,173.8555094651593,-88.9446251804917,-109.1218257989585
1754.8828125,-81.36311176361181,-53.5336017445315,-87.18660284739124,81.22196368275375
1755.37109375,-77.63198090643618,113.3751208849395,-89.06372815263674,-77.16269121348672
1755.859375,-79.21591002057318,-81.39341411792063,-89.70007641021942,154.3047461180797
1756.34765625,-80.32202776025379,91.61866135752689,-85.86104907579353,-8.952254312217578
1756.8359375,-79.91887519494496,-77.38313453614677,-83.60040553670457,168.2029209582914
1757.32421875,-78.20393187330029,125.5056615346208,-83.64456430000304,-23.69081574660117
1757.8125,-75.09473677213872,-37.48283315156639,-85.11785220674139,133.0291353818938
1758.30078125,-73.17365999497962,154.5884808384716,-85.04982999500051,-56.59279273024548
1758.7890625,-72.47524639697609,-17.66417269940823,-84.30613778064476,128.8821046478623
1759.27734375,-74.3554602390678,170.1026627669858,-85.33295246562068,-49.97003739602033
1759.765625,-77.81142287983491,4.650568278431985,-88.9892375005367,138.5814395986937
1760.25390625,-79.8963030351386,-166.9739722894572,-96.94794178588072,1.153177993294173
1760.7421875,-84.174725393526,29.65621293626824,-97.32072731529455,-63.91996194164918
1761.23046875,-91.80004459021862,-94.93260213978333,-91.3824384974638,138.0767656365582
1761.71875,-100.0026526163153,-27.78225291577698,-88.30068072183394,-56.12380777475019
1762.20703125,-86.50263143716657,131.9751603000929,-88.45785754871235,103.5418395121677
1762.6953125,-86.36004452201749,-71.65055934606229,-87.97152457747232,-96.66046293227619
1763.18359375,-89.28524820731855,89.4723078796614,-85.38083170817571,71.62747484961918
1763.671875,-90.97043826702429,-115.1437480155797,-84.101007951654,-129.3705154235295
1764.16015625,-87.14944130718396,17.60262715393333,-84.68216772234302,28.70024897560027
1764.6484375,-84.82368894818634,166.1035014185642,-86.88530331283584,-159.7260224230857
1765.13671875,-84.04151613485266,-32.42304355718414,-92.6752828972065,35.89433630031898
1765.625,-82.48520299241568,136.2687023811397,-92.34447134302121,-13.17193892709346
1766.11328125,-82.20074195205513,-58.41692653808559,-83.93575130270273,178.3704311004289
1766.6015625,-82.8572124872764,131.4572027202268,-81.154818432224,2.748313561218794
1767.08984375,-81.25713869122896,-10.52001183889377,-80.9688638754333,-163.623655893699
1767.578125,-80.17016648998363,-158.3537315964881,-83.45919202051377,33.5651478828075
1768.06640625,-77.14696774909457,33.98375429936848,-88.27755506182049,-133.7357622371762
1768.5546875,-74.17297937110851,-152.0469320957075,-97.12915046041424,58.35808520625061
1769.04296875,-73.63130890220668,21.18690240935535,-100.5547140259351,63.6188588170509
1769.53125,-73.82075009340572,-167.0384324888247,-89.68715370210576,-88.12415567441968
1770.01953125,-74.87680315980226,4.789664345103563,-87.35606349023355,101.7672764569627
1770.5078125,-78.79377959304642,173.6454243330924,-88.21762324130259,-94.97951636917338
1770.99609375,-82.44519243151001,-14.55641846313116,-85.84225246589256,61.96539390030951
1771.484375,-82.51206237182089,168.8362060382682,-84.65231947057828,-128.6082294758534
1771.97265625,-84.42005083438518,-8.357792802116348,-84.59573010185949,47.79956039244342
1772.4609375,-87.90978140811505,-179.6373215599429,-83.36067486785225,-118.0911361169009
1772.94921875,-89.62012119610847,3.375314102095084,-83.91206490808882,73.37716017864727
1773.4375,-111.0823363612875,-91.19431329771976,-87.53038815547566,-101.8167997159046
1773.92578125,-91.07200243588238,-148.8180637458688,-90.90951313674469,84.57779183946322
1774.4140625,-83.76211054311796,121.00090838117,-97.00973283903515,-82.9645566798508
1774.90234375,-76.87241912577991,-30.10894829947075,-99.05604929385591,-85.50723507038991
1775.390625,-73.8780516543365,154.2329450179239,-90.64011408889441,83.88459217467106
1775.87890625,-72.45698375436078,-29.78512143763953,-88.64561934460002,-111.7341745432101
1776.3671875,-73.25810657825255,150.7369152148704,-86.47670294662815,70.91560095006361
1776.85546875,-76.77847439030452,-35.60008849543702,-84.67984582502184,-110.5250137795717
1777.34375,-82.03822229588783,124.2815216108447,-85.39550567634839,50.19084189335808
1777.83203125,-89.63878597268558,-41.92843944289784,-85.85461886439155,-155.105059220419
1778.3203125,-99.94838541618456,-173.0816843981726,-85.37841848890915,14.03753058663024
1778.80859375,-88.98990115420516,-150.6997109775783,-85.71339207330323,-172.8072793041193
1779.296875,-83.24466535390766,27.99603524150024,-88.46041985423062,10.62473547144499
1779.78515625,-81.73902689275155,179.6633139260911,-94.33631856076856,-124.8520728189418
1780.2734375,-79.59184877723911,-14.25641366196787,-93.62559998311625,133.5392968181286
1780.76171875,-80.73614316075083,163.4292284593218,-91.69198656330906,-12.58316264368509
1781.25,-83.06653474450141,-58.1095107441094,-93.92795328829138,-179.0447049810808
1781.73828125,-86.54856001524217,69.382537715114,-107.6248019875631,33.07456123232416
1782.2265625,-86.84214320991579,113.466842622536,-95.72531876707896,1.369575629497315
1782.71484375,-80.99006952786817,-104.423224487539,-87.95664817580131,-164.9753446710165
1783.203125,-79.50513891617527,74.75309211797986,-83.33924325469972,16.07338578172618
1783.69140625,-78.85887567615268,-103.3562765571845,-81.20440968522736,-161.6602063663842
1784.1796875,-78.65472747659312,54.22167076463686,-80.47431775738022,18.17679347326263
1784.66796875,-78.53552194917106,-143.8550012477692,-80.68292780625632,-172.9152288818556
1785.15625,-78.52650778877741,15.59048593619867,-82.65260813117054,-0.5069749751709006
1785.64453125,-75.08736823885656,-175.4063533342111,-87.07886027688781,172.0923395958261
1786.1328125,-73.52244288819706,6.209721175396377,-90.28988333569659,-22.32870281179475
1786.62109375,-75.79761717270787,-175.3588416840036,-90.64265172524398,-177.6632928964569
1787.109375,-78.8718151669685,25.11203652423889,-90.01815909898455,17.915657671844
1787.59765625,-77.199132930621,-118.3138982520894,-94.85826330936546,-171.3101008712735
1788.0859375,-76.77745026427641,89.27221745587117,-106.9630749865011,-134.3153600208082
1788.57421875,-75.85828453827398,-69.60851993352058,-90.68743176068615,28.38722885260712
1789.0625,-76.19553158057214,109.4318368111305,-86.01418857679832,-147.2058933686932
1789.55078125,-78.90076275112608,-70.48541533144851,-85.49709985720268,32.71991064323201
1790.0390625,-80.32663206770893,132.5071727515353,-86.9720183890076,-139.8428736182394
1790.52734375,-79.2489591375065,-45.23115946797509,-87.86118906629218,53.36914760419576
1791.015625,-78.37471151635484,119.0710635987229,-87.89789549527265,-140.888334099029
1791.50390625,-78.78693765082724,-56.19313379682806,-85.9332574289573,15.51031608801516
1791.9921875,-83.74876167307974,152.775345500079,-86.00289845915385,-179.8830219844971
1792.48046875,-84.34529608093852,88.12482151006317,-89.64546191949856,-29.28623142009881
1792.96875,-76.10476318650976,-73.99998854247002,-93.32434062482888,99.68973023257466
1793.45703125,-72.6450569539377,103.8946575769292,-90.13725527482258,-125.6553086858733
1793.9453125,-72.33631798234188,-79.10192014119647,-85.92427156191492,38.53774790874007
1794.43359375,-74.95475049433134,81.69534228300469,-85.55164133886311,-154.1156040529455
1794.921875,-75.30056739448612,-139.1458192861636,-86.25605127393678,22.76888795300697
1795.41015625,-73.3175913006401,19.99549960776245,-85.2745976550984,-145.7569034462748
1795.8984375,-72.11313255562973,-170.1616883973719,-85.25916324401481,52.36732337223403
1796.38671875,-72.93463168153316,5.974846591198674,-85.49038804010533,-105.0004733625766
1796.875,-77.48293919704429,-163.0776026251696,-85.30032862938613,85.65492153556556
1797.36328125,-83.89011217966926,71.99006455371644,-87.15478385240884,-94.08042249720434
1797.8515625,-80.73809661581087,-47.61843850462142,-94.44716023994016,64.35204437031112
1798.33984375,-77.31302720226867,141.6195308745358,-95.00684057205676,160.9128804600796
1798.828125,-75.71212524681118,-43.92822146721755,-90.44192422202889,-6.515603728922957
1799.31640625,-75.7756877763625,124.255357963923,-86.47734893048153,-154.7841359492406
1799.8046875,-76.28305328199704,-81.39329032252415,-83.70413257028098,36.08462326458572
1800.29296875,-74.89948249553181,84.92793038579822,-83.85877844615524,-146.3248297290585
1800.78125,-75.25639582276139,-90.8123254496028,-87.77920699668766,20.79292440481896
1801.26953125,-76.53509360777355,103.649162409059,-92.52555526607465,131.4917769774962
1801.7578125,-75.60851188420089,-47.20243413075345,-88.04292880511645,-94.99570824759824
1802.24609375,-73.05278706466258,168.7577714339658,-89.24249340210523,71.49989396940472
1802.734375,-70.05654107796077,8.854447912622557,-98.12521834764836,-148.2785145699127
1803.22265625,-68.80945191958554,-167.8910735078463,-93.35469468916932,-60.44804420486264
1803.7109375,-68.88506492081332,16.23636375843921,-91.50998595696251,116.1236206730832
1804.19921875,-69.92424605674873,-155.9423509797894,-98.23680090565217,-50.1848793962922
1804.6875,-74.58656716194029,24.69162493594268,-107.7797251978665,-3.742923286725656
1805.17578125,-90.51343791418012,-153.9903437241629,-92.11634212514366,174.8629584315127
1805.6640625,-87.95057305821084,167.0209611442883,-87.28637511638857,-7.115282333980378
1806.15234375,-84.47162648979499,-21.20255955004871,-87.64462088896748,-166.9262232462435
1806.640625,-84.02861626081339,146.910039066155,-87.46975373958527,42.09578610440189
1807.12890625,-84.30286567855502,-65.35614212751531,-89.38831551531641,-145.1125084613702
1807.6171875,-80.26052589744944,97.17033516100278,-92.14659538743132,16.6183644510224
1808.10546875,-78.10853633291445,-77.94020769417466,-92.76198729736942,173.7993071688296
1808.59375,-78.44580780458139,125.9370605802375,-90.31690208795533,-60.33446001125249
1809.08203125,-78.14572197739824,-34.65480338384785,-88.13067758271495,83.56993172823086
1809.5703125,-80.7597285417697,142.635974528159,-89.00397522389548,-117.5024069298226
1810.05859375,-92.45159284822313,-54.24796857074633,-90.10468733547428,55.52999214961051
1810.546875,-83.22457675452421,0.02272652572055356,-92.36761559172906,-139.3860118104756
1811.03515625,-75.53428260897495,-176.7214662749098,-99.74435369471762,5.275625394055074
1811.5234375,-74.28866251981889,1.287396896175506,-95.86134160789376,-17.59135371232625
1812.01171875,-77.95917887265281,174.7875181721525,-88.31398297652458,138.9949626970606
1812.5,-85.21269742747708,-37.91160209085565,-85.80487218779759,-55.32735717636216
1812.98828125,-86.77166988189116,80.07303828507641,-82.58091204425227,128.6327569695119
1813.4765625,-88.4099796859735,-114.5432475135327,-80.93304290422583,-51.67701355406167
1813.96484375,-92.12587088364585,157.7597039890342,-81.36381453455004,125.6107019428732
1814.453125,-81.98540040964483,24.97738326076249,-81.2209341875639,-60.28557654852906
1814.94140625,-79.87884002187869,-138.2543052756296,-81.22391884674856,107.5349216118175
1815.4296875,-80.39371461186902,60.58267778186111,-82.75373665683625,-82.30490516590132
1815.91796875,-79.11879934576524,-103.8299969707876,-85.94925828641847,95.61818575078361
1816.40625,-77.4097109155162,78.98379850032276,-94.93427348855474,-70.82355334465444
1816.89453125,-79.21823630068762,-108.3721930356829,-94.1701023718945,-120.7298054906058
1817.3828125,-86.85125461084817,42.92106257076847,-88.31225244282818,71.14317303137176
1817.87109375,-85.02887552432497,133.1801361007189,-89.69741007080455,-88.06568605582024
1818.359375,-78.7447887498011,-72.2727325599112,-91.6151034945845,160.0027246496253
1818.84765625,-76.95298894115912,93.56316640457939,-88.39084705448172,19.31246495543198
1819.3359375,-78.32493264217287,-101.1022361471388,-85.9389342810136,-139.0637114670609
1819.82421875,-79.80250056021772,65.10368803658407,-83.24307951408259,51.09125889652253
1820.3125,-82.11820724128229,-120.409794902886,-82.68758616465206,-120.0316358608925
1820.80078125,-81.5202748376508,64.97111761389127,-82.6267505546592,68.68354924323479
1821.2890625,-76.55415349685528,-105.3854552877432,-83.73056040927145,-115.1679026611718
1821.77734375,-74.20512503550195,73.48664743639402,-85.85180337575594,68.82845161410594
1822.265625,-73.47992459292469,-113.6865086992838,-85.72955431822329,-96.50109797183138
1822.75390625,-73.90319277534506,56.17642912466675,-86.26705670003579,84.93659635437876
1823.2421875,-76.44441727567246,-147.8294369709455,-87.38779731800744,-108.0671639923271
1823.73046875,-78.56958198290269,-10.30425584840733,-89.58925422896084,43.79363094292219
1824.21875,-78.72786070552613,144.0493334265651,-94.55837322080848,169.2191873588745
1824.70703125,-80.30571965340664,-33.76036304549395,-93.97673024252826,-53.16026134350548
1825.1953125,-84.60492335271513,166.2511904049205,-93.51187048558808,114.5099174033696
1825.68359375,-83.1454615353279,46.34202747851901,-100.6926692894704,-110.1816245909363
1826.171875,-79.42957999822377,-111.9063456915227,-95.34144236915407,-59.40800115883263
1826.66015625,-81.32660669158989,89.04925434752545,-91.37317671053731,124.0015414624629
1827.1484375,-85.14615032952634,-74.49179964987135,-89.99300354828407,-33.7929475240891
1827.63671875,-95.69376543510698,-174.4586315798305,-86.72054630653138,142.5994834946497
1828.125,-82.92765837713814,56.96704939373949,-83.42310264593841,-44.70064972349368
1828.61328125,-82.12458745363811,-133.3920269274442,-83.2447752857753,125.9365901372259
1829.1015625,-83.28199446884187,35.34368082980956,-83.23932438491684,-67.93541697860618
1829.58984375,-87.60862758148916,-165.3052388192793,-83.20469888208875,107.0819954108727
1830.078125,-88.67744945901379,-93.78013236177618,-86.92704766377105,-79.75912621022705
1830.56640625,-89.25763681890697,53.28241041081157,-95.8116253703634,80.21925482561403
1831.0546875,-91.17723123306989,148.1056556913803,-99.24284696715178,88.25130691478574
1831.54296875,-87.27923060263322,-62.17811227682996,-88.4027698896253,-100.7790747250501
1832.03125,-81.92110413354166,82.44659057403237,-85.96887564334629,71.55639928096502
1832.51953125,-78.02026145199707,-95.82617884707865,-85.83041798310316,-115.316261904109
1833.0078125,-78.43921629467145,101.5652359276314,-89.58341588724515,65.49865360773927
1833.49609375,-77.63288565614305,-53.05894805951775,-99.64326093143187,67.38413557988471
1833.984375,-75.00171918685314,142.5918868749172,-86.56286101183463,-120.671080750788
1834.47265625,-74.03196046966498,-26.46667917991511,-84.33865500663957,58.35690081800756
1834.9609375,-74.65460743376846,156.4055708368881,-82.90436563794813,-115.6167395503472
1835.44921875,-75.30339648805906,-28.63572862764325,-82.18401674055596,61.71199795973193
1835.9375,-76.33256618726806,152.4583007405061,-83.35598013444255,-128.5497563359163
1836.42578125,-79.4288967240423,2.225290616464319,-84.18309652568232,38.71727894161925
1836.9140625,-77.63573570555374,-132.5633391393876,-85.18406795582634,-155.8991816186249
1837.40234375,-76.24772363659629,66.71703748033458,-91.44795786852485,0.6568331033575888
1837.890625,-75.88391376176642,-98.95787685214033,-99.44088539798074,22.79710973934369
1838.37890625,-76.2044325884366,85.16256180259408,-90.16179222918817,-179.39734743031
1838.8671875,-78.72146606807226,-85.40454062252064,-88.5215720578836,9.343707499397416
1839.35546875,-77.74902156410539,101.6828021519452,-91.21021233325216,-161.5759744670299
1839.84375,-74.4974334920944,-88.99476546203189,-100.7647568051622,29.05446061737677
1840.33203125,-73.52412297819592,85.43174807323867,-104.5225370253093,-178.1759610769712
1840.8203125,-73.70506847504187,-96.21657312833096,-100.6888158081328,-55.69072212358597
1841.30859375,-75.71372764456187,78.42946080118021,-91.61454994148265,99.86228306730848
1841.796875,-83.88168463463116,-111.8359898529731,-86.91530695700197,-85.43945170404307
1842.28515625,-91.38975207295915,-138.1688895016725,-86.16431798865315,56.90563229569711
1842.7734375,-85.09353269787597,43.03107205604834,-83.81335593781415,-162.4419561429222
1843.26171875,-86.77903329271155,-117.7951190389315,-83.8731847579632,3.467051502088792
1843.75,-87.43649500666561,46.62886947968966,-85.30773176138803,172.6498039317673
1844.23828125,-86.5380784157588,-178.6119588347356,-86.9555115765536,-31.90046886086141
1844.7265625,-83.0975268402026,6.807329445136134,-88.66387959230183,98.90086513576998
1845.21484375,-76.48528284152425,-151.8545891845241,-88.2800044917402,-111.6907828756373
1845.703125,-72.94151128307978,35.05067148956564,-91.41206583521912,76.57112419472716
1846.19140625,-71.97736058928774,-135.6795105345224,-105.8096268266121,-144.9135051672857
1846.6796875,-72.56683871719829,56.10343914424364,-90.85728543427362,-64.02196438290513
1847.16796875,-75.15615589700583,-111.3598038172344,-87.07334961194871,103.9702798749511
1847.65625,-78.78326009527589,101.8769826513048,-86.28749480682018,-73.66565260422261
1848.14453125,-77.48600819681238,-29.09224253275851,-89.22064810150249,143.2730304985184
1848.6328125,-75.56640976065152,163.7711952425277,-88.45932269680745,47.80748872192749
1849.12109375,-76.21842077140998,-18.2948467548877,-84.80378325624483,-99.7315203263978
1849.609375,-79.32323094899652,163.2535158030057,-84.53732932725268,88.23490649534276
1850.09765625,-86.90871316306982,-19.18384402375784,-84.69648587167794,-80.63357158445059
1850.5859375,-96.43189651728838,112.4939190346355,-85.16672361438239,113.955718068615
1851.07421875,-84.63883421460353,-55.07699434466983,-86.73767966099211,-58.47754505376677
1851.5625,-77.47740424613107,123.5868855676672,-87.11513978332944,128.2468369838726
1852.05078125,-75.69667468459524,-65.28688158757961,-89.14514181418555,-32.4690461368403
1852.5390625,-76.60585668240347,108.1760794953717,-92.14948642697259,-141.7547867702384
1853.02734375,-79.90605286143563,-92.56771413270248,-85.29233570359928,73.88548226521236
1853.515625,-81.05413323696355,40.34544962443896,-82.00856239909024,-102.301371539767
1854.00390625,-80.20534485942194,-156.6656413967401,-82.37077771687849,82.28166319994064
1854.4921875,-79.51023536850995,23.33447930488139,-84.97574134025989,-99.94528022510879
1854.98046875,-78.73603128073989,-157.6246639512042,-87.32619023549533,70.9766161181937
1855.46875,-78.30402830704918,12.98199615346553,-90.58904613888323,-109.905559332973
1855.95703125,-76.89025687793817,170.7322445000125,-97.77779281470957,60.84467376474845
1856.4453125,-74.7390542096668,-22.15017306408925,-102.6982090319298,-105.3907491234165
1856.93359375,-74.24940090763288,155.8029821902835,-100.3820880275206,-161.1029792808756
1857.421875,-74.19937853449866,-22.79411066825638,-93.04499266929115,58.15734852426084
1857.91015625,-73.23225758882748,160.6539432679794,-99.90954660347234,-119.3365086927954
1858.3984375,-72.80872315754161,-17.70105956641005,-98.50612846279462,-45.67319831734116
1858.88671875,-73.59078721382151,166.2399384293251,-91.95796098632881,127.3491403282114
1859.375,-74.42798039926967,-6.433343922581323,-91.07882080609001,-60.33960606135747
1859.86328125,-75.15412125488594,177.7573253024584,-93.97459863721366,123.7821731584598
1860.3515625,-77.3518057922347,6.603512986822894,-97.83821918956374,-60.91340365569039
1860.83984375,-79.81642138888277,-154.9872730700774,-105.3490162789929,-40.25187831768169
1861.328125,-82.48608091177383,38.30087879787977,-91.86032396971946,105.9729228160759
1861.81640625,-89.82662119560707,-114.7131391094927,-91.34789898577017,-93.28127779455551
1862.3046875,-93.73482402433142,151.7369545500991,-90.09011395516598,55.31217987006875
1862.79296875,-88.28773100214445,27.4961939311676,-86.13779941014866,-153.6205093471774
1863.28125,-83.59991065175082,-133.6610309156764,-82.86743678464175,4.994608229577944
1863.76953125,-84.87252172182622,67.60391518565271,-82.07415540897432,171.6093829526459
1864.2578125,-88.84303549605806,-61.23458724398731,-82.85240200864571,-20.457857146824
1864.74609375,-92.03262366562184,-174.3697391980887,-84.21931948090946,157.8616445131343
1865.234375,-90.51801659492548,56.51274225357424,-88.53961418326904,-18.78016267096871
1865.72265625,-95.31392408821857,-99.88838303638055,-101.790155680469,158.0235239205881
1866.2109375,-92.57697561263022,-160.7145180053719,-95.32156247407781,84.06849932048894
1866.69921875,-81.83045401992304,46.14701409866171,-86.21582031240072,-121.5777358202736
1867.1875,-76.93783172064285,-123.9309696037041,-83.85986829433935,36.90669630110102
1867.67578125,-76.62257903489005,57.55473338668571,-84.07764154311221,-162.8492644910195
1868.1640625,-77.75258652370914,-120.3130819085129,-83.5002627007256,5.267886689631464
1868.65234375,-80.06291930183336,77.8837366064425,-84.16062255104535,167.8059459086082
1869.140625,-83.87776055370873,-47.92795049647469,-88.10940987088333,-43.64480387291069
1869.62890625,-79.27037587009211,176.0556301997536,-90.75684685108918,76.54727511597522
1870.1171875,-76.57925006847059,4.868386211663482,-85.34428932757999,-128.2178777155512
1870.60546875,-76.82458288750732,-162.8443307989516,-81.733371686764,48.36576711221447
1871.09375,-76.5112997716478,34.07409864978178,-80.27768550884169,-133.9344904809199
1871.58203125,-75.52047892269502,-131.7477566295537,-80.43658047666727,44.31883248547136
1872.0703125,-75.03846335088849,52.96471796313314,-82.91862668643552,-144.6468389977148
1872.55859375,-74.82791369044804,-131.5958361112437,-89.01046421604212,14.85215904236257
1873.046875,-74.82066991976349,45.82002517736537,-99.11592505202577,127.5104094072932
1873.53515625,-77.13188257167513,-130.8989498559214,-97.08503926414843,-123.2993003684143
1874.0234375,-84.56555070695535,76.3997064389511,-91.60743267881472,2.908741129989011
1874.51171875,-86.31736393964565,-22.20716267112796,-86.63454591331671,170.0518178831927
1875,-82.88818991558897,-165.5688774801347,-87.34919086332567,-10.85276647606714
1875.48828125,-80.81989541910289,35.41507557990615,-90.22362929516065,161.1423487668532
1875.9765625,-81.8996627368265,-134.8903161913354,-92.29245490393416,-35.06493152452647
1876.46484375,-84.31351382155187,38.51761543166761,-96.18479817467622,122.4164198832629
1876.953125,-85.33036053260886,-157.5929445342199,-96.45168454564568,-84.4902784977709
1877.44140625,-88.48390770438634,-39.32120647291712,-92.86449971326758,109.8616384132675
1877.9296875,-79.85564570761052,77.72141896886261,-92.58199981356837,-45.10620269834266
1878.41796875,-75.75719939529164,-117.401925841875,-92.89008136653581,147.5082771605741
1878.90625,-75.28928868812132,54.87350206268857,-92.88531261175109,-36.78676565252447
1879.39453125,-77.48963053610761,-119.7234935233413,-99.86387103792323,-164.262668973435
1879.8828125,-82.53923091396231,100.7703157866721,-91.49127107136535,73.40533797932758
1880.37109375,-81.00605949432305,-21.6807920735625,-87.09235318422876,-104.5387781474641
1880.859375,-77.49225992791457,144.5336971962745,-85.21377174309968,88.90788372092683
1881.34765625,-73.01982438796932,-66.49226498956479,-86.50764517928707,-87.62249815940045
1881.8359375,-70.54272715557107,101.5990845502146,-90.17235601368847,86.13354105116287
1882.32421875,-70.23500521106686,-80.44642261847692,-92.6158742294127,-82.0728855015869
1882.8125,-72.03536515031155,100.0785401233122,-94.62897078785755,86.48283238374103
1883.30078125,-79.20091317232723,-62.85666341837678,-94.60415256432734,-120.0169199110096
1883.7890625,-80.58097985570626,-160.1161996466178,-94.04740810151871,82.54195139348967
1884.27734375,-76.48189162432371,32.83264640243515,-92.34404101207174,-78.71377862583959
1884.765625,-74.73061274749716,-142.4745184511772,-91.74708372640694,84.72598333471808
1885.25390625,-73.68077077378064,36.69764296590179,-88.30568876936398,-115.342551593027
1885.7421875,-73.97754636544394,-140.1120488359649,-84.80481720411183,57.38095830507739
1886.23046875,-75.61114639969149,55.61893255491063,-84.41078778562269,-132.5103446803176
1886.71875,-76.90318797669838,-102.8623169296684,-88.2121450268551,36.79556806007657
1887.20703125,-77.39018242685748,93.95049616334784,-96.39780487761595,-137.4632658980475
1887.6953125,-80.37044560671562,-70.07587584674388,-97.72241036904326,143.0222236556672
1888.18359375,-83.0896299806511,132.903002468039,-90.13074750924022,-14.1949649276536
1888.671875,-85.79856909216196,-67.36105628810731,-91.05903733165901,173.5361537724246
1889.16015625,-85.56610701511205,25.43427102664431,-96.85570234163505,73.23643587325508
1889.6484375,-80.41043827809284,178.4391097746472,-88.43292569650356,-63.95437705759746
1890.13671875,-79.1553959214652,-1.941051927391429,-84.89558300653363,114.6179489254372
1890.625,-82.12492321487625,-176.3893170740275,-83.22219232974288,-67.69575236536595
1891.11328125,-87.875059031646,71.26025861981148,-84.11781987748347,111.9970363931531
1891.6015625,-81.47109852715209,-51.66839292966294,-86.90202395126306,-76.94212580679648
1892.08984375,-79.41721768903101,154.5503457420448,-88.84035359931073,101.8810659108598
1892.578125,-81.49000420415966,-8.741229795747351,-89.53298828533052,-56.24572871403527
1893.06640625,-83.30604847859351,-155.0861256481329,-91.54877716567655,136.9857790452457
1893.5546875,-79.81442456984391,51.10500817870375,-95.06443508673158,-35.65568858941526
1894.04296875,-79.97232655397715,-115.210454229143,-93.376263184555,130.9834237299762
1894.53125,-83.19054224993374,69.1525468270207,-90.16366017928753,-78.63129229622582
1895.01953125,-86.67239305815804,-118.9351823023653,-86.88068914130173,76.04317103622505
1895.5078125,-88.07392777767598,97.28764303492542,-84.5140097777017,-109.8102497461621
1895.99609375,-84.99889635674622,-71.21139850470399,-84.30094675155287,70.60407796961599
1896.484375,-84.65377817957216,86.49472905626529,-85.90376448725576,-114.2491058000655
1896.97265625,-85.42077154870455,-77.7870372831142,-90.52615533724827,54.15485729070524
1897.4609375,-82.7760964599,151.9210228792533,-96.11377958969898,-172.9853252596769
1897.94921875,-80.44741768813273,10.83542963599402,-93.88906373867989,-42.8564511279606
1898.4375,-78.1557446310715,-147.7010667118074,-90.18116265289834,100.1097141427488
1898.92578125,-76.52313766959483,38.34728584944477,-90.56229032047186,-91.37033558688148
1899.4140625,-75.09950164681435,-123.2928277991682,-100.8116749503176,87.73237328416117
1899.90234375,-73.99058977783007,73.47933724757613,-111.7289623842398,5.845978892049143
1900.390625,-74.95976941540852,-109.0593308477934,-96.24160377760889,-158.6772699255972
1900.87890625,-75.94317732495624,66.18787588041928,-89.75544259219978,22.58647451676912
1901.3671875,-76.28083153994308,-98.89514331347671,-87.82503058879084,-174.8146026730995
1901.85546875,-77.97137888637488,95.4201684886752,-87.93223674926918,-26.45189772634035
1902.34375,-78.52084698071728,-75.43290104780831,-86.63268879560674,113.6125279021925
1902.83203125,-75.81250756522567,112.2440525507694,-85.20664708457414,-78.04137403942119
1903.3203125,-75.28239497611069,-66.4314521030328,-84.99862349293446,99.45367361964175
1903.80859375,-76.84422389817841,114.3585059588447,-85.07654632992563,-102.0409744934994
1904.296875,-77.86397491377549,-59.09293940736282,-86.45548853271499,54.2734889955741
1904.78515625,-79.0761289143113,123.7746531506573,-90.05945944992376,-129.7145988966679
1905.2734375,-79.71118213401508,-49.4641287042155,-95.23378232506317,63.74558118035962
1905.76171875,-78.35109880894665,148.2343141812206,-97.72786290731278,-18.28453751680103
1906.25,-76.62335713193912,-16.07765456985104,-88.37790614165046,-172.229276996082
1906.73828125,-75.40664384005835,175.1303059332008,-85.95561572465947,15.47594861088672
1907.2265625,-76.17888838525415,12.91390483873855,-87.59100166847898,-142.3443036491739
1907.71484375,-79.04531283318158,-131.8021949012608,-90.73290615542888,82.64254942470045
1908.203125,-78.05576470059651,96.08801214107801,-93.2075456490881,-48.10367716274997
1908.69140625,-74.68327151954583,-65.80076017624411,-95.88572618901267,173.8630340089753
1909.1796875,-74.56047734678934,125.8229324603545,-96.60741029812657,90.62121257320278
1909.66796875,-76.07927219992555,-40.39502366382696,-90.0630641216066,-64.81514000996647
1910.15625,-77.37279955367578,140.5475720328572,-88.83025783108789,112.2667653347807
1910.64453125,-79.15947205122751,-34.69377982075986,-87.81192517023942,-66.0287053849294
1911.1328125,-80.304776086003,165.9275392456852,-87.55551705987683,103.2475249518451
1911.62109375,-80.49298793410946,-4.237222973880137,-86.26073516221011,-93.14488069005333
1912.109375,-81.73751439207578,-172.2605680164085,-84.48229235982866,94.87865366053451
1912.59765625,-84.17465021630835,42.15241456418875,-83.58133260292639,-77.37480435941686
1913.0859375,-87.5175268980617,-106.1607132361367,-84.90050448410159,102.3718426823545
1913.57421875,-87.28506281297557,144.4556668375212,-88.02746229042759,-55.38484317237499
1914.0625,-79.13388464261439,-18.29043995387267,-89.95190999783547,177.8545672382733
1914.55078125,-75.58980597458341,167.6981485903054,-86.80954590017912,53.32402941524781
1915.0390625,-73.40357944686461,-6.428800198646021,-82.13181791984924,-113.2673234227194
1915.52734375,-73.66408281568685,176.0236577592569,-81.20654389612642,72.08462450421811
1916.015625,-75.38110346970258,4.622541429405252,-83.46875956774412,-106.1402820738334
1916.50390625,-74.93085050122656,-170.2324831349849,-84.97448826890583,49.23527685059862
1916.9921875,-75.60631051158424,2.914842702488546,-84.55390914829974,-157.617134674128
1917.48046875,-75.14738396028972,168.7699487076176,-86.91662756647716,-4.012866505965414
1917.96875,-71.97717115685386,-17.43826896617632,-89.11729660353005,162.4395810790991
1918.45703125,-71.1596271785811,157.5907064295297,-90.82145209221588,23.45533632346352
1918.9453125,-72.61803260322533,-30.51021971871263,-90.77565746265458,-75.73416847714378
1919.43359375,-74.21932221664645,142.0987262096433,-86.82936941080571,139.9307382741484
1919.921875,-76.7048576183802,-47.8223969836757,-88.13212599534586,-58.81233582864547
1920.41015625,-78.76995388422183,114.3440865452377,-94.20206255551554,109.3643283553757
1920.8984375,-77.458441469492,-70.50644207358611,-92.54889924721626,96.31870919430933
1921.38671875,-78.79795155514802,101.2639338728108,-83.15513272563732,-60.51567400774942
1921.875,-79.53699463889146,-118.1207318124744,-80.33095025748592,132.1636321792934
1922.36328125,-76.46807921667161,41.04723255448727,-80.54715952694444,-41.56937174908811
1922.8515625,-75.65760647911398,-157.6974125402211,-82.01330908135137,142.02590759844
1923.33984375,-76.46192458412847,9.354028035274791,-84.49335923353905,-22.67027715771359
1923.828125,-80.20668429391949,-165.8148370638549,-87.54457274423957,-177.9024540587521
1924.31640625,-82.15081861356488,34.31334493982781,-90.70942788496383,14.91846504802186
1924.8046875,-79.37140698376768,-125.9516750914337,-92.23671943355504,-146.7210460713746
1925.29296875,-78.31808601914584,67.22063845474571,-93.59350013274403,53.88981787965862
1925.78125,-78.54262727058406,-105.0544194596995,-98.09451452802718,-110.8949249150979
1926.26953125,-77.93343016678813,85.3527597952511,-97.40558803434843,131.4641658930398
1926.7578125,-79.00780236442849,-73.45688399425694,-93.3709742279237,-29.52868807539845
1927.24609375,-80.5833234136101,142.4227037351729,-94.45670799793852,152.7212904813985
1927.734375,-82.30573626027564,-21.01289291376875,-93.4428969190084,-19.80118464787785
1928.22265625,-86.35374364557453,176.3735246012587,-90.72707381996742,162.8779550735119
1928.7109375,-87.95287091114423,23.36949004600336,-88.10314850735682,-5.616822826375546
1929.19921875,-92.49530521266445,-104.4847812362903,-86.35778178061109,-170.20796737456
1929.6875,-85.07937365202707,144.3775078693554,-88.07171760444817,22.58346785721689
1930.17578125,-82.11678876551764,-9.01320819983723,-91.46405356630075,-114.9168981104173
1930.6640625,-79.43039421955653,-173.6375155453629,-88.57179367421674,129.7143913319227
1931.15234375,-77.03185445312954,4.426775217435932,-82.79797098598704,-17.9377301429211
1931.640625,-78.33578191340376,-169.3100902243731,-78.98903278484516,171.419787075979
1932.12890625,-82.46543616413814,7.49211792432339,-77.96768087962498,0.02032228348304116
1932.6171875,-83.88859646132771,152.0301476937571,-79.06405675720519,-172.9517236088714
1933.10546875,-88.9591242269036,-30.4857888479653,-81.79962300363616,5.02280523991439
1933.59375,-91.08834119455928,-119.3031514589806,-87.12209535067849,-176.1102046298121
1934.08203125,-80.59110595441004,53.77613491073301,-95.87960587053666,34.24526601083068
1934.5703125,-75.44421384738372,-135.8095307717046,-92.53960063470352,-113.1863523335795
1935.05859375,-75.61067416515982,40.1149168143175,-86.97587022510901,57.57685613384376
1935.546875,-81.97025965780986,-137.8565170562255,-84.45080539983104,-125.1035119282113
1936.03515625,-87.73832581870676,-126.4667605539604,-86.5089441979938,58.22108562474339
1936.5234375,-77.53555461363725,48.75851000673833,-98.9868112157672,-40.24805231399219
1937.01171875,-75.29821015117524,-137.9607036383231,-84.2883821635418,-155.5082314037501
1937.5,-76.05554126923535,43.1117936667549,-79.95849916195822,25.50246803974468
1937.98828125,-79.80763865464858,-117.6626797339775,-79.38273210885599,-155.9491852404683
1938.4765625,-82.14466753165603,84.16271725523229,-81.24309388570607,9.689496456757951
1938.96484375,-85.37798032921469,-104.6864970284332,-84.93823998168601,154.8450211981612
1939.453125,-91.05583270555786,127.476435725903,-86.81182434681392,-90.2987596644021
1939.94140625,-81.57862521365522,-1.729721739764279,-82.72775143020201,56.96330657368598
1940.4296875,-77.2158481804029,-164.8985782826562,-80.97995074246339,-129.6137556831987
1940.91796875,-75.36483048201998,24.01697436853844,-81.13962895978197,48.01000069134756
1941.40625,-75.24404261706216,-153.1458477115973,-81.09582209699781,-124.4038198374762
1941.89453125,-75.96440132976939,28.20724755050005,-80.87353595839623,71.25833017132285
1942.3828125,-77.60622662669365,-154.6054103054318,-82.27418151544036,-89.84275242171414
1942.87109375,-78.38228461978196,23.41012670412164,-85.45614813535889,116.4866854230356
1943.359375,-76.41880447731693,-147.9613388486648,-88.66289891265431,-6.108793032653589
1943.84765625,-74.75077714181712,46.41680681786121,-85.99363107360656,-129.4912296517254
1944.3359375,-74.1957013796078,-117.2243299378509,-84.84567870612678,71.47814904484528
1944.82421875,-74.14731676796026,73.88441153622328,-85.3543912623846,-97.4649144070859
1945.3125,-75.03175309163952,-100.0783714457492,-86.99103896767861,100.3051529182801
1945.80078125,-76.70811820061405,91.96705894777507,-91.88491564546092,-71.19552363756613
1946.2890625,-78.50113415545324,-67.87896611700636,-92.43382996962735,52.80636921252098
1946.77734375,-80.07241070717038,128.1648524810675,-86.7572386230751,-141.0342950570551
1947.265625,-79.92161452747838,-36.07787917160881,-84.94529684079751,30.53299255788516
1947.75390625,-78.92263395445779,159.310077221179,-83.59540009807951,-162.1101730941708
1948.2421875,-80.88775152997286,-18.2614590941959,-83.74286412644247,13.52412321080839
1948.73046875,-84.84167106955952,159.0742865590724,-87.8230364125256,-164.2484539576859
1949.21875,-87.88118381640486,-5.96674171339866,-92.15385165197586,6.390981244640614
1949.70703125,-91.35430723905968,164.6379454165698,-89.42911124612456,-170.1350218072509
1950.1953125,-85.66313080151359,-31.37204397198514,-85.52942136331436,25.46526975661815
1950.68359375,-80.11626913890862,146.9362661992368,-82.53343563779313,-155.7058433994842
1951.171875,-77.25486269314035,-49.28626726272223,-81.74681662481503,13.63940270097729
1951.66015625,-75.42923486630711,127.1763794737137,-83.32713694434757,174.4046516115715
1952.1484375,-76.23897556503229,-42.50826927494898,-85.32043446521473,-35.99848244305642
1952.63671875,-81.61306858132738,135.2301460470476,-87.77395923974119,104.8554310008242
1953.125,-86.48245902795108,-108.1573895010455,-92.71567195276984,-112.4847052491955
1953.61328125,-80.44680798345064,55.48404062972462,-100.2698611916052,-116.1236234012632
1954.1015625,-76.23544552255306,-125.0239842799335,-88.57575660530503,62.6672101596212
1954.58984375,-75.6790755941109,49.59019186620978,-87.48434698652315,-109.504839221128
1955.078125,-79.13724190863422,-131.1487850155212,-92.31847124045805,77.15122500536073
1955.56640625,-83.50758614146699,31.52329654423146,-95.67099032196325,20.87326134701015
1956.0546875,-81.33406576184898,-179.8215155829715,-84.86307634117543,-139.0639171772085
1956.54296875,-78.05953063736513,3.0604046310529,-81.4183860844372,36.52295913645614
1957.03125,-74.84642797667257,-169.987850857639,-80.23536630798738,-151.3861102068463
1957.51953125,-74.46595018386326,6.406537410432249,-79.84202657965568,29.41777638511855
1958.0078125,-75.43081948971636,166.5178647810303,-80.02648819083014,-149.6191764637244
1958.49609375,-73.87407981405873,-41.89128661948381,-81.49924540024628,28.03765433591888
1958.984375,-71.94094782032222,115.5158002813296,-84.34146305680633,-142.3933934416818
1959.47265625,-70.92646236946902,-79.27612218758316,-87.3703118911849,68.69658391535033
1959.9609375,-71.26592139656609,92.88385082925683,-87.12193586960238,-71.30029489542315
1960.44921875,-73.60097151958142,-88.82062881371682,-85.98781181177324,124.5925490508463
1960.9375,-78.48344030131163,91.45044508311307,-86.59250835570013,-39.9695936850469
1961.42578125,-85.89067801136649,-115.2965927434011,-85.61886378740769,153.4178766957569
1961.9140625,-84.97494772671126,35.99431972338523,-84.46901449589549,-21.26058804096541
1962.40234375,-79.32371206071032,-131.9850566704281,-83.71520977896367,177.4309172296272
1962.890625,-75.57392052416753,41.37864932096089,-82.50040744685231,15.3344510975788
1963.37890625,-74.43061714186258,-152.430451250252,-82.72049352277661,-149.4198941178265
1963.8671875,-76.18347906409792,3.479255052879576,-83.05386786039747,49.95642873564177
1964.35546875,-77.93385542629989,132.7414458825227,-84.82361439485703,-113.0311982011207
1964.84375,-77.61013033221153,-85.77037694311872,-89.36020807097424,107.6031284045358
1965.33203125,-77.9694997757793,61.07317068270374,-92.69713619405481,-9.219459510361661
1965.8203125,-76.83770299745805,-151.6293391032232,-89.09764348030548,-134.4848070345225
1966.30859375,-78.15195404405002,3.104297334697317,-86.72078572608628,52.01769484275502
1966.796875,-85.53853695441867,141.4440944678879,-88.75136910766389,-115.0660552021378
1967.28515625,-87.1588897129535,-109.3134518671443,-90.6607707225716,70.72579901540433
1967.7734375,-86.69323582718599,74.04563801333079,-91.85813940159731,-114.02384794929
1968.26171875,-84.08593777201581,-91.30997267532601,-92.56264998636007,72.14282439651846
1968.75,-79.09290882477022,118.4323460303624,-93.60269917105879,-132.7162449240932
1969.23828125,-76.10199615857101,-41.90444811288787,-93.29215626024131,4.614218829871433
1969.7265625,-77.08636384639262,135.2190126913389,-92.51567850556069,-171.7208582854579
1970.21484375,-79.00145124738388,-74.34956723973663,-90.957937597528,49.26549865998758
1970.703125,-78.96504658377707,59.35541587868449,-87.66007864282734,-102.3164056085558
1971.19140625,-75.45924857756933,-155.2139797805028,-84.86286036316825,89.89768619373133
1971.6796875,-73.76319460806394,16.6596657776293,-84.50953595819908,-84.10955269588355
1972.16796875,-74.93265603105583,-163.1179954456938,-87.85815014427047,92.26968497924949
1972.65625,-78.1056499260979,13.14674287606863,-93.60724624686392,-128.6514344842622
1973.14453125,-82.77218569841111,177.1188560012262,-93.73915405454504,-10.64584958521421
1973.6328125,-87.55400005652275,-35.40697554335108,-90.6926209115899,156.0706634216233
1974.12109375,-89.70554668482917,93.15536862266187,-86.87528725058037,4.488760352558833
1974.609375,-88.97354492122597,-143.4246746415612,-84.10216395451422,-153.1983918575229
1975.09765625,-87.4260508250763,4.377216619176361,-82.80254518040921,35.42963063341329
1975.5859375,-89.50594144436467,-161.4759548240544,-83.18741732602014,-146.8572107548701
1976.07421875,-87.59302712313426,73.49071699153619,-85.82205911764795,22.20018491697407
1976.5625,-80.74311813194912,-65.2331312467917,-88.88973558452632,-158.8665072645156
1977.05078125,-76.66968228653813,130.9625488794637,-92.89947050805844,50.87816573402177
1977.5390625,-77.34322448557354,-43.23384463676015,-91.51257792778924,-106.5106383968296
1978.02734375,-80.4022792841394,130.0797667454197,-86.20328494184021,61.8523227628156
1978.515625,-81.64221207784264,-77.62238035824174,-84.86928465335575,-129.9803753199102
1979.00390625,-78.33702694967683,83.9763963884003,-86.83860171865044,26.66676292960585
1979.4921875,-74.65322020477194,-103.234718746473,-85.66187895926444,-176.5943733275493
1979.98046875,-73.49677097132084,69.46343924309427,-84.89894483534513,5.524581384628301
1980.46875,-75.04366347522576,-115.0105833695875,-86.60187340566833,-147.4750112370724
1980.95703125,-78.61216341054333,64.52785844611476,-85.31175431669669,58.59877676890297
1981.4453125,-87.72201104638263,-128.5667508857431,-84.43037940840023,-121.5469258447743
1981.93359375,-85.09324920606646,-112.3330198192626,-85.58852806408115,52.38531288039547
1982.421875,-78.24107854753676,50.30014070828781,-89.41358781418938,-133.6504506147195
1982.91015625,-77.54818413473136,-131.3438019538922,-94.75632729677855,19.57967126872545
1983.3984375,-80.12298524353831,69.07412090521119,-90.90877141143578,178.7709738837143
1983.88671875,-80.96400463405834,-56.84741143475706,-87.29321154695293,13.83643383523861
1984.375,-77.07106785406266,149.6894829360508,-85.29254293502316,-157.6917733168012
1984.86328125,-74.75910357430507,-25.98543689118932,-84.58079477959646,19.02442196069703
1985.3515625,-73.63548653923196,145.2229659427104,-87.87926581242789,-158.1038025163351
1985.83984375,-72.7475102597754,-53.33212793934609,-101.123464391777,85.60155087103249
1986.328125,-72.65925052014765,113.075265535395,-87.64262678711275,-9.266125080318051
1986.81640625,-73.48896563621349,-74.29307066965332,-82.64210413964537,174.7823012566418
1987.3046875,-74.21972584602335,98.54472498535698,-83.74452540446413,-0.3622166171321546
1987.79296875,-76.48999080232446,-87.58643883506076,-91.32749800901452,-157.9420827430795
1988.28125,-83.93269465281115,100.1249329853752,-89.76575672439454,112.427551913248
1988.76953125,-88.92488000704405,8.710296853412922,-83.49839275276511,-50.96144220428
1989.2578125,-82.11356779984507,-142.1659917497388,-81.56961639019931,141.9041219694405
1989.74609375,-78.64971897235081,40.18347625969087,-82.62699245341952,-21.10596611259209
1990.234375,-77.508205979767,-155.1997676118876,-84.6990049528894,-179.717966130082
1990.72265625,-77.74236205551775,6.627657328020812,-84.63029284370205,17.71974900884849
1991.2109375,-80.33572370190301,163.0236518620561,-85.14678554245704,-158.3942088864651
1991.69921875,-81.57767450665634,-53.93530722140794,-88.86071720044632,10.44366807039782
1992.1875,-81.03511318691031,76.37125816297035,-92.76807450802339,-179.3996415288277
1992.67578125,-75.20016170226472,-140.3262566327523,-92.22463083075516,40.47671652789768
1993.1640625,-72.03989200740203,29.77221454587049,-86.98400557564126,-114.1124217721989
1993.65234375,-71.1281913743896,-157.2295354465133,-82.80461697253878,72.07331730567151
1994.140625,-71.52678859912368,13.89657581633674,-80.21759397674535,-104.0611504106021
1994.62890625,-73.85123031583588,-174.0015849007956,-79.75990300714194,80.89242649374911
1995.1171875,-77.25737637303851,9.212967300266667,-82.03011951962287,-96.79262515229108
1995.60546875,-79.85109502439802,-155.7528686073903,-87.25228865993768,82.83108269628089
1996.09375,-79.17822293278979,67.46452114243047,-95.99345736819272,-98.3932822562864
1996.58203125,-76.04603727076578,-95.66211584578684,-97.22598603706078,-49.72438403975033
1997.0703125,-78.82831538902468,78.01910332558845,-88.54328692669988,126.1172286143735
1997.55859375,-88.73718908506515,-120.7864786067258,-86.05768913204886,-39.11190573300965
1998.046875,-88.58999107868748,-18.46566310092054,-83.84176229151366,154.9767922965054
1998.53515625,-74.64790959128466,172.5737812329349,-81.53621959380328,-19.87977710987947
1999.0234375,-66.01385976783173,-0.9811036590188972,-78.94576599423354,166.4787662479058
1999.51171875,-62.98374303508442,-179.2069357633163,-78.13582978831232,-6.726362655178922
2000,-62.78862656185868,0,-78.64387695974683,180
