Time (s),Channel 1 (V),Channel 2 (V)
-0.00511875,-0.6569002955986682,0.06729285342685319
-0.0051175,-0.6458072181045075,0.06627745460673663
-0.005116249999999999,-0.638411833108402,0.06458512323987664
-0.005115,-0.6421095256064538,0.06661592088010881
-0.005113749999999999,-0.6421095256064538,0.06661592088010881
-0.0051125,-0.6495049106025611,0.06593898833336445
-0.005111249999999999,-0.6384118331084003,0.06424665696650353
-0.00511,-0.6273187556142445,0.06356972441975946
-0.00510875,-0.6162256781200788,0.06424665696650353
-0.005107499999999999,-0.60883029312397,0.06221585932626996
-0.00510625,-0.605132600625918,0.06120046050615387
-0.005104999999999999,-0.5903418306337054,0.06120046050615325
-0.00510375,-0.5940395231317573,0.05984659541266513
-0.005102499999999999,-0.6014349081278645,0.0605235279594095
-0.00510125,-0.5940395231317573,0.05916966286592076
-0.005099999999999999,-0.5792487531395429,0.05883119659254858
-0.00509875,-0.5681556756453872,0.05680039895231639
-0.0050975,-0.5533649056531679,0.05680039895231546
-0.005096249999999999,-0.5496672131551075,0.05612346640557141
-0.005095,-0.5348764431629,0.05680039895231546
-0.005093749999999999,-0.5496672131551092,0.05510806758545454
-0.0050925,-0.5385741356609536,0.05510806758545454
-0.005091249999999999,-0.5385741356609536,0.054092668765338
-0.00509,-0.5237833656687459,0.0530772699452219
-0.00508875,-0.5200856731706857,0.05138493857836052
-0.0050875,-0.5163879806726337,0.05273880367184864
-0.00508625,-0.5089925956765249,0.05206187112510488
-0.005084999999999999,-0.4978995181823574,0.0513849385783599
-0.00508375,-0.4831087481901498,0.05003107348487178
-0.005082499999999999,-0.4831087481901498,0.04901567466475522
-0.00508125,-0.490504133186257,0.04833874211801086
-0.005079999999999999,-0.4831087481901498,0.04800027584463867
-0.00507875,-0.4720156706959941,0.04664641075115055
-0.0050775,-0.4609225932018283,0.0473233432978943
-0.00507625,-0.4609225932018283,0.04563101193103414
-0.005075,-0.4424341307115603,0.04461561311091683
-0.005073749999999999,-0.4387364382135001,0.0439386805641723
-0.0050725,-0.4239456682212924,0.04360021429080027
-0.005071249999999999,-0.4202479757232389,0.04326174801742809
-0.00507,-0.4202479757232389,0.04292328174405591
-0.005068749999999999,-0.4128525907271317,0.04258481547068371
-0.0050675,-0.4091548982290797,0.04055401783045153
-0.00506625,-0.3980618207349174,0.03953861901033405
-0.005064999999999999,-0.3906664357388085,0.03886168646358969
-0.00506375,-0.3869687432407566,0.03886168646358969
-0.005062499999999999,-0.383271050742698,0.03818475391684502
-0.00506125,-0.3721779732485423,0.03750782137010095
-0.005059999999999999,-0.3610848957543815,0.03750782137010095
-0.00505875,-0.3499918182602207,0.03581549000324002
-0.005057499999999999,-0.3425964332641136,0.03547702372986784
-0.00505625,-0.3462941257621655,0.03412315863637972
-0.005055,-0.3462941257621672,0.0341231586363791
-0.005053749999999999,-0.3241079707738423,0.03209236099614615
-0.0050525,-0.3167125857777385,0.03243082726951818
-0.005051249999999999,-0.3093172007816279,0.03073849590265741
-0.00505,-0.3019218157855242,0.03107696217602944
-0.005048749999999999,-0.294526430789417,0.03006156335591289
-0.0050475,-0.294526430789417,0.02938463080916883
-0.00504625,-0.2871310457933098,0.0297230970825407
-0.005045,-0.2908287382913617,0.02870769826242461
-0.00504375,-0.2723402758010955,0.02667690062219104
-0.005042499999999999,-0.2575495058088795,0.02633843434881809
-0.00504125,-0.2538518133108276,0.02464610298195793
-0.005039999999999999,-0.2538518133108276,0.02464610298195793
-0.00503875,-0.2390610433186132,0.02329223788846919
-0.005037499999999999,-0.2242702733263989,0.02261530534172483
-0.00503625,-0.2279679658244508,0.02193837279498077
-0.005035,-0.205781810836131,0.02193837279498046
-0.00503375,-0.2168748883302867,0.02092297397486436
-0.0050325,-0.2205725808283453,0.0209229739748639
-0.005031249999999999,-0.2168748883302766,0.02024604142811923
-0.00503,-0.1835956558478095,0.01956910888137517
-0.005028749999999999,-0.1688048858555952,0.01719984496776987
-0.0050275,-0.1651071933575416,0.01550751360090895
-0.005026249999999999,-0.1577118083614344,0.01550751360090895
-0.005025,-0.1614095008594863,0.01686137869439707
-0.00502375,-0.1466187308672736,0.01516904732753676
-0.005022499999999999,-0.1392233458711665,0.01415364850741975
-0.00502125,-0.1392233458711665,0.01313824968730366
-0.005019999999999999,-0.1207348833808952,0.01076898577369837
-0.00501875,-0.1133394983847914,0.01076898577369837
-0.005017499999999999,-0.1096418058867378,0.01144591832044273
-0.00501625,-0.1096418058867378,0.010092053226954
-0.005014999999999999,-0.09854872839257706,0.008738188133465259
-0.00501375,-0.08745565089842136,0.008738188133465259
-0.0050125,-0.07636257340425556,0.008399721860093074
-0.005011249999999999,-0.0652694959100948,0.00636892421985935
-0.00501,-0.0652694959100948,0.005015059126371228
-0.005008749999999999,-0.06157180341203618,0.005691991673115135
-0.0050075,-0.05047872591788047,0.004676592852999043
-0.005006249999999999,-0.03938564842371972,0.003322727759510305
-0.005005,-0.02829257092955897,0.002307328939393751
-0.00500375,-0.02829257092955897,0.001968862666021566
-0.0050025,-0.01719949343540326,0.002307328939393597
-0.00500125,-0.01350180093734463,0.001291930119277197
-0.004999999999999999,0.004986661552923288,-6.193497421200265e-05
-0.00499875,0.004986661552923288,-0.001077333794328095
-0.004997499999999999,0.02347512404319121,-0.001415800067700279
-0.00499625,0.01607973904708404,-0.002431198887816833
-0.004994999999999999,0.03087050903929837,-0.003785063981305571
-0.00499375,0.02347512404319457,-0.003785063981305571
-0.0049925,0.03826589403540554,-0.004461996528049941
-0.00499125,0.05675435652566506,-0.005477395348166033
-0.00499,0.06784743401983422,-0.007169726715027417
-0.004988749999999999,0.07154512651789116,-0.00920052435526037
-0.0049875,0.07894051151399496,-0.008862058081888341
-0.004986249999999999,0.07524281901594138,-0.009538990628632709
-0.004985,0.0937312815062093,-0.009877456902004894
-0.004983749999999999,0.09742897400426288,-0.01156978826886582
-0.0049825,0.1159174364945224,-0.01156978826886582
-0.00498125,0.1307082064867451,-0.01224672081561019
-0.004979999999999999,0.123312821490638,-0.01326211963572659
-0.00497875,0.123312821490638,-0.01292365336235455
-0.004977499999999999,0.1307082064867519,-0.0136005859091
-0.00497625,0.1454989764789595,-0.01596984982270422
-0.004974999999999999,0.1528943614750666,-0.01664678236944859
-0.00497375,0.1602897464711738,-0.01698524864282077
-0.004972499999999999,0.167685131467281,-0.01766218118956514
-0.00497125,0.1824759014594886,-0.01935451255642529
-0.00497,0.1898712864556025,-0.01901604628305388
-0.004968749999999999,0.1898712864556075,-0.01969297882979871
-0.0049675,0.2009643639497632,-0.0207083776499148
-0.004966249999999999,0.1935689789536695,-0.022062242743404
-0.004965,0.2231505189380847,-0.02307764156352009
-0.004963749999999999,0.2231505189380847,-0.02375457411026446
-0.0049625,0.2231505189380847,-0.02341610783689228
-0.00496125,0.2416389814283527,-0.02476997293038102
-0.00496,0.2416389814283527,-0.02476997293038102
-0.00495875,0.2490343664244598,-0.02578537175049757
-0.004957499999999999,0.2564297514205687,-0.02713923684398646
-0.00495625,0.2601274439186206,-0.02747770311735849
-0.004954999999999999,0.2712205214127813,-0.02747770311735849
-0.00495375,0.2749182139108349,-0.02883156821084723
-0.004952499999999999,0.2897089839030492,-0.02917003448421942
-0.00495125,0.2934066764011012,-0.03052389957770754
-0.00495,0.2934066764011029,-0.03086236585108034
-0.00494875,0.3118951388913624,-0.03153929839782441
-0.0049475,0.3118951388913708,-0.03289316349131345
-0.004946249999999999,0.3303836013816437,-0.0332316297646864
-0.004945,0.3414766788757994,-0.03492396113154655
-0.004943749999999999,0.3414766788757994,-0.03593935995166311
-0.0049425,0.345174371373853,-0.03695475877177966
-0.004941249999999999,0.3525697563699602,-0.03661629249840748
-0.00494,0.3599651413660639,-0.03661629249840748
-0.00493875,0.3747559113582817,-0.03763169131852404
-0.0049375,0.3747559113582817,-0.03797015759189606
-0.00493625,0.3821512963543888,-0.03966248895875714
-0.004934999999999999,0.3858489888524492,-0.04000095523212963
-0.00493375,0.4006397588446567,-0.0406778877788737
-0.004932499999999999,0.4080351438407639,-0.04203175287236242
-0.00493125,0.4117328363388175,-0.04203175287236242
-0.004929999999999999,0.4191282213349247,-0.04304715169247898
-0.00492875,0.4339189913271323,-0.04338561796585101
-0.0049275,0.433918991327139,-0.04541641560608428
-0.004926249999999999,0.4561051463154538,-0.04541641560608428
-0.004925,0.4413143763232462,-0.04541641560608428
-0.004923749999999999,0.4598028388135124,-0.04575488187945708
-0.0049225,0.4561051463154605,-0.0471087469729452
-0.004921249999999999,0.4671982238096213,-0.04812414579306175
-0.00492,0.4708959163076749,-0.04913954461317831
-0.00491875,0.478291301303782,-0.04846261206643393
-0.0049175,0.4856866862998858,-0.04981647715992205
-0.00491625,0.5041751487901571,-0.05117034225341141
-0.004914999999999999,0.5004774562921052,-0.04947801088655172
-0.00491375,0.5041751487901571,-0.05218574107352797
-0.004912499999999999,0.5300589962765322,-0.0535396061670164
-0.00491125,0.5300589962765322,-0.05286267362027233
-0.004909999999999999,0.5300589962765322,-0.05353960616701671
-0.00490875,0.5300589962765322,-0.05353960616701671
-0.0049075,0.5337566887745858,-0.05557040380724981
-0.00490625,0.5485474587667933,-0.05658580262736591
-0.004905,0.5596405362609609,-0.05726273517411073
-0.004903749999999999,0.5670359212570714,-0.05692426890073886
-0.0049025,0.5744313062531752,-0.05760120144748292
-0.004901249999999999,0.5744313062531752,-0.05861660026759948
-0.0049,0.5929197687434431,-0.05997046536108822
-0.004898749999999999,0.5892220762453896,-0.05963199908771603
-0.0048975,0.6003151537395452,-0.05963199908771603
-0.00489625,0.6003151537395502,-0.06166279672794914
-0.004895,0.611408231233706,-0.06132433045457711
-0.00489375,0.6040128462376039,-0.06132433045457696
-0.004892499999999999,0.6114082312337195,-0.06301666182143788
-0.00489125,0.6298966937239789,-0.06301666182143788
-0.004889999999999999,0.6335943862220326,-0.06369359436818224
-0.00488875,0.6446874637161933,-0.06369359436818224
-0.004887499999999999,0.6483851562142469,-0.0647089931882988
-0.00488625,0.6520828487122988,-0.06504745946167083
-0.004885,0.655780541210354,-0.0667397908285319
-0.004883749999999999,0.6557805412103557,-0.0670782571019044
-0.0048825,0.6594782337084076,-0.06775518964864846
-0.004881249999999999,0.6779666961986772,-0.06809365592202064
-0.00488,0.6816643886967292,-0.06809365592202064
-0.004878749999999999,0.6890597736928363,-0.0691090547421372
-0.0048775,0.6890597736928363,-0.06775518964864846
-0.00487625,0.7038505436850506,-0.07113985238237031
-0.004875,0.7038505436850506,-0.07181678492911438
-0.00487375,0.7075482361831043,-0.07147831865574249
-0.004872499999999999,0.7001528511870004,-0.07080138610899873
-0.00487125,0.7075482361831043,-0.07215525120248686
-0.004869999999999999,0.7297343911714274,-0.07249371747585935
-0.00486875,0.7334320836694793,-0.07317065002260341
-0.004867499999999999,0.7408274686655865,-0.0735091162959756
-0.00486625,0.7408274686655865,-0.07486298138946372
-0.004865,0.7408274686655865,-0.07486298138946433
-0.00486375,0.7556182386577941,-0.07587838020958043
-0.0048625,0.7593159311558544,-0.07486298138946433
-0.004861249999999999,0.7593159311558544,-0.0768937790296976
-0.00486,0.7593159311558544,-0.07723224530306963
-0.004858749999999999,0.7778043936461223,-0.07790917784981399
-0.0048575,0.7815020861441759,-0.07892457666993055
-0.004856249999999999,0.7851997786422295,-0.07824764412318619
-0.004855,0.7851997786422295,-0.07757071157644212
-0.00485375,0.7888974711402831,-0.07960150921667491
-0.0048525,0.7962928561363869,-0.08027844176341899
-0.00485125,0.7999905486344439,-0.08129384058353585
-0.004849999999999999,0.8073859336305527,-0.0809553743101635
-0.00484875,0.8110836261286045,-0.08061690803679147
-0.004847499999999999,0.8258743961208189,-0.08264770567702458
-0.00484625,0.8295720886188724,-0.08197077313028021
-0.004844999999999999,0.8221767036227653,-0.08264770567702458
-0.00484375,0.8258743961208173,-0.08230923940365255
-0.0048425,0.8295720886188724,-0.08298617195039677
-0.004841249999999999,0.8480605511091387,-0.08501696959062972
-0.00484,0.8443628586110868,-0.08467850331725769
-0.004838749999999999,0.8517582436071957,-0.08501696959062942
-0.0048375,0.8554559361052476,-0.08400157077051332
-0.004836249999999999,0.8665490135994083,-0.0867093009574908
-0.004835,0.8628513211013548,-0.08637083468411862
-0.00483375,0.8554559361052476,-0.08704776723086298
-0.0048325,0.8702467060974551,-0.08637083468411892
-0.00483125,0.8702467060974619,-0.08738623350423516
-0.004829999999999999,0.8776420910935707,-0.08704776723086313
-0.00482875,0.8813397835916227,-0.08738623350423516
-0.004827499999999999,0.8850374760896779,-0.08738623350423592
-0.00482625,0.8887351685877298,-0.0890785648710961
-0.004824999999999999,0.8887351685877298,-0.0887400985977239
-0.00482375,0.8887351685877298,-0.08941703114446797
-0.0048225,0.9035259385799441,-0.09077089623795702
-0.00482125,0.8961305535838403,-0.08975549741784092
-0.00482,0.9072236310779977,-0.09043242996458482
-0.004818749999999999,0.8961305535838454,-0.08975549741784154
-0.0048175,0.9146190160741049,-0.09212476133144575
-0.004816249999999999,0.9146190160741049,-0.09144782878470138
-0.004815,0.922014401070212,-0.09246322760481794
-0.004813749999999999,0.9183167085721585,-0.09178629505807356
-0.0048125,0.9183167085721585,-0.09246322760481764
-0.00481125,0.9183167085721585,-0.09212476133144575
-0.00481,0.9183167085721585,-0.09144782878470169
-0.00480875,0.9331074785643728,-0.09246322760481794
-0.004807499999999999,0.9294097860663294,-0.09280169387819028
-0.00480625,0.9515959410546407,-0.0931401601515623
-0.004804999999999999,0.9442005560585336,-0.09381709269830668
-0.00480375,0.9442005560585336,-0.09483249151842323
-0.004802499999999999,0.9552936335526944,-0.09517095779179541
-0.00480125,0.9515959410546424,-0.09449402524505135
-0.0048,0.9515959410546407,-0.09517095779179541
-0.004798749999999999,0.9515959410546475,-0.09618635661191136
-0.0047975,0.9663867110468551,-0.09483249151842323
-0.004796249999999999,0.970084403544907,-0.09584789033853963
-0.004795,0.9663867110468551,-0.0955094240651676
-0.004793749999999999,0.9626890185488015,-0.09517095779179541
-0.0047925,0.9626890185488015,-0.0955094240651676
-0.00479125,0.9663867110468551,-0.09686328915865633
-0.00479,0.9774797885410108,-0.09618635661191227
-0.00478875,0.9700844035449087,-0.09720175543202852
-0.004787499999999999,0.9774797885410158,-0.09720175543202883
-0.00478625,0.9774797885410158,-0.09787868797877289
-0.004784999999999999,0.9774797885410158,-0.09618635661191242
-0.00478375,0.9774797885410158,-0.09720175543202852
-0.004782499999999999,0.9885728660351766,-0.09821715425214507
-0.00478125,0.9959682510312804,-0.09720175543202898
-0.00478,0.9996659435293372,-0.09754022170540071
-0.00477875,0.9848751735371298,-0.09787868797877274
-0.0047775,0.9848751735371231,-0.09787868797877289
-0.004776249999999999,0.9848751735371247,-0.09855562052551742
-0.004775,0.9885728660351766,-0.09889408679888945
-0.004773749999999999,0.9996659435293372,-0.09821715425214507
-0.0047725,0.9959682510312837,-0.09787868797877289
-0.004771249999999999,1.003363636027391,-0.09923255307226163
-0.00477,1.007061328525443,-0.09923255307226163
-0.00476875,0.9996659435293372,-0.09855562052551727
-0.0047675,1.003363636027389,-0.09889408679888929
-0.00476625,0.9922705585332302,-0.09923255307226163
-0.004764999999999999,1.010759021023495,-0.0988940867988899
-0.00476375,1.003363636027391,-0.09990948561900599
-0.004762499999999999,1.003363636027391,-0.1005864181657504
-0.00476125,1.003363636027391,-0.09923255307226163
-0.004759999999999999,1.007061328525444,-0.09889408679888945
-0.00475875,1.007061328525444,-0.09923255307226148
-0.0047575,1.003363636027391,-0.09990948561900599
-0.004756249999999999,1.018154406019605,-0.09990948561900538
-0.004755,1.018154406019605,-0.09855562052551727
-0.004753749999999999,1.007061328525443,-0.09787868797877382
-0.0047525,1.003363636027391,-0.09990948561900599
-0.004751249999999999,0.9996659435293372,-0.09923255307226163
-0.00475,0.9959682510312837,-0.09957101934563381
-0.004748749999999999,0.9996659435293372,-0.1002479518923782
-0.0047475,1.003363636027389,-0.09957101934563412
-0.00474625,1.014456713521552,-0.09923255307226163
-0.004744999999999999,1.0107590210235,-0.1005864181657498
-0.00474375,1.014456713521552,-0.09923255307226163
-0.004742499999999999,1.007061328525443,-0.09855562052551757
-0.00474125,1.003363636027391,-0.09923255307226163
-0.004739999999999999,1.003363636027391,-0.1002479518923782
-0.00473875,1.007061328525443,-0.1012633507124943
-0.0047375,1.018154406019605,-0.09923255307226163
-0.00473625,1.014456713521553,-0.09957101934563366
-0.004735,1.010759021023498,-0.09855562052551727
-0.004733749999999999,0.9996659435293422,-0.0995710193456332
-0.0047325,1.010759021023498,-0.09821715425214507
-0.004731249999999999,1.007061328525444,-0.09821715425214507
-0.00473,1.003363636027391,-0.09787868797877289
-0.004728749999999999,0.9996659435293372,-0.09787868797877289
-0.0047275,1.010759021023493,-0.09923255307226102
-0.00472625,1.003363636027391,-0.09923255307226163
-0.004725,1.003363636027391,-0.0978786879787735
-0.00472375,0.9959682510312837,-0.09821715425214507
-0.004722499999999999,0.9996659435293356,-0.09754022170540116
-0.00472125,0.9959682510312837,-0.09855562052551727
-0.004719999999999999,0.9959682510312837,-0.09720175543202852
-0.00471875,0.9959682510312837,-0.09855562052551727
-0.004717499999999999,0.9959682510312837,-0.09618635661191197
-0.00471625,0.9848751735371281,-0.09618635661191197
-0.004715,0.9848751735371231,-0.09652482288528415
-0.004713749999999999,0.9959682510312854,-0.09754022170540055
-0.0047125,0.9996659435293372,-0.09720175543202852
-0.004711249999999999,0.9959682510312787,-0.096524822885284
-0.00471,0.9848751735371231,-0.09618635661191197
-0.004708749999999999,0.9848751735371231,-0.09652482288528415
-0.0047075,0.9737820960429623,-0.0955094240651676
-0.004706249999999999,0.9700844035449087,-0.09584789033853978
-0.004705,0.9811774810390644,-0.09618635661191181
-0.00470375,0.9848751735371231,-0.0955094240651676
-0.004702499999999999,0.9737820960429573,-0.09415555897167871
-0.00470125,0.9626890185488015,-0.09381709269830668
-0.004699999999999999,0.9737820960429623,-0.09517095779179464
-0.00469875,0.9737820960429623,-0.09347862642493449
-0.004697499999999999,0.9700844035449087,-0.09449402524505104
-0.00469625,0.9589913260507529,-0.09415555897167902
-0.004695,0.9626890185488015,-0.09381709269830668
-0.00469375,0.9552936335526977,-0.09381709269830668
-0.0046925,0.9663867110468551,-0.09415555897167886
-0.004691249999999999,0.9589913260507479,-0.09246322760481764
-0.00469,0.9589913260507479,-0.09178629505807356
-0.004688749999999999,0.9515959410546407,-0.09280169387819012
-0.0046875,0.94050286356048,-0.09178629505807356
-0.004686249999999999,0.9368051710624264,-0.09212476133144575
-0.004685,0.9405028635604783,-0.09077089623795763
-0.00468375,0.9331074785643728,-0.09077089623795702
-0.0046825,0.9331074785643728,-0.08975549741784092
-0.00468125,0.9294097860663193,-0.09009396369121264
-0.004679999999999999,0.9331074785643745,-0.08975549741784061
-0.00467875,0.9368051710624264,-0.09009396369121264
-0.004677499999999999,0.9294097860663193,-0.0890785648710961
-0.00467625,0.922014401070212,-0.08806316605097954
-0.004674999999999999,0.9072236310779977,-0.08772469977760736
-0.00467375,0.9072236310779977,-0.08738623350423531
-0.0046725,0.9035259385799441,-0.08772469977760736
-0.004671249999999999,0.9035259385799391,-0.08670930095749095
-0.00467,0.8924328610857835,-0.08704776723086298
-0.004668749999999999,0.896130553583837,-0.08501696959063018
-0.0046675,0.896130553583837,-0.08569390213737424
-0.004666249999999999,0.8887351685877298,-0.08603236841074643
-0.004665,0.9035259385799441,-0.08501696959062988
-0.004663749999999999,0.8924328610857835,-0.08467850331725769
-0.0046625,0.8776420910935758,-0.08535543586400175
-0.00466125,0.8739443985955155,-0.08467850331725769
-0.004659999999999999,0.8776420910935623,-0.08467850331725661
-0.00465875,0.8628513211013548,-0.0823092394036524
-0.004657499999999999,0.8665490135994066,-0.08298617195039601
-0.00465625,0.8628513211013548,-0.08129384058353585
-0.004654999999999999,0.8628513211013548,-0.08163230685690803
-0.00465375,0.8554559361052476,-0.08129384058353585
-0.0046525,0.8480605511091404,-0.08197077313028021
-0.00465125,0.8406651661130365,-0.08061690803679208
-0.00465,0.8369674736149797,-0.08027844176341929
-0.004648749999999999,0.8332697811169277,-0.08027844176341868
-0.0046475,0.8369674736149797,-0.07892457666993055
-0.004646249999999999,0.8332697811169261,-0.07790917784981399
-0.004645,0.8295720886188724,-0.07723224530306963
-0.004643749999999999,0.8184790111247118,-0.07689377902969745
-0.0046425,0.8036882411325041,-0.07757071157644151
-0.00464125,0.7962928561363902,-0.07655531275632527
-0.00464,0.7962928561363902,-0.0768937790296973
-0.00463875,0.7962928561363902,-0.07486298138946433
-0.004637499999999999,0.7962928561363886,-0.07655531275632434
-0.00463625,0.7925951636383366,-0.07452451511609215
-0.004634999999999999,0.7851997786422295,-0.07452451511609215
-0.00463375,0.7778043936461223,-0.07215525120248686
-0.004632499999999999,0.7741067011480688,-0.07418604884271997
-0.00463125,0.763013623653913,-0.07147831865574372
-0.00463,0.7556182386578009,-0.07215525120248686
-0.004628749999999999,0.7556182386578042,-0.07113985238237046
-0.0046275,0.763013623653908,-0.07147831865574249
-0.004626249999999999,0.7445251611636384,-0.07012445356225282
-0.004625,0.7408274686655865,-0.06809365592202064
-0.004623749999999999,0.718641313677265,-0.06809365592202064
-0.0046225,0.7260366986733722,-0.06741672337527628
-0.004621249999999999,0.7260366986733722,-0.0691090547421372
-0.00462,0.7223390061753202,-0.0680936559220211
-0.00461875,0.6964551586889435,-0.06809365592202064
-0.004617499999999999,0.7038505436850506,-0.06640132455515896
-0.00461625,0.7038505436850506,-0.0647089931882988
-0.004614999999999999,0.7112459286811544,-0.06470899318829926
-0.00461375,0.7038505436850506,-0.06572439200841536
-0.004612499999999999,0.6853620811947827,-0.06301666182143788
-0.00461125,0.6705713112025684,-0.06335512809481006
-0.00461,0.655780541210354,-0.0623397292746935
-0.00460875,0.6631759262064579,-0.06166279672794944
-0.0046075,0.6668736187045148,-0.06098586418120476
-0.004606249999999999,0.6557805412103557,-0.06098586418120476
-0.004605,0.6594782337084076,-0.06098586418120476
-0.004603749999999999,0.6483851562142469,-0.05929353281434384
-0.0046025,0.6335943862220326,-0.05827813399422729
-0.004601249999999999,0.6298966937239789,-0.0579396677208551
-0.0046,0.6298966937239789,-0.05726273517411104
-0.00459875,0.6188036162298182,-0.05624733635399418
-0.0045975,0.6151059237317663,-0.05726273517411027
-0.00459625,0.6077105387356575,-0.05624733635399418
-0.004594999999999999,0.6040128462376005,-0.05455500498713325
-0.00459375,0.5966174612414967,-0.05455500498713325
-0.004592499999999999,0.5929197687434431,-0.05387807244038889
-0.00459125,0.5707336137551217,-0.05286267362027233
-0.004589999999999999,0.5781289987512288,-0.05320113989364451
-0.00458875,0.5633382287590212,-0.05252420734690046
-0.0045875,0.5596405362609609,-0.05083187598003923
-0.00458625,0.5559428437629089,-0.04947801088655111
-0.004585,0.5633382287590144,-0.05015494343329487
-0.004583749999999999,0.541152073770693,-0.04913954461317831
-0.0045825,0.541152073770693,-0.04913954461317831
-0.004581249999999999,0.5337566887745858,-0.04778567951968957
-0.00458,0.5263613037784786,-0.04846261206643393
-0.004578749999999999,0.5115705337862643,-0.04507794933271209
-0.0045775,0.5004774562921085,-0.04575488187945616
-0.00457625,0.4967797637940499,-0.04440101678596772
-0.004574999999999999,0.4856866862998943,-0.04338561796585163
-0.00457375,0.4967797637940499,-0.04440101678596772
-0.004572499999999999,0.4967797637940432,-0.04372408423922288
-0.00457125,0.4819889938018356,-0.0427086854191068
-0.004569999999999999,0.478291301303782,-0.04101635405224588
-0.00456875,0.4708959163076749,-0.04101635405224588
-0.0045675,0.4487097613193534,-0.04000095523212932
-0.00456625,0.4450120688213015,-0.04033942150550135
-0.004565,0.4450120688212998,-0.03932402268538496
-0.004563749999999999,0.4450120688212931,-0.03729322504515169
-0.0045625,0.4302212988290854,-0.03695475877177966
-0.004561249999999999,0.415430528836866,-0.03458549485817437
-0.00456,0.4043374513427103,-0.03458549485817437
-0.004558749999999999,0.4117328363388175,-0.03526242740491874
-0.0045575,0.4006397588446618,-0.03424702858480264
-0.00455625,0.4043374513427103,-0.03492396113154655
-0.004555,0.3858489888524508,-0.03187776467119828
-0.00455375,0.3784536038563353,-0.03120083212445252
-0.004552499999999999,0.3562674488680154,-0.03086236585108018
-0.00455125,0.3599651413660673,-0.03052389957770815
-0.004549999999999999,0.3525697563699602,-0.02984696703096379
-0.00454875,0.3488720638719066,-0.03018543330433597
-0.004547499999999999,0.345174371373853,-0.02883156821084723
-0.00454625,0.3340812938796973,-0.02747770311735911
-0.004545,0.3266859088835851,-0.02646230429724194
-0.00454375,0.3044997538952737,-0.02612383802386991
-0.0045425,0.3081974463933171,-0.02578537175049757
-0.004541249999999999,0.3081974463933155,-0.02612383802386867
-0.00454,0.3044997538952636,-0.02375457411026446
-0.004538749999999999,0.2971043688991564,-0.02206224274340354
-0.0045375,0.2786159064088885,-0.02138531019665917
-0.004536249999999999,0.2712205214127813,-0.02138531019665917
-0.004535,0.2675228289147294,-0.02104684392328714
-0.00453375,0.2601274439186206,-0.01969297882979825
-0.004532499999999999,0.2601274439186139,-0.01901604628305311
-0.00453125,0.2453366739264062,-0.01732371491619296
-0.004529999999999999,0.22684821143614,-0.01800064746293702
-0.00452875,0.2305459039341919,-0.01732371491619296
-0.004527499999999999,0.2268482114361383,-0.01732371491619296
-0.00452625,0.2157551339419776,-0.01596984982270422
-0.004525,0.2046620564478168,-0.01427751845584329
-0.00452375,0.1935689789536611,-0.01224672081561111
-0.0045225,0.1824759014594953,-0.011908254542238
-0.004521249999999999,0.1750805164633865,-0.01190825454223785
-0.00452,0.1713828239653346,-0.01156978826886582
-0.004518749999999999,0.1676851314672793,-0.01123132199549256
-0.0045175,0.1639874389692274,-0.008862058081888341
-0.004516249999999999,0.1528943614750666,-0.007846659261771787
-0.004515,0.1528943614750666,-0.007846659261771787
-0.00451375,0.1491966689770131,-0.007846659261771787
-0.0045125,0.1381035914828574,-0.007846659261771787
-0.00451125,0.123312821490638,-0.006831260441655233
-0.004509999999999999,0.1048243590003667,-0.004800462801421509
-0.00450875,0.09742897400426288,-0.003446597707933387
-0.004507499999999999,0.09742897400426288,-0.003108131434561202
-0.00450625,0.08263820401204855,-0.001077333794328095
-0.004504999999999999,0.09003358900815572,-0.002769665161189018
-0.00450375,0.08263820401205191,-0.003446597707933079
-0.0045025,0.0715451265178878,-0.002769665161189018
-0.00450125,0.06414974152178399,0.002307328939391443
-0.0045,0.05675435652567346,0.0009534638459050128
-0.004498749999999999,0.04935897152955789,0.00264579521276609
-0.0044975,0.03087050903929837,0.00298426148613812
-0.004496249999999999,0.02717281654124479,0.004676592852999043
-0.004495,0.02347512404319121,0.00366119403288249
-0.004493749999999999,0.02347512404319121,0.006030457946487782
-0.0044925,0.004986661552931693,0.00569199167311575
-0.00449125,-0.009804108439291047,0.007722789313348704
-0.004489999999999999,-0.006106415941245871,0.008399721860092919
-0.00448875,-0.02459487843150538,0.008061255586720889
-0.004487499999999999,-0.0319902634276075,0.008738188133465875
-0.00448625,-0.0208971859334518,0.010092053226954
-0.004484999999999999,-0.03568795592566613,0.010092053226954
-0.00448375,-0.03938564842371972,0.01144591832044273
-0.0044825,-0.06157180341204122,0.01178438459381492
-0.00448125,-0.07266488090619694,0.01279978341393101
-0.00448,-0.07636257340425556,0.01415364850742021
-0.004478749999999999,-0.08006026590231249,0.01415364850742052
-0.0044775,-0.08745565089841631,0.01483058105416458
-0.004476249999999999,-0.08745565089842472,0.01618444614765424
-0.004475,-0.1059441133886842,0.01821524378788643
-0.004473749999999999,-0.1096418058867378,0.01753831124114206
-0.0044725,-0.1133394983847897,0.01889217633463018
-0.00447125,-0.1281302683770057,0.01855371006125861
-0.00447,-0.1392233458711614,0.02024604142811877
-0.00446875,-0.1466187308672736,0.02058450770149172
-0.004467499999999999,-0.1503164233653289,0.02159990652160873
-0.00446625,-0.1540141158633808,0.02261530534172483
-0.004464999999999999,-0.1651071933575416,0.02396917043521356
-0.00446375,-0.1725025783536487,0.02329223788846919
-0.004462499999999999,-0.1798979633497559,0.02566150180207449
-0.00446125,-0.1983864258400154,0.02566150180207449
-0.00446,-0.1909910408439167,0.02566150180207449
-0.00445875,-0.2094795033341762,0.02735383316893464
-0.0044575,-0.2094795033341846,0.02735383316893541
-0.004456249999999999,-0.2094795033341913,0.02836923198905242
-0.004455,-0.2242702733263989,0.02938463080916852
-0.004453749999999999,-0.2242702733263989,0.03006156335591289
-0.0044525,-0.2390610433186132,0.03073849590265726
-0.004451249999999999,-0.2575495058088811,0.03107696217602944
-0.00445,-0.2464564283147255,0.03107696217602944
-0.00444875,-0.2612471983069348,0.032092360996146
-0.004447499999999999,-0.2834333532952546,0.03344622608963551
-0.00444625,-0.2797356607972027,0.03513855745649566
-0.004444999999999999,-0.2908287382913651,0.03513855745649613
-0.00444375,-0.294526430789417,0.03615395627661221
-0.004442499999999999,-0.2982241232874706,0.03615395627661221
-0.00444125,-0.294526430789417,0.03615395627661221
-0.00444,-0.3056195082835778,0.03852322019021751
-0.00443875,-0.3167125857777335,0.03818475391684548
-0.0044375,-0.3315033557699528,0.04021555155707843
-0.004436249999999999,-0.3352010482680148,0.04089248410382202
-0.004435,-0.3536895107582744,0.03920015273696187
-0.004433749999999999,-0.3499918182602207,0.04123095037719544
-0.0044325,-0.3499918182602207,0.04224634919731153
-0.004431249999999999,-0.3610848957543815,0.04360021429080027
-0.00443,-0.3684802807504853,0.04427714683754433
-0.00442875,-0.3721779732485423,0.04461561311091683
-0.0044275,-0.383271050742698,0.04461561311091683
-0.00442625,-0.383271050742703,0.04461561311091683
-0.004424999999999999,-0.4017595132329776,0.04596947820440678
-0.00442375,-0.4165502832251853,0.04867720839138304
-0.004422499999999999,-0.4239456682212924,0.04867720839138304
-0.00442125,-0.427643360719346,0.04901567466475522
-0.004419999999999999,-0.4313410532173996,0.04901567466475522
-0.00441875,-0.4313410532173996,0.04935414093812726
-0.0044175,-0.4387364382135068,0.05036953975824396
-0.00441625,-0.431341053217403,0.05206187112510411
-0.004415,-0.4609225932018283,0.05240033739847708
-0.004413749999999999,-0.4609225932018333,0.05206187112510535
-0.0044125,-0.472015670695989,0.05307726994522144
-0.004411249999999999,-0.472015670695989,0.05341573621859362
-0.00441,-0.4757133631940426,0.05510806758545454
-0.004408749999999999,-0.490504133186257,0.05476960131208236
-0.0044075,-0.490504133186257,0.05646193267894251
-0.00440625,-0.5015972106804176,0.05646193267894328
-0.004404999999999999,-0.5015972106804226,0.05646193267894405
-0.00440375,-0.5126902881745784,0.0581542640458042
-0.004402499999999999,-0.516387980672637,0.05781579777243279
-0.00440125,-0.5274810581667928,0.05950812913929295
-0.004399999999999999,-0.5422718281590071,0.05984659541266513
-0.00439875,-0.5237833656687392,0.05916966286592076
-0.004397499999999999,-0.5422718281590071,0.06120046050615387
-0.00439625,-0.5533649056531629,0.06052352795940981
-0.004395,-0.5644579831473286,0.06221585932627043
-0.004393749999999999,-0.5607602906492783,0.06323125814638712
-0.0043925,-0.5681556756453822,0.06356972441975915
-0.004391249999999999,-0.5792487531395497,0.06458512323987586
-0.00439,-0.5940395231317573,0.06492358951324789
-0.004388749999999999,-0.5940395231317573,0.06458512323987571
-0.0043875,-0.6014349081278612,0.06627745460673587
-0.00438625,-0.5977372156298109,0.06593898833336445
-0.004385,-0.6014349081278628,0.06729285342685258
-0.00438375,-0.6125279856220253,0.06695438715348101
-0.004382499999999999,-0.6088302931239784,0.06864671852034147
-0.00438125,-0.6236210631161859,0.06763131970022537
-0.004379999999999999,-0.6347141406103467,0.07000058361383066
-0.00437875,-0.6421095256064538,0.06932365106708629
-0.004377499999999999,-0.6384118331084003,0.07169291498069159
-0.00437625,-0.6421095256064522,0.07033904988720346
-0.004375,-0.6384118331084003,0.0713544487073194
-0.00437375,-0.6716910655908674,0.07372371262092361
-0.0043725,-0.6716910655908825,0.07304678007418032
-0.004371249999999999,-0.667993373092829,0.07338524634755282
-0.00437,-0.667993373092829,0.07406217889429688
-0.004368749999999999,-0.6827841430850433,0.07440064516766906
-0.0043675,-0.6716910655908825,0.07473911144104124
-0.004366249999999999,-0.6901795280811505,0.07440064516766906
-0.004365,-0.6975749130772543,0.07609297653452922
-0.00436375,-0.712365683069472,0.07744684162801872
-0.004362499999999999,-0.6975749130772626,0.07710837535464624
-0.00436125,-0.7086679905714184,0.07643144280790218
-0.004359999999999999,-0.7234587605636295,0.07744684162801888
-0.00435875,-0.7160633755675255,0.0777853079013909
-0.004357499999999999,-0.7234587605636328,0.07981610554162402
-0.00435625,-0.7456449155519542,0.0801545718149962
-0.004354999999999999,-0.7382495305558471,0.08083150436174057
-0.00435375,-0.741947223053899,0.07913917299488041
-0.0043525,-0.7456449155519542,0.08116997063511276
-0.004351249999999999,-0.7493426080500112,0.08150843690848525
-0.00435,-0.756737993046115,0.08218536945522931
-0.004348749999999999,-0.7567379930461167,0.08083150436174133
-0.0043475,-0.7604356855441686,0.08252383572860149
-0.004346249999999999,-0.7826218405324901,0.08387770082209023
-0.004345,-0.7826218405324901,0.08320076827534617
-0.00434375,-0.7789241480344365,0.08387770082209023
-0.0043425,-0.7826218405324884,0.08557003218895039
-0.00434125,-0.7937149180266508,0.08455463336883461
-0.004339999999999999,-0.7900172255285989,0.08557003218895146
-0.00433875,-0.7937149180266508,0.08624696473569553
-0.004337499999999999,-0.801110303022758,0.08692389728243989
-0.00433625,-0.8085056880188651,0.08760082982918427
-0.004334999999999999,-0.8085056880188651,0.08658543100906771
-0.00433375,-0.8085056880188651,0.08793929610255584
-0.0043325,-0.8159010730149723,0.08861622864930081
-0.00433125,-0.8269941505091281,0.08827776237592878
-0.00433,-0.8343895355052402,0.08827776237592863
-0.004328749999999999,-0.8454826129993909,0.08861622864930035
-0.0043275,-0.8232964580110795,0.08760082982918427
-0.004326249999999999,-0.8269941505091331,0.08861622864930081
-0.004325,-0.8343895355052402,0.08895469492267301
-0.004323749999999999,-0.8417849205013475,0.08997009374278955
-0.0043225,-0.8454826129993993,0.09098549256290565
-0.00432125,-0.8602733829916154,0.09233935765639485
-0.004319999999999999,-0.8565756904935634,0.09064702628953439
-0.00431875,-0.8602733829916154,0.09166242510965047
-0.004317499999999999,-0.8639710754896706,0.09166242510965078
-0.00431625,-0.8676687679877225,0.09233935765639485
-0.004314999999999999,-0.8676687679877225,0.09098549256290611
-0.00431375,-0.871366460485776,0.0933547564765114
-0.004312499999999999,-0.8750641529838297,0.09301629020313922
-0.00431125,-0.8750641529838297,0.09335475647651124
-0.00431,-0.8787618454818833,0.09301629020313922
-0.004308749999999999,-0.8824595379799418,0.0936932227498839
-0.0043075,-0.8935526154740976,0.09437015529662796
-0.004306249999999999,-0.8861572304779904,0.09437015529662796
-0.004305,-0.8861572304779904,0.09437015529662796
-0.004303749999999999,-0.9046456929682584,0.09606248666348888
-0.0043025,-0.9009480004702047,0.09538555411674451
-0.00430125,-0.9009480004702047,0.09504708784337232
-0.0043,-0.9083433854663086,0.09606248666348842
-0.00429875,-0.9009480004702047,0.09538555411674451
-0.004297499999999999,-0.9046456929682584,0.09640095293686136
-0.00429625,-0.9046456929682584,0.09707788548360544
-0.004294999999999999,-0.9120410779643655,0.09606248666348888
-0.00429375,-0.9231341554585263,0.09673941921023324
-0.004292499999999999,-0.9268318479565798,0.09673941921023324
-0.00429125,-0.9268318479565798,0.09673941921023324
-0.00429,-0.9157387704624191,0.09640095293686106
-0.00428875,-0.9268318479565748,0.09741635175697716
-0.0042875,-0.9342272329526871,0.09707788548360544
-0.004286249999999999,-0.9231341554585246,0.09707788548360652
-0.004285,-0.9194364629604727,0.09944714939721072
-0.004283749999999999,-0.9342272329526871,0.09809328430372198
-0.0042825,-0.9416226179487942,0.09843175057709418
-0.004281249999999999,-0.9268318479565798,0.09741635175697762
-0.00428,-0.9379249254507356,0.09741635175697762
-0.00427875,-0.9416226179487942,0.09843175057709418
-0.004277499999999999,-0.9453203104468494,0.09944714939721087
-0.00427625,-0.9490180029449014,0.0997856156705829
-0.004274999999999999,-0.9342272329526871,0.09910868312383823
-0.00427375,-0.9342272329526871,0.09843175057709418
-0.004272499999999999,-0.9490180029449014,0.09910868312383854
-0.00427125,-0.9490180029449014,0.09843175057709418
-0.004269999999999999,-0.9416226179487942,0.1004625482173273
-0.00426875,-0.9564133879410017,0.1004625482173273
-0.0042675,-0.9638087729371156,0.1001240819439551
-0.004266249999999999,-0.963808772937114,0.1004625482173265
-0.004265,-0.9601110804390621,0.09877021685046636
-0.004263749999999999,-0.9601110804390588,0.09978561567058336
-0.0042625,-0.952715695442955,0.1008010144906995
-0.004261249999999999,-0.9564133879410085,0.0997856156705829
-0.00426,-0.9601110804390621,0.1001240819439551
-0.00425875,-0.9564133879410085,0.1011394807640716
-0.0042575,-0.9638087729371123,0.1004625482173276
-0.00425625,-0.9675064654351693,0.0997856156705829
-0.004254999999999999,-0.9638087729371106,0.1008010144906989
-0.00425375,-0.952715695442955,0.09944714939721072
-0.004252499999999999,-0.9601110804390621,0.1001240819439551
-0.00425125,-0.952715695442955,0.0997856156705829
-0.004249999999999999,-0.9564133879410085,0.1004625482173273
-0.00424875,-0.9638087729371123,0.09843175057709511
-0.0042475,-0.9564133879410085,0.09910868312383854
-0.00424625,-0.9638087729371123,0.1001240819439546
-0.004245,-0.9675064654351693,0.1004625482173273
-0.004243749999999999,-0.9638087729371156,0.1001240819439551
-0.0042425,-0.9638087729371156,0.1001240819439551
-0.004241249999999999,-0.9638087729371156,0.1001240819439551
-0.00424,-0.9601110804390621,0.0997856156705829
-0.004238749999999999,-0.9601110804390621,0.09910868312383854
-0.0042375,-0.963808772937114,0.09944714939721057
-0.00423625,-0.9675064654351693,0.09910868312383854
-0.004235,-0.9564133879410135,0.1001240819439546
-0.00423375,-0.9564133879410085,0.0997856156705829
-0.004232499999999999,-0.9675064654351693,0.1004625482173267
-0.00423125,-0.9675064654351693,0.09910868312383854
-0.004229999999999999,-0.9638087729371156,0.09843175057709418
-0.00422875,-0.952715695442955,0.09843175057709418
-0.004227499999999999,-0.9490180029449014,0.09944714939721072
-0.00422625,-0.9601110804390571,0.09877021685046666
-0.004225,-0.952715695442955,0.09877021685046636
-0.004223749999999999,-0.9601110804390554,0.0997856156705826
-0.0042225,-0.9453203104468477,0.09910868312383854
-0.004221249999999999,-0.9490180029449014,0.0977548180303498
-0.00422,-0.9490180029449014,0.0977548180303498
-0.004218749999999999,-0.9490180029449014,0.0977548180303498
-0.0042175,-0.952715695442955,0.0977548180303498
-0.00421625,-0.9564133879410085,0.0977548180303498
-0.004215,-0.937924925450749,0.09741635175697777
-0.00421375,-0.9379249254507406,0.09843175057709418
-0.004212499999999999,-0.9342272329526887,0.09673941921023339
-0.00421125,-0.9379249254507406,0.09707788548360544
-0.004209999999999999,-0.9379249254507406,0.0977548180303498
-0.00420875,-0.9342272329526871,0.09741635175697762
-0.004207499999999999,-0.9342272329526871,0.0957240203901167
-0.00420625,-0.9342272329526871,0.09707788548360483
-0.004205,-0.9268318479565798,0.09640095293686106
-0.00420375,-0.9231341554585279,0.09504708784337293
-0.0042025,-0.9157387704624191,0.0957240203901167
-0.004201249999999999,-0.919436462960476,0.09572402039011624
-0.0042,-0.9268318479565798,0.09470862157000014
-0.004198749999999999,-0.9194364629604727,0.09470862157000014
-0.0041975,-0.9268318479565798,0.09470862157000014
-0.004196249999999999,-0.9231341554585263,0.09369322274988359
-0.004195,-0.9083433854663187,0.09403168902325562
-0.00419375,-0.9120410779643655,0.09437015529662796
-0.0041925,-0.9046456929682617,0.09437015529662796
-0.00419125,-0.9083433854663119,0.09233935765639485
-0.004189999999999999,-0.9120410779643605,0.09233935765639578
-0.00418875,-0.9009480004702047,0.09437015529662796
-0.004187499999999999,-0.8935526154740976,0.09233935765639485
-0.00418625,-0.8972503079721512,0.09267782392976703
-0.004184999999999999,-0.8861572304779904,0.09166242510965047
-0.00418375,-0.8824595379799385,0.09064702628953439
-0.0041825,-0.8750641529838297,0.09098549256290611
-0.004181249999999999,-0.8824595379799351,0.09030856001616158
-0.00418,-0.8787618454818833,0.08997009374278955
-0.004178749999999999,-0.8787618454818783,0.08997009374278955
-0.0041775,-0.8676687679877225,0.08997009374278955
-0.004176249999999999,-0.8602733829916154,0.09030856001616173
-0.004175,-0.8676687679877225,0.08929316119604519
-0.00417375,-0.8602733829916154,0.08861622864930081
-0.0041725,-0.8602733829916154,0.08793929610255675
-0.00417125,-0.8528779979955081,0.08895469492267301
-0.004169999999999999,-0.8639710754896571,0.08793929610255569
-0.00416875,-0.8380872280032938,0.08624696473569553
-0.004167499999999999,-0.8417849205013458,0.0876008298291835
-0.00416625,-0.8380872280032938,0.08590849846232335
-0.004164999999999999,-0.8269941505091331,0.08557003218895115
-0.00416375,-0.830691843007185,0.08624696473569522
-0.0041625,-0.8343895355052402,0.08557003218895115
-0.00416125,-0.8232964580110845,0.08489309964220709
-0.00416,-0.8232964580110795,0.08353923454871805
-0.004158749999999999,-0.8269941505091263,0.08353923454871805
-0.0041575,-0.8122033805169188,0.08353923454871805
-0.004156249999999999,-0.8048079955208116,0.08252383572860149
-0.004155,-0.7974126105247044,0.08252383572860149
-0.004153749999999999,-0.7974126105247044,0.08286230200197368
-0.0041525,-0.7974126105247044,0.08116997063511353
-0.00415125,-0.7974126105247044,0.08184690318185713
-0.00415,-0.7900172255286005,0.07981610554162495
-0.00414875,-0.7900172255285972,0.08083150436174057
-0.004147499999999999,-0.7826218405324833,0.07947763926825152
-0.00414625,-0.7678310705402758,0.07880070672150746
-0.004144999999999999,-0.7752264555363829,0.07913917299487964
-0.00414375,-0.7678310705402758,0.07981610554162402
-0.004142499999999999,-0.7604356855441686,0.0777853079013909
-0.00414125,-0.7567379930461167,0.07643144280790279
-0.00414,-0.7456449155519542,0.07676990908127436
-0.004138749999999999,-0.7567379930461082,0.0767699090812739
-0.0041375,-0.7419472230539007,0.0757545102611578
-0.004136249999999999,-0.7308541455597383,0.07609297653452905
-0.004135,-0.7271564530616863,0.07406217889429688
-0.004133749999999999,-0.7160633755675255,0.0737237126209247
-0.0041325,-0.7049702980733649,0.07304678007418032
-0.00413125,-0.7197610680655792,0.07304678007418032
-0.00413,-0.7234587605636311,0.07372371262092439
-0.00412875,-0.7197610680655792,0.07270831380080814
-0.004127499999999999,-0.7049702980733548,0.07101598243394722
-0.00412625,-0.6827841430850433,0.07101598243394722
-0.004124999999999999,-0.6901795280811471,0.07135444870731847
-0.00412375,-0.6827841430850433,0.06932365106708629
-0.004122499999999999,-0.6753887580889362,0.06966211734045848
-0.00412125,-0.6753887580889362,0.06932365106708645
-0.00412,-0.6716910655908825,0.06864671852034193
-0.00411875,-0.6642956805947787,0.06593898833336569
-0.0041175,-0.6642956805947754,0.06763131970022537
-0.004116249999999999,-0.6569002955986615,0.06593898833336491
-0.004115,-0.6421095256064538,0.06695438715348101
-0.004113749999999999,-0.6421095256064538,0.06560052205999227
-0.0041125,-0.6236210631161859,0.06526205578662007
-0.004111249999999999,-0.6310164481122932,0.06323125814638697
-0.00411,-0.6273187556142412,0.06390819069313104
-0.00410875,-0.6236210631161859,0.06289279187301479
-0.0041075,-0.6088302931239784,0.06221585932627073
-0.00410625,-0.6088302931239716,0.06187739305289824
-0.004104999999999999,-0.5977372156298075,0.06120046050615371
-0.00410375,-0.5903418306337037,0.06086199423278169
-0.004102499999999999,-0.5829464456375966,0.05883119659254858
-0.00410125,-0.5866441381356501,0.05883119659254858
-0.004099999999999999,-0.5681556756453822,0.05781579777243202
-0.00409875,-0.5681556756453822,0.05713886522568797
-0.0040975,-0.5644579831473286,0.05713886522568766
-0.004096249999999999,-0.5570625981512215,0.05747733149905907
-0.004095,-0.5570625981512215,0.05578500013219892
-0.004093749999999999,-0.5385741356609519,0.05612346640557018
-0.0040925,-0.5348764431629,0.054092668765338
-0.004091249999999999,-0.5311787506648463,0.05341573621859362
-0.00409,-0.5200856731706857,0.05240033739847708
-0.00408875,-0.5200856731706857,0.05307726994522144
-0.0040875,-0.5163879806726337,0.05172340485173332
-0.00408625,-0.5126902881745784,0.05070800603161614
-0.004084999999999999,-0.4942018256843139,0.04969260721149975
-0.00408375,-0.5015972106804176,0.05003107348487178
-0.004082499999999999,-0.4868064406882,0.04969260721149944
-0.00408125,-0.4794110556920962,0.04935414093812741
-0.004079999999999999,-0.4831087481901498,0.04935414093812741
-0.00407875,-0.4646202856998902,0.04630794447777914
-0.0040775,-0.4572249007037747,0.04563101193103337
-0.00407625,-0.4535272082057228,0.0469848770245215
-0.004075,-0.4535272082057211,0.04563101193103337
-0.004073749999999999,-0.4461318232096072,0.04326174801742839
-0.0040725,-0.4313410532173996,0.04393868056417245
-0.004071249999999999,-0.4202479757232389,0.04258481547068371
-0.00407,-0.4165502832251853,0.04224634919731153
-0.004068749999999999,-0.4017595132329709,0.04156941665056717
-0.0040675,-0.4091548982290747,0.04224634919731123
-0.00406625,-0.3980618207349174,0.04055401783045061
-0.004065,-0.3869687432407616,0.03852322019021843
-0.00406375,-0.383271050742703,0.03920015273696187
-0.004062499999999999,-0.3832710507426963,0.03716935509672892
-0.00406125,-0.3684802807504887,0.03750782137010095
-0.004059999999999999,-0.3610848957543815,0.03649242254998439
-0.00405875,-0.3684802807504887,0.03615395627661221
-0.004057499999999999,-0.3536895107582744,0.03446162490975128
-0.00405625,-0.3352010482680148,0.03480009118312331
-0.004055,-0.3315033557699528,0.03378469236300692
-0.004053749999999999,-0.3388987407660516,0.03310775981626177
-0.0040525,-0.3204102782757921,0.03141542844940162
-0.004051249999999999,-0.3056195082835761,0.02938463080916837
-0.00405,-0.3019218157855242,0.02904616453579633
-0.004048749999999999,-0.2982241232874706,0.02938463080916852
-0.0040475,-0.2760379682991491,0.0297230970825407
-0.004046249999999999,-0.2834333532952563,0.02870769826242415
-0.004045,-0.2834333532952563,0.02870769826242415
-0.00404375,-0.2760379682991491,0.02803076571567978
-0.004042499999999999,-0.2686425833030352,0.0263384343488187
-0.00404125,-0.2538518133108276,0.02599996807544667
-0.004039999999999999,-0.2501541208127673,0.02599996807544513
-0.00403875,-0.2353633508205597,0.02261530534172483
-0.004037499999999999,-0.2316656583225061,0.02329223788846919
-0.00403625,-0.2242702733264023,0.0222768390683531
-0.004035,-0.2168748883302918,0.02126144024823609
-0.00403375,-0.205781810836136,0.01990757515474796
-0.0040325,-0.1983864258400238,0.01923064260800298
-0.004031249999999999,-0.1872933483458614,0.02024604142811877
-0.00403,-0.1835956558478095,0.01855371006125861
-0.004028749999999999,-0.1762002708517023,0.01821524378788643
-0.0040275,-0.1762002708517023,0.01821524378788643
-0.004026249999999999,-0.1725025783536487,0.01550751360090895
-0.004025,-0.1429210383692335,0.01347671596067677
-0.00402375,-0.1503164233653272,0.01415364850742021
-0.0040225,-0.1355256533731196,0.01347671596067615
-0.00402125,-0.1318279608750593,0.01313824968730366
-0.004019999999999999,-0.1170371908828433,0.0121228508671871
-0.00401875,-0.1133394983847914,0.0121228508671871
-0.004017499999999999,-0.1133394983847914,0.01110745204707055
-0.00401625,-0.1059441133886842,0.010092053226954
-0.004014999999999999,-0.1059441133886842,0.009753586953581812
-0.00401375,-0.09854872839258041,0.00873818813346572
-0.0040125,-0.08745565089841631,0.007722789313348704
-0.004011249999999999,-0.07636257340424715,0.007384323039975751
-0.00401,-0.05787411091398764,0.005691991673115597
-0.004008749999999999,-0.05417641841592733,0.004676592852998582
-0.0040075,-0.03938564842371972,0.00366119403288249
-0.004006249999999999,-0.0430833409217733,0.005353525399743412
-0.004005,-0.04678103341982689,0.00298426148613812
-0.004003749999999999,-0.02459487843150538,0.00298426148613812
-0.0040025,-0.02089718593345348,0.001291930119277967
-0.00400125,-0.009804108439291047,0.0006149975725328283
-0.003999999999999999,0.00128896905487643,-0.001077333794328403
-0.00399875,0.01607973904708404,-0.001754266341072464
-0.003997499999999999,0.01238204654903382,-0.003108131434561202
-0.00399625,0.01977743154513762,-0.003108131434561202
-0.003994999999999999,0.03456820153735196,-0.003108131434561202
-0.00399375,0.03456820153735196,-0.005138929074793387
-0.0039925,0.04566127903151271,-0.00513892907479431
-0.00399125,0.04566127903151271,-0.005815861621538371
-0.00399,0.05305666402761988,-0.006831260441655233
-0.003988749999999999,0.07524281901594138,-0.008185125535143816
-0.0039875,0.07524281901594138,-0.007846659261771787
-0.003986249999999999,0.09003358900815572,-0.01055438944874926
-0.003985,0.09003358900815572,-0.01021592317537708
-0.003983749999999999,0.09742897400426288,-0.01055438944874926
-0.0039825,0.1011266665023148,-0.01156978826886535
-0.00398125,0.1085220514984236,-0.01224672081561019
-0.00398,0.1122197439964755,-0.01190825454223816
-0.00397875,0.1307082064867451,-0.01393905218247111
-0.003977499999999999,0.1307082064867502,-0.0136005859091
-0.00397625,0.1418012839809059,-0.01596984982270422
-0.003974999999999999,0.167685131467281,-0.0163083160960764
-0.00397375,0.1750805164633882,-0.01698524864282077
-0.003972499999999999,0.167685131467281,-0.01698524864282077
-0.00397125,0.1713828239653329,-0.01901604628305295
-0.00397,0.1787782089614417,-0.01833911373630951
-0.003968749999999999,0.1824759014594987,-0.02003144510317028
-0.0039675,0.1898712864556025,-0.01969297882979825
-0.003966249999999999,0.2083597489458738,-0.02172377647003166
-0.003965,0.2157551339419776,-0.02240070901677572
-0.003963749999999999,0.2305459039341919,-0.02476997293038102
-0.0039625,0.2416389814283527,-0.02409304038363665
-0.003961249999999999,0.2379412889302991,-0.02544690547712538
-0.00396,0.2379412889302991,-0.02544690547712538
-0.00395875,0.256429751420567,-0.02612383802386975
-0.003957499999999999,0.256429751420567,-0.02680077057061428
-0.00395625,0.256429751420567,-0.02713923684398631
-0.003954999999999999,0.2786159064088868,-0.02984696703096317
-0.00395375,0.2749182139108349,-0.02849310193747505
-0.003952499999999999,0.2860112914049956,-0.02917003448421942
-0.00395125,0.2897089839030492,-0.03018543330433597
-0.00395,0.3044997538952636,-0.03153929839782471
-0.00394875,0.3081974463933155,-0.03289316349131283
-0.0039475,0.3266859088835851,-0.03458549485817437
-0.003946249999999999,0.3266859088835901,-0.03357009603805843
-0.003945,0.3377789863777458,-0.03492396113154655
-0.003943749999999999,0.3377789863777458,-0.03390856231143
-0.0039425,0.3303836013816387,-0.03458549485817437
-0.003941249999999999,0.3562674488680138,-0.0362778262250353
-0.00394,0.3673605263621695,-0.03830862386526748
-0.00393875,0.3821512963543888,-0.0383086238652684
-0.0039375,0.3710582188602332,-0.03797015759189637
-0.00393625,0.3858489888524425,-0.04000095523212932
-0.003934999999999999,0.3895466813505011,-0.03966248895875744
-0.00393375,0.4006397588446567,-0.0403394215055015
-0.003932499999999999,0.4006397588446567,-0.04203175287236242
-0.00393125,0.4117328363388175,-0.04203175287236242
-0.003929999999999999,0.4191282213349247,-0.04203175287236242
-0.00392875,0.4228259138329766,-0.0427086854191065
-0.0039275,0.4302212988290854,-0.0447394830593399
-0.003926249999999999,0.4413143763232512,-0.04609334815282834
-0.003925,0.4524074538174069,-0.04541641560608428
-0.003923749999999999,0.4524074538174153,-0.04575488187945708
-0.0039225,0.4708959163076749,-0.0471087469729452
-0.003921249999999999,0.4671982238096213,-0.04677028069957301
-0.00392,0.4671982238096213,-0.04880107833980613
-0.003918749999999999,0.4745936088057284,-0.04880107833980613
-0.0039175,0.4856866862998842,-0.04947801088655018
-0.00391625,0.4893843787979428,-0.05049340970666705
-0.003914999999999999,0.4893843787979495,-0.05049340970666766
-0.00391375,0.5041751487901571,-0.05184727480015579
-0.003912499999999999,0.5226636112804318,-0.05320113989364436
-0.00391125,0.5374543812726393,-0.05286267362027233
-0.003909999999999999,0.5337566887745858,-0.05455500498713325
-0.00390875,0.5448497662687465,-0.05489347126050545
-0.0039075,0.5337566887745858,-0.05489347126050545
-0.00390625,0.5522451512648453,-0.0565858026273656
-0.003905,0.5559428437629073,-0.05557040380724981
-0.00390375,0.5559428437629073,-0.05624733635399418
-0.0039025,0.5781289987512288,-0.05861660026759948
-0.00390125,0.5707336137551217,-0.05827813399422729
-0.0039,0.5744313062531752,-0.05929353281434384
-0.00389875,0.585524383747336,-0.06064739790783258
-0.0038975,0.5966174612414967,-0.05997046536108822
-0.00389625,0.6003151537395502,-0.06166279672794914
-0.003895,0.6040128462376039,-0.06098586418120476
-0.00389375,0.611408231233711,-0.06301666182143788
-0.0038925,0.6261990012259254,-0.06166279672794914
-0.00389125,0.6335943862220326,-0.06369359436818224
-0.00389,0.6298966937239789,-0.06437052691492662
-0.00388875,0.6409897712181397,-0.06504745946167098
-0.0038875,0.6409897712181397,-0.06437052691492662
-0.00388625,0.6483851562142469,-0.06538592573504316
-0.003885,0.6668736187045148,-0.06741672337527628
-0.00388375,0.6668736187045148,-0.06741672337527628
-0.0038825,0.6594782337084076,-0.0670782571019041
-0.00388125,0.6742690037006219,-0.06877058846876502
-0.00388,0.6853620811947827,-0.06877058846876502
-0.00387875,0.6779666961986756,-0.0691090547421372
-0.0038775,0.6927574661908898,-0.0691090547421372
-0.00387625,0.6964551586889435,-0.07046291983562594
-0.003875,0.6927574661908898,-0.07012445356225375
-0.00387375,0.7038505436850506,-0.07147831865574249
-0.0038725,0.7112459286811578,-0.07283218374923123
-0.00387125,0.7149436211792114,-0.07249371747585905
-0.00387,0.7223390061753185,-0.07283218374923123
-0.00386875,0.7223390061753185,-0.07249371747585905
-0.0038675,0.7334320836694793,-0.07452451511609215
-0.00386625,0.7408274686655865,-0.07452451511609215
-0.003865,0.7593159311558544,-0.07452451511609215
-0.00386375,0.7519205461597472,-0.07621684648295307
-0.0038625,0.7593159311558544,-0.07553991393620871
-0.00386125,0.763013623653908,-0.07858611039655837
-0.00386,0.763013623653908,-0.07655531275632527
-0.00385875,0.7704090086500152,-0.07757071157644181
-0.0038575,0.7741067011480688,-0.07790917784981399
-0.00385625,0.7888974711402831,-0.07993997549004711
-0.003855,0.7925951636383366,-0.07926304294330273
-0.00385375,0.7925951636383366,-0.07824764412318619
-0.0038525,0.7851997786422295,-0.07960150921667491
-0.00385125,0.7999905486344439,-0.07926304294330273
-0.00385,0.7962928561363902,-0.08129384058353585
-0.00384875,0.8147813186266581,-0.08163230685690803
-0.0038475,0.8110836261286045,-0.08163230685690803
-0.00384625,0.8147813186266581,-0.08264770567702458
-0.003845,0.8258743961208189,-0.08197077313028021
-0.00384375,0.8258743961208189,-0.0823092394036524
-0.0038425,0.8369674736149797,-0.08366310449714114
-0.00384125,0.8369674736149797,-0.08400157077051332
-0.00384,0.8554559361052476,-0.08603236841074643
-0.00383875,0.851758243607194,-0.08535543586400206
-0.0038375,0.8554559361052476,-0.08467850331725769
-0.00383625,0.8480605511091404,-0.08603236841074643
-0.003835,0.851758243607194,-0.08637083468411862
-0.00383375,0.8591536286033011,-0.08603236841074643
-0.0038325,0.8702467060974619,-0.08738623350423516
-0.00383125,0.8813397835916227,-0.08637083468411862
-0.00383,0.8813397835916227,-0.0867093009574908
-0.00382875,0.8739443985955155,-0.08738623350423516
-0.0038275,0.8739443985955155,-0.08738623350423516
-0.00382625,0.8887351685877298,-0.09009396369121264
-0.003825,0.8998282460818906,-0.09043242996458482
-0.00382375,0.8924328610857835,-0.08975549741784046
-0.0038225,0.896130553583837,-0.08975549741784046
-0.00382125,0.8887351685877298,-0.09043242996458482
-0.00382,0.896130553583837,-0.09077089623795702
-0.00381875,0.9109213235760514,-0.09043242996458482
-0.0038175,0.9072236310779977,-0.08975549741784046
-0.00381625,0.9183167085721585,-0.09246322760481794
-0.003815,0.9294097860663193,-0.09246322760481794
-0.00381375,0.922014401070212,-0.09144782878470138
-0.0038125,0.922014401070212,-0.09212476133144575
-0.00381125,0.9257120935682657,-0.09381709269830668
-0.00381,0.9368051710624264,-0.09280169387819012
-0.00380875,0.9294097860663193,-0.09347862642493449
-0.0038075,0.9368051710624264,-0.09449402524505104
-0.00380625,0.9478982485565872,-0.0931401601515623
-0.003805,0.9442005560585336,-0.09381709269830668
-0.00380375,0.94050286356048,-0.09415555897167886
-0.0038025,0.9515959410546407,-0.09517095779179541
-0.00380125,0.9515959410546407,-0.09618635661191197
-0.0038,0.9515959410546407,-0.09483249151842323
-0.00379875,0.9552936335526944,-0.0955094240651676
-0.0037975,0.9552936335526944,-0.09483249151842323
-0.00379625,0.9589913260507479,-0.0955094240651676
-0.003795,0.9626890185488015,-0.09618635661191197
-0.00379375,0.9811774810390694,-0.09754022170540071
-0.0037925,0.9663867110468551,-0.09618635661191197
-0.00379125,0.9663867110468551,-0.09618635661191197
-0.00379,0.9700844035449087,-0.09584789033853978
-0.00378875,0.9700844035449087,-0.09652482288528415
-0.0037875,0.9848751735371231,-0.09787868797877289
-0.00378625,0.9811774810390694,-0.09754022170540071
-0.003785,0.9922705585332302,-0.09720175543202852
-0.00378375,0.9922705585332302,-0.09686328915865633
-0.0037825,0.9848751735371231,-0.09821715425214507
-0.00378125,0.9885728660351766,-0.09720175543202852
-0.00378,0.9885728660351766,-0.09821715425214507
-0.00377875,0.9885728660351766,-0.09889408679888945
-0.0037775,0.9885728660351766,-0.09855562052551727
-0.00377625,0.9922705585332302,-0.09787868797877289
-0.003775,0.9959682510312837,-0.09889408679888945
-0.00377375,0.9922705585332302,-0.09787868797877289
-0.0037725,0.9996659435293372,-0.09923255307226163
-0.00377125,0.9959682510312837,-0.09923255307226163
-0.00377,0.9959682510312837,-0.09923255307226163
-0.00376875,1.003363636027391,-0.09889408679888945
-0.0037675,1.007061328525444,-0.09787868797877289
-0.00376625,0.9996659435293372,-0.09957101934563381
-0.003765,1.010759021023498,-0.1009248844391226
-0.00376375,1.014456713521552,-0.09990948561900599
-0.0037625,1.003363636027391,-0.09923255307226163
-0.00376125,1.003363636027391,-0.09923255307226163
-0.00376,0.9996659435293372,-0.09923255307226163
-0.00375875,0.9996659435293372,-0.09923255307226163
-0.0037575,1.010759021023498,-0.09990948561900599
-0.00375625,1.010759021023498,-0.09923255307226163
-0.003755,1.010759021023498,-0.1002479518923782
-0.00375375,1.007061328525444,-0.09990948561900599
-0.0037525,1.007061328525444,-0.09923255307226163
-0.00375125,1.018154406019605,-0.09889408679888945
-0.00375,1.003363636027391,-0.09889408679888945
-0.00374875,1.003363636027391,-0.09957101934563381
-0.0037475,1.014456713521552,-0.1009248844391226
-0.00374625,1.014456713521552,-0.09889408679888945
-0.003745,0.9996659435293372,-0.09923255307226163
-0.00374375,1.010759021023498,-0.09889408679888945
-0.0037425,1.010759021023498,-0.09957101934563381
-0.00374125,1.014456713521552,-0.09889408679888945
-0.00374,1.007061328525444,-0.09889408679888945
-0.00373875,1.003363636027391,-0.09787868797877289
-0.0037375,1.010759021023498,-0.09990948561900599
-0.00373625,1.010759021023498,-0.09889408679888945
-0.003735,0.9959682510312837,-0.09855562052551727
-0.00373375,0.9996659435293372,-0.09889408679888945
-0.0037325,0.9996659435293372,-0.09855562052551727
-0.00373125,1.007061328525444,-0.09990948561900599
-0.00373,1.010759021023498,-0.09787868797877289
-0.00372875,1.003363636027391,-0.09855562052551727
-0.0037275,1.003363636027391,-0.09923255307226163
-0.00372625,0.9885728660351766,-0.09821715425214507
-0.003725,0.9996659435293372,-0.09821715425214507
-0.00372375,0.9996659435293372,-0.09957101934563381
-0.0037225,0.9996659435293372,-0.09787868797877289
-0.00372125,0.9959682510312837,-0.09686328915865633
-0.00372,0.9922705585332302,-0.09686328915865633
-0.00371875,1.007061328525444,-0.09787868797877289
-0.0037175,0.9959682510312837,-0.09787868797877289
-0.00371625,0.9996659435293372,-0.09821715425214507
-0.003715,0.9922705585332302,-0.09652482288528415
-0.00371375,0.9885728660351766,-0.09618635661191197
-0.0037125,0.9922705585332302,-0.09720175543202852
-0.00371125,0.9811774810390694,-0.09584789033853978
-0.00371,0.9811774810390694,-0.09652482288528415
-0.00370875,0.9848751735371231,-0.09720175543202852
-0.0037075,0.9848751735371231,-0.09652482288528415
-0.00370625,0.9885728660351766,-0.09686328915865633
-0.003705,0.9848751735371231,-0.09483249151842323
-0.00370375,0.9700844035449087,-0.09381709269830668
-0.0037025,0.9737820960429623,-0.0955094240651676
-0.00370125,0.9737820960429623,-0.0955094240651676
-0.0037,0.9700844035449087,-0.09381709269830668
-0.00369875,0.9626890185488015,-0.09517095779179541
-0.0036975,0.9626890185488015,-0.09347862642493449
-0.00369625,0.9589913260507479,-0.0931401601515623
-0.003695,0.9626890185488015,-0.0931401601515623
-0.00369375,0.9552936335526944,-0.09212476133144575
-0.0036925,0.9478982485565872,-0.09246322760481794
-0.00369125,0.9552936335526944,-0.09246322760481794
-0.00369,0.9478982485565872,-0.09178629505807356
-0.00368875,0.9368051710624264,-0.09178629505807356
-0.0036875,0.9442005560585336,-0.09144782878470138
-0.00368625,0.9368051710624264,-0.09280169387819012
-0.003685,0.9515959410546407,-0.09178629505807356
-0.00368375,0.9478982485565872,-0.09077089623795702
-0.0036825,0.9368051710624264,-0.09043242996458482
-0.00368125,0.9183167085721585,-0.08975549741784046
-0.00368,0.9183167085721585,-0.09043242996458482
-0.00367875,0.9257120935682657,-0.09043242996458482
-0.0036775,0.922014401070212,-0.0890785648710961
-0.00367625,0.9146190160741049,-0.08738623350423516
-0.003675,0.9109213235760514,-0.08840163232435172
-0.00367375,0.9072236310779977,-0.08772469977760736
-0.0036725,0.9035259385799441,-0.08806316605097954
-0.00367125,0.896130553583837,-0.08603236841074643
-0.00367,0.896130553583837,-0.0867093009574908
-0.00366875,0.896130553583837,-0.08738623350423516
-0.0036675,0.8924328610857835,-0.08535543586400206
-0.00366625,0.896130553583837,-0.08501696959062988
-0.003665,0.8776420910935691,-0.08501696959062988
-0.00366375,0.8887351685877298,-0.08501696959062988
-0.0036625,0.8776420910935691,-0.0843400370438855
-0.00366125,0.8813397835916227,-0.0843400370438855
-0.00366,0.8702467060974619,-0.0843400370438855
-0.00365875,0.8628513211013548,-0.08332463822376895
-0.0036575,0.8480605511091404,-0.0823092394036524
-0.00365625,0.8591536286033011,-0.08264770567702458
-0.003655,0.8554559361052476,-0.08061690803679147
-0.00365375,0.851758243607194,-0.08197077313028021
-0.0036525,0.851758243607194,-0.08027844176341929
-0.00365125,0.8369674736149797,-0.08061690803679147
-0.00365,0.8369674736149797,-0.07960150921667491
-0.00364875,0.8258743961208189,-0.07960150921667491
-0.0036475,0.8147813186266581,-0.07993997549004711
-0.00364625,0.8184790111247118,-0.07824764412318619
-0.003645,0.8258743961208189,-0.07858611039655837
-0.00364375,0.8258743961208189,-0.07824764412318619
-0.0036425,0.8184790111247118,-0.07723224530306963
-0.00364125,0.7999905486344439,-0.07587838020958089
-0.00364,0.7962928561363902,-0.07587838020958089
-0.00363875,0.7851997786422295,-0.07553991393620871
-0.0036375,0.7888974711402831,-0.07452451511609215
-0.00363625,0.7815020861441759,-0.07452451511609215
-0.003635,0.7778043936461223,-0.07418604884271997
-0.00363375,0.7704090086500152,-0.07452451511609215
-0.0036325,0.7741067011480688,-0.07317065002260341
-0.00363125,0.763013623653908,-0.07215525120248686
-0.00363,0.7704090086500152,-0.07283218374923123
-0.00362875,0.7482228536616936,-0.07147831865574249
-0.0036275,0.7482228536616936,-0.07147831865574249
-0.00362625,0.7482228536616936,-0.07046291983562594
-0.003625,0.7334320836694793,-0.06944752101550938
-0.00362375,0.7260366986733722,-0.06775518964864846
-0.0036225,0.7223390061753185,-0.06843212219539282
-0.00362125,0.7334320836694793,-0.06843212219539282
-0.00362,0.7260366986733722,-0.06843212219539282
-0.00361875,0.718641313677265,-0.0670782571019041
-0.0036175,0.7075482361831043,-0.06640132455515972
-0.00361625,0.6890597736928363,-0.06606285828178754
-0.003615,0.6890597736928363,-0.06572439200841536
-0.00361375,0.6779666961986756,-0.06335512809481006
-0.0036125,0.6890597736928363,-0.06301666182143788
-0.00361125,0.6742690037006219,-0.0626781955480657
-0.00361,0.6779666961986756,-0.06369359436818224
-0.00360875,0.6705713112025684,-0.06200126300132132
-0.0036075,0.655780541210354,-0.06098586418120476
-0.00360625,0.6483851562142469,-0.0623397292746935
-0.003605,0.6446874637161933,-0.05997046536108822
-0.00360375,0.6372920787200861,-0.05997046536108822
-0.0036025,0.6335943862220326,-0.05895506654097166
-0.00360125,0.6298966937239789,-0.05760120144748292
-0.0036,0.6261990012259254,-0.05895506654097166
-0.00359875,0.6261990012259254,-0.05692426890073855
-0.0035975,0.6225013087278718,-0.05658580262736637
-0.00359625,0.6188036162298182,-0.05624733635399418
-0.003595,0.6040128462376039,-0.05590887008062199
-0.00359375,0.585524383747336,-0.05523193753387763
-0.0035925,0.585524383747336,-0.05353960616701671
-0.00359125,0.5781289987512288,-0.05320113989364451
-0.00359,0.5781289987512288,-0.05252420734690015
-0.00358875,0.5744313062531752,-0.05218574107352797
-0.0035875,0.5596405362609609,-0.05049340970666705
-0.00358625,0.5559428437629073,-0.04981647715992267
-0.003585,0.5374543812726393,-0.04947801088655049
-0.00358375,0.5485474587668001,-0.04846261206643393
-0.0035825,0.5263613037784786,-0.04846261206643393
-0.00358125,0.5337566887745858,-0.04677028069957301
-0.00358,0.5189659187823714,-0.04744721324631739
-0.00357875,0.5115705337862643,-0.04643181442620083
-0.0035775,0.5041751487901571,-0.04575488187945646
-0.00357625,0.5115705337862643,-0.04507794933271209
-0.003575,0.4967797637940499,-0.04541641560608428
-0.00357375,0.4930820712959963,-0.04372408423922335
-0.0035725,0.478291301303782,-0.04304715169247898
-0.00357125,0.4708959163076749,-0.04135482032561806
-0.00357,0.4745936088057284,-0.04135482032561806
-0.00356875,0.4671982238096213,-0.04101635405224588
-0.0035675,0.4598028388135141,-0.0406778877788737
-0.00356625,0.4561051463154605,-0.03966248895875714
-0.003565,0.4450120688212998,-0.0383086238652684
-0.00356375,0.4265236063310319,-0.03932402268538496
-0.0035625,0.4302212988290854,-0.03661629249840748
-0.00356125,0.4228259138329782,-0.03560089367829092
-0.00356,0.4117328363388175,-0.03458549485817437
-0.00355875,0.3969420663466032,-0.03390856231143
-0.0035575,0.4006397588446567,-0.03492396113154655
-0.00355625,0.389546681350496,-0.03424702858480218
-0.003555,0.3858489888524425,-0.03289316349131345
-0.00355375,0.3821512963543888,-0.03221623094456907
-0.0035525,0.3784536038563353,-0.03153929839782471
-0.00355125,0.3673605263621745,-0.03120083212445252
-0.00355,0.3525697563699602,-0.03086236585108034
-0.00354875,0.3562674488680138,-0.0295085007575916
-0.0035475,0.3266859088835851,-0.02747770311735849
-0.00354625,0.3229882163855315,-0.02747770311735849
-0.003545,0.3192905238874779,-0.02646230429724194
-0.00354375,0.3155928313894243,-0.02646230429724194
-0.0035425,0.3155928313894243,-0.02476997293038102
-0.00354125,0.3081974463933171,-0.02443150665700883
-0.00354,0.30080206139721,-0.02341610783689228
-0.00353875,0.2934066764011029,-0.02307764156352009
-0.0035375,0.2786159064088885,-0.02206224274340354
-0.00353625,0.2749182139108349,-0.0207083776499148
-0.003535,0.2638251364166742,-0.0207083776499148
-0.00353375,0.256429751420567,-0.01969297882979825
-0.0035325,0.2490343664244598,-0.01935451255642606
-0.00353125,0.2305459039341919,-0.01833911373630951
-0.00353,0.2342435964322455,-0.01664678236944859
-0.00352875,0.2305459039341919,-0.01596984982270422
-0.0035275,0.2194528264400311,-0.01596984982270422
-0.00352625,0.212057441443924,-0.01563138354933203
-0.003525,0.2083597489458704,-0.01529291727595985
-0.00352375,0.1898712864556025,-0.01326211963572674
-0.0035225,0.1861735939575489,-0.01326211963572674
-0.00352125,0.1713828239653346,-0.01156978826886582
-0.00352,0.1639874389692274,-0.01156978826886582
-0.00351875,0.1565920539731202,-0.009200524355260524
-0.0035175,0.1602897464711738,-0.01021592317537708
-0.00351625,0.1639874389692274,-0.009538990628632709
-0.003515,0.1418012839809059,-0.00818512553514397
-0.00351375,0.1454989764789595,-0.007508192988399602
-0.0035125,0.1159174364945308,-0.007169726715027417
-0.00351125,0.1122197439964772,-0.005477395348166494
-0.00351,0.1159174364945308,-0.006492794168283048
-0.00350875,0.1122197439964772,-0.004123530254677756
-0.0035075,0.0937312815062093,-0.003108131434561202
-0.00350625,0.09742897400426288,-0.003446597707933387
-0.003505,0.08633589651010214,-0.001754266341072464
-0.00350375,0.07524281901594138,-0.001077333794328095
-0.0035025,0.06784743401983422,-6.19349742115409e-05
-0.00350125,0.06045204902372704,0.0009534638459050128
-0.0035,0.06045204902372704,0.0006149975725328283
-0.00349875,0.04196358653345913,0.00366119403288249
-0.0034975,0.03087050903929837,0.00298426148613812
-0.00349625,0.03087050903929837,0.004338126579626859
-0.003495,0.01977743154513762,0.005015059126371228
-0.00349375,0.01977743154513762,0.004676592852999043
-0.0034925,0.01238204654903046,0.005353525399743412
-0.00349125,-0.006106415941237463,0.006707390493232151
-0.00349,-0.01719949343539821,0.008738188133465259
-0.00348875,-0.02459487843150538,0.009076654406837442
-0.0034875,-0.03199026342761255,0.009415120680209627
-0.00348625,-0.03568795592566613,0.010092053226954
-0.003485,-0.03568795592566613,0.01043051950032618
-0.00348375,-0.05047872591788047,0.01144591832044273
-0.0034825,-0.0652694959100948,0.01246131714055929
-0.00348125,-0.06896718840814839,0.01279978341393147
-0.00348,-0.08375795840036272,0.0144921147807924
-0.00347875,-0.08375795840036272,0.01483058105416458
-0.0034775,-0.08745565089841631,0.01415364850742021
-0.00347625,-0.08745565089841631,0.01550751360090895
-0.003475,-0.09854872839257706,0.01686137869439769
-0.00347375,-0.1096418058867378,0.01855371006125861
-0.0034725,-0.1281302683770057,0.0188921763346308
-0.00347125,-0.1244325758789522,0.0188921763346308
-0.00347,-0.1355256533731129,0.02024604142811954
-0.00346875,-0.1466187308672736,0.02024604142811954
-0.0034675,-0.1503164233653272,0.02159990652160827
-0.00346625,-0.1540141158633808,0.02363070416184138
-0.003465,-0.1688048858555952,0.02227683906835264
-0.00346375,-0.161409500859488,0.02363070416184138
-0.0034625,-0.1835956558478095,0.02430763670858575
-0.00346125,-0.1946887333419702,0.02498456925533012
-0.00346,-0.1946887333419702,0.02599996807544667
-0.00345875,-0.2094795033341846,0.02803076571567978
-0.0034575,-0.2131771958322382,0.02904616453579633
-0.00345625,-0.2205725808283453,0.02769229944230759
-0.003455,-0.2205725808283453,0.02870769826242415
-0.00345375,-0.2427587358166668,0.02904616453579633
-0.0034525,-0.250154120812774,0.0317538947227738
-0.00345125,-0.2538518133108276,0.03107696217602944
-0.00345,-0.2464564283147204,0.0317538947227738
-0.00344875,-0.2575495058088811,0.03310775981626254
-0.0034475,-0.2649448908049883,0.03310775981626254
-0.00344625,-0.2686425833030419,0.03344622608963474
-0.003445,-0.2908287382913634,0.03513855745649566
-0.00344375,-0.294526430789417,0.03480009118312347
-0.0034425,-0.3019218157855242,0.03716935509672877
-0.00344125,-0.3019218157855242,0.03784628764347313
-0.00344,-0.3130148932796849,0.03784628764347313
-0.00343875,-0.3204102782757921,0.03953861901033405
-0.0034375,-0.33889874076606,0.03953861901033405
-0.00343625,-0.3315033557699528,0.03987708528370625
-0.003435,-0.33889874076606,0.04055401783045061
-0.00343375,-0.3462941257621672,0.04156941665056717
-0.0034325,-0.3536895107582744,0.04224634919731153
-0.00343125,-0.3425964332641136,0.04156941665056717
-0.00343,-0.3721779732485423,0.04427714683754463
-0.00342875,-0.383271050742703,0.04461561311091683
-0.0034275,-0.3869687432407566,0.04427714683754463
-0.00342625,-0.4017595132329709,0.04596947820440556
-0.003425,-0.3980618207349174,0.04664641075114993
-0.00342375,-0.4017595132329709,0.04664641075114993
-0.0034225,-0.4165502832251853,0.04833874211801086
-0.00342125,-0.4165502832251853,0.04833874211801086
-0.00342,-0.4239456682212924,0.05003107348487178
-0.00341875,-0.4313410532173996,0.05003107348487178
-0.0034175,-0.4350387457154532,0.05070800603161614
-0.00341625,-0.4461318232096139,0.05138493857836052
-0.003415,-0.4572249007037747,0.05273880367184926
-0.00341375,-0.4646202856998818,0.05240033739847708
-0.0034125,-0.472015670695989,0.05273880367184926
-0.00341125,-0.4868064406882034,0.05443113503871018
-0.00341,-0.4831087481901498,0.05476960131208236
-0.00340875,-0.4794110556920962,0.05443113503871018
-0.0034075,-0.490504133186257,0.05680039895231546
-0.00340625,-0.4942018256843105,0.0561234664055711
-0.003405,-0.5052949031784713,0.05747733149905984
-0.00340375,-0.516387980672632,0.05747733149905984
-0.0034025,-0.5237833656687392,0.05950812913929295
-0.00340125,-0.5348764431629,0.05883119659254858
-0.0034,-0.5311787506648463,0.06018506168603731
-0.00339875,-0.5385741356609536,0.05984659541266513
-0.0033975,-0.5422718281590071,0.06086199423278169
-0.00339625,-0.5496672131551142,0.0605235279594095
-0.003395,-0.5496672131551142,0.06153892677952605
-0.00339375,-0.5644579831473286,0.06255432559964261
-0.0033925,-0.5829464456375966,0.06458512323987571
-0.00339125,-0.5829464456375966,0.06356972441975915
-0.00339,-0.5866441381356501,0.06458512323987571
-0.00338875,-0.5829464456375966,0.06526205578662007
-0.0033875,-0.5903418306337037,0.06627745460673663
-0.00338625,-0.6014349081278645,0.06763131970022537
-0.003385,-0.6014349081278645,0.06661592088010881
-0.00338375,-0.6125279856220253,0.06763131970022537
-0.0033825,-0.6199233706181324,0.06830825224696974
-0.00338125,-0.6236210631161859,0.06932365106708629
-0.00338,-0.6384118331084003,0.07033904988720285
-0.00337875,-0.6458072181045075,0.07101598243394722
-0.0033775,-0.6495049106025611,0.07033904988720285
-0.00337625,-0.6495049106025611,0.07000058361383066
-0.003375,-0.6532026031006146,0.0713544487073194
-0.00337375,-0.6495049106025611,0.07338524634755252
-0.0033725,-0.667993373092829,0.07338524634755252
-0.00337125,-0.6753887580889362,0.07338524634755252
-0.00337,-0.6790864505869897,0.07406217889429688
-0.00336875,-0.6864818355830969,0.07440064516766906
-0.0033675,-0.6827841430850433,0.07473911144104124
-0.00336625,-0.6938772205792041,0.07541604398778562
-0.003365,-0.6975749130772576,0.07609297653452998
-0.00336375,-0.6975749130772576,0.07609297653452998
-0.0033625,-0.7086679905714184,0.0757545102611578
-0.00336125,-0.7086679905714184,0.0777853079013909
-0.00336,-0.7160633755675255,0.07744684162801872
-0.00335875,-0.7345518380577934,0.07880070672150746
-0.0033575,-0.7345518380577934,0.0781237741747631
-0.00335625,-0.7345518380577934,0.07880070672150746
-0.003355,-0.7493426080500079,0.08049303808836838
-0.00335375,-0.7456449155519542,0.0801545718149962
-0.0033525,-0.7345518380577934,0.07981610554162402
-0.00335125,-0.756737993046115,0.08150843690848494
-0.00335,-0.756737993046115,0.08083150436174057
-0.00334875,-0.7641333780422221,0.08252383572860149
-0.0033475,-0.7678310705402758,0.08320076827534587
-0.00334625,-0.7641333780422221,0.08286230200197368
-0.003345,-0.7715287630383293,0.08286230200197368
-0.00334375,-0.7789241480344365,0.08455463336883461
-0.0033425,-0.7826218405324901,0.08455463336883461
-0.00334125,-0.7937149180266508,0.08421616709546241
-0.00334,-0.7974126105247044,0.08557003218895115
-0.00333875,-0.7900172255285972,0.08489309964220679
-0.0033375,-0.7937149180266508,0.08523156591557897
-0.00333625,-0.8048079955208116,0.08624696473569553
-0.003335,-0.8159010730149723,0.08726236355581207
-0.00333375,-0.8122033805169188,0.08861622864930081
-0.0033325,-0.8159010730149723,0.08793929610255645
-0.00333125,-0.8085056880188651,0.08726236355581207
-0.00333,-0.8269941505091331,0.08760082982918427
-0.00332875,-0.8269941505091331,0.08929316119604519
-0.0033275,-0.8306918430071867,0.08963162746941737
-0.00332625,-0.845482612999401,0.08929316119604519
-0.003325,-0.8380872280032938,0.09064702628953393
-0.00332375,-0.8528779979955081,0.08997009374278955
-0.0033225,-0.8417849205013475,0.08963162746941737
-0.00332125,-0.8491803054974546,0.09132395883627829
-0.00332,-0.8602733829916154,0.09200089138302266
-0.00331875,-0.8565756904935617,0.09132395883627829
-0.0033175,-0.8639710754896689,0.09132395883627829
-0.00331625,-0.871366460485776,0.09132395883627829
-0.003315,-0.8639710754896689,0.0933547564765114
-0.00331375,-0.871366460485776,0.09267782392976703
-0.0033125,-0.871366460485776,0.09301629020313922
-0.00331125,-0.8750641529838297,0.09301629020313922
-0.00331,-0.8787618454818833,0.09267782392976703
-0.00330875,-0.8824595379799368,0.0933547564765114
-0.0033075,-0.889854922976044,0.09301629020313922
-0.00330625,-0.8935526154740976,0.09504708784337232
-0.003305,-0.8972503079721512,0.09538555411674451
-0.00330375,-0.9009480004702047,0.09538555411674451
-0.0033025,-0.9046456929682584,0.09606248666348888
-0.00330125,-0.8972503079721512,0.0957240203901167
-0.0033,-0.9083433854663119,0.0957240203901167
-0.00329875,-0.9046456929682584,0.09538555411674451
-0.0032975,-0.9083433854663119,0.09606248666348888
-0.00329625,-0.9083433854663119,0.09640095293686106
-0.003295,-0.9268318479565798,0.09673941921023324
-0.00329375,-0.9268318479565798,0.09673941921023324
-0.0032925,-0.9157387704624191,0.09606248666348888
-0.00329125,-0.9231341554585263,0.09707788548360544
-0.00329,-0.9268318479565798,0.09741635175697762
-0.00328875,-0.9379249254507406,0.09809328430372198
-0.0032875,-0.9194364629604727,0.09606248666348888
-0.00328625,-0.9231341554585263,0.09741635175697762
-0.003285,-0.9342272329526871,0.0977548180303498
-0.00328375,-0.9342272329526871,0.09877021685046636
-0.0032825,-0.9268318479565798,0.09741635175697762
-0.00328125,-0.9342272329526871,0.09809328430372198
-0.00328,-0.9379249254507406,0.09877021685046636
-0.00327875,-0.9490180029449014,0.09741635175697762
-0.0032775,-0.9379249254507406,0.09944714939721072
-0.00327625,-0.9416226179487942,0.09910868312383854
-0.003275,-0.9416226179487942,0.09944714939721072
-0.00327375,-0.9490180029449014,0.09944714939721072
-0.0032725,-0.9564133879410085,0.09944714939721072
-0.00327125,-0.9564133879410085,0.1001240819439551
-0.00327,-0.952715695442955,0.09877021685046636
-0.00326875,-0.9490180029449014,0.09910868312383854
-0.0032675,-0.9564133879410085,0.1001240819439551
-0.00326625,-0.9564133879410085,0.09944714939721072
-0.003265,-0.9490180029449014,0.1008010144906995
-0.00326375,-0.9453203104468477,0.1001240819439551
-0.0032625,-0.9564133879410085,0.0997856156705829
-0.00326125,-0.9601110804390621,0.1001240819439551
-0.00326,-0.952715695442955,0.1001240819439551
-0.00325875,-0.9601110804390621,0.1001240819439551
-0.0032575,-0.9601110804390621,0.1008010144906995
-0.00325625,-0.9675064654351693,0.1011394807640716
-0.003255,-0.9638087729371156,0.09944714939721072
-0.00325375,-0.9601110804390621,0.09910868312383854
-0.0032525,-0.9490180029449014,0.1004625482173273
-0.00325125,-0.9675064654351693,0.1011394807640716
-0.00325,-0.9712041579332229,0.1014779470374438
-0.00324875,-0.952715695442955,0.0997856156705829
-0.0032475,-0.9564133879410085,0.0997856156705829
-0.00324625,-0.9564133879410085,0.0997856156705829
-0.003245,-0.9564133879410085,0.09910868312383854
-0.00324375,-0.9712041579332229,0.09944714939721072
-0.0032425,-0.9712041579332229,0.1004625482173273
-0.00324125,-0.9675064654351693,0.1011394807640716
-0.00324,-0.9601110804390621,0.101816413310816
-0.00323875,-0.9564133879410085,0.09910868312383854
-0.0032375,-0.9564133879410085,0.09877021685046636
-0.00323625,-0.9564133879410085,0.09944714939721072
-0.003235,-0.9564133879410085,0.09910868312383854
-0.00323375,-0.9564133879410085,0.09944714939721072
-0.0032325,-0.9712041579332229,0.1001240819439551
-0.00323125,-0.9675064654351693,0.1004625482173273
-0.00323,-0.9638087729371156,0.09944714939721072
-0.00322875,-0.9601110804390621,0.09877021685046636
-0.0032275,-0.9453203104468477,0.0977548180303498
-0.00322625,-0.9564133879410085,0.09910868312383854
-0.003225,-0.9490180029449014,0.09877021685046636
-0.00322375,-0.9601110804390621,0.09877021685046636
-0.0032225,-0.9564133879410085,0.09944714939721072
-0.00322125,-0.9490180029449014,0.0977548180303498
-0.00322,-0.9416226179487942,0.09707788548360544
-0.00321875,-0.9490180029449014,0.09809328430372198
-0.0032175,-0.952715695442955,0.09877021685046636
-0.00321625,-0.9601110804390621,0.09809328430372198
-0.003215,-0.9379249254507406,0.09741635175697762
-0.00321375,-0.9416226179487942,0.0977548180303498
-0.0032125,-0.9490180029449014,0.0977548180303498
-0.00321125,-0.9416226179487942,0.09741635175697762
-0.00321,-0.9342272329526871,0.09640095293686106
-0.00320875,-0.9305295404546334,0.09673941921023324
-0.0032075,-0.9416226179487942,0.09606248666348888
-0.00320625,-0.9268318479565798,0.09606248666348888
-0.003205,-0.9268318479565798,0.0957240203901167
-0.00320375,-0.9305295404546334,0.09606248666348888
-0.0032025,-0.9305295404546334,0.09606248666348888
-0.00320125,-0.9231341554585263,0.09538555411674451
-0.0032,-0.9120410779643655,0.09538555411674451
-0.00319875,-0.9194364629604727,0.09470862157000014
-0.0031975,-0.9157387704624191,0.09640095293686106
-0.00319625,-0.9157387704624191,0.09470862157000014
-0.003195,-0.9231341554585263,0.09267782392976703
-0.00319375,-0.9083433854663119,0.09267782392976703
-0.0031925,-0.9009480004702047,0.09403168902325577
-0.00319125,-0.9046456929682584,0.09403168902325577
-0.00319,-0.9083433854663119,0.09369322274988359
-0.00318875,-0.8935526154740976,0.0933547564765114
-0.0031875,-0.9009480004702047,0.09267782392976703
-0.00318625,-0.8935526154740976,0.09233935765639485
-0.003185,-0.8935526154740976,0.09132395883627829
-0.00318375,-0.889854922976044,0.09233935765639485
-0.0031825,-0.889854922976044,0.09098549256290611
-0.00318125,-0.8972503079721512,0.09166242510965047
-0.00318,-0.8861572304779904,0.09098549256290611
-0.00317875,-0.8787618454818833,0.09098549256290611
-0.0031775,-0.8639710754896689,0.08963162746941737
-0.00317625,-0.8676687679877225,0.08963162746941737
-0.003175,-0.8602733829916154,0.08861622864930081
-0.00317375,-0.8565756904935617,0.08827776237592863
-0.0031725,-0.8565756904935617,0.08895469492267301
-0.00317125,-0.8676687679877225,0.08895469492267301
-0.00317,-0.8565756904935617,0.08726236355581207
-0.00316875,-0.8565756904935617,0.08827776237592863
-0.0031675,-0.845482612999401,0.08590849846232335
-0.00316625,-0.8380872280032938,0.08658543100906771
-0.003165,-0.8380872280032938,0.08692389728243989
-0.00316375,-0.8269941505091331,0.08590849846232335
-0.0031625,-0.8269941505091331,0.08523156591557897
-0.00316125,-0.8232964580110795,0.08455463336883461
-0.00316,-0.8195987655130259,0.08320076827534587
-0.00315875,-0.8159010730149723,0.08421616709546241
-0.0031575,-0.8269941505091331,0.08353923454871805
-0.00315625,-0.8195987655130259,0.08320076827534587
-0.003155,-0.8085056880188651,0.08218536945522931
-0.00315375,-0.7974126105247044,0.08184690318185713
-0.0031525,-0.7937149180266508,0.08150843690848494
-0.00315125,-0.7937149180266508,0.08116997063511276
-0.00315,-0.7826218405324901,0.0801545718149962
-0.00314875,-0.7826218405324901,0.08083150436174057
-0.0031475,-0.7715287630383293,0.07913917299487964
-0.00314625,-0.7678310705402758,0.08049303808836838
-0.003145,-0.7752264555363829,0.07846224044813528
-0.00314375,-0.7641333780422221,0.07744684162801872
-0.0031425,-0.7641333780422221,0.07846224044813528
-0.00314125,-0.7641333780422221,0.07880070672150746
-0.00314,-0.756737993046115,0.07744684162801872
-0.00313875,-0.7493426080500079,0.0757545102611578
-0.0031375,-0.7419472230539007,0.07507757771441344
-0.00313625,-0.7197610680655792,0.07541604398778562
-0.003135,-0.7382495305558471,0.07609297653452998
-0.00313375,-0.7308541455597399,0.07440064516766906
-0.0031325,-0.7345518380577934,0.07440064516766906
-0.00313125,-0.7234587605636328,0.07338524634755252
-0.00313,-0.7234587605636328,0.07304678007418032
-0.00312875,-0.7086679905714184,0.07101598243394722
-0.0031275,-0.7049702980733649,0.0713544487073194
-0.00312625,-0.6901795280811505,0.07067751616057504
-0.003125,-0.6753887580889362,0.07067751616057504
-0.00312375,-0.6827841430850433,0.07033904988720285
-0.0031225,-0.6753887580889362,0.06932365106708629
-0.00312125,-0.6716910655908825,0.06864671852034193
-0.00312,-0.667993373092829,0.06830825224696974
-0.00311875,-0.6642956805947754,0.06661592088010881
-0.0031175,-0.6605979880967218,0.06763131970022537
-0.00311625,-0.6569002955986682,0.06661592088010881
-0.003115,-0.6273187556142396,0.06560052205999227
-0.00311375,-0.6421095256064538,0.06560052205999227
-0.0031125,-0.6384118331084003,0.06458512323987571
-0.00311125,-0.6347141406103467,0.06424665696650353
-0.00311,-0.6273187556142396,0.06255432559964261
-0.00310875,-0.6199233706181324,0.06221585932627043
-0.0031075,-0.6125279856220253,0.06221585932627043
-0.00310625,-0.605132600625918,0.06153892677952605
-0.003105,-0.5977372156298109,0.06187739305289824
-0.00310375,-0.5940395231317573,0.05984659541266513
-0.0031025,-0.5903418306337037,0.06086199423278169
-0.00310125,-0.5829464456375966,0.05916966286592076
-0.0031,-0.5866441381356501,0.05781579777243202
-0.00309875,-0.5644579831473286,0.05781579777243202
-0.0030975,-0.5644579831473286,0.0581542640458042
-0.00309625,-0.5570625981512215,0.05646193267894328
-0.003095,-0.5533649056531679,0.0561234664055711
-0.00309375,-0.5459695206570607,0.05510806758545454
-0.0030925,-0.5422718281590071,0.05476960131208236
-0.00309125,-0.5237833656687392,0.0537542024919658
-0.00309,-0.5237833656687392,0.0537542024919658
-0.00308875,-0.5126902881745784,0.05273880367184926
-0.0030875,-0.5126902881745784,0.05104647230498834
-0.00308625,-0.4978995181823641,0.05070800603161614
-0.003085,-0.4868064406882034,0.05070800603161614
-0.00308375,-0.4942018256843105,0.0496926072114996
-0.0030825,-0.4942018256843105,0.04800027584463867
-0.00308125,-0.490504133186257,0.04935414093812741
-0.00308,-0.4831087481901498,0.04800027584463867
-0.00307875,-0.4572249007037747,0.04766180957126649
-0.0030775,-0.4535272082057211,0.04664641075114993
-0.00307625,-0.4498295157076675,0.04630794447777775
-0.003075,-0.4350387457154532,0.04326174801742809
-0.00307375,-0.4239456682212924,0.04461561311091683
-0.0030725,-0.4350387457154532,0.04326174801742809
-0.00307125,-0.4165502832251853,0.04326174801742809
-0.00307,-0.4313410532173996,0.04393868056417245
-0.00306875,-0.4239456682212924,0.04156941665056717
-0.0030675,-0.4128525907271317,0.04123095037719497
-0.00306625,-0.4091548982290781,0.04089248410382279
-0.003065,-0.3943641282368638,0.03920015273696187
-0.00306375,-0.3795733582446494,0.03886168646358969
-0.0030625,-0.3795733582446494,0.03750782137010095
-0.00306125,-0.3721779732485423,0.03615395627661221
-0.00306,-0.3684802807504887,0.03649242254998439
-0.00305875,-0.3573872032563279,0.03615395627661221
-0.0030575,-0.3499918182602207,0.03480009118312347
-0.00305625,-0.3462941257621672,0.0341231586363791
-0.003055,-0.3278056632718993,0.03310775981626254
-0.00305375,-0.3204102782757921,0.03310775981626254
-0.0030525,-0.3241079707738457,0.03141542844940162
-0.00305125,-0.3130148932796849,0.03107696217602944
-0.00305,-0.3130148932796849,0.0297230970825407
-0.00304875,-0.2908287382913634,0.03006156335591289
-0.0030475,-0.294526430789417,0.03006156335591289
-0.00304625,-0.2908287382913634,0.02904616453579633
-0.003045,-0.2908287382913634,0.02803076571567978
-0.00304375,-0.2760379682991491,0.02803076571567978
-0.0030425,-0.2612471983069348,0.0253230355287023
-0.00304125,-0.2538518133108276,0.02464610298195793
-0.00304,-0.250154120812774,0.02430763670858575
-0.00303875,-0.250154120812774,0.02329223788846919
-0.0030375,-0.2242702733263989,0.02464610298195793
-0.00303625,-0.2279679658244525,0.02295377161509701
-0.003035,-0.2131771958322382,0.02058450770149172
-0.00303375,-0.205781810836131,0.02058450770149172
-0.0030325,-0.1983864258400238,0.01956910888137517
-0.00303125,-0.1946887333419702,0.01855371006125861
-0.00303,-0.1835956558478095,0.01821524378788643
-0.00302875,-0.1688048858555952,0.01787677751451424
-0.0030275,-0.1762002708517023,0.01753831124114206
-0.00302625,-0.1762002708517023,0.01618444614765332
-0.003025,-0.1577118083614344,0.01516904732753676
-0.00302375,-0.1577118083614344,0.0144921147807924
-0.0030225,-0.1355256533731129,0.01313824968730366
-0.00302125,-0.1207348833808986,0.01279978341393147
-0.00302,-0.1244325758789522,0.01313824968730366
-0.00301875,-0.117037190882845,0.0121228508671871
-0.0030175,-0.1207348833808986,0.01110745204707055
-0.00301625,-0.1096418058867378,0.010092053226954
-0.003015,-0.1096418058867378,0.008399721860093074
-0.00301375,-0.08006026590230914,0.00738432303997652
-0.0030125,-0.07266488090620198,0.008061255586720889
-0.00301125,-0.06896718840814839,0.006368924219859966
-0.00301,-0.0652694959100948,0.006707390493232151
-0.00300875,-0.0652694959100948,0.005691991673115597
-0.0030075,-0.05417641841593406,0.003322727759510305
-0.00300625,-0.03568795592566613,0.00298426148613812
-0.003005,-0.02829257092955897,0.00298426148613812
-0.00300375,-0.02459487843150538,0.001968862666021566
-0.0030025,-0.0208971859334518,0.001968862666021566
-0.00300125,-0.0208971859334518,0.0006149975725328283
-0.003,-0.00240872344318388,-0.0007388675209559101
-0.00299875,0.01607973904708404,-0.001077333794328095
-0.0029975,0.008684354050976872,-0.002431198887816833
-0.00299625,0.03087050903929837,-0.002769665161189018
-0.002995,0.01977743154513762,-0.003108131434561202
-0.00299375,0.03456820153735196,-0.004800462801422125
-0.0029925,0.04566127903151271,-0.005477395348166494
-0.00299125,0.06045204902372704,-0.006154327894910864
-0.00299,0.05675435652567346,-0.006831260441655233
-0.00298875,0.06784743401983422,-0.00818512553514397
-0.0029875,0.08263820401204855,-0.008862058081888341
-0.00298625,0.08263820401204855,-0.01021592317537708
-0.002985,0.09742897400426288,-0.009538990628632709
-0.00298375,0.1011266665023165,-0.01089285572212145
-0.0029825,0.1011266665023165,-0.01089285572212145
-0.00298125,0.123312821490638,-0.01258518708898237
-0.00298,0.1159174364945308,-0.01258518708898237
-0.00297875,0.123312821490638,-0.01393905218247111
-0.0029775,0.1418012839809059,-0.01461598472921548
-0.00297625,0.1454989764789595,-0.01596984982270422
-0.002975,0.1602897464711738,-0.01664678236944859
-0.00297375,0.1454989764789595,-0.01461598472921548
-0.0029725,0.1528943614750666,-0.01732371491619296
-0.00297125,0.1750805164633882,-0.01766218118956514
-0.00297,0.1861735939575489,-0.01969297882979825
-0.00296875,0.2009643639497632,-0.02104684392328698
-0.0029675,0.2046620564478168,-0.02172377647003135
-0.00296625,0.2083597489458704,-0.02104684392328698
-0.002965,0.2157551339419776,-0.02240070901677572
-0.00296375,0.2083597489458704,-0.02206224274340354
-0.0029625,0.2194528264400311,-0.02578537175049757
-0.00296125,0.2231505189380847,-0.02375457411026446
-0.00296,0.2490343664244598,-0.02544690547712538
-0.00295875,0.2601274439186206,-0.02646230429724194
-0.0029575,0.2749182139108349,-0.02713923684398631
-0.00295625,0.2638251364166742,-0.02849310193747505
-0.002955,0.2749182139108349,-0.02917003448421942
-0.00295375,0.2786159064088885,-0.02849310193747505
-0.0029525,0.2860112914049956,-0.03052389957770815
-0.00295125,0.3044997538952636,-0.03018543330433597
-0.00295,0.3081974463933171,-0.03187776467119689
-0.00294875,0.3118951388913708,-0.03221623094456907
-0.0029475,0.3155928313894243,-0.03357009603805781
-0.00294625,0.3266859088835851,-0.03357009603805781
-0.002945,0.3266859088835851,-0.03424702858480218
-0.00294375,0.3377789863777458,-0.03492396113154655
-0.0029425,0.3377789863777458,-0.03560089367829092
-0.00294125,0.3525697563699602,-0.03661629249840748
-0.00294,0.3562674488680138,-0.03695475877177966
-0.00293875,0.3747559113582817,-0.03864709013864058
-0.0029375,0.3821512963543888,-0.03898555641201276
-0.00293625,0.3932443738485496,-0.04000095523212932
-0.002935,0.3932443738485496,-0.03864709013864058
-0.00293375,0.389546681350496,-0.04101635405224588
-0.0029325,0.4043374513427103,-0.04237021914573462
-0.00293125,0.4154305288368711,-0.04203175287236242
-0.00293,0.4191282213349247,-0.04237021914573462
-0.00292875,0.433918991327139,-0.04372408423922335
-0.0029275,0.4302212988290854,-0.04372408423922335
-0.00292625,0.4413143763232462,-0.04440101678596772
-0.002925,0.4413143763232462,-0.0447394830593399
-0.00292375,0.4561051463154605,-0.0471087469729452
-0.0029225,0.4635005313115677,-0.04846261206643393
-0.00292125,0.4745936088057284,-0.04846261206643393
-0.00292,0.4745936088057284,-0.04812414579306175
-0.00291875,0.478291301303782,-0.04947801088655049
-0.0029175,0.5004774562921035,-0.04947801088655049
-0.00291625,0.4930820712959963,-0.05015494343329487
-0.002915,0.4967797637940499,-0.05117034225341141
-0.00291375,0.5152682262843179,-0.05252420734690015
-0.0029125,0.522663611280425,-0.05320113989364451
-0.00291125,0.522663611280425,-0.05353960616701671
-0.00291,0.5300589962765322,-0.05286267362027233
-0.00290875,0.5300589962765322,-0.05387807244038889
-0.0029075,0.541152073770693,-0.05658580262736637
-0.00290625,0.5522451512648537,-0.05726273517411073
-0.002905,0.567035921257068,-0.05692426890073855
-0.00290375,0.5707336137551217,-0.05557040380724981
-0.0029025,0.5633382287590144,-0.05827813399422729
-0.00290125,0.5744313062531752,-0.05861660026759948
-0.0029,0.5744313062531752,-0.05861660026759948
-0.00289875,0.5966174612414967,-0.05997046536108822
-0.0028975,0.5818266912492823,-0.05895506654097166
-0.00289625,0.5966174612414967,-0.05997046536108822
-0.002895,0.6003151537395502,-0.0623397292746935
-0.00289375,0.6188036162298182,-0.0623397292746935
-0.0028925,0.6151059237317646,-0.06301666182143788
-0.00289125,0.6298966937239789,-0.06335512809481006
-0.00289,0.6409897712181397,-0.06538592573504316
-0.00288875,0.6409897712181397,-0.0647089931882988
-0.0028875,0.6409897712181397,-0.06504745946167098
-0.00288625,0.6409897712181397,-0.06606285828178754
-0.002885,0.6594782337084076,-0.06640132455515972
-0.00288375,0.6705713112025684,-0.06775518964864846
-0.0028825,0.6631759262064613,-0.06809365592202064
-0.00288125,0.6742690037006219,-0.0670782571019041
-0.00288,0.6779666961986756,-0.0691090547421372
-0.00287875,0.6742690037006219,-0.06978598728888157
-0.0028775,0.6890597736928363,-0.07046291983562594
-0.00287625,0.6964551586889435,-0.07080138610899812
-0.002875,0.7038505436850506,-0.07113985238237031
-0.00287375,0.7075482361831043,-0.07080138610899812
-0.0028725,0.7038505436850506,-0.07147831865574249
-0.00287125,0.718641313677265,-0.07249371747585905
-0.00287,0.7149436211792114,-0.07418604884271997
-0.00286875,0.7297343911714257,-0.07317065002260341
-0.0028675,0.7334320836694793,-0.07384758256934779
-0.00286625,0.7519205461597472,-0.07553991393620871
-0.002865,0.7519205461597472,-0.07486298138946433
-0.00286375,0.7445251611636401,-0.07553991393620871
-0.0028625,0.7556182386578009,-0.07689377902969745
-0.00286125,0.7704090086500152,-0.07655531275632527
-0.00286,0.763013623653908,-0.07757071157644181
-0.00285875,0.7778043936461223,-0.07790917784981399
-0.0028575,0.7778043936461223,-0.07723224530306963
-0.00285625,0.7778043936461223,-0.07824764412318619
-0.002855,0.7741067011480688,-0.07892457666993055
-0.00285375,0.7888974711402831,-0.07993997549004711
-0.0028525,0.7925951636383366,-0.07993997549004711
-0.00285125,0.7999905486344439,-0.08129384058353585
-0.00285,0.807385933630551,-0.08027844176341929
-0.00284875,0.8110836261286045,-0.08163230685690803
-0.0028475,0.8184790111247118,-0.0823092394036524
-0.00284625,0.8332697811169261,-0.08332463822376895
-0.002845,0.8221767036227653,-0.08197077313028021
-0.00284375,0.8184790111247118,-0.08264770567702458
-0.0028425,0.8332697811169261,-0.08332463822376895
-0.00284125,0.8295720886188724,-0.0843400370438855
-0.00284,0.8406651661130332,-0.0843400370438855
-0.00283875,0.8443628586110868,-0.08569390213737424
-0.0028375,0.8591536286033011,-0.08603236841074643
-0.00283625,0.8554559361052476,-0.08569390213737424
-0.002835,0.8665490135994083,-0.08569390213737424
-0.00283375,0.8591536286033011,-0.08501696959062988
-0.0028325,0.8591536286033011,-0.08738623350423516
-0.00283125,0.8702467060974619,-0.08738623350423516
-0.00283,0.8776420910935691,-0.08738623350423516
-0.00282875,0.8702467060974619,-0.08738623350423516
-0.0028275,0.8739443985955155,-0.0890785648710961
-0.00282625,0.8887351685877298,-0.08806316605097954
-0.002825,0.8924328610857835,-0.08941703114446828
-0.00282375,0.8924328610857835,-0.09043242996458482
-0.0028225,0.8924328610857835,-0.08941703114446828
-0.00282125,0.896130553583837,-0.09043242996458482
-0.00282,0.9072236310779977,-0.09077089623795702
-0.00281875,0.9146190160741049,-0.09144782878470138
-0.0028175,0.9072236310779977,-0.09043242996458482
-0.00281625,0.9146190160741049,-0.0911093625113292
-0.002815,0.9183167085721585,-0.09280169387819012
-0.00281375,0.9183167085721585,-0.09178629505807356
-0.0028125,0.9183167085721585,-0.0931401601515623
-0.00281125,0.9331074785643728,-0.0931401601515623
-0.00281,0.9294097860663193,-0.09280169387819012
-0.00280875,0.9331074785643728,-0.09280169387819012
-0.0028075,0.9368051710624264,-0.0931401601515623
-0.00280625,0.9515959410546407,-0.09415555897167886
-0.002805,0.9331074785643728,-0.09381709269830668
-0.00280375,0.9368051710624264,-0.09280169387819012
-0.0028025,0.94050286356048,-0.09381709269830668
-0.00280125,0.94050286356048,-0.0955094240651676
-0.0028,0.9589913260507479,-0.0955094240651676
-0.00279875,0.9626890185488015,-0.09517095779179541
-0.0027975,0.9552936335526944,-0.09584789033853978
-0.00279625,0.9589913260507479,-0.09449402524505104
-0.002795,0.9552936335526944,-0.09618635661191197
-0.00279375,0.9663867110468551,-0.09584789033853978
-0.0027925,0.9700844035449087,-0.09686328915865633
-0.00279125,0.9700844035449087,-0.09686328915865633
-0.00279,0.9663867110468551,-0.09652482288528415
-0.00278875,0.9626890185488015,-0.09618635661191197
-0.0027875,0.9737820960429623,-0.09652482288528415
-0.00278625,0.9700844035449087,-0.09720175543202852
-0.002785,0.9811774810390694,-0.09754022170540071
-0.00278375,0.9811774810390694,-0.09821715425214507
-0.0027825,0.9922705585332302,-0.09855562052551727
-0.00278125,0.9959682510312837,-0.09652482288528415
-0.00278,0.9848751735371231,-0.09720175543202852
-0.00277875,0.9922705585332302,-0.09821715425214507
-0.0027775,0.9996659435293372,-0.09821715425214507
-0.00277625,0.9922705585332302,-0.09990948561900599
-0.002775,0.9922705585332302,-0.09821715425214507
-0.00277375,0.9959682510312837,-0.09787868797877289
-0.0027725,0.9959682510312837,-0.09923255307226163
-0.00277125,0.9922705585332302,-0.09889408679888945
-0.00277,0.9959682510312837,-0.09855562052551727
-0.00276875,1.003363636027391,-0.09821715425214507
-0.0027675,1.003363636027391,-0.1002479518923782
-0.00276625,1.007061328525444,-0.09957101934563381
-0.002765,0.9996659435293372,-0.09855562052551727
-0.00276375,0.9959682510312837,-0.09855562052551727
-0.0027625,1.003363636027391,-0.09923255307226163
-0.00276125,0.9996659435293372,-0.1002479518923782
-0.00276,0.9922705585332302,-0.09923255307226163
-0.00275875,1.007061328525444,-0.09923255307226163
-0.0027575,1.007061328525444,-0.1009248844391226
-0.00275625,1.003363636027391,-0.1005864181657504
-0.002755,1.014456713521552,-0.1002479518923782
-0.00275375,1.018154406019605,-0.09889408679888945
-0.0027525,1.003363636027391,-0.09821715425214507
-0.00275125,0.9996659435293372,-0.09855562052551727
-0.00275,1.007061328525444,-0.1016018169858669
-0.00274875,1.010759021023498,-0.09990948561900599
-0.0027475,1.007061328525444,-0.09957101934563381
-0.00274625,1.014456713521552,-0.09889408679888945
-0.002745,1.003363636027391,-0.09855562052551727
-0.00274375,1.007061328525444,-0.09957101934563381
-0.0027425,1.003363636027391,-0.09990948561900599
-0.00274125,1.010759021023498,-0.09889408679888945
-0.00274,1.014456713521552,-0.09957101934563381
-0.00273875,1.010759021023498,-0.09889408679888945
-0.0027375,1.010759021023498,-0.1009248844391226
-0.00273625,1.010759021023498,-0.09957101934563381
-0.002735,1.003363636027391,-0.09889408679888945
-0.00273375,0.9996659435293372,-0.09889408679888945
-0.0027325,1.003363636027391,-0.09957101934563381
-0.00273125,1.007061328525444,-0.09889408679888945
-0.00273,1.010759021023498,-0.09889408679888945
-0.00272875,0.9996659435293372,-0.09923255307226163
-0.0027275,1.003363636027391,-0.09787868797877289
-0.00272625,0.9885728660351766,-0.09821715425214507
-0.002725,0.9959682510312837,-0.09957101934563381
-0.00272375,1.010759021023498,-0.09889408679888945
-0.0027225,1.007061328525444,-0.09787868797877289
-0.00272125,1.007061328525444,-0.09821715425214507
-0.00272,0.9959682510312837,-0.09787868797877289
-0.00271875,0.9848751735371231,-0.09686328915865633
-0.0027175,0.9848751735371231,-0.09720175543202852
-0.00271625,0.9885728660351766,-0.09618635661191197
-0.002715,0.9959682510312837,-0.09754022170540071
-0.00271375,0.9996659435293372,-0.09787868797877289
-0.0027125,1.003363636027391,-0.09821715425214507
-0.00271125,0.9885728660351766,-0.0955094240651676
-0.00271,0.9811774810390694,-0.09686328915865633
-0.00270875,0.9811774810390694,-0.0955094240651676
-0.0027075,0.9774797885410158,-0.09517095779179541
-0.00270625,0.9737820960429623,-0.09584789033853978
-0.002705,0.9885728660351766,-0.09584789033853978
-0.00270375,0.9848751735371231,-0.09618635661191197
-0.0027025,0.9774797885410158,-0.09517095779179541
-0.00270125,0.9737820960429623,-0.09415555897167886
-0.0027,0.9774797885410158,-0.09415555897167886
-0.00269875,0.9626890185488015,-0.09415555897167886
-0.0026975,0.9626890185488015,-0.09483249151842323
-0.00269625,0.9515959410546407,-0.09415555897167886
-0.002695,0.9515959410546407,-0.0931401601515623
-0.00269375,0.9515959410546407,-0.09347862642493449
-0.0026925,0.9626890185488015,-0.09347862642493449
-0.00269125,0.9552936335526944,-0.09246322760481794
-0.00269,0.9515959410546407,-0.09212476133144575
-0.00268875,0.9442005560585336,-0.09246322760481794
-0.0026875,0.9442005560585336,-0.09178629505807356
-0.00268625,0.9442005560585336,-0.09077089623795702
-0.002685,0.94050286356048,-0.09144782878470138
-0.00268375,0.9442005560585336,-0.09144782878470138
-0.0026825,0.9368051710624264,-0.09077089623795702
-0.00268125,0.9257120935682657,-0.0890785648710961
-0.00268,0.9109213235760514,-0.09009396369121264
-0.00267875,0.9183167085721585,-0.0887400985977239
-0.0026775,0.9146190160741049,-0.08941703114446828
-0.00267625,0.9183167085721585,-0.08840163232435172
-0.002675,0.9146190160741049,-0.0887400985977239
-0.00267375,0.9146190160741049,-0.08840163232435172
-0.0026725,0.9072236310779977,-0.08772469977760736
-0.00267125,0.9072236310779977,-0.08772469977760736
-0.00267,0.9109213235760514,-0.08603236841074643
-0.00266875,0.8998282460818906,-0.08704776723086298
-0.0026675,0.8924328610857835,-0.08603236841074643
-0.00266625,0.8887351685877298,-0.08603236841074643
-0.002665,0.8813397835916227,-0.08467850331725769
-0.00266375,0.8739443985955155,-0.08467850331725769
-0.0026625,0.8776420910935691,-0.0843400370438855
-0.00266125,0.8776420910935691,-0.0843400370438855
-0.00266,0.8739443985955155,-0.08332463822376895
-0.00265875,0.8702467060974619,-0.08264770567702458
-0.0026575,0.8665490135994083,-0.0823092394036524
-0.00265625,0.8443628586110868,-0.08129384058353585
-0.002655,0.8480605511091404,-0.08264770567702458
-0.00265375,0.8480605511091404,-0.08163230685690803
-0.0026525,0.851758243607194,-0.08095537431016366
-0.00265125,0.8554559361052476,-0.08163230685690803
-0.00265,0.8369674736149797,-0.07960150921667491
-0.00264875,0.8332697811169261,-0.07960150921667491
-0.0026475,0.8221767036227653,-0.07790917784981399
-0.00264625,0.8258743961208189,-0.07892457666993055
-0.002645,0.8184790111247118,-0.07757071157644181
-0.00264375,0.8184790111247118,-0.07858611039655837
-0.0026425,0.807385933630551,-0.07587838020958089
-0.00264125,0.8036882411324974,-0.07621684648295307
-0.00264,0.7999905486344439,-0.07520144766283653
-0.00263875,0.7888974711402831,-0.07553991393620871
-0.0026375,0.7925951636383366,-0.07587838020958089
-0.00263625,0.7888974711402831,-0.07520144766283653
-0.002635,0.7778043936461223,-0.07384758256934779
-0.00263375,0.7778043936461223,-0.07418604884271997
-0.0026325,0.7667113161519615,-0.07249371747585905
-0.00263125,0.7593159311558544,-0.07215525120248686
-0.00263,0.7482228536616936,-0.07147831865574249
-0.00262875,0.7593159311558544,-0.07249371747585905
-0.0026275,0.7482228536616936,-0.07080138610899812
-0.00262625,0.7519205461597472,-0.07113985238237031
-0.002625,0.7445251611636401,-0.07046291983562594
-0.00262375,0.7371297761675329,-0.0691090547421372
-0.0026225,0.7297343911714257,-0.0691090547421372
-0.00262125,0.7260366986733722,-0.06877058846876502
-0.00262,0.7260366986733722,-0.06775518964864846
-0.00261875,0.7075482361831043,-0.06538592573504316
-0.0026175,0.6964551586889435,-0.06572439200841536
-0.00261625,0.6964551586889435,-0.06572439200841536
-0.002615,0.7001528511869971,-0.06640132455515972
-0.00261375,0.6964551586889435,-0.06538592573504316
-0.0026125,0.6927574661908898,-0.06437052691492662
-0.00261125,0.6779666961986756,-0.06403206064155444
-0.00261,0.6668736187045148,-0.06200126300132132
-0.00260875,0.6520828487123005,-0.06166279672794914
-0.0026075,0.6631759262064613,-0.0626781955480657
-0.00260625,0.6483851562142469,-0.06098586418120476
-0.002605,0.6483851562142469,-0.0603089316344604
-0.00260375,0.6372920787200861,-0.05963199908771603
-0.0026025,0.6409897712181397,-0.05929353281434384
-0.00260125,0.6261990012259254,-0.05827813399422729
-0.0026,0.6335943862220326,-0.05760120144748292
-0.00259875,0.6225013087278718,-0.05590887008062199
-0.0025975,0.6151059237317646,-0.05658580262736637
-0.00259625,0.6077105387356575,-0.05658580262736637
-0.002595,0.6077105387356575,-0.05557040380724981
-0.00259375,0.585524383747336,-0.05387807244038889
-0.0025925,0.5929197687434431,-0.05489347126050545
-0.00259125,0.5781289987512288,-0.05353960616701671
-0.00259,0.5707336137551217,-0.05320113989364451
-0.00258875,0.567035921257068,-0.05252420734690015
-0.0025875,0.567035921257068,-0.05015494343329487
-0.00258625,0.5559428437629073,-0.05049340970666705
-0.002585,0.5448497662687465,-0.04880107833980613
-0.00258375,0.5300589962765322,-0.04913954461317831
-0.0025825,0.5337566887745858,-0.04778567951968957
-0.00258125,0.5337566887745858,-0.04744721324631739
-0.00258,0.522663611280425,-0.04643181442620083
-0.00257875,0.522663611280425,-0.04609334815282864
-0.0025775,0.5041751487901571,-0.04643181442620083
-0.00257625,0.4967797637940499,-0.04541641560608428
-0.002575,0.4930820712959963,-0.04507794933271209
-0.00257375,0.4856866862998892,-0.04304715169247898
-0.0025725,0.4856866862998892,-0.04338561796585116
-0.00257125,0.4745936088057284,-0.04203175287236242
-0.00257,0.4708959163076749,-0.04135482032561806
-0.00256875,0.4598028388135141,-0.0406778877788737
-0.0025675,0.4524074538174069,-0.04000095523212932
-0.00256625,0.4413143763232462,-0.04000095523212932
-0.002565,0.433918991327139,-0.03898555641201276
-0.00256375,0.433918991327139,-0.03763169131852404
-0.0025625,0.4191282213349247,-0.03661629249840748
-0.00256125,0.4265236063310319,-0.03593935995166311
-0.00256,0.4080351438407639,-0.0362778262250353
-0.00255875,0.4154305288368711,-0.03593935995166311
-0.0025575,0.3969420663466032,-0.03424702858480218
-0.00255625,0.3858489888524425,-0.03289316349131345
-0.002555,0.3784536038563353,-0.03187776467119689
-0.00255375,0.3858489888524425,-0.03221623094456907
-0.0025525,0.3599651413660673,-0.03221623094456907
-0.00255125,0.3636628338641209,-0.03120083212445252
-0.00255,0.3525697563699602,-0.03018543330433597
-0.00254875,0.3488720638719066,-0.0295085007575916
-0.0025475,0.3414766788757994,-0.02815463566410286
-0.00254625,0.3377789863777458,-0.02646230429724194
-0.002545,0.3229882163855315,-0.02747770311735849
-0.00254375,0.3229882163855315,-0.02680077057061412
-0.0025425,0.3118951388913708,-0.02544690547712538
-0.00254125,0.2934066764011029,-0.02476997293038102
-0.00254,0.2897089839030492,-0.0251084392037532
-0.00253875,0.2897089839030492,-0.02206224274340354
-0.0025375,0.2897089839030492,-0.02307764156352009
-0.00253625,0.2749182139108349,-0.02172377647003135
-0.002535,0.2675228289147277,-0.02036991137654262
-0.00253375,0.256429751420567,-0.02036991137654262
-0.0025325,0.2490343664244598,-0.01867758000968169
-0.00253125,0.2342435964322455,-0.01766218118956514
-0.00253,0.2268482114361383,-0.01867758000968169
-0.00252875,0.2268482114361383,-0.01732371491619296
-0.0025275,0.2194528264400311,-0.01698524864282077
-0.00252625,0.212057441443924,-0.01596984982270422
-0.002525,0.212057441443924,-0.01596984982270422
-0.00252375,0.2083597489458704,-0.01461598472921548
-0.0025225,0.1861735939575489,-0.01224672081561019
-0.00252125,0.1824759014594953,-0.01156978826886582
-0.00252,0.167685131467281,-0.01156978826886582
-0.00251875,0.1565920539731202,-0.01055438944874926
-0.0025175,0.1639874389692274,-0.009877456902004894
-0.00251625,0.1491966689770131,-0.009538990628632709
-0.002515,0.1344058989847987,-0.007846659261771787
-0.00251375,0.1381035914828523,-0.006831260441655233
-0.0025125,0.1159174364945308,-0.007169726715027417
-0.00251125,0.1196151289925844,-0.006154327894910864
-0.00251,0.1196151289925844,-0.005477395348166494
-0.00250875,0.1048243590003701,-0.004461996528049941
-0.0025075,0.1011266665023165,-0.004123530254677756
-0.00250625,0.08633589651010214,-0.004123530254677756
-0.002505,0.08633589651010214,-0.001754266341072464
-0.00250375,0.0715451265178878,-0.001754266341072464
-0.0025025,0.07524281901594138,0.0002765312991606437
-0.00250125,0.05305666402761988,0.0002765312991606437
-0.0025,0.04196358653345913,0.001630396392649382
-0.00249875,0.03826589403540554,0.001291930119277197
-0.0024975,0.03087050903929837,0.00366119403288249
-0.00249625,0.02347512404319121,0.00366119403288249
-0.002495,0.01607973904708404,0.005015059126371228
-0.00249375,0.01607973904708404,0.004676592852999043
-0.0024925,0.001288969054869704,0.005691991673115597
-0.00249125,-0.00240872344318388,0.005691991673115597
-0.00249,-0.006106415941237463,0.00738432303997652
-0.00248875,-0.01719949343539821,0.007722789313348704
-0.0024875,-0.02459487843150538,0.009415120680209627
-0.00248625,-0.03938564842371972,0.01076898577369837
-0.002485,-0.05417641841593406,0.01043051950032618
-0.00248375,-0.04678103341982689,0.01076898577369837
-0.0024825,-0.06157180341204122,0.0121228508671871
-0.00248125,-0.06896718840814839,0.01313824968730366
-0.00248,-0.07636257340425556,0.0144921147807924
-0.00247875,-0.07636257340425556,0.01415364850742021
-0.0024775,-0.09485103589452348,0.01584597987428113
-0.00247625,-0.09485103589452348,0.01584597987428113
-0.002475,-0.09854872839257706,0.01686137869439769
-0.00247375,-0.1096418058867378,0.01787677751451424
-0.0024725,-0.1133394983847914,0.01753831124114206
-0.00247125,-0.1244325758789522,0.01923064260800298
-0.00247,-0.1318279608750593,0.0188921763346308
-0.00246875,-0.1503164233653272,0.02058450770149172
-0.0024675,-0.1540141158633808,0.02227683906835264
-0.00246625,-0.161409500859488,0.02396917043521356
-0.002465,-0.1688048858555952,0.02261530534172483
-0.00246375,-0.1651071933575416,0.02329223788846919
-0.0024625,-0.1798979633497559,0.02464610298195793
-0.00246125,-0.1909910408439167,0.02498456925533012
-0.00246,-0.1909910408439167,0.0253230355287023
-0.00245875,-0.1983864258400238,0.02667690062219104
-0.0024575,-0.2094795033341846,0.02735383316893541
-0.00245625,-0.2131771958322382,0.02870769826242415
-0.002455,-0.2242702733263989,0.02870769826242415
-0.00245375,-0.2279679658244525,0.0297230970825407
-0.0024525,-0.2390610433186132,0.03006156335591289
-0.00245125,-0.2427587358166668,0.0317538947227738
-0.00245,-0.2649448908049883,0.032092360996146
-0.00244875,-0.2686425833030419,0.03446162490975128
-0.0024475,-0.2686425833030419,0.03378469236300692
-0.00244625,-0.2760379682991491,0.0341231586363791
-0.002445,-0.294526430789417,0.03480009118312347
-0.00244375,-0.2908287382913634,0.03649242254998439
-0.0024425,-0.294526430789417,0.03649242254998439
-0.00244125,-0.3093172007816313,0.03649242254998439
-0.00244,-0.3093172007816313,0.03784628764347313
-0.00243875,-0.3315033557699528,0.03818475391684532
-0.0024375,-0.3204102782757921,0.03818475391684532
-0.00243625,-0.3315033557699528,0.03953861901033405
-0.002435,-0.3352010482680065,0.04021555155707843
-0.00243375,-0.3462941257621672,0.04123095037719497
-0.0024325,-0.3573872032563279,0.04224634919731153
-0.00243125,-0.3610848957543815,0.04258481547068371
-0.00243,-0.3795733582446494,0.04529254565766119
-0.00242875,-0.3758756657465959,0.04393868056417245
-0.0024275,-0.3943641282368638,0.04529254565766119
-0.00242625,-0.3943641282368638,0.04563101193103337
-0.002425,-0.3980618207349174,0.04698487702452211
-0.00242375,-0.4017595132329709,0.04664641075114993
-0.0024225,-0.4128525907271317,0.04766180957126649
-0.00242125,-0.4202479757232389,0.04935414093812741
-0.00242,-0.4239456682212924,0.04766180957126649
-0.00241875,-0.4424341307115603,0.0496926072114996
-0.0024175,-0.4424341307115603,0.05104647230498834
-0.00241625,-0.4498295157076675,0.0517234048517327
-0.002415,-0.4535272082057211,0.0517234048517327
-0.00241375,-0.4535272082057211,0.05307726994522144
-0.0024125,-0.4609225932018283,0.05240033739847708
-0.00241125,-0.4683179781979355,0.054092668765338
-0.00241,-0.4831087481901498,0.054092668765338
-0.00240875,-0.4794110556920962,0.05544653385882672
-0.0024075,-0.5052949031784713,0.05544653385882672
-0.00240625,-0.4978995181823641,0.05510806758545454
-0.002405,-0.5126902881745784,0.05646193267894328
-0.00240375,-0.516387980672632,0.05849273031917639
-0.0024025,-0.5237833656687392,0.05849273031917639
-0.00240125,-0.5274810581667928,0.06018506168603731
-0.0024,-0.5274810581667928,0.05781579777243202
-0.00239875,-0.5385741356609536,0.06018506168603731
-0.0023975,-0.5385741356609536,0.06120046050615387
-0.00239625,-0.5570625981512215,0.06255432559964261
-0.002395,-0.560760290649275,0.06323125814638697
-0.00239375,-0.5718533681434358,0.06390819069313135
-0.0023925,-0.5792487531395429,0.06255432559964261
-0.00239125,-0.5718533681434358,0.06323125814638697
-0.00239,-0.5792487531395429,0.06560052205999227
-0.00238875,-0.5866441381356501,0.06458512323987571
-0.0023875,-0.5903418306337037,0.06560052205999227
-0.00238625,-0.6014349081278645,0.06661592088010881
-0.002385,-0.6162256781200788,0.06763131970022537
-0.00238375,-0.6125279856220253,0.06661592088010881
-0.0023825,-0.6088302931239716,0.06864671852034193
-0.00238125,-0.6273187556142396,0.06796978597359755
-0.00238,-0.6310164481122932,0.07067751616057504
-0.00237875,-0.6458072181045075,0.07101598243394722
-0.0023775,-0.6458072181045075,0.0713544487073194
-0.00237625,-0.6458072181045075,0.0713544487073194
-0.002375,-0.6605979880967218,0.07203138125406378
-0.00237375,-0.6642956805947754,0.07169291498069159
-0.0023725,-0.667993373092829,0.07406217889429688
-0.00237125,-0.6790864505869897,0.07338524634755252
-0.00237,-0.6901795280811505,0.07338524634755252
-0.00236875,-0.6864818355830969,0.07473911144104124
-0.0023675,-0.6790864505869897,0.07406217889429688
-0.00236625,-0.6901795280811505,0.07507757771441344
-0.002365,-0.6864818355830969,0.07473911144104124
-0.00236375,-0.7012726055753112,0.07609297653452998
-0.0023625,-0.7012726055753112,0.07609297653452998
-0.00236125,-0.712365683069472,0.07710837535464654
-0.00236,-0.7271564530616863,0.0781237741747631
-0.00235875,-0.7234587605636328,0.0781237741747631
-0.0023575,-0.7271564530616863,0.07913917299487964
-0.00235625,-0.7456449155519542,0.07947763926825183
-0.002355,-0.7419472230539007,0.0801545718149962
-0.00235375,-0.7382495305558471,0.0801545718149962
-0.0023525,-0.7530403005480614,0.08150843690848494
-0.00235125,-0.756737993046115,0.08184690318185713
-0.00235,-0.756737993046115,0.08150843690848494
-0.00234875,-0.7530403005480614,0.08184690318185713
-0.0023475,-0.7641333780422221,0.08218536945522931
-0.00234625,-0.7641333780422221,0.08150843690848494
-0.002345,-0.7789241480344365,0.08421616709546241
-0.00234375,-0.7826218405324901,0.08421616709546241
-0.0023425,-0.7789241480344365,0.08489309964220679
-0.00234125,-0.7937149180266508,0.08489309964220679
-0.00234,-0.8085056880188651,0.08557003218895115
-0.00233875,-0.7937149180266508,0.08455463336883461
-0.0023375,-0.801110303022758,0.08523156591557897
-0.00233625,-0.8085056880188651,0.08692389728243989
-0.002335,-0.8048079955208116,0.08726236355581207
-0.00233375,-0.8122033805169188,0.08760082982918427
-0.0023325,-0.8122033805169188,0.08793929610255645
-0.00233125,-0.8122033805169188,0.08726236355581207
-0.00233,-0.8232964580110795,0.08726236355581207
-0.00232875,-0.8195987655130259,0.08827776237592863
-0.0023275,-0.8380872280032938,0.08963162746941737
-0.00232625,-0.8417849205013475,0.08929316119604519
-0.002325,-0.8491803054974546,0.09030856001616173
-0.00232375,-0.8528779979955081,0.09064702628953393
-0.0023225,-0.8602733829916154,0.08997009374278955
-0.00232125,-0.8528779979955081,0.09064702628953393
-0.00232,-0.8565756904935617,0.09166242510965047
-0.00231875,-0.8639710754896689,0.09166242510965047
-0.0023175,-0.8602733829916154,0.09233935765639485
-0.00231625,-0.871366460485776,0.09267782392976703
-0.002315,-0.8750641529838297,0.09132395883627829
-0.00231375,-0.871366460485776,0.09233935765639485
-0.0023125,-0.8750641529838297,0.0933547564765114
-0.00231125,-0.8750641529838297,0.09369322274988359
-0.00231,-0.8824595379799368,0.0933547564765114
-0.00230875,-0.8824595379799368,0.0933547564765114
-0.0023075,-0.8935526154740976,0.09437015529662796
-0.00230625,-0.8861572304779904,0.09437015529662796
-0.002305,-0.9083433854663119,0.09470862157000014
-0.00230375,-0.8935526154740976,0.09437015529662796
-0.0023025,-0.8972503079721512,0.09538555411674451
-0.00230125,-0.8972503079721512,0.09504708784337232
-0.0023,-0.9046456929682584,0.09640095293686106
-0.00229875,-0.9120410779643655,0.09707788548360544
-0.0022975,-0.9194364629604727,0.09707788548360544
-0.00229625,-0.9157387704624191,0.09606248666348888
-0.002295,-0.9083433854663119,0.0957240203901167
-0.00229375,-0.9231341554585263,0.09640095293686106
-0.0022925,-0.9194364629604727,0.09741635175697762
-0.00229125,-0.9194364629604727,0.09741635175697762
-0.00229,-0.9268318479565798,0.0977548180303498
-0.00228875,-0.9268318479565798,0.09809328430372198
-0.0022875,-0.9342272329526871,0.09741635175697762
-0.00228625,-0.9416226179487942,0.0977548180303498
-0.002285,-0.9305295404546334,0.0977548180303498
-0.00228375,-0.9416226179487942,0.09944714939721072
-0.0022825,-0.9490180029449014,0.09877021685046636
-0.00228125,-0.9379249254507406,0.0977548180303498
-0.00228,-0.9305295404546334,0.09843175057709418
-0.00227875,-0.9453203104468477,0.09910868312383854
-0.0022775,-0.9564133879410085,0.09944714939721072
-0.00227625,-0.9453203104468477,0.0977548180303498
-0.002275,-0.9453203104468477,0.09809328430372198
-0.00227375,-0.9416226179487942,0.09809328430372198
-0.0022725,-0.9490180029449014,0.09877021685046636
-0.00227125,-0.9564133879410085,0.1001240819439551
-0.00227,-0.9564133879410085,0.09944714939721072
-0.00226875,-0.9453203104468477,0.09843175057709418
-0.0022675,-0.9490180029449014,0.0997856156705829
-0.00226625,-0.9490180029449014,0.09910868312383854
-0.002265,-0.9564133879410085,0.1001240819439551
-0.00226375,-0.952715695442955,0.1001240819439551
-0.0022625,-0.9638087729371156,0.1004625482173273
-0.00226125,-0.9601110804390621,0.0997856156705829
-0.00226,-0.9564133879410085,0.09877021685046636
-0.00225875,-0.9564133879410085,0.1011394807640716
-0.0022575,-0.9601110804390621,0.09944714939721072
-0.00225625,-0.9601110804390621,0.1004625482173273
-0.002255,-0.9638087729371156,0.0997856156705829
-0.00225375,-0.9675064654351693,0.1001240819439551
-0.0022525,-0.9675064654351693,0.1008010144906995
-0.00225125,-0.9638087729371156,0.09877021685046636
-0.00225,-0.9638087729371156,0.0997856156705829
-0.00224875,-0.9601110804390621,0.09910868312383854
-0.0022475,-0.9601110804390621,0.1008010144906995
-0.00224625,-0.9712041579332229,0.0997856156705829
-0.002245,-0.9675064654351693,0.09944714939721072
-0.00224375,-0.9638087729371156,0.09944714939721072
-0.0022425,-0.9675064654351693,0.1004625482173273
-0.00224125,-0.9601110804390621,0.1008010144906995
-0.00224,-0.9490180029449014,0.1001240819439551
-0.00223875,-0.9712041579332229,0.09944714939721072
-0.0022375,-0.952715695442955,0.09877021685046636
-0.00223625,-0.9601110804390621,0.09877021685046636
-0.002235,-0.9601110804390621,0.1001240819439551
-0.00223375,-0.9712041579332229,0.1004625482173273
-0.0022325,-0.952715695442955,0.0997856156705829
-0.00223125,-0.9601110804390621,0.1004625482173273
-0.00223,-0.952715695442955,0.09843175057709418
-0.00222875,-0.952715695442955,0.09843175057709418
-0.0022275,-0.9638087729371156,0.09944714939721072
-0.00222625,-0.9601110804390621,0.0977548180303498
-0.002225,-0.952715695442955,0.09944714939721072
-0.00222375,-0.952715695442955,0.09741635175697762
-0.0022225,-0.9564133879410085,0.1001240819439551
-0.00222125,-0.9490180029449014,0.09809328430372198
-0.00222,-0.9490180029449014,0.09843175057709418
-0.00221875,-0.952715695442955,0.09877021685046636
-0.0022175,-0.9564133879410085,0.09877021685046636
-0.00221625,-0.9416226179487942,0.0977548180303498
-0.002215,-0.9453203104468477,0.09707788548360544
-0.00221375,-0.9416226179487942,0.09673941921023324
-0.0022125,-0.9342272329526871,0.0977548180303498
-0.00221125,-0.9453203104468477,0.09707788548360544
-0.00221,-0.9453203104468477,0.0977548180303498
-0.00220875,-0.9490180029449014,0.09741635175697762
-0.0022075,-0.9416226179487942,0.09673941921023324
-0.00220625,-0.9231341554585263,0.09504708784337232
-0.002205,-0.9305295404546334,0.09640095293686106
-0.00220375,-0.9231341554585263,0.0957240203901167
-0.0022025,-0.9268318479565798,0.09673941921023324
-0.00220125,-0.9268318479565798,0.09538555411674451
-0.0022,-0.9268318479565798,0.0957240203901167
-0.00219875,-0.9194364629604727,0.09437015529662796
-0.0021975,-0.9157387704624191,0.09369322274988359
-0.00219625,-0.9120410779643655,0.09301629020313922
-0.002195,-0.9046456929682584,0.09437015529662796
-0.00219375,-0.9120410779643655,0.09403168902325577
-0.0021925,-0.9120410779643655,0.09538555411674451
-0.00219125,-0.9120410779643655,0.0933547564765114
-0.00219,-0.9009480004702047,0.09132395883627829
-0.00218875,-0.889854922976044,0.09200089138302266
-0.0021875,-0.8935526154740976,0.09369322274988359
-0.00218625,-0.8972503079721512,0.09301629020313922
-0.002185,-0.8972503079721512,0.09233935765639485
-0.00218375,-0.8861572304779904,0.09098549256290611
-0.0021825,-0.8861572304779904,0.09098549256290611
-0.00218125,-0.8750641529838297,0.09064702628953393
-0.00218,-0.871366460485776,0.08861622864930081
-0.00217875,-0.8750641529838297,0.09030856001616173
-0.0021775,-0.8676687679877225,0.08997009374278955
-0.00217625,-0.871366460485776,0.08963162746941737
-0.002175,-0.871366460485776,0.08929316119604519
-0.00217375,-0.8676687679877225,0.08895469492267301
-0.0021725,-0.8565756904935617,0.08760082982918427
-0.00217125,-0.8528779979955081,0.08827776237592863
-0.00217,-0.8602733829916154,0.08726236355581207
-0.00216875,-0.8528779979955081,0.08692389728243989
-0.0021675,-0.8417849205013475,0.08692389728243989
-0.00216625,-0.845482612999401,0.08557003218895115
-0.002165,-0.8232964580110795,0.08590849846232335
-0.00216375,-0.845482612999401,0.08692389728243989
-0.0021625,-0.8306918430071867,0.08590849846232335
-0.00216125,-0.8306918430071867,0.08489309964220679
-0.00216,-0.8232964580110795,0.08320076827534587
-0.00215875,-0.8159010730149723,0.08218536945522931
-0.0021575,-0.8122033805169188,0.08218536945522931
-0.00215625,-0.8085056880188651,0.08353923454871805
-0.002155,-0.801110303022758,0.08286230200197368
-0.00215375,-0.7900172255285972,0.08286230200197368
-0.0021525,-0.7900172255285972,0.08049303808836838
-0.00215125,-0.7900172255285972,0.08083150436174057
-0.00215,-0.7900172255285972,0.08049303808836838
-0.00214875,-0.7974126105247044,0.08083150436174057
-0.0021475,-0.7826218405324901,0.0801545718149962
-0.00214625,-0.7678310705402758,0.07880070672150746
-0.002145,-0.7715287630383293,0.07880070672150746
-0.00214375,-0.7789241480344365,0.0781237741747631
-0.0021425,-0.7715287630383293,0.0781237741747631
-0.00214125,-0.7604356855441686,0.07846224044813528
-0.00214,-0.7493426080500079,0.07710837535464654
-0.00213875,-0.7493426080500079,0.07541604398778562
-0.0021375,-0.7345518380577934,0.0757545102611578
-0.00213625,-0.7345518380577934,0.07473911144104124
-0.002135,-0.7382495305558471,0.07541604398778562
-0.00213375,-0.7197610680655792,0.0737237126209247
-0.0021325,-0.7234587605636328,0.07338524634755252
-0.00213125,-0.7197610680655792,0.07406217889429688
-0.00213,-0.7197610680655792,0.07338524634755252
-0.00212875,-0.7086679905714184,0.07101598243394722
-0.0021275,-0.7086679905714184,0.0713544487073194
-0.00212625,-0.6827841430850433,0.07067751616057504
-0.002125,-0.6827841430850433,0.0713544487073194
-0.00212375,-0.6901795280811505,0.07033904988720285
-0.0021225,-0.6790864505869897,0.06830825224696974
-0.00212125,-0.6790864505869897,0.06898518479371411
-0.00212,-0.6827841430850433,0.06830825224696974
-0.00211875,-0.6642956805947754,0.06763131970022537
-0.0021175,-0.6569002955986682,0.06763131970022537
-0.00211625,-0.6532026031006146,0.06661592088010881
-0.002115,-0.6532026031006146,0.06763131970022537
-0.00211375,-0.6384118331084003,0.06526205578662007
-0.0021125,-0.6347141406103467,0.06492358951324789
-0.00211125,-0.6273187556142396,0.06424665696650353
-0.00211,-0.6236210631161859,0.06289279187301479
-0.00210875,-0.6125279856220253,0.06153892677952605
-0.0021075,-0.6273187556142396,0.06221585932627043
-0.00210625,-0.6125279856220253,0.06187739305289824
-0.002105,-0.6088302931239716,0.06120046050615387
-0.00210375,-0.5977372156298109,0.06018506168603731
-0.0021025,-0.5792487531395429,0.06018506168603731
-0.00210125,-0.5792487531395429,0.05950812913929295
-0.0021,-0.5718533681434358,0.0581542640458042
-0.00209875,-0.5644579831473286,0.05713886522568766
-0.0020975,-0.5681556756453822,0.0561234664055711
-0.00209625,-0.5459695206570607,0.05646193267894328
-0.002095,-0.5533649056531679,0.0561234664055711
-0.00209375,-0.5533649056531679,0.05578500013219892
-0.0020925,-0.5422718281590071,0.054092668765338
-0.00209125,-0.5311787506648463,0.05307726994522144
-0.00209,-0.5311787506648463,0.05273880367184926
-0.00208875,-0.5200856731706857,0.05206187112510488
-0.0020875,-0.5052949031784713,0.05138493857836052
-0.00208625,-0.516387980672632,0.05070800603161614
-0.002085,-0.5052949031784713,0.0517234048517327
-0.00208375,-0.4978995181823641,0.05003107348487178
-0.0020825,-0.490504133186257,0.04901567466475522
-0.00208125,-0.4794110556920962,0.04800027584463867
-0.00208,-0.4757133631940426,0.04800027584463867
-0.00207875,-0.4609225932018283,0.04698487702452211
-0.0020775,-0.4535272082057211,0.04596947820440556
-0.00207625,-0.4572249007037747,0.04630794447777775
-0.002075,-0.4535272082057211,0.04563101193103337
-0.00207375,-0.4498295157076675,0.04427714683754463
-0.0020725,-0.4387364382135068,0.04393868056417245
-0.00207125,-0.427643360719346,0.04224634919731153
-0.00207,-0.4202479757232389,0.04258481547068371
-0.00206875,-0.4128525907271317,0.04089248410382279
-0.0020675,-0.4017595132329709,0.04055401783045061
-0.00206625,-0.3943641282368638,0.04021555155707843
-0.002065,-0.3869687432407566,0.03852322019021751
-0.00206375,-0.3869687432407566,0.03886168646358969
-0.0020625,-0.3795733582446494,0.03716935509672877
-0.00206125,-0.3684802807504887,0.03818475391684532
-0.00206,-0.3647825882524351,0.03716935509672877
-0.00205875,-0.3573872032563279,0.03513855745649566
-0.0020575,-0.3352010482680065,0.03378469236300692
-0.00205625,-0.3462941257621672,0.0341231586363791
-0.002055,-0.3352010482680065,0.0341231586363791
-0.00205375,-0.3167125857777385,0.032092360996146
-0.0020525,-0.3167125857777385,0.03073849590265726
-0.00205125,-0.3167125857777385,0.0317538947227738
-0.00205,-0.3093172007816313,0.03073849590265726
-0.00204875,-0.2982241232874706,0.0297230970825407
-0.0020475,-0.3019218157855242,0.02904616453579633
-0.00204625,-0.2982241232874706,0.02870769826242415
-0.002045,-0.2834333532952563,0.02735383316893541
-0.00204375,-0.2760379682991491,0.02836923198905196
-0.0020425,-0.2575495058088811,0.02633843434881886
-0.00204125,-0.2427587358166668,0.02498456925533012
-0.00204,-0.2427587358166668,0.02464610298195793
-0.00203875,-0.2316656583225061,0.02430763670858575
-0.0020375,-0.2353633508205597,0.02261530534172483
-0.00203625,-0.2279679658244525,0.0209229739748639
-0.002035,-0.205781810836131,0.02126144024823609
-0.00203375,-0.2020841183380774,0.02126144024823609
-0.0020325,-0.1983864258400238,0.02058450770149172
-0.00203125,-0.1983864258400238,0.01923064260800298
-0.00203,-0.1909910408439167,0.01821524378788643
-0.00202875,-0.1835956558478095,0.01787677751451424
-0.0020275,-0.1577118083614344,0.01618444614765332
-0.00202625,-0.1651071933575416,0.01584597987428113
-0.002025,-0.161409500859488,0.01584597987428113
-0.00202375,-0.1577118083614344,0.01550751360090895
-0.0020225,-0.1540141158633808,0.0144921147807924
-0.00202125,-0.1355256533731129,0.01279978341393147
-0.00202,-0.1244325758789522,0.01076898577369837
-0.00201875,-0.1059441133886842,0.01144591832044273
-0.0020175,-0.1096418058867378,0.01076898577369837
-0.00201625,-0.09854872839257706,0.01076898577369837
-0.002015,-0.1022464208906306,0.008738188133465259
-0.00201375,-0.09854872839257706,0.009415120680209627
-0.0020125,-0.0911533433964699,0.007722789313348704
-0.00201125,-0.07636257340425556,0.00738432303997652
-0.00201,-0.05787411091398764,0.006030457946487782
-0.00200875,-0.05047872591788047,0.004676592852999043
-0.0020075,-0.06157180341204122,0.004338126579626859
-0.00200625,-0.0430833409217733,0.00366119403288249
-0.002005,-0.03568795592566613,0.00298426148613812
-0.00200375,-0.0208971859334518,0.002645795212765936
-0.0020025,-0.02459487843150538,0.00298426148613812
-0.00200125,-0.01350180093734463,-0.0004004012475837255
-0.002,-0.00240872344318388,-0.0007388675209559101
-0.00199875,0.01238204654903046,-0.002092732614444648
-0.0019975,0.01977743154513762,-0.001077333794328095
-0.00199625,0.01607973904708404,-0.004123530254677756
-0.001995,0.02717281654124479,-0.002769665161189018
-0.00199375,0.03456820153735196,-0.006154327894910864
-0.0019925,0.0493589715295663,-0.005477395348166494
-0.00199125,0.05305666402761988,-0.006154327894910864
-0.00199,0.06414974152178063,-0.005815861621538678
-0.00198875,0.07894051151399496,-0.009200524355260524
-0.0019875,0.07524281901594138,-0.007169726715027417
-0.00198625,0.07894051151399496,-0.009538990628632709
-0.001985,0.09742897400426288,-0.01021592317537708
-0.00198375,0.1011266665023165,-0.01123132199549363
-0.0019825,0.1159174364945308,-0.01156978826886582
-0.00198125,0.1122197439964772,-0.01292365336235455
-0.00198,0.1196151289925844,-0.01360058590909892
-0.00197875,0.1344058989847987,-0.01360058590909892
-0.0019775,0.123312821490638,-0.01292365336235455
-0.00197625,0.1418012839809059,-0.01393905218247111
-0.001975,0.1491966689770131,-0.01563138354933203
-0.00197375,0.1602897464711738,-0.01833911373630951
-0.0019725,0.1713828239653346,-0.01766218118956514
-0.00197125,0.1713828239653346,-0.01935451255642606
-0.00197,0.1750805164633882,-0.01800064746293733
-0.00196875,0.1898712864556025,-0.01901604628305388
-0.0019675,0.1861735939575489,-0.01969297882979825
-0.00196625,0.1935689789536561,-0.02172377647003135
-0.001965,0.212057441443924,-0.02273917529014791
-0.00196375,0.2268482114361383,-0.02273917529014791
-0.0019625,0.2305459039341919,-0.02341610783689228
-0.00196125,0.2416389814283527,-0.0251084392037532
-0.00196,0.2379412889302991,-0.02544690547712538
-0.00195875,0.2416389814283527,-0.02646230429724194
-0.0019575,0.2638251364166742,-0.02781616939073068
-0.00195625,0.2823135989069421,-0.02815463566410286
-0.001955,0.2712205214127813,-0.02815463566410286
-0.00195375,0.2786159064088885,-0.02984696703096379
-0.0019525,0.2860112914049956,-0.03052389957770815
-0.00195125,0.2934066764011029,-0.03120083212445252
-0.00195,0.3044997538952636,-0.03120083212445252
-0.00194875,0.3081974463933171,-0.03255469721794126
-0.0019475,0.3155928313894243,-0.03323162976468563
-0.00194625,0.3229882163855315,-0.03390856231143
-0.001945,0.3303836013816387,-0.03424702858480218
-0.00194375,0.3414766788757994,-0.03357009603805781
-0.0019425,0.3414766788757994,-0.03593935995166311
-0.00194125,0.3562674488680138,-0.03729322504515184
-0.00194,0.3599651413660673,-0.03593935995166311
-0.00193875,0.3562674488680138,-0.0383086238652684
-0.0019375,0.3784536038563353,-0.0383086238652684
-0.00193625,0.3821512963543888,-0.03932402268538496
-0.001935,0.3969420663466032,-0.0406778877788737
-0.00193375,0.3932443738485496,-0.04135482032561806
-0.0019325,0.4006397588446567,-0.04135482032561806
-0.00193125,0.4043374513427103,-0.04338561796585116
-0.00193,0.4228259138329782,-0.04338561796585116
-0.00192875,0.4376166838251926,-0.04440101678596772
-0.0019275,0.4302212988290854,-0.04304715169247898
-0.00192625,0.4228259138329782,-0.04406255051259554
-0.001925,0.4413143763232462,-0.0447394830593399
-0.00192375,0.4561051463154605,-0.04643181442620083
-0.0019225,0.4635005313115677,-0.04812414579306175
-0.00192125,0.4708959163076749,-0.04846261206643393
-0.00192,0.4745936088057284,-0.04846261206643393
-0.00191875,0.4856866862998892,-0.04880107833980613
-0.0019175,0.478291301303782,-0.04913954461317831
-0.00191625,0.4819889938018356,-0.05015494343329487
-0.001915,0.4893843787979428,-0.05083187598003923
-0.00191375,0.5115705337862643,-0.05252420734690015
-0.0019125,0.522663611280425,-0.05320113989364451
-0.00191125,0.522663611280425,-0.05353960616701671
-0.00191,0.5337566887745858,-0.05421653871376107
-0.00190875,0.5263613037784786,-0.05489347126050545
-0.0019075,0.541152073770693,-0.05489347126050545
-0.00190625,0.5448497662687465,-0.05489347126050545
-0.001905,0.5596405362609609,-0.05692426890073855
-0.00190375,0.5633382287590144,-0.05760120144748292
-0.0019025,0.5707336137551217,-0.05827813399422729
-0.00190125,0.5707336137551217,-0.0579396677208551
-0.0019,0.5781289987512288,-0.05760120144748292
-0.00189875,0.5892220762453896,-0.0603089316344604
-0.0018975,0.5892220762453896,-0.06166279672794914
-0.00189625,0.6077105387356575,-0.0603089316344604
-0.001895,0.6077105387356575,-0.06200126300132132
-0.00189375,0.6225013087278718,-0.0623397292746935
-0.0018925,0.6151059237317646,-0.0623397292746935
-0.00189125,0.6151059237317646,-0.06335512809481006
-0.00189,0.6335943862220326,-0.06403206064155444
-0.00188875,0.6335943862220326,-0.06538592573504316
-0.0018875,0.6446874637161933,-0.06640132455515972
-0.00188625,0.6520828487123005,-0.06538592573504316
-0.001885,0.6483851562142469,-0.06640132455515972
-0.00188375,0.6668736187045148,-0.06538592573504316
-0.0018825,0.6594782337084076,-0.06809365592202064
-0.00188125,0.6779666961986756,-0.06809365592202064
-0.00188,0.6742690037006219,-0.06944752101550938
-0.00187875,0.6816643886967292,-0.06877058846876502
-0.0018775,0.6927574661908898,-0.0691090547421372
-0.00187625,0.6927574661908898,-0.06978598728888157
-0.001875,0.7038505436850506,-0.07147831865574249
-0.00187375,0.7038505436850506,-0.07215525120248686
-0.0018725,0.7038505436850506,-0.07317065002260341
-0.00187125,0.7149436211792114,-0.07249371747585905
-0.00187,0.7223390061753185,-0.07317065002260341
-0.00186875,0.7297343911714257,-0.07384758256934779
-0.0018675,0.7371297761675329,-0.07452451511609215
-0.00186625,0.7482228536616936,-0.07452451511609215
-0.001865,0.7482228536616936,-0.07520144766283653
-0.00186375,0.7482228536616936,-0.07520144766283653
-0.0018625,0.7593159311558544,-0.07587838020958089
-0.00186125,0.763013623653908,-0.07587838020958089
-0.00186,0.763013623653908,-0.07824764412318619
-0.00185875,0.7741067011480688,-0.07790917784981399
-0.0018575,0.7851997786422295,-0.07960150921667491
-0.00185625,0.7851997786422295,-0.07790917784981399
-0.001855,0.7741067011480688,-0.07858611039655837
-0.00185375,0.7888974711402831,-0.07926304294330273
-0.0018525,0.7888974711402831,-0.07892457666993055
-0.00185125,0.7962928561363902,-0.08027844176341929
-0.00185,0.807385933630551,-0.08027844176341929
-0.00184875,0.807385933630551,-0.08163230685690803
-0.0018475,0.8221767036227653,-0.08163230685690803
-0.00184625,0.8258743961208189,-0.0823092394036524
-0.001845,0.8221767036227653,-0.08298617195039677
-0.00184375,0.8295720886188724,-0.0843400370438855
-0.0018425,0.8406651661130332,-0.0843400370438855
-0.00184125,0.8332697811169261,-0.08400157077051332
-0.00184,0.8480605511091404,-0.08501696959062988
-0.00183875,0.851758243607194,-0.08501696959062988
-0.0018375,0.8554559361052476,-0.08535543586400206
-0.00183625,0.8628513211013548,-0.08637083468411862
-0.001835,0.8665490135994083,-0.08603236841074643
-0.00183375,0.8591536286033011,-0.08704776723086298
-0.0018325,0.8665490135994083,-0.0867093009574908
-0.00183125,0.8628513211013548,-0.08738623350423516
-0.00183,0.8702467060974619,-0.0887400985977239
-0.00182875,0.8776420910935691,-0.08772469977760736
-0.0018275,0.8887351685877298,-0.0887400985977239
-0.00182625,0.8924328610857835,-0.0887400985977239
-0.001825,0.8813397835916227,-0.0890785648710961
-0.00182375,0.8887351685877298,-0.08941703114446828
-0.0018225,0.8924328610857835,-0.09144782878470138
-0.00182125,0.9072236310779977,-0.09009396369121264
-0.00182,0.896130553583837,-0.09077089623795702
-0.00181875,0.9072236310779977,-0.09043242996458482
-0.0018175,0.9109213235760514,-0.09043242996458482
-0.00181625,0.9109213235760514,-0.09144782878470138
-0.001815,0.9146190160741049,-0.09144782878470138
-0.00181375,0.9183167085721585,-0.0911093625113292
-0.0018125,0.9183167085721585,-0.09347862642493449
-0.00181125,0.9294097860663193,-0.09280169387819012
-0.00181,0.9257120935682657,-0.0931401601515623
-0.00180875,0.9442005560585336,-0.0931401601515623
-0.0018075,0.9331074785643728,-0.09449402524505104
-0.00180625,0.9442005560585336,-0.0931401601515623
-0.001805,0.9368051710624264,-0.09449402524505104
-0.00180375,0.9442005560585336,-0.09415555897167886
-0.0018025,0.9478982485565872,-0.09483249151842323
-0.00180125,0.94050286356048,-0.09449402524505104
-0.0018,0.9478982485565872,-0.09584789033853978
-0.00179875,0.9478982485565872,-0.0955094240651676
-0.0017975,0.9663867110468551,-0.09584789033853978
-0.00179625,0.9626890185488015,-0.0955094240651676
-0.001795,0.9589913260507479,-0.0955094240651676
-0.00179375,0.9663867110468551,-0.09720175543202852
-0.0017925,0.9663867110468551,-0.09686328915865633
-0.00179125,0.9663867110468551,-0.09686328915865633
-0.00179,0.9700844035449087,-0.09720175543202852
-0.00178875,0.9737820960429623,-0.09686328915865633
-0.0017875,0.9811774810390694,-0.09652482288528415
-0.00178625,0.9737820960429623,-0.09720175543202852
-0.001785,0.9774797885410158,-0.09652482288528415
-0.00178375,0.9737820960429623,-0.09754022170540071
-0.0017825,0.9885728660351766,-0.09923255307226163
-0.00178125,0.9885728660351766,-0.09889408679888945
-0.00178,0.9885728660351766,-0.09855562052551727
-0.00177875,0.9885728660351766,-0.09923255307226163
-0.0017775,0.9922705585332302,-0.09787868797877289
-0.00177625,0.9959682510312837,-0.09787868797877289
-0.001775,0.9848751735371231,-0.09821715425214507
-0.00177375,0.9922705585332302,-0.09754022170540071
-0.0017725,0.9922705585332302,-0.09923255307226163
-0.00177125,0.9885728660351766,-0.09923255307226163
-0.00177,0.9996659435293372,-0.09889408679888945
-0.00176875,1.003363636027391,-0.09821715425214507
-0.0017675,1.003363636027391,-0.09957101934563381
-0.00176625,1.007061328525444,-0.09889408679888945
-0.001765,1.003363636027391,-0.09990948561900599
-0.00176375,1.003363636027391,-0.09889408679888945
-0.0017625,1.010759021023498,-0.09889408679888945
-0.00176125,0.9959682510312837,-0.09855562052551727
-0.00176,0.9959682510312837,-0.09990948561900599
-0.00175875,0.9996659435293372,-0.09923255307226163
-0.0017575,1.010759021023498,-0.09923255307226163
-0.00175625,1.003363636027391,-0.09923255307226163
-0.001755,0.9996659435293372,-0.09889408679888945
-0.00175375,1.007061328525444,-0.09990948561900599
-0.0017525,1.014456713521552,-0.1005864181657504
-0.00175125,1.010759021023498,-0.09889408679888945
-0.00175,1.003363636027391,-0.09923255307226163
-0.00174875,1.014456713521552,-0.09923255307226163
-0.0017475,1.007061328525444,-0.09957101934563381
-0.00174625,1.003363636027391,-0.09923255307226163
-0.001745,0.9996659435293372,-0.09889408679888945
-0.00174375,1.010759021023498,-0.09957101934563381
-0.0017425,1.014456713521552,-0.1009248844391226
-0.00174125,1.007061328525444,-0.09957101934563381
-0.00174,1.007061328525444,-0.09889408679888945
-0.00173875,0.9922705585332302,-0.09923255307226163
-0.0017375,1.010759021023498,-0.09957101934563381
-0.00173625,0.9996659435293372,-0.09855562052551727
-0.001735,1.014456713521552,-0.1002479518923782
-0.00173375,1.007061328525444,-0.09855562052551727
-0.0017325,1.007061328525444,-0.09821715425214507
-0.00173125,1.007061328525444,-0.09923255307226163
-0.00173,0.9959682510312837,-0.09821715425214507
-0.00172875,1.007061328525444,-0.09923255307226163
-0.0017275,1.003363636027391,-0.09923255307226163
-0.00172625,0.9996659435293372,-0.09821715425214507
-0.001725,0.9959682510312837,-0.09754022170540071
-0.00172375,0.9959682510312837,-0.09787868797877289
-0.0017225,0.9959682510312837,-0.09821715425214507
-0.00172125,0.9996659435293372,-0.09720175543202852
-0.00172,0.9996659435293372,-0.09821715425214507
-0.00171875,1.003363636027391,-0.09821715425214507
-0.0017175,0.9959682510312837,-0.09821715425214507
-0.00171625,0.9885728660351766,-0.09754022170540071
-0.001715,0.9848751735371231,-0.09517095779179541
-0.00171375,0.9737820960429623,-0.09618635661191197
-0.0017125,0.9922705585332302,-0.09652482288528415
-0.00171125,0.9811774810390694,-0.09686328915865633
-0.00171,0.9811774810390694,-0.09618635661191197
-0.00170875,0.9811774810390694,-0.09618635661191197
-0.0017075,0.9811774810390694,-0.09449402524505104
-0.00170625,0.9626890185488015,-0.0955094240651676
-0.001705,0.9811774810390694,-0.0955094240651676
-0.00170375,0.9885728660351766,-0.09584789033853978
-0.0017025,0.9811774810390694,-0.09517095779179541
-0.00170125,0.9737820960429623,-0.09449402524505104
-0.0017,0.9626890185488015,-0.09381709269830668
-0.00169875,0.9552936335526944,-0.09415555897167886
-0.0016975,0.9737820960429623,-0.09449402524505104
-0.00169625,0.9663867110468551,-0.09381709269830668
-0.001695,0.9626890185488015,-0.09246322760481794
-0.00169375,0.9515959410546407,-0.09347862642493449
-0.0016925,0.9552936335526944,-0.09246322760481794
-0.00169125,0.9552936335526944,-0.0931401601515623
-0.00169,0.9515959410546407,-0.09246322760481794
-0.00168875,0.9478982485565872,-0.09246322760481794
-0.0016875,0.9552936335526944,-0.09246322760481794
-0.00168625,0.9331074785643728,-0.0911093625113292
-0.001685,0.922014401070212,-0.09043242996458482
-0.00168375,0.9257120935682657,-0.09144782878470138
-0.0016825,0.94050286356048,-0.08975549741784046
-0.00168125,0.94050286356048,-0.09009396369121264
-0.00168,0.9294097860663193,-0.0890785648710961
-0.00167875,0.922014401070212,-0.09043242996458482
-0.0016775,0.9183167085721585,-0.0890785648710961
-0.00167625,0.9183167085721585,-0.0887400985977239
-0.001675,0.9146190160741049,-0.0887400985977239
-0.00167375,0.9109213235760514,-0.08738623350423516
-0.0016725,0.896130553583837,-0.0867093009574908
-0.00167125,0.9146190160741049,-0.08637083468411862
-0.00167,0.9035259385799441,-0.08603236841074643
-0.00166875,0.8924328610857835,-0.08704776723086298
-0.0016675,0.8887351685877298,-0.0867093009574908
-0.00166625,0.8887351685877298,-0.0843400370438855
-0.001665,0.8887351685877298,-0.08535543586400206
-0.00166375,0.8776420910935691,-0.08535543586400206
-0.0016625,0.8813397835916227,-0.08332463822376895
-0.00166125,0.8702467060974619,-0.0843400370438855
-0.00166,0.8702467060974619,-0.08298617195039677
-0.00165875,0.8665490135994083,-0.08400157077051332
-0.0016575,0.8591536286033011,-0.0823092394036524
-0.00165625,0.8628513211013548,-0.08163230685690803
-0.001655,0.8443628586110868,-0.08061690803679147
-0.00165375,0.8406651661130332,-0.08197077313028021
-0.0016525,0.8480605511091404,-0.08095537431016366
-0.00165125,0.8369674736149797,-0.07926304294330273
-0.00165,0.8406651661130332,-0.08027844176341929
-0.00164875,0.8369674736149797,-0.07926304294330273
-0.0016475,0.8221767036227653,-0.07960150921667491
-0.00164625,0.8258743961208189,-0.07824764412318619
-0.001645,0.8147813186266581,-0.07723224530306963
-0.00164375,0.7999905486344439,-0.07723224530306963
-0.0016425,0.807385933630551,-0.07689377902969745
-0.00164125,0.8184790111247118,-0.07757071157644181
-0.00164,0.7962928561363902,-0.07621684648295307
-0.00163875,0.7925951636383366,-0.07520144766283653
-0.0016375,0.7851997786422295,-0.07452451511609215
-0.00163625,0.7815020861441759,-0.07486298138946433
-0.001635,0.7778043936461223,-0.07418604884271997
-0.00163375,0.7778043936461223,-0.07452451511609215
-0.0016325,0.7778043936461223,-0.07317065002260341
-0.00163125,0.7704090086500152,-0.07113985238237031
-0.00163,0.7519205461597472,-0.07080138610899812
-0.00162875,0.7482228536616936,-0.07147831865574249
-0.0016275,0.7519205461597472,-0.07147831865574249
-0.00162625,0.7556182386578009,-0.06978598728888157
-0.001625,0.7334320836694793,-0.07012445356225375
-0.00162375,0.7223390061753185,-0.0691090547421372
-0.0016225,0.7223390061753185,-0.06877058846876502
-0.00162125,0.7223390061753185,-0.06741672337527628
-0.00162,0.718641313677265,-0.06640132455515972
-0.00161875,0.7038505436850506,-0.0670782571019041
-0.0016175,0.7038505436850506,-0.06572439200841536
-0.00161625,0.7075482361831043,-0.06606285828178754
-0.001615,0.6927574661908898,-0.06437052691492662
-0.00161375,0.6890597736928363,-0.06606285828178754
-0.0016125,0.6816643886967292,-0.06335512809481006
-0.00161125,0.6779666961986756,-0.06403206064155444
-0.00161,0.6816643886967292,-0.0623397292746935
-0.00160875,0.6705713112025684,-0.06132433045457696
-0.0016075,0.655780541210354,-0.06166279672794914
-0.00160625,0.6520828487123005,-0.06064739790783258
-0.001605,0.655780541210354,-0.05963199908771603
-0.00160375,0.6409897712181397,-0.05997046536108822
-0.0016025,0.6372920787200861,-0.05929353281434384
-0.00160125,0.6372920787200861,-0.05997046536108822
-0.0016,0.6225013087278718,-0.05760120144748292
-0.00159875,0.6188036162298182,-0.05658580262736637
-0.0015975,0.6151059237317646,-0.05726273517411073
-0.00159625,0.6040128462376039,-0.05624733635399418
-0.001595,0.6003151537395502,-0.05557040380724981
-0.00159375,0.585524383747336,-0.05320113989364451
-0.0015925,0.5892220762453896,-0.05353960616701671
-0.00159125,0.5818266912492823,-0.05286267362027233
-0.00159,0.5744313062531752,-0.05286267362027233
-0.00158875,0.5596405362609609,-0.05184727480015579
-0.0015875,0.5596405362609609,-0.05184727480015579
-0.00158625,0.5522451512648537,-0.04947801088655049
-0.001585,0.541152073770693,-0.05015494343329487
-0.00158375,0.5485474587668001,-0.04947801088655049
-0.0015825,0.5300589962765322,-0.04846261206643393
-0.00158125,0.5337566887745858,-0.04643181442620083
-0.00158,0.5189659187823714,-0.04643181442620083
-0.00157875,0.5152682262843179,-0.04643181442620083
-0.0015775,0.5078728412882106,-0.04643181442620083
-0.00157625,0.4967797637940499,-0.04507794933271209
-0.001575,0.4893843787979428,-0.0447394830593399
-0.00157375,0.4930820712959963,-0.04406255051259554
-0.0015725,0.4856866862998892,-0.04237021914573462
-0.00157125,0.4671982238096213,-0.04237021914573462
-0.00157,0.4635005313115677,-0.04101635405224588
-0.00156875,0.4598028388135141,-0.04000095523212932
-0.0015675,0.4487097613193534,-0.0403394215055015
-0.00156625,0.4524074538174069,-0.03966248895875714
-0.001565,0.4487097613193534,-0.0383086238652684
-0.00156375,0.4376166838251926,-0.03932402268538496
-0.0015625,0.4265236063310319,-0.03729322504515184
-0.00156125,0.4117328363388175,-0.03593935995166311
-0.00156,0.4117328363388175,-0.03560089367829092
-0.00155875,0.4006397588446567,-0.03526242740491874
-0.0015575,0.3969420663466032,-0.03492396113154655
-0.00155625,0.389546681350496,-0.03357009603805781
-0.001555,0.3710582188602281,-0.03153929839782471
-0.00155375,0.3673605263621745,-0.03187776467119689
-0.0015525,0.3636628338641209,-0.03052389957770815
-0.00155125,0.3636628338641209,-0.03086236585108034
-0.00155,0.3525697563699602,-0.02984696703096379
-0.00154875,0.345174371373853,-0.0295085007575916
-0.0015475,0.3414766788757994,-0.02849310193747505
-0.00154625,0.3340812938796923,-0.02815463566410286
-0.001545,0.3229882163855315,-0.02646230429724194
-0.00154375,0.3155928313894243,-0.02612383802386975
-0.0015425,0.3118951388913708,-0.02578537175049757
-0.00154125,0.30080206139721,-0.0251084392037532
-0.00154,0.30080206139721,-0.02307764156352009
-0.00153875,0.2823135989069421,-0.02307764156352009
-0.0015375,0.2749182139108349,-0.02138531019665917
-0.00153625,0.2675228289147277,-0.02172377647003135
-0.001535,0.2749182139108349,-0.02036991137654262
-0.00153375,0.2638251364166742,-0.02036991137654262
-0.0015325,0.2416389814283527,-0.01867758000968169
-0.00153125,0.2490343664244598,-0.01833911373630951
-0.00153,0.2342435964322455,-0.01833911373630951
-0.00152875,0.2305459039341919,-0.01766218118956514
-0.0015275,0.212057441443924,-0.0163083160960764
-0.00152625,0.2083597489458704,-0.01495445100258766
-0.001525,0.1972666714517096,-0.01427751845584329
-0.00152375,0.1898712864556025,-0.01258518708898237
-0.0015225,0.1824759014594953,-0.01258518708898237
-0.00152125,0.1898712864556025,-0.01292365336235455
-0.00152,0.1750805164633882,-0.01123132199549363
-0.00151875,0.1713828239653346,-0.01089285572212145
-0.0015175,0.1528943614750666,-0.009200524355260524
-0.00151625,0.1418012839809059,-0.01055438944874926
-0.001515,0.1454989764789595,-0.009538990628632709
-0.00151375,0.1381035914828523,-0.007169726715027417
-0.0015125,0.1307082064867451,-0.007169726715027417
-0.00151125,0.123312821490638,-0.006831260441655233
-0.00151,0.1122197439964772,-0.005477395348166494
-0.00150875,0.1085220514984236,-0.004800462801422125
-0.0015075,0.0937312815062093,-0.003446597707933387
-0.00150625,0.07894051151399496,-0.001754266341072464
-0.001505,0.07894051151399496,-0.002431198887816833
-0.00150375,0.07524281901594138,-0.001077333794328095
-0.0015025,0.06784743401983422,-0.0007388675209559101
-0.00150125,0.06045204902372704,0.0002765312991606437
-0.0015,0.04566127903151271,0.0009534638459050128
-0.00149875,0.04196358653345913,0.00366119403288249
-0.0014975,0.03087050903929837,0.001291930119277197
-0.00149625,0.02717281654124479,0.003999660306254674
-0.001495,0.01977743154513762,0.004676592852999043
-0.00149375,0.008684354050976872,0.006368924219859966
-0.0014925,-0.006106415941237463,0.006707390493232151
-0.00149125,-0.009804108439291047,0.007045856766604335
-0.00149,-0.0208971859334518,0.007722789313348704
-0.00148875,-0.02459487843150538,0.006707390493232151
-0.0014875,-0.0208971859334518,0.009415120680209627
-0.00148625,-0.03199026342761255,0.008738188133465259
-0.001485,-0.03938564842371972,0.01144591832044273
-0.00148375,-0.05417641841593406,0.01279978341393147
-0.0014825,-0.0652694959100948,0.01246131714055929
-0.00148125,-0.06896718840814839,0.01279978341393147
-0.00148,-0.0652694959100948,0.01347671596067584
-0.00147875,-0.07266488090620198,0.01347671596067584
-0.0014775,-0.08745565089841631,0.01618444614765332
-0.00147625,-0.09485103589452348,0.0165229124210255
-0.001475,-0.1096418058867378,0.01753831124114206
-0.00147375,-0.1096418058867378,0.01753831124114206
-0.0014725,-0.1244325758789522,0.01719984496776987
-0.00147125,-0.1281302683770057,0.0188921763346308
-0.00147,-0.1355256533731129,0.01923064260800298
-0.00146875,-0.1318279608750593,0.01990757515474735
-0.0014675,-0.1503164233653272,0.02227683906835264
-0.00146625,-0.1503164233653272,0.02261530534172483
-0.001465,-0.1651071933575416,0.02295377161509701
-0.00146375,-0.1688048858555952,0.02498456925533012
-0.0014625,-0.1798979633497559,0.02430763670858575
-0.00146125,-0.1909910408439167,0.02667690062219104
-0.00146,-0.1983864258400238,0.02566150180207449
-0.00145875,-0.2094795033341846,0.02701536689556323
-0.0014575,-0.2168748883302918,0.02769229944230759
-0.00145625,-0.2205725808283453,0.02735383316893541
-0.001455,-0.2242702733263989,0.02938463080916852
-0.00145375,-0.2279679658244525,0.03006156335591289
-0.0014525,-0.2427587358166668,0.03107696217602944
-0.00145125,-0.250154120812774,0.03141542844940162
-0.00145,-0.2538518133108276,0.032092360996146
-0.00144875,-0.2649448908049883,0.03243082726951818
-0.0014475,-0.2649448908049883,0.0341231586363791
-0.00144625,-0.2834333532952563,0.03513855745649566
-0.001445,-0.2908287382913634,0.03378469236300692
-0.00144375,-0.2908287382913634,0.03581549000324002
-0.0014425,-0.2982241232874706,0.03581549000324002
-0.00144125,-0.3093172007816313,0.03716935509672877
-0.00144,-0.3093172007816313,0.03784628764347313
-0.00143875,-0.3204102782757921,0.03852322019021751
-0.0014375,-0.3241079707738457,0.03953861901033405
-0.00143625,-0.3425964332641136,0.04021555155707843
-0.001435,-0.3425964332641136,0.04089248410382279
-0.00143375,-0.3462941257621672,0.04156941665056717
-0.0014325,-0.3536895107582744,0.04224634919731153
-0.00143125,-0.3610848957543815,0.04326174801742809
-0.00143,-0.3721779732485423,0.04461561311091683
-0.00142875,-0.3795733582446494,0.04326174801742809
-0.0014275,-0.3869687432407566,0.04495407938428901
-0.00142625,-0.3943641282368638,0.04563101193103337
-0.001425,-0.4017595132329709,0.0473233432978943
-0.00142375,-0.3980618207349174,0.04766180957126649
-0.0014225,-0.4165502832251853,0.04833874211801086
-0.00142125,-0.4202479757232389,0.04800027584463867
-0.00142,-0.4202479757232389,0.04901567466475522
-0.00141875,-0.4313410532173996,0.05036953975824396
-0.0014175,-0.4387364382135068,0.05036953975824396
-0.00141625,-0.4498295157076675,0.05138493857836052
-0.001415,-0.4572249007037747,0.05104647230498834
-0.00141375,-0.4646202856998818,0.05273880367184926
-0.0014125,-0.4683179781979355,0.05341573621859362
-0.00141125,-0.472015670695989,0.05341573621859362
-0.00141,-0.490504133186257,0.0537542024919658
-0.00140875,-0.4868064406882034,0.0537542024919658
-0.0014075,-0.490504133186257,0.05578500013219892
-0.00140625,-0.4978995181823641,0.05781579777243202
-0.001405,-0.5126902881745784,0.05713886522568766
-0.00140375,-0.5126902881745784,0.0561234664055711
-0.0014025,-0.516387980672632,0.05781579777243202
-0.00140125,-0.5274810581667928,0.05849273031917639
-0.0014,-0.5385741356609536,0.06018506168603731
-0.00139875,-0.5570625981512215,0.06086199423278169
-0.0013975,-0.5459695206570607,0.0605235279594095
-0.00139625,-0.5496672131551142,0.06120046050615387
-0.001395,-0.5570625981512215,0.06221585932627043
-0.00139375,-0.5718533681434358,0.06323125814638697
-0.0013925,-0.5718533681434358,0.06390819069313135
-0.00139125,-0.5718533681434358,0.06356972441975915
-0.00139,-0.5903418306337037,0.06492358951324789
-0.00138875,-0.605132600625918,0.06356972441975915
-0.0013875,-0.5977372156298109,0.06661592088010881
-0.00138625,-0.5940395231317573,0.06627745460673663
-0.001385,-0.605132600625918,0.06830825224696974
-0.00138375,-0.6125279856220253,0.06796978597359755
-0.0013825,-0.6199233706181324,0.06830825224696974
-0.00138125,-0.6273187556142396,0.06830825224696974
-0.00138,-0.6236210631161859,0.06864671852034193
-0.00137875,-0.6384118331084003,0.06966211734045848
-0.0013775,-0.6532026031006146,0.07000058361383066
-0.00137625,-0.6458072181045075,0.07203138125406378
-0.001375,-0.6605979880967218,0.07270831380080814
-0.00137375,-0.6605979880967218,0.07203138125406378
-0.0013725,-0.6569002955986682,0.07203138125406378
-0.00137125,-0.6753887580889362,0.07304678007418032
-0.00137,-0.667993373092829,0.07304678007418032
-0.00136875,-0.6901795280811505,0.07440064516766906
-0.0013675,-0.6901795280811505,0.07541604398778562
-0.00136625,-0.6975749130772576,0.0757545102611578
-0.001365,-0.6938772205792041,0.07643144280790218
-0.00136375,-0.7049702980733649,0.07643144280790218
-0.0013625,-0.7012726055753112,0.07643144280790218
-0.00136125,-0.712365683069472,0.07846224044813528
-0.00136,-0.7160633755675255,0.0777853079013909
-0.00135875,-0.7271564530616863,0.07846224044813528
-0.0013575,-0.7234587605636328,0.07880070672150746
-0.00135625,-0.7419472230539007,0.07981610554162402
-0.001355,-0.7382495305558471,0.07981610554162402
-0.00135375,-0.7345518380577934,0.07880070672150746
-0.0013525,-0.7493426080500079,0.08218536945522931
-0.00135125,-0.756737993046115,0.08252383572860149
-0.00135,-0.7456449155519542,0.0801545718149962
-0.00134875,-0.7678310705402758,0.08184690318185713
-0.0013475,-0.756737993046115,0.08049303808836838
-0.00134625,-0.7752264555363829,0.08320076827534587
-0.001345,-0.7826218405324901,0.08421616709546241
-0.00134375,-0.7826218405324901,0.08421616709546241
-0.0013425,-0.7752264555363829,0.08387770082209023
-0.00134125,-0.7826218405324901,0.08286230200197368
-0.00134,-0.7937149180266508,0.08624696473569553
-0.00133875,-0.7974126105247044,0.08557003218895115
-0.0013375,-0.8048079955208116,0.08658543100906771
-0.00133625,-0.8048079955208116,0.08692389728243989
-0.001335,-0.8085056880188651,0.08760082982918427
-0.00133375,-0.8122033805169188,0.08726236355581207
-0.0013325,-0.8269941505091331,0.08827776237592863
-0.00133125,-0.8306918430071867,0.08793929610255645
-0.00133,-0.8232964580110795,0.08760082982918427
-0.00132875,-0.8269941505091331,0.08861622864930081
-0.0013275,-0.8343895355052402,0.08861622864930081
-0.00132625,-0.8343895355052402,0.08760082982918427
-0.001325,-0.8417849205013475,0.08827776237592863
-0.00132375,-0.8491803054974546,0.09132395883627829
-0.0013225,-0.845482612999401,0.09030856001616173
-0.00132125,-0.845482612999401,0.09132395883627829
-0.00132,-0.8528779979955081,0.09132395883627829
-0.00131875,-0.8602733829916154,0.09200089138302266
-0.0013175,-0.8639710754896689,0.09233935765639485
-0.00131625,-0.8750641529838297,0.09200089138302266
-0.001315,-0.8750641529838297,0.09200089138302266
-0.00131375,-0.871366460485776,0.09267782392976703
-0.0013125,-0.8750641529838297,0.0933547564765114
-0.00131125,-0.8824595379799368,0.09301629020313922
-0.00131,-0.8824595379799368,0.0933547564765114
-0.00130875,-0.8787618454818833,0.09403168902325577
-0.0013075,-0.8935526154740976,0.09470862157000014
-0.00130625,-0.8935526154740976,0.09504708784337232
-0.001305,-0.8861572304779904,0.0957240203901167
-0.00130375,-0.9083433854663119,0.09437015529662796
-0.0013025,-0.9120410779643655,0.09470862157000014
-0.00130125,-0.9083433854663119,0.09437015529662796
-0.0013,-0.8935526154740976,0.09538555411674451
-0.00129875,-0.8972503079721512,0.09538555411674451
-0.0012975,-0.9194364629604727,0.09606248666348888
-0.00129625,-0.9194364629604727,0.09673941921023324
-0.001295,-0.9194364629604727,0.09606248666348888
-0.00129375,-0.9157387704624191,0.09606248666348888
-0.0012925,-0.9268318479565798,0.09640095293686106
-0.00129125,-0.9194364629604727,0.09673941921023324
-0.00129,-0.9157387704624191,0.09809328430372198
-0.00128875,-0.9231341554585263,0.09809328430372198
-0.0012875,-0.9305295404546334,0.09640095293686106
-0.00128625,-0.9379249254507406,0.09741635175697762
-0.001285,-0.9342272329526871,0.09809328430372198
-0.00128375,-0.9379249254507406,0.09843175057709418
-0.0012825,-0.9416226179487942,0.09843175057709418
-0.00128125,-0.9453203104468477,0.09877021685046636
-0.00128,-0.9342272329526871,0.09809328430372198
-0.00127875,-0.9305295404546334,0.0977548180303498
-0.0012775,-0.9490180029449014,0.0977548180303498
-0.00127625,-0.9490180029449014,0.09944714939721072
-0.001275,-0.9453203104468477,0.09843175057709418
-0.00127375,-0.952715695442955,0.09843175057709418
-0.0012725,-0.9379249254507406,0.0997856156705829
-0.00127125,-0.952715695442955,0.09944714939721072
-0.00127,-0.9601110804390621,0.09944714939721072
-0.00126875,-0.9490180029449014,0.09944714939721072
-0.0012675,-0.9490180029449014,0.1001240819439551
-0.00126625,-0.9564133879410085,0.0997856156705829
-0.001265,-0.9490180029449014,0.09843175057709418
-0.00126375,-0.9453203104468477,0.0997856156705829
-0.0012625,-0.9564133879410085,0.1001240819439551
-0.00126125,-0.9601110804390621,0.1008010144906995
-0.00126,-0.97859954292933,0.1008010144906995
-0.00125875,-0.9564133879410085,0.09877021685046636
-0.0012575,-0.9601110804390621,0.1004625482173273
-0.00125625,-0.9564133879410085,0.1001240819439551
-0.001255,-0.9675064654351693,0.1011394807640716
-0.00125375,-0.9749018504312764,0.1001240819439551
-0.0012525,-0.9601110804390621,0.09944714939721072
-0.00125125,-0.9564133879410085,0.1004625482173273
-0.00125,-0.9638087729371156,0.09944714939721072
-0.00124875,-0.9638087729371156,0.09910868312383854
-0.0012475,-0.9675064654351693,0.1011394807640716
-0.00124625,-0.9638087729371156,0.1004625482173273
-0.001245,-0.9675064654351693,0.0997856156705829
-0.00124375,-0.9601110804390621,0.1004625482173273
-0.0012425,-0.9601110804390621,0.09944714939721072
-0.00124125,-0.9675064654351693,0.09944714939721072
-0.00124,-0.9490180029449014,0.09944714939721072
-0.00123875,-0.9675064654351693,0.1008010144906995
-0.0012375,-0.9675064654351693,0.0997856156705829
-0.00123625,-0.9638087729371156,0.1008010144906995
-0.001235,-0.9712041579332229,0.09910868312383854
-0.00123375,-0.9638087729371156,0.0997856156705829
-0.0012325,-0.9564133879410085,0.0977548180303498
-0.00123125,-0.952715695442955,0.09944714939721072
-0.00123,-0.9601110804390621,0.1001240819439551
-0.00122875,-0.9601110804390621,0.0997856156705829
-0.0012275,-0.9601110804390621,0.09843175057709418
-0.00122625,-0.9490180029449014,0.09843175057709418
-0.001225,-0.952715695442955,0.09944714939721072
-0.00122375,-0.9564133879410085,0.09910868312383854
-0.0012225,-0.952715695442955,0.09910868312383854
-0.00122125,-0.9564133879410085,0.09910868312383854
-0.00122,-0.952715695442955,0.0997856156705829
-0.00121875,-0.952715695442955,0.09741635175697762
-0.0012175,-0.9453203104468477,0.09707788548360544
-0.00121625,-0.9416226179487942,0.09741635175697762
-0.001215,-0.9453203104468477,0.09809328430372198
-0.00121375,-0.9490180029449014,0.09809328430372198
-0.0012125,-0.952715695442955,0.09640095293686106
-0.00121125,-0.9416226179487942,0.09673941921023324
-0.00121,-0.9490180029449014,0.0977548180303498
-0.00120875,-0.9416226179487942,0.09673941921023324
-0.0012075,-0.9342272329526871,0.09504708784337232
-0.00120625,-0.9268318479565798,0.09673941921023324
-0.001205,-0.9268318479565798,0.09606248666348888
-0.00120375,-0.9268318479565798,0.09707788548360544
-0.0012025,-0.9231341554585263,0.0957240203901167
-0.00120125,-0.9305295404546334,0.0957240203901167
-0.0012,-0.9157387704624191,0.09504708784337232
-0.00119875,-0.9120410779643655,0.09403168902325577
-0.0011975,-0.9194364629604727,0.09437015529662796
-0.00119625,-0.9120410779643655,0.09403168902325577
-0.001195,-0.9046456929682584,0.0933547564765114
-0.00119375,-0.9120410779643655,0.09369322274988359
-0.0011925,-0.9046456929682584,0.0933547564765114
-0.00119125,-0.8972503079721512,0.09267782392976703
-0.00119,-0.8972503079721512,0.09301629020313922
-0.00118875,-0.9120410779643655,0.09301629020313922
-0.0011875,-0.9009480004702047,0.09301629020313922
-0.00118625,-0.8935526154740976,0.09132395883627829
-0.001185,-0.8972503079721512,0.09233935765639485
-0.00118375,-0.889854922976044,0.09132395883627829
-0.0011825,-0.8824595379799368,0.09098549256290611
-0.00118125,-0.8824595379799368,0.09064702628953393
-0.00118,-0.8750641529838297,0.09064702628953393
-0.00117875,-0.871366460485776,0.09064702628953393
-0.0011775,-0.8565756904935617,0.08963162746941737
-0.00117625,-0.8639710754896689,0.09030856001616173
-0.001175,-0.8676687679877225,0.08895469492267301
-0.00117375,-0.8787618454818833,0.08895469492267301
-0.0011725,-0.8565756904935617,0.08760082982918427
-0.00117125,-0.8602733829916154,0.08726236355581207
-0.00117,-0.8491803054974546,0.08760082982918427
-0.00116875,-0.8491803054974546,0.08658543100906771
-0.0011675,-0.845482612999401,0.08793929610255645
-0.00116625,-0.845482612999401,0.08658543100906771
-0.001165,-0.8269941505091331,0.08557003218895115
-0.00116375,-0.8417849205013475,0.08590849846232335
-0.0011625,-0.8417849205013475,0.08421616709546241
-0.00116125,-0.8306918430071867,0.08557003218895115
-0.00116,-0.8195987655130259,0.08353923454871805
-0.00115875,-0.8122033805169188,0.08353923454871805
-0.0011575,-0.8195987655130259,0.08353923454871805
-0.00115625,-0.8085056880188651,0.08252383572860149
-0.001155,-0.8085056880188651,0.08184690318185713
-0.00115375,-0.8048079955208116,0.08184690318185713
-0.0011525,-0.8048079955208116,0.08252383572860149
-0.00115125,-0.7937149180266508,0.08218536945522931
-0.00115,-0.7863195330305437,0.08049303808836838
-0.00114875,-0.7900172255285972,0.0801545718149962
-0.0011475,-0.7752264555363829,0.07913917299487964
-0.00114625,-0.7715287630383293,0.07846224044813528
-0.001145,-0.7715287630383293,0.07846224044813528
-0.00114375,-0.7678310705402758,0.07846224044813528
-0.0011425,-0.7604356855441686,0.07744684162801872
-0.00114125,-0.7604356855441686,0.07676990908127436
-0.00114,-0.7382495305558471,0.07609297653452998
-0.00113875,-0.7530403005480614,0.07710837535464654
-0.0011375,-0.7456449155519542,0.07609297653452998
-0.00113625,-0.7382495305558471,0.07507757771441344
-0.001135,-0.7456449155519542,0.07406217889429688
-0.00113375,-0.7308541455597399,0.07507757771441344
-0.0011325,-0.7345518380577934,0.07304678007418032
-0.00113125,-0.7234587605636328,0.07270831380080814
-0.00113,-0.712365683069472,0.0737237126209247
-0.00112875,-0.7160633755675255,0.07236984752743596
-0.0011275,-0.7086679905714184,0.07169291498069159
-0.00112625,-0.6827841430850433,0.07000058361383066
-0.001125,-0.6938772205792041,0.07067751616057504
-0.00112375,-0.6901795280811505,0.06966211734045848
-0.0011225,-0.6864818355830969,0.07033904988720285
-0.00112125,-0.6753887580889362,0.06898518479371411
-0.00112,-0.6716910655908825,0.06864671852034193
-0.00111875,-0.6716910655908825,0.06796978597359755
-0.0011175,-0.6569002955986682,0.06627745460673663
-0.00111625,-0.6532026031006146,0.06661592088010881
-0.001115,-0.6532026031006146,0.06661592088010881
-0.00111375,-0.6458072181045075,0.06458512323987571
-0.0011125,-0.6347141406103467,0.06526205578662007
-0.00111125,-0.6347141406103467,0.06424665696650353
-0.00111,-0.6310164481122932,0.06221585932627043
-0.00110875,-0.6125279856220253,0.06323125814638697
-0.0011075,-0.6162256781200788,0.06289279187301479
-0.00110625,-0.605132600625918,0.0605235279594095
-0.001105,-0.605132600625918,0.06086199423278169
-0.00110375,-0.5977372156298109,0.06086199423278169
-0.0011025,-0.5755510606414894,0.0581542640458042
-0.00110125,-0.5681556756453822,0.05781579777243202
-0.0011,-0.5681556756453822,0.05849273031917639
-0.00109875,-0.5718533681434358,0.05781579777243202
-0.0010975,-0.5644579831473286,0.0581542640458042
-0.00109625,-0.5681556756453822,0.05680039895231546
-0.001095,-0.5496672131551142,0.05578500013219892
-0.00109375,-0.5459695206570607,0.05544653385882672
-0.0010925,-0.5348764431629,0.0537542024919658
-0.00109125,-0.5274810581667928,0.05341573621859362
-0.00109,-0.5311787506648463,0.05341573621859362
-0.00108875,-0.5237833656687392,0.05206187112510488
-0.0010875,-0.5126902881745784,0.0517234048517327
-0.00108625,-0.516387980672632,0.0517234048517327
-0.001085,-0.4978995181823641,0.05104647230498834
-0.00108375,-0.4978995181823641,0.05003107348487178
-0.0010825,-0.4868064406882034,0.0496926072114996
-0.00108125,-0.490504133186257,0.04935414093812741
-0.00108,-0.4757133631940426,0.0473233432978943
-0.00107875,-0.4683179781979355,0.04698487702452211
-0.0010775,-0.4646202856998818,0.04563101193103337
-0.00107625,-0.4498295157076675,0.04596947820440556
-0.001075,-0.4498295157076675,0.04529254565766119
-0.00107375,-0.4424341307115603,0.04529254565766119
-0.0010725,-0.4350387457154532,0.04360021429080027
-0.00107125,-0.427643360719346,0.04258481547068371
-0.00107,-0.4165502832251853,0.04292328174405591
-0.00106875,-0.4128525907271317,0.04089248410382279
-0.0010675,-0.4054572057310245,0.04123095037719497
-0.00106625,-0.4054572057310245,0.03987708528370625
-0.001065,-0.4017595132329709,0.03920015273696187
-0.00106375,-0.3906664357388102,0.03987708528370625
-0.0010625,-0.383271050742703,0.03750782137010095
-0.00106125,-0.3721779732485423,0.03818475391684532
-0.00106,-0.3647825882524351,0.03615395627661221
-0.00105875,-0.3573872032563279,0.03615395627661221
-0.0010575,-0.3499918182602207,0.03446162490975128
-0.00105625,-0.33889874076606,0.0341231586363791
-0.001055,-0.3425964332641136,0.03378469236300692
-0.00105375,-0.3352010482680065,0.03243082726951818
-0.0010525,-0.3056195082835778,0.03141542844940162
-0.00105125,-0.3019218157855242,0.03141542844940162
-0.00105,-0.3093172007816313,0.03141542844940162
-0.00104875,-0.2982241232874706,0.0297230970825407
-0.0010475,-0.2871310457933098,0.02836923198905196
-0.00104625,-0.2797356607972027,0.02836923198905196
-0.001045,-0.2760379682991491,0.02769229944230759
-0.00104375,-0.2797356607972027,0.02667690062219104
-0.0010425,-0.2612471983069348,0.02566150180207449
-0.00104125,-0.2538518133108276,0.02498456925533012
-0.00104,-0.2427587358166668,0.02498456925533012
-0.00103875,-0.2390610433186132,0.02464610298195793
-0.0010375,-0.2353633508205597,0.02227683906835264
-0.00103625,-0.2353633508205597,0.02227683906835264
-0.001035,-0.2131771958322382,0.02058450770149172
-0.00103375,-0.2094795033341846,0.02159990652160827
-0.0010325,-0.2020841183380774,0.01956910888137517
-0.00103125,-0.1909910408439167,0.01855371006125861
-0.00103,-0.1835956558478095,0.01855371006125861
-0.00102875,-0.1798979633497559,0.01719984496776987
-0.0010275,-0.1725025783536487,0.0165229124210255
-0.00102625,-0.1577118083614344,0.0144921147807924
-0.001025,-0.1577118083614344,0.01483058105416458
-0.00102375,-0.1503164233653272,0.01483058105416458
-0.0010225,-0.1355256533731129,0.01415364850742021
-0.00102125,-0.1355256533731129,0.01347671596067584
-0.00102,-0.1318279608750593,0.01246131714055929
-0.00101875,-0.1207348833808986,0.01144591832044273
-0.0010175,-0.1096418058867378,0.009753586953581812
-0.00101625,-0.1022464208906306,0.010092053226954
-0.001015,-0.09854872839257706,0.009076654406837442
-0.00101375,-0.09485103589452348,0.009076654406837442
-0.0010125,-0.08006026590230914,0.007045856766604335
-0.00101125,-0.07266488090620198,0.006707390493232151
-0.00101,-0.0652694959100948,0.006030457946487782
-0.00100875,-0.06157180341204122,0.005015059126371228
-0.0010075,-0.04678103341982689,0.005015059126371228
-0.00100625,-0.04678103341982689,0.004676592852999043
-0.001005,-0.03199026342761255,0.002307328939393751
-0.00100375,-0.03199026342761255,0.003322727759510305
-0.0010025,-0.01350180093734463,0.0006149975725328283
-0.00100125,0.001288969054869704,0.0006149975725328283
-0.001,0.001288969054869704,-0.001077333794328095
-0.0009987500000000001,0.004986661552923288,-0.002092732614444648
-0.0009975000000000001,0.008684354050976872,-0.001415800067700279
-0.00099625,0.01238204654903046,-0.003446597707933387
-0.000995,0.01238204654903046,-0.003108131434561202
-0.0009937500000000001,0.03456820153735196,-0.004800462801422125
-0.0009925000000000001,0.05305666402761988,-0.00513892907479431
-0.0009912499999999999,0.0493589715295663,-0.006154327894910864
-0.00099,0.0493589715295663,-0.006154327894910864
-0.00098875,0.06414974152178063,-0.007169726715027417
-0.0009875000000000001,0.0715451265178878,-0.009200524355260524
-0.0009862500000000001,0.0715451265178878,-0.00818512553514397
-0.000985,0.09742897400426288,-0.01055438944874926
-0.00098375,0.1011266665023165,-0.01021592317537708
-0.0009825000000000001,0.1011266665023165,-0.01123132199549363
-0.0009812500000000001,0.1085220514984236,-0.01156978826886582
-0.00098,0.1196151289925844,-0.01427751845584329
-0.00097875,0.1270105139886916,-0.01461598472921548
-0.0009775000000000001,0.1491966689770131,-0.0163083160960764
-0.0009762500000000001,0.1418012839809059,-0.01326211963572674
-0.0009750000000000001,0.1454989764789595,-0.01529291727595985
-0.00097375,0.1528943614750666,-0.01698524864282077
-0.0009725000000000001,0.1639874389692274,-0.01833911373630951
-0.00097125,0.1750805164633882,-0.01867758000968169
-0.0009700000000000001,0.1861735939575489,-0.01867758000968169
-0.0009687500000000001,0.1935689789536561,-0.01867758000968169
-0.0009675,0.1972666714517096,-0.02104684392328698
-0.0009662500000000001,0.2009643639497632,-0.0207083776499148
-0.000965,0.2009643639497632,-0.02172377647003135
-0.0009637500000000001,0.2231505189380847,-0.02273917529014791
-0.0009625,0.2194528264400311,-0.02409304038363665
-0.0009612500000000001,0.2379412889302991,-0.0251084392037532
-0.00096,0.2416389814283527,-0.02544690547712538
-0.0009587500000000001,0.2453366739264062,-0.02646230429724194
-0.0009575,0.2490343664244598,-0.02578537175049757
-0.0009562500000000001,0.2675228289147277,-0.02815463566410286
-0.000955,0.2786159064088885,-0.02883156821084723
-0.0009537500000000001,0.2860112914049956,-0.0295085007575916
-0.0009525,0.2860112914049956,-0.0295085007575916
-0.0009512500000000001,0.2934066764011029,-0.03086236585108034
-0.00095,0.2934066764011029,-0.03120083212445252
-0.00094875,0.3081974463933171,-0.03289316349131345
-0.0009475000000000001,0.3155928313894243,-0.03289316349131345
-0.00094625,0.3303836013816387,-0.03492396113154655
-0.0009450000000000001,0.3303836013816387,-0.03526242740491874
-0.00094375,0.3377789863777458,-0.03492396113154655
-0.0009425000000000001,0.3525697563699602,-0.03593935995166311
-0.00094125,0.3488720638719066,-0.03560089367829092
-0.0009400000000000001,0.3562674488680138,-0.0362778262250353
-0.00093875,0.3784536038563353,-0.03695475877177966
-0.0009375000000000001,0.3747559113582817,-0.03763169131852404
-0.00093625,0.3821512963543888,-0.03898555641201276
-0.0009350000000000001,0.3858489888524425,-0.03898555641201276
-0.00093375,0.3969420663466032,-0.0406778877788737
-0.0009325000000000001,0.4006397588446567,-0.04135482032561806
-0.00093125,0.4080351438407639,-0.04203175287236242
-0.0009300000000000001,0.4117328363388175,-0.0427086854191068
-0.0009287500000000001,0.4302212988290854,-0.04304715169247898
-0.0009275,0.4376166838251926,-0.04372408423922335
-0.0009262500000000001,0.4376166838251926,-0.0447394830593399
-0.000925,0.4413143763232462,-0.04575488187945646
-0.0009237500000000001,0.4524074538174069,-0.0471087469729452
-0.0009225,0.4561051463154605,-0.04677028069957301
-0.0009212500000000001,0.4708959163076749,-0.04744721324631739
-0.00092,0.4745936088057284,-0.04947801088655049
-0.0009187500000000001,0.4856866862998892,-0.04880107833980613
-0.0009175,0.4856866862998892,-0.05049340970666705
-0.0009162500000000001,0.4893843787979428,-0.04981647715992267
-0.000915,0.5041751487901571,-0.05184727480015579
-0.0009137500000000001,0.5115705337862643,-0.05150880852678359
-0.0009125,0.5189659187823714,-0.05252420734690015
-0.0009112500000000001,0.5115705337862643,-0.05353960616701671
-0.00091,0.522663611280425,-0.05320113989364451
-0.0009087500000000001,0.5374543812726393,-0.05421653871376107
-0.0009075000000000001,0.5337566887745858,-0.05590887008062199
-0.00090625,0.5522451512648537,-0.05557040380724981
-0.0009050000000000001,0.5596405362609609,-0.05624733635399418
-0.00090375,0.5633382287590144,-0.0579396677208551
-0.0009025000000000001,0.5596405362609609,-0.0579396677208551
-0.00090125,0.5633382287590144,-0.0579396677208551
-0.0009000000000000001,0.5707336137551217,-0.05827813399422729
-0.00089875,0.5929197687434431,-0.05997046536108822
-0.0008975000000000001,0.5892220762453896,-0.05963199908771603
-0.00089625,0.585524383747336,-0.0603089316344604
-0.0008950000000000001,0.5966174612414967,-0.0603089316344604
-0.00089375,0.6077105387356575,-0.06166279672794914
-0.0008925000000000001,0.6077105387356575,-0.06335512809481006
-0.00089125,0.6261990012259254,-0.06403206064155444
-0.0008900000000000001,0.6261990012259254,-0.06301666182143788
-0.00088875,0.6335943862220326,-0.0647089931882988
-0.0008875000000000001,0.6483851562142469,-0.0647089931882988
-0.0008862500000000001,0.6446874637161933,-0.06640132455515972
-0.000885,0.6594782337084076,-0.0670782571019041
-0.0008837500000000001,0.6631759262064613,-0.06741672337527628
-0.0008825,0.6668736187045148,-0.0667397908285319
-0.0008812500000000001,0.6668736187045148,-0.0667397908285319
-0.00088,0.6742690037006219,-0.0691090547421372
-0.0008787500000000001,0.6816643886967292,-0.06944752101550938
-0.0008775,0.6890597736928363,-0.06978598728888157
-0.0008762500000000001,0.7001528511869971,-0.07046291983562594
-0.000875,0.6964551586889435,-0.07012445356225375
-0.0008737500000000001,0.7001528511869971,-0.07181678492911468
-0.0008725,0.7038505436850506,-0.07249371747585905
-0.0008712500000000001,0.7149436211792114,-0.07215525120248686
-0.00087,0.7223390061753185,-0.0735091162959756
-0.0008687500000000001,0.7297343911714257,-0.0735091162959756
-0.0008675,0.7334320836694793,-0.07384758256934779
-0.00086625,0.7334320836694793,-0.07587838020958089
-0.0008650000000000001,0.7519205461597472,-0.07486298138946433
-0.00086375,0.7556182386578009,-0.07655531275632527
-0.0008625000000000001,0.763013623653908,-0.07723224530306963
-0.00086125,0.763013623653908,-0.07689377902969745
-0.0008600000000000001,0.7704090086500152,-0.07723224530306963
-0.00085875,0.7704090086500152,-0.07723224530306963
-0.0008575000000000001,0.7778043936461223,-0.07790917784981399
-0.00085625,0.7778043936461223,-0.07892457666993055
-0.0008550000000000001,0.7888974711402831,-0.07858611039655837
-0.00085375,0.7851997786422295,-0.08027844176341929
-0.0008525000000000001,0.7962928561363902,-0.07960150921667491
-0.00085125,0.7999905486344439,-0.08163230685690803
-0.0008500000000000001,0.7999905486344439,-0.08027844176341929
-0.00084875,0.8036882411324974,-0.08197077313028021
-0.0008475000000000001,0.8184790111247118,-0.0823092394036524
-0.00084625,0.8147813186266581,-0.08197077313028021
-0.000845,0.8258743961208189,-0.08197077313028021
-0.0008437500000000001,0.8221767036227653,-0.08264770567702458
-0.0008425,0.8258743961208189,-0.08298617195039677
-0.0008412500000000001,0.8295720886188724,-0.08569390213737424
-0.00084,0.8480605511091404,-0.08467850331725769
-0.0008387500000000001,0.8554559361052476,-0.08603236841074643
-0.0008375,0.8554559361052476,-0.08535543586400206
-0.0008362500000000001,0.8554559361052476,-0.08569390213737424
-0.000835,0.8443628586110868,-0.08467850331725769
-0.0008337500000000001,0.8591536286033011,-0.08569390213737424
-0.0008325,0.8628513211013548,-0.08637083468411862
-0.0008312500000000001,0.8702467060974619,-0.08637083468411862
-0.00083,0.8739443985955155,-0.08738623350423516
-0.0008287500000000001,0.8776420910935691,-0.08772469977760736
-0.0008275,0.8776420910935691,-0.0890785648710961
-0.0008262500000000001,0.8739443985955155,-0.08840163232435172
-0.0008250000000000001,0.8924328610857835,-0.0890785648710961
-0.00082375,0.8924328610857835,-0.08840163232435172
-0.0008225000000000001,0.8924328610857835,-0.09009396369121264
-0.00082125,0.9146190160741049,-0.09043242996458482
-0.0008200000000000001,0.896130553583837,-0.09009396369121264
-0.00081875,0.8998282460818906,-0.09043242996458482
-0.0008175000000000001,0.9146190160741049,-0.09077089623795702
-0.00081625,0.9183167085721585,-0.0911093625113292
-0.0008150000000000001,0.9183167085721585,-0.09144782878470138
-0.00081375,0.9146190160741049,-0.09178629505807356
-0.0008125000000000001,0.922014401070212,-0.09347862642493449
-0.00081125,0.9183167085721585,-0.09246322760481794
-0.0008100000000000001,0.9257120935682657,-0.09381709269830668
-0.00080875,0.9368051710624264,-0.09246322760481794
-0.0008075000000000001,0.9331074785643728,-0.09415555897167886
-0.00080625,0.9368051710624264,-0.0931401601515623
-0.0008050000000000001,0.9442005560585336,-0.09415555897167886
-0.0008037500000000001,0.9442005560585336,-0.09449402524505104
-0.0008025,0.9368051710624264,-0.09381709269830668
-0.0008012500000000001,0.9552936335526944,-0.09517095779179541
-0.0008,0.9515959410546407,-0.09415555897167886
-0.0007987500000000001,0.9515959410546407,-0.09517095779179541
-0.0007975,0.9589913260507479,-0.09618635661191197
-0.0007962500000000001,0.9589913260507479,-0.09618635661191197
-0.000795,0.9626890185488015,-0.0955094240651676
-0.0007937500000000001,0.9774797885410158,-0.09618635661191197
-0.0007925,0.9589913260507479,-0.09618635661191197
-0.0007912500000000001,0.9552936335526944,-0.09618635661191197
-0.00079,0.9700844035449087,-0.09618635661191197
-0.0007887500000000001,0.9700844035449087,-0.09618635661191197
-0.0007875,0.9737820960429623,-0.09754022170540071
-0.0007862500000000001,0.9811774810390694,-0.09754022170540071
-0.000785,0.9774797885410158,-0.09754022170540071
-0.00078375,0.9848751735371231,-0.09787868797877289
-0.0007825000000000001,0.9885728660351766,-0.09686328915865633
-0.00078125,0.9848751735371231,-0.09754022170540071
-0.0007800000000000001,0.9811774810390694,-0.09754022170540071
-0.00077875,0.9885728660351766,-0.09754022170540071
-0.0007775000000000001,0.9959682510312837,-0.09889408679888945
-0.00077625,0.9885728660351766,-0.09821715425214507
-0.0007750000000000001,0.9922705585332302,-0.09787868797877289
-0.00077375,0.9922705585332302,-0.09821715425214507
-0.0007725000000000001,0.9811774810390694,-0.09855562052551727
-0.00077125,0.9885728660351766,-0.09990948561900599
-0.0007700000000000001,0.9959682510312837,-0.09855562052551727
-0.00076875,1.003363636027391,-0.09821715425214507
-0.0007675000000000001,0.9996659435293372,-0.09923255307226163
-0.00076625,1.003363636027391,-0.09855562052551727
-0.0007650000000000001,0.9959682510312837,-0.09787868797877289
-0.00076375,1.007061328525444,-0.09923255307226163
-0.0007625,1.014456713521552,-0.1005864181657504
-0.0007612500000000001,1.010759021023498,-0.1002479518923782
-0.00076,0.9996659435293372,-0.09889408679888945
-0.0007587500000000001,0.9959682510312837,-0.09855562052551727
-0.0007575,0.9996659435293372,-0.09923255307226163
-0.0007562500000000001,0.9996659435293372,-0.09923255307226163
-0.000755,1.007061328525444,-0.09855562052551727
-0.0007537500000000001,1.003363636027391,-0.09957101934563381
-0.0007525,1.010759021023498,-0.09957101934563381
-0.0007512500000000001,1.007061328525444,-0.09957101934563381
-0.00075,1.007061328525444,-0.1002479518923782
-0.0007487500000000001,1.007061328525444,-0.1005864181657504
-0.0007475,1.007061328525444,-0.09990948561900599
-0.0007462500000000001,1.007061328525444,-0.09990948561900599
-0.000745,1.003363636027391,-0.09957101934563381
-0.0007437500000000001,1.010759021023498,-0.09889408679888945
-0.0007425000000000001,1.007061328525444,-0.09957101934563381
-0.00074125,1.010759021023498,-0.09957101934563381
-0.0007400000000000001,1.014456713521552,-0.09957101934563381
-0.00073875,1.010759021023498,-0.09889408679888945
-0.0007375000000000001,0.9996659435293372,-0.09957101934563381
-0.00073625,0.9959682510312837,-0.09990948561900599
-0.0007350000000000001,0.9922705585332302,-0.09855562052551727
-0.00073375,1.014456713521552,-0.09889408679888945
-0.0007325000000000001,1.014456713521552,-0.09855562052551727
-0.00073125,1.007061328525444,-0.09855562052551727
-0.0007300000000000001,1.007061328525444,-0.09923255307226163
-0.00072875,1.003363636027391,-0.09923255307226163
-0.0007275000000000001,0.9959682510312837,-0.09754022170540071
-0.00072625,0.9959682510312837,-0.09787868797877289
-0.0007250000000000001,1.003363636027391,-0.09787868797877289
-0.00072375,0.9959682510312837,-0.09957101934563381
-0.0007225000000000001,0.9922705585332302,-0.09889408679888945
-0.0007212500000000001,0.9959682510312837,-0.09754022170540071
-0.00072,0.9848751735371231,-0.09821715425214507
-0.0007187500000000001,0.9885728660351766,-0.09787868797877289
-0.0007175,1.003363636027391,-0.09720175543202852
-0.0007162500000000001,0.9959682510312837,-0.09618635661191197
-0.000715,0.9922705585332302,-0.09720175543202852
-0.0007137500000000001,0.9811774810390694,-0.09787868797877289
-0.0007125,0.9922705585332302,-0.09720175543202852
-0.0007112500000000001,0.9811774810390694,-0.09618635661191197
-0.00071,0.9737820960429623,-0.09517095779179541
-0.0007087500000000001,0.9774797885410158,-0.09652482288528415
-0.0007075,0.9848751735371231,-0.09483249151842323
-0.0007062500000000001,0.9848751735371231,-0.09652482288528415
-0.000705,0.9774797885410158,-0.09618635661191197
-0.0007037500000000001,0.9811774810390694,-0.09652482288528415
-0.0007025,0.9774797885410158,-0.0955094240651676
-0.0007012500000000001,0.9737820960429623,-0.09618635661191197
-0.0007000000000000001,0.9663867110468551,-0.0955094240651676
-0.00069875,0.9700844035449087,-0.09449402524505104
-0.0006975000000000001,0.9589913260507479,-0.09280169387819012
-0.00069625,0.9589913260507479,-0.09381709269830668
-0.0006950000000000001,0.9626890185488015,-0.09381709269830668
-0.00069375,0.9700844035449087,-0.09483249151842323
-0.0006925000000000001,0.9515959410546407,-0.09381709269830668
-0.00069125,0.9478982485565872,-0.09144782878470138
-0.0006900000000000001,0.9478982485565872,-0.09246322760481794
-0.00068875,0.9478982485565872,-0.09246322760481794
-0.0006875000000000001,0.9368051710624264,-0.09144782878470138
-0.00068625,0.9442005560585336,-0.09144782878470138
-0.0006850000000000001,0.9442005560585336,-0.09178629505807356
-0.00068375,0.9368051710624264,-0.09043242996458482
-0.0006825000000000001,0.9257120935682657,-0.09043242996458482
-0.00068125,0.9257120935682657,-0.09009396369121264
-0.00068,0.9183167085721585,-0.08975549741784046
-0.0006787500000000001,0.922014401070212,-0.08941703114446828
-0.0006775,0.9257120935682657,-0.0887400985977239
-0.0006762500000000001,0.9183167085721585,-0.08840163232435172
-0.000675,0.9109213235760514,-0.08840163232435172
-0.0006737500000000001,0.9035259385799441,-0.08772469977760736
-0.0006725,0.9072236310779977,-0.08806316605097954
-0.0006712500000000001,0.8924328610857835,-0.08704776723086298
-0.00067,0.896130553583837,-0.0867093009574908
-0.0006687500000000001,0.8998282460818906,-0.08704776723086298
-0.0006675,0.8924328610857835,-0.08603236841074643
-0.0006662500000000001,0.896130553583837,-0.08535543586400206
-0.000665,0.8887351685877298,-0.08603236841074643
-0.0006637500000000001,0.8776420910935691,-0.08535543586400206
-0.0006625,0.8776420910935691,-0.08501696959062988
-0.0006612500000000001,0.8702467060974619,-0.08332463822376895
-0.0006600000000000001,0.8665490135994083,-0.08467850331725769
-0.00065875,0.8702467060974619,-0.08298617195039677
-0.0006575000000000001,0.8554559361052476,-0.0823092394036524
-0.00065625,0.8665490135994083,-0.08264770567702458
-0.0006550000000000001,0.8480605511091404,-0.08095537431016366
-0.00065375,0.8443628586110868,-0.08129384058353585
-0.0006525000000000001,0.8406651661130332,-0.08027844176341929
-0.00065125,0.8369674736149797,-0.07960150921667491
-0.0006500000000000001,0.8332697811169261,-0.07993997549004711
-0.00064875,0.8221767036227653,-0.07960150921667491
-0.0006475000000000001,0.8184790111247118,-0.07790917784981399
-0.00064625,0.8258743961208189,-0.07960150921667491
-0.0006450000000000001,0.8221767036227653,-0.07824764412318619
-0.00064375,0.8147813186266581,-0.07723224530306963
-0.0006425000000000001,0.807385933630551,-0.07689377902969745
-0.00064125,0.7925951636383366,-0.07621684648295307
-0.0006400000000000001,0.7962928561363902,-0.07553991393620871
-0.0006387500000000001,0.7999905486344439,-0.07553991393620871
-0.0006375,0.7888974711402831,-0.07553991393620871
-0.0006362500000000001,0.7741067011480688,-0.07452451511609215
-0.000635,0.7741067011480688,-0.07418604884271997
-0.0006337500000000001,0.763013623653908,-0.0735091162959756
-0.0006325,0.7704090086500152,-0.07317065002260341
-0.0006312500000000001,0.7667113161519615,-0.07283218374923123
-0.00063,0.763013623653908,-0.07249371747585905
-0.0006287500000000001,0.7556182386578009,-0.07012445356225375
-0.0006275,0.7445251611636401,-0.06944752101550938
-0.0006262500000000001,0.7371297761675329,-0.07147831865574249
-0.000625,0.7445251611636401,-0.07012445356225375
-0.0006237500000000001,0.7371297761675329,-0.07080138610899812
-0.0006225,0.718641313677265,-0.06741672337527628
-0.0006212500000000001,0.7075482361831043,-0.0691090547421372
-0.00062,0.718641313677265,-0.06775518964864846
-0.0006187500000000001,0.7038505436850506,-0.0667397908285319
-0.0006175000000000001,0.7038505436850506,-0.06606285828178754
-0.00061625,0.6964551586889435,-0.06572439200841536
-0.0006150000000000001,0.7001528511869971,-0.06504745946167098
-0.00061375,0.6816643886967292,-0.06437052691492662
-0.0006125000000000001,0.6742690037006219,-0.06369359436818224
-0.00061125,0.6705713112025684,-0.06335512809481006
-0.0006100000000000001,0.6668736187045148,-0.06369359436818224
-0.00060875,0.655780541210354,-0.0623397292746935
-0.0006075000000000001,0.6594782337084076,-0.0623397292746935
-0.00060625,0.6594782337084076,-0.06098586418120476
-0.0006050000000000001,0.6483851562142469,-0.05963199908771603
-0.00060375,0.6298966937239789,-0.05895506654097166
-0.0006025000000000001,0.6298966937239789,-0.05963199908771603
-0.00060125,0.6335943862220326,-0.0579396677208551
-0.0006000000000000001,0.6225013087278718,-0.0579396677208551
-0.00059875,0.6188036162298182,-0.05624733635399418
-0.0005975,0.6077105387356575,-0.05557040380724981
-0.0005962500000000001,0.6040128462376039,-0.05590887008062199
-0.000595,0.5929197687434431,-0.05353960616701671
-0.0005937500000000001,0.585524383747336,-0.05387807244038889
-0.0005925,0.5818266912492823,-0.05489347126050545
-0.0005912500000000001,0.5744313062531752,-0.05320113989364451
-0.00059,0.5707336137551217,-0.05218574107352797
-0.0005887500000000001,0.5707336137551217,-0.05252420734690015
-0.0005875,0.567035921257068,-0.05150880852678359
-0.0005862500000000001,0.5559428437629073,-0.05117034225341141
-0.000585,0.5485474587668001,-0.05049340970666705
-0.0005837500000000001,0.541152073770693,-0.04981647715992267
-0.0005825,0.5374543812726393,-0.04981647715992267
-0.0005812500000000001,0.5189659187823714,-0.04778567951968957
-0.00058,0.5152682262843179,-0.04609334815282864
-0.0005787500000000001,0.522663611280425,-0.04677028069957301
-0.0005775,0.5115705337862643,-0.04609334815282864
-0.00057625,0.5041751487901571,-0.0447394830593399
-0.0005750000000000001,0.4930820712959963,-0.04304715169247898
-0.00057375,0.4819889938018356,-0.04237021914573462
-0.0005725000000000001,0.4745936088057284,-0.04338561796585116
-0.00057125,0.4745936088057284,-0.04338561796585116
-0.0005700000000000001,0.4598028388135141,-0.04101635405224588
-0.00056875,0.4635005313115677,-0.04169328659899024
-0.0005675000000000001,0.4635005313115677,-0.0406778877788737
-0.00056625,0.4487097613193534,-0.03864709013864058
-0.0005650000000000001,0.433918991327139,-0.0383086238652684
-0.00056375,0.4265236063310319,-0.03729322504515184
-0.0005625000000000001,0.4154305288368711,-0.03695475877177966
-0.00056125,0.4191282213349247,-0.03661629249840748
-0.0005600000000000001,0.4191282213349247,-0.0362778262250353
-0.00055875,0.4154305288368711,-0.03492396113154655
-0.0005575000000000001,0.3932443738485496,-0.03492396113154655
-0.0005562500000000001,0.3858489888524425,-0.03390856231143
-0.000555,0.3821512963543888,-0.03357009603805781
-0.0005537500000000001,0.3784536038563353,-0.03289316349131345
-0.0005525,0.3599651413660673,-0.03086236585108034
-0.0005512500000000001,0.3636628338641209,-0.02849310193747505
-0.00055,0.3562674488680138,-0.0295085007575916
-0.0005487500000000001,0.3488720638719066,-0.02917003448421942
-0.0005475,0.3340812938796923,-0.0295085007575916
-0.0005462500000000001,0.3377789863777458,-0.02713923684398631
-0.000545,0.3303836013816387,-0.02713923684398631
-0.0005437500000000001,0.3192905238874779,-0.02646230429724194
-0.0005425,0.2971043688991564,-0.02443150665700883
-0.0005412500000000001,0.30080206139721,-0.02443150665700883
-0.00054,0.2971043688991564,-0.02476997293038102
-0.0005387500000000001,0.30080206139721,-0.02240070901677572
-0.0005375,0.2786159064088885,-0.02307764156352009
-0.0005362500000000001,0.2638251364166742,-0.01969297882979825
-0.0005350000000000001,0.2490343664244598,-0.0207083776499148
-0.00053375,0.256429751420567,-0.01935451255642606
-0.0005325000000000001,0.2453366739264062,-0.01935451255642606
-0.00053125,0.2416389814283527,-0.01901604628305388
-0.0005300000000000001,0.2268482114361383,-0.01766218118956514
-0.00052875,0.2231505189380847,-0.01664678236944859
-0.0005275000000000001,0.2157551339419776,-0.01596984982270422
-0.00052625,0.2083597489458704,-0.01461598472921548
-0.0005250000000000001,0.2009643639497632,-0.01563138354933203
-0.00052375,0.1972666714517096,-0.01427751845584329
-0.0005225000000000001,0.1898712864556025,-0.01326211963572674
-0.00052125,0.1898712864556025,-0.01123132199549363
-0.0005200000000000001,0.1750805164633882,-0.01156978826886582
-0.00051875,0.1639874389692274,-0.01021592317537708
-0.0005175000000000001,0.1491966689770131,-0.009877456902004894
-0.00051625,0.1528943614750666,-0.009200524355260524
-0.000515,0.1381035914828523,-0.009538990628632709
-0.0005137500000000001,0.1344058989847987,-0.006154327894910864
-0.0005125,0.1196151289925844,-0.006492794168283048
-0.0005112500000000001,0.1122197439964772,-0.004461996528049941
-0.00051,0.1085220514984236,-0.005477395348166494
-0.0005087500000000001,0.1085220514984236,-0.004461996528049941
-0.0005075,0.09742897400426288,-0.004800462801422125
-0.0005062500000000001,0.09003358900815572,-0.003446597707933387
-0.000505,0.0715451265178878,-0.001754266341072464
-0.0005037500000000001,0.07524281901594138,-0.0007388675209559101
-0.0005025,0.06414974152178063,-0.0004004012475837255
-0.0005012500000000001,0.06045204902372704,-6.19349742115409e-05
-0.0005,0.04566127903151271,0.001291930119277197
-0.0004987500000000001,0.04196358653345913,0.001630396392649382
-0.0004975,0.03087050903929837,0.004338126579626859
-0.0004962500000000001,0.01238204654903046,0.003999660306254674
-0.000495,0.01238204654903046,0.004338126579626859
-0.00049375,0.01238204654903046,0.004338126579626859
-0.0004925000000000001,0.001288969054869704,0.006030457946487782
-0.00049125,-0.00240872344318388,0.006030457946487782
-0.0004900000000000001,-0.006106415941237463,0.00738432303997652
-0.00048875,-0.0208971859334518,0.009415120680209627
-0.0004875,-0.03199026342761255,0.010092053226954
-0.00048625,-0.0430833409217733,0.009753586953581812
-0.000485,-0.0430833409217733,0.010092053226954
-0.00048375,-0.05047872591788047,0.010092053226954
-0.0004825,-0.05787411091398764,0.01144591832044273
-0.00048125,-0.07266488090620198,0.01347671596067584
-0.00048,-0.07636257340425556,0.01415364850742021
-0.00047875,-0.08375795840036272,0.01550751360090895
-0.0004775,-0.1059441133886842,0.01584597987428113
-0.00047625,-0.1022464208906306,0.0165229124210255
-0.000475,-0.1096418058867378,0.01821524378788643
-0.00047375,-0.117037190882845,0.01787677751451424
-0.0004725,-0.1096418058867378,0.01821524378788643
-0.00047125,-0.117037190882845,0.01855371006125861
-0.00047,-0.1392233458711665,0.01923064260800298
-0.00046875,-0.1503164233653272,0.0209229739748639
-0.0004675,-0.1466187308672736,0.02193837279498046
-0.00046625,-0.1540141158633808,0.02227683906835264
-0.000465,-0.1651071933575416,0.02329223788846919
-0.00046375,-0.1725025783536487,0.02227683906835264
-0.0004625,-0.1872933483458631,0.02430763670858575
-0.00046125,-0.1872933483458631,0.02464610298195793
-0.00046,-0.1909910408439167,0.02633843434881886
-0.00045875,-0.2131771958322382,0.02836923198905196
-0.0004575,-0.2205725808283453,0.02769229944230759
-0.00045625,-0.2205725808283453,0.02870769826242415
-0.000455,-0.2242702733263989,0.02870769826242415
-0.00045375,-0.2353633508205597,0.02904616453579633
-0.0004525,-0.2390610433186132,0.03107696217602944
-0.00045125,-0.2538518133108276,0.03107696217602944
-0.00045,-0.2575495058088811,0.03310775981626254
-0.00044875,-0.2575495058088811,0.03310775981626254
-0.0004475,-0.2797356607972027,0.03243082726951818
-0.00044625,-0.2797356607972027,0.03446162490975128
-0.000445,-0.2908287382913634,0.03581549000324002
-0.00044375,-0.2908287382913634,0.03581549000324002
-0.0004425,-0.3019218157855242,0.03683088882335658
-0.00044125,-0.3130148932796849,0.03683088882335658
-0.00044,-0.3241079707738457,0.03818475391684532
-0.00043875,-0.3241079707738457,0.03886168646358969
-0.0004375,-0.3278056632718993,0.03886168646358969
-0.00043625,-0.3462941257621672,0.04055401783045061
-0.000435,-0.3499918182602207,0.04021555155707843
-0.00043375,-0.3499918182602207,0.04156941665056717
-0.0004325,-0.3610848957543815,0.04292328174405591
-0.00043125,-0.3610848957543815,0.04292328174405591
-0.00043,-0.3721779732485423,0.04360021429080027
-0.00042875,-0.3758756657465959,0.04461561311091683
-0.0004275,-0.3980618207349174,0.04596947820440556
-0.00042625,-0.4017595132329709,0.04630794447777775
-0.000425,-0.4091548982290781,0.04596947820440556
-0.00042375,-0.4054572057310245,0.0473233432978943
-0.0004225,-0.4165502832251853,0.04800027584463867
-0.00042125,-0.4202479757232389,0.04800027584463867
-0.00042,-0.427643360719346,0.05036953975824396
-0.00041875,-0.4424341307115603,0.0496926072114996
-0.0004175,-0.4424341307115603,0.05036953975824396
-0.00041625,-0.4535272082057211,0.05138493857836052
-0.000415,-0.4535272082057211,0.0517234048517327
-0.00041375,-0.472015670695989,0.05307726994522144
-0.0004125,-0.4646202856998818,0.0537542024919658
-0.00041125,-0.4868064406882034,0.054092668765338
-0.00041,-0.4831087481901498,0.05476960131208236
-0.00040875,-0.490504133186257,0.05510806758545454
-0.0004075,-0.4868064406882034,0.05578500013219892
-0.00040625,-0.4978995181823641,0.05646193267894328
-0.000405,-0.516387980672632,0.05747733149905984
-0.00040375,-0.5237833656687392,0.05781579777243202
-0.0004025,-0.5274810581667928,0.05883119659254858
-0.00040125,-0.5200856731706857,0.05916966286592076
-0.0004,-0.5311787506648463,0.05916966286592076
-0.00039875,-0.5385741356609536,0.05883119659254858
-0.0003975,-0.5496672131551142,0.06120046050615387
-0.00039625,-0.560760290649275,0.06255432559964261
-0.000395,-0.560760290649275,0.06221585932627043
-0.00039375,-0.5644579831473286,0.06323125814638697
-0.0003925,-0.5644579831473286,0.06458512323987571
-0.00039125,-0.5866441381356501,0.06323125814638697
-0.00039,-0.5903418306337037,0.06526205578662007
-0.00038875,-0.5940395231317573,0.06627745460673663
-0.0003875,-0.5977372156298109,0.06390819069313135
-0.00038625,-0.605132600625918,0.06627745460673663
-0.000385,-0.6125279856220253,0.06729285342685319
-0.00038375,-0.6088302931239716,0.06661592088010881
-0.0003825,-0.6236210631161859,0.06830825224696974
-0.00038125,-0.6273187556142396,0.06966211734045848
-0.00038,-0.6310164481122932,0.07000058361383066
-0.00037875,-0.6347141406103467,0.06966211734045848
-0.0003775,-0.6421095256064538,0.07033904988720285
-0.00037625,-0.6421095256064538,0.06966211734045848
-0.000375,-0.6495049106025611,0.07169291498069159
-0.00037375,-0.6605979880967218,0.07270831380080814
-0.0003725,-0.6864818355830969,0.07440064516766906
-0.00037125,-0.667993373092829,0.07304678007418032
-0.00037,-0.6790864505869897,0.07406217889429688
-0.00036875,-0.6864818355830969,0.07440064516766906
-0.0003675,-0.6938772205792041,0.07473911144104124
-0.00036625,-0.6827841430850433,0.07406217889429688
-0.000365,-0.7012726055753112,0.07609297653452998
-0.00036375,-0.7086679905714184,0.07676990908127436
-0.0003625,-0.7086679905714184,0.0757545102611578
-0.00036125,-0.7197610680655792,0.0777853079013909
-0.00036,-0.7345518380577934,0.0777853079013909
-0.00035875,-0.7308541455597399,0.0781237741747631
-0.0003575,-0.7234587605636328,0.0777853079013909
-0.00035625,-0.7345518380577934,0.07947763926825183
-0.000355,-0.7382495305558471,0.07947763926825183
-0.00035375,-0.7456449155519542,0.08083150436174057
-0.0003525,-0.7530403005480614,0.08083150436174057
-0.00035125,-0.7530403005480614,0.08116997063511276
-0.00035,-0.756737993046115,0.08083150436174057
-0.00034875,-0.7641333780422221,0.08218536945522931
-0.0003475,-0.7678310705402758,0.08218536945522931
-0.00034625,-0.7752264555363829,0.08320076827534587
-0.000345,-0.7752264555363829,0.08455463336883461
-0.00034375,-0.7826218405324901,0.08320076827534587
-0.0003425,-0.7752264555363829,0.08455463336883461
-0.00034125,-0.7826218405324901,0.08353923454871805
-0.00034,-0.7974126105247044,0.08523156591557897
-0.00033875,-0.801110303022758,0.08557003218895115
-0.0003375,-0.8085056880188651,0.08557003218895115
-0.00033625,-0.8085056880188651,0.08624696473569553
-0.000335,-0.8159010730149723,0.08692389728243989
-0.00033375,-0.8232964580110795,0.08827776237592863
-0.0003325,-0.8232964580110795,0.08827776237592863
-0.00033125,-0.8269941505091331,0.08624696473569553
-0.00033,-0.8343895355052402,0.08861622864930081
-0.00032875,-0.8306918430071867,0.08861622864930081
-0.0003275,-0.8380872280032938,0.08929316119604519
-0.00032625,-0.8380872280032938,0.08895469492267301
-0.000325,-0.8491803054974546,0.08929316119604519
-0.00032375,-0.8417849205013475,0.08963162746941737
-0.0003225,-0.8343895355052402,0.08929316119604519
-0.00032125,-0.8528779979955081,0.09132395883627829
-0.00032,-0.8565756904935617,0.09098549256290611
-0.00031875,-0.8565756904935617,0.09200089138302266
-0.0003175,-0.8676687679877225,0.09301629020313922
-0.00031625,-0.8639710754896689,0.09200089138302266
-0.000315,-0.871366460485776,0.09166242510965047
-0.00031375,-0.871366460485776,0.09267782392976703
-0.0003125,-0.8861572304779904,0.09301629020313922
-0.00031125,-0.8861572304779904,0.09470862157000014
-0.00031,-0.889854922976044,0.09403168902325577
-0.00030875,-0.8935526154740976,0.09403168902325577
-0.0003075,-0.8935526154740976,0.09470862157000014
-0.00030625,-0.889854922976044,0.09437015529662796
-0.000305,-0.8972503079721512,0.09470862157000014
-0.00030375,-0.9083433854663119,0.09504708784337232
-0.0003025,-0.9046456929682584,0.09538555411674451
-0.00030125,-0.9009480004702047,0.09538555411674451
-0.0003,-0.9009480004702047,0.0957240203901167
-0.00029875,-0.9120410779643655,0.09606248666348888
-0.0002975,-0.9120410779643655,0.09707788548360544
-0.00029625,-0.9157387704624191,0.09606248666348888
-0.000295,-0.9157387704624191,0.0957240203901167
-0.00029375,-0.9268318479565798,0.09707788548360544
-0.0002925,-0.9231341554585263,0.09741635175697762
-0.00029125,-0.9157387704624191,0.09707788548360544
-0.00029,-0.9342272329526871,0.09809328430372198
-0.00028875,-0.9379249254507406,0.09673941921023324
-0.0002875,-0.9268318479565798,0.09741635175697762
-0.00028625,-0.9231341554585263,0.09741635175697762
-0.000285,-0.9305295404546334,0.09741635175697762
-0.00028375,-0.9379249254507406,0.0977548180303498
-0.0002825,-0.9305295404546334,0.09910868312383854
-0.00028125,-0.9379249254507406,0.09843175057709418
-0.00028,-0.9453203104468477,0.09910868312383854
-0.00027875,-0.9453203104468477,0.09910868312383854
-0.0002775,-0.9379249254507406,0.09843175057709418
-0.00027625,-0.9453203104468477,0.09877021685046636
-0.000275,-0.9453203104468477,0.09843175057709418
-0.00027375,-0.9601110804390621,0.1008010144906995
-0.0002725,-0.952715695442955,0.09910868312383854
-0.00027125,-0.952715695442955,0.09944714939721072
-0.00027,-0.952715695442955,0.09944714939721072
-0.00026875,-0.9564133879410085,0.09877021685046636
-0.0002675,-0.9601110804390621,0.1004625482173273
-0.00026625,-0.952715695442955,0.09944714939721072
-0.000265,-0.952715695442955,0.09910868312383854
-0.00026375,-0.9601110804390621,0.0997856156705829
-0.0002625,-0.9601110804390621,0.09910868312383854
-0.00026125,-0.9638087729371156,0.1008010144906995
-0.00026,-0.952715695442955,0.1004625482173273
-0.00025875,-0.9564133879410085,0.1001240819439551
-0.0002575,-0.9601110804390621,0.09877021685046636
-0.00025625,-0.9675064654351693,0.09944714939721072
-0.000255,-0.9675064654351693,0.1001240819439551
-0.00025375,-0.9564133879410085,0.1004625482173273
-0.0002525,-0.9601110804390621,0.1011394807640716
-0.00025125,-0.9638087729371156,0.1008010144906995
-0.00025,-0.9712041579332229,0.0997856156705829
-0.00024875,-0.9712041579332229,0.09944714939721072
-0.0002475,-0.9712041579332229,0.1001240819439551
-0.00024625,-0.9601110804390621,0.0997856156705829
-0.000245,-0.9675064654351693,0.1014779470374438
-0.00024375,-0.9638087729371156,0.09877021685046636
-0.0002425,-0.9675064654351693,0.1001240819439551
-0.00024125,-0.9638087729371156,0.1001240819439551
-0.00024,-0.9601110804390621,0.09944714939721072
-0.00023875,-0.9601110804390621,0.09944714939721072
-0.0002375,-0.9675064654351693,0.09877021685046636
-0.00023625,-0.9601110804390621,0.09877021685046636
-0.000235,-0.9638087729371156,0.1011394807640716
-0.00023375,-0.9638087729371156,0.1004625482173273
-0.0002325,-0.9601110804390621,0.1001240819439551
-0.00023125,-0.9564133879410085,0.09843175057709418
-0.00023,-0.9564133879410085,0.09910868312383854
-0.00022875,-0.9638087729371156,0.09910868312383854
-0.0002275,-0.9675064654351693,0.09910868312383854
-0.00022625,-0.9638087729371156,0.09877021685046636
-0.000225,-0.9490180029449014,0.09877021685046636
-0.00022375,-0.9601110804390621,0.09809328430372198
-0.0002225,-0.9601110804390621,0.09843175057709418
-0.00022125,-0.9453203104468477,0.09910868312383854
-0.00022,-0.952715695442955,0.09843175057709418
-0.00021875,-0.9453203104468477,0.09741635175697762
-0.0002175,-0.9490180029449014,0.09673941921023324
-0.00021625,-0.9379249254507406,0.09809328430372198
-0.000215,-0.9342272329526871,0.09640095293686106
-0.00021375,-0.9416226179487942,0.0977548180303498
-0.0002125,-0.9453203104468477,0.09741635175697762
-0.00021125,-0.9490180029449014,0.09707788548360544
-0.00021,-0.9379249254507406,0.09707788548360544
-0.00020875,-0.9342272329526871,0.09673941921023324
-0.0002075,-0.9379249254507406,0.09741635175697762
-0.00020625,-0.9379249254507406,0.09538555411674451
-0.000205,-0.9231341554585263,0.09504708784337232
-0.00020375,-0.9305295404546334,0.09504708784337232
-0.0002025,-0.9305295404546334,0.09606248666348888
-0.00020125,-0.9268318479565798,0.0957240203901167
-0.0002,-0.9231341554585263,0.09538555411674451
-0.00019875,-0.9083433854663119,0.09437015529662796
-0.0001975,-0.9231341554585263,0.09538555411674451
-0.00019625,-0.9231341554585263,0.0957240203901167
-0.000195,-0.9268318479565798,0.09470862157000014
-0.00019375,-0.9194364629604727,0.09233935765639485
-0.0001925,-0.9046456929682584,0.09301629020313922
-0.00019125,-0.8935526154740976,0.09267782392976703
-0.00019,-0.889854922976044,0.09233935765639485
-0.00018875,-0.9046456929682584,0.09200089138302266
-0.0001875,-0.9083433854663119,0.0933547564765114
-0.00018625,-0.8972503079721512,0.09132395883627829
-0.000185,-0.8935526154740976,0.09200089138302266
-0.00018375,-0.8935526154740976,0.09132395883627829
-0.0001825,-0.8861572304779904,0.09132395883627829
-0.00018125,-0.8861572304779904,0.09064702628953393
-0.00018,-0.8824595379799368,0.09030856001616173
-0.00017875,-0.8824595379799368,0.09166242510965047
-0.0001775,-0.8750641529838297,0.08861622864930081
-0.00017625,-0.8787618454818833,0.09030856001616173
-0.000175,-0.8676687679877225,0.08827776237592863
-0.00017375,-0.8602733829916154,0.08861622864930081
-0.0001725,-0.8639710754896689,0.08963162746941737
-0.00017125,-0.8639710754896689,0.08861622864930081
-0.00017,-0.8565756904935617,0.08726236355581207
-0.00016875,-0.845482612999401,0.08658543100906771
-0.0001675,-0.8417849205013475,0.08624696473569553
-0.00016625,-0.8528779979955081,0.08793929610255645
-0.000165,-0.845482612999401,0.08557003218895115
-0.00016375,-0.8343895355052402,0.08658543100906771
-0.0001625,-0.8306918430071867,0.08624696473569553
-0.00016125,-0.8306918430071867,0.08523156591557897
-0.00016,-0.8306918430071867,0.08421616709546241
-0.00015875,-0.8232964580110795,0.08353923454871805
-0.0001575,-0.8159010730149723,0.08387770082209023
-0.00015625,-0.8122033805169188,0.08353923454871805
-0.000155,-0.8122033805169188,0.08320076827534587
-0.00015375,-0.8048079955208116,0.08184690318185713
-0.0001525,-0.7974126105247044,0.08083150436174057
-0.00015125,-0.801110303022758,0.08049303808836838
-0.00015,-0.7863195330305437,0.07947763926825183
-0.00014875,-0.7974126105247044,0.07981610554162402
-0.0001475,-0.7863195330305437,0.08116997063511276
-0.00014625,-0.7789241480344365,0.07947763926825183
-0.000145,-0.7715287630383293,0.08049303808836838
-0.00014375,-0.7641333780422221,0.07744684162801872
-0.0001425,-0.756737993046115,0.07710837535464654
-0.00014125,-0.7604356855441686,0.07676990908127436
-0.00014,-0.756737993046115,0.07676990908127436
-0.00013875,-0.7456449155519542,0.07507757771441344
-0.0001375,-0.7345518380577934,0.07541604398778562
-0.00013625,-0.7493426080500079,0.07609297653452998
-0.000135,-0.7456449155519542,0.07507757771441344
-0.00013375,-0.7308541455597399,0.07440064516766906
-0.0001325,-0.7308541455597399,0.07338524634755252
-0.00013125,-0.7234587605636328,0.0737237126209247
-0.00013,-0.7160633755675255,0.07304678007418032
-0.00012875,-0.7160633755675255,0.07440064516766906
-0.0001275,-0.7086679905714184,0.07236984752743596
-0.00012625,-0.7086679905714184,0.07067751616057504
-0.000125,-0.6864818355830969,0.07067751616057504
-0.00012375,-0.6827841430850433,0.07033904988720285
-0.0001225,-0.6753887580889362,0.06898518479371411
-0.00012125,-0.6716910655908825,0.06932365106708629
-0.00012,-0.6716910655908825,0.06763131970022537
-0.00011875,-0.667993373092829,0.06729285342685319
-0.0001175,-0.6642956805947754,0.06593898833336445
-0.00011625,-0.6532026031006146,0.06627745460673663
-0.000115,-0.6495049106025611,0.06526205578662007
-0.00011375,-0.6310164481122932,0.06458512323987571
-0.0001125,-0.6310164481122932,0.06526205578662007
-0.00011125,-0.6347141406103467,0.06390819069313135
-0.00011,-0.6310164481122932,0.06356972441975915
-0.00010875,-0.6125279856220253,0.06289279187301479
-0.0001075,-0.6125279856220253,0.06153892677952605
-0.00010625,-0.6125279856220253,0.06187739305289824
-0.000105,-0.6088302931239716,0.06086199423278169
-0.00010375,-0.605132600625918,0.06153892677952605
-0.0001025,-0.5829464456375966,0.05984659541266513
-0.00010125,-0.5792487531395429,0.05950812913929295
-9.999999999999999e-05,-0.5866441381356501,0.0581542640458042
-9.875e-05,-0.5829464456375966,0.05713886522568766
-9.75e-05,-0.5644579831473286,0.05646193267894328
-9.624999999999999e-05,-0.5681556756453822,0.05680039895231546
-9.499999999999999e-05,-0.560760290649275,0.05646193267894328
-9.375e-05,-0.5533649056531679,0.05476960131208236
-9.25e-05,-0.5311787506648463,0.05341573621859362
-9.125e-05,-0.5274810581667928,0.0537542024919658
-8.999999999999999e-05,-0.5311787506648463,0.05273880367184926
-8.875e-05,-0.5237833656687392,0.05273880367184926
-8.75e-05,-0.516387980672632,0.05206187112510488
-8.625e-05,-0.5089925956765249,0.05138493857836052
-8.499999999999999e-05,-0.4978995181823641,0.05070800603161614
-8.375e-05,-0.4978995181823641,0.0496926072114996
-8.25e-05,-0.4868064406882034,0.0496926072114996
-8.125e-05,-0.490504133186257,0.04935414093812741
-7.999999999999999e-05,-0.4757133631940426,0.04867720839138304
-7.875e-05,-0.4757133631940426,0.04630794447777775
-7.75e-05,-0.4609225932018283,0.04664641075114993
-7.625e-05,-0.4535272082057211,0.04563101193103337
-7.499999999999999e-05,-0.4498295157076675,0.04495407938428901
-7.374999999999999e-05,-0.4461318232096139,0.04461561311091683
-7.25e-05,-0.4313410532173996,0.04393868056417245
-7.125e-05,-0.4239456682212924,0.04258481547068371
-6.999999999999999e-05,-0.427643360719346,0.04258481547068371
-6.874999999999999e-05,-0.4165502832251853,0.04156941665056717
-6.75e-05,-0.4128525907271317,0.04156941665056717
-6.625e-05,-0.3980618207349174,0.04055401783045061
-6.499999999999999e-05,-0.4017595132329709,0.03987708528370625
-6.374999999999999e-05,-0.383271050742703,0.03920015273696187
-6.25e-05,-0.383271050742703,0.03683088882335658
-6.125e-05,-0.3721779732485423,0.03683088882335658
-5.999999999999999e-05,-0.3684802807504887,0.03716935509672877
-5.875e-05,-0.3536895107582744,0.03513855745649566
-5.749999999999999e-05,-0.3499918182602207,0.03581549000324002
-5.625e-05,-0.3536895107582744,0.03378469236300692
-5.5e-05,-0.3278056632718993,0.03344622608963474
-5.375e-05,-0.33889874076606,0.0341231586363791
-5.25e-05,-0.3352010482680065,0.032092360996146
-5.125e-05,-0.3093172007816313,0.032092360996146
-5e-05,-0.3056195082835778,0.0297230970825407
-4.875e-05,-0.3056195082835778,0.02938463080916852
-4.75e-05,-0.2797356607972027,0.02836923198905196
-4.625e-05,-0.2834333532952563,0.02870769826242415
-4.5e-05,-0.2834333532952563,0.02667690062219104
-4.375e-05,-0.2723402758010955,0.02735383316893541
-4.25e-05,-0.2797356607972027,0.02633843434881886
-4.125e-05,-0.2538518133108276,0.02498456925533012
-4e-05,-0.2464564283147204,0.02498456925533012
-3.875e-05,-0.2464564283147204,0.02227683906835264
-3.75e-05,-0.2427587358166668,0.02261530534172483
-3.624999999999999e-05,-0.2316656583225061,0.02261530534172483
-3.5e-05,-0.2279679658244525,0.02227683906835264
-3.374999999999999e-05,-0.2094795033341846,0.02126144024823609
-3.25e-05,-0.2020841183380774,0.01990757515474735
-3.124999999999999e-05,-0.1909910408439167,0.01787677751451424
-3e-05,-0.1983864258400238,0.01855371006125861
-2.875e-05,-0.1835956558478095,0.01753831124114206
-2.75e-05,-0.1762002708517023,0.01618444614765332
-2.625e-05,-0.1688048858555952,0.01618444614765332
-2.5e-05,-0.1688048858555952,0.0144921147807924
-2.375e-05,-0.1503164233653272,0.01381518223404803
-2.25e-05,-0.1466187308672736,0.01381518223404803
-2.125e-05,-0.1281302683770057,0.01246131714055929
-2e-05,-0.1281302683770057,0.01178438459381492
-1.875e-05,-0.1244325758789522,0.01178438459381492
-1.75e-05,-0.1096418058867378,0.01076898577369837
-1.625e-05,-0.1059441133886842,0.009076654406837442
-1.5e-05,-0.09854872839257706,0.008738188133465259
-1.375e-05,-0.08006026590230914,0.00738432303997652
-1.25e-05,-0.07636257340425556,0.008399721860093074
-1.125e-05,-0.07636257340425556,0.00738432303997652
-1e-05,-0.06896718840814839,0.005691991673115597
-8.750000000000001e-06,-0.0652694959100948,0.005691991673115597
-7.499999999999999e-06,-0.05787411091398764,0.004676592852999043
-6.25e-06,-0.03568795592566613,0.001968862666021566
-5e-06,-0.03199026342761255,0.002307328939393751
-3.750000000000001e-06,-0.03199026342761255,0.00298426148613812
-2.5e-06,-0.02829257092955897,0.001968862666021566
-1.25e-06,-0.01719949343539821,0.001291930119277197
0,-0.00240872344318388,-0.001415800067700279
1.25e-06,0.004986661552923288,-0.002431198887816833
2.5e-06,0.004986661552923288,-0.002092732614444648
3.750000000000001e-06,0.01607973904708404,-0.003108131434561202
5e-06,0.02717281654124479,-0.003108131434561202
6.25e-06,0.03087050903929837,-0.00513892907479431
7.5e-06,0.04196358653345913,-0.006831260441655233
8.750000000000001e-06,0.05305666402761988,-0.007169726715027417
9.999999999999999e-06,0.05305666402761988,-0.007169726715027417
1.125e-05,0.06414974152178063,-0.007508192988399602
1.25e-05,0.07524281901594138,-0.00818512553514397
1.375e-05,0.08633589651010214,-0.008523591808516156
1.5e-05,0.08633589651010214,-0.009877456902004894
1.625e-05,0.1011266665023165,-0.01055438944874926
1.75e-05,0.1011266665023165,-0.01055438944874926
1.875e-05,0.1048243590003701,-0.01224672081561019
2e-05,0.1159174364945308,-0.01156978826886582
2.125e-05,0.123312821490638,-0.01360058590909892
2.25e-05,0.1270105139886916,-0.01461598472921548
2.375e-05,0.1454989764789595,-0.01495445100258766
2.5e-05,0.1565920539731202,-0.01596984982270422
2.625e-05,0.1491966689770131,-0.01732371491619296
2.75e-05,0.1639874389692274,-0.01596984982270422
2.875e-05,0.167685131467281,-0.01766218118956514
3e-05,0.1861735939575489,-0.02036991137654262
3.125e-05,0.1898712864556025,-0.02138531019665917
3.25e-05,0.1972666714517096,-0.0207083776499148
3.375e-05,0.1898712864556025,-0.02138531019665917
3.5e-05,0.2083597489458704,-0.02240070901677572
3.625e-05,0.212057441443924,-0.02240070901677572
3.75e-05,0.2268482114361383,-0.02476997293038102
3.875e-05,0.2342435964322455,-0.0251084392037532
4e-05,0.2527320589225134,-0.02578537175049757
4.125000000000001e-05,0.256429751420567,-0.02578537175049757
4.25e-05,0.2490343664244598,-0.02747770311735849
4.375000000000001e-05,0.256429751420567,-0.02883156821084723
4.5e-05,0.2675228289147277,-0.03052389957770815
4.625000000000001e-05,0.2860112914049956,-0.03018543330433597
4.75e-05,0.2897089839030492,-0.0295085007575916
4.875000000000001e-05,0.30080206139721,-0.03086236585108034
5e-05,0.2971043688991564,-0.03086236585108034
5.125000000000001e-05,0.3118951388913708,-0.03153929839782471
5.25e-05,0.3118951388913708,-0.03221623094456907
5.375000000000001e-05,0.3229882163855315,-0.03289316349131345
5.5e-05,0.3229882163855315,-0.03458549485817437
5.625000000000001e-05,0.3414766788757994,-0.03560089367829092
5.75e-05,0.3525697563699602,-0.03661629249840748
5.875000000000001e-05,0.3488720638719066,-0.03560089367829092
6e-05,0.3599651413660673,-0.03695475877177966
6.125e-05,0.3636628338641209,-0.03729322504515184
6.25e-05,0.3747559113582817,-0.03932402268538496
6.375e-05,0.3784536038563353,-0.03898555641201276
6.500000000000001e-05,0.389546681350496,-0.0403394215055015
6.625e-05,0.3821512963543888,-0.03966248895875714
6.75e-05,0.3969420663466032,-0.04135482032561806
6.875e-05,0.4080351438407639,-0.04203175287236242
7.000000000000001e-05,0.4265236063310319,-0.0427086854191068
7.125e-05,0.4117328363388175,-0.04338561796585116
7.25e-05,0.4302212988290854,-0.04406255051259554
7.375e-05,0.4450120688212998,-0.04609334815282864
7.500000000000001e-05,0.4524074538174069,-0.04541641560608428
7.625e-05,0.4487097613193534,-0.04575488187945646
7.75e-05,0.4635005313115677,-0.04812414579306175
7.875e-05,0.4745936088057284,-0.04812414579306175
8.000000000000001e-05,0.4819889938018356,-0.04846261206643393
8.125000000000001e-05,0.4671982238096213,-0.04913954461317831
8.25e-05,0.4893843787979428,-0.04981647715992267
8.375e-05,0.4819889938018356,-0.05083187598003923
8.500000000000001e-05,0.5041751487901571,-0.05184727480015579
8.625000000000001e-05,0.5189659187823714,-0.05184727480015579
8.75e-05,0.522663611280425,-0.05353960616701671
8.875e-05,0.522663611280425,-0.05353960616701671
9.000000000000001e-05,0.522663611280425,-0.05252420734690015
9.125000000000001e-05,0.5189659187823714,-0.05421653871376107
9.25e-05,0.5337566887745858,-0.05387807244038889
9.375e-05,0.541152073770693,-0.05557040380724981
9.500000000000001e-05,0.5485474587668001,-0.05726273517411073
9.625000000000001e-05,0.567035921257068,-0.05692426890073855
9.75e-05,0.5707336137551217,-0.05895506654097166
9.875e-05,0.5818266912492823,-0.05929353281434384
0.0001,0.567035921257068,-0.05760120144748292
0.00010125,0.5818266912492823,-0.06098586418120476
0.0001025,0.5929197687434431,-0.0603089316344604
0.00010375,0.5892220762453896,-0.0603089316344604
0.000105,0.611408231233711,-0.06166279672794914
0.00010625,0.6077105387356575,-0.06301666182143788
0.0001075,0.611408231233711,-0.06200126300132132
0.00010875,0.6298966937239789,-0.06403206064155444
0.00011,0.6372920787200861,-0.06538592573504316
0.00011125,0.6335943862220326,-0.06437052691492662
0.0001125,0.6446874637161933,-0.0647089931882988
0.00011375,0.6372920787200861,-0.06538592573504316
0.000115,0.6520828487123005,-0.0667397908285319
0.00011625,0.6594782337084076,-0.0667397908285319
0.0001175,0.6668736187045148,-0.06775518964864846
0.00011875,0.6705713112025684,-0.0667397908285319
0.00012,0.6742690037006219,-0.0691090547421372
0.00012125,0.6779666961986756,-0.07046291983562594
0.0001225,0.6853620811947827,-0.07215525120248686
0.00012375,0.6964551586889435,-0.07046291983562594
0.000125,0.7038505436850506,-0.06978598728888157
0.00012625,0.7038505436850506,-0.07181678492911468
0.0001275,0.718641313677265,-0.07283218374923123
0.00012875,0.7149436211792114,-0.07283218374923123
0.00013,0.7149436211792114,-0.0735091162959756
0.00013125,0.7260366986733722,-0.07384758256934779
0.0001325,0.7371297761675329,-0.07520144766283653
0.00013375,0.7445251611636401,-0.07520144766283653
0.000135,0.7371297761675329,-0.07520144766283653
0.00013625,0.7408274686655865,-0.07486298138946433
0.0001375,0.7445251611636401,-0.07621684648295307
0.00013875,0.763013623653908,-0.07790917784981399
0.00014,0.7704090086500152,-0.07689377902969745
0.00014125,0.7778043936461223,-0.07723224530306963
0.0001425,0.7667113161519615,-0.07824764412318619
0.00014375,0.7778043936461223,-0.07790917784981399
0.000145,0.7815020861441759,-0.07757071157644181
0.00014625,0.7888974711402831,-0.08061690803679147
0.0001475,0.7962928561363902,-0.08027844176341929
0.00014875,0.7999905486344439,-0.08197077313028021
0.00015,0.8110836261286045,-0.08163230685690803
0.00015125,0.8147813186266581,-0.08163230685690803
0.0001525,0.8110836261286045,-0.08264770567702458
0.00015375,0.8221767036227653,-0.0823092394036524
0.000155,0.8258743961208189,-0.08332463822376895
0.00015625,0.8369674736149797,-0.0823092394036524
0.0001575,0.8406651661130332,-0.08332463822376895
0.00015875,0.8295720886188724,-0.08400157077051332
0.00016,0.8406651661130332,-0.08400157077051332
0.00016125,0.8369674736149797,-0.08467850331725769
0.0001625,0.8480605511091404,-0.08535543586400206
0.00016375,0.8480605511091404,-0.08501696959062988
0.000165,0.8554559361052476,-0.08603236841074643
0.00016625,0.851758243607194,-0.08738623350423516
0.0001675,0.8739443985955155,-0.08704776723086298
0.00016875,0.8776420910935691,-0.08704776723086298
0.00017,0.8665490135994083,-0.0867093009574908
0.00017125,0.8702467060974619,-0.08772469977760736
0.0001725,0.8702467060974619,-0.08772469977760736
0.00017375,0.8739443985955155,-0.08840163232435172
0.000175,0.8850374760896762,-0.0887400985977239
0.00017625,0.8998282460818906,-0.08941703114446828
0.0001775,0.896130553583837,-0.09043242996458482
0.00017875,0.8887351685877298,-0.09009396369121264
0.00018,0.9035259385799441,-0.09144782878470138
0.00018125,0.8998282460818906,-0.09178629505807356
0.0001825,0.9146190160741049,-0.09077089623795702
0.00018375,0.9109213235760514,-0.09178629505807356
0.000185,0.9183167085721585,-0.0911093625113292
0.00018625,0.922014401070212,-0.09144782878470138
0.0001875,0.922014401070212,-0.09212476133144575
0.00018875,0.9294097860663193,-0.09347862642493449
0.00019,0.9294097860663193,-0.09347862642493449
0.00019125,0.94050286356048,-0.09347862642493449
0.0001925,0.9257120935682657,-0.09347862642493449
0.00019375,0.9294097860663193,-0.09415555897167886
0.000195,0.9442005560585336,-0.09449402524505104
0.00019625,0.94050286356048,-0.09415555897167886
0.0001975,0.9478982485565872,-0.09449402524505104
0.00019875,0.9515959410546407,-0.09449402524505104
0.0002,0.9478982485565872,-0.09517095779179541
0.00020125,0.9589913260507479,-0.09618635661191197
0.0002025,0.9552936335526944,-0.09618635661191197
0.00020375,0.9552936335526944,-0.0955094240651676
0.000205,0.9515959410546407,-0.0955094240651676
0.00020625,0.9552936335526944,-0.09720175543202852
0.0002075,0.9663867110468551,-0.09618635661191197
0.00020875,0.9737820960429623,-0.09584789033853978
0.00021,0.9737820960429623,-0.09686328915865633
0.00021125,0.9700844035449087,-0.09720175543202852
0.0002125,0.9737820960429623,-0.09618635661191197
0.00021375,0.9848751735371231,-0.09720175543202852
0.000215,0.9737820960429623,-0.09754022170540071
0.00021625,0.9774797885410158,-0.09720175543202852
0.0002175,0.9737820960429623,-0.09686328915865633
0.00021875,0.9848751735371231,-0.09923255307226163
0.00022,0.9848751735371231,-0.09720175543202852
0.00022125,0.9885728660351766,-0.09787868797877289
0.0002225,0.9774797885410158,-0.09821715425214507
0.00022375,0.9922705585332302,-0.09889408679888945
0.000225,0.9885728660351766,-0.09889408679888945
0.00022625,1.003363636027391,-0.09923255307226163
0.0002275,0.9922705585332302,-0.09855562052551727
0.00022875,1.003363636027391,-0.09923255307226163
0.00023,0.9959682510312837,-0.09855562052551727
0.00023125,0.9922705585332302,-0.09889408679888945
0.0002325,1.003363636027391,-0.09855562052551727
0.00023375,0.9959682510312837,-0.09821715425214507
0.000235,0.9959682510312837,-0.09923255307226163
0.00023625,1.003363636027391,-0.1002479518923782
0.0002375,1.007061328525444,-0.09957101934563381
0.00023875,0.9922705585332302,-0.09889408679888945
0.00024,0.9922705585332302,-0.09957101934563381
0.00024125,0.9996659435293372,-0.09855562052551727
0.0002425,1.007061328525444,-0.1002479518923782
0.00024375,1.007061328525444,-0.1005864181657504
0.000245,1.014456713521552,-0.09889408679888945
0.00024625,0.9922705585332302,-0.09990948561900599
0.0002475,1.010759021023498,-0.1002479518923782
0.00024875,1.003363636027391,-0.09889408679888945
0.00025,1.007061328525444,-0.09889408679888945
0.00025125,1.010759021023498,-0.09957101934563381
0.0002525,1.014456713521552,-0.1002479518923782
0.00025375,1.014456713521552,-0.09923255307226163
0.000255,1.010759021023498,-0.09787868797877289
0.00025625,1.003363636027391,-0.09923255307226163
0.0002575,0.9996659435293372,-0.09923255307226163
0.00025875,1.010759021023498,-0.09957101934563381
0.00026,1.003363636027391,-0.09855562052551727
0.00026125,1.003363636027391,-0.09990948561900599
0.0002625,1.014456713521552,-0.09889408679888945
0.00026375,1.010759021023498,-0.09957101934563381
0.000265,1.003363636027391,-0.09889408679888945
0.00026625,0.9996659435293372,-0.09889408679888945
0.0002675,0.9996659435293372,-0.09787868797877289
0.00026875,0.9959682510312837,-0.09957101934563381
0.00027,1.010759021023498,-0.09821715425214507
0.00027125,0.9959682510312837,-0.09787868797877289
0.0002725,1.003363636027391,-0.09957101934563381
0.00027375,1.010759021023498,-0.09957101934563381
0.000275,0.9996659435293372,-0.09787868797877289
0.00027625,0.9922705585332302,-0.09821715425214507
0.0002775,0.9922705585332302,-0.09855562052551727
0.00027875,1.007061328525444,-0.09686328915865633
0.00028,0.9885728660351766,-0.09821715425214507
0.00028125,0.9922705585332302,-0.09686328915865633
0.0002825,0.9848751735371231,-0.09754022170540071
0.00028375,0.9848751735371231,-0.09686328915865633
0.000285,0.9959682510312837,-0.09754022170540071
0.00028625,0.9959682510312837,-0.09618635661191197
0.0002875,0.9774797885410158,-0.09652482288528415
0.00028875,0.9885728660351766,-0.09686328915865633
0.00029,0.9848751735371231,-0.09517095779179541
0.00029125,0.9774797885410158,-0.09483249151842323
0.0002925,0.9774797885410158,-0.09618635661191197
0.00029375,0.9811774810390694,-0.0955094240651676
0.000295,0.9774797885410158,-0.0955094240651676
0.00029625,0.9700844035449087,-0.09517095779179541
0.0002975,0.9774797885410158,-0.09483249151842323
0.00029875,0.9700844035449087,-0.09483249151842323
0.0003,0.9663867110468551,-0.09347862642493449
0.00030125,0.9589913260507479,-0.09347862642493449
0.0003025,0.9589913260507479,-0.09280169387819012
0.00030375,0.9589913260507479,-0.09415555897167886
0.000305,0.9552936335526944,-0.09381709269830668
0.00030625,0.9442005560585336,-0.09347862642493449
0.0003075,0.9589913260507479,-0.09280169387819012
0.00030875,0.9515959410546407,-0.09347862642493449
0.00031,0.9515959410546407,-0.09212476133144575
0.00031125,0.9478982485565872,-0.09077089623795702
0.0003125,0.9368051710624264,-0.09178629505807356
0.00031375,0.94050286356048,-0.0911093625113292
0.000315,0.9478982485565872,-0.09144782878470138
0.00031625,0.9368051710624264,-0.09178629505807356
0.0003175,0.9294097860663193,-0.09009396369121264
0.00031875,0.9294097860663193,-0.09009396369121264
0.00032,0.9146190160741049,-0.08941703114446828
0.00032125,0.9257120935682657,-0.09077089623795702
0.0003225,0.9146190160741049,-0.08840163232435172
0.00032375,0.9035259385799441,-0.0890785648710961
0.000325,0.9109213235760514,-0.08840163232435172
0.00032625,0.9109213235760514,-0.08704776723086298
0.0003275,0.9072236310779977,-0.08772469977760736
0.00032875,0.9146190160741049,-0.0867093009574908
0.00033,0.8850374760896762,-0.0867093009574908
0.00033125,0.8887351685877298,-0.0867093009574908
0.0003325,0.8887351685877298,-0.0867093009574908
0.00033375,0.8887351685877298,-0.08535543586400206
0.000335,0.8850374760896762,-0.08637083468411862
0.00033625,0.8776420910935691,-0.08298617195039677
0.0003375,0.8591536286033011,-0.08264770567702458
0.00033875,0.8665490135994083,-0.08366310449714114
0.00034,0.8665490135994083,-0.0823092394036524
0.00034125,0.8702467060974619,-0.08332463822376895
0.0003425,0.8702467060974619,-0.08298617195039677
0.00034375,0.8591536286033011,-0.08061690803679147
0.000345,0.8443628586110868,-0.08163230685690803
0.00034625,0.8480605511091404,-0.08197077313028021
0.0003475,0.8406651661130332,-0.08027844176341929
0.00034875,0.8406651661130332,-0.08197077313028021
0.00035,0.8443628586110868,-0.07960150921667491
0.00035125,0.8295720886188724,-0.07960150921667491
0.0003525,0.8258743961208189,-0.07790917784981399
0.00035375,0.8184790111247118,-0.07892457666993055
0.000355,0.8110836261286045,-0.07689377902969745
0.00035625,0.7999905486344439,-0.07723224530306963
0.0003575,0.7999905486344439,-0.07790917784981399
0.00035875,0.8147813186266581,-0.07757071157644181
0.00036,0.7962928561363902,-0.07655531275632527
0.00036125,0.8036882411324974,-0.07520144766283653
0.0003625,0.7778043936461223,-0.07418604884271997
0.00036375,0.7815020861441759,-0.07520144766283653
0.000365,0.7704090086500152,-0.07283218374923123
0.00036625,0.7667113161519615,-0.0735091162959756
0.0003675,0.7741067011480688,-0.07384758256934779
0.00036875,0.7593159311558544,-0.07283218374923123
0.00037,0.7593159311558544,-0.07215525120248686
0.00037125,0.7593159311558544,-0.07249371747585905
0.0003725,0.7445251611636401,-0.07080138610899812
0.00037375,0.7334320836694793,-0.06944752101550938
0.000375,0.7260366986733722,-0.06809365592202064
0.00037625,0.7260366986733722,-0.06809365592202064
0.0003775,0.7260366986733722,-0.0691090547421372
0.00037875,0.7297343911714257,-0.06775518964864846
0.00038,0.7149436211792114,-0.0670782571019041
0.00038125,0.7149436211792114,-0.0670782571019041
0.0003825,0.7112459286811578,-0.0670782571019041
0.00038375,0.6890597736928363,-0.06606285828178754
0.000385,0.6890597736928363,-0.06538592573504316
0.00038625,0.6853620811947827,-0.0647089931882988
0.0003875,0.6816643886967292,-0.0626781955480657
0.00038875,0.6742690037006219,-0.06301666182143788
0.00039,0.6779666961986756,-0.0626781955480657
0.00039125,0.6594782337084076,-0.06200126300132132
0.0003925,0.655780541210354,-0.06166279672794914
0.00039375,0.6483851562142469,-0.06132433045457696
0.000395,0.6372920787200861,-0.0603089316344604
0.00039625,0.6409897712181397,-0.0603089316344604
0.0003975,0.6298966937239789,-0.05929353281434384
0.00039875,0.6335943862220326,-0.05861660026759948
0.0004,0.6298966937239789,-0.05760120144748292
0.00040125,0.6225013087278718,-0.05658580262736637
0.0004025,0.6040128462376039,-0.05590887008062199
0.00040375,0.6003151537395502,-0.05557040380724981
0.000405,0.5892220762453896,-0.05489347126050545
0.00040625,0.5929197687434431,-0.05455500498713325
0.0004075,0.6003151537395502,-0.05455500498713325
0.00040875,0.585524383747336,-0.05286267362027233
0.00041,0.5744313062531752,-0.05320113989364451
0.00041125,0.567035921257068,-0.05184727480015579
0.0004125,0.567035921257068,-0.05083187598003923
0.00041375,0.5485474587668001,-0.04981647715992267
0.000415,0.541152073770693,-0.05083187598003923
0.00041625,0.5374543812726393,-0.05015494343329487
0.0004175,0.5374543812726393,-0.04880107833980613
0.00041875,0.5374543812726393,-0.04744721324631739
0.00042,0.5152682262843179,-0.04677028069957301
0.00042125,0.5115705337862643,-0.0471087469729452
0.0004225,0.5115705337862643,-0.04541641560608428
0.00042375,0.5004774562921035,-0.04541641560608428
0.000425,0.4930820712959963,-0.04440101678596772
0.00042625,0.4819889938018356,-0.04440101678596772
0.0004275,0.478291301303782,-0.04338561796585116
0.00042875,0.4671982238096213,-0.04203175287236242
0.00043,0.4671982238096213,-0.0427086854191068
0.00043125,0.4671982238096213,-0.04101635405224588
0.0004325,0.4487097613193534,-0.04000095523212932
0.00043375,0.4524074538174069,-0.0403394215055015
0.000435,0.4413143763232462,-0.03864709013864058
0.00043625,0.4265236063310319,-0.03797015759189622
0.0004375,0.4228259138329782,-0.03695475877177966
0.00043875,0.4191282213349247,-0.03695475877177966
0.00044,0.4117328363388175,-0.03560089367829092
0.00044125,0.4006397588446567,-0.03323162976468563
0.0004425,0.3858489888524425,-0.03357009603805781
0.00044375,0.3858489888524425,-0.03458549485817437
0.000445,0.3784536038563353,-0.03323162976468563
0.00044625,0.3784536038563353,-0.03255469721794126
0.0004475,0.3673605263621745,-0.03086236585108034
0.00044875,0.3562674488680138,-0.03086236585108034
0.00045,0.345174371373853,-0.02883156821084723
0.00045125,0.3488720638719066,-0.02883156821084723
0.0004525,0.3377789863777458,-0.02815463566410286
0.00045375,0.3377789863777458,-0.02917003448421942
0.000455,0.3229882163855315,-0.02612383802386975
0.00045625,0.3081974463933171,-0.02646230429724194
0.0004575,0.3044997538952636,-0.02544690547712538
0.00045875,0.2971043688991564,-0.02443150665700883
0.00046,0.2897089839030492,-0.02307764156352009
0.00046125,0.2823135989069421,-0.02273917529014791
0.0004625,0.2860112914049956,-0.02172377647003135
0.00046375,0.2675228289147277,-0.02375457411026446
0.000465,0.2749182139108349,-0.02036991137654262
0.00046625,0.2490343664244598,-0.01969297882979825
0.0004675,0.2601274439186206,-0.01867758000968169
0.00046875,0.2416389814283527,-0.01800064746293733
0.00047,0.2305459039341919,-0.01867758000968169
0.00047125,0.2194528264400311,-0.01732371491619296
0.0004725,0.2231505189380847,-0.01563138354933203
0.00047375,0.2046620564478168,-0.01461598472921548
0.000475,0.2009643639497632,-0.01461598472921548
0.00047625,0.1972666714517096,-0.01427751845584329
0.0004775,0.1898712864556025,-0.01360058590909892
0.00047875,0.1861735939575489,-0.01292365336235455
0.00048,0.1787782089614417,-0.01258518708898237
0.00048125,0.1713828239653346,-0.01123132199549363
0.0004825,0.1602897464711738,-0.009877456902004894
0.00048375,0.1565920539731202,-0.007846659261771787
0.000485,0.1454989764789595,-0.009538990628632709
0.00048625,0.1381035914828523,-0.007169726715027417
0.0004875,0.1270105139886916,-0.007846659261771787
0.0004887499999999999,0.123312821490638,-0.00513892907479431
0.00049,0.1085220514984236,-0.00513892907479431
0.0004912499999999999,0.1011266665023165,-0.004800462801422125
0.0004925,0.08263820401204855,-0.003446597707933387
0.0004937499999999999,0.09003358900815572,-0.002431198887816833
0.000495,0.08263820401204855,-0.003108131434561202
0.0004962499999999999,0.07524281901594138,-0.0007388675209559101
0.0004974999999999999,0.06414974152178063,-0.0007388675209559101
0.00049875,0.06045204902372704,0.0009534638459050128
0.0004999999999999999,0.0493589715295663,0.001968862666021566
0.00050125,0.03826589403540554,0.001968862666021566
0.0005024999999999999,0.03826589403540554,0.002645795212765936
0.00050375,0.02347512404319121,0.00366119403288249
0.0005049999999999999,0.01977743154513762,0.005015059126371228
0.00050625,0.004986661552923288,0.005691991673115597
0.0005074999999999999,-0.00240872344318388,0.005353525399743412
0.00050875,-0.01350180093734463,0.006707390493232151
0.0005099999999999999,-0.01350180093734463,0.007045856766604335
0.00051125,-0.01719949343539821,0.008061255586720889
0.0005124999999999999,-0.02459487843150538,0.008738188133465259
0.00051375,-0.03568795592566613,0.009753586953581812
0.0005149999999999999,-0.03938564842371972,0.01076898577369837
0.00051625,-0.04678103341982689,0.010092053226954
0.0005174999999999999,-0.04678103341982689,0.01246131714055929
0.0005187499999999999,-0.0652694959100948,0.01246131714055929
0.00052,-0.08006026590230914,0.0144921147807924
0.0005212499999999999,-0.09485103589452348,0.01483058105416458
0.0005225,-0.0911533433964699,0.01618444614765332
0.0005237499999999999,-0.09854872839257706,0.01618444614765332
0.000525,-0.1059441133886842,0.01753831124114206
0.0005262499999999999,-0.1133394983847914,0.01584597987428113
0.0005275,-0.1059441133886842,0.0188921763346308
0.0005287499999999999,-0.1355256533731129,0.02024604142811954
0.00053,-0.1392233458711665,0.01990757515474735
0.0005312499999999999,-0.1429210383692201,0.01990757515474735
0.0005325,-0.1429210383692201,0.0209229739748639
0.0005337499999999999,-0.1540141158633808,0.02193837279498046
0.000535,-0.161409500859488,0.02329223788846919
0.0005362499999999999,-0.1872933483458631,0.02498456925533012
0.0005375,-0.1946887333419702,0.02464610298195793
0.0005387499999999999,-0.1909910408439167,0.02599996807544667
0.0005399999999999999,-0.1946887333419702,0.0253230355287023
0.00054125,-0.2020841183380774,0.02769229944230759
0.0005424999999999999,-0.2131771958322382,0.02701536689556323
0.00054375,-0.2168748883302918,0.02870769826242415
0.0005449999999999999,-0.2316656583225061,0.02870769826242415
0.00054625,-0.2316656583225061,0.02870769826242415
0.0005474999999999999,-0.2353633508205597,0.03006156335591289
0.00054875,-0.2575495058088811,0.03107696217602944
0.0005499999999999999,-0.2575495058088811,0.03141542844940162
0.00055125,-0.2686425833030419,0.03310775981626254
0.0005524999999999999,-0.2723402758010955,0.03344622608963474
0.00055375,-0.2760379682991491,0.03378469236300692
0.0005549999999999999,-0.294526430789417,0.03513855745649566
0.00055625,-0.2834333532952563,0.03446162490975128
0.0005574999999999999,-0.2982241232874706,0.03750782137010095
0.00055875,-0.3093172007816313,0.03750782137010095
0.00056,-0.3167125857777385,0.03886168646358969
0.0005612499999999999,-0.3278056632718993,0.03920015273696187
0.0005625,-0.3278056632718993,0.03852322019021751
0.0005637499999999999,-0.3425964332641136,0.04021555155707843
0.000565,-0.3315033557699528,0.04123095037719497
0.0005662499999999999,-0.3462941257621672,0.04190788292393935
0.0005675,-0.3499918182602207,0.04292328174405591
0.0005687499999999999,-0.3758756657465959,0.04360021429080027
0.00057,-0.3758756657465959,0.04292328174405591
0.0005712499999999999,-0.3795733582446494,0.04461561311091683
0.0005725,-0.3980618207349174,0.04563101193103337
0.0005737499999999999,-0.3906664357388102,0.04495407938428901
0.000575,-0.3980618207349174,0.04596947820440556
0.0005762499999999999,-0.4017595132329709,0.0473233432978943
0.0005775,-0.4017595132329709,0.04664641075114993
0.0005787499999999999,-0.4202479757232389,0.04867720839138304
0.0005799999999999999,-0.4239456682212924,0.04935414093812741
0.00058125,-0.4387364382135068,0.05070800603161614
0.0005824999999999999,-0.4535272082057211,0.05138493857836052
0.00058375,-0.4498295157076675,0.0517234048517327
0.0005849999999999999,-0.4572249007037747,0.0517234048517327
0.00058625,-0.4609225932018283,0.05138493857836052
0.0005874999999999999,-0.4646202856998818,0.05240033739847708
0.00058875,-0.472015670695989,0.05273880367184926
0.0005899999999999999,-0.4794110556920962,0.05544653385882672
0.00059125,-0.490504133186257,0.0561234664055711
0.0005924999999999999,-0.5015972106804176,0.0561234664055711
0.00059375,-0.5089925956765249,0.05680039895231546
0.0005949999999999999,-0.5200856731706857,0.05747733149905984
0.00059625,-0.516387980672632,0.05713886522568766
0.0005974999999999999,-0.5237833656687392,0.0581542640458042
0.00059875,-0.5348764431629,0.05950812913929295
0.0005999999999999999,-0.5385741356609536,0.06018506168603731
0.0006012499999999999,-0.5385741356609536,0.05984659541266513
0.0006025,-0.5459695206570607,0.0605235279594095
0.0006037499999999999,-0.5496672131551142,0.0605235279594095
0.000605,-0.5570625981512215,0.06255432559964261
0.0006062499999999999,-0.5755510606414894,0.06390819069313135
0.0006075,-0.5681556756453822,0.06390819069313135
0.0006087499999999999,-0.5829464456375966,0.06255432559964261
0.00061,-0.5792487531395429,0.06458512323987571
0.0006112499999999999,-0.5866441381356501,0.06526205578662007
0.0006125,-0.5903418306337037,0.06526205578662007
0.0006137499999999999,-0.6088302931239716,0.06695438715348101
0.000615,-0.6199233706181324,0.06729285342685319
0.0006162499999999999,-0.6199233706181324,0.06695438715348101
0.0006175,-0.6236210631161859,0.06932365106708629
0.0006187499999999999,-0.6236210631161859,0.06898518479371411
0.00062,-0.6273187556142396,0.06864671852034193
0.0006212499999999999,-0.6421095256064538,0.06966211734045848
0.0006224999999999999,-0.6495049106025611,0.07067751616057504
0.00062375,-0.6532026031006146,0.07101598243394722
0.0006249999999999999,-0.6605979880967218,0.0713544487073194
0.00062625,-0.6605979880967218,0.07203138125406378
0.0006274999999999999,-0.667993373092829,0.0737237126209247
0.00062875,-0.6790864505869897,0.07338524634755252
0.0006299999999999999,-0.6790864505869897,0.0737237126209247
0.00063125,-0.6790864505869897,0.07440064516766906
0.0006324999999999999,-0.6901795280811505,0.07473911144104124
0.00063375,-0.6827841430850433,0.0737237126209247
0.0006349999999999999,-0.6938772205792041,0.07609297653452998
0.00063625,-0.712365683069472,0.07676990908127436
0.0006374999999999999,-0.712365683069472,0.07744684162801872
0.00063875,-0.7197610680655792,0.07676990908127436
0.0006399999999999999,-0.7234587605636328,0.07710837535464654
0.00064125,-0.7086679905714184,0.07846224044813528
0.0006425,-0.7234587605636328,0.07947763926825183
0.0006437499999999999,-0.7271564530616863,0.07913917299487964
0.000645,-0.7493426080500079,0.0801545718149962
0.0006462499999999999,-0.7530403005480614,0.07981610554162402
0.0006475,-0.7530403005480614,0.07981610554162402
0.0006487499999999999,-0.7530403005480614,0.07981610554162402
0.00065,-0.7493426080500079,0.08083150436174057
0.0006512499999999999,-0.7604356855441686,0.08387770082209023
0.0006525,-0.7641333780422221,0.08218536945522931
0.0006537499999999999,-0.7752264555363829,0.08320076827534587
0.000655,-0.7789241480344365,0.08320076827534587
0.0006562499999999999,-0.7752264555363829,0.08387770082209023
0.0006575,-0.7900172255285972,0.08489309964220679
0.0006587499999999999,-0.7937149180266508,0.08455463336883461
0.00066,-0.7974126105247044,0.08590849846232335
0.0006612499999999999,-0.801110303022758,0.08421616709546241
0.0006625,-0.8048079955208116,0.08489309964220679
0.00066375,-0.8085056880188651,0.08658543100906771
0.0006649999999999999,-0.8085056880188651,0.08726236355581207
0.00066625,-0.8232964580110795,0.08793929610255645
0.0006674999999999999,-0.8195987655130259,0.08793929610255645
0.00066875,-0.8343895355052402,0.08827776237592863
0.0006699999999999999,-0.8380872280032938,0.08760082982918427
0.00067125,-0.8343895355052402,0.08760082982918427
0.0006724999999999999,-0.8306918430071867,0.08895469492267301
0.00067375,-0.8343895355052402,0.08929316119604519
0.0006749999999999999,-0.8380872280032938,0.08963162746941737
0.00067625,-0.845482612999401,0.08997009374278955
0.0006774999999999999,-0.8565756904935617,0.09064702628953393
0.00067875,-0.8639710754896689,0.09098549256290611
0.0006799999999999999,-0.8602733829916154,0.09030856001616173
0.00068125,-0.8639710754896689,0.09233935765639485
0.0006824999999999999,-0.8750641529838297,0.09166242510965047
0.0006837499999999999,-0.8639710754896689,0.09233935765639485
0.000685,-0.8676687679877225,0.09267782392976703
0.0006862499999999999,-0.8750641529838297,0.09200089138302266
0.0006875,-0.8750641529838297,0.09301629020313922
0.0006887499999999999,-0.889854922976044,0.09267782392976703
0.00069,-0.889854922976044,0.09403168902325577
0.0006912499999999999,-0.8824595379799368,0.09301629020313922
0.0006925,-0.8861572304779904,0.09470862157000014
0.0006937499999999999,-0.8935526154740976,0.0933547564765114
0.000695,-0.8935526154740976,0.0957240203901167
0.0006962499999999999,-0.8935526154740976,0.09504708784337232
0.0006975,-0.9009480004702047,0.09538555411674451
0.0006987499999999999,-0.9046456929682584,0.09504708784337232
0.0007,-0.9231341554585263,0.09640095293686106
0.0007012499999999999,-0.9231341554585263,0.09538555411674451
0.0007025,-0.9046456929682584,0.09470862157000014
0.0007037499999999999,-0.9120410779643655,0.0977548180303498
0.0007049999999999999,-0.9194364629604727,0.09606248666348888
0.00070625,-0.9157387704624191,0.09707788548360544
0.0007074999999999999,-0.9194364629604727,0.0977548180303498
0.00070875,-0.9231341554585263,0.09640095293686106
0.0007099999999999999,-0.9157387704624191,0.0977548180303498
0.00071125,-0.9268318479565798,0.09809328430372198
0.0007124999999999999,-0.9342272329526871,0.09741635175697762
0.00071375,-0.9342272329526871,0.09843175057709418
0.0007149999999999999,-0.9379249254507406,0.09843175057709418
0.00071625,-0.9342272329526871,0.09877021685046636
0.0007174999999999999,-0.9416226179487942,0.0977548180303498
0.00071875,-0.9231341554585263,0.09741635175697762
0.0007199999999999999,-0.9416226179487942,0.09843175057709418
0.00072125,-0.9490180029449014,0.09910868312383854
0.0007224999999999999,-0.9564133879410085,0.09877021685046636
0.00072375,-0.9416226179487942,0.09877021685046636
0.000725,-0.9453203104468477,0.09877021685046636
0.0007262499999999999,-0.9453203104468477,0.09944714939721072
0.0007275,-0.952715695442955,0.09877021685046636
0.0007287499999999999,-0.9564133879410085,0.09944714939721072
0.00073,-0.9490180029449014,0.0997856156705829
0.0007312499999999999,-0.9564133879410085,0.1004625482173273
0.0007325,-0.952715695442955,0.1001240819439551
0.0007337499999999999,-0.9638087729371156,0.1001240819439551
0.000735,-0.9564133879410085,0.1001240819439551
0.0007362499999999999,-0.9564133879410085,0.1008010144906995
0.0007375,-0.9749018504312764,0.1004625482173273
0.0007387499999999999,-0.9564133879410085,0.1004625482173273
0.00074,-0.9564133879410085,0.09877021685046636
0.0007412499999999999,-0.9601110804390621,0.1001240819439551
0.0007425,-0.9564133879410085,0.0997856156705829
0.0007437499999999999,-0.9675064654351693,0.1004625482173273
0.000745,-0.9638087729371156,0.1008010144906995
0.00074625,-0.9712041579332229,0.1001240819439551
0.0007474999999999999,-0.9601110804390621,0.0997856156705829
0.00074875,-0.9638087729371156,0.1001240819439551
0.0007499999999999999,-0.9638087729371156,0.09944714939721072
0.00075125,-0.952715695442955,0.09910868312383854
0.0007524999999999999,-0.9675064654351693,0.1008010144906995
0.00075375,-0.9638087729371156,0.1008010144906995
0.0007549999999999999,-0.9675064654351693,0.0997856156705829
0.00075625,-0.9712041579332229,0.1001240819439551
0.0007574999999999999,-0.9601110804390621,0.1001240819439551
0.00075875,-0.9638087729371156,0.09944714939721072
0.0007599999999999999,-0.952715695442955,0.09910868312383854
0.00076125,-0.9564133879410085,0.09944714939721072
0.0007624999999999999,-0.9638087729371156,0.1001240819439551
0.00076375,-0.9638087729371156,0.09944714939721072
0.0007649999999999999,-0.9638087729371156,0.09910868312383854
0.0007662499999999999,-0.9601110804390621,0.09944714939721072
0.0007675,-0.9638087729371156,0.09944714939721072
0.0007687499999999999,-0.9601110804390621,0.1011394807640716
0.00077,-0.9601110804390621,0.09944714939721072
0.0007712499999999999,-0.9675064654351693,0.09944714939721072
0.0007725,-0.9601110804390621,0.09910868312383854
0.0007737499999999999,-0.9638087729371156,0.09877021685046636
0.000775,-0.9638087729371156,0.09877021685046636
0.0007762499999999999,-0.9564133879410085,0.09843175057709418
0.0007775,-0.9416226179487942,0.09843175057709418
0.0007787499999999999,-0.9490180029449014,0.09843175057709418
0.00078,-0.9453203104468477,0.0977548180303498
0.0007812499999999999,-0.9453203104468477,0.09640095293686106
0.0007825,-0.9379249254507406,0.09809328430372198
0.0007837499999999999,-0.9490180029449014,0.0977548180303498
0.000785,-0.9490180029449014,0.09843175057709418
0.0007862499999999999,-0.9490180029449014,0.09707788548360544
0.0007874999999999999,-0.9379249254507406,0.09606248666348888
0.00078875,-0.9342272329526871,0.09606248666348888
0.0007899999999999999,-0.9342272329526871,0.09673941921023324
0.00079125,-0.9379249254507406,0.09741635175697762
0.0007924999999999999,-0.9379249254507406,0.09673941921023324
0.00079375,-0.9416226179487942,0.09538555411674451
0.0007949999999999999,-0.9342272329526871,0.09707788548360544
0.00079625,-0.9342272329526871,0.0957240203901167
0.0007974999999999999,-0.9305295404546334,0.09538555411674451
0.00079875,-0.9157387704624191,0.09470862157000014
0.0007999999999999999,-0.9194364629604727,0.0957240203901167
0.00080125,-0.9231341554585263,0.09504708784337232
0.0008024999999999999,-0.9194364629604727,0.09403168902325577
0.00080375,-0.9194364629604727,0.0933547564765114
0.0008049999999999999,-0.9120410779643655,0.09301629020313922
0.00080625,-0.9120410779643655,0.09403168902325577
0.0008074999999999999,-0.9120410779643655,0.09403168902325577
0.0008087499999999999,-0.9157387704624191,0.09301629020313922
0.00081,-0.8935526154740976,0.09267782392976703
0.0008112499999999999,-0.8972503079721512,0.09233935765639485
0.0008125,-0.889854922976044,0.09166242510965047
0.0008137499999999999,-0.9046456929682584,0.09267782392976703
0.000815,-0.8972503079721512,0.09098549256290611
0.0008162499999999999,-0.8861572304779904,0.09233935765639485
0.0008175,-0.8861572304779904,0.09267782392976703
0.0008187499999999999,-0.8824595379799368,0.09132395883627829
0.00082,-0.8861572304779904,0.09030856001616173
0.0008212499999999999,-0.8787618454818833,0.08929316119604519
0.0008225,-0.8602733829916154,0.08929316119604519
0.0008237499999999999,-0.8639710754896689,0.09030856001616173
0.000825,-0.8750641529838297,0.08929316119604519
0.0008262499999999999,-0.8639710754896689,0.08793929610255645
0.0008275,-0.8565756904935617,0.08827776237592863
0.00082875,-0.8565756904935617,0.08692389728243989
0.0008299999999999999,-0.8491803054974546,0.08827776237592863
0.00083125,-0.8528779979955081,0.08726236355581207
0.0008324999999999999,-0.8565756904935617,0.08793929610255645
0.00083375,-0.8602733829916154,0.08760082982918427
0.0008349999999999999,-0.845482612999401,0.08590849846232335
0.00083625,-0.8269941505091331,0.08523156591557897
0.0008374999999999999,-0.8343895355052402,0.08523156591557897
0.00083875,-0.8306918430071867,0.08455463336883461
0.0008399999999999999,-0.8232964580110795,0.08353923454871805
0.00084125,-0.8232964580110795,0.08455463336883461
0.0008424999999999999,-0.8232964580110795,0.08286230200197368
0.00084375,-0.8195987655130259,0.08320076827534587
0.0008449999999999999,-0.8048079955208116,0.08218536945522931
0.00084625,-0.7974126105247044,0.08286230200197368
0.0008474999999999999,-0.8048079955208116,0.08184690318185713
0.0008487499999999999,-0.8048079955208116,0.08116997063511276
0.00085,-0.7900172255285972,0.08049303808836838
0.0008512499999999999,-0.7863195330305437,0.08083150436174057
0.0008525,-0.7789241480344365,0.07981610554162402
0.0008537499999999999,-0.7826218405324901,0.07947763926825183
0.000855,-0.7678310705402758,0.07846224044813528
0.0008562499999999999,-0.756737993046115,0.0781237741747631
0.0008575,-0.7752264555363829,0.0777853079013909
0.0008587499999999999,-0.756737993046115,0.07744684162801872
0.00086,-0.756737993046115,0.07676990908127436
0.0008612499999999999,-0.7493426080500079,0.07643144280790218
0.0008625,-0.7345518380577934,0.07541604398778562
0.0008637499999999999,-0.7345518380577934,0.07473911144104124
0.000865,-0.7271564530616863,0.07473911144104124
0.0008662499999999999,-0.7345518380577934,0.07507757771441344
0.0008675,-0.7345518380577934,0.07440064516766906
0.0008687499999999999,-0.7197610680655792,0.07270831380080814
0.0008699999999999999,-0.712365683069472,0.07304678007418032
0.00087125,-0.7086679905714184,0.0713544487073194
0.0008724999999999999,-0.6975749130772576,0.07236984752743596
0.00087375,-0.6938772205792041,0.07033904988720285
0.0008749999999999999,-0.6938772205792041,0.0713544487073194
0.00087625,-0.6901795280811505,0.07000058361383066
0.0008774999999999999,-0.6827841430850433,0.07101598243394722
0.00087875,-0.6827841430850433,0.06932365106708629
0.0008799999999999999,-0.667993373092829,0.06763131970022537
0.00088125,-0.6605979880967218,0.06729285342685319
0.0008824999999999999,-0.6605979880967218,0.06796978597359755
0.00088375,-0.6532026031006146,0.06593898833336445
0.0008849999999999999,-0.6421095256064538,0.06560052205999227
0.00088625,-0.6347141406103467,0.06458512323987571
0.0008874999999999999,-0.6384118331084003,0.06458512323987571
0.00088875,-0.6310164481122932,0.06492358951324789
0.0008899999999999999,-0.6236210631161859,0.06255432559964261
0.0008912499999999999,-0.6199233706181324,0.06356972441975915
0.0008925,-0.6162256781200788,0.06255432559964261
0.0008937499999999999,-0.6125279856220253,0.06187739305289824
0.000895,-0.6125279856220253,0.05984659541266513
0.0008962499999999999,-0.5977372156298109,0.06018506168603731
0.0008975,-0.5866441381356501,0.05950812913929295
0.0008987499999999999,-0.5792487531395429,0.05849273031917639
0.0009,-0.5792487531395429,0.05883119659254858
0.0009012499999999999,-0.5681556756453822,0.05781579777243202
0.0009025,-0.560760290649275,0.05680039895231546
0.0009037499999999999,-0.5533649056531679,0.05578500013219892
0.000905,-0.5570625981512215,0.0561234664055711
0.0009062499999999999,-0.5496672131551142,0.05476960131208236
0.0009075,-0.5422718281590071,0.05443113503871018
0.0009087499999999999,-0.5311787506648463,0.05341573621859362
0.00091,-0.5237833656687392,0.05273880367184926
0.00091125,-0.5126902881745784,0.05240033739847708
0.0009124999999999999,-0.5126902881745784,0.0517234048517327
0.00091375,-0.5089925956765249,0.05206187112510488
0.0009149999999999999,-0.4978995181823641,0.05070800603161614
0.00091625,-0.4868064406882034,0.05036953975824396
0.0009174999999999999,-0.490504133186257,0.04935414093812741
0.00091875,-0.4831087481901498,0.04833874211801086
0.0009199999999999999,-0.4831087481901498,0.04766180957126649
0.00092125,-0.472015670695989,0.04596947820440556
0.0009224999999999999,-0.4646202856998818,0.0473233432978943
0.00092375,-0.4572249007037747,0.04563101193103337
0.0009249999999999999,-0.4535272082057211,0.04529254565766119
0.00092625,-0.4350387457154532,0.04427714683754463
0.0009274999999999999,-0.4313410532173996,0.04326174801742809
0.00092875,-0.4165502832251853,0.04190788292393935
0.0009299999999999999,-0.4128525907271317,0.04326174801742809
0.00093125,-0.4091548982290781,0.04190788292393935
0.0009325,-0.3980618207349174,0.04089248410382279
0.0009337499999999999,-0.3943641282368638,0.03920015273696187
0.000935,-0.3943641282368638,0.03852322019021751
0.0009362499999999999,-0.383271050742703,0.03852322019021751
0.0009375,-0.3758756657465959,0.03886168646358969
0.0009387499999999999,-0.3647825882524351,0.03716935509672877
0.00094,-0.3684802807504887,0.03649242254998439
0.0009412499999999999,-0.3573872032563279,0.03581549000324002
0.0009425,-0.3462941257621672,0.0341231586363791
0.0009437499999999999,-0.3425964332641136,0.03344622608963474
0.000945,-0.33889874076606,0.03378469236300692
0.0009462499999999999,-0.3315033557699528,0.03276929354289036
0.0009475,-0.3241079707738457,0.03243082726951818
0.0009487499999999999,-0.3056195082835778,0.03107696217602944
0.00095,-0.3093172007816313,0.03040002962928507
0.0009512499999999999,-0.294526430789417,0.0297230970825407
0.0009524999999999999,-0.2908287382913634,0.02938463080916852
0.00095375,-0.2834333532952563,0.02803076571567978
0.0009549999999999999,-0.2871310457933098,0.02836923198905196
0.00095625,-0.2760379682991491,0.02599996807544667
0.0009574999999999999,-0.2649448908049883,0.02633843434881886
0.00095875,-0.2612471983069348,0.02667690062219104
0.0009599999999999999,-0.2575495058088811,0.02430763670858575
0.00096125,-0.2316656583225061,0.02363070416184138
0.0009624999999999999,-0.2279679658244525,0.02329223788846919
0.00096375,-0.2205725808283453,0.02261530534172483
0.0009649999999999999,-0.2094795033341846,0.02295377161509701
0.00096625,-0.2168748883302918,0.02024604142811954
0.0009674999999999999,-0.205781810836131,0.02024604142811954
0.00096875,-0.2094795033341846,0.01990757515474735
0.0009699999999999999,-0.1909910408439167,0.01753831124114206
0.00097125,-0.1762002708517023,0.01753831124114206
0.0009724999999999999,-0.1725025783536487,0.0165229124210255
0.0009737499999999999,-0.161409500859488,0.01618444614765332
0.000975,-0.1540141158633808,0.01516904732753676
0.0009762499999999999,-0.1429210383692201,0.01550751360090895
0.0009775000000000001,-0.1466187308672736,0.01279978341393147
0.00097875,-0.1392233458711665,0.01381518223404803
0.00098,-0.1318279608750593,0.01110745204707055
0.0009812499999999999,-0.1244325758789522,0.01144591832044273
0.0009824999999999999,-0.1096418058867378,0.01076898577369837
0.00098375,-0.09485103589452348,0.009076654406837442
0.000985,-0.1059441133886842,0.008738188133465259
0.0009862499999999999,-0.08375795840036272,0.008061255586720889
0.0009874999999999999,-0.08375795840036272,0.007722789313348704
0.00098875,-0.07266488090620198,0.008061255586720889
0.00099,-0.0652694959100948,0.006030457946487782
0.0009912499999999999,-0.06157180341204122,0.004676592852999043
0.0009924999999999999,-0.05047872591788047,0.004676592852999043
0.0009937499999999998,-0.03568795592566613,0.002645795212765936
0.000995,-0.02829257092955897,0.001291930119277197
0.00099625,-0.0208971859334518,0.001630396392649382
0.0009974999999999999,-0.0208971859334518,0.002645795212765936
0.0009987499999999999,-0.02459487843150538,0.0009534638459050128
0.001,-0.009804108439291047,0.0002765312991606437
0.00100125,0.001288969054869704,-0.001077333794328095
0.0010025,0.01238204654903046,-0.001754266341072464
0.00100375,0.03456820153735196,-0.004461996528049941
0.001005,0.03087050903929837,-0.004461996528049941
0.00100625,0.03826589403540554,-0.00513892907479431
0.0010075,0.04566127903151271,-0.005477395348166494
0.00100875,0.05675435652567346,-0.006492794168283048
0.00101,0.0493589715295663,-0.005815861621538678
0.00101125,0.0715451265178878,-0.007846659261771787
0.0010125,0.0715451265178878,-0.00818512553514397
0.00101375,0.08263820401204855,-0.008523591808516156
0.001015,0.0937312815062093,-0.01089285572212145
0.00101625,0.09003358900815572,-0.009877456902004894
0.0010175,0.09003358900815572,-0.01123132199549363
0.00101875,0.1122197439964772,-0.01292365336235455
0.00102,0.1196151289925844,-0.01292365336235455
0.00102125,0.1307082064867451,-0.01326211963572674
0.0010225,0.1381035914828523,-0.01495445100258766
0.00102375,0.1528943614750666,-0.01563138354933203
0.001025,0.1565920539731202,-0.0163083160960764
0.00102625,0.1602897464711738,-0.01732371491619296
0.0010275,0.1787782089614417,-0.01833911373630951
0.00102875,0.1713828239653346,-0.01935451255642606
0.00103,0.1750805164633882,-0.01935451255642606
0.00103125,0.1861735939575489,-0.01969297882979825
0.0010325,0.1861735939575489,-0.02003144510317043
0.00103375,0.2083597489458704,-0.02104684392328698
0.001035,0.2157551339419776,-0.02307764156352009
0.00103625,0.212057441443924,-0.02273917529014791
0.0010375,0.2231505189380847,-0.02409304038363665
0.00103875,0.2342435964322455,-0.02476997293038102
0.00104,0.2453366739264062,-0.02544690547712538
0.00104125,0.2527320589225134,-0.02578537175049757
0.0010425,0.2638251364166742,-0.02781616939073068
0.00104375,0.2749182139108349,-0.02781616939073068
0.001045,0.2675228289147277,-0.02713923684398631
0.00104625,0.2749182139108349,-0.02984696703096379
0.0010475,0.2786159064088885,-0.0295085007575916
0.00104875,0.3044997538952636,-0.03120083212445252
0.00105,0.30080206139721,-0.03153929839782471
0.00105125,0.3081974463933171,-0.03289316349131345
0.0010525,0.3229882163855315,-0.03187776467119689
0.00105375,0.3229882163855315,-0.03289316349131345
0.001055,0.3192905238874779,-0.03458549485817437
0.00105625,0.3377789863777458,-0.03492396113154655
0.0010575,0.3340812938796923,-0.03560089367829092
0.00105875,0.3562674488680138,-0.03695475877177966
0.00106,0.3525697563699602,-0.03695475877177966
0.00106125,0.3673605263621745,-0.03695475877177966
0.0010625,0.3784536038563353,-0.0383086238652684
0.00106375,0.3784536038563353,-0.03966248895875714
0.001065,0.3932443738485496,-0.04000095523212932
0.00106625,0.4006397588446567,-0.04135482032561806
0.0010675,0.3932443738485496,-0.04000095523212932
0.00106875,0.3969420663466032,-0.04304715169247898
0.00107,0.4080351438407639,-0.04304715169247898
0.00107125,0.4265236063310319,-0.04372408423922335
0.0010725,0.4376166838251926,-0.04575488187945646
0.00107375,0.4487097613193534,-0.04541641560608428
0.001075,0.4561051463154605,-0.04575488187945646
0.00107625,0.4561051463154605,-0.04609334815282864
0.0010775,0.4524074538174069,-0.0471087469729452
0.00107875,0.4524074538174069,-0.04846261206643393
0.00108,0.4819889938018356,-0.04913954461317831
0.00108125,0.4819889938018356,-0.04981647715992267
0.0010825,0.4893843787979428,-0.05015494343329487
0.00108375,0.4967797637940499,-0.05150880852678359
0.001085,0.4856866862998892,-0.05083187598003923
0.00108625,0.5004774562921035,-0.05117034225341141
0.0010875,0.5152682262843179,-0.05320113989364451
0.00108875,0.5263613037784786,-0.05353960616701671
0.00109,0.5300589962765322,-0.05421653871376107
0.00109125,0.5300589962765322,-0.05320113989364451
0.0010925,0.5263613037784786,-0.05489347126050545
0.00109375,0.5448497662687465,-0.05523193753387763
0.001095,0.5559428437629073,-0.05624733635399418
0.00109625,0.5596405362609609,-0.05726273517411073
0.0010975,0.5596405362609609,-0.05760120144748292
0.00109875,0.5633382287590144,-0.05726273517411073
0.0011,0.5707336137551217,-0.05929353281434384
0.00110125,0.5781289987512288,-0.0603089316344604
0.0011025,0.585524383747336,-0.05827813399422729
0.00110375,0.5966174612414967,-0.06132433045457696
0.001105,0.6077105387356575,-0.0623397292746935
0.00110625,0.6261990012259254,-0.06200126300132132
0.0011075,0.6225013087278718,-0.06301666182143788
0.00110875,0.6261990012259254,-0.06335512809481006
0.00111,0.6261990012259254,-0.06403206064155444
0.00111125,0.6335943862220326,-0.06538592573504316
0.0011125,0.6409897712181397,-0.06538592573504316
0.00111375,0.6446874637161933,-0.06504745946167098
0.001115,0.6483851562142469,-0.06640132455515972
0.00111625,0.6631759262064613,-0.0667397908285319
0.0011175,0.6631759262064613,-0.06741672337527628
0.00111875,0.6742690037006219,-0.06843212219539282
0.00112,0.6779666961986756,-0.0691090547421372
0.00112125,0.6853620811947827,-0.06877058846876502
0.0011225,0.6742690037006219,-0.06877058846876502
0.00112375,0.6964551586889435,-0.07113985238237031
0.001125,0.6927574661908898,-0.07147831865574249
0.00112625,0.7001528511869971,-0.07181678492911468
0.0011275,0.6964551586889435,-0.07147831865574249
0.00112875,0.7001528511869971,-0.07215525120248686
0.00113,0.7149436211792114,-0.07283218374923123
0.00113125,0.7223390061753185,-0.07283218374923123
0.0011325,0.7297343911714257,-0.07553991393620871
0.00113375,0.7482228536616936,-0.07520144766283653
0.001135,0.7408274686655865,-0.07655531275632527
0.00113625,0.7519205461597472,-0.07452451511609215
0.0011375,0.7519205461597472,-0.07655531275632527
0.00113875,0.7593159311558544,-0.07723224530306963
0.00114,0.7556182386578009,-0.07655531275632527
0.00114125,0.7667113161519615,-0.07790917784981399
0.0011425,0.7704090086500152,-0.07824764412318619
0.00114375,0.7888974711402831,-0.07960150921667491
0.001145,0.7851997786422295,-0.07926304294330273
0.00114625,0.7888974711402831,-0.07926304294330273
0.0011475,0.7925951636383366,-0.08027844176341929
0.00114875,0.8036882411324974,-0.08095537431016366
0.00115,0.7999905486344439,-0.08095537431016366
0.00115125,0.807385933630551,-0.08163230685690803
0.0011525,0.807385933630551,-0.08027844176341929
0.00115375,0.8147813186266581,-0.0823092394036524
0.001155,0.8184790111247118,-0.08298617195039677
0.00115625,0.8184790111247118,-0.08298617195039677
0.0011575,0.8295720886188724,-0.08400157077051332
0.00115875,0.8369674736149797,-0.08332463822376895
0.00116,0.8258743961208189,-0.08467850331725769
0.00116125,0.8443628586110868,-0.08535543586400206
0.0011625,0.8591536286033011,-0.08501696959062988
0.00116375,0.851758243607194,-0.08535543586400206
0.001165,0.8554559361052476,-0.08603236841074643
0.00116625,0.8554559361052476,-0.08637083468411862
0.0011675,0.8554559361052476,-0.08738623350423516
0.00116875,0.8628513211013548,-0.08738623350423516
0.00117,0.8739443985955155,-0.08738623350423516
0.00117125,0.8739443985955155,-0.08772469977760736
0.0011725,0.8813397835916227,-0.0887400985977239
0.00117375,0.8887351685877298,-0.08840163232435172
0.001175,0.896130553583837,-0.08941703114446828
0.00117625,0.8850374760896762,-0.0890785648710961
0.0011775,0.8850374760896762,-0.08941703114446828
0.00117875,0.8924328610857835,-0.0890785648710961
0.00118,0.896130553583837,-0.09212476133144575
0.00118125,0.9146190160741049,-0.09178629505807356
0.0011825,0.9146190160741049,-0.09144782878470138
0.00118375,0.9146190160741049,-0.09009396369121264
0.001185,0.9035259385799441,-0.09178629505807356
0.00118625,0.9109213235760514,-0.09212476133144575
0.0011875,0.922014401070212,-0.0931401601515623
0.00118875,0.9183167085721585,-0.09280169387819012
0.00119,0.9257120935682657,-0.09280169387819012
0.00119125,0.94050286356048,-0.09212476133144575
0.0011925,0.9257120935682657,-0.09347862642493449
0.00119375,0.9368051710624264,-0.09178629505807356
0.001195,0.94050286356048,-0.09449402524505104
0.00119625,0.9478982485565872,-0.09449402524505104
0.0011975,0.9442005560585336,-0.09483249151842323
0.00119875,0.9478982485565872,-0.09449402524505104
0.0012,0.94050286356048,-0.09415555897167886
0.00120125,0.94050286356048,-0.0955094240651676
0.0012025,0.9626890185488015,-0.09652482288528415
0.00120375,0.9663867110468551,-0.09584789033853978
0.001205,0.9589913260507479,-0.0955094240651676
0.00120625,0.9589913260507479,-0.09483249151842323
0.0012075,0.9626890185488015,-0.09720175543202852
0.00120875,0.9700844035449087,-0.09720175543202852
0.00121,0.9700844035449087,-0.09584789033853978
0.00121125,0.9700844035449087,-0.09686328915865633
0.0012125,0.9737820960429623,-0.09754022170540071
0.00121375,0.9774797885410158,-0.09686328915865633
0.001215,0.9848751735371231,-0.09720175543202852
0.00121625,0.9848751735371231,-0.09787868797877289
0.0012175,0.9811774810390694,-0.09821715425214507
0.00121875,0.9885728660351766,-0.09686328915865633
0.00122,0.9885728660351766,-0.09821715425214507
0.00122125,0.9848751735371231,-0.09855562052551727
0.0012225,0.9885728660351766,-0.09855562052551727
0.00122375,0.9885728660351766,-0.09821715425214507
0.001225,0.9885728660351766,-0.09754022170540071
0.00122625,0.9959682510312837,-0.09821715425214507
0.0012275,0.9996659435293372,-0.09923255307226163
0.00122875,0.9996659435293372,-0.09821715425214507
0.00123,0.9959682510312837,-0.09889408679888945
0.00123125,0.9922705585332302,-0.09923255307226163
0.0012325,0.9885728660351766,-0.09957101934563381
0.00123375,0.9959682510312837,-0.09957101934563381
0.001235,1.007061328525444,-0.1002479518923782
0.00123625,1.010759021023498,-0.1005864181657504
0.0012375,1.010759021023498,-0.09821715425214507
0.00123875,1.003363636027391,-0.09990948561900599
0.00124,1.007061328525444,-0.09821715425214507
0.00124125,0.9922705585332302,-0.09957101934563381
0.0012425,1.010759021023498,-0.1005864181657504
0.00124375,1.003363636027391,-0.09990948561900599
0.001245,1.010759021023498,-0.09889408679888945
0.00124625,0.9922705585332302,-0.09923255307226163
0.0012475,1.003363636027391,-0.09855562052551727
0.00124875,1.003363636027391,-0.1002479518923782
0.00125,1.018154406019605,-0.1002479518923782
0.00125125,1.010759021023498,-0.09923255307226163
0.0012525,1.007061328525444,-0.1002479518923782
0.00125375,1.014456713521552,-0.09855562052551727
0.001255,0.9996659435293372,-0.09957101934563381
0.00125625,0.9996659435293372,-0.09855562052551727
0.0012575,1.003363636027391,-0.09889408679888945
0.00125875,1.003363636027391,-0.09923255307226163
0.00126,1.007061328525444,-0.09990948561900599
0.00126125,1.018154406019605,-0.1016018169858669
0.0012625,1.010759021023498,-0.09923255307226163
0.00126375,0.9922705585332302,-0.09821715425214507
0.001265,1.003363636027391,-0.09787868797877289
0.00126625,0.9996659435293372,-0.09957101934563381
0.0012675,1.010759021023498,-0.09923255307226163
0.00126875,0.9996659435293372,-0.09889408679888945
0.00127,0.9996659435293372,-0.09923255307226163
0.00127125,1.003363636027391,-0.09923255307226163
0.0012725,1.007061328525444,-0.09855562052551727
0.00127375,0.9996659435293372,-0.09787868797877289
0.001275,1.010759021023498,-0.09889408679888945
0.00127625,0.9959682510312837,-0.09889408679888945
0.0012775,0.9996659435293372,-0.09821715425214507
0.00127875,0.9922705585332302,-0.09821715425214507
0.00128,0.9996659435293372,-0.09889408679888945
0.00128125,0.9959682510312837,-0.09618635661191197
0.0012825,0.9959682510312837,-0.09686328915865633
0.00128375,0.9959682510312837,-0.09686328915865633
0.001285,0.9885728660351766,-0.09754022170540071
0.00128625,0.9774797885410158,-0.09720175543202852
0.0012875,0.9848751735371231,-0.09720175543202852
0.00128875,0.9811774810390694,-0.09618635661191197
0.00129,0.9774797885410158,-0.09686328915865633
0.00129125,0.9922705585332302,-0.0955094240651676
0.0012925,0.9774797885410158,-0.0955094240651676
0.00129375,0.9811774810390694,-0.09517095779179541
0.001295,0.9774797885410158,-0.09787868797877289
0.00129625,0.9774797885410158,-0.09618635661191197
0.0012975,0.9700844035449087,-0.09584789033853978
0.00129875,0.9737820960429623,-0.09347862642493449
0.0013,0.9700844035449087,-0.09415555897167886
0.00130125,0.9589913260507479,-0.09347862642493449
0.0013025,0.9589913260507479,-0.09347862642493449
0.00130375,0.9626890185488015,-0.09449402524505104
0.001305,0.9663867110468551,-0.09381709269830668
0.00130625,0.9515959410546407,-0.09280169387819012
0.0013075,0.9478982485565872,-0.09178629505807356
0.00130875,0.9515959410546407,-0.09280169387819012
0.00131,0.9368051710624264,-0.09246322760481794
0.00131125,0.9368051710624264,-0.09043242996458482
0.0013125,0.9368051710624264,-0.09178629505807356
0.00131375,0.9515959410546407,-0.09178629505807356
0.001315,0.9478982485565872,-0.09212476133144575
0.00131625,0.9331074785643728,-0.09144782878470138
0.0013175,0.9331074785643728,-0.09009396369121264
0.00131875,0.9257120935682657,-0.09077089623795702
0.00132,0.922014401070212,-0.0887400985977239
0.00132125,0.9109213235760514,-0.0890785648710961
0.0013225,0.9183167085721585,-0.08840163232435172
0.00132375,0.9183167085721585,-0.08806316605097954
0.001325,0.9183167085721585,-0.0887400985977239
0.00132625,0.9109213235760514,-0.0887400985977239
0.0013275,0.9072236310779977,-0.0887400985977239
0.00132875,0.8998282460818906,-0.08738623350423516
0.00133,0.8924328610857835,-0.08603236841074643
0.00133125,0.8850374760896762,-0.0867093009574908
0.0013325,0.896130553583837,-0.08603236841074643
0.00133375,0.8924328610857835,-0.08569390213737424
0.001335,0.8813397835916227,-0.0867093009574908
0.00133625,0.8850374760896762,-0.08467850331725769
0.0013375,0.8739443985955155,-0.0843400370438855
0.00133875,0.8665490135994083,-0.08298617195039677
0.00134,0.8554559361052476,-0.08366310449714114
0.00134125,0.8554559361052476,-0.08264770567702458
0.0013425,0.8554559361052476,-0.08298617195039677
0.00134375,0.8554559361052476,-0.08298617195039677
0.001345,0.8591536286033011,-0.08264770567702458
0.00134625,0.8554559361052476,-0.08095537431016366
0.0013475,0.8406651661130332,-0.08095537431016366
0.00134875,0.8295720886188724,-0.08061690803679147
0.00135,0.8406651661130332,-0.07993997549004711
0.00135125,0.8369674736149797,-0.07960150921667491
0.0013525,0.8295720886188724,-0.07892457666993055
0.00135375,0.8147813186266581,-0.07824764412318619
0.001355,0.8147813186266581,-0.07757071157644181
0.00135625,0.8110836261286045,-0.07790917784981399
0.0013575,0.8036882411324974,-0.07655531275632527
0.00135875,0.8036882411324974,-0.07723224530306963
0.00136,0.7962928561363902,-0.07790917784981399
0.00136125,0.7888974711402831,-0.07418604884271997
0.0013625,0.7741067011480688,-0.07520144766283653
0.00136375,0.7704090086500152,-0.07418604884271997
0.001365,0.7778043936461223,-0.07384758256934779
0.00136625,0.7851997786422295,-0.0735091162959756
0.0013675,0.7741067011480688,-0.0735091162959756
0.00136875,0.7556182386578009,-0.07215525120248686
0.00137,0.7519205461597472,-0.07147831865574249
0.00137125,0.7371297761675329,-0.07249371747585905
0.0013725,0.7482228536616936,-0.07147831865574249
0.00137375,0.7445251611636401,-0.07080138610899812
0.001375,0.7482228536616936,-0.06978598728888157
0.00137625,0.7149436211792114,-0.06877058846876502
0.0013775,0.7260366986733722,-0.06843212219539282
0.00137875,0.7260366986733722,-0.06843212219539282
0.00138,0.7223390061753185,-0.06809365592202064
0.00138125,0.7075482361831043,-0.0667397908285319
0.0013825,0.7075482361831043,-0.06572439200841536
0.00138375,0.7001528511869971,-0.06640132455515972
0.001385,0.6890597736928363,-0.06369359436818224
0.00138625,0.6853620811947827,-0.06504745946167098
0.0013875,0.6816643886967292,-0.06335512809481006
0.00138875,0.6779666961986756,-0.06335512809481006
0.00139,0.6668736187045148,-0.0623397292746935
0.00139125,0.655780541210354,-0.06200126300132132
0.0013925,0.6631759262064613,-0.06301666182143788
0.00139375,0.6483851562142469,-0.06064739790783258
0.001395,0.6409897712181397,-0.05997046536108822
0.00139625,0.6335943862220326,-0.05861660026759948
0.0013975,0.6335943862220326,-0.05760120144748292
0.00139875,0.6261990012259254,-0.05895506654097166
0.0014,0.6261990012259254,-0.05726273517411073
0.00140125,0.6151059237317646,-0.0579396677208551
0.0014025,0.6003151537395502,-0.05523193753387763
0.00140375,0.611408231233711,-0.05658580262736637
0.001405,0.6003151537395502,-0.05523193753387763
0.00140625,0.585524383747336,-0.05523193753387763
0.0014075,0.585524383747336,-0.05489347126050545
0.00140875,0.5744313062531752,-0.05218574107352797
0.00141,0.5707336137551217,-0.05252420734690015
0.00141125,0.5596405362609609,-0.05252420734690015
0.0014125,0.5596405362609609,-0.05184727480015579
0.00141375,0.5559428437629073,-0.05150880852678359
0.001415,0.5522451512648537,-0.05049340970666705
0.00141625,0.5485474587668001,-0.04913954461317831
0.0014175,0.5300589962765322,-0.04880107833980613
0.00141875,0.5300589962765322,-0.0471087469729452
0.00142,0.5189659187823714,-0.04677028069957301
0.00142125,0.5152682262843179,-0.04643181442620083
0.0014225,0.5078728412882106,-0.04541641560608428
0.00142375,0.5041751487901571,-0.04507794933271209
0.001425,0.4967797637940499,-0.04406255051259554
0.00142625,0.4893843787979428,-0.04440101678596772
0.0014275,0.478291301303782,-0.04304715169247898
0.00142875,0.4745936088057284,-0.04101635405224588
0.00143,0.4598028388135141,-0.04101635405224588
0.00143125,0.4598028388135141,-0.0403394215055015
0.0014325,0.4524074538174069,-0.03932402268538496
0.00143375,0.4450120688212998,-0.03932402268538496
0.001435,0.433918991327139,-0.03898555641201276
0.00143625,0.4302212988290854,-0.0383086238652684
0.0014375,0.4191282213349247,-0.03661629249840748
0.00143875,0.4117328363388175,-0.03661629249840748
0.00144,0.4080351438407639,-0.03526242740491874
0.00144125,0.3969420663466032,-0.03458549485817437
0.0014425,0.389546681350496,-0.03526242740491874
0.00144375,0.4006397588446567,-0.03323162976468563
0.001445,0.3858489888524425,-0.03289316349131345
0.00144625,0.3784536038563353,-0.03221623094456907
0.0014475,0.3747559113582817,-0.03153929839782471
0.00144875,0.3525697563699602,-0.03018543330433597
0.00145,0.3562674488680138,-0.02917003448421942
0.00145125,0.3340812938796923,-0.02917003448421942
0.0014525,0.3414766788757994,-0.02917003448421942
0.00145375,0.3414766788757994,-0.02747770311735849
0.001455,0.3303836013816387,-0.02680077057061412
0.00145625,0.3118951388913708,-0.02544690547712538
0.0014575,0.3044997538952636,-0.02646230429724194
0.00145875,0.3044997538952636,-0.02409304038363665
0.00146,0.2971043688991564,-0.02409304038363665
0.00146125,0.2897089839030492,-0.02172377647003135
0.0014625,0.2786159064088885,-0.02307764156352009
0.00146375,0.2749182139108349,-0.02172377647003135
0.001465,0.2601274439186206,-0.02003144510317043
0.00146625,0.2527320589225134,-0.02036991137654262
0.0014675,0.2490343664244598,-0.01935451255642606
0.00146875,0.2490343664244598,-0.01800064746293733
0.00147,0.2305459039341919,-0.01732371491619296
0.00147125,0.2194528264400311,-0.01664678236944859
0.0014725,0.2157551339419776,-0.01596984982270422
0.00147375,0.2157551339419776,-0.01563138354933203
0.001475,0.2083597489458704,-0.01427751845584329
0.00147625,0.1972666714517096,-0.01427751845584329
0.0014775,0.1824759014594953,-0.011908254542238
0.00147875,0.1750805164633882,-0.01224672081561019
0.00148,0.1713828239653346,-0.011908254542238
0.00148125,0.167685131467281,-0.01089285572212145
0.0014825,0.1565920539731202,-0.009538990628632709
0.00148375,0.1528943614750666,-0.009877456902004894
0.001485,0.1381035914828523,-0.00818512553514397
0.00148625,0.1344058989847987,-0.007169726715027417
0.0014875,0.1270105139886916,-0.006492794168283048
0.00148875,0.1270105139886916,-0.007169726715027417
0.00149,0.1196151289925844,-0.004123530254677756
0.00149125,0.1048243590003701,-0.004461996528049941
0.0014925,0.09742897400426288,-0.003785063981305571
0.00149375,0.08633589651010214,-0.002769665161189018
0.001495,0.07524281901594138,-0.002431198887816833
0.00149625,0.06414974152178063,-0.001415800067700279
0.0014975,0.06045204902372704,-6.19349742115409e-05
0.00149875,0.05675435652567346,0.0002765312991606437
0.0015,0.05305666402761988,0.001291930119277197
0.00150125,0.0493589715295663,0.00298426148613812
0.0015025,0.03826589403540554,0.00366119403288249
0.00150375,0.01977743154513762,0.003322727759510305
0.001505,0.008684354050976872,0.003322727759510305
0.00150625,0.01607973904708404,0.004676592852999043
0.0015075,-0.00240872344318388,0.005353525399743412
0.00150875,-0.009804108439291047,0.007045856766604335
0.00151,-0.01719949343539821,0.006707390493232151
0.00151125,-0.02459487843150538,0.009753586953581812
0.0015125,-0.03568795592566613,0.009753586953581812
0.00151375,-0.0430833409217733,0.009753586953581812
0.001515,-0.04678103341982689,0.01076898577369837
0.00151625,-0.05787411091398764,0.01110745204707055
0.0015175,-0.06157180341204122,0.0121228508671871
0.00151875,-0.05417641841593406,0.01246131714055929
0.00152,-0.07266488090620198,0.01483058105416458
0.00152125,-0.0911533433964699,0.0144921147807924
0.0015225,-0.08745565089841631,0.01584597987428113
0.00152375,-0.09485103589452348,0.01618444614765332
0.001525,-0.1059441133886842,0.01719984496776987
0.00152625,-0.1096418058867378,0.0165229124210255
0.0015275,-0.1244325758789522,0.01753831124114206
0.00152875,-0.1318279608750593,0.01923064260800298
0.00153,-0.1355256533731129,0.01990757515474735
0.00153125,-0.1392233458711665,0.02159990652160827
0.0015325,-0.1540141158633808,0.02363070416184138
0.00153375,-0.161409500859488,0.02227683906835264
0.001535,-0.161409500859488,0.02261530534172483
0.00153625,-0.1798979633497559,0.02363070416184138
0.0015375,-0.1872933483458631,0.02396917043521356
0.00153875,-0.1872933483458631,0.02566150180207449
0.00154,-0.2020841183380774,0.02701536689556323
0.00154125,-0.205781810836131,0.02667690062219104
0.0015425,-0.2131771958322382,0.02701536689556323
0.00154375,-0.2168748883302918,0.02803076571567978
0.001545,-0.2205725808283453,0.03006156335591289
0.00154625,-0.2279679658244525,0.0297230970825407
0.0015475,-0.2464564283147204,0.03107696217602944
0.00154875,-0.2538518133108276,0.03107696217602944
0.00155,-0.2575495058088811,0.03141542844940162
0.00155125,-0.2686425833030419,0.03310775981626254
0.0015525,-0.2612471983069348,0.0317538947227738
0.00155375,-0.2760379682991491,0.03581549000324002
0.001555,-0.294526430789417,0.03581549000324002
0.00155625,-0.2908287382913634,0.03615395627661221
0.0015575,-0.2982241232874706,0.03649242254998439
0.00155875,-0.3093172007816313,0.03750782137010095
0.00156,-0.3241079707738457,0.03716935509672877
0.00156125,-0.3315033557699528,0.03953861901033405
0.0015625,-0.33889874076606,0.03852322019021751
0.00156375,-0.3278056632718993,0.03953861901033405
0.001565,-0.3315033557699528,0.03987708528370625
0.00156625,-0.3499918182602207,0.04055401783045061
0.0015675,-0.3573872032563279,0.04123095037719497
0.00156875,-0.3684802807504887,0.04292328174405591
0.00157,-0.3869687432407566,0.04529254565766119
0.00157125,-0.3980618207349174,0.04495407938428901
0.0015725,-0.383271050742703,0.04563101193103337
0.00157375,-0.3906664357388102,0.04427714683754463
0.001575,-0.3943641282368638,0.04664641075114993
0.00157625,-0.3980618207349174,0.0473233432978943
0.0015775,-0.4165502832251853,0.04867720839138304
0.00157875,-0.427643360719346,0.04935414093812741
0.00158,-0.4350387457154532,0.0496926072114996
0.00158125,-0.4350387457154532,0.05003107348487178
0.0015825,-0.4424341307115603,0.04935414093812741
0.00158375,-0.4461318232096139,0.05070800603161614
0.001585,-0.4609225932018283,0.0517234048517327
0.00158625,-0.4646202856998818,0.05240033739847708
0.0015875,-0.472015670695989,0.05341573621859362
0.00158875,-0.4831087481901498,0.0537542024919658
0.00159,-0.4868064406882034,0.054092668765338
0.00159125,-0.490504133186257,0.05578500013219892
0.0015925,-0.5052949031784713,0.05578500013219892
0.00159375,-0.4978995181823641,0.05578500013219892
0.001595,-0.5126902881745784,0.05747733149905984
0.00159625,-0.5126902881745784,0.05713886522568766
0.0015975,-0.5237833656687392,0.0581542640458042
0.00159875,-0.5311787506648463,0.05849273031917639
0.0016,-0.5459695206570607,0.0605235279594095
0.00160125,-0.5459695206570607,0.06018506168603731
0.0016025,-0.5533649056531679,0.06187739305289824
0.00160375,-0.5459695206570607,0.06153892677952605
0.001605,-0.5644579831473286,0.06323125814638697
0.00160625,-0.5718533681434358,0.06356972441975915
0.0016075,-0.5755510606414894,0.06323125814638697
0.00160875,-0.5903418306337037,0.06390819069313135
0.00161,-0.5866441381356501,0.06492358951324789
0.00161125,-0.5940395231317573,0.06458512323987571
0.0016125,-0.5977372156298109,0.06627745460673663
0.00161375,-0.605132600625918,0.06627745460673663
0.001615,-0.6125279856220253,0.06763131970022537
0.00161625,-0.6162256781200788,0.06763131970022537
0.0016175,-0.6199233706181324,0.06864671852034193
0.00161875,-0.6347141406103467,0.06864671852034193
0.00162,-0.6384118331084003,0.07000058361383066
0.00162125,-0.6347141406103467,0.06966211734045848
0.0016225,-0.6310164481122932,0.0713544487073194
0.00162375,-0.6495049106025611,0.0713544487073194
0.001625,-0.6716910655908825,0.07203138125406378
0.00162625,-0.6716910655908825,0.07338524634755252
0.0016275,-0.6753887580889362,0.07236984752743596
0.00162875,-0.667993373092829,0.07236984752743596
0.00163,-0.6605979880967218,0.07304678007418032
0.00163125,-0.667993373092829,0.0737237126209247
0.0016325,-0.6975749130772576,0.07440064516766906
0.00163375,-0.7012726055753112,0.07541604398778562
0.001635,-0.7012726055753112,0.0777853079013909
0.00163625,-0.712365683069472,0.07744684162801872
0.0016375,-0.7197610680655792,0.07609297653452998
0.00163875,-0.7160633755675255,0.07643144280790218
0.00164,-0.7160633755675255,0.07676990908127436
0.00164125,-0.7271564530616863,0.0777853079013909
0.0016425,-0.7308541455597399,0.07846224044813528
0.00164375,-0.7419472230539007,0.07947763926825183
0.001645,-0.7308541455597399,0.07947763926825183
0.00164625,-0.7419472230539007,0.08150843690848494
0.0016475,-0.756737993046115,0.08083150436174057
0.00164875,-0.7678310705402758,0.08116997063511276
0.00165,-0.7530403005480614,0.07981610554162402
0.00165125,-0.756737993046115,0.08218536945522931
0.0016525,-0.7715287630383293,0.08286230200197368
0.00165375,-0.7641333780422221,0.08218536945522931
0.001655,-0.7715287630383293,0.08353923454871805
0.00165625,-0.7715287630383293,0.08455463336883461
0.0016575,-0.7863195330305437,0.08421616709546241
0.00165875,-0.7900172255285972,0.08421616709546241
0.00166,-0.8048079955208116,0.08557003218895115
0.00166125,-0.801110303022758,0.08489309964220679
0.0016625,-0.8122033805169188,0.08590849846232335
0.00166375,-0.8122033805169188,0.08726236355581207
0.001665,-0.8159010730149723,0.08726236355581207
0.00166625,-0.8232964580110795,0.08861622864930081
0.0016675,-0.8195987655130259,0.08793929610255645
0.00166875,-0.8269941505091331,0.08895469492267301
0.00167,-0.8343895355052402,0.08760082982918427
0.00167125,-0.8269941505091331,0.08827776237592863
0.0016725,-0.845482612999401,0.08929316119604519
0.00167375,-0.8417849205013475,0.08929316119604519
0.001675,-0.845482612999401,0.08929316119604519
0.00167625,-0.845482612999401,0.09098549256290611
0.0016775,-0.8528779979955081,0.09098549256290611
0.00167875,-0.8528779979955081,0.08997009374278955
0.00168,-0.8491803054974546,0.09166242510965047
0.00168125,-0.8639710754896689,0.09064702628953393
0.0016825,-0.8602733829916154,0.09200089138302266
0.00168375,-0.8750641529838297,0.09369322274988359
0.001685,-0.8787618454818833,0.09233935765639485
0.00168625,-0.871366460485776,0.09132395883627829
0.0016875,-0.8787618454818833,0.09267782392976703
0.00168875,-0.8787618454818833,0.09403168902325577
0.00169,-0.8824595379799368,0.09233935765639485
0.00169125,-0.871366460485776,0.0933547564765114
0.0016925,-0.8861572304779904,0.09369322274988359
0.00169375,-0.8935526154740976,0.09640095293686106
0.001695,-0.8972503079721512,0.09470862157000014
0.00169625,-0.9083433854663119,0.09504708784337232
0.0016975,-0.9046456929682584,0.09504708784337232
0.00169875,-0.9083433854663119,0.09606248666348888
0.0017,-0.9083433854663119,0.09538555411674451
0.00170125,-0.9120410779643655,0.09606248666348888
0.0017025,-0.9046456929682584,0.09470862157000014
0.00170375,-0.9083433854663119,0.09538555411674451
0.001705,-0.9083433854663119,0.0957240203901167
0.00170625,-0.9157387704624191,0.09741635175697762
0.0017075,-0.9231341554585263,0.09606248666348888
0.00170875,-0.9268318479565798,0.09877021685046636
0.00171,-0.9342272329526871,0.09606248666348888
0.00171125,-0.9342272329526871,0.09640095293686106
0.0017125,-0.9268318479565798,0.0977548180303498
0.00171375,-0.9342272329526871,0.09809328430372198
0.001715,-0.9268318479565798,0.09843175057709418
0.00171625,-0.9416226179487942,0.0977548180303498
0.0017175,-0.9342272329526871,0.0977548180303498
0.00171875,-0.952715695442955,0.09843175057709418
0.00172,-0.9453203104468477,0.09843175057709418
0.00172125,-0.9379249254507406,0.09843175057709418
0.0017225,-0.9379249254507406,0.09944714939721072
0.00172375,-0.9416226179487942,0.09944714939721072
0.001725,-0.9416226179487942,0.09809328430372198
0.00172625,-0.952715695442955,0.1001240819439551
0.0017275,-0.952715695442955,0.09944714939721072
0.00172875,-0.9638087729371156,0.09910868312383854
0.00173,-0.9638087729371156,0.0997856156705829
0.00173125,-0.9564133879410085,0.1001240819439551
0.0017325,-0.9564133879410085,0.09877021685046636
0.00173375,-0.9453203104468477,0.1004625482173273
0.001735,-0.9453203104468477,0.09809328430372198
0.00173625,-0.9453203104468477,0.09843175057709418
0.0017375,-0.9638087729371156,0.0997856156705829
0.00173875,-0.9564133879410085,0.0997856156705829
0.00174,-0.952715695442955,0.1001240819439551
0.00174125,-0.9675064654351693,0.1004625482173273
0.0017425,-0.9601110804390621,0.1001240819439551
0.00174375,-0.9601110804390621,0.09944714939721072
0.001745,-0.9564133879410085,0.1004625482173273
0.00174625,-0.9675064654351693,0.1001240819439551
0.0017475,-0.9453203104468477,0.09910868312383854
0.00174875,-0.952715695442955,0.09944714939721072
0.00175,-0.9601110804390621,0.1004625482173273
0.00175125,-0.9638087729371156,0.1011394807640716
0.0017525,-0.9638087729371156,0.1001240819439551
0.00175375,-0.9638087729371156,0.1001240819439551
0.001755,-0.9601110804390621,0.1001240819439551
0.00175625,-0.9601110804390621,0.09910868312383854
0.0017575,-0.952715695442955,0.0997856156705829
0.00175875,-0.9638087729371156,0.1004625482173273
0.00176,-0.9564133879410085,0.1004625482173273
0.00176125,-0.9638087729371156,0.09843175057709418
0.0017625,-0.97859954292933,0.09944714939721072
0.00176375,-0.9712041579332229,0.1001240819439551
0.001765,-0.9675064654351693,0.1004625482173273
0.00176625,-0.9564133879410085,0.0997856156705829
0.0017675,-0.9564133879410085,0.09944714939721072
0.00176875,-0.9601110804390621,0.09910868312383854
0.00177,-0.9601110804390621,0.09910868312383854
0.00177125,-0.9564133879410085,0.0997856156705829
0.0017725,-0.9564133879410085,0.09944714939721072
0.00177375,-0.952715695442955,0.09877021685046636
0.001775,-0.952715695442955,0.09843175057709418
0.00177625,-0.9675064654351693,0.09910868312383854
0.0017775,-0.9601110804390621,0.09910868312383854
0.00177875,-0.9601110804390621,0.09877021685046636
0.00178,-0.9564133879410085,0.09809328430372198
0.00178125,-0.9601110804390621,0.09673941921023324
0.0017825,-0.9490180029449014,0.0977548180303498
0.00178375,-0.9416226179487942,0.09809328430372198
0.001785,-0.9379249254507406,0.09741635175697762
0.00178625,-0.9490180029449014,0.09877021685046636
0.0017875,-0.9453203104468477,0.0977548180303498
0.00178875,-0.952715695442955,0.09673941921023324
0.00179,-0.9379249254507406,0.09606248666348888
0.00179125,-0.9416226179487942,0.09606248666348888
0.0017925,-0.9342272329526871,0.09741635175697762
0.00179375,-0.9379249254507406,0.09741635175697762
0.001795,-0.9231341554585263,0.0957240203901167
0.00179625,-0.9305295404546334,0.09640095293686106
0.0017975,-0.9305295404546334,0.09673941921023324
0.00179875,-0.9342272329526871,0.09606248666348888
0.0018,-0.9231341554585263,0.09504708784337232
0.00180125,-0.9231341554585263,0.09437015529662796
0.0018025,-0.9157387704624191,0.09403168902325577
0.00180375,-0.9231341554585263,0.09470862157000014
0.001805,-0.9157387704624191,0.09437015529662796
0.00180625,-0.9194364629604727,0.09437015529662796
0.0018075,-0.9120410779643655,0.0933547564765114
0.00180875,-0.9009480004702047,0.09369322274988359
0.00181,-0.8972503079721512,0.09233935765639485
0.00181125,-0.8935526154740976,0.09132395883627829
0.0018125,-0.9046456929682584,0.09233935765639485
0.00181375,-0.8972503079721512,0.09301629020313922
0.001815,-0.8972503079721512,0.09166242510965047
0.00181625,-0.889854922976044,0.09267782392976703
0.0018175,-0.8861572304779904,0.09098549256290611
0.00181875,-0.889854922976044,0.09030856001616173
0.00182,-0.871366460485776,0.09098549256290611
0.00182125,-0.8787618454818833,0.08963162746941737
0.0018225,-0.8676687679877225,0.09030856001616173
0.00182375,-0.8750641529838297,0.08929316119604519
0.001825,-0.8676687679877225,0.08861622864930081
0.00182625,-0.8676687679877225,0.08861622864930081
0.0018275,-0.871366460485776,0.08793929610255645
0.00182875,-0.8565756904935617,0.08692389728243989
0.00183,-0.8491803054974546,0.08692389728243989
0.00183125,-0.8380872280032938,0.08658543100906771
0.0018325,-0.8380872280032938,0.08658543100906771
0.00183375,-0.8528779979955081,0.08793929610255645
0.001835,-0.8306918430071867,0.08557003218895115
0.00183625,-0.8380872280032938,0.08489309964220679
0.0018375,-0.8232964580110795,0.08557003218895115
0.00183875,-0.8343895355052402,0.08489309964220679
0.00184,-0.8269941505091331,0.08387770082209023
0.00184125,-0.8269941505091331,0.08421616709546241
0.0018425,-0.8232964580110795,0.08387770082209023
0.00184375,-0.8159010730149723,0.08353923454871805
0.001845,-0.8048079955208116,0.08320076827534587
0.00184625,-0.8085056880188651,0.08218536945522931
0.0018475,-0.7974126105247044,0.08150843690848494
0.00184875,-0.7974126105247044,0.08116997063511276
0.00185,-0.7937149180266508,0.07981610554162402
0.00185125,-0.7863195330305437,0.07981610554162402
0.0018525,-0.7863195330305437,0.07913917299487964
0.00185375,-0.7789241480344365,0.07947763926825183
0.001855,-0.7826218405324901,0.07947763926825183
0.00185625,-0.7641333780422221,0.0781237741747631
0.0018575,-0.7678310705402758,0.0781237741747631
0.00185875,-0.7456449155519542,0.07710837535464654
0.00186,-0.7419472230539007,0.0757545102611578
0.00186125,-0.7530403005480614,0.0757545102611578
0.0018625,-0.7641333780422221,0.07643144280790218
0.00186375,-0.7493426080500079,0.0757545102611578
0.001865,-0.7530403005480614,0.07507757771441344
0.00186625,-0.712365683069472,0.07236984752743596
0.0018675,-0.7049702980733649,0.07304678007418032
0.00186875,-0.712365683069472,0.0737237126209247
0.00187,-0.712365683069472,0.07236984752743596
0.00187125,-0.7086679905714184,0.07270831380080814
0.0018725,-0.6975749130772576,0.07101598243394722
0.00187375,-0.7012726055753112,0.07000058361383066
0.001875,-0.6975749130772576,0.07067751616057504
0.00187625,-0.6975749130772576,0.07033904988720285
0.0018775,-0.6827841430850433,0.06966211734045848
0.00187875,-0.6716910655908825,0.06763131970022537
0.00188,-0.6716910655908825,0.06729285342685319
0.00188125,-0.667993373092829,0.06796978597359755
0.0018825,-0.6569002955986682,0.06796978597359755
0.00188375,-0.6642956805947754,0.06661592088010881
0.001885,-0.6532026031006146,0.06661592088010881
0.00188625,-0.6421095256064538,0.06458512323987571
0.0018875,-0.6310164481122932,0.06289279187301479
0.00188875,-0.6310164481122932,0.06356972441975915
0.00189,-0.6273187556142396,0.06356972441975915
0.00189125,-0.6236210631161859,0.06255432559964261
0.0018925,-0.6125279856220253,0.06221585932627043
0.00189375,-0.6125279856220253,0.0605235279594095
0.001895,-0.605132600625918,0.06153892677952605
0.00189625,-0.5940395231317573,0.0605235279594095
0.0018975,-0.5903418306337037,0.05849273031917639
0.00189875,-0.5792487531395429,0.05916966286592076
0.0019,-0.5755510606414894,0.05747733149905984
0.00190125,-0.5718533681434358,0.05713886522568766
0.0019025,-0.5681556756453822,0.05713886522568766
0.00190375,-0.5718533681434358,0.05781579777243202
0.001905,-0.5533649056531679,0.05544653385882672
0.00190625,-0.5459695206570607,0.05443113503871018
0.0019075,-0.5311787506648463,0.05307726994522144
0.00190875,-0.5348764431629,0.05510806758545454
0.00191,-0.5237833656687392,0.05307726994522144
0.00191125,-0.5237833656687392,0.05206187112510488
0.0019125,-0.5126902881745784,0.05240033739847708
0.00191375,-0.5089925956765249,0.05104647230498834
0.001915,-0.5126902881745784,0.05138493857836052
0.00191625,-0.4942018256843105,0.05003107348487178
0.0019175,-0.4831087481901498,0.04833874211801086
0.00191875,-0.4794110556920962,0.04867720839138304
0.00192,-0.4646202856998818,0.04833874211801086
0.00192125,-0.4794110556920962,0.0473233432978943
0.0019225,-0.4609225932018283,0.04596947820440556
0.00192375,-0.4572249007037747,0.04461561311091683
0.001925,-0.4535272082057211,0.04596947820440556
0.00192625,-0.4424341307115603,0.04529254565766119
0.0019275,-0.4313410532173996,0.04326174801742809
0.00192875,-0.4202479757232389,0.04326174801742809
0.00193,-0.4202479757232389,0.04224634919731153
0.00193125,-0.4128525907271317,0.04123095037719497
0.0019325,-0.4091548982290781,0.04021555155707843
0.00193375,-0.4017595132329709,0.04055401783045061
0.001935,-0.3943641282368638,0.03953861901033405
0.00193625,-0.3869687432407566,0.03886168646358969
0.0019375,-0.3758756657465959,0.03683088882335658
0.00193875,-0.3647825882524351,0.03716935509672877
0.00194,-0.3721779732485423,0.03683088882335658
0.00194125,-0.3573872032563279,0.03547702372986784
0.0019425,-0.3425964332641136,0.03446162490975128
0.00194375,-0.3315033557699528,0.03446162490975128
0.001945,-0.3241079707738457,0.03310775981626254
0.00194625,-0.3462941257621672,0.03276929354289036
0.0019475,-0.3130148932796849,0.03073849590265726
0.00194875,-0.3241079707738457,0.03141542844940162
0.00195,-0.3019218157855242,0.03073849590265726
0.00195125,-0.2871310457933098,0.0297230970825407
0.0019525,-0.2871310457933098,0.02938463080916852
0.00195375,-0.2834333532952563,0.02904616453579633
0.001955,-0.2760379682991491,0.02769229944230759
0.00195625,-0.2760379682991491,0.02735383316893541
0.0019575,-0.2760379682991491,0.02599996807544667
0.00195875,-0.2686425833030419,0.02667690062219104
0.00196,-0.2464564283147204,0.02430763670858575
0.00196125,-0.2390610433186132,0.02363070416184138
0.0019625,-0.2353633508205597,0.02295377161509701
0.00196375,-0.2316656583225061,0.02227683906835264
0.001965,-0.2279679658244525,0.0209229739748639
0.00196625,-0.1983864258400238,0.0209229739748639
0.0019675,-0.1983864258400238,0.01956910888137517
0.00196875,-0.2020841183380774,0.01956910888137517
0.00197,-0.1835956558478095,0.01787677751451424
0.00197125,-0.1872933483458631,0.01719984496776987
0.0019725,-0.1688048858555952,0.01753831124114206
0.00197375,-0.1651071933575416,0.01618444614765332
0.001975,-0.1540141158633808,0.01686137869439769
0.00197625,-0.1466187308672736,0.01483058105416458
0.0019775,-0.1392233458711665,0.01313824968730366
0.00197875,-0.1392233458711665,0.01313824968730366
0.00198,-0.1318279608750593,0.01246131714055929
0.00198125,-0.1133394983847914,0.01076898577369837
0.0019825,-0.1096418058867378,0.01076898577369837
0.00198375,-0.1059441133886842,0.009076654406837442
0.001985,-0.1059441133886842,0.009076654406837442
0.00198625,-0.09485103589452348,0.008399721860093074
0.0019875,-0.08375795840036272,0.007722789313348704
0.00198875,-0.08375795840036272,0.006707390493232151
0.00199,-0.06157180341204122,0.006707390493232151
0.00199125,-0.05787411091398764,0.005353525399743412
0.0019925,-0.05047872591788047,0.004338126579626859
0.00199375,-0.03938564842371972,0.003999660306254674
0.001995,-0.04678103341982689,0.002645795212765936
0.00199625,-0.03199026342761255,0.002307328939393751
0.0019975,-0.0208971859334518,0.002645795212765936
0.00199875,-0.0208971859334518,0.0002765312991606437
0.002,-0.01350180093734463,-0.0007388675209559101
0.00200125,-0.00240872344318388,-0.001077333794328095
0.0020025,0.01607973904708404,-0.002092732614444648
0.00200375,0.01238204654903046,-0.003446597707933387
0.002005,0.02347512404319121,-0.003446597707933387
0.00200625,0.04196358653345913,-0.004800462801422125
0.0020075,0.04196358653345913,-0.005815861621538678
0.00200875,0.06045204902372704,-0.005477395348166494
0.00201,0.05675435652567346,-0.006154327894910864
0.00201125,0.07894051151399496,-0.007508192988399602
0.0020125,0.06784743401983422,-0.008523591808516156
0.00201375,0.0715451265178878,-0.009200524355260524
0.002015,0.07894051151399496,-0.01089285572212145
0.00201625,0.1011266665023165,-0.01123132199549363
0.0020175,0.1011266665023165,-0.01156978826886582
0.00201875,0.1159174364945308,-0.01123132199549363
0.00202,0.1159174364945308,-0.01360058590909892
0.00202125,0.1381035914828523,-0.01427751845584329
0.0020225,0.1344058989847987,-0.01495445100258766
0.00202375,0.1418012839809059,-0.01529291727595985
0.002025,0.1381035914828523,-0.01529291727595985
0.00202625,0.1602897464711738,-0.01563138354933203
0.0020275,0.1565920539731202,-0.01766218118956514
0.00202875,0.1750805164633882,-0.01969297882979825
0.00203,0.1824759014594953,-0.01833911373630951
0.00203125,0.1935689789536561,-0.02003144510317043
0.0020325,0.1935689789536561,-0.0207083776499148
0.00203375,0.212057441443924,-0.02273917529014791
0.002035,0.2046620564478168,-0.02240070901677572
0.00203625,0.2194528264400311,-0.02273917529014791
0.0020375,0.2157551339419776,-0.02307764156352009
0.00203875,0.2157551339419776,-0.02409304038363665
0.00204,0.2453366739264062,-0.02578537175049757
0.00204125,0.2601274439186206,-0.02680077057061412
0.0020425,0.2638251364166742,-0.02713923684398631
0.00204375,0.2675228289147277,-0.02849310193747505
0.002045,0.2786159064088885,-0.02917003448421942
0.00204625,0.2712205214127813,-0.02815463566410286
0.0020475,0.2897089839030492,-0.0295085007575916
0.00204875,0.2860112914049956,-0.03052389957770815
0.00205,0.2934066764011029,-0.03153929839782471
0.00205125,0.3081974463933171,-0.03187776467119689
0.0020525,0.3081974463933171,-0.03255469721794126
0.00205375,0.3266859088835851,-0.03390856231143
0.002055,0.3266859088835851,-0.03390856231143
0.00205625,0.3414766788757994,-0.03458549485817437
0.0020575,0.3377789863777458,-0.03593935995166311
0.00205875,0.3525697563699602,-0.03797015759189622
0.00206,0.3562674488680138,-0.03864709013864058
0.00206125,0.3673605263621745,-0.03898555641201276
0.0020625,0.3747559113582817,-0.03729322504515184
0.00206375,0.3858489888524425,-0.03864709013864058
0.002065,0.3858489888524425,-0.04000095523212932
0.00206625,0.3969420663466032,-0.0406778877788737
0.0020675,0.4043374513427103,-0.04169328659899024
0.00206875,0.4080351438407639,-0.0427086854191068
0.00207,0.4228259138329782,-0.04372408423922335
0.00207125,0.4228259138329782,-0.04338561796585116
0.0020725,0.4302212988290854,-0.04406255051259554
0.00207375,0.4302212988290854,-0.04440101678596772
0.002075,0.4413143763232462,-0.04507794933271209
0.00207625,0.4524074538174069,-0.04541641560608428
0.0020775,0.4561051463154605,-0.04744721324631739
0.00207875,0.4745936088057284,-0.04880107833980613
0.00208,0.4819889938018356,-0.04812414579306175
0.00208125,0.478291301303782,-0.04913954461317831
0.0020825,0.4856866862998892,-0.05049340970666705
0.00208375,0.4856866862998892,-0.05015494343329487
0.002085,0.4893843787979428,-0.05049340970666705
0.00208625,0.5041751487901571,-0.05150880852678359
0.0020875,0.5115705337862643,-0.05286267362027233
0.00208875,0.5152682262843179,-0.05387807244038889
0.00209,0.5300589962765322,-0.05353960616701671
0.00209125,0.5374543812726393,-0.05624733635399418
0.0020925,0.541152073770693,-0.05523193753387763
0.00209375,0.5374543812726393,-0.05590887008062199
0.002095,0.5448497662687465,-0.05624733635399418
0.00209625,0.5559428437629073,-0.05590887008062199
0.0020975,0.5707336137551217,-0.05895506654097166
0.00209875,0.5744313062531752,-0.05929353281434384
0.0021,0.5818266912492823,-0.05929353281434384
0.00210125,0.5744313062531752,-0.05861660026759948
0.0021025,0.5818266912492823,-0.05997046536108822
0.00210375,0.6040128462376039,-0.06098586418120476
0.002105,0.611408231233711,-0.06301666182143788
0.00210625,0.6225013087278718,-0.06166279672794914
0.0021075,0.6151059237317646,-0.0623397292746935
0.00210875,0.6261990012259254,-0.06369359436818224
0.00211,0.6298966937239789,-0.06335512809481006
0.00211125,0.6225013087278718,-0.06437052691492662
0.0021125,0.6409897712181397,-0.06437052691492662
0.00211375,0.6409897712181397,-0.06572439200841536
0.002115,0.6520828487123005,-0.06606285828178754
0.00211625,0.655780541210354,-0.0667397908285319
0.0021175,0.6705713112025684,-0.06775518964864846
0.00211875,0.6742690037006219,-0.06877058846876502
0.00212,0.6816643886967292,-0.06809365592202064
0.00212125,0.6853620811947827,-0.0691090547421372
0.0021225,0.6853620811947827,-0.06944752101550938
0.00212375,0.6816643886967292,-0.07181678492911468
0.002125,0.7001528511869971,-0.07215525120248686
0.00212625,0.7112459286811578,-0.07215525120248686
0.0021275,0.7297343911714257,-0.07283218374923123
0.00212875,0.7112459286811578,-0.07181678492911468
0.00213,0.7112459286811578,-0.07181678492911468
0.00213125,0.718641313677265,-0.07283218374923123
0.0021325,0.7223390061753185,-0.07486298138946433
0.00213375,0.7408274686655865,-0.07486298138946433
0.002135,0.7445251611636401,-0.07655531275632527
0.00213625,0.7482228536616936,-0.07553991393620871
0.0021375,0.7556182386578009,-0.07621684648295307
0.00213875,0.7704090086500152,-0.07689377902969745
0.00214,0.7519205461597472,-0.07689377902969745
0.00214125,0.7667113161519615,-0.07723224530306963
0.0021425,0.7667113161519615,-0.07858611039655837
0.00214375,0.7704090086500152,-0.07926304294330273
0.002145,0.7851997786422295,-0.07892457666993055
0.00214625,0.7962928561363902,-0.07926304294330273
0.0021475,0.7999905486344439,-0.08027844176341929
0.00214875,0.7925951636383366,-0.08027844176341929
0.00215,0.8036882411324974,-0.08163230685690803
0.00215125,0.8036882411324974,-0.08197077313028021
0.0021525,0.8110836261286045,-0.08061690803679147
0.00215375,0.8184790111247118,-0.08197077313028021
0.002155,0.8110836261286045,-0.08095537431016366
0.00215625,0.8184790111247118,-0.08332463822376895
0.0021575,0.8295720886188724,-0.08366310449714114
0.00215875,0.8443628586110868,-0.0843400370438855
0.00216,0.8443628586110868,-0.08400157077051332
0.00216125,0.851758243607194,-0.08569390213737424
0.0021625,0.8480605511091404,-0.08637083468411862
0.00216375,0.8480605511091404,-0.0867093009574908
0.002165,0.851758243607194,-0.08569390213737424
0.00216625,0.8665490135994083,-0.08535543586400206
0.0021675,0.8628513211013548,-0.08637083468411862
0.00216875,0.8702467060974619,-0.08704776723086298
0.00217,0.8739443985955155,-0.08772469977760736
0.00217125,0.8665490135994083,-0.08806316605097954
0.0021725,0.8850374760896762,-0.08840163232435172
0.00217375,0.8739443985955155,-0.08840163232435172
0.002175,0.8739443985955155,-0.0887400985977239
0.00217625,0.8924328610857835,-0.09009396369121264
0.0021775,0.896130553583837,-0.08941703114446828
0.00217875,0.9035259385799441,-0.09043242996458482
0.00218,0.9035259385799441,-0.09043242996458482
0.00218125,0.9072236310779977,-0.09077089623795702
0.0021825,0.9146190160741049,-0.09280169387819012
0.00218375,0.9072236310779977,-0.09212476133144575
0.002185,0.9072236310779977,-0.09178629505807356
0.00218625,0.9109213235760514,-0.09144782878470138
0.0021875,0.9183167085721585,-0.09246322760481794
0.00218875,0.9183167085721585,-0.09280169387819012
0.00219,0.9331074785643728,-0.09246322760481794
0.00219125,0.9257120935682657,-0.0931401601515623
0.0021925,0.9257120935682657,-0.09381709269830668
0.00219375,0.9368051710624264,-0.09381709269830668
0.002195,0.9368051710624264,-0.09415555897167886
0.00219625,0.9331074785643728,-0.09381709269830668
0.0021975,0.94050286356048,-0.09415555897167886
0.00219875,0.9442005560585336,-0.0955094240651676
0.0022,0.9515959410546407,-0.0955094240651676
0.00220125,0.9589913260507479,-0.09415555897167886
0.0022025,0.9515959410546407,-0.09449402524505104
0.00220375,0.9552936335526944,-0.09483249151842323
0.002205,0.9515959410546407,-0.09652482288528415
0.00220625,0.9663867110468551,-0.09754022170540071
0.0022075,0.9589913260507479,-0.09584789033853978
0.00220875,0.9663867110468551,-0.09652482288528415
0.00221,0.9626890185488015,-0.09652482288528415
0.00221125,0.9700844035449087,-0.09686328915865633
0.0022125,0.9700844035449087,-0.09720175543202852
0.00221375,0.9848751735371231,-0.09821715425214507
0.002215,0.9811774810390694,-0.09720175543202852
0.00221625,0.9774797885410158,-0.09787868797877289
0.0022175,0.9774797885410158,-0.09686328915865633
0.00221875,0.9848751735371231,-0.09821715425214507
0.00222,0.9885728660351766,-0.09821715425214507
0.00222125,0.9811774810390694,-0.09754022170540071
0.0022225,0.9922705585332302,-0.09821715425214507
0.00222375,0.9885728660351766,-0.09889408679888945
0.002225,0.9959682510312837,-0.09889408679888945
0.00222625,0.9885728660351766,-0.09889408679888945
0.0022275,0.9959682510312837,-0.09889408679888945
0.00222875,0.9959682510312837,-0.09957101934563381
0.00223,0.9922705585332302,-0.09821715425214507
0.00223125,0.9996659435293372,-0.09923255307226163
0.0022325,1.003363636027391,-0.09889408679888945
0.00223375,1.003363636027391,-0.09923255307226163
0.002235,1.003363636027391,-0.09923255307226163
0.00223625,1.007061328525444,-0.09957101934563381
0.0022375,0.9996659435293372,-0.09957101934563381
0.00223875,0.9922705585332302,-0.09889408679888945
0.00224,0.9922705585332302,-0.09855562052551727
0.00224125,0.9922705585332302,-0.09889408679888945
0.0022425,1.003363636027391,-0.09923255307226163
0.00224375,1.014456713521552,-0.09957101934563381
0.002245,1.007061328525444,-0.09855562052551727
0.00224625,1.003363636027391,-0.1009248844391226
0.0022475,1.014456713521552,-0.09889408679888945
0.00224875,1.007061328525444,-0.1009248844391226
0.00225,1.007061328525444,-0.09686328915865633
0.00225125,0.9996659435293372,-0.09957101934563381
0.0022525,1.003363636027391,-0.09957101934563381
0.00225375,1.010759021023498,-0.09990948561900599
0.002255,1.007061328525444,-0.09855562052551727
0.00225625,0.9996659435293372,-0.09957101934563381
0.0022575,1.003363636027391,-0.09855562052551727
0.00225875,1.003363636027391,-0.09957101934563381
0.00226,1.003363636027391,-0.1005864181657504
0.00226125,1.003363636027391,-0.09889408679888945
0.0022625,1.007061328525444,-0.09787868797877289
0.00226375,1.007061328525444,-0.09990948561900599
0.002265,1.010759021023498,-0.09923255307226163
0.00226625,1.010759021023498,-0.09923255307226163
0.0022675,0.9996659435293372,-0.09889408679888945
0.00226875,0.9959682510312837,-0.09855562052551727
0.00227,0.9959682510312837,-0.09889408679888945
0.00227125,0.9959682510312837,-0.09821715425214507
0.0022725,0.9996659435293372,-0.09889408679888945
0.00227375,0.9996659435293372,-0.09787868797877289
0.002275,0.9885728660351766,-0.09855562052551727
0.00227625,1.007061328525444,-0.09821715425214507
0.0022775,0.9959682510312837,-0.09754022170540071
0.00227875,0.9922705585332302,-0.09787868797877289
0.00228,0.9959682510312837,-0.09754022170540071
0.00228125,0.9922705585332302,-0.09787868797877289
0.0022825,0.9922705585332302,-0.09889408679888945
0.00228375,0.9922705585332302,-0.09754022170540071
0.002285,0.9959682510312837,-0.09720175543202852
0.00228625,0.9996659435293372,-0.09754022170540071
0.0022875,0.9922705585332302,-0.09686328915865633
0.00228875,0.9811774810390694,-0.09584789033853978
0.00229,0.9700844035449087,-0.09584789033853978
0.00229125,0.9663867110468551,-0.0955094240651676
0.0022925,0.9774797885410158,-0.09517095779179541
0.00229375,0.9774797885410158,-0.09584789033853978
0.002295,0.9737820960429623,-0.09415555897167886
0.00229625,0.9811774810390694,-0.0955094240651676
0.0022975,0.9848751735371231,-0.09483249151842323
0.00229875,0.9663867110468551,-0.09415555897167886
0.0023,0.9663867110468551,-0.09483249151842323
0.00230125,0.9626890185488015,-0.09415555897167886
0.0023025,0.9626890185488015,-0.09381709269830668
0.00230375,0.9515959410546407,-0.09280169387819012
0.002305,0.9552936335526944,-0.09381709269830668
0.00230625,0.9552936335526944,-0.09280169387819012
0.0023075,0.9552936335526944,-0.09280169387819012
0.00230875,0.9589913260507479,-0.09246322760481794
0.00231,0.9442005560585336,-0.09246322760481794
0.00231125,0.94050286356048,-0.09178629505807356
0.0023125,0.9294097860663193,-0.09178629505807356
0.00231375,0.9478982485565872,-0.09144782878470138
0.002315,0.9368051710624264,-0.09144782878470138
0.00231625,0.94050286356048,-0.09077089623795702
0.0023175,0.9294097860663193,-0.09077089623795702
0.00231875,0.922014401070212,-0.0887400985977239
0.00232,0.922014401070212,-0.09077089623795702
0.00232125,0.9257120935682657,-0.09009396369121264
0.0023225,0.9183167085721585,-0.08941703114446828
0.00232375,0.9183167085721585,-0.08806316605097954
0.002325,0.9146190160741049,-0.08772469977760736
0.00232625,0.8998282460818906,-0.08704776723086298
0.0023275,0.8998282460818906,-0.0867093009574908
0.00232875,0.9072236310779977,-0.08806316605097954
0.00233,0.9072236310779977,-0.08738623350423516
0.00233125,0.896130553583837,-0.0867093009574908
0.0023325,0.8887351685877298,-0.08603236841074643
0.00233375,0.8850374760896762,-0.08501696959062988
0.002335,0.8702467060974619,-0.08332463822376895
0.00233625,0.8665490135994083,-0.08501696959062988
0.0023375,0.8813397835916227,-0.08535543586400206
0.00233875,0.8776420910935691,-0.08400157077051332
0.00234,0.8628513211013548,-0.0843400370438855
0.00234125,0.8739443985955155,-0.08332463822376895
0.0023425,0.8665490135994083,-0.08298617195039677
0.00234375,0.8554559361052476,-0.0823092394036524
0.002345,0.8480605511091404,-0.08197077313028021
0.00234625,0.8480605511091404,-0.08061690803679147
0.0023475,0.8443628586110868,-0.08061690803679147
0.00234875,0.8332697811169261,-0.07993997549004711
0.00235,0.8258743961208189,-0.07926304294330273
0.00235125,0.8258743961208189,-0.07892457666993055
0.0023525,0.8147813186266581,-0.07993997549004711
0.00235375,0.8295720886188724,-0.07926304294330273
0.002355,0.8184790111247118,-0.07824764412318619
0.00235625,0.8147813186266581,-0.07621684648295307
0.0023575,0.8036882411324974,-0.07689377902969745
0.00235875,0.7962928561363902,-0.07655531275632527
0.00236,0.7962928561363902,-0.07587838020958089
0.00236125,0.7999905486344439,-0.07587838020958089
0.0023625,0.7999905486344439,-0.07553991393620871
0.00236375,0.7815020861441759,-0.07520144766283653
0.002365,0.7778043936461223,-0.07418604884271997
0.00236625,0.7593159311558544,-0.07283218374923123
0.0023675,0.7667113161519615,-0.07283218374923123
0.00236875,0.7593159311558544,-0.07181678492911468
0.00237,0.7482228536616936,-0.07181678492911468
0.00237125,0.7556182386578009,-0.07215525120248686
0.0023725,0.7593159311558544,-0.06978598728888157
0.00237375,0.7408274686655865,-0.07113985238237031
0.002375,0.7408274686655865,-0.07012445356225375
0.00237625,0.7297343911714257,-0.06809365592202064
0.0023775,0.7223390061753185,-0.06809365592202064
0.00237875,0.7223390061753185,-0.06843212219539282
0.00238,0.7149436211792114,-0.06809365592202064
0.00238125,0.6964551586889435,-0.0670782571019041
0.0023825,0.7038505436850506,-0.06741672337527628
0.00238375,0.7075482361831043,-0.06741672337527628
0.002385,0.7001528511869971,-0.06572439200841536
0.00238625,0.6890597736928363,-0.06437052691492662
0.0023875,0.6816643886967292,-0.0626781955480657
0.00238875,0.6668736187045148,-0.06301666182143788
0.00239,0.6594782337084076,-0.06335512809481006
0.00239125,0.6594782337084076,-0.06200126300132132
0.0023925,0.655780541210354,-0.06132433045457696
0.00239375,0.6483851562142469,-0.05997046536108822
0.002395,0.6335943862220326,-0.05861660026759948
0.00239625,0.6372920787200861,-0.05929353281434384
0.0023975,0.6409897712181397,-0.05929353281434384
0.00239875,0.6335943862220326,-0.05861660026759948
0.0024,0.6261990012259254,-0.05760120144748292
0.00240125,0.6151059237317646,-0.05726273517411073
0.0024025,0.6040128462376039,-0.05658580262736637
0.00240375,0.5966174612414967,-0.05658580262736637
0.002405,0.6003151537395502,-0.05523193753387763
0.00240625,0.5929197687434431,-0.05455500498713325
0.0024075,0.585524383747336,-0.05421653871376107
0.00240875,0.5781289987512288,-0.05252420734690015
0.00241,0.5633382287590144,-0.05083187598003923
0.00241125,0.5559428437629073,-0.05117034225341141
0.0024125,0.5485474587668001,-0.05117034225341141
0.00241375,0.5485474587668001,-0.04981647715992267
0.002415,0.5448497662687465,-0.04981647715992267
0.00241625,0.5448497662687465,-0.05015494343329487
0.0024175,0.5337566887745858,-0.04778567951968957
0.00241875,0.5300589962765322,-0.04812414579306175
0.00242,0.5263613037784786,-0.04643181442620083
0.00242125,0.5041751487901571,-0.04575488187945646
0.0024225,0.5004774562921035,-0.04609334815282864
0.00242375,0.5041751487901571,-0.04575488187945646
0.002425,0.4856866862998892,-0.04372408423922335
0.00242625,0.4856866862998892,-0.04338561796585116
0.0024275,0.4819889938018356,-0.04406255051259554
0.00242875,0.4708959163076749,-0.0427086854191068
0.00243,0.4635005313115677,-0.04237021914573462
0.00243125,0.4524074538174069,-0.0406778877788737
0.0024325,0.4450120688212998,-0.0406778877788737
0.00243375,0.4413143763232462,-0.03966248895875714
0.002435,0.4450120688212998,-0.03797015759189622
0.00243625,0.4265236063310319,-0.03695475877177966
0.0024375,0.4154305288368711,-0.03797015759189622
0.00243875,0.4154305288368711,-0.03797015759189622
0.00244,0.4080351438407639,-0.03560089367829092
0.00244125,0.3969420663466032,-0.03492396113154655
0.0024425,0.389546681350496,-0.03255469721794126
0.00244375,0.3821512963543888,-0.03323162976468563
0.002445,0.3747559113582817,-0.03323162976468563
0.00244625,0.3747559113582817,-0.03221623094456907
0.0024475,0.3599651413660673,-0.03086236585108034
0.00244875,0.3562674488680138,-0.03052389957770815
0.00245,0.3525697563699602,-0.03018543330433597
0.00245125,0.3266859088835851,-0.02917003448421942
0.0024525,0.3303836013816387,-0.02849310193747505
0.00245375,0.3266859088835851,-0.02747770311735849
0.002455,0.3229882163855315,-0.02680077057061412
0.00245625,0.3081974463933171,-0.02578537175049757
0.0024575,0.3044997538952636,-0.02476997293038102
0.00245875,0.2971043688991564,-0.02409304038363665
0.00246,0.2934066764011029,-0.02476997293038102
0.00246125,0.2823135989069421,-0.02273917529014791
0.0024625,0.2712205214127813,-0.02307764156352009
0.00246375,0.2638251364166742,-0.0207083776499148
0.002465,0.2638251364166742,-0.02003144510317043
0.00246625,0.2490343664244598,-0.0207083776499148
0.0024675,0.2453366739264062,-0.01901604628305388
0.00246875,0.2268482114361383,-0.01833911373630951
0.00247,0.2231505189380847,-0.01766218118956514
0.00247125,0.2194528264400311,-0.01732371491619296
0.0024725,0.2083597489458704,-0.01596984982270422
0.00247375,0.2083597489458704,-0.01461598472921548
0.002475,0.2046620564478168,-0.01495445100258766
0.00247625,0.2046620564478168,-0.01427751845584329
0.0024775,0.1935689789536561,-0.01326211963572674
0.00247875,0.1824759014594953,-0.01258518708898237
0.00248,0.1713828239653346,-0.01123132199549363
0.00248125,0.1491966689770131,-0.01021592317537708
0.0024825,0.1454989764789595,-0.009877456902004894
0.00248375,0.1344058989847987,-0.009200524355260524
0.002485,0.1381035914828523,-0.009200524355260524
0.00248625,0.1418012839809059,-0.007846659261771787
0.0024875,0.1159174364945308,-0.005477395348166494
0.00248875,0.1122197439964772,-0.006492794168283048
0.00249,0.1048243590003701,-0.00513892907479431
0.00249125,0.1085220514984236,-0.004461996528049941
0.0024925,0.08263820401204855,-0.003785063981305571
0.00249375,0.0937312815062093,-0.003108131434561202
0.002495,0.07524281901594138,-0.001754266341072464
0.00249625,0.0715451265178878,-0.0007388675209559101
0.0024975,0.05675435652567346,0.0006149975725328283
0.00249875,0.05675435652567346,-0.001077333794328095
0.0025,0.05675435652567346,0.001630396392649382
0.00250125,0.03826589403540554,0.001630396392649382
0.0025025,0.02717281654124479,0.003322727759510305
0.00250375,0.02347512404319121,0.00366119403288249
0.002505,0.01977743154513762,0.004676592852999043
0.00250625,0.001288969054869704,0.005353525399743412
0.0025075,0.001288969054869704,0.006368924219859966
0.00250875,-0.006106415941237463,0.006707390493232151
0.00251,-0.009804108439291047,0.006707390493232151
0.00251125,-0.02459487843150538,0.008399721860093074
0.0025125,-0.02829257092955897,0.009415120680209627
0.00251375,-0.0430833409217733,0.009753586953581812
0.002515,-0.0430833409217733,0.01144591832044273
0.00251625,-0.0652694959100948,0.01246131714055929
0.0025175,-0.0652694959100948,0.01279978341393147
0.00251875,-0.0652694959100948,0.01381518223404803
0.00252,-0.07636257340425556,0.01381518223404803
0.00252125,-0.08745565089841631,0.01347671596067584
0.0025225,-0.09485103589452348,0.01516904732753676
0.00252375,-0.09854872839257706,0.01618444614765332
0.002525,-0.1096418058867378,0.01753831124114206
0.00252625,-0.1096418058867378,0.01686137869439769
0.0025275,-0.117037190882845,0.01855371006125861
0.00252875,-0.1281302683770057,0.02058450770149172
0.00253,-0.1466187308672736,0.02024604142811954
0.00253125,-0.1540141158633808,0.0209229739748639
0.0025325,-0.1577118083614344,0.0209229739748639
0.00253375,-0.161409500859488,0.02261530534172483
0.002535,-0.1725025783536487,0.02363070416184138
0.00253625,-0.1688048858555952,0.02498456925533012
0.0025375,-0.1872933483458631,0.02363070416184138
0.00253875,-0.1909910408439167,0.02464610298195793
0.00254,-0.1909910408439167,0.02599996807544667
0.00254125,-0.2020841183380774,0.02735383316893541
0.0025425,-0.2094795033341846,0.02769229944230759
0.00254375,-0.205781810836131,0.02870769826242415
0.002545,-0.2427587358166668,0.03040002962928507
0.00254625,-0.2353633508205597,0.02904616453579633
0.0025475,-0.250154120812774,0.02938463080916852
0.00254875,-0.2538518133108276,0.03040002962928507
0.00255,-0.2649448908049883,0.03243082726951818
0.00255125,-0.2649448908049883,0.03243082726951818
0.0025525,-0.2686425833030419,0.03310775981626254
0.00255375,-0.2834333532952563,0.03513855745649566
0.002555,-0.2908287382913634,0.03446162490975128
0.00255625,-0.294526430789417,0.03513855745649566
0.0025575,-0.3056195082835778,0.03581549000324002
0.00255875,-0.3056195082835778,0.03683088882335658
0.00256,-0.3167125857777385,0.03818475391684532
0.00256125,-0.3315033557699528,0.03920015273696187
0.0025625,-0.3352010482680065,0.03953861901033405
0.00256375,-0.33889874076606,0.03987708528370625
0.002565,-0.3352010482680065,0.04089248410382279
0.00256625,-0.3536895107582744,0.04190788292393935
0.0025675,-0.3610848957543815,0.04258481547068371
0.00256875,-0.3721779732485423,0.04360021429080027
0.00257,-0.3684802807504887,0.04461561311091683
0.00257125,-0.383271050742703,0.04360021429080027
0.0025725,-0.3943641282368638,0.04529254565766119
0.00257375,-0.3980618207349174,0.04529254565766119
0.002575,-0.4128525907271317,0.04563101193103337
0.00257625,-0.4091548982290781,0.04766180957126649
0.0025775,-0.4202479757232389,0.04867720839138304
0.00257875,-0.4165502832251853,0.04867720839138304
0.00258,-0.427643360719346,0.0496926072114996
0.00258125,-0.4313410532173996,0.05104647230498834
0.0025825,-0.4461318232096139,0.0496926072114996
0.00258375,-0.4609225932018283,0.05138493857836052
0.002585,-0.4535272082057211,0.05240033739847708
0.00258625,-0.4609225932018283,0.05138493857836052
0.0025875,-0.4683179781979355,0.05273880367184926
0.00258875,-0.4794110556920962,0.0537542024919658
0.00259,-0.4942018256843105,0.05476960131208236
0.00259125,-0.4868064406882034,0.05476960131208236
0.0025925,-0.4942018256843105,0.05476960131208236
0.00259375,-0.490504133186257,0.05544653385882672
0.002595,-0.5126902881745784,0.05713886522568766
0.00259625,-0.5200856731706857,0.05849273031917639
0.0025975,-0.5237833656687392,0.06018506168603731
0.00259875,-0.5348764431629,0.05916966286592076
0.0026,-0.5311787506648463,0.05849273031917639
0.00260125,-0.5422718281590071,0.05950812913929295
0.0026025,-0.5422718281590071,0.06120046050615387
0.00260375,-0.5570625981512215,0.06221585932627043
0.002605,-0.5718533681434358,0.06187739305289824
0.00260625,-0.5792487531395429,0.06356972441975915
0.0026075,-0.5866441381356501,0.06424665696650353
0.00260875,-0.5903418306337037,0.06390819069313135
0.00261,-0.5866441381356501,0.06526205578662007
0.00261125,-0.5866441381356501,0.06560052205999227
0.0026125,-0.5940395231317573,0.06593898833336445
0.00261375,-0.5940395231317573,0.06560052205999227
0.002615,-0.6088302931239716,0.06729285342685319
0.00261625,-0.6125279856220253,0.06763131970022537
0.0026175,-0.6199233706181324,0.06796978597359755
0.00261875,-0.6273187556142396,0.06966211734045848
0.00262,-0.6495049106025611,0.06966211734045848
0.00262125,-0.6384118331084003,0.07000058361383066
0.0026225,-0.6495049106025611,0.07067751616057504
0.00262375,-0.6458072181045075,0.07067751616057504
0.002625,-0.6532026031006146,0.07203138125406378
0.00262625,-0.667993373092829,0.07304678007418032
0.0026275,-0.667993373092829,0.07270831380080814
0.00262875,-0.6642956805947754,0.07304678007418032
0.00263,-0.6753887580889362,0.07473911144104124
0.00263125,-0.6901795280811505,0.07406217889429688
0.0026325,-0.6901795280811505,0.07440064516766906
0.00263375,-0.7012726055753112,0.07507757771441344
0.002635,-0.7049702980733649,0.07676990908127436
0.00263625,-0.7160633755675255,0.07609297653452998
0.0026375,-0.7086679905714184,0.07744684162801872
0.00263875,-0.7086679905714184,0.07676990908127436
0.00264,-0.7086679905714184,0.0777853079013909
0.00264125,-0.7197610680655792,0.07880070672150746
0.0026425,-0.7382495305558471,0.07846224044813528
0.00264375,-0.7456449155519542,0.07947763926825183
0.002645,-0.7456449155519542,0.07846224044813528
0.00264625,-0.7493426080500079,0.07913917299487964
0.0026475,-0.756737993046115,0.0801545718149962
0.00264875,-0.7493426080500079,0.08049303808836838
0.00265,-0.7604356855441686,0.08218536945522931
0.00265125,-0.7604356855441686,0.08218536945522931
0.0026525,-0.7678310705402758,0.08286230200197368
0.00265375,-0.7789241480344365,0.08387770082209023
0.002655,-0.7826218405324901,0.08320076827534587
0.00265625,-0.7900172255285972,0.08455463336883461
0.0026575,-0.7974126105247044,0.08455463336883461
0.00265875,-0.801110303022758,0.08489309964220679
0.00266,-0.8048079955208116,0.08455463336883461
0.00266125,-0.7937149180266508,0.08658543100906771
0.0026625,-0.801110303022758,0.08557003218895115
0.00266375,-0.8122033805169188,0.08692389728243989
0.002665,-0.8085056880188651,0.08726236355581207
0.00266625,-0.8269941505091331,0.08760082982918427
0.0026675,-0.8232964580110795,0.08658543100906771
0.00266875,-0.8380872280032938,0.08793929610255645
0.00267,-0.8269941505091331,0.08895469492267301
0.00267125,-0.8269941505091331,0.08827776237592863
0.0026725,-0.8343895355052402,0.08929316119604519
0.00267375,-0.8380872280032938,0.08793929610255645
0.002675,-0.845482612999401,0.09030856001616173
0.00267625,-0.8565756904935617,0.09166242510965047
0.0026775,-0.8602733829916154,0.09064702628953393
0.00267875,-0.8750641529838297,0.09064702628953393
0.00268,-0.871366460485776,0.09132395883627829
0.00268125,-0.8639710754896689,0.09166242510965047
0.0026825,-0.871366460485776,0.09132395883627829
0.00268375,-0.8602733829916154,0.09301629020313922
0.002685,-0.871366460485776,0.09132395883627829
0.00268625,-0.8750641529838297,0.09301629020313922
0.0026875,-0.8787618454818833,0.09301629020313922
0.00268875,-0.889854922976044,0.09403168902325577
0.00269,-0.889854922976044,0.09233935765639485
0.00269125,-0.889854922976044,0.09369322274988359
0.0026925,-0.8935526154740976,0.09403168902325577
0.00269375,-0.8972503079721512,0.09437015529662796
0.002695,-0.9009480004702047,0.09470862157000014
0.00269625,-0.8935526154740976,0.09470862157000014
0.0026975,-0.9046456929682584,0.09470862157000014
0.00269875,-0.9120410779643655,0.09504708784337232
0.0027,-0.9083433854663119,0.09470862157000014
0.00270125,-0.9194364629604727,0.09673941921023324
0.0027025,-0.9231341554585263,0.09640095293686106
0.00270375,-0.9157387704624191,0.09640095293686106
0.002705,-0.9083433854663119,0.09640095293686106
0.00270625,-0.9120410779643655,0.09673941921023324
0.0027075,-0.9194364629604727,0.09673941921023324
0.00270875,-0.9231341554585263,0.09707788548360544
0.00271,-0.9268318479565798,0.09707788548360544
0.00271125,-0.9416226179487942,0.09843175057709418
0.0027125,-0.9416226179487942,0.09843175057709418
0.00271375,-0.9416226179487942,0.0977548180303498
0.002715,-0.9342272329526871,0.09707788548360544
0.00271625,-0.9342272329526871,0.09707788548360544
0.0027175,-0.9453203104468477,0.09809328430372198
0.00271875,-0.9453203104468477,0.09843175057709418
0.00272,-0.9379249254507406,0.0977548180303498
0.00272125,-0.9453203104468477,0.09944714939721072
0.0027225,-0.952715695442955,0.09843175057709418
0.00272375,-0.9490180029449014,0.09843175057709418
0.002725,-0.9601110804390621,0.0997856156705829
0.00272625,-0.9453203104468477,0.09910868312383854
0.0027275,-0.9601110804390621,0.09877021685046636
0.00272875,-0.9564133879410085,0.09944714939721072
0.00273,-0.952715695442955,0.09944714939721072
0.00273125,-0.952715695442955,0.09944714939721072
0.0027325,-0.9712041579332229,0.1001240819439551
0.00273375,-0.9638087729371156,0.1004625482173273
0.002735,-0.9601110804390621,0.1008010144906995
0.00273625,-0.9601110804390621,0.1008010144906995
0.0027375,-0.9638087729371156,0.1001240819439551
0.00273875,-0.9638087729371156,0.1004625482173273
0.00274,-0.9675064654351693,0.1004625482173273
0.00274125,-0.9675064654351693,0.0997856156705829
0.0027425,-0.9675064654351693,0.09910868312383854
0.00274375,-0.952715695442955,0.1004625482173273
0.002745,-0.9564133879410085,0.09910868312383854
0.00274625,-0.9638087729371156,0.0997856156705829
0.0027475,-0.9638087729371156,0.09944714939721072
0.00274875,-0.9564133879410085,0.1004625482173273
0.00275,-0.9675064654351693,0.1001240819439551
0.00275125,-0.9822972354273836,0.1004625482173273
0.0027525,-0.9749018504312764,0.1004625482173273
0.00275375,-0.9638087729371156,0.0997856156705829
0.002755,-0.9601110804390621,0.1001240819439551
0.00275625,-0.9638087729371156,0.1004625482173273
0.0027575,-0.9675064654351693,0.09944714939721072
0.00275875,-0.9712041579332229,0.0997856156705829
0.00276,-0.9638087729371156,0.09944714939721072
0.00276125,-0.9675064654351693,0.0997856156705829
0.0027625,-0.9564133879410085,0.1001240819439551
0.00276375,-0.9638087729371156,0.1001240819439551
0.002765,-0.9564133879410085,0.0997856156705829
0.00276625,-0.9638087729371156,0.1001240819439551
0.0027675,-0.9638087729371156,0.0997856156705829
0.00276875,-0.9712041579332229,0.1001240819439551
0.00277,-0.9675064654351693,0.09944714939721072
0.00277125,-0.952715695442955,0.09843175057709418
0.0027725,-0.9601110804390621,0.09944714939721072
0.00277375,-0.9675064654351693,0.09910868312383854
0.002775,-0.9601110804390621,0.09877021685046636
0.00277625,-0.9490180029449014,0.09877021685046636
0.0027775,-0.952715695442955,0.09843175057709418
0.00277875,-0.952715695442955,0.0977548180303498
0.00278,-0.9490180029449014,0.09741635175697762
0.00278125,-0.952715695442955,0.0977548180303498
0.0027825,-0.9490180029449014,0.09741635175697762
0.00278375,-0.9453203104468477,0.09843175057709418
0.002785,-0.952715695442955,0.0977548180303498
0.00278625,-0.9453203104468477,0.0977548180303498
0.0027875,-0.9342272329526871,0.0977548180303498
0.00278875,-0.9379249254507406,0.09606248666348888
0.00279,-0.9490180029449014,0.09606248666348888
0.00279125,-0.9342272329526871,0.09707788548360544
0.0027925,-0.952715695442955,0.09640095293686106
0.00279375,-0.9305295404546334,0.09640095293686106
0.002795,-0.9305295404546334,0.09538555411674451
0.00279625,-0.9157387704624191,0.0957240203901167
0.0027975,-0.9305295404546334,0.09640095293686106
0.00279875,-0.9342272329526871,0.0957240203901167
0.0028,-0.9231341554585263,0.09403168902325577
0.00280125,-0.9231341554585263,0.09504708784337232
0.0028025,-0.9231341554585263,0.09504708784337232
0.00280375,-0.9157387704624191,0.09470862157000014
0.002805,-0.9268318479565798,0.09470862157000014
0.00280625,-0.9194364629604727,0.09403168902325577
0.0028075,-0.9083433854663119,0.09200089138302266
0.00280875,-0.8972503079721512,0.0933547564765114
0.00281,-0.889854922976044,0.0933547564765114
0.00281125,-0.9009480004702047,0.09369322274988359
0.0028125,-0.9194364629604727,0.09369322274988359
0.00281375,-0.9120410779643655,0.09267782392976703
0.002815,-0.9009480004702047,0.09233935765639485
0.00281625,-0.8750641529838297,0.08929316119604519
0.0028175,-0.8787618454818833,0.09030856001616173
0.00281875,-0.8787618454818833,0.09132395883627829
0.00282,-0.8824595379799368,0.09030856001616173
0.00282125,-0.8935526154740976,0.09166242510965047
0.0028225,-0.8787618454818833,0.08963162746941737
0.00282375,-0.871366460485776,0.08963162746941737
0.002825,-0.871366460485776,0.08861622864930081
0.00282625,-0.8639710754896689,0.08827776237592863
0.0028275,-0.871366460485776,0.08861622864930081
0.00282875,-0.8639710754896689,0.08793929610255645
0.00283,-0.8602733829916154,0.08760082982918427
0.00283125,-0.8639710754896689,0.08726236355581207
0.0028325,-0.8528779979955081,0.08760082982918427
0.00283375,-0.845482612999401,0.08726236355581207
0.002835,-0.8380872280032938,0.08624696473569553
0.00283625,-0.8380872280032938,0.08557003218895115
0.0028375,-0.8380872280032938,0.08590849846232335
0.00283875,-0.8343895355052402,0.08489309964220679
0.00284,-0.8343895355052402,0.08489309964220679
0.00284125,-0.8159010730149723,0.08489309964220679
0.0028425,-0.8195987655130259,0.08252383572860149
0.00284375,-0.8159010730149723,0.08286230200197368
0.002845,-0.8122033805169188,0.08320076827534587
0.00284625,-0.7974126105247044,0.08150843690848494
0.0028475,-0.7937149180266508,0.08116997063511276
0.00284875,-0.7863195330305437,0.08083150436174057
0.00285,-0.7900172255285972,0.07947763926825183
0.00285125,-0.7826218405324901,0.08049303808836838
0.0028525,-0.7900172255285972,0.07947763926825183
0.00285375,-0.7863195330305437,0.07880070672150746
0.002855,-0.7641333780422221,0.07710837535464654
0.00285625,-0.7715287630383293,0.0781237741747631
0.0028575,-0.7530403005480614,0.07846224044813528
0.00285875,-0.7678310705402758,0.07744684162801872
0.00286,-0.7604356855441686,0.0781237741747631
0.00286125,-0.7678310705402758,0.07609297653452998
0.0028625,-0.7456449155519542,0.07609297653452998
0.00286375,-0.7456449155519542,0.07541604398778562
0.002865,-0.7234587605636328,0.07406217889429688
0.00286625,-0.7308541455597399,0.07406217889429688
0.0028675,-0.7271564530616863,0.07440064516766906
0.00286875,-0.712365683069472,0.07304678007418032
0.00287,-0.7160633755675255,0.07338524634755252
0.00287125,-0.7160633755675255,0.07270831380080814
0.0028725,-0.7049702980733649,0.07270831380080814
0.00287375,-0.7012726055753112,0.07203138125406378
0.002875,-0.7049702980733649,0.07101598243394722
0.00287625,-0.6975749130772576,0.06966211734045848
0.0028775,-0.6901795280811505,0.07000058361383066
0.00287875,-0.6716910655908825,0.06796978597359755
0.00288,-0.6716910655908825,0.06763131970022537
0.00288125,-0.6753887580889362,0.06796978597359755
0.0028825,-0.667993373092829,0.06695438715348101
0.00288375,-0.6532026031006146,0.06627745460673663
0.002885,-0.6532026031006146,0.06526205578662007
0.00288625,-0.6458072181045075,0.06695438715348101
0.0028875,-0.6421095256064538,0.06526205578662007
0.00288875,-0.6347141406103467,0.06424665696650353
0.00289,-0.6310164481122932,0.06323125814638697
0.00289125,-0.6273187556142396,0.06255432559964261
0.0028925,-0.6162256781200788,0.06153892677952605
0.00289375,-0.5977372156298109,0.06153892677952605
0.002895,-0.6014349081278645,0.06153892677952605
0.00289625,-0.6014349081278645,0.06018506168603731
0.0028975,-0.5977372156298109,0.05883119659254858
0.00289875,-0.5940395231317573,0.05781579777243202
0.0029,-0.5903418306337037,0.0581542640458042
0.00290125,-0.5718533681434358,0.05713886522568766
0.0029025,-0.5681556756453822,0.05713886522568766
0.00290375,-0.5533649056531679,0.05646193267894328
0.002905,-0.560760290649275,0.0561234664055711
0.00290625,-0.5459695206570607,0.054092668765338
0.0029075,-0.5385741356609536,0.0537542024919658
0.00290875,-0.5385741356609536,0.05341573621859362
0.00291,-0.5274810581667928,0.054092668765338
0.00291125,-0.5237833656687392,0.05273880367184926
0.0029125,-0.5200856731706857,0.05138493857836052
0.00291375,-0.5015972106804176,0.05104647230498834
0.002915,-0.5126902881745784,0.05104647230498834
0.00291625,-0.490504133186257,0.0496926072114996
0.0029175,-0.490504133186257,0.04935414093812741
0.00291875,-0.4794110556920962,0.04867720839138304
0.00292,-0.4831087481901498,0.04935414093812741
0.00292125,-0.4757133631940426,0.04698487702452211
0.0029225,-0.4609225932018283,0.04664641075114993
0.00292375,-0.4535272082057211,0.04529254565766119
0.002925,-0.4387364382135068,0.04461561311091683
0.00292625,-0.4461318232096139,0.04427714683754463
0.0029275,-0.4387364382135068,0.04292328174405591
0.00292875,-0.4350387457154532,0.04393868056417245
0.00293,-0.4313410532173996,0.04190788292393935
0.00293125,-0.4165502832251853,0.04190788292393935
0.0029325,-0.4017595132329709,0.03987708528370625
0.00293375,-0.3943641282368638,0.04123095037719497
0.002935,-0.3906664357388102,0.03886168646358969
0.00293625,-0.3795733582446494,0.03852322019021751
0.0029375,-0.3869687432407566,0.03920015273696187
0.00293875,-0.3906664357388102,0.03750782137010095
0.00294,-0.3610848957543815,0.03480009118312347
0.00294125,-0.3610848957543815,0.03581549000324002
0.0029425,-0.3462941257621672,0.0341231586363791
0.00294375,-0.3425964332641136,0.03344622608963474
0.002945,-0.3352010482680065,0.03310775981626254
0.00294625,-0.3278056632718993,0.03310775981626254
0.0029475,-0.3241079707738457,0.0317538947227738
0.00294875,-0.3204102782757921,0.03040002962928507
0.00295,-0.3130148932796849,0.0317538947227738
0.00295125,-0.3093172007816313,0.03006156335591289
0.0029525,-0.294526430789417,0.02938463080916852
0.00295375,-0.2908287382913634,0.02803076571567978
0.002955,-0.2834333532952563,0.02769229944230759
0.00295625,-0.2686425833030419,0.02735383316893541
0.0029575,-0.2612471983069348,0.02633843434881886
0.00295875,-0.2612471983069348,0.0253230355287023
0.00296,-0.2464564283147204,0.02396917043521356
0.00296125,-0.2390610433186132,0.02464610298195793
0.0029625,-0.2427587358166668,0.02329223788846919
0.00296375,-0.2390610433186132,0.02363070416184138
0.002965,-0.2168748883302918,0.02159990652160827
0.00296625,-0.2094795033341846,0.02024604142811954
0.0029675,-0.2020841183380774,0.02058450770149172
0.00296875,-0.1946887333419702,0.01956910888137517
0.00297,-0.1762002708517023,0.01821524378788643
0.00297125,-0.1798979633497559,0.01719984496776987
0.0029725,-0.1725025783536487,0.01753831124114206
0.00297375,-0.1688048858555952,0.01618444614765332
0.002975,-0.1651071933575416,0.01516904732753676
0.00297625,-0.1503164233653272,0.01347671596067584
0.0029775,-0.1466187308672736,0.01347671596067584
0.00297875,-0.1355256533731129,0.01279978341393147
0.00298,-0.1244325758789522,0.01178438459381492
0.00298125,-0.1244325758789522,0.01110745204707055
0.0029825,-0.1096418058867378,0.01144591832044273
0.00298375,-0.1096418058867378,0.009415120680209627
0.002985,-0.08745565089841631,0.008738188133465259
0.00298625,-0.09485103589452348,0.008399721860093074
0.0029875,-0.08375795840036272,0.009076654406837442
0.00298875,-0.07636257340425556,0.007045856766604335
0.00299,-0.05417641841593406,0.006368924219859966
0.00299125,-0.0652694959100948,0.004338126579626859
0.0029925,-0.05417641841593406,0.004338126579626859
0.00299375,-0.05047872591788047,0.003999660306254674
0.002995,-0.03938564842371972,0.001968862666021566
0.00299625,-0.03199026342761255,0.001630396392649382
0.0029975,-0.01719949343539821,0.002645795212765936
0.00299875,-0.01350180093734463,0.0002765312991606437
0.003,-0.006106415941237463,-0.0004004012475837255
0.00300125,0.01238204654903046,-0.001754266341072464
0.0030025,0.004986661552923288,-0.001415800067700279
0.00300375,0.01607973904708404,-0.004800462801422125
0.003005,0.03826589403540554,-0.003108131434561202
0.00300625,0.03826589403540554,-0.004800462801422125
0.0030075,0.04566127903151271,-0.004800462801422125
0.00300875,0.04566127903151271,-0.006492794168283048
0.00301,0.05305666402761988,-0.007508192988399602
0.00301125,0.05675435652567346,-0.007169726715027417
0.0030125,0.06784743401983422,-0.008862058081888341
0.00301375,0.07894051151399496,-0.008523591808516156
0.003015,0.08633589651010214,-0.009200524355260524
0.00301625,0.1011266665023165,-0.01123132199549363
0.0030175,0.1159174364945308,-0.011908254542238
0.00301875,0.123312821490638,-0.01292365336235455
0.00302,0.1196151289925844,-0.01224672081561019
0.00302125,0.1122197439964772,-0.01326211963572674
0.0030225,0.1270105139886916,-0.01427751845584329
0.00302375,0.1344058989847987,-0.01698524864282077
0.003025,0.1528943614750666,-0.01664678236944859
0.00302625,0.1602897464711738,-0.01596984982270422
0.0030275,0.1602897464711738,-0.01664678236944859
0.00302875,0.1639874389692274,-0.01867758000968169
0.00303,0.1750805164633882,-0.01833911373630951
0.00303125,0.1898712864556025,-0.02104684392328698
0.0030325,0.2009643639497632,-0.0207083776499148
0.00303375,0.2009643639497632,-0.02206224274340354
0.003035,0.212057441443924,-0.02172377647003135
0.00303625,0.2083597489458704,-0.02375457411026446
0.0030375,0.2231505189380847,-0.02409304038363665
0.00303875,0.2305459039341919,-0.02443150665700883
0.00304,0.2416389814283527,-0.02544690547712538
0.00304125,0.256429751420567,-0.02849310193747505
0.0030425,0.2601274439186206,-0.02680077057061412
0.00304375,0.256429751420567,-0.02747770311735849
0.003045,0.2749182139108349,-0.02883156821084723
0.00304625,0.2786159064088885,-0.02917003448421942
0.0030475,0.2675228289147277,-0.02781616939073068
0.00304875,0.2823135989069421,-0.03018543330433597
0.00305,0.3081974463933171,-0.03187776467119689
0.00305125,0.3155928313894243,-0.03221623094456907
0.0030525,0.3044997538952636,-0.03289316349131345
0.00305375,0.3155928313894243,-0.03390856231143
0.003055,0.3303836013816387,-0.03458549485817437
0.00305625,0.3303836013816387,-0.03526242740491874
0.0030575,0.345174371373853,-0.03458549485817437
0.00305875,0.3488720638719066,-0.03661629249840748
0.00306,0.3636628338641209,-0.03593935995166311
0.00306125,0.3599651413660673,-0.03695475877177966
0.0030625,0.3747559113582817,-0.03932402268538496
0.00306375,0.3821512963543888,-0.03898555641201276
0.003065,0.389546681350496,-0.0403394215055015
0.00306625,0.3969420663466032,-0.04135482032561806
0.0030675,0.4043374513427103,-0.04135482032561806
0.00306875,0.4043374513427103,-0.04237021914573462
0.00307,0.4191282213349247,-0.0427086854191068
0.00307125,0.4265236063310319,-0.0447394830593399
0.0030725,0.4302212988290854,-0.04304715169247898
0.00307375,0.4302212988290854,-0.0447394830593399
0.003075,0.4376166838251926,-0.04507794933271209
0.00307625,0.4450120688212998,-0.04541641560608428
0.0030775,0.4561051463154605,-0.04880107833980613
0.00307875,0.4635005313115677,-0.04812414579306175
0.00308,0.4635005313115677,-0.04812414579306175
0.00308125,0.4819889938018356,-0.04880107833980613
0.0030825,0.4819889938018356,-0.05015494343329487
0.00308375,0.4967797637940499,-0.05083187598003923
0.003085,0.4856866862998892,-0.05049340970666705
0.00308625,0.5041751487901571,-0.05150880852678359
0.0030875,0.5152682262843179,-0.05286267362027233
0.00308875,0.522663611280425,-0.05387807244038889
0.00309,0.5300589962765322,-0.05421653871376107
0.00309125,0.5374543812726393,-0.05523193753387763
0.0030925,0.5374543812726393,-0.05455500498713325
0.00309375,0.5374543812726393,-0.05489347126050545
0.003095,0.5374543812726393,-0.05692426890073855
0.00309625,0.5522451512648537,-0.05726273517411073
0.0030975,0.5596405362609609,-0.05692426890073855
0.00309875,0.5781289987512288,-0.05726273517411073
0.0031,0.585524383747336,-0.05929353281434384
0.00310125,0.5818266912492823,-0.06132433045457696
0.0031025,0.585524383747336,-0.06132433045457696
0.00310375,0.5892220762453896,-0.05997046536108822
0.003105,0.5966174612414967,-0.0603089316344604
0.00310625,0.6040128462376039,-0.06132433045457696
0.0031075,0.6188036162298182,-0.06335512809481006
0.00310875,0.6298966937239789,-0.0626781955480657
0.00311,0.6409897712181397,-0.06538592573504316
0.00311125,0.6225013087278718,-0.06403206064155444
0.0031125,0.6409897712181397,-0.06437052691492662
0.00311375,0.6335943862220326,-0.06572439200841536
0.003115,0.6520828487123005,-0.0670782571019041
0.00311625,0.6594782337084076,-0.0670782571019041
0.0031175,0.6631759262064613,-0.06809365592202064
0.00311875,0.6668736187045148,-0.06775518964864846
0.00312,0.6816643886967292,-0.06843212219539282
0.00312125,0.6779666961986756,-0.0691090547421372
0.0031225,0.6964551586889435,-0.06978598728888157
0.00312375,0.6890597736928363,-0.06978598728888157
0.003125,0.6964551586889435,-0.07147831865574249
0.00312625,0.7001528511869971,-0.07181678492911468
0.0031275,0.7112459286811578,-0.07215525120248686
0.00312875,0.718641313677265,-0.07249371747585905
0.00313,0.7149436211792114,-0.07452451511609215
0.00313125,0.7260366986733722,-0.07418604884271997
0.0031325,0.7334320836694793,-0.07384758256934779
0.00313375,0.7334320836694793,-0.07418604884271997
0.003135,0.7297343911714257,-0.07418604884271997
0.00313625,0.7371297761675329,-0.07452451511609215
0.0031375,0.7556182386578009,-0.07621684648295307
0.00313875,0.763013623653908,-0.07655531275632527
0.00314,0.7667113161519615,-0.07723224530306963
0.00314125,0.7815020861441759,-0.07790917784981399
0.0031425,0.7778043936461223,-0.07723224530306963
0.00314375,0.7741067011480688,-0.07824764412318619
0.003145,0.7815020861441759,-0.07960150921667491
0.00314625,0.7741067011480688,-0.07824764412318619
0.0031475,0.7888974711402831,-0.08027844176341929
0.00314875,0.7999905486344439,-0.08129384058353585
0.00315,0.7999905486344439,-0.08061690803679147
0.00315125,0.807385933630551,-0.08197077313028021
0.0031525,0.8110836261286045,-0.08197077313028021
0.00315375,0.8184790111247118,-0.0823092394036524
0.003155,0.8221767036227653,-0.08366310449714114
0.00315625,0.8332697811169261,-0.08332463822376895
0.0031575,0.8406651661130332,-0.08467850331725769
0.00315875,0.8369674736149797,-0.0843400370438855
0.00316,0.8332697811169261,-0.08467850331725769
0.00316125,0.8369674736149797,-0.08501696959062988
0.0031625,0.8480605511091404,-0.08467850331725769
0.00316375,0.8665490135994083,-0.0867093009574908
0.003165,0.8554559361052476,-0.08569390213737424
0.00316625,0.8554559361052476,-0.08603236841074643
0.0031675,0.851758243607194,-0.08637083468411862
0.00316875,0.8702467060974619,-0.08738623350423516
0.00317,0.8628513211013548,-0.08704776723086298
0.00317125,0.8739443985955155,-0.08704776723086298
0.0031725,0.8776420910935691,-0.08806316605097954
0.00317375,0.8813397835916227,-0.0887400985977239
0.003175,0.8813397835916227,-0.0887400985977239
0.00317625,0.8924328610857835,-0.08975549741784046
0.0031775,0.896130553583837,-0.0911093625113292
0.00317875,0.896130553583837,-0.09077089623795702
0.00318,0.8924328610857835,-0.0911093625113292
0.00318125,0.9035259385799441,-0.09077089623795702
0.0031825,0.9072236310779977,-0.0911093625113292
0.00318375,0.9183167085721585,-0.09178629505807356
0.003185,0.9183167085721585,-0.09178629505807356
0.00318625,0.9146190160741049,-0.0911093625113292
0.0031875,0.9146190160741049,-0.09212476133144575
0.00318875,0.922014401070212,-0.09212476133144575
0.00319,0.9294097860663193,-0.09246322760481794
0.00319125,0.9183167085721585,-0.09381709269830668
0.0031925,0.9294097860663193,-0.09517095779179541
0.00319375,0.94050286356048,-0.0955094240651676
0.003195,0.9442005560585336,-0.09483249151842323
0.00319625,0.9442005560585336,-0.09347862642493449
0.0031975,0.9478982485565872,-0.09449402524505104
0.00319875,0.9442005560585336,-0.09415555897167886
0.0032,0.9442005560585336,-0.09449402524505104
0.00320125,0.9442005560585336,-0.0955094240651676
0.0032025,0.9552936335526944,-0.09517095779179541
0.00320375,0.9515959410546407,-0.09584789033853978
0.003205,0.9663867110468551,-0.0955094240651676
0.00320625,0.9663867110468551,-0.09652482288528415
0.0032075,0.9737820960429623,-0.09618635661191197
0.00320875,0.9626890185488015,-0.09618635661191197
0.00321,0.9663867110468551,-0.09517095779179541
0.00321125,0.9626890185488015,-0.09754022170540071
0.0032125,0.9626890185488015,-0.09618635661191197
0.00321375,0.9663867110468551,-0.09754022170540071
0.003215,0.9811774810390694,-0.09754022170540071
0.00321625,0.9811774810390694,-0.09720175543202852
0.0032175,0.9848751735371231,-0.09754022170540071
0.00321875,0.9811774810390694,-0.09787868797877289
0.00322,0.9811774810390694,-0.09821715425214507
0.00322125,0.9774797885410158,-0.09889408679888945
0.0032225,0.9811774810390694,-0.09787868797877289
0.00322375,0.9959682510312837,-0.09855562052551727
0.003225,0.9959682510312837,-0.09821715425214507
0.00322625,0.9922705585332302,-0.09957101934563381
0.0032275,0.9959682510312837,-0.09787868797877289
0.00322875,0.9885728660351766,-0.09855562052551727
0.00323,1.003363636027391,-0.09889408679888945
0.00323125,1.010759021023498,-0.09957101934563381
0.0032325,1.003363636027391,-0.09957101934563381
0.00323375,0.9922705585332302,-0.09990948561900599
0.003235,0.9922705585332302,-0.09889408679888945
0.00323625,1.003363636027391,-0.09990948561900599
0.0032375,1.003363636027391,-0.09923255307226163
0.00323875,0.9922705585332302,-0.09821715425214507
0.00324,1.010759021023498,-0.09990948561900599
0.00324125,1.014456713521552,-0.1002479518923782
0.0032425,1.010759021023498,-0.09957101934563381
0.00324375,1.010759021023498,-0.1002479518923782
0.003245,0.9848751735371231,-0.09821715425214507
0.00324625,0.9959682510312837,-0.1002479518923782
0.0032475,0.9959682510312837,-0.09957101934563381
0.00324875,1.003363636027391,-0.09990948561900599
0.00325,1.007061328525444,-0.09821715425214507
0.00325125,0.9996659435293372,-0.09889408679888945
0.0032525,1.003363636027391,-0.09821715425214507
0.00325375,1.003363636027391,-0.09923255307226163
0.003255,1.014456713521552,-0.1002479518923782
0.00325625,1.010759021023498,-0.09990948561900599
0.0032575,1.010759021023498,-0.09923255307226163
0.00325875,0.9996659435293372,-0.09821715425214507
0.00326,0.9959682510312837,-0.09957101934563381
0.00326125,1.003363636027391,-0.09923255307226163
0.0032625,1.007061328525444,-0.09855562052551727
0.00326375,1.003363636027391,-0.09990948561900599
0.003265,0.9959682510312837,-0.09889408679888945
0.00326625,0.9959682510312837,-0.09957101934563381
0.0032675,1.007061328525444,-0.09923255307226163
0.00326875,0.9996659435293372,-0.09787868797877289
0.00327,1.003363636027391,-0.09957101934563381
0.00327125,1.003363636027391,-0.09923255307226163
0.0032725,0.9922705585332302,-0.09787868797877289
0.00327375,0.9922705585332302,-0.09787868797877289
0.003275,0.9922705585332302,-0.09720175543202852
0.00327625,0.9922705585332302,-0.09652482288528415
0.0032775,0.9959682510312837,-0.09821715425214507
0.00327875,0.9922705585332302,-0.09855562052551727
0.00328,0.9959682510312837,-0.09754022170540071
0.00328125,0.9885728660351766,-0.09720175543202852
0.0032825,0.9885728660351766,-0.09720175543202852
0.00328375,0.9922705585332302,-0.09686328915865633
0.003285,0.9848751735371231,-0.09686328915865633
0.00328625,0.9922705585332302,-0.09787868797877289
0.0032875,0.9922705585332302,-0.09686328915865633
0.00328875,0.9848751735371231,-0.09686328915865633
0.00329,0.9737820960429623,-0.09618635661191197
0.00329125,0.9774797885410158,-0.09652482288528415
0.0032925,0.9700844035449087,-0.09584789033853978
0.00329375,0.9774797885410158,-0.09652482288528415
0.003295,0.9663867110468551,-0.09584789033853978
0.00329625,0.9774797885410158,-0.09517095779179541
0.0032975,0.9774797885410158,-0.09415555897167886
0.00329875,0.9663867110468551,-0.09483249151842323
0.0033,0.9663867110468551,-0.09449402524505104
0.00330125,0.9700844035449087,-0.09347862642493449
0.0033025,0.9552936335526944,-0.09347862642493449
0.00330375,0.9515959410546407,-0.09415555897167886
0.003305,0.9552936335526944,-0.09381709269830668
0.00330625,0.9442005560585336,-0.09280169387819012
0.0033075,0.9515959410546407,-0.09246322760481794
0.00330875,0.9589913260507479,-0.09212476133144575
0.00331,0.9442005560585336,-0.0931401601515623
0.00331125,0.9442005560585336,-0.09246322760481794
0.0033125,0.9368051710624264,-0.09077089623795702
0.00331375,0.9331074785643728,-0.09077089623795702
0.003315,0.9294097860663193,-0.09246322760481794
0.00331625,0.9331074785643728,-0.0911093625113292
0.0033175,0.9257120935682657,-0.09077089623795702
0.00331875,0.9183167085721585,-0.09077089623795702
0.00332,0.9257120935682657,-0.09009396369121264
0.00332125,0.922014401070212,-0.0890785648710961
0.0033225,0.9109213235760514,-0.08738623350423516
0.00332375,0.9146190160741049,-0.08941703114446828
0.003325,0.9109213235760514,-0.09009396369121264
0.00332625,0.9109213235760514,-0.0887400985977239
0.0033275,0.9146190160741049,-0.08738623350423516
0.00332875,0.9072236310779977,-0.08738623350423516
0.00333,0.8924328610857835,-0.08603236841074643
0.00333125,0.8813397835916227,-0.08637083468411862
0.0033325,0.8850374760896762,-0.08603236841074643
0.00333375,0.8924328610857835,-0.08603236841074643
0.003335,0.8813397835916227,-0.08569390213737424
0.00333625,0.8850374760896762,-0.08467850331725769
0.0033375,0.8739443985955155,-0.08332463822376895
0.00333875,0.8702467060974619,-0.08366310449714114
0.00334,0.8739443985955155,-0.0843400370438855
0.00334125,0.8591536286033011,-0.08298617195039677
0.0033425,0.8628513211013548,-0.08366310449714114
0.00334375,0.851758243607194,-0.08197077313028021
0.003345,0.851758243607194,-0.08163230685690803
0.00334625,0.8406651661130332,-0.08095537431016366
0.0033475,0.8406651661130332,-0.08061690803679147
0.00334875,0.8406651661130332,-0.08129384058353585
0.00335,0.8369674736149797,-0.08095537431016366
0.00335125,0.8221767036227653,-0.07892457666993055
0.0033525,0.8258743961208189,-0.07960150921667491
0.00335375,0.8184790111247118,-0.07824764412318619
0.003355,0.8147813186266581,-0.07790917784981399
0.00335625,0.7999905486344439,-0.07621684648295307
0.0033575,0.7962928561363902,-0.07757071157644181
0.00335875,0.7962928561363902,-0.07587838020958089
0.00336,0.7925951636383366,-0.07520144766283653
0.00336125,0.7851997786422295,-0.07553991393620871
0.0033625,0.7815020861441759,-0.07486298138946433
0.00336375,0.7815020861441759,-0.07520144766283653
0.003365,0.7851997786422295,-0.07418604884271997
0.00336625,0.7704090086500152,-0.07452451511609215
0.0033675,0.763013623653908,-0.07283218374923123
0.00336875,0.7593159311558544,-0.07283218374923123
0.00337,0.7482228536616936,-0.07181678492911468
0.00337125,0.7556182386578009,-0.07317065002260341
0.0033725,0.7556182386578009,-0.07113985238237031
0.00337375,0.7482228536616936,-0.06978598728888157
0.003375,0.7297343911714257,-0.0691090547421372
0.00337625,0.718641313677265,-0.0691090547421372
0.0033775,0.7223390061753185,-0.06809365592202064
0.00337875,0.7260366986733722,-0.06978598728888157
0.00338,0.7260366986733722,-0.06809365592202064
0.00338125,0.7075482361831043,-0.06741672337527628
0.0033825,0.6927574661908898,-0.06538592573504316
0.00338375,0.6890597736928363,-0.06538592573504316
0.003385,0.6890597736928363,-0.06538592573504316
0.00338625,0.6779666961986756,-0.06301666182143788
0.0033875,0.6779666961986756,-0.06437052691492662
0.00338875,0.6816643886967292,-0.06301666182143788
0.00339,0.6631759262064613,-0.0623397292746935
0.00339125,0.6594782337084076,-0.06132433045457696
0.0033925,0.6520828487123005,-0.05997046536108822
0.00339375,0.6520828487123005,-0.06132433045457696
0.003395,0.6409897712181397,-0.06064739790783258
0.00339625,0.6409897712181397,-0.06098586418120476
0.0033975,0.6298966937239789,-0.05895506654097166
0.00339875,0.6261990012259254,-0.05895506654097166
0.0034,0.6225013087278718,-0.05760120144748292
0.00340125,0.6151059237317646,-0.05658580262736637
0.0034025,0.611408231233711,-0.05692426890073855
0.00340375,0.6040128462376039,-0.05557040380724981
0.003405,0.6040128462376039,-0.05590887008062199
0.00340625,0.5892220762453896,-0.05455500498713325
0.0034075,0.5707336137551217,-0.05320113989364451
0.00340875,0.5818266912492823,-0.05387807244038889
0.00341,0.5744313062531752,-0.05150880852678359
0.00341125,0.567035921257068,-0.05252420734690015
0.0034125,0.5596405362609609,-0.05150880852678359
0.00341375,0.5559428437629073,-0.04981647715992267
0.003415,0.5522451512648537,-0.04880107833980613
0.00341625,0.5300589962765322,-0.04880107833980613
0.0034175,0.5300589962765322,-0.04880107833980613
0.00341875,0.5300589962765322,-0.04846261206643393
0.00342,0.5189659187823714,-0.04677028069957301
0.00342125,0.5115705337862643,-0.0447394830593399
0.0034225,0.5004774562921035,-0.04541641560608428
0.00342375,0.4967797637940499,-0.04541641560608428
0.003425,0.4893843787979428,-0.0447394830593399
0.00342625,0.4967797637940499,-0.04338561796585116
0.0034275,0.4893843787979428,-0.04237021914573462
0.00342875,0.4598028388135141,-0.04169328659899024
0.00343,0.4450120688212998,-0.0403394215055015
0.00343125,0.4561051463154605,-0.04135482032561806
0.0034325,0.4561051463154605,-0.04135482032561806
0.00343375,0.4413143763232462,-0.03966248895875714
0.003435,0.433918991327139,-0.03695475877177966
0.00343625,0.4228259138329782,-0.03661629249840748
0.0034375,0.4228259138329782,-0.03661629249840748
0.00343875,0.4191282213349247,-0.03593935995166311
0.00344,0.4117328363388175,-0.03695475877177966
0.00344125,0.4006397588446567,-0.03593935995166311
0.0034425,0.3969420663466032,-0.03323162976468563
0.00344375,0.3747559113582817,-0.03255469721794126
0.003445,0.3673605263621745,-0.03153929839782471
0.00344625,0.3673605263621745,-0.03153929839782471
0.0034475,0.3673605263621745,-0.03187776467119689
0.00344875,0.3562674488680138,-0.03120083212445252
0.00345,0.3488720638719066,-0.03018543330433597
0.00345125,0.3377789863777458,-0.02815463566410286
0.0034525,0.3303836013816387,-0.02747770311735849
0.00345375,0.3266859088835851,-0.02713923684398631
0.003455,0.3192905238874779,-0.02747770311735849
0.00345625,0.3155928313894243,-0.02612383802386975
0.0034575,0.3081974463933171,-0.02713923684398631
0.00345875,0.30080206139721,-0.02307764156352009
0.00346,0.2860112914049956,-0.02206224274340354
0.00346125,0.2823135989069421,-0.02240070901677572
0.0034625,0.2749182139108349,-0.02206224274340354
0.00346375,0.2749182139108349,-0.02036991137654262
0.003465,0.256429751420567,-0.02172377647003135
0.00346625,0.2527320589225134,-0.01935451255642606
0.0034675,0.2490343664244598,-0.01867758000968169
0.00346875,0.2453366739264062,-0.01901604628305388
0.00347,0.2231505189380847,-0.01664678236944859
0.00347125,0.2231505189380847,-0.01766218118956514
0.0034725,0.2194528264400311,-0.01664678236944859
0.00347375,0.2009643639497632,-0.01529291727595985
0.003475,0.2009643639497632,-0.01326211963572674
0.00347625,0.1898712864556025,-0.01360058590909892
0.0034775,0.1861735939575489,-0.01292365336235455
0.00347875,0.1861735939575489,-0.011908254542238
0.00348,0.167685131467281,-0.01089285572212145
0.00348125,0.1565920539731202,-0.01224672081561019
0.0034825,0.1602897464711738,-0.01055438944874926
0.00348375,0.1454989764789595,-0.009200524355260524
0.003485,0.1491966689770131,-0.008862058081888341
0.00348625,0.1270105139886916,-0.006831260441655233
0.0034875,0.1196151289925844,-0.006154327894910864
0.00348875,0.1122197439964772,-0.006492794168283048
0.00349,0.1159174364945308,-0.004800462801422125
0.00349125,0.09742897400426288,-0.003785063981305571
0.0034925,0.08633589651010214,-0.002769665161189018
0.00349375,0.09003358900815572,-0.002769665161189018
0.003495,0.07894051151399496,-0.002431198887816833
0.00349625,0.0715451265178878,-0.002092732614444648
0.0034975,0.06414974152178063,-6.19349742115409e-05
0.00349875,0.05675435652567346,-0.0004004012475837255
0.0035,0.05675435652567346,0.001291930119277197
0.00350125,0.04566127903151271,0.002645795212765936
0.0035025,0.02717281654124479,0.00298426148613812
0.00350375,0.02717281654124479,0.00298426148613812
0.003505,0.008684354050976872,0.005353525399743412
0.00350625,-0.006106415941237463,0.006030457946487782
0.0035075,-0.006106415941237463,0.006368924219859966
0.00350875,-0.00240872344318388,0.006707390493232151
0.00351,-0.006106415941237463,0.006368924219859966
0.00351125,-0.01719949343539821,0.007722789313348704
0.0035125,-0.03199026342761255,0.009415120680209627
0.00351375,-0.0430833409217733,0.01043051950032618
0.003515,-0.05047872591788047,0.01043051950032618
0.00351625,-0.0652694959100948,0.01246131714055929
0.0035175,-0.06896718840814839,0.01279978341393147
0.00351875,-0.05787411091398764,0.01246131714055929
0.00352,-0.06896718840814839,0.01279978341393147
0.00352125,-0.08006026590230914,0.01483058105416458
0.0035225,-0.09485103589452348,0.01618444614765332
0.00352375,-0.1022464208906306,0.01618444614765332
0.003525,-0.1133394983847914,0.01719984496776987
0.00352625,-0.1207348833808986,0.01753831124114206
0.0035275,-0.1207348833808986,0.01821524378788643
0.00352875,-0.1355256533731129,0.01990757515474735
0.00353,-0.1466187308672736,0.0209229739748639
0.00353125,-0.1466187308672736,0.01990757515474735
0.0035325,-0.1577118083614344,0.02159990652160827
0.00353375,-0.1577118083614344,0.02126144024823609
0.003535,-0.1651071933575416,0.02261530534172483
0.00353625,-0.1651071933575416,0.02396917043521356
0.0035375,-0.1835956558478095,0.02464610298195793
0.00353875,-0.1983864258400238,0.0253230355287023
0.00354,-0.1983864258400238,0.02633843434881886
0.00354125,-0.2020841183380774,0.02803076571567978
0.0035425,-0.2168748883302918,0.02938463080916852
0.00354375,-0.2316656583225061,0.02836923198905196
0.003545,-0.2353633508205597,0.02870769826242415
0.00354625,-0.2390610433186132,0.0297230970825407
0.0035475,-0.2427587358166668,0.0297230970825407
0.00354875,-0.2575495058088811,0.032092360996146
0.00355,-0.2538518133108276,0.03107696217602944
0.00355125,-0.2649448908049883,0.03344622608963474
0.0035525,-0.2723402758010955,0.03378469236300692
0.00355375,-0.2871310457933098,0.03547702372986784
0.003555,-0.2871310457933098,0.03513855745649566
0.00355625,-0.294526430789417,0.03513855745649566
0.0035575,-0.3056195082835778,0.03683088882335658
0.00355875,-0.3167125857777385,0.03818475391684532
0.00356,-0.3167125857777385,0.03750782137010095
0.00356125,-0.3241079707738457,0.03818475391684532
0.0035625,-0.3241079707738457,0.03920015273696187
0.00356375,-0.33889874076606,0.04055401783045061
0.003565,-0.33889874076606,0.04123095037719497
0.00356625,-0.3536895107582744,0.04123095037719497
0.0035675,-0.3573872032563279,0.04123095037719497
0.00356875,-0.3573872032563279,0.04393868056417245
0.00357,-0.3869687432407566,0.04393868056417245
0.00357125,-0.3943641282368638,0.04427714683754463
0.0035725,-0.3906664357388102,0.04461561311091683
0.00357375,-0.3906664357388102,0.04596947820440556
0.003575,-0.3980618207349174,0.04698487702452211
0.00357625,-0.4165502832251853,0.0473233432978943
0.0035775,-0.4239456682212924,0.04766180957126649
0.00357875,-0.427643360719346,0.04698487702452211
0.00358,-0.427643360719346,0.04935414093812741
0.00358125,-0.4387364382135068,0.05003107348487178
0.0035825,-0.4498295157076675,0.05104647230498834
0.00358375,-0.4424341307115603,0.05104647230498834
0.003585,-0.4609225932018283,0.05206187112510488
0.00358625,-0.4646202856998818,0.05206187112510488
0.0035875,-0.4646202856998818,0.05273880367184926
0.00358875,-0.4757133631940426,0.05341573621859362
0.00359,-0.4978995181823641,0.05544653385882672
0.00359125,-0.5015972106804176,0.05578500013219892
0.0035925,-0.5052949031784713,0.05680039895231546
0.00359375,-0.5126902881745784,0.05680039895231546
0.003595,-0.5089925956765249,0.05747733149905984
0.00359625,-0.516387980672632,0.05713886522568766
0.0035975,-0.5237833656687392,0.05781579777243202
0.00359875,-0.5200856731706857,0.05849273031917639
0.0036,-0.5274810581667928,0.0605235279594095
0.00360125,-0.5570625981512215,0.06086199423278169
0.0036025,-0.5570625981512215,0.06120046050615387
0.00360375,-0.560760290649275,0.06187739305289824
0.003605,-0.5644579831473286,0.06187739305289824
0.00360625,-0.5718533681434358,0.06356972441975915
0.0036075,-0.5681556756453822,0.06255432559964261
0.00360875,-0.5792487531395429,0.06390819069313135
0.00361,-0.5940395231317573,0.06492358951324789
0.00361125,-0.5903418306337037,0.06526205578662007
0.0036125,-0.6088302931239716,0.06526205578662007
0.00361375,-0.6014349081278645,0.06695438715348101
0.003615,-0.6162256781200788,0.06830825224696974
0.00361625,-0.6273187556142396,0.06932365106708629
0.0036175,-0.6199233706181324,0.06763131970022537
0.00361875,-0.6347141406103467,0.06864671852034193
0.00362,-0.6273187556142396,0.06898518479371411
0.00362125,-0.6347141406103467,0.07067751616057504
0.0036225,-0.6495049106025611,0.07067751616057504
0.00362375,-0.6569002955986682,0.07101598243394722
0.003625,-0.6642956805947754,0.07236984752743596
0.00362625,-0.667993373092829,0.07203138125406378
0.0036275,-0.6753887580889362,0.07338524634755252
0.00362875,-0.6790864505869897,0.07406217889429688
0.00363,-0.6864818355830969,0.0737237126209247
0.00363125,-0.6790864505869897,0.07507757771441344
0.0036325,-0.6864818355830969,0.07406217889429688
0.00363375,-0.6975749130772576,0.07507757771441344
0.003635,-0.7086679905714184,0.07541604398778562
0.00363625,-0.7012726055753112,0.0757545102611578
0.0036375,-0.712365683069472,0.07643144280790218
0.00363875,-0.712365683069472,0.07744684162801872
0.00364,-0.7308541455597399,0.07880070672150746
0.00364125,-0.7271564530616863,0.0777853079013909
0.0036425,-0.7382495305558471,0.07981610554162402
0.00364375,-0.7345518380577934,0.07947763926825183
0.003645,-0.7456449155519542,0.0801545718149962
0.00364625,-0.7641333780422221,0.07947763926825183
0.0036475,-0.756737993046115,0.08116997063511276
0.00364875,-0.7678310705402758,0.08150843690848494
0.00365,-0.7493426080500079,0.08083150436174057
0.00365125,-0.7678310705402758,0.08218536945522931
0.0036525,-0.7715287630383293,0.08286230200197368
0.00365375,-0.7789241480344365,0.08353923454871805
0.003655,-0.7789241480344365,0.08353923454871805
0.00365625,-0.7826218405324901,0.08387770082209023
0.0036575,-0.7826218405324901,0.08455463336883461
0.00365875,-0.7937149180266508,0.08590849846232335
0.00366,-0.801110303022758,0.08590849846232335
0.00366125,-0.8048079955208116,0.08692389728243989
0.0036625,-0.8085056880188651,0.08557003218895115
0.00366375,-0.8085056880188651,0.08658543100906771
0.003665,-0.8122033805169188,0.08658543100906771
0.00366625,-0.8232964580110795,0.08726236355581207
0.0036675,-0.8159010730149723,0.08760082982918427
0.00366875,-0.8306918430071867,0.08861622864930081
0.00367,-0.8417849205013475,0.08760082982918427
0.00367125,-0.8417849205013475,0.08827776237592863
0.0036725,-0.8528779979955081,0.09030856001616173
0.00367375,-0.8491803054974546,0.08963162746941737
0.003675,-0.8417849205013475,0.08997009374278955
0.00367625,-0.845482612999401,0.08963162746941737
0.0036775,-0.8491803054974546,0.08997009374278955
0.00367875,-0.845482612999401,0.09098549256290611
0.00368,-0.8528779979955081,0.09064702628953393
0.00368125,-0.8602733829916154,0.09166242510965047
0.0036825,-0.8787618454818833,0.09233935765639485
0.00368375,-0.8787618454818833,0.09166242510965047
0.003685,-0.8787618454818833,0.09200089138302266
0.00368625,-0.8787618454818833,0.09267782392976703
0.0036875,-0.8935526154740976,0.09369322274988359
0.00368875,-0.8750641529838297,0.09437015529662796
0.00369,-0.871366460485776,0.0933547564765114
0.00369125,-0.8861572304779904,0.09403168902325577
0.0036925,-0.9009480004702047,0.09403168902325577
0.00369375,-0.9009480004702047,0.09369322274988359
0.003695,-0.9083433854663119,0.09437015529662796
0.00369625,-0.9046456929682584,0.0957240203901167
0.0036975,-0.9046456929682584,0.0957240203901167
0.00369875,-0.9046456929682584,0.09504708784337232
0.0037,-0.9194364629604727,0.09606248666348888
0.00370125,-0.9157387704624191,0.09606248666348888
0.0037025,-0.9120410779643655,0.09640095293686106
0.00370375,-0.9120410779643655,0.09606248666348888
0.003705,-0.9194364629604727,0.09504708784337232
0.00370625,-0.9268318479565798,0.09640095293686106
0.0037075,-0.9194364629604727,0.09843175057709418
0.00370875,-0.9231341554585263,0.09640095293686106
0.00371,-0.9305295404546334,0.0977548180303498
0.00371125,-0.9305295404546334,0.0977548180303498
0.0037125,-0.9268318479565798,0.09673941921023324
0.00371375,-0.9416226179487942,0.09741635175697762
0.003715,-0.9490180029449014,0.0977548180303498
0.00371625,-0.9453203104468477,0.09707788548360544
0.0037175,-0.9342272329526871,0.09809328430372198
0.00371875,-0.9379249254507406,0.0977548180303498
0.00372,-0.9379249254507406,0.09741635175697762
0.00372125,-0.9453203104468477,0.09944714939721072
0.0037225,-0.9490180029449014,0.09843175057709418
0.00372375,-0.9490180029449014,0.0997856156705829
0.003725,-0.9453203104468477,0.0977548180303498
0.00372625,-0.9453203104468477,0.09910868312383854
0.0037275,-0.9601110804390621,0.09877021685046636
0.00372875,-0.9564133879410085,0.1004625482173273
0.00373,-0.9601110804390621,0.0997856156705829
0.00373125,-0.9564133879410085,0.09877021685046636
0.0037325,-0.9564133879410085,0.0997856156705829
0.00373375,-0.9564133879410085,0.1004625482173273
0.003735,-0.9564133879410085,0.09877021685046636
0.00373625,-0.9601110804390621,0.0997856156705829
0.0037375,-0.9601110804390621,0.1004625482173273
0.00373875,-0.9638087729371156,0.1001240819439551
0.00374,-0.9638087729371156,0.0997856156705829
0.00374125,-0.9564133879410085,0.09944714939721072
0.0037425,-0.9601110804390621,0.09944714939721072
0.00374375,-0.952715695442955,0.1001240819439551
0.003745,-0.9638087729371156,0.09944714939721072
0.00374625,-0.9564133879410085,0.0997856156705829
0.0037475,-0.9712041579332229,0.09944714939721072
0.00374875,-0.9675064654351693,0.1004625482173273
0.00375,-0.9675064654351693,0.1004625482173273
0.00375125,-0.9601110804390621,0.1004625482173273
0.0037525,-0.9675064654351693,0.1004625482173273
0.00375375,-0.9712041579332229,0.1008010144906995
0.003755,-0.9638087729371156,0.1008010144906995
0.00375625,-0.9712041579332229,0.0997856156705829
0.0037575,-0.9712041579332229,0.0997856156705829
0.00375875,-0.9749018504312764,0.1004625482173273
0.00376,-0.9712041579332229,0.1001240819439551
0.00376125,-0.952715695442955,0.09944714939721072
0.0037625,-0.9675064654351693,0.09877021685046636
0.00376375,-0.9564133879410085,0.0997856156705829
0.003765,-0.9675064654351693,0.1001240819439551
0.00376625,-0.9601110804390621,0.1004625482173273
0.0037675,-0.9638087729371156,0.09877021685046636
0.00376875,-0.9601110804390621,0.09910868312383854
0.00377,-0.9638087729371156,0.09944714939721072
0.00377125,-0.9675064654351693,0.09843175057709418
0.0037725,-0.9564133879410085,0.09809328430372198
0.00377375,-0.9564133879410085,0.09944714939721072
0.003775,-0.9564133879410085,0.09910868312383854
0.00377625,-0.9564133879410085,0.09877021685046636
0.0037775,-0.9638087729371156,0.09877021685046636
0.00377875,-0.9564133879410085,0.09741635175697762
0.00378,-0.9490180029449014,0.09843175057709418
0.00378125,-0.9638087729371156,0.09843175057709418
0.0037825,-0.952715695442955,0.09877021685046636
0.00378375,-0.9416226179487942,0.0977548180303498
0.003785,-0.9490180029449014,0.09707788548360544
0.00378625,-0.9490180029449014,0.09673941921023324
0.0037875,-0.9490180029449014,0.09741635175697762
0.00378875,-0.9453203104468477,0.09606248666348888
0.00379,-0.9453203104468477,0.09741635175697762
0.00379125,-0.952715695442955,0.0977548180303498
0.0037925,-0.9453203104468477,0.09640095293686106
0.00379375,-0.9342272329526871,0.0957240203901167
0.003795,-0.9268318479565798,0.09538555411674451
0.00379625,-0.9453203104468477,0.09673941921023324
0.0037975,-0.9231341554585263,0.0957240203901167
0.00379875,-0.9194364629604727,0.09504708784337232
0.0038,-0.9194364629604727,0.09538555411674451
0.00380125,-0.9231341554585263,0.09470862157000014
0.0038025,-0.9231341554585263,0.09470862157000014
0.00380375,-0.9268318479565798,0.09470862157000014
0.003805,-0.9194364629604727,0.09301629020313922
0.00380625,-0.9046456929682584,0.09403168902325577
0.0038075,-0.9194364629604727,0.09403168902325577
0.00380875,-0.8972503079721512,0.0933547564765114
0.00381,-0.9046456929682584,0.0933547564765114
0.00381125,-0.9009480004702047,0.09301629020313922
0.0038125,-0.9046456929682584,0.09200089138302266
0.00381375,-0.8972503079721512,0.09098549256290611
0.003815,-0.889854922976044,0.09233935765639485
0.00381625,-0.9009480004702047,0.09166242510965047
0.0038175,-0.8824595379799368,0.09166242510965047
0.00381875,-0.8824595379799368,0.09098549256290611
0.00382,-0.8824595379799368,0.09030856001616173
0.00382125,-0.8787618454818833,0.08997009374278955
0.0038225,-0.8824595379799368,0.09064702628953393
0.00382375,-0.8861572304779904,0.09030856001616173
0.003825,-0.871366460485776,0.08895469492267301
0.00382625,-0.8676687679877225,0.08929316119604519
0.0038275,-0.8676687679877225,0.08793929610255645
0.00382875,-0.8602733829916154,0.08658543100906771
0.00383,-0.8491803054974546,0.08827776237592863
0.00383125,-0.8565756904935617,0.08624696473569553
0.0038325,-0.8565756904935617,0.08692389728243989
0.00383375,-0.8417849205013475,0.08760082982918427
0.003835,-0.8417849205013475,0.08658543100906771
0.00383625,-0.8380872280032938,0.08590849846232335
0.0038375,-0.8343895355052402,0.08421616709546241
0.00383875,-0.8306918430071867,0.08421616709546241
0.00384,-0.8269941505091331,0.08523156591557897
0.00384125,-0.8343895355052402,0.08421616709546241
0.0038425,-0.8269941505091331,0.08320076827534587
0.00384375,-0.8122033805169188,0.08387770082209023
0.003845,-0.8085056880188651,0.08320076827534587
0.00384625,-0.8048079955208116,0.08184690318185713
0.0038475,-0.8085056880188651,0.08252383572860149
0.00384875,-0.7974126105247044,0.08083150436174057
0.00385,-0.7937149180266508,0.08116997063511276
0.00385125,-0.7789241480344365,0.07913917299487964
0.0038525,-0.7900172255285972,0.0801545718149962
0.00385375,-0.7863195330305437,0.0801545718149962
0.003855,-0.7752264555363829,0.07846224044813528
0.00385625,-0.7715287630383293,0.07744684162801872
0.0038575,-0.7641333780422221,0.07744684162801872
0.00385875,-0.7604356855441686,0.07710837535464654
0.00386,-0.756737993046115,0.07676990908127436
0.00386125,-0.7530403005480614,0.07541604398778562
0.0038625,-0.7419472230539007,0.07676990908127436
0.00386375,-0.7382495305558471,0.07473911144104124
0.003865,-0.7456449155519542,0.07541604398778562
0.00386625,-0.7345518380577934,0.07440064516766906
0.0038675,-0.7382495305558471,0.0737237126209247
0.00386875,-0.7271564530616863,0.07338524634755252
0.00387,-0.7160633755675255,0.07236984752743596
0.00387125,-0.7012726055753112,0.07169291498069159
0.0038725,-0.6975749130772576,0.07169291498069159
0.00387375,-0.6975749130772576,0.07101598243394722
0.003875,-0.6864818355830969,0.06932365106708629
0.00387625,-0.6938772205792041,0.07033904988720285
0.0038775,-0.6864818355830969,0.06932365106708629
0.00387875,-0.6790864505869897,0.06864671852034193
0.00388,-0.6716910655908825,0.06898518479371411
0.00388125,-0.6716910655908825,0.06796978597359755
0.0038825,-0.6569002955986682,0.06729285342685319
0.00388375,-0.6458072181045075,0.06526205578662007
0.003885,-0.6532026031006146,0.06627745460673663
0.00388625,-0.6458072181045075,0.06593898833336445
0.0038875,-0.6347141406103467,0.06390819069313135
0.00388875,-0.6421095256064538,0.06492358951324789
0.00389,-0.6310164481122932,0.06424665696650353
0.00389125,-0.6273187556142396,0.06289279187301479
0.0038925,-0.6162256781200788,0.06221585932627043
0.00389375,-0.6125279856220253,0.06086199423278169
0.003895,-0.605132600625918,0.0605235279594095
0.00389625,-0.5940395231317573,0.06018506168603731
0.0038975,-0.5940395231317573,0.05950812913929295
0.00389875,-0.5866441381356501,0.05950812913929295
0.0039,-0.5792487531395429,0.05849273031917639
0.00390125,-0.5829464456375966,0.05781579777243202
0.0039025,-0.5570625981512215,0.05680039895231546
0.00390375,-0.5570625981512215,0.05578500013219892
0.003905,-0.5422718281590071,0.05476960131208236
0.00390625,-0.5385741356609536,0.05544653385882672
0.0039075,-0.5348764431629,0.054092668765338
0.003908750000000001,-0.5496672131551142,0.0537542024919658
0.00391,-0.5348764431629,0.0537542024919658
0.003911250000000001,-0.5311787506648463,0.05443113503871018
0.0039125,-0.5274810581667928,0.05138493857836052
0.003913750000000001,-0.5126902881745784,0.05104647230498834
0.003915,-0.5015972106804176,0.05104647230498834
0.00391625,-0.5089925956765249,0.05036953975824396
0.0039175,-0.4868064406882034,0.04867720839138304
0.00391875,-0.4757133631940426,0.04901567466475522
0.003920000000000001,-0.4831087481901498,0.0473233432978943
0.00392125,-0.472015670695989,0.04698487702452211
0.003922500000000001,-0.4683179781979355,0.04766180957126649
0.00392375,-0.4646202856998818,0.04461561311091683
0.003925000000000001,-0.4572249007037747,0.04529254565766119
0.00392625,-0.4424341307115603,0.04495407938428901
0.0039275,-0.4313410532173996,0.04393868056417245
0.00392875,-0.4239456682212924,0.04326174801742809
0.00393,-0.4165502832251853,0.04123095037719497
0.003931250000000001,-0.4128525907271317,0.04089248410382279
0.0039325,-0.4165502832251853,0.04190788292393935
0.003933750000000001,-0.4017595132329709,0.03987708528370625
0.003935,-0.3906664357388102,0.03920015273696187
0.003936250000000001,-0.3906664357388102,0.03852322019021751
0.0039375,-0.3795733582446494,0.03750782137010095
0.00393875,-0.3795733582446494,0.03784628764347313
0.003940000000000001,-0.3647825882524351,0.03615395627661221
0.00394125,-0.3610848957543815,0.03649242254998439
0.003942500000000001,-0.3499918182602207,0.03446162490975128
0.00394375,-0.3352010482680065,0.03344622608963474
0.003945000000000001,-0.3278056632718993,0.03310775981626254
0.00394625,-0.3278056632718993,0.0317538947227738
0.0039475,-0.3204102782757921,0.03243082726951818
0.00394875,-0.3130148932796849,0.03141542844940162
0.00395,-0.3130148932796849,0.03073849590265726
0.003951250000000001,-0.3056195082835778,0.03006156335591289
0.0039525,-0.3019218157855242,0.0297230970825407
0.003953750000000001,-0.2871310457933098,0.02769229944230759
0.003955,-0.2797356607972027,0.02803076571567978
0.003956250000000001,-0.2723402758010955,0.02599996807544667
0.0039575,-0.2649448908049883,0.02667690062219104
0.00395875,-0.2575495058088811,0.02430763670858575
0.00396,-0.2612471983069348,0.02464610298195793
0.00396125,-0.2427587358166668,0.02430763670858575
0.003962500000000001,-0.2279679658244525,0.02261530534172483
0.00396375,-0.2242702733263989,0.02193837279498046
0.003965000000000001,-0.2168748883302918,0.02193837279498046
0.00396625,-0.2168748883302918,0.02193837279498046
0.003967500000000001,-0.2131771958322382,0.01956910888137517
0.00396875,-0.205781810836131,0.01855371006125861
0.00397,-0.1835956558478095,0.01753831124114206
0.00397125,-0.1762002708517023,0.01821524378788643
0.0039725,-0.1798979633497559,0.01719984496776987
0.003973750000000001,-0.1762002708517023,0.01686137869439769
0.003975,-0.1651071933575416,0.01415364850742021
0.003976250000000001,-0.161409500859488,0.01516904732753676
0.0039775,-0.1429210383692201,0.01381518223404803
0.003978750000000001,-0.1355256533731129,0.01313824968730366
0.00398,-0.1318279608750593,0.01178438459381492
0.00398125,-0.117037190882845,0.0121228508671871
0.003982500000000001,-0.1133394983847914,0.01110745204707055
0.00398375,-0.1022464208906306,0.01076898577369837
0.003985000000000001,-0.1022464208906306,0.008399721860093074
0.00398625,-0.09854872839257706,0.008399721860093074
0.003987500000000001,-0.08375795840036272,0.007722789313348704
0.00398875,-0.07636257340425556,0.006368924219859966
0.00399,-0.0652694959100948,0.006707390493232151
0.00399125,-0.06157180341204122,0.004676592852999043
0.0039925,-0.05047872591788047,0.004676592852999043
0.003993750000000001,-0.05047872591788047,0.00366119403288249
0.003995,-0.03568795592566613,0.002645795212765936
0.003996250000000001,-0.03199026342761255,0.001291930119277197
0.0039975,-0.01719949343539821,0.0002765312991606437
0.003998750000000001,-0.01719949343539821,0.0009534638459050128
0.004,-0.0208971859334518,-6.19349742115409e-05
0.00400125,0.001288969054869704,-6.19349742115409e-05
0.0040025,0.001288969054869704,-0.002431198887816833
0.00400375,0.01977743154513762,-0.002769665161189018
0.004005000000000001,0.03087050903929837,-0.004800462801422125
0.00400625,0.03826589403540554,-0.004800462801422125
0.004007500000000001,0.04566127903151271,-0.005815861621538678
0.00400875,0.04566127903151271,-0.004461996528049941
0.004010000000000001,0.04196358653345913,-0.006492794168283048
0.00401125,0.06414974152178063,-0.009200524355260524
0.0040125,0.07524281901594138,-0.007846659261771787
0.00401375,0.07894051151399496,-0.009200524355260524
0.004015,0.08633589651010214,-0.01021592317537708
0.004016250000000001,0.09003358900815572,-0.01089285572212145
0.0040175,0.0937312815062093,-0.01224672081561019
0.004018750000000001,0.1085220514984236,-0.01156978826886582
0.00402,0.1048243590003701,-0.01393905218247111
0.004021250000000001,0.1307082064867451,-0.01393905218247111
0.0040225,0.1344058989847987,-0.01393905218247111
0.00402375,0.1418012839809059,-0.01563138354933203
0.004025000000000001,0.1418012839809059,-0.01596984982270422
0.00402625,0.1565920539731202,-0.01732371491619296
0.004027500000000001,0.1713828239653346,-0.01732371491619296
0.00402875,0.167685131467281,-0.01833911373630951
0.004030000000000001,0.1713828239653346,-0.02036991137654262
0.00403125,0.1824759014594953,-0.01901604628305388
0.0040325,0.1935689789536561,-0.02036991137654262
0.00403375,0.1972666714517096,-0.02240070901677572
0.004035,0.212057441443924,-0.02273917529014791
0.004036250000000001,0.2157551339419776,-0.02240070901677572
0.0040375,0.2157551339419776,-0.02341610783689228
0.004038750000000001,0.2194528264400311,-0.02443150665700883
0.00404,0.2416389814283527,-0.02612383802386975
0.004041250000000001,0.2416389814283527,-0.02544690547712538
0.0040425,0.2490343664244598,-0.02646230429724194
0.00404375,0.2712205214127813,-0.02883156821084723
0.004045,0.2712205214127813,-0.02815463566410286
0.00404625,0.2860112914049956,-0.02849310193747505
0.004047500000000001,0.2897089839030492,-0.0295085007575916
0.00404875,0.2897089839030492,-0.03187776467119689
0.004050000000000001,0.30080206139721,-0.03153929839782471
0.00405125,0.2971043688991564,-0.03255469721794126
0.004052500000000001,0.3118951388913708,-0.03289316349131345
0.00405375,0.3229882163855315,-0.03289316349131345
0.004055,0.3303836013816387,-0.03424702858480218
0.00405625,0.3340812938796923,-0.03526242740491874
0.0040575,0.3488720638719066,-0.03492396113154655
0.004058750000000001,0.3636628338641209,-0.03593935995166311
0.00406,0.3525697563699602,-0.03729322504515184
0.004061250000000001,0.3599651413660673,-0.03966248895875714
0.0040625,0.3710582188602281,-0.0383086238652684
0.004063750000000001,0.3821512963543888,-0.03898555641201276
0.004065,0.3821512963543888,-0.03932402268538496
0.00406625,0.389546681350496,-0.03966248895875714
0.004067500000000001,0.4080351438407639,-0.04169328659899024
0.00406875,0.4080351438407639,-0.04237021914573462
0.004070000000000001,0.4080351438407639,-0.0427086854191068
0.00407125,0.4265236063310319,-0.04338561796585116
0.004072500000000001,0.433918991327139,-0.04507794933271209
0.00407375,0.4376166838251926,-0.04541641560608428
0.004075,0.4487097613193534,-0.04541641560608428
0.00407625,0.4487097613193534,-0.04575488187945646
0.0040775,0.4524074538174069,-0.04778567951968957
0.004078750000000001,0.4708959163076749,-0.04812414579306175
0.00408,0.4819889938018356,-0.04846261206643393
0.004081250000000001,0.478291301303782,-0.04913954461317831
0.0040825,0.478291301303782,-0.04981647715992267
0.004083750000000001,0.478291301303782,-0.05049340970666705
0.004085,0.4930820712959963,-0.05184727480015579
0.00408625,0.4967797637940499,-0.05049340970666705
0.0040875,0.5152682262843179,-0.05320113989364451
0.00408875,0.5263613037784786,-0.05387807244038889
0.004090000000000001,0.5374543812726393,-0.05320113989364451
0.00409125,0.5263613037784786,-0.05353960616701671
0.004092500000000001,0.522663611280425,-0.05320113989364451
0.00409375,0.5300589962765322,-0.05557040380724981
0.004095000000000001,0.5559428437629073,-0.05692426890073855
0.00409625,0.5596405362609609,-0.05624733635399418
0.0040975,0.5559428437629073,-0.05827813399422729
0.00409875,0.5744313062531752,-0.0579396677208551
0.0041,0.567035921257068,-0.05895506654097166
0.004101250000000001,0.5781289987512288,-0.05895506654097166
0.0041025,0.5781289987512288,-0.0603089316344604
0.004103750000000001,0.5929197687434431,-0.06132433045457696
0.004105,0.6040128462376039,-0.06166279672794914
0.004106250000000001,0.611408231233711,-0.06132433045457696
0.0041075,0.611408231233711,-0.06301666182143788
0.00410875,0.6225013087278718,-0.06369359436818224
0.004110000000000001,0.6298966937239789,-0.06369359436818224
0.00411125,0.6409897712181397,-0.0647089931882988
0.004112500000000001,0.6483851562142469,-0.06538592573504316
0.00411375,0.6409897712181397,-0.0667397908285319
0.004115000000000001,0.6483851562142469,-0.06538592573504316
0.00411625,0.6483851562142469,-0.0670782571019041
0.0041175,0.6520828487123005,-0.06809365592202064
0.00411875,0.6668736187045148,-0.06877058846876502
0.00412,0.6742690037006219,-0.06877058846876502
0.004121250000000001,0.6853620811947827,-0.0691090547421372
0.0041225,0.6853620811947827,-0.06944752101550938
0.004123750000000001,0.6964551586889435,-0.07046291983562594
0.004125,0.6890597736928363,-0.07113985238237031
0.004126250000000001,0.7038505436850506,-0.07215525120248686
0.0041275,0.7112459286811578,-0.07249371747585905
0.00412875,0.7075482361831043,-0.07317065002260341
0.00413,0.7149436211792114,-0.07249371747585905
0.00413125,0.7260366986733722,-0.07317065002260341
0.004132500000000001,0.7297343911714257,-0.07418604884271997
0.00413375,0.7371297761675329,-0.07418604884271997
0.004135000000000001,0.7334320836694793,-0.07384758256934779
0.00413625,0.7482228536616936,-0.07587838020958089
0.004137500000000001,0.7519205461597472,-0.07655531275632527
0.00413875,0.7593159311558544,-0.07689377902969745
0.00414,0.7704090086500152,-0.07858611039655837
0.00414125,0.7704090086500152,-0.07790917784981399
0.0041425,0.7667113161519615,-0.07723224530306963
0.004143750000000001,0.7778043936461223,-0.07926304294330273
0.004145,0.7815020861441759,-0.07824764412318619
0.004146250000000001,0.7851997786422295,-0.07892457666993055
0.0041475,0.7888974711402831,-0.07926304294330273
0.004148750000000001,0.7888974711402831,-0.07993997549004711
0.00415,0.807385933630551,-0.08095537431016366
0.00415125,0.8184790111247118,-0.0823092394036524
0.004152500000000001,0.8258743961208189,-0.0823092394036524
0.00415375,0.8221767036227653,-0.08163230685690803
0.004155000000000001,0.807385933630551,-0.08197077313028021
0.00415625,0.8147813186266581,-0.08400157077051332
0.004157500000000001,0.8258743961208189,-0.08298617195039677
0.00415875,0.8406651661130332,-0.08366310449714114
0.004160000000000001,0.8369674736149797,-0.08467850331725769
0.00416125,0.8480605511091404,-0.0843400370438855
0.0041625,0.8443628586110868,-0.08569390213737424
0.004163750000000001,0.851758243607194,-0.0867093009574908
0.004165,0.8554559361052476,-0.08603236841074643
0.004166250000000001,0.8628513211013548,-0.08637083468411862
0.0041675,0.8628513211013548,-0.08535543586400206
0.004168750000000001,0.8591536286033011,-0.08738623350423516
0.00417,0.8628513211013548,-0.08738623350423516
0.00417125,0.8739443985955155,-0.0890785648710961
0.0041725,0.8739443985955155,-0.08840163232435172
0.00417375,0.8813397835916227,-0.0890785648710961
0.004175000000000001,0.8924328610857835,-0.08941703114446828
0.00417625,0.8924328610857835,-0.08975549741784046
0.004177500000000001,0.8924328610857835,-0.09043242996458482
0.00417875,0.8887351685877298,-0.08941703114446828
0.004180000000000001,0.8924328610857835,-0.09077089623795702
0.00418125,0.9035259385799441,-0.09144782878470138
0.0041825,0.9146190160741049,-0.09178629505807356
0.00418375,0.9146190160741049,-0.08975549741784046
0.004185,0.9109213235760514,-0.09246322760481794
0.004186250000000001,0.9109213235760514,-0.09077089623795702
0.0041875,0.9109213235760514,-0.09246322760481794
0.004188750000000001,0.9109213235760514,-0.09246322760481794
0.00419,0.922014401070212,-0.0931401601515623
0.004191250000000001,0.922014401070212,-0.09381709269830668
0.0041925,0.9368051710624264,-0.09415555897167886
0.00419375,0.94050286356048,-0.09347862642493449
0.004195000000000001,0.9368051710624264,-0.09449402524505104
0.00419625,0.9478982485565872,-0.09483249151842323
0.004197500000000001,0.9368051710624264,-0.09449402524505104
0.00419875,0.9478982485565872,-0.09415555897167886
0.004200000000000001,0.9478982485565872,-0.09517095779179541
0.00420125,0.9515959410546407,-0.09517095779179541
0.004202500000000001,0.9589913260507479,-0.09449402524505104
0.00420375,0.9626890185488015,-0.09584789033853978
0.004205,0.9663867110468551,-0.09618635661191197
0.004206250000000001,0.9589913260507479,-0.09584789033853978
0.0042075,0.9552936335526944,-0.09686328915865633
0.004208750000000001,0.9700844035449087,-0.09652482288528415
0.00421,0.9663867110468551,-0.09686328915865633
0.004211250000000001,0.9737820960429623,-0.09787868797877289
0.0042125,0.9737820960429623,-0.09686328915865633
0.00421375,0.9737820960429623,-0.09855562052551727
0.004215,0.9774797885410158,-0.09618635661191197
0.00421625,0.9811774810390694,-0.09754022170540071
0.004217500000000001,0.9848751735371231,-0.09720175543202852
0.00421875,0.9774797885410158,-0.09889408679888945
0.004220000000000001,0.9811774810390694,-0.09889408679888945
0.00422125,0.9848751735371231,-0.09889408679888945
0.004222500000000001,0.9922705585332302,-0.09787868797877289
0.00422375,0.9700844035449087,-0.09754022170540071
0.004225,0.9811774810390694,-0.09855562052551727
0.00422625,0.9996659435293372,-0.09889408679888945
0.0042275,1.003363636027391,-0.09889408679888945
0.004228750000000001,1.010759021023498,-0.1002479518923782
0.00423,0.9848751735371231,-0.09889408679888945
0.004231250000000001,0.9848751735371231,-0.09821715425214507
0.0042325,0.9848751735371231,-0.09957101934563381
0.004233750000000001,0.9922705585332302,-0.09957101934563381
0.004235,1.007061328525444,-0.09957101934563381
0.00423625,1.007061328525444,-0.09957101934563381
0.004237500000000001,1.010759021023498,-0.09923255307226163
0.00423875,0.9996659435293372,-0.09855562052551727
0.004240000000000001,0.9996659435293372,-0.09990948561900599
0.00424125,1.003363636027391,-0.09957101934563381
0.004242500000000001,1.010759021023498,-0.09957101934563381
0.00424375,1.007061328525444,-0.09889408679888945
0.004245000000000001,0.9959682510312837,-0.09923255307226163
0.00424625,1.003363636027391,-0.1002479518923782
0.0042475,1.003363636027391,-0.09923255307226163
0.004248750000000001,1.007061328525444,-0.1002479518923782
0.00425,1.007061328525444,-0.09957101934563381
0.004251250000000001,1.010759021023498,-0.1005864181657504
0.0042525,1.014456713521552,-0.09889408679888945
0.004253750000000001,0.9996659435293372,-0.09923255307226163
0.004255,0.9922705585332302,-0.09821715425214507
0.00425625,0.9959682510312837,-0.1009248844391226
0.0042575,1.003363636027391,-0.1005864181657504
0.00425875,1.010759021023498,-0.09957101934563381
0.004260000000000001,1.014456713521552,-0.09821715425214507
0.00426125,1.010759021023498,-0.09855562052551727
0.004262500000000001,1.007061328525444,-0.09855562052551727
0.00426375,0.9996659435293372,-0.09855562052551727
0.004265000000000001,0.9996659435293372,-0.09923255307226163
0.00426625,1.003363636027391,-0.09957101934563381
0.0042675,0.9959682510312837,-0.09855562052551727
0.00426875,1.003363636027391,-0.09821715425214507
0.00427,0.9959682510312837,-0.09923255307226163
0.004271250000000001,0.9996659435293372,-0.09855562052551727
0.0042725,0.9996659435293372,-0.09889408679888945
0.004273750000000001,0.9996659435293372,-0.09889408679888945
0.004275,0.9959682510312837,-0.09787868797877289
0.004276250000000001,0.9959682510312837,-0.09720175543202852
0.0042775,0.9885728660351766,-0.09720175543202852
0.00427875,0.9922705585332302,-0.09821715425214507
0.00428,0.9811774810390694,-0.09652482288528415
0.00428125,0.9885728660351766,-0.09787868797877289
0.004282500000000001,0.9922705585332302,-0.09787868797877289
0.00428375,0.9922705585332302,-0.09686328915865633
0.004285000000000001,0.9922705585332302,-0.09686328915865633
0.00428625,0.9885728660351766,-0.09787868797877289
0.004287500000000001,0.9737820960429623,-0.0955094240651676
0.00428875,0.9737820960429623,-0.09720175543202852
0.00429,0.9737820960429623,-0.09652482288528415
0.004291250000000001,0.9885728660351766,-0.09686328915865633
0.0042925,0.9848751735371231,-0.09584789033853978
0.004293750000000001,0.9737820960429623,-0.09483249151842323
0.004295,0.9811774810390694,-0.09618635661191197
0.004296250000000001,0.9700844035449087,-0.0955094240651676
0.0042975,0.9700844035449087,-0.09483249151842323
0.00429875,0.9663867110468551,-0.0955094240651676
0.0043,0.9700844035449087,-0.09483249151842323
0.00430125,0.9700844035449087,-0.09415555897167886
0.004302500000000001,0.9589913260507479,-0.09347862642493449
0.00430375,0.9589913260507479,-0.09449402524505104
0.004305000000000001,0.9589913260507479,-0.09415555897167886
0.00430625,0.9589913260507479,-0.09449402524505104
0.004307500000000001,0.9552936335526944,-0.09246322760481794
0.00430875,0.9368051710624264,-0.09246322760481794
0.00431,0.9478982485565872,-0.09178629505807356
0.00431125,0.9552936335526944,-0.09280169387819012
0.0043125,0.9442005560585336,-0.09178629505807356
0.004313750000000001,0.9331074785643728,-0.09178629505807356
0.004315,0.9294097860663193,-0.09077089623795702
0.004316250000000001,0.9294097860663193,-0.09178629505807356
0.0043175,0.9257120935682657,-0.08941703114446828
0.004318750000000001,0.9294097860663193,-0.09043242996458482
0.00432,0.9109213235760514,-0.08941703114446828
0.00432125,0.9183167085721585,-0.0890785648710961
0.0043225,0.9257120935682657,-0.0890785648710961
0.00432375,0.9146190160741049,-0.0890785648710961
0.004325000000000001,0.9109213235760514,-0.0890785648710961
0.00432625,0.9109213235760514,-0.08806316605097954
0.004327500000000001,0.9035259385799441,-0.08806316605097954
0.00432875,0.9035259385799441,-0.08806316605097954
0.004330000000000001,0.8998282460818906,-0.0867093009574908
0.00433125,0.8887351685877298,-0.08569390213737424
0.0043325,0.8850374760896762,-0.08501696959062988
0.004333750000000001,0.8850374760896762,-0.08603236841074643
0.004335,0.8813397835916227,-0.08467850331725769
0.004336250000000001,0.8850374760896762,-0.08501696959062988
0.0043375,0.8702467060974619,-0.08366310449714114
0.004338750000000001,0.8665490135994083,-0.08400157077051332
0.00434,0.8628513211013548,-0.08298617195039677
0.00434125,0.851758243607194,-0.08332463822376895
0.0043425,0.8665490135994083,-0.08332463822376895
0.00434375,0.8665490135994083,-0.08400157077051332
0.004345000000000001,0.8665490135994083,-0.08197077313028021
0.00434625,0.851758243607194,-0.07993997549004711
0.004347500000000001,0.8443628586110868,-0.08061690803679147
0.00434875,0.8332697811169261,-0.08061690803679147
0.004350000000000001,0.8332697811169261,-0.08061690803679147
0.00435125,0.8258743961208189,-0.07960150921667491
0.0043525,0.8258743961208189,-0.07960150921667491
0.00435375,0.8110836261286045,-0.07621684648295307
0.004355,0.8184790111247118,-0.07790917784981399
0.004356250000000001,0.8147813186266581,-0.07723224530306963
0.0043575,0.807385933630551,-0.07790917784981399
0.004358750000000001,0.7999905486344439,-0.07723224530306963
0.00436,0.7925951636383366,-0.07655531275632527
0.004361250000000001,0.7925951636383366,-0.07553991393620871
0.0043625,0.7962928561363902,-0.07520144766283653
0.00436375,0.7815020861441759,-0.07486298138946433
0.004365,0.7815020861441759,-0.07384758256934779
0.00436625,0.7704090086500152,-0.0735091162959756
0.004367500000000001,0.763013623653908,-0.0735091162959756
0.00436875,0.7667113161519615,-0.07283218374923123
0.004370000000000001,0.7519205461597472,-0.07046291983562594
0.00437125,0.7445251611636401,-0.07113985238237031
0.004372500000000001,0.7445251611636401,-0.07181678492911468
0.00437375,0.7371297761675329,-0.07113985238237031
0.004375,0.7371297761675329,-0.07046291983562594
0.004376250000000001,0.7334320836694793,-0.0691090547421372
0.0043775,0.7223390061753185,-0.06775518964864846
0.004378750000000001,0.7149436211792114,-0.06775518964864846
0.00438,0.7149436211792114,-0.0670782571019041
0.004381250000000001,0.7001528511869971,-0.06809365592202064
0.0043825,0.7001528511869971,-0.06741672337527628
0.00438375,0.6927574661908898,-0.06538592573504316
0.004385,0.6890597736928363,-0.06437052691492662
0.00438625,0.6927574661908898,-0.06538592573504316
0.004387500000000001,0.6742690037006219,-0.06403206064155444
0.00438875,0.6853620811947827,-0.0626781955480657
0.004390000000000001,0.6705713112025684,-0.0623397292746935
0.00439125,0.6705713112025684,-0.06132433045457696
0.004392500000000001,0.6483851562142469,-0.06132433045457696
0.00439375,0.6372920787200861,-0.06098586418120476
0.004395,0.6446874637161933,-0.0603089316344604
0.00439625,0.6409897712181397,-0.05963199908771603
0.0043975,0.6372920787200861,-0.05861660026759948
0.004398750000000001,0.6225013087278718,-0.05997046536108822
0.0044,0.6225013087278718,-0.05726273517411073
0.004401250000000001,0.6151059237317646,-0.05726273517411073
0.0044025,0.6077105387356575,-0.05523193753387763
0.004403750000000001,0.6040128462376039,-0.05557040380724981
0.004405,0.5929197687434431,-0.05590887008062199
0.00440625,0.585524383747336,-0.05455500498713325
0.0044075,0.5744313062531752,-0.05320113989364451
0.00440875,0.5707336137551217,-0.05320113989364451
0.004410000000000001,0.5744313062531752,-0.05320113989364451
0.00441125,0.5744313062531752,-0.05150880852678359
0.004412500000000001,0.5596405362609609,-0.05184727480015579
0.00441375,0.5485474587668001,-0.04947801088655049
0.004415000000000001,0.5374543812726393,-0.04981647715992267
0.00441625,0.541152073770693,-0.04846261206643393
0.0044175,0.5300589962765322,-0.04880107833980613
0.004418750000000001,0.5300589962765322,-0.04947801088655049
0.00442,0.5300589962765322,-0.0471087469729452
0.004421250000000001,0.5041751487901571,-0.04677028069957301
0.0044225,0.5078728412882106,-0.04406255051259554
0.004423750000000001,0.4893843787979428,-0.04440101678596772
0.004425,0.4819889938018356,-0.04406255051259554
0.00442625,0.4745936088057284,-0.04203175287236242
0.0044275,0.4708959163076749,-0.04372408423922335
0.00442875,0.4745936088057284,-0.04237021914573462
0.004430000000000001,0.4671982238096213,-0.04169328659899024
0.00443125,0.4561051463154605,-0.0403394215055015
0.004432500000000001,0.4450120688212998,-0.04000095523212932
0.00443375,0.4376166838251926,-0.03932402268538496
0.004435000000000001,0.433918991327139,-0.03898555641201276
0.00443625,0.4302212988290854,-0.03763169131852404
0.0044375,0.4154305288368711,-0.03729322504515184
0.00443875,0.4117328363388175,-0.0362778262250353
0.00444,0.4080351438407639,-0.03695475877177966
0.004441250000000001,0.4006397588446567,-0.03492396113154655
0.0044425,0.3969420663466032,-0.03458549485817437
0.004443750000000001,0.389546681350496,-0.03221623094456907
0.004445,0.3784536038563353,-0.03221623094456907
0.004446250000000001,0.3636628338641209,-0.03221623094456907
0.0044475,0.3562674488680138,-0.03052389957770815
0.00444875,0.3488720638719066,-0.03052389957770815
0.00445,0.3488720638719066,-0.03052389957770815
0.00445125,0.345174371373853,-0.02984696703096379
0.004452500000000001,0.3414766788757994,-0.02815463566410286
0.00445375,0.3229882163855315,-0.02747770311735849
0.004455000000000001,0.3266859088835851,-0.02680077057061412
0.00445625,0.3192905238874779,-0.02646230429724194
0.004457500000000001,0.3044997538952636,-0.0251084392037532
0.00445875,0.2934066764011029,-0.02443150665700883
0.00446,0.2971043688991564,-0.02476997293038102
0.004461250000000001,0.2786159064088885,-0.02172377647003135
0.0044625,0.2712205214127813,-0.02375457411026446
0.004463750000000001,0.2712205214127813,-0.02036991137654262
0.004465,0.2490343664244598,-0.02036991137654262
0.004466250000000001,0.256429751420567,-0.01935451255642606
0.0044675,0.2453366739264062,-0.01969297882979825
0.00446875,0.2490343664244598,-0.01901604628305388
0.00447,0.2305459039341919,-0.01732371491619296
0.00447125,0.2268482114361383,-0.01732371491619296
0.004472500000000001,0.212057441443924,-0.01563138354933203
0.00447375,0.2083597489458704,-0.01495445100258766
0.004475000000000001,0.2046620564478168,-0.01427751845584329
0.00447625,0.1898712864556025,-0.01292365336235455
0.004477500000000001,0.1824759014594953,-0.01292365336235455
0.00447875,0.1861735939575489,-0.01156978826886582
0.00448,0.1713828239653346,-0.01224672081561019
0.00448125,0.1528943614750666,-0.01055438944874926
0.0044825,0.1528943614750666,-0.009200524355260524
0.004483750000000001,0.1454989764789595,-0.009538990628632709
0.004485,0.1418012839809059,-0.006492794168283048
0.004486250000000001,0.1196151289925844,-0.006831260441655233
0.0044875,0.123312821490638,-0.006492794168283048
0.004488750000000001,0.1159174364945308,-0.006154327894910864
0.00449,0.1159174364945308,-0.004800462801422125
0.00449125,0.0937312815062093,-0.005477395348166494
0.0044925,0.0937312815062093,-0.004123530254677756
0.00449375,0.07524281901594138,-0.002431198887816833
0.004495000000000001,0.0715451265178878,-0.001077333794328095
0.00449625,0.06414974152178063,-0.001077333794328095
0.004497500000000001,0.0715451265178878,-6.19349742115409e-05
0.00449875,0.05675435652567346,-0.0004004012475837255
0.004500000000000001,0.0493589715295663,0.001630396392649382
0.00450125,0.03456820153735196,0.002645795212765936
0.0045025,0.02717281654124479,0.00298426148613812
0.004503750000000001,0.02717281654124479,0.00298426148613812
0.004505,0.01607973904708404,0.005015059126371228
0.004506250000000001,0.008684354050976872,0.004338126579626859
0.0045075,-0.00240872344318388,0.006368924219859966
0.004508750000000001,-0.01350180093734463,0.006368924219859966
0.00451,-0.0208971859334518,0.007722789313348704
0.004511250000000001,-0.02459487843150538,0.008399721860093074
0.0045125,-0.02459487843150538,0.008061255586720889
0.00451375,-0.03199026342761255,0.010092053226954
0.004515000000000001,-0.05047872591788047,0.01076898577369837
0.00451625,-0.05787411091398764,0.01110745204707055
0.004517500000000001,-0.0652694959100948,0.01144591832044273
0.00451875,-0.07266488090620198,0.01516904732753676
0.004520000000000001,-0.08006026590230914,0.01415364850742021
0.00452125,-0.08745565089841631,0.01347671596067584
0.0045225,-0.08375795840036272,0.01550751360090895
0.00452375,-0.09485103589452348,0.01516904732753676
0.004525,-0.1022464208906306,0.01584597987428113
0.004526250000000001,-0.1133394983847914,0.01753831124114206
0.0045275,-0.1281302683770057,0.0188921763346308
0.004528750000000001,-0.1318279608750593,0.0188921763346308
0.00453,-0.1318279608750593,0.01990757515474735
0.004531250000000001,-0.1392233458711665,0.01923064260800298
0.0045325,-0.1503164233653272,0.02261530534172483
0.00453375,-0.161409500859488,0.02193837279498046
0.004535,-0.1688048858555952,0.02363070416184138
0.00453625,-0.1725025783536487,0.02329223788846919
0.004537500000000001,-0.1835956558478095,0.02396917043521356
0.00453875,-0.1946887333419702,0.02633843434881886
0.004540000000000001,-0.205781810836131,0.02735383316893541
0.00454125,-0.2131771958322382,0.02769229944230759
0.004542500000000001,-0.2094795033341846,0.02870769826242415
0.00454375,-0.2242702733263989,0.02803076571567978
0.004545,-0.2279679658244525,0.02701536689556323
0.004546250000000001,-0.2353633508205597,0.03006156335591289
0.0045475,-0.250154120812774,0.03107696217602944
0.004548750000000001,-0.2538518133108276,0.0317538947227738
0.00455,-0.2538518133108276,0.03243082726951818
0.004551250000000001,-0.2649448908049883,0.03141542844940162
0.0045525,-0.2760379682991491,0.03243082726951818
0.004553750000000001,-0.2834333532952563,0.0341231586363791
0.004555,-0.2871310457933098,0.03547702372986784
0.00455625,-0.2908287382913634,0.03649242254998439
0.004557500000000001,-0.3019218157855242,0.03547702372986784
0.00455875,-0.3130148932796849,0.03716935509672877
0.004560000000000001,-0.3130148932796849,0.03818475391684532
0.00456125,-0.3278056632718993,0.03852322019021751
0.004562500000000001,-0.3315033557699528,0.03920015273696187
0.00456375,-0.3425964332641136,0.03987708528370625
0.004565,-0.3499918182602207,0.04224634919731153
0.00456625,-0.3684802807504887,0.04156941665056717
0.0045675,-0.3684802807504887,0.04258481547068371
0.004568750000000001,-0.3647825882524351,0.04393868056417245
0.00457,-0.3684802807504887,0.04292328174405591
0.004571250000000001,-0.3758756657465959,0.04461561311091683
0.0045725,-0.3906664357388102,0.04461561311091683
0.004573750000000001,-0.3980618207349174,0.04698487702452211
0.004575,-0.4054572057310245,0.04596947820440556
0.00457625,-0.4091548982290781,0.04664641075114993
0.0045775,-0.4239456682212924,0.04800027584463867
0.00457875,-0.4313410532173996,0.04867720839138304
0.004580000000000001,-0.4350387457154532,0.04901567466475522
0.00458125,-0.4350387457154532,0.05104647230498834
0.004582500000000001,-0.4387364382135068,0.05104647230498834
0.00458375,-0.4461318232096139,0.05036953975824396
0.004585000000000001,-0.4609225932018283,0.05307726994522144
0.00458625,-0.472015670695989,0.05240033739847708
0.0045875,-0.4794110556920962,0.05341573621859362
0.004588750000000001,-0.4831087481901498,0.0537542024919658
0.00459,-0.4794110556920962,0.05476960131208236
0.004591250000000001,-0.490504133186257,0.0537542024919658
0.0045925,-0.490504133186257,0.05578500013219892
0.004593750000000001,-0.5089925956765249,0.05680039895231546
0.004595,-0.5200856731706857,0.05713886522568766
0.004596250000000001,-0.5348764431629,0.05747733149905984
0.0045975,-0.5311787506648463,0.05747733149905984
0.00459875,-0.5237833656687392,0.05916966286592076
0.004600000000000001,-0.5311787506648463,0.05984659541266513
0.00460125,-0.5348764431629,0.0605235279594095
0.004602500000000001,-0.5422718281590071,0.0605235279594095
0.00460375,-0.5570625981512215,0.06255432559964261
0.004605000000000001,-0.5570625981512215,0.06221585932627043
0.00460625,-0.5755510606414894,0.06255432559964261
0.0046075,-0.5718533681434358,0.06289279187301479
0.00460875,-0.5866441381356501,0.06356972441975915
0.00461,-0.5903418306337037,0.06526205578662007
0.004611250000000001,-0.605132600625918,0.06526205578662007
0.0046125,-0.605132600625918,0.06627745460673663
0.004613750000000001,-0.605132600625918,0.06627745460673663
0.004615,-0.6088302931239716,0.06695438715348101
0.004616250000000001,-0.6162256781200788,0.06729285342685319
0.0046175,-0.6236210631161859,0.06864671852034193
0.00461875,-0.6236210631161859,0.06796978597359755
0.00462,-0.6421095256064538,0.06864671852034193
0.00462125,-0.6384118331084003,0.07033904988720285
0.004622500000000001,-0.6532026031006146,0.07067751616057504
0.00462375,-0.6532026031006146,0.0713544487073194
0.004625000000000001,-0.6569002955986682,0.07169291498069159
0.00462625,-0.6569002955986682,0.07203138125406378
0.004627500000000001,-0.6753887580889362,0.07236984752743596
0.00462875,-0.6642956805947754,0.07203138125406378
0.00463,-0.6827841430850433,0.07406217889429688
0.00463125,-0.6901795280811505,0.07541604398778562
0.0046325,-0.6901795280811505,0.07507757771441344
0.004633750000000001,-0.7086679905714184,0.07507757771441344
0.004635,-0.6975749130772576,0.07473911144104124
0.004636250000000001,-0.712365683069472,0.0757545102611578
0.0046375,-0.7086679905714184,0.07710837535464654
0.004638750000000001,-0.7271564530616863,0.0777853079013909
0.00464,-0.7197610680655792,0.07676990908127436
0.00464125,-0.7160633755675255,0.0777853079013909
0.004642500000000001,-0.7271564530616863,0.07880070672150746
0.00464375,-0.7456449155519542,0.0801545718149962
0.004645000000000001,-0.7493426080500079,0.07981610554162402
0.00464625,-0.756737993046115,0.07981610554162402
0.004647500000000001,-0.7530403005480614,0.08083150436174057
0.00464875,-0.7530403005480614,0.08150843690848494
0.00465,-0.7530403005480614,0.08116997063511276
0.00465125,-0.7715287630383293,0.08218536945522931
0.0046525,-0.7752264555363829,0.08218536945522931
0.004653750000000001,-0.7752264555363829,0.08320076827534587
0.004655,-0.7789241480344365,0.08455463336883461
0.004656250000000001,-0.7900172255285972,0.08489309964220679
0.0046575,-0.7974126105247044,0.08353923454871805
0.004658750000000001,-0.8048079955208116,0.08489309964220679
0.00466,-0.8048079955208116,0.08421616709546241
0.00466125,-0.7863195330305437,0.08421616709546241
0.0046625,-0.801110303022758,0.08658543100906771
0.00466375,-0.8048079955208116,0.08793929610255645
0.004665000000000001,-0.8159010730149723,0.08692389728243989
0.00466625,-0.8195987655130259,0.08692389728243989
0.004667500000000001,-0.8269941505091331,0.08793929610255645
0.00466875,-0.8343895355052402,0.08861622864930081
0.004670000000000001,-0.8306918430071867,0.08929316119604519
0.00467125,-0.8380872280032938,0.08861622864930081
0.0046725,-0.8380872280032938,0.08929316119604519
0.00467375,-0.8417849205013475,0.08929316119604519
0.004675,-0.845482612999401,0.08997009374278955
0.004676250000000001,-0.845482612999401,0.08963162746941737
0.0046775,-0.8528779979955081,0.09098549256290611
0.004678750000000001,-0.8528779979955081,0.09098549256290611
0.00468,-0.8639710754896689,0.09098549256290611
0.004681250000000001,-0.8602733829916154,0.09098549256290611
0.0046825,-0.8565756904935617,0.09132395883627829
0.00468375,-0.8676687679877225,0.09200089138302266
0.004685000000000001,-0.8861572304779904,0.09301629020313922
0.00468625,-0.8824595379799368,0.09267782392976703
0.004687500000000001,-0.8787618454818833,0.09233935765639485
0.00468875,-0.8861572304779904,0.0933547564765114
0.004690000000000001,-0.889854922976044,0.09369322274988359
0.00469125,-0.8935526154740976,0.0933547564765114
0.0046925,-0.889854922976044,0.09437015529662796
0.00469375,-0.8935526154740976,0.09538555411674451
0.004695,-0.9009480004702047,0.09538555411674451
0.004696250000000001,-0.8935526154740976,0.09538555411674451
0.0046975,-0.8935526154740976,0.09538555411674451
0.004698750000000001,-0.9046456929682584,0.09538555411674451
0.0047,-0.9157387704624191,0.0957240203901167
0.004701250000000001,-0.9231341554585263,0.09606248666348888
0.0047025,-0.9194364629604727,0.09707788548360544
0.00470375,-0.9268318479565798,0.09673941921023324
0.004705,-0.9120410779643655,0.09606248666348888
0.00470625,-0.9120410779643655,0.09640095293686106
0.004707500000000001,-0.9194364629604727,0.09741635175697762
0.00470875,-0.9268318479565798,0.0977548180303498
0.004710000000000001,-0.9416226179487942,0.09843175057709418
0.00471125,-0.9342272329526871,0.09707788548360544
0.004712500000000001,-0.9268318479565798,0.09707788548360544
0.00471375,-0.9305295404546334,0.09707788548360544
0.004715,-0.9268318479565798,0.09843175057709418
0.00471625,-0.9379249254507406,0.09910868312383854
0.0047175,-0.9453203104468477,0.09809328430372198
0.004718750000000001,-0.9379249254507406,0.09910868312383854
0.00472,-0.9416226179487942,0.09707788548360544
0.004721250000000001,-0.9342272329526871,0.09707788548360544
0.0047225,-0.9453203104468477,0.09944714939721072
0.004723750000000001,-0.9564133879410085,0.09877021685046636
0.004725,-0.9564133879410085,0.09877021685046636
0.00472625,-0.9564133879410085,0.09944714939721072
0.004727500000000001,-0.9490180029449014,0.09910868312383854
0.00472875,-0.9564133879410085,0.0997856156705829
0.004730000000000001,-0.952715695442955,0.09877021685046636
0.00473125,-0.952715695442955,0.1004625482173273
0.004732500000000001,-0.952715695442955,0.09910868312383854
0.00473375,-0.9638087729371156,0.09910868312383854
0.004735,-0.9601110804390621,0.09944714939721072
0.00473625,-0.9638087729371156,0.1004625482173273
0.0047375,-0.952715695442955,0.09944714939721072
0.004738750000000001,-0.9564133879410085,0.09944714939721072
0.00474,-0.9601110804390621,0.1004625482173273
0.004741250000000001,-0.9712041579332229,0.1001240819439551
0.0047425,-0.9601110804390621,0.09944714939721072
0.004743750000000001,-0.9749018504312764,0.1011394807640716
0.004745,-0.9601110804390621,0.1001240819439551
0.00474625,-0.9601110804390621,0.1001240819439551
0.0047475,-0.9675064654351693,0.1001240819439551
0.00474875,-0.9712041579332229,0.1008010144906995
0.004750000000000001,-0.9675064654351693,0.1004625482173273
0.00475125,-0.9749018504312764,0.0997856156705829
0.004752500000000001,-0.9564133879410085,0.09944714939721072
0.00475375,-0.9675064654351693,0.1014779470374438
0.004755000000000001,-0.9675064654351693,0.1001240819439551
0.00475625,-0.9749018504312764,0.1004625482173273
0.0047575,-0.9638087729371156,0.09910868312383854
0.00475875,-0.9675064654351693,0.0997856156705829
0.00476,-0.9749018504312764,0.09944714939721072
0.004761250000000001,-0.9675064654351693,0.1004625482173273
0.0047625,-0.9638087729371156,0.101816413310816
0.004763750000000001,-0.952715695442955,0.0997856156705829
0.004765,-0.9638087729371156,0.1004625482173273
0.004766250000000001,-0.9638087729371156,0.09877021685046636
0.0047675,-0.9675064654351693,0.0997856156705829
0.00476875,-0.9601110804390621,0.09944714939721072
0.004770000000000001,-0.9712041579332229,0.09910868312383854
0.00477125,-0.9564133879410085,0.09910868312383854
0.004772500000000001,-0.9601110804390621,0.09877021685046636
0.00477375,-0.9564133879410085,0.09910868312383854
0.004775000000000001,-0.952715695442955,0.09877021685046636
0.00477625,-0.952715695442955,0.09843175057709418
0.0047775,-0.9490180029449014,0.09843175057709418
0.00477875,-0.9601110804390621,0.09910868312383854
0.00478,-0.9601110804390621,0.09809328430372198
0.004781250000000001,-0.952715695442955,0.09809328430372198
0.0047825,-0.9601110804390621,0.09843175057709418
0.004783750000000001,-0.9564133879410085,0.09843175057709418
0.004785,-0.952715695442955,0.09809328430372198
0.004786250000000001,-0.9490180029449014,0.09843175057709418
0.0047875,-0.9490180029449014,0.09910868312383854
0.00478875,-0.9490180029449014,0.09707788548360544
0.00479,-0.9379249254507406,0.09538555411674451
0.00479125,-0.9453203104468477,0.09673941921023324
0.004792500000000001,-0.9416226179487942,0.0957240203901167
0.00479375,-0.9194364629604727,0.09640095293686106
0.004795000000000001,-0.9268318479565798,0.09606248666348888
0.00479625,-0.9268318479565798,0.09606248666348888
0.004797500000000001,-0.9194364629604727,0.09606248666348888
0.00479875,-0.9342272329526871,0.09470862157000014
0.0048,-0.9305295404546334,0.09538555411674451
0.00480125,-0.9268318479565798,0.09403168902325577
0.0048025,-0.9194364629604727,0.0957240203901167
0.004803750000000001,-0.9268318479565798,0.09470862157000014
0.004805,-0.9120410779643655,0.09369322274988359
0.004806250000000001,-0.8972503079721512,0.09233935765639485
0.0048075,-0.889854922976044,0.09267782392976703
0.004808750000000001,-0.9120410779643655,0.09470862157000014
0.00481,-0.9157387704624191,0.09403168902325577
0.00481125,-0.9120410779643655,0.09301629020313922
0.004812500000000001,-0.9120410779643655,0.09233935765639485
0.00481375,-0.9009480004702047,0.09098549256290611
0.004815000000000001,-0.8824595379799368,0.09233935765639485
0.00481625,-0.8824595379799368,0.09132395883627829
0.004817500000000001,-0.889854922976044,0.09132395883627829
0.00481875,-0.8861572304779904,0.09030856001616173
0.00482,-0.8787618454818833,0.09064702628953393
0.00482125,-0.8787618454818833,0.08997009374278955
0.0048225,-0.8824595379799368,0.08929316119604519
0.004823750000000001,-0.8676687679877225,0.08997009374278955
0.004825,-0.8787618454818833,0.08963162746941737
0.004826250000000001,-0.8676687679877225,0.08861622864930081
0.0048275,-0.8602733829916154,0.08760082982918427
0.004828750000000001,-0.8528779979955081,0.08760082982918427
0.00483,-0.845482612999401,0.08827776237592863
0.00483125,-0.8491803054974546,0.08590849846232335
0.0048325,-0.8380872280032938,0.08760082982918427
0.00483375,-0.8417849205013475,0.08760082982918427
0.004835000000000001,-0.8417849205013475,0.08726236355581207
0.00483625,-0.8565756904935617,0.08624696473569553
0.004837500000000001,-0.8491803054974546,0.08489309964220679
0.00483875,-0.8343895355052402,0.08421616709546241
0.004840000000000001,-0.8306918430071867,0.08421616709546241
0.00484125,-0.8159010730149723,0.08421616709546241
0.0048425,-0.8085056880188651,0.08286230200197368
0.00484375,-0.8195987655130259,0.08353923454871805
0.004845,-0.8159010730149723,0.08421616709546241
0.004846250000000001,-0.8195987655130259,0.08218536945522931
0.0048475,-0.8122033805169188,0.08083150436174057
0.004848750000000001,-0.7900172255285972,0.08049303808836838
0.00485,-0.7900172255285972,0.08083150436174057
0.004851250000000001,-0.7974126105247044,0.08150843690848494
0.0048525,-0.7789241480344365,0.0801545718149962
0.00485375,-0.7752264555363829,0.08049303808836838
0.004855000000000001,-0.7715287630383293,0.0781237741747631
0.00485625,-0.7715287630383293,0.0777853079013909
0.004857500000000001,-0.7641333780422221,0.0777853079013909
0.00485875,-0.756737993046115,0.0781237741747631
0.004860000000000001,-0.7604356855441686,0.07643144280790218
0.00486125,-0.7419472230539007,0.0757545102611578
0.004862500000000001,-0.7456449155519542,0.07609297653452998
0.00486375,-0.7382495305558471,0.07541604398778562
0.004865,-0.7382495305558471,0.07406217889429688
0.004866250000000001,-0.7345518380577934,0.0737237126209247
0.0048675,-0.7234587605636328,0.0737237126209247
0.004868750000000001,-0.7271564530616863,0.07270831380080814
0.00487,-0.712365683069472,0.07338524634755252
0.004871250000000001,-0.7197610680655792,0.07270831380080814
0.0048725,-0.7160633755675255,0.07169291498069159
0.00487375,-0.7086679905714184,0.0713544487073194
0.004875,-0.6938772205792041,0.07033904988720285
0.00487625,-0.6753887580889362,0.06898518479371411
0.004877500000000001,-0.6716910655908825,0.06898518479371411
0.00487875,-0.6716910655908825,0.06830825224696974
0.004880000000000001,-0.6753887580889362,0.06729285342685319
0.00488125,-0.6716910655908825,0.06796978597359755
0.004882500000000001,-0.6605979880967218,0.06695438715348101
0.00488375,-0.6569002955986682,0.06593898833336445
0.004885,-0.6569002955986682,0.06729285342685319
0.00488625,-0.6532026031006146,0.06627745460673663
0.0048875,-0.6384118331084003,0.06492358951324789
0.004888750000000001,-0.6236210631161859,0.06323125814638697
0.00489,-0.6273187556142396,0.06356972441975915
0.004891250000000001,-0.6273187556142396,0.06187739305289824
0.0048925,-0.6125279856220253,0.06153892677952605
0.004893750000000001,-0.6125279856220253,0.06255432559964261
0.004895,-0.605132600625918,0.0605235279594095
0.00489625,-0.5977372156298109,0.06086199423278169
0.004897500000000001,-0.5829464456375966,0.05916966286592076
0.00489875,-0.5866441381356501,0.05849273031917639
0.004900000000000001,-0.5718533681434358,0.05849273031917639
0.00490125,-0.5755510606414894,0.05747733149905984
0.004902500000000001,-0.5829464456375966,0.05747733149905984
0.00490375,-0.5718533681434358,0.05747733149905984
0.004905000000000001,-0.560760290649275,0.05544653385882672
0.00490625,-0.5385741356609536,0.05341573621859362
0.0049075,-0.5385741356609536,0.05307726994522144
0.004908750000000001,-0.5274810581667928,0.05273880367184926
0.00491,-0.5496672131551142,0.05646193267894328
0.004911250000000001,-0.5237833656687392,0.05307726994522144
0.0049125,-0.5126902881745784,0.05206187112510488
0.004913750000000001,-0.5089925956765249,0.05138493857836052
0.004915,-0.5089925956765249,0.04935414093812741
0.00491625,-0.4978995181823641,0.04935414093812741
0.0049175,-0.4942018256843105,0.05003107348487178
0.00491875,-0.4794110556920962,0.0473233432978943
0.004920000000000001,-0.4683179781979355,0.04833874211801086
0.00492125,-0.472015670695989,0.04664641075114993
0.004922500000000001,-0.4572249007037747,0.04664641075114993
0.00492375,-0.4572249007037747,0.04461561311091683
0.004925000000000001,-0.4498295157076675,0.04495407938428901
0.00492625,-0.4461318232096139,0.04495407938428901
0.0049275,-0.4461318232096139,0.04360021429080027
0.00492875,-0.4239456682212924,0.04190788292393935
0.00493,-0.4091548982290781,0.04123095037719497
0.004931250000000001,-0.4128525907271317,0.04224634919731153
0.0049325,-0.4091548982290781,0.04190788292393935
0.004933750000000001,-0.4017595132329709,0.03987708528370625
0.004935,-0.4017595132329709,0.03987708528370625
0.004936250000000001,-0.3869687432407566,0.03920015273696187
0.0049375,-0.383271050742703,0.03784628764347313
0.00493875,-0.3758756657465959,0.03683088882335658
0.004940000000000001,-0.3758756657465959,0.03683088882335658
0.00494125,-0.3573872032563279,0.03581549000324002
0.004942500000000001,-0.3536895107582744,0.03446162490975128
0.00494375,-0.3425964332641136,0.03378469236300692
0.004945000000000001,-0.3425964332641136,0.03378469236300692
0.00494625,-0.3352010482680065,0.0317538947227738
0.004947500000000001,-0.3204102782757921,0.03141542844940162
0.00494875,-0.3130148932796849,0.0297230970825407
0.00495,-0.3130148932796849,0.03073849590265726
0.004951250000000001,-0.3019218157855242,0.0297230970825407
0.0049525,-0.2908287382913634,0.0297230970825407
0.004953750000000001,-0.2834333532952563,0.02769229944230759
0.004955,-0.2760379682991491,0.02870769826242415
0.004956250000000001,-0.2797356607972027,0.02769229944230759
0.0049575,-0.2834333532952563,0.02667690062219104
0.00495875,-0.2575495058088811,0.0253230355287023
0.00496,-0.250154120812774,0.02430763670858575
0.00496125,-0.2242702733263989,0.02295377161509701
0.004962500000000001,-0.2168748883302918,0.02227683906835264
0.00496375,-0.2279679658244525,0.02261530534172483
0.004965000000000001,-0.2242702733263989,0.02159990652160827
0.00496625,-0.2242702733263989,0.02024604142811954
0.004967500000000001,-0.2131771958322382,0.01990757515474735
0.00496875,-0.2094795033341846,0.01956910888137517
0.00497,-0.1872933483458631,0.01855371006125861
0.00497125,-0.1798979633497559,0.01753831124114206
0.0049725,-0.1798979633497559,0.01719984496776987
0.004973750000000001,-0.1651071933575416,0.01686137869439769
0.004975,-0.1688048858555952,0.01550751360090895
0.004976250000000001,-0.1503164233653272,0.01347671596067584
0.0049775,-0.1392233458711665,0.01347671596067584
0.004978750000000001,-0.1392233458711665,0.01313824968730366
0.00498,-0.1244325758789522,0.01144591832044273
0.00498125,-0.1281302683770057,0.01246131714055929
0.0049825,-0.1133394983847914,0.01043051950032618
0.00498375,-0.1096418058867378,0.010092053226954
0.004985000000000001,-0.1022464208906306,0.008061255586720889
0.00498625,-0.08745565089841631,0.008061255586720889
0.004987500000000001,-0.08006026590230914,0.00738432303997652
0.00498875,-0.08745565089841631,0.006707390493232151
0.004990000000000001,-0.07636257340425556,0.005691991673115597
0.00499125,-0.06896718840814839,0.003999660306254674
0.0049925,-0.05047872591788047,0.004338126579626859
0.004993750000000001,-0.05047872591788047,0.003999660306254674
0.004995,-0.02829257092955897,0.002645795212765936
0.004996250000000001,-0.0208971859334518,0.001630396392649382
0.0049975,-0.01719949343539821,0.001630396392649382
0.004998750000000001,-0.01350180093734463,-6.19349742115409e-05
0.005,-0.01350180093734463,-0.001077333794328095
0.00500125,0.001288969054869704,-0.001077333794328095
0.0050025,0.01238204654903046,-0.001077333794328095
0.00500375,0.001288969054869704,-0.002092732614444648
0.005005000000000001,0.02347512404319121,-0.004123530254677756
0.00500625,0.03456820153735196,-0.00513892907479431
0.005007500000000001,0.04566127903151271,-0.005815861621538678
0.00500875,0.0493589715295663,-0.004461996528049941
0.005010000000000001,0.06045204902372704,-0.006154327894910864
0.00501125,0.05305666402761988,-0.007508192988399602
0.0050125,0.06784743401983422,-0.008862058081888341
0.00501375,0.07524281901594138,-0.009538990628632709
0.005015,0.0937312815062093,-0.009200524355260524
0.005016250000000001,0.0937312815062093,-0.01021592317537708
0.0050175,0.1048243590003701,-0.01156978826886582
0.005018750000000001,0.1122197439964772,-0.01258518708898237
0.00502,0.1159174364945308,-0.01326211963572674
0.005021250000000001,0.1196151289925844,-0.01360058590909892
0.0050225,0.1381035914828523,-0.01563138354933203
0.00502375,0.1418012839809059,-0.01529291727595985
0.005025,0.1528943614750666,-0.01563138354933203
0.00502625,0.1565920539731202,-0.01563138354933203
0.005027500000000001,0.1602897464711738,-0.01698524864282077
0.00502875,0.1602897464711738,-0.01833911373630951
0.005030000000000001,0.1787782089614417,-0.0207083776499148
0.00503125,0.1935689789536561,-0.01867758000968169
0.005032500000000001,0.1787782089614417,-0.02003144510317043
0.00503375,0.1935689789536561,-0.02240070901677572
0.005035,0.2083597489458704,-0.02307764156352009
0.005036250000000001,0.212057441443924,-0.02409304038363665
0.0050375,0.2231505189380847,-0.02341610783689228
0.005038750000000001,0.2379412889302991,-0.0251084392037532
0.00504,0.2416389814283527,-0.02544690547712538
0.005041250000000001,0.2453366739264062,-0.02476997293038102
0.0050425,0.2490343664244598,-0.02747770311735849
0.00504375,0.2638251364166742,-0.02917003448421942
0.005045,0.2675228289147277,-0.0295085007575916
0.00504625,0.2712205214127813,-0.02917003448421942
0.005047500000000001,0.2786159064088885,-0.02883156821084723
0.00504875,0.2971043688991564,-0.03153929839782471
0.005050000000000001,0.30080206139721,-0.03221623094456907
0.00505125,0.3118951388913708,-0.03255469721794126
0.005052500000000001,0.3118951388913708,-0.03255469721794126
0.00505375,0.3118951388913708,-0.03357009603805781
0.005055,0.3229882163855315,-0.03458549485817437
0.00505625,0.345174371373853,-0.03424702858480218
0.0050575,0.345174371373853,-0.03526242740491874
0.005058750000000001,0.3525697563699602,-0.03695475877177966
0.00506,0.3599651413660673,-0.03763169131852404
0.005061250000000001,0.3525697563699602,-0.03797015759189622
0.0050625,0.3673605263621745,-0.03797015759189622
0.005063750000000001,0.3747559113582817,-0.03864709013864058
0.005065,0.3821512963543888,-0.03966248895875714
0.00506625,0.3969420663466032,-0.04101635405224588
0.0050675,0.3969420663466032,-0.04101635405224588
0.00506875,0.3969420663466032,-0.04135482032561806
0.005070000000000001,0.4154305288368711,-0.04203175287236242
0.00507125,0.4265236063310319,-0.04406255051259554
0.005072500000000001,0.4228259138329782,-0.04406255051259554
0.00507375,0.4302212988290854,-0.04609334815282864
0.005075000000000001,0.4524074538174069,-0.04846261206643393
0.00507625,0.4524074538174069,-0.04744721324631739
0.0050775,0.4635005313115677,-0.04744721324631739
0.005078750000000001,0.4561051463154605,-0.04812414579306175
0.00508,0.4745936088057284,-0.04812414579306175
0.005081250000000001,0.478291301303782,-0.04846261206643393
0.0050825,0.4967797637940499,-0.05083187598003923
0.005083750000000001,0.4930820712959963,-0.05015494343329487
0.005085,0.5041751487901571,-0.05184727480015579
0.00508625,0.5041751487901571,-0.05286267362027233
0.0050875,0.5115705337862643,-0.05252420734690015
0.00508875,0.5189659187823714,-0.05184727480015579
0.005090000000000001,0.5263613037784786,-0.05320113989364451
0.00509125,0.5300589962765322,-0.05557040380724981
0.005092500000000001,0.5263613037784786,-0.05421653871376107
0.00509375,0.5448497662687465,-0.05624733635399418
0.005095000000000001,0.5596405362609609,-0.05557040380724981
0.00509625,0.5559428437629073,-0.05692426890073855
0.0050975,0.5559428437629073,-0.05760120144748292
0.00509875,0.5633382287590144,-0.0579396677208551
0.0051,0.5707336137551217,-0.05963199908771603
0.005101250000000001,0.585524383747336,-0.05997046536108822
0.0051025,0.585524383747336,-0.06064739790783258
0.005103750000000001,0.5966174612414967,-0.06098586418120476
0.005105,0.6151059237317646,-0.0603089316344604
0.005106250000000001,0.6040128462376039,-0.0626781955480657
0.0051075,0.6077105387356575,-0.06301666182143788
0.00510875,0.611408231233711,-0.06335512809481006
0.00511,0.6298966937239789,-0.06369359436818224
0.00511125,0.6446874637161933,-0.06403206064155444
0.005112500000000001,0.6446874637161933,-0.06504745946167098
0.00511375,0.6446874637161933,-0.06640132455515972
0.005115000000000001,0.6483851562142469,-0.06741672337527628
0.00511625,0.6705713112025684,-0.06775518964864846
0.005117500000000001,0.655780541210354,-0.06640132455515972
0.00511875,0.6668736187045148,-0.06809365592202064
0.00512,0.6631759262064613,-0.06809365592202064
