Frequency (Hz),Trace 1 (dBV),Phase (deg),Trace 2 (dBV),Phase (deg)
0,-33.13757538511228,0,-76.45074396655887,180
0.48828125,-33.46946105818248,179.9601512143223,-77.06215407536835,-12.24866194599617
0.9765625,-37.00498191806079,-0.1690741148061918,-78.88826039349263,144.9473998286595
1.46484375,-47.53587634542708,179.1974155780987,-83.9552297025362,-51.91959149897301
1.953125,-72.3735324305184,-19.10504582420583,-98.14283574585176,128.6109555063008
2.44140625,-78.29483845988526,61.51418233305536,-94.98221867151072,171.1459551446689
2.9296875,-78.19739729184093,-89.5015623929178,-86.85533553602154,-16.91859347188666
3.41796875,-78.2729980762557,102.3929493284103,-84.27666411477307,155.0825890886042
3.90625,-80.44718024094918,-75.52902389835276,-84.68846965196056,-18.83052653483931
4.39453125,-83.88229363422441,113.3033393881906,-87.35161361882572,161.7804731485437
4.8828125,-86.83381337273049,-50.19321230190383,-94.48849917210011,-43.75995277019312
5.37109375,-89.44140331506007,125.638874801794,-95.37383370298427,4.062603246774646
5.859375,-90.02559526862902,-90.4587074854319,-90.98272015454273,163.3608766736053
6.34765625,-86.0972567333723,47.1550117925574,-97.64687220519116,-15.43698722436963
6.8359375,-81.4577961264892,-153.770136886059,-96.6888381888935,-30.26235937936734
7.32421875,-79.59276168819906,16.92159912111254,-89.13765616574884,153.1184801734094
7.8125,-79.56891664635387,-167.7513615849601,-89.16066846927652,-29.4598521601904
8.30078125,-81.25676482951269,0.5865037566807255,-94.16458866104716,164.7961042807629
8.7890625,-81.77812499646548,156.1021140612143,-94.08707317499349,113.4969903720378
9.27734375,-80.74488359924436,-28.73540084779418,-85.06592862020491,-44.59923559419803
9.765625,-81.57093773935317,154.0884010588788,-84.26371342558114,130.5971616654581
10.25390625,-82.90829553337716,-17.88345271794099,-87.30996764054085,-69.47072027283016
10.7421875,-85.78363211694173,-174.4210823826694,-89.70790738377468,71.48933105645953
11.23046875,-89.51369658909502,89.12450924891907,-85.60761611507759,-157.0536504537104
11.71875,-84.71766407701887,-57.27757121087701,-82.55212658524476,6.269868392496023
12.20703125,-84.70456029952086,128.2501471893515,-85.16187814132408,177.0649358594433
12.6953125,-85.97352445765431,-40.00172555126549,-88.85990614259667,-35.40039138170207
13.18359375,-92.71714809470859,122.6215969542478,-87.0702268844859,112.5556773066396
13.671875,-93.55250589685329,-146.1940354219702,-86.35342039898268,-89.52538846627773
14.16015625,-90.08520946486868,64.16501745516877,-87.12059787508915,81.50667438031674
14.6484375,-82.9197446389685,-95.24047252113031,-90.5489222075152,-98.36722024809585
15.13671875,-79.74408952221088,87.25763977397602,-92.18374515223911,75.15453817135496
15.625,-79.53107781307773,-86.55754574758882,-92.02368742911349,-97.28535933125009
16.11328125,-80.73378732691764,96.78628851660447,-93.46518420509659,82.34983701578837
16.6015625,-82.32410318612619,-91.3718175638049,-94.53167758593368,-103.0956439589422
17.08984375,-84.72553124206198,76.48718969940509,-105.736864325892,145.7105010922522
17.578125,-88.77497518077908,-106.5694842290141,-92.91040799712776,53.14820773342718
18.06640625,-90.37506126060435,78.59595372842598,-90.77939199662582,-126.5075325257111
18.5546875,-96.41015640627933,-109.9561857565766,-88.71164250925597,33.77993007444476
19.04296875,-95.13191703985586,-99.85820777453291,-84.8296614666958,-161.8938518137832
19.53125,-89.16530539807508,85.86339210078911,-83.91254652585879,12.6234280387717
20.01953125,-88.7655515062557,-71.43517288523485,-84.78571123744987,-159.8698423373834
20.5078125,-90.47235591662132,135.0799828456617,-85.18049665804328,39.94737664195925
20.99609375,-90.88290639025865,-37.08517721105562,-86.69975265154631,-128.7438382628777
21.484375,-90.12667820904183,129.0987424344722,-90.46014303057079,59.10298557612242
21.97265625,-92.38357200396197,-65.42500788739513,-92.12923368454524,-118.2358922731236
22.4609375,-91.62455971139204,96.58439660997517,-90.59913280679083,22.55671510531623
22.94921875,-90.23177000887058,-71.0665214583946,-88.71776264260099,179.5315097409226
23.4375,-94.24594641247134,125.2036110568429,-91.55127739093246,8.043818057512873
23.92578125,-100.45300666966,-79.93914602430294,-98.7719538454141,-80.60557142351762
24.4140625,-106.4847900372136,98.27287733651033,-86.75303712923089,160.4912281044988
24.90234375,-106.4892882316445,123.9951380177586,-82.22668418347254,-11.48609620720676
25.390625,-96.63233065187072,-16.09245160905325,-80.82508660160977,171.3923836952281
25.87890625,-93.64810251353539,133.2522413472396,-82.18684922301651,-6.314859609156176
26.3671875,-87.54042967659711,-75.30973678736555,-88.17362349260949,169.6984248289736
26.85546875,-84.76673980976446,118.8678503458856,-95.20123954558599,-72.49772606904837
27.34375,-84.67950614438705,-37.63622116059629,-90.98754492970279,46.38629323770757
27.83203125,-85.9784127863111,154.812835875322,-85.76940624104321,-157.9295191793432
28.3203125,-86.51561402885456,-20.24800876093473,-84.43736503822215,17.76140283088662
28.80859375,-87.6174667112308,162.8274732952133,-85.37428145054578,-165.9175391376569
29.296875,-89.75022391661452,-33.2630409916754,-86.73738297425493,9.844469122364059
29.78515625,-88.27684025772398,118.9323355832169,-91.53826020697218,-152.9404645672691
30.2734375,-88.46287415402824,-87.38043293474877,-92.73112941117648,92.12112233301021
30.76171875,-89.97092246035564,42.63782926124323,-90.43569073906184,-53.15448766966697
31.25,-88.2535479998138,-171.5023116483106,-87.89143839119816,133.8246698913925
31.73828125,-87.32709850995064,-8.107740844952804,-86.80616159645014,-63.61775226074869
32.2265625,-89.55651999134494,152.9962772048769,-88.30346455906279,106.9846884804583
32.71484375,-95.26114819102629,-75.88430076347687,-90.57201350844748,-75.15699894337416
33.203125,-90.5146217961514,77.07058999446974,-94.89740153093823,75.77096670467161
33.69140625,-85.27650346111535,-86.77584192874755,-98.89533253442323,159.6733909578109
34.1796875,-81.87851427471402,108.7262309997983,-91.79339563278756,-35.98985587642731
34.66796875,-79.89214141145555,-68.37843673747645,-86.93357236335579,164.9580193171022
35.15625,-79.5199456029886,104.0937679512279,-86.56513954630969,-6.413252764530702
35.64453125,-80.94368686375462,-75.98284118206315,-90.86639495880266,173.2766948433435
36.1328125,-85.03752846134358,110.0569536808023,-107.6583335241792,-47.90457218511533
36.62109375,-93.325507012171,-78.83572371971205,-91.63148292493645,-17.07663141705128
37.109375,-102.1501054508692,-127.9677788903783,-86.80987601187536,149.1979565814838
37.59765625,-88.70848429763518,73.28915776184087,-86.91260833529591,-42.6939357283676
38.0859375,-86.58974668293881,-97.78930950680092,-87.28655461560243,122.463516464014
38.57421875,-87.1306858759792,74.44878029074555,-87.54860506978071,-50.12192990042475
39.0625,-87.88523736665317,-112.2644019525361,-88.82008462509866,176.5121966119301
39.55078125,-92.59809829506042,67.00118389989422,-86.95534450801063,38.23264044508438
40.0390625,-104.06966491291,-53.6509424696925,-87.94511739123308,-120.8079940524701
40.52734375,-89.64255421355614,-179.9952801433901,-88.12014046775477,101.8707519225693
41.015625,-85.72327115118208,-1.317040490112777,-85.16966204145463,-49.39220626187684
41.50390625,-87.83994132621855,175.1252367048479,-87.64701918430853,156.5743471987808
41.9921875,-93.15684615781208,-2.538968864206089,-91.52965141984795,46.37208098936981
42.48046875,-99.96246506808262,-107.2350870761472,-87.48274252357176,-91.0341996856104
42.96875,-89.09727743549239,122.483721286236,-83.95059285438171,100.794088546221
43.45703125,-85.01736640282135,-59.38345725092513,-83.85919789201098,-77.49550275481153
43.9453125,-84.95121694782931,120.0465232469397,-89.14999517978848,85.76722121116354
44.43359375,-86.90511982661423,-51.47435893282574,-91.20573619070802,-162.4771659793976
44.921875,-89.64763418189533,139.0049101805822,-87.14425441913764,-14.64829120732076
45.41015625,-93.67741743995916,-12.47608322309354,-86.31324449241876,156.3997983398927
45.8984375,-93.55835652483546,-148.7316930691962,-89.02328277400744,-1.549082284379499
46.38671875,-94.97903174900702,16.25082091287398,-92.52808303938062,-128.8187344975694
46.875,-95.90986970714488,174.3586795611673,-91.19890063432834,145.8309029863371
47.36328125,-94.94370721790867,31.88003253381508,-84.31148949236048,-6.983611910542961
47.8515625,-93.80674734797793,-131.3443347176282,-81.48760558921667,-179.9722412334898
48.33984375,-93.69995216417104,65.55913234076014,-79.66973629535872,9.188601051905014
48.828125,-90.6175403230971,-89.61594618641095,-79.67966800749828,-164.3740006025005
49.31640625,-88.41725782737747,107.0057376653683,-82.00862879666607,21.94222354466015
49.8046875,-88.05733162314573,-50.40845289909269,-84.99949414936721,-144.5427776335981
50.29296875,-86.55794845295998,157.3396097033768,-86.06886424483675,53.03967589774772
50.78125,-86.33233485254691,-8.547941011782953,-82.71494990451133,-121.7259336736896
51.26953125,-87.37284440862454,-174.4983032979065,-80.31225466018456,50.89095976968854
51.7578125,-87.27580136448003,9.438501625819255,-80.29031748477627,-138.0445620471849
52.24609375,-87.59993665091145,-174.3714906549214,-81.16921998702747,44.24905871611222
52.734375,-86.31818251680728,4.435841562007674,-85.83293998882995,-121.9008871970917
53.22265625,-84.9953517031576,-178.0320940171236,-88.95027651119526,148.4789827405309
53.7109375,-86.58713190854193,4.367844996183924,-82.79246046588726,-23.91342349357998
54.19921875,-90.46451305996632,-162.8099721380264,-81.83447364823334,142.038127366655
54.6875,-98.244083622085,6.821212825308097,-82.61659611398905,-54.88195378926135
55.17578125,-99.37146819383614,113.2221741974978,-82.16986854177304,95.01584010558226
55.6640625,-93.0854818591787,-58.47458649946756,-80.42947436171177,-101.3865816103362
56.15234375,-88.26102690988195,117.3728873138618,-79.23887116427032,76.37791860705883
56.640625,-86.10570964686548,-81.6147447894014,-78.14446690676294,-100.8407913229836
57.12890625,-84.91010646489767,80.80342075713926,-78.38236655647705,89.8984000555526
57.6171875,-84.78674887820472,-106.0380918200647,-79.61137454931283,-72.73273355956077
58.10546875,-84.58257411291471,76.69731384074247,-81.90051602630405,119.711511362991
58.59375,-85.22597781929451,-99.34902214740171,-88.7493085874749,-40.49922702996431
59.08203125,-88.54012208244343,87.58173316674335,-96.49972360801689,-156.2326931056495
59.5703125,-92.02713449138295,-102.1902542350149,-104.4160969205373,157.0436493312337
60.05859375,-93.32360086418539,22.04909848110292,-93.86263172010347,-10.7665757848449
60.546875,-93.06018465940082,135.8776731673534,-95.77719390132313,160.7563498347693
61.03515625,-93.07826896240753,-102.191944208698,-100.8748811383675,108.1258113252384
61.5234375,-92.80932833446707,25.22780469177572,-90.50946535605632,-22.86431830742803
62.01171875,-88.63537314896874,161.6705382503017,-85.93610438707319,174.5362884137762
62.5,-84.99912622107693,-45.96728494936099,-83.37420100712581,-2.002206780899952
62.98828125,-83.55718938419588,103.7469347976801,-82.0141094137218,-169.6393039182994
63.4765625,-82.34928390896792,-92.86533398555375,-81.22691264054205,29.54018105244883
63.96484375,-82.72330400396601,87.87712673094968,-81.47217566466807,-130.1017770369704
64.453125,-85.23834345337025,-98.17108835467893,-82.21818951192154,69.50293395207406
64.94140625,-90.96133201132579,59.46605026310748,-83.82320278596906,-95.32843364109911
65.4296875,-97.0595045463607,162.4673332230225,-87.08812053876601,115.353046168577
65.91796875,-89.50745325635565,-35.75272666914231,-88.59019022945141,-1.476050847083715
66.40625,-84.89588542029682,157.3018877235678,-87.07600599631833,-142.1625748650974
66.89453125,-83.56296280853748,-20.48090441859601,-87.4752977301155,37.95908548026068
67.3828125,-83.51749591976251,156.3664231795312,-87.80235741642682,-147.7796523278123
67.87109375,-82.93001574304051,-24.02621144126636,-90.74454552896937,26.36180882164672
68.359375,-82.94884543717791,161.1577156341982,-90.45282716034967,172.3248521356977
68.84765625,-83.2069090960608,-5.158362905611628,-88.51456311512295,6.586520180569917
69.3359375,-81.61401277874216,-164.7455638677744,-88.55118527638702,-138.9113550766803
69.82421875,-78.82955021681198,32.88645142218083,-87.50477905979426,49.42607855549839
70.3125,-77.27689035530086,-140.4224297557856,-88.09538161916868,-138.0282542367739
70.80078125,-77.12236147637316,38.56755650345049,-91.55232975705475,31.49323643644252
71.2890625,-77.42730401162596,-142.8901430427563,-92.03882840790881,-152.5876381517198
71.77734375,-78.97697901641286,35.5249393984407,-91.90038447417875,29.59212008792318
72.265625,-82.15639164760881,-149.8051524113926,-94.28665338977275,-125.6342507923747
72.75390625,-85.83542545228674,33.84409054569733,-90.33003804039906,105.8847338483613
73.2421875,-90.08810222305308,-107.9623113897077,-90.72993220767897,-57.79073753292602
73.73046875,-88.62751967248643,111.3863961106113,-100.6803017542508,143.5789604109216
74.21875,-85.71929125322285,-75.75492046954734,-109.0161866181718,-92.99814706597222
74.70703125,-84.00315803125156,101.4969918314204,-98.01179138493393,43.77397482035716
75.1953125,-84.23978887138654,-75.74165931069992,-89.57900035710345,-127.8574970011626
75.68359375,-86.60684544055208,98.59890228361951,-85.07657046415689,59.31609972399772
76.171875,-91.31810583982536,-98.27214293952072,-84.42404602355461,-126.0359099269616
76.66015625,-93.12566522314297,45.36886120725753,-83.6340494323038,46.24918944678756
77.1484375,-90.53118072796462,-176.63058102703,-83.28825189926759,-140.5129437150993
77.63671875,-86.6603842654488,-29.6539280988091,-83.52964115021267,25.30414623262762
78.125,-85.56336623085519,140.3389981453396,-83.75262312927312,-157.9836106573891
78.61328125,-86.80862443602041,-49.74877618014686,-87.27347600770844,35.15571919837691
79.1015625,-86.31410334344957,111.7129354725672,-99.01893887450198,-84.98315816248696
79.58984375,-87.59031188232024,-71.98164433115764,-93.2170731515361,-171.5991061258742
80.078125,-96.82125785556511,115.6638136688595,-91.48615059819423,33.1771917091476
80.56640625,-103.9795200122884,-128.7618795741529,-89.30838241193948,-120.3235067593646
81.0546875,-94.34263317945657,48.49661992275813,-90.36741557214557,87.03658062573254
81.54296875,-90.50736183310792,-139.6256902533633,-91.81813149388061,-57.61435215206461
82.03125,-87.86533379360768,52.52969553369734,-98.79238264804023,139.5622741721502
82.51953125,-85.70026366591252,-111.0225611465165,-92.01018931671497,77.29435514427178
83.0078125,-84.62444538746738,81.48975832253898,-86.91560629984966,-95.09657091656399
83.49609375,-84.0002773880375,-77.88438047829665,-85.75079204341677,97.16107300453767
83.984375,-83.63364586702687,116.4986222241825,-83.28851498165474,-77.26837773321975
84.47265625,-83.05309940438875,-54.70838250230868,-81.7628077478431,118.4310278681242
84.9609375,-82.32360423884559,130.0054492302702,-81.09915280174484,-42.96740008372226
85.44921875,-83.91890013511079,-59.83903646854297,-82.71892152129426,140.9761146834619
85.9375,-87.17056586952822,96.81051450961199,-87.33485490562508,-21.93220077690647
86.42578125,-88.59315423542068,-113.1361300481646,-87.10511161351782,-138.4115772613597
86.9140625,-89.50984268902259,44.71966128744293,-83.48395526252736,64.08656556547014
87.40234375,-94.05487618267065,-171.8976759846765,-81.43793135037566,-124.4256375972791
87.890625,-94.76730115747358,-20.55985024602087,-79.73307698383421,36.3137559963255
88.37890625,-95.9770112572979,-167.632324204654,-79.76797385298205,-156.943182523805
88.8671875,-94.04350794391974,63.52658036006291,-81.44984936993387,16.65822001907875
89.35546875,-88.34625761160986,-91.14361593324091,-84.34786966172459,-157.2653623573244
89.84375,-84.31016467561594,98.50304913494625,-86.89540485264077,49.46139533611041
90.33203125,-82.93437224194179,-66.65263273217134,-85.31160200507286,-102.6121772738203
90.8203125,-82.45769289326446,125.9752220670018,-83.27061244947338,93.40472380540137
91.30859375,-83.24545615794679,-56.8803223229253,-84.36478690238822,-81.111557380883
91.796875,-86.19301260392149,115.8884336712121,-87.51046054445578,101.4173229539852
92.28515625,-89.23599448768074,-81.31511999462862,-86.9847172563415,-62.7966311034259
92.7734375,-88.94977220349676,67.43351280597756,-85.35078594927343,128.3356029669316
93.26171875,-88.17116250987921,-159.7437642029831,-85.38569974204856,-43.46740016061239
93.75,-84.60149461249682,-5.424969080946897,-82.76156029755069,135.7793173090498
94.23828125,-83.29812500774871,168.5826512611728,-81.15259186616925,-45.681881987309
94.7265625,-82.92009320549511,-21.38800910883724,-84.43158632112541,137.5488645052068
95.21484375,-84.39330517258068,152.3252967851288,-90.65384952813901,-44.38088201641464
95.703125,-92.25952496248688,-54.79072577721161,-98.82419310684044,74.19768021600274
96.19140625,-90.65815628897489,25.3062978439984,-91.24601066544705,-162.905966642862
96.6796875,-86.38941204434872,174.8004527075071,-87.91534514920927,27.14325602185513
97.16796875,-84.11005961154623,-34.24988339077848,-85.11018027481073,-147.5334299027628
97.65625,-82.58238379251134,120.7887865062015,-83.01203148756009,36.57694696585498
98.14453125,-81.25939222074187,-79.20251642417875,-82.59380000849265,-142.8153452367252
98.6328125,-80.41695423263234,91.1026920525801,-84.18836544108011,35.03315587005523
99.12109375,-82.06319718958126,-88.139523285135,-88.48399574530097,-115.5731348377776
99.609375,-86.82985657589487,104.7325603665955,-86.97860264417132,119.4338296963788
100.09765625,-89.95568736639919,-38.61056255913872,-83.73137870017139,-46.55632060122495
100.5859375,-88.96287253389788,158.8078529708882,-82.58192626570489,135.5394203550053
101.07421875,-88.77835994340865,5.063336579441333,-84.57565436326755,-38.55716951585219
101.5625,-86.59860258483687,-143.5068262318977,-88.42143693511146,162.9890400797924
102.05078125,-86.47891643061325,43.37091281543052,-89.57737907425337,-0.04773095542265158
102.5390625,-85.5465461865127,-130.7386831317238,-88.10506541158776,170.5487307578528
103.02734375,-83.15938275156225,51.64316035912345,-87.00218936368628,-19.09117051413613
103.515625,-83.78090907909848,-144.6216935776441,-85.70976039291483,147.0518066776337
104.00390625,-85.38853551375428,19.63759315332438,-82.78595601751634,-44.46887956454439
104.4921875,-86.46367666095223,-156.7984590123345,-81.35993925447448,131.9108494888521
104.98046875,-88.05138955455459,25.16923283347537,-81.16393119838094,-48.68533307968466
105.46875,-89.72714608380608,-149.5103833240316,-81.14585068597053,125.7484147868328
105.95703125,-88.05670944157745,29.12740430620452,-81.88135124821643,-61.1134204441551
106.4453125,-84.78418064023246,-151.0641809277292,-84.65419142236036,122.4940930897124
106.93359375,-84.02489642080725,41.63821337589814,-89.31491206236814,-52.04944648777941
107.421875,-85.40055888676029,-113.4877799549691,-89.19784302918912,128.4034552682301
107.91015625,-85.2993992612422,93.36396821548495,-85.1112541829502,-35.08583179482842
108.3984375,-85.30352822825897,-68.72425544107006,-83.4155471502761,157.1191172314387
108.88671875,-89.03207082404975,121.4313617551019,-83.75111107590961,-21.71556095902254
109.375,-99.17073158302318,-41.11994854086575,-84.69523876495288,159.0919085716309
109.86328125,-98.61891161304769,-128.6477617824859,-86.83922053301715,-23.16901258222536
110.3515625,-91.36861922348405,84.28151803712967,-88.53942076870254,116.6206983500383
110.83984375,-86.72171052197568,-95.19382543866908,-84.68515244730443,-96.80424608720755
111.328125,-85.52730780788623,77.98272263777172,-83.37016710017876,82.97271683823618
111.81640625,-85.60269261536155,-79.31380132322326,-85.07721875458019,-92.08843950185434
112.3046875,-83.37479132354045,119.6687223820918,-88.63456032906895,77.77980850747036
112.79296875,-83.13360749604047,-54.36560690096809,-95.31369359952548,-122.6963724474714
113.28125,-83.75320865785758,141.4602167854381,-99.69990291152206,-38.47583933976031
113.76953125,-84.45698100620336,-24.6955497634196,-99.27676039789725,116.0213449768547
114.2578125,-85.67933794457605,168.140058850911,-96.89118771336909,-161.1220651681917
114.74609375,-85.88945085918971,7.888400814902616,-90.41342527174234,21.4652557301895
115.234375,-86.28133191311157,-155.3562126293705,-88.2194847671569,-155.4264034846465
115.72265625,-87.73961701379113,21.89258312295062,-86.56380078923384,20.01019226408255
116.2109375,-87.71055383892963,171.225774454872,-87.96149831811664,-154.1661046978243
116.69921875,-87.01383471782739,-34.90976341851111,-90.92176816403936,53.31821244202333
117.1875,-87.04110298955655,124.2218385524614,-92.4078724085318,-113.078309913449
117.67578125,-85.06266728210066,-64.70168722484317,-96.54822840699697,37.95535294092493
118.1640625,-84.17456011009071,116.8922521643183,-93.70392085405496,-158.4276558510948
118.65234375,-85.70550439200406,-49.72917113116604,-90.43935932978199,-13.36781263498716
119.140625,-86.63799867721623,150.3581809727328,-85.56662945997031,130.3776677296295
119.62890625,-87.55468740745728,-17.07457633922014,-85.5075026018301,-57.0272259220509
120.1171875,-89.17240947557693,166.5492197934044,-86.43820944119878,115.8801683425948
120.60546875,-90.78096507649038,-42.35743415687541,-86.59878713642524,-85.74422156476059
121.09375,-88.41989860120556,91.54395281728114,-88.7914970381315,64.82309721513035
121.58203125,-84.54590774088433,-106.1777574779972,-91.23187914053261,-131.8697784709507
122.0703125,-82.318764275353,64.30957535012946,-91.38732046270781,26.48402963030573
122.55859375,-81.88952783932629,-131.5742744188646,-90.56964762559863,-175.9061831980536
123.046875,-83.07148865405502,34.62614450835576,-93.36344183357413,-5.287757820370465
123.53515625,-84.31262491458399,-153.1193485039962,-98.96921420666072,179.7316645254519
124.0234375,-85.33961394884378,25.43913447962424,-100.3949280934608,31.15350552176317
124.51171875,-89.5850195047136,-135.7272750000244,-93.58337890733688,-123.2291722650363
125,-90.46979117102023,87.41157760013549,-89.26012458203827,78.83248703806996
125.48828125,-89.5821090211429,-67.32450120171622,-88.63461126172112,-85.0030784962487
125.9765625,-87.15660810809158,148.3591446713044,-88.5889446220821,117.0439604609417
126.46484375,-85.21441456535118,-22.85179365476048,-85.30577594045356,-25.80228870525622
126.953125,-86.70038248533191,159.4074290126953,-81.93706613714797,179.4836206369255
127.44140625,-87.74807913849288,-16.34103458505426,-80.90572339917571,9.137832063592471
127.9296875,-87.47789019901327,153.0820654094743,-81.60756174287981,-164.7486131881233
128.41796875,-88.6240487054426,-41.4359910873348,-82.35390539117645,33.93689739026002
128.90625,-89.46512091109665,130.308653837948,-83.06658196821148,-121.92416786734
129.39453125,-88.11256056373551,-62.57707054449033,-84.18939417604223,87.1779208640172
129.8828125,-86.65307759017567,97.70802215017373,-84.3348475738353,-76.49380746634775
130.37109375,-86.64542229999006,-95.94522069820539,-86.70910583223383,115.7330232446439
130.859375,-88.95344060788723,70.35268628098632,-89.70742903987019,-14.53293473621994
131.34765625,-92.31072965678491,-118.7964503157409,-87.77740870083517,-151.7928126914893
131.8359375,-93.1730784627843,84.9054324357447,-87.51293438655659,38.23440289626085
132.32421875,-91.66975622447082,-65.19571422268569,-90.28442640287568,-151.0735921673776
132.8125,-88.98023040669671,139.3226143172999,-93.26747111376952,7.109154350172992
133.30078125,-88.01603624954612,-38.04729064940913,-97.28646571914317,167.3863706031283
133.7890625,-91.42507815453625,149.1220050439883,-100.6287122082069,173.6390875981891
134.27734375,-95.52394150610351,0.03044802375353749,-88.63613334710945,-14.04575482574959
134.765625,-98.59944150694473,-156.4443395198971,-84.94472956971177,167.9018884645861
135.25390625,-99.7374577724307,27.56102203246515,-83.75677372587032,-6.773709061575197
135.7421875,-92.65692391278293,173.0837528872875,-82.2708798719804,-165.278613523794
136.23046875,-88.72144590634805,-12.2672029221786,-81.03994398147726,40.89067664613373
136.71875,-91.59196999595059,-177.4335294502831,-81.43787249576889,-101.8731912152462
137.20703125,-94.74886523346244,49.04701778256908,-80.89755571550731,104.8499880120974
137.6953125,-94.11750191630297,-87.94478809489856,-82.46473935855855,-60.04706200421617
138.18359375,-90.48242269784839,122.3671474628245,-83.29409749031564,158.7513440668181
138.671875,-88.82865941581429,-56.43727544117449,-82.28425951017478,14.28654066984675
139.16015625,-88.78122670817419,106.0786105370652,-83.95342534314558,-139.538539227737
139.6484375,-86.74800543642446,-90.5935178477354,-87.1150382385909,51.43748933832118
140.13671875,-85.69245907780163,89.79063138202977,-91.45582263578463,-143.4797810012936
140.625,-85.86847381960121,-82.58026721025973,-95.18601388666787,-50.81847101006299
141.11328125,-88.08411706728259,103.1233555202605,-87.28729734586408,105.4044994180429
141.6015625,-95.06357374147449,-72.6939431213133,-84.27122253705105,-55.35055303572421
142.08984375,-116.3517192563041,118.4627481453443,-81.63975272061595,148.7518156386183
142.578125,-105.8875005558812,68.58954396259526,-79.27706856051394,-16.93360459950814
143.06640625,-100.3174877959832,-175.386841755198,-78.84970400891845,171.2627829660763
143.5546875,-93.20696274456549,-13.29593107438311,-80.60170041174928,0.5002197002015789
144.04296875,-91.24519437071113,175.5531504033514,-84.80672224840772,-173.4979894695437
144.53125,-95.68551163802027,7.511769335354459,-96.81868455462907,19.42874844070652
145.01953125,-103.6278518901813,-19.34142052950126,-91.20110943854412,-24.24403437419168
145.5078125,-93.25996247793475,174.2760468239496,-85.52815032092784,155.9767819162055
145.99609375,-90.93027191366855,5.226994921342646,-84.10635023697571,-24.62629502062412
146.484375,-89.77167304799886,-165.4513315794485,-85.08925968358243,153.5886914937856
146.97265625,-91.89083353733609,5.502844100477802,-87.9265325564741,-38.99557846502773
147.4609375,-91.9397606787299,162.9509272723114,-94.57042947018758,133.6604044046285
147.94921875,-89.61011420776933,-16.76436231950325,-96.26252111269231,92.8148857559061
148.4375,-91.02177340625056,166.5149957092235,-93.15124052856081,-89.05302979761311
148.92578125,-93.71152991508168,-28.48101394818196,-96.29362910637735,21.84688529896486
149.4140625,-93.67415531936413,143.6261403725331,-93.70901408894215,171.3809907383479
149.90234375,-95.12309348061481,-34.72576259243028,-93.71697041376277,-37.64339629288854
150.390625,-90.68933846620232,116.1267869123936,-95.05675184404404,130.731552688973
150.87890625,-85.53394616799568,-66.6357426481426,-101.3473814459382,8.332541324657347
151.3671875,-84.11405964575189,118.7906488751521,-90.92063167601361,-134.3493060481297
151.85546875,-83.31464987483673,-63.08005888457282,-85.27415283472712,36.02703457636739
152.34375,-83.44605701122403,109.6307977718153,-83.63720543126882,-161.4570061560737
152.83203125,-85.7958699746443,-71.66744409758778,-82.97328554551527,8.999021682933332
153.3203125,-88.60435466346973,114.5753533816436,-82.57029538910254,-175.025278095617
153.80859375,-91.17874681233877,-75.15863840757402,-82.858831545627,3.317146890563063
154.296875,-94.56331869530993,112.0490790772761,-84.55679275332898,-156.9322303969566
154.78515625,-92.7932615001842,-35.09085026749247,-86.42897755215223,41.28934636161532
155.2734375,-92.63760539496715,110.9904825737162,-90.27416217403757,-145.1978831694294
155.76171875,-90.25432489762457,-105.7550605833333,-98.11334832743221,61.53724221502399
156.25,-92.97492770355815,82.69776032741009,-99.12760161283009,-10.58625994785521
156.73828125,-108.0927464770296,-68.5970043244879,-97.25594605021071,-135.5717956032093
157.2265625,-93.66284032812635,-95.01848663586438,-99.64304897878151,0.9955637498750889
157.71484375,-87.09959658194097,68.51587709419631,-91.18918843640238,148.6532376772942
158.203125,-86.58429227128238,-115.9809473750802,-87.21750779858371,-14.32986211594932
158.69140625,-89.43632956489517,89.89034115460319,-82.54885916958641,-178.1879583538138
159.1796875,-94.6233618996971,-61.51972722444079,-79.1085188764155,7.215608039045425
159.66796875,-102.2987411339787,-142.523305147757,-78.19179166085939,-169.5845317390179
160.15625,-98.69491311766646,-0.3798539529858683,-78.94207393661866,7.87280329601171
160.64453125,-94.20180956614047,115.6212813014624,-81.10587579501268,174.3177899555126
161.1328125,-91.02377790846005,-73.24054963638275,-84.09886083005151,-27.50592393277024
161.62109375,-86.20365131626141,121.2888172847316,-85.45919439269255,113.1922690989744
162.109375,-83.38956189493027,-50.32649872171925,-84.08334311608853,-88.51859891406977
162.59765625,-84.28863228778295,142.7536232764171,-86.09150785905337,98.06264530885602
163.0859375,-87.70640186356415,-22.57630040925004,-90.39052593411887,-71.59298971206519
163.57421875,-90.70539636009967,174.3121059793286,-98.73367445039548,139.1008660026544
164.0625,-90.46246786705923,5.446332165315471,-93.23814962681573,48.30766891742331
164.55078125,-91.61518479944398,156.0162127616223,-88.6381537421782,-130.4586931241296
165.0390625,-87.49767094977784,-70.30721051927983,-88.73255521986742,58.93289963450442
165.52734375,-83.24509684670788,101.0415685742023,-90.11698244040466,-99.29341928974455
166.015625,-80.81373342273061,-78.12957099805172,-90.26599978897767,31.40508169202091
166.50390625,-80.19081233199861,102.3427223447554,-87.31934210265678,178.8445814943337
166.9921875,-81.93568217114432,-75.62841886439227,-92.44960052515962,-11.88121077718271
167.48046875,-84.80497770293886,115.5863594262023,-93.32378705090608,163.1511082330298
167.96875,-88.83042965019067,-62.33156003430965,-93.03688591751316,1.257934764644124
168.45703125,-92.96851089955943,32.39854112114976,-95.10796088939466,-104.672652619203
168.9453125,-87.22028053677653,176.5739750773172,-92.81024459299964,78.40356690816819
169.43359375,-86.36675825986561,-11.76443241987645,-93.39740134566328,-126.0582762576873
169.921875,-85.57912641252349,165.0205586350623,-99.91949576852461,53.52019618604947
170.41015625,-86.12227197312039,-7.084022783282416,-97.93040375552312,145.1482675259755
170.8984375,-86.45593123620232,-168.327234515705,-90.7547968126508,-29.12296143707988
171.38671875,-84.3780137089032,30.89982284330943,-92.03126956944652,149.6374609933866
171.875,-82.78334600052561,-144.0356695323467,-90.62671793157426,-46.23174631027529
172.36328125,-84.27636165428225,21.03060058912357,-88.1410562781935,129.694357954904
172.8515625,-86.78967721068977,179.1619921646512,-88.90126592376288,-102.3422068049213
173.33984375,-88.86476257283307,-26.19518095743681,-83.62568400340061,46.48780532051611
173.828125,-89.27957532585768,122.9408030549223,-81.84834175379748,-134.2328879570024
174.31640625,-91.7587164212446,-48.70819777823312,-80.92746247184438,40.79768259943943
174.8046875,-92.37160861570709,168.9621667931829,-80.60497857621625,-139.6166091470279
175.29296875,-93.3120500590214,-28.41556271779362,-82.77122070647799,47.12855340147298
175.78125,-90.08660291551477,115.8051878411779,-88.7497802285374,-133.3925321218219
176.26953125,-88.23519110300592,-85.14079174547798,-95.93388574004268,9.149404366138194
176.7578125,-86.72530110277093,62.05981716963837,-91.80744160763625,130.4403166679258
177.24609375,-85.5151963394066,-138.200420332049,-84.95978000820324,-55.98585006734971
177.734375,-85.23236179608892,22.48216258558048,-81.79762923549276,141.6749186987429
178.22265625,-84.06351864984649,-170.6330428956217,-80.38904562237002,-17.58191706966702
178.7109375,-84.4376664983504,20.68392303888688,-80.2346610348869,172.2443230017008
179.19921875,-84.9567201875798,-123.6289422658874,-81.42233202375007,-4.072209085918963
179.6875,-83.53183751302947,89.08270831044589,-85.49505249823191,-177.4211207087644
180.17578125,-81.96551208506324,-72.98450873850442,-109.1074924506245,-23.50284251623662
180.6640625,-82.19389157041522,110.9611904697122,-90.07089406911007,19.75375190987243
181.15234375,-84.1158284270247,-76.43982365612021,-90.97403539733811,-166.3789537447933
181.640625,-85.61281443380581,82.61905802661657,-95.29707711503461,-33.21498575273412
182.12890625,-85.76844949633428,-125.7572841651449,-89.51877409250883,89.09867942677978
182.6171875,-87.16167697708373,34.72338568426068,-85.04412255169629,-106.9845337607675
183.10546875,-90.48903246362018,-173.1639136684599,-83.91047406714495,81.47632155799053
183.59375,-88.96523451682103,-30.49138791864947,-83.97594883971634,-72.22105705230663
184.08203125,-87.86279285942719,137.2088069574787,-83.26607579450381,130.300921990093
184.5703125,-94.74009955189192,-40.13365255146016,-82.42326312064237,-38.48977315006663
185.05859375,-96.84200021432055,-92.86895144435339,-81.25693045327935,149.8618035530177
185.546875,-89.50952615074843,103.5690676327058,-80.06749230782953,-30.24247173534899
186.03515625,-85.87844263706948,-63.41540645956197,-80.57438252540788,143.8674034436842
186.5234375,-86.31733231152724,115.7223962411676,-82.6079266095531,-37.62972868701635
187.01171875,-90.93577330974666,-88.10300749520135,-85.87088296460193,144.0806551257422
187.5,-92.48118339717499,50.448406435311,-96.33079389547265,-43.51078233168988
187.98828125,-93.13009620378283,-154.581198402708,-92.71182150141067,-31.81892288321156
188.4765625,-95.61355391700224,12.83364387251268,-86.64690621125351,142.1483787935734
188.96484375,-100.0146780410374,155.9289547162125,-86.01737696261593,-36.13229449213814
189.453125,-96.53173442766811,-71.13844447028441,-89.15939055110692,157.5866244325063
189.94140625,-100.4316537962856,142.891157117759,-100.2454403237256,4.44815799204312
190.4296875,-97.33529187355749,-46.07410548626138,-92.46391518303918,-14.69239960343688
190.91796875,-89.60585847489529,89.46113472624124,-85.28409050389027,163.3891356147995
191.40625,-86.72768727488788,-119.072905934928,-83.34199684564081,-18.46576836185785
191.89453125,-83.30234748411712,48.61046972826355,-84.00645762610701,162.4596907544892
192.3828125,-80.98642663590441,-132.7659970194081,-86.06457079674786,-8.455214808976143
192.87109375,-82.26732842582427,42.91260491790744,-89.57775848440244,-159.2858506211971
193.359375,-86.54002000134528,-134.2456044001497,-89.72345557376735,69.58963050810183
193.84765625,-89.23839338240197,56.73827431189538,-87.45930760358006,-103.3337416612966
194.3359375,-90.66111134117612,-130.4321170869854,-88.1662158759398,57.30591454170173
194.82421875,-92.14530172131592,31.00775900553063,-87.44181999902028,-167.1571713389691
195.3125,-91.68524247779504,-178.257156530698,-82.59674325985104,-15.34903572496806
195.80078125,-91.99575504168821,-32.34371448387434,-81.27760096744564,157.8450117234907
196.2890625,-92.20084099686878,95.27323092088942,-82.31077223036883,-20.93662152525806
196.77734375,-87.45082777608832,-109.1579972456779,-85.14485774540383,158.8092721477918
197.265625,-85.43835683567957,57.22410721167487,-101.9164441734996,-7.741586283714063
197.75390625,-87.5394630471383,-144.0516615415862,-93.45552508622988,-44.6806240257619
198.2421875,-94.13170754327234,7.929095264433683,-95.14229152752029,112.4034844515025
198.73046875,-100.7869792968087,100.1319930248856,-92.10981302953762,-108.5226006917274
199.21875,-89.9888811564181,-153.485035656915,-89.28060618623934,42.72426617326771
199.70703125,-84.41953437422686,0.1990785452320633,-89.94008886589518,-161.5268787361521
200.1953125,-82.75458145928164,155.2880101741737,-90.90153077353038,39.84128136601868
200.68359375,-82.43347047638687,-38.9484350827878,-88.26252356405028,-109.4214805286648
201.171875,-84.22689107956703,135.7579305883818,-89.56428697690589,75.30699069804409
201.66015625,-87.60926200797297,-61.98909437227457,-90.31828103819164,-125.2129846130795
202.1484375,-89.17191792113488,84.94873390764393,-87.35669818780534,53.06176975784525
202.63671875,-91.97754762028407,-119.6552361283239,-87.3173767768979,-111.8224087585256
203.125,-102.1368005561417,27.06171338189887,-88.07918716918795,101.5378220733531
203.61328125,-95.48654356352962,113.5966850260288,-85.09362672198991,-49.11575481301713
204.1015625,-87.65533220246895,-76.06840201771004,-84.90176986542552,142.9057343332901
204.58984375,-85.58026883824573,86.96305675600389,-88.93258015601232,-13.3460489454544
205.078125,-90.03362165715566,-111.9612231260883,-90.02951449245799,-160.2074659532211
205.56640625,-95.2890975661501,-38.85968596395707,-91.99917032397849,37.01310585659779
206.0546875,-86.70993443924462,129.4269459279549,-96.23812720451626,-127.200401201511
206.54296875,-82.82667077557645,-51.05049330969235,-102.6306780043449,-5.711748769978406
207.03125,-82.07585984504199,118.7722253975624,-103.0083426545729,54.85307292002638
207.51953125,-83.31538733811387,-76.58817335629766,-95.57656294766761,164.9276023417212
208.0078125,-84.01582915765802,84.29602693646231,-93.21585919005986,-60.44797710619515
208.49609375,-83.86061076599762,-119.3211935256072,-88.12853826522024,81.11038484352639
208.984375,-83.98348331493349,40.10931177673288,-84.54132109908109,-115.0477004812587
209.47265625,-85.35674890236058,-152.512557242044,-82.99709730254267,56.97949471710105
209.9609375,-86.60810108752224,24.47014597006627,-83.21575084035092,-120.1749395667865
210.44921875,-87.3375695411948,-148.8715345316434,-85.51767477863027,69.20001835119976
210.9375,-86.41588771953428,46.06395500467476,-89.50510870036554,-100.6580129517343
211.42578125,-85.00840815450006,-123.240317303519,-94.34150205509164,94.82356204588972
211.9140625,-86.09127853597084,71.77098324584355,-103.534360995636,-135.2695774702446
212.40234375,-86.89476406697196,-73.52490319674912,-91.6734279015327,-20.64262888711903
212.890625,-86.00600367630184,135.9110077124432,-87.4252917686396,178.1166758169676
213.37890625,-85.11241245342018,-16.09260431367576,-84.55718537071293,18.62845334677792
213.8671875,-84.41330317771921,-178.0616679557116,-84.40223803151076,-165.8039208621438
214.35546875,-87.77913569159995,16.94017965845007,-85.04095126399555,5.045565205342784
214.84375,-91.96564572739233,-96.92807588690917,-86.02064357553905,178.0902585651526
215.33203125,-87.14634002639025,137.1725309105913,-87.38055387533406,-33.5702019238819
215.8203125,-84.30199268252905,-19.00446411928275,-88.98219314269811,124.5404983947546
216.30859375,-84.74638760737508,168.9564911313531,-96.72140412127109,-90.23540784003846
216.796875,-88.42328177953996,-13.65778470181806,-93.69404150864162,21.19066895199719
217.28515625,-94.31747154057028,172.4711194051718,-91.00872774750103,-163.0309225865224
217.7734375,-98.59431203600592,68.1408955464215,-92.35451670251643,28.70550220853546
218.26171875,-93.9214927576802,-89.66908327040173,-95.7605916746638,-126.7969603146526
218.75,-88.71784292080186,66.81940655330482,-100.2792740476651,80.95247093196467
219.23828125,-84.92363364138667,-115.95979653666,-102.0092276399044,-52.19178549020143
219.7265625,-84.98860920693616,67.24177320898406,-109.5112119996206,133.3671616774948
220.21484375,-88.05612029175569,-108.6402647387308,-103.7273882457309,116.5565740421826
220.703125,-92.2931886378219,106.2417454440399,-100.0300183880017,-110.1300768518453
221.19140625,-91.93029766390302,-32.66621991001893,-95.7527886560238,50.54053185296075
221.6796875,-95.56476051738852,150.7748681515758,-94.15818528838011,-94.92455355789909
222.16796875,-97.60564728025852,-94.65950195989694,-92.29947627532603,132.2878866193457
222.65625,-91.69770498656811,69.9253756629664,-89.8391709935939,-7.399114021213761
223.14453125,-90.83959962529082,-102.7799174644325,-85.00677662059761,-158.8358276771031
223.6328125,-94.60492780459566,106.7573186537186,-81.42896133018773,20.88776976220818
224.12109375,-91.99165821285206,-9.865664615314689,-81.7424225204247,-170.50440139398
224.609375,-87.09286117884849,-164.377283717523,-86.55804269629373,-4.743057822955962
225.09765625,-84.90845591491237,39.41314516931229,-93.89797658271843,129.4098908793933
225.5859375,-85.26043052452093,-113.5241149538372,-91.12373034490884,-107.8362098899646
226.07421875,-85.70118893257109,97.02781699414777,-88.78108339259043,56.08235778485966
226.5625,-85.69232228046641,-67.94779502401194,-89.27803495775053,-124.3113343405782
227.05078125,-86.33876094829732,120.1723777883287,-88.50580841999491,77.39942183045069
227.5390625,-86.18367931262854,-48.62672115895583,-84.75832855907312,-90.84416832134136
228.02734375,-86.00544095134558,141.0535599676934,-82.64204153807208,79.39783854744601
228.515625,-85.75899511115452,-38.06718566377429,-83.11301910822208,-107.3803675917475
229.00390625,-85.6842832532046,145.539495966918,-87.69321297588176,76.82681072723268
229.4921875,-86.63512876309679,-19.60959266113158,-104.8060441570295,-145.5464190825916
229.98046875,-89.07269589350555,174.2421444189157,-92.26093449374453,-89.57492151482634
230.46875,-94.08531029784682,50.57730048005021,-89.07427973532418,82.74626720724798
230.95703125,-86.65667105482825,-66.33123959920577,-87.61597286462623,-74.14462921100274
231.4453125,-83.25315491845657,127.8693708633552,-85.92197533566876,132.1494152248168
231.93359375,-82.09286225802437,-44.5447544113874,-84.72844774211026,-29.76363327395224
232.421875,-81.08470690312541,134.4729419946317,-82.9171786970152,145.6113146449115
232.91015625,-82.65607394371219,-53.37294368928185,-83.05815485790899,-52.33081396449727
233.3984375,-88.88148607267532,114.2502849760772,-86.28760355244678,108.1998465184343
233.88671875,-98.99035761213069,-89.94371533663069,-87.95419251917212,-108.339538494445
234.375,-115.7593282053695,22.50674599347395,-84.498480470375,42.19277632831688
234.86328125,-93.8392049717101,43.47379935473742,-84.68164317348707,-142.3753058212879
235.3515625,-85.91617213598872,-146.8191704372977,-86.75076248265387,57.96205785060295
235.83984375,-84.93183956292191,35.52233272389359,-85.11517344415321,-100.8923589160083
236.328125,-86.9746365513582,-139.6835503840655,-85.55970373587712,100.8431968091942
236.81640625,-89.92680832598106,22.71722146361526,-87.85868279555339,-42.86609843729875
237.3046875,-93.07720676890297,179.7418738081783,-89.05178218684925,157.2549816442866
237.79296875,-92.98637480935595,20.28539630821548,-91.41367449929932,3.859243657126978
238.28125,-87.813630277361,-160.2605743428743,-92.05621155746515,-119.0067843428722
238.76953125,-85.08195714945215,17.89663231049638,-98.10167782767094,129.6598835091646
239.2578125,-83.5626399660309,-145.7030761096026,-92.84095535713867,15.98214227440505
239.74609375,-83.15351914950897,35.23217122376469,-93.33232708171542,-164.9980903990215
240.234375,-84.70382710781786,-165.935019498687,-98.7289825618881,23.76764225586426
240.72265625,-85.96068064607311,3.739516717802745,-99.82670324651252,79.52927639678984
241.2109375,-87.43829721187511,-174.9809611498507,-88.9146923840508,-126.7284610565311
241.69921875,-90.45514536183434,-16.46348904189045,-85.08712852397147,47.20788792333993
242.1875,-92.21717178730302,92.48303657542506,-84.084082147427,-130.9116453830825
242.67578125,-87.82974962766022,-136.8900833655376,-84.80296988311771,48.35287848057011
243.1640625,-85.25017861720769,24.7635210908403,-85.00992062465791,-126.0684948812875
243.65234375,-83.45085283994641,-165.0232868635385,-85.11011654403781,59.97924143203812
244.140625,-84.03132020982753,0.3053450336681576,-85.11839202907228,-126.5437939801241
244.62890625,-87.4746755852844,149.1544907715181,-83.77959362536859,39.40094158829851
245.1171875,-88.8746780778913,-93.42395910060293,-83.94173632088862,-161.1910304366389
245.60546875,-85.82409928121433,46.4347452612878,-85.273171974967,-0.02607429310820283
246.09375,-83.86588638169584,-150.1059073875675,-86.56517646943995,165.6637923647418
246.58203125,-82.04269452327397,24.12172861496416,-90.62374525659946,-45.37279539087761
247.0703125,-81.61298087129535,-156.3541410994359,-93.37510922378766,35.31358102495192
247.55859375,-82.35478956267548,32.53959996439512,-89.58356773299279,-179.9648373382325
248.046875,-83.15149973420218,-134.5214204727984,-89.23262566671053,-11.91597071649122
248.53515625,-85.35410152055051,44.56358120600959,-90.38862949092498,163.7293725262935
249.0234375,-89.92324414983997,-161.6727390126106,-96.63764523190133,-21.89280243099848
249.51171875,-89.81652463713174,-54.1330677325236,-94.07664673202495,86.98322570021527
250,-85.16847381098684,102.7269161853033,-87.5208943401215,-107.7485713307994
250.48828125,-85.02710496430095,-93.4971192107526,-86.02164915177767,83.98108987300431
250.9765625,-86.53985933727155,48.02233932465084,-84.07876137433112,-74.04381957187053
251.46484375,-85.81973890935461,176.6642195365216,-84.5925396481578,106.2424965912192
251.953125,-83.78761802843799,-30.42164464591549,-89.49787771476224,-85.86467991260437
252.44140625,-84.43748699499437,132.2274788663155,-92.65026994863493,89.78302141408373
252.9296875,-85.89788715049097,-72.39381484588337,-91.90993692974828,-98.36310981771948
253.41796875,-87.34302736734209,88.62000770171923,-91.20250600423239,69.55318444103098
253.90625,-89.57102161915586,-97.52603963461696,-91.04346843094223,-86.85700419689037
254.39453125,-90.38912760755284,105.1040784284173,-89.14278202922293,125.5170187072582
254.8828125,-88.10845950424203,-55.47706454428531,-88.19115128167815,-44.42857851098284
255.37109375,-89.11165126884727,120.1719421661095,-90.8084869719324,141.3777985649171
255.859375,-99.64635796940931,-106.8873049209275,-103.7089939209438,-35.80981005752313
256.34765625,-90.64698157993828,-36.90412022299301,-96.16188337507282,-3.623825699869042
256.8359375,-86.15013466099956,137.0302555024971,-88.15348413238652,-178.6964273142414
257.32421875,-85.66080180838831,-44.65387547779527,-83.16509500185199,3.79898712318657
257.8125,-90.09069558459494,147.9559439648543,-81.80417705540037,-174.8873492475907
258.30078125,-92.54875825713059,74.30093478255841,-83.34487979122233,0.6571249926934489
258.7890625,-86.1454444845471,-78.70645059669128,-85.0105509831356,166.1789960262271
259.27734375,-85.07011464207694,103.2013744320555,-85.78249722542125,-27.10753146363386
259.765625,-86.79748896390664,-77.26765977593122,-87.64929833834471,153.8476656048519
260.25390625,-95.51744428224801,111.5669435269782,-91.97125556338997,11.65164255958554
260.7421875,-95.20339779525273,86.99750466536221,-89.70911081659787,-110.3942085649775
261.23046875,-89.02319747965586,-79.100500320397,-87.46293668795552,101.8268314074755
261.71875,-87.47617450220103,104.3561631834331,-86.22978955936178,-44.17256165848245
262.20703125,-85.24014955631995,-79.33298036434056,-84.56603306389462,170.5813255229517
262.6953125,-83.87574968039718,99.84565294064149,-81.76671168642582,4.761934790127292
263.18359375,-84.95816666109619,-80.24209329141419,-81.01559685906736,-177.2010283167729
263.671875,-89.05268213000738,109.2940792410027,-81.53255840432335,-0.9548104985255762
264.16015625,-93.44603180519144,-11.1964452545906,-83.42427428964415,170.0333796629905
264.6484375,-89.88700555046196,-140.9265303767917,-89.01833158285612,-44.6202903177122
265.13671875,-86.97313304537472,60.11602887553751,-92.25230903963086,71.83535757644208
265.625,-87.14202679670871,-113.6879001640609,-92.57600373522173,-167.6950387418931
266.11328125,-92.61897933600576,87.49799146370866,-89.9872837660981,-17.13725151509619
266.6015625,-91.17244043712589,-27.70065584988844,-90.97858276125764,125.9772093831037
267.08984375,-90.0514187496903,155.8989397828161,-88.48519395912474,-90.90046047060575
267.578125,-95.1161791612476,-48.14811020128174,-88.0294372585354,71.6093759461277
268.06640625,-94.98522121502198,87.33878970063273,-86.18061608549732,-136.9097465876232
268.5546875,-89.30361989047708,-104.9581151799994,-83.13806696323175,28.68851611066969
269.04296875,-85.42448343790419,78.08854903170416,-81.98263662199173,-164.4712951399171
269.53125,-83.52203650968298,-93.2456902586412,-82.74269683606124,6.044870819765358
270.01953125,-82.50030719006658,95.25165706080605,-85.6409312366267,-164.6105462989331
270.5078125,-82.75507940888312,-80.27016489370929,-89.18452185482272,32.04817739081344
270.99609375,-84.84598352316993,105.7939950128068,-92.82345800694017,-146.5783758938109
271.484375,-86.22443494836588,-53.9567844057365,-88.4665181579939,40.11983196119655
271.97265625,-85.35925676224412,145.0956112167601,-83.86965348847797,-142.4931077141412
272.4609375,-85.55181095592988,-20.96832400911718,-83.83504879141432,16.75065405379709
272.94921875,-90.5075018924464,171.6733334974851,-84.49951465046328,172.3527501308965
273.4375,-99.49711416679395,168.9325561993105,-87.16282066195866,-14.05393129344106
273.92578125,-87.25484025032968,-5.891561067416254,-93.07780128284953,153.4957991245661
274.4140625,-84.89285427620339,171.8984748788408,-98.18488861218736,17.20360460819243
274.90234375,-85.69272442486989,-1.386204563672319,-87.85407079763692,-97.35893395007626
275.390625,-89.21227860367486,-158.3230059861481,-82.69965945097182,91.26013090576942
275.87890625,-91.10527562993396,70.37082673181,-81.76636937289301,-93.5421292866293
276.3671875,-88.70030149747295,-79.54749540756676,-82.97840771482373,81.17903086834747
276.85546875,-87.01570259403707,106.9885113752234,-84.75721687932929,-104.2014114561358
277.34375,-85.75381856243399,-78.65749735318383,-86.65447068738091,63.86509228353234
277.83203125,-85.98603498483094,106.3076701025337,-90.49304220182698,-129.5924324410846
278.3203125,-87.91261303747069,-60.91782947523351,-101.1847143067581,-12.37250724227625
278.80859375,-89.74594492463828,127.2968631292251,-92.39879024921132,100.7645214323289
279.296875,-91.11770331878687,-29.79187432736254,-89.39721893060521,-84.02147920487856
279.78515625,-91.86404608369466,-172.9740577213306,-90.47051585623508,87.66793946249872
280.2734375,-94.24960596178772,24.29604714878639,-96.82719690936946,-74.49313758259979
280.76171875,-107.4582429184283,-142.2928317455356,-96.24718449655857,-161.5091264109955
281.25,-100.582507415734,179.3036558217132,-90.97683005680864,55.85724858285217
281.73828125,-102.3177451570486,-10.18104889136304,-89.95433592334699,-116.6683723437487
282.2265625,-106.7471075662862,61.35273752923045,-90.53841485444448,34.41720459316577
282.71484375,-94.88613256925234,-156.0888621619161,-88.42495064893765,-160.7430811820356
283.203125,-88.09020000329737,19.21095446369799,-89.92137368198932,17.22321037914458
283.69140625,-84.94174051446457,-157.0869614532764,-93.84978608179578,170.9181495801575
284.1796875,-82.98150455700922,24.40462718443193,-97.02465043990686,-23.47453664145787
284.66796875,-82.46358856430298,-153.8775111535726,-104.9157462366548,25.53141152000553
285.15625,-83.60143820914442,31.22443854336579,-91.28488785174228,179.4584394612149
285.64453125,-85.23140658038244,-146.6345796556683,-88.85366871078431,-27.99713592709067
286.1328125,-89.00624471145929,44.98841309390372,-86.4638975843544,130.1071046389757
286.62109375,-90.46309412077149,-96.83073323724,-84.47629271269868,-59.43542296869126
287.109375,-87.15944601318898,95.90097959154667,-83.98597423750375,109.4865113614109
287.59765625,-84.43129685648208,-68.41237475341266,-85.18657963546319,-69.56639271280203
288.0859375,-83.1504851900161,129.1372247846317,-88.24193573572961,113.7371096370386
288.57421875,-84.09758806558564,-35.83650871563147,-102.2791953263671,-97.98505914616054
289.0625,-84.53273507362134,169.1272922371624,-96.80526197107969,-72.17906349214353
289.55078125,-84.42302218359987,17.6852679978437,-102.2427100990893,86.98452700554517
290.0390625,-88.27326349719377,-128.4997368077497,-100.3899315162178,-158.8610376042718
290.52734375,-93.95349251414829,122.5522522135267,-90.08388782063753,11.57426480241819
291.015625,-90.05197942217004,-6.331269764651049,-84.91277989839475,-175.3526982105744
291.50390625,-86.74322045463197,-168.9976270720573,-82.69382003282955,10.4291603897115
291.9921875,-86.1589014326271,28.78036839545058,-82.9440414698868,-156.1264511949068
292.48046875,-87.78744905649198,-154.9913935543437,-85.08916034089256,36.65397056395626
292.96875,-89.96268578467138,3.486955908761549,-88.30956772160617,-150.6614410301813
293.45703125,-92.60243303560408,-168.6144456379295,-88.33709985664683,-22.65567215908824
293.9453125,-96.85433835423964,14.94797187009027,-84.84415842085022,126.3087390913185
294.43359375,-105.5528482051344,78.03624531070247,-84.16712192523219,-57.59282496475263
294.921875,-98.3457268117911,-157.9332413433492,-84.75225939445352,134.5239328017729
295.41015625,-97.27957413242322,41.06029906737071,-88.18106861465824,-30.49540904039938
295.8984375,-91.65864328846752,-108.9187023222995,-94.79539975103478,-131.7973377914347
296.38671875,-89.32245488269081,69.85074670435148,-89.93994214684867,77.60104669069156
296.875,-88.76911956873033,-124.2068200036756,-91.44600378025793,-113.8199584524613
297.36328125,-87.90551575431776,35.43809506875009,-99.41536975434209,94.96867834318358
297.8515625,-87.26424317814546,-165.5682075315952,-92.74635729287627,46.69861246542175
298.33984375,-90.24250144536792,-20.99740218926815,-85.03132887677664,-119.5362125061477
298.828125,-89.11231084521802,99.80081138199192,-82.26155222006996,59.11984201410475
299.31640625,-88.08049403326945,-95.81791254224379,-82.76644895262439,-120.0314651486278
299.8046875,-88.44323568906717,64.04863038472745,-86.46585411546754,55.09411890657257
300.29296875,-89.60120291286506,-132.0984168568664,-96.79401391720701,-153.4174923333856
300.78125,-99.24755308943429,37.76287917153381,-91.31808385191889,-118.0542513346618
301.26953125,-99.23228532802155,62.55633380242488,-87.168713729297,66.36480011575277
301.7578125,-92.73976899985746,-151.4938453679301,-90.35839852102538,-96.99413578137973
302.24609375,-89.00450679602456,5.35005872349984,-103.3141844867884,69.09194316685507
302.734375,-87.48897170451814,-178.6160108283879,-94.93044958029522,102.1870488324761
303.22265625,-86.73706818079239,-0.4663059077681741,-89.66456150030245,-97.91722857797242
303.7109375,-87.2433049914015,-178.199411673922,-91.65985650703816,67.73373122991447
304.19921875,-87.42295564447359,15.01402126152876,-102.6526168370068,170.7037619659048
304.6875,-84.81826844887293,-149.8380787528778,-89.16753665359899,-96.01913205425102
305.17578125,-82.51348363517559,43.80891513754775,-83.73428913781062,69.65995545022173
305.6640625,-81.4020699197505,-123.8586502489093,-82.73555158300574,-126.2906657021105
306.15234375,-80.68450862345622,61.92582327465279,-82.16014342941249,27.22928683205555
306.640625,-81.27551846739406,-111.5043177184798,-82.60898956503128,-174.4551295447613
307.12890625,-83.65993873708645,84.74607925016677,-88.14346518657152,-10.65781678634779
307.6171875,-85.66904936420133,-75.00203553088082,-99.4189322224436,-178.5694319019968
308.10546875,-86.4841659403636,121.9709737803428,-95.56869844818863,106.6383461376899
308.59375,-87.11508301850883,-51.68327089126361,-89.01488555016991,-59.11126195473412
309.08203125,-87.32385724870167,127.1057121326961,-91.00519271458582,104.9090267268036
309.5703125,-87.56654565243075,-41.30358178395178,-98.73597996412299,-148.2993334430036
310.05859375,-90.05530096577164,147.5230927687232,-95.99094848604877,-68.27224851963393
310.546875,-93.33980551136122,-45.89911795355052,-90.35240182583246,83.45697134844239
311.03515625,-90.51861265233897,112.8804673032681,-87.77839640175782,-93.0218601618451
311.5234375,-87.51141773344438,-82.82582331068085,-89.2859809750842,88.54158813811513
312.01171875,-86.12294669136023,82.35714334973946,-95.87574746738603,-56.95331945797326
312.5,-85.1630233810517,-101.2350350811033,-95.25864237535892,-175.7715512168681
312.98828125,-84.80233352058583,78.11956318630338,-93.1771930070685,60.54877261121975
313.4765625,-84.33749151499809,-113.5422486507258,-88.09756974353496,-101.0281336980541
313.96484375,-83.26018265217806,58.81421678702954,-86.95372551699479,90.67075514594848
314.453125,-82.78175283179132,-117.3425173095142,-88.51610402104799,-77.8768505600075
314.94140625,-83.37971425009927,62.3978409127305,-95.96068353095008,111.1701300236617
315.4296875,-86.07733054380277,-131.77540294646,-98.23266777191419,55.88694665993943
315.91796875,-90.40050651458441,8.817052725269551,-91.39485520024729,-126.794708812694
316.40625,-88.55326728190485,142.6708382609001,-89.6640475642006,33.60887541956333
316.89453125,-86.42888919536132,-41.74967805817644,-89.51704695759317,-171.2366282156091
317.3828125,-88.8931836368219,151.9635975729273,-86.02776464074006,-28.89514326240858
317.87109375,-92.84455587819031,17.58708869722975,-82.3312019612024,136.0430776480133
318.359375,-92.1237209506083,-133.742867776872,-81.30538387671551,-48.08697269951745
318.84765625,-94.84624940662108,43.01942222420155,-81.8089490108508,130.7183512708519
319.3359375,-96.85738171619997,145.1595262732619,-84.6228711217499,-55.78748350741593
319.82421875,-88.05702015642714,-67.34067033400386,-89.41708240723416,102.1124313488127
320.3125,-85.11585380154122,112.399878861599,-92.02057525947133,-129.4157257812008
320.80078125,-85.25577343719819,-61.92843674780087,-86.36930362233923,-4.89812481007033
321.2890625,-87.34994285383695,123.4635034201846,-81.55114809096027,158.9673810074092
321.77734375,-92.40150314710066,-60.75692997530622,-79.73282154773231,-25.98556189654218
322.265625,-95.08389493188142,42.46557177265712,-78.51369482340259,149.1992391463534
322.75390625,-87.9204281060735,-170.9614265640311,-78.02049190932324,-36.62308532053047
323.2421875,-85.52957846868219,-5.717130541619857,-79.15156378456614,140.4723056977482
323.73046875,-85.91074834764599,158.2615313868582,-80.92323257897957,-37.98742658678756
324.21875,-89.06649570682873,-57.5922249904516,-82.54274860672417,132.9620190781866
324.70703125,-87.39278802401536,67.60732956872911,-83.64957257751136,-70.53529613290601
325.1953125,-85.84352245228285,-128.7701149900304,-85.03670601864208,97.93339250049911
325.68359375,-86.71299722943985,53.21758527317431,-88.32401678446779,-93.8477055184082
326.171875,-88.78844121086381,-112.7370972838881,-92.12262655679129,47.19573313826606
326.66015625,-90.69377986728297,97.22305395664014,-94.25317250812705,133.4692459898589
327.1484375,-87.04101512216583,-74.505934506255,-86.68394002047376,-74.91214795849072
327.63671875,-83.99397779671604,95.71483090041886,-85.06326391358768,113.2819520342925
328.125,-84.26959684913066,-86.88878088904396,-85.9257314890325,-52.53949153706466
328.61328125,-86.09740595595122,98.50119358058913,-85.34119543949559,149.2411397789576
329.1015625,-88.21124958058208,-71.91852698499754,-84.18413033685177,-8.349214240711309
329.58984375,-94.00186524484438,118.7320405139062,-82.40961532631319,-170.5122986413744
330.078125,-99.25175237481389,-85.49951456488716,-80.81780601409838,5.53119140165205
330.56640625,-90.86986945836541,81.45965606919114,-81.79649250355062,177.840376238343
331.0546875,-86.7529600104674,-97.2009852428484,-88.0837297343585,-5.719626093820732
331.54296875,-86.73790243694202,81.66220541355169,-105.0661563472975,92.2900079354901
332.03125,-88.92624895274085,-92.25103355922322,-93.05316707760325,179.0690101891472
332.51953125,-90.92615467244246,124.0446653902313,-87.32339108645877,-26.96616917469168
333.0078125,-91.77283236467368,-7.372980829304941,-86.27037864154289,127.4900921557961
333.49609375,-94.04797138841012,-160.5904603465203,-85.33224369773997,-84.9992093335828
333.984375,-95.14596987712332,3.43582708706597,-85.95147544307264,86.57380818959157
334.47265625,-91.80843036124452,-179.5559835915716,-95.81004001378892,-98.54688458046546
334.9609375,-89.71672986510009,-0.3423468976693233,-93.11732329491228,-63.3317383191626
335.44921875,-87.39940721239267,168.0991399497041,-83.61299381098151,120.5530448878231
335.9375,-85.52484589475171,-18.49516605333503,-78.08655579281199,-58.64131301629067
336.42578125,-87.17752658034742,162.9387845093482,-76.0072087026026,120.9302409791099
336.9140625,-93.1443054441697,-1.086853901530593,-76.11261175089459,-52.72937809565968
337.40234375,-97.49523882040276,-101.7801150712143,-76.25918176254063,137.6876883871712
337.890625,-89.06132769533514,115.964837018919,-76.20196881994762,-36.58064216805308
338.37890625,-86.42168807984312,-62.67022718257019,-76.40511591321071,151.6309409513459
338.8671875,-88.83308503625076,110.2444066482474,-77.44728318545431,-17.212861611199
339.35546875,-90.46506846194752,-65.89926082660246,-80.54506779697957,176.1953890195867
339.84375,-90.44076221013523,147.1040716487737,-85.68223039662331,28.93897931379446
340.33203125,-87.77828525563505,9.202025612141764,-85.15749626994874,-85.00950176109339
340.8203125,-84.24153257350257,-171.5188942088084,-82.01217277532584,122.0505032895547
341.30859375,-82.55366952466248,1.144693782301015,-83.14525082928485,-43.14462504543015
341.796875,-82.12512438302051,-176.1097925387984,-87.8039896443078,164.9461412004032
342.28515625,-83.78801631736557,-0.1858232277335499,-87.73257462302587,55.68713542578606
342.7734375,-89.4113853349206,174.5097257760421,-82.39468738806772,-89.79216973265386
343.26171875,-99.01973782493529,-11.62638823700576,-79.79756660860598,105.0427073648834
343.75,-96.12413866159099,84.61291303066589,-79.64897952666928,-67.94793812128046
344.23828125,-93.99143612915623,-122.2369278147218,-81.12349678719985,112.9048905938848
344.7265625,-95.51298399889333,31.72247583401199,-83.87019852293534,-72.59395789383522
345.21484375,-97.41763073429603,-141.1886495849045,-88.21650178059249,109.4240148049631
345.703125,-108.6429478210892,7.545652806941613,-88.02814809250215,-41.91774640428771
346.19140625,-103.9906136716869,65.02157706429625,-84.12194533286171,150.1368543841559
346.6796875,-98.94503721742402,-173.9829044369272,-82.13495912446479,-15.29676192722263
347.16796875,-94.49074084877952,0.1966559832025312,-81.23071147245926,-174.0932789578196
347.65625,-90.4277222131428,-164.937086823055,-82.53658158408216,23.25933071438916
348.14453125,-88.40023209953705,40.68850914150573,-86.28220382326055,-133.3635720907236
348.6328125,-88.50315729132724,-108.026216121851,-88.88485168017134,80.01581658934151
349.12109375,-92.1828594715778,91.73191276254056,-91.56896289771592,-65.38844972036742
349.609375,-96.00561931008974,-25.39041905964471,-92.78081056769727,172.6627059267116
350.09765625,-89.35909864594126,173.7446589499486,-90.8655969379605,38.38118981770964
350.5859375,-88.63267142667195,-8.191447810795514,-89.66565957124716,-134.1712704603818
351.07421875,-90.67008214093715,165.483009998648,-88.68995943661366,49.58461051715074
351.5625,-89.18511827203886,-34.68812639231966,-87.45434550112803,-104.2002633800834
352.05078125,-89.72540085353805,129.6245193798304,-86.70327142594579,88.53893559359457
352.5390625,-92.47311806597187,-69.63968357770463,-85.45678392577372,-82.9359807991985
353.02734375,-91.15362473310923,115.8651780634839,-84.1949916252767,115.3295772557354
353.515625,-93.023887140415,-67.82788119862599,-84.57338851630664,-49.50170807380843
354.00390625,-107.5304990933146,31.74246207833602,-85.47496522926237,140.6424697208786
354.4921875,-95.47294911073689,124.2154223348492,-86.32683289459173,-19.30694532130364
354.98046875,-88.04121712323935,-32.29623854048384,-85.407741530773,-177.70846727611
355.46875,-84.01226638511601,160.8485726539069,-83.72419603523666,-0.903064250278133
355.95703125,-84.2634610679567,-3.158983191649325,-83.16501837776687,168.7106941847854
356.4453125,-85.15218854943245,-166.9524084667375,-84.13795836171627,-15.94226847995037
356.93359375,-87.64547047015034,5.121146523518152,-85.94655463008637,160.0973757081906
357.421875,-88.85304695401565,147.5712160483219,-90.10597860984052,-18.64738539040752
357.91015625,-87.44905847597738,-44.59768736237337,-97.15424390898356,-163.6464272377923
358.3984375,-86.80570955702345,151.7916093997905,-93.21591438056103,31.41228035541312
358.88671875,-84.49271633197549,-5.218668349122434,-89.265261000465,-138.9988354349213
359.375,-83.56724290805487,-166.034874946905,-88.70163857635237,60.16874280087791
359.86328125,-84.64784031397127,31.65008586998993,-87.86031583009283,-113.2093019400077
360.3515625,-86.21511583785207,-131.1022502591786,-84.68321570585503,72.65903685264715
360.83984375,-87.48965177151818,59.30152813882943,-81.94792587130351,-107.3060239027859
361.328125,-90.36420148997223,-126.6041572622613,-79.97625451227131,63.14101380249275
361.81640625,-92.16312059052763,33.91019103794419,-79.10097340337214,-125.043017426245
362.3046875,-89.58255382695,-166.2156830183754,-79.9333687754491,53.9393822830919
362.79296875,-89.27087549333514,-6.064883864619342,-81.31665152504674,-125.7579800442209
363.28125,-92.64195235493075,155.6512955016987,-82.70658363046229,44.92540865827298
363.76953125,-102.878788798638,11.97917548697693,-84.2806006620318,-136.4166807958951
364.2578125,-103.8899409425391,-28.43839155675462,-84.15144110684486,47.7197738069644
364.74609375,-96.65506078157313,-140.4858464656184,-83.37266223761766,-150.0774327525912
365.234375,-98.90691051952967,29.14127729917147,-84.92943155357332,10.15940700118807
365.72265625,-106.6393604894088,113.9434786515249,-88.27329923628216,160.2887005649643
366.2109375,-95.44133405323041,-127.7046546875388,-86.00070053818899,-58.44071885286387
366.69921875,-89.02061552246909,59.01568384352193,-85.27873661548711,93.05152741474811
367.1875,-87.94285080750369,-119.6597166330051,-86.50718023128078,-128.2294779498781
367.67578125,-91.34460782433229,61.51623066109841,-86.89296170848735,20.69751858888232
368.1640625,-98.47176278497847,-80.21681728607849,-87.40079188738494,177.4420748856555
368.65234375,-92.18881189872039,-176.053946839108,-89.68748309431619,-23.95854533762781
369.140625,-85.69044665814306,8.412751495768619,-101.1767553413532,137.7983881699884
369.62890625,-83.13866123027154,178.8453368419281,-96.41802177678773,120.2415835281016
370.1171875,-82.21709982323517,-8.198772752339515,-92.8249659876483,-71.04537645759238
370.60546875,-82.87779683862021,161.1467692989875,-92.94455122783035,68.09312148298338
371.09375,-86.69740653646366,-42.53997738277175,-91.34877553874155,-155.8655151172942
371.58203125,-95.86064507750045,71.61223525751541,-89.3117489098257,-30.09249533325987
372.0703125,-92.05910077616045,-171.2984731508176,-85.34196491472363,133.797153765472
372.55859375,-90.9388139489529,18.97006716192401,-84.25526146619762,-43.79640937627283
373.046875,-99.40036472945238,-146.504545114591,-85.49162579900944,138.6326581012256
373.53515625,-95.36343623511462,140.903100329507,-88.42290362193039,-19.11818171864794
374.0234375,-90.77053093247295,-75.69405679504773,-87.54142160376483,-166.1598550740675
374.51171875,-91.00503509224407,73.59847811164396,-87.87867963803257,19.9925980142987
375,-94.25741636026206,-129.6232858617708,-93.24482393656413,-167.5447791937624
375.48828125,-92.40129567051801,10.35312946355569,-97.411817468148,-14.08261752076362
375.9765625,-90.20567634208797,169.0230601040642,-102.9498034040228,151.0721926023302
376.46484375,-93.21815198954866,-15.14733182299369,-92.02682433661326,165.8214078381704
376.953125,-91.33831443738711,164.6420008698072,-84.81085043776376,-25.2749870269753
377.44140625,-88.2191152068991,-22.80387002543302,-83.57136361692261,147.529256933791
377.9296875,-91.8726571370196,163.339441203609,-85.07359873804999,-34.6033507617101
378.41796875,-94.94609033483744,15.5122109203454,-89.84614530727781,121.1870472569963
378.90625,-93.64891396068177,-159.7499441346649,-91.37824768434453,-129.4887676429052
379.39453125,-91.95356570663694,36.47241984818445,-88.40057001866013,29.06606850756735
379.8828125,-87.50149712129274,-143.8509580051106,-85.39994534380085,-134.2591247254867
380.37109375,-84.87237927226646,31.44579023884038,-83.19795272581194,65.1618141990521
380.859375,-84.92667857645895,-139.2619825357755,-82.16593864013231,-98.43278882774571
381.34765625,-84.44869278315235,48.99315440008969,-81.97198625959572,89.78391176493373
381.8359375,-82.92978272147539,-125.9492443271912,-83.80145430228259,-85.00400981572632
382.32421875,-82.44333375602764,60.97086767987209,-88.07174425022504,88.13123580269584
382.8125,-83.63276527163394,-120.5385927640755,-92.49539543138567,-136.7327013978667
383.30078125,-86.6096690243141,49.88863150272432,-89.02607979066018,-3.298315497414255
383.7890625,-91.04601780302741,-156.0661899651766,-85.35843998603602,176.2990698295377
384.27734375,-90.77227537383791,-14.54321290662167,-85.16347836172883,8.282939695470603
384.765625,-87.88486148199635,137.6948760708258,-86.46828612979508,-163.4290380500899
385.25390625,-84.42377210196204,-47.527628793685,-86.20465379561621,27.12377243921045
385.7421875,-81.63997348947225,145.4220125955746,-84.56556570116243,-137.4587513033155
386.23046875,-80.4187974252303,-35.02303614956185,-85.91822555953874,48.85014427431958
386.71875,-81.28052029005865,134.3362376042653,-90.34592215553312,-132.735271067
387.20703125,-83.88378720326833,-54.42758273341222,-90.58500836301661,62.88657297211572
387.6953125,-86.1128071616894,95.1187196514976,-90.94594892851566,-79.6692360309661
388.18359375,-83.70493703168799,-126.984583891671,-89.93146772470085,135.1505201003975
388.671875,-82.33323230615007,35.17523709090133,-86.90213586304318,-40.70942992459747
389.16015625,-82.86064093117125,-140.5056712744297,-85.10357580533714,155.7593046204449
389.6484375,-84.19403531926119,53.7618905736448,-84.02885870212847,1.292114527915009
390.13671875,-90.0245846609553,-107.6975127541116,-81.31642689813771,-165.0209165638007
390.625,-95.93977665867506,144.8096078770776,-80.4627041291731,19.8054054086655
391.11328125,-95.26307492615393,-3.555722295004488,-82.01985557676586,-159.0374955170852
391.6015625,-96.77602921012996,-160.5317815299164,-83.7956464214229,14.60957996100306
392.08984375,-103.1776864116536,-8.721587791829391,-87.94712689515913,-173.3757609978138
392.578125,-95.55624673342705,99.26337728858643,-94.63460620795404,-33.34802588445343
393.06640625,-93.5386024808936,-59.37587653021411,-90.62416765040948,106.9379374689426
393.5546875,-94.11126547813871,-174.8785883970569,-88.49230118604537,-81.6578210431811
394.04296875,-89.12066745620888,47.95233299177974,-84.5255180265078,94.791751178429
394.53125,-86.67459932719269,-107.9327300323072,-81.35674745577782,-84.21589657853497
395.01953125,-84.81547923707507,94.8996996811224,-83.41937329134186,83.38259425649824
395.5078125,-84.57869156330989,-74.99536592396032,-85.41335132047254,-138.2553073472806
395.99609375,-85.3898859567704,102.5244581622722,-83.67872793553673,13.22442797024938
396.484375,-86.10928596989064,-105.3944993689528,-82.99839305386671,166.2348122855383
396.97265625,-83.97279855086336,37.50527929979798,-84.2912273680607,-31.2286208499715
397.4609375,-81.65081799422212,-156.5617526550889,-90.88121194525543,136.0170047703585
397.94921875,-80.95040761970705,15.02977019079632,-93.54807621649459,-128.5168256712777
398.4375,-81.9890162904978,-172.2317105819325,-89.48716069309742,48.34873699720282
398.92578125,-85.19471223271337,-3.441400331059856,-89.46862992042588,-108.7148492994624
399.4140625,-85.43128440173646,157.3830593640525,-92.12638558668283,110.9720616842189
399.90234375,-82.38338583697086,-24.5433852032289,-88.74926310044445,-2.824058139214669
400.390625,-80.64859924591245,155.1115278883894,-86.745676378304,-174.7519743029204
400.87890625,-80.10480800192936,-20.74319684721,-87.95427671693213,-3.892472551147979
401.3671875,-80.63400023407213,165.8752542052326,-86.92910159621866,158.0699190223183
401.85546875,-83.01235927225022,-16.22839092265795,-84.1406053790742,-52.05935478929724
402.34375,-88.53527941234003,151.5468476175386,-82.12772401840164,111.5654934002914
402.83203125,-92.61997082060047,-89.51071473690199,-81.5085293176312,-73.34261379682165
403.3203125,-85.66133024970495,71.29877578739539,-80.51671073110795,100.997736045919
403.80859375,-82.15532462714032,-111.3918752232336,-80.32563641159824,-80.46317900281952
404.296875,-81.37734278711358,65.31908075679914,-81.66441763323047,101.195591110347
404.78515625,-82.15590592168633,-109.166824268696,-82.7138352769999,-79.37094911401739
405.2734375,-84.74153928797109,82.03309875209656,-83.38090379433461,104.1843103474212
405.76171875,-91.7821011810767,-67.41392459809867,-86.65904508601423,-62.5893326201626
406.25,-92.43808160983954,-152.1963740036556,-89.637688065232,151.6808664313829
406.73828125,-89.11206137848356,65.80041918352373,-86.34664911148175,-7.706671349686174
407.2265625,-87.07142455814969,-86.01969361854326,-84.51400924115759,-166.8852367462515
407.71484375,-83.76082993389451,116.8009331406724,-83.90711270678729,38.9060087538949
408.203125,-81.74668588888279,-52.45608103504711,-84.07232688994269,-133.836204059216
408.69140625,-82.95310813708598,129.4362960395178,-85.24003941227768,43.07511492428363
409.1796875,-86.56275374710673,-39.94602833562818,-86.85880484209299,-134.9370223320121
409.66796875,-92.73137805080289,-174.9276618984189,-86.25024532779818,49.07297922218211
410.15625,-89.0183004815141,85.38923996849063,-84.17123788339714,-127.1784447650402
410.64453125,-85.6218486066137,-88.78985119306925,-83.49669320985103,65.70999159431159
411.1328125,-86.73749188291298,91.87062119365343,-84.10657809843823,-103.4459270081066
411.62109375,-88.6152203568347,-65.06882604849191,-86.34920759724881,57.99150898284318
412.109375,-88.86991285091581,138.9901046937716,-87.11840258873507,-168.6255278408557
412.59765625,-90.61025578080805,-28.57283603224976,-85.55101892332674,-21.95098121981412
413.0859375,-90.32775778259932,163.9595518668208,-83.68283370669019,156.6538144741195
413.57421875,-88.44797650059262,-11.98547491394944,-83.46074121666108,-12.73243760113533
414.0625,-90.41011893381763,-172.2510690812539,-86.79668955991366,168.8094835142856
414.55078125,-89.53957422107892,32.60165475752473,-92.55612350371842,-33.94353997057179
415.0390625,-88.01723713800102,-160.1515299269143,-91.60845832268633,102.1339427943052
415.52734375,-90.54180940662849,15.17159843634858,-88.00518554077777,-96.00372644116493
416.015625,-93.58347633168627,-151.8020440080481,-88.14208734314376,72.28161881671338
416.50390625,-92.66200799421122,47.96970906234327,-90.4105804422245,-101.0537586254915
416.9921875,-91.34929895006991,-96.04055297070404,-88.8107824501534,105.2364749441401
417.48046875,-95.03141929228451,87.84031376973925,-87.2603275354891,-58.81402237537969
417.96875,-95.32337757007218,166.9785719013921,-84.7226841037195,134.9035737122567
418.45703125,-88.86419304937459,-13.14057754850602,-82.09408315982759,-44.37180965759465
418.9453125,-85.34408695253919,-177.1218431370415,-82.76433589892532,146.7429770155701
419.43359375,-81.83343792808499,16.28746454358989,-83.88997232637763,-14.8429972994023
419.921875,-79.55550612435044,-156.5066934087494,-86.00812553966692,155.9832766102374
420.41015625,-79.60530694758081,24.42583736306,-95.67556179901439,-66.53827205228484
420.8984375,-82.04221244861372,-163.9207373818718,-88.70464494460546,4.581426419466722
421.38671875,-86.23476393036627,-8.857949137293069,-84.4659995978221,179.3014973598981
421.875,-94.27950872296888,154.2322744083803,-84.59685638058781,-12.39143389655692
422.36328125,-90.17615229676066,137.7871840812551,-86.02388309272946,146.6902190089206
422.8515625,-82.91880386125671,-37.8239580770291,-87.83148303210552,-60.48706102562003
423.33984375,-82.33592805700243,140.5912511554398,-89.01818836040968,93.22390613078093
423.828125,-83.0200423360896,-40.01656516521648,-89.50447781985682,-92.77644560194715
424.31640625,-84.72160865805664,147.4956152921833,-87.9470170699943,110.1095788818599
424.8046875,-91.60773493649857,-7.849757698006595,-84.95613360244917,-53.8308228086664
425.29296875,-91.56894453226627,-74.13737028524186,-84.403558281239,124.4429827952905
425.78125,-85.91624308294783,130.5799264140867,-84.52290023980504,-61.56735447785882
426.26953125,-85.60746963007099,-36.52508731036105,-84.14124005350992,106.6678907877957
426.7578125,-86.20755488723799,146.4270743759086,-84.91440059880759,-90.20197651869393
427.24609375,-89.37558307899637,-23.75013722185975,-88.41584073290356,81.76372447858073
427.734375,-90.21012277540656,-125.2611343942119,-93.18481823116724,-89.1824435995206
428.22265625,-86.54206580469058,84.80424211319296,-94.71034995406485,179.4114692917795
428.7109375,-84.60978974247749,-74.63952417860568,-86.10882899631036,25.11708264351913
429.19921875,-81.63333078749069,109.5016947967684,-84.67194634602467,-172.6836452962023
429.6875,-81.69825763300211,-70.16741228138292,-86.68576002944378,-18.96574419921623
430.17578125,-83.49674273515819,116.5839517989466,-90.08095963688166,102.9550320910673
430.6640625,-87.30317450380801,-63.13300584704543,-84.75320871308844,-125.8789298440471
431.15234375,-105.4369874302808,26.28120404874003,-83.18289303273367,27.39676299185171
431.640625,-91.52868364363805,115.6829679236473,-84.55695519075275,175.6593165870055
432.12890625,-90.27833523793188,-90.52513500633717,-87.21873218161149,-39.51123957125946
432.6171875,-86.57056855575718,74.03227840073014,-86.60608449992205,100.0326900182095
433.10546875,-83.45718090774676,-115.4851989770114,-85.40322818566085,-98.94580862183703
433.59375,-83.13072866707095,54.87984267339618,-85.92234059768607,77.76555541110507
434.08203125,-83.65752333092063,-119.5623723127528,-85.16571060367299,-88.43670055518486
434.5703125,-85.08395929972397,69.02726546375719,-84.15887965451027,94.82995236311598
435.05859375,-92.41980794261639,-92.61450495956352,-84.17942196154534,-91.51262783194821
435.546875,-92.25271811183094,172.9361975214302,-83.71864656807711,91.31877694999076
436.03515625,-91.10589821316735,24.47452042780178,-83.94847570820546,-90.52174666667273
436.5234375,-89.0555102610047,-113.662913054204,-85.18493894480432,77.95986664745068
437.01171875,-87.63549147756571,73.03552653026475,-85.60598470062439,-108.0104974419417
437.5,-87.83326432270249,-96.28537944193712,-88.08539896021745,66.37323956475826
437.98828125,-87.68193408807622,98.79015741443506,-96.29192556702306,-144.8086593785681
438.4765625,-100.7835416927124,-66.78177170782837,-98.80336016761001,-6.988073115762605
438.96484375,-88.52253154535974,-81.13238396165578,-96.98632819108934,173.4892294694248
439.453125,-84.1522777604261,111.2357126897531,-91.44436951395537,-27.37902137408744
439.94140625,-82.10053763627369,-62.98740471336305,-85.79348001199506,152.3829742126717
440.4296875,-82.90635888821188,112.5875628740587,-83.62810674706294,-24.1865426478236
440.91796875,-87.59222253684453,-57.76609950143183,-87.71733616142677,152.6193439433379
441.40625,-95.91235913380299,127.0756661924742,-110.1021973482892,76.75299027369664
441.89453125,-92.88988590470868,177.5511246373882,-88.72002652442004,-64.96281901387415
442.3828125,-89.49190685502957,-35.17174037039629,-84.95292707338764,117.2769073995678
442.87109375,-94.25613565071538,108.81559876466,-87.35098548604925,-75.29379411745954
443.359375,-95.37540714401516,-105.8710184338237,-90.42378070416702,12.44308395929502
443.84765625,-93.07287817025254,57.05256381049824,-83.8852094484659,146.6316235321544
444.3359375,-94.29043372168705,-167.7628840516472,-82.5671056502312,-43.06818028520784
444.82421875,-97.34581118582224,-21.98178774402078,-84.00739119590797,133.7486604164268
445.3125,-113.715525325097,136.343859342309,-86.65254745474284,-61.39703982606778
445.80078125,-99.94363573075421,138.4479244393923,-90.34641914090014,84.10884314387879
446.2890625,-96.59002613957034,-12.57037295312247,-97.79237047146256,-141.0579731872585
446.77734375,-95.00734255684293,-134.2211227679319,-99.35766982792863,-75.2839955020163
447.265625,-91.12251733921127,75.60695945874244,-91.6152998426488,78.58145672033203
447.75390625,-87.94151418795093,-106.1805631875707,-87.06913695323956,-117.1516568324334
448.2421875,-86.28886110745785,59.83299573856548,-85.75567593853692,48.59738223795065
448.73046875,-86.16452802253087,-127.6771762943597,-85.97978239049822,-135.5291220235995
449.21875,-87.72256240079702,44.00636264251649,-86.12955059074166,57.4573141134874
449.70703125,-87.8036293544134,-145.2650746407257,-85.89640612347705,-104.746463023701
450.1953125,-86.45858812963988,39.87993562787581,-85.40767229793184,87.06737837129575
450.68359375,-86.6310713423309,-147.6268542616195,-85.22134091159268,-75.96775926728991
451.171875,-87.33711315543428,11.32387684222577,-85.620689893112,130.8183191550062
451.66015625,-88.07669397202851,-173.8605202802079,-89.06094497886924,-19.90970713764754
452.1484375,-89.85148128570415,11.20239810695213,-91.58050228172741,-152.559836334837
452.63671875,-95.93713832072744,-159.8550280006477,-90.32420687460481,41.46086270806457
453.125,-102.5577556308559,125.9818504303334,-94.99909862816918,-119.9371982139432
453.61328125,-103.8537800008072,-34.92510778562062,-106.17517390816,118.6944753849965
454.1015625,-105.3956586000128,-133.5167480477305,-98.73300770576479,127.4985448093799
454.58984375,-93.21040932437313,55.44733946573147,-90.06744809960205,-55.47099521346875
455.078125,-89.29512052734923,-98.6878200145099,-87.11583252976914,120.6705728869915
455.56640625,-87.03310565512537,102.8104301139082,-88.24854223191097,-65.43371850754079
456.0546875,-87.45128155199275,-74.85347455464719,-89.58467655190931,106.9556074751235
456.54296875,-89.77879734491212,114.4173475476787,-89.0533871480653,-73.19349549972341
457.03125,-92.02449211599331,-29.83863915327838,-92.45244443588241,113.8248309174245
457.51953125,-91.13137432858329,-136.0481256766475,-97.37833544529221,-32.93356244346246
458.0078125,-86.49025059785222,69.38739975270134,-94.66298348846445,119.8398009306076
458.49609375,-86.00421635008529,-109.9970735794155,-94.43712634129824,-85.16876635789107
458.984375,-87.12970909591809,74.00594433391917,-105.5717139202494,37.3893929806332
459.47265625,-92.25736686619904,-93.99964988856466,-95.90609937102693,148.4330243878492
459.9609375,-98.38620623859646,174.927860831712,-87.98831677006501,-53.29755301670937
460.44921875,-92.85225662086685,53.25679861545499,-82.37730820109724,107.4395511846289
460.9375,-87.72548490306383,-101.9139097294049,-80.0372108849772,-82.48564022597246
461.42578125,-87.92813942837199,80.79637983522808,-81.21467713193573,93.27063027226548
461.9140625,-98.13802778080365,-88.97668631341021,-86.42299299354788,-91.97402654730953
462.40234375,-98.03176423063051,-114.9410524460907,-101.9844343530738,20.79199239694305
462.890625,-94.74880245363173,66.93570804715627,-89.53166338967939,81.81291520743542
463.37890625,-100.6213287951427,-101.1021314043085,-86.18860334922095,-117.7265602930859
463.8671875,-101.5089462304283,-171.2343877841842,-88.79851937654897,50.55721835655226
464.35546875,-91.49380196282921,40.00473921212831,-96.54140582703317,176.0040459264692
464.84375,-86.60303938144183,-145.834993420571,-91.51005709952875,-88.22990544469336
465.33203125,-85.94802662508123,19.3421174359825,-89.18319496129874,64.04344329787239
465.8203125,-87.28730982447127,-165.9770472524686,-94.94298881535003,-126.3498229921397
466.30859375,-88.78989425462328,33.69699140808908,-97.49798261941874,-141.728433094464
466.796875,-88.95130888448705,-115.3490025628649,-90.51124309138571,36.09288526113416
467.28515625,-89.26762424073451,83.54128532024198,-89.79441488871413,-153.8820743022843
467.7734375,-88.51599087006328,-94.1828468054776,-92.27966501745784,16.78082625993384
468.26171875,-86.63974818516871,78.21867331611124,-100.1334870783507,119.6527088041651
468.75,-86.90600212508471,-107.9378372535229,-99.96019958299847,-123.5862653746348
469.23828125,-90.33875561621635,64.53855421206364,-95.12565399881611,-88.2572966447952
469.7265625,-99.11384542425162,-143.2225369790827,-89.22561789720403,86.61837270980209
470.21484375,-97.77132266198988,-105.4691824211916,-88.26744341203323,-91.85656924045135
470.703125,-89.96512578402267,59.44371960370652,-91.67956204967963,76.12327947374781
471.19140625,-90.32407714985521,-118.4945982527743,-92.99145070157893,130.088640357152
471.6796875,-97.7224003579708,49.21034896867435,-84.43732297401365,-69.62832820242082
472.16796875,-108.6695983205758,163.449475879587,-82.23101278632612,107.931005688232
472.65625,-97.88320512789822,135.5614140341469,-82.52492353555326,-69.71914370616827
473.14453125,-89.60443519821582,-56.88435625715044,-85.7175607238818,118.6474323258937
473.6328125,-86.99492140078843,111.0015886709793,-89.01241616758226,-29.82131466839042
474.12109375,-84.32317249239026,-85.0976540548404,-85.19422611260468,-171.8264417802926
474.609375,-82.57934113652725,75.10969398093201,-81.62946442162971,16.21927094607852
475.09765625,-81.96022756421449,-134.4440245222343,-81.08176082180437,-167.6632148599679
475.5859375,-81.09657267518159,23.87713156453271,-82.84388474618206,9.600566262466685
476.07421875,-81.34726031621781,-166.9964204432883,-86.14351123217291,-172.2984365163838
476.5625,-82.72440169246771,-3.566904981733311,-90.52387753582784,-7.909701598813036
477.05078125,-85.76661570635208,153.7896419995086,-98.53486049063905,156.6818318926182
477.5390625,-90.37271391017319,-31.68766534297301,-104.8233632139457,162.5000857579597
478.02734375,-93.3017261599839,-178.7009336433568,-93.8318462931266,-25.07336516076755
478.515625,-91.85408676023805,34.28211951571241,-88.90508677317797,134.1264856725918
479.00390625,-89.1821188136045,-131.0896356474147,-88.49240931046319,-53.6793675677507
479.4921875,-89.92467661082608,58.3817682292516,-95.37026062849074,105.6016362159165
479.98046875,-92.99397513964632,-93.94080062542339,-92.88245754990841,176.845226576738
480.46875,-90.11006383341581,127.0956451124035,-88.48273630895056,-44.92031627646405
480.95703125,-85.54994529258457,-38.57496942765115,-87.62689421133784,102.1920326452288
481.4453125,-82.73342749678081,138.4749283455483,-91.6462103021813,-81.38745010700841
481.93359375,-80.95630681180648,-49.06580248460859,-99.45475623903839,-156.3482567002517
482.421875,-81.75478832503038,129.2144257385125,-88.24096344773091,58.64064747309715
482.91015625,-87.54452496233846,-38.50238247789839,-85.36979339594328,-125.151502009415
483.3984375,-92.36185133852942,-113.0714588491858,-87.05095612408192,52.33979793037442
483.88671875,-83.92580630429818,99.55984340950728,-92.70801017672329,-137.5064643801598
484.375,-82.22979444964011,-79.95469253332625,-98.51006039630408,-101.2443315333485
484.86328125,-85.29148444662485,86.99770467294502,-88.1812570978924,37.33498394437971
485.3515625,-89.2904116523148,-161.0683524000629,-85.50468702221423,-161.853759991452
485.83984375,-82.86904010140182,-30.26876127248529,-83.85064891781292,10.16418509300608
486.328125,-79.76638922967206,138.4148945220436,-81.94040317975536,-173.7618563182815
486.81640625,-79.28029065264587,-42.83166484668858,-80.06173543247766,8.27179111110164
487.3046875,-81.000006548198,140.4988209945015,-79.77450618637806,-162.94500362253
487.79296875,-85.03573125617979,-27.90499704612499,-80.30993076490169,34.64765489613161
488.28125,-86.24039292285735,-167.6484826164865,-79.6721138247713,-133.0512077619924
488.76953125,-83.59920744834361,33.39970447341136,-79.55027562504753,42.47353552407718
489.2578125,-83.22622175286789,-140.3033893994491,-79.29426888875268,-147.3847577864929
489.74609375,-83.77855936305687,37.34160487544089,-79.0986595411255,28.99960509594539
490.234375,-87.35563810369072,-164.2334972039297,-79.24129348445346,-152.5876841276507
490.72265625,-92.17188939427835,-54.10051586935698,-79.76959869452207,27.05324854328932
491.2109375,-91.02338826851486,74.70902312195454,-82.31531922545672,-146.8106918638318
491.69921875,-89.68015885455664,-127.6257005348568,-86.30848290056852,49.42952095002414
492.1875,-90.640347074765,25.47833699498839,-90.7019957759162,-113.9269070334368
492.67578125,-91.40220432091104,107.0905219468693,-98.23441245600722,83.86454157499426
493.1640625,-84.33756648449727,-114.9542538590689,-100.7406758395552,12.52043710326906
493.65234375,-82.83488920781303,50.95938424769693,-94.24847544442341,-151.0791237542149
494.140625,-83.87197825110044,-147.9324204146088,-96.99834066505184,30.64397707716909
494.62890625,-86.01524131195511,-8.878607307215693,-96.09539106636819,-109.7678550548501
495.1171875,-86.77470577326585,112.1807687650231,-91.05259221715214,71.58688726491799
495.60546875,-85.70111220821728,-121.8223400538243,-90.48791029154577,-120.7622200608411
496.09375,-83.8355038493404,27.98405146016917,-87.28892569170935,59.61674676621391
496.58203125,-83.20871686216856,-170.5580800693051,-83.84401906521893,-116.3554468041831
497.0703125,-83.13500167509042,-12.50426377995569,-84.74279271927058,68.61583449406886
497.55859375,-83.58309434228089,158.7365813069381,-87.01152878584715,-89.31560595594723
498.046875,-87.05492253957499,-19.8417948722673,-87.73448141336385,111.218524438171
498.53515625,-96.1667513447116,109.0900181113932,-88.84414188850684,-41.59857436611443
499.0234375,-91.0094306911065,-119.3559458502363,-87.38560035513578,164.4333702510854
499.51171875,-88.97583784258002,74.49467352508678,-88.48739436439475,-1.360312241590091
500,-86.2099172916401,-103.1244837271652,-87.30604980757053,-160.7614933349203
500.48828125,-84.42749277861938,84.1215133522844,-82.87699801525824,23.67084631815494
500.9765625,-83.72553229170524,-73.52761695600354,-80.91097041369621,-153.3652528498733
501.46484375,-83.85618921866663,120.845439351437,-80.55787516439293,32.10239812347894
501.953125,-86.63404843954005,-40.85646848450614,-81.79134379757957,-148.2390884517182
502.44140625,-86.47577961939476,171.1932360899605,-84.19029708258503,36.35293612018445
502.9296875,-85.59747939497527,-7.285769077027127,-86.09042957389502,-116.3143250373536
503.41796875,-87.12839547482727,175.2293281078749,-88.84792546815402,105.9334880681703
503.90625,-88.51141569433359,5.661991322586767,-89.40954268958927,-36.21731716921044
504.39453125,-92.56828458718073,153.8225605606066,-90.60780611486976,145.6709701297015
504.8828125,-91.77939710975087,-103.6027653706849,-96.42505932233377,5.338245579845963
505.37109375,-90.21837332647434,56.81376024908698,-93.7020867954479,-91.53691759130051
505.859375,-90.37628733949548,-134.2061758295297,-93.06674538164305,132.4865200614335
506.34765625,-88.73383257255685,10.85025897060185,-94.69587488431705,-4.809605061468781
506.8359375,-88.9862476395477,169.883752797321,-93.5976105947847,-136.6806400415924
507.32421875,-92.91584653787282,-46.17913224572902,-91.35471324879886,72.66419264680385
507.8125,-88.71799372598139,107.3072520592152,-91.36972871383171,-87.45578056939962
508.30078125,-88.17121870779901,-61.52411817223018,-90.36651979872136,96.03099566228927
508.7890625,-91.28386169537309,133.8009176129667,-88.58076263041569,-92.58122612783983
509.27734375,-90.65655903529699,-62.38772147708239,-87.82970162312706,79.69157402279164
509.765625,-89.67094816456645,92.85528093184399,-85.68369948684452,-90.81707113317968
510.25390625,-89.18481784186262,-120.1052864579006,-84.56257689700932,101.8449671798216
510.7421875,-84.88204761512419,42.24927035418536,-86.78333343675862,-68.95403383887445
511.23046875,-81.35053187181325,-150.6025863286956,-87.79370818072275,118.3608791854924
511.71875,-80.00098588212795,17.7510797729208,-88.84804897614782,-64.52599787009289
512.20703125,-80.78909392942163,-170.8327906145059,-90.65314694291172,100.625226112682
512.6953125,-82.88760671734457,-7.733775512781521,-86.90079379258731,-89.52908030461322
513.18359375,-85.42553876980259,139.7707891450782,-86.25706884252227,91.87957880613288
513.671875,-86.52729324309932,-94.11330422026447,-92.09431566557163,-55.07957761575445
514.16015625,-83.87490524067638,48.82550071487068,-93.90607832633469,-150.470523821691
514.6484375,-82.97132149027334,-147.5597523444384,-88.34364944177895,95.51251877899811
515.13671875,-84.7147429837631,14.28163058855687,-85.01012189661336,-68.76424238997066
515.625,-87.26991868510891,143.7559094934225,-86.35849564676933,107.3312859105284
516.11328125,-82.59119854162633,-79.51698448314026,-90.47489790845786,-87.96127790755041
516.6015625,-81.02010364697389,86.8167920364826,-97.78937235086084,50.85342411982388
517.08984375,-83.58086386367715,-105.4005145893642,-95.65487858852897,-133.0713753159197
517.578125,-89.8057635751733,79.16420844482262,-90.50917410738279,107.5292797589885
518.06640625,-92.71273037588449,-9.37173905412814,-83.03920112091686,-31.1886245847539
518.5546875,-86.37821007867053,-164.1780895068308,-78.84552011372554,155.5816786005015
519.04296875,-85.1351976754117,1.90636090608415,-78.53410452394857,-26.30012543956244
519.53125,-84.41781817542946,155.688221519915,-80.82689214267089,148.8513385631668
520.01953125,-84.38275980434499,-35.57902283155041,-85.44361686550344,-46.55407604155657
520.5078125,-87.32758853863504,143.5107364303597,-90.25379593851783,77.37645504525416
520.99609375,-94.62684094755491,-37.71766015054042,-85.67021326460087,-142.8944468059795
521.484375,-105.0367658065989,-154.3117557456393,-83.96980284815372,31.03959548622835
521.97265625,-94.34824429154368,90.54168697570344,-84.01007984461043,-154.2915154748113
522.4609375,-89.02223447304127,-73.04619820130544,-82.35882806533512,22.67614654163729
522.94921875,-87.54258767591956,102.4074794675919,-81.54579750383269,-162.9762809410693
523.4375,-87.99627934624448,-98.24062010844966,-82.10329983993586,7.982605802343733
523.92578125,-89.67189389964993,61.86975356551598,-82.76223390329446,178.6987704473625
524.4140625,-92.64159955109024,-105.2988083933315,-83.95977066043685,-20.02069720773442
524.90234375,-89.4276281327887,123.8225551599089,-86.9540320616273,150.3327533335983
525.390625,-85.10581397237874,-42.3642133932225,-90.77735480405515,-21.14184906656963
525.87890625,-82.39715361578109,143.2796349935569,-93.56959272260858,143.5603445065778
526.3671875,-80.97910600279717,-28.43651387446755,-104.1792240833549,136.2910410045901
526.85546875,-82.29617176835573,165.6665183568976,-89.20347585238412,-58.48565978463284
527.34375,-86.07280529428573,5.063072661790522,-90.16696888314183,105.7564920951363
527.83203125,-88.57318517462588,-157.161431901682,-88.99609636868695,-123.4571827690486
528.3203125,-90.74211020552524,27.64073563532759,-82.77913287261586,41.99442204167547
528.80859375,-99.70109173230676,138.2552606021232,-80.5246594431699,-143.1175676363143
529.296875,-90.57973131888416,-88.6413147065619,-81.91922737195773,24.91591795225889
529.78515625,-87.54962422228461,103.4242925384751,-87.12358281502247,-162.7425384803452
530.2734375,-86.81385892550145,-72.29221950268698,-96.82591777545889,145.7686655742532
530.76171875,-88.63280466683474,98.17451034884137,-85.22951776423287,8.680488908697024
531.25,-90.81015230012571,-102.2635507404555,-83.79072975660006,-157.4172732472426
531.73828125,-90.24374527439521,37.19731452021406,-85.37343856748851,29.28751180398085
532.2265625,-88.51848465028661,-171.8199331767109,-88.25463196307324,-130.5363199898599
532.71484375,-92.05087561008382,7.722001737471889,-88.09798120188056,83.9962181659796
533.203125,-93.48009259391694,-116.3398812005559,-85.09299558743757,-87.0150661788531
533.69140625,-89.00873834519473,103.6981523528098,-85.23585589599818,101.6565255671684
534.1796875,-85.56359052174004,-61.68227086681431,-91.39219603436533,-51.47220944157719
534.66796875,-84.62482828395197,96.09650101783711,-93.00077788333802,-142.671886572708
535.15625,-83.57482552726081,-118.6887021177639,-84.93138142327483,66.1115190291638
535.64453125,-84.0381510621127,42.63441097777617,-80.74723676691195,-107.9783995092468
536.1328125,-85.35402246741312,-147.6173543889689,-80.00221998131261,72.72525758570158
536.62109375,-87.1750476499389,24.39261225673884,-80.271204431966,-107.5636208191776
537.109375,-104.3117093258454,-159.4959658564764,-80.4387899180204,63.95460048963882
537.59765625,-89.78365869186288,-156.547962337685,-81.13643880796897,-125.0188080177958
538.0859375,-86.62128561184079,49.03628046788012,-81.10527979396464,67.28040963213004
538.57421875,-85.32605143874792,-112.7974581463906,-80.85681884299676,-99.54326594050627
539.0625,-87.04583056212152,78.90125244893709,-84.01212177396344,101.5962587865924
539.55078125,-87.69516443403511,-82.68724486447248,-86.07949312529098,-46.14929101260697
540.0390625,-88.79263878523147,94.96830372878811,-91.9168272140119,125.2993453102363
540.52734375,-93.96557239894902,-67.37882955774703,-102.0083572325717,-117.8374044347144
541.015625,-94.14215889583453,153.4200523873671,-99.1559626844905,26.88914261663342
541.50390625,-98.72786779598472,-25.25823840066946,-91.31671928937131,-166.4117433814962
541.9921875,-93.75446533447929,-162.5421768158382,-93.05629884235616,14.8771301185388
542.48046875,-87.80359461481298,11.2303990124903,-97.40879378197138,-75.44322475974253
542.96875,-91.3634555843815,-162.6580224807251,-93.6922143888002,124.1396909521663
543.45703125,-94.3013264818417,87.69432861093867,-92.98480163793286,-55.71255668537846
543.9453125,-93.96810137825186,-67.79371923681285,-87.06053253577983,107.5496371035171
544.43359375,-90.78978598803209,148.2916120580649,-84.86834956561096,-88.86345874599333
544.921875,-87.46753964316183,-25.85280402530694,-89.59920122893358,81.472668380437
545.41015625,-91.61405784030548,173.775032410836,-99.50296795138756,-66.7310605275285
545.8984375,-90.18863658775578,53.19802743266178,-96.05586053926309,153.9367454880271
546.38671875,-87.45043676589958,-104.2458988782034,-89.78010970787261,13.98553929576292
546.875,-85.01710150822331,99.70906582663315,-85.60219044460767,-157.1280040026216
547.36328125,-83.62714327295252,-82.78965485502877,-89.54824725797835,10.29070321057213
547.8515625,-85.20318125333858,100.7948798589036,-100.9199797560926,157.1785602776116
548.33984375,-85.64976313274946,-49.62726749436261,-105.6208805982363,-3.60029358526834
548.828125,-86.40644319789439,144.148722657631,-100.9050997011139,-71.21354868280666
549.31640625,-86.34662546396245,-12.64265017329364,-91.74049194479042,101.638412812956
549.8046875,-82.90873926642193,169.2060115815408,-90.92553434737319,-116.5904942590261
550.29296875,-82.47608056696549,-23.52152827481252,-93.70348513835165,70.32694890332695
550.78125,-84.05624955580205,150.3832169914093,-89.30885722195976,-43.38064379876349
551.26953125,-85.96027379311883,-41.99997515668267,-86.2411483562075,171.3806152150913
551.7578125,-89.88379475772781,98.78362351564411,-84.18807862020536,5.202825532070205
552.24609375,-93.7967507742293,-160.8979318853554,-83.39514015004816,171.3110588515015
552.734375,-95.05339640109305,-36.40917187304075,-84.47653298342576,-22.05921850149211
553.22265625,-96.12905503190534,103.2553813469571,-86.34472482204885,141.4316565675476
553.7109375,-93.4025000256751,-122.0058978973001,-87.39176917152848,-56.67352711464236
554.19921875,-86.67325418457784,10.27974872631204,-90.11097497645341,101.0222615955817
554.6875,-85.62260140707994,-177.4779589614741,-90.24731411223171,-93.01376916411471
555.17578125,-91.88753937485409,6.410023937945286,-89.80362678533436,101.4377635708258
555.6640625,-93.99117920064347,123.2410097443113,-92.74359444188839,-26.57624197758181
556.15234375,-89.56743280392652,-104.1691871348299,-85.79313684615647,-161.1004922866212
556.640625,-88.78353295394867,41.54102433241854,-83.78674604432099,17.82669294280551
557.12890625,-90.87651351796035,-117.646605956474,-87.60886549227865,-147.9519444303126
557.6171875,-90.63317957100995,99.16546167954476,-89.1560906812645,87.65495715226737
558.10546875,-93.18146448007859,-30.21507187121379,-87.79197232811245,-35.0761496169177
558.59375,-88.75401496742954,-177.4309026492711,-84.52513794579126,172.869693544611
559.08203125,-92.13859078563331,-0.4774697009004727,-87.06333618945096,-14.324808506069
559.5703125,-100.8699109960015,-138.4238449727633,-98.70367545911901,-176.8531768465877
560.05859375,-94.97775828595945,71.08948225322702,-91.15376408712646,94.15036894322114
560.546875,-90.96897598402924,-60.08846650117919,-85.17595521526886,-72.01408961798721
561.03515625,-85.78102825839949,139.8931971468597,-82.33254896228641,109.7762697590613
561.5234375,-86.00783078033072,-33.24625510744654,-85.59695265812181,-79.72232008022591
562.01171875,-87.33739468772546,166.5905066973825,-96.33389766876525,48.13575635702169
562.5,-86.49578512957001,-7.908350130271154,-91.00713354185218,176.4402971583598
562.98828125,-88.15339520583171,-178.6592499727379,-86.36879367582857,-27.02098019943864
563.4765625,-88.53284340172563,21.61499534562504,-87.67097037768926,139.8218499907436
563.96484375,-86.70105447715459,174.2773249290819,-92.54217575352277,95.07862555164752
564.453125,-83.31817420341791,-37.04237615294662,-82.98877822331058,-58.3882923493729
564.94140625,-80.75849646389227,140.0096588256759,-80.01370802724692,131.7839753636498
565.4296875,-80.47405264240849,-46.73186229696527,-78.16272250203362,-54.86778604776577
565.91796875,-82.71797998651923,105.7632545683513,-80.13627162289416,107.8629471820495
566.40625,-87.80433606255622,-114.5033909367873,-85.26428602391805,-109.1673162936981
566.89453125,-86.66072230532114,-5.844966550064195,-86.94850741107908,33.12508082104532
567.3828125,-81.97317352749069,158.3202214133233,-86.68726546497986,-170.536920989848
567.87109375,-82.31114487109393,-27.23400716320084,-88.94968765725692,-8.511228514388558
568.359375,-87.26274708858409,156.3734167981605,-105.7542819822427,13.04568363515853
568.84765625,-91.88805512808227,11.45321546072023,-87.37324150927542,160.0667967850009
569.3359375,-91.56605254605671,-151.1317183262773,-85.11677735152105,-17.56061679234176
569.82421875,-91.90752558930768,32.25057234078447,-85.34617905670095,-177.4773887967595
570.3125,-90.24404918869547,-161.0863732703741,-86.70073889363726,26.32228640265705
570.80078125,-89.16025268644916,-0.7556490456215709,-86.43611897551203,-129.6788399686529
571.2890625,-93.61704955607068,170.6989980713419,-83.61943485124051,55.49576886947276
571.77734375,-100.7258681503892,-50.73872446163537,-82.00423950126731,-134.1726906991957
572.265625,-93.01288665477001,57.96047680617505,-80.82705558408072,23.76529021946292
572.75390625,-86.74895609101424,-145.714482445439,-80.32819503756912,-173.8463125487327
573.2421875,-86.73826807044917,30.07585691599019,-84.12556670970241,-3.731708259357491
573.73046875,-88.0165028324901,-174.198957852436,-90.30914340261242,109.5505054648149
574.21875,-84.8612545658261,-24.09559740843442,-83.49346936700098,-115.9496411204752
574.70703125,-85.38605466794424,133.4125806524646,-81.21179144000989,52.02361814069464
575.1953125,-87.74674336725153,-57.75863099288775,-81.87443264566723,-123.9452366864898
575.68359375,-89.31090135666993,132.9820070313486,-84.86473138933937,76.06724573732603
576.171875,-95.98411465837232,-65.147346416121,-92.06405090884864,-73.8994566186618
576.66015625,-101.3613073449366,-39.7662024825793,-92.08002379193117,-166.0233793857772
577.1484375,-96.95554813069528,124.1067514094074,-88.86783848382693,19.03100105620984
577.63671875,-90.9396136333651,-13.98300647854859,-95.29871347739174,147.1543429590106
578.125,-86.68812086792379,162.052624287869,-88.34103181132105,-110.0828432282318
578.61328125,-84.68467391032691,-28.46955307207305,-85.38990764110159,56.05363607179495
579.1015625,-81.29519421181752,154.5966819032718,-83.64782109638884,-140.2547622317525
579.58984375,-79.66876798883968,-22.9638039437086,-82.06069894978128,26.91439712929911
580.078125,-81.04806197131461,152.3916317372727,-83.23161966297153,-157.1758372361451
580.56640625,-84.39982608767156,-38.09657767443939,-85.4901852909248,37.01763239173371
581.0546875,-91.95116655179305,123.7100617884064,-83.21322624318702,-116.2924351534879
581.54296875,-95.23214910118213,170.3762656092723,-80.05017770775692,81.40818679181547
582.03125,-91.26482203906338,-25.25903896339529,-79.20525794842195,-92.51785594853853
582.51953125,-99.02679340315476,110.1220965450529,-80.64921283848781,83.49213750640557
583.0078125,-88.29677632739602,-147.8337134023388,-82.99311348132072,-99.50398404470468
583.49609375,-83.46833327833016,17.84300929782827,-85.81655093382908,82.97576119802568
583.984375,-84.21968038480344,-176.3683604018451,-90.49161398091348,-74.93421692494543
584.47265625,-89.38626347202214,-14.26343064695265,-89.41118763015176,144.3135512351447
584.9609375,-95.15356583970808,113.0803427192333,-84.49845471114338,-41.64553233323344
585.44921875,-92.11831641816771,-134.0941390030252,-81.39220157480239,133.4766237004322
585.9375,-88.6474288919037,19.80476485684075,-80.90058918984315,-48.55527040824563
586.42578125,-92.30251863641988,-173.54888680915,-81.0495821023143,129.6135166227952
586.9140625,-108.640081205106,-81.93068537241317,-82.14908585281491,-48.30286942852208
587.40234375,-98.7785607132178,-38.26011288020536,-88.14050314832089,135.7406330050416
587.890625,-91.44226103980479,111.0665336353034,-96.28285265753583,90.79111764981016
588.37890625,-89.89317077166805,-72.07949480452548,-86.47835572653514,-71.63368621438772
588.8671875,-97.91044618289146,105.0746378941791,-86.95116729133949,117.639149171385
589.35546875,-91.35992515585983,117.7929617232062,-94.33038654526932,-27.84026411180566
589.84375,-85.46500427016298,-72.27349601894326,-92.00659501913134,-130.2174277445476
590.33203125,-85.30598667685811,94.53754652421466,-87.42396451033501,49.48587783347437
590.8203125,-86.73290949749628,-96.57622812926702,-86.33432640163733,-140.5611907116028
591.30859375,-89.09911427365975,41.87084599993553,-87.24733455752266,4.874354033553606
591.796875,-85.58116515845563,162.0617350503691,-86.81488306351569,137.7048695219609
592.28515625,-83.35157226168691,-35.96753763237177,-88.8199863648064,-83.51579157482108
592.7734375,-84.46594530568802,142.3090037010724,-90.46431382408279,54.98732711761627
593.26171875,-88.20497299061412,-53.54852087655451,-92.71813879900978,-147.4277872681265
593.75,-93.47272056001252,59.11563283270188,-103.8870225502417,-36.01998741355657
594.23828125,-91.42867639676467,155.206992276695,-90.91640151681202,21.94105699487129
594.7265625,-88.9700224084676,-72.3134419348234,-84.70380643219659,-176.1272201932677
595.21484375,-86.66994641255718,87.72079130899228,-83.91030084257798,-1.996441515522895
595.703125,-86.71047003157676,-101.3705433437574,-87.04920681865723,170.3844085800154
596.19140625,-88.90545029712598,46.09753011463143,-90.01263671981796,-40.62062192801383
596.6796875,-91.8855198275446,-147.2449242171986,-88.76594419706819,92.61627351172636
597.16796875,-98.78129234465545,135.405570391041,-85.80429312291939,-129.0995447234744
597.65625,-93.82910087246556,11.63774887444738,-85.08775555491651,32.55190729230655
598.14453125,-100.3947563299142,-156.3583097398679,-87.61395650400127,-158.3179378739684
598.6328125,-96.62838844897189,-106.4798735487927,-87.88844322930387,-2.901853807314659
599.12109375,-88.65913793280473,60.58477030400127,-86.43080976373712,165.3001567314107
599.609375,-85.16138836133214,-124.8981381209132,-88.48830526271365,-12.22399154517949
600.09765625,-84.55251097427947,52.71292478501969,-92.02179951166939,-156.2697369873163
600.5859375,-88.78365813727029,-138.3461094611997,-89.28260181038692,64.24443513781348
601.07421875,-96.68982330282529,-46.58532665263014,-91.84661270538376,-110.1807965479467
601.5625,-88.14798306589134,90.01505290711209,-108.8312020515473,-87.90731695037583
602.05078125,-85.0110144910728,-88.03805952216352,-91.80922621812493,74.4776388178344
602.5390625,-87.45311280339577,88.84852946819395,-88.13847507591296,-82.85163545988178
603.02734375,-101.2154126437191,-149.9022046364917,-85.69082317482339,130.1440579402361
603.515625,-99.9521516892929,1.508830380836377,-84.69727518258193,-5.777129207830161
604.00390625,-91.45187192401325,-104.7967889822408,-80.88876739891202,-146.4096185252838
604.4921875,-90.55752255950983,86.36210684733391,-79.56609379725863,47.16536959217294
604.98046875,-87.59664470709319,-107.0511321428485,-81.23315986571727,-121.8036093964335
605.46875,-83.44066753008006,56.53531236104284,-84.06533528214655,61.25070779792043
605.95703125,-84.26876821658928,-146.6008275380904,-95.76266625331178,-157.5831150496124
606.4453125,-87.15644013219656,12.7925851092955,-87.36806219869173,-87.68543055277532
606.93359375,-92.1447271406922,-165.1842726318135,-83.81812679667496,102.4012544698896
607.421875,-104.9369683587289,123.6700034276763,-83.28393399657773,-81.04035617821249
607.91015625,-87.81355050833865,-39.96297573572203,-85.36449932085615,63.24812606379779
608.3984375,-83.10961300941445,116.1380074313057,-87.87156467907118,-160.3401641364898
608.88671875,-81.52242519825705,-86.04142413615384,-92.58060966221623,-21.12882904234479
609.375,-79.85433233832444,87.08697090777552,-89.91573649656745,108.626594432232
609.86328125,-80.01963215927935,-92.78812897409514,-87.15682618579663,-73.32132780834375
610.3515625,-85.05664962003293,84.76580799768044,-89.56428644479666,130.7169988924122
610.83984375,-95.69740592281349,-76.72764666693611,-87.51576093143109,0.3016791871351525
611.328125,-103.6925142757443,161.9200195705648,-82.98610825400371,-159.1155058330794
611.81640625,-118.8608829868601,23.43227987830799,-81.08459371186524,30.86109036217799
612.3046875,-92.27348594884779,95.70189137154388,-81.67341845843615,-154.9317556058515
612.79296875,-83.97208914054927,-96.04052855190837,-84.29183901745127,-4.264654648735409
613.28125,-81.78789939878189,80.95605622370554,-85.60481462661544,127.6939935218423
613.76953125,-81.20866286097908,-93.18635834382832,-83.19288124004373,-93.45527665597164
614.2578125,-81.43401523950695,82.80634642925969,-80.67636165738216,60.40297895736099
614.74609375,-85.44463616400209,-88.95973009669285,-80.53354174791141,-140.8629366459115
615.234375,-86.58401714041119,140.1866245958345,-82.03649525340678,25.91587683434033
615.72265625,-84.95797040642231,-36.56224851259682,-84.80900776589573,-152.3571140791674
616.2109375,-85.52675954770626,144.563336812157,-90.67482995566726,47.37325616479121
616.69921875,-85.7429384518058,-36.05705099555995,-91.50269661849734,-75.37887626388697
617.1875,-86.66840774070786,114.2888427860368,-88.76403987074519,123.6750889249353
617.67578125,-87.65651577423101,-108.5914894988018,-86.51353981373876,-20.53148974485015
618.1640625,-88.87691298818412,46.08047013713136,-82.77924725993665,172.3670437770959
618.65234375,-91.32170390067802,-162.3379224608485,-82.90285182213756,-8.645672375003882
619.140625,-89.76519571271879,-27.67085208231102,-84.29055600275015,169.4988471538347
619.62890625,-88.99701535758075,118.6888810325015,-83.30264729611656,-28.37932104875333
620.1171875,-86.41641014872432,-81.43644846094219,-81.76389221458032,139.3825601281045
620.60546875,-84.64269412543386,97.98743752561835,-80.19343419163023,-34.26779179443069
621.09375,-86.86508160156302,-80.79636543023392,-78.93061004217799,148.6646007357038
621.58203125,-92.27818613591435,133.0422801939541,-80.39659433403179,-38.2449845615056
622.0703125,-91.0527779727593,7.056826253397849,-84.54489635847028,132.0204465751262
622.55859375,-90.11095620773557,-152.9464501971707,-92.27956757874929,-84.62782137726126
623.046875,-89.529873730085,30.17536882667776,-91.14228567939992,46.36940636471891
623.53515625,-90.82728891345525,-178.2101413764591,-92.06803053697143,-92.59961485342681
624.0234375,-89.48018934842185,-46.99133810881118,-88.98775212257516,147.5359954871041
624.51171875,-88.0915283289056,126.7497533775009,-86.23909001211683,-12.42456202601834
625,-88.71789328952164,-37.96616416670609,-86.47631995301407,-176.7608781197662
625.48828125,-89.11397303671035,157.5692236253522,-86.43583654685497,37.54988673427016
625.9765625,-88.23903432325308,-14.14875431638569,-85.07536765886573,-107.3996041312598
626.46484375,-88.19312229072796,155.9546835953529,-84.82017452773442,103.0023517905585
626.953125,-88.46841138067543,-55.07689104106371,-85.50875370020248,-55.2605960891781
627.44140625,-87.69231526136183,102.4811957221785,-86.55642069426334,120.9504915096428
627.9296875,-89.18677662098345,-101.9784195354246,-86.58416881221737,-101.3416774536099
628.41796875,-90.06369782681389,23.99800271436712,-83.31446899634848,41.63295063490857
628.90625,-88.97577484107701,158.7318991658511,-80.40763271277213,-152.8539509945601
629.39453125,-90.20615124826199,-42.63490951343505,-79.27845808556884,23.01006607809116
629.8828125,-97.56617235865082,150.1144016138994,-81.2895230364756,-152.7738674713358
630.37109375,-94.98278298168287,108.8700736216075,-85.52606703373222,39.97042462796021
630.859375,-86.80307921208066,-69.81138206419816,-90.50193873120068,-137.331361251897
631.34765625,-84.21707567161441,90.31738131057831,-96.81647538601322,24.78564316026672
631.8359375,-83.60837290137887,-109.76441054482,-92.27934222445458,162.8187845215328
632.32421875,-84.17082570750986,47.48560533494901,-87.19034896904657,-22.43130833542531
632.8125,-84.56333535380777,-156.4544210103774,-86.42523344647415,149.0594751183681
633.30078125,-87.30872734426207,3.247592358866493,-82.74748528197435,-48.05746458176453
633.7890625,-90.79420448847824,135.6583949639896,-78.71053681279571,120.0646900725585
634.27734375,-89.45158221356957,-82.04975389956073,-77.22063617882587,-73.29783757302688
634.765625,-90.68746677812294,66.54350051910316,-77.74957767050476,98.67441024543545
635.25390625,-95.15867712715263,-153.3866255362033,-79.75676857814631,-76.26989348024877
635.7421875,-96.91592180621026,-89.16635810015403,-83.17618232750209,116.9911527856991
636.23046875,-89.06605327605688,57.09939811640383,-88.38004574497103,-43.12700131257223
636.71875,-84.888888816077,-144.7235213803147,-90.95111944139379,144.1776944072705
637.20703125,-83.05732790402281,19.48920851618577,-93.7747927151394,-71.79116215524448
637.6953125,-84.67813210454921,-178.0949079872343,-90.80688140259363,36.44281378911498
638.18359375,-87.02058127891087,-22.10847053673568,-88.1456830334932,-157.3238218178911
638.671875,-88.6493975987395,127.6391096273191,-89.76443672365528,50.71050675602511
639.16015625,-87.13673683773007,-90.21920705674667,-86.96308484669731,-89.91771820706248
639.6484375,-86.0087413823598,80.03036617763334,-86.850550151573,98.68276988579123
640.13671875,-87.85132500682563,-90.97653971149344,-89.79339094526894,-77.34033389546428
640.625,-92.42850061458105,75.69035278392182,-94.61165806819629,70.89606000790926
641.11328125,-90.98434661246057,157.7353330181078,-89.52517247791499,177.5291174250209
641.6015625,-85.94951486698689,-54.02756320387162,-87.77438581351493,-5.701648471465698
642.08984375,-86.29215098208256,121.291016422016,-89.47872975696258,-150.7538071798396
642.578125,-87.14921590507748,-62.08382875359506,-85.35667246289542,55.14663737510774
643.06640625,-88.16011044360761,82.02432990297184,-82.68399325236862,-118.5413572765616
643.5546875,-86.82846331504108,-131.9363142366091,-83.92652718297747,66.89991073763039
644.04296875,-84.65825816963255,54.19412550309249,-86.38012259415829,-111.4005610372451
644.53125,-82.21278949862349,-120.0773264664827,-87.91215967869687,47.88315448031227
645.01953125,-81.33638737869438,54.9536056341069,-87.62218008733376,175.4332139057672
645.5078125,-81.24127047624265,-134.7043521832028,-85.1238209670172,-24.79479470684736
645.99609375,-81.21886511382479,31.99470111014556,-82.61406298393867,165.4413181511536
646.484375,-82.11799915300774,-157.3609914364147,-81.06200641312827,-4.607638944571804
646.97265625,-83.86722122647848,20.81548454509841,-82.53495628937438,-173.6270465181662
647.4609375,-87.39699561286449,-155.6415568697192,-85.22512507527991,21.17564920105163
647.94921875,-103.1795566974471,51.15152699268769,-88.22787630783324,-135.3143466344851
648.4375,-93.71018971555756,30.26727538474702,-90.17586080300426,59.59373252968567
648.92578125,-89.08587431740621,-132.0315750046973,-90.11097604117737,-134.4128345827222
649.4140625,-85.86050913772213,46.56849423146839,-88.42723337541753,45.95610235816793
649.90234375,-85.64145869153164,-142.7717276926078,-88.36083794461302,-124.1901523476458
650.390625,-87.48113464407089,26.90886519174514,-86.86862815870356,77.78293821031187
650.87890625,-88.66640719415061,-165.3230279218746,-84.26633667115424,-83.89774935466276
651.3671875,-89.82476742939008,-16.45817406416072,-86.06947697666257,102.8944443867465
651.85546875,-91.21766310196334,138.6123227606975,-87.53244903999243,-106.6534583051247
652.34375,-97.43371410796254,-49.95602071100778,-84.0467575026135,53.64369536449777
652.83203125,-98.04865711119753,109.494951908192,-83.60858318198837,-144.0655894425888
653.3203125,-94.42747607376148,-59.48829270499284,-82.61045899150344,9.280652203218537
653.80859375,-92.84163482397588,146.2050973199283,-82.01105742309528,171.0949452877631
654.296875,-88.25582989068026,-26.55778752518266,-81.53493040873373,-28.00565173409719
654.78515625,-84.94734323778358,155.5606951073952,-81.34270979284415,140.7659481766024
655.2734375,-84.76058048030683,-21.8785763505439,-83.64029346453036,-38.68859131461605
655.76171875,-86.42409557516926,163.1698317754403,-86.85785694582898,146.0172818759353
656.25,-87.03369125438442,17.69298899527802,-93.24247483247274,-34.20887610823918
656.73828125,-85.05847283004313,-132.9998785724022,-98.60416566932113,-123.897317186746
657.2265625,-85.06990545651364,58.90058088120598,-99.01813942114686,33.25198966728066
657.71484375,-86.38001830177764,-110.2297615942157,-93.48699547462309,114.0157165157728
658.203125,-91.26072826015113,94.68603345924761,-90.47118820009533,-54.45809042623311
658.69140625,-91.47786127294886,4.391136276772017,-87.83682821110548,135.3979547447327
659.1796875,-86.32719237176546,-152.9366492044854,-84.59102988144154,-54.10400095311262
659.66796875,-86.65007947227676,33.41921358248039,-85.13970576983351,134.3193383015308
660.15625,-92.44183654969909,-132.3919505773979,-91.65196186975081,-20.1917335194283
660.64453125,-92.48042099319234,138.5409539132844,-114.4091530498422,-173.4118580691192
661.1328125,-87.00539247613841,-27.2930943030622,-100.2766720364265,-167.4373296451149
661.62109375,-86.91797972515741,152.7211945436314,-97.59270093198232,65.36717646784935
662.109375,-87.15917072894382,-26.38813190069737,-89.40548241533604,-72.12076535033393
662.59765625,-90.01186272567851,167.231017638152,-85.69003155191777,128.0625776526804
663.0859375,-94.25261855121425,34.85086919271505,-83.1505878234637,-32.11119412377082
663.57421875,-90.08191270266823,-124.8239768618142,-81.66343146403011,163.2095860150922
664.0625,-88.6108362371204,62.46759189889612,-82.94052027652769,-3.68699691099793
664.55078125,-92.74017946090565,-113.8010108242782,-85.425864354439,-174.8798933416821
665.0390625,-93.21764971328209,31.23765909316115,-86.65701714163121,5.283030242212221
665.52734375,-91.04141389689458,-138.9919961792679,-90.4761316725637,-179.2481449077221
666.015625,-90.5008434488461,57.86037788521806,-92.7664140429039,-23.82226688493333
666.50390625,-87.45122707331697,-144.5178597245328,-88.56895454901134,159.5613661496019
666.9921875,-84.18331435182424,26.30625092678712,-89.2816911806319,-14.56681457123914
667.48046875,-83.07498144405079,-160.4775098050215,-98.62886560588954,-161.0663376625207
667.96875,-81.47488727458307,6.708259986083862,-89.07447308756751,120.9454012285513
668.45703125,-81.62824054052049,-164.3306578785522,-83.43399042914319,-39.04315193062929
668.9453125,-83.94340308075273,59.16210197594619,-83.25183264425439,159.0422529750458
669.43359375,-81.84258075330311,-68.94450944521817,-83.4578371302398,5.69133702180959
669.921875,-78.86945128700836,130.577612464767,-80.37091391628383,-147.6713218649217
670.41015625,-78.40078173305839,-42.42983138206023,-78.08994600287841,51.16769652219364
670.8984375,-80.62434795113268,145.2638407254266,-77.61492147240568,-125.6442895028757
671.38671875,-88.03772331266219,-31.88591546109469,-78.00223457191773,39.19613582394005
671.875,-93.27784779122403,22.89792035357551,-79.10425550969134,-158.3987906159043
672.36328125,-87.03202086172148,-160.3675069174504,-80.40041266054666,-0.3472400622266934
672.8515625,-85.26389319501698,24.63021934002796,-79.79345177707513,157.1504689839203
673.33984375,-83.26356295408713,-147.9968362010385,-80.23318040111607,-33.22202586131071
673.828125,-83.81048155945444,45.52545864375668,-83.1103473554931,146.9198501715861
674.31640625,-89.41090682760893,-131.9668000289623,-87.71577574568396,-26.6090215661295
674.8046875,-106.4133306006378,-19.55321237071674,-94.6405786460686,-127.2941512891685
675.29296875,-92.02218694066168,27.15399897797798,-85.12103242526004,103.2644384075394
675.78125,-84.54323915451656,-164.465067454685,-82.61488850776038,-76.30918827271169
676.26953125,-81.42148482075709,5.614167772852432,-80.82293473359861,93.6649133981435
676.7578125,-79.87079285725471,176.4785672940247,-79.44523362206976,-99.94773527875995
677.24609375,-79.9927417379475,-8.020887401644458,-80.06397016160855,58.25961829004272
677.734375,-82.30036218975265,169.9394543340576,-80.43578241891963,-141.1919937483541
678.22265625,-85.59262425385148,3.306572877803613,-81.79414282787128,34.67733452602818
678.7109375,-89.45156875671593,-152.9040235262498,-88.22086110220491,-150.3113177167424
679.19921875,-90.61185870551158,44.99521111021092,-112.3250215925667,17.90667053235599
679.6875,-85.59629183670467,-133.7386763319663,-93.07158148756619,-8.34113166747359
680.17578125,-83.19346381816574,48.68341532641427,-87.29442254495063,-175.2859847097067
680.6640625,-83.396545728351,-123.0744362368834,-85.6403531686571,10.10090891319297
681.15234375,-83.66632037528981,71.69504939924713,-84.97708171151446,-175.7617038236567
681.640625,-83.91014352808065,-91.8842491726399,-83.70022751246468,13.44605195789758
682.12890625,-85.81596147658257,105.406019783567,-83.20010581799826,-152.3049001241083
682.6171875,-89.72066049287389,-65.15123954426586,-85.30951364522491,31.24661279690087
683.10546875,-97.33249563990771,138.7621778914501,-89.69353970530463,-149.4881392862057
683.59375,-93.37643496902115,49.67204603814788,-102.7358466249876,-10.87106823929448
684.08203125,-90.62235768022683,-102.166128275337,-90.08937969644663,67.39758419569118
684.5703125,-89.09620531970482,103.718423597187,-86.68921012136438,-110.1248077930897
685.05859375,-85.98271116801226,-48.90200259299785,-89.43673222273412,68.01646773887677
685.546875,-81.56890159895747,157.9340448982486,-100.7897488883246,148.5382879655062
686.03515625,-78.88240105216816,-18.47101153903026,-88.30081725903435,-86.50266445315293
686.5234375,-79.28420405394451,155.0212023311866,-85.4189841383878,92.65248082071493
687.01171875,-82.34678023144807,-31.45766843281978,-85.54867707390004,-87.05614470496175
687.5,-88.31015018585956,130.1046085591923,-86.47784948583961,105.7120123460652
687.98828125,-93.58822419596599,-138.6957223471158,-88.31440215076711,-56.99230064039541
688.4765625,-87.11709591335223,-13.19707725954179,-94.84998087802256,138.560326386862
688.96484375,-85.21947257604468,147.9101913595823,-97.7767928441275,-13.99641694123827
689.453125,-85.63860416337889,-46.03430239761391,-99.03513145475873,-65.84023319388101
689.94140625,-85.95372734243765,126.0186644933477,-84.65879215959421,147.4582006207931
690.4296875,-86.66769448485442,-62.7551647490447,-80.64580448999186,-21.2135840671888
690.91796875,-86.92928225368122,103.5908333736618,-79.03208528060469,167.6054624384596
691.40625,-85.86378020915768,-91.24323698348135,-78.67405508946084,-6.706525081800043
691.89453125,-84.97457375054356,67.1483701977334,-80.2845463711438,-173.9398263823619
692.3828125,-84.57659527721391,-123.1751945553435,-82.93930727569577,25.28026321568654
692.87109375,-84.72664985572098,59.26309704416022,-86.83464821121441,-145.6624348589931
693.359375,-86.00206137066678,-127.4119272318761,-89.70909619955313,45.12947114043894
693.84765625,-90.33862819651918,39.23190884548242,-87.06556831328666,-123.465398359211
694.3359375,-99.32539502546716,-135.5568231144713,-83.42833430173957,68.29118583369653
694.82421875,-113.1866581167418,164.6871635792277,-80.02787213065547,-99.25683918103373
695.3125,-94.97459709228863,60.87993318052095,-78.11425144226844,89.75635399891048
695.80078125,-89.14344396765068,-131.2466407571118,-78.12354454950162,-81.60753598879108
696.2890625,-88.63386023341255,28.00752183136813,-80.14897385667068,108.033961691222
696.77734375,-89.85472179070257,-177.4396561359566,-84.30319296934498,-47.091532333892
697.265625,-90.12589225591259,-24.96894354157103,-86.71776855457463,-179.4992740235189
697.75390625,-91.54531272239795,125.8509655022836,-90.23907813258538,15.18792848510587
698.2421875,-96.38921586036926,-76.38902689769235,-98.79721773328541,104.5657911367779
698.73046875,-99.60009031374244,-118.6026219993352,-88.80849884830411,-119.1924599599914
699.21875,-86.8516919503578,80.41117566002649,-84.51575891497808,67.15973784129356
699.70703125,-83.33060230629599,-88.70683117720154,-85.49592438172895,-100.4943673619662
700.1953125,-83.65135603351044,101.3498859441328,-92.55938917661339,147.5462886927427
700.68359375,-87.5148662294322,-63.43124876468126,-83.77655614307058,31.00425920288638
701.171875,-92.79168929648316,167.7865521924018,-80.32688582589009,-138.934488167368
701.66015625,-94.77539971165913,33.13689082939586,-80.95253727977877,44.23172158743312
702.1484375,-96.37942780749563,-43.5028260591711,-86.26144734476719,-134.584512544279
702.63671875,-87.64285954144435,177.7433113964865,-108.8652719528682,78.42240675201431
703.125,-83.92232308396446,10.10964057346927,-94.54097864332454,21.1222721721046
703.61328125,-83.53170978520785,-172.7574873320624,-88.87493684761549,175.5259216273618
704.1015625,-86.45694014614472,-3.899832584919971,-84.98667787995777,-13.66495086600415
704.58984375,-91.43465799334059,151.8064741365682,-83.92972849711173,168.6260858127956
705.078125,-95.16875535125791,-79.00054902529429,-85.10206051046745,-1.753669521133657
705.56640625,-94.71109538951198,44.89443033953425,-88.18868166472805,-152.9381990444351
706.0546875,-96.21252194432152,-153.4509377130693,-88.5539654316993,71.94728727800835
706.54296875,-108.1427159234042,-126.7413941423049,-87.72183899200601,-70.56505983553632
707.03125,-90.56212739131919,51.63443747817131,-86.47574260116269,138.2435879154634
707.51953125,-85.99202203615546,-113.6745857592993,-87.450880318481,-29.91155120786678
708.0078125,-84.79014896276377,82.50554103762305,-89.69009110131053,164.8187697641954
708.49609375,-85.77020403581777,-77.22543716205132,-88.56690312200359,30.68407453977555
708.984375,-88.51890334669721,133.7042837628101,-86.25846609459435,-124.1971841848836
709.47265625,-90.17510869413924,6.806850082317656,-92.09393063074398,80.07264362973727
709.9609375,-87.73485741052829,-137.6849549598281,-91.16875889700458,-14.45653884333434
710.44921875,-85.73221369030929,55.08221490468075,-87.20013450289528,-179.4423043865429
710.9375,-84.09756500874325,-127.9180861324356,-85.85709127472381,13.75315075591635
711.42578125,-82.47729027521423,41.34341588177618,-85.49066202155886,179.0072680422319
711.9140625,-81.91815215722413,-137.3391230147398,-83.13638866295267,-26.68439248452262
712.40234375,-83.35869488042734,56.08554140932691,-80.29658352474058,153.5215740185166
712.890625,-86.11639911938512,-114.4811688642888,-77.84289548232894,-15.66803153485495
713.37890625,-87.93433258554266,61.03081977768891,-76.68118467497364,171.341945680041
713.8671875,-88.13796168387665,-136.6323799524446,-77.51080153523547,-9.729968790987963
714.35546875,-86.4610070194795,1.454317465955759,-80.23270967164244,167.6474048139216
714.84375,-83.44205845776558,154.215258500617,-86.68765590442527,-8.961852526692558
715.33203125,-83.65162109339785,-47.81217014274952,-100.8635224802412,-111.6868536573512
715.8203125,-83.8084272295394,98.88834190708411,-87.53971651687935,112.2071302861628
716.30859375,-82.59991155920032,-100.3018417018484,-81.90557396493972,-69.9884564201415
716.796875,-83.44558548172371,62.15361688429734,-79.74741023191224,106.6167541842251
717.28515625,-85.25164034650899,-148.6467894520775,-79.36851938907223,-77.59745791184724
717.7734375,-85.93337211185545,12.6414273107883,-80.42566435142749,109.6458613735434
718.26171875,-86.12472655778184,-175.8197801167736,-82.11236988839016,-61.22959458575284
718.75,-86.95700350838166,-3.445926805499179,-84.2908947105704,112.0864182943433
719.23828125,-89.2869113238942,-165.3311041172742,-86.71746070002015,-67.4089883275656
719.7265625,-88.91250320120724,50.70434381803567,-94.10948155133497,132.3457735033133
720.21484375,-89.28899618565663,-108.0408745390656,-97.7404016563022,83.66373868074564
720.703125,-90.88538041336494,97.9458635528232,-90.38638223297934,-103.9318517056362
721.19140625,-91.29701456686577,-56.32546195303794,-85.81386159039268,84.25835997822747
721.6796875,-91.59537694848203,176.4577891383176,-83.30754744964509,-86.63734156947589
722.16796875,-86.0020254779507,31.4040629782093,-84.19638644504234,88.05569371697632
722.65625,-84.3453352181302,-149.220678813658,-88.26977991429357,-77.54839235950125
723.14453125,-84.55118356992247,35.78296087706442,-91.38696470798523,145.4340442725149
723.6328125,-83.07273841890606,-130.601408020052,-101.5490157825079,2.523056155363328
724.12109375,-82.32826872524302,49.78218664584991,-94.15088116623538,-97.85491817318919
724.609375,-82.34612995597872,-133.5959544691634,-91.87101093212209,94.51015969235715
725.09765625,-83.19827709758839,46.14434066146416,-89.48566222009399,7.423297084711832
725.5859375,-87.25897629704724,-150.276167352993,-83.92440401737316,-139.9570469449609
726.07421875,-88.21233798223298,-27.3097090089778,-83.34214006017406,47.99068929161067
726.5625,-84.89428937270293,118.8412613382172,-83.72282746671225,-138.5173598479625
727.05078125,-82.586606386935,-79.00570765282039,-86.25672017290526,40.76107979930963
727.5390625,-82.10729001341619,97.61783820293181,-92.59556847269046,-153.0996220161487
728.02734375,-82.82596070343878,-78.57931534359186,-89.99288405704482,-14.47153589311156
728.515625,-82.73121377165251,101.0785431818565,-88.28104913300679,-179.1645806850304
729.00390625,-83.88339829630256,-89.73462582061529,-86.05183333333663,41.49079282053386
729.4921875,-88.00975149857911,82.59720364569264,-82.19152724380983,-138.9782253838065
729.98046875,-95.43762463493454,-81.3063421490167,-80.91289825174843,23.66490403190232
730.46875,-101.0815738466176,-28.44701374999862,-80.30342095629851,-166.7572741555349
730.95703125,-89.93474224501773,158.0035525931138,-79.34932861308545,5.234960386706313
731.4453125,-87.75979657597577,-4.04342649567343,-79.68006221172364,171.4325764384521
731.93359375,-87.88744935896381,176.432769221477,-83.12416497528935,-19.36322669880968
732.421875,-91.6482658950527,-7.058503374879739,-92.3190291605104,161.4069918930675
732.91015625,-96.53432190011526,-81.13617115460127,-102.5318010350113,16.64702310294444
733.3984375,-85.98576559740593,129.1749495219536,-97.95557130687945,-155.8079518971485
733.88671875,-82.73875520075917,-54.83443948798421,-90.27644945609464,14.91824620256317
734.375,-82.63209062393008,110.9440933125875,-83.1500750793562,-176.7107860870481
734.86328125,-84.83690910335133,-86.92323926347538,-80.10710694111644,-1.042840483294637
735.3515625,-89.28308950199373,64.97648826091826,-80.42103962151039,176.7730789378231
735.83984375,-91.75647053617546,-155.2641125984606,-81.95196468255864,-11.22329274308218
736.328125,-90.82114880746883,29.67723177027252,-84.96233581767284,159.954337721215
736.81640625,-87.81464145817617,-113.2157741302391,-95.55855941051968,-52.79997551716956
737.3046875,-85.24079535228,99.3737526452158,-88.9803252162166,24.07463475026327
737.79296875,-86.74992244419242,-59.46380686659041,-85.02869141106063,-168.0391816673362
738.28125,-91.98405089743105,174.5211183343314,-84.52483208595837,14.22545462937664
738.76953125,-88.50947496815695,59.72999032777396,-84.89360410734227,-145.4063578538829
739.2578125,-84.06459087746732,-71.31626372248343,-86.86572442600159,49.37527630493014
739.74609375,-80.78644341484934,130.5290986049196,-91.5122345551717,-133.1464429907765
740.234375,-80.71497107278198,-36.10989817435674,-91.7903885365248,9.618368498380431
740.72265625,-80.98774066226596,157.8424556800612,-85.99679656963858,155.4565054520827
741.2109375,-82.34354853179639,-15.54305097362214,-82.02117780859942,-43.75736950587474
741.69921875,-84.89094237356817,170.0519719751816,-83.05429107697148,125.6306563411347
742.1875,-86.89706043300637,-9.942639566519869,-89.19566807571243,-75.9715885875361
742.67578125,-91.38604140408628,151.9890367744632,-90.09350264095022,38.22534202638011
743.1640625,-101.2424973403223,-138.8550762481163,-85.8704010640961,171.6925015869245
743.65234375,-92.85729674046277,6.331548575102593,-83.47494171412633,-33.76372342793491
744.140625,-92.02635253750977,-150.967711937977,-84.01549367441046,141.4793006914302
744.62890625,-91.11401804296996,32.8145676422527,-85.88544398062805,-42.5715225376085
745.1171875,-91.34947047885808,-124.3746191146071,-86.35441124871173,136.2896035092062
745.60546875,-90.69883546124119,91.26287840457194,-83.41095147020005,-32.81726297806886
746.09375,-94.84816868831204,-85.67815355222243,-81.62835962819457,149.3761847216122
746.58203125,-95.91812825919286,81.09769520090293,-83.55123045273628,-26.11415117716367
747.0703125,-89.91443588494485,-76.58995877999871,-87.46538320637143,171.3073467455623
747.55859375,-87.15474078391318,119.496897151035,-89.74283122891592,31.28818561439429
748.046875,-87.14209758678484,-61.62112660945777,-85.64888378338145,-103.1135435340433
748.53515625,-88.75398288684539,116.8286867212052,-83.21295682914393,88.93306764788061
749.0234375,-93.56236205834409,-32.5663237863164,-85.14405761889799,-96.95491178095907
749.51171875,-98.25319657189004,-140.4384527046894,-90.86840106108404,67.66673238683474
750,-95.80946249571598,101.0667412255277,-105.2838278918742,-13.69495814543052
750.48828125,-99.45893228593988,-38.70812194666814,-93.13157380763209,-155.3667840826239
750.9765625,-92.018372443847,-135.8678589355646,-92.76450092153593,44.66172760253056
751.46484375,-88.05566609726334,43.64319891879052,-95.32195696689264,-143.0222058318055
751.953125,-88.95079137063331,-121.3714689009464,-90.40098819796584,-38.33808891220781
752.44140625,-89.14984377419123,88.71993034684121,-86.48883127899126,150.1429652721558
752.9296875,-91.30299985937795,-75.90710160460544,-85.46816729135276,2.108945730131585
753.41796875,-94.20571666603084,112.4586117453023,-84.03513801627224,-160.5901260770101
753.90625,-98.25027351274947,-114.3083043641702,-83.69689070048237,38.08507774043721
754.39453125,-89.74543074461224,10.02827237958478,-83.55692064406495,-108.6187948663917
754.8828125,-84.5853345733927,-165.0884279911727,-83.54329255054634,97.67338012316534
755.37109375,-83.16709747963364,19.50476968532702,-84.90120042793254,-62.10759817200289
755.859375,-84.26115387270342,-165.455049584301,-84.91477460809807,134.1884536986215
756.34765625,-87.26936793080571,9.011873264776833,-84.62608095794499,-39.9400772085943
756.8359375,-91.6477164088751,167.5859960786888,-85.91927938572509,137.6084303359393
757.32421875,-90.06119817059698,-50.39021542465814,-87.17930607434197,-59.22075061882801
757.8125,-88.50192345720257,122.4332589664195,-86.71618887293144,87.50483765580323
758.30078125,-89.18693646102888,-42.17121662209554,-84.05989531509199,-117.3520270420869
758.7890625,-87.95154738290123,168.0202535008693,-83.07066295952694,55.82909683877032
759.27734375,-88.76045496129717,-8.499747679031781,-84.72873112722593,-123.580752128277
759.765625,-97.02282192017718,125.0344878547223,-89.34487250009865,60.43256922452702
760.25390625,-93.91318900142919,-118.128766668826,-93.50579580954306,-80.45511970924758
760.7421875,-88.60966570483782,75.09881887320643,-86.1039481997595,131.3309726942341
761.23046875,-85.79083410995729,-107.7024938277041,-83.31420497557333,-43.53438863222201
761.71875,-85.82377256573602,64.93819385410342,-83.02404677239605,133.738493358039
762.20703125,-85.06659876805379,-112.4427282883869,-82.44064005235083,-53.31688227838526
762.6953125,-84.1531436563221,60.62152151714881,-85.35980723790897,136.9867954765793
763.18359375,-83.66993981722732,-134.6273056152962,-88.06093674677157,-3.953535306124898
763.671875,-83.71226398514857,41.34482693633581,-88.87851246493281,-162.4526799666214
764.16015625,-87.86376435461716,-136.3756209535369,-90.08060177750286,57.62878863126749
764.6484375,-119.318681777671,-17.48814930935579,-88.29882291467128,-87.93845992770535
765.13671875,-90.85037606985063,55.35851017531471,-87.16652708218504,118.899371655852
765.625,-86.85190155073161,-125.6839276263673,-87.92351340833564,-48.9965308505172
766.11328125,-85.71121759541853,46.15152033619838,-92.80410474740327,88.69951714690744
766.6015625,-87.253944906481,-154.0106260215625,-87.55085557167824,-148.0829652548456
767.08984375,-88.66640721146351,-6.853461224327783,-83.74161533112881,10.60847293533349
767.578125,-89.71062984553015,170.3474417982809,-82.1278428668702,175.2605444882274
768.06640625,-92.69507178694893,19.49020680553508,-83.76402499509808,-11.56524103329985
768.5546875,-91.45006718241234,-96.7927080347057,-89.7440358036734,161.2804448263217
769.04296875,-84.33119270748233,108.8398510206333,-103.7714352036286,-105.708253947034
769.53125,-82.50072216381159,-66.21923869347597,-91.60312082103424,-39.85040610542349
770.01953125,-84.93053319366439,129.2371170616875,-84.32353117189254,128.5842246922258
770.5078125,-87.07079056045053,-20.2449172211483,-81.96025648685588,-49.861060623903
770.99609375,-88.70469173435669,-173.3168533691413,-81.90629961260734,126.1486782368244
771.484375,-87.42101248455269,22.91272853182639,-80.79486985745008,-47.0161097954003
771.97265625,-86.53588340006523,-157.6175214370779,-80.4464220882686,145.3182504258826
772.4609375,-90.80014483992093,25.71423661596515,-83.48557156141882,-15.1275805742885
772.94921875,-102.9103202954726,-179.3247275159705,-86.74096750887117,-158.980535216342
773.4375,-101.8620701222366,-67.37926418483768,-87.91075054763763,75.95656880698628
773.92578125,-106.2387737224518,55.14554098136782,-85.79189469640636,-63.61816235873625
774.4140625,-101.139729501917,-143.6143354930323,-90.34023966462998,153.6079362269947
774.90234375,-103.8949224852029,-142.3285825043061,-88.83082424999205,69.31656555478108
775.390625,-89.60881360939078,43.5685031141893,-84.4131681478633,-82.75968567003368
775.87890625,-87.55446443117089,-141.4085591412253,-84.1637076661504,109.5927301238418
776.3671875,-88.49291772067703,36.31010931586231,-88.25382046948286,-83.49239263496186
776.85546875,-92.89603100406669,-150.5298586367469,-92.2799566288157,14.6042189902665
777.34375,-101.5087428123546,-69.99473705047893,-86.32434311697777,131.5565605256804
777.83203125,-94.50352345190552,70.01550853482127,-82.48300907407909,-65.34785499206596
778.3203125,-94.47783378616205,-95.35127698672697,-81.30918458800539,106.3990484726536
778.80859375,-93.19452372459918,120.9959697025674,-80.99283945323931,-88.95318663991382
779.296875,-90.00034572844909,-57.19675868103977,-81.28998812974967,79.1363469999292
779.78515625,-88.36885720171682,102.9175807999302,-83.92888889208427,-106.2549281902644
780.2734375,-89.10110259831245,-101.2305148297632,-89.89869651756011,58.82247210974185
780.76171875,-87.81722035685421,45.80183567120013,-96.46896008603656,169.5970919906133
781.25,-86.76141767885898,-142.2162058532028,-89.70095230234591,-72.71702670803734
781.73828125,-90.27698016252532,26.43782790175817,-86.40397216567516,93.89245821464684
782.2265625,-91.36931424686682,172.4239374296459,-86.2903889562176,-100.1179608219663
782.71484375,-91.74391989666165,0.3129124079352264,-85.36639039138377,60.46743748534183
783.203125,-92.74871660654668,-156.9372561554962,-84.81997202616228,-137.4148415179779
783.69140625,-91.84331613169093,18.084526769295,-84.97966839492594,26.43400804592706
784.1796875,-89.2625265214096,-163.3664580424095,-86.33323536731082,-177.3793289635867
784.66796875,-86.12336248947014,29.33859969577358,-86.78604026182495,-39.25907349265811
785.15625,-84.97575297144877,-142.1873323392805,-85.18216065772677,112.8065180718274
785.64453125,-86.37894522335858,36.96498947451038,-83.20418353260681,-81.36709767094976
786.1328125,-87.59480622256966,-148.2321602400421,-83.51119151039239,96.34718635752824
786.62109375,-89.75701070153845,34.99340346858278,-86.24339938099956,-78.51816802564231
787.109375,-97.59398946156793,-148.8537218233127,-86.1940951977146,87.70608785400707
787.59765625,-99.28556606494882,-58.58492918340444,-84.19341393392043,-111.4895646283785
788.0859375,-95.82265201598975,80.26759748358833,-83.42043166310062,63.27993616072715
788.57421875,-93.3044173157588,-141.2725356415775,-82.78907015814309,-121.8005211371835
789.0625,-94.12366540178594,38.30256796493577,-83.32581998055838,47.61072307213459
789.55078125,-93.71015741132125,-103.5667912239931,-84.72239346783135,-143.8962796420883
790.0390625,-91.93753487540711,107.8517725986668,-84.16096216677424,12.23588168619488
790.52734375,-89.33916801900118,-38.65786964396403,-83.14450122404294,174.697641022545
791.015625,-87.07997936330862,144.272500683517,-84.10328690772388,-7.190702597375984
791.50390625,-87.68645780833251,-44.91358224105551,-85.63580808457891,177.981666523685
791.9921875,-88.75256074299124,129.861999470768,-87.17665582387959,11.9639669618389
792.48046875,-90.73752444350235,-59.04941898081985,-86.43907308072032,-143.7774859567718
792.96875,-95.8603681494935,90.76555307177775,-83.60006151818772,48.44061452502499
793.45703125,-98.08826103544897,-138.9364866984576,-82.29034466667805,-135.5501609826848
793.9453125,-96.14482254810598,-45.63337993525816,-83.56281959638615,39.38521867584101
794.43359375,-87.25177679931576,98.78802743164628,-86.19774479076079,-136.0182395158262
794.921875,-85.29771514981681,-88.22306272916917,-90.94792818199012,37.64000958679738
795.41015625,-85.62651103950871,77.98164889506293,-95.79682105255642,129.7150371717615
795.8984375,-86.42456368658807,-117.479790213364,-89.40883172244637,-77.93052432508269
796.38671875,-91.90594114896719,36.82759623591609,-90.06777771966753,100.3999820543596
796.875,-94.1802253024595,162.3545362070759,-98.21633349610531,-126.5360301766218
797.36328125,-95.10415945408353,-46.36845192202516,-88.73623681662738,-44.43099688148547
797.8515625,-91.47925105359349,97.79714580119818,-82.06882879641142,128.5152819333461
798.33984375,-88.49262123701224,-88.35282971688022,-80.21350296545164,-45.51054297898472
798.828125,-87.88430468634144,83.67170413050476,-81.79736089090389,145.4094618309072
799.31640625,-84.68171065525792,-95.98728308692421,-84.52810336365292,-14.58362818290862
799.8046875,-81.43483730085867,86.77005841362266,-84.20622214909764,-179.9895955530466
800.29296875,-81.30163060482354,-96.83914213787655,-83.60245435701991,-0.9275643198600245
800.78125,-82.92562516877076,77.6043763408736,-82.97188166436624,177.2477880062966
801.26953125,-84.51408907270236,-112.8064951915397,-81.41832527744155,-7.493025618466839
801.7578125,-86.73403320215726,48.4590821479234,-81.35520833241995,177.4249773011861
802.24609375,-87.4667317854548,-147.4941715612997,-83.1397495277657,23.27712957717244
802.734375,-85.29371572929234,33.15307553743319,-84.7344055462334,-131.8189336749647
803.22265625,-83.27394266096562,-139.3485989220861,-85.42437177006676,74.97069821477882
803.7109375,-82.26403144525739,44.00616920113312,-83.46790419522561,-77.40411732431292
804.19921875,-84.59502102883809,-137.5953062971115,-82.93803241545876,102.0578345169038
804.6875,-94.38515207243874,29.76173535566949,-83.12120049787332,-101.5230685647217
805.17578125,-95.38768516703028,71.26289545888822,-82.89408452596659,55.11602470509247
805.6640625,-88.39452724352924,-129.1132508923761,-82.39117915249449,-142.1557390058737
806.15234375,-88.95773065021709,50.18033111758866,-84.53563695046765,13.83163340591748
806.640625,-102.9968518730486,-47.32575628418064,-85.55308205346307,133.3074319331478
807.12890625,-88.64622261399714,-151.6132566665975,-83.75647313561034,-77.9913098847971
807.6171875,-84.9183988094469,17.38825993362501,-84.06508394279757,81.11234778933006
808.10546875,-83.28528594724922,-175.3517336361099,-86.59954752817276,-121.0973454626012
808.59375,-84.6269474543722,-6.577691689101896,-88.1777324480508,-9.299676584737451
809.08203125,-88.54880729469349,152.8962882039002,-82.27178079409575,142.4440115709708
809.5703125,-96.23346010418039,-66.65825520202721,-81.77148272201846,-43.64279691278799
810.05859375,-94.24336777935608,4.891288824826458,-85.30755555018091,129.9187572311079
810.546875,-90.6998327868567,151.3832787825833,-89.8506037936893,-53.0391565596011
811.03515625,-90.6069666938034,-67.44378054620809,-94.87880060349575,94.27823661161671
811.5234375,-90.08132396049483,70.52028878617703,-90.70018665701213,-124.5099230803995
812.01171875,-88.47123396620609,-134.59542544942,-88.69280667074077,78.03537713402162
812.5,-91.7676094899916,53.07469697933725,-88.66956498150364,-83.69891794387819
812.98828125,-94.12296374615369,-8.092674080297805,-90.48505593157813,85.47613614968492
813.4765625,-84.63930085163987,-166.1455246945511,-97.4853053828336,-113.7026838500735
813.96484375,-81.25792035009201,16.4548520301918,-97.83296453457153,-40.39190333953414
814.453125,-81.68148951304461,-163.5689197657495,-94.739042609096,139.1764054873982
814.94140625,-85.34441228984967,8.130538757831165,-100.9240599144945,-113.5506754027885
815.4296875,-91.9159186619714,157.2877689520458,-91.05447001833382,8.867134440512636
815.91796875,-91.12159150987404,-89.16148127183457,-86.47861708353869,176.7768306123581
816.40625,-89.13637897959981,95.38584501739876,-84.17873675352132,-9.674843609833326
816.89453125,-92.89041084416624,-62.79026149434593,-84.45701370884991,159.5735747978007
817.3828125,-98.79991804905352,-112.459125814899,-85.67406875384869,-36.06629796438675
817.87109375,-88.06256068199718,97.08783734941912,-87.09558511428668,135.7867203926805
818.359375,-85.88295828361149,-67.42832465450057,-87.92208739470109,-16.68573942295322
818.84765625,-86.05800842950129,119.7183323269809,-85.05503814095528,-157.8212371741711
819.3359375,-86.74519784456751,-77.77998951829332,-84.35038324057592,51.04770879150029
819.82421875,-85.89031323901962,80.19738655681846,-84.00507049586483,-99.71072467915235
820.3125,-83.41110643231536,-112.5295684838159,-84.39017507247259,99.22897857797544
820.80078125,-80.77338781535806,61.61844310458438,-87.0136981622481,-54.69155484964446
821.2890625,-80.65285765552032,-127.3346144480334,-86.77503184162319,160.8870663402502
821.77734375,-82.64525083154774,35.62469583118762,-85.4705619599259,-20.85676687403318
822.265625,-84.74923628914343,-161.3839553215059,-86.32082673878757,136.6346506126244
822.75390625,-86.79889556388596,9.71069479086092,-86.6682008776594,-57.62900110016335
823.2421875,-92.14353138293322,-141.9729471820571,-85.80770959665193,104.8163736918653
823.73046875,-88.58107906738937,116.274384431125,-85.52918306979882,-111.7885901848786
824.21875,-85.79105638623255,-50.9124149127408,-86.53834853108215,32.26325450149624
824.70703125,-87.55410473992143,131.7599535587795,-90.04259367450211,-160.8355450767251
825.1953125,-91.73139538821245,-21.66922143195957,-93.53208545613481,60.21898107709263
825.68359375,-94.03437886566444,-134.231519121869,-89.02493321912456,-68.9611335883899
826.171875,-91.10840919807906,92.04029104399771,-82.90719083524712,119.9939422863357
826.66015625,-92.23470682093105,-96.3794962603925,-78.28783397104847,-68.79706000299481
827.1484375,-99.51209508007918,29.99735269546172,-75.86059453676886,106.0035456802621
827.63671875,-96.89284906358839,124.1336809645784,-75.69081589721939,-75.2980924410369
828.125,-96.287242706519,-50.27164366921728,-76.84430590029605,101.8436146817761
828.61328125,-96.70008016727661,-144.9142187476782,-79.48759685126552,-80.13568165411738
829.1015625,-89.51544010544916,69.14924470385137,-87.45281117899444,96.74328176649772
829.58984375,-87.58309209265659,-90.12133702706559,-95.35141666865511,146.9686657081173
830.078125,-86.7397332017034,109.9452982883751,-88.9465326691826,-43.29933001577606
830.56640625,-87.0664843977172,-61.20222109069616,-88.57828831193686,139.968187462124
831.0546875,-87.74489729971461,142.233145298596,-89.74431160868849,-24.72293429294075
831.54296875,-87.66204404838975,-21.17706902438979,-90.06991568619812,-173.097130681453
832.03125,-89.86229989327761,153.4118284577944,-92.09286593811126,27.83637944347297
832.51953125,-91.5013400420255,-15.85749524224708,-104.7852986074105,-88.39291519755953
833.0078125,-91.80874717153182,-163.6890209981493,-98.17506955788235,-149.917614649958
833.49609375,-92.06644645769386,55.2141215352276,-94.96840425695595,82.86341897233386
833.984375,-91.87685563877059,-92.44151139281152,-90.25333870091764,-65.65962481984349
834.47265625,-92.25202738037994,95.35725544525606,-86.5980848634419,130.9676237283011
834.9609375,-92.16492562198283,-100.5202716780918,-83.29342099630958,-40.48483725547354
835.44921875,-95.28476868003003,57.09306779521874,-81.2861961864082,135.1329142130141
835.9375,-95.5431641334301,145.611515466531,-81.41751193434172,-62.56010587562076
836.42578125,-87.75892142009268,-60.35472487400003,-82.68011618162932,100.0408053966449
836.9140625,-85.9043842245172,107.9625405187029,-85.75125408270802,-94.02215750909113
837.40234375,-87.17937523525153,-92.16108922395389,-90.57825775776523,39.58432318332351
837.890625,-88.94850329139959,74.35360800284941,-88.63814804907655,137.1922293599207
838.37890625,-91.69007537796978,-106.9819863136774,-84.58484172415994,-73.99374925003278
838.8671875,-93.91149654676774,50.17486746053149,-83.93566464315255,97.96980757068795
839.35546875,-91.64997874369341,-157.7891079790831,-85.79240187741777,-90.5816942412267
839.84375,-90.79115532231071,24.31250492225578,-88.38069395977283,68.54340775164174
840.33203125,-92.05236889662793,-153.1825727419333,-89.29891572317945,-126.1293933156062
840.8203125,-92.066531228606,19.77983552235137,-89.53174015160965,45.87766899188317
841.30859375,-92.54671087815409,-134.5410700133325,-87.41909569172698,-134.8936623252272
841.796875,-92.36940835251292,89.04503109302338,-86.42075773087859,50.53168034129651
842.28515625,-93.040705547328,-72.20892084882539,-91.71314133943702,-147.0439487993148
842.7734375,-97.55704405662796,123.1121760867346,-88.17455520600197,-69.42009020130834
843.26171875,-102.0071173678585,8.60369476862237,-80.81900946667449,93.91788146988326
843.75,-117.9432315231037,-1.752109265324095,-78.91765104268119,-90.49609414203663
844.23828125,-92.53119901011148,-148.9387805367979,-81.10001116011235,86.27045295010026
844.7265625,-88.6303363561363,41.93153820506367,-86.49400914982478,-101.2998225206158
845.21484375,-89.59413032468922,-111.6330837949517,-97.1567770636497,5.221394757734016
845.703125,-89.97293712109924,113.4620773325744,-89.34922661008046,111.0118646748143
846.19140625,-85.97945752844842,-30.68188570204785,-93.53671022980522,-79.0446798914743
846.6796875,-82.74157492222905,164.3306911392057,-100.9648789122392,-5.410604905758144
847.16796875,-82.81762286083438,-17.18145223764436,-92.06351964136576,-168.1570663908155
847.65625,-84.18212470213719,154.6586840158198,-88.95088703970941,36.29774670978924
848.14453125,-87.26724339092354,-19.07166295604385,-85.30113274363873,-126.2111554575929
848.6328125,-98.07093360020551,-161.5312208557474,-81.59398714644212,68.17099655430177
849.12109375,-97.58004838424633,119.7069061894936,-80.92323182974752,-96.00584866745086
849.609375,-93.92869602062814,-58.60875078093159,-82.74546688374001,94.62033895755354
850.09765625,-89.31939321436467,118.6546992244336,-85.58650812114784,-87.41803117604057
850.5859375,-88.22919621243409,-68.76683004010086,-90.67802130589908,93.37391671763955
851.07421875,-91.49668857165985,99.70540329714353,-99.76131081355034,-82.27331830782896
851.5625,-92.1118619552814,-96.73878007818369,-95.6290715801717,45.05428957191842
852.05078125,-89.96897309461731,83.06133675720882,-90.36919141809415,-117.2691297933526
852.5390625,-93.88786558282816,-100.5308644401444,-89.29906168961801,102.390490633197
853.02734375,-95.85357503995652,17.22334389626051,-90.01701891767965,-53.67607495870539
853.515625,-89.33600126081237,-168.870094690232,-90.98057597809115,114.5606169934638
854.00390625,-87.05668713687851,11.21931223685322,-93.17577373255374,-74.89053924191477
854.4921875,-87.834872759337,-162.8681678670101,-104.939020428504,34.31733418785353
854.98046875,-88.43248549229038,54.70639854731657,-92.7414037951558,-151.0881224169819
855.46875,-86.68043814465541,-92.10740117623382,-88.47435562542321,51.09817218291905
855.95703125,-86.76118451089927,114.5740252633952,-91.30796046092138,-120.3805457613037
856.4453125,-86.56288126414667,-32.70937856545647,-92.89454914474148,87.32063339274285
856.93359375,-86.66234713584102,165.4026961607145,-91.58559783731148,-68.18777602736442
857.421875,-88.66850923560409,-20.5051758119299,-93.31984748762619,167.0126378359679
857.91015625,-88.08058688418852,141.8695152421894,-90.25627617969121,28.45306237010583
858.3984375,-86.52896831659348,-46.20688429390494,-90.91690619094068,-112.8121311639068
858.88671875,-86.07034009548364,115.3403694364138,-89.48174189731557,132.8778716566448
859.375,-85.08478985457835,-84.18090689603544,-85.61309383415315,-6.924430334095273
859.86328125,-84.79498353563697,85.13506463441264,-83.38680467610521,-172.2372153198381
860.3515625,-84.33634820243171,-104.4126514960319,-82.30943201648644,25.79431634156072
860.83984375,-84.41556825818063,75.22246541255078,-80.75457834114211,-133.7321414671266
861.328125,-88.91751560175992,-97.379797302634,-80.34793207613751,56.39598014832124
861.81640625,-102.38263298053,-103.3374622086973,-81.48758202416728,-114.6620078959621
862.3046875,-89.22770632431819,90.00860361085533,-83.77298646829286,67.0328616310322
862.79296875,-89.47451401405196,-77.62397114247584,-87.86912410222538,-139.5377031447983
863.28125,-88.48977524064495,129.0777153610416,-91.22118227553572,-4.232488074178742
863.76953125,-86.38295471111611,-24.15310256801086,-93.06836544245108,137.3851476650036
864.2578125,-86.98787904499206,-178.7414220244826,-94.86774872875321,-36.5209431295125
864.74609375,-89.10864026791481,0.7605937246325278,-96.82856897246592,-125.0675829547856
865.234375,-89.15342835397853,157.5208565358873,-90.63741476205064,98.38675041420737
865.72265625,-89.92114106245955,-36.13827925676436,-87.99336047571964,-80.94756632016774
866.2109375,-91.747264333868,132.0413636344523,-86.22957571918278,91.10461519447159
866.69921875,-91.87485425019958,-32.84128074833126,-85.01179342320169,-85.63317809644751
867.1875,-87.97776220241153,176.3552624018812,-83.96500544282746,113.4640075568315
867.67578125,-84.16271196804456,16.0036832715137,-83.14975588032441,-48.787983146966
868.1640625,-82.15074953152183,-155.4235930923854,-82.87279395767587,137.4969356770766
868.65234375,-82.20962916481898,25.06038921839678,-83.44114464513925,-30.84177113855032
869.140625,-83.99122663228609,-156.604870694307,-85.22997496570532,155.308048499975
869.62890625,-86.56593127829595,7.664368296632661,-86.47249329998161,-57.84472290458994
870.1171875,-89.79103377763323,149.9984814550066,-84.23747755084763,98.64064558594211
870.60546875,-90.96682708783837,-97.15798327737198,-83.53890798561858,-95.51570826974479
871.09375,-87.97077743029527,53.85614023120156,-83.79221179058467,64.61894474765106
871.58203125,-87.13252604959762,-142.3034212192902,-86.22911474005247,-128.9145896741886
872.0703125,-88.18438584403127,13.7099129577839,-93.44439090343563,31.10121615864785
872.55859375,-95.93628702058689,168.0425084811091,-99.64332034573229,102.0450936039696
873.046875,-93.43067039617512,-175.2995670369874,-95.61691147816111,-127.652185008231
873.53515625,-85.26567706568302,-3.210306382928436,-99.48354573795322,60.6597669321818
874.0234375,-84.2788676669599,170.6836848696563,-95.34935650542587,-48.60336535564832
874.51171875,-86.89249114386213,-26.04634549771762,-89.64445662085876,150.3514980259242
875,-89.43631818220013,129.0086384360323,-88.9151107859644,-13.864890613651
875.48828125,-89.65684698549362,-64.05688390901697,-94.92498038450751,-151.7547923543275
875.9765625,-88.48864487334767,122.5009052387448,-92.61213531176821,117.3772211322272
876.46484375,-86.86859801467074,-46.4193392891389,-87.92614271423837,-54.82874584344773
876.953125,-84.95358129236024,143.4328523434885,-86.6984965078193,120.3811491531792
877.44140625,-84.85063548515294,-34.61206800093128,-89.42360914044662,-62.8600454773165
877.9296875,-87.11995985880091,132.5023136395929,-91.31661954135637,111.0068582183887
878.41796875,-89.24512556275518,-75.91059980882643,-89.55554227247879,-58.20040272526282
878.90625,-89.46503948504436,76.78795866467216,-86.89255579511759,124.3710998713362
879.39453125,-89.04749678054122,-114.8665050238318,-85.51533618951511,-61.54737857751771
879.8828125,-90.06612745106494,46.17384777617134,-85.76810754254731,100.4806686397654
880.37109375,-89.38743809900816,-156.2266886049279,-82.10049960551743,-113.1582096918815
880.859375,-88.07682670436893,27.92294232424842,-79.10682587766105,52.75333101185969
881.34765625,-89.79085045838006,-142.8363652566736,-79.03525308529463,-133.5733742760171
881.8359375,-92.22878955262807,49.5923646770166,-79.75471976937575,46.83822509447531
882.32421875,-91.44793680783395,-125.8076988426932,-81.9096037717714,-134.3470145608512
882.8125,-93.65149175694583,67.19458814807032,-86.7002757499836,48.71356503677384
883.30078125,-95.07581936472016,-91.95754460260176,-88.4660816684719,-95.19102435231784
883.7890625,-90.58602568012245,65.15923536688575,-85.80989207890559,89.72176628317679
884.27734375,-85.52599554441596,-119.3458738529293,-83.66498732967537,-92.64289846911385
884.765625,-83.71841278780619,63.31759738263769,-82.991245205504,92.5965766692311
885.25390625,-83.87964171562001,-118.4295976145811,-85.1386788061606,-93.63589287824165
885.7421875,-86.05488547908641,71.44703722412913,-91.73081058529668,79.94639562101152
886.23046875,-90.40707046540828,-58.80196040672274,-98.59610599468456,28.39871124689274
886.71875,-86.92450669134713,171.5513162729534,-93.92850968552179,-113.6704099304062
887.20703125,-83.37137631953982,-2.68695944180966,-90.7237244022387,86.79797515989671
887.6953125,-82.84934127220551,177.73074463524,-86.16162780375609,-99.36676507743485
888.18359375,-85.54527234321708,-0.7444843771665767,-85.03115404747761,88.78902159418374
888.671875,-89.44804479106232,-176.9293407057124,-85.20484823781308,-83.51836422737674
889.16015625,-94.09923532165479,9.879028329099176,-86.27755001290667,91.00293515889457
889.6484375,-104.1623249499207,-111.0935330378197,-89.98489494019324,-87.8374843379242
890.13671875,-94.36837106376456,149.9212469991667,-96.85093800660242,62.47753570984923
890.625,-87.57854716369572,-20.06060514860318,-92.92623767776911,-159.359360004843
891.11328125,-84.96257540352289,154.7435220590768,-91.6456051278399,44.61862379057248
891.6015625,-84.60300437948572,-37.61773478285737,-89.39127436951358,-114.8086967406047
892.08984375,-84.43372065123006,132.6897291435388,-89.43709494195997,63.75300815360794
892.578125,-86.74820846842397,-64.26566239221616,-94.43180929919976,-114.933675585424
893.06640625,-90.85196438764771,86.90369639967744,-100.7845274917949,0.88640344978052
893.5546875,-99.44215714545456,-67.91294025481923,-92.01747333518253,143.3657465908649
894.04296875,-93.65152119274178,-167.0241484403813,-89.52138932769856,-45.83748494167518
894.53125,-89.94948783128764,15.81806282510978,-87.88087303098689,118.005129126202
895.01953125,-88.41495075359313,-160.0073899555915,-86.86586099600574,-73.62824614012692
895.5078125,-88.5156027254649,8.136370486871924,-88.43706549771227,95.13288910818575
895.99609375,-91.03646740942062,170.5211054253064,-90.98732293306021,-107.5389038700968
896.484375,-98.93748768489991,4.801916403718739,-98.13026039920368,77.69480565067414
896.97265625,-103.7869128491,149.7720370979674,-96.87921805445274,5.128026630844032
897.4609375,-94.62005819570439,-71.27551161315878,-92.91163054837783,-155.8744584181403
897.94921875,-91.59128060949079,87.44036500006874,-89.62685037196324,25.84238589805468
898.4375,-87.89794447021148,-98.63982702533274,-87.25742103400381,-163.0615133642293
898.92578125,-85.61493424701166,80.43143195336454,-86.95436389818924,15.95548441257391
899.4140625,-86.62529387122558,-115.8529336577131,-87.76258304080483,-145.9135164359028
899.90234375,-88.47255481026822,36.52907479561312,-87.06799167063964,50.93164947936507
900.390625,-87.64404343811643,-177.5590677494572,-86.29667022734701,-125.1618311387155
900.87890625,-85.15458054700913,-24.84701570811652,-88.33814002545999,71.59398374982594
901.3671875,-85.1346091229786,140.4344588023043,-89.28581394285615,-61.55626497759133
901.85546875,-86.99765218511504,-37.99844233227709,-88.61673363112324,152.2526354084264
902.34375,-90.57492182857555,172.5994713626179,-90.49840309878236,16.78129373410655
902.83203125,-87.51131151529353,62.52045900313873,-90.13161015633327,-134.8008209705307
903.3203125,-82.18049028658017,-102.9940747175034,-94.17690949956524,43.09102034727817
903.80859375,-80.36191111862328,76.72059431913989,-99.32663707022678,36.54835848590858
904.296875,-81.0281483139964,-105.4101220877799,-89.02692169129494,-142.3516616265088
904.78515625,-84.64871920169725,70.57755077194435,-88.27041894218092,55.43225307951977
905.2734375,-92.11255149385104,-122.0485614408296,-86.9074400911006,-97.75253294295541
905.76171875,-95.50370228772613,-18.44604555206756,-85.47261215734466,93.21384240156112
906.25,-89.00519473865768,131.137838687283,-84.54365717535408,-79.48227412205601
906.73828125,-86.36958066062368,-60.02086879351791,-84.13527871191518,95.67619608920552
907.2265625,-85.54691926632196,112.7365834472347,-85.06841368054849,-100.9579257565052
907.71484375,-85.2205659744663,-78.20309772917592,-88.07910466790267,67.41091972014758
908.203125,-86.38090379408115,86.65544065043584,-93.43468289780022,-116.0987610730589
908.69140625,-90.33760436999762,-133.5685432534463,-103.696911341539,129.0447323888772
909.1796875,-88.82389927594494,-14.53364947680001,-92.68840766496231,-1.62336262699897
909.66796875,-87.37677392811953,134.4663839466013,-90.14816236647977,160.5317869237356
910.15625,-87.8561890712773,-69.56564964805578,-89.75531516683326,-38.19609659343087
910.64453125,-89.82920327556695,86.82100389480712,-90.19554159555582,133.3282577182356
911.1328125,-93.66385014654198,-127.6204190475938,-95.80615697255149,-88.12897438585438
911.62109375,-93.2686120426149,-11.48381457684881,-88.47293034922279,11.894453349459
912.109375,-88.72914710662985,159.0973508058062,-83.39857003218137,-175.2711086922732
912.59765625,-89.75554030956994,-20.86411127968562,-81.40597906160936,1.687566334560851
913.0859375,-93.90378529362076,131.9001558076854,-81.44906280285097,178.0252130483764
913.57421875,-93.70317220533181,-54.78128324306689,-84.15266868005816,-3.427949292098448
914.0625,-93.30865176226219,112.5265274388114,-88.81629489791167,165.1314924326333
914.55078125,-90.91053345469484,-79.25608438140354,-90.94447795279771,-36.89512619017218
915.0390625,-89.00243083329428,132.442927271945,-89.87976326489496,151.9909233882302
915.52734375,-86.80264118343695,-29.11948272004588,-89.4745660850994,-23.99018297463168
916.015625,-85.71091776839444,155.5336594821792,-90.68397949153054,143.567023905846
916.50390625,-86.25715007623747,-15.59270656327834,-91.41668024802853,-48.899270580646
916.9921875,-89.16281418358847,165.60815006201,-91.30319640968943,116.524755903496
917.48046875,-92.57496998048076,-12.17429007937898,-90.0026430490724,-76.40583495667101
917.96875,-94.61553131534438,-156.5553598367167,-91.47478131649109,95.6767606494238
918.45703125,-98.81107236305709,32.55723896001199,-93.47360494290865,-92.36899624039711
918.9453125,-97.44085367733094,120.3318900590047,-90.09957398976768,77.43752466219671
919.43359375,-91.31699332640088,-71.16883663791808,-88.69602876916409,-105.6847546118616
919.921875,-88.75998670305782,90.68004122445066,-89.1152128036812,79.99472298173063
920.41015625,-86.5738655687625,-100.4245630540187,-88.87813666168988,-97.77023570174244
920.8984375,-85.99559704145157,80.91808779927501,-90.73935514684325,75.06561578918253
921.38671875,-85.95888112215037,-103.2602360616785,-96.32052822467833,-145.21477008985
921.875,-86.96648725211254,91.85729503904784,-95.00094075676243,-23.57942021077966
922.36328125,-85.72620026295246,-38.1626480730587,-93.87693028333103,175.7808683204637
922.8515625,-83.35666787661594,169.0242837915368,-94.78155852031381,24.85779787189205
923.33984375,-84.71294461061818,1.303345552335363,-103.29977799903,-61.79012728198951
923.828125,-90.26552853924215,-170.301644908927,-93.46302543726951,148.4882910104905
924.31640625,-101.3555575336486,49.62703935895655,-91.63294966948908,-43.7813330936596
924.8046875,-95.69785873440217,-19.8543354171028,-93.09447277879269,161.6666259235038
925.29296875,-93.36375473605199,-145.9634911551992,-94.51293962871246,15.28847284736726
925.78125,-89.19186777403721,132.3706375179463,-99.33933389236499,131.7397867247228
926.26953125,-83.05174396348507,-23.61816794144694,-92.17393075019754,-94.39683668630741
926.7578125,-81.50992886185222,143.7276580362241,-94.72304417872253,62.41503055768403
927.24609375,-81.08735932171358,-49.26042902325405,-101.1956967680464,-142.5257452139359
927.734375,-83.82860954113474,124.5104495612263,-101.3882859532009,25.32289392633242
928.22265625,-90.19882611555937,-96.56494475091984,-93.05502807257238,137.3521831207416
928.7109375,-86.99206589607677,24.34571858484237,-89.07877307722622,-59.09239066017238
929.19921875,-84.01862318537334,-167.4852324295912,-90.26263559785562,119.2869252902238
929.6875,-83.4043049250854,11.49839578044674,-86.5478609035045,-69.15736010529045
930.17578125,-84.41259185189138,-161.8318984305863,-81.85836335745844,104.6989362905166
930.6640625,-85.55144984998097,24.67537046872896,-79.51500464573091,-72.80477511760363
931.15234375,-87.3673949863753,-161.5640109523647,-78.82852424887606,117.0766832850669
931.640625,-88.72818541524941,-12.66508522733194,-80.07750520583662,-52.93357509143957
932.12890625,-86.92758680141628,154.5689413319159,-84.40760268772139,141.1482371481441
932.6171875,-87.30080399260524,-5.406147214207787,-89.47421426798014,31.69067365645875
933.10546875,-87.86523164582148,-159.3103172736763,-85.59037178939991,-96.81780700634938
933.59375,-90.51021576880606,35.62637872424584,-85.40646871732675,102.9534175641354
934.08203125,-98.32077366047233,-88.64071892540812,-88.45410641413991,-80.90158421482428
934.5703125,-92.25812715483853,175.6584687238029,-95.20244197786297,54.32969977185643
935.05859375,-86.89347087219453,11.75317689991799,-100.1580090043881,149.8678998554999
935.546875,-84.15831640134772,-169.9269628842048,-96.45617212501661,-106.7703807369181
936.03515625,-83.51567166005326,2.773494908253277,-94.93464628028806,30.70218392728672
936.5234375,-85.02859831063667,169.4076352622421,-91.18774804691125,163.6159680421975
937.01171875,-88.95703165621427,-29.97436487773232,-88.14916699754845,-24.73033824309408
937.5,-90.5057525829608,100.3422253798119,-88.66303356335609,153.6278687858074
937.98828125,-84.10642726286196,-97.14516171539429,-90.90640547426651,-8.025138790198929
938.4765625,-82.09405867295845,86.24379078320332,-87.60526532013427,-142.0782927354375
938.96484375,-84.99158711814883,-87.27531386381177,-85.79542027871005,48.24663891871185
939.453125,-94.3676148711539,128.2094804403671,-85.80238129385447,-137.5604658176697
939.94140625,-88.73872121949525,61.56109486448612,-82.74505113023596,33.96031208385735
940.4296875,-83.53564183723583,-101.367702743627,-80.21412042898336,-153.873590911531
940.91796875,-84.43082081602427,84.39444150948658,-79.49062683519446,23.7890787516206
941.40625,-93.15728214286332,-96.95416813781014,-79.27299439981601,-149.1326340102545
941.89453125,-93.5506528816574,-72.04827690846743,-80.03297866734542,38.47506881550009
942.3828125,-86.88135236874513,107.6573302083222,-83.36236261126484,-138.9682460135692
942.87109375,-86.46424478477797,-68.1771696040413,-87.72997478960421,33.85777903152259
943.359375,-88.14536936923525,119.8177737023468,-89.28454514244181,-172.6733463813646
943.84765625,-90.3602702762315,-50.38692821564282,-89.15524492925725,-15.01264697632939
944.3359375,-91.99403292629142,122.8169967107584,-93.18377643305526,151.5772298009242
944.82421875,-89.59545336914046,-68.45660411894839,-104.4218670474768,-52.48542910532434
945.3125,-85.79429348751231,119.6317504344441,-99.04257652166685,-9.123288790309683
945.80078125,-83.91730090399847,-49.86581126636651,-90.47272598337999,154.4165570623936
946.2890625,-82.79545433486105,142.076180138862,-88.1700399176687,-49.2198057111093
946.77734375,-81.52144052641945,-27.13230147077442,-88.28307390022283,114.3154929303022
947.265625,-81.99765313749147,157.2952165405645,-87.87608999672511,-47.10896854300091
947.75390625,-83.56254197219621,-30.82585368589991,-86.55865145119498,164.2573990921231
948.2421875,-82.96458660670361,129.1144636060782,-85.64603707255634,13.44515130087819
948.73046875,-81.64065299969968,-65.14926664477558,-85.42712885253273,-165.4055300632888
949.21875,-83.03684316008901,108.3564363939263,-87.72156476183214,-9.53297075428239
949.70703125,-85.61967180541068,-82.39969062626173,-93.05346808868519,131.1536526199091
950.1953125,-86.52121833337094,79.05861883003674,-94.63011605345017,-100.6605193387234
950.68359375,-89.07484337261485,-127.9048348396427,-101.5596970839106,83.07713444127572
951.171875,-89.24033310857951,25.10561064024427,-92.33096177490422,73.38388587938374
951.66015625,-90.11189635835187,-147.1524767638532,-85.45233825340662,-106.0420121573963
952.1484375,-96.55218942810225,88.74844011432994,-84.46833529325482,74.2302586235996
952.63671875,-91.18851727735313,-24.02156173854146,-85.22972416397424,-86.99620747569887
953.125,-89.29053790200012,155.4219335287161,-84.00780569169002,116.0043791447411
953.61328125,-89.32603590232026,-41.78969369697169,-82.83315227875163,-51.48081347543516
954.1015625,-92.09063664143719,111.5033108148526,-82.72184412413141,133.9885171935092
954.58984375,-92.13017919176815,-152.9036144757491,-85.39286533867168,-48.13403904937481
955.078125,-88.37964690328408,-5.266157738520195,-92.67595382065716,125.1356300072135
955.56640625,-88.90219626469418,145.1765906351351,-106.7503978141664,-58.97110363581381
956.0546875,-89.76164474940475,-55.14909727551034,-101.2030600572337,-105.1029995132778
956.54296875,-93.71149314149172,128.9202828625006,-94.83926794564337,55.73555337127484
957.03125,-102.4134928065244,-8.884872330177695,-92.58481385840258,-159.2787384679988
957.51953125,-95.19361160075668,-80.06049059080053,-92.27457296628151,-6.500554398987931
958.0078125,-90.29784391472626,106.8340229646069,-94.9873255829639,130.577858196067
958.49609375,-88.54666986790748,-73.34841074326596,-89.49444908602101,-98.49016618095388
958.984375,-86.72890383271329,116.1827826674363,-86.17116640473668,70.3914866312857
959.47265625,-89.3641209405756,-69.98440963918593,-87.97129620032173,-133.626063614965
959.9609375,-89.48985613232097,40.76451694741829,-90.0397355007003,10.49957996350089
960.44921875,-84.51365889230843,-147.9129669222201,-88.70387292844032,147.4994967352163
960.9375,-83.40834102757182,34.26357687973527,-83.67300899367785,-56.20387810615489
961.42578125,-84.21311091263993,-146.8557076038914,-82.72334103956493,107.2952425553958
961.9140625,-86.5346559253495,49.0579126340824,-82.50283963957152,-90.9952456950133
962.40234375,-89.840103835771,-110.1738249936563,-82.60594723301068,87.70617688839789
962.890625,-95.10358294349926,55.20089268743727,-83.36009205925926,-91.08404358298885
963.37890625,-91.80551630759891,177.1503639568428,-82.94737508573274,92.30214367809371
963.8671875,-84.89275342605772,-9.779928844873494,-83.75275537823553,-65.90768936270919
964.35546875,-81.59662168973995,178.1994915674896,-85.38000044176032,142.8347296160914
964.84375,-80.96969326993596,2.672270828760714,-87.67097041000139,-18.07313983020058
965.33203125,-81.65734649296154,177.1707054552364,-87.55335413945269,-165.8094400995924
965.8203125,-82.80490874562116,-11.10261792594758,-85.22152265277442,43.82664954053775
966.30859375,-84.98982555488112,161.1600989181937,-85.74607017407166,-130.6600409956528
966.796875,-88.51355581207491,-28.03402253294627,-90.21254909320061,15.43159779110733
967.28515625,-93.6750161828178,-177.5745720228502,-91.21141040749211,124.5718551507981
967.7734375,-89.3774734426954,48.95474895200276,-86.50654631159357,-81.30352188552565
968.26171875,-85.8434601305372,-127.9421020224628,-83.93241883535256,93.26375272656527
968.75,-83.2946882261426,58.4214002905618,-85.06231435456709,-96.91879012303758
969.23828125,-82.64628334176244,-119.6902603070541,-91.00142025471159,89.44782866836503
969.7265625,-84.0715323396447,62.05984858688851,-99.7911783176439,52.99330710252176
970.21484375,-83.46747122879037,-100.1057768916455,-87.49798412707646,-79.39731068030336
970.703125,-81.81929641004592,95.74912143258899,-84.19485656240896,108.1182519125549
971.19140625,-82.74802502918413,-76.89976350357287,-83.23328199624763,-69.44488394878553
971.6796875,-87.00076630228762,91.42750369840151,-84.80189008701849,120.6387203532813
972.16796875,-90.79244644891421,-140.1891374617865,-88.62504663998973,-24.45492952610878
972.65625,-88.99305156750002,0.1768288130353571,-88.29045920379032,-146.8223911638078
973.14453125,-88.91508170448326,163.6470364569504,-84.74445502004173,56.6115072244374
973.6328125,-93.83541560317305,-21.14534073464861,-83.33721120605526,-125.6754020294718
974.12109375,-107.4182362224941,-82.88200587196833,-84.04016120093712,54.2800237274702
974.609375,-94.71451602074468,159.6567095358437,-87.55324609857149,-107.7893569913349
975.09765625,-90.10790134816075,25.96344416004359,-90.27123562174155,119.9434436291775
975.5859375,-85.50781628672125,-120.9578856660277,-89.53591046045395,-17.60518257508659
976.07421875,-82.35735670424189,78.5894327385615,-87.51712042033344,-161.2316623361804
976.5625,-80.51248866186975,-85.20236619662296,-88.09911163181081,33.02270453736252
977.05078125,-81.58758089792656,113.5030107615232,-90.25201945910098,-118.5985968254962
977.5390625,-85.52498502396644,-29.57976101448704,-87.03371130493464,69.24955338339528
978.02734375,-85.70577663664218,-171.6438439649459,-85.12151830469185,-136.9526555533865
978.515625,-85.83484048787605,12.27090637580076,-82.98332551280352,18.01294333584395
979.00390625,-87.57752964042388,174.6842106788117,-81.88635463120251,-170.6898949062999
979.4921875,-84.55729766304925,-45.7101539551047,-83.33488658036651,9.671207305103035
979.98046875,-80.79457000609816,117.9031067378423,-89.09255630137577,-170.695935875746
980.46875,-82.64353732964582,-60.11559964995916,-107.7530112269217,118.2988111810091
980.95703125,-95.09156713498855,168.9727016128885,-88.5625538446113,-23.79930888948141
981.4453125,-84.69628100888384,115.2060188874955,-85.779682673084,156.3185884146069
981.93359375,-78.77185576042437,-47.26158020904218,-87.40320819190025,-25.3272263826903
982.421875,-76.89602157894991,143.8995382645155,-90.26470692223769,147.1980640380354
982.91015625,-76.59965872264584,-26.89586152088347,-92.59197393334699,-75.46460230345832
983.3984375,-76.48249871014349,160.5445711643229,-89.92371615242436,78.05873123330035
983.88671875,-78.19382104500974,-16.82060033677048,-88.57502132418733,-102.6786708094659
984.375,-83.08859017371093,144.979490291308,-86.35249069849149,62.20740403900531
984.86328125,-85.57344112430705,-84.9241826395228,-86.51436192617541,-130.8136731281575
985.3515625,-84.23400878245081,62.04010264315455,-88.43557528307336,46.9054074096462
985.83984375,-84.33647903381038,-126.4427192412342,-88.42535203287363,-138.6791911254166
986.328125,-90.38021424576166,67.97491411270792,-92.23249227907608,7.614120780684327
986.81640625,-93.44321457234682,-14.45081458083248,-91.52377044895385,110.2463864755013
987.3046875,-86.27463706145996,-152.8313198683831,-86.93992534845292,-86.6160870365169
987.79296875,-82.78582750744668,58.86346147094766,-83.85900965678147,96.27984489884916
988.28125,-80.24068995293781,-91.64476164781367,-83.52908471842225,-71.10594867646137
988.76953125,-77.55584189559356,109.6879184601355,-85.51020574861721,131.5241293390025
989.2578125,-76.21636370625421,-50.70853758482608,-88.42225768422728,-19.93930269196275
989.74609375,-76.98799916572236,149.210727037616,-90.79071203315067,-162.2760052716863
990.234375,-80.15199656879794,-4.360257785144611,-94.42413525769062,61.78778184851215
990.72265625,-81.41806968720608,-133.9866777459065,-93.16123997184792,-44.99516544746818
991.2109375,-78.99346242479558,73.95124386211184,-89.28295648723031,161.1352722830074
991.69921875,-80.03677079189559,-92.43389157723178,-87.10121226197697,-4.74753630952543
992.1875,-87.11493262606953,106.9005267552032,-85.93267914477761,-167.7732573499641
992.67578125,-94.01147027114946,72.26749208470271,-85.52365629547531,34.8201361638155
993.1640625,-86.59033076217496,-94.29360872852428,-85.3457378356925,-125.2558472435068
993.65234375,-98.45098337438289,57.14962688288951,-84.15165485044773,76.02330471925585
994.140625,-80.50622534185584,91.45155968071762,-82.3130443199739,-87.27096876255375
994.62890625,-75.37773647628067,-87.26831612190024,-82.5657237414604,95.13285067879883
995.1171875,-75.55080029721212,89.48903548948954,-83.40882767319017,-96.45854412810863
995.60546875,-74.6989449561855,-114.4035143115339,-83.34878354676697,77.7961511630098
996.09375,-72.91133396642816,58.85314920626359,-83.92544257934287,-106.0114505150387
996.58203125,-74.08807750283823,-104.8762590460186,-83.33901659744215,66.97003603370986
997.0703125,-75.03980735190841,88.10143244752824,-82.06139444443103,-119.9113846640129
997.55859375,-77.01183492218175,-97.58402672639193,-81.49508468200932,48.54212605497696
998.046875,-40.21528882660921,49.4827908137356,-59.3891121995478,-127.8654719485409
998.53515625,-17.35221823188194,-130.9656931819074,-37.21871079303459,52.81804235226195
999.0234375,-6.898580061747593,49.00505437492397,-26.82029183099079,-127.1111961873297
999.51171875,-3.391861509897146,-130.9698476072163,-23.32637048662297,52.93719052677302
1000,-3.079972853327697,49.06552503264408,-23.0189454606894,-127.0302243357699
1000.48828125,-3.387408372357045,-130.922334058322,-23.33078974890416,52.98591571540083
1000.9765625,-6.881832167511619,49.09994658633268,-26.832022769023,-126.9901513733908
1001.46484375,-17.30324135208534,-130.7995794037925,-37.27115936241535,53.05384312454869
1001.953125,-40.07712416583196,50.31558784909289,-60.12975791330664,-127.1379490267426
1002.44140625,-74.15380719312924,-21.75714485301002,-93.75890669311067,-6.172780837266419
1002.9296875,-73.6010721321765,163.3699809394418,-88.99173975498363,-160.7682253315036
1003.41796875,-75.50390061621769,-3.043608039804714,-84.57743602186235,28.59986104604459
1003.90625,-78.02672442204641,-145.562877049858,-81.27881062406996,-156.5693536123068
1004.39453125,-82.96777389824885,54.97341043828007,-80.26573407926229,23.60771972645403
1004.8828125,-88.96597438431291,-172.4434093781632,-80.55481299612538,-153.5756198078992
1005.37109375,-84.82579928779128,18.6058447339073,-82.11737103730005,24.94842834898271
1005.859375,-87.83546846904338,-113.0359853002208,-84.31008639711823,-151.4016074891722
1006.34765625,-83.52699651121503,156.0896106996549,-84.91186322602428,36.56522670208183
1006.8359375,-79.67373510623821,-14.74419276106624,-85.63025574770508,-142.5854289856863
1007.32421875,-81.29410465160856,161.0956905830066,-86.83156279078888,30.43120400692822
1007.8125,-88.48789692267887,-34.10547701178134,-90.18209299089662,-149.4990212162714
1008.30078125,-88.23237744005664,61.94973562960603,-107.1764549366872,-164.6983371991865
1008.7890625,-84.02361431776386,-127.9105907578557,-89.5723126572239,47.14583331935393
1009.27734375,-84.1865425205077,82.38439507590004,-87.08961228315914,-120.3136143144677
1009.765625,-80.14539624866892,-58.87157232409084,-85.51365201103766,84.89131585103954
1010.25390625,-77.36212925647467,137.0137223759857,-83.11838999402418,-61.78513572124709
1010.7421875,-77.51113403061676,-21.62250555720622,-82.40141243308526,142.1192316630546
1011.23046875,-79.42975392562825,-167.8894364824111,-83.6845962679065,-19.17893443854671
1011.71875,-80.24817324414572,49.64619626728813,-85.53726081564255,168.375735466975
1012.20703125,-78.63640481173377,-107.0177786221083,-87.77851663466717,-7.565239737780829
1012.6953125,-78.57877446488733,82.78155434083305,-89.52564202922019,-167.6106524956545
1013.18359375,-83.50525216300173,-94.83863159475754,-91.86626658402207,23.78039368291215
1013.671875,-102.7505446679762,134.5930307526564,-90.90789822627937,-144.5411726099888
1014.16015625,-87.42452668223081,69.81642369639039,-85.01182475437118,44.92660460328278
1014.6484375,-84.08196186101091,-101.2447922590788,-83.45066128435235,-130.1345130468461
1015.13671875,-85.4763216874783,90.04350873265273,-85.93403194411557,51.76430006074744
1015.625,-90.44851336238602,-31.43782465314071,-87.77202749720843,-144.1809618328613
1016.11328125,-85.26707992916677,-132.1591262824226,-90.26733251248004,43.0671095779762
1016.6015625,-82.32792550267598,76.43676123010614,-90.04625194662501,-71.55443215761579
1017.08984375,-81.6396585117797,-86.983422878635,-84.76196899883477,127.2309411034214
1017.578125,-80.66868131948858,109.717349675386,-81.29611491548201,-51.62816254328018
1018.06640625,-80.43393760869316,-52.17536236076288,-80.44514449119335,127.6985412790845
1018.5546875,-84.96721534332934,137.1790777890393,-81.92040771498439,-50.46419900980811
1019.04296875,-99.05656232600164,-141.2328089773465,-84.98348217574249,135.6889397727344
1019.53125,-88.23689800928024,-11.06513035538859,-91.01209908770726,-11.84786710941486
1020.01953125,-85.84646619680468,148.7590921000056,-89.58410699527661,-142.0473161148864
1020.5078125,-85.68478089140173,-52.64058811489924,-85.73643910859852,52.04708965074069
1020.99609375,-85.83630844279936,94.40126214908371,-83.35782931361788,-113.1895057401191
1021.484375,-83.83486018473896,-98.49909445871511,-84.00090619337286,72.96162407532373
1021.97265625,-83.72714556804551,90.17234959493726,-84.89280798016586,-103.6702399677096
1022.4609375,-83.06835337815156,-59.60376235969685,-85.608602816611,76.65933392983574
1022.94921875,-81.44445498443304,147.1752079967044,-87.62393060612028,-124.8335152824006
1023.4375,-83.50353513115415,-5.731659828710233,-87.19866975408605,48.08369868111089
1023.92578125,-85.24403633532307,-143.2187827702498,-87.31758518463231,-115.9651155465771
1024.4140625,-84.12819366515436,85.45888568108137,-89.8859451480523,82.92954564272989
1024.90234375,-80.64460929045981,-57.63783873850914,-92.76623944358508,-68.72896972433847
1025.390625,-80.96984426892362,138.8398896472047,-101.20246263816,-174.6761283467737
1025.87890625,-85.49961658829315,-21.10718934097581,-87.45661046990949,81.18297608602992
1026.3671875,-87.82891277510294,-157.4449976556841,-82.79139406745267,-93.74196030214654
1026.85546875,-84.60948628938974,60.51234288393244,-81.76344694644163,89.83698899227772
1027.34375,-82.82036294089662,-99.68934248503095,-82.58222724180526,-93.70313999170787
1027.83203125,-83.86197062973557,94.08237485725098,-84.39581681441574,78.06469391748581
1028.3203125,-86.15866896547418,-76.60438428557721,-84.71099556888147,-99.80345262935579
1028.80859375,-89.8111315887563,116.241451523609,-83.39258219862998,89.25573740138027
1029.296875,-90.82624441825517,-24.93327291146296,-82.12480749607982,-86.76956022652045
1029.78515625,-91.39817028208492,-179.75629169976,-81.99040565175852,92.23743429663384
1030.2734375,-96.69410554890297,83.42549826989946,-84.85356224583747,-94.64381038515236
1030.76171875,-88.39166772825936,-40.8610088419081,-91.33492969427449,25.04052807294841
1031.25,-85.36574984650201,153.2595265373058,-84.41890506306608,156.5810656380151
1031.73828125,-83.88979877853912,-20.45751519102922,-80.99731803175609,-24.52975948723396
1032.2265625,-84.36197684332855,158.5238614799418,-80.68776939191744,153.7256140423428
1032.71484375,-89.31757380827082,-9.921252718216277,-83.64800531636197,-28.30670105124153
1033.203125,-90.77723404162813,-129.1943879327729,-92.39619284907565,163.5208759774935
1033.69140625,-86.95612584878695,70.82226608178611,-96.3070929667734,101.8977628341729
1034.1796875,-84.46233759752943,-103.5177039238271,-95.15381200080135,-60.71968436320017
1034.66796875,-83.47408009837059,81.13928347312705,-96.59257099902567,43.5150580315478
1035.15625,-84.71786118379227,-79.81127957912007,-86.91874758935833,-160.4676899726269
1035.64453125,-84.57077219731903,134.082763392417,-83.05066958999161,15.5144150117128
1036.1328125,-83.86505892842717,-14.70631830561484,-82.0141514968161,-162.3252859293331
1036.62109375,-84.28557347498247,-163.9548336032709,-82.67913453496119,23.70651338927196
1037.109375,-86.13834793051778,41.9185591561741,-84.44767699343261,-146.9069951240801
1037.59765625,-86.48420238561454,-109.3780273786819,-86.59295918827999,43.63751586475352
1038.0859375,-85.41298890956102,80.47692779647426,-88.38700874296777,-128.3631222213488
1038.57421875,-86.07766709196939,-110.20293943963,-87.81433148836635,82.96684539771096
1039.0625,-87.46228179716508,53.92505224777849,-84.73995385879441,-76.88273040420644
1039.55078125,-92.59210444662725,-140.5293966729815,-83.88010792148391,110.2361893879824
1040.0390625,-106.8259285769549,-63.52582963864418,-83.70136860918008,-60.04406322408662
1040.52734375,-92.06142999768615,39.99415246559892,-84.21721941943476,115.719787092396
1041.015625,-87.65362847106104,-131.7475295216229,-84.80850108714807,-83.89204299879039
1041.50390625,-89.40851486639352,92.69339982063046,-83.92921358840735,74.89964007106988
1041.9921875,-87.13692513721224,-14.3750779292853,-82.54117796684423,-126.7832207567371
1042.48046875,-83.67319425076164,-172.9358586757193,-81.71745568716581,41.72783099361788
1042.96875,-83.52235577665019,19.30389336154468,-81.72764753006801,-137.6801505339766
1043.45703125,-86.06831044771802,-130.0791336465758,-81.98317970698764,40.46791695391726
1043.9453125,-89.1825823488947,102.7709921205913,-81.827443349985,-143.9691578194724
1044.43359375,-89.09236031006742,-23.66798132887929,-81.21830327606222,37.02259673935487
1044.921875,-89.34512791579843,-173.289361609375,-81.36898153102115,-153.589628376904
1045.41015625,-93.84875077530994,34.68250127870037,-81.82330319272538,3.38199190144385
1045.8984375,-97.37541374557372,-132.5033443339886,-82.59426753318075,171.408037134037
1046.38671875,-93.91463941855312,19.54563032793007,-83.6294187901824,-13.11493152131501
1046.875,-90.88650933636843,-173.5894384801978,-85.66578984148668,161.3730474455677
1047.36328125,-87.35025463808769,-4.577460452376061,-88.94280945185186,-17.1713209406253
1047.8515625,-85.38083499501825,173.6492274373739,-92.16920896431816,167.2522414552472
1048.33984375,-86.6428176917215,3.394370223196962,-101.5333635124657,-99.60862455361861
1048.828125,-89.09182382286643,-170.1820887160417,-90.61944811574327,26.24520650518702
1049.31640625,-92.28901282805388,-11.87831686074069,-87.20243099192706,-148.8840188738934
1049.8046875,-93.81993256452701,173.8659820662106,-85.82414440955974,40.17652948313729
1050.29296875,-91.15911859953496,32.12449974548203,-88.01433764005051,-135.0016931715003
1050.78125,-92.67624817571371,-152.5276524252787,-91.60223227556726,47.73827951037369
1051.26953125,-92.49752501997902,6.735543553980773,-94.22459355761342,-157.165930212533
1051.7578125,-89.25944899179999,-159.8317320077219,-92.25976270869707,-46.97807984477494
1052.24609375,-89.66804372418081,14.55077238664568,-88.78248893477786,81.64259438968432
1052.734375,-87.61594930752167,163.6883758812528,-86.20581624779851,-126.8784589040995
1053.22265625,-83.7507216738322,-17.89429329842411,-84.98291519441497,36.41901225095344
1053.7109375,-82.65160500281229,158.5525142157522,-83.21726757010268,-156.1482708971438
1054.19921875,-82.43376500434459,-36.18228680398064,-83.36567043724288,31.78844507260075
1054.6875,-82.26588284123288,135.5717480429574,-85.91199270745878,-126.4296117126429
1055.17578125,-83.04473877772637,-55.00863635073483,-86.97536470398904,81.38742382308943
1055.6640625,-84.33617737689816,103.4093630088921,-85.80578430967547,-91.74197106709531
1056.15234375,-86.54567847022611,-96.51900737764481,-87.43228062062656,75.32085689269807
1056.640625,-90.81094996358571,68.52272608851844,-91.23378974800838,-118.8633616928643
1057.12890625,-98.03742865091552,-139.2048490245488,-98.62622041509633,15.7504902196594
1057.6171875,-101.7713093384084,-65.31406256311233,-94.29607117360605,118.2179019440307
1058.10546875,-94.41525962600566,53.71613648000948,-92.37780286944715,-92.25687636932298
1058.59375,-91.50451419323034,-162.3311895252623,-87.6795426182243,76.51351472029485
1059.08203125,-90.05787998483783,-21.54228716342207,-83.75871818355125,-92.65335923424684
1059.5703125,-88.41948154840341,127.7828984567068,-81.78315761760632,93.02573038465252
1060.05859375,-87.41558480393665,-67.22202869555261,-79.98437041815522,-85.19235222420667
1060.546875,-86.0221291524475,117.2877891388088,-78.99065674071983,105.0455714036476
1061.03515625,-84.34966818478605,-55.4701206889711,-79.64075231596371,-61.88213588365528
1061.5234375,-84.12428312631025,133.0911525949091,-81.7671208214351,132.9483944852153
1062.01171875,-84.45804187510113,-22.66303366314365,-84.0040955279958,-20.96065504556583
1062.5,-84.45503740177101,-178.199757786799,-86.2704804099923,-174.2100228290467
1062.98828125,-85.20198277809733,16.44872308233893,-88.41367660807458,36.11024127603193
1063.4765625,-85.45921302476248,-159.7959964532465,-88.48615482146269,-130.958500837485
1063.96484375,-87.4755093161618,4.009031465534484,-88.36223449882041,38.08849574055327
1064.453125,-89.24975220299174,126.0103768287667,-86.68173455469227,-150.2277268915113
1064.94140625,-85.92208265381807,-86.18058266000808,-86.39702970267145,21.71628227409819
1065.4296875,-84.69193531379324,83.36948988646493,-87.83727002854405,-170.9345594622467
1065.91796875,-84.89240396214464,-102.3768888011777,-91.01682823248788,-6.266850503303174
1066.40625,-88.97169225590514,95.25099718557759,-94.57535160029383,153.846762152151
1066.89453125,-91.80545038393393,-31.55410416328353,-100.4324833904975,-22.75426190869182
1067.3828125,-89.94958585076202,157.5632957179677,-110.9055466340211,-38.91577649621842
1067.87109375,-88.79487201060221,-20.86924527645589,-92.85215134591512,104.4845469410418
1068.359375,-88.69926982748103,149.4229506546231,-84.86459605101332,-76.93277528373648
1068.84765625,-85.91073764180496,-58.64952914436789,-81.54559275554405,111.9296407387189
1069.3359375,-84.05335219429102,105.7442944088722,-80.04948960509506,-68.2473530076455
1069.82421875,-84.65062968518555,-85.91423531699671,-80.45430603308407,113.4973739809263
1070.3125,-84.88017905922332,79.43331332889467,-83.740805180796,-53.78087254568322
1070.80078125,-84.54747045907018,-120.0096223885296,-87.93012139125345,148.4176586438404
1071.2890625,-84.47050854455603,49.88003903337339,-88.04612744205428,-2.409036746822827
1071.77734375,-84.44285186814335,-118.3968706010381,-87.7901473787139,-173.9438651137533
1072.265625,-84.31615210719667,84.56749062385769,-88.03538455477027,-35.5354507771527
1072.75390625,-84.06778564278709,-62.46636717569802,-84.57079821657139,104.6652750893901
1073.2421875,-83.42296895781794,146.2738900304403,-83.21131723396786,-104.6597668066683
1073.73046875,-83.89521709755228,-15.73847618453861,-81.45789394699179,58.56827078068474
1074.21875,-84.59227576697488,-172.7426346395947,-80.54585107160797,-119.3550183594142
1074.70703125,-85.59050576547058,36.15671260514171,-81.64291242603225,71.25655082958458
1075.1953125,-87.73763087479735,-122.5801269150669,-83.8579899266564,-96.42950130132526
1075.68359375,-88.84933935364261,61.87750846174958,-87.23498540377753,102.4767181763088
1076.171875,-90.04166764101458,-132.5377109112307,-94.41703283153484,-29.96358106727439
1076.66015625,-91.91437298776805,15.68976191542181,-91.27196527179026,-91.2553942301673
1077.1484375,-93.45028132622085,-167.8375747115244,-86.16420382670368,95.94946714296326
1077.63671875,-95.03558406244288,31.14417301423899,-87.35941272634093,-94.52301152779688
1078.125,-101.8269523926805,-127.6243222953484,-95.77713222186752,87.06415853993761
1078.61328125,-98.98588348307845,147.8861000809884,-101.882317484114,84.70692197672234
1079.1015625,-95.55106646883787,-21.98487580451308,-91.56438221297444,-61.19014359975116
1079.58984375,-97.2537390710354,-154.4734752738273,-89.56602562279407,125.151863608147
1080.078125,-94.60337289145411,97.35235779905192,-98.98116160781767,-10.3090751796625
1080.56640625,-89.88565933649318,-29.5695157410023,-87.92788470359878,-120.1511813866033
1081.0546875,-85.55402483410401,169.8571470199464,-84.7123520332463,59.1308412046788
1081.54296875,-83.22156761545389,-10.34650264654316,-83.51512058917891,-111.9063141965215
1082.03125,-82.76487675175913,163.3762856647655,-82.16968608325912,74.27213380126852
1082.51953125,-84.18895991589417,-24.92833679743806,-83.2648903258503,-107.730620061709
1083.0078125,-87.17735604414926,138.6475951914027,-85.92811341517549,64.80070397687197
1083.49609375,-90.97489633158082,-66.60981172124566,-93.59751376119176,-107.6301389684849
1083.984375,-98.83583212601945,75.52203606973751,-96.08308474725833,-128.351778951496
1084.47265625,-96.96921344976153,164.9869974643936,-87.60244926554012,67.00393190941564
1084.9609375,-94.49960424330411,-11.55578119855355,-83.77797288926631,-111.0955532816715
1085.44921875,-93.39850682631246,-168.1307435167436,-83.96019628634419,69.37127043031565
1085.9375,-89.73822987779356,27.85178676317563,-89.35180780758833,-116.6264353842228
1086.42578125,-87.44451024033108,-125.627520862214,-106.4077241513812,73.56378320725553
1086.9140625,-85.74253911369192,85.04610177771248,-94.49512546301511,55.47596936659276
1087.40234375,-86.02314159164079,-75.91120672074659,-88.67009814048433,-114.8349765659493
1087.890625,-88.30863902405022,131.999176195853,-88.3956151103388,55.91746261892084
1088.37890625,-88.74443291429324,-17.84165577973743,-95.68509504743727,-152.0697907227638
1088.8671875,-92.65329403992331,-163.9138731991492,-91.37016917896335,-97.11883319211735
1089.35546875,-92.79401447067076,98.82948229224237,-84.86312140766674,75.39438955197934
1089.84375,-90.6994956242668,-22.22841001443563,-83.98466719355548,-105.546475326267
1090.33203125,-87.04867972742269,-167.8075966519623,-85.58741608153139,83.06548053642059
1090.8203125,-86.31403255686779,25.35349698376561,-88.98299229533248,-62.83319500944156
1091.30859375,-86.56801003612509,-139.6179891129032,-90.28165116531332,-168.6242177185338
1091.796875,-87.47094108130108,42.47756198065437,-86.54225018015076,47.44435027573461
1092.28515625,-89.4517586576272,-144.5132150894732,-85.43323358086091,-135.0611513251347
1092.7734375,-89.92707697687274,16.52195021004576,-86.46031954775,40.71416078758904
1093.26171875,-88.14151085086294,173.9324634641893,-93.16689392593808,-145.0331454410594
1093.75,-88.422927480014,-14.74223551842945,-97.4673326688967,-44.82587495181608
1094.23828125,-94.06165519465306,148.6122998366699,-98.01973218153974,98.69388470346382
1094.7265625,-94.54646852817439,-131.3701422467592,-91.96541792675535,-158.3152508169573
1095.21484375,-88.50978160291456,26.83536642718843,-88.05433992441525,-1.585689260708971
1095.703125,-85.7430619074958,-153.6732874276173,-87.5809182831899,136.0383509448249
1096.19140625,-83.07536834356117,27.85203492889669,-86.50638336632358,-70.70707360011608
1096.6796875,-82.10469154307958,-147.99859301429,-88.28433441733969,96.81055625202487
1097.16796875,-83.34572474200002,42.2069511286639,-88.89342282337873,-118.4504406489202
1097.65625,-86.00366850263123,-135.4707711274673,-87.41282712233567,28.23205561436312
1098.14453125,-89.01809843521859,34.12876296765963,-87.08028778532625,168.6451134702136
1098.6328125,-95.15454346870213,-176.4383398625549,-84.70081391528743,-36.1580226719988
1099.12109375,-88.99176833258552,-79.82633346283575,-85.43353563833642,137.6284894955991
1099.609375,-83.36306737148919,88.28100870210979,-88.09792907395871,-44.11701252972614
1100.09765625,-81.56627430764405,-107.5167190289054,-89.20604919846451,146.1146461281885
1100.5859375,-80.87566017134021,52.53099911475975,-92.0434622946817,-42.54364154709061
1101.07421875,-81.89156450214827,-140.4731479124284,-90.16433056969127,98.00340181144159
1101.5625,-84.68182405502108,29.69297189973055,-87.28116277936543,-83.26114671641552
1102.05078125,-89.6513276473449,-150.2077593332907,-87.13698414786268,99.21790896819556
1102.5390625,-96.86730319473818,139.6010969088134,-87.70578457163916,-89.38232916045806
1103.02734375,-88.60165708882619,-1.502473191529567,-93.75818932738619,77.04406245012898
1103.515625,-87.14585621745123,-174.5166795847652,-103.9542143155223,64.68275813922534
1104.00390625,-84.47431367843771,14.5179976831064,-94.37117483807444,-110.5393514775245
1104.4921875,-82.78031828816293,-155.1507537933466,-88.39559426175003,99.78960534466286
1104.98046875,-84.08390995876537,33.83289879768363,-85.15039986924387,-77.25705526853118
1105.46875,-87.83621496246708,-139.1791567092534,-82.69271669671424,82.47796850069572
1105.95703125,-91.51338355179413,68.72367063809507,-79.40168591467427,-111.3400221797112
1106.4453125,-89.80194726812485,-64.55050056169299,-78.46365889718074,57.22180025462109
1106.93359375,-89.48686233504075,141.6072723642298,-77.93354137653527,-135.3855219284835
1107.421875,-92.18819516652675,-17.76995859306578,-77.6616598820863,40.8273473523431
1107.91015625,-95.58099959478618,-175.0859590575072,-79.39195650059253,-136.3628805675068
1108.3984375,-96.88695117982672,46.10399596142648,-83.00441411549171,51.6600733728007
1108.88671875,-95.21463486813504,-121.923482803818,-88.41415852002089,-120.8927623665489
1109.375,-95.38535770522816,6.01527172730398,-98.57425697245601,29.62258714171683
1109.86328125,-90.4357645456286,130.48144666782,-94.86869509783287,132.7601040955088
1110.3515625,-88.8598296637312,-70.77386879520861,-90.86046689061962,-73.69933556417085
1110.83984375,-89.02552872890062,95.00174723686175,-87.97296218143421,88.47876706968226
1111.328125,-89.17799907516113,-104.3961561305391,-89.17809663988116,-81.89427586082495
1111.81640625,-91.05770510660379,45.91410022583482,-91.4252613789854,119.3428189094645
1112.3046875,-96.99618511056691,-174.9101891515027,-91.20708689528587,-47.81605154178516
1112.79296875,-103.9860248175205,-110.7927111146539,-88.79541581471923,158.7072017461145
1113.28125,-97.19551395776706,10.67107060317911,-86.46897077928296,-16.31112546800022
1113.76953125,-92.57058005516353,-170.4223953972848,-87.28285569924384,150.6655489866286
1114.2578125,-88.00404649953094,20.7557054101533,-89.73290671180209,-54.91628062702632
1114.74609375,-84.94177903042264,-146.6190901096172,-90.41135593822381,92.15477890150356
1115.234375,-83.05351593952588,45.72892515008947,-95.70107349366685,-142.2445735345875
1115.72265625,-80.68399150707447,-127.8859608052544,-90.06425948904666,-55.0989762011505
1116.2109375,-78.99376270826222,50.95110582314798,-86.25589219485398,114.8257118128938
1116.69921875,-79.22233549126106,-137.0781190524151,-84.22407407722443,-63.96490088436349
1117.1875,-79.800801820391,26.10684673152482,-82.94308628935002,119.2108016913668
1117.67578125,-80.01656966557569,-171.0015326329241,-82.50150800244276,-48.94470120471748
1118.1640625,-81.83159437811696,-0.7165996578723419,-80.28753252010586,143.4834611125442
1118.65234375,-85.17405782364187,-171.55522271882,-78.69911841300359,-33.12394039567589
1119.140625,-86.87257268822636,33.83379504300235,-79.41671719906262,142.5855935469843
1119.62890625,-87.78282469193624,-128.86949504496,-81.19383923213677,-42.83843292175739
1120.1171875,-86.70562653228281,60.77658403083674,-85.1443933445691,129.7407420832423
1120.60546875,-87.2155241885367,-118.6712053246024,-89.92047382431166,-93.25355528378024
1121.09375,-92.67615828518126,73.9885749951962,-87.55850741933331,51.62781949892748
1121.58203125,-93.834737779769,-59.03049067921534,-86.29659028279735,-128.2811668707296
1122.0703125,-90.52448267839601,160.5542277003694,-86.66911228968038,80.32672239422153
1122.55859375,-86.72141953764384,2.284380279155239,-85.75997328397082,-56.97424665987315
1123.046875,-85.63595168399389,-176.2838457867761,-83.56994772217575,164.4537107347639
1123.53515625,-86.57430832350052,-0.8077861579609367,-80.23187261057328,10.00384088999753
1124.0234375,-88.15850039215908,163.566555023058,-78.91503596907458,-157.3166826993721
1124.51171875,-90.64778183402878,-25.54035767201211,-79.67079035191556,34.44502415516486
1125,-95.78662149434351,-167.2877035349768,-81.7310985944371,-128.6614716330091
1125.48828125,-90.60458124341093,55.29990040514703,-83.89967300666189,76.85830515462726
1125.9765625,-86.184709015308,-122.814729798261,-86.19631254953902,-83.86639167282389
1126.46484375,-86.05855432014778,57.44117565167078,-88.59813126148592,103.3566944609545
1126.953125,-90.02618392023874,-129.9069513185822,-91.96775844009252,-74.26624971084063
1127.44140625,-99.98744281199068,19.96083074634615,-109.1256099518669,99.38781072372549
1127.9296875,-95.24681193273017,70.47547119063337,-100.6081218116114,127.5260798011953
1128.41796875,-89.28546476738283,-107.4232559574375,-123.5360171774018,-139.2973864079009
1128.90625,-86.40477624777559,74.01294064085478,-91.54816697034519,-62.41066390765641
1129.39453125,-83.74749584396845,-112.9716788973294,-86.8445195913104,112.5029959768923
1129.8828125,-82.95713016776681,68.91591317758244,-86.39730031492796,-67.70886944024586
1130.37109375,-83.88666267859361,-103.9309086862536,-85.57171007332502,112.9470586296986
1130.859375,-85.48881251529204,79.58771933821671,-86.32555883367831,-50.4803608507678
1131.34765625,-87.73032079910379,-90.73006622359367,-88.27510613111217,164.6361184724038
1131.8359375,-91.73258771508193,113.5323342399726,-88.85250013631938,6.107958680721354
1132.32421875,-99.2297935545504,-50.43809066292561,-89.81842949470112,-171.0035136130951
1132.8125,-101.0618670547356,83.81941458561545,-96.93413592634145,11.9646207868288
1133.30078125,-95.84762490035112,-53.81187068015164,-96.51366267816505,40.84984411827018
1133.7890625,-90.43656642032751,160.2688068360652,-87.86284909367043,-123.5762485206542
1134.27734375,-85.94106094474498,-8.009019683613854,-86.38961036774302,79.35196344358542
1134.765625,-83.26034723162235,171.5596941719118,-87.46275017842002,-74.03350572036794
1135.25390625,-83.75557698666127,-3.697588804960935,-87.91943980481561,132.5409921291439
1135.7421875,-85.74700911304113,-167.403274550749,-86.6991640019769,-35.43168517829192
1136.23046875,-92.5919297520245,22.86927230146699,-87.02074051864486,123.1922170204497
1136.71875,-94.16164091896022,3.03785115465026,-85.06390920612606,-87.13359432370214
1137.20703125,-87.01755831081132,-174.5741317496809,-83.02264839256719,78.24067365580117
1137.6953125,-85.48161862744657,14.92945523493593,-81.72917572298644,-109.3229939793898
1138.18359375,-86.39906682002288,-151.0656323827765,-82.28959442223491,72.06546101380947
1138.671875,-89.78171526448921,45.39359245989741,-83.61710366189769,-105.6484094936877
1139.16015625,-91.54844932794759,-119.7349361224512,-84.60667201241563,78.55271023089813
1139.6484375,-92.16610126458873,82.86797695437707,-86.87677950689414,-86.50277348521517
1140.13671875,-93.16839663432856,-105.7270461253359,-87.38782884308485,118.864867450327
1140.625,-92.0747855677722,36.11294256714859,-87.79675880428597,-33.26557780984089
1141.11328125,-92.37995651947772,-162.7040878476869,-86.71387416911655,-179.5539844458007
1141.6015625,-89.5094686357462,-1.581279260035703,-84.34386236195104,3.142355691252098
1142.08984375,-86.15904962200813,171.0559886413403,-82.88070164078832,-176.9318590125874
1142.578125,-84.27441094686284,-5.787886704624351,-82.39506014408369,14.17159644283535
1143.06640625,-83.98034576858007,-169.9836611784075,-82.27266443287213,-145.9531831105361
1143.5546875,-86.72813613038981,40.197830789987,-80.55333130214009,58.17955795996937
1144.04296875,-87.08432588921042,-100.3647909508469,-79.34693605689415,-102.9268750650272
1144.53125,-85.0710879279286,94.26206385043426,-79.96564097775392,91.32065181910096
1145.01953125,-84.90353708652053,-72.02860985243986,-81.45594670852279,-81.8806561245173
1145.5078125,-88.13156870366856,118.7912507875151,-84.90075999657518,109.741604965439
1145.99609375,-102.265749206065,-45.4095555957099,-91.00313272311632,-30.05454606920749
1146.484375,-93.65096327819174,-96.24953035095757,-90.71580355584337,164.777353440319
1146.97265625,-89.22667472865859,80.04881284986837,-86.34663728155131,-35.45023623006497
1147.4609375,-88.75531937278029,-87.90578370055654,-85.00761675250016,134.6556139122772
1147.94921875,-90.00917398648058,104.3043441967613,-84.77413793807089,-64.65566175808894
1148.4375,-91.81062211887206,-87.94286225264301,-85.45285585325453,107.2167505548674
1148.92578125,-87.32137940564832,86.61298246835729,-92.91703588773196,-70.62103409614784
1149.4140625,-85.00176396597479,-89.07072747152637,-100.8993758291811,-122.3322691945115
1149.90234375,-86.01953087293539,86.62642256279041,-90.24440663090385,55.8332275894014
1150.390625,-85.39720953925919,-95.12015980852767,-90.14262098553112,-113.3800982493771
1150.87890625,-86.27224928907792,98.49250854015452,-99.40513469957715,123.2934074262924
1151.3671875,-90.53055180587636,-54.28278301419614,-93.48374326082617,67.09046926622374
1151.85546875,-89.95562212023286,140.1496398754716,-86.82502524825193,-96.34545429024561
1152.34375,-85.9615515294002,-34.87222069638201,-84.23951435409622,90.87827620218982
1152.83203125,-86.52315796198685,162.2045911953844,-82.90167954281893,-77.19432750436343
1153.3203125,-89.83860898515216,12.72193391327326,-82.83971344611894,106.0125728919716
1153.80859375,-90.53907025284775,-132.8589790663859,-85.24941066457276,-82.91243891733504
1154.296875,-88.66050435692215,86.27812471867973,-88.08888186752299,69.95661727190809
1154.78515625,-86.99258914839191,-79.08777866941425,-87.96546431995112,-151.0010017352808
1155.2734375,-87.61194384908121,77.09606302153742,-87.75541006763804,10.03441329759347
1155.76171875,-87.96184904426283,-137.1880192107977,-90.28726406997001,-157.3279633372972
1156.25,-87.75601097154718,4.22924562933765,-90.47406760088194,55.62224852191298
1156.73828125,-84.66812813766137,160.4009219782756,-90.55179515851663,-105.6458188409217
1157.2265625,-84.92711852427725,-37.15666923213554,-94.19714013679773,90.92025675893089
1157.71484375,-87.10917496779365,113.7535541210392,-96.79473539063567,-109.4212808507273
1158.203125,-90.97432597803332,-84.86075669995545,-91.47903576441021,42.47884691321548
1158.69140625,-100.0493810995714,-18.23357037536796,-87.86778322170278,-130.3529163438556
1159.1796875,-87.41027057380646,104.0271409900792,-85.60515910237223,62.45556591139513
1159.66796875,-83.51814525080368,-89.45935277344526,-83.76655875131198,-108.7583898801902
1160.15625,-82.56160822512263,87.59107923436294,-83.21197198815432,84.8764490949511
1160.64453125,-82.43543923242174,-91.43570917023231,-85.11427740019192,-69.98749946571158
1161.1328125,-83.62256263274742,99.30039810990263,-87.62143532988028,141.9483927239069
1161.62109375,-85.83434887892365,-61.81539957306869,-87.64625706596621,-20.50760906284825
1162.109375,-87.1587749724566,123.4261384323514,-89.3378664095262,158.3318057526646
1162.59765625,-87.26054526354802,-63.95900479477966,-98.94724321950358,-121.6996774016136
1163.0859375,-91.29097352691269,101.4440225028678,-86.9466072043144,8.315308611553821
1163.57421875,-95.20578290789635,179.1590054764859,-84.57262926235659,176.9758527494076
1164.0625,-88.76530328830952,-44.50563400970478,-84.00535913277281,-17.17564880419181
1164.55078125,-85.4708666198905,117.1957368304174,-84.56493037607044,150.8885510712847
1165.0390625,-83.96796417043561,-67.5015097811366,-88.140550160307,-40.07369784447909
1165.52734375,-85.73326778280025,101.4183189499711,-100.6058574338727,153.6121939894379
1166.015625,-91.03558526689775,-107.0956326244822,-92.56862841874513,107.3805210566198
1166.50390625,-95.08302221162317,25.34498608662396,-88.6086136230057,-61.38720397918082
1166.9921875,-91.85962452740624,-142.3975866490705,-90.71966570323858,148.8790807813233
1167.48046875,-87.05908588583078,61.79568235210685,-89.35653073502618,8.206900102519699
1167.96875,-84.82576385197676,-103.669750878804,-89.17589827844665,-158.4413078584982
1168.45703125,-84.50821928609753,81.00899272499167,-89.50542455929505,49.10858236706779
1168.9453125,-84.8730360200469,-101.3322826916006,-90.89173667077708,-108.4033600899794
1169.43359375,-84.92283396416765,73.47360463308863,-92.13647942641094,145.7407987055047
1169.921875,-85.50945991965932,-114.1473642436648,-86.03497320304,-21.00529206240268
1170.41015625,-86.08201025933081,74.79284476225271,-85.12785689941276,151.4234570851563
1170.8984375,-85.51127968947827,-86.16578462691506,-87.01927803444535,-31.0249461939868
1171.38671875,-86.45871827295289,105.6126824720909,-87.21237228909254,114.6327333154762
1171.875,-88.9592233453339,-59.56140789580958,-83.81894868450902,-91.94620947242997
1172.36328125,-92.1731870765184,151.4342567182537,-81.95102920551406,84.8377719272722
1172.8515625,-96.09106817046921,27.47193728518593,-79.49860387979608,-90.86147486638301
1173.33984375,-91.66985579222236,-102.8281898055072,-79.23781551336499,92.45013285950982
1173.828125,-87.11553985499982,61.8188570490932,-81.93269790103281,-82.28033567906934
1174.31640625,-85.76158669106009,-143.1547483502609,-85.17816907442501,103.5710323809944
1174.8046875,-85.24294105252497,10.45739849393757,-92.30887407131198,-52.38357026830651
1175.29296875,-83.45499964139725,166.8925429390929,-92.3154323481795,-147.1860594262514
1175.78125,-83.09389431626711,-31.33349870283904,-87.002474555444,45.93389506707059
1176.26953125,-85.23503147697588,135.7222620662522,-82.93155841246522,-126.2165984989931
1176.7578125,-88.2188670530071,-52.86288710246492,-81.82559839435781,54.48138611000282
1177.24609375,-92.98569108113027,110.4399539231998,-82.92595423520773,-135.787155825545
1177.734375,-104.0783590788493,-51.14681371003312,-84.64364479265592,29.2764266884583
1178.22265625,-91.7392579423886,-143.8356370346099,-87.5832022002033,-169.3877509141603
1178.7109375,-86.76683784287982,52.55484413084216,-91.89522407712117,-22.73239224838675
1179.19921875,-85.00410992798137,-116.3754707589972,-92.27452109516263,115.6212160213213
1179.6875,-84.49213367120717,68.59835475929053,-92.66392083895254,-51.98995283707482
1180.17578125,-86.07234412287607,-92.40809173623904,-90.35198706374963,144.7775641034509
1180.6640625,-88.32551850983137,118.9139553430076,-86.05256101194183,-44.46800285438586
1181.15234375,-90.63517160388247,-46.63337961445528,-83.32697530492933,144.9522718667001
1181.640625,-93.3929581825644,139.2712847287594,-83.66693062506533,-25.39098442486889
1182.12890625,-94.77485133392796,-23.58193212887269,-90.25062987557631,175.6320358040382
1182.6171875,-98.19752118259542,-163.0150469018671,-89.15266901950984,87.8388523220657
1183.10546875,-93.51401155324024,65.2919413975667,-85.86086779236952,-62.530157737225
1183.59375,-90.94740490074636,-120.9281499359086,-83.5919877112874,139.1075356767164
1184.08203125,-90.8169167193831,65.66700949803088,-82.88785199531745,-36.84719423589302
1184.5703125,-88.61303418579013,-105.2349646248276,-85.23672240238335,159.3763792520212
1185.05859375,-87.18967594619927,68.1689137886323,-87.32523213421689,-9.456467372260789
1185.546875,-88.34546684241998,-112.5904590305439,-90.37697449291525,109.7060178057212
1186.03515625,-90.79525858774836,74.66798570866681,-85.87476868622949,-123.0423254587887
1186.5234375,-93.57209879674966,-87.02884147151799,-85.13670693795946,38.98307599554832
1187.01171875,-92.556326585379,148.0150627863529,-86.71810050863596,-159.6896027719506
1187.5,-88.26537269513349,-16.00382754693615,-89.97816738870969,-3.060714171494882
1187.98828125,-86.96538073824131,157.5350192686466,-93.70994993483708,93.47700564464817
1188.4765625,-86.34239479372758,-35.21581566063347,-86.41240727689598,-124.0107577119245
1188.96484375,-86.5265609853306,124.7986867236838,-85.58265247118383,56.34314711220894
1189.453125,-86.27036073975435,-81.3040439891536,-85.23153202254932,-122.7342798003772
1189.94140625,-84.64300319202556,83.51882417673802,-85.04516854995705,61.85949163900158
1190.4296875,-84.42524313363191,-109.7850951240676,-88.01984658413262,-106.2738266978704
1190.91796875,-85.28358791351978,51.78654636136447,-92.03561346142506,55.63470885955579
1191.40625,-86.09113337068918,-139.7138118792601,-90.48789737639682,-163.4890013999067
1191.89453125,-87.1156643233075,34.16181891099608,-86.72054924444703,14.55789366309548
1192.3828125,-87.71350304243201,-144.4581780360376,-83.19700380986771,-154.9224030298201
1192.87109375,-86.36408931554583,55.97550608522784,-83.91192942599851,35.67454811209737
1193.359375,-85.86777575053409,-104.4932994433231,-90.5595620315695,-115.1011995079508
1193.84765625,-88.12148486105401,88.91562685249315,-94.13039708777241,169.5767612823316
1194.3359375,-89.04441907334692,-85.64041490416142,-87.26146570536923,41.80249502060727
1194.82421875,-88.28176700960117,110.8253976696105,-84.62971045605215,-112.4233508941669
1195.3125,-87.01934503775237,-49.22683382266337,-83.4687286816215,101.7147621797614
1195.80078125,-85.94448325723101,141.2820605543345,-81.39072205009393,-51.5303144544713
1196.2890625,-84.35085115586099,-29.1633837215284,-80.552766810259,141.9529323267949
1196.77734375,-82.83965302540828,162.0360456680746,-80.76791396202762,-28.32803693012794
1197.265625,-82.51209590339784,-2.977064461326688,-82.26953407849594,164.8822020414289
1197.75390625,-83.88473423241949,-169.8393399164563,-84.83142717747427,13.59471067581109
1198.2421875,-87.89287325868952,18.50800043749084,-85.79594931157763,-132.7631419739067
1198.73046875,-95.01091480815705,-137.0090070870532,-86.9027844852976,77.98809147092878
1199.21875,-96.55455086707738,129.8232213707881,-87.19895177460762,-71.80031855759879
1199.70703125,-92.23130187649703,6.017037551014362,-89.49266736629149,140.889868774088
1200.1953125,-90.03182397876748,-144.3668943620215,-90.33720965531117,15.30645676332746
1200.68359375,-91.81888382982223,36.27282067535057,-91.42732599722544,-127.7460152794032
1201.171875,-91.56421916046534,-179.5942709238877,-90.77696236568329,74.66095625618493
1201.66015625,-89.61334037580217,-24.90142799998529,-90.33980188481905,-107.3093486317002
1202.1484375,-88.52078805898338,111.4293319592756,-95.39643127457239,109.6905594402442
1202.63671875,-85.19686549613101,-80.76265560096125,-92.88485946364275,-18.54407293769293
1203.125,-85.60098915608683,109.9145922176204,-92.94734451564521,164.5348124871448
1203.61328125,-87.27187674923522,-57.53324043168121,-92.15666786711685,-8.671248302415098
1204.1015625,-87.9161411731385,141.6522857467422,-89.62412185886663,160.6031041953478
1204.58984375,-89.26765162642651,-6.628820844484562,-90.0219774609545,-58.24400331861721
1205.078125,-92.01397791620431,-157.7867565731216,-87.21226466682265,75.20470016379618
1205.56640625,-99.09597911924017,57.23232937169433,-85.03465831703878,-110.242407559271
1206.0546875,-104.3403891911516,-93.45086015782279,-85.64544873543636,69.98620012912411
1206.54296875,-98.61033218755944,8.08325032640489,-90.67178421459045,-110.8462727777229
1207.03125,-91.93804559261763,173.2992919193344,-95.62997114724973,-141.3819697053542
1207.51953125,-89.40169198301753,-16.92274742344977,-84.80406889700306,54.73742021796157
1208.0078125,-89.42655875237892,163.4036811777257,-82.53341684764871,-115.7512906054639
1208.49609375,-91.08544727173251,-15.07289137324886,-83.48145525641749,81.85813146736966
1208.984375,-91.16863747084292,145.4966277467987,-87.9114785493126,-64.19020641312166
1209.47265625,-91.45216667950083,-27.90201733356416,-89.06088227458619,-172.071572420368
1209.9609375,-91.27918652056462,178.2564604308995,-85.30733337618321,35.15040083910188
1210.44921875,-90.35810994855156,-6.301448852076317,-83.1605858843258,-131.2472268592601
1210.9375,-90.98282616899371,172.8265809375915,-82.70335954726579,54.89074481537286
1211.42578125,-94.39204433588237,-5.282053920527776,-86.07319788268256,-124.4578469329524
1211.9140625,-96.4456338406515,103.0922194462324,-92.21586232212243,84.49297051137316
1212.40234375,-89.75203952256551,-113.9362645581417,-90.50584596246971,-33.35869923795119
1212.890625,-87.37592936004663,62.38471027151554,-86.79660449680799,169.7660794247528
1213.37890625,-86.53217249166576,-109.6434695061398,-87.92221411136303,-3.80301943519455
1213.8671875,-86.87357476190817,86.24903695041083,-99.72261095607708,-159.8901539750364
1214.35546875,-87.95183997241266,-69.12718262066788,-93.63442410359556,-159.2378549860509
1214.84375,-89.7554442343469,130.255341618129,-87.15713537451714,45.48083585755593
1215.33203125,-95.61791497949288,-8.060407521714815,-85.29846795112745,-120.0092892052198
1215.8203125,-97.59537238255683,-82.7899274483256,-82.55775425994653,70.04630288072248
1216.30859375,-90.85425742240565,168.486358253116,-80.52393477755632,-108.8857688946455
1216.796875,-90.0194385869171,1.345798292239098,-81.28549551948416,69.26803141093862
1217.28515625,-94.9977701012175,-178.4865813780548,-83.88159507291952,-109.6342634829018
1217.7734375,-101.0373965547061,41.00721520065623,-88.8856564474122,85.22784006910102
1218.26171875,-98.7952948407771,-46.82482251581877,-92.60585497194225,-17.06606590028251
1218.75,-97.0803059227682,169.0503232985562,-88.10678968546968,-166.2703274223047
1219.23828125,-109.8705587419172,145.2612226679289,-91.41599496759001,13.92357969383561
1219.7265625,-93.88390295072253,-1.609012008563167,-96.4344373361601,120.8863367135784
1220.21484375,-94.38696259537544,178.3517406120027,-86.98010493354374,-74.6654289348551
1220.703125,-94.53584136595302,-54.46856803949273,-83.42044681714708,111.7256098244755
1221.19140625,-88.44205634548155,87.64491019670022,-83.64599367572987,-57.7567196261404
1221.6796875,-86.11644854861679,-109.9866947830073,-85.95651357272759,147.3667741754042
1222.16796875,-86.29504314476181,57.0863727341207,-88.62638061089905,13.24460221876355
1222.65625,-86.33645138044129,-134.5922561544639,-86.79604314264597,-108.2534512810581
1223.14453125,-84.72646572132015,33.35510944993256,-83.41328512368256,88.06516611626967
1223.6328125,-83.28981228160529,-161.5388984399983,-82.07584465918877,-90.84028377140912
1224.12109375,-84.49924038790427,9.596792730441047,-81.67419444839749,88.19853757122047
1224.609375,-86.48180309838591,-161.1828934566676,-82.24379874015078,-114.3137576704075
1225.09765625,-88.62053565710654,28.99013675867906,-82.55277786466614,38.74115244351967
1225.5859375,-105.7968105809275,-159.5312056223285,-84.88155903266255,-159.1314655357972
1226.07421875,-95.66767808678519,-123.6509664332553,-84.67682802885163,-9.918050407533709
1226.5625,-93.21892468145366,95.89538565835188,-83.31102114519146,142.6712430547507
1227.05078125,-89.53201784120816,-71.77060967703554,-84.12122031953564,-71.98427175902775
1227.5390625,-87.9264706901388,98.24870954824539,-84.38760391400123,84.68988195398994
1228.02734375,-87.98578951337895,-102.7139706868634,-84.4192535083681,-96.67362408328883
1228.515625,-87.58223958210618,49.18336890021607,-85.58755182444513,67.0087527409395
1229.00390625,-86.38294700074111,-149.3459420195857,-87.32486100337886,-150.01660953565
1229.4921875,-86.41925716263997,17.5418369465089,-88.19735835139943,-0.960936342636216
1229.98046875,-89.96962864009103,176.5864955568981,-88.84819341728692,164.5063313582533
1230.46875,-94.42745294294622,-57.10338495125511,-93.95387842131349,-57.33499827027853
1230.95703125,-90.99787559823616,100.4011006967047,-88.28892920815952,71.18663425719869
1231.4453125,-88.30217155419274,-68.30176551323339,-85.68012373528819,-104.8145015461864
1231.93359375,-87.52431266551244,116.2384396290005,-86.54013709977787,74.70879753697766
1232.421875,-86.75322695764029,-54.47779590484289,-89.70941567304662,-92.12141599173169
1232.91015625,-84.19301384041673,138.3835109318063,-94.68259970922226,132.0850931354601
1233.3984375,-84.01575348991095,-44.33477748937208,-101.7834190860011,74.73739615570828
1233.88671875,-85.95954487467569,132.5469471789023,-91.74225324491402,-44.44446514321684
1234.375,-87.62890295905301,-44.39979830713946,-89.65527907003016,168.6726692267535
1234.86328125,-91.78832689845362,116.7867471248087,-90.33524884018433,33.90966253386343
1235.3515625,-94.98281133600058,-90.0668490029598,-89.11039131502322,-91.53107498774634
1235.83984375,-94.73210054091015,126.9199108436148,-85.99344692228985,109.6320327241393
1236.328125,-90.22405172166802,-31.12290070201223,-83.979707054285,-63.1196085270994
1236.81640625,-87.18370255393758,151.9100681676556,-84.55206930749975,122.2284011609256
1237.3046875,-85.33645915955711,-12.76774389517075,-89.84386669716292,-50.10983635130765
1237.79296875,-85.25078671436134,177.4611323114165,-93.64931481694634,175.9617312099621
1238.28125,-88.14022354000132,-22.62365769743316,-89.72807723939546,5.792960417331758
1238.76953125,-88.50137900325501,119.117056641853,-89.12959648499867,170.2310449587422
1239.2578125,-87.98203227959405,-90.10135988481845,-87.08759115438613,-39.6861313434414
1239.74609375,-86.23779042305932,67.45791274261109,-83.66372377696499,127.0183154223743
1240.234375,-85.39096321766684,-119.519589136258,-83.8540201288982,-48.06312587157529
1240.72265625,-87.37110556270709,51.26022954154208,-84.99023067012746,154.3137925583971
1241.2109375,-91.28344861438077,-152.5013393294564,-84.03315184832312,-6.971854680603739
1241.69921875,-92.05126133200608,-10.45765986809664,-85.13905634773977,-170.0075739805753
1242.1875,-90.1191221978109,143.1525230682767,-88.3840115920202,34.03140782298045
1242.67578125,-89.25703377654693,-58.04159198106029,-95.91149729272661,-112.8284701127722
1243.1640625,-90.4198892211278,104.2209972477897,-93.80568296345722,170.1159019499704
1243.65234375,-97.33696364666505,-113.2156705169236,-89.45717432324815,8.536202634558085
1244.140625,-94.8101182177635,-43.82284206381149,-87.71688013669028,-164.4903595023973
1244.62890625,-89.2651347423154,112.3384040294002,-86.91609856830139,12.44722792009648
1245.1171875,-86.93814581676125,-56.51552694803213,-88.53218250422812,-176.2771841933073
1245.60546875,-85.8767141783778,140.7013842059482,-91.72516715350055,-23.42425828519273
1246.09375,-87.91838433023285,-36.70373506011204,-94.63295087731204,102.8663721110804
1246.58203125,-92.51933366603888,153.8016379853149,-96.99248875862379,-95.20414724105407
1247.0703125,-94.60941305313855,31.70224328130921,-92.52560436980347,130.0272663427847
1247.55859375,-90.91882560013843,-101.2424796790189,-87.27914578902843,-54.23472764186722
1248.046875,-87.45420370052346,89.80421052875488,-84.69349494689048,112.5711904153965
1248.53515625,-84.5585920187828,-100.1731381000426,-83.58827634019795,-84.91631792961957
1249.0234375,-83.67172710032774,68.09146017169077,-83.694628151431,66.91479967037938
1249.51171875,-85.2381128960171,-125.8977848495027,-82.20962758869589,-140.4524984381495
1250,-86.10860448399249,42.22136878099553,-81.00021109842481,32.80856140655681
1250.48828125,-88.05336106682597,-148.0835317846847,-82.53807387333906,-148.9271962133163
1250.9765625,-93.08485416972047,-11.15323297054167,-85.53341946325816,21.31676228881946
1251.46484375,-97.28595339865433,67.11596457601597,-88.8579376047235,-166.018995348404
1251.953125,-86.90217537905016,174.1410973942187,-91.07205750781146,0.5461601554004591
1252.44140625,-82.99855533550817,-19.40083967111,-87.98740264239457,156.5586687961887
1252.9296875,-82.50172035930947,145.3313299337545,-85.44550490495185,-23.45431037467854
1253.41796875,-82.44871257817537,-50.5802856514334,-84.79189308268514,175.1233381864783
1253.90625,-84.72673681733548,122.0069837053094,-86.64879782510374,-14.99434900048235
1254.39453125,-92.54300430223864,-51.91845941403883,-86.00546023297429,114.683825936253
1254.8828125,-95.98501000266133,-130.1662668758611,-85.5636409458175,-89.06852642425572
1255.37109375,-90.5655230318979,79.9280445290689,-85.89620948896105,70.27046652325929
1255.859375,-90.36302283473754,-76.99744998822308,-86.07644017290907,-114.378021976514
1256.34765625,-91.8897710186165,135.0704037082736,-89.89182270701171,75.65017162478134
1256.8359375,-90.72448516350818,-9.137005181182829,-92.73963687717513,-68.09247143689184
1257.32421875,-88.84816687036773,-161.258946799527,-92.55519155260487,140.9520430526377
1257.8125,-87.60901580355012,53.15818200772959,-93.24581282704573,-6.970865051919089
1258.30078125,-86.31143617357699,-101.3795378424677,-91.57867203364597,-176.7605403750868
1258.7890625,-85.4699337697712,85.39156992245276,-90.69224599926761,-1.520619757723009
1259.27734375,-84.98198856753611,-95.06230041279103,-92.53505257801814,164.5155907834152
1259.765625,-85.92182500934004,88.0640470622765,-92.87466264523565,-45.30691518193719
1260.25390625,-87.51540503222219,-89.63438679366726,-91.05190375652838,130.5288456103996
1260.7421875,-89.3913982714526,90.0763209123356,-91.30521032829336,-23.03448407196705
1261.23046875,-92.08300148391494,-68.29968082706363,-87.92761812305483,-165.8986621182881
1261.71875,-93.04392766403075,139.1095855333722,-84.0104569102631,13.96841513157587
1262.20703125,-96.82650635581057,-27.02417592445305,-82.27340147167935,-177.3080478223485
1262.6953125,-96.24331471770836,-176.2183962965615,-82.64867209773064,-7.301191584026316
1263.18359375,-91.69397069185842,6.979203058168125,-83.71282238349166,162.4463148618957
1263.671875,-91.05232152178127,174.9802509168172,-84.37272806705856,-25.35761229827977
1264.16015625,-90.26497322463342,-23.48828648802401,-86.04502720943705,153.3510040662686
1264.6484375,-89.8703064136829,155.4069249792895,-87.56003833799269,-17.65487505015264
1265.13671875,-93.84919574410048,-57.17027622409896,-87.83778635178382,-176.9319570908582
1265.625,-88.14808803703671,55.95929890510197,-86.9337075752607,44.14931676415952
1266.11328125,-84.59558231191828,-148.9664817705211,-83.21439257797374,-114.6283965253809
1266.6015625,-82.2925139160466,11.69146432994667,-80.98038882510893,59.26663338506496
1267.08984375,-80.63923809550347,-172.0843929776169,-79.22461430752367,-131.8631589742009
1267.578125,-80.22655878467509,12.74188507228949,-77.93448761971666,38.47864188905707
1268.06640625,-80.1785508486593,-153.5927379080367,-77.96502157706966,-149.6244589843936
1268.5546875,-79.30210048051885,43.78326073844461,-79.58621493374554,27.39058792200588
1269.04296875,-78.06078839561178,-128.0000566755516,-83.15106356309725,-154.8338205724949
1269.53125,-77.95808748100093,49.78242949461451,-92.76252959878563,1.757373693471633
1270.01953125,-79.54343982252466,-141.3361467055202,-90.78245317016436,71.10026664935306
1270.5078125,-82.27343843023759,17.73814237241397,-86.91283483500341,-108.3426207762559
1270.99609375,-85.06002723462899,172.1328968790013,-86.84735127811224,73.74270050903517
1271.484375,-89.93109838271781,-32.2442118281825,-89.89176612401408,-111.6089798259569
1271.97265625,-100.9767454895206,72.47234118450645,-99.27391084482568,50.00865522722546
1272.4609375,-93.94407670131271,154.2862941704276,-97.62244684821542,148.5929760736017
1272.94921875,-90.97202129530666,-42.064959326988,-92.80817459570682,-47.60082012178753
1273.4375,-91.63061142314993,132.0180314315656,-89.24036792022332,103.4104290686525
1273.92578125,-95.9450571660858,-44.15744850818018,-85.80975910686554,-81.43519796799684
1274.4140625,-95.95914549877683,-132.3012657220074,-85.39755816843584,106.0949829115442
1274.90234375,-89.11554033377159,55.69314668528163,-89.84013167201451,-71.6416147353906
1275.390625,-88.83066778536103,-135.0173009784542,-104.2216815639213,-101.2664444348186
1275.87890625,-94.05293354862101,12.97231089674421,-87.66273377511692,101.9047421134816
1276.3671875,-89.85131259257977,118.1748013995549,-84.20758322030274,-73.79151022866101
1276.85546875,-84.59956281455142,-74.98736923064742,-84.23272843167518,98.16006759795624
1277.34375,-83.70508521298406,102.0170756014372,-85.74973839868716,-95.43963431136413
1277.83203125,-85.94085886160072,-72.29539369117684,-87.71281002820017,85.58235275463473
1278.3203125,-90.31701495307304,109.1246616369996,-89.06694134809705,-84.28428449509255
1278.80859375,-95.97522272338905,-123.3598316900484,-88.1841597235034,118.6168006992322
1279.296875,-91.40522962800107,5.126707948684394,-86.11920874411786,-37.45698454700561
1279.78515625,-91.08880233240748,-170.264810779735,-90.43737663784367,144.3932998657707
1280.2734375,-97.92099799881638,58.4791301777077,-93.37688812126912,-150.7969164811429
1280.76171875,-93.20697761332872,-12.67152554076645,-85.72525381180348,11.11130405642663
1281.25,-87.82247095382087,-178.4327760314381,-82.92990964433088,-168.4768981150714
1281.73828125,-89.92270680886504,-7.851106782664865,-81.97115772531548,13.91895533081061
1282.2265625,-101.3016141518928,58.77499533497594,-83.35787472033651,-167.6024505348171
1282.71484375,-87.34489594471576,-175.0094862656318,-87.19970859779235,19.21590171300824
1283.203125,-83.2387035207415,-6.589578229402573,-97.31883998440077,-125.7370909752145
1283.69140625,-83.41051028591968,160.2451853919733,-94.43906497507896,-142.624606589078
1284.1796875,-87.01295764121033,-47.01699760001408,-88.71484439784625,49.51865542110377
1284.66796875,-86.95553713795725,81.19597124846952,-87.27389474219179,-134.5751450455804
1285.15625,-86.40956352994709,-131.8507581456385,-86.64846739060457,64.30079878511349
1285.64453125,-89.72756636310652,2.209813716728093,-86.12089340451291,-87.56203727960037
1286.1328125,-92.15967260758066,122.0551259802592,-88.09913684225637,103.1012703950189
1286.62109375,-90.18983016292738,-98.38447779601898,-91.33837537809802,-89.93446734738868
1287.109375,-87.39395012763845,84.77467407743262,-92.95156007326334,65.05549348445281
1287.59765625,-87.09713208716758,-78.66820988087932,-97.05834907106865,-148.9603914952354
1288.0859375,-88.67858790745495,136.5871198192257,-94.23251910255935,-45.00326036018201
1288.57421875,-85.8544163069091,-15.41169274159896,-92.43544515958752,123.5541547155045
1289.0625,-84.36114168810209,173.2549276899127,-98.50055401347694,-52.90190465670949
1289.55078125,-85.1989324893505,11.07000278044529,-103.9753261787806,89.03667558043641
1290.0390625,-85.97886959829125,-162.2070649735363,-98.66959753364826,171.5875452534366
1290.52734375,-86.56572756529853,13.3851774692759,-90.93548249816425,-32.13663498088992
1291.015625,-87.71027143428068,-162.5541098731133,-87.4728400928128,148.4222934164983
1291.50390625,-89.88739664215009,14.19091787103465,-86.18005021957613,-30.03434791678572
1291.9921875,-92.01360942279717,-172.369401473851,-85.86906254707787,145.9483273567716
1292.48046875,-91.41193529468099,14.95085193558009,-83.9891105207367,-36.34866137255018
1292.96875,-89.08395964582579,-150.4254450519244,-81.22334241482348,155.5749802885646
1293.45703125,-87.08239675538918,43.82243621785378,-78.81131110217811,-12.85539522729314
1293.9453125,-88.21613567213555,-132.6558232295689,-78.22481130662777,169.4911182509109
1294.43359375,-95.03894932110015,52.8312602538696,-79.09583968897188,-10.78283219402506
1294.921875,-100.5245222335947,-25.82513786993417,-81.94780637220285,171.1442202095354
1295.41015625,-90.11636162988293,-149.9837949748947,-88.31957820399681,-14.56008938946579
1295.8984375,-85.7517540310149,48.66266703695597,-92.82765240347993,131.9270860269195
1296.38671875,-86.78508415587969,-123.8360102192048,-92.07951548265207,-68.28020484883983
1296.875,-89.6500130235122,72.75155729142951,-91.46184703915473,104.6400750929409
1297.36328125,-88.24820274731783,-89.12508991991533,-89.9828425732818,-69.71140362990222
1297.8515625,-86.3506887924683,87.03722262429764,-88.65626492126252,103.1821203536032
1298.33984375,-85.90242541574858,-90.81523357094834,-89.03967906929176,-102.2113003231267
1298.828125,-86.12253305616943,98.78723775860688,-91.48975716130487,64.954916194012
1299.31640625,-85.38554058847097,-77.87886117938577,-95.95027043700279,-90.34872249148104
1299.8046875,-84.49291348541669,117.1743489676359,-101.6352771011603,164.1042318500428
1300.29296875,-85.16069320193674,-48.17521588078872,-89.76851852391269,36.17830928157019
1300.78125,-88.384371061873,104.3557115137118,-86.32804305197739,-146.2015380315488
1301.26953125,-86.79297361434448,-132.5211737876299,-87.62815034637265,48.3143594645849
1301.7578125,-83.31360680035758,9.560051918662634,-85.91392028951431,-106.5138521326039
1302.24609375,-81.32483483792457,173.240463459442,-84.48748809855287,81.93849069191366
1302.734375,-82.68343717102249,-20.27067979566533,-84.08999459461769,-86.52398125341193
1303.22265625,-84.72489576328441,127.1601565759342,-82.81849928430881,99.34737482653405
1303.7109375,-85.20376175868064,-91.86734642307128,-82.90934306112294,-73.78839794987339
1304.19921875,-84.82473225639433,66.91809079587928,-82.82463021582441,129.5627844896661
1304.6875,-84.42210713925721,-108.2181696140297,-80.66538932330141,-35.9315290141909
1305.17578125,-84.30542101017311,81.11382985058989,-79.96568497676759,152.0886228131275
1305.6640625,-85.03562164409053,-84.46989213650588,-82.0231320520183,-13.87676924157449
1306.15234375,-86.24041036257219,122.4779417802347,-85.63091584863778,-169.0878170771205
1306.640625,-86.54664684414733,-19.6264057809616,-86.41453651790189,39.60506884275168
1307.12890625,-85.08488322460408,-177.7420112044022,-86.47492409487212,-114.0911476174172
1307.6171875,-86.34032950198035,5.465902778752612,-88.61631838036973,85.78358348540601
1308.10546875,-90.29639389493376,169.5682102438904,-94.5652062608612,-130.4516297929482
1308.59375,-90.59379881820894,-63.28993237701074,-92.32564842962164,-23.25666571818031
1309.08203125,-87.8248177754889,81.68012129275749,-89.51538475674225,137.9956481731361
1309.5703125,-90.93757348069235,-104.2704492160468,-86.60062413316341,-39.79568571449607
1310.05859375,-100.5420087723709,168.5665556206671,-84.61202297535422,133.711639167911
1310.546875,-97.84406023045166,32.82440048629724,-85.63599615957779,-43.6870285114012
1311.03515625,-116.733150233912,24.90181456889064,-87.62635080757849,145.939319386784
1311.5234375,-93.62763599184106,-135.3393870361236,-88.04104423401634,-61.4295110335066
1312.01171875,-87.05261807125696,46.93964550918457,-87.50132983386754,94.80820319717077
1312.5,-85.33970896366614,-137.1191882526819,-88.66108742160229,-84.72479498913735
1312.98828125,-87.18055458571611,29.78039114996411,-86.83944797071533,89.25939367837708
1313.4765625,-89.7298598622925,-175.9837746395399,-86.90450607071197,-92.3410496631908
1313.96484375,-90.23667148555683,-13.86530094694397,-88.95531291030359,135.6029590840119
1314.453125,-89.17486032930645,177.4179194003713,-84.87841244663721,-17.16357403266652
1314.94140625,-88.26607826197795,17.7451473405384,-84.20951511393319,158.4902806886435
1315.4296875,-89.82438606151156,-136.5143034140914,-85.82252200301363,-28.48310252329479
1315.91796875,-91.50005170494001,96.9059932127327,-92.01519955657082,135.1282606552808
1316.40625,-86.15193132114038,-25.05928885364929,-91.61036520464214,-146.1940764987077
1316.89453125,-81.32382058619457,172.1649748420218,-85.20570930258508,7.75042029989195
1317.3828125,-79.46879918364958,-5.854764192817647,-82.52627753374973,178.8473196935483
1317.87109375,-79.31802785911667,177.3691570872319,-81.06159376754917,3.846873320062331
1318.359375,-80.83660025609406,2.63180671445562,-80.73787968307792,-165.3271480150409
1318.84765625,-84.10347541300129,-178.9013138943903,-80.98116311689077,27.06707556209262
1319.3359375,-88.81847925974832,3.642071609010224,-81.27907800791347,-141.4661943294425
1319.82421875,-92.91269104154847,-156.5117617845263,-82.07613059422027,53.63379402961414
1320.3125,-98.16228082891526,68.19137236540455,-84.7696003788255,-113.0856744813884
1320.80078125,-91.51446836943256,-46.26833750894906,-90.54765715622402,70.41568099855925
1321.2890625,-88.09609357331696,133.1219450523175,-93.73594776474329,-118.5759798319544
1321.77734375,-88.3622942892745,-48.38116693971882,-93.86766850639765,68.38991962560691
1322.265625,-93.03678384607578,129.4388153836011,-91.82122693092332,-88.77793063724427
1322.75390625,-102.8366583764988,178.7451480946156,-89.84982640594032,89.45855448823221
1323.2421875,-91.45607059709312,-17.87941920501441,-90.44847168108726,-109.2929131762914
1323.73046875,-87.62750941682739,-178.3459000220095,-95.61579074595981,52.48719588552348
1324.21875,-85.61265782384527,26.79833611456715,-92.26491139981624,96.90368269152029
1324.70703125,-83.43704304321874,-130.467674083701,-85.07621732267035,-82.22429903750661
1325.1953125,-82.16208477118275,55.71467164127269,-86.35950346144205,96.47020573473938
1325.68359375,-82.90737913354761,-121.8162765593885,-89.86818997666072,-109.7323386019772
1326.171875,-84.59661101765063,64.18142234649856,-98.54092004891199,25.54550338961151
1326.66015625,-87.84967773723918,-114.126914819439,-89.35293051202065,84.65597921945241
1327.1484375,-91.23793242010862,76.56633985562216,-85.38423173665177,-99.65458781713231
1327.63671875,-90.86257872687683,-71.86894986818295,-83.98980255580157,80.51357168044397
1328.125,-88.78965653080076,135.9318537385728,-82.45289698257301,-107.0914284678678
1328.61328125,-86.24608276151892,-34.18802559013157,-83.23964409614332,55.41431985797779
1329.1015625,-84.22271596311042,146.238744518286,-84.39175021494712,-146.7520555357275
1329.58984375,-84.37398303648382,-40.07248161425589,-84.09006978158102,21.51599127625533
1330.078125,-86.55331771879837,135.0883306257693,-86.23468414500809,-169.1462955357454
1330.56640625,-90.21378958630343,-38.66608662019969,-92.75557070045275,-1.561759576808786
1331.0546875,-103.64512284781,135.8742652075443,-93.93933310833765,-144.6571711725904
1331.54296875,-93.60640673217694,131.2962489435154,-90.7021604998564,44.33609052737144
1332.03125,-87.93442878271021,-48.40917451868086,-90.33238083483019,-174.8486084436426
1332.51953125,-87.65017362661956,137.8099163395272,-84.69396410061081,-21.54583907288843
1333.0078125,-89.78251193732179,-52.9305090633701,-83.34777425278587,149.6897347029619
1333.49609375,-88.6316745191321,110.8019252275855,-85.24235235330154,-53.85542122645065
1333.984375,-87.05481552779588,-71.50845962632175,-86.39925216108672,91.89592241448536
1334.47265625,-86.84095030279289,117.7979860425393,-86.7054704010676,-127.7727250163988
1334.9609375,-85.20635070872977,-36.6757211331299,-83.97544080213646,28.30814288745606
1335.44921875,-83.99493001106954,161.627494316537,-81.77111714754051,-154.114454738701
1335.9375,-87.07025481566419,-10.16198415057887,-81.34157552894642,28.69394686655238
1336.42578125,-95.2455661540528,172.0097479226872,-82.42151050233046,-137.1068042354854
1336.9140625,-102.1656901964908,-17.55354517551047,-83.79403825970587,60.16270540278926
1337.40234375,-101.7432376373273,-165.6571042730203,-84.5534484498277,-110.2069532320312
1337.890625,-93.34895713288846,60.27148480591361,-83.2830806831666,80.83240716400047
1338.37890625,-88.91572817827463,-116.4922266686978,-82.56893931918903,-99.30340313150987
1338.8671875,-90.08636219123547,59.13210144677262,-83.60405128426513,67.06034263610584
1339.35546875,-97.47610157308537,-148.5659035804562,-85.85336957538361,-123.7033144677791
1339.84375,-97.09570708428635,-30.14973285937322,-90.85505696148286,41.72759668322148
1340.33203125,-96.26955977087204,154.2716856294921,-95.75118719366601,149.6161108318078
1340.8203125,-94.26985467985433,-8.064467327669922,-91.02193453368841,-74.41766388166513
1341.30859375,-92.36710954103769,-164.5285829819719,-93.21673976330186,111.7670528813374
1341.796875,-92.08062776120582,66.53668597630933,-95.46322361429092,47.69110541877184
1342.28515625,-89.28093847681828,-90.64341568991765,-87.06741096678824,-114.913800375396
1342.7734375,-87.23521774771794,88.73651155639115,-85.02736334869978,59.07458796156745
1343.26171875,-84.29389200495365,-83.96707563754541,-85.73251627050411,-111.3254301504635
1343.75,-82.39867928641873,98.35050586721162,-86.34770464532659,99.24766307279023
1344.23828125,-83.57332552269222,-79.5602507606004,-85.83216106270237,-60.42617891259822
1344.7265625,-87.45661872587242,110.3067152901371,-85.46833243414214,139.0231255983999
1345.21484375,-92.16651116393385,-74.29798678265213,-84.70169246117651,-27.09423582357002
1345.703125,-95.8936366478958,50.12262269541872,-86.11602878541574,153.9155148970362
1346.19140625,-90.7258063824885,-164.2911903760227,-89.53788307522092,-27.89524930158547
1346.6796875,-87.90141857615652,24.72587014944637,-94.30868786819482,147.1433381606097
1347.16796875,-88.14391760878677,-148.8571304557614,-99.06697162283334,-57.26719718535259
1347.65625,-91.57838652431572,18.63430503211015,-97.53673743862683,74.23078556315778
1348.14453125,-99.15856691283497,114.2531462019744,-93.49701316857347,-141.9936344388591
1348.6328125,-88.51078550414734,-126.3165598442417,-91.4566872956234,8.042687926694873
1349.12109375,-84.13763109572903,49.0641600144814,-91.83177163303016,162.1881135535164
1349.609375,-83.52674456754231,-139.6690138285938,-95.13948656076964,-42.73747424657595
1350.09765625,-84.24388711704346,17.57338480296613,-94.89338825713421,67.33478559588499
1350.5859375,-84.63138102117755,174.8778620655095,-85.9653776895742,-141.5231046907743
1351.07421875,-85.4496979460118,-24.13705477884385,-82.27768998180174,27.13435439278573
1351.5625,-87.10934805549931,149.0305105550533,-81.34543508064741,-169.2830051928933
1352.05078125,-91.98857801720143,-14.72898473715025,-81.10220917670293,-4.233452204047851
1352.5390625,-97.14637965892194,-165.7565711293938,-82.83312014186635,161.480516931485
1353.02734375,-96.32890496697834,19.00285261614558,-85.33586128066747,-48.50229702425698
1353.515625,-93.77904139621847,179.2103791918744,-84.79402455006121,110.3297048307123
1354.00390625,-91.72089815771454,-29.37016595293176,-85.12053044274806,-74.24992547301333
1354.4921875,-89.51715375234411,134.8478050471769,-85.15547812577029,110.3868178767077
1354.98046875,-86.7918416005009,-57.56265243252719,-83.70906808827569,-51.005119979192
1355.46875,-85.40966945584077,116.6672770392588,-83.58798334409815,145.6303559039708
1355.95703125,-86.28328376905787,-61.82132994874094,-84.76999653706103,-24.00570537576987
1356.4453125,-89.61088461129505,126.8721793202271,-85.96771840511525,169.5714196253365
1356.93359375,-92.71187120274314,1.126312867937376,-88.07782233880357,0.1340353475247558
1357.421875,-90.6335450693382,-152.1072067489369,-90.57369099985409,166.1741127131084
1357.91015625,-94.27235252266635,26.46688287636305,-91.06681957468011,-26.70662273067807
1358.3984375,-95.65042866232193,143.2497819623189,-93.20603091859522,108.147584171415
1358.88671875,-86.00164733492193,-81.42396130789724,-88.13325109965879,-112.2048077660618
1359.375,-82.06728973596589,80.01090215350153,-86.98288194958701,56.25220940798108
1359.86328125,-82.29637909685196,-111.3918069610827,-88.14507108234096,-155.8385776573442
1360.3515625,-85.1389740893182,55.36521454094395,-87.47289810634626,-27.68228133079586
1360.83984375,-90.33897900071251,-169.5943504975588,-84.24939163186684,125.0661514370735
1361.328125,-88.48120181043976,-75.30269873456197,-83.1937316136877,-65.75111068817863
1361.81640625,-84.57707366190611,70.26244464004742,-83.9380479408843,93.0800822957993
1362.3046875,-85.15142975070133,-129.2737039993411,-85.47727794108566,-109.9985816427792
1362.79296875,-88.54403597949539,8.247933129378879,-90.15184520341353,46.23582608257249
1363.28125,-87.05312341652328,137.96925428751,-95.10084280443566,162.008907907154
1363.76953125,-87.5838341165983,-77.84946305565389,-95.70702664794689,-64.77671998580674
1364.2578125,-86.89592086666832,58.3229666129624,-92.86250991716165,60.42760545036739
1364.74609375,-86.4282038581336,-137.2349702161315,-88.16444999513321,-109.4076061405514
1365.234375,-88.85794490696703,40.96519262899522,-86.98834436454761,101.8554753689113
1365.72265625,-91.46509779006868,-113.3319914787952,-86.77693400335328,-60.33536897501484
1366.2109375,-88.04282151074241,85.88749609773633,-87.57185491900779,119.2360015376607
1366.69921875,-85.67173752099551,-104.0853498336727,-90.19633148641958,-63.81705771616905
1367.1875,-85.15836708983308,66.89786618758302,-94.24053902655599,120.9537615421681
1367.67578125,-85.49604523577005,-126.9784504481891,-96.73745909951023,-45.39655053673405
1368.1640625,-87.65522569052226,33.65059182427757,-93.12988623308806,146.4431265161166
1368.65234375,-101.2773017472555,177.6753888473313,-86.40491104837176,-32.67697576455799
1369.140625,-91.94582667482976,-109.7423917160738,-83.32156791133322,141.6454424096817
1369.62890625,-87.45478304447721,76.33208479564853,-83.51740386976518,-47.91862168098795
1370.1171875,-87.2990919647803,-118.9701368989771,-86.78255958665895,125.5340556995169
1370.60546875,-91.66508834229009,42.01235937113942,-99.15149995007457,-77.56661893974571
1371.09375,-97.06586879406183,158.7647149281991,-90.00381590831304,1.476635708136105
1371.58203125,-89.70841928821028,-47.94723864422262,-83.74323238120908,-173.8428943176221
1372.0703125,-87.06952654800077,115.3119586517789,-80.75573344210936,14.66445036311018
1372.55859375,-86.04381383758719,-85.43704991173978,-79.13775363100591,-153.1661369116501
1373.046875,-86.81434593497399,87.66362563692151,-80.15739873124274,37.16283720721611
1373.53515625,-89.60797503061656,-100.3058634796618,-84.42871478025685,-138.2664251582105
1374.0234375,-90.2007868790834,60.05677703367902,-90.12448563134136,26.3082289394019
1374.51171875,-89.08246012602436,-135.2776559384885,-95.3167246033088,177.1475395342052
1375,-90.97584122827891,37.09301666496617,-103.9990146740173,32.29880374756242
1375.48828125,-94.84747415456062,-167.3875976772317,-94.36304678716739,-109.7192044004125
1375.9765625,-91.80809502524143,-33.34182836944291,-93.41781227705033,48.46171644063567
1376.46484375,-90.15685949441865,135.3256192139677,-95.99853726925514,-130.6351256940743
1376.953125,-89.23138306482188,-44.8144222186927,-94.54608244302847,92.03933774929672
1377.44140625,-87.91929778608809,124.0494700999685,-97.12098373370245,-98.93514177154209
1377.9296875,-91.83065632793807,-76.53899093328036,-94.535831196595,38.50586986569097
1378.41796875,-100.9198189356555,17.96904768496801,-90.9434966304206,-137.5040232246093
1378.90625,-92.08142256557942,142.2883782248927,-90.70228091293843,37.38941469490289
1379.39453125,-85.73223873348,-59.23159899288656,-90.2527668896372,-140.9713568569042
1379.8828125,-81.6576501364829,97.9544427866055,-86.15023669134314,49.32103677194199
1380.37109375,-80.98773373581771,-96.90801714045755,-82.11216110397019,-122.4490458815656
1380.859375,-84.72396331320958,73.91020147584126,-80.38791854367304,68.6140322352164
1381.34765625,-93.72492160200005,-140.9201519996294,-81.10373523985513,-110.6269883527222
1381.8359375,-92.00845472581507,-47.05751148674818,-84.08105937860648,51.99783835369282
1382.32421875,-93.60375255459118,120.8918001908513,-88.00090940838844,-145.1547718871302
1382.8125,-97.80710235142506,78.13477750384295,-92.4048096408408,14.26649368872196
1383.30078125,-87.3231047479394,-87.20485051564052,-91.87641801672714,148.2789451117896
1383.7890625,-85.15220790526126,103.1361592162546,-94.03776523114045,-40.83884008352555
1384.27734375,-86.6641016524911,-60.30791437709943,-99.76209158226703,143.1947561996937
1384.765625,-91.21679978239528,128.4137304756056,-99.59448853525701,-88.62622214616431
1385.25390625,-104.6763587868653,-102.20298788334,-102.7425593038751,38.97564129668889
1385.7421875,-90.86915093631148,-30.26309862283118,-103.3528942325848,142.3071538535306
1386.23046875,-85.66841702977122,157.8666866662544,-94.19181439462436,-40.07909853487766
1386.71875,-84.95890552503133,-9.285841407078063,-89.78922199197325,125.7529015237199
1387.20703125,-88.97454805952037,-179.7931486942188,-88.94189627115435,-52.07990883867102
1387.6953125,-97.65092860770281,90.78243585059664,-86.41193048541638,147.5428703221254
1388.18359375,-87.40638427883545,-50.41681005409748,-84.52477386944065,-33.15551152425761
1388.671875,-85.60576886381642,136.7615538448788,-84.04854663840239,144.7050793356846
1389.16015625,-89.47021008465197,-23.41850512926111,-82.55069075018001,-30.35660470448621
1389.6484375,-96.93694378038556,-161.0512892343543,-81.00699473194322,148.6200544487225
1390.13671875,-99.04627736542292,80.17428513974302,-82.15201688659621,-40.48383950497206
1390.625,-103.4500265009146,-93.02446343678132,-84.91982920266841,129.8791782130311
1391.11328125,-95.14495606487792,-56.52060301902675,-86.96852583732606,-48.60833320368232
1391.6015625,-88.54830357558779,128.0802328170537,-92.34278316751053,130.1870187664703
1392.08984375,-87.93496775045068,-46.913520735277,-97.22963785387917,-123.474722779089
1392.578125,-88.42281457200266,123.9954679978993,-88.89928135892009,48.88277067316442
1393.06640625,-89.06355680385182,-49.74494834390391,-85.30267732521938,-128.1599265299044
1393.5546875,-91.69919771797659,162.891814354397,-81.85322239644088,41.56817259980821
1394.04296875,-95.86549709451732,21.84339714894313,-78.86309068567255,-147.2305924109347
1394.53125,-92.44284630392001,-141.1055484873703,-78.59199606651605,29.33583058148262
1395.01953125,-87.05519465771113,48.8046458280166,-78.61728248053738,-151.6923719675762
1395.5078125,-83.73812148245935,-114.0338924265547,-78.03386159233456,25.90815647639106
1395.99609375,-81.76889842741599,68.4665614062796,-78.95434706902134,-155.7880193297857
1396.484375,-82.59632966100996,-113.6684604227467,-80.72046417752478,29.68960829592388
1396.97265625,-85.47888769230454,69.66919780434968,-82.11240867563515,-142.7716046487823
1397.4609375,-88.85381295508765,-118.4192107302845,-84.08910833726122,50.05558665913493
1397.94921875,-95.04130267250837,51.50998881484199,-86.56430129243853,-93.01131462516867
1398.4375,-99.18385770022532,-111.9594109119997,-88.45210918761367,130.102253893311
1398.92578125,-91.39156083040042,75.52974832282489,-87.4717198902934,-22.16478461052946
1399.4140625,-86.51108763912646,-75.42177080815905,-83.93983398739293,172.7978423440221
1399.90234375,-83.2659347928126,133.2958406779259,-83.73968329680636,5.463231231426492
1400.390625,-81.7806222379018,-28.78779293263836,-90.42339417715078,164.1261739017785
1400.87890625,-81.25826862846603,158.9962330854097,-88.0829761159724,-92.16752261595065
1401.3671875,-81.89701370839521,-17.7588297849078,-84.98206362297924,78.54231337832715
1401.85546875,-84.14000695332845,171.5252093379325,-83.07201427118218,-105.9899672818376
1402.34375,-89.02242628430452,-2.029995518996552,-81.35000486642201,82.29511129106609
1402.83203125,-96.5687213509778,142.9336289161953,-81.58065638043612,-76.1238870960178
1403.3203125,-92.39487351388321,-75.10377308177843,-84.50068625320839,133.4375312090754
1403.80859375,-88.33532721938815,95.02660182978235,-89.54879146280439,-13.55902887714854
1404.296875,-87.80316727239651,-88.44718881720696,-96.28255404895452,-124.7630893816089
1404.78515625,-91.2576800649185,91.77615673715376,-90.40703193983609,107.4756679863234
1405.2734375,-99.52486859902334,-156.1552549973707,-88.33092761649465,-66.96515717593194
1405.76171875,-92.13650197382452,-43.45919667055901,-88.22128877734485,101.8180116977772
1406.25,-88.81037594183795,143.00931637119,-85.52912817275612,-119.4976761679045
1406.73828125,-86.43416693405882,-15.89926267144485,-80.44958043641913,39.45363238019925
1407.2265625,-85.63425232375943,-176.3643069096606,-79.10733932909964,-144.2313964884094
1407.71484375,-85.92853432534356,15.36285748514212,-81.59215036663453,32.25334328490694
1408.203125,-90.45444430103005,-168.9365461043742,-88.21806789854099,-139.6996979567267
1408.69140625,-102.7036563593818,-7.93335768047708,-94.2200633827364,123.0088886739848
1409.1796875,-115.6748306144561,-127.6652390890727,-93.59435527586541,-25.61419137052416
1409.66796875,-98.34129498615242,154.3292955369876,-96.62997831990376,127.3233732295375
1410.15625,-90.19230099144353,-13.36508221046238,-95.26748288869788,-94.49289903756943
1410.64453125,-89.92484512074988,167.6777176153317,-93.35039459691822,48.64110978262329
1411.1328125,-90.0183671922004,3.69225087788085,-94.79744512697741,-141.2416478132226
1411.62109375,-87.38767643879085,-159.9015581870893,-100.92432594988,115.8326168521567
1412.109375,-89.66735083404154,29.53867734338129,-93.14945729533105,20.19022109277186
1412.59765625,-92.24518955367502,-107.2035706923982,-87.08768351958608,-125.4114684985745
1413.0859375,-90.54527368331249,90.25742224243741,-85.43259189396615,64.0211332688514
1413.57421875,-91.19138965579781,-85.9200699310054,-84.24401932456919,-109.5401538008027
1414.0625,-86.85687449760272,91.84860328679322,-83.49534005214032,71.06487139701558
1414.55078125,-84.20170435801758,-98.53691776060049,-86.3502516909017,-115.8323340411955
1415.0390625,-85.4372566545514,74.4169635524316,-89.09000820818903,62.45585091717281
1415.52734375,-87.69351665939004,-104.5911589552095,-91.00043378854897,-105.4773358946287
1416.015625,-92.40487557694962,63.23475294143623,-93.65621778005261,122.3511780753202
1416.50390625,-105.4682303958393,71.63609552734192,-87.39522790819358,-19.21576152272474
1416.9921875,-87.1454039279823,-131.2703010050155,-82.43333811367022,177.1062492659903
1417.48046875,-81.34250495563751,55.03745297861587,-81.19898685237219,7.962381959212981
1417.96875,-78.94484225706061,-120.3499216651862,-83.75558732825361,-159.674506558201
1418.45703125,-78.51912713434122,64.76978321302937,-86.8592682237711,38.70130492884272
1418.9453125,-79.0004938324694,-104.6200423463146,-91.39527691760968,-121.1298125874817
1419.43359375,-81.16908770701772,89.68892619233119,-99.00548600284699,105.5598165120406
1419.921875,-85.18801823388421,-70.38997873775087,-98.24940764314583,130.0326685826348
1420.41015625,-88.45896312587857,131.0189847433125,-86.90608775000216,-51.57976188590452
1420.8984375,-92.2798353894003,-37.14773449243696,-83.93927047594113,125.2659157433762
1421.38671875,-100.6481327127025,114.8996367544609,-83.0555028122543,-58.66253577335321
1421.875,-99.71634560554955,-130.4552586734237,-83.84293294276651,119.8448234383746
1422.36328125,-114.5431939824229,134.4053484980623,-86.04074174481588,-47.39424607222111
1422.8515625,-91.26899701150433,27.50187988832452,-87.37727113143768,144.5004354763356
1423.33984375,-84.55255975048553,-153.1038987932417,-87.98039626738583,-39.37272172050295
1423.828125,-81.95183038857687,19.6258994575115,-88.07810642546428,135.5487158555758
1424.31640625,-81.52802187309564,-171.4604785767645,-86.79075186639901,-69.4927808346732
1424.8046875,-81.9457304023117,-1.551013735298346,-84.26172673007162,95.85626175431776
1425.29296875,-83.68120145804325,173.3946760773668,-84.61894946680493,-68.50256121632896
1425.78125,-85.88493554775442,-12.66707889657813,-83.95738401244313,142.5232895625788
1426.26953125,-86.75061669617509,163.4245404913812,-82.69400477493008,-23.16852995731222
1426.7578125,-89.86314640807282,-23.07361356707515,-83.11064377140694,162.5712047472168
1427.24609375,-89.56966904221686,116.3104097023894,-86.21263370487277,-23.15854764213077
1427.734375,-85.93377533069796,-76.07922392172156,-90.09928110368529,101.2351444961954
1428.22265625,-86.27042819757067,94.69633400967152,-85.09412704347476,-125.8524370190718
1428.7109375,-87.22187984487284,-90.35767359715419,-82.45367498072545,38.00656139311434
1429.19921875,-89.90785205229145,116.1469456865347,-82.03179970585823,-149.6371769129483
1429.6875,-88.66436526870757,10.23638056823306,-82.23824406863712,22.8509398545824
1430.17578125,-84.17864946399526,-145.3022709793902,-83.36716407771206,-168.1115642658026
1430.6640625,-82.64674377256131,43.11609602986922,-84.43747905816068,4.615891499622381
1431.15234375,-81.96805467526769,-131.673351088302,-83.57294021069336,-171.5742094446977
1431.640625,-84.40829173342111,43.87112775577081,-83.68206675264908,20.59269580936471
1432.12890625,-90.42495260324282,-171.6422655978481,-84.6124284037716,-145.3029264297537
1432.6171875,-88.84233024450971,-29.03197771046818,-85.07709495404433,42.53976055436742
1433.10546875,-85.89435544236505,146.4328148151832,-87.33151823531259,-132.1578163847911
1433.59375,-84.78472236464691,-42.56071543152832,-95.75808583161785,72.42369553830284
1434.08203125,-87.43242974100815,133.0050531318369,-93.47026107927924,-28.69669712395966
1434.5703125,-95.63143022166507,-46.20922205424811,-89.59555112128866,137.6276762859779
1435.05859375,-106.9067899977344,41.67927704726578,-86.13326194190699,-64.99661862803342
1435.546875,-99.67532773344189,127.7787224698065,-82.13673204399953,108.0141835885329
1436.03515625,-92.08115310314628,-109.994594938172,-80.38155286476081,-81.40342064325949
1436.5234375,-90.39154830321877,45.21820338842748,-80.77871983883819,86.11227076313271
1437.01171875,-93.6933954804453,179.5485701412563,-82.81348911146321,-99.41943342208386
1437.5,-92.56392827524081,-50.69021217541737,-87.34355475360745,58.937388640705
1437.98828125,-90.41655724558143,87.30618738138593,-89.90977454108695,175.3008635918057
1438.4765625,-86.59049131727858,-115.1736771269541,-89.26979231161361,-33.96696534546237
1438.96484375,-88.02797326112676,64.31724663844128,-89.73290155903845,132.7511862376885
1439.453125,-92.69789812351377,-84.91922183259081,-91.66754756155026,-80.09484011260911
1439.94140625,-89.20593397955416,134.8943474984409,-92.18070854412865,55.6607367639014
1440.4296875,-85.63595032537249,-35.05913396861109,-90.75406192577032,-114.6577626909804
1440.91796875,-84.21258544093635,137.9529131711924,-88.29913089822212,101.8671519646705
1441.40625,-83.70210946043235,-52.61807456398313,-84.89621811429627,-50.29588305598138
1441.89453125,-84.16345647437701,121.1846764726197,-82.46904290678538,148.2324881911985
1442.3828125,-86.22265048364562,-69.95103440340962,-82.69552303626362,-16.90678288035876
1442.87109375,-90.9235709602992,112.9565419631558,-85.61757115161492,173.848457968733
1443.359375,-91.33911522113576,-21.46707524816353,-93.53585589210263,7.96001344408569
1443.84765625,-89.44715714373999,179.2063420450186,-92.74780168901195,-15.29943192096444
1444.3359375,-86.52101290695387,21.75452202481478,-86.35302887725622,175.0108110225686
1444.82421875,-82.90674547225029,-163.4670145320431,-88.75746504537221,-0.8688032165520233
1445.3125,-83.10180622695933,12.13641404636575,-93.68357045305365,-177.1121067507442
1445.80078125,-85.90865360759329,-145.4676539409979,-97.09265369022029,-9.830326193563357
1446.2890625,-86.88008227806807,53.96706429014741,-107.1048589677225,-177.2722599405159
1446.77734375,-89.33792840295746,-100.5438597267467,-95.15983397484334,73.59412357014789
1447.265625,-87.31237144441815,117.1495169494927,-86.42636246564273,-112.6980617336096
1447.75390625,-88.72633215870235,-50.16410274527733,-82.56548136534975,69.9454949064633
1448.2421875,-92.02815382508042,-174.8407098778539,-81.73552733233555,-97.85808456631813
1448.73046875,-88.52057552203036,25.13233614292754,-82.84175841377959,95.02241335948987
1449.21875,-87.54705542419885,-152.8919123408527,-86.53917809702781,-86.00343802075926
1449.70703125,-88.90584805817873,25.36230337387194,-95.74185880137138,66.92790469980488
1450.1953125,-91.52554294717942,138.0269133455631,-90.5364152094851,121.1243019256165
1450.68359375,-85.56115469714136,-79.13338365422672,-83.27428591198154,-56.54982201539956
1451.171875,-83.57161673532065,101.5848560571406,-80.14682323300687,133.8783748157892
1451.66015625,-83.33089299776481,-73.08936289589826,-78.54072888323904,-45.2797352935885
1452.1484375,-85.34328230029962,114.9498180006759,-78.63130890955649,133.3800814070355
1452.63671875,-90.78156602834312,-49.21578416092625,-80.46441066217108,-39.55716024431793
1453.125,-102.5154203222651,100.3788625792315,-83.19158431974039,149.650354234114
1453.61328125,-93.1491312158106,-157.214824953896,-89.0429179552364,-34.48579072148619
1454.1015625,-90.4349889968228,15.94245308022959,-96.83895068279284,39.45371753583601
1454.58984375,-96.51363853060727,-136.919719846366,-90.03306190843301,177.3056359384157
1455.078125,-92.18448110749648,152.8492048585491,-88.56687841947691,-21.14541408978769
1455.56640625,-86.84364838729438,0.2999506733917949,-87.94526061373999,151.7113119801124
1456.0546875,-84.81593733733546,-179.0307722176662,-92.46888253945198,-42.57239926413386
1456.54296875,-85.52984466699809,-20.34120537760005,-106.5011692138677,92.5806767891567
1457.03125,-87.39540519293809,133.4525497268064,-112.972394149788,47.75358012864133
1457.51953125,-89.15111626450565,-63.74400096052113,-96.0920463134584,123.7504063814793
1458.0078125,-92.53992078283528,111.9902640346863,-85.85350340123091,-63.96397010625441
1458.49609375,-93.30653509324262,-16.03228650024512,-81.13144833466538,108.4721755806851
1458.984375,-88.21067472899853,174.6568842738129,-79.82773329506726,-77.29212686073323
1459.47265625,-86.75604162754732,-20.24563043096281,-81.71256685859616,101.4929193628625
1459.9609375,-85.81733017910037,133.6745447173912,-87.33628913826676,-81.92706894828046
1460.44921875,-83.90825255780226,-80.49319605277412,-104.4859689823934,126.156881646706
1460.9375,-81.91606907969404,72.16205216142967,-95.9765092432155,75.87663753758301
1461.42578125,-81.19743839176351,-126.1489044503123,-98.67908383698855,-107.735692170626
1461.9140625,-81.84705115584052,40.39335853304151,-96.94648530211559,38.93096030479018
1462.40234375,-84.20731415245926,-151.0671356283987,-94.33960708377809,-155.898168839091
1462.890625,-90.1808832836093,12.44747426619259,-93.37468319408602,10.69833942190074
1463.37890625,-96.61392262680954,153.6909721394709,-88.56799187251283,-148.9524692043724
1463.8671875,-91.88824538686633,-31.94103578396617,-83.28190103558296,22.21787528047665
1464.35546875,-88.19930150780343,160.9949775622003,-80.78997375194943,-170.7892129474785
1464.84375,-85.81389590991583,-0.2788146557229668,-80.4366708179863,7.617101160748028
1465.33203125,-83.70931413290535,175.2484433149533,-79.61004687791173,-174.6115901415529
1465.8203125,-84.42122276618227,-16.36106791181074,-79.58184812447674,2.773084625659394
1466.30859375,-87.25642335273812,158.4183095587808,-81.46588594429949,-167.8037915163147
1466.796875,-87.0667037796381,-41.1260453708739,-82.95761004231065,26.87949893943976
1467.28515625,-86.17391522165582,120.7657473813858,-85.30574478976777,-150.9865849954865
1467.7734375,-89.21291372516532,-71.19819165257061,-90.49090032225808,26.72436261153586
1468.26171875,-93.34296027755138,89.88090698317214,-97.74557555787497,-152.7533140747877
1468.75,-96.32124784396602,-128.9401178228708,-98.59162445394486,-44.76954959934981
1469.23828125,-92.22525240487145,-15.47321243257833,-92.06152229201216,119.7741239863957
1469.7265625,-88.64707276582516,150.5481638092154,-93.22919752294575,-34.03628994570762
1470.21484375,-91.44558510495239,-30.569290391673,-96.43842629372024,-169.667869739127
1470.703125,-93.81435050504271,142.2626092907946,-98.52418965477827,143.7774890514797
1471.19140625,-89.814285459895,-31.1758505499787,-89.12394137045892,-7.679631897748536
1471.6796875,-87.50151489120798,158.9226344836044,-88.66211056688273,-168.2941169577387
1472.16796875,-87.19995753955088,-33.52471451551144,-88.8088107131949,44.33146373995254
1472.65625,-87.60173073286923,130.9180659918341,-86.81491874481596,-96.35502433661961
1473.14453125,-92.62770579278924,-46.98453103759953,-84.13256249254837,114.3905191114201
1473.6328125,-103.9571332428867,48.05927406005404,-85.45545495386423,-52.02657880835752
1474.12109375,-92.4106675091806,160.6950612982122,-94.80694607967025,106.6064197431798
1474.609375,-89.26701922511334,-45.75648410326263,-90.10879900292146,-175.3631813940319
1475.09765625,-89.53859584695053,127.6298841933351,-85.08849488898646,-9.362153851118292
1475.5859375,-88.06772852130027,-32.95840093728641,-84.1687667468791,156.6647482720626
1476.07421875,-86.65385406527923,158.9879312479359,-85.63066590526695,-46.37242906897066
1476.5625,-87.15730780029013,-17.26758650912084,-86.08576407063815,99.89162957735427
1477.05078125,-84.63735118789073,159.9106144928809,-83.42626246233137,-99.49449101149743
1477.5390625,-82.91198830832812,-15.32885471055216,-81.54005786356463,69.23384608494321
1478.02734375,-82.82833947277217,175.3691038973385,-81.08525901638762,-115.8506243659793
1478.515625,-82.79916080970553,-6.335832552330932,-82.62910564565675,64.11402987361301
1479.00390625,-85.07980639908554,164.4501834464531,-87.07764178171333,-130.6366300903233
1479.4921875,-91.00223457399235,-41.83427870617077,-93.63042863190556,40.67593393501276
1479.98046875,-92.10735174867351,63.39445762149649,-107.6248335859311,-33.05470761638337
1480.46875,-89.04930938107827,-151.4794929599289,-92.8256566726521,-121.3997417363629
1480.95703125,-93.58948272378885,16.89840254589526,-90.5725361076201,66.98782267547544
1481.4453125,-98.43364432738612,98.38673056182269,-92.61925391906877,-101.7125608857695
1481.93359375,-90.71159001179622,-92.22520536799944,-94.36678672115029,97.20266321756385
1482.421875,-91.00761699930064,78.32825542463587,-95.07236495751121,-45.19198096378533
1482.91015625,-101.0253398210686,-113.8274880965693,-92.98045671165715,147.5190462525858
1483.3984375,-98.28155008891369,-158.4913692713269,-90.30756508079527,-54.31894133514646
1483.88671875,-91.88749608252041,27.27251352633988,-86.91435085475143,105.4266662987135
1484.375,-87.31043705542817,-133.0591710872517,-84.91193529930568,-88.04868183977318
1484.86328125,-86.45962046347927,42.05864750288279,-84.16786409389996,94.4479430950979
1485.3515625,-88.0446785591969,-170.551114786116,-85.23582885272046,-63.17735125803
1485.83984375,-88.78871412049249,-11.30275966735947,-86.91962904947465,153.6352984191085
1486.328125,-93.48812975287484,160.0684698606981,-88.52994354821064,-3.669627455041001
1486.81640625,-111.1341765763407,-36.55921977605652,-93.10466822848988,-168.9150805272901
1487.3046875,-94.47373472000402,-14.45849014304853,-93.98596595853128,88.03710488823532
1487.79296875,-86.11486370698717,-178.6627133053539,-85.82970441604809,-56.6384965632305
1488.28125,-81.97431560599287,8.908002527761239,-83.90863393546948,134.5796242518385
1488.76953125,-79.66940876264472,-168.5040984258281,-86.9151233791485,-36.12526936047724
1489.2578125,-78.43419222161479,13.35222102431224,-87.40228051803767,158.297954698885
1489.74609375,-78.62286200126574,-167.0155636625627,-83.73621380222968,-7.164633650417015
1490.234375,-80.6148488447853,12.0515410058068,-82.11363027922219,175.0124775535043
1490.72265625,-84.07472772275911,-162.0264184273552,-81.50296178304841,-16.26179846335479
1491.2109375,-86.71964537406468,33.28640025773734,-80.87552132627444,154.1016521571923
1491.69921875,-89.59339336951992,-121.9944086204299,-82.88698263433758,-36.47530751537563
1492.1875,-94.70169175897621,91.23190723112582,-89.31763878332518,113.8295123462931
1492.67578125,-103.3582972101719,168.9065858459746,-92.1890116977775,-138.8311944871354
1493.1640625,-92.106352268748,-43.88886678233492,-90.18779758091281,4.045455603902017
1493.65234375,-87.60393214585878,126.7534967672405,-87.76737788421029,154.1284592551539
1494.140625,-83.8744621328396,-49.17980547397079,-85.20015330003798,-46.21689286074899
1494.62890625,-83.35613196598287,137.9004841700113,-83.41271222162383,118.6524005433204
1495.1171875,-85.64836688355145,-37.54371754939844,-82.45451384125425,-72.21376926504365
1495.60546875,-90.54143543503839,149.633118813115,-82.19130173764115,106.2050224131593
1496.09375,-101.1613455262364,70.33710714158674,-82.00674806278846,-66.54393928813913
1496.58203125,-89.38856030949643,-49.84708787732148,-81.74063891932045,116.5990318255298
1497.0703125,-87.23140856728224,142.3842565100441,-80.66316047167774,-58.94959866033827
1497.55859375,-87.99251019116372,-24.76996698428652,-80.39766572431316,131.4433093258247
1498.046875,-88.11557643915987,176.0951601949883,-82.76404018352146,-35.54458248411195
1498.53515625,-86.79600848628979,19.63870119268838,-87.41035091548017,155.7128588893934
1499.0234375,-85.96380152279146,-144.4421256588896,-94.04945581099911,-15.51777119533681
1499.51171875,-85.23181478079252,45.25128942982457,-105.4540207986631,-3.60503806289298
1500,-84.72168856985776,-128.3013974309264,-89.1605174148701,-162.7575533180396
1500.48828125,-87.88218868590531,62.16581333838829,-87.55481237431431,33.01183819879588
1500.9765625,-92.99288203925326,-87.40945294472222,-91.07288431083303,-167.9943006146947
1501.46484375,-94.38727492426315,94.44491592332389,-89.48487876977831,-42.95575575837177
1501.953125,-95.03900014499513,-133.5828347296067,-88.86516559600165,107.8919086406725
1502.44140625,-89.89681930983487,24.49134201753296,-91.00592348324481,-75.85093077380007
1502.9296875,-85.31068812690108,-150.1783754122738,-95.89040577473411,138.5780595856695
1503.41796875,-83.60956155205128,32.96674510281343,-101.7564455235188,24.02871812185985
1503.90625,-85.55651921523216,-145.4966836913108,-103.8930819172587,-50.0150926249662
1504.39453125,-92.40827044376584,32.80685852992265,-91.75075047080912,-171.0467857268016
1504.8828125,-106.9944651425534,28.24836389947309,-85.19998903539533,18.86708349856669
1505.37109375,-92.76910381616435,-148.9260613139624,-83.18850016301826,-163.5412591635805
1505.859375,-90.15294891541303,25.8995520563677,-84.52726956188104,-4.12159622739002
1506.34765625,-92.84528597775326,179.8102571317529,-86.12991569780471,139.2787900460356
1506.8359375,-101.2854033193656,-66.67764372959724,-85.94985775991714,-82.19162855496116
1507.32421875,-101.087530558858,0.5308265433661201,-82.905650889222,61.88798558356726
1507.8125,-91.23151620695859,145.9875535514914,-80.74023358300423,-135.1734330213793
1508.30078125,-86.26154451434579,-51.04146241039169,-81.04919065521744,38.54236962971619
1508.7890625,-85.00061579215469,101.8362346936413,-82.19305182440681,-129.3173318959265
1509.27734375,-83.42591561426406,-96.44536428730298,-82.47293205300765,82.77007872815526
1509.765625,-82.87817862801488,84.07579468386329,-82.03779881986338,-65.56585230138387
1510.25390625,-84.4635215421291,-88.42883269606148,-81.55403055873334,127.8888524836562
1510.7421875,-86.25897771112157,110.643630550997,-81.39955768023911,-58.01648124292711
1511.23046875,-85.49307691412425,-47.12152258367635,-82.96937466502881,109.0711648141623
1511.71875,-85.85649126604379,146.6121014411072,-85.54900568345485,-91.22594689583354
1512.20703125,-87.3371829141567,-24.98611395864833,-84.38931416258239,73.01557893365528
1512.6953125,-87.29014001296329,128.6605459652461,-83.79549534961932,-107.8297623080426
1513.18359375,-85.93994133247568,-85.59314824289302,-85.76639756285823,87.34322406931398
1513.671875,-86.9938306403124,81.6533249152793,-87.10645636018795,-78.31520071008912
1514.16015625,-88.74349427588257,-113.8097535992591,-89.35224299100769,107.6325442074731
1514.6484375,-86.69795336743924,26.8540583075673,-91.07928666850087,-42.30888566431828
1515.13671875,-87.26303528223417,-172.7406434202236,-92.66192933970027,175.6257542782829
1515.625,-91.37681116855815,-2.3489709108917,-92.74184568409702,43.90479087016263
1516.11328125,-90.05444660062423,-172.488205471846,-91.57017056377776,-121.8418527899869
1516.6015625,-90.70312689380671,28.8164188114114,-92.13829497988277,80.64725205011804
1517.08984375,-91.50022849216404,-110.743917020713,-88.94856502002212,-67.2537913514865
1517.578125,-90.14162455179898,78.44522099525319,-85.41837814293218,123.3894109180505
1518.06640625,-89.49640191527334,-90.80902716209665,-82.73075915556973,-47.57508280313512
1518.5546875,-86.25728199151949,107.2622505372685,-81.01351205863409,139.4426213187186
1519.04296875,-84.64618866065206,-71.14681461453688,-81.5151228776287,-41.66167032537817
1519.53125,-87.19329368256223,100.2926101648701,-83.0883021442931,136.2539725156298
1520.01953125,-91.52107356548802,-117.7262988579215,-85.45945702977571,-44.72910663268245
1520.5078125,-89.70483496569852,7.480954461923557,-91.5121990436599,117.8114201096949
1520.99609375,-87.04488994224806,156.4317964831436,-100.5797040197233,-112.1697411692988
1521.484375,-85.41734359415331,-34.61337879464828,-101.1033895082741,-20.74124954600366
1521.97265625,-85.43983064509389,145.0474036033408,-97.52746952626157,134.1065408716454
1522.4609375,-87.35670206941656,-50.08440856152379,-97.86628320507724,-74.47866682472109
1522.94921875,-89.63722236540966,106.3432393954429,-108.2234961492309,87.93788402018576
1523.4375,-95.39373097316317,-66.27837514945446,-93.29812929264904,94.85093932883646
1523.92578125,-107.0985166176813,-126.9067077405047,-88.10181951608639,-80.00461913928956
1524.4140625,-93.05831139317128,101.0879088773741,-87.20707714263651,104.9385315361386
1524.90234375,-89.32223554211767,-94.24525487108775,-88.2847870695345,-77.93707433239349
1525.390625,-87.02946002451282,76.71417767121859,-101.7388283001727,101.0276043466012
1525.87890625,-85.95698631957326,-93.89276459129799,-98.46896761747374,115.2991126940273
1526.3671875,-88.47557977969342,106.3296276316449,-93.69896220624884,-6.873822881974415
1526.85546875,-91.90114942990967,-55.94818783260645,-89.08569774477755,-177.9600434056495
1527.34375,-94.26086860651913,110.8226908195251,-87.45143848859171,25.42222054390826
1527.83203125,-98.85607734025595,-99.81968730713878,-86.82648769528095,-136.5077704507097
1528.3203125,-93.89367571093486,44.58172932761357,-93.29751051398985,28.72714200027691
1528.80859375,-87.86389751796901,-134.7337414374686,-101.7331686295933,128.9256689695037
1529.296875,-85.72697770107504,51.34225397760903,-100.994993787488,177.5443184412892
1529.78515625,-85.58727139723072,-117.9302182781637,-90.66068335658997,-19.8551078247218
1530.2734375,-88.80960957877616,66.73463839679899,-86.84777323643702,148.490425110015
1530.76171875,-97.96342935921756,-104.9433357960083,-84.64229049621201,-49.21039401893552
1531.25,-98.73118315456323,143.7574826249211,-84.60523390808348,117.0051265253049
1531.73828125,-92.98343874893044,18.29370702697735,-85.51367246437096,-65.25909108978904
1532.2265625,-85.84240843013359,-118.1594547200172,-86.93327111398949,125.2684447545992
1532.71484375,-82.37278561120138,76.98470983575803,-95.36367381400707,-36.79678668483525
1533.203125,-81.70395238160962,-94.62765637198279,-98.84724780919194,-131.2697578905258
1533.69140625,-81.82775265968752,98.8636327871094,-95.42948733922877,59.03765317206486
1534.1796875,-83.13130556472987,-70.74972848188307,-89.24463569293422,-73.02156499083685
1534.66796875,-86.91854144403649,114.7701633846247,-85.77757691070546,125.2856026073159
1535.15625,-91.00398166777239,-53.00374287358065,-84.76384277181637,-49.51793768301744
1535.64453125,-93.27489659273267,81.53463734204371,-83.62553288185094,121.3541830840205
1536.1328125,-85.6552168987285,-153.2259769636732,-85.19171493247842,-56.52057527408964
1536.62109375,-81.6629528939564,11.92418939272244,-88.23971838509992,160.914583141292
1537.109375,-80.16619828563702,-177.4865972252822,-88.59564599554116,32.78263773884551
1537.59765625,-79.47004242741563,-4.853489268338833,-86.05811223547023,-112.782594185792
1538.0859375,-80.81968413497542,167.8391433653204,-84.34262675084202,75.55502759775919
1538.57421875,-85.59827706549009,-31.3184833864073,-86.31153380723092,-93.239413211724
1539.0625,-92.87291651240166,97.32271630569957,-95.73406357106973,109.5859169703094
1539.55078125,-95.44387598100482,-141.5740671099369,-107.251869813143,151.0504718179119
1540.0390625,-99.9152878131178,46.72667272863619,-97.75337309215941,19.16979715024962
1540.52734375,-103.7623695512897,-113.7240181986602,-93.18172443849267,-158.8030267494253
1541.015625,-100.3773970727418,117.374507654827,-89.9919637499748,23.24767985938945
1541.50390625,-90.77404689123159,-66.67640601967219,-88.51091830676039,-145.5869248523688
1541.9921875,-89.0103723986448,88.68639790950783,-88.83681215806027,41.76294975406803
1542.48046875,-92.56303575609667,-134.1310148591063,-95.33402997516509,-138.9979687714484
1542.96875,-91.79882400437398,-19.7824600298097,-98.78094528216593,-63.41058938647998
1543.45703125,-87.47600050556171,124.1805335580387,-91.92347897460726,118.430005215348
1543.9453125,-83.34633090396801,-77.47641079164647,-89.004228201537,-68.9571848321811
1544.43359375,-80.97612871328137,90.93371904950574,-87.7263457642087,103.0463063462726
1544.921875,-81.69061759090168,-99.91038209481493,-93.10584970237801,-65.92949820561715
1545.41015625,-84.94894400096619,60.28693813384662,-97.06853607844094,-41.91628774641319
1545.8984375,-87.55414159216912,-145.6915387832974,-86.02832961996796,142.35135251581
1546.38671875,-91.40381715155493,7.550936314847152,-83.68678566389123,-42.93769721610012
1546.875,-98.04501533009548,97.91596109330476,-84.87055805198457,143.6877265930574
1547.36328125,-91.67537991189675,-131.1129061067532,-87.91214212222086,-18.36754576908055
1547.8515625,-87.94457070435469,50.11358038977843,-92.91119228535364,168.2992002273757
1548.33984375,-84.57577280960692,-132.6429082402401,-104.0739697839572,-3.272626051409556
1548.828125,-83.16646259139955,52.34015771067591,-94.24817196515039,12.83925911869496
1549.31640625,-83.88806430186484,-126.4686237812361,-86.03418766484572,-159.1729579853554
1549.8046875,-87.20782438746892,34.11991751756631,-84.45274460369431,26.05708061226691
1550.29296875,-90.09593147782887,-156.6882071825263,-85.72175004975011,-157.857876074075
1550.78125,-87.93577960655472,20.28020016752444,-86.68121902086179,-4.086529561906295
1551.26953125,-85.40944957134212,-173.8246939469699,-85.04407902166258,149.9354284839554
1551.7578125,-85.08791434831565,6.890532398623646,-84.07848673505413,-35.58247663317332
1552.24609375,-84.34318372084634,-177.6405561356481,-83.96094347162573,150.7941372328163
1552.734375,-84.1642287163709,-20.45261369302668,-84.80773332114246,-23.587046853765
1553.22265625,-86.3255778213572,143.1367877825471,-90.0217910500233,174.9649082841314
1553.7109375,-88.35619010925434,-38.70077858551171,-92.69167648241471,54.80226524490079
1554.19921875,-87.18528341656985,141.091502306564,-89.75706266002246,-138.9141845374556
1554.6875,-86.10468981200009,-36.7648962338285,-83.01729165807272,15.14759725430032
1555.17578125,-84.06831353070574,146.3087014355602,-78.4811371314064,-170.194682156823
1555.6640625,-82.92379467726009,-37.78760094751367,-77.29500892475788,8.897241828356725
1556.15234375,-85.3180925642049,128.8105452265461,-77.72695468147569,-173.9120840570924
1556.640625,-89.33066008961335,-82.4495898521652,-79.6455312010101,2.282031782144604
1557.12890625,-89.5149443432836,60.61894962139144,-85.55542870012175,-172.2525737183082
1557.6171875,-88.73472772275517,-159.9228747418052,-98.09755203699885,59.9642467212861
1558.10546875,-88.62715439978983,-9.152081398787439,-99.08096717585286,-19.01098141932919
1558.59375,-98.7830611069751,131.7874754819238,-93.63938158062805,150.6213970630976
1559.08203125,-89.77742160234952,-149.1672605039263,-85.32046780359468,-42.05753607412816
1559.5703125,-84.92925930339453,29.31505514628864,-81.9387115272152,137.8119373547777
1560.05859375,-83.97859100962003,-159.9135903920218,-80.72452512165414,-44.68988685614131
1560.546875,-85.164062390617,14.74189235634161,-80.10343750094052,135.7502040287876
1561.03515625,-89.2555943708966,-146.8693009481406,-82.5795677232087,-42.20846013421723
1561.5234375,-93.38730186215351,116.2429347577009,-90.36242053749828,126.7424144748725
1562.01171875,-87.02423022418186,-23.95185523091274,-104.5940402953075,-145.2019547757376
1562.5,-85.16252500531078,150.300643479249,-93.21229025455935,-57.71058569135134
1562.98828125,-87.28842285200251,-40.97966336326312,-89.85152125517956,115.4562994243994
1563.4765625,-97.070021047095,128.1243024586265,-92.4306711173024,-72.08429831714507
1563.96484375,-95.47644526353649,99.95765776022232,-94.29471932841714,85.84038377794573
1564.453125,-85.63166989176727,-98.42898613966412,-94.83584631798175,-118.1883157395089
1564.94140625,-81.23768659603998,64.71398064640969,-93.60446456733828,-3.340049827010402
1565.4296875,-79.40781688780829,-126.9995048369014,-89.8995913423782,153.3270017084103
1565.91796875,-79.79539588212089,44.00107965842609,-87.1758189863443,-22.85945376126851
1566.40625,-82.76721816565077,-148.4339016987045,-84.71436695079065,153.4486082467834
1566.89453125,-89.68120146769022,17.16213135230976,-86.28609898736565,-42.54768019935177
1567.3828125,-101.8161282638069,114.6839372085056,-89.68863693864556,122.6071334979982
1567.87109375,-93.47503200675462,-121.347158797642,-90.06330318307938,-77.97259035419955
1568.359375,-90.2105502277997,54.83922261676089,-87.6387307765651,68.53286785167471
1568.84765625,-89.44486112339318,-110.451469991093,-88.1498428643562,-129.0927897335858
1569.3359375,-89.37939307902496,91.8172414722664,-90.35217409400931,42.63166253716933
1569.82421875,-90.78573577793604,-69.91662816750829,-92.69262304688169,-150.2220682349416
1570.3125,-93.58965712383136,142.4333826312052,-94.0924126665555,-71.02394273330692
1570.80078125,-95.65587037255102,-41.27209172075511,-87.16568860013044,80.55709853262599
1571.2890625,-92.35696330372706,73.60082553781102,-87.1306068438424,-111.5562278620682
1571.77734375,-85.84896446846246,-123.2113045453981,-85.63751650016931,60.41071588106942
1572.265625,-81.94363273415617,57.60207114405537,-84.34220135321843,-114.4647820996183
1572.75390625,-81.62053978376511,-124.2343367432239,-86.09539425234864,71.14421585074689
1573.2421875,-85.21579749244181,46.25775422456483,-88.28384925069648,-95.77757297749899
1573.73046875,-93.33249544362828,-163.7335835870321,-88.89548675913093,97.46157329782159
1574.21875,-91.91965046033323,-77.05989284649682,-93.96132863276321,-85.4548718057769
1574.70703125,-86.22145680256205,106.341777168601,-107.5680533049736,-35.56272654428286
1575.1953125,-84.39111826853042,-51.2618580897614,-93.1145419013633,109.3548839130868
1575.68359375,-85.27080312336679,147.8960764316101,-90.1527672620519,-54.33767658730479
1576.171875,-86.57531628099527,-3.140003256631919,-90.14445247906879,175.1027207628932
1576.66015625,-84.60648169058035,-151.1208106826268,-86.34844806142445,30.18217217240478
1577.1484375,-83.10820117545848,47.99112126515259,-84.61888258409417,-137.5346084541245
1577.63671875,-82.51572195979891,-120.7072820438812,-84.41144655179772,54.88814604330719
1578.125,-82.45521296632715,58.96647352296963,-88.09638300526049,-121.2637977421125
1578.61328125,-83.67988088211291,-127.4631412054951,-105.1852137958448,-161.6323030486062
1579.1015625,-86.78326667382618,56.36927714967634,-88.65545337338155,23.51975330272004
1579.58984375,-93.13057180743606,-122.8255087588707,-86.13525078754661,168.8350252527464
1580.078125,-101.4883499961599,-94.99391725995915,-82.89526429252419,-47.45904438842341
1580.56640625,-86.65970246413728,51.81629622747391,-80.39540262551836,115.6761426092115
1581.0546875,-82.06260048823053,-132.6639348525784,-79.84965500493838,-76.00225354363982
1581.54296875,-80.62317077634832,33.30476813168318,-80.43179820700863,83.06264121407341
1582.03125,-80.11764270167404,-167.0018684798003,-80.86794045855325,-122.0057777056953
1582.51953125,-81.29295848695888,-4.908699295845866,-81.48633302812078,46.35183584143305
1583.0078125,-82.18111997380146,148.9640323108981,-82.5126811110531,-137.9557548336814
1583.49609375,-81.72264900636675,-53.54603003224053,-83.82410796471939,38.23585113089648
1583.984375,-82.81123721681239,113.2766538467964,-88.10038621940296,-141.8143388736048
1584.47265625,-83.81491956394669,-72.00673293900792,-100.5863066572085,-13.14384152259629
1584.9609375,-83.61898086407291,103.7497483695692,-94.10032087610789,118.8255214959917
1585.44921875,-85.69630318957505,-75.6369968075186,-89.7042497203884,-31.14177404928717
1585.9375,-90.49176278166334,135.2975741752529,-86.33810521829469,161.8455008895028
1586.42578125,-87.19074334196129,3.124465016119888,-85.30437659422022,-13.31478245399538
1586.9140625,-81.61235041935888,-165.8080875034098,-86.25645077405181,166.8836288313591
1587.40234375,-78.99124545595016,17.15943609974138,-89.11793715654264,-19.26130707683395
1587.890625,-78.70133112321108,-161.3854026468171,-95.14698027571947,129.8515383531781
1588.37890625,-80.39588050640796,22.02697586718788,-106.0127283674594,-158.4534309587644
1588.8671875,-86.30500863601185,-134.7958640212145,-94.19687450822542,-71.93533771710554
1589.35546875,-88.44044538055752,135.0312678995802,-93.74388283130628,99.60537310897935
1589.84375,-83.30091888097357,-2.836933566137864,-104.6610823783386,38.78295292358673
1590.33203125,-80.36883554089533,-169.2200964761242,-87.19080019619854,-115.2260766655537
1590.8203125,-79.29765681639934,14.57037953326084,-82.05992782551135,66.41979779009601
1591.30859375,-79.75824327271421,-165.6772267548984,-80.49015925408261,-110.9390233002179
1591.796875,-81.67832652201623,0.5910974373275529,-81.85436696429683,64.08634187742592
1592.28515625,-82.28111350008227,164.119279551177,-86.47032831137885,-133.2816706700053
1592.7734375,-82.18018020601033,-23.08971062515027,-89.88399241530396,-13.41428104889239
1593.26171875,-83.52810749384224,143.693888733999,-86.27415742175305,136.1808464299243
1593.75,-88.67671479489472,-51.08774889456936,-87.00178578561898,-40.01256420862559
1594.23828125,-92.02021993598632,55.8183644169985,-90.05889424540307,155.3224701609646
1594.7265625,-83.78683324033744,-144.6714006995878,-97.1926222505857,-7.27958005456057
1595.21484375,-81.88767987149626,30.59317404525584,-92.65073426999626,-52.30027786646191
1595.703125,-84.69046757940946,-140.09366676202,-86.95406409998596,133.6710635271597
1596.19140625,-87.20536534481128,77.68084836240406,-88.41895561131508,-26.54182053395562
1596.6796875,-90.55661758956521,-62.26216642481126,-89.2659287771352,172.315915073926
1597.16796875,-92.42418003520203,179.3936358531048,-91.8566637827317,-14.3107300011043
1597.65625,-94.60786356937231,108.2741362643659,-95.21603364795546,-123.7360632462284
1598.14453125,-84.44700439368405,-27.90076519601062,-88.39204107777385,89.69815426250771
1598.6328125,-82.8334518012515,162.6327940012087,-88.30140268100752,-92.98166370721712
1599.12109375,-82.4402967402397,-17.25881832165976,-90.61503999441203,65.12396415138994
1599.609375,-82.36807044412004,154.5844181634602,-88.85875884077618,179.3940404963439
1600.09765625,-85.81887996192359,-29.94034151943804,-81.88195175644239,-32.3471612370355
1600.5859375,-94.22641473037068,159.5844283565413,-78.56979279448532,140.8119606428506
1601.07421875,-99.75799131824856,80.49270526383388,-77.88318901596551,-43.50276377781048
1601.5625,-90.04850564618808,-84.42343081190927,-78.58901403539078,131.3262816890417
1602.05078125,-85.37714719084059,82.29665494711446,-81.29188432571283,-52.96142008567823
1602.5390625,-85.51754517756855,-115.5979389411771,-84.60449098958338,96.16228563054217
1603.02734375,-87.72627738732112,42.26363251865704,-83.31950493472478,-114.1198868993094
1603.515625,-87.94188513594884,-137.9631898978759,-84.05397440155045,57.86150462549158
1604.00390625,-86.60217051101093,54.20540587482483,-86.2922560980408,-127.4244742381534
1604.4921875,-85.59523373176026,-107.6938236356533,-89.87175913333424,63.63511468441353
1604.98046875,-84.39074501452495,85.58049101361345,-90.01907415328157,-90.80229447511522
1605.46875,-84.69892071993033,-102.2297254766178,-87.10907374000918,71.33247075908528
1605.95703125,-86.96376900980002,60.44511872565201,-85.24363820192005,-127.7861310103319
1606.4453125,-90.58110349107582,-129.2219303744099,-84.9470380024931,46.15687465044299
1606.93359375,-94.03980107628742,41.24004727945498,-85.37372448407311,-137.2774776339964
1607.421875,-94.73167527113368,-136.5036305565321,-90.05498866142258,49.64321916730137
1607.91015625,-92.64239087665061,78.56274300769913,-95.10618325241288,-69.45957570667326
1608.3984375,-91.69390768116568,-74.49576511403355,-93.38746877813747,122.7758413716164
1608.88671875,-92.86074516834435,134.5368073405784,-91.85425685644191,-52.13921717661359
1609.375,-93.40509760075557,-6.590229971780363,-87.64701043946962,145.6483766052785
1609.86328125,-92.09444618395881,-151.7633409195253,-83.81200577582607,-19.83725444387934
1610.3515625,-92.55168366290815,43.37192098636036,-82.00533288670272,170.7857141963975
1610.83984375,-96.18620724109222,-103.6748075513843,-82.94337193734783,2.596141917649385
1611.328125,-95.06619022157635,108.8950878709396,-84.3202516892292,-153.1846425331755
1611.81640625,-94.5482968725905,-73.88554014453744,-84.20960045335133,59.29919448092889
1612.3046875,-94.51048118167202,106.0959105242936,-83.55279076959906,-84.02384673727647
1612.79296875,-94.80234750324341,-71.69381963130621,-83.7580881471591,111.856829201532
1613.28125,-94.95894893331436,135.5216125732195,-88.26299541760977,-67.54180981061309
1613.76953125,-90.80266229023098,-5.635068731450445,-92.49791022664574,-161.890429333436
1614.2578125,-88.56604195177147,-166.0223015617991,-84.05430471891607,58.64223561559483
1614.74609375,-89.72940636919395,34.05301938148047,-81.15956134006991,-111.0755214090974
1615.234375,-90.24180661208592,-118.4822863849104,-80.54406075963996,70.12637055632024
1615.72265625,-88.76688634370299,84.88326702059906,-81.98920579248808,-108.8090231375234
1616.2109375,-86.49546262903786,-75.61266055321775,-85.74427259232337,60.77832111312846
1616.69921875,-86.20115800320328,112.6431099130261,-88.67107782272797,-135.0715221706525
1617.1875,-91.14804646245616,-50.91509545603297,-86.69913847381879,75.62755091682915
1617.67578125,-93.37384212416057,173.0762974313665,-83.60478040420615,-97.43384745180988
1618.1640625,-94.42738202154926,17.80366090278131,-82.9667431851484,83.73315915379182
1618.65234375,-92.93446450569213,-96.72059075702549,-82.06379172075637,-78.20529423910995
1619.140625,-92.61180034389191,102.7530721255855,-83.10668807386,104.910411357321
1619.62890625,-93.50754668432465,-31.41683864512284,-84.54611885903373,-100.0788615244779
1620.1171875,-90.25242431113915,154.5624715283078,-83.07983278593028,66.93171214066527
1620.60546875,-93.63420422713193,-51.71800628909033,-82.25206262051209,-123.4891246972989
1621.09375,-97.07758904728293,99.3366115557658,-81.85224610320631,44.38016722765857
1621.58203125,-94.85938527028006,-99.66824569518634,-83.44859482220727,-144.0644986052621
1622.0703125,-94.56843419346686,50.20695024173683,-86.56913047316841,17.34222328109026
1622.55859375,-100.0492991244017,145.622054153559,-87.54494570518959,158.9649852182967
1623.046875,-93.98199571764448,-110.4881160524685,-87.98181463727894,-51.06763546729567
1623.53515625,-90.06093081011772,48.48580910736045,-91.79952853487504,103.3202348614825
1624.0234375,-89.06107915479876,-139.8485267580308,-93.3591130380548,-86.06638302625677
1624.51171875,-92.41133190766075,15.62363223586641,-101.5869739406024,157.7415308163808
1625,-94.36880647246282,128.6958359410074,-88.3802988989429,51.58450133058945
1625.48828125,-90.85686939703855,-87.63253352735909,-85.42390989216103,-134.1184743876602
1625.9765625,-88.42578307084337,85.26497831749532,-86.28067039208047,53.48100401238485
1626.46484375,-86.8188005338732,-86.40682248277366,-87.14976022870471,-107.3405521450054
1626.953125,-85.81590465289652,103.2566361149656,-87.72981605229302,96.08888480796108
1627.44140625,-85.06190961135836,-65.20704059508374,-86.54009368558141,-72.37576280700721
1627.9296875,-85.82482097676672,132.9984969498072,-86.83268116240626,95.29337489780963
1628.41796875,-88.4714677404712,-22.56626155158599,-88.03465213970932,-105.7936854162486
1628.90625,-89.73968027769115,-169.5370400104507,-88.74650944942357,54.30204139442154
1629.39453125,-87.46288870907121,38.76245154757,-89.84947058018749,-144.1195333289581
1629.8828125,-87.21815211795078,-127.8534477481141,-90.62004166467324,2.863344782462271
1630.37109375,-89.07175764755358,71.06713744264665,-89.52193704042338,141.7634997447802
1630.859375,-89.70673948460538,-80.72845419718247,-90.93469470207484,-70.46541557188891
1631.34765625,-89.95692004032291,129.4556520411775,-97.34346506241835,78.40540716100421
1631.8359375,-92.50550597961856,-51.43067971645618,-99.58743064551467,177.5722645626324
1632.32421875,-94.72775876292769,58.26220961682703,-92.37825266679458,-53.56253841582711
1632.8125,-89.06243516403654,-151.4219943017014,-88.10896961306176,104.100879433585
1633.30078125,-86.0690743337631,28.38299156697315,-88.45706370160455,-62.80277257539627
1633.7890625,-87.22662471361585,-160.1238396167285,-88.8337441614147,150.8991752673226
1634.27734375,-89.84308584756221,-23.06159748937673,-90.16957524944353,-17.12918923756504
1634.765625,-86.85241715326255,108.9980098083874,-91.97337416795337,137.3816201242922
1635.25390625,-83.21729529358664,-86.44988507734303,-86.93927220477457,-85.53226173452126
1635.7421875,-82.63568141031284,95.15869767897101,-83.07049935760995,75.96320154507674
1636.23046875,-86.79273611882414,-94.30111071669359,-82.24496053052162,-105.6056390924389
1636.71875,-91.33548972229293,19.98961240304523,-82.75316535331567,89.87992824609765
1637.20703125,-88.6968899681799,166.2753146710206,-85.21686242394776,-76.91167820466718
1637.6953125,-90.27598429623751,-14.07236158515435,-92.94374755519581,91.25272072634486
1638.18359375,-92.90118388587953,-142.6474995577973,-99.5941367112639,-131.3400504159129
1638.671875,-87.94402035047258,77.86116032772195,-98.94692072728907,28.35831167997422
1639.16015625,-87.47403590266352,-91.12447972959782,-91.04857931336704,-174.1396923515278
1639.6484375,-92.32826557266489,82.9460326434603,-89.71357242076502,13.06658370454002
1640.13671875,-102.3741484658358,177.3640038619873,-90.41557729201664,-146.9858247427777
1640.625,-92.5888186228282,-70.87848764111833,-87.32206178130832,31.08034125720112
1641.11328125,-88.25778478519487,104.5215852685007,-84.50682387399654,-148.8017446968273
1641.6015625,-87.95333026984216,-72.09454511701068,-83.72303246885039,35.17907437821476
1642.08984375,-88.39078626079113,133.0872240455784,-84.83349099938164,-147.139483683025
1642.578125,-86.53248959768644,-26.48941085220973,-86.22515688148654,14.36207911746452
1643.06640625,-86.41849048637296,151.6948550081327,-87.08731017039295,163.9627777746155
1643.5546875,-87.40783892048043,-31.1726285968061,-88.72304911893879,-49.53152202803874
1644.04296875,-89.40701761829976,128.0151212134391,-91.08262347448489,110.606993321923
1644.53125,-87.66100966506629,-92.70523004944772,-101.9076840804066,-81.7057762684596
1645.01953125,-87.16298298899889,73.86815247438567,-93.91028253502716,-11.06247045932853
1645.5078125,-88.93322945189907,-113.4979231855786,-86.06423007933826,-168.7705368676926
1645.99609375,-93.35227339749977,45.6587528861877,-83.65753907317604,19.82276978915064
1646.484375,-96.537392519223,111.8568740803453,-84.66652306497681,-156.776878012253
1646.97265625,-89.00879423265292,-122.416676571336,-89.38483577481919,25.10199749025328
1647.4609375,-86.23043479324261,41.25497510120552,-93.38560455599432,88.13642783616697
1647.94921875,-86.11017311503504,-152.2414181444209,-83.87948898248355,-107.9923085004271
1648.4375,-87.54025372166103,-6.579254912081775,-83.4124651398585,80.32065465143407
1648.92578125,-89.94094487132971,134.7050395915192,-85.7214930768032,-67.47873660996849
1649.4140625,-91.48463238402925,-72.97191724481171,-85.50941220795421,150.1809905509392
1649.90234375,-88.99763419169039,90.48751281185683,-89.19005341096577,-15.16617617791292
1650.390625,-90.30279264170076,-100.6565091100976,-101.1280869844161,38.93214575959476
1650.87890625,-103.345430646437,83.67745474058039,-86.97240883924927,-149.4260791642793
1651.3671875,-101.803143509837,108.9009516626968,-83.14280114796838,38.07154768994769
1651.85546875,-93.5092683122553,-63.04496995245702,-84.15727625425546,-134.3905523970752
1652.34375,-91.95450899625071,83.57098942009975,-89.99583159938767,77.78249500803705
1652.83203125,-91.81429696667041,-148.7603073565585,-93.4571148040155,-26.24727306567777
1653.3203125,-88.02854382848867,-3.78834121313538,-90.73274978634069,-149.9895492954848
1653.80859375,-84.68955912703409,163.7545215872814,-89.26759593029929,62.93942751189191
1654.296875,-85.61466562847095,-31.86415186820828,-90.39789206326549,-87.44572724028045
1654.78515625,-90.3464430401602,112.3271382382601,-96.3183112225054,127.0850958914814
1655.2734375,-90.41248855863282,-106.162383456144,-107.6025929207454,-59.78053022459636
1655.76171875,-90.20551310970447,68.1086904371207,-99.40374549043338,12.18496649319538
1656.25,-95.17194939890518,-90.52273082119497,-94.39053373312368,159.3119515763988
1656.73828125,-91.82994494942618,177.853925813785,-94.84363865871504,-9.778893199925037
1657.2265625,-87.099493848406,13.01288793112056,-98.36112646043746,-179.3738710295389
1657.71484375,-87.92727525228266,-159.5433252586809,-107.0584449355572,-52.5049957893537
1658.203125,-88.90661706438425,21.23016899627999,-94.56275926711713,-22.96122780254513
1658.69140625,-88.73671836687444,-172.0157209684402,-89.6101547042246,150.8417745548441
1659.1796875,-88.86589400602175,6.445321926747066,-91.30885513863488,-48.61608789794023
1659.66796875,-88.78305601744566,-165.0011796754405,-89.51216836855927,97.17299869605017
1660.15625,-91.6995348188992,5.379949968789982,-88.97871241423097,-91.19211288814388
1660.64453125,-95.46275851257502,129.5267341854394,-94.52046410816386,89.0615672037801
1661.1328125,-90.93483050535502,-107.0236133853116,-107.3420984925362,17.68896655202958
1661.62109375,-86.45101702966642,61.82219111441884,-93.61807992800738,-153.8238456978886
1662.109375,-85.83016434743654,-117.9536753619688,-90.88027335274441,11.28391810247178
1662.59765625,-89.13355513531754,53.24533497938977,-94.30641617165418,155.7029364480434
1663.0859375,-97.89344163132051,-147.6145542575759,-92.85513795469507,-81.31963727024896
1663.57421875,-108.4857025376864,13.6293481149514,-90.56139943009552,100.9360041751556
1664.0625,-100.2999663109347,-20.402215814666,-89.70264277021775,-69.67584157739668
1664.55078125,-90.56513143769131,177.0196429183498,-103.291863071384,101.732393660986
1665.0390625,-88.46473685905907,-5.834834758636547,-91.41856091731961,101.2557235271122
1665.52734375,-87.10068431779357,159.6624787566203,-88.93954266676764,-82.02163402559445
1666.015625,-87.56776057774552,-30.77324159987118,-87.93768435374758,94.01177247481094
1666.50390625,-92.59313589888967,110.9719320115395,-87.62710615778732,-117.4401388023715
1666.9921875,-85.90612237885497,-125.1076691086278,-88.56146807276006,3.95178876603386
1667.48046875,-81.16221470071008,46.44476383238802,-86.16664294889591,129.7291502111397
1667.96875,-80.0316591759323,-139.2493335055377,-83.97182261865441,-68.17668780275011
1668.45703125,-80.49516351401694,42.82775704606091,-83.18703258785574,91.02999323550921
1668.9453125,-82.82464694021783,-128.7262848676651,-83.60958594045051,-120.929532466223
1669.43359375,-89.06851041529072,59.28025204447926,-87.49634512961217,24.69761389467649
1669.921875,-101.1151123253163,-78.8996275100077,-93.1131428684121,168.6659741669052
1670.41015625,-96.21538733140159,158.3110861728246,-92.65348696540826,-22.08522959066099
1670.8984375,-93.63571101724725,-19.28458616216125,-90.86866250193032,128.387762258788
1671.38671875,-93.2055858968202,148.9290761763595,-95.68744966419183,-105.5763228986477
1671.875,-91.14011354091605,-51.53364160833266,-99.31362409482529,-24.94314337652344
1672.36328125,-91.32954355517776,123.6655738006873,-118.2351000550835,-141.9009962158285
1672.8515625,-93.05177925173126,-46.63351869007931,-100.5044256006853,75.6683987642607
1673.33984375,-91.31195443451378,151.661878340291,-97.502387436219,-81.34113728164436
1673.828125,-88.66547577086514,-12.35096375289914,-88.98990842633752,132.4514821282164
1674.31640625,-87.6226884034122,-178.6508933204558,-85.49130108839947,-34.74102804502959
1674.8046875,-87.44938241866336,12.07926602275963,-86.18387070887623,149.5058930708323
1675.29296875,-86.91964464201048,-157.6465271678733,-90.41290044931905,-31.50833303252069
1675.78125,-88.27318412997366,21.60135684992267,-104.1734301208022,171.6522441889324
1676.26953125,-93.12728056501386,-177.6207338222949,-92.76256976986093,-140.4266662884738
1676.7578125,-97.08531656183864,-42.55206830052997,-84.96391288675824,62.37344850355744
1677.24609375,-91.82240981040974,89.34974617775678,-85.06580686835096,-93.93766111580896
1677.734375,-90.51731497434858,-105.1148875643,-85.77385886088832,118.9138965657242
1678.22265625,-99.07368734364334,81.25297016998609,-84.0748165440411,-35.66301824007409
1678.7109375,-95.40786898478584,34.36914491133236,-82.77149860575983,170.5109458050511
1679.19921875,-87.32976246918641,-120.6381074671021,-82.16439502842954,7.704256418373152
1679.6875,-83.65132727192737,70.60005269958184,-82.01909569300214,-177.0763821892639
1680.17578125,-82.2766565775008,-103.4673446954446,-81.41633910202688,1.906531672113468
1680.6640625,-81.8896876625592,86.78150474620317,-80.6482736338657,-165.1363837610358
1681.15234375,-81.876575636063,-89.01669889878761,-79.60163558421181,16.61912677220769
1681.640625,-81.97894018418742,84.5267487157024,-79.25471587369006,-165.7592812675938
1682.12890625,-81.96452938922772,-96.88093709645281,-80.8630786064969,17.17890114753503
1682.6171875,-81.80538627440747,86.10211571655569,-85.99293909023575,-166.4513549226638
1683.10546875,-82.83653976691213,-90.31261968065736,-98.67142485417084,-20.45927632060156
1683.59375,-86.17917109337327,111.0984319957801,-96.59215153476038,21.79442118694763
1684.08203125,-88.17331804066086,-32.64313095513528,-89.27007586460735,-159.2367019912122
1684.5703125,-88.72644421405931,166.1854076131441,-85.99224510870692,36.54265793286898
1685.05859375,-89.39684067948589,-5.021771722036309,-85.2747568778404,-131.2162201977944
1685.546875,-91.93129741120248,163.5304392239667,-84.25697721829836,46.8483645740988
1686.03515625,-92.90196737641743,-82.45446833101653,-82.46898176492994,-138.1058858704482
1686.5234375,-88.72055500870935,63.06376553338388,-81.84937408632808,40.04081779416253
1687.01171875,-90.12058058504392,-117.9174656181939,-82.05547547172243,-144.9841666278034
1687.5,-94.86162952806892,78.91311375368652,-82.92092284255263,34.70235845252527
1687.98828125,-97.13671390752236,-69.69974669277956,-85.67756210534736,-145.5362746807284
1688.4765625,-95.61948297202404,153.8614238317706,-90.49508962335864,7.229163322979488
1688.96484375,-96.27789609845266,13.77880086994863,-93.47696703065525,115.9776525541368
1689.453125,-99.62808784125473,-112.3643235731517,-88.32653127671036,-117.5341051662676
1689.94140625,-106.1510422322661,170.236094730705,-86.90321044968141,43.45564188480478
1690.4296875,-95.42179327874423,18.7491004338744,-88.30308144239766,-173.4888946074288
1690.91796875,-91.8390995283857,-171.6914682825678,-87.9351926113425,-22.08568810179091
1691.40625,-91.0557198269768,32.76082877282642,-90.44307145626891,128.2506732352014
1691.89453125,-90.9020359142902,-120.2862577692583,-89.56010476162852,-100.4037487469368
1692.3828125,-98.5795898284847,108.1588011818964,-90.03776472300734,41.95114484107896
1692.87109375,-90.17735678315103,-5.284150336595665,-89.99857147982134,-155.0488904153567
1693.359375,-86.06800050191947,173.6359901592342,-89.67544446782874,62.6346125761428
1693.84765625,-87.80402666170112,14.29554844674941,-89.41186300459637,-80.08711503934302
1694.3359375,-91.31248755051486,-120.7036930340672,-87.16879802035101,120.431785005703
1694.82421875,-92.20309249624584,109.1291003948106,-84.34426635288345,-69.75963372174554
1695.3125,-86.31191089003823,-62.84623565972048,-83.79077194368321,90.55847652264865
1695.80078125,-83.0649471531364,100.1845533443676,-82.59721414478273,-108.7410014193835
1696.2890625,-82.8477887176301,-102.8599293122764,-80.20430658769158,62.54433443994877
1696.77734375,-83.29751510754355,59.99400539488116,-80.83895612445146,-120.6458251460603
1697.265625,-84.82361341756908,-133.2562073110622,-85.90257111753471,56.85211206082843
1697.75390625,-88.60221040568653,20.05249515925848,-91.56341579189788,-134.6491456475039
1698.2421875,-95.34469350071902,149.1768547572671,-91.52949883935659,35.6591293745407
1698.73046875,-102.658065560845,-110.7409418981939,-88.47780031633516,-125.5367988217224
1699.21875,-96.24594617946975,-66.98511544051114,-83.54650340413536,69.72842736671328
1699.70703125,-88.18037124294214,116.0548427637719,-80.20694338407951,-107.6319518611995
1700.1953125,-84.08992724738697,-59.43078707791374,-79.36803882574112,71.5357137033055
1700.68359375,-82.2728836900711,107.9485205937287,-81.10384338015976,-116.5611350133342
1701.171875,-83.35108329327642,-88.52736998554708,-84.28448045379193,39.54460591790895
1701.66015625,-86.07358010624715,73.33357884732381,-87.48164046345056,-178.6806339035415
1702.1484375,-85.8253620049171,-126.7464149826211,-87.17229283858664,-61.06227488496545
1702.63671875,-85.17252096883897,38.37906353910259,-83.82907248805719,83.76211297467304
1703.125,-87.8069915515396,-146.5598141951559,-82.78012900644802,-117.5791910365077
1703.61328125,-94.6563513322598,70.56034623243013,-83.49617754625585,51.50744587690976
1704.1015625,-94.16304177253876,-25.00078041824126,-87.06389751389112,-129.782391511538
1704.58984375,-91.29547600020791,-160.9530801506011,-95.81309986808986,59.59139992127189
1705.078125,-89.74033752883963,21.29099800254402,-94.14295509380365,2.372143395934942
1705.56640625,-90.34094316147463,179.7597756272908,-87.51420490123451,174.8023577631968
1706.0546875,-94.23296534759623,-37.9415577652387,-86.32142004856587,-25.31552356093108
1706.54296875,-90.78578649566252,87.1066479700015,-86.19280161507716,128.2592267689796
1707.03125,-90.19438864882514,-108.2069326918904,-84.15500683121593,-81.57331558854925
1707.51953125,-101.4880563665516,29.33178384563363,-83.16489494290684,81.71274799505339
1708.0078125,-100.2313287925296,63.62326509741922,-84.39906201062612,-109.8426920511814
1708.49609375,-96.08179467305411,-140.9266775915499,-86.03964983275156,64.00708970521529
1708.984375,-98.38610240659378,41.56072842910554,-87.32834755830004,-146.1415979729784
1709.47265625,-97.7278354522023,125.7473141640721,-83.31166733144087,3.461032040922388
1709.9609375,-88.94953937300696,-65.42946812979238,-81.72860490065561,-172.3207400231167
1710.44921875,-86.4504520353367,117.195415721555,-81.94496619012561,22.96351170296878
1710.9375,-85.63438424448782,-57.06858879284806,-82.41457554623832,-137.9567605549302
1711.42578125,-86.54969523853063,130.5415649913006,-83.23194801578801,81.05263885143079
1711.9140625,-90.02846173755327,-32.93927548157617,-80.70874754284965,-65.40660379403741
1712.40234375,-93.58246023950028,-177.3218329309406,-78.84405173899711,125.373011508098
1712.890625,-92.25487485662087,45.49497764732352,-78.65081683415623,-46.08114376897585
1713.37890625,-86.87760847571694,-141.6857821208791,-79.22083604279392,137.8071139588609
1713.8671875,-83.62722002273583,21.23212652294718,-79.28962151450936,-46.20465002634739
1714.35546875,-84.11341852730034,-161.6809543307625,-79.97510079583476,130.3920779804176
1714.84375,-85.09273561161379,38.26709961814502,-82.10969736711974,-45.78999604498792
1715.33203125,-84.26617785662222,-118.0690182089425,-83.24912628970762,146.6616850906981
1715.8203125,-84.24228126871547,80.41209848303475,-83.90486227601991,-18.55994916955567
1716.30859375,-84.05978771491249,-91.00471185445571,-84.91959759245292,-166.9556633246053
1716.796875,-87.00284265318703,80.61609647024423,-84.78399362188782,43.44502431070169
1717.28515625,-98.62563738314961,-179.094420254877,-85.55494941049551,-110.7047757343249
1717.7734375,-90.14005151827192,-78.66667043096228,-85.27072786123045,92.84363344964308
1718.26171875,-87.33519206057485,84.55431018329452,-87.25353624325336,-74.44230019999989
1718.75,-85.99047340236351,-118.0629075705473,-97.70321295845142,139.463639803659
1719.23828125,-86.46243146948292,28.07237493776746,-91.49375832618341,75.03319617883878
1719.7265625,-86.51906883577337,169.009538525145,-85.39727166306545,-87.38203669790472
1720.21484375,-86.73729592253187,-29.75425273259434,-82.45747972820253,104.7165457816214
1720.703125,-93.26572666259879,140.9830060078018,-82.4640738834057,-80.67461743582227
1721.19140625,-98.98922532724454,134.0387561783093,-83.39168591737572,78.03288048322162
1721.6796875,-89.55290014602994,-43.27087360787993,-84.97112061302499,-119.3324385995152
1722.16796875,-87.9463987265992,129.8421906898896,-86.62808617289551,36.99987477765644
1722.65625,-91.95228674341139,-89.60235302194594,-86.31730195760001,-160.5500495468454
1723.14453125,-95.77612786863287,23.88306631085592,-88.79987930887901,6.696697026965635
1723.6328125,-98.5029921327997,-130.5431715317141,-96.7042068240558,-154.2840369462595
1724.12109375,-93.19501517289559,105.2625309082952,-93.57949113457957,83.94495884307348
1724.609375,-91.07162797944693,-39.34637168587619,-90.69288801717603,-120.4125586768003
1725.09765625,-91.29036086317676,170.243606237163,-90.00970736614002,42.24950825841592
1725.5859375,-90.1583451364351,31.82866888951005,-93.72613106497653,-175.1024633789612
1726.07421875,-87.66149982166922,-108.390169861303,-89.1021720066024,-52.27182996259735
1726.5625,-86.66454112995908,95.21540007611385,-85.95276919359905,112.7110917588488
1727.05078125,-90.59853910083066,-101.6155641970842,-87.50527293284711,-72.69530162049595
1727.5390625,-94.30342267670775,22.56685830344811,-92.38438517512242,158.0733835070517
1728.02734375,-94.40615516659119,142.2922035314089,-84.90619782463688,29.34801909926467
1728.515625,-90.73760279104215,-60.16370895474124,-80.58429582020516,-137.723875122427
1729.00390625,-91.89444635845442,122.4397700455256,-79.05369010439739,49.41820554632592
1729.4921875,-93.6495264088957,-34.4753877765632,-80.68540659357124,-132.6264224935454
1729.98046875,-90.67082819368629,162.721045849489,-85.17492864463568,45.30415672353038
1730.46875,-89.85294795771482,-14.42049716393723,-90.23925701827395,-93.05830410379272
1730.95703125,-90.97189252137939,174.1146875524699,-90.19198623029546,142.3001721405045
1731.4453125,-91.04743188654881,-10.23656113417901,-88.45448930816525,-1.609648905078184
1731.93359375,-96.35266407172514,125.6535948418336,-83.99754433562707,-176.9361303495294
1732.421875,-94.29683973157411,-160.5158916438095,-81.87849368481464,5.01977815647435
1732.91015625,-88.66260083077148,-14.86132507659381,-82.24040862183378,-163.0375463794925
1733.3984375,-83.67916572395717,163.9049307279146,-83.60353557852157,22.2430239408807
1733.88671875,-81.12387653238015,-15.73258928016916,-89.54997748381521,-169.3814502388231
1734.375,-82.69213109034608,152.0720170050476,-99.56125818672055,-146.0830711395444
1734.86328125,-88.73081295917837,-75.19059094208511,-90.98505024538666,21.13350086282443
1735.3515625,-83.97722477706075,36.62039650849584,-93.9450540280659,-150.5406215224173
1735.83984375,-79.45558540328807,-150.8465496301257,-100.1176984584152,120.7265935962137
1736.328125,-78.67085892456386,25.22843696441717,-87.6855659978099,-11.62995528084598
1736.81640625,-81.27605005010957,-166.1411614353005,-83.66047108225315,-176.2230692889968
1737.3046875,-86.6794560185711,-38.91388662848122,-83.58525800772377,9.117402427437776
1737.79296875,-81.92049676754672,92.22084737097987,-85.95204765583183,-162.2787306609902
1738.28125,-78.83964083430359,-85.667636850135,-87.33154506700004,66.65402825508845
1738.76953125,-77.48322609747943,104.7275667156887,-84.31462929957489,-79.96924389419172
1739.2578125,-77.39592579650343,-56.1106440979332,-83.60478272572647,106.364397565516
1739.74609375,-77.04674326899817,148.0688813084282,-83.55155915018673,-78.19575371017022
1740.234375,-77.2567767192281,-16.93693012222638,-83.02396160928774,92.35298506867625
1740.72265625,-79.44759610974793,176.6188227429648,-83.18198319086267,-100.7633434142756
1741.2109375,-83.72847123378641,21.81370690676157,-82.69359645668088,73.16666349487555
1741.69921875,-88.74045757129926,-100.0868430301679,-81.86099325168476,-97.82187745436946
1742.1875,-86.13478711540155,123.5343177230876,-82.51401435853084,95.99524228213002
1742.67578125,-84.34987539873862,-56.72688513090994,-83.65495917523373,-68.08002255511835
1743.1640625,-84.73306117720831,115.3854333349527,-84.63106296249323,130.2146681631858
1743.65234375,-86.3302901474527,-89.70516510068997,-87.7270443515806,-23.06230693599926
1744.140625,-88.05111191201335,54.52390994100099,-96.28591667568868,-159.1042074362342
1744.62890625,-89.37604200013379,175.3871365453864,-99.1565269780169,135.1325336391976
1745.1171875,-83.57977326669747,-41.82207390595295,-97.67979101986568,-35.97936009622973
1745.60546875,-81.88616425282255,135.7294844347695,-105.9061829811538,134.5338545276381
1746.09375,-86.03035241670565,-38.19921515140652,-98.66220186078738,146.1691152409198
1746.58203125,-91.86169302697779,159.1100655933744,-94.5363246202561,-18.38277458880928
1747.0703125,-91.48798000836855,3.625375410225336,-96.56445147626894,-151.5335986453984
1747.55859375,-97.5227833740943,171.4576802035339,-90.96515286748684,80.75501403603477
1748.046875,-89.32965870686405,-103.0485283896039,-85.96342607269328,-96.13467670501169
1748.53515625,-83.35251037458549,86.87173160199249,-84.8420648547158,65.73857262988945
1749.0234375,-82.08741941225304,-86.89772673718274,-84.85405181761021,-141.766911033369
1749.51171875,-83.69521086697908,95.20079280849185,-85.50876164274021,14.61836447867113
1750,-88.60472643507865,-56.71576443792507,-86.4838933025659,160.1949638460042
1750.48828125,-88.52840818971772,-151.916583341358,-85.26916871674827,-54.18088722017388
1750.9765625,-84.32332410033806,58.84876847824076,-85.05433327310037,104.4609208909978
1751.46484375,-82.66802621922156,-114.1880183852716,-85.23945717128993,-97.50283683269761
1751.953125,-82.46484809920757,75.43339798277211,-84.10828272598243,67.7346792609403
1752.44140625,-85.03687700812847,-95.46351645731755,-83.6980580973124,-116.2739092221874
1752.9296875,-89.66465862685043,59.69498553940857,-84.52235018565071,52.68546858590987
1753.41796875,-91.6721675657675,-163.0312525205944,-86.16209338498072,-154.9652745907534
1753.90625,-92.46890607053025,-26.66417092964141,-90.6882383267199,6.723682290602343
1754.39453125,-90.75333004749309,138.4993293073639,-105.2873050003215,-162.4187095002994
1754.8828125,-90.76250411613545,-56.26185497099809,-105.0166841000474,-87.64712895460832
1755.37109375,-93.34571500354866,90.73529317452417,-98.37105587960275,87.69118657660772
1755.859375,-93.57639157921682,-177.043531004807,-95.141263568284,-93.95711275456493
1756.34765625,-88.13137212142381,-15.76413157554127,-89.53825032710115,113.4214637031104
1756.8359375,-86.22162409667746,162.9413404416952,-85.9377846840986,-46.78697414539737
1757.32421875,-85.41642549839059,-34.61703995193128,-85.92004560976144,153.4713523177478
1757.8125,-85.66339548824091,125.3527797719226,-86.3284425094872,5.073691063463503
1758.30078125,-88.63149564894118,-75.11216674885314,-84.46501133000594,-144.9858897629903
1758.7890625,-90.73614236190477,51.17516949622113,-83.27477379653465,48.92425488796852
1759.27734375,-87.81680835943305,-166.3140331386025,-85.24959762958615,-134.4192818487987
1759.765625,-87.01211926704472,-10.15856071729419,-88.70936188388563,27.29015907474993
1760.25390625,-87.60456005687537,157.0034267281569,-90.02147062679008,-164.7327532246526
1760.7421875,-90.47652684399851,-20.93874339994081,-91.28149223346257,12.31554564287638
1761.23046875,-94.25229705559391,147.8294981163619,-101.1842454691855,157.766896158268
1761.71875,-92.87303625161123,-79.38511220256362,-95.65369337477023,-146.596769887733
1762.20703125,-87.62842558477203,70.94696253365971,-93.37560464409243,17.68075532519777
1762.6953125,-84.41080112714096,-117.2172152556904,-91.51741591778595,-155.3717463404795
1763.18359375,-83.97557105246594,62.28575940221585,-94.83274741628848,8.767837365106541
1763.671875,-86.9785918778222,-119.351931214695,-89.54223159622146,65.50495928305968
1764.16015625,-94.42563038235996,67.29541095367273,-83.67343263257901,-125.898143000535
1764.6484375,-98.96828086795695,-70.1865196097047,-83.75098638206182,53.05445050124988
1765.13671875,-98.8935368757931,146.0841674370143,-86.22041232559033,-139.977072043431
1765.625,-106.4539409576374,25.65662303478536,-93.18253674089337,0.6316277768169823
1766.11328125,-95.69505334655277,-30.84883775191761,-97.60514347351295,61.71700940119906
1766.6015625,-91.09576596591536,147.6230133292315,-94.5867268099897,153.3096087590226
1767.08984375,-88.61323585857889,-33.15177757235102,-87.02468828315659,-64.77655183511013
1767.578125,-86.16231669259967,154.6077963889387,-82.55971247839925,100.8913793948043
1768.06640625,-85.82528871907266,-20.56965111931589,-81.0085320976083,-88.13175988150864
1768.5546875,-85.93503270168492,165.1359928334808,-83.6173858690415,101.0344931870043
1769.04296875,-85.81100787261801,-10.98102901233871,-87.3135891807519,-36.76614149947373
1769.53125,-87.79488702562844,164.1327411708381,-85.71584990431202,177.2269261579577
1770.01953125,-96.32644027543832,6.255515399653094,-83.85288070097016,2.466401769462091
1770.5078125,-90.40929604288073,-77.59197484312273,-86.04691813257624,171.5115126037612
1770.99609375,-86.28032268410126,125.6969868545837,-92.12850144331816,-69.90204278999897
1771.484375,-83.18074559238644,-32.76546564731661,-89.3327669267395,51.73829823309202
1771.97265625,-81.83528880099358,154.7522168732879,-89.56227409838797,-155.1885375058869
1772.4609375,-83.01995047458988,-17.16783286217344,-94.25326166437002,-1.582692834746857
1772.94921875,-85.6802294932148,162.3935709663368,-96.71989750069203,80.68864735440788
1773.4375,-90.04558267763139,-73.19428370188419,-89.82903821855416,-115.9203358982525
1773.92578125,-83.15564341944379,49.30556748615744,-89.25943239029908,84.89300366538805
1774.4140625,-79.04366592652434,-141.2990080683237,-87.06385501746576,-54.80811997668602
1774.90234375,-78.31598034659837,34.64381072999733,-83.87634453985045,133.5789044548395
1775.390625,-80.71091268400954,-146.5258984370044,-84.11710907123336,-43.28941489901693
1775.87890625,-88.06348151813465,30.49684635063742,-87.10212332326962,152.8387288624563
1776.3671875,-97.43720333855441,51.98419143571432,-93.26416918489505,2.151515115519646
1776.85546875,-85.46781913721924,-154.4524392811544,-94.01980407316998,-86.27513525338836
1777.34375,-84.02668373569804,23.01004385553506,-88.20632759942178,108.1610403592464
1777.83203125,-87.70954426346515,-150.4114078387901,-87.23501519695995,-72.62700183474217
1778.3203125,-94.33008439377382,-5.516669439498503,-90.55396758144893,109.9449243980698
1778.80859375,-95.88804190148502,81.63147045283533,-96.36700978032047,-42.27757657704176
1779.296875,-91.45258952033092,-175.6533111135213,-95.19899948439542,-170.583610109455
1779.78515625,-88.3645949001275,-25.48327355588311,-92.70018166790585,24.30396474531961
1780.2734375,-85.11560595109796,147.3646488908429,-89.70202888475964,-171.6810863692784
1780.76171875,-82.38060141394482,-26.84560456749909,-88.56690297547576,13.80834206336776
1781.25,-81.44481013410379,164.5815207408461,-89.46057572553264,-128.1105840861683
1781.73828125,-81.0447456714344,-4.038582015950553,-87.73885872157197,74.77650140390006
1782.2265625,-81.19066034808009,-171.8211304535515,-85.82633116959281,-97.97872453845059
1782.71484375,-83.19149385912134,21.99016536794956,-85.41559067557587,79.94968781223957
1783.203125,-88.45558422782425,-141.4277876071261,-87.19980004354552,-121.0787328789367
1783.69140625,-91.99189860007516,78.56925882825281,-89.00531024807599,24.18409067184292
1784.1796875,-89.52488997496724,-75.18161132185671,-86.56404925249008,179.5657770499404
1784.66796875,-89.36673295445395,120.7974526158406,-83.24551251894871,-3.876011856840691
1785.15625,-90.71884687241663,-62.5380658762577,-81.10496470045257,172.1290906365301
1785.64453125,-90.25176034344078,93.65027370973344,-79.98361349856162,-12.94598510497114
1786.1328125,-93.20686694081562,-98.86911462560842,-80.40810169652667,157.9504300718712
1786.62109375,-96.84079403941014,61.42930756771079,-81.498124203247,-41.93422978378121
1787.109375,-93.34060064894379,-112.7001885347324,-82.72858899227835,118.7897945767449
1787.59765625,-94.42740796122891,83.74076930495838,-84.95496144210792,-86.69917561358169
1788.0859375,-97.34283160382222,-107.1990455256375,-85.27174754513584,61.90160573175803
1788.57421875,-95.02173687822263,60.27471155424711,-87.74894922442635,-124.1338149561884
1789.0625,-92.83782992924763,-94.66281357943733,-93.09492181546473,70.00891428702305
1789.55078125,-92.85089938428733,85.85096101440661,-93.407970051584,-99.70942301843648
1790.0390625,-96.9948969761691,-93.15673777479823,-92.94307848258552,97.77486697381963
1790.52734375,-92.74343004652081,145.5828684099021,-95.55199501899735,-57.60809293507522
1791.015625,-88.61956011726437,-16.81429778984392,-105.2314753370386,-146.2987444087427
1791.50390625,-87.09311266279956,-167.0955194817705,-92.12332055610557,101.3849525110772
1791.9921875,-85.99357416724183,26.72012539043675,-88.38766334314772,-72.88420286157934
1792.48046875,-90.5165881031691,-155.398092836183,-90.32141537246162,89.62727997230651
1792.96875,-101.7322916029208,62.97465257923211,-92.27774731025539,-149.3760072602245
1793.45703125,-96.12529002312813,-22.41262901062344,-89.37321799660984,-15.75849232948742
1793.9453125,-92.64105098497738,158.0424979986392,-84.32472465096743,143.733923551131
1794.43359375,-91.86733171840474,-80.37446508297555,-82.27390311067508,-44.72940541911635
1794.921875,-88.16603223358291,61.05525770204692,-84.74703774729862,119.8439843853787
1795.41015625,-87.62855933861519,-127.7697602351238,-89.47695989356772,-78.7135912482062
1795.8984375,-89.36022092926898,43.67509701534124,-100.8469085984971,66.5355127619208
1796.38671875,-92.96266234431144,169.4938263811825,-91.96466949555736,131.1935042313715
1796.875,-90.00016722360155,-58.0828731605577,-86.53791305797853,-69.59118989109591
1797.36328125,-89.22657844110662,126.5745001278808,-87.38344014366919,94.37820551271869
1797.8515625,-87.10014749509797,-44.49761310520638,-94.94815579036799,-131.4994287972721
1798.33984375,-87.03380309956634,128.3454215567994,-88.56379384417721,-5.756335102732852
1798.828125,-88.57188367275496,-53.04832599178673,-83.2380569153467,167.6733262296612
1799.31640625,-87.86636230215973,131.7102236452785,-81.40029190362196,-21.88624495891608
1799.8046875,-88.48581397314439,-61.96519898398317,-82.17597392331984,148.2648088767403
1800.29296875,-89.57764676541659,109.2110446027202,-84.33666578721393,-49.59985922376895
1800.78125,-88.66161532240893,-55.29308852434537,-86.34523396864795,99.63702823174209
1801.26953125,-87.05726974946944,128.5633585634769,-88.75488951242301,-117.4839673674143
1801.7578125,-86.05610744760524,-55.27750555174772,-96.98751905664304,1.054918843766534
1802.24609375,-86.02662464905194,122.311800426014,-88.62500545140716,61.07571556005696
1802.734375,-87.28924278915748,-62.3542224318826,-82.19117697845319,-130.3371075187217
1803.22265625,-87.70171934348281,110.3135857383846,-79.19072536176006,45.69777515932222
1803.7109375,-86.54545121051575,-72.48320130556249,-77.75840904834828,-138.9755832115232
1804.19921875,-86.43686625258988,114.8124590824481,-78.31593422407653,41.04111214759387
1804.6875,-86.55653815155119,-49.15646464225045,-80.88123595332451,-129.4385832943585
1805.17578125,-88.01976007837064,135.2765571497297,-83.35145846045414,67.13259895928101
1805.6640625,-95.85554931442999,-61.12967168175746,-85.77641490973689,-106.0781792931371
1806.15234375,-99.32156279136215,15.1613421070092,-87.79922090208829,71.46454895279828
1806.640625,-93.22913576557211,-166.1095712025047,-86.26060829302673,-121.9271392455561
1807.12890625,-93.76531370552519,27.82695101448046,-83.94624989042629,41.28102692854753
1807.6171875,-102.0847856837079,-57.56278467900667,-83.63302856175699,-147.945369150171
1808.10546875,-91.29716220973974,179.109243830967,-84.85731456910511,32.45345341498309
1808.59375,-89.68389309404655,13.01411893603342,-87.05921265882108,-143.1380903140226
1809.08203125,-91.94086969232259,-154.4926817930018,-89.72178286066928,18.42922081137615
1809.5703125,-100.8701788327002,75.66067167495088,-87.59269528925466,172.7087261569611
1810.05859375,-90.26880173608875,-17.00011710495918,-86.11762822260039,-4.968081641226152
1810.546875,-85.57444290598463,172.5982361591235,-86.38453789116321,-174.5109619731639
1811.03515625,-86.2215503371238,-1.725370005792618,-86.11041901698506,20.33955597199668
1811.5234375,-93.59904415955712,169.6401033542123,-85.32500689512879,-138.1929179005659
1812.01171875,-100.3084038824112,-144.9963939868732,-86.25866789667471,62.77802964226652
1812.5,-92.21660768486176,-0.6893117438516769,-89.1797880905894,-107.4504757486079
1812.98828125,-89.22960443565123,179.1655085162523,-92.85842009752929,71.93830845048258
1813.4765625,-89.66929235485335,22.3664651149564,-98.68876225883005,-111.2532696586426
1813.96484375,-91.18741046419602,-119.6195492663892,-97.71633346756914,9.742317891893043
1814.453125,-93.77515303501241,88.75292933820495,-93.05634792729045,161.186434568051
1814.94140625,-92.28498160046595,-80.69447937685274,-89.65697126986711,-31.77405754500308
1815.4296875,-88.52117697653259,97.9667889839131,-89.46444888382945,159.6262804164192
1815.91796875,-89.04403846031032,-78.59722184516002,-97.28516364410716,-4.31625173049291
1816.40625,-93.23322204679882,96.85117901893049,-101.0076871246883,-106.750410872272
1816.89453125,-95.9120069940615,-132.7284944134553,-92.2231775699032,71.3211711465019
1817.3828125,-93.89176349523864,34.65211805185209,-95.39775236219978,-101.370068757478
1817.87109375,-95.24044063376479,-140.2751495899257,-100.7457999794519,-175.7651630019714
1818.359375,-96.98203509063944,43.73072264721635,-93.96212740990265,-5.193064717196778
1818.84765625,-91.07510904944336,-81.97950237804231,-89.98153196791918,146.7778398060821
1819.3359375,-85.32280832131548,114.5892979108101,-86.13428492002998,-57.51598394779
1819.82421875,-85.14610241541931,-56.66552862191892,-82.36270245964548,98.77867333438833
1820.3125,-87.34224965273953,123.8530839622368,-80.05694471108893,-99.76102566287007
1820.80078125,-88.20140104356689,-85.89289149344768,-79.73325162681908,57.46043898542882
1821.2890625,-87.17588184269488,62.72859934589486,-78.98975035877429,-144.6255064791827
1821.77734375,-86.02145391437168,-140.753667041526,-78.84964182253182,27.6862270808138
1822.265625,-85.32957304067885,22.35644204823434,-79.55576166867199,-157.576692523434
1822.75390625,-87.66347568883049,-174.9393589903879,-81.1802809150815,24.61888259771049
1823.2421875,-93.85308233684052,-3.539235390481224,-85.11282689516719,-133.5121452763811
1823.73046875,-99.2327646686864,-128.1615000384472,-89.57064295067767,75.73334986041138
1824.21875,-91.75814307921846,95.82594127172321,-94.45878305627998,-117.3391247478246
1824.70703125,-85.82261990787191,-77.45775798586429,-95.13684418540429,13.3734690085421
1825.1953125,-84.30526619808992,104.2508355819052,-93.68979154467036,136.3395152379486
1825.68359375,-86.16378907571521,-68.22280096932333,-88.98427238913307,-78.99384458224762
1826.171875,-90.17059568349185,131.1486640180842,-89.31910865042823,82.16289567440059
1826.66015625,-93.79049985898631,19.12244661378364,-95.41031526385707,-131.2611715218467
1827.1484375,-89.62579484775961,-119.9284089911219,-94.42736595761546,-53.67500905889386
1827.63671875,-88.59448752050098,63.45983642939615,-87.41982704599923,110.8547102478084
1828.125,-86.05867386095399,-120.3149510619514,-86.64508022218862,-62.08816896979501
1828.61328125,-83.75273798966808,61.21579460713664,-88.06406065578928,139.2051693456719
1829.1015625,-84.48797704550005,-115.2490037654558,-87.95813331899762,-9.934036173806318
1829.58984375,-85.98891404820205,68.97085950317675,-89.54775837190081,-166.2870104427154
1830.078125,-85.89394027779329,-105.0424674226992,-96.91578844407758,0.4651715950624916
1830.56640625,-85.9122918154914,82.43248266973904,-94.2573500255081,118.6590189868964
1831.0546875,-85.6900057675181,-93.53399436005071,-94.8119361146274,-70.10184273628971
1831.54296875,-85.30387431114086,78.47146644912422,-103.6561275629107,138.4472958724855
1832.03125,-87.31479629057574,-107.500752099727,-105.460199475112,27.11417730153008
1832.51953125,-96.70948173678697,81.8336540616741,-96.98433746576045,-34.78857941826276
1833.0078125,-94.42618885524084,102.1055717705309,-90.18515252620696,159.9908941560961
1833.49609375,-85.84963992426668,-70.94233564668558,-86.8311612795801,-0.6438475638533664
1833.984375,-83.66030584216458,112.3878401021229,-84.38463099281702,-178.7610747808141
1834.47265625,-84.20609984298468,-63.52422902985684,-84.74541300864971,-5.455577464855978
1834.9609375,-86.00788720897073,120.4338317088432,-85.03330054494903,168.8391058017356
1835.44921875,-87.50285528625869,-53.53545214894049,-84.49957338875919,-18.10613375685282
1835.9375,-88.8814552270596,129.1149917041764,-86.38298210917969,157.5407444836271
1836.42578125,-89.84167087354109,-60.72269518819973,-90.92319445448439,5.810199297867891
1836.9140625,-86.97041758800269,98.19536722879134,-87.1101944532242,-118.9921744606582
1837.40234375,-83.96745169811666,-100.179010416899,-83.85324426697126,77.05213162347263
1837.890625,-82.83408719635999,65.13378139791928,-83.64967104933683,-97.35802783956032
1838.37890625,-82.97114452042035,-122.1793386240376,-83.72877907678861,83.42593564678432
1838.8671875,-84.00916928479923,54.13227592390263,-84.91559018721023,-88.97942339834741
1839.35546875,-86.52625804099451,-119.8553507426848,-87.95299839634312,104.2860127683002
1839.84375,-89.63989459172583,95.6756527341998,-90.39318982753394,-73.36991508096004
1840.33203125,-87.73104915114689,-46.75014713543172,-93.21252486431915,85.89213211636682
1840.8203125,-86.21076011165923,149.7027779041476,-90.4579308502469,-155.7482034860716
1841.30859375,-85.46884147594683,-8.200620958421501,-84.75393121452102,3.865329977917793
1841.796875,-84.40282068107976,-173.3347401736104,-83.12096654246739,176.4834120504092
1842.28515625,-86.50409431511474,5.42014537866332,-83.35208655292077,-7.39383651085681
1842.7734375,-90.16610784514624,162.4302340286582,-83.73449795747079,171.8164131442847
1843.26171875,-90.15636192771096,-51.67156112178269,-84.93913285412191,-12.32013639917081
1843.75,-88.11972760216153,99.60696877992659,-86.30262170050688,164.1484479693317
1844.23828125,-86.4932958327864,-91.15051479938586,-88.63543732830396,14.95562866218179
1844.7265625,-87.05672314600569,75.76676099616789,-87.51108347781366,-105.742838393569
1845.21484375,-87.31353925042315,-141.5574324208322,-85.58449344295632,103.0080657690522
1845.703125,-86.05009558794967,2.84795195912816,-86.80832861431176,-57.6789946802085
1846.19140625,-84.79593461298791,162.235260357586,-90.03123554055261,177.4061361691094
1846.6796875,-83.83742153483811,-28.19519126529474,-86.07893282787575,53.45495831609689
1847.16796875,-84.73104227279102,133.7056168281777,-83.73267244132884,-103.1263402351136
1847.65625,-88.18529134361178,-70.331210898633,-84.20949021708248,82.54034031942155
1848.14453125,-95.0735116817936,115.3915356678194,-87.60142754295948,-110.0960720129629
1848.6328125,-98.23428700755312,-30.30020704319941,-91.25510624772362,44.75231612821012
1849.12109375,-96.75582309671442,156.0353765013662,-92.57522059943665,-146.580372785319
1849.609375,-90.84269012216011,2.007810264812048,-92.77001385050278,64.99853116509418
1850.09765625,-88.72636135231093,-164.3968629173638,-87.18814488657252,-79.65317039074957
1850.5859375,-88.14900852576854,30.6101753282651,-84.38790596626691,115.5598273380299
1851.07421875,-85.71432471145833,-139.5532560740787,-83.93406779662871,-47.36333268205571
1851.5625,-84.52924636220462,47.76825371220424,-83.48772761900442,135.3372867091922
1852.05078125,-83.61110482069613,-125.7116139667525,-84.92816987899306,-52.62088597668459
1852.5390625,-83.55171146648773,55.46595019589082,-86.52355336126402,129.3101928775357
1853.02734375,-86.95572978156684,-117.5436294546739,-84.99586707077589,-35.07247391001994
1853.515625,-92.16920915060308,87.35871494457744,-83.68566754954662,163.6854878922393
1854.00390625,-98.53065687221041,-54.45732591166501,-82.49416619994122,0.7893982387299806
1854.4921875,-95.50012678563451,-136.9305304527359,-81.30867945769565,-166.689107693449
1854.98046875,-90.97620040788823,68.60860852727868,-81.36220160805374,26.70113460622147
1855.46875,-91.62848968122651,-111.4810866917264,-83.24082500127713,-140.7022151212624
1855.95703125,-92.81922070083652,8.061819516424443,-86.17928794909494,50.53163727446504
1856.4453125,-87.51139172374207,146.6874380742047,-87.49987787172972,-119.9007214554329
1856.93359375,-83.3133276994068,-41.65658685055437,-89.35094840813721,72.78398479420775
1857.421875,-80.22203861690129,139.6176507249812,-91.24551062703448,-95.38988181978665
1857.91015625,-80.42491767046107,-39.42135879109424,-90.20489066387816,75.57498832869739
1858.3984375,-84.04455632972677,145.550925962819,-91.11226914974856,-79.13313945528118
1858.88671875,-87.38726413184824,-28.52505091383827,-89.82700186105824,144.7172044572046
1859.375,-89.59062989117291,118.2951034958826,-93.88213418983099,-35.53061302085337
1859.86328125,-88.43356166604269,-92.78792481094868,-106.3101812867384,140.3249222022138
1860.3515625,-87.19146650550469,111.2581480659351,-95.13506216293004,49.51854733384516
1860.83984375,-86.78149401155174,-46.09419723191584,-89.24883795720032,-124.7292902470253
1861.328125,-88.66343439294258,165.9552931712909,-86.76664366518716,47.06468295495645
1861.81640625,-85.41644176608045,9.858270163765132,-86.26879878095862,-147.3765119654487
1862.3046875,-85.58159834637992,-171.5990196846317,-86.90289951449053,6.667889056859805
1862.79296875,-89.0793458478371,-20.31642730782988,-88.84100454514437,153.7442826061207
1863.28125,-86.88543079227304,132.3968702082708,-89.68710274822386,-94.43782074545615
1863.76953125,-87.79624792646212,-72.50692264730701,-87.51248375309251,88.28955540793392
1864.2578125,-86.32362317465319,49.21930334285354,-88.46225503358681,-52.495996725704
1864.74609375,-83.63289452434942,-153.4616879153101,-93.263904894698,163.5210332673282
1865.234375,-82.70117173827248,14.20549795467814,-94.76077213154358,18.37640561994737
1865.72265625,-82.64927864036579,-166.6228821733126,-95.34624634180689,-123.923532329253
1866.2109375,-84.28699462320066,16.58220005064563,-89.84614870759114,103.6249548761991
1866.69921875,-87.38822616313539,-166.962408867521,-86.93704195155564,-72.16716923324894
1867.1875,-89.31453603154685,14.35782974873249,-88.49658302305953,115.4141217469555
1867.67578125,-87.7635151862075,-171.6363591207891,-91.21618622944172,-36.80618347181135
1868.1640625,-86.39885009371451,4.684247056071696,-89.40431066072792,178.5890082092292
1868.65234375,-85.64544956084498,-163.911704837368,-85.01733518146239,20.23430725470116
1869.140625,-85.51357950530688,17.59908624897799,-82.56241909955361,-148.6782825493072
1869.62890625,-85.59971643171367,-175.3033027416759,-82.55566398537141,41.39954292141122
1870.1171875,-84.41759206501121,-1.987898259975022,-84.98755968966465,-121.1785882174256
1870.60546875,-84.81486957241052,177.1884901367017,-88.22320541061389,91.34508269607745
1871.09375,-87.76865311248562,-0.8033870299730347,-87.59423855174015,-65.75331685840445
1871.58203125,-93.88972599898156,-157.0237674808965,-87.40700047867205,123.1716535274658
1872.0703125,-92.1763815717199,101.5298084325706,-91.84688815586554,-38.7393597595705
1872.55859375,-86.91840619644069,-70.55589409234528,-98.18250150910609,-133.7640931373312
1873.046875,-87.72818804100734,95.16124828806196,-92.1913429873216,80.30186817065319
1873.53515625,-90.0474650023053,-124.593952135045,-89.16157447570436,-121.4857838152712
1874.0234375,-87.92936561604941,38.28898317011053,-84.63743540325308,36.560474168182
1874.51171875,-88.06441871319188,-139.3711485713847,-82.14502507693412,-165.7270161770331
1875,-89.81461349561492,48.05237549578235,-80.90809882268432,-10.67175883445415
1875.48828125,-90.83291754527858,-116.4010042419811,-80.67894609204816,150.6080938105151
1875.9765625,-95.11726588182481,91.81358401817235,-81.59644402574982,-45.40439293600397
1876.46484375,-105.9534188321545,19.41259095066868,-84.67891515807881,111.2689179436677
1876.953125,-90.64490736206636,-83.82920480120501,-87.08135575913505,-123.651920477702
1877.44140625,-85.21733599705371,94.35391287399659,-86.45060435699494,17.47189968123198
1877.9296875,-84.54489832317456,-84.69552749080691,-86.05784696023917,177.3545058326183
1878.41796875,-87.60008163356353,91.93160047678734,-83.60846961931655,-3.012153216206324
1878.90625,-90.43397893777941,-130.5663267789101,-83.7936243298178,-173.3956491115432
1879.39453125,-88.82058986517642,14.36261240609665,-86.77022893305342,32.77984899864329
1879.8828125,-88.21682738428534,169.9404747078705,-86.35678821661925,-121.0833235257356
1880.37109375,-87.99915913951801,-22.93759567985575,-85.85081654596179,68.54644970342164
1880.859375,-89.37892730995739,154.7274643495907,-86.07293160194315,-98.90739001032985
1881.34765625,-89.40871231387915,-20.46705668251584,-86.31754008241927,70.33004837847253
1881.8359375,-90.34175238657872,174.2137182549733,-86.79949065154254,-147.7203381943886
1882.32421875,-93.39279910009866,31.52745162439017,-86.34779027260575,6.181614774961886
1882.8125,-92.83312997331669,-139.0097045435397,-85.68396255121483,175.3241158038981
1883.30078125,-93.23741103136646,8.931964211026344,-85.24936928129151,-12.11729270883393
1883.7890625,-90.87284971537133,155.626007540107,-86.87400311180603,179.0521422613316
1884.27734375,-85.99627570915514,-24.0033026592025,-88.19230474899308,19.14425442363868
1884.765625,-83.97053636184518,157.9104234250586,-87.05216970663801,-156.7956178954646
1885.25390625,-86.46302467886385,-25.50667378721749,-85.80727790630507,32.56593040723278
1885.7421875,-92.20703204050606,133.883431801998,-86.99271788617516,-141.2227734386684
1886.23046875,-93.01354915412003,-114.1173911050238,-90.08267110246173,31.30401264624142
1886.71875,-89.18404548494941,35.89598439613192,-102.101478128507,-175.1331928235799
1887.20703125,-87.8218659695616,-153.675166671259,-90.10850697824431,-125.4790343695098
1887.6953125,-87.84903242461874,9.731257046825601,-84.57182509967929,57.00452168350135
1888.18359375,-89.11756573509683,172.8723603471072,-83.68653082020299,-130.8557983971495
1888.671875,-92.14379342536233,0.9512201817135125,-86.01016921453107,29.31071773328964
1889.16015625,-99.18424869859447,-143.2602171000395,-89.22863610606083,172.909434997634
1889.6484375,-94.17376078320575,145.9045125236582,-88.0986831470611,-44.06778640227849
1890.13671875,-87.57845901734348,-29.5211790933926,-89.64647294328005,110.701591106276
1890.625,-85.81246528057895,155.2645345501879,-95.2323452601284,-154.3327745924334
1891.11328125,-84.93077672275615,-19.32730711107047,-88.44846050139353,-18.93997542006348
1891.6015625,-84.8729163598089,153.2243879707478,-86.4929821123477,148.3203213503411
1892.08984375,-86.56996884209528,-39.46077164173728,-87.32847402394741,-59.42567687309644
1892.578125,-87.35720207084478,130.5829414900074,-89.2316616858067,68.52872953168642
1893.06640625,-86.22243885317511,-53.20934136026479,-87.83992706682699,-145.6647493999697
1893.5546875,-87.37090068646808,118.5513024037518,-86.7668191831951,36.1036975658342
1894.04296875,-89.48692189780795,-76.15180226325189,-86.91397643035891,-139.6000832381136
1894.53125,-88.88078401653659,105.0841824379079,-91.69923714343079,62.90314124895716
1895.01953125,-89.87502518655316,-73.7736553371851,-91.86948977624485,-51.36458746592189
1895.5078125,-95.35437256355776,86.4701496438274,-91.01033790214073,136.9147246294017
1895.99609375,-98.86751536827677,-104.0849067099112,-92.96264420414451,-51.73859608501197
1896.484375,-101.4900358355293,120.8036996252629,-94.98413027845336,124.2830305737432
1896.97265625,-98.56320011165798,39.52571436818915,-100.6519287376483,-51.32798036751883
1897.4609375,-92.54032680474801,-124.0590626173988,-104.8366664655537,87.88832023264673
1897.94921875,-93.44800731610304,41.40960824243971,-95.23867091528331,-91.8296251939196
1898.4375,-98.58025307777069,-175.7963957862324,-90.39059763595752,113.9487372697122
1898.92578125,-97.17353303088893,-24.66563092816723,-86.92653390004394,-58.7482619172641
1899.4140625,-94.02052447104715,152.8700924197818,-84.42534253588234,123.580521333709
1899.90234375,-95.91504671329585,-52.62094559570099,-83.77712480591471,-38.01290791420383
1900.390625,-95.98524972919571,110.049515193264,-84.43305366653672,160.347486085896
1900.87890625,-94.40399921561297,-52.14578125357575,-85.88593716029544,-8.74206120992501
1901.3671875,-90.3651660921563,120.9362491161049,-88.49018463131871,-164.4803898664867
1901.85546875,-84.80167239705294,-57.93747079213549,-92.61970741041114,80.83649130443843
1902.34375,-82.37249293445953,135.2011107521299,-89.57652932510696,-42.17660674234441
1902.83203125,-82.01601971838213,-34.73363161676513,-89.08278599186731,145.2949073516409
1903.3203125,-82.2923320689484,144.0629582746269,-91.68840455181393,-33.35090189927215
1903.80859375,-83.6571818718967,-37.40540965078072,-96.34808189484609,-167.1913272037734
1904.296875,-85.84632370858372,143.4086094345829,-91.41085959470382,75.82778775287954
1904.78515625,-85.80030757363529,-37.23358892847823,-89.23337587770055,-88.10924420519541
1905.2734375,-85.86267230905931,157.5748770352185,-91.76169169171229,85.94881010253025
1905.76171875,-90.91149101995302,13.77702397566428,-97.50966487096291,-117.2994359196606
1906.25,-93.70342336305397,-56.64743119336958,-103.7268435832421,102.6559786336154
1906.73828125,-86.88623237939618,158.3524913582581,-94.35210297644362,-45.8682337486637
1907.2265625,-82.91228291325385,-15.01075500477792,-89.19048691253658,118.6581435329297
1907.71484375,-80.82200804481182,171.0282296974536,-84.67010083281986,-76.67700975920958
1908.203125,-81.04534988459447,-3.51802211469597,-82.6267660534164,97.56837294704447
1908.69140625,-82.51088482330013,174.4479270850331,-84.20125786354822,-88.71955182678144
1909.1796875,-82.97297786428878,-7.65774331097708,-90.66330251038502,84.11932670527035
1909.66796875,-82.89182015008583,-178.6996356911932,-106.2019702844721,-12.02842375976677
1910.15625,-83.72921565028125,9.332040198468095,-96.0538158142345,-171.9749912549556
1910.64453125,-85.23418079070736,-156.0610336070718,-93.60454156011586,-6.37615832804056
1911.1328125,-85.29279242397253,49.20392763020472,-92.77785560719246,171.1976287941332
1911.62109375,-85.29360986137218,-118.3925468922635,-93.52000453449054,-22.02783880651378
1912.109375,-84.98386058011326,64.10889194115794,-100.1035603043679,-178.6777222105873
1912.59765625,-85.57031703845674,-130.8442206851105,-90.4501112680897,65.32757613626318
1913.0859375,-86.8460624990324,8.114848255593825,-84.65301322386128,-107.373509521649
1913.57421875,-85.32312158680034,162.6935598504208,-84.64032767387212,85.80620354789302
1914.0625,-83.76999986626819,-29.22123057468882,-87.86813711437935,-79.8376870133411
1914.55078125,-85.43966385491228,144.2797056776192,-88.32998186277916,120.6248536388899
1915.0390625,-91.6479955649706,-8.513593893080966,-86.23878853232172,-33.90099215877601
1915.52734375,-91.92071834837778,-153.7958790167409,-86.74508800320763,163.5924438438949
1916.015625,-92.30552823870296,20.53870596617165,-87.38268909622876,-33.38302258144575
1916.50390625,-90.54309582138632,168.9907617334725,-83.85476590713967,133.8103402511576
1916.9921875,-86.88541931250757,-35.13621169108377,-82.77537871173487,-34.5082549686903
1917.48046875,-85.55886954403591,139.2479330344732,-82.54334135697226,155.5227506135234
1917.96875,-85.77084659249175,-32.4586055475263,-81.97802380866342,-15.80106321278984
1918.45703125,-87.52424732031,170.1715506336596,-83.28274886270452,178.6075960417885
1918.9453125,-87.18407306258527,23.98302964415295,-89.10238633244502,9.702215563558395
1919.43359375,-85.71714801721811,-147.7425079368689,-115.8635820749223,-109.6462022100222
1919.921875,-86.42781186948707,24.33587666926597,-96.6791551977778,178.4632912048907
1920.41015625,-91.61634031817228,-154.9983146758158,-95.27974087861517,9.389017028950247
1920.8984375,-99.97151739214524,-156.3112624392267,-97.40403880976201,-130.7040996040257
1921.38671875,-88.62300827772303,43.50561187172098,-97.77426848810707,162.8835651600173
1921.875,-87.53846489572892,-138.1093249933671,-92.36316162557816,21.33968356006184
1922.36328125,-87.78428123159671,28.04637586897654,-96.63275023384142,-150.7721039785715
1922.8515625,-88.83061554194256,-159.4030631705918,-96.96680575386165,87.85672805742443
1923.33984375,-90.47866299736867,10.56114965926428,-87.93411952890644,-75.70491662336221
1923.828125,-91.40017836381013,-175.7234380785524,-86.63317035890944,100.7071844455903
1924.31640625,-97.94361768074214,11.55357240769247,-88.58242754629157,-93.88163685612547
1924.8046875,-98.18320050022504,-22.62817805590226,-89.8894098827237,80.9448233315629
1925.29296875,-88.86585719631614,168.527001302389,-94.22977534037699,-119.9931079011924
1925.78125,-86.07379356564051,-9.455185312498081,-92.90356059607166,-29.66023447646439
1926.26953125,-85.43674565983008,168.1935980648999,-88.35604149215675,122.6851428436054
1926.7578125,-85.8779864134013,-20.17552793268733,-86.93482985531112,-46.69719482225855
1927.24609375,-87.063625870179,140.7881481071453,-84.66317760055695,153.8618020429344
1927.734375,-86.36274287618161,-44.61991051732905,-87.17922724805425,-10.28922126108211
1928.22265625,-86.38132326652494,136.810271829816,-93.17151702549289,-120.8476377709514
1928.7109375,-87.49474519973744,-63.00477975613457,-86.75552056905546,103.7873901230064
1929.19921875,-87.99838049329787,111.2926357575564,-82.25269301981183,-66.15808332329077
1929.6875,-90.8330523428979,-48.43321835638275,-82.09348436224931,111.9856871259147
1930.17578125,-101.8639628642195,149.520540802349,-85.83754803403477,-88.77446285734084
1930.6640625,-98.71154950567256,131.0776459071701,-88.03293087920378,60.8708993963394
1931.15234375,-93.77555983371093,-59.9395425850981,-88.94014002383665,-150.6278568664716
1931.640625,-91.52726128741807,132.0498054589825,-89.56046194953825,1.66179861120497
1932.12890625,-92.37083762044352,-5.641248893556289,-93.04308336031092,-169.0451695955519
1932.6171875,-89.71205359804578,-126.2644938097571,-93.91922716814878,18.57830504187261
1933.10546875,-88.18573288606446,72.41494994658409,-90.94029596563318,-178.8909437537676
1933.59375,-89.25908617186394,-108.1732865707559,-86.30441640150838,7.778647350630343
1934.08203125,-88.36895589722771,50.44248207265179,-81.93291675098892,-163.6633175183472
1934.5703125,-86.43626136740673,-154.5704563021307,-80.17144275737388,22.89797761284839
1935.05859375,-84.61593249159803,11.4178753319639,-79.86083198500245,-146.7892702115445
1935.546875,-83.45352649481326,-169.8094283612377,-79.60663855376978,44.03436356487907
1936.03515625,-83.97491434868833,5.034976894015013,-81.3884243494266,-127.516230974482
1936.5234375,-87.05475673119209,173.2401932914815,-84.74427036449269,59.23597137093087
1937.01171875,-90.3002676030016,-22.66875501200942,-85.98334413950363,-126.4488805008952
1937.5,-91.29351784782548,139.3732608641757,-87.53358268661393,29.03266664105706
1937.98828125,-98.09890671614906,-38.36482275284052,-88.17233119659065,168.0191349484538
1938.4765625,-92.80316998503753,-90.1664505547386,-87.10296572683397,-44.28025640565668
1938.96484375,-87.37225052350431,112.8259951477064,-85.71567146024941,112.1262328825287
1939.453125,-86.57831592158146,-42.49560073408843,-84.89774537650305,-80.77177220950347
1939.94140625,-87.45520136503728,139.5438034572662,-84.74410805562374,91.77801783941301
1940.4296875,-89.39802058166376,-51.48439338042666,-87.09749091356989,-90.64322228760332
1940.91796875,-91.73927750542639,145.6977919830192,-92.65664235033441,116.6061606312425
1941.40625,-91.81545819313015,-14.90333150303922,-96.01459125722135,10.89889874529485
1941.89453125,-91.08863820892122,165.0784367913869,-90.80277800514692,-88.01611224177699
1942.3828125,-88.67319815259563,7.563915719147531,-85.27654536264295,105.1559189428551
1942.87109375,-86.55486428190984,-153.8179446855266,-82.44105509619493,-68.84506549974367
1943.359375,-85.75248330272532,39.85961994151515,-81.12866466270532,119.6630271022101
1943.84765625,-84.35941586705064,-136.6433974542934,-81.45615475782085,-65.7189800723864
1944.3359375,-84.80340353502227,21.12912090842656,-83.22085373834669,99.09091876834992
1944.82421875,-84.63840696438257,167.9083239733397,-89.38531142115067,-86.98188116073364
1945.3125,-83.75830289462705,-33.82264826981927,-100.8997833377221,-67.14326041203613
1945.80078125,-82.72857697730474,120.6427542771939,-88.37100318216056,105.8924048688161
1946.2890625,-82.80658151309508,-72.66536933401193,-83.73389568835839,-84.10711162818255
1946.77734375,-85.79248983207958,121.7670090985703,-82.34177608858111,104.6086912626874
1947.265625,-86.28818023410096,-23.99059293989328,-82.59595159924963,-45.01697767253466
1947.75390625,-84.15601243677784,171.7420593270071,-81.39739235478488,149.7588117209392
1948.2421875,-83.09570400367271,-5.863811816325991,-82.39517824032377,-23.43030712696967
1948.73046875,-83.4731304640118,167.1132710327391,-86.85080845393558,172.5140784847651
1949.21875,-85.89118924044914,-32.87061358163729,-95.23929073120797,6.201763002803672
1949.70703125,-87.51589012092344,116.1528930061646,-97.86010005905882,-40.27181671588463
1950.1953125,-86.5201375748438,-73.41289565242792,-92.06201712712171,165.586347883947
1950.68359375,-85.35648398684663,94.67183404150975,-91.82235035862668,25.85753637678399
1951.171875,-85.40901034061585,-95.76995302279441,-86.56958632900898,-143.959527914547
1951.66015625,-87.5579512717859,95.70537084810591,-81.75368859630805,38.24325860502567
1952.1484375,-91.11869466873317,-72.54383136627382,-79.64328043136815,-135.6715813735997
1952.63671875,-97.23257289318687,106.5124308160766,-79.71575351170436,49.92243633790642
1953.125,-95.50367395189114,-67.27521610043155,-82.84426758647521,-119.3582455486206
1953.61328125,-90.03567265249559,68.79110890686212,-92.38156675863009,118.8146893685264
1954.1015625,-84.61249236673204,-139.2235067977466,-86.25090724606704,30.81981797583054
1954.58984375,-82.3065370105089,34.7815907889137,-83.43989721691992,-134.5825913746523
1955.078125,-81.10850475230009,-152.1178569821396,-85.40780888827429,53.19083569359818
1955.56640625,-81.55342441427466,14.86207976607183,-90.22081642840422,-102.1646016025643
1956.0546875,-83.67807545744003,-174.6490815960745,-91.26594982415622,113.281742909006
1956.54296875,-84.77764880271147,10.3400833348844,-88.90576705869991,-58.13457584096084
1957.03125,-84.31297414999798,-160.4393161475443,-85.26298926782653,111.4563468955465
1957.51953125,-84.48238649770556,32.32848827283534,-83.28721126600804,-76.54254388118102
1958.0078125,-84.57258044514225,-137.8536953585137,-85.47317356584773,102.9480019321664
1958.49609375,-86.04125578440284,41.93936516510801,-92.0663841486344,-76.12108634560896
1958.984375,-90.07344233653669,-116.0703535317888,-113.1895443687695,93.03492052824241
1959.47265625,-89.27701633812374,120.125340668573,-92.5776690335846,105.4689290613994
1959.9609375,-85.93058922848007,-19.44329026552046,-88.28209695027013,-59.79590566407106
1960.44921875,-83.59168550796488,170.1884765767622,-88.62261131200925,139.3553816737611
1960.9375,-83.92846181061299,-20.26036459624246,-89.89316757270993,-32.7817691889835
1961.42578125,-85.02584567658741,156.3651690953457,-94.21731332341432,-174.4788468082345
1961.9140625,-86.11374125499327,-28.64067885371007,-90.09352708873577,94.93382454227999
1962.40234375,-87.49481493704269,136.6288918629642,-84.72344675411085,-48.58790166663491
1962.890625,-87.3053862054289,-48.09015237388639,-83.6892181805633,144.321507436158
1963.37890625,-85.83957588797405,125.129208281798,-89.7742424375118,-11.12973027860455
1963.8671875,-85.20858702659253,-77.84297793368111,-86.34336750485873,-92.01467326289351
1964.35546875,-84.04420725474517,80.08070388195139,-79.62158371011047,107.9406675908869
1964.84375,-82.46670467162572,-108.2957902331479,-77.33020145292122,-66.73539695958736
1965.33203125,-82.03745570082488,69.03138684795545,-78.32262102252436,113.2209382515877
1965.8203125,-84.15529264058902,-108.5698085958584,-82.77151038826253,-59.18251547057309
1966.30859375,-87.60681907075907,81.01465006480151,-89.04273169018389,-177.7967354964018
1966.796875,-89.83798747293594,-94.4649537387328,-84.12048089472832,37.95128446754433
1967.28515625,-91.98079299058566,72.50725231970429,-81.4424804679598,-144.673632410481
1967.7734375,-91.28968791107778,-139.4359586654404,-80.64794312790347,39.20553262770175
1968.26171875,-89.42977204781344,35.01293188437611,-82.65683884612289,-132.4363264916
1968.75,-92.61513685866596,-126.7994026406339,-86.21678227258647,75.70216766730323
1969.23828125,-95.89248950332882,106.9266449277252,-83.5710931638059,-67.5456509221865
1969.7265625,-92.1438128092759,-43.37857397657154,-81.65861986867631,127.7849176751016
1970.21484375,-89.77612421273105,157.1920038222326,-83.77472680901063,-47.76029103357658
1970.703125,-91.34716525365354,-8.967906361066175,-86.94635211042385,123.1092938679025
1971.19140625,-97.14899826401344,155.8971502492564,-89.54928138390663,-50.50391200285262
1971.6796875,-95.75958392794264,1.239311014778709,-95.01445475651538,131.107671888689
1972.16796875,-88.85234728949567,-145.6362554866525,-94.43436778537497,-59.14068600721441
1972.65625,-86.2464099213377,44.92691472129935,-90.31744594506434,141.2811009472697
1973.14453125,-84.59146221565902,-133.4864502336074,-90.41366567694281,-48.5385714956341
1973.6328125,-83.44571885233505,53.57483791795988,-88.62980578060788,107.6583362542915
1974.12109375,-83.10274477528947,-104.3507822703277,-85.57647590301833,-81.10680334473204
1974.609375,-82.83606976151012,98.072520284883,-82.63013760603157,89.09304895697197
1975.09765625,-83.16631855067045,-66.85513701970757,-79.85827971628041,-88.53773360848849
1975.5859375,-83.92953187083499,117.6713805892592,-78.25263047784621,92.88878694739053
1976.07421875,-86.33062364523157,-61.73766903863124,-78.24938444384183,-89.93056488979875
1976.5625,-91.8179362943789,117.515424327532,-80.18587402004974,94.28771930458704
1977.05078125,-95.52999193345713,-94.59933953553714,-84.9529391123064,-81.20953588229663
1977.5390625,-91.83075826569608,112.4875807093304,-91.08349038164602,93.90863889170768
1978.02734375,-86.7791244882263,-37.82677999364982,-93.16058320124159,-87.23914064963024
1978.515625,-86.42051786680264,157.4948511948105,-94.12238723061675,98.51488980079102
1979.00390625,-85.49088413768217,0.2614198501286225,-91.12591764304108,-54.53675654014089
1979.4921875,-84.87050679934245,-172.6472855838503,-88.33975341724609,134.1706279235913
1979.98046875,-89.53573065448916,23.56710206354682,-90.39539008173877,-24.62031837660182
1980.46875,-93.86087762507128,-140.0606073249624,-90.53072581379993,-161.7948722689754
1980.95703125,-91.4063917896511,-47.13360147570037,-90.96701164508013,29.30737001586247
1981.4453125,-84.47090199285468,106.5601032276422,-92.92149628212846,-156.4403222065941
1981.93359375,-83.49601560445146,-70.44957578486292,-91.77567624215213,-8.98689770248032
1982.421875,-84.69983525307333,111.0860264588168,-85.87034679970273,146.7505310752553
1982.91015625,-87.16854548289071,-79.98123929358941,-83.54101169764797,-38.72014603348112
1983.3984375,-94.90906759345944,86.16675637578696,-84.5893537701226,134.0216083157793
1983.88671875,-99.90859813919553,-161.3352575885458,-88.47430353826783,-53.45667226820151
1984.375,-96.75788261175347,27.86873392428262,-102.7187880926729,5.247536238550853
1984.86328125,-95.97493127266173,-121.1509862843995,-86.15103450761799,143.8313860527118
1985.3515625,-93.72134181212795,81.92799421027783,-82.24821961007282,-43.13788329237529
1985.83984375,-100.4420587177809,-89.02199242639978,-81.00536473457298,138.1286966650699
1986.328125,-95.78134483869762,-99.60187437060178,-82.54335858307235,-28.65594526741134
1986.81640625,-87.27296175576652,82.54773862962386,-85.081378901486,164.7672270095248
1987.3046875,-83.04867916906113,-80.88163934516459,-86.85189980492829,-13.02013481848573
1987.79296875,-80.97300365121411,118.9152940141517,-91.42266258599125,149.673215463537
1988.28125,-80.39720715914719,-40.87462217249941,-89.50575175952407,-86.64367552973661
1988.76953125,-79.55954405833988,160.1539360404995,-84.38600223116039,79.29750948399089
1989.2578125,-79.60874481078334,1.906212769685544,-81.51176003306169,-111.7714451488774
1989.74609375,-80.77337084973954,-149.1731840192709,-80.94559180755201,57.18401971010572
1990.234375,-82.76485875790294,58.42481430403256,-81.53158635505667,-138.8836617411146
1990.72265625,-85.01548051236421,-99.28918010454569,-81.36901696454942,29.27780595089851
1991.2109375,-84.57313295316651,73.67166503941668,-82.8063316041755,-156.2249145348757
1991.69921875,-83.61224222324611,-133.8392139915071,-88.0113927028905,22.64869567594579
1992.1875,-82.41473519818284,18.4979820127801,-105.9297538183493,-90.60246165035907
1992.67578125,-80.20486752594196,-169.5392365878549,-89.87960423843937,-169.0276400571625
1993.1640625,-80.18011190446133,13.91934040640324,-85.6400504778446,-2.840810126392267
1993.65234375,-83.93103357755606,-140.9565478468498,-83.67390319259586,159.3798617356269
1994.140625,-82.96242463827276,95.95063292803084,-84.03243916413368,-26.17136189402902
1994.62890625,-81.39254940877342,-63.48181754333425,-86.10704498777656,142.9725263930968
1995.1171875,-82.61266509133404,114.5970593217358,-89.05476911020742,-30.55772196509815
1995.60546875,-80.39958670656139,-92.1558277805578,-91.11338230094762,-132.8958333747163
1996.09375,-78.31814309646055,89.58458309915677,-85.84391331302254,102.2628822413263
1996.58203125,-78.28620885685405,-63.15688799152259,-83.83685622857445,-63.70212800231119
1997.0703125,-77.71273040385648,135.7912820746629,-85.31454805960021,121.7043725831036
1997.55859375,-79.13165100261973,-38.48462062108401,-88.86447040585573,-36.54386463103707
1998.046875,-76.72237983841276,-6.407303157401796,-91.92099534041648,164.4616989569454
1998.53515625,-49.91811424566514,176.8967546621958,-88.40458338067111,12.27326317384014
1999.0234375,-39.25303814883109,-1.078514780401298,-80.64117335596364,-169.5024014008936
1999.51171875,-35.76139864814421,179.7459726373316,-77.44209075702673,1.663452496851239
2000,-35.49414244162165,0,-77.04033767723271,180
