Time (s),Channel 1 (V),Channel 2 (V)
-0.005119218299711816,-2.882911179426926,-0.07147831865574249
-0.005117968299711816,-2.879213486928872,-0.07080138610899812
-0.005116718299711815,-2.894004256921088,-0.06944752101550969
-0.005115468299711816,-2.89770194941914,-0.07012445356225375
-0.005114218299711815,-2.89770194941914,-0.06809365592202064
-0.005112968299711816,-2.88660887192498,-0.0670782571019041
-0.005111718299711816,-2.879213486928872,-0.0691090547421372
-0.005110468299711816,-2.879213486928872,-0.06707825710190503
-0.005109218299711816,-2.890306564423033,-0.0670782571019041
-0.005107968299711815,-2.886608871924978,-0.06470899318829926
-0.005106718299711816,-2.882911179426926,-0.06572439200841536
-0.005105468299711815,-2.879213486928874,-0.06437052691492631
-0.005104218299711816,-2.882911179426926,-0.06369359436818224
-0.005102968299711816,-2.879213486928872,-0.06335512809481006
-0.005101718299711816,-2.882911179426926,-0.0626781955480657
-0.005100468299711816,-2.882911179426926,-0.06200126300132132
-0.005099218299711816,-2.879213486928874,-0.06098586418120523
-0.005097968299711816,-2.875515794430819,-0.06132433045457696
-0.005096718299711815,-2.879213486928869,-0.05997046536108837
-0.005095468299711816,-2.871818101932765,-0.0603089316344604
-0.005094218299711815,-2.882911179426921,-0.05760120144748307
-0.005092968299711816,-2.871818101932765,-0.0579396677208551
-0.005091718299711816,-2.868120409434712,-0.0579396677208551
-0.005090468299711816,-2.879213486928867,-0.05590887008062292
-0.005089218299711816,-2.875515794430819,-0.05624733635399418
-0.005087968299711816,-2.882911179426922,-0.05557040380725012
-0.005086718299711816,-2.871818101932765,-0.05455500498713325
-0.005085468299711815,-2.871818101932769,-0.05523193753387733
-0.005084218299711816,-2.879213486928872,-0.05455500498713325
-0.005082968299711815,-2.871818101932765,-0.05353960616701671
-0.005081718299711816,-2.864422716936658,-0.05286267362027233
-0.005080468299711816,-2.879213486928872,-0.05286267362027233
-0.005079218299711816,-2.87551579443082,-0.05015494343329609
-0.005077968299711816,-2.875515794430819,-0.05083187598003923
-0.005076718299711816,-2.875515794430819,-0.04981647715992314
-0.005075468299711816,-2.871818101932765,-0.04846261206643393
-0.005074218299711815,-2.864422716936656,-0.04846261206643362
-0.005072968299711816,-2.860725024438604,-0.04778567951968957
-0.005071718299711815,-2.864422716936658,-0.0471087469729452
-0.005070468299711816,-2.860725024438604,-0.04643181442620083
-0.005069218299711816,-2.857027331940551,-0.04440101678596772
-0.005067968299711816,-2.868120409434707,-0.04541641560608382
-0.005066718299711816,-2.864422716936658,-0.04440101678596772
-0.005065468299711815,-2.857027331940554,-0.04406255051259462
-0.005064218299711816,-2.864422716936658,-0.04203175287236242
-0.005062968299711815,-2.857027331940547,-0.04203175287236196
-0.005061718299711816,-2.849631946944444,-0.04101635405224588
-0.005060468299711816,-2.857027331940551,-0.0403394215055015
-0.005059218299711816,-2.853329639442497,-0.04000095523212932
-0.005057968299711816,-2.857027331940551,-0.03966248895875714
-0.005056718299711816,-2.864422716936654,-0.03898555641201307
-0.005055468299711816,-2.857027331940551,-0.03797015759189622
-0.005054218299711815,-2.853329639442489,-0.03695475877177843
-0.005052968299711816,-2.834841176952229,-0.03424702858480218
-0.005051718299711815,-2.84593425444639,-0.03526242740491858
-0.005050468299711816,-2.84593425444639,-0.03492396113154655
-0.005049218299711816,-2.853329639442497,-0.03492396113154655
-0.005047968299711816,-2.842236561948341,-0.0332316297646864
-0.005046718299711816,-2.842236561948337,-0.03221623094456907
-0.005045468299711816,-2.842236561948337,-0.03187776467119705
-0.005044218299711816,-2.849631946944444,-0.03153929839782471
-0.005042968299711815,-2.84593425444639,-0.03052389957770784
-0.005041718299711816,-2.84593425444639,-0.02984696703096379
-0.005040468299711815,-2.838538869450283,-0.0295085007575916
-0.005039218299711816,-2.834841176952229,-0.02747770311735849
-0.005037968299711816,-2.838538869450283,-0.02680077057061412
-0.005036718299711816,-2.831143484454179,-0.02612383802387006
-0.005035468299711816,-2.834841176952229,-0.02713923684398631
-0.005034218299711816,-2.831143484454178,-0.02510843920375412
-0.005032968299711816,-2.831143484454176,-0.02476997293038102
-0.005031718299711815,-2.834841176952224,-0.02307764156351978
-0.005030468299711816,-2.823748099458069,-0.02240070901677572
-0.005029218299711815,-2.823748099458069,-0.02240070901677572
-0.005027968299711816,-2.827445791956122,-0.02036991137654262
-0.005026718299711816,-2.823748099458069,-0.02003144510317043
-0.005025468299711816,-2.820050406960017,-0.0196929788297984
-0.005024218299711816,-2.816352714461961,-0.01901604628305388
-0.005022968299711815,-2.812655021963904,-0.01766218118956483
-0.005021718299711816,-2.805259636967801,-0.01698524864282077
-0.005020468299711815,-2.797864251971697,-0.01495445100258843
-0.005019218299711816,-2.805259636967801,-0.01664678236944859
-0.005017968299711816,-2.801561944469747,-0.01495445100258766
-0.005016718299711816,-2.805259636967801,-0.01495445100258766
-0.005015468299711816,-2.79416655947364,-0.01529291727595985
-0.005014218299711816,-2.790468866975588,-0.0125851870889836
-0.005012968299711816,-2.786771174477533,-0.01224672081561019
-0.005011718299711815,-2.786771174477529,-0.01055438944874942
-0.005010468299711816,-2.779375789481425,-0.01089285572212145
-0.005009218299711815,-2.775678096983359,-0.008523591808515849
-0.005007968299711816,-2.746096556998943,-0.007846659261771787
-0.005006718299711816,-2.746096556998943,-0.006831260441655233
-0.005005468299711816,-2.727608094508675,-0.007508192988399602
-0.005004218299711816,-2.720212709512568,-0.006831260441655233
-0.005002968299711816,-2.683235784532049,-0.004800462801423048
-0.005001718299711816,-1.891929589948565,-0.004461996528049941
-0.005000468299711815,-1.237438017792452,-0.004800462801421048
-0.004999218299711816,0.1454989764789595,-0.002431198887816833
-0.004997968299711815,1.036642868509873,-0.003785063981305571
-0.004996718299711816,1.761390598128376,-0.001415800067700279
-0.004995468299711816,2.460254480260503,-0.0004004012475837255
-0.004994218299711816,2.51202217523323,0.0002765312991603359
-0.004992968299711816,2.537906022719628,0.001291930119277197
-0.004991718299711816,2.545301407715732,0.001968862666021259
-0.004990468299711816,2.56009217770795,0.00298426148613812
-0.004989218299711815,2.574882947700162,0.003661194032882798
-0.004987968299711816,2.57118525520211,0.004338126579626859
-0.004986718299711815,2.589673717692378,0.005353525399743412
-0.004985468299711816,2.585976025194325,0.006368924219859966
-0.004984218299711816,2.593371410190432,0.006368924219859966
-0.004982968299711816,2.58967371769238,0.007722789313348089
-0.004981718299711816,2.589673717692378,0.009415120680209627
-0.004980468299711815,2.597069102688487,0.009076654406838058
-0.004979218299711816,2.600766795186539,0.01043051950032618
-0.004977968299711815,2.604464487684591,0.01043051950032664
-0.004976718299711816,2.600766795186539,0.01144591832044273
-0.004975468299711816,2.600766795186539,0.01043051950032618
-0.004974218299711816,2.597069102688486,0.01347671596067584
-0.004972968299711816,2.604464487684593,0.01347671596067584
-0.004971718299711816,2.597069102688489,0.01381518223404787
-0.004970468299711816,2.600766795186539,0.01550751360090895
-0.004969218299711815,2.608162180182644,0.01719984496777003
-0.004967968299711816,2.604464487684593,0.01753831124114206
-0.004966718299711815,2.597069102688486,0.01719984496776956
-0.004965468299711816,2.597069102688486,0.0165229124210255
-0.004964218299711816,2.604464487684593,0.01855371006125861
-0.004962968299711816,2.604464487684593,0.02024604142811954
-0.004961718299711816,2.600766795186539,0.02126144024823609
-0.004960468299711816,2.597069102688487,0.02058450770149203
-0.004959218299711816,2.604464487684593,0.02227683906835264
-0.004957968299711815,2.597069102688489,0.0239691704352131
-0.004956718299711816,2.604464487684593,0.02295377161509701
-0.004955468299711815,2.600766795186539,0.02498456925533012
-0.004954218299711816,2.597069102688486,0.02566150180207449
-0.004952968299711816,2.593371410190432,0.02633843434881886
-0.004951718299711816,2.597069102688484,0.02701536689556292
-0.004950468299711816,2.589673717692378,0.02836923198905196
-0.004949218299711816,2.59337141019043,0.02735383316893587
-0.004947968299711816,2.593371410190432,0.02803076571567978
-0.004946718299711815,2.600766795186534,0.03073849590265741
-0.004945468299711816,2.589673717692378,0.03107696217602944
-0.004944218299711815,2.600766795186539,0.03107696217602944
-0.004942968299711816,2.593371410190432,0.0317538947227738
-0.004941718299711816,2.589673717692378,0.03243082726951818
-0.004940468299711816,2.589673717692378,0.03310775981626224
-0.004939218299711816,2.593371410190432,0.03344622608963474
-0.004937968299711816,2.58967371769238,0.03547702372986692
-0.004936718299711816,2.585976025194325,0.03649242254998439
-0.004935468299711815,2.585976025194328,0.03480009118312454
-0.004934218299711816,2.593371410190432,0.03716935509672877
-0.004932968299711816,2.593371410190432,0.03852322019021751
-0.004931718299711816,2.585976025194325,0.03987708528370625
-0.004930468299711816,2.589673717692378,0.03953861901033405
-0.004929218299711816,2.589673717692378,0.04055401783045014
-0.004927968299711816,2.582278332696271,0.04224634919731153
-0.004926718299711815,2.585976025194325,0.04089248410382279
-0.004925468299711816,2.585976025194325,0.04089248410382279
-0.004924218299711815,2.582278332696271,0.04224634919731215
-0.004922968299711816,2.582278332696271,0.04360021429080027
-0.004921718299711816,2.589673717692378,0.04393868056417245
-0.004920468299711816,2.578580640198218,0.04461561311091683
-0.004919218299711816,2.585976025194325,0.04664641075114993
-0.004917968299711816,2.574882947700169,0.04698487702452196
-0.004916718299711816,2.57118525520211,0.0473233432978943
-0.004915468299711815,2.578580640198219,0.04800027584463898
-0.004914218299711816,2.582278332696271,0.04867720839138304
-0.004912968299711815,2.578580640198219,0.0496926072114999
-0.004911718299711816,2.582278332696271,0.05036953975824396
-0.004910468299711816,2.574882947700164,0.05036953975824396
-0.004909218299711816,2.567487562704061,0.05003107348487193
-0.004907968299711816,2.582278332696271,0.05273880367184926
-0.004906718299711816,2.571185255202115,0.05341573621859332
-0.004905468299711816,2.574882947700164,0.0537542024919658
-0.004904218299711815,2.571185255202112,0.05409266876533815
-0.004902968299711816,2.574882947700164,0.05443113503871018
-0.004901718299711815,2.574882947700164,0.05544653385882672
-0.004900468299711816,2.57118525520211,0.0561234664055711
-0.004899218299711816,2.585976025194325,0.0561234664055711
-0.004897968299711816,2.571185255202117,0.05646193267894313
-0.004896718299711816,2.578580640198218,0.05646193267894328
-0.004895468299711816,2.571185255202114,0.05849273031917546
-0.004894218299711816,2.574882947700164,0.05916966286592076
-0.004892968299711815,2.578580640198218,0.06052352795940966
-0.004891718299711816,2.578580640198218,0.06086199423278169
-0.004890468299711816,2.57118525520211,0.06187739305289824
-0.004889218299711816,2.57118525520211,0.06120046050615387
-0.004887968299711816,2.574882947700164,0.06086199423278169
-0.004886718299711816,2.571185255202112,0.06390819069312996
-0.004885468299711816,2.574882947700164,0.06323125814638697
-0.004884218299711815,2.578580640198214,0.06424665696650322
-0.004882968299711816,2.57118525520211,0.06356972441975915
-0.004881718299711815,2.567487562704061,0.0649235895132482
-0.004880468299711816,2.574882947700164,0.06560052205999227
-0.004879218299711816,2.574882947700164,0.06593898833336445
-0.004877968299711816,2.57118525520211,0.06661592088010881
-0.004876718299711816,2.567487562704057,0.06729285342685319
-0.004875468299711816,2.567487562704057,0.06864671852034132
-0.004874218299711816,2.57118525520211,0.06966211734045848
-0.004872968299711815,2.567487562704062,0.07033904988720255
-0.004871718299711816,2.578580640198218,0.06966211734045848
-0.004870468299711815,2.578580640198218,0.07067751616057534
-0.004869218299711816,2.578580640198218,0.0713544487073194
-0.004867968299711816,2.57118525520211,0.0713544487073194
-0.004866718299711816,2.567487562704059,0.0723698475274355
-0.004865468299711816,2.574882947700164,0.07236984752743596
-0.004864218299711816,2.574882947700164,0.07338524634755206
-0.004862968299711816,2.567487562704057,0.07440064516766906
-0.004861718299711815,2.571185255202114,0.07406217889429688
-0.004860468299711816,2.578580640198218,0.07406217889429688
-0.004859218299711815,2.574882947700164,0.0757545102611578
-0.004857968299711816,2.578580640198218,0.07609297653452998
-0.004856718299711816,2.567487562704057,0.07609297653452998
-0.004855468299711816,2.563789870206005,0.07778530790139014
-0.004854218299711816,2.57118525520211,0.07744684162801872
-0.004852968299711816,2.578580640198214,0.07744684162801872
-0.004851718299711816,2.578580640198218,0.07846224044813528
-0.004850468299711815,2.578580640198214,0.07913917299487949
-0.004849218299711816,2.57118525520211,0.07880070672150746
-0.004847968299711816,2.567487562704057,0.0801545718149962
-0.004846718299711816,2.57118525520211,0.07981610554162402
-0.004845468299711816,2.57118525520211,0.08150843690848494
-0.004844218299711816,2.563789870206007,0.08150843690848494
-0.004842968299711816,2.567487562704057,0.08184690318185713
-0.004841718299711815,2.563789870206005,0.08218536945522961
-0.004840468299711816,2.567487562704057,0.08286230200197368
-0.004839218299711815,2.571185255202107,0.08353923454871789
-0.004837968299711816,2.563789870206003,0.08320076827534587
-0.004836718299711816,2.567487562704057,0.08421616709546241
-0.004835468299711816,2.574882947700164,0.08421616709546241
-0.004834218299711816,2.574882947700164,0.08421616709546241
-0.004832968299711816,2.578580640198216,0.08455463336883445
-0.004831718299711816,2.57118525520211,0.08523156591557897
-0.004830468299711815,2.571185255202107,0.08827776237592848
-0.004829218299711816,2.563789870206003,0.08793929610255645
-0.004827968299711815,2.560092177707955,0.08861622864930005
-0.004826718299711816,2.57118525520211,0.08692389728243989
-0.004825468299711816,2.567487562704057,0.08793929610255645
-0.004824218299711816,2.567487562704057,0.08760082982918442
-0.004822968299711816,2.563789870206003,0.08895469492267301
-0.004821718299711816,2.578580640198211,0.0899700937427891
-0.004820468299711816,2.574882947700164,0.08929316119604519
-0.004819218299711815,2.567487562704059,0.08997009374278986
-0.004817968299711816,2.57118525520211,0.09064702628953393
-0.004816718299711815,2.567487562704057,0.09030856001616173
-0.004815468299711816,2.574882947700164,0.09064702628953393
-0.004814218299711816,2.57118525520211,0.09200089138302266
-0.004812968299711816,2.560092177707955,0.09267782392976673
-0.004811718299711816,2.57118525520211,0.09098549256290611
-0.004810468299711816,2.574882947700162,0.09233935765639424
-0.004809218299711816,2.563789870206003,0.09200089138302266
-0.004807968299711815,2.567487562704061,0.09301629020313922
-0.004806718299711816,2.574882947700164,0.09301629020313922
-0.004805468299711816,2.574882947700164,0.09403168902325577
-0.004804218299711816,2.57118525520211,0.09369322274988359
-0.004802968299711816,2.582278332696271,0.09267782392976703
-0.004801718299711816,2.574882947700167,0.09437015529662719
-0.004800468299711816,2.567487562704057,0.09403168902325577
-0.004799218299711815,2.574882947700164,0.09538555411674436
-0.004797968299711816,2.574882947700164,0.09504708784337232
-0.004796718299711815,2.574882947700159,0.0957240203901167
-0.004795468299711816,2.563789870206003,0.0957240203901167
-0.004794218299711816,2.567487562704057,0.09470862157000014
-0.004792968299711816,2.567487562704057,0.09640095293686106
-0.004791718299711816,2.57118525520211,0.09707788548360544
-0.004790468299711816,2.57118525520211,0.09741635175697747
-0.004789218299711816,2.563789870206003,0.09877021685046636
-0.004787968299711815,2.563789870206007,0.09673941921023324
-0.004786718299711816,2.57118525520211,0.09673941921023324
-0.004785468299711815,2.57488294770016,0.09673941921023355
-0.004784218299711816,2.567487562704057,0.09741635175697762
-0.004782968299711816,2.57118525520211,0.09809328430372198
-0.004781718299711816,2.567487562704059,0.09809328430372198
-0.004780468299711816,2.574882947700164,0.09741635175697762
-0.004779218299711816,2.571185255202112,0.09775481803034965
-0.004777968299711816,2.574882947700164,0.09843175057709418
-0.004776718299711815,2.571185255202112,0.09843175057709433
-0.004775468299711816,2.574882947700164,0.09877021685046636
-0.004774218299711815,2.567487562704057,0.09877021685046636
-0.004772968299711816,2.567487562704057,0.0997856156705829
-0.004771718299711816,2.57118525520211,0.1001240819439551
-0.004770468299711816,2.57118525520211,0.099108683123839
-0.004769218299711816,2.578580640198218,0.09843175057709418
-0.004767968299711816,2.567487562704062,0.09843175057709418
-0.004766718299711816,2.57118525520211,0.0997856156705829
-0.004765468299711815,2.574882947700159,0.1001240819439556
-0.004764218299711816,2.563789870206003,0.1011394807640716
-0.004762968299711815,2.57118525520211,0.09910868312383854
-0.004761718299711816,2.578580640198218,0.1004625482173273
-0.004760468299711816,2.567487562704057,0.09944714939721072
-0.004759218299711816,2.571185255202109,0.1001240819439548
-0.004757968299711816,2.57118525520211,0.1004625482173273
-0.004756718299711815,2.567487562704061,0.1008010144906995
-0.004755468299711816,2.574882947700164,0.1008010144906995
-0.004754218299711815,2.571185255202112,0.1018164133108153
-0.004752968299711816,2.574882947700164,0.1001240819439551
-0.004751718299711816,2.567487562704057,0.1011394807640716
-0.004750468299711816,2.574882947700164,0.1004625482173273
-0.004749218299711816,2.574882947700164,0.1014779470374438
-0.004747968299711816,2.571185255202112,0.1014779470374438
-0.004746718299711816,2.567487562704057,0.1004625482173273
-0.004745468299711815,2.563789870206012,0.09877021685046682
-0.004744218299711816,2.582278332696271,0.0997856156705829
-0.004742968299711815,2.578580640198216,0.1011394807640718
-0.004741718299711816,2.574882947700164,0.1014779470374438
-0.004740468299711816,2.563789870206003,0.0997856156705829
-0.004739218299711816,2.574882947700159,0.1001240819439549
-0.004737968299711816,2.563789870206003,0.09944714939721072
-0.004736718299711816,2.567487562704055,0.1008010144906989
-0.004735468299711816,2.567487562704057,0.1021548795841882
-0.004734218299711815,2.567487562704057,0.1014779470374434
-0.004732968299711816,2.567487562704057,0.1004625482173273
-0.004731718299711815,2.567487562704057,0.1008010144906995
-0.004730468299711816,2.57118525520211,0.0997856156705829
-0.004729218299711816,2.578580640198218,0.09944714939721072
-0.004727968299711816,2.574882947700166,0.1004625482173268
-0.004726718299711816,2.567487562704057,0.1004625482173273
-0.004725468299711816,2.57488294770016,0.1011394807640713
-0.004724218299711816,2.567487562704057,0.1008010144906995
-0.004722968299711815,2.567487562704057,0.1001240819439549
-0.004721718299711816,2.567487562704057,0.0997856156705829
-0.004720468299711815,2.578580640198218,0.1004625482173273
-0.004719218299711816,2.567487562704057,0.1004625482173273
-0.004717968299711816,2.567487562704057,0.09809328430372198
-0.004716718299711816,2.567487562704057,0.09944714939721011
-0.004715468299711816,2.563789870206003,0.09944714939721072
-0.004714218299711815,2.571185255202107,0.09944714939721026
-0.004712968299711816,2.563789870206003,0.09843175057709418
-0.004711718299711815,2.57488294770016,0.09741635175697823
-0.004710468299711816,2.567487562704057,0.09877021685046636
-0.004709218299711816,2.57118525520211,0.09910868312383854
-0.004707968299711816,2.574882947700164,0.09741635175697762
-0.004706718299711816,2.574882947700164,0.09809328430372198
-0.004705468299711816,2.574882947700164,0.09843175057709402
-0.004704218299711816,2.567487562704057,0.09809328430372198
-0.004702968299711815,2.567487562704057,0.09775481803034995
-0.004701718299711816,2.567487562704057,0.09809328430372198
-0.004700468299711815,2.571185255202107,0.09673941921023385
-0.004699218299711816,2.563789870206003,0.09809328430372198
-0.004697968299711816,2.57118525520211,0.09606248666348888
-0.004696718299711816,2.57118525520211,0.09606248666348888
-0.004695468299711816,2.567487562704057,0.09606248666348888
-0.004694218299711816,2.57488294770016,0.09673941921023294
-0.004692968299711816,2.57118525520211,0.09673941921023324
-0.004691718299711815,2.571185255202112,0.09741635175697669
-0.004690468299711816,2.574882947700164,0.09538555411674451
-0.004689218299711815,2.574882947700164,0.0957240203901167
-0.004687968299711816,2.57118525520211,0.0957240203901167
-0.004686718299711816,2.563789870206003,0.09403168902325577
-0.004685468299711816,2.571185255202107,0.09403168902325577
-0.004684218299711816,2.563789870206003,0.0933547564765114
-0.004682968299711816,2.574882947700159,0.09403168902325547
-0.004681718299711816,2.57118525520211,0.09470862157000014
-0.004680468299711815,2.574882947700162,0.09403168902325516
-0.004679218299711816,2.57118525520211,0.09267782392976703
-0.004677968299711815,2.574882947700164,0.09233935765639485
-0.004676718299711816,2.574882947700164,0.09132395883627829
-0.004675468299711816,2.567487562704057,0.09166242510965047
-0.004674218299711816,2.571185255202109,0.09132395883627845
-0.004672968299711816,2.574882947700164,0.09030856001616173
-0.004671718299711815,2.563789870206007,0.09098549256290626
-0.004670468299711816,2.57118525520211,0.09132395883627829
-0.004669218299711815,2.57118525520211,0.09030856001616158
-0.004667968299711816,2.57118525520211,0.08997009374278955
-0.004666718299711816,2.57118525520211,0.08895469492267301
-0.004665468299711816,2.578580640198218,0.08929316119604519
-0.004664218299711816,2.567487562704057,0.08861622864930081
-0.004662968299711816,2.567487562704057,0.08760082982918473
-0.004661718299711816,2.582278332696271,0.08692389728243989
-0.004660468299711815,2.57488294770016,0.08827776237592802
-0.004659218299711816,2.567487562704057,0.08692389728243989
-0.004657968299711815,2.578580640198211,0.08726236355581207
-0.004656718299711816,2.563789870206003,0.08726236355581207
-0.004655468299711816,2.57118525520211,0.08658543100906771
-0.004654218299711816,2.567487562704057,0.08353923454871805
-0.004652968299711816,2.574882947700164,0.08624696473569553
-0.004651718299711816,2.563789870206008,0.0848930996422074
-0.004650468299711816,2.567487562704057,0.08421616709546241
-0.004649218299711815,2.57118525520211,0.08252383572860134
-0.004647968299711816,2.57118525520211,0.08218536945522931
-0.004646718299711815,2.582278332696271,0.08218536945522931
-0.004645468299711816,2.574882947700164,0.08252383572860149
-0.004644218299711816,2.567487562704057,0.08353923454871805
-0.004642968299711816,2.567487562704057,0.08252383572860195
-0.004641718299711816,2.574882947700164,0.08083150436174057
-0.004640468299711816,2.563789870206008,0.07981610554162448
-0.004639218299711816,2.567487562704057,0.07913917299487964
-0.004637968299711815,2.574882947700164,0.07812377417476386
-0.004636718299711816,2.574882947700164,0.07981610554162402
-0.004635468299711815,2.567487562704057,0.0801545718149962
-0.004634218299711816,2.567487562704057,0.0781237741747631
-0.004632968299711816,2.563789870206003,0.07744684162801872
-0.004631718299711816,2.567487562704055,0.07609297653453059
-0.004630468299711816,2.57118525520211,0.07643144280790218
-0.004629218299711815,2.563789870206005,0.07609297653452922
-0.004627968299711816,2.567487562704057,0.07440064516766906
-0.004626718299711815,2.571185255202107,0.07541604398778501
-0.004625468299711816,2.563789870206003,0.07406217889429688
-0.004624218299711816,2.56009217770795,0.07406217889429688
-0.004622968299711816,2.57118525520211,0.07338524634755252
-0.004621718299711816,2.574882947700164,0.07236984752743596
-0.004620468299711816,2.582278332696267,0.07203138125406393
-0.004619218299711816,2.567487562704057,0.07203138125406378
-0.004617968299711815,2.567487562704057,0.07169291498069129
-0.004616718299711816,2.567487562704057,0.07101598243394722
-0.004615468299711815,2.567487562704061,0.07067751616057427
-0.004614218299711816,2.574882947700164,0.06898518479371411
-0.004612968299711816,2.57118525520211,0.06830825224696974
-0.004611718299711816,2.567487562704057,0.06830825224696974
-0.004610468299711816,2.56009217770795,0.06729285342685319
-0.004609218299711816,2.563789870206001,0.06695438715348116
-0.004607968299711816,2.57118525520211,0.06627745460673663
-0.004606718299711815,2.567487562704062,0.06593898833336476
-0.004605468299711816,2.578580640198218,0.06661592088010881
-0.004604218299711815,2.563789870206003,0.06560052205999227
-0.004602968299711816,2.574882947700164,0.06526205578662007
-0.004601718299711816,2.57118525520211,0.06255432559964261
-0.004600468299711816,2.57118525520211,0.06221585932627058
-0.004599218299711816,2.56009217770795,0.06187739305289824
-0.004597968299711816,2.571185255202106,0.0625543255996423
-0.004596718299711816,2.57118525520211,0.06086199423278169
-0.004595468299711815,2.563789870206005,0.05984659541266543
-0.004594218299711816,2.567487562704057,0.0605235279594095
-0.004592968299711815,2.567487562704057,0.06018506168603731
-0.004591718299711816,2.567487562704057,0.05781579777243202
-0.004590468299711816,2.567487562704057,0.05781579777243202
-0.004589218299711816,2.57488294770016,0.05713886522568797
-0.004587968299711816,2.578580640198218,0.05544653385882672
-0.004586718299711816,2.556394485209906,0.05578500013219877
-0.004585468299711816,2.563789870206003,0.05510806758545454
-0.004584218299711815,2.563789870206005,0.0540926687653383
-0.004582968299711816,2.567487562704057,0.05476960131208236
-0.004581718299711816,2.57118525520211,0.05307726994522144
-0.004580468299711816,2.563789870206003,0.05240033739847708
-0.004579218299711816,2.574882947700164,0.05138493857836052
-0.004577968299711816,2.571185255202112,0.05138493857836052
-0.004576718299711816,2.57118525520211,0.05070800603161614
-0.004575468299711815,2.560092177707951,0.04969260721149975
-0.004574218299711816,2.563789870206003,0.05003107348487178
-0.004572968299711815,2.563789870206003,0.04867720839138273
-0.004571718299711816,2.563789870206003,0.04800027584463867
-0.004570468299711816,2.567487562704057,0.04800027584463867
-0.004569218299711816,2.567487562704057,0.04563101193103337
-0.004567968299711816,2.56009217770795,0.04596947820440556
-0.004566718299711816,2.563789870206001,0.04461561311091745
-0.004565468299711816,2.567487562704057,0.04427714683754463
-0.004564218299711815,2.567487562704055,0.04393868056417138
-0.004562968299711816,2.563789870206003,0.04156941665056717
-0.004561718299711815,2.567487562704053,0.04123095037719544
-0.004560468299711816,2.56009217770795,0.04224634919731153
-0.004559218299711816,2.56009217770795,0.04055401783045061
-0.004557968299711816,2.56009217770795,0.03886168646359046
-0.004556718299711816,2.56009217770795,0.03920015273696187
-0.004555468299711816,2.563789870206001,0.03784628764347375
-0.004554218299711816,2.56009217770795,0.03852322019021751
-0.004552968299711815,2.567487562704057,0.03716935509672877
-0.004551718299711816,2.567487562704057,0.03716935509672877
-0.004550468299711815,2.556394485209896,0.03480009118312347
-0.004549218299711816,2.563789870206003,0.03513855745649566
-0.004547968299711816,2.552696792711842,0.03446162490975128
-0.004546718299711816,2.552696792711842,0.03310775981626316
-0.004545468299711816,2.567487562704057,0.032092360996146
-0.004544218299711816,2.560092177707953,0.03141542844940193
-0.004542968299711816,2.563789870206003,0.032092360996146
-0.004541718299711815,2.552696792711839,0.03107696217602852
-0.004540468299711816,2.545301407715735,0.02904616453579633
-0.004539218299711816,2.552696792711842,0.02803076571567978
-0.004537968299711816,2.567487562704057,0.02870769826242415
-0.004536718299711816,2.567487562704057,0.02803076571567978
-0.004535468299711816,2.552696792711849,0.02701536689556369
-0.004534218299711816,2.556394485209896,0.02633843434881886
-0.004532968299711815,2.556394485209892,0.02667690062219012
-0.004531718299711816,2.548999100213789,0.02464610298195793
-0.004530468299711815,2.552696792711841,0.02363070416184015
-0.004529218299711816,2.548999100213789,0.0209229739748639
-0.004527968299711816,2.552696792711842,0.02261530534172483
-0.004526718299711816,2.556394485209896,0.02126144024823609
-0.004525468299711816,2.545301407715735,0.02024604142811954
-0.004524218299711816,2.548999100213787,0.0199075751547475
-0.004522968299711816,2.548999100213789,0.0188921763346308
-0.004521718299711815,2.54530140771574,0.01923064260800252
-0.004520468299711816,2.556394485209896,0.01821524378788643
-0.004519218299711815,2.541603715217684,0.01584597987428144
-0.004517968299711816,2.545301407715735,0.0165229124210255
-0.004516718299711816,2.541603715217682,0.01381518223404803
-0.004515468299711816,2.548999100213786,0.013476715960676
-0.004514218299711816,2.541603715217682,0.0121228508671871
-0.004512968299711816,2.541603715217682,0.01381518223404726
-0.004511718299711816,2.534208330221575,0.0121228508671871
-0.004510468299711815,2.537906022719626,0.01144591832044273
-0.004509218299711816,2.534208330221575,0.01144591832044273
-0.004507968299711815,2.537906022719628,0.009076654406837442
-0.004506718299711816,2.530510637723521,0.008399721860093074
-0.004505468299711816,2.526812945225467,0.00738432303997652
-0.004504218299711816,2.526812945225467,0.007722789313348551
-0.004502968299711816,2.534208330221575,0.006030457946487782
-0.004501718299711816,2.526812945225471,0.006030457946487782
-0.004500468299711816,2.526812945225467,0.004338126579626859
-0.004499218299711815,2.515719867731303,0.003999660306254058
-0.004497968299711816,2.508324482735199,0.002645795212765936
-0.004496718299711816,2.508324482735199,0.002645795212765936
-0.004495468299711816,2.508324482735199,0.001968862666021566
-0.004494218299711816,2.493533712742985,0.0006149975725328283
-0.004492968299711816,2.478742942750777,0.0006149975725328283
-0.004491718299711816,2.486138327746878,-0.0007388675209559101
-0.004490468299711815,2.445463710268253,-0.00175426634107231
-0.004489218299711816,2.367812167809163,-0.001415800067700279
-0.004487968299711815,2.094182922952818,-0.003446597707934157
-0.004486718299711816,1.258504418393088,-0.00513892907479431
-0.004485468299711816,-0.2242702733263989,-0.005815861621538678
-0.004484218299711816,-1.059948777886509,-0.00513892907479431
-0.004482968299711816,-2.069418829855137,-0.006154327894910864
-0.004481718299711816,-2.749794249496687,-0.006492794168282894
-0.004480468299711816,-2.771980404485318,-0.007846659261771787
-0.004479218299711815,-2.794166559473652,-0.009877456902004894
-0.004477968299711816,-2.820050406960015,-0.009877456902004894
-0.004476718299711815,-2.831143484454178,-0.01021592317537785
-0.004475468299711816,-2.834841176952229,-0.011908254542238
-0.004474218299711816,-2.853329639442497,-0.011908254542238
-0.004472968299711816,-2.845934254446393,-0.01258518708898206
-0.004471718299711816,-2.860725024438604,-0.01393905218247111
-0.004470468299711816,-2.860725024438604,-0.01360058590909908
-0.004469218299711816,-2.860725024438604,-0.01495445100258766
-0.004467968299711815,-2.860725024438606,-0.01630831609607686
-0.004466718299711816,-2.864422716936658,-0.01732371491619296
-0.004465468299711815,-2.875515794430819,-0.01732371491619296
-0.004464218299711816,-2.875515794430819,-0.01766218118956514
-0.004462968299711816,-2.88660887192498,-0.01935451255642606
-0.004461718299711816,-2.88660887192498,-0.02036991137654216
-0.004460468299711816,-2.882911179426926,-0.0207083776499148
-0.004459218299711816,-2.882911179426926,-0.02206224274340293
-0.004457968299711816,-2.88660887192498,-0.0207083776499148
-0.004456718299711815,-2.886608871924978,-0.02206224274340462
-0.004455468299711816,-2.882911179426926,-0.02443150665700883
-0.004454218299711816,-2.882911179426926,-0.02476997293038102
-0.004452968299711816,-2.890306564423033,-0.0251084392037532
-0.004451718299711816,-2.88660887192498,-0.02578537175049757
-0.004450468299711816,-2.897701949419135,-0.02578537175049757
-0.004449218299711816,-2.894004256921086,-0.02781616939073068
-0.004447968299711815,-2.897701949419137,-0.02950850075759191
-0.004446718299711816,-2.890306564423033,-0.03018543330433597
-0.004445468299711815,-2.890306564423033,-0.02917003448422003
-0.004444218299711816,-2.890306564423033,-0.03052389957770815
-0.004442968299711816,-2.890306564423033,-0.03018543330433597
-0.004441718299711816,-2.88660887192498,-0.03221623094456907
-0.004440468299711816,-2.894004256921086,-0.03323162976468563
-0.004439218299711816,-2.890306564423035,-0.0328931634913136
-0.004437968299711816,-2.879213486928872,-0.03390856231143
-0.004436718299711815,-2.890306564423031,-0.03526242740491827
-0.004435468299711816,-2.88660887192498,-0.03424702858480218
-0.004434218299711815,-2.88660887192498,-0.03593935995166342
-0.004432968299711816,-2.88660887192498,-0.03661629249840748
-0.004431718299711816,-2.890306564423033,-0.03864709013864058
-0.004430468299711816,-2.890306564423033,-0.03864709013864058
-0.004429218299711816,-2.890306564423033,-0.03966248895875714
-0.004427968299711816,-2.886608871924981,-0.03966248895875714
-0.004426718299711816,-2.882911179426926,-0.04000095523212932
-0.004425468299711815,-2.886608871924981,-0.04067788777887432
-0.004424218299711816,-2.890306564423033,-0.04203175287236242
-0.004422968299711815,-2.894004256921086,-0.0427086854191068
-0.004421718299711816,-2.894004256921086,-0.04406255051259554
-0.004420468299711816,-2.890306564423033,-0.04372408423922335
-0.004419218299711816,-2.886608871924981,-0.04440101678596742
-0.004417968299711816,-2.88660887192498,-0.04643181442620083
-0.004416718299711816,-2.890306564423031,-0.04575488187945677
-0.004415468299711816,-2.890306564423033,-0.04609334815282864
-0.004414218299711815,-2.894004256921083,-0.04710874697294613
-0.004412968299711816,-2.88660887192498,-0.04913954461317831
-0.004411718299711815,-2.879213486928872,-0.04880107833980613
-0.004410468299711816,-2.88660887192498,-0.05049340970666705
-0.004409218299711816,-2.879213486928872,-0.05015494343329487
-0.004407968299711816,-2.890306564423028,-0.05083187598003892
-0.004406718299711816,-2.890306564423033,-0.05252420734690015
-0.004405468299711815,-2.894004256921083,-0.0508318759800403
-0.004404218299711816,-2.88660887192498,-0.05320113989364451
-0.004402968299711815,-2.890306564423029,-0.0528626736202731
-0.004401718299711816,-2.882911179426926,-0.05455500498713325
-0.004400468299711816,-2.879213486928872,-0.05624733635399418
-0.004399218299711816,-2.882911179426926,-0.05557040380724981
-0.004397968299711816,-2.88660887192498,-0.05658580262736637
-0.004396718299711816,-2.882911179426928,-0.05726273517411043
-0.004395468299711816,-2.894004256921086,-0.05658580262736637
-0.004394218299711815,-2.894004256921083,-0.05997046536108806
-0.004392968299711816,-2.88660887192498,-0.05963199908771603
-0.004391718299711815,-2.890306564423031,-0.0603089316344607
-0.004390468299711816,-2.88660887192498,-0.06098586418120476
-0.004389218299711816,-2.894004256921086,-0.06166279672794914
-0.004387968299711816,-2.894004256921086,-0.06200126300132117
-0.004386718299711816,-2.879213486928872,-0.06064739790783258
-0.004385468299711816,-2.890306564423028,-0.06267819554806477
-0.004384218299711816,-2.88660887192498,-0.06335512809481006
-0.004382968299711815,-2.882911179426929,-0.06470899318829834
-0.004381718299711816,-2.890306564423033,-0.06369359436818224
-0.004380468299711815,-2.89770194941914,-0.06538592573504316
-0.004379218299711816,-2.894004256921086,-0.06606285828178754
-0.004377968299711816,-2.890306564423033,-0.06741672337527628
-0.004376718299711816,-2.897701949419137,-0.06606285828178815
-0.004375468299711816,-2.894004256921086,-0.0667397908285319
-0.004374218299711816,-2.894004256921086,-0.067755189648648
-0.004372968299711816,-2.894004256921086,-0.06877058846876502
-0.004371718299711815,-2.897701949419139,-0.06978598728888187
-0.004370468299711816,-2.894004256921086,-0.07046291983562594
-0.004369218299711815,-2.894004256921086,-0.07080138610899812
-0.004367968299711816,-2.890306564423033,-0.07080138610899812
-0.004366718299711816,-2.89770194941914,-0.07080138610899812
-0.004365468299711816,-2.894004256921088,-0.07113985238237015
-0.004364218299711816,-2.894004256921086,-0.07249371747585905
-0.004362968299711815,-2.894004256921086,-0.07283218374923169
-0.004361718299711816,-2.894004256921086,-0.07384758256934779
-0.004360468299711815,-2.897701949419139,-0.07384758256934824
-0.004359218299711816,-2.894004256921086,-0.07486298138946433
-0.004357968299711816,-2.89770194941914,-0.07655531275632527
-0.004356718299711816,-2.89770194941914,-0.07621684648295307
-0.004355468299711816,-2.894004256921086,-0.07621684648295307
-0.004354218299711816,-2.882911179426931,-0.07689377902969714
-0.004352968299711816,-2.894004256921086,-0.07824764412318619
-0.004351718299711815,-2.901399641917189,-0.07824764412318588
-0.004350468299711816,-2.890306564423033,-0.07757071157644181
-0.004349218299711815,-2.89770194941914,-0.07723224530307056
-0.004347968299711816,-2.89770194941914,-0.07926304294330273
-0.004346718299711816,-2.901399641917194,-0.08061690803679147
-0.004345468299711816,-2.890306564423038,-0.08129384058353555
-0.004344218299711816,-2.901399641917194,-0.08061690803679147
-0.004342968299711816,-2.897701949419142,-0.08061690803679147
-0.004341718299711816,-2.901399641917194,-0.08129384058353585
-0.004340468299711815,-2.89770194941914,-0.08264770567702504
-0.004339218299711816,-2.89770194941914,-0.08366310449714114
-0.004337968299711815,-2.89770194941914,-0.08264770567702458
-0.004336718299711816,-2.905097334415248,-0.08400157077051332
-0.004335468299711816,-2.905097334415248,-0.08298617195039677
-0.004334218299711816,-2.901399641917195,-0.08298617195039677
-0.004332968299711816,-2.894004256921086,-0.08467850331725769
-0.004331718299711816,-2.897701949419139,-0.08467850331725769
-0.004330468299711816,-2.905097334415248,-0.08738623350423516
-0.004329218299711815,-2.908795026913297,-0.08670930095749049
-0.004327968299711816,-2.901399641917194,-0.08603236841074643
-0.004326718299711815,-2.89770194941914,-0.08569390213737424
-0.004325468299711816,-2.89770194941914,-0.0867093009574908
-0.004324218299711816,-2.901399641917194,-0.08806316605097954
-0.004322968299711816,-2.901399641917194,-0.0887400985977236
-0.004321718299711816,-2.89770194941914,-0.0887400985977239
-0.004320468299711815,-2.905097334415248,-0.08874009859772436
-0.004319218299711816,-2.905097334415248,-0.08975549741784046
-0.004317968299711815,-2.905097334415246,-0.0880631660509803
-0.004316718299711816,-2.901399641917194,-0.08975549741784046
-0.004315468299711816,-2.89770194941914,-0.08941703114446828
-0.004314218299711816,-2.89770194941914,-0.09144782878470138
-0.004312968299711816,-2.89770194941914,-0.0911093625113292
-0.004311718299711816,-2.908795026913296,-0.09077089623795717
-0.004310468299711816,-2.905097334415248,-0.0911093625113292
-0.004309218299711815,-2.905097334415249,-0.09246322760481809
-0.004307968299711816,-2.908795026913301,-0.09280169387819012
-0.004306718299711815,-2.905097334415243,-0.09246322760481794
-0.004305468299711816,-2.894004256921086,-0.09246322760481794
-0.004304218299711816,-2.912492719411354,-0.09212476133144575
-0.004302968299711816,-2.908795026913301,-0.0931401601515623
-0.004301718299711816,-2.908795026913301,-0.09449402524505104
-0.004300468299711816,-2.905097334415249,-0.09347862642493494
-0.004299218299711816,-2.905097334415248,-0.0931401601515623
-0.004297968299711815,-2.905097334415246,-0.09314016015156307
-0.004296718299711816,-2.901399641917194,-0.09483249151842323
-0.004295468299711815,-2.905097334415248,-0.0955094240651676
-0.004294218299711816,-2.908795026913301,-0.0955094240651676
-0.004292968299711816,-2.905097334415248,-0.09618635661191197
-0.004291718299711816,-2.908795026913299,-0.096524822885284
-0.004290468299711816,-2.905097334415248,-0.09652482288528415
-0.004289218299711816,-2.908795026913299,-0.09381709269830792
-0.004287968299711816,-2.912492719411354,-0.09618635661191197
-0.004286718299711815,-2.908795026913299,-0.09652482288528445
-0.004285468299711816,-2.905097334415248,-0.09720175543202852
-0.004284218299711815,-2.901399641917194,-0.09652482288528415
-0.004282968299711816,-2.908795026913301,-0.09720175543202852
-0.004281718299711816,-2.912492719411354,-0.09754022170540071
-0.004280468299711816,-2.908795026913303,-0.09821715425214476
-0.004279218299711816,-2.905097334415248,-0.09821715425214507
-0.004277968299711815,-2.9013996419172,-0.09787868797877289
-0.004276718299711816,-2.916190411909408,-0.09787868797877289
-0.004275468299711815,-2.901399641917199,-0.09754022170540116
-0.004274218299711816,-2.912492719411354,-0.09855562052551727
-0.004272968299711816,-2.905097334415248,-0.09821715425214507
-0.004271718299711816,-2.905097334415248,-0.09821715425214507
-0.004270468299711816,-2.912492719411354,-0.09889408679888945
-0.004269218299711816,-2.908795026913303,-0.0995710193456335
-0.004267968299711816,-2.908795026913301,-0.09923255307226163
-0.004266718299711815,-2.908795026913303,-0.09787868797877319
-0.004265468299711816,-2.912492719411354,-0.09855562052551727
-0.004264218299711815,-2.916190411909405,-0.1002479518923783
-0.004262968299711816,-2.908795026913301,-0.1005864181657504
-0.004261718299711816,-2.908795026913301,-0.09990948561900599
-0.004260468299711816,-2.901399641917194,-0.09957101934563381
-0.004259218299711816,-2.905097334415248,-0.09923255307226163
-0.004257968299711816,-2.905097334415248,-0.09923255307226163
-0.004256718299711816,-2.908795026913301,-0.09990948561900599
-0.004255468299711815,-2.916190411909405,-0.1002479518923783
-0.004254218299711816,-2.908795026913301,-0.1005864181657504
-0.004252968299711815,-2.912492719411354,-0.1005864181657504
-0.004251718299711816,-2.901399641917194,-0.09957101934563381
-0.004250468299711816,-2.912492719411354,-0.1002479518923782
-0.004249218299711816,-2.912492719411354,-0.09957101934563412
-0.004247968299711816,-2.908795026913301,-0.1002479518923782
-0.004246718299711816,-2.912492719411353,-0.09990948561900614
-0.004245468299711816,-2.905097334415248,-0.1012633507124947
-0.004244218299711815,-2.912492719411353,-0.09957101934563381
-0.004242968299711816,-2.908795026913301,-0.09957101934563381
-0.004241718299711815,-2.912492719411354,-0.09889408679888945
-0.004240468299711816,-2.905097334415248,-0.09923255307226163
-0.004239218299711816,-2.912492719411354,-0.1005864181657504
-0.004237968299711816,-2.908795026913303,-0.0999094856190063
-0.004236718299711816,-2.908795026913301,-0.09990948561900599
-0.004235468299711816,-2.905097334415249,-0.100247951892378
-0.004234218299711816,-2.923585796905515,-0.1009248844391226
-0.004232968299711815,-2.912492719411353,-0.1012633507124943
-0.004231718299711816,-2.908795026913301,-0.1002479518923782
-0.004230468299711816,-2.916190411909408,-0.09957101934563381
-0.004229218299711816,-2.908795026913301,-0.09889408679888945
-0.004227968299711816,-2.905097334415248,-0.09923255307226163
-0.004226718299711816,-2.905097334415248,-0.09990948561900569
-0.004225468299711816,-2.905097334415248,-0.09923255307226163
-0.004224218299711815,-2.912492719411353,-0.09855562052551742
-0.004222968299711816,-2.908795026913301,-0.09889408679888945
-0.004221718299711815,-2.916190411909405,-0.09855562052551772
-0.004220468299711816,-2.908795026913301,-0.09957101934563381
-0.004219218299711816,-2.908795026913301,-0.09889408679888945
-0.004217968299711816,-2.912492719411354,-0.09990948561900599
-0.004216718299711816,-2.919888104407462,-0.09821715425214507
-0.004215468299711816,-2.912492719411358,-0.09923255307226117
-0.004214218299711816,-2.905097334415248,-0.09855562052551727
-0.004212968299711815,-2.905097334415249,-0.09787868797877319
-0.004211718299711816,-2.908795026913301,-0.09855562052551727
-0.004210468299711815,-2.916190411909408,-0.09855562052551727
-0.004209218299711816,-2.905097334415248,-0.09720175543202852
-0.004207968299711816,-2.912492719411354,-0.09787868797877289
-0.004206718299711816,-2.901399641917199,-0.09787868797877289
-0.004205468299711816,-2.901399641917194,-0.09720175543202852
-0.004204218299711816,-2.912492719411349,-0.09754022170540055
-0.004202968299711816,-2.912492719411354,-0.09720175543202852
-0.004201718299711815,-2.905097334415248,-0.09618635661191166
-0.004200468299711816,-2.905097334415248,-0.0955094240651676
-0.004199218299711815,-2.905097334415248,-0.09584789033853978
-0.004197968299711816,-2.905097334415248,-0.0955094240651676
-0.004196718299711816,-2.905097334415248,-0.09584789033853978
-0.004195468299711816,-2.901399641917195,-0.09550942406516776
-0.004194218299711816,-2.912492719411354,-0.09584789033853978
-0.004192968299711816,-2.894004256921095,-0.09517095779179571
-0.004191718299711816,-2.901399641917194,-0.09483249151842323
-0.004190468299711815,-2.901399641917197,-0.09550942406516684
-0.004189218299711816,-2.908795026913301,-0.09381709269830668
-0.004187968299711816,-2.905097334415248,-0.09347862642493449
-0.004186718299711816,-2.908795026913301,-0.09347862642493449
-0.004185468299711816,-2.908795026913301,-0.09415555897167886
-0.004184218299711816,-2.908795026913301,-0.09280169387819073
-0.004182968299711816,-2.912492719411354,-0.09347862642493449
-0.004181718299711815,-2.905097334415248,-0.09280169387818966
-0.004180468299711816,-2.905097334415248,-0.09178629505807356
-0.004179218299711815,-2.897701949419145,-0.09110936251132981
-0.004177968299711816,-2.908795026913301,-0.09246322760481794
-0.004176718299711816,-2.905097334415248,-0.09212476133144575
-0.004175468299711816,-2.912492719411354,-0.09077089623795702
-0.004174218299711816,-2.901399641917194,-0.08941703114446828
-0.004172968299711816,-2.901399641917194,-0.08975549741784031
-0.004171718299711816,-2.89770194941914,-0.0887400985977239
-0.004170468299711815,-2.905097334415249,-0.09144782878470077
-0.004169218299711816,-2.908795026913301,-0.09009396369121264
-0.004167968299711815,-2.908795026913296,-0.08941703114446735
-0.004166718299711816,-2.89770194941914,-0.08738623350423516
-0.004165468299711816,-2.894004256921086,-0.08840163232435172
-0.004164218299711816,-2.90139964191719,-0.08704776723086359
-0.004162968299711816,-2.901399641917194,-0.08738623350423516
-0.004161718299711816,-2.905097334415246,-0.08704776723086313
-0.004160468299711816,-2.905097334415248,-0.08738623350423516
-0.004159218299711815,-2.901399641917192,-0.08806316605097861
-0.004157968299711816,-2.89770194941914,-0.08603236841074643
-0.004156718299711815,-2.905097334415248,-0.08603236841074643
-0.004155468299711816,-2.894004256921086,-0.08535543586400206
-0.004154218299711816,-2.901399641917194,-0.08535543586400206
-0.004152968299711816,-2.89400425692109,-0.084678503317258
-0.004151718299711816,-2.89770194941914,-0.08298617195039677
-0.004150468299711816,-2.901399641917192,-0.08264770567702473
-0.004149218299711816,-2.89770194941914,-0.08264770567702458
-0.004147968299711815,-2.901399641917194,-0.08230923940365209
-0.004146718299711816,-2.901399641917194,-0.08163230685690803
-0.004145468299711816,-2.89770194941914,-0.08163230685690803
-0.004144218299711816,-2.890306564423033,-0.07993997549004711
-0.004142968299711816,-2.89770194941914,-0.07993997549004711
-0.004141718299711816,-2.89770194941914,-0.07993997549004711
-0.004140468299711816,-2.89770194941914,-0.08027844176341929
-0.004139218299711815,-2.894004256921088,-0.07960150921667507
-0.004137968299711816,-2.89770194941914,-0.07993997549004711
-0.004136718299711815,-2.886608871924983,-0.07824764412318573
-0.004135468299711816,-2.894004256921086,-0.07723224530306963
-0.004134218299711816,-2.894004256921086,-0.07587838020958089
-0.004132968299711816,-2.894004256921086,-0.07689377902969745
-0.004131718299711816,-2.89770194941914,-0.07689377902969745
-0.004130468299711816,-2.894004256921088,-0.07587838020958135
-0.004129218299711816,-2.890306564423033,-0.07486298138946433
-0.004127968299711815,-2.890306564423035,-0.07452451511609215
-0.004126718299711816,-2.894004256921086,-0.07452451511609215
-0.004125468299711815,-2.882911179426926,-0.07350911629597545
-0.004124218299711816,-2.882911179426926,-0.07317065002260341
-0.004122968299711816,-2.89770194941914,-0.07283218374923123
-0.004121718299711816,-2.894004256921088,-0.07283218374923123
-0.004120468299711816,-2.890306564423033,-0.07113985238237031
-0.004119218299711816,-2.894004256921085,-0.0701244535622542
-0.004117968299711816,-2.88660887192498,-0.07046291983562594
-0.004116718299711815,-2.890306564423028,-0.07012445356225344
-0.004115468299711816,-2.879213486928872,-0.06944752101550938
-0.004114218299711815,-2.88660887192498,-0.06944752101550938
-0.004112968299711816,-2.88660887192498,-0.06775518964864846
-0.004111718299711816,-2.882911179426926,-0.06809365592202064
-0.004110468299711816,-2.882911179426926,-0.06741672337527659
-0.004109218299711816,-2.875515794430819,-0.0670782571019041
-0.004107968299711816,-2.882911179426922,-0.06572439200841597
-0.004106718299711816,-2.890306564423033,-0.06403206064155444
-0.004105468299711815,-2.886608871924978,-0.06470899318829834
-0.004104218299711816,-2.882911179426926,-0.06369359436818224
-0.004102968299711816,-2.875515794430819,-0.0647089931882988
-0.004101718299711816,-2.882911179426926,-0.0626781955480657
-0.004100468299711816,-2.890306564423033,-0.06098586418120476
-0.004099218299711816,-2.882911179426929,-0.06166279672794883
-0.004097968299711816,-2.882911179426926,-0.0603089316344604
-0.004096718299711815,-2.882911179426922,-0.05997046536108806
-0.004095468299711816,-2.875515794430819,-0.05963199908771603
-0.004094218299711815,-2.875515794430815,-0.05861660026759932
-0.004092968299711816,-2.868120409434712,-0.05827813399422729
-0.004091718299711816,-2.871818101932765,-0.05692426890073855
-0.004090468299711816,-2.88660887192498,-0.05726273517411073
-0.004089218299711816,-2.875515794430819,-0.05692426890073855
-0.004087968299711816,-2.882911179426922,-0.05658580262736652
-0.004086718299711816,-2.875515794430819,-0.05590887008062199
-0.004085468299711815,-2.871818101932763,-0.05455500498713218
-0.004084218299711816,-2.868120409434712,-0.05218574107352797
-0.004082968299711815,-2.875515794430814,-0.0532011398936439
-0.004081718299711816,-2.864422716936658,-0.05184727480015579
-0.004080468299711816,-2.860725024438604,-0.05015494343329487
-0.004079218299711816,-2.87181810193276,-0.05150880852678297
-0.004077968299711816,-2.868120409434712,-0.05083187598003923
-0.004076718299711816,-2.868120409434712,-0.0504934097066672
-0.004075468299711816,-2.871818101932765,-0.04947801088655049
-0.004074218299711815,-2.864422716936656,-0.04778567951968941
-0.004072968299711816,-2.860725024438604,-0.04744721324631739
-0.004071718299711815,-2.853329639442497,-0.04643181442620083
-0.004070468299711816,-2.853329639442497,-0.04575488187945646
-0.004069218299711816,-2.864422716936658,-0.04507794933271209
-0.004067968299711816,-2.864422716936658,-0.04541641560608413
-0.004066718299711816,-2.857027331940551,-0.04406255051259554
-0.004065468299711816,-2.857027331940551,-0.04406255051259554
-0.004064218299711816,-2.868120409434712,-0.04135482032561806
-0.004062968299711815,-2.853329639442499,-0.04237021914573431
-0.004061718299711816,-2.857027331940551,-0.04169328659899024
-0.004060468299711815,-2.860725024438604,-0.04237021914573462
-0.004059218299711816,-2.857027331940551,-0.04000095523212932
-0.004057968299711816,-2.84593425444639,-0.03898555641201276
-0.004056718299711816,-2.849631946944442,-0.03763169131852465
-0.004055468299711816,-2.857027331940551,-0.03797015759189622
-0.004054218299711815,-2.849631946944446,-0.03695475877177951
-0.004052968299711816,-2.853329639442497,-0.03661629249840748
-0.004051718299711815,-2.84593425444639,-0.03593935995166265
-0.004050468299711816,-2.84593425444639,-0.03492396113154655
-0.004049218299711816,-2.842236561948337,-0.03390856231143
-0.004047968299711816,-2.84593425444639,-0.03323162976468563
-0.004046718299711816,-2.842236561948337,-0.03221623094456907
-0.004045468299711816,-2.838538869450284,-0.03120083212445298
-0.004044218299711816,-2.84593425444639,-0.03120083212445252
-0.004042968299711815,-2.842236561948333,-0.03086236585108003
-0.004041718299711816,-2.834841176952229,-0.03018543330433597
-0.004040468299711815,-2.834841176952229,-0.02815463566410317
-0.004039218299711816,-2.834841176952229,-0.02883156821084723
-0.004037968299711816,-2.834841176952229,-0.02747770311735849
-0.004036718299711816,-2.838538869450281,-0.0264623042972424
-0.004035468299711816,-2.838538869450283,-0.02578537175049757
-0.004034218299711816,-2.827445791956127,-0.02476997293038148
-0.004032968299711816,-2.820050406960015,-0.02307764156352009
-0.004031718299711815,-2.82374809945807,-0.02307764156352009
-0.004030468299711816,-2.827445791956122,-0.02307764156352009
-0.004029218299711815,-2.823748099458069,-0.02138531019665917
-0.004027968299711816,-2.812655021963908,-0.02104684392328698
-0.004026718299711816,-2.823748099458069,-0.02172377647003135
-0.004025468299711816,-2.823748099458069,-0.01935451255642714
-0.004024218299711816,-2.820050406960015,-0.01800064746293733
-0.004022968299711816,-2.816352714461963,-0.01833911373630935
-0.004021718299711816,-2.797864251971693,-0.0163083160960764
-0.004020468299711815,-2.801561944469747,-0.01630831609607548
-0.004019218299711816,-2.801561944469747,-0.01427751845584329
-0.004017968299711815,-2.808957329465854,-0.01495445100258766
-0.004016718299711816,-2.812655021963908,-0.01427751845584329
-0.004015468299711816,-2.79416655947364,-0.01495445100258766
-0.004014218299711816,-2.790468866975588,-0.01258518708898345
-0.004012968299711816,-2.786771174477533,-0.01224672081561019
-0.004011718299711815,-2.786771174477524,-0.01089285572212099
-0.004010468299711816,-2.768282711987265,-0.009877456902004894
-0.004009218299711815,-2.76828271198726,-0.009877456902004278
-0.004007968299711816,-2.757189634493104,-0.008523591808516156
-0.004006718299711816,-2.757189634493104,-0.00818512553514397
-0.004005468299711816,-2.738701172002836,-0.006831260441655233
-0.004004218299711816,-2.720212709512568,-0.006831260441655233
-0.004002968299711816,-2.620375012065167,-0.005138929074795079
-0.004001718299711816,-2.165558834804531,-0.004800462801422125
-0.004000468299711815,-1.034064930399565,-0.003785063981305418
-0.003999218299711816,0.2157551339419776,-0.003446597707933387
-0.003997968299711815,0.8517582436075001,-0.003785063981304648
-0.003996718299711816,1.524738278252946,-0.001754266341072464
-0.003995468299711816,2.489836020244931,-0.0004004012475837255
-0.003994218299711816,2.530510637723502,-0.0004004012475837255
-0.003992968299711816,2.537906022719628,0.0009534638459050128
-0.003991718299711816,2.552696792711836,0.002307328939393135
-0.003990468299711816,2.56009217770795,0.002307328939393751
-0.003989218299711815,2.57488294770016,0.002984261486139044
-0.003987968299711816,2.567487562704057,0.005015059126371228
-0.003986718299711815,2.589673717692378,0.005015059126371228
-0.003985468299711816,2.585976025194325,0.005691991673115597
-0.003984218299711816,2.593371410190432,0.006707390493232151
-0.003982968299711816,2.593371410190432,0.007722789313348243
-0.003981718299711816,2.585976025194325,0.00738432303997652
-0.003980468299711816,2.597069102688481,0.009753586953580735
-0.003979218299711816,2.593371410190432,0.009753586953581812
-0.003977968299711815,2.600766795186539,0.01110745204707055
-0.003976718299711816,2.600766795186539,0.01110745204707055
-0.003975468299711815,2.604464487684593,0.01246131714055929
-0.003974218299711816,2.600766795186539,0.01246131714055929
-0.003972968299711816,2.597069102688486,0.01347671596067584
-0.003971718299711816,2.608162180182641,0.01381518223404787
-0.003970468299711816,2.608162180182646,0.01516904732753676
-0.003969218299711815,2.611859872680691,0.01652291242102519
-0.003967968299711816,2.593371410190432,0.01584597987428113
-0.003966718299711815,2.593371410190438,0.01753831124114298
-0.003965468299711816,2.608162180182646,0.01956910888137517
-0.003964218299711816,2.615557565178753,0.01855371006125861
-0.003962968299711816,2.600766795186539,0.02058450770149172
-0.003961718299711816,2.604464487684593,0.02126144024823609
-0.003960468299711816,2.597069102688489,0.01990757515474796
-0.003959218299711816,2.593371410190432,0.02159990652160827
-0.003957968299711815,2.604464487684589,0.0232922378884695
-0.003956718299711816,2.597069102688486,0.02396917043521356
-0.003955468299711815,2.600766795186535,0.02498456925533027
-0.003954218299711816,2.593371410190432,0.0253230355287023
-0.003952968299711816,2.589673717692378,0.0253230355287023
-0.003951718299711816,2.604464487684593,0.02701536689556323
-0.003950468299711816,2.593371410190432,0.02803076571567978
-0.003949218299711816,2.600766795186535,0.02769229944230775
-0.003947968299711816,2.597069102688486,0.0297230970825407
-0.003946718299711815,2.593371410190428,0.03006156335591304
-0.003945468299711816,2.585976025194325,0.03040002962928507
-0.003944218299711815,2.593371410190432,0.0297230970825407
-0.003942968299711816,2.589673717692378,0.03107696217602944
-0.003941718299711816,2.593371410190432,0.03378469236300692
-0.003940468299711816,2.58967371769238,0.03378469236300692
-0.003939218299711816,2.597069102688486,0.03446162490975128
-0.003937968299711816,2.58597602519433,0.03480009118312331
-0.003936718299711816,2.585976025194325,0.03581549000324002
-0.003935468299711815,2.585976025194321,0.03683088882335674
-0.003934218299711816,2.578580640198218,0.03716935509672877
-0.003932968299711815,2.593371410190432,0.03784628764347313
-0.003931718299711816,2.585976025194325,0.03886168646358969
-0.003930468299711816,2.585976025194325,0.03920015273696187
-0.003929218299711816,2.582278332696273,0.03987708528370594
-0.003927968299711816,2.585976025194325,0.04123095037719497
-0.003926718299711815,2.578580640198218,0.0419078829239395
-0.003925468299711816,2.578580640198218,0.04224634919731153
-0.003924218299711815,2.585976025194327,0.04258481547068371
-0.003922968299711816,2.589673717692378,0.04258481547068371
-0.003921718299711816,2.574882947700164,0.04393868056417245
-0.003920468299711816,2.578580640198218,0.04596947820440556
-0.003919218299711816,2.585976025194325,0.0473233432978943
-0.003917968299711816,2.571185255202117,0.04664641075115024
-0.003916718299711816,2.582278332696271,0.04766180957126649
-0.003915468299711815,2.582278332696269,0.04800027584463852
-0.003914218299711816,2.578580640198218,0.04766180957126649
-0.003912968299711815,2.578580640198221,0.0496926072114996
-0.003911718299711816,2.585976025194325,0.0496926072114996
-0.003910468299711816,2.574882947700164,0.05036953975824396
-0.003909218299711816,2.582278332696271,0.05240033739847708
-0.003907968299711816,2.57118525520211,0.05206187112510488
-0.003906718299711816,2.582278332696266,0.05206187112510488
-0.003905468299711816,2.574882947700164,0.05240033739847708
-0.003904218299711816,2.582278332696271,0.05443113503871018
-0.003902968299711816,2.582278332696271,0.05510806758545454
-0.003901718299711816,2.582278332696271,0.0561234664055711
-0.003900468299711816,2.578580640198218,0.05646193267894328
-0.003899218299711816,2.578580640198218,0.0561234664055711
-0.003897968299711816,2.57118525520211,0.05713886522568766
-0.003896718299711816,2.57118525520211,0.05849273031917639
-0.003895468299711816,2.563789870206003,0.05781579777243202
-0.003894218299711816,2.57118525520211,0.06018506168603731
-0.003892968299711816,2.57118525520211,0.05849273031917639
-0.003891718299711816,2.574882947700164,0.05984659541266513
-0.003890468299711816,2.57118525520211,0.05984659541266513
-0.003889218299711816,2.567487562704057,0.06255432559964261
-0.003887968299711816,2.567487562704057,0.06187739305289824
-0.003886718299711816,2.57118525520211,0.06323125814638697
-0.003885468299711816,2.574882947700164,0.06323125814638697
-0.003884218299711816,2.57118525520211,0.06492358951324789
-0.003882968299711816,2.578580640198218,0.06424665696650353
-0.003881718299711816,2.567487562704057,0.06560052205999227
-0.003880468299711816,2.563789870206003,0.06695438715348101
-0.003879218299711816,2.563789870206003,0.06695438715348101
-0.003877968299711816,2.574882947700164,0.06729285342685319
-0.003876718299711816,2.567487562704057,0.06763131970022537
-0.003875468299711816,2.57118525520211,0.06864671852034193
-0.003874218299711816,2.57118525520211,0.06932365106708629
-0.003872968299711816,2.578580640198218,0.06966211734045848
-0.003871718299711816,2.57118525520211,0.07067751616057504
-0.003870468299711816,2.574882947700164,0.07000058361383066
-0.003869218299711816,2.57118525520211,0.0713544487073194
-0.003867968299711816,2.57118525520211,0.0713544487073194
-0.003866718299711816,2.57118525520211,0.07236984752743596
-0.003865468299711816,2.57118525520211,0.0737237126209247
-0.003864218299711816,2.574882947700164,0.07304678007418032
-0.003862968299711816,2.578580640198218,0.07473911144104124
-0.003861718299711816,2.567487562704057,0.07406217889429688
-0.003860468299711816,2.578580640198218,0.07440064516766906
-0.003859218299711816,2.567487562704057,0.07440064516766906
-0.003857968299711816,2.563789870206003,0.07507757771441344
-0.003856718299711816,2.567487562704057,0.07744684162801872
-0.003855468299711816,2.574882947700164,0.07710837535464654
-0.003854218299711816,2.57118525520211,0.0781237741747631
-0.003852968299711816,2.574882947700164,0.07710837535464654
-0.003851718299711816,2.582278332696271,0.07744684162801872
-0.003850468299711816,2.574882947700164,0.07880070672150746
-0.003849218299711816,2.563789870206003,0.07981610554162402
-0.003847968299711816,2.567487562704057,0.07981610554162402
-0.003846718299711816,2.57118525520211,0.08049303808836838
-0.003845468299711816,2.574882947700164,0.08049303808836838
-0.003844218299711816,2.574882947700164,0.08184690318185713
-0.003842968299711816,2.567487562704057,0.08184690318185713
-0.003841718299711816,2.567487562704057,0.08286230200197368
-0.003840468299711816,2.578580640198218,0.08320076827534587
-0.003839218299711816,2.567487562704057,0.08218536945522931
-0.003837968299711816,2.574882947700164,0.08252383572860149
-0.003836718299711816,2.574882947700164,0.08421616709546241
-0.003835468299711816,2.567487562704057,0.08421616709546241
-0.003834218299711816,2.563789870206003,0.08557003218895115
-0.003832968299711816,2.563789870206003,0.08489309964220679
-0.003831718299711816,2.574882947700164,0.08692389728243989
-0.003830468299711816,2.567487562704057,0.08590849846232335
-0.003829218299711816,2.578580640198218,0.08793929610255645
-0.003827968299711816,2.57118525520211,0.08692389728243989
-0.003826718299711816,2.567487562704057,0.08760082982918427
-0.003825468299711816,2.57118525520211,0.08692389728243989
-0.003824218299711816,2.563789870206003,0.08827776237592863
-0.003822968299711816,2.57118525520211,0.08929316119604519
-0.003821718299711816,2.57118525520211,0.08929316119604519
-0.003820468299711816,2.57118525520211,0.09030856001616173
-0.003819218299711816,2.57118525520211,0.08997009374278955
-0.003817968299711816,2.563789870206003,0.09098549256290611
-0.003816718299711816,2.567487562704057,0.09030856001616173
-0.003815468299711816,2.574882947700164,0.09030856001616173
-0.003814218299711816,2.574882947700164,0.09166242510965047
-0.003812968299711816,2.574882947700164,0.09200089138302266
-0.003811718299711816,2.578580640198218,0.09200089138302266
-0.003810468299711816,2.57118525520211,0.09132395883627829
-0.003809218299711816,2.57118525520211,0.09301629020313922
-0.003807968299711816,2.574882947700164,0.09233935765639485
-0.003806718299711816,2.567487562704057,0.09301629020313922
-0.003805468299711816,2.563789870206003,0.09267782392976703
-0.003804218299711816,2.57118525520211,0.09369322274988359
-0.003802968299711816,2.57118525520211,0.09470862157000014
-0.003801718299711816,2.567487562704057,0.09470862157000014
-0.003800468299711816,2.563789870206003,0.09470862157000014
-0.003799218299711816,2.57118525520211,0.09470862157000014
-0.003797968299711816,2.563789870206003,0.09437015529662796
-0.003796718299711816,2.574882947700164,0.09437015529662796
-0.003795468299711816,2.57118525520211,0.09606248666348888
-0.003794218299711816,2.57118525520211,0.0957240203901167
-0.003792968299711816,2.57118525520211,0.09504708784337232
-0.003791718299711816,2.57118525520211,0.09606248666348888
-0.003790468299711816,2.574882947700164,0.0977548180303498
-0.003789218299711816,2.57118525520211,0.09640095293686106
-0.003787968299711816,2.567487562704057,0.09707788548360544
-0.003786718299711816,2.567487562704057,0.09606248666348888
-0.003785468299711816,2.563789870206003,0.0977548180303498
-0.003784218299711816,2.574882947700164,0.09673941921023324
-0.003782968299711816,2.578580640198218,0.09809328430372198
-0.003781718299711816,2.578580640198218,0.09877021685046636
-0.003780468299711816,2.563789870206003,0.0977548180303498
-0.003779218299711816,2.567487562704057,0.09741635175697762
-0.003777968299711816,2.563789870206003,0.09910868312383854
-0.003776718299711816,2.578580640198218,0.09910868312383854
-0.003775468299711816,2.57118525520211,0.09843175057709418
-0.003774218299711816,2.567487562704057,0.09877021685046636
-0.003772968299711816,2.574882947700164,0.09910868312383854
-0.003771718299711816,2.57118525520211,0.09944714939721072
-0.003770468299711816,2.574882947700164,0.1004625482173273
-0.003769218299711816,2.57118525520211,0.0997856156705829
-0.003767968299711816,2.574882947700164,0.09843175057709418
-0.003766718299711816,2.57118525520211,0.09910868312383854
-0.003765468299711816,2.56009217770795,0.09877021685046636
-0.003764218299711816,2.563789870206003,0.1011394807640716
-0.003762968299711816,2.567487562704057,0.1008010144906995
-0.003761718299711816,2.574882947700164,0.1004625482173273
-0.003760468299711816,2.563789870206003,0.1004625482173273
-0.003759218299711816,2.567487562704057,0.1004625482173273
-0.003757968299711816,2.57118525520211,0.1004625482173273
-0.003756718299711816,2.574882947700164,0.1001240819439551
-0.003755468299711816,2.563789870206003,0.1008010144906995
-0.003754218299711816,2.574882947700164,0.1001240819439551
-0.003752968299711816,2.578580640198218,0.1001240819439551
-0.003751718299711816,2.567487562704057,0.1004625482173273
-0.003750468299711816,2.563789870206003,0.1008010144906995
-0.003749218299711816,2.567487562704057,0.1011394807640716
-0.003747968299711816,2.578580640198218,0.1014779470374438
-0.003746718299711816,2.57118525520211,0.1008010144906995
-0.003745468299711816,2.567487562704057,0.0997856156705829
-0.003744218299711816,2.567487562704057,0.09910868312383854
-0.003742968299711816,2.567487562704057,0.09944714939721072
-0.003741718299711816,2.574882947700164,0.1004625482173273
-0.003740468299711816,2.574882947700164,0.1011394807640716
-0.003739218299711816,2.574882947700164,0.1024933458575604
-0.003737968299711816,2.57118525520211,0.1004625482173273
-0.003736718299711816,2.578580640198218,0.0997856156705829
-0.003735468299711816,2.567487562704057,0.0997856156705829
-0.003734218299711816,2.57118525520211,0.0997856156705829
-0.003732968299711816,2.567487562704057,0.1011394807640716
-0.003731718299711816,2.567487562704057,0.1011394807640716
-0.003730468299711816,2.567487562704057,0.1011394807640716
-0.003729218299711816,2.57118525520211,0.1008010144906995
-0.003727968299711816,2.574882947700164,0.1001240819439551
-0.003726718299711816,2.563789870206003,0.1001240819439551
-0.003725468299711816,2.582278332696271,0.1004625482173273
-0.003724218299711816,2.57118525520211,0.0997856156705829
-0.003722968299711816,2.57118525520211,0.09944714939721072
-0.003721718299711816,2.567487562704057,0.09944714939721072
-0.003720468299711816,2.567487562704057,0.09944714939721072
-0.003719218299711816,2.56009217770795,0.09910868312383854
-0.003717968299711816,2.574882947700164,0.0997856156705829
-0.003716718299711816,2.57118525520211,0.0997856156705829
-0.003715468299711816,2.574882947700164,0.09944714939721072
-0.003714218299711816,2.574882947700164,0.09843175057709418
-0.003712968299711816,2.57118525520211,0.09877021685046636
-0.003711718299711816,2.57118525520211,0.09673941921023324
-0.003710468299711816,2.57118525520211,0.09809328430372198
-0.003709218299711816,2.567487562704057,0.09877021685046636
-0.003707968299711816,2.574882947700164,0.09741635175697762
-0.003706718299711816,2.567487562704057,0.09877021685046636
-0.003705468299711816,2.57118525520211,0.09809328430372198
-0.003704218299711816,2.574882947700164,0.09741635175697762
-0.003702968299711816,2.57118525520211,0.09741635175697762
-0.003701718299711816,2.567487562704057,0.09673941921023324
-0.003700468299711816,2.574882947700164,0.0977548180303498
-0.003699218299711816,2.574882947700164,0.09640095293686106
-0.003697968299711816,2.567487562704057,0.0957240203901167
-0.003696718299711816,2.567487562704057,0.09741635175697762
-0.003695468299711816,2.578580640198218,0.09538555411674451
-0.003694218299711816,2.57118525520211,0.09606248666348888
-0.003692968299711816,2.574882947700164,0.09538555411674451
-0.003691718299711816,2.57118525520211,0.09538555411674451
-0.003690468299711816,2.578580640198218,0.09470862157000014
-0.003689218299711816,2.574882947700164,0.09504708784337232
-0.003687968299711816,2.567487562704057,0.09437015529662796
-0.003686718299711816,2.563789870206003,0.09538555411674451
-0.003685468299711816,2.57118525520211,0.09437015529662796
-0.003684218299711816,2.567487562704057,0.09369322274988359
-0.003682968299711816,2.567487562704057,0.0933547564765114
-0.003681718299711816,2.57118525520211,0.09233935765639485
-0.003680468299711816,2.567487562704057,0.0933547564765114
-0.003679218299711816,2.574882947700164,0.09233935765639485
-0.003677968299711816,2.574882947700164,0.09233935765639485
-0.003676718299711816,2.563789870206003,0.09200089138302266
-0.003675468299711816,2.57118525520211,0.09233935765639485
-0.003674218299711816,2.567487562704057,0.09098549256290611
-0.003672968299711816,2.574882947700164,0.09064702628953393
-0.003671718299711816,2.57118525520211,0.09064702628953393
-0.003670468299711816,2.574882947700164,0.09098549256290611
-0.003669218299711816,2.574882947700164,0.09064702628953393
-0.003667968299711816,2.57118525520211,0.08963162746941737
-0.003666718299711816,2.574882947700164,0.08895469492267301
-0.003665468299711816,2.574882947700164,0.08997009374278955
-0.003664218299711816,2.563789870206003,0.08827776237592863
-0.003662968299711816,2.563789870206003,0.08793929610255645
-0.003661718299711816,2.57118525520211,0.08760082982918427
-0.003660468299711816,2.57118525520211,0.08658543100906771
-0.003659218299711816,2.567487562704057,0.08590849846232335
-0.003657968299711816,2.57118525520211,0.08557003218895115
-0.003656718299711816,2.574882947700164,0.08760082982918427
-0.003655468299711816,2.57118525520211,0.08692389728243989
-0.003654218299711816,2.574882947700164,0.08624696473569553
-0.003652968299711816,2.57118525520211,0.08557003218895115
-0.003651718299711816,2.57118525520211,0.08489309964220679
-0.003650468299711816,2.567487562704057,0.08455463336883461
-0.003649218299711816,2.574882947700164,0.08320076827534587
-0.003647968299711816,2.578580640198218,0.08320076827534587
-0.003646718299711816,2.563789870206003,0.08320076827534587
-0.003645468299711816,2.563789870206003,0.08218536945522931
-0.003644218299711816,2.57118525520211,0.08184690318185713
-0.003642968299711816,2.563789870206003,0.07981610554162402
-0.003641718299711816,2.57118525520211,0.08083150436174057
-0.003640468299711816,2.57118525520211,0.0801545718149962
-0.003639218299711816,2.57118525520211,0.07913917299487964
-0.003637968299711816,2.574882947700164,0.0801545718149962
-0.003636718299711816,2.57118525520211,0.07846224044813528
-0.003635468299711816,2.567487562704057,0.07880070672150746
-0.003634218299711816,2.567487562704057,0.07880070672150746
-0.003632968299711816,2.567487562704057,0.0777853079013909
-0.003631718299711816,2.567487562704057,0.07609297653452998
-0.003630468299711816,2.563789870206003,0.0757545102611578
-0.003629218299711816,2.567487562704057,0.0757545102611578
-0.003627968299711816,2.567487562704057,0.07541604398778562
-0.003626718299711816,2.57118525520211,0.07473911144104124
-0.003625468299711816,2.57118525520211,0.07507757771441344
-0.003624218299711816,2.578580640198218,0.0737237126209247
-0.003622968299711816,2.57118525520211,0.0737237126209247
-0.003621718299711816,2.567487562704057,0.07203138125406378
-0.003620468299711816,2.567487562704057,0.07169291498069159
-0.003619218299711816,2.563789870206003,0.0713544487073194
-0.003617968299711816,2.563789870206003,0.07169291498069159
-0.003616718299711816,2.56009217770795,0.07033904988720285
-0.003615468299711816,2.574882947700164,0.06966211734045848
-0.003614218299711816,2.567487562704057,0.06898518479371411
-0.003612968299711816,2.578580640198218,0.07033904988720285
-0.003611718299711816,2.567487562704057,0.06796978597359755
-0.003610468299711816,2.567487562704057,0.06763131970022537
-0.003609218299711816,2.563789870206003,0.06627745460673663
-0.003607968299711816,2.57118525520211,0.06661592088010881
-0.003606718299711816,2.567487562704057,0.06593898833336445
-0.003605468299711816,2.57118525520211,0.06458512323987571
-0.003604218299711816,2.56009217770795,0.06390819069313135
-0.003602968299711816,2.57118525520211,0.06424665696650353
-0.003601718299711816,2.57118525520211,0.06323125814638697
-0.003600468299711816,2.563789870206003,0.06289279187301479
-0.003599218299711816,2.56009217770795,0.06120046050615387
-0.003597968299711816,2.567487562704057,0.06221585932627043
-0.003596718299711816,2.563789870206003,0.06086199423278169
-0.003595468299711816,2.57118525520211,0.05984659541266513
-0.003594218299711816,2.567487562704057,0.05950812913929295
-0.003592968299711816,2.556394485209896,0.05950812913929295
-0.003591718299711816,2.56009217770795,0.05849273031917639
-0.003590468299711816,2.563789870206003,0.05680039895231546
-0.003589218299711816,2.578580640198218,0.05713886522568766
-0.003587968299711816,2.57118525520211,0.0561234664055711
-0.003586718299711816,2.574882947700164,0.05680039895231546
-0.003585468299711816,2.567487562704057,0.05476960131208236
-0.003584218299711816,2.567487562704057,0.05443113503871018
-0.003582968299711816,2.556394485209896,0.05307726994522144
-0.003581718299711816,2.563789870206003,0.05273880367184926
-0.003580468299711816,2.563789870206003,0.05240033739847708
-0.003579218299711816,2.57118525520211,0.05104647230498834
-0.003577968299711816,2.567487562704057,0.05036953975824396
-0.003576718299711816,2.57118525520211,0.05036953975824396
-0.003575468299711816,2.567487562704057,0.05070800603161614
-0.003574218299711816,2.57118525520211,0.05036953975824396
-0.003572968299711816,2.56009217770795,0.04833874211801086
-0.003571718299711816,2.567487562704057,0.04800027584463867
-0.003570468299711816,2.56009217770795,0.04800027584463867
-0.003569218299711816,2.563789870206003,0.0473233432978943
-0.003567968299711816,2.563789870206003,0.04529254565766119
-0.003566718299711816,2.563789870206003,0.04461561311091683
-0.003565468299711816,2.567487562704057,0.04326174801742809
-0.003564218299711816,2.56009217770795,0.04393868056417245
-0.003562968299711816,2.57118525520211,0.04360021429080027
-0.003561718299711816,2.563789870206003,0.04190788292393935
-0.003560468299711816,2.556394485209896,0.04123095037719497
-0.003559218299711816,2.556394485209896,0.04123095037719497
-0.003557968299711816,2.563789870206003,0.03987708528370625
-0.003556718299711816,2.57118525520211,0.03886168646358969
-0.003555468299711816,2.563789870206003,0.03818475391684532
-0.003554218299711816,2.563789870206003,0.03886168646358969
-0.003552968299711816,2.563789870206003,0.03683088882335658
-0.003551718299711816,2.56009217770795,0.03649242254998439
-0.003550468299711816,2.563789870206003,0.03446162490975128
-0.003549218299711816,2.56009217770795,0.0341231586363791
-0.003547968299711816,2.56009217770795,0.03378469236300692
-0.003546718299711816,2.556394485209896,0.03310775981626254
-0.003545468299711816,2.567487562704057,0.032092360996146
-0.003544218299711816,2.556394485209896,0.0317538947227738
-0.003542968299711816,2.556394485209896,0.03073849590265726
-0.003541718299711816,2.556394485209896,0.02904616453579633
-0.003540468299711816,2.563789870206003,0.03040002962928507
-0.003539218299711816,2.556394485209896,0.02904616453579633
-0.003537968299711816,2.556394485209896,0.02836923198905196
-0.003536718299711816,2.556394485209896,0.02735383316893541
-0.003535468299711816,2.556394485209896,0.02769229944230759
-0.003534218299711816,2.552696792711842,0.0253230355287023
-0.003532968299711816,2.556394485209896,0.02498456925533012
-0.003531718299711816,2.556394485209896,0.02430763670858575
-0.003530468299711816,2.545301407715735,0.02430763670858575
-0.003529218299711816,2.548999100213789,0.02329223788846919
-0.003527968299711816,2.548999100213789,0.02295377161509701
-0.003526718299711816,2.556394485209896,0.0209229739748639
-0.003525468299711816,2.552696792711842,0.01990757515474735
-0.003524218299711816,2.548999100213789,0.01923064260800298
-0.003522968299711816,2.545301407715735,0.01923064260800298
-0.003521718299711816,2.552696792711842,0.01787677751451424
-0.003520468299711816,2.548999100213789,0.01753831124114206
-0.003519218299711816,2.545301407715735,0.01550751360090895
-0.003517968299711816,2.552696792711842,0.01516904732753676
-0.003516718299711816,2.537906022719628,0.0144921147807924
-0.003515468299711816,2.541603715217682,0.01381518223404803
-0.003514218299711816,2.545301407715735,0.01279978341393147
-0.003512968299711816,2.548999100213789,0.01347671596067584
-0.003511718299711816,2.534208330221575,0.01246131714055929
-0.003510468299711816,2.541603715217682,0.01178438459381492
-0.003509218299711816,2.530510637723521,0.009753586953581812
-0.003507968299711816,2.526812945225467,0.010092053226954
-0.003506718299711816,2.530510637723521,0.009076654406837442
-0.003505468299711816,2.534208330221575,0.007045856766604335
-0.003504218299711816,2.523115252727414,0.006368924219859966
-0.003502968299711816,2.523115252727414,0.006368924219859966
-0.003501718299711816,2.523115252727414,0.006368924219859966
-0.003500468299711816,2.51941756022936,0.006368924219859966
-0.003499218299711816,2.515719867731307,0.003322727759510305
-0.003497968299711816,2.515719867731307,0.00298426148613812
-0.003496718299711816,2.508324482735199,0.002645795212765936
-0.003495468299711816,2.504626790237146,0.001630396392649382
-0.003494218299711816,2.489836020244931,0.001291930119277197
-0.003492968299711816,2.493533712742985,0.0006149975725328283
-0.003491718299711816,2.404789092789699,-0.002092732614444648
-0.003490468299711816,2.382602937801378,-0.001415800067700279
-0.003489218299711816,2.408486785287753,-0.001754266341072464
-0.003487968299711816,2.086787537957091,-0.003785063981305571
-0.003486718299711816,1.310272113365838,-0.004800462801422125
-0.003485468299711816,0.2786159064088885,-0.004800462801422125
-0.003484218299711816,-0.4609225932018283,-0.005477395348166494
-0.003482968299711816,-1.732928812532261,-0.006492794168283048
-0.003481718299711816,-2.472467312142978,-0.005477395348166494
-0.003480468299711816,-2.786771174477533,-0.008523591808516156
-0.003479218299711816,-2.805259636967801,-0.009200524355260524
-0.003477968299711816,-2.808957329465854,-0.01021592317537708
-0.003476718299711816,-2.820050406960015,-0.009877456902004894
-0.003475468299711816,-2.834841176952229,-0.01258518708898237
-0.003474218299711816,-2.842236561948337,-0.01156978826886582
-0.003472968299711816,-2.849631946944444,-0.01224672081561019
-0.003471718299711816,-2.853329639442497,-0.01326211963572674
-0.003470468299711816,-2.853329639442497,-0.01360058590909892
-0.003469218299711816,-2.871818101932765,-0.01495445100258766
-0.003467968299711816,-2.860725024438604,-0.01664678236944859
-0.003466718299711816,-2.875515794430819,-0.0163083160960764
-0.003465468299711816,-2.879213486928872,-0.01664678236944859
-0.003464218299711816,-2.879213486928872,-0.01935451255642606
-0.003462968299711816,-2.875515794430819,-0.01901604628305388
-0.003461718299711816,-2.875515794430819,-0.01969297882979825
-0.003460468299711816,-2.88660887192498,-0.0207083776499148
-0.003459218299711816,-2.88660887192498,-0.02104684392328698
-0.003457968299711816,-2.894004256921086,-0.02240070901677572
-0.003456718299711816,-2.890306564423033,-0.02341610783689228
-0.003455468299711816,-2.882911179426926,-0.02375457411026446
-0.003454218299711816,-2.88660887192498,-0.02476997293038102
-0.003452968299711816,-2.882911179426926,-0.02612383802386975
-0.003451718299711816,-2.894004256921086,-0.02578537175049757
-0.003450468299711816,-2.894004256921086,-0.02646230429724194
-0.003449218299711816,-2.88660887192498,-0.02680077057061412
-0.003447968299711816,-2.89770194941914,-0.02917003448421942
-0.003446718299711816,-2.894004256921086,-0.03018543330433597
-0.003445468299711816,-2.890306564423033,-0.03018543330433597
-0.003444218299711816,-2.894004256921086,-0.0295085007575916
-0.003442968299711816,-2.88660887192498,-0.03018543330433597
-0.003441718299711816,-2.890306564423033,-0.03221623094456907
-0.003440468299711816,-2.894004256921086,-0.03390856231143
-0.003439218299711816,-2.890306564423033,-0.03357009603805781
-0.003437968299711816,-2.88660887192498,-0.03390856231143
-0.003436718299711816,-2.88660887192498,-0.03492396113154655
-0.003435468299711816,-2.894004256921086,-0.03661629249840748
-0.003434218299711816,-2.88660887192498,-0.03695475877177966
-0.003432968299711816,-2.88660887192498,-0.0362778262250353
-0.003431718299711816,-2.882911179426926,-0.03661629249840748
-0.003430468299711816,-2.890306564423033,-0.03864709013864058
-0.003429218299711816,-2.890306564423033,-0.03966248895875714
-0.003427968299711816,-2.88660887192498,-0.04000095523212932
-0.003426718299711816,-2.879213486928872,-0.04135482032561806
-0.003425468299711816,-2.882911179426926,-0.04203175287236242
-0.003424218299711816,-2.882911179426926,-0.04237021914573462
-0.003422968299711816,-2.88660887192498,-0.04406255051259554
-0.003421718299711816,-2.890306564423033,-0.04237021914573462
-0.003420468299711816,-2.882911179426926,-0.04406255051259554
-0.003419218299711816,-2.890306564423033,-0.04372408423922335
-0.003417968299711816,-2.890306564423033,-0.04507794933271209
-0.003416718299711816,-2.890306564423033,-0.04575488187945646
-0.003415468299711816,-2.890306564423033,-0.0471087469729452
-0.003414218299711816,-2.882911179426926,-0.04744721324631739
-0.003412968299711816,-2.88660887192498,-0.04947801088655049
-0.003411718299711816,-2.88660887192498,-0.05015494343329487
-0.003410468299711816,-2.882911179426926,-0.05049340970666705
-0.003409218299711816,-2.890306564423033,-0.05083187598003923
-0.003407968299711816,-2.875515794430819,-0.05015494343329487
-0.003406718299711816,-2.890306564423033,-0.05117034225341141
-0.003405468299711816,-2.88660887192498,-0.05320113989364451
-0.003404218299711816,-2.890306564423033,-0.05421653871376107
-0.003402968299711816,-2.890306564423033,-0.05455500498713325
-0.003401718299711816,-2.890306564423033,-0.05387807244038889
-0.003400468299711816,-2.890306564423033,-0.05387807244038889
-0.003399218299711816,-2.882911179426926,-0.05557040380724981
-0.003397968299711816,-2.88660887192498,-0.05590887008062199
-0.003396718299711816,-2.894004256921086,-0.05760120144748292
-0.003395468299711816,-2.882911179426926,-0.05760120144748292
-0.003394218299711816,-2.89770194941914,-0.05827813399422729
-0.003392968299711816,-2.88660887192498,-0.05895506654097166
-0.003391718299711816,-2.890306564423033,-0.06064739790783258
-0.003390468299711816,-2.882911179426926,-0.06064739790783258
-0.003389218299711816,-2.88660887192498,-0.06200126300132132
-0.003387968299711816,-2.894004256921086,-0.06166279672794914
-0.003386718299711816,-2.890306564423033,-0.0623397292746935
-0.003385468299711816,-2.890306564423033,-0.06132433045457696
-0.003384218299711816,-2.890306564423033,-0.06369359436818224
-0.003382968299711816,-2.890306564423033,-0.06301666182143788
-0.003381718299711816,-2.88660887192498,-0.0647089931882988
-0.003380468299711816,-2.890306564423033,-0.06606285828178754
-0.003379218299711816,-2.890306564423033,-0.06538592573504316
-0.003377968299711816,-2.89770194941914,-0.06640132455515972
-0.003376718299711816,-2.89770194941914,-0.06640132455515972
-0.003375468299711816,-2.890306564423033,-0.0670782571019041
-0.003374218299711816,-2.89770194941914,-0.06978598728888157
-0.003372968299711816,-2.894004256921086,-0.07012445356225375
-0.003371718299711816,-2.894004256921086,-0.06978598728888157
-0.003370468299711816,-2.890306564423033,-0.06978598728888157
-0.003369218299711816,-2.894004256921086,-0.07080138610899812
-0.003367968299711816,-2.901399641917194,-0.07181678492911468
-0.003366718299711816,-2.89770194941914,-0.07283218374923123
-0.003365468299711816,-2.894004256921086,-0.07249371747585905
-0.003364218299711816,-2.88660887192498,-0.07113985238237031
-0.003362968299711816,-2.88660887192498,-0.07283218374923123
-0.003361718299711816,-2.901399641917194,-0.07317065002260341
-0.003360468299711816,-2.890306564423033,-0.07317065002260341
-0.003359218299711816,-2.901399641917194,-0.07553991393620871
-0.003357968299711816,-2.88660887192498,-0.07655531275632527
-0.003356718299711816,-2.894004256921086,-0.07689377902969745
-0.003355468299711816,-2.894004256921086,-0.07621684648295307
-0.003354218299711816,-2.890306564423033,-0.07621684648295307
-0.003352968299711816,-2.901399641917194,-0.07723224530306963
-0.003351718299711816,-2.890306564423033,-0.07892457666993055
-0.003350468299711816,-2.894004256921086,-0.07926304294330273
-0.003349218299711816,-2.905097334415248,-0.07790917784981399
-0.003347968299711816,-2.901399641917194,-0.07858611039655837
-0.003346718299711816,-2.901399641917194,-0.07993997549004711
-0.003345468299711816,-2.89770194941914,-0.08061690803679147
-0.003344218299711816,-2.89770194941914,-0.08027844176341929
-0.003342968299711816,-2.901399641917194,-0.08095537431016366
-0.003341718299711816,-2.905097334415248,-0.08163230685690803
-0.003340468299711816,-2.89770194941914,-0.08163230685690803
-0.003339218299711816,-2.894004256921086,-0.08095537431016366
-0.003337968299711816,-2.890306564423033,-0.0823092394036524
-0.003336718299711816,-2.89770194941914,-0.08163230685690803
-0.003335468299711816,-2.908795026913301,-0.08467850331725769
-0.003334218299711816,-2.89770194941914,-0.08400157077051332
-0.003332968299711816,-2.901399641917194,-0.0843400370438855
-0.003331718299711816,-2.901399641917194,-0.08603236841074643
-0.003330468299711816,-2.905097334415248,-0.08501696959062988
-0.003329218299711816,-2.905097334415248,-0.08637083468411862
-0.003327968299711816,-2.901399641917194,-0.08637083468411862
-0.003326718299711816,-2.89770194941914,-0.08704776723086298
-0.003325468299711816,-2.908795026913301,-0.08806316605097954
-0.003324218299711816,-2.890306564423033,-0.08569390213737424
-0.003322968299711816,-2.901399641917194,-0.08806316605097954
-0.003321718299711816,-2.901399641917194,-0.08840163232435172
-0.003320468299711816,-2.905097334415248,-0.08975549741784046
-0.003319218299711816,-2.89770194941914,-0.0887400985977239
-0.003317968299711816,-2.908795026913301,-0.08975549741784046
-0.003316718299711816,-2.901399641917194,-0.08941703114446828
-0.003315468299711816,-2.908795026913301,-0.08941703114446828
-0.003314218299711816,-2.908795026913301,-0.09043242996458482
-0.003312968299711816,-2.905097334415248,-0.0911093625113292
-0.003311718299711816,-2.89770194941914,-0.09212476133144575
-0.003310468299711816,-2.901399641917194,-0.0911093625113292
-0.003309218299711816,-2.905097334415248,-0.09144782878470138
-0.003307968299711816,-2.901399641917194,-0.09144782878470138
-0.003306718299711816,-2.901399641917194,-0.09212476133144575
-0.003305468299711816,-2.908795026913301,-0.09280169387819012
-0.003304218299711816,-2.908795026913301,-0.09415555897167886
-0.003302968299711816,-2.905097334415248,-0.09280169387819012
-0.003301718299711816,-2.908795026913301,-0.09415555897167886
-0.003300468299711816,-2.905097334415248,-0.09381709269830668
-0.003299218299711816,-2.89770194941914,-0.09415555897167886
-0.003297968299711816,-2.905097334415248,-0.09347862642493449
-0.003296718299711816,-2.905097334415248,-0.09517095779179541
-0.003295468299711816,-2.901399641917194,-0.09517095779179541
-0.003294218299711816,-2.901399641917194,-0.09618635661191197
-0.003292968299711816,-2.912492719411354,-0.09517095779179541
-0.003291718299711816,-2.916190411909408,-0.0955094240651676
-0.003290468299711816,-2.905097334415248,-0.09652482288528415
-0.003289218299711816,-2.905097334415248,-0.09584789033853978
-0.003287968299711816,-2.908795026913301,-0.09754022170540071
-0.003286718299711816,-2.908795026913301,-0.09652482288528415
-0.003285468299711816,-2.908795026913301,-0.09787868797877289
-0.003284218299711816,-2.901399641917194,-0.09652482288528415
-0.003282968299711816,-2.912492719411354,-0.09618635661191197
-0.003281718299711816,-2.905097334415248,-0.09618635661191197
-0.003280468299711816,-2.908795026913301,-0.09821715425214507
-0.003279218299711816,-2.916190411909408,-0.09754022170540071
-0.003277968299711816,-2.905097334415248,-0.09686328915865633
-0.003276718299711816,-2.916190411909408,-0.09787868797877289
-0.003275468299711816,-2.912492719411354,-0.09821715425214507
-0.003274218299711816,-2.905097334415248,-0.09923255307226163
-0.003272968299711816,-2.908795026913301,-0.09889408679888945
-0.003271718299711816,-2.908795026913301,-0.1005864181657504
-0.003270468299711816,-2.912492719411354,-0.09821715425214507
-0.003269218299711816,-2.908795026913301,-0.09787868797877289
-0.003267968299711816,-2.916190411909408,-0.09855562052551727
-0.003266718299711816,-2.912492719411354,-0.09990948561900599
-0.003265468299711816,-2.908795026913301,-0.09889408679888945
-0.003264218299711816,-2.905097334415248,-0.09889408679888945
-0.003262968299711816,-2.908795026913301,-0.09957101934563381
-0.003261718299711816,-2.905097334415248,-0.09923255307226163
-0.003260468299711816,-2.905097334415248,-0.09923255307226163
-0.003259218299711816,-2.912492719411354,-0.1002479518923782
-0.003257968299711816,-2.912492719411354,-0.1005864181657504
-0.003256718299711816,-2.919888104407462,-0.1009248844391226
-0.003255468299711816,-2.908795026913301,-0.09923255307226163
-0.003254218299711816,-2.912492719411354,-0.09855562052551727
-0.003252968299711816,-2.901399641917194,-0.09889408679888945
-0.003251718299711816,-2.912492719411354,-0.09957101934563381
-0.003250468299711816,-2.912492719411354,-0.1009248844391226
-0.003249218299711816,-2.905097334415248,-0.1005864181657504
-0.003247968299711816,-2.905097334415248,-0.1002479518923782
-0.003246718299711816,-2.916190411909408,-0.09957101934563381
-0.003245468299711816,-2.901399641917194,-0.09990948561900599
-0.003244218299711816,-2.908795026913301,-0.09957101934563381
-0.003242968299711816,-2.916190411909408,-0.1005864181657504
-0.003241718299711816,-2.901399641917194,-0.09990948561900599
-0.003240468299711816,-2.912492719411354,-0.1002479518923782
-0.003239218299711816,-2.916190411909408,-0.1002479518923782
-0.003237968299711816,-2.912492719411354,-0.09990948561900599
-0.003236718299711816,-2.905097334415248,-0.09990948561900599
-0.003235468299711816,-2.912492719411354,-0.09990948561900599
-0.003234218299711816,-2.912492719411354,-0.1002479518923782
-0.003232968299711816,-2.901399641917194,-0.09957101934563381
-0.003231718299711816,-2.912492719411354,-0.09923255307226163
-0.003230468299711816,-2.908795026913301,-0.09990948561900599
-0.003229218299711816,-2.908795026913301,-0.09923255307226163
-0.003227968299711816,-2.905097334415248,-0.09957101934563381
-0.003226718299711816,-2.908795026913301,-0.09990948561900599
-0.003225468299711816,-2.916190411909408,-0.09990948561900599
-0.003224218299711816,-2.905097334415248,-0.09923255307226163
-0.003222968299711816,-2.905097334415248,-0.09923255307226163
-0.003221718299711816,-2.905097334415248,-0.09957101934563381
-0.003220468299711816,-2.912492719411354,-0.09957101934563381
-0.003219218299711816,-2.905097334415248,-0.09923255307226163
-0.003217968299711816,-2.916190411909408,-0.09957101934563381
-0.003216718299711816,-2.901399641917194,-0.09754022170540071
-0.003215468299711816,-2.905097334415248,-0.09787868797877289
-0.003214218299711816,-2.916190411909408,-0.09720175543202852
-0.003212968299711816,-2.912492719411354,-0.09821715425214507
-0.003211718299711816,-2.905097334415248,-0.09889408679888945
-0.003210468299711816,-2.905097334415248,-0.1002479518923782
-0.003209218299711816,-2.901399641917194,-0.09855562052551727
-0.003207968299711816,-2.901399641917194,-0.09652482288528415
-0.003206718299711816,-2.905097334415248,-0.09652482288528415
-0.003205468299711816,-2.908795026913301,-0.09720175543202852
-0.003204218299711816,-2.916190411909408,-0.09787868797877289
-0.003202968299711816,-2.89770194941914,-0.09821715425214507
-0.003201718299711816,-2.89770194941914,-0.09652482288528415
-0.003200468299711816,-2.905097334415248,-0.09686328915865633
-0.003199218299711816,-2.908795026913301,-0.09483249151842323
-0.003197968299711816,-2.912492719411354,-0.09449402524505104
-0.003196718299711816,-2.908795026913301,-0.09618635661191197
-0.003195468299711816,-2.905097334415248,-0.09618635661191197
-0.003194218299711816,-2.905097334415248,-0.09584789033853978
-0.003192968299711816,-2.905097334415248,-0.09483249151842323
-0.003191718299711816,-2.916190411909408,-0.0955094240651676
-0.003190468299711816,-2.901399641917194,-0.09449402524505104
-0.003189218299711816,-2.908795026913301,-0.09517095779179541
-0.003187968299711816,-2.908795026913301,-0.09449402524505104
-0.003186718299711816,-2.912492719411354,-0.09415555897167886
-0.003185468299711816,-2.905097334415248,-0.09246322760481794
-0.003184218299711816,-2.901399641917194,-0.09449402524505104
-0.003182968299711816,-2.905097334415248,-0.09246322760481794
-0.003181718299711816,-2.89770194941914,-0.09246322760481794
-0.003180468299711816,-2.901399641917194,-0.09280169387819012
-0.003179218299711816,-2.901399641917194,-0.09144782878470138
-0.003177968299711816,-2.901399641917194,-0.09178629505807356
-0.003176718299711816,-2.901399641917194,-0.09144782878470138
-0.003175468299711816,-2.89770194941914,-0.09077089623795702
-0.003174218299711816,-2.908795026913301,-0.09144782878470138
-0.003172968299711816,-2.905097334415248,-0.09009396369121264
-0.003171718299711816,-2.905097334415248,-0.0911093625113292
-0.003170468299711816,-2.901399641917194,-0.0890785648710961
-0.003169218299711816,-2.901399641917194,-0.08840163232435172
-0.003167968299711816,-2.89770194941914,-0.08704776723086298
-0.003166718299711816,-2.901399641917194,-0.08975549741784046
-0.003165468299711816,-2.901399641917194,-0.0890785648710961
-0.003164218299711816,-2.901399641917194,-0.0887400985977239
-0.003162968299711816,-2.908795026913301,-0.08840163232435172
-0.003161718299711816,-2.89770194941914,-0.0867093009574908
-0.003160468299711816,-2.901399641917194,-0.08535543586400206
-0.003159218299711816,-2.905097334415248,-0.08603236841074643
-0.003157968299711816,-2.905097334415248,-0.08704776723086298
-0.003156718299711816,-2.89770194941914,-0.08501696959062988
-0.003155468299711816,-2.901399641917194,-0.08637083468411862
-0.003154218299711816,-2.89770194941914,-0.08501696959062988
-0.003152968299711816,-2.89770194941914,-0.0823092394036524
-0.003151718299711816,-2.901399641917194,-0.08400157077051332
-0.003150468299711816,-2.901399641917194,-0.08332463822376895
-0.003149218299711816,-2.890306564423033,-0.08264770567702458
-0.003147968299711816,-2.901399641917194,-0.0823092394036524
-0.003146718299711816,-2.901399641917194,-0.08264770567702458
-0.003145468299711816,-2.901399641917194,-0.08027844176341929
-0.003144218299711816,-2.901399641917194,-0.08061690803679147
-0.003142968299711816,-2.894004256921086,-0.07993997549004711
-0.003141718299711816,-2.890306564423033,-0.08095537431016366
-0.003140468299711816,-2.890306564423033,-0.07993997549004711
-0.003139218299711816,-2.89770194941914,-0.07960150921667491
-0.003137968299711816,-2.89770194941914,-0.07858611039655837
-0.003136718299711816,-2.882911179426926,-0.07790917784981399
-0.003135468299711816,-2.894004256921086,-0.07790917784981399
-0.003134218299711816,-2.894004256921086,-0.07757071157644181
-0.003132968299711816,-2.894004256921086,-0.07757071157644181
-0.003131718299711816,-2.901399641917194,-0.07723224530306963
-0.003130468299711816,-2.890306564423033,-0.07587838020958089
-0.003129218299711816,-2.894004256921086,-0.07587838020958089
-0.003127968299711816,-2.894004256921086,-0.07486298138946433
-0.003126718299711816,-2.89770194941914,-0.07486298138946433
-0.003125468299711816,-2.882911179426926,-0.0735091162959756
-0.003124218299711816,-2.890306564423033,-0.07283218374923123
-0.003122968299711816,-2.890306564423033,-0.07249371747585905
-0.003121718299711816,-2.882911179426926,-0.07215525120248686
-0.003120468299711816,-2.88660887192498,-0.07249371747585905
-0.003119218299711816,-2.89770194941914,-0.07080138610899812
-0.003117968299711816,-2.88660887192498,-0.07012445356225375
-0.003116718299711816,-2.882911179426926,-0.06877058846876502
-0.003115468299711816,-2.88660887192498,-0.0691090547421372
-0.003114218299711816,-2.882911179426926,-0.06843212219539282
-0.003112968299711816,-2.890306564423033,-0.06843212219539282
-0.003111718299711816,-2.88660887192498,-0.06741672337527628
-0.003110468299711816,-2.879213486928872,-0.06775518964864846
-0.003109218299711816,-2.879213486928872,-0.06741672337527628
-0.003107968299711816,-2.88660887192498,-0.06606285828178754
-0.003106718299711816,-2.882911179426926,-0.06335512809481006
-0.003105468299711816,-2.88660887192498,-0.06403206064155444
-0.003104218299711816,-2.882911179426926,-0.06369359436818224
-0.003102968299711816,-2.890306564423033,-0.06369359436818224
-0.003101718299711816,-2.882911179426926,-0.06335512809481006
-0.003100468299711816,-2.879213486928872,-0.0623397292746935
-0.003099218299711816,-2.875515794430819,-0.06335512809481006
-0.003097968299711816,-2.871818101932765,-0.0603089316344604
-0.003096718299711816,-2.882911179426926,-0.0603089316344604
-0.003095468299711816,-2.879213486928872,-0.05997046536108822
-0.003094218299711816,-2.882911179426926,-0.05895506654097166
-0.003092968299711816,-2.879213486928872,-0.0579396677208551
-0.003091718299711816,-2.875515794430819,-0.05760120144748292
-0.003090468299711816,-2.882911179426926,-0.0579396677208551
-0.003089218299711816,-2.879213486928872,-0.05590887008062199
-0.003087968299711816,-2.879213486928872,-0.05523193753387763
-0.003086718299711816,-2.871818101932765,-0.05489347126050545
-0.003085468299711816,-2.868120409434712,-0.05523193753387763
-0.003084218299711816,-2.864422716936658,-0.05421653871376107
-0.003082968299711816,-2.879213486928872,-0.05286267362027233
-0.003081718299711816,-2.875515794430819,-0.05353960616701671
-0.003080468299711816,-2.857027331940551,-0.05083187598003923
-0.003079218299711816,-2.875515794430819,-0.05218574107352797
-0.003077968299711816,-2.871818101932765,-0.04981647715992267
-0.003076718299711816,-2.868120409434712,-0.04947801088655049
-0.003075468299711816,-2.857027331940551,-0.04880107833980613
-0.003074218299711816,-2.871818101932765,-0.04778567951968957
-0.003072968299711816,-2.864422716936658,-0.04744721324631739
-0.003071718299711816,-2.864422716936658,-0.04846261206643393
-0.003070468299711816,-2.871818101932765,-0.04643181442620083
-0.003069218299711816,-2.860725024438604,-0.04507794933271209
-0.003067968299711816,-2.864422716936658,-0.04440101678596772
-0.003066718299711816,-2.864422716936658,-0.04372408423922335
-0.003065468299711816,-2.853329639442497,-0.04406255051259554
-0.003064218299711816,-2.853329639442497,-0.0427086854191068
-0.003062968299711816,-2.853329639442497,-0.0427086854191068
-0.003061718299711816,-2.860725024438604,-0.04237021914573462
-0.003060468299711816,-2.857027331940551,-0.04101635405224588
-0.003059218299711816,-2.857027331940551,-0.04000095523212932
-0.003057968299711816,-2.860725024438604,-0.03864709013864058
-0.003056718299711816,-2.857027331940551,-0.0383086238652684
-0.003055468299711816,-2.853329639442497,-0.03661629249840748
-0.003054218299711816,-2.857027331940551,-0.03695475877177966
-0.003052968299711816,-2.842236561948337,-0.03593935995166311
-0.003051718299711816,-2.853329639442497,-0.03526242740491874
-0.003050468299711816,-2.849631946944444,-0.03424702858480218
-0.003049218299711816,-2.838538869450283,-0.03424702858480218
-0.003047968299711816,-2.842236561948337,-0.03323162976468563
-0.003046718299711816,-2.842236561948337,-0.03323162976468563
-0.003045468299711816,-2.84593425444639,-0.03153929839782471
-0.003044218299711816,-2.838538869450283,-0.03052389957770815
-0.003042968299711816,-2.842236561948337,-0.02984696703096379
-0.003041718299711816,-2.838538869450283,-0.03018543330433597
-0.003040468299711816,-2.84593425444639,-0.0295085007575916
-0.003039218299711816,-2.838538869450283,-0.02747770311735849
-0.003037968299711816,-2.834841176952229,-0.02646230429724194
-0.003036718299711816,-2.831143484454176,-0.02578537175049757
-0.003035468299711816,-2.834841176952229,-0.02578537175049757
-0.003034218299711816,-2.834841176952229,-0.02680077057061412
-0.003032968299711816,-2.823748099458069,-0.02476997293038102
-0.003031718299711816,-2.823748099458069,-0.02476997293038102
-0.003030468299711816,-2.816352714461961,-0.02240070901677572
-0.003029218299711816,-2.820050406960015,-0.02172377647003135
-0.003027968299711816,-2.820050406960015,-0.02104684392328698
-0.003026718299711816,-2.820050406960015,-0.01969297882979825
-0.003025468299711816,-2.820050406960015,-0.02003144510317043
-0.003024218299711816,-2.823748099458069,-0.02003144510317043
-0.003022968299711816,-2.816352714461961,-0.01800064746293733
-0.003021718299711816,-2.812655021963908,-0.01698524864282077
-0.003020468299711816,-2.805259636967801,-0.01698524864282077
-0.003019218299711816,-2.805259636967801,-0.01563138354933203
-0.003017968299711816,-2.808957329465854,-0.01495445100258766
-0.003016718299711816,-2.805259636967801,-0.01427751845584329
-0.003015468299711816,-2.786771174477533,-0.01326211963572674
-0.003014218299711816,-2.797864251971693,-0.01292365336235455
-0.003012968299711816,-2.783073481979479,-0.01021592317537708
-0.003011718299711816,-2.779375789481425,-0.009877456902004894
-0.003010468299711816,-2.779375789481425,-0.01156978826886582
-0.003009218299711816,-2.779375789481425,-0.009877456902004894
-0.003007968299711816,-2.768282711987265,-0.01021592317537708
-0.003006718299711816,-2.746096556998943,-0.007846659261771787
-0.003005468299711816,-2.746096556998943,-0.006154327894910864
-0.003004218299711816,-2.668445014539818,-0.00513892907479431
-0.003002968299711816,-2.346745767209156,-0.005477395348166494
-0.003001718299711816,-1.647881885077028,-0.00513892907479431
-0.003000468299711816,-0.889854922976044,-0.004123530254677756
-0.002999218299711816,0.4856866862998892,-0.003446597707933387
-0.002997968299711816,1.424900580805499,-0.003108131434561202
-0.002996718299711816,1.665250593178982,-0.002769665161189018
-0.002995468299711816,2.27167216285977,-6.19349742115409e-05
-0.002994218299711816,2.515719867731307,-0.0007388675209559101
-0.002992968299711816,2.545301407715735,0.001291930119277197
-0.002991718299711816,2.548999100213789,0.001968862666021566
-0.002990468299711816,2.556394485209896,0.00298426148613812
-0.002989218299711816,2.56009217770795,0.003999660306254674
-0.002987968299711816,2.567487562704057,0.004676592852999043
-0.002986718299711816,2.578580640198218,0.004338126579626859
-0.002985468299711816,2.585976025194325,0.006030457946487782
-0.002984218299711816,2.593371410190432,0.006368924219859966
-0.002982968299711816,2.589673717692378,0.007722789313348704
-0.002981718299711816,2.597069102688486,0.008061255586720889
-0.002980468299711816,2.593371410190432,0.009415120680209627
-0.002979218299711816,2.597069102688486,0.01043051950032618
-0.002977968299711816,2.600766795186539,0.009415120680209627
-0.002976718299711816,2.604464487684593,0.01043051950032618
-0.002975468299711816,2.604464487684593,0.01279978341393147
-0.002974218299711816,2.600766795186539,0.01178438459381492
-0.002972968299711816,2.600766795186539,0.01381518223404803
-0.002971718299711816,2.597069102688486,0.0144921147807924
-0.002970468299711816,2.600766795186539,0.01584597987428113
-0.002969218299711816,2.597069102688486,0.01550751360090895
-0.002967968299711816,2.604464487684593,0.01719984496776987
-0.002966718299711816,2.619255257676807,0.01618444614765332
-0.002965468299711816,2.608162180182646,0.01990757515474735
-0.002964218299711816,2.604464487684593,0.01990757515474735
-0.002962968299711816,2.597069102688486,0.02024604142811954
-0.002961718299711816,2.600766795186539,0.02126144024823609
-0.002960468299711816,2.604464487684593,0.0209229739748639
-0.002959218299711816,2.604464487684593,0.02295377161509701
-0.002957968299711816,2.593371410190432,0.02261530534172483
-0.002956718299711816,2.600766795186539,0.02363070416184138
-0.002955468299711816,2.597069102688486,0.02295377161509701
-0.002954218299711816,2.593371410190432,0.02566150180207449
-0.002952968299711816,2.589673717692378,0.0253230355287023
-0.002951718299711816,2.600766795186539,0.02667690062219104
-0.002950468299711816,2.597069102688486,0.02667690062219104
-0.002949218299711816,2.600766795186539,0.02836923198905196
-0.002947968299711816,2.604464487684593,0.02870769826242415
-0.002946718299711816,2.589673717692378,0.02938463080916852
-0.002945468299711816,2.585976025194325,0.03107696217602944
-0.002944218299711816,2.600766795186539,0.03073849590265726
-0.002942968299711816,2.597069102688486,0.03243082726951818
-0.002941718299711816,2.593371410190432,0.03141542844940162
-0.002940468299711816,2.589673717692378,0.03276929354289036
-0.002939218299711816,2.589673717692378,0.03446162490975128
-0.002937968299711816,2.585976025194325,0.03581549000324002
-0.002936718299711816,2.589673717692378,0.03615395627661221
-0.002935468299711816,2.585976025194325,0.03615395627661221
-0.002934218299711816,2.582278332696271,0.03683088882335658
-0.002932968299711816,2.585976025194325,0.03750782137010095
-0.002931718299711816,2.589673717692378,0.03818475391684532
-0.002930468299711816,2.593371410190432,0.04021555155707843
-0.002929218299711816,2.582278332696271,0.03987708528370625
-0.002927968299711816,2.585976025194325,0.04190788292393935
-0.002926718299711816,2.582278332696271,0.04055401783045061
-0.002925468299711816,2.593371410190432,0.04224634919731153
-0.002924218299711816,2.585976025194325,0.04326174801742809
-0.002922968299711816,2.578580640198218,0.04326174801742809
-0.002921718299711816,2.578580640198218,0.04461561311091683
-0.002920468299711816,2.582278332696271,0.04495407938428901
-0.002919218299711816,2.574882947700164,0.04596947820440556
-0.002917968299711816,2.585976025194325,0.04664641075114993
-0.002916718299711816,2.57118525520211,0.04766180957126649
-0.002915468299711816,2.57118525520211,0.04833874211801086
-0.002914218299711816,2.582278332696271,0.04800027584463867
-0.002912968299711816,2.582278332696271,0.04935414093812741
-0.002911718299711816,2.578580640198218,0.05138493857836052
-0.002910468299711816,2.578580640198218,0.05138493857836052
-0.002909218299711816,2.574882947700164,0.05036953975824396
-0.002907968299711816,2.585976025194325,0.0517234048517327
-0.002906718299711816,2.582278332696271,0.0537542024919658
-0.002905468299711816,2.57118525520211,0.05341573621859362
-0.002904218299711816,2.578580640198218,0.054092668765338
-0.002902968299711816,2.578580640198218,0.05510806758545454
-0.002901718299711816,2.57118525520211,0.05443113503871018
-0.002900468299711816,2.563789870206003,0.05476960131208236
-0.002899218299711816,2.574882947700164,0.05713886522568766
-0.002897968299711816,2.574882947700164,0.0561234664055711
-0.002896718299711816,2.582278332696271,0.05781579777243202
-0.002895468299711816,2.563789870206003,0.0581542640458042
-0.002894218299711816,2.567487562704057,0.05984659541266513
-0.002892968299711816,2.574882947700164,0.0581542640458042
-0.002891718299711816,2.574882947700164,0.06018506168603731
-0.002890468299711816,2.57118525520211,0.06153892677952605
-0.002889218299711816,2.574882947700164,0.06120046050615387
-0.002887968299711816,2.57118525520211,0.06323125814638697
-0.002886718299711816,2.574882947700164,0.06255432559964261
-0.002885468299711816,2.57118525520211,0.06289279187301479
-0.002884218299711816,2.567487562704057,0.06424665696650353
-0.002882968299711816,2.578580640198218,0.06255432559964261
-0.002881718299711816,2.574882947700164,0.06627745460673663
-0.002880468299711816,2.57118525520211,0.06763131970022537
-0.002879218299711816,2.57118525520211,0.06695438715348101
-0.002877968299711816,2.578580640198218,0.06763131970022537
-0.002876718299711816,2.567487562704057,0.06763131970022537
-0.002875468299711816,2.574882947700164,0.06796978597359755
-0.002874218299711816,2.57118525520211,0.06898518479371411
-0.002872968299711816,2.567487562704057,0.06864671852034193
-0.002871718299711816,2.567487562704057,0.07000058361383066
-0.002870468299711816,2.574882947700164,0.0713544487073194
-0.002869218299711816,2.57118525520211,0.07101598243394722
-0.002867968299711816,2.57118525520211,0.07338524634755252
-0.002866718299711816,2.57118525520211,0.07270831380080814
-0.002865468299711816,2.567487562704057,0.07270831380080814
-0.002864218299711816,2.578580640198218,0.07304678007418032
-0.002862968299711816,2.574882947700164,0.0737237126209247
-0.002861718299711816,2.563789870206003,0.07406217889429688
-0.002860468299711816,2.567487562704057,0.07507757771441344
-0.002859218299711816,2.567487562704057,0.07440064516766906
-0.002857968299711816,2.574882947700164,0.07676990908127436
-0.002856718299711816,2.574882947700164,0.07541604398778562
-0.002855468299711816,2.574882947700164,0.0781237741747631
-0.002854218299711816,2.567487562704057,0.07744684162801872
-0.002852968299711816,2.574882947700164,0.07947763926825183
-0.002851718299711816,2.574882947700164,0.07880070672150746
-0.002850468299711816,2.57118525520211,0.07981610554162402
-0.002849218299711816,2.57118525520211,0.07947763926825183
-0.002847968299711816,2.574882947700164,0.07947763926825183
-0.002846718299711816,2.57118525520211,0.08083150436174057
-0.002845468299711816,2.574882947700164,0.08049303808836838
-0.002844218299711816,2.574882947700164,0.08049303808836838
-0.002842968299711816,2.585976025194325,0.08184690318185713
-0.002841718299711816,2.563789870206003,0.08286230200197368
-0.002840468299711816,2.563789870206003,0.08320076827534587
-0.002839218299711816,2.57118525520211,0.08286230200197368
-0.002837968299711816,2.578580640198218,0.08353923454871805
-0.002836718299711816,2.57118525520211,0.08387770082209023
-0.002835468299711816,2.574882947700164,0.08421616709546241
-0.002834218299711816,2.567487562704057,0.08489309964220679
-0.002832968299711816,2.567487562704057,0.08590849846232335
-0.002831718299711816,2.574882947700164,0.08590849846232335
-0.002830468299711816,2.567487562704057,0.08692389728243989
-0.002829218299711816,2.567487562704057,0.08726236355581207
-0.002827968299711816,2.567487562704057,0.08726236355581207
-0.002826718299711816,2.574882947700164,0.08793929610255645
-0.002825468299711816,2.57118525520211,0.08861622864930081
-0.002824218299711816,2.57118525520211,0.08861622864930081
-0.002822968299711816,2.578580640198218,0.08895469492267301
-0.002821718299711816,2.56009217770795,0.08929316119604519
-0.002820468299711816,2.57118525520211,0.08861622864930081
-0.002819218299711816,2.57118525520211,0.09064702628953393
-0.002817968299711816,2.578580640198218,0.08963162746941737
-0.002816718299711816,2.563789870206003,0.09064702628953393
-0.002815468299711816,2.567487562704057,0.09166242510965047
-0.002814218299711816,2.563789870206003,0.09132395883627829
-0.002812968299711816,2.567487562704057,0.09132395883627829
-0.002811718299711816,2.57118525520211,0.09132395883627829
-0.002810468299711816,2.567487562704057,0.09200089138302266
-0.002809218299711816,2.578580640198218,0.09233935765639485
-0.002807968299711816,2.57118525520211,0.09267782392976703
-0.002806718299711816,2.57118525520211,0.09301629020313922
-0.002805468299711816,2.578580640198218,0.0933547564765114
-0.002804218299711816,2.57118525520211,0.0933547564765114
-0.002802968299711816,2.57118525520211,0.09437015529662796
-0.002801718299711816,2.574882947700164,0.09470862157000014
-0.002800468299711816,2.567487562704057,0.09538555411674451
-0.002799218299711816,2.578580640198218,0.09437015529662796
-0.002797968299711816,2.567487562704057,0.09504708784337232
-0.002796718299711816,2.567487562704057,0.09538555411674451
-0.002795468299711816,2.563789870206003,0.0957240203901167
-0.002794218299711816,2.574882947700164,0.09606248666348888
-0.002792968299711816,2.582278332696271,0.09606248666348888
-0.002791718299711816,2.563789870206003,0.09606248666348888
-0.002790468299711816,2.567487562704057,0.09707788548360544
-0.002789218299711816,2.567487562704057,0.09707788548360544
-0.002787968299711816,2.57118525520211,0.09606248666348888
-0.002786718299711816,2.57118525520211,0.09707788548360544
-0.002785468299711816,2.57118525520211,0.0977548180303498
-0.002784218299711816,2.57118525520211,0.0977548180303498
-0.002782968299711816,2.574882947700164,0.09741635175697762
-0.002781718299711816,2.563789870206003,0.09809328430372198
-0.002780468299711816,2.57118525520211,0.09809328430372198
-0.002779218299711816,2.574882947700164,0.09809328430372198
-0.002777968299711816,2.57118525520211,0.09809328430372198
-0.002776718299711816,2.567487562704057,0.09809328430372198
-0.002775468299711816,2.567487562704057,0.09910868312383854
-0.002774218299711816,2.567487562704057,0.09910868312383854
-0.002772968299711816,2.57118525520211,0.09910868312383854
-0.002771718299711816,2.574882947700164,0.09877021685046636
-0.002770468299711816,2.57118525520211,0.0997856156705829
-0.002769218299711816,2.57118525520211,0.09877021685046636
-0.002767968299711816,2.563789870206003,0.09944714939721072
-0.002766718299711816,2.57118525520211,0.09877021685046636
-0.002765468299711816,2.567487562704057,0.1004625482173273
-0.002764218299711816,2.578580640198218,0.1011394807640716
-0.002762968299711816,2.563789870206003,0.1011394807640716
-0.002761718299711816,2.57118525520211,0.1001240819439551
-0.002760468299711816,2.578580640198218,0.1011394807640716
-0.002759218299711816,2.567487562704057,0.1001240819439551
-0.002757968299711816,2.574882947700164,0.1008010144906995
-0.002756718299711816,2.563789870206003,0.1004625482173273
-0.002755468299711816,2.574882947700164,0.1008010144906995
-0.002754218299711816,2.563789870206003,0.1001240819439551
-0.002752968299711816,2.57118525520211,0.1008010144906995
-0.002751718299711816,2.574882947700164,0.1001240819439551
-0.002750468299711816,2.57118525520211,0.1001240819439551
-0.002749218299711816,2.57118525520211,0.1008010144906995
-0.002747968299711816,2.56009217770795,0.1004625482173273
-0.002746718299711816,2.57118525520211,0.1004625482173273
-0.002745468299711816,2.567487562704057,0.1001240819439551
-0.002744218299711816,2.57118525520211,0.1008010144906995
-0.002742968299711816,2.567487562704057,0.1011394807640716
-0.002741718299711816,2.57118525520211,0.1021548795841882
-0.002740468299711816,2.574882947700164,0.1008010144906995
-0.002739218299711816,2.574882947700164,0.1004625482173273
-0.002737968299711816,2.574882947700164,0.1004625482173273
-0.002736718299711816,2.57118525520211,0.1004625482173273
-0.002735468299711816,2.567487562704057,0.1011394807640716
-0.002734218299711816,2.567487562704057,0.1004625482173273
-0.002732968299711816,2.567487562704057,0.1008010144906995
-0.002731718299711816,2.57118525520211,0.1008010144906995
-0.002730468299711816,2.567487562704057,0.1011394807640716
-0.002729218299711816,2.567487562704057,0.1011394807640716
-0.002727968299711816,2.574882947700164,0.1004625482173273
-0.002726718299711816,2.574882947700164,0.1004625482173273
-0.002725468299711816,2.57118525520211,0.0997856156705829
-0.002724218299711816,2.567487562704057,0.09843175057709418
-0.002722968299711816,2.567487562704057,0.1001240819439551
-0.002721718299711816,2.567487562704057,0.1004625482173273
-0.002720468299711816,2.567487562704057,0.1008010144906995
-0.002719218299711816,2.567487562704057,0.09910868312383854
-0.002717968299711816,2.574882947700164,0.1004625482173273
-0.002716718299711816,2.574882947700164,0.09910868312383854
-0.002715468299711816,2.563789870206003,0.09910868312383854
-0.002714218299711816,2.567487562704057,0.09843175057709418
-0.002712968299711816,2.57118525520211,0.1004625482173273
-0.002711718299711816,2.574882947700164,0.09910868312383854
-0.002710468299711816,2.574882947700164,0.09809328430372198
-0.002709218299711816,2.567487562704057,0.09707788548360544
-0.002707968299711816,2.578580640198218,0.0977548180303498
-0.002706718299711816,2.574882947700164,0.09809328430372198
-0.002705468299711816,2.582278332696271,0.1001240819439551
-0.002704218299711816,2.567487562704057,0.09843175057709418
-0.002702968299711816,2.56009217770795,0.09673941921023324
-0.002701718299711816,2.567487562704057,0.09741635175697762
-0.002700468299711816,2.574882947700164,0.09741635175697762
-0.002699218299711816,2.57118525520211,0.09707788548360544
-0.002697968299711816,2.57118525520211,0.09809328430372198
-0.002696718299711816,2.563789870206003,0.09640095293686106
-0.002695468299711816,2.578580640198218,0.0957240203901167
-0.002694218299711816,2.567487562704057,0.09673941921023324
-0.002692968299711816,2.57118525520211,0.0957240203901167
-0.002691718299711816,2.57118525520211,0.09606248666348888
-0.002690468299711816,2.57118525520211,0.09606248666348888
-0.002689218299711816,2.57118525520211,0.09538555411674451
-0.002687968299711816,2.567487562704057,0.09437015529662796
-0.002686718299711816,2.578580640198218,0.09470862157000014
-0.002685468299711816,2.574882947700164,0.09437015529662796
-0.002684218299711816,2.578580640198218,0.0933547564765114
-0.002682968299711816,2.567487562704057,0.09403168902325577
-0.002681718299711816,2.567487562704057,0.09369322274988359
-0.002680468299711816,2.567487562704057,0.0933547564765114
-0.002679218299711816,2.57118525520211,0.0933547564765114
-0.002677968299711816,2.574882947700164,0.09233935765639485
-0.002676718299711816,2.567487562704057,0.09132395883627829
-0.002675468299711816,2.578580640198218,0.09200089138302266
-0.002674218299711816,2.567487562704057,0.09200089138302266
-0.002672968299711816,2.567487562704057,0.09064702628953393
-0.002671718299711816,2.574882947700164,0.09132395883627829
-0.002670468299711816,2.563789870206003,0.09132395883627829
-0.002669218299711816,2.563789870206003,0.09030856001616173
-0.002667968299711816,2.57118525520211,0.08895469492267301
-0.002666718299711816,2.567487562704057,0.08895469492267301
-0.002665468299711816,2.574882947700164,0.08895469492267301
-0.002664218299711816,2.57118525520211,0.08827776237592863
-0.002662968299711816,2.578580640198218,0.08793929610255645
-0.002661718299711816,2.57118525520211,0.08793929610255645
-0.002660468299711816,2.57118525520211,0.08827776237592863
-0.002659218299711816,2.578580640198218,0.08827776237592863
-0.002657968299711816,2.57118525520211,0.08760082982918427
-0.002656718299711816,2.567487562704057,0.08624696473569553
-0.002655468299711816,2.57118525520211,0.08557003218895115
-0.002654218299711816,2.57118525520211,0.08489309964220679
-0.002652968299711816,2.56009217770795,0.08658543100906771
-0.002651718299711816,2.563789870206003,0.08523156591557897
-0.002650468299711816,2.582278332696271,0.08523156591557897
-0.002649218299711816,2.578580640198218,0.08489309964220679
-0.002647968299711816,2.574882947700164,0.08218536945522931
-0.002646718299711816,2.57118525520211,0.08218536945522931
-0.002645468299711816,2.57118525520211,0.08184690318185713
-0.002644218299711816,2.563789870206003,0.08049303808836838
-0.002642968299711816,2.574882947700164,0.08116997063511276
-0.002641718299711816,2.57118525520211,0.08116997063511276
-0.002640468299711816,2.574882947700164,0.08049303808836838
-0.002639218299711816,2.567487562704057,0.08049303808836838
-0.002637968299711816,2.57118525520211,0.07947763926825183
-0.002636718299711816,2.567487562704057,0.07981610554162402
-0.002635468299711816,2.563789870206003,0.07981610554162402
-0.002634218299711816,2.563789870206003,0.0777853079013909
-0.002632968299711816,2.567487562704057,0.07676990908127436
-0.002631718299711816,2.57118525520211,0.0781237741747631
-0.002630468299711816,2.57118525520211,0.07643144280790218
-0.002629218299711816,2.574882947700164,0.07541604398778562
-0.002627968299711816,2.574882947700164,0.07609297653452998
-0.002626718299711816,2.574882947700164,0.07406217889429688
-0.002625468299711816,2.563789870206003,0.07338524634755252
-0.002624218299711816,2.574882947700164,0.07406217889429688
-0.002622968299711816,2.567487562704057,0.07406217889429688
-0.002621718299711816,2.567487562704057,0.07304678007418032
-0.002620468299711816,2.567487562704057,0.07270831380080814
-0.002619218299711816,2.567487562704057,0.0713544487073194
-0.002617968299711816,2.57118525520211,0.0713544487073194
-0.002616718299711816,2.578580640198218,0.07101598243394722
-0.002615468299711816,2.57118525520211,0.06898518479371411
-0.002614218299711816,2.563789870206003,0.06932365106708629
-0.002612968299711816,2.56009217770795,0.06864671852034193
-0.002611718299711816,2.563789870206003,0.06932365106708629
-0.002610468299711816,2.563789870206003,0.06898518479371411
-0.002609218299711816,2.57118525520211,0.06695438715348101
-0.002607968299711816,2.574882947700164,0.06560052205999227
-0.002606718299711816,2.574882947700164,0.06627745460673663
-0.002605468299711816,2.56009217770795,0.06526205578662007
-0.002604218299711816,2.57118525520211,0.06458512323987571
-0.002602968299711816,2.56009217770795,0.06492358951324789
-0.002601718299711816,2.567487562704057,0.06323125814638697
-0.002600468299711816,2.567487562704057,0.06289279187301479
-0.002599218299711816,2.567487562704057,0.06187739305289824
-0.002597968299711816,2.567487562704057,0.06187739305289824
-0.002596718299711816,2.567487562704057,0.06120046050615387
-0.002595468299711816,2.563789870206003,0.06086199423278169
-0.002594218299711816,2.567487562704057,0.05984659541266513
-0.002592968299711816,2.57118525520211,0.05781579777243202
-0.002591718299711816,2.556394485209896,0.0581542640458042
-0.002590468299711816,2.56009217770795,0.05781579777243202
-0.002589218299711816,2.567487562704057,0.05781579777243202
-0.002587968299711816,2.567487562704057,0.05680039895231546
-0.002586718299711816,2.567487562704057,0.0561234664055711
-0.002585468299711816,2.567487562704057,0.054092668765338
-0.002584218299711816,2.563789870206003,0.05341573621859362
-0.002582968299711816,2.567487562704057,0.054092668765338
-0.002581718299711816,2.563789870206003,0.05476960131208236
-0.002580468299711816,2.563789870206003,0.05307726994522144
-0.002579218299711816,2.567487562704057,0.05206187112510488
-0.002577968299711816,2.563789870206003,0.05138493857836052
-0.002576718299711816,2.57118525520211,0.05070800603161614
-0.002575468299711816,2.567487562704057,0.0496926072114996
-0.002574218299711816,2.563789870206003,0.04867720839138304
-0.002572968299711816,2.567487562704057,0.04833874211801086
-0.002571718299711816,2.56009217770795,0.04833874211801086
-0.002570468299711816,2.57118525520211,0.0473233432978943
-0.002569218299711816,2.567487562704057,0.04630794447777775
-0.002567968299711816,2.556394485209896,0.04529254565766119
-0.002566718299711816,2.567487562704057,0.04461561311091683
-0.002565468299711816,2.563789870206003,0.04563101193103337
-0.002564218299711816,2.56009217770795,0.04360021429080027
-0.002562968299711816,2.56009217770795,0.04156941665056717
-0.002561718299711816,2.56009217770795,0.04190788292393935
-0.002560468299711816,2.567487562704057,0.04156941665056717
-0.002559218299711816,2.56009217770795,0.04123095037719497
-0.002557968299711816,2.563789870206003,0.03920015273696187
-0.002556718299711816,2.57118525520211,0.03886168646358969
-0.002555468299711816,2.552696792711842,0.03852322019021751
-0.002554218299711816,2.567487562704057,0.03750782137010095
-0.002552968299711816,2.56009217770795,0.03683088882335658
-0.002551718299711816,2.556394485209896,0.03615395627661221
-0.002550468299711816,2.556394485209896,0.03649242254998439
-0.002549218299711816,2.556394485209896,0.03480009118312347
-0.002547968299711816,2.57118525520211,0.03378469236300692
-0.002546718299711816,2.56009217770795,0.03310775981626254
-0.002545468299711816,2.563789870206003,0.03243082726951818
-0.002544218299711816,2.552696792711842,0.03243082726951818
-0.002542968299711816,2.56009217770795,0.03141542844940162
-0.002541718299711816,2.552696792711842,0.03107696217602944
-0.002540468299711816,2.552696792711842,0.03006156335591289
-0.002539218299711816,2.556394485209896,0.02904616453579633
-0.002537968299711816,2.56009217770795,0.02836923198905196
-0.002536718299711816,2.56009217770795,0.02836923198905196
-0.002535468299711816,2.56009217770795,0.02735383316893541
-0.002534218299711816,2.552696792711842,0.02599996807544667
-0.002532968299711816,2.548999100213789,0.02566150180207449
-0.002531718299711816,2.548999100213789,0.02329223788846919
-0.002530468299711816,2.556394485209896,0.02261530534172483
-0.002529218299711816,2.556394485209896,0.02295377161509701
-0.002527968299711816,2.537906022719628,0.02261530534172483
-0.002526718299711816,2.548999100213789,0.0209229739748639
-0.002525468299711816,2.552696792711842,0.01990757515474735
-0.002524218299711816,2.556394485209896,0.02024604142811954
-0.002522968299711816,2.548999100213789,0.01686137869439769
-0.002521718299711816,2.56009217770795,0.01990757515474735
-0.002520468299711816,2.545301407715735,0.0188921763346308
-0.002519218299711816,2.545301407715735,0.01787677751451424
-0.002517968299711816,2.537906022719628,0.01415364850742021
-0.002516718299711816,2.545301407715735,0.01516904732753676
-0.002515468299711816,2.552696792711842,0.0144921147807924
-0.002514218299711816,2.537906022719628,0.01381518223404803
-0.002512968299711816,2.537906022719628,0.01279978341393147
-0.002511718299711816,2.534208330221575,0.01279978341393147
-0.002510468299711816,2.537906022719628,0.01110745204707055
-0.002509218299711816,2.530510637723521,0.010092053226954
-0.002507968299711816,2.526812945225467,0.008399721860093074
-0.002506718299711816,2.530510637723521,0.008061255586720889
-0.002505468299711816,2.537906022719628,0.009076654406837442
-0.002504218299711816,2.530510637723521,0.00738432303997652
-0.002502968299711816,2.534208330221575,0.006707390493232151
-0.002501718299711816,2.523115252727414,0.006030457946487782
-0.002500468299711816,2.512022175233253,0.004676592852999043
-0.002499218299711816,2.515719867731307,0.003999660306254674
-0.002497968299711816,2.512022175233253,0.00366119403288249
-0.002496718299711816,2.512022175233253,0.00366119403288249
-0.002495468299711816,2.500929097739092,0.001291930119277197
-0.002494218299711816,2.493533712742985,0.001630396392649382
-0.002492968299711816,2.493533712742985,0.0002765312991606437
-0.002491718299711816,2.452859095264396,-0.0007388675209559101
-0.002490468299711816,2.452859095264396,-0.001754266341072464
-0.002489218299711816,2.341928320322788,-0.002092732614444648
-0.002487968299711816,2.153346002922055,-0.003446597707933387
-0.002486718299711816,0.9626890185488015,-0.00513892907479431
-0.002485468299711816,-0.5015972106804176,-0.005815861621538678
-0.002484218299711816,-1.596114190104279,-0.006492794168283048
-0.002482968299711816,-2.398513462181906,-0.006492794168283048
-0.002481718299711816,-2.775678096983372,-0.007508192988399602
-0.002480468299711816,-2.775678096983372,-0.006831260441655233
-0.002479218299711816,-2.801561944469747,-0.009877456902004894
-0.002477968299711816,-2.820050406960015,-0.009877456902004894
-0.002476718299711816,-2.823748099458069,-0.01123132199549363
-0.002475468299711816,-2.831143484454176,-0.01055438944874926
-0.002474218299711816,-2.84593425444639,-0.01123132199549363
-0.002472968299711816,-2.849631946944444,-0.01224672081561019
-0.002471718299711816,-2.853329639442497,-0.01326211963572674
-0.002470468299711816,-2.857027331940551,-0.01461598472921548
-0.002469218299711816,-2.864422716936658,-0.01461598472921548
-0.002467968299711816,-2.864422716936658,-0.01596984982270422
-0.002466718299711816,-2.875515794430819,-0.01664678236944859
-0.002465468299711816,-2.871818101932765,-0.01664678236944859
-0.002464218299711816,-2.882911179426926,-0.01833911373630951
-0.002462968299711816,-2.882911179426926,-0.01833911373630951
-0.002461718299711816,-2.882911179426926,-0.01901604628305388
-0.002460468299711816,-2.875515794430819,-0.02003144510317043
-0.002459218299711816,-2.882911179426926,-0.02206224274340354
-0.002457968299711816,-2.890306564423033,-0.02273917529014791
-0.002456718299711816,-2.879213486928872,-0.02206224274340354
-0.002455468299711816,-2.89770194941914,-0.02443150665700883
-0.002454218299711816,-2.890306564423033,-0.02307764156352009
-0.002452968299711816,-2.88660887192498,-0.02680077057061412
-0.002451718299711816,-2.88660887192498,-0.02578537175049757
-0.002450468299711816,-2.882911179426926,-0.02713923684398631
-0.002449218299711816,-2.894004256921086,-0.02646230429724194
-0.002447968299711816,-2.890306564423033,-0.02849310193747505
-0.002446718299711816,-2.890306564423033,-0.0295085007575916
-0.002445468299711816,-2.890306564423033,-0.03052389957770815
-0.002444218299711816,-2.89770194941914,-0.02984696703096379
-0.002442968299711816,-2.890306564423033,-0.02984696703096379
-0.002441718299711816,-2.890306564423033,-0.03153929839782471
-0.002440468299711816,-2.89770194941914,-0.03289316349131345
-0.002439218299711816,-2.890306564423033,-0.03458549485817437
-0.002437968299711816,-2.88660887192498,-0.03458549485817437
-0.002436718299711816,-2.88660887192498,-0.03458549485817437
-0.002435468299711816,-2.88660887192498,-0.03526242740491874
-0.002434218299711816,-2.88660887192498,-0.0362778262250353
-0.002432968299711816,-2.894004256921086,-0.03695475877177966
-0.002431718299711816,-2.890306564423033,-0.03729322504515184
-0.002430468299711816,-2.894004256921086,-0.03797015759189622
-0.002429218299711816,-2.879213486928872,-0.03864709013864058
-0.002427968299711816,-2.890306564423033,-0.03898555641201276
-0.002426718299711816,-2.894004256921086,-0.0403394215055015
-0.002425468299711816,-2.890306564423033,-0.04203175287236242
-0.002424218299711816,-2.894004256921086,-0.04237021914573462
-0.002422968299711816,-2.882911179426926,-0.04338561796585116
-0.002421718299711816,-2.88660887192498,-0.04440101678596772
-0.002420468299711816,-2.875515794430819,-0.0447394830593399
-0.002419218299711816,-2.882911179426926,-0.04440101678596772
-0.002417968299711816,-2.875515794430819,-0.04575488187945646
-0.002416718299711816,-2.894004256921086,-0.04677028069957301
-0.002415468299711816,-2.875515794430819,-0.0471087469729452
-0.002414218299711816,-2.88660887192498,-0.04846261206643393
-0.002412968299711816,-2.882911179426926,-0.04846261206643393
-0.002411718299711816,-2.88660887192498,-0.04880107833980613
-0.002410468299711816,-2.894004256921086,-0.05015494343329487
-0.002409218299711816,-2.894004256921086,-0.04981647715992267
-0.002407968299711816,-2.890306564423033,-0.05083187598003923
-0.002406718299711816,-2.890306564423033,-0.05320113989364451
-0.002405468299711816,-2.88660887192498,-0.05184727480015579
-0.002404218299711816,-2.88660887192498,-0.05320113989364451
-0.002402968299711816,-2.88660887192498,-0.05320113989364451
-0.002401718299711816,-2.88660887192498,-0.05489347126050545
-0.002400468299711816,-2.894004256921086,-0.05489347126050545
-0.002399218299711816,-2.894004256921086,-0.05624733635399418
-0.002397968299711816,-2.88660887192498,-0.05557040380724981
-0.002396718299711816,-2.88660887192498,-0.05760120144748292
-0.002395468299711816,-2.882911179426926,-0.05726273517411073
-0.002394218299711816,-2.89770194941914,-0.05929353281434384
-0.002392968299711816,-2.89770194941914,-0.05963199908771603
-0.002391718299711816,-2.894004256921086,-0.06064739790783258
-0.002390468299711816,-2.88660887192498,-0.05997046536108822
-0.002389218299711816,-2.890306564423033,-0.0603089316344604
-0.002387968299711816,-2.88660887192498,-0.06166279672794914
-0.002386718299711816,-2.894004256921086,-0.06200126300132132
-0.002385468299711816,-2.890306564423033,-0.0623397292746935
-0.002384218299711816,-2.890306564423033,-0.0647089931882988
-0.002382968299711816,-2.894004256921086,-0.06369359436818224
-0.002381718299711816,-2.894004256921086,-0.06437052691492662
-0.002380468299711816,-2.88660887192498,-0.06437052691492662
-0.002379218299711816,-2.88660887192498,-0.06538592573504316
-0.002377968299711816,-2.894004256921086,-0.06775518964864846
-0.002376718299711816,-2.894004256921086,-0.0670782571019041
-0.002375468299711816,-2.882911179426926,-0.06741672337527628
-0.002374218299711816,-2.894004256921086,-0.06809365592202064
-0.002372968299711816,-2.890306564423033,-0.06877058846876502
-0.002371718299711816,-2.894004256921086,-0.06877058846876502
-0.002370468299711816,-2.882911179426926,-0.07046291983562594
-0.002369218299711816,-2.894004256921086,-0.07012445356225375
-0.002367968299711816,-2.890306564423033,-0.07215525120248686
-0.002366718299711816,-2.901399641917194,-0.07113985238237031
-0.002365468299711816,-2.88660887192498,-0.07215525120248686
-0.002364218299711816,-2.89770194941914,-0.07249371747585905
-0.002362968299711816,-2.890306564423033,-0.07384758256934779
-0.002361718299711816,-2.89770194941914,-0.0735091162959756
-0.002360468299711816,-2.901399641917194,-0.07486298138946433
-0.002359218299711816,-2.894004256921086,-0.07520144766283653
-0.002357968299711816,-2.89770194941914,-0.07452451511609215
-0.002356718299711816,-2.894004256921086,-0.07486298138946433
-0.002355468299711816,-2.89770194941914,-0.07621684648295307
-0.002354218299711816,-2.89770194941914,-0.07757071157644181
-0.002352968299711816,-2.89770194941914,-0.07757071157644181
-0.002351718299711816,-2.894004256921086,-0.07621684648295307
-0.002350468299711816,-2.894004256921086,-0.07824764412318619
-0.002349218299711816,-2.89770194941914,-0.07960150921667491
-0.002347968299711816,-2.894004256921086,-0.08095537431016366
-0.002346718299711816,-2.894004256921086,-0.07926304294330273
-0.002345468299711816,-2.901399641917194,-0.07993997549004711
-0.002344218299711816,-2.901399641917194,-0.08197077313028021
-0.002342968299711816,-2.89770194941914,-0.0823092394036524
-0.002341718299711816,-2.894004256921086,-0.08095537431016366
-0.002340468299711816,-2.894004256921086,-0.08163230685690803
-0.002339218299711816,-2.89770194941914,-0.0823092394036524
-0.002337968299711816,-2.89770194941914,-0.08163230685690803
-0.002336718299711816,-2.901399641917194,-0.08332463822376895
-0.002335468299711816,-2.905097334415248,-0.08467850331725769
-0.002334218299711816,-2.908795026913301,-0.08400157077051332
-0.002332968299711816,-2.901399641917194,-0.0843400370438855
-0.002331718299711816,-2.894004256921086,-0.0843400370438855
-0.002330468299711816,-2.89770194941914,-0.08569390213737424
-0.002329218299711816,-2.901399641917194,-0.08501696959062988
-0.002327968299711816,-2.912492719411354,-0.08535543586400206
-0.002326718299711816,-2.89770194941914,-0.08603236841074643
-0.002325468299711816,-2.905097334415248,-0.08704776723086298
-0.002324218299711816,-2.901399641917194,-0.08806316605097954
-0.002322968299711816,-2.901399641917194,-0.0890785648710961
-0.002321718299711816,-2.901399641917194,-0.0890785648710961
-0.002320468299711816,-2.901399641917194,-0.08806316605097954
-0.002319218299711816,-2.901399641917194,-0.0887400985977239
-0.002317968299711816,-2.916190411909408,-0.09009396369121264
-0.002316718299711816,-2.908795026913301,-0.09009396369121264
-0.002315468299711816,-2.89770194941914,-0.09043242996458482
-0.002314218299711816,-2.905097334415248,-0.0911093625113292
-0.002312968299711816,-2.89770194941914,-0.09144782878470138
-0.002311718299711816,-2.905097334415248,-0.09009396369121264
-0.002310468299711816,-2.905097334415248,-0.09043242996458482
-0.002309218299711816,-2.901399641917194,-0.09212476133144575
-0.002307968299711816,-2.905097334415248,-0.0931401601515623
-0.002306718299711816,-2.905097334415248,-0.09381709269830668
-0.002305468299711816,-2.901399641917194,-0.0931401601515623
-0.002304218299711816,-2.901399641917194,-0.09280169387819012
-0.002302968299711816,-2.908795026913301,-0.09212476133144575
-0.002301718299711816,-2.905097334415248,-0.0931401601515623
-0.002300468299711816,-2.905097334415248,-0.09517095779179541
-0.002299218299711816,-2.908795026913301,-0.09517095779179541
-0.002297968299711816,-2.908795026913301,-0.09415555897167886
-0.002296718299711816,-2.89770194941914,-0.09347862642493449
-0.002295468299711816,-2.905097334415248,-0.09381709269830668
-0.002294218299711816,-2.905097334415248,-0.09449402524505104
-0.002292968299711816,-2.912492719411354,-0.09584789033853978
-0.002291718299711816,-2.901399641917194,-0.09584789033853978
-0.002290468299711816,-2.905097334415248,-0.09618635661191197
-0.002289218299711816,-2.912492719411354,-0.09618635661191197
-0.002287968299711816,-2.901399641917194,-0.09584789033853978
-0.002286718299711816,-2.905097334415248,-0.09618635661191197
-0.002285468299711816,-2.912492719411354,-0.09754022170540071
-0.002284218299711816,-2.908795026913301,-0.09787868797877289
-0.002282968299711816,-2.908795026913301,-0.09720175543202852
-0.002281718299711816,-2.894004256921086,-0.09618635661191197
-0.002280468299711816,-2.908795026913301,-0.09686328915865633
-0.002279218299711816,-2.89770194941914,-0.09652482288528415
-0.002277968299711816,-2.905097334415248,-0.09720175543202852
-0.002276718299711816,-2.912492719411354,-0.09855562052551727
-0.002275468299711816,-2.908795026913301,-0.09787868797877289
-0.002274218299711816,-2.901399641917194,-0.09923255307226163
-0.002272968299711816,-2.916190411909408,-0.09855562052551727
-0.002271718299711816,-2.905097334415248,-0.09923255307226163
-0.002270468299711816,-2.908795026913301,-0.09720175543202852
-0.002269218299711816,-2.919888104407462,-0.09923255307226163
-0.002267968299711816,-2.905097334415248,-0.09923255307226163
-0.002266718299711816,-2.912492719411354,-0.09957101934563381
-0.002265468299711816,-2.912492719411354,-0.09957101934563381
-0.002264218299711816,-2.908795026913301,-0.09957101934563381
-0.002262968299711816,-2.908795026913301,-0.09923255307226163
-0.002261718299711816,-2.916190411909408,-0.1002479518923782
-0.002260468299711816,-2.912492719411354,-0.1005864181657504
-0.002259218299711816,-2.901399641917194,-0.09957101934563381
-0.002257968299711816,-2.905097334415248,-0.09923255307226163
-0.002256718299711816,-2.905097334415248,-0.09889408679888945
-0.002255468299711816,-2.905097334415248,-0.1002479518923782
-0.002254218299711816,-2.908795026913301,-0.1012633507124947
-0.002252968299711816,-2.901399641917194,-0.1012633507124947
-0.002251718299711816,-2.912492719411354,-0.1005864181657504
-0.002250468299711816,-2.908795026913301,-0.09923255307226163
-0.002249218299711816,-2.912492719411354,-0.09990948561900599
-0.002247968299711816,-2.908795026913301,-0.09923255307226163
-0.002246718299711816,-2.908795026913301,-0.09990948561900599
-0.002245468299711816,-2.901399641917194,-0.1012633507124947
-0.002244218299711816,-2.901399641917194,-0.09990948561900599
-0.002242968299711816,-2.912492719411354,-0.09957101934563381
-0.002241718299711816,-2.916190411909408,-0.1005864181657504
-0.002240468299711816,-2.919888104407462,-0.1002479518923782
-0.002239218299711816,-2.905097334415248,-0.1012633507124947
-0.002237968299711816,-2.905097334415248,-0.1002479518923782
-0.002236718299711816,-2.901399641917194,-0.09990948561900599
-0.002235468299711816,-2.908795026913301,-0.09990948561900599
-0.002234218299711816,-2.912492719411354,-0.09855562052551727
-0.002232968299711816,-2.908795026913301,-0.09990948561900599
-0.002231718299711816,-2.908795026913301,-0.1005864181657504
-0.002230468299711816,-2.905097334415248,-0.1012633507124947
-0.002229218299711816,-2.905097334415248,-0.09957101934563381
-0.002227968299711816,-2.908795026913301,-0.09990948561900599
-0.002226718299711816,-2.912492719411354,-0.09923255307226163
-0.002225468299711816,-2.908795026913301,-0.09855562052551727
-0.002224218299711816,-2.901399641917194,-0.09855562052551727
-0.002222968299711816,-2.916190411909408,-0.1005864181657504
-0.002221718299711816,-2.905097334415248,-0.09821715425214507
-0.002220468299711816,-2.905097334415248,-0.09923255307226163
-0.002219218299711816,-2.894004256921086,-0.09787868797877289
-0.002217968299711816,-2.905097334415248,-0.09889408679888945
-0.002216718299711816,-2.916190411909408,-0.09889408679888945
-0.002215468299711816,-2.916190411909408,-0.09787868797877289
-0.002214218299711816,-2.912492719411354,-0.09855562052551727
-0.002212968299711816,-2.901399641917194,-0.09754022170540071
-0.002211718299711816,-2.908795026913301,-0.09821715425214507
-0.002210468299711816,-2.908795026913301,-0.09821715425214507
-0.002209218299711816,-2.901399641917194,-0.09787868797877289
-0.002207968299711816,-2.908795026913301,-0.09821715425214507
-0.002206718299711816,-2.908795026913301,-0.09754022170540071
-0.002205468299711816,-2.916190411909408,-0.09720175543202852
-0.002204218299711816,-2.912492719411354,-0.09754022170540071
-0.002202968299711816,-2.905097334415248,-0.09754022170540071
-0.002201718299711816,-2.908795026913301,-0.09754022170540071
-0.002200468299711816,-2.905097334415248,-0.09618635661191197
-0.002199218299711816,-2.905097334415248,-0.09618635661191197
-0.002197968299711816,-2.908795026913301,-0.09517095779179541
-0.002196718299711816,-2.905097334415248,-0.09584789033853978
-0.002195468299711816,-2.908795026913301,-0.09618635661191197
-0.002194218299711816,-2.905097334415248,-0.0955094240651676
-0.002192968299711816,-2.908795026913301,-0.09517095779179541
-0.002191718299711816,-2.905097334415248,-0.09517095779179541
-0.002190468299711816,-2.905097334415248,-0.09517095779179541
-0.002189218299711816,-2.905097334415248,-0.09381709269830668
-0.002187968299711816,-2.905097334415248,-0.09415555897167886
-0.002186718299711816,-2.905097334415248,-0.09347862642493449
-0.002185468299711816,-2.912492719411354,-0.09381709269830668
-0.002184218299711816,-2.901399641917194,-0.09280169387819012
-0.002182968299711816,-2.901399641917194,-0.09280169387819012
-0.002181718299711816,-2.908795026913301,-0.09246322760481794
-0.002180468299711816,-2.908795026913301,-0.09280169387819012
-0.002179218299711816,-2.901399641917194,-0.09178629505807356
-0.002177968299711816,-2.905097334415248,-0.09212476133144575
-0.002176718299711816,-2.901399641917194,-0.0911093625113292
-0.002175468299711816,-2.908795026913301,-0.09144782878470138
-0.002174218299711816,-2.89770194941914,-0.08975549741784046
-0.002172968299711816,-2.901399641917194,-0.08975549741784046
-0.002171718299711816,-2.901399641917194,-0.09009396369121264
-0.002170468299711816,-2.894004256921086,-0.08975549741784046
-0.002169218299711816,-2.905097334415248,-0.09009396369121264
-0.002167968299711816,-2.908795026913301,-0.09009396369121264
-0.002166718299711816,-2.89770194941914,-0.08772469977760736
-0.002165468299711816,-2.894004256921086,-0.08738623350423516
-0.002164218299711816,-2.901399641917194,-0.08806316605097954
-0.002162968299711816,-2.905097334415248,-0.0867093009574908
-0.002161718299711816,-2.894004256921086,-0.08704776723086298
-0.002160468299711816,-2.905097334415248,-0.08738623350423516
-0.002159218299711816,-2.905097334415248,-0.08704776723086298
-0.002157968299711816,-2.901399641917194,-0.08569390213737424
-0.002156718299711816,-2.894004256921086,-0.08637083468411862
-0.002155468299711816,-2.905097334415248,-0.08501696959062988
-0.002154218299711816,-2.89770194941914,-0.08501696959062988
-0.002152968299711816,-2.894004256921086,-0.0843400370438855
-0.002151718299711816,-2.89770194941914,-0.08366310449714114
-0.002150468299711816,-2.901399641917194,-0.08264770567702458
-0.002149218299711816,-2.89770194941914,-0.08264770567702458
-0.002147968299711816,-2.894004256921086,-0.08129384058353585
-0.002146718299711816,-2.89770194941914,-0.08400157077051332
-0.002145468299711816,-2.894004256921086,-0.08163230685690803
-0.002144218299711816,-2.894004256921086,-0.08095537431016366
-0.002142968299711816,-2.894004256921086,-0.08129384058353585
-0.002141718299711816,-2.89770194941914,-0.08027844176341929
-0.002140468299711816,-2.88660887192498,-0.07858611039655837
-0.002139218299711816,-2.89770194941914,-0.07926304294330273
-0.002137968299711816,-2.89770194941914,-0.07892457666993055
-0.002136718299711816,-2.88660887192498,-0.07790917784981399
-0.002135468299711816,-2.894004256921086,-0.07790917784981399
-0.002134218299711816,-2.894004256921086,-0.07689377902969745
-0.002132968299711816,-2.890306564423033,-0.07723224530306963
-0.002131718299711816,-2.88660887192498,-0.07723224530306963
-0.002130468299711816,-2.890306564423033,-0.07553991393620871
-0.002129218299711816,-2.894004256921086,-0.07621684648295307
-0.002127968299711816,-2.894004256921086,-0.07520144766283653
-0.002126718299711816,-2.882911179426926,-0.07418604884271997
-0.002125468299711816,-2.882911179426926,-0.07486298138946433
-0.002124218299711816,-2.88660887192498,-0.07317065002260341
-0.002122968299711816,-2.894004256921086,-0.0735091162959756
-0.002121718299711816,-2.88660887192498,-0.07181678492911468
-0.002120468299711816,-2.88660887192498,-0.07147831865574249
-0.002119218299711816,-2.890306564423033,-0.07046291983562594
-0.002117968299711816,-2.882911179426926,-0.0691090547421372
-0.002116718299711816,-2.88660887192498,-0.06944752101550938
-0.002115468299711816,-2.890306564423033,-0.07012445356225375
-0.002114218299711816,-2.882911179426926,-0.0691090547421372
-0.002112968299711816,-2.88660887192498,-0.06877058846876502
-0.002111718299711816,-2.890306564423033,-0.0667397908285319
-0.002110468299711816,-2.88660887192498,-0.06572439200841536
-0.002109218299711816,-2.879213486928872,-0.0670782571019041
-0.002107968299711816,-2.882911179426926,-0.06572439200841536
-0.002106718299711816,-2.879213486928872,-0.06606285828178754
-0.002105468299711816,-2.88660887192498,-0.06437052691492662
-0.002104218299711816,-2.882911179426926,-0.06369359436818224
-0.002102968299711816,-2.882911179426926,-0.06369359436818224
-0.002101718299711816,-2.879213486928872,-0.06166279672794914
-0.002100468299711816,-2.875515794430819,-0.0626781955480657
-0.002099218299711816,-2.882911179426926,-0.06132433045457696
-0.002097968299711816,-2.882911179426926,-0.06166279672794914
-0.002096718299711816,-2.871818101932765,-0.05895506654097166
-0.002095468299711816,-2.882911179426926,-0.05929353281434384
-0.002094218299711816,-2.875515794430819,-0.05861660026759948
-0.002092968299711816,-2.879213486928872,-0.0579396677208551
-0.002091718299711816,-2.882911179426926,-0.0579396677208551
-0.002090468299711816,-2.868120409434712,-0.05760120144748292
-0.002089218299711816,-2.871818101932765,-0.05658580262736637
-0.002087968299711816,-2.882911179426926,-0.05658580262736637
-0.002086718299711816,-2.879213486928872,-0.05489347126050545
-0.002085468299711816,-2.868120409434712,-0.05557040380724981
-0.002084218299711816,-2.875515794430819,-0.05387807244038889
-0.002082968299711816,-2.868120409434712,-0.05286267362027233
-0.002081718299711816,-2.864422716936658,-0.05320113989364451
-0.002080468299711816,-2.875515794430819,-0.05184727480015579
-0.002079218299711816,-2.871818101932765,-0.05252420734690015
-0.002077968299711816,-2.860725024438604,-0.04981647715992267
-0.002076718299711816,-2.875515794430819,-0.04981647715992267
-0.002075468299711816,-2.875515794430819,-0.04880107833980613
-0.002074218299711816,-2.871818101932765,-0.04880107833980613
-0.002072968299711816,-2.868120409434712,-0.04778567951968957
-0.002071718299711816,-2.857027331940551,-0.04677028069957301
-0.002070468299711816,-2.860725024438604,-0.04575488187945646
-0.002069218299711816,-2.868120409434712,-0.04609334815282864
-0.002067968299711816,-2.864422716936658,-0.0447394830593399
-0.002066718299711816,-2.868120409434712,-0.04372408423922335
-0.002065468299711816,-2.868120409434712,-0.04440101678596772
-0.002064218299711816,-2.860725024438604,-0.04237021914573462
-0.002062968299711816,-2.857027331940551,-0.04338561796585116
-0.002061718299711816,-2.860725024438604,-0.04101635405224588
-0.002060468299711816,-2.857027331940551,-0.03966248895875714
-0.002059218299711816,-2.857027331940551,-0.03898555641201276
-0.002057968299711816,-2.849631946944444,-0.04000095523212932
-0.002056718299711816,-2.853329639442497,-0.03898555641201276
-0.002055468299711816,-2.853329639442497,-0.03695475877177966
-0.002054218299711816,-2.849631946944444,-0.03695475877177966
-0.002052968299711816,-2.857027331940551,-0.03797015759189622
-0.002051718299711816,-2.842236561948337,-0.03560089367829092
-0.002050468299711816,-2.849631946944444,-0.03458549485817437
-0.002049218299711816,-2.842236561948337,-0.03357009603805781
-0.002047968299711816,-2.84593425444639,-0.03289316349131345
-0.002046718299711816,-2.849631946944444,-0.03255469721794126
-0.002045468299711816,-2.838538869450283,-0.03221623094456907
-0.002044218299711816,-2.84593425444639,-0.03120083212445252
-0.002042968299711816,-2.838538869450283,-0.03086236585108034
-0.002041718299711816,-2.842236561948337,-0.03018543330433597
-0.002040468299711816,-2.842236561948337,-0.02883156821084723
-0.002039218299711816,-2.838538869450283,-0.02713923684398631
-0.002037968299711816,-2.831143484454176,-0.02713923684398631
-0.002036718299711816,-2.838538869450283,-0.02646230429724194
-0.002035468299711816,-2.834841176952229,-0.02646230429724194
-0.002034218299711816,-2.827445791956122,-0.02578537175049757
-0.002032968299711816,-2.831143484454176,-0.0251084392037532
-0.002031718299711816,-2.834841176952229,-0.02443150665700883
-0.002030468299711816,-2.827445791956122,-0.02240070901677572
-0.002029218299711816,-2.823748099458069,-0.02104684392328698
-0.002027968299711816,-2.816352714461961,-0.02003144510317043
-0.002026718299711816,-2.820050406960015,-0.02138531019665917
-0.002025468299711816,-2.823748099458069,-0.01935451255642606
-0.002024218299711816,-2.823748099458069,-0.02036991137654262
-0.002022968299711816,-2.812655021963908,-0.01732371491619296
-0.002021718299711816,-2.808957329465854,-0.01664678236944859
-0.002020468299711816,-2.805259636967801,-0.01664678236944859
-0.002019218299711816,-2.808957329465854,-0.01529291727595985
-0.002017968299711816,-2.808957329465854,-0.01461598472921548
-0.002016718299711816,-2.797864251971693,-0.01495445100258766
-0.002015468299711816,-2.808957329465854,-0.01461598472921548
-0.002014218299711816,-2.79416655947364,-0.01393905218247111
-0.002012968299711816,-2.790468866975586,-0.01156978826886582
-0.002011718299711816,-2.790468866975586,-0.009538990628632709
-0.002010468299711816,-2.764585019489211,-0.008862058081888341
-0.002009218299711816,-2.775678096983372,-0.008862058081888341
-0.002007968299711816,-2.764585019489211,-0.009200524355260524
-0.002006718299711816,-2.760887326991158,-0.008523591808516156
-0.002005468299711816,-2.757189634493104,-0.007846659261771787
-0.002004218299711816,-2.720212709512568,-0.006154327894910864
-0.002002968299711816,-2.239512684765602,-0.004800462801422125
-0.002001718299711816,-1.46299726017435,-0.00513892907479431
-0.002000468299711816,-0.6753887580889362,-0.004123530254677756
-0.001999218299711816,0.4930820712959963,-0.002769665161189018
-0.001997968299711816,1.469272890782142,-0.002092732614444648
-0.001996718299711816,2.108973692945412,-0.002431198887816833
-0.001995468299711816,2.51941756022936,-6.19349742115409e-05
-0.001994218299711816,2.541603715217682,0.0002765312991606437
-0.001992968299711816,2.534208330221575,0.0006149975725328283
-0.001991718299711816,2.552696792711842,0.001968862666021566
-0.001990468299711816,2.56009217770795,0.001968862666021566
-0.001989218299711816,2.57118525520211,0.00366119403288249
-0.001987968299711816,2.578580640198218,0.004676592852999043
-0.001986718299711816,2.574882947700164,0.005353525399743412
-0.001985468299711816,2.578580640198218,0.006030457946487782
-0.001984218299711816,2.582278332696271,0.007722789313348704
-0.001982968299711816,2.597069102688486,0.00738432303997652
-0.001981718299711816,2.597069102688486,0.007722789313348704
-0.001980468299711816,2.604464487684593,0.009076654406837442
-0.001979218299711816,2.597069102688486,0.009415120680209627
-0.001977968299711816,2.593371410190432,0.01144591832044273
-0.001976718299711816,2.593371410190432,0.01076898577369837
-0.001975468299711816,2.600766795186539,0.01178438459381492
-0.001974218299711816,2.600766795186539,0.0121228508671871
-0.001972968299711816,2.600766795186539,0.01415364850742021
-0.001971718299711816,2.600766795186539,0.01483058105416458
-0.001970468299711816,2.600766795186539,0.01516904732753676
-0.001969218299711816,2.597069102688486,0.01516904732753676
-0.001967968299711816,2.604464487684593,0.01618444614765332
-0.001966718299711816,2.608162180182646,0.01686137869439769
-0.001965468299711816,2.600766795186539,0.01719984496776987
-0.001964218299711816,2.600766795186539,0.01923064260800298
-0.001962968299711816,2.604464487684593,0.01990757515474735
-0.001961718299711816,2.597069102688486,0.02024604142811954
-0.001960468299711816,2.604464487684593,0.02159990652160827
-0.001959218299711816,2.6118598726807,0.02363070416184138
-0.001957968299711816,2.593371410190432,0.02295377161509701
-0.001956718299711816,2.604464487684593,0.02329223788846919
-0.001955468299711816,2.597069102688486,0.02430763670858575
-0.001954218299711816,2.597069102688486,0.02430763670858575
-0.001952968299711816,2.600766795186539,0.0253230355287023
-0.001951718299711816,2.600766795186539,0.02633843434881886
-0.001950468299711816,2.593371410190432,0.02836923198905196
-0.001949218299711815,2.585976025194325,0.02803076571567978
-0.001947968299711815,2.593371410190432,0.02870769826242415
-0.001946718299711816,2.589673717692378,0.03006156335591289
-0.001945468299711816,2.593371410190432,0.03073849590265726
-0.001944218299711815,2.593371410190432,0.03040002962928507
-0.001942968299711815,2.589673717692378,0.03107696217602944
-0.001941718299711816,2.589673717692378,0.03243082726951818
-0.001940468299711816,2.585976025194325,0.03344622608963474
-0.001939218299711816,2.585976025194325,0.03480009118312347
-0.001937968299711815,2.589673717692378,0.03480009118312347
-0.001936718299711816,2.585976025194325,0.03547702372986784
-0.001935468299711816,2.585976025194325,0.03615395627661221
-0.001934218299711816,2.585976025194325,0.03716935509672877
-0.001932968299711815,2.585976025194325,0.03683088882335658
-0.001931718299711815,2.585976025194325,0.03818475391684532
-0.001930468299711816,2.582278332696271,0.03920015273696187
-0.001929218299711816,2.578580640198218,0.04021555155707843
-0.001927968299711815,2.589673717692378,0.04055401783045061
-0.001926718299711815,2.582278332696271,0.04123095037719497
-0.001925468299711816,2.578580640198218,0.04258481547068371
-0.001924218299711816,2.582278332696271,0.04258481547068371
-0.001922968299711815,2.585976025194325,0.04529254565766119
-0.001921718299711815,2.574882947700164,0.04461561311091683
-0.001920468299711816,2.574882947700164,0.04495407938428901
-0.001919218299711816,2.578580640198218,0.04393868056417245
-0.001917968299711816,2.578580640198218,0.04664641075114993
-0.001916718299711815,2.585976025194325,0.04698487702452211
-0.001915468299711816,2.582278332696271,0.04766180957126649
-0.001914218299711816,2.57118525520211,0.04800027584463867
-0.001912968299711816,2.574882947700164,0.04867720839138304
-0.001911718299711815,2.578580640198218,0.05104647230498834
-0.001910468299711815,2.582278332696271,0.05070800603161614
-0.001909218299711816,2.57118525520211,0.0517234048517327
-0.001907968299711816,2.574882947700164,0.05240033739847708
-0.001906718299711815,2.574882947700164,0.05240033739847708
-0.001905468299711815,2.578580640198218,0.05240033739847708
-0.001904218299711816,2.574882947700164,0.054092668765338
-0.001902968299711816,2.574882947700164,0.054092668765338
-0.001901718299711815,2.57118525520211,0.0561234664055711
-0.001900468299711815,2.563789870206003,0.0561234664055711
-0.001899218299711816,2.582278332696271,0.05680039895231546
-0.001897968299711816,2.578580640198218,0.05646193267894328
-0.001896718299711816,2.585976025194325,0.05747733149905984
-0.001895468299711815,2.57118525520211,0.05849273031917639
-0.001894218299711816,2.57118525520211,0.05916966286592076
-0.001892968299711816,2.57118525520211,0.05883119659254858
-0.001891718299711816,2.574882947700164,0.05984659541266513
-0.001890468299711815,2.567487562704057,0.06153892677952605
-0.001889218299711815,2.574882947700164,0.0605235279594095
-0.001887968299711816,2.567487562704057,0.06323125814638697
-0.001886718299711816,2.57118525520211,0.06221585932627043
-0.001885468299711815,2.567487562704057,0.06390819069313135
-0.001884218299711815,2.574882947700164,0.06356972441975915
-0.001882968299711816,2.574882947700164,0.06492358951324789
-0.001881718299711816,2.578580640198218,0.06593898833336445
-0.001880468299711815,2.567487562704057,0.06593898833336445
-0.001879218299711815,2.582278332696271,0.06729285342685319
-0.001877968299711816,2.574882947700164,0.06864671852034193
-0.001876718299711816,2.574882947700164,0.06661592088010881
-0.001875468299711816,2.574882947700164,0.06898518479371411
-0.001874218299711815,2.57118525520211,0.06898518479371411
-0.001872968299711816,2.574882947700164,0.06932365106708629
-0.001871718299711816,2.563789870206003,0.07067751616057504
-0.001870468299711816,2.57118525520211,0.07169291498069159
-0.001869218299711815,2.57118525520211,0.0713544487073194
-0.001867968299711815,2.57118525520211,0.07203138125406378
-0.001866718299711816,2.57118525520211,0.07203138125406378
-0.001865468299711816,2.57118525520211,0.07169291498069159
-0.001864218299711815,2.563789870206003,0.0737237126209247
-0.001862968299711815,2.57118525520211,0.07406217889429688
-0.001861718299711816,2.582278332696271,0.07440064516766906
-0.001860468299711816,2.574882947700164,0.07440064516766906
-0.001859218299711816,2.567487562704057,0.07609297653452998
-0.001857968299711815,2.567487562704057,0.07676990908127436
-0.001856718299711816,2.56009217770795,0.07676990908127436
-0.001855468299711816,2.57118525520211,0.07676990908127436
-0.001854218299711816,2.57118525520211,0.0781237741747631
-0.001852968299711815,2.57118525520211,0.07676990908127436
-0.001851718299711816,2.57118525520211,0.07981610554162402
-0.001850468299711816,2.574882947700164,0.07880070672150746
-0.001849218299711816,2.567487562704057,0.07981610554162402
-0.001847968299711815,2.567487562704057,0.07981610554162402
-0.001846718299711815,2.567487562704057,0.08083150436174057
-0.001845468299711816,2.574882947700164,0.0801545718149962
-0.001844218299711816,2.578580640198218,0.08184690318185713
-0.001842968299711815,2.574882947700164,0.08150843690848494
-0.001841718299711815,2.567487562704057,0.08150843690848494
-0.001840468299711816,2.57118525520211,0.08455463336883461
-0.001839218299711816,2.57118525520211,0.08421616709546241
-0.001837968299711816,2.567487562704057,0.08320076827534587
-0.001836718299711815,2.567487562704057,0.08455463336883461
-0.001835468299711816,2.57118525520211,0.08489309964220679
-0.001834218299711816,2.578580640198218,0.08421616709546241
-0.001832968299711816,2.574882947700164,0.08557003218895115
-0.001831718299711815,2.567487562704057,0.08489309964220679
-0.001830468299711816,2.574882947700164,0.08624696473569553
-0.001829218299711816,2.567487562704057,0.08760082982918427
-0.001827968299711816,2.578580640198218,0.08726236355581207
-0.001826718299711815,2.567487562704057,0.08827776237592863
-0.001825468299711815,2.567487562704057,0.08760082982918427
-0.001824218299711816,2.567487562704057,0.08895469492267301
-0.001822968299711816,2.567487562704057,0.08997009374278955
-0.001821718299711815,2.567487562704057,0.08760082982918427
-0.001820468299711815,2.567487562704057,0.08861622864930081
-0.001819218299711816,2.574882947700164,0.09030856001616173
-0.001817968299711816,2.57118525520211,0.08963162746941737
-0.001816718299711816,2.57118525520211,0.08929316119604519
-0.001815468299711815,2.57118525520211,0.09166242510965047
-0.001814218299711816,2.567487562704057,0.09030856001616173
-0.001812968299711816,2.57118525520211,0.09098549256290611
-0.001811718299711816,2.57118525520211,0.09200089138302266
-0.001810468299711815,2.574882947700164,0.09301629020313922
-0.001809218299711816,2.567487562704057,0.09233935765639485
-0.001807968299711816,2.57118525520211,0.0933547564765114
-0.001806718299711816,2.57118525520211,0.09267782392976703
-0.001805468299711815,2.567487562704057,0.09369322274988359
-0.001804218299711815,2.574882947700164,0.09470862157000014
-0.001802968299711816,2.567487562704057,0.09470862157000014
-0.001801718299711816,2.563789870206003,0.09369322274988359
-0.001800468299711815,2.567487562704057,0.09538555411674451
-0.001799218299711815,2.567487562704057,0.09504708784337232
-0.001797968299711816,2.57118525520211,0.09301629020313922
-0.001796718299711816,2.574882947700164,0.09504708784337232
-0.001795468299711816,2.57118525520211,0.0957240203901167
-0.001794218299711815,2.57118525520211,0.09640095293686106
-0.001792968299711816,2.582278332696271,0.09707788548360544
-0.001791718299711816,2.57118525520211,0.09606248666348888
-0.001790468299711816,2.574882947700164,0.0957240203901167
-0.001789218299711815,2.567487562704057,0.09538555411674451
-0.001787968299711816,2.582278332696271,0.09707788548360544
-0.001786718299711816,2.574882947700164,0.0977548180303498
-0.001785468299711816,2.57118525520211,0.0977548180303498
-0.001784218299711815,2.57118525520211,0.09809328430372198
-0.001782968299711815,2.567487562704057,0.0977548180303498
-0.001781718299711816,2.57118525520211,0.0977548180303498
-0.001780468299711816,2.57118525520211,0.09877021685046636
-0.001779218299711815,2.563789870206003,0.09910868312383854
-0.001777968299711815,2.567487562704057,0.09843175057709418
-0.001776718299711816,2.57118525520211,0.09877021685046636
-0.001775468299711816,2.567487562704057,0.09809328430372198
-0.001774218299711816,2.57118525520211,0.09809328430372198
-0.001772968299711815,2.574882947700164,0.09877021685046636
-0.001771718299711816,2.563789870206003,0.0997856156705829
-0.001770468299711816,2.582278332696271,0.1004625482173273
-0.001769218299711816,2.563789870206003,0.0997856156705829
-0.001767968299711815,2.56009217770795,0.0997856156705829
-0.001766718299711815,2.57118525520211,0.0997856156705829
-0.001765468299711816,2.574882947700164,0.09843175057709418
-0.001764218299711816,2.574882947700164,0.09944714939721072
-0.001762968299711815,2.563789870206003,0.09910868312383854
-0.001761718299711815,2.567487562704057,0.0997856156705829
-0.001760468299711816,2.574882947700164,0.1004625482173273
-0.001759218299711816,2.56009217770795,0.1004625482173273
-0.001757968299711815,2.563789870206003,0.1001240819439551
-0.001756718299711815,2.567487562704057,0.1008010144906995
-0.001755468299711816,2.57118525520211,0.1001240819439551
-0.001754218299711816,2.574882947700164,0.1008010144906995
-0.001752968299711816,2.57118525520211,0.1001240819439551
-0.001751718299711815,2.57118525520211,0.1004625482173273
-0.001750468299711816,2.563789870206003,0.09944714939721072
-0.001749218299711816,2.574882947700164,0.1011394807640716
-0.001747968299711816,2.567487562704057,0.1028318121309326
-0.001746718299711815,2.567487562704057,0.1001240819439551
-0.001745468299711815,2.563789870206003,0.1001240819439551
-0.001744218299711816,2.582278332696271,0.1008010144906995
-0.001742968299711816,2.574882947700164,0.1008010144906995
-0.001741718299711815,2.57118525520211,0.1004625482173273
-0.001740468299711815,2.57118525520211,0.101816413310816
-0.001739218299711816,2.567487562704057,0.1024933458575604
-0.001737968299711816,2.567487562704057,0.0997856156705829
-0.001736718299711815,2.574882947700164,0.1004625482173273
-0.001735468299711815,2.582278332696271,0.1001240819439551
-0.001734218299711816,2.567487562704057,0.1011394807640716
-0.001732968299711816,2.578580640198218,0.1008010144906995
-0.001731718299711816,2.57118525520211,0.101816413310816
-0.001730468299711815,2.567487562704057,0.1001240819439551
-0.001729218299711816,2.57118525520211,0.1004625482173273
-0.001727968299711816,2.574882947700164,0.1008010144906995
-0.001726718299711816,2.567487562704057,0.1001240819439551
-0.001725468299711815,2.57118525520211,0.09944714939721072
-0.001724218299711815,2.578580640198218,0.0997856156705829
-0.001722968299711816,2.567487562704057,0.1004625482173273
-0.001721718299711816,2.574882947700164,0.09944714939721072
-0.001720468299711815,2.567487562704057,0.1004625482173273
-0.001719218299711815,2.57118525520211,0.0997856156705829
-0.001717968299711816,2.578580640198218,0.0997856156705829
-0.001716718299711816,2.57118525520211,0.09877021685046636
-0.001715468299711815,2.56009217770795,0.09877021685046636
-0.001714218299711815,2.548999100213789,0.09843175057709418
-0.001712968299711816,2.57118525520211,0.09944714939721072
-0.001711718299711816,2.567487562704057,0.0997856156705829
-0.001710468299711816,2.582278332696271,0.0977548180303498
-0.001709218299711815,2.57118525520211,0.09843175057709418
-0.001707968299711816,2.582278332696271,0.09877021685046636
-0.001706718299711816,2.567487562704057,0.09843175057709418
-0.001705468299711816,2.578580640198218,0.09741635175697762
-0.001704218299711815,2.57118525520211,0.09843175057709418
-0.001702968299711815,2.567487562704057,0.09809328430372198
-0.001701718299711816,2.578580640198218,0.09843175057709418
-0.001700468299711816,2.563789870206003,0.09707788548360544
-0.001699218299711815,2.563789870206003,0.09741635175697762
-0.001697968299711815,2.567487562704057,0.09707788548360544
-0.001696718299711816,2.567487562704057,0.09538555411674451
-0.001695468299711816,2.57118525520211,0.09606248666348888
-0.001694218299711815,2.57118525520211,0.09673941921023324
-0.001692968299711815,2.574882947700164,0.09538555411674451
-0.001691718299711816,2.574882947700164,0.09673941921023324
-0.001690468299711816,2.567487562704057,0.0957240203901167
-0.001689218299711816,2.57118525520211,0.09437015529662796
-0.001687968299711815,2.57118525520211,0.09403168902325577
-0.001686718299711816,2.574882947700164,0.09437015529662796
-0.001685468299711816,2.57118525520211,0.09437015529662796
-0.001684218299711816,2.567487562704057,0.09437015529662796
-0.001682968299711815,2.567487562704057,0.09403168902325577
-0.001681718299711815,2.582278332696271,0.09267782392976703
-0.001680468299711816,2.57118525520211,0.0933547564765114
-0.001679218299711816,2.567487562704057,0.09233935765639485
-0.001677968299711815,2.57118525520211,0.09233935765639485
-0.001676718299711815,2.56009217770795,0.09267782392976703
-0.001675468299711816,2.567487562704057,0.09233935765639485
-0.001674218299711816,2.57118525520211,0.09064702628953393
-0.001672968299711816,2.574882947700164,0.09098549256290611
-0.001671718299711815,2.578580640198218,0.08997009374278955
-0.001670468299711816,2.567487562704057,0.09233935765639485
-0.001669218299711816,2.574882947700164,0.09030856001616173
-0.001667968299711816,2.567487562704057,0.08963162746941737
-0.001666718299711815,2.567487562704057,0.08827776237592863
-0.001665468299711816,2.567487562704057,0.08929316119604519
-0.001664218299711816,2.57118525520211,0.08861622864930081
-0.001662968299711816,2.574882947700164,0.08997009374278955
-0.001661718299711815,2.57118525520211,0.08760082982918427
-0.001660468299711815,2.57118525520211,0.08793929610255645
-0.001659218299711816,2.567487562704057,0.08726236355581207
-0.001657968299711816,2.574882947700164,0.08793929610255645
-0.001656718299711815,2.574882947700164,0.08590849846232335
-0.001655468299711815,2.578580640198218,0.08557003218895115
-0.001654218299711816,2.567487562704057,0.08557003218895115
-0.001652968299711816,2.574882947700164,0.08489309964220679
-0.001651718299711816,2.56009217770795,0.08489309964220679
-0.001650468299711815,2.567487562704057,0.08455463336883461
-0.001649218299711816,2.57118525520211,0.08320076827534587
-0.001647968299711816,2.574882947700164,0.08252383572860149
-0.001646718299711816,2.578580640198218,0.08252383572860149
-0.001645468299711815,2.57118525520211,0.08353923454871805
-0.001644218299711816,2.57118525520211,0.08286230200197368
-0.001642968299711816,2.57118525520211,0.08083150436174057
-0.001641718299711816,2.574882947700164,0.08116997063511276
-0.001640468299711815,2.57118525520211,0.08083150436174057
-0.001639218299711815,2.556394485209896,0.08083150436174057
-0.001637968299711816,2.567487562704057,0.07981610554162402
-0.001636718299711816,2.57118525520211,0.07981610554162402
-0.001635468299711815,2.574882947700164,0.07744684162801872
-0.001634218299711815,2.563789870206003,0.07710837535464654
-0.001632968299711816,2.57118525520211,0.07744684162801872
-0.001631718299711816,2.563789870206003,0.07710837535464654
-0.001630468299711816,2.567487562704057,0.07676990908127436
-0.001629218299711815,2.563789870206003,0.07541604398778562
-0.001627968299711816,2.574882947700164,0.07609297653452998
-0.001626718299711816,2.563789870206003,0.07643144280790218
-0.001625468299711816,2.57118525520211,0.07507757771441344
-0.001624218299711815,2.567487562704057,0.07541604398778562
-0.001622968299711816,2.57118525520211,0.07270831380080814
-0.001621718299711816,2.563789870206003,0.07304678007418032
-0.001620468299711816,2.567487562704057,0.07338524634755252
-0.001619218299711815,2.57118525520211,0.07203138125406378
-0.001617968299711815,2.57118525520211,0.07033904988720285
-0.001616718299711816,2.567487562704057,0.07067751616057504
-0.001615468299711816,2.57118525520211,0.07067751616057504
-0.001614218299711815,2.582278332696271,0.06864671852034193
-0.001612968299711815,2.574882947700164,0.06864671852034193
-0.001611718299711816,2.567487562704057,0.06864671852034193
-0.001610468299711816,2.56009217770795,0.06763131970022537
-0.001609218299711816,2.563789870206003,0.06729285342685319
-0.001607968299711815,2.556394485209896,0.06627745460673663
-0.001606718299711816,2.567487562704057,0.06661592088010881
-0.001605468299711816,2.578580640198218,0.06593898833336445
-0.001604218299711816,2.567487562704057,0.06526205578662007
-0.001602968299711815,2.563789870206003,0.06424665696650353
-0.001601718299711816,2.563789870206003,0.06390819069313135
-0.001600468299711816,2.56009217770795,0.06356972441975915
-0.001599218299711816,2.567487562704057,0.06255432559964261
-0.001597968299711815,2.57118525520211,0.06120046050615387
-0.001596718299711815,2.567487562704057,0.06153892677952605
-0.001595468299711816,2.563789870206003,0.05984659541266513
-0.001594218299711816,2.556394485209896,0.05916966286592076
-0.001592968299711815,2.57118525520211,0.05950812913929295
-0.001591718299711815,2.567487562704057,0.05849273031917639
-0.001590468299711816,2.563789870206003,0.05680039895231546
-0.001589218299711816,2.567487562704057,0.05578500013219892
-0.001587968299711816,2.567487562704057,0.05680039895231546
-0.001586718299711815,2.57118525520211,0.0561234664055711
-0.001585468299711816,2.563789870206003,0.05544653385882672
-0.001584218299711816,2.563789870206003,0.054092668765338
-0.001582968299711816,2.567487562704057,0.0537542024919658
-0.001581718299711815,2.574882947700164,0.05307726994522144
-0.001580468299711815,2.574882947700164,0.05307726994522144
-0.001579218299711816,2.57118525520211,0.05138493857836052
-0.001577968299711816,2.56009217770795,0.0517234048517327
-0.001576718299711815,2.56009217770795,0.05138493857836052
-0.001575468299711815,2.567487562704057,0.04901567466475522
-0.001574218299711816,2.57118525520211,0.04901567466475522
-0.001572968299711816,2.563789870206003,0.04800027584463867
-0.001571718299711815,2.567487562704057,0.0473233432978943
-0.001570468299711815,2.556394485209896,0.04698487702452211
-0.001569218299711816,2.567487562704057,0.04664641075114993
-0.001567968299711816,2.56009217770795,0.04698487702452211
-0.001566718299711816,2.56009217770795,0.04495407938428901
-0.001565468299711815,2.563789870206003,0.04393868056417245
-0.001564218299711816,2.57118525520211,0.04427714683754463
-0.001562968299711816,2.567487562704057,0.04224634919731153
-0.001561718299711816,2.56009217770795,0.04360021429080027
-0.001560468299711815,2.563789870206003,0.04156941665056717
-0.001559218299711815,2.57118525520211,0.04123095037719497
-0.001557968299711816,2.56009217770795,0.03920015273696187
-0.001556718299711816,2.56009217770795,0.03920015273696187
-0.001555468299711815,2.563789870206003,0.03920015273696187
-0.001554218299711815,2.56009217770795,0.03750782137010095
-0.001552968299711816,2.563789870206003,0.03784628764347313
-0.001551718299711816,2.567487562704057,0.03480009118312347
-0.001550468299711815,2.556394485209896,0.03513855745649566
-0.001549218299711815,2.56009217770795,0.03480009118312347
-0.001547968299711816,2.56009217770795,0.03378469236300692
-0.001546718299711816,2.556394485209896,0.03243082726951818
-0.001545468299711816,2.563789870206003,0.03243082726951818
-0.001544218299711815,2.556394485209896,0.03276929354289036
-0.001542968299711816,2.563789870206003,0.03073849590265726
-0.001541718299711816,2.556394485209896,0.03141542844940162
-0.001540468299711816,2.556394485209896,0.02870769826242415
-0.001539218299711815,2.556394485209896,0.02904616453579633
-0.001537968299711815,2.552696792711842,0.02769229944230759
-0.001536718299711816,2.556394485209896,0.02701536689556323
-0.001535468299711816,2.56009217770795,0.02633843434881886
-0.001534218299711815,2.556394485209896,0.0253230355287023
-0.001532968299711815,2.56009217770795,0.02667690062219104
-0.001531718299711816,2.56009217770795,0.02464610298195793
-0.001530468299711816,2.545301407715735,0.0253230355287023
-0.001529218299711815,2.552696792711842,0.02227683906835264
-0.001527968299711815,2.552696792711842,0.02159990652160827
-0.001526718299711816,2.548999100213789,0.01990757515474735
-0.001525468299711816,2.556394485209896,0.01923064260800298
-0.001524218299711816,2.552696792711842,0.02126144024823609
-0.001522968299711815,2.545301407715735,0.01956910888137517
-0.001521718299711816,2.548999100213789,0.01821524378788643
-0.001520468299711816,2.548999100213789,0.01618444614765332
-0.001519218299711816,2.545301407715735,0.01618444614765332
-0.001517968299711815,2.537906022719628,0.01584597987428113
-0.001516718299711815,2.548999100213789,0.01516904732753676
-0.001515468299711816,2.548999100213789,0.01347671596067584
-0.001514218299711816,2.537906022719628,0.01381518223404803
-0.001512968299711815,2.537906022719628,0.0121228508671871
-0.001511718299711815,2.537906022719628,0.01178438459381492
-0.001510468299711816,2.534208330221575,0.01076898577369837
-0.001509218299711816,2.537906022719628,0.01076898577369837
-0.001507968299711816,2.526812945225467,0.009753586953581812
-0.001506718299711815,2.534208330221575,0.008738188133465259
-0.001505468299711816,2.537906022719628,0.008399721860093074
-0.001504218299711816,2.537906022719628,0.006707390493232151
-0.001502968299711816,2.51941756022936,0.006030457946487782
-0.001501718299711815,2.523115252727414,0.006030457946487782
-0.001500468299711816,2.523115252727414,0.005691991673115597
-0.001499218299711816,2.51941756022936,0.003999660306254674
-0.001497968299711816,2.515719867731307,0.00366119403288249
-0.001496718299711815,2.508324482735199,0.001291930119277197
-0.001495468299711815,2.500929097739092,0.001291930119277197
-0.001494218299711816,2.493533712742985,0.0006149975725328283
-0.001492968299711816,2.475045250252717,-6.19349742115409e-05
-0.001491718299711815,2.456556787762449,-0.0007388675209559101
-0.001490468299711815,2.386300630299431,-0.002092732614444648
-0.001489218299711816,2.290160625350038,-0.001754266341072464
-0.001487968299711816,1.831646755591394,-0.003446597707933387
-0.001486718299711816,1.321365190859999,-0.004461996528049941
-0.001485468299711815,0.5448497662687465,-0.00513892907479431
-0.001484218299711816,-0.02829257092955897,-0.004123530254677756
-0.001482968299711816,-1.873441127458297,-0.007169726715027417
-0.001481718299711816,-2.746096556998943,-0.007846659261771787
-0.001480468299711815,-2.775678096983372,-0.007508192988399602
-0.001479218299711816,-2.79416655947364,-0.008862058081888341
-0.001477968299711816,-2.816352714461961,-0.009877456902004894
-0.001476718299711816,-2.820050406960015,-0.01055438944874926
-0.001475468299711815,-2.838538869450283,-0.01224672081561019
-0.001474218299711815,-2.853329639442497,-0.01224672081561019
-0.001472968299711816,-2.853329639442497,-0.01292365336235455
-0.001471718299711816,-2.853329639442497,-0.01326211963572674
-0.001470468299711815,-2.857027331940551,-0.01292365336235455
-0.001469218299711815,-2.853329639442497,-0.01427751845584329
-0.001467968299711816,-2.868120409434712,-0.01596984982270422
-0.001466718299711816,-2.875515794430819,-0.01766218118956514
-0.001465468299711816,-2.871818101932765,-0.01766218118956514
-0.001464218299711815,-2.875515794430819,-0.01833911373630951
-0.001462968299711816,-2.879213486928872,-0.01935451255642606
-0.001461718299711816,-2.875515794430819,-0.01901604628305388
-0.001460468299711816,-2.882911179426926,-0.02036991137654262
-0.001459218299711815,-2.882911179426926,-0.02240070901677572
-0.001457968299711816,-2.882911179426926,-0.02138531019665917
-0.001456718299711816,-2.890306564423033,-0.02341610783689228
-0.001455468299711816,-2.88660887192498,-0.02409304038363665
-0.001454218299711815,-2.894004256921086,-0.02375457411026446
-0.001452968299711815,-2.890306564423033,-0.02646230429724194
-0.001451718299711816,-2.890306564423033,-0.0251084392037532
-0.001450468299711816,-2.894004256921086,-0.02713923684398631
-0.001449218299711815,-2.89770194941914,-0.02747770311735849
-0.001447968299711815,-2.89770194941914,-0.02849310193747505
-0.001446718299711816,-2.88660887192498,-0.0295085007575916
-0.001445468299711816,-2.88660887192498,-0.02984696703096379
-0.001444218299711816,-2.88660887192498,-0.03052389957770815
-0.001442968299711815,-2.890306564423033,-0.03153929839782471
-0.001441718299711816,-2.890306564423033,-0.03221623094456907
-0.001440468299711816,-2.88660887192498,-0.03153929839782471
-0.001439218299711816,-2.890306564423033,-0.03255469721794126
-0.001437968299711815,-2.88660887192498,-0.03526242740491874
-0.001436718299711816,-2.88660887192498,-0.03390856231143
-0.001435468299711816,-2.894004256921086,-0.03593935995166311
-0.001434218299711816,-2.882911179426926,-0.0362778262250353
-0.001432968299711815,-2.875515794430819,-0.03661629249840748
-0.001431718299711815,-2.890306564423033,-0.03763169131852404
-0.001430468299711816,-2.879213486928872,-0.03898555641201276
-0.001429218299711816,-2.894004256921086,-0.03864709013864058
-0.001427968299711815,-2.894004256921086,-0.03966248895875714
-0.001426718299711815,-2.890306564423033,-0.04169328659899024
-0.001425468299711816,-2.88660887192498,-0.04203175287236242
-0.001424218299711816,-2.882911179426926,-0.04304715169247898
-0.001422968299711816,-2.890306564423033,-0.04304715169247898
-0.001421718299711815,-2.890306564423033,-0.04304715169247898
-0.001420468299711816,-2.88660887192498,-0.04372408423922335
-0.001419218299711816,-2.871818101932765,-0.04507794933271209
-0.001417968299711816,-2.879213486928872,-0.04541641560608428
-0.001416718299711815,-2.890306564423033,-0.04677028069957301
-0.001415468299711815,-2.882911179426926,-0.0471087469729452
-0.001414218299711816,-2.88660887192498,-0.04778567951968957
-0.001412968299711816,-2.890306564423033,-0.04947801088655049
-0.001411718299711815,-2.894004256921086,-0.05049340970666705
-0.001410468299711815,-2.879213486928872,-0.04947801088655049
-0.001409218299711816,-2.88660887192498,-0.05049340970666705
-0.001407968299711816,-2.890306564423033,-0.05184727480015579
-0.001406718299711815,-2.88660887192498,-0.05150880852678359
-0.001405468299711815,-2.882911179426926,-0.05218574107352797
-0.001404218299711816,-2.890306564423033,-0.05320113989364451
-0.001402968299711816,-2.882911179426926,-0.05320113989364451
-0.001401718299711816,-2.890306564423033,-0.05455500498713325
-0.001400468299711815,-2.890306564423033,-0.05692426890073855
-0.001399218299711816,-2.894004256921086,-0.05557040380724981
-0.001397968299711816,-2.88660887192498,-0.05692426890073855
-0.001396718299711816,-2.88660887192498,-0.05658580262736637
-0.001395468299711815,-2.890306564423033,-0.05658580262736637
-0.001394218299711815,-2.88660887192498,-0.05895506654097166
-0.001392968299711816,-2.890306564423033,-0.05895506654097166
-0.001391718299711816,-2.894004256921086,-0.05997046536108822
-0.001390468299711815,-2.88660887192498,-0.05997046536108822
-0.001389218299711815,-2.88660887192498,-0.06132433045457696
-0.001387968299711816,-2.890306564423033,-0.06132433045457696
-0.001386718299711816,-2.890306564423033,-0.06166279672794914
-0.001385468299711815,-2.890306564423033,-0.06200126300132132
-0.001384218299711815,-2.894004256921086,-0.06369359436818224
-0.001382968299711816,-2.88660887192498,-0.06403206064155444
-0.001381718299711816,-2.894004256921086,-0.06538592573504316
-0.001380468299711816,-2.88660887192498,-0.0670782571019041
-0.001379218299711815,-2.882911179426926,-0.06504745946167098
-0.001377968299711816,-2.89770194941914,-0.06572439200841536
-0.001376718299711816,-2.894004256921086,-0.06606285828178754
-0.001375468299711816,-2.88660887192498,-0.06809365592202064
-0.001374218299711815,-2.890306564423033,-0.06741672337527628
-0.001372968299711815,-2.894004256921086,-0.06978598728888157
-0.001371718299711816,-2.89770194941914,-0.06944752101550938
-0.001370468299711816,-2.890306564423033,-0.06843212219539282
-0.001369218299711815,-2.89770194941914,-0.07046291983562594
-0.001367968299711815,-2.890306564423033,-0.07080138610899812
-0.001366718299711816,-2.890306564423033,-0.07215525120248686
-0.001365468299711816,-2.88660887192498,-0.07384758256934779
-0.001364218299711815,-2.890306564423033,-0.07283218374923123
-0.001362968299711815,-2.894004256921086,-0.07317065002260341
-0.001361718299711816,-2.901399641917194,-0.0735091162959756
-0.001360468299711816,-2.89770194941914,-0.07452451511609215
-0.001359218299711816,-2.901399641917194,-0.07418604884271997
-0.001357968299711815,-2.890306564423033,-0.07587838020958089
-0.001356718299711816,-2.890306564423033,-0.07587838020958089
-0.001355468299711816,-2.89770194941914,-0.07621684648295307
-0.001354218299711816,-2.901399641917194,-0.07689377902969745
-0.001352968299711815,-2.890306564423033,-0.07757071157644181
-0.001351718299711815,-2.89770194941914,-0.07824764412318619
-0.001350468299711816,-2.905097334415248,-0.07858611039655837
-0.001349218299711816,-2.894004256921086,-0.07824764412318619
-0.001347968299711815,-2.88660887192498,-0.08027844176341929
-0.001346718299711815,-2.89770194941914,-0.08061690803679147
-0.001345468299711816,-2.89770194941914,-0.07993997549004711
-0.001344218299711816,-2.901399641917194,-0.08095537431016366
-0.001342968299711815,-2.894004256921086,-0.08129384058353585
-0.001341718299711815,-2.901399641917194,-0.08095537431016366
-0.001340468299711816,-2.905097334415248,-0.08163230685690803
-0.001339218299711816,-2.89770194941914,-0.0823092394036524
-0.001337968299711816,-2.894004256921086,-0.08197077313028021
-0.001336718299711815,-2.894004256921086,-0.08264770567702458
-0.001335468299711816,-2.905097334415248,-0.0843400370438855
-0.001334218299711816,-2.901399641917194,-0.08366310449714114
-0.001332968299711816,-2.894004256921086,-0.08569390213737424
-0.001331718299711815,-2.901399641917194,-0.0843400370438855
-0.001330468299711815,-2.905097334415248,-0.08637083468411862
-0.001329218299711816,-2.908795026913301,-0.08569390213737424
-0.001327968299711816,-2.901399641917194,-0.08603236841074643
-0.001326718299711815,-2.901399641917194,-0.08637083468411862
-0.001325468299711815,-2.905097334415248,-0.08738623350423516
-0.001324218299711816,-2.901399641917194,-0.08704776723086298
-0.001322968299711816,-2.894004256921086,-0.08840163232435172
-0.001321718299711816,-2.901399641917194,-0.08840163232435172
-0.001320468299711815,-2.908795026913301,-0.0887400985977239
-0.001319218299711816,-2.901399641917194,-0.08840163232435172
-0.001317968299711816,-2.905097334415248,-0.09077089623795702
-0.001316718299711816,-2.905097334415248,-0.09009396369121264
-0.001315468299711815,-2.901399641917194,-0.09009396369121264
-0.001314218299711816,-2.89770194941914,-0.09144782878470138
-0.001312968299711816,-2.905097334415248,-0.0911093625113292
-0.001311718299711816,-2.905097334415248,-0.09043242996458482
-0.001310468299711815,-2.908795026913301,-0.0911093625113292
-0.001309218299711815,-2.905097334415248,-0.09144782878470138
-0.001307968299711816,-2.905097334415248,-0.09347862642493449
-0.001306718299711816,-2.890306564423033,-0.09144782878470138
-0.001305468299711815,-2.912492719411354,-0.09212476133144575
-0.001304218299711815,-2.905097334415248,-0.0931401601515623
-0.001302968299711816,-2.905097334415248,-0.09381709269830668
-0.001301718299711816,-2.908795026913301,-0.09449402524505104
-0.001300468299711816,-2.905097334415248,-0.09415555897167886
-0.001299218299711815,-2.908795026913301,-0.09449402524505104
-0.001297968299711816,-2.905097334415248,-0.09449402524505104
-0.001296718299711816,-2.908795026913301,-0.09381709269830668
-0.001295468299711816,-2.908795026913301,-0.09517095779179541
-0.001294218299711815,-2.901399641917194,-0.0955094240651676
-0.001292968299711816,-2.901399641917194,-0.09584789033853978
-0.001291718299711816,-2.912492719411354,-0.09483249151842323
-0.001290468299711816,-2.905097334415248,-0.09618635661191197
-0.001289218299711815,-2.908795026913301,-0.09618635661191197
-0.001287968299711815,-2.916190411909408,-0.09618635661191197
-0.001286718299711816,-2.901399641917194,-0.09652482288528415
-0.001285468299711816,-2.912492719411354,-0.09720175543202852
-0.001284218299711815,-2.89770194941914,-0.09618635661191197
-0.001282968299711815,-2.908795026913301,-0.09754022170540071
-0.001281718299711816,-2.908795026913301,-0.09754022170540071
-0.001280468299711816,-2.908795026913301,-0.09754022170540071
-0.001279218299711816,-2.908795026913301,-0.09923255307226163
-0.001277968299711815,-2.912492719411354,-0.09720175543202852
-0.001276718299711816,-2.905097334415248,-0.09720175543202852
-0.001275468299711816,-2.908795026913301,-0.09855562052551727
-0.001274218299711816,-2.912492719411354,-0.09923255307226163
-0.001272968299711815,-2.919888104407462,-0.09821715425214507
-0.001271718299711816,-2.905097334415248,-0.09821715425214507
-0.001270468299711816,-2.908795026913301,-0.09957101934563381
-0.001269218299711816,-2.912492719411354,-0.09923255307226163
-0.001267968299711815,-2.901399641917194,-0.09821715425214507
-0.001266718299711815,-2.912492719411354,-0.09923255307226163
-0.001265468299711816,-2.912492719411354,-0.09990948561900599
-0.001264218299711816,-2.905097334415248,-0.09923255307226163
-0.001262968299711815,-2.905097334415248,-0.09957101934563381
-0.001261718299711815,-2.908795026913301,-0.09923255307226163
-0.001260468299711816,-2.908795026913301,-0.1002479518923782
-0.001259218299711816,-2.901399641917194,-0.09990948561900599
-0.001257968299711816,-2.916190411909408,-0.09889408679888945
-0.001256718299711815,-2.905097334415248,-0.09957101934563381
-0.001255468299711816,-2.908795026913301,-0.09990948561900599
-0.001254218299711816,-2.908795026913301,-0.1005864181657504
-0.001252968299711816,-2.908795026913301,-0.1009248844391226
-0.001251718299711815,-2.912492719411354,-0.09990948561900599
-0.001250468299711816,-2.905097334415248,-0.09990948561900599
-0.001249218299711816,-2.908795026913301,-0.1002479518923782
-0.001247968299711816,-2.916190411909408,-0.09923255307226163
-0.001246718299711815,-2.912492719411354,-0.1009248844391226
-0.001245468299711815,-2.908795026913301,-0.1016018169858669
-0.001244218299711816,-2.916190411909408,-0.1002479518923782
-0.001242968299711816,-2.908795026913301,-0.1002479518923782
-0.001241718299711815,-2.916190411909408,-0.09889408679888945
-0.001240468299711815,-2.905097334415248,-0.1002479518923782
-0.001239218299711816,-2.901399641917194,-0.1005864181657504
-0.001237968299711816,-2.912492719411354,-0.09923255307226163
-0.001236718299711816,-2.905097334415248,-0.1002479518923782
-0.001235468299711815,-2.912492719411354,-0.09990948561900599
-0.001234218299711816,-2.923585796905515,-0.1002479518923782
-0.001232968299711816,-2.908795026913301,-0.09957101934563381
-0.001231718299711816,-2.908795026913301,-0.1009248844391226
-0.001230468299711815,-2.905097334415248,-0.1002479518923782
-0.001229218299711815,-2.912492719411354,-0.1002479518923782
-0.001227968299711816,-2.905097334415248,-0.09889408679888945
-0.001226718299711816,-2.905097334415248,-0.09923255307226163
-0.001225468299711815,-2.901399641917194,-0.09957101934563381
-0.001224218299711815,-2.901399641917194,-0.1002479518923782
-0.001222968299711816,-2.905097334415248,-0.09957101934563381
-0.001221718299711816,-2.908795026913301,-0.09821715425214507
-0.001220468299711815,-2.908795026913301,-0.09889408679888945
-0.001219218299711815,-2.905097334415248,-0.09957101934563381
-0.001217968299711816,-2.916190411909408,-0.09889408679888945
-0.001216718299711816,-2.905097334415248,-0.09787868797877289
-0.001215468299711816,-2.912492719411354,-0.09821715425214507
-0.001214218299711815,-2.905097334415248,-0.09889408679888945
-0.001212968299711816,-2.908795026913301,-0.09754022170540071
-0.001211718299711816,-2.912492719411354,-0.09889408679888945
-0.001210468299711816,-2.901399641917194,-0.09923255307226163
-0.001209218299711815,-2.919888104407462,-0.09787868797877289
-0.001207968299711815,-2.905097334415248,-0.09855562052551727
-0.001206718299711816,-2.912492719411354,-0.09720175543202852
-0.001205468299711816,-2.901399641917194,-0.09720175543202852
-0.001204218299711815,-2.901399641917194,-0.09720175543202852
-0.001202968299711815,-2.905097334415248,-0.09754022170540071
-0.001201718299711816,-2.908795026913301,-0.09517095779179541
-0.001200468299711816,-2.908795026913301,-0.09686328915865633
-0.001199218299711815,-2.901399641917194,-0.09652482288528415
-0.001197968299711815,-2.908795026913301,-0.09686328915865633
-0.001196718299711816,-2.905097334415248,-0.09584789033853978
-0.001195468299711816,-2.905097334415248,-0.09584789033853978
-0.001194218299711816,-2.901399641917194,-0.09517095779179541
-0.001192968299711815,-2.912492719411354,-0.09449402524505104
-0.001191718299711816,-2.89770194941914,-0.09483249151842323
-0.001190468299711816,-2.908795026913301,-0.09517095779179541
-0.001189218299711816,-2.89770194941914,-0.09483249151842323
-0.001187968299711815,-2.908795026913301,-0.09449402524505104
-0.001186718299711815,-2.905097334415248,-0.09381709269830668
-0.001185468299711816,-2.905097334415248,-0.09246322760481794
-0.001184218299711816,-2.89770194941914,-0.09347862642493449
-0.001182968299711815,-2.912492719411354,-0.0931401601515623
-0.001181718299711815,-2.905097334415248,-0.0931401601515623
-0.001180468299711816,-2.901399641917194,-0.09347862642493449
-0.001179218299711816,-2.901399641917194,-0.09212476133144575
-0.001177968299711815,-2.901399641917194,-0.09144782878470138
-0.001176718299711815,-2.905097334415248,-0.09144782878470138
-0.001175468299711816,-2.901399641917194,-0.08975549741784046
-0.001174218299711816,-2.912492719411354,-0.09043242996458482
-0.001172968299711816,-2.908795026913301,-0.0911093625113292
-0.001171718299711815,-2.901399641917194,-0.09043242996458482
-0.001170468299711816,-2.908795026913301,-0.09009396369121264
-0.001169218299711816,-2.901399641917194,-0.0887400985977239
-0.001167968299711816,-2.905097334415248,-0.08772469977760736
-0.001166718299711815,-2.89770194941914,-0.0890785648710961
-0.001165468299711815,-2.901399641917194,-0.08840163232435172
-0.001164218299711816,-2.905097334415248,-0.0887400985977239
-0.001162968299711816,-2.89770194941914,-0.0890785648710961
-0.001161718299711815,-2.905097334415248,-0.08637083468411862
-0.001160468299711815,-2.901399641917194,-0.0867093009574908
-0.001159218299711816,-2.905097334415248,-0.08637083468411862
-0.001157968299711816,-2.905097334415248,-0.08569390213737424
-0.001156718299711815,-2.894004256921086,-0.08637083468411862
-0.001155468299711815,-2.894004256921086,-0.08501696959062988
-0.001154218299711816,-2.89770194941914,-0.08400157077051332
-0.001152968299711816,-2.901399641917194,-0.08366310449714114
-0.001151718299711816,-2.894004256921086,-0.08332463822376895
-0.001150468299711815,-2.89770194941914,-0.08366310449714114
-0.001149218299711816,-2.89770194941914,-0.08163230685690803
-0.001147968299711816,-2.89770194941914,-0.08264770567702458
-0.001146718299711816,-2.901399641917194,-0.08264770567702458
-0.001145468299711815,-2.89770194941914,-0.08163230685690803
-0.001144218299711815,-2.890306564423033,-0.08129384058353585
-0.001142968299711816,-2.890306564423033,-0.08027844176341929
-0.001141718299711816,-2.89770194941914,-0.07960150921667491
-0.001140468299711815,-2.89770194941914,-0.07858611039655837
-0.001139218299711815,-2.88660887192498,-0.07892457666993055
-0.001137968299711816,-2.901399641917194,-0.07892457666993055
-0.001136718299711816,-2.894004256921086,-0.07824764412318619
-0.001135468299711816,-2.88660887192498,-0.07892457666993055
-0.001134218299711815,-2.890306564423033,-0.07757071157644181
-0.001132968299711816,-2.901399641917194,-0.07689377902969745
-0.001131718299711816,-2.901399641917194,-0.07520144766283653
-0.001130468299711816,-2.901399641917194,-0.07553991393620871
-0.001129218299711815,-2.890306564423033,-0.07553991393620871
-0.001127968299711816,-2.890306564423033,-0.07520144766283653
-0.001126718299711816,-2.89770194941914,-0.07384758256934779
-0.001125468299711816,-2.88660887192498,-0.07384758256934779
-0.001124218299711815,-2.890306564423033,-0.07317065002260341
-0.001122968299711815,-2.882911179426926,-0.07317065002260341
-0.001121718299711816,-2.890306564423033,-0.07317065002260341
-0.001120468299711816,-2.88660887192498,-0.07113985238237031
-0.001119218299711815,-2.890306564423033,-0.07113985238237031
-0.001117968299711815,-2.879213486928872,-0.07147831865574249
-0.001116718299711816,-2.890306564423033,-0.06978598728888157
-0.001115468299711816,-2.894004256921086,-0.0691090547421372
-0.001114218299711816,-2.882911179426926,-0.06877058846876502
-0.001112968299711815,-2.88660887192498,-0.06775518964864846
-0.001111718299711816,-2.879213486928872,-0.06843212219539282
-0.001110468299711816,-2.88660887192498,-0.06775518964864846
-0.001109218299711816,-2.88660887192498,-0.0667397908285319
-0.001107968299711815,-2.882911179426926,-0.06572439200841536
-0.001106718299711816,-2.88660887192498,-0.06572439200841536
-0.001105468299711816,-2.890306564423033,-0.06369359436818224
-0.001104218299711816,-2.879213486928872,-0.06437052691492662
-0.001102968299711815,-2.879213486928872,-0.06369359436818224
-0.001101718299711815,-2.875515794430819,-0.06301666182143788
-0.001100468299711816,-2.875515794430819,-0.05997046536108822
-0.001099218299711816,-2.882911179426926,-0.06098586418120476
-0.001097968299711815,-2.882911179426926,-0.06064739790783258
-0.001096718299711815,-2.875515794430819,-0.06166279672794914
-0.001095468299711816,-2.88660887192498,-0.05895506654097166
-0.001094218299711816,-2.882911179426926,-0.05861660026759948
-0.001092968299711816,-2.875515794430819,-0.05895506654097166
-0.001091718299711815,-2.879213486928872,-0.05861660026759948
-0.001090468299711816,-2.882911179426926,-0.05692426890073855
-0.001089218299711816,-2.875515794430819,-0.05692426890073855
-0.001087968299711816,-2.871818101932765,-0.05658580262736637
-0.001086718299711815,-2.871818101932765,-0.05489347126050545
-0.001085468299711816,-2.882911179426926,-0.05421653871376107
-0.001084218299711816,-2.868120409434712,-0.05387807244038889
-0.001082968299711816,-2.868120409434712,-0.05286267362027233
-0.001081718299711815,-2.868120409434712,-0.05218574107352797
-0.001080468299711815,-2.864422716936658,-0.05320113989364451
-0.001079218299711816,-2.875515794430819,-0.05150880852678359
-0.001077968299711816,-2.868120409434712,-0.05015494343329487
-0.001076718299711815,-2.871818101932765,-0.05049340970666705
-0.001075468299711815,-2.868120409434712,-0.04947801088655049
-0.001074218299711816,-2.864422716936658,-0.04880107833980613
-0.001072968299711816,-2.875515794430819,-0.04880107833980613
-0.001071718299711816,-2.871818101932765,-0.04643181442620083
-0.001070468299711815,-2.868120409434712,-0.04575488187945646
-0.001069218299711816,-2.860725024438604,-0.04541641560608428
-0.001067968299711816,-2.857027331940551,-0.04507794933271209
-0.001066718299711816,-2.857027331940551,-0.04440101678596772
-0.001065468299711815,-2.857027331940551,-0.04304715169247898
-0.001064218299711816,-2.864422716936658,-0.04203175287236242
-0.001062968299711816,-2.853329639442497,-0.04203175287236242
-0.001061718299711816,-2.860725024438604,-0.0406778877788737
-0.001060468299711815,-2.853329639442497,-0.04135482032561806
-0.001059218299711815,-2.860725024438604,-0.0403394215055015
-0.001057968299711816,-2.853329639442497,-0.03898555641201276
-0.001056718299711816,-2.84593425444639,-0.03898555641201276
-0.001055468299711815,-2.853329639442497,-0.03763169131852404
-0.001054218299711815,-2.853329639442497,-0.03729322504515184
-0.001052968299711816,-2.842236561948337,-0.03560089367829092
-0.001051718299711816,-2.853329639442497,-0.03458549485817437
-0.001050468299711816,-2.84593425444639,-0.03526242740491874
-0.001049218299711815,-2.849631946944444,-0.03458549485817437
-0.001047968299711816,-2.84593425444639,-0.03323162976468563
-0.001046718299711816,-2.84593425444639,-0.03221623094456907
-0.001045468299711816,-2.84593425444639,-0.03153929839782471
-0.001044218299711815,-2.842236561948337,-0.03120083212445252
-0.001042968299711815,-2.834841176952229,-0.03018543330433597
-0.001041718299711816,-2.838538869450283,-0.02883156821084723
-0.001040468299711816,-2.842236561948337,-0.0295085007575916
-0.001039218299711815,-2.834841176952229,-0.02883156821084723
-0.001037968299711815,-2.838538869450283,-0.02646230429724194
-0.001036718299711816,-2.831143484454176,-0.02747770311735849
-0.001035468299711816,-2.831143484454176,-0.02578537175049757
-0.001034218299711815,-2.823748099458069,-0.02544690547712538
-0.001032968299711815,-2.838538869450283,-0.02476997293038102
-0.001031718299711816,-2.834841176952229,-0.02240070901677572
-0.001030468299711816,-2.831143484454176,-0.02273917529014791
-0.001029218299711816,-2.823748099458069,-0.02206224274340354
-0.001027968299711815,-2.820050406960015,-0.02104684392328698
-0.001026718299711816,-2.816352714461961,-0.02104684392328698
-0.001025468299711816,-2.820050406960015,-0.02036991137654262
-0.001024218299711816,-2.816352714461961,-0.01901604628305388
-0.001022968299711815,-2.816352714461961,-0.01800064746293733
-0.001021718299711815,-2.816352714461961,-0.01664678236944859
-0.001020468299711816,-2.805259636967801,-0.0163083160960764
-0.001019218299711816,-2.805259636967801,-0.01563138354933203
-0.001017968299711815,-2.797864251971693,-0.01393905218247111
-0.001016718299711815,-2.801561944469747,-0.01495445100258766
-0.001015468299711816,-2.801561944469747,-0.01427751845584329
-0.001014218299711816,-2.786771174477533,-0.01224672081561019
-0.001012968299711815,-2.790468866975586,-0.01224672081561019
-0.001011718299711815,-2.790468866975586,-0.01156978826886582
-0.001010468299711816,-2.768282711987265,-0.01021592317537708
-0.001009218299711816,-2.768282711987265,-0.009877456902004894
-0.001007968299711816,-2.760887326991158,-0.008862058081888341
-0.001006718299711815,-2.760887326991158,-0.008523591808516156
-0.001005468299711816,-2.746096556998943,-0.00818512553514397
-0.001004218299711816,-2.720212709512568,-0.006154327894910864
-0.001002968299711816,-2.354141152205263,-0.00513892907479431
-0.001001718299711815,-1.426020335193814,-0.004123530254677756
-0.001000468299711815,-0.6642956805947754,-0.004800462801422125
-0.0009992182997118155,-0.1577118083614344,-0.002431198887816833
-0.0009979682997118156,1.276992880883356,-0.003108131434561202
-0.0009967182997118154,1.665250593178982,-0.001754266341072464
-0.0009954682997118155,2.471347557754664,-0.0007388675209559101
-0.0009942182997118155,2.545301407715735,-6.19349742115409e-05
-0.0009929682997118156,2.537906022719628,0.001291930119277197
-0.0009917182997118154,2.552696792711842,0.002307328939393751
-0.0009904682997118155,2.563789870206003,0.00366119403288249
-0.0009892182997118155,2.57118525520211,0.00366119403288249
-0.0009879682997118156,2.574882947700164,0.003999660306254674
-0.0009867182997118156,2.578580640198218,0.005353525399743412
-0.0009854682997118155,2.582278332696271,0.005691991673115597
-0.0009842182997118155,2.597069102688486,0.005691991673115597
-0.0009829682997118156,2.589673717692378,0.007722789313348704
-0.0009817182997118156,2.589673717692378,0.007722789313348704
-0.0009804682997118154,2.597069102688486,0.008399721860093074
-0.0009792182997118155,2.593371410190432,0.009415120680209627
-0.0009779682997118155,2.597069102688486,0.009415120680209627
-0.0009767182997118156,2.600766795186539,0.01144591832044273
-0.0009754682997118155,2.608162180182646,0.0121228508671871
-0.0009742182997118155,2.600766795186539,0.01347671596067584
-0.0009729682997118155,2.6118598726807,0.01178438459381492
-0.0009717182997118155,2.600766795186539,0.01415364850742021
-0.0009704682997118155,2.597069102688486,0.01516904732753676
-0.0009692182997118156,2.593371410190432,0.0165229124210255
-0.0009679682997118155,2.608162180182646,0.01686137869439769
-0.0009667182997118156,2.608162180182646,0.01719984496776987
-0.0009654682997118155,2.604464487684593,0.01787677751451424
-0.0009642182997118156,2.608162180182646,0.01855371006125861
-0.0009629682997118155,2.608162180182646,0.01990757515474735
-0.0009617182997118156,2.600766795186539,0.02024604142811954
-0.0009604682997118155,2.597069102688486,0.02193837279498046
-0.0009592182997118156,2.600766795186539,0.02396917043521356
-0.0009579682997118155,2.589673717692378,0.02329223788846919
-0.0009567182997118155,2.600766795186539,0.02430763670858575
-0.0009554682997118155,2.600766795186539,0.02430763670858575
-0.0009542182997118155,2.597069102688486,0.02566150180207449
-0.0009529682997118155,2.597069102688486,0.02498456925533012
-0.0009517182997118155,2.604464487684593,0.02701536689556323
-0.0009504682997118155,2.597069102688486,0.02735383316893541
-0.0009492182997118155,2.589673717692378,0.02769229944230759
-0.0009479682997118156,2.585976025194325,0.0297230970825407
-0.0009467182997118155,2.600766795186539,0.02938463080916852
-0.0009454682997118156,2.597069102688486,0.03107696217602944
-0.0009442182997118155,2.597069102688486,0.03141542844940162
-0.0009429682997118156,2.589673717692378,0.0317538947227738
-0.0009417182997118155,2.593371410190432,0.03243082726951818
-0.0009404682997118156,2.585976025194325,0.03344622608963474
-0.0009392182997118155,2.585976025194325,0.03310775981626254
-0.0009379682997118155,2.593371410190432,0.03649242254998439
-0.0009367182997118155,2.585976025194325,0.03581549000324002
-0.0009354682997118155,2.597069102688486,0.03683088882335658
-0.0009342182997118155,2.585976025194325,0.03716935509672877
-0.0009329682997118155,2.589673717692378,0.03818475391684532
-0.0009317182997118155,2.585976025194325,0.03987708528370625
-0.0009304682997118155,2.589673717692378,0.03953861901033405
-0.0009292182997118156,2.574882947700164,0.03886168646358969
-0.0009279682997118155,2.582278332696271,0.04021555155707843
-0.0009267182997118156,2.589673717692378,0.04089248410382279
-0.0009254682997118155,2.589673717692378,0.04156941665056717
-0.0009242182997118156,2.578580640198218,0.04258481547068371
-0.0009229682997118155,2.578580640198218,0.04427714683754463
-0.0009217182997118156,2.582278332696271,0.04393868056417245
-0.0009204682997118155,2.585976025194325,0.04563101193103337
-0.0009192182997118156,2.589673717692378,0.04630794447777775
-0.0009179682997118155,2.585976025194325,0.04596947820440556
-0.0009167182997118155,2.578580640198218,0.0473233432978943
-0.0009154682997118155,2.574882947700164,0.0473233432978943
-0.0009142182997118155,2.578580640198218,0.04935414093812741
-0.0009129682997118155,2.578580640198218,0.04935414093812741
-0.0009117182997118155,2.582278332696271,0.05003107348487178
-0.0009104682997118155,2.574882947700164,0.05104647230498834
-0.0009092182997118155,2.57118525520211,0.05036953975824396
-0.0009079682997118156,2.57118525520211,0.0517234048517327
-0.0009067182997118155,2.574882947700164,0.054092668765338
-0.0009054682997118156,2.578580640198218,0.05341573621859362
-0.0009042182997118155,2.57118525520211,0.05341573621859362
-0.0009029682997118156,2.578580640198218,0.0537542024919658
-0.0009017182997118155,2.57118525520211,0.05510806758545454
-0.0009004682997118156,2.574882947700164,0.0561234664055711
-0.0008992182997118155,2.582278332696271,0.05680039895231546
-0.0008979682997118156,2.574882947700164,0.05747733149905984
-0.0008967182997118155,2.582278332696271,0.0581542640458042
-0.0008954682997118155,2.57118525520211,0.0581542640458042
-0.0008942182997118155,2.567487562704057,0.05883119659254858
-0.0008929682997118155,2.574882947700164,0.05916966286592076
-0.0008917182997118155,2.578580640198218,0.06120046050615387
-0.0008904682997118155,2.578580640198218,0.06255432559964261
-0.0008892182997118155,2.574882947700164,0.06187739305289824
-0.0008879682997118155,2.57118525520211,0.0605235279594095
-0.0008867182997118156,2.574882947700164,0.06221585932627043
-0.0008854682997118155,2.574882947700164,0.06323125814638697
-0.0008842182997118156,2.57118525520211,0.06492358951324789
-0.0008829682997118155,2.563789870206003,0.06458512323987571
-0.0008817182997118156,2.574882947700164,0.06560052205999227
-0.0008804682997118155,2.574882947700164,0.06593898833336445
-0.0008792182997118156,2.582278332696271,0.06492358951324789
-0.0008779682997118155,2.578580640198218,0.06695438715348101
-0.0008767182997118156,2.574882947700164,0.06830825224696974
-0.0008754682997118155,2.57118525520211,0.06898518479371411
-0.0008742182997118155,2.567487562704057,0.07033904988720285
-0.0008729682997118155,2.567487562704057,0.06932365106708629
-0.0008717182997118155,2.574882947700164,0.06830825224696974
-0.0008704682997118155,2.567487562704057,0.07000058361383066
-0.0008692182997118155,2.57118525520211,0.0713544487073194
-0.0008679682997118155,2.578580640198218,0.07236984752743596
-0.0008667182997118155,2.57118525520211,0.07270831380080814
-0.0008654682997118156,2.57118525520211,0.07304678007418032
-0.0008642182997118155,2.57118525520211,0.07406217889429688
-0.0008629682997118156,2.563789870206003,0.0737237126209247
-0.0008617182997118155,2.574882947700164,0.07507757771441344
-0.0008604682997118156,2.57118525520211,0.07507757771441344
-0.0008592182997118155,2.567487562704057,0.07507757771441344
-0.0008579682997118156,2.57118525520211,0.07609297653452998
-0.0008567182997118155,2.567487562704057,0.07609297653452998
-0.0008554682997118155,2.56009217770795,0.07676990908127436
-0.0008542182997118155,2.582278332696271,0.0781237741747631
-0.0008529682997118155,2.574882947700164,0.0781237741747631
-0.0008517182997118155,2.567487562704057,0.07744684162801872
-0.0008504682997118155,2.578580640198218,0.0781237741747631
-0.0008492182997118155,2.578580640198218,0.08049303808836838
-0.0008479682997118155,2.567487562704057,0.08083150436174057
-0.0008467182997118155,2.567487562704057,0.08150843690848494
-0.0008454682997118155,2.57118525520211,0.08049303808836838
-0.0008442182997118156,2.57118525520211,0.0801545718149962
-0.0008429682997118155,2.57118525520211,0.08184690318185713
-0.0008417182997118156,2.57118525520211,0.08252383572860149
-0.0008404682997118155,2.57118525520211,0.08252383572860149
-0.0008392182997118156,2.567487562704057,0.08286230200197368
-0.0008379682997118155,2.567487562704057,0.08387770082209023
-0.0008367182997118156,2.567487562704057,0.08387770082209023
-0.0008354682997118155,2.57118525520211,0.08590849846232335
-0.0008342182997118155,2.578580640198218,0.08557003218895115
-0.0008329682997118155,2.567487562704057,0.08523156591557897
-0.0008317182997118155,2.578580640198218,0.08455463336883461
-0.0008304682997118155,2.57118525520211,0.08590849846232335
-0.0008292182997118155,2.574882947700164,0.08760082982918427
-0.0008279682997118155,2.567487562704057,0.08793929610255645
-0.0008267182997118155,2.578580640198218,0.08692389728243989
-0.0008254682997118156,2.574882947700164,0.08827776237592863
-0.0008242182997118155,2.567487562704057,0.08827776237592863
-0.0008229682997118156,2.57118525520211,0.08929316119604519
-0.0008217182997118155,2.578580640198218,0.08895469492267301
-0.0008204682997118156,2.57118525520211,0.08929316119604519
-0.0008192182997118155,2.57118525520211,0.08997009374278955
-0.0008179682997118156,2.56009217770795,0.08997009374278955
-0.0008167182997118155,2.57118525520211,0.08895469492267301
-0.0008154682997118156,2.578580640198218,0.08997009374278955
-0.0008142182997118155,2.574882947700164,0.09233935765639485
-0.0008129682997118155,2.574882947700164,0.09233935765639485
-0.0008117182997118155,2.567487562704057,0.09267782392976703
-0.0008104682997118155,2.56009217770795,0.09200089138302266
-0.0008092182997118155,2.574882947700164,0.09064702628953393
-0.0008079682997118155,2.574882947700164,0.09166242510965047
-0.0008067182997118155,2.57118525520211,0.09369322274988359
-0.0008054682997118155,2.57118525520211,0.0933547564765114
-0.0008042182997118156,2.563789870206003,0.0933547564765114
-0.0008029682997118155,2.57118525520211,0.09504708784337232
-0.0008017182997118156,2.57118525520211,0.0957240203901167
-0.0008004682997118155,2.57118525520211,0.09437015529662796
-0.0007992182997118156,2.582278332696271,0.09470862157000014
-0.0007979682997118155,2.56009217770795,0.0957240203901167
-0.0007967182997118156,2.57118525520211,0.09538555411674451
-0.0007954682997118155,2.57118525520211,0.0957240203901167
-0.0007942182997118156,2.57118525520211,0.09538555411674451
-0.0007929682997118155,2.574882947700164,0.09606248666348888
-0.0007917182997118155,2.574882947700164,0.0957240203901167
-0.0007904682997118155,2.574882947700164,0.09606248666348888
-0.0007892182997118155,2.57118525520211,0.09741635175697762
-0.0007879682997118155,2.57118525520211,0.09741635175697762
-0.0007867182997118155,2.556394485209896,0.0977548180303498
-0.0007854682997118155,2.567487562704057,0.0977548180303498
-0.0007842182997118155,2.574882947700164,0.09741635175697762
-0.0007829682997118156,2.57118525520211,0.09741635175697762
-0.0007817182997118155,2.582278332696271,0.0977548180303498
-0.0007804682997118156,2.574882947700164,0.09809328430372198
-0.0007792182997118155,2.57118525520211,0.09809328430372198
-0.0007779682997118156,2.57118525520211,0.09809328430372198
-0.0007767182997118155,2.57118525520211,0.09944714939721072
-0.0007754682997118156,2.578580640198218,0.0997856156705829
-0.0007742182997118155,2.567487562704057,0.09910868312383854
-0.0007729682997118155,2.567487562704057,0.09910868312383854
-0.0007717182997118155,2.574882947700164,0.09809328430372198
-0.0007704682997118155,2.57118525520211,0.09877021685046636
-0.0007692182997118155,2.57118525520211,0.1011394807640716
-0.0007679682997118155,2.567487562704057,0.09910868312383854
-0.0007667182997118155,2.578580640198218,0.09944714939721072
-0.0007654682997118155,2.567487562704057,0.1011394807640716
-0.0007642182997118155,2.574882947700164,0.1004625482173273
-0.0007629682997118155,2.567487562704057,0.0997856156705829
-0.0007617182997118156,2.574882947700164,0.1004625482173273
-0.0007604682997118155,2.567487562704057,0.1008010144906995
-0.0007592182997118156,2.57118525520211,0.1001240819439551
-0.0007579682997118155,2.574882947700164,0.0997856156705829
-0.0007567182997118156,2.567487562704057,0.1004625482173273
-0.0007554682997118155,2.567487562704057,0.0997856156705829
-0.0007542182997118156,2.567487562704057,0.1004625482173273
-0.0007529682997118155,2.574882947700164,0.1008010144906995
-0.0007517182997118155,2.57118525520211,0.1014779470374438
-0.0007504682997118155,2.57118525520211,0.101816413310816
-0.0007492182997118155,2.57118525520211,0.1001240819439551
-0.0007479682997118155,2.57118525520211,0.1008010144906995
-0.0007467182997118155,2.574882947700164,0.0997856156705829
-0.0007454682997118155,2.578580640198218,0.1014779470374438
-0.0007442182997118155,2.563789870206003,0.1008010144906995
-0.0007429682997118156,2.56009217770795,0.1011394807640716
-0.0007417182997118155,2.57118525520211,0.1001240819439551
-0.0007404682997118156,2.57118525520211,0.1021548795841882
-0.0007392182997118155,2.578580640198218,0.0997856156705829
-0.0007379682997118156,2.567487562704057,0.1008010144906995
-0.0007367182997118155,2.567487562704057,0.1014779470374438
-0.0007354682997118156,2.574882947700164,0.1011394807640716
-0.0007342182997118155,2.56009217770795,0.09944714939721072
-0.0007329682997118156,2.563789870206003,0.09944714939721072
-0.0007317182997118155,2.57118525520211,0.0997856156705829
-0.0007304682997118155,2.57118525520211,0.0997856156705829
-0.0007292182997118155,2.57118525520211,0.1008010144906995
-0.0007279682997118155,2.578580640198218,0.0997856156705829
-0.0007267182997118155,2.574882947700164,0.1011394807640716
-0.0007254682997118155,2.574882947700164,0.09910868312383854
-0.0007242182997118155,2.567487562704057,0.1001240819439551
-0.0007229682997118155,2.57118525520211,0.0997856156705829
-0.0007217182997118156,2.574882947700164,0.1008010144906995
-0.0007204682997118155,2.567487562704057,0.0997856156705829
-0.0007192182997118156,2.57118525520211,0.0997856156705829
-0.0007179682997118155,2.57118525520211,0.09944714939721072
-0.0007167182997118156,2.567487562704057,0.09843175057709418
-0.0007154682997118155,2.574882947700164,0.09910868312383854
-0.0007142182997118156,2.57118525520211,0.09910868312383854
-0.0007129682997118155,2.567487562704057,0.1004625482173273
-0.0007117182997118156,2.574882947700164,0.09910868312383854
-0.0007104682997118155,2.57118525520211,0.09910868312383854
-0.0007092182997118155,2.567487562704057,0.09741635175697762
-0.0007079682997118155,2.567487562704057,0.09741635175697762
-0.0007067182997118155,2.57118525520211,0.09877021685046636
-0.0007054682997118155,2.574882947700164,0.09809328430372198
-0.0007042182997118155,2.567487562704057,0.09843175057709418
-0.0007029682997118155,2.567487562704057,0.09673941921023324
-0.0007017182997118155,2.56009217770795,0.09741635175697762
-0.0007004682997118156,2.574882947700164,0.09707788548360544
-0.0006992182997118155,2.563789870206003,0.0957240203901167
-0.0006979682997118156,2.57118525520211,0.09741635175697762
-0.0006967182997118155,2.57118525520211,0.09606248666348888
-0.0006954682997118156,2.57118525520211,0.09640095293686106
-0.0006942182997118155,2.57118525520211,0.09606248666348888
-0.0006929682997118156,2.585976025194325,0.09673941921023324
-0.0006917182997118155,2.585976025194325,0.0957240203901167
-0.0006904682997118155,2.567487562704057,0.0957240203901167
-0.0006892182997118155,2.556394485209896,0.09504708784337232
-0.0006879682997118155,2.567487562704057,0.09470862157000014
-0.0006867182997118155,2.56009217770795,0.09403168902325577
-0.0006854682997118155,2.567487562704057,0.09437015529662796
-0.0006842182997118155,2.567487562704057,0.09437015529662796
-0.0006829682997118155,2.567487562704057,0.09403168902325577
-0.0006817182997118155,2.57118525520211,0.0933547564765114
-0.0006804682997118155,2.57118525520211,0.09403168902325577
-0.0006792182997118156,2.567487562704057,0.0933547564765114
-0.0006779682997118155,2.57118525520211,0.09098549256290611
-0.0006767182997118156,2.563789870206003,0.09166242510965047
-0.0006754682997118155,2.563789870206003,0.09233935765639485
-0.0006742182997118156,2.57118525520211,0.09098549256290611
-0.0006729682997118155,2.582278332696271,0.09064702628953393
-0.0006717182997118156,2.57118525520211,0.09166242510965047
-0.0006704682997118155,2.57118525520211,0.09030856001616173
-0.0006692182997118155,2.567487562704057,0.09030856001616173
-0.0006679682997118155,2.567487562704057,0.08963162746941737
-0.0006667182997118155,2.563789870206003,0.08963162746941737
-0.0006654682997118155,2.57118525520211,0.08827776237592863
-0.0006642182997118155,2.574882947700164,0.08895469492267301
-0.0006629682997118155,2.578580640198218,0.08793929610255645
-0.0006617182997118155,2.574882947700164,0.08827776237592863
-0.0006604682997118156,2.567487562704057,0.08861622864930081
-0.0006592182997118155,2.567487562704057,0.08793929610255645
-0.0006579682997118156,2.567487562704057,0.08658543100906771
-0.0006567182997118155,2.57118525520211,0.08624696473569553
-0.0006554682997118156,2.57118525520211,0.08489309964220679
-0.0006542182997118155,2.57118525520211,0.08557003218895115
-0.0006529682997118156,2.567487562704057,0.08489309964220679
-0.0006517182997118155,2.574882947700164,0.08489309964220679
-0.0006504682997118156,2.57118525520211,0.08455463336883461
-0.0006492182997118155,2.563789870206003,0.08387770082209023
-0.0006479682997118155,2.567487562704057,0.08320076827534587
-0.0006467182997118155,2.567487562704057,0.08320076827534587
-0.0006454682997118155,2.56009217770795,0.08184690318185713
-0.0006442182997118155,2.567487562704057,0.08116997063511276
-0.0006429682997118155,2.57118525520211,0.08083150436174057
-0.0006417182997118155,2.57118525520211,0.08150843690848494
-0.0006404682997118155,2.567487562704057,0.08218536945522931
-0.0006392182997118156,2.574882947700164,0.0801545718149962
-0.0006379682997118155,2.574882947700164,0.07947763926825183
-0.0006367182997118156,2.567487562704057,0.07913917299487964
-0.0006354682997118155,2.567487562704057,0.07846224044813528
-0.0006342182997118156,2.574882947700164,0.0781237741747631
-0.0006329682997118155,2.57118525520211,0.07744684162801872
-0.0006317182997118156,2.57118525520211,0.07643144280790218
-0.0006304682997118155,2.567487562704057,0.07507757771441344
-0.0006292182997118156,2.567487562704057,0.07643144280790218
-0.0006279682997118155,2.57118525520211,0.0757545102611578
-0.0006267182997118155,2.57118525520211,0.07406217889429688
-0.0006254682997118155,2.563789870206003,0.0757545102611578
-0.0006242182997118155,2.57118525520211,0.0737237126209247
-0.0006229682997118155,2.57118525520211,0.07304678007418032
-0.0006217182997118155,2.574882947700164,0.07236984752743596
-0.0006204682997118155,2.563789870206003,0.07203138125406378
-0.0006192182997118155,2.567487562704057,0.07169291498069159
-0.0006179682997118156,2.574882947700164,0.07169291498069159
-0.0006167182997118155,2.57118525520211,0.07067751616057504
-0.0006154682997118156,2.57118525520211,0.07033904988720285
-0.0006142182997118155,2.567487562704057,0.07033904988720285
-0.0006129682997118156,2.563789870206003,0.06966211734045848
-0.0006117182997118155,2.563789870206003,0.06796978597359755
-0.0006104682997118156,2.574882947700164,0.06695438715348101
-0.0006092182997118155,2.567487562704057,0.06729285342685319
-0.0006079682997118156,2.567487562704057,0.06729285342685319
-0.0006067182997118155,2.57118525520211,0.06593898833336445
-0.0006054682997118155,2.563789870206003,0.06458512323987571
-0.0006042182997118155,2.57118525520211,0.06593898833336445
-0.0006029682997118155,2.578580640198218,0.06323125814638697
-0.0006017182997118155,2.574882947700164,0.06289279187301479
-0.0006004682997118155,2.57118525520211,0.06255432559964261
-0.0005992182997118155,2.563789870206003,0.06187739305289824
-0.0005979682997118155,2.57118525520211,0.06187739305289824
-0.0005967182997118156,2.56009217770795,0.06086199423278169
-0.0005954682997118155,2.567487562704057,0.05984659541266513
-0.0005942182997118156,2.563789870206003,0.05916966286592076
-0.0005929682997118155,2.57118525520211,0.05916966286592076
-0.0005917182997118156,2.567487562704057,0.05883119659254858
-0.0005904682997118155,2.567487562704057,0.05747733149905984
-0.0005892182997118156,2.567487562704057,0.0561234664055711
-0.0005879682997118155,2.563789870206003,0.05713886522568766
-0.0005867182997118155,2.567487562704057,0.05713886522568766
-0.0005854682997118155,2.56009217770795,0.05544653385882672
-0.0005842182997118155,2.57118525520211,0.05510806758545454
-0.0005829682997118155,2.57118525520211,0.05307726994522144
-0.0005817182997118155,2.567487562704057,0.05341573621859362
-0.0005804682997118155,2.57118525520211,0.05341573621859362
-0.0005792182997118155,2.567487562704057,0.05138493857836052
-0.0005779682997118155,2.567487562704057,0.05036953975824396
-0.0005767182997118155,2.56009217770795,0.04935414093812741
-0.0005754682997118156,2.563789870206003,0.05036953975824396
-0.0005742182997118155,2.57118525520211,0.04901567466475522
-0.0005729682997118156,2.567487562704057,0.04935414093812741
-0.0005717182997118155,2.57118525520211,0.04867720839138304
-0.0005704682997118156,2.567487562704057,0.04664641075114993
-0.0005692182997118155,2.563789870206003,0.04698487702452211
-0.0005679682997118156,2.56009217770795,0.04630794447777775
-0.0005667182997118155,2.567487562704057,0.04427714683754463
-0.0005654682997118155,2.563789870206003,0.04360021429080027
-0.0005642182997118155,2.56009217770795,0.04393868056417245
-0.0005629682997118155,2.56009217770795,0.04360021429080027
-0.0005617182997118155,2.56009217770795,0.04156941665056717
-0.0005604682997118155,2.556394485209896,0.04123095037719497
-0.0005592182997118155,2.567487562704057,0.04089248410382279
-0.0005579682997118155,2.563789870206003,0.04021555155707843
-0.0005567182997118156,2.556394485209896,0.04021555155707843
-0.0005554682997118155,2.57118525520211,0.03920015273696187
-0.0005542182997118156,2.563789870206003,0.03716935509672877
-0.0005529682997118155,2.563789870206003,0.03683088882335658
-0.0005517182997118156,2.552696792711842,0.03615395627661221
-0.0005504682997118155,2.563789870206003,0.03581549000324002
-0.0005492182997118156,2.563789870206003,0.03547702372986784
-0.0005479682997118155,2.56009217770795,0.03344622608963474
-0.0005467182997118156,2.556394485209896,0.03310775981626254
-0.0005454682997118155,2.56009217770795,0.03243082726951818
-0.0005442182997118155,2.563789870206003,0.03141542844940162
-0.0005429682997118155,2.563789870206003,0.03141542844940162
-0.0005417182997118155,2.56009217770795,0.03141542844940162
-0.0005404682997118155,2.556394485209896,0.03040002962928507
-0.0005392182997118155,2.556394485209896,0.02870769826242415
-0.0005379682997118155,2.56009217770795,0.02870769826242415
-0.0005367182997118155,2.556394485209896,0.02769229944230759
-0.0005354682997118156,2.563789870206003,0.02667690062219104
-0.0005342182997118155,2.563789870206003,0.02667690062219104
-0.0005329682997118156,2.556394485209896,0.02599996807544667
-0.0005317182997118155,2.56009217770795,0.0253230355287023
-0.0005304682997118156,2.548999100213789,0.02295377161509701
-0.0005292182997118155,2.541603715217682,0.02193837279498046
-0.0005279682997118156,2.548999100213789,0.02261530534172483
-0.0005267182997118155,2.556394485209896,0.02159990652160827
-0.0005254682997118156,2.552696792711842,0.0209229739748639
-0.0005242182997118155,2.552696792711842,0.02058450770149172
-0.0005229682997118155,2.541603715217682,0.01855371006125861
-0.0005217182997118155,2.545301407715735,0.01787677751451424
-0.0005204682997118155,2.552696792711842,0.01686137869439769
-0.0005192182997118155,2.545301407715735,0.01686137869439769
-0.0005179682997118155,2.545301407715735,0.01550751360090895
-0.0005167182997118155,2.545301407715735,0.01483058105416458
-0.0005154682997118155,2.545301407715735,0.01516904732753676
-0.0005142182997118156,2.534208330221575,0.01313824968730366
-0.0005129682997118155,2.541603715217682,0.01279978341393147
-0.0005117182997118156,2.541603715217682,0.01178438459381492
-0.0005104682997118155,2.537906022719628,0.01076898577369837
-0.0005092182997118156,2.530510637723521,0.010092053226954
-0.0005079682997118155,2.534208330221575,0.009753586953581812
-0.0005067182997118156,2.530510637723521,0.008399721860093074
-0.0005054682997118155,2.541603715217682,0.007722789313348704
-0.0005042182997118155,2.530510637723521,0.006368924219859966
-0.0005029682997118155,2.530510637723521,0.006707390493232151
-0.0005017182997118155,2.508324482735199,0.005691991673115597
-0.0005004682997118155,2.523115252727414,0.005353525399743412
-0.0004992182997118155,2.51941756022936,0.003322727759510305
-0.0004979682997118155,2.508324482735199,0.00366119403288249
-0.0004967182997118155,2.515719867731307,0.00298426148613812
-0.0004954682997118155,2.500929097739092,0.001968862666021566
-0.0004942182997118155,2.497231405241039,0.0009534638459050128
-0.0004929682997118156,2.486138327746878,-0.0007388675209559101
-0.0004917182997118155,2.456556787762449,-0.0007388675209559101
-0.0004904682997118156,2.430672940276074,-0.001754266341072464
-0.0004892182997118155,2.330835242828627,-0.002092732614444648
-0.0004879682997118156,2.308649087840306,-0.003108131434561202
-0.0004867182997118156,1.850135218081661,-0.003446597707933387
-0.0004854682997118156,0.807385933630551,-0.005477395348166494
-0.0004842182997118156,-0.1725025783536487,-0.004123530254677756
-0.0004829682997118156,-1.511067262649046,-0.006154327894910864
-0.0004817182997118156,-2.55751423959821,-0.007169726715027417
-0.0004804682997118156,-2.775678096983372,-0.00818512553514397
-0.0004792182997118156,-2.790468866975586,-0.008862058081888341
-0.0004779682997118156,-2.808957329465854,-0.009877456902004894
-0.0004767182997118156,-2.834841176952229,-0.01156978826886582
-0.0004754682997118156,-2.842236561948337,-0.01156978826886582
-0.0004742182997118156,-2.853329639442497,-0.01224672081561019
-0.0004729682997118156,-2.834841176952229,-0.01123132199549363
-0.0004717182997118156,-2.838538869450283,-0.01360058590909892
-0.0004704682997118156,-2.853329639442497,-0.01495445100258766
-0.0004692182997118156,-2.871818101932765,-0.0163083160960764
-0.0004679682997118156,-2.882911179426926,-0.01529291727595985
-0.0004667182997118156,-2.864422716936658,-0.01596984982270422
-0.0004654682997118156,-2.875515794430819,-0.01664678236944859
-0.0004642182997118156,-2.868120409434712,-0.01833911373630951
-0.0004629682997118156,-2.868120409434712,-0.01969297882979825
-0.0004617182997118156,-2.890306564423033,-0.01969297882979825
-0.0004604682997118156,-2.890306564423033,-0.01969297882979825
-0.0004592182997118156,-2.890306564423033,-0.02104684392328698
-0.0004579682997118156,-2.882911179426926,-0.02104684392328698
-0.0004567182997118156,-2.879213486928872,-0.02206224274340354
-0.0004554682997118156,-2.882911179426926,-0.02375457411026446
-0.0004542182997118156,-2.89770194941914,-0.02612383802386975
-0.0004529682997118156,-2.879213486928872,-0.02646230429724194
-0.0004517182997118156,-2.88660887192498,-0.02544690547712538
-0.0004504682997118156,-2.882911179426926,-0.02578537175049757
-0.0004492182997118156,-2.894004256921086,-0.02646230429724194
-0.0004479682997118156,-2.894004256921086,-0.02713923684398631
-0.0004467182997118156,-2.88660887192498,-0.03018543330433597
-0.0004454682997118156,-2.89770194941914,-0.02984696703096379
-0.0004442182997118156,-2.882911179426926,-0.03052389957770815
-0.0004429682997118156,-2.88660887192498,-0.03153929839782471
-0.0004417182997118156,-2.890306564423033,-0.03187776467119689
-0.0004404682997118156,-2.890306564423033,-0.03289316349131345
-0.0004392182997118156,-2.894004256921086,-0.03357009603805781
-0.0004379682997118156,-2.894004256921086,-0.03424702858480218
-0.0004367182997118156,-2.88660887192498,-0.03492396113154655
-0.0004354682997118156,-2.890306564423033,-0.0362778262250353
-0.0004342182997118156,-2.890306564423033,-0.03560089367829092
-0.0004329682997118156,-2.890306564423033,-0.03763169131852404
-0.0004317182997118156,-2.88660887192498,-0.03729322504515184
-0.0004304682997118156,-2.882911179426926,-0.0383086238652684
-0.0004292182997118156,-2.89770194941914,-0.04000095523212932
-0.0004279682997118156,-2.89770194941914,-0.0403394215055015
-0.0004267182997118156,-2.890306564423033,-0.0406778877788737
-0.0004254682997118156,-2.88660887192498,-0.04237021914573462
-0.0004242182997118156,-2.88660887192498,-0.04338561796585116
-0.0004229682997118156,-2.890306564423033,-0.04304715169247898
-0.0004217182997118156,-2.88660887192498,-0.04338561796585116
-0.0004204682997118156,-2.882911179426926,-0.04440101678596772
-0.0004192182997118156,-2.88660887192498,-0.04440101678596772
-0.0004179682997118156,-2.879213486928872,-0.04609334815282864
-0.0004167182997118156,-2.88660887192498,-0.04677028069957301
-0.0004154682997118156,-2.890306564423033,-0.04744721324631739
-0.0004142182997118156,-2.890306564423033,-0.04778567951968957
-0.0004129682997118156,-2.88660887192498,-0.04812414579306175
-0.0004117182997118156,-2.894004256921086,-0.04880107833980613
-0.0004104682997118156,-2.882911179426926,-0.05015494343329487
-0.0004092182997118156,-2.901399641917194,-0.04981647715992267
-0.0004079682997118156,-2.88660887192498,-0.05117034225341141
-0.0004067182997118156,-2.88660887192498,-0.05150880852678359
-0.0004054682997118156,-2.882911179426926,-0.05387807244038889
-0.0004042182997118156,-2.88660887192498,-0.05252420734690015
-0.0004029682997118156,-2.88660887192498,-0.05353960616701671
-0.0004017182997118156,-2.89770194941914,-0.05421653871376107
-0.0004004682997118156,-2.890306564423033,-0.05658580262736637
-0.0003992182997118156,-2.882911179426926,-0.05590887008062199
-0.0003979682997118156,-2.894004256921086,-0.05658580262736637
-0.0003967182997118156,-2.89770194941914,-0.05658580262736637
-0.0003954682997118156,-2.882911179426926,-0.0579396677208551
-0.0003942182997118156,-2.88660887192498,-0.05827813399422729
-0.0003929682997118156,-2.88660887192498,-0.06064739790783258
-0.0003917182997118156,-2.88660887192498,-0.05963199908771603
-0.0003904682997118156,-2.88660887192498,-0.0603089316344604
-0.0003892182997118156,-2.89770194941914,-0.06064739790783258
-0.0003879682997118156,-2.88660887192498,-0.06064739790783258
-0.0003867182997118156,-2.890306564423033,-0.06301666182143788
-0.0003854682997118156,-2.88660887192498,-0.06335512809481006
-0.0003842182997118156,-2.894004256921086,-0.06335512809481006
-0.0003829682997118156,-2.894004256921086,-0.06504745946167098
-0.0003817182997118156,-2.88660887192498,-0.06572439200841536
-0.0003804682997118156,-2.882911179426926,-0.0647089931882988
-0.0003792182997118156,-2.894004256921086,-0.0667397908285319
-0.0003779682997118156,-2.894004256921086,-0.06741672337527628
-0.0003767182997118156,-2.88660887192498,-0.06809365592202064
-0.0003754682997118156,-2.890306564423033,-0.06809365592202064
-0.0003742182997118156,-2.890306564423033,-0.06741672337527628
-0.0003729682997118156,-2.894004256921086,-0.06775518964864846
-0.0003717182997118156,-2.89770194941914,-0.06944752101550938
-0.0003704682997118156,-2.894004256921086,-0.06978598728888157
-0.0003692182997118156,-2.894004256921086,-0.07012445356225375
-0.0003679682997118156,-2.88660887192498,-0.07113985238237031
-0.0003667182997118156,-2.89770194941914,-0.07147831865574249
-0.0003654682997118156,-2.890306564423033,-0.07249371747585905
-0.0003642182997118156,-2.901399641917194,-0.07418604884271997
-0.0003629682997118156,-2.890306564423033,-0.07283218374923123
-0.0003617182997118156,-2.88660887192498,-0.07283218374923123
-0.0003604682997118156,-2.882911179426926,-0.07486298138946433
-0.0003592182997118156,-2.89770194941914,-0.0735091162959756
-0.0003579682997118156,-2.894004256921086,-0.07689377902969745
-0.0003567182997118156,-2.905097334415248,-0.07621684648295307
-0.0003554682997118156,-2.89770194941914,-0.07757071157644181
-0.0003542182997118156,-2.901399641917194,-0.07689377902969745
-0.0003529682997118156,-2.894004256921086,-0.07723224530306963
-0.0003517182997118156,-2.894004256921086,-0.07689377902969745
-0.0003504682997118156,-2.89770194941914,-0.07757071157644181
-0.0003492182997118156,-2.901399641917194,-0.07960150921667491
-0.0003479682997118156,-2.894004256921086,-0.07858611039655837
-0.0003467182997118156,-2.901399641917194,-0.08027844176341929
-0.0003454682997118156,-2.890306564423033,-0.07993997549004711
-0.0003442182997118156,-2.89770194941914,-0.07993997549004711
-0.0003429682997118156,-2.89770194941914,-0.08129384058353585
-0.0003417182997118156,-2.901399641917194,-0.08095537431016366
-0.0003404682997118156,-2.901399641917194,-0.08197077313028021
-0.0003392182997118156,-2.89770194941914,-0.08264770567702458
-0.0003379682997118156,-2.905097334415248,-0.08366310449714114
-0.0003367182997118156,-2.901399641917194,-0.0843400370438855
-0.0003354682997118156,-2.905097334415248,-0.08400157077051332
-0.0003342182997118156,-2.894004256921086,-0.08366310449714114
-0.0003329682997118156,-2.89770194941914,-0.08400157077051332
-0.0003317182997118156,-2.89770194941914,-0.08603236841074643
-0.0003304682997118156,-2.89770194941914,-0.08535543586400206
-0.0003292182997118156,-2.908795026913301,-0.0867093009574908
-0.0003279682997118156,-2.901399641917194,-0.08569390213737424
-0.0003267182997118156,-2.89770194941914,-0.08501696959062988
-0.0003254682997118156,-2.908795026913301,-0.0867093009574908
-0.0003242182997118156,-2.905097334415248,-0.0887400985977239
-0.0003229682997118156,-2.901399641917194,-0.0887400985977239
-0.0003217182997118156,-2.901399641917194,-0.08941703114446828
-0.0003204682997118156,-2.901399641917194,-0.0890785648710961
-0.0003192182997118156,-2.901399641917194,-0.08840163232435172
-0.0003179682997118156,-2.905097334415248,-0.08806316605097954
-0.0003167182997118156,-2.908795026913301,-0.08975549741784046
-0.0003154682997118156,-2.901399641917194,-0.08975549741784046
-0.0003142182997118156,-2.905097334415248,-0.09009396369121264
-0.0003129682997118156,-2.908795026913301,-0.09178629505807356
-0.0003117182997118156,-2.901399641917194,-0.09144782878470138
-0.0003104682997118156,-2.905097334415248,-0.09212476133144575
-0.0003092182997118156,-2.905097334415248,-0.09212476133144575
-0.0003079682997118156,-2.905097334415248,-0.09246322760481794
-0.0003067182997118156,-2.901399641917194,-0.09246322760481794
-0.0003054682997118156,-2.894004256921086,-0.09246322760481794
-0.0003042182997118156,-2.901399641917194,-0.0931401601515623
-0.0003029682997118156,-2.912492719411354,-0.09347862642493449
-0.0003017182997118156,-2.916190411909408,-0.09347862642493449
-0.0003004682997118156,-2.908795026913301,-0.09381709269830668
-0.0002992182997118156,-2.905097334415248,-0.09381709269830668
-0.0002979682997118156,-2.89770194941914,-0.09415555897167886
-0.0002967182997118156,-2.912492719411354,-0.09347862642493449
-0.0002954682997118156,-2.905097334415248,-0.09618635661191197
-0.0002942182997118156,-2.905097334415248,-0.09584789033853978
-0.0002929682997118156,-2.901399641917194,-0.09517095779179541
-0.0002917182997118156,-2.908795026913301,-0.09517095779179541
-0.0002904682997118156,-2.905097334415248,-0.0955094240651676
-0.0002892182997118156,-2.901399641917194,-0.09720175543202852
-0.0002879682997118156,-2.901399641917194,-0.09686328915865633
-0.0002867182997118156,-2.908795026913301,-0.09618635661191197
-0.0002854682997118156,-2.912492719411354,-0.09720175543202852
-0.0002842182997118156,-2.908795026913301,-0.09584789033853978
-0.0002829682997118156,-2.908795026913301,-0.09787868797877289
-0.0002817182997118156,-2.912492719411354,-0.09754022170540071
-0.0002804682997118156,-2.908795026913301,-0.09754022170540071
-0.0002792182997118156,-2.908795026913301,-0.09889408679888945
-0.0002779682997118156,-2.901399641917194,-0.09754022170540071
-0.0002767182997118156,-2.908795026913301,-0.09720175543202852
-0.0002754682997118156,-2.905097334415248,-0.09855562052551727
-0.0002742182997118156,-2.916190411909408,-0.09855562052551727
-0.0002729682997118156,-2.912492719411354,-0.09821715425214507
-0.0002717182997118156,-2.912492719411354,-0.09821715425214507
-0.0002704682997118156,-2.905097334415248,-0.09821715425214507
-0.0002692182997118156,-2.901399641917194,-0.09787868797877289
-0.0002679682997118156,-2.916190411909408,-0.09821715425214507
-0.0002667182997118156,-2.912492719411354,-0.09923255307226163
-0.0002654682997118156,-2.916190411909408,-0.09787868797877289
-0.0002642182997118156,-2.905097334415248,-0.09923255307226163
-0.0002629682997118156,-2.901399641917194,-0.09957101934563381
-0.0002617182997118156,-2.912492719411354,-0.1002479518923782
-0.0002604682997118156,-2.916190411909408,-0.09923255307226163
-0.0002592182997118156,-2.916190411909408,-0.09957101934563381
-0.0002579682997118156,-2.908795026913301,-0.09923255307226163
-0.0002567182997118156,-2.901399641917194,-0.09957101934563381
-0.0002554682997118156,-2.916190411909408,-0.09990948561900599
-0.0002542182997118156,-2.908795026913301,-0.1005864181657504
-0.0002529682997118156,-2.916190411909408,-0.1002479518923782
-0.0002517182997118156,-2.912492719411354,-0.1002479518923782
-0.0002504682997118156,-2.912492719411354,-0.1005864181657504
-0.0002492182997118156,-2.905097334415248,-0.1002479518923782
-0.0002479682997118156,-2.905097334415248,-0.09957101934563381
-0.0002467182997118156,-2.912492719411354,-0.09990948561900599
-0.0002454682997118156,-2.908795026913301,-0.1009248844391226
-0.0002442182997118156,-2.908795026913301,-0.09957101934563381
-0.0002429682997118155,-2.912492719411354,-0.1009248844391226
-0.0002417182997118156,-2.908795026913301,-0.1005864181657504
-0.0002404682997118156,-2.908795026913301,-0.1005864181657504
-0.0002392182997118156,-2.908795026913301,-0.1016018169858669
-0.0002379682997118156,-2.912492719411354,-0.1005864181657504
-0.0002367182997118156,-2.912492719411354,-0.09923255307226163
-0.0002354682997118155,-2.905097334415248,-0.09923255307226163
-0.0002342182997118155,-2.901399641917194,-0.09957101934563381
-0.0002329682997118155,-2.908795026913301,-0.09957101934563381
-0.0002317182997118156,-2.916190411909408,-0.09855562052551727
-0.0002304682997118156,-2.908795026913301,-0.1002479518923782
-0.0002292182997118156,-2.912492719411354,-0.09957101934563381
-0.0002279682997118156,-2.912492719411354,-0.1002479518923782
-0.0002267182997118156,-2.912492719411354,-0.09990948561900599
-0.0002254682997118155,-2.908795026913301,-0.1002479518923782
-0.0002242182997118155,-2.912492719411354,-0.09923255307226163
-0.0002229682997118155,-2.908795026913301,-0.09990948561900599
-0.0002217182997118155,-2.908795026913301,-0.09957101934563381
-0.0002204682997118156,-2.908795026913301,-0.09855562052551727
-0.0002192182997118156,-2.905097334415248,-0.09821715425214507
-0.0002179682997118156,-2.912492719411354,-0.09787868797877289
-0.0002167182997118156,-2.905097334415248,-0.09889408679888945
-0.0002154682997118156,-2.912492719411354,-0.09889408679888945
-0.0002142182997118155,-2.908795026913301,-0.09821715425214507
-0.0002129682997118155,-2.905097334415248,-0.09855562052551727
-0.0002117182997118155,-2.908795026913301,-0.09855562052551727
-0.0002104682997118156,-2.912492719411354,-0.09720175543202852
-0.0002092182997118156,-2.905097334415248,-0.09855562052551727
-0.0002079682997118156,-2.912492719411354,-0.09821715425214507
-0.0002067182997118156,-2.901399641917194,-0.09855562052551727
-0.0002054682997118156,-2.908795026913301,-0.09652482288528415
-0.0002042182997118155,-2.901399641917194,-0.09686328915865633
-0.0002029682997118155,-2.908795026913301,-0.09652482288528415
-0.0002017182997118155,-2.905097334415248,-0.09584789033853978
-0.0002004682997118156,-2.905097334415248,-0.0955094240651676
-0.0001992182997118156,-2.916190411909408,-0.09584789033853978
-0.0001979682997118156,-2.901399641917194,-0.09686328915865633
-0.0001967182997118156,-2.905097334415248,-0.09652482288528415
-0.0001954682997118156,-2.901399641917194,-0.09652482288528415
-0.0001942182997118155,-2.905097334415248,-0.09618635661191197
-0.0001929682997118155,-2.908795026913301,-0.0955094240651676
-0.0001917182997118155,-2.908795026913301,-0.09449402524505104
-0.0001904682997118155,-2.908795026913301,-0.09483249151842323
-0.0001892182997118156,-2.89770194941914,-0.09415555897167886
-0.0001879682997118156,-2.908795026913301,-0.09381709269830668
-0.0001867182997118156,-2.901399641917194,-0.09381709269830668
-0.0001854682997118156,-2.908795026913301,-0.09347862642493449
-0.0001842182997118156,-2.905097334415248,-0.09415555897167886
-0.0001829682997118155,-2.908795026913301,-0.09381709269830668
-0.0001817182997118155,-2.901399641917194,-0.09347862642493449
-0.0001804682997118155,-2.905097334415248,-0.0911093625113292
-0.0001792182997118156,-2.905097334415248,-0.0931401601515623
-0.0001779682997118156,-2.905097334415248,-0.09212476133144575
-0.0001767182997118156,-2.901399641917194,-0.09280169387819012
-0.0001754682997118156,-2.901399641917194,-0.0911093625113292
-0.0001742182997118156,-2.912492719411354,-0.09043242996458482
-0.0001729682997118155,-2.890306564423033,-0.0911093625113292
-0.0001717182997118155,-2.89770194941914,-0.09043242996458482
-0.0001704682997118155,-2.905097334415248,-0.09077089623795702
-0.0001692182997118156,-2.901399641917194,-0.0887400985977239
-0.0001679682997118156,-2.905097334415248,-0.08840163232435172
-0.0001667182997118156,-2.901399641917194,-0.08772469977760736
-0.0001654682997118156,-2.901399641917194,-0.08840163232435172
-0.0001642182997118156,-2.89770194941914,-0.08772469977760736
-0.0001629682997118155,-2.89770194941914,-0.08738623350423516
-0.0001617182997118155,-2.89770194941914,-0.08772469977760736
-0.0001604682997118155,-2.901399641917194,-0.08738623350423516
-0.0001592182997118156,-2.908795026913301,-0.08704776723086298
-0.0001579682997118156,-2.905097334415248,-0.08637083468411862
-0.0001567182997118156,-2.89770194941914,-0.08535543586400206
-0.0001554682997118156,-2.89770194941914,-0.08467850331725769
-0.0001542182997118156,-2.89770194941914,-0.08467850331725769
-0.0001529682997118155,-2.89770194941914,-0.0843400370438855
-0.0001517182997118155,-2.890306564423033,-0.08467850331725769
-0.0001504682997118155,-2.89770194941914,-0.08332463822376895
-0.0001492182997118155,-2.89770194941914,-0.0823092394036524
-0.0001479682997118156,-2.890306564423033,-0.08197077313028021
-0.0001467182997118156,-2.901399641917194,-0.08163230685690803
-0.0001454682997118156,-2.89770194941914,-0.08061690803679147
-0.0001442182997118156,-2.894004256921086,-0.08129384058353585
-0.0001429682997118156,-2.890306564423033,-0.08061690803679147
-0.0001417182997118155,-2.890306564423033,-0.08061690803679147
-0.0001404682997118155,-2.89770194941914,-0.07993997549004711
-0.0001392182997118155,-2.882911179426926,-0.07926304294330273
-0.0001379682997118156,-2.894004256921086,-0.07858611039655837
-0.0001367182997118156,-2.901399641917194,-0.07790917784981399
-0.0001354682997118156,-2.89770194941914,-0.07824764412318619
-0.0001342182997118156,-2.88660887192498,-0.07757071157644181
-0.0001329682997118156,-2.88660887192498,-0.07655531275632527
-0.0001317182997118155,-2.890306564423033,-0.07757071157644181
-0.0001304682997118155,-2.901399641917194,-0.07621684648295307
-0.0001292182997118155,-2.890306564423033,-0.07553991393620871
-0.0001279682997118156,-2.894004256921086,-0.07553991393620871
-0.0001267182997118156,-2.88660887192498,-0.0735091162959756
-0.0001254682997118156,-2.890306564423033,-0.07317065002260341
-0.0001242182997118156,-2.89770194941914,-0.0735091162959756
-0.0001229682997118156,-2.879213486928872,-0.07283218374923123
-0.0001217182997118156,-2.882911179426926,-0.07181678492911468
-0.0001204682997118156,-2.882911179426926,-0.07080138610899812
-0.0001192182997118156,-2.894004256921086,-0.07181678492911468
-0.0001179682997118156,-2.894004256921086,-0.06944752101550938
-0.0001167182997118156,-2.882911179426926,-0.07012445356225375
-0.0001154682997118156,-2.88660887192498,-0.0691090547421372
-0.0001142182997118156,-2.890306564423033,-0.06877058846876502
-0.0001129682997118156,-2.882911179426926,-0.06741672337527628
-0.0001117182997118156,-2.88660887192498,-0.06877058846876502
-0.0001104682997118156,-2.88660887192498,-0.0667397908285319
-0.0001092182997118156,-2.879213486928872,-0.06504745946167098
-0.0001079682997118156,-2.890306564423033,-0.06572439200841536
-0.0001067182997118156,-2.88660887192498,-0.06640132455515972
-0.0001054682997118156,-2.875515794430819,-0.06538592573504316
-0.0001042182997118156,-2.890306564423033,-0.06335512809481006
-0.0001029682997118156,-2.879213486928872,-0.06403206064155444
-0.0001017182997118156,-2.882911179426926,-0.0623397292746935
-0.0001004682997118156,-2.875515794430819,-0.06166279672794914
-9.921829971181557e-05,-2.882911179426926,-0.06200126300132132
-9.796829971181557e-05,-2.882911179426926,-0.06132433045457696
-9.671829971181556e-05,-2.890306564423033,-0.06064739790783258
-9.546829971181556e-05,-2.882911179426926,-0.05997046536108822
-9.421829971181557e-05,-2.871818101932765,-0.05861660026759948
-9.296829971181557e-05,-2.864422716936658,-0.05726273517411073
-9.171829971181557e-05,-2.875515794430819,-0.05760120144748292
-9.046829971181556e-05,-2.879213486928872,-0.05760120144748292
-8.921829971181557e-05,-2.871818101932765,-0.05658580262736637
-8.796829971181557e-05,-2.875515794430819,-0.05557040380724981
-8.671829971181557e-05,-2.871818101932765,-0.05455500498713325
-8.546829971181556e-05,-2.868120409434712,-0.05387807244038889
-8.421829971181557e-05,-2.875515794430819,-0.05523193753387763
-8.296829971181557e-05,-2.871818101932765,-0.05489347126050545
-8.171829971181557e-05,-2.879213486928872,-0.05218574107352797
-8.046829971181556e-05,-2.871818101932765,-0.05218574107352797
-7.921829971181557e-05,-2.860725024438604,-0.05117034225341141
-7.796829971181557e-05,-2.868120409434712,-0.05150880852678359
-7.671829971181557e-05,-2.857027331940551,-0.05015494343329487
-7.546829971181556e-05,-2.871818101932765,-0.04880107833980613
-7.421829971181556e-05,-2.868120409434712,-0.04778567951968957
-7.296829971181557e-05,-2.864422716936658,-0.04778567951968957
-7.171829971181557e-05,-2.857027331940551,-0.04677028069957301
-7.046829971181556e-05,-2.860725024438604,-0.04643181442620083
-6.921829971181556e-05,-2.857027331940551,-0.0447394830593399
-6.796829971181557e-05,-2.868120409434712,-0.04440101678596772
-6.671829971181557e-05,-2.860725024438604,-0.04406255051259554
-6.546829971181556e-05,-2.864422716936658,-0.04304715169247898
-6.421829971181556e-05,-2.860725024438604,-0.04372408423922335
-6.296829971181557e-05,-2.860725024438604,-0.04338561796585116
-6.171829971181557e-05,-2.853329639442497,-0.04101635405224588
-6.046829971181556e-05,-2.857027331940551,-0.03932402268538496
-5.921829971181556e-05,-2.84593425444639,-0.03932402268538496
-5.796829971181556e-05,-2.860725024438604,-0.03898555641201276
-5.671829971181556e-05,-2.857027331940551,-0.0383086238652684
-5.546829971181556e-05,-2.853329639442497,-0.0383086238652684
-5.421829971181556e-05,-2.853329639442497,-0.03729322504515184
-5.296829971181556e-05,-2.842236561948337,-0.03661629249840748
-5.171829971181556e-05,-2.84593425444639,-0.03560089367829092
-5.046829971181556e-05,-2.849631946944444,-0.03526242740491874
-4.921829971181556e-05,-2.857027331940551,-0.03458549485817437
-4.796829971181556e-05,-2.842236561948337,-0.03390856231143
-4.671829971181556e-05,-2.84593425444639,-0.03289316349131345
-4.546829971181556e-05,-2.842236561948337,-0.03187776467119689
-4.421829971181556e-05,-2.838538869450283,-0.03255469721794126
-4.296829971181556e-05,-2.842236561948337,-0.02917003448421942
-4.171829971181556e-05,-2.838538869450283,-0.03018543330433597
-4.046829971181556e-05,-2.842236561948337,-0.02849310193747505
-3.921829971181556e-05,-2.834841176952229,-0.02781616939073068
-3.796829971181556e-05,-2.834841176952229,-0.02646230429724194
-3.671829971181556e-05,-2.834841176952229,-0.02680077057061412
-3.546829971181556e-05,-2.834841176952229,-0.02680077057061412
-3.421829971181556e-05,-2.834841176952229,-0.02578537175049757
-3.296829971181556e-05,-2.834841176952229,-0.02443150665700883
-3.171829971181556e-05,-2.823748099458069,-0.02240070901677572
-3.046829971181556e-05,-2.816352714461961,-0.02273917529014791
-2.921829971181556e-05,-2.834841176952229,-0.02273917529014791
-2.796829971181556e-05,-2.827445791956122,-0.02240070901677572
-2.671829971181556e-05,-2.823748099458069,-0.02104684392328698
-2.546829971181556e-05,-2.816352714461961,-0.01935451255642606
-2.421829971181556e-05,-2.808957329465854,-0.01800064746293733
-2.296829971181556e-05,-2.805259636967801,-0.01766218118956514
-2.171829971181556e-05,-2.808957329465854,-0.01800064746293733
-2.046829971181556e-05,-2.805259636967801,-0.01664678236944859
-1.921829971181556e-05,-2.808957329465854,-0.01563138354933203
-1.796829971181556e-05,-2.801561944469747,-0.01596984982270422
-1.671829971181556e-05,-2.797864251971693,-0.01495445100258766
-1.546829971181556e-05,-2.79416655947364,-0.01326211963572674
-1.421829971181556e-05,-2.79416655947364,-0.01258518708898237
-1.296829971181556e-05,-2.786771174477533,-0.011908254542238
-1.171829971181556e-05,-2.786771174477533,-0.01156978826886582
-1.046829971181556e-05,-2.775678096983372,-0.009538990628632709
-9.218299711815562e-06,-2.760887326991158,-0.01021592317537708
-7.968299711815561e-06,-2.771980404485318,-0.009538990628632709
-6.718299711815562e-06,-2.738701172002836,-0.006492794168283048
-5.468299711815562e-06,-2.746096556998943,-0.00818512553514397
-4.218299711815563e-06,-2.712817324516461,-0.006154327894910864
-2.968299711815562e-06,-2.642561167053443,-0.00513892907479431
-1.718299711815562e-06,-1.518462647645153,-0.005477395348166494
-4.682997118155619e-07,-0.4831087481901498,-0.002431198887816833
7.817002881844382e-07,0.7999905486344439,-0.003785063981305571
2.031700288184438e-06,1.062526715996248,-0.003108131434561202
3.281700288184439e-06,2.179229850408431,-0.002092732614444648
4.531700288184438e-06,2.482440635248824,-0.001415800067700279
5.781700288184438e-06,2.530510637723521,0.0006149975725328283
7.031700288184438e-06,2.534208330221575,0.001291930119277197
8.281700288184438e-06,2.556394485209896,0.002645795212765936
9.531700288184438e-06,2.56009217770795,0.002307328939393751
1.078170028818444e-05,2.563789870206003,0.002645795212765936
1.203170028818444e-05,2.582278332696271,0.004676592852999043
1.328170028818444e-05,2.585976025194325,0.005015059126371228
1.453170028818444e-05,2.589673717692378,0.006368924219859966
1.578170028818444e-05,2.582278332696271,0.006030457946487782
1.703170028818444e-05,2.585976025194325,0.00738432303997652
1.828170028818444e-05,2.593371410190432,0.008061255586720889
1.953170028818444e-05,2.600766795186539,0.009415120680209627
2.078170028818444e-05,2.593371410190432,0.009415120680209627
2.203170028818444e-05,2.597069102688486,0.010092053226954
2.328170028818444e-05,2.604464487684593,0.01144591832044273
2.453170028818444e-05,2.600766795186539,0.01144591832044273
2.578170028818444e-05,2.604464487684593,0.01246131714055929
2.703170028818444e-05,2.608162180182646,0.0144921147807924
2.828170028818444e-05,2.604464487684593,0.01381518223404803
2.953170028818444e-05,2.604464487684593,0.01516904732753676
3.078170028818444e-05,2.600766795186539,0.01550751360090895
3.203170028818444e-05,2.600766795186539,0.01686137869439769
3.328170028818444e-05,2.604464487684593,0.01753831124114206
3.453170028818444e-05,2.604464487684593,0.01821524378788643
3.578170028818444e-05,2.608162180182646,0.01923064260800298
3.703170028818444e-05,2.608162180182646,0.01956910888137517
3.828170028818444e-05,2.604464487684593,0.01990757515474735
3.953170028818444e-05,2.600766795186539,0.02227683906835264
4.078170028818444e-05,2.600766795186539,0.02329223788846919
4.203170028818444e-05,2.600766795186539,0.02295377161509701
4.328170028818444e-05,2.593371410190432,0.02261530534172483
4.453170028818444e-05,2.597069102688486,0.0253230355287023
4.578170028818444e-05,2.600766795186539,0.0253230355287023
4.703170028818444e-05,2.600766795186539,0.02735383316893541
4.828170028818444e-05,2.6118598726807,0.02667690062219104
4.953170028818444e-05,2.597069102688486,0.02769229944230759
5.078170028818444e-05,2.593371410190432,0.02769229944230759
5.203170028818444e-05,2.589673717692378,0.02938463080916852
5.328170028818444e-05,2.593371410190432,0.03006156335591289
5.453170028818444e-05,2.593371410190432,0.0297230970825407
5.578170028818444e-05,2.597069102688486,0.03107696217602944
5.703170028818444e-05,2.593371410190432,0.0317538947227738
5.828170028818444e-05,2.589673717692378,0.032092360996146
5.953170028818444e-05,2.585976025194325,0.03446162490975128
6.078170028818444e-05,2.589673717692378,0.03378469236300692
6.203170028818443e-05,2.589673717692378,0.03513855745649566
6.328170028818443e-05,2.593371410190432,0.03581549000324002
6.453170028818444e-05,2.593371410190432,0.03750782137010095
6.578170028818443e-05,2.589673717692378,0.03716935509672877
6.703170028818443e-05,2.582278332696271,0.03750782137010095
6.828170028818443e-05,2.582278332696271,0.03987708528370625
6.953170028818444e-05,2.589673717692378,0.03886168646358969
7.078170028818443e-05,2.589673717692378,0.03953861901033405
7.203170028818443e-05,2.585976025194325,0.03987708528370625
7.328170028818443e-05,2.582278332696271,0.04123095037719497
7.453170028818444e-05,2.585976025194325,0.04224634919731153
7.578170028818443e-05,2.593371410190432,0.04360021429080027
7.703170028818443e-05,2.582278332696271,0.04360021429080027
7.828170028818443e-05,2.582278332696271,0.04360021429080027
7.953170028818444e-05,2.578580640198218,0.04427714683754463
8.078170028818444e-05,2.574882947700164,0.04630794447777775
8.203170028818443e-05,2.574882947700164,0.04766180957126649
8.328170028818443e-05,2.578580640198218,0.04766180957126649
8.453170028818444e-05,2.578580640198218,0.04698487702452211
8.578170028818444e-05,2.567487562704057,0.04901567466475522
8.703170028818443e-05,2.582278332696271,0.04867720839138304
8.828170028818443e-05,2.582278332696271,0.05003107348487178
8.953170028818444e-05,2.585976025194325,0.05138493857836052
9.078170028818444e-05,2.578580640198218,0.05104647230498834
9.203170028818443e-05,2.57118525520211,0.05273880367184926
9.328170028818443e-05,2.582278332696271,0.05307726994522144
9.453170028818444e-05,2.574882947700164,0.054092668765338
9.578170028818444e-05,2.585976025194325,0.05443113503871018
9.703170028818443e-05,2.567487562704057,0.05341573621859362
9.828170028818443e-05,2.57118525520211,0.054092668765338
9.953170028818444e-05,2.574882947700164,0.0561234664055711
0.0001007817002881844,2.563789870206003,0.0581542640458042
0.0001020317002881844,2.578580640198218,0.05680039895231546
0.0001032817002881844,2.567487562704057,0.0581542640458042
0.0001045317002881844,2.574882947700164,0.05849273031917639
0.0001057817002881844,2.574882947700164,0.05984659541266513
0.0001070317002881844,2.578580640198218,0.05916966286592076
0.0001082817002881844,2.567487562704057,0.05984659541266513
0.0001095317002881844,2.567487562704057,0.06086199423278169
0.0001107817002881844,2.578580640198218,0.06187739305289824
0.0001120317002881844,2.574882947700164,0.06221585932627043
0.0001132817002881844,2.57118525520211,0.06289279187301479
0.0001145317002881844,2.57118525520211,0.06458512323987571
0.0001157817002881844,2.578580640198218,0.06492358951324789
0.0001170317002881844,2.578580640198218,0.06526205578662007
0.0001182817002881844,2.567487562704057,0.06627745460673663
0.0001195317002881844,2.57118525520211,0.06560052205999227
0.0001207817002881844,2.57118525520211,0.06593898833336445
0.0001220317002881844,2.57118525520211,0.06729285342685319
0.0001232817002881844,2.567487562704057,0.06864671852034193
0.0001245317002881844,2.563789870206003,0.06830825224696974
0.0001257817002881844,2.57118525520211,0.06898518479371411
0.0001270317002881845,2.574882947700164,0.07067751616057504
0.0001282817002881845,2.574882947700164,0.07067751616057504
0.0001295317002881845,2.567487562704057,0.07101598243394722
0.0001307817002881844,2.57118525520211,0.0713544487073194
0.0001320317002881844,2.574882947700164,0.07101598243394722
0.0001332817002881844,2.567487562704057,0.07304678007418032
0.0001345317002881844,2.574882947700164,0.07169291498069159
0.0001357817002881844,2.574882947700164,0.07473911144104124
0.0001370317002881845,2.57118525520211,0.07406217889429688
0.0001382817002881845,2.574882947700164,0.0737237126209247
0.0001395317002881845,2.567487562704057,0.07440064516766906
0.0001407817002881844,2.578580640198218,0.07541604398778562
0.0001420317002881844,2.574882947700164,0.07643144280790218
0.0001432817002881844,2.567487562704057,0.07676990908127436
0.0001445317002881844,2.567487562704057,0.07710837535464654
0.0001457817002881844,2.563789870206003,0.07643144280790218
0.0001470317002881845,2.574882947700164,0.07744684162801872
0.0001482817002881845,2.567487562704057,0.07880070672150746
0.0001495317002881845,2.574882947700164,0.07913917299487964
0.0001507817002881844,2.578580640198218,0.07981610554162402
0.0001520317002881844,2.57118525520211,0.07981610554162402
0.0001532817002881844,2.57118525520211,0.08049303808836838
0.0001545317002881844,2.578580640198218,0.08049303808836838
0.0001557817002881844,2.57118525520211,0.08150843690848494
0.0001570317002881845,2.57118525520211,0.08150843690848494
0.0001582817002881845,2.567487562704057,0.08286230200197368
0.0001595317002881845,2.567487562704057,0.08218536945522931
0.0001607817002881845,2.57118525520211,0.08286230200197368
0.0001620317002881844,2.57118525520211,0.08421616709546241
0.0001632817002881844,2.563789870206003,0.08387770082209023
0.0001645317002881844,2.567487562704057,0.08557003218895115
0.0001657817002881844,2.578580640198218,0.08523156591557897
0.0001670317002881844,2.57118525520211,0.08624696473569553
0.0001682817002881845,2.57118525520211,0.08624696473569553
0.0001695317002881845,2.567487562704057,0.08590849846232335
0.0001707817002881845,2.57118525520211,0.08658543100906771
0.0001720317002881844,2.567487562704057,0.08692389728243989
0.0001732817002881844,2.57118525520211,0.08793929610255645
0.0001745317002881844,2.567487562704057,0.08827776237592863
0.0001757817002881844,2.57118525520211,0.08827776237592863
0.0001770317002881844,2.56009217770795,0.08895469492267301
0.0001782817002881845,2.57118525520211,0.08827776237592863
0.0001795317002881845,2.574882947700164,0.08997009374278955
0.0001807817002881845,2.574882947700164,0.08997009374278955
0.0001820317002881844,2.567487562704057,0.08963162746941737
0.0001832817002881844,2.57118525520211,0.09064702628953393
0.0001845317002881844,2.567487562704057,0.09233935765639485
0.0001857817002881844,2.57118525520211,0.09132395883627829
0.0001870317002881844,2.574882947700164,0.09132395883627829
0.0001882817002881845,2.574882947700164,0.0933547564765114
0.0001895317002881845,2.567487562704057,0.09267782392976703
0.0001907817002881845,2.57118525520211,0.09301629020313922
0.0001920317002881844,2.578580640198218,0.09267782392976703
0.0001932817002881844,2.57118525520211,0.09267782392976703
0.0001945317002881844,2.563789870206003,0.09403168902325577
0.0001957817002881844,2.567487562704057,0.09233935765639485
0.0001970317002881844,2.57118525520211,0.09403168902325577
0.0001982817002881845,2.57118525520211,0.09369322274988359
0.0001995317002881845,2.574882947700164,0.09538555411674451
0.0002007817002881845,2.578580640198218,0.09470862157000014
0.0002020317002881845,2.567487562704057,0.09470862157000014
0.0002032817002881844,2.563789870206003,0.0957240203901167
0.0002045317002881844,2.563789870206003,0.09504708784337232
0.0002057817002881844,2.567487562704057,0.0957240203901167
0.0002070317002881844,2.574882947700164,0.09673941921023324
0.0002082817002881844,2.574882947700164,0.09640095293686106
0.0002095317002881845,2.578580640198218,0.09606248666348888
0.0002107817002881845,2.57118525520211,0.09640095293686106
0.0002120317002881845,2.57118525520211,0.09673941921023324
0.0002132817002881844,2.567487562704057,0.09741635175697762
0.0002145317002881844,2.57118525520211,0.09843175057709418
0.0002157817002881844,2.567487562704057,0.09606248666348888
0.0002170317002881844,2.567487562704057,0.09877021685046636
0.0002182817002881844,2.57118525520211,0.09809328430372198
0.0002195317002881845,2.574882947700164,0.09877021685046636
0.0002207817002881845,2.57118525520211,0.09809328430372198
0.0002220317002881845,2.57118525520211,0.09910868312383854
0.0002232817002881844,2.57118525520211,0.09843175057709418
0.0002245317002881844,2.563789870206003,0.09843175057709418
0.0002257817002881844,2.57118525520211,0.09843175057709418
0.0002270317002881844,2.578580640198218,0.09910868312383854
0.0002282817002881844,2.567487562704057,0.0997856156705829
0.0002295317002881845,2.57118525520211,0.09944714939721072
0.0002307817002881845,2.57118525520211,0.09944714939721072
0.0002320317002881845,2.567487562704057,0.09944714939721072
0.0002332817002881845,2.57118525520211,0.1004625482173273
0.0002345317002881844,2.567487562704057,0.1001240819439551
0.0002357817002881844,2.574882947700164,0.09877021685046636
0.0002370317002881844,2.574882947700164,0.0997856156705829
0.0002382817002881844,2.57118525520211,0.1001240819439551
0.0002395317002881845,2.563789870206003,0.0997856156705829
0.0002407817002881845,2.567487562704057,0.1001240819439551
0.0002420317002881845,2.567487562704057,0.1008010144906995
0.0002432817002881845,2.556394485209896,0.0997856156705829
0.0002445317002881844,2.563789870206003,0.101816413310816
0.0002457817002881844,2.567487562704057,0.1011394807640716
0.0002470317002881844,2.574882947700164,0.101816413310816
0.0002482817002881844,2.574882947700164,0.1004625482173273
0.0002495317002881844,2.57118525520211,0.1014779470374438
0.0002507817002881844,2.57118525520211,0.1011394807640716
0.0002520317002881844,2.585976025194325,0.1008010144906995
0.0002532817002881844,2.57118525520211,0.1011394807640716
0.0002545317002881844,2.574882947700164,0.1011394807640716
0.0002557817002881844,2.563789870206003,0.101816413310816
0.0002570317002881844,2.57118525520211,0.0997856156705829
0.0002582817002881844,2.574882947700164,0.1004625482173273
0.0002595317002881844,2.574882947700164,0.09944714939721072
0.0002607817002881844,2.574882947700164,0.1004625482173273
0.0002620317002881844,2.57118525520211,0.1011394807640716
0.0002632817002881844,2.57118525520211,0.101816413310816
0.0002645317002881844,2.57118525520211,0.1014779470374438
0.0002657817002881844,2.574882947700164,0.1004625482173273
0.0002670317002881844,2.56009217770795,0.1004625482173273
0.0002682817002881844,2.57118525520211,0.1011394807640716
0.0002695317002881844,2.574882947700164,0.1001240819439551
0.0002707817002881844,2.574882947700164,0.1001240819439551
0.0002720317002881844,2.57118525520211,0.1001240819439551
0.0002732817002881844,2.574882947700164,0.1008010144906995
0.0002745317002881844,2.567487562704057,0.09944714939721072
0.0002757817002881844,2.574882947700164,0.09944714939721072
0.0002770317002881844,2.567487562704057,0.1004625482173273
0.0002782817002881844,2.563789870206003,0.09944714939721072
0.0002795317002881844,2.567487562704057,0.0997856156705829
0.0002807817002881844,2.574882947700164,0.0997856156705829
0.0002820317002881844,2.57118525520211,0.1001240819439551
0.0002832817002881844,2.563789870206003,0.1004625482173273
0.0002845317002881844,2.563789870206003,0.0997856156705829
0.0002857817002881844,2.574882947700164,0.09843175057709418
0.0002870317002881844,2.57118525520211,0.09944714939721072
0.0002882817002881844,2.57118525520211,0.09809328430372198
0.0002895317002881844,2.567487562704057,0.09944714939721072
0.0002907817002881844,2.563789870206003,0.0977548180303498
0.0002920317002881844,2.57118525520211,0.09843175057709418
0.0002932817002881844,2.57118525520211,0.09707788548360544
0.0002945317002881844,2.57118525520211,0.0977548180303498
0.0002957817002881844,2.567487562704057,0.09741635175697762
0.0002970317002881844,2.578580640198218,0.09741635175697762
0.0002982817002881844,2.574882947700164,0.0977548180303498
0.0002995317002881844,2.56009217770795,0.09640095293686106
0.0003007817002881844,2.563789870206003,0.0977548180303498
0.0003020317002881844,2.57118525520211,0.09606248666348888
0.0003032817002881844,2.578580640198218,0.09606248666348888
0.0003045317002881844,2.567487562704057,0.09640095293686106
0.0003057817002881844,2.57118525520211,0.0977548180303498
0.0003070317002881844,2.578580640198218,0.0957240203901167
0.0003082817002881844,2.567487562704057,0.0957240203901167
0.0003095317002881844,2.574882947700164,0.09538555411674451
0.0003107817002881844,2.574882947700164,0.09504708784337232
0.0003120317002881844,2.574882947700164,0.09538555411674451
0.0003132817002881844,2.563789870206003,0.09437015529662796
0.0003145317002881844,2.57118525520211,0.09437015529662796
0.0003157817002881844,2.57118525520211,0.09403168902325577
0.0003170317002881844,2.57118525520211,0.09267782392976703
0.0003182817002881844,2.563789870206003,0.09301629020313922
0.0003195317002881844,2.57118525520211,0.09267782392976703
0.0003207817002881844,2.57118525520211,0.09267782392976703
0.0003220317002881844,2.563789870206003,0.09369322274988359
0.0003232817002881844,2.57118525520211,0.09233935765639485
0.0003245317002881844,2.574882947700164,0.09267782392976703
0.0003257817002881844,2.574882947700164,0.09267782392976703
0.0003270317002881844,2.56009217770795,0.09166242510965047
0.0003282817002881844,2.574882947700164,0.08997009374278955
0.0003295317002881844,2.563789870206003,0.09030856001616173
0.0003307817002881844,2.563789870206003,0.08997009374278955
0.0003320317002881844,2.57118525520211,0.08963162746941737
0.0003332817002881844,2.563789870206003,0.08895469492267301
0.0003345317002881844,2.578580640198218,0.08895469492267301
0.0003357817002881844,2.57118525520211,0.08929316119604519
0.0003370317002881844,2.57118525520211,0.08793929610255645
0.0003382817002881844,2.563789870206003,0.08963162746941737
0.0003395317002881844,2.563789870206003,0.08726236355581207
0.0003407817002881844,2.567487562704057,0.08760082982918427
0.0003420317002881844,2.574882947700164,0.08726236355581207
0.0003432817002881844,2.567487562704057,0.08692389728243989
0.0003445317002881844,2.57118525520211,0.08624696473569553
0.0003457817002881844,2.563789870206003,0.08557003218895115
0.0003470317002881844,2.578580640198218,0.08489309964220679
0.0003482817002881844,2.567487562704057,0.08624696473569553
0.0003495317002881844,2.57118525520211,0.08421616709546241
0.0003507817002881844,2.57118525520211,0.08387770082209023
0.0003520317002881844,2.563789870206003,0.08218536945522931
0.0003532817002881844,2.57118525520211,0.08252383572860149
0.0003545317002881844,2.567487562704057,0.08353923454871805
0.0003557817002881844,2.574882947700164,0.08116997063511276
0.0003570317002881844,2.57118525520211,0.08353923454871805
0.0003582817002881844,2.574882947700164,0.08083150436174057
0.0003595317002881844,2.574882947700164,0.08049303808836838
0.0003607817002881844,2.574882947700164,0.08049303808836838
0.0003620317002881844,2.57118525520211,0.0801545718149962
0.0003632817002881844,2.57118525520211,0.0781237741747631
0.0003645317002881844,2.556394485209896,0.07947763926825183
0.0003657817002881844,2.567487562704057,0.07676990908127436
0.0003670317002881844,2.57118525520211,0.0781237741747631
0.0003682817002881844,2.57118525520211,0.07710837535464654
0.0003695317002881844,2.57118525520211,0.0757545102611578
0.0003707817002881844,2.57118525520211,0.07643144280790218
0.0003720317002881844,2.567487562704057,0.07541604398778562
0.0003732817002881844,2.567487562704057,0.07440064516766906
0.0003745317002881844,2.556394485209896,0.07541604398778562
0.0003757817002881844,2.57118525520211,0.07406217889429688
0.0003770317002881844,2.57118525520211,0.07406217889429688
0.0003782817002881844,2.574882947700164,0.07236984752743596
0.0003795317002881844,2.563789870206003,0.07236984752743596
0.0003807817002881844,2.567487562704057,0.0713544487073194
0.0003820317002881844,2.567487562704057,0.07203138125406378
0.0003832817002881844,2.563789870206003,0.07101598243394722
0.0003845317002881844,2.567487562704057,0.07033904988720285
0.0003857817002881844,2.567487562704057,0.06898518479371411
0.0003870317002881844,2.578580640198218,0.06864671852034193
0.0003882817002881844,2.574882947700164,0.06796978597359755
0.0003895317002881844,2.57118525520211,0.06796978597359755
0.0003907817002881844,2.563789870206003,0.06763131970022537
0.0003920317002881844,2.57118525520211,0.06627745460673663
0.0003932817002881844,2.57118525520211,0.06560052205999227
0.0003945317002881844,2.56009217770795,0.06424665696650353
0.0003957817002881844,2.574882947700164,0.06492358951324789
0.0003970317002881844,2.567487562704057,0.06492358951324789
0.0003982817002881844,2.567487562704057,0.06356972441975915
0.0003995317002881844,2.563789870206003,0.06255432559964261
0.0004007817002881844,2.57118525520211,0.06221585932627043
0.0004020317002881844,2.563789870206003,0.06221585932627043
0.0004032817002881844,2.567487562704057,0.06086199423278169
0.0004045317002881844,2.567487562704057,0.05950812913929295
0.0004057817002881844,2.563789870206003,0.05916966286592076
0.0004070317002881844,2.563789870206003,0.05916966286592076
0.0004082817002881844,2.56009217770795,0.05950812913929295
0.0004095317002881844,2.563789870206003,0.05747733149905984
0.0004107817002881844,2.563789870206003,0.05747733149905984
0.0004120317002881844,2.567487562704057,0.05578500013219892
0.0004132817002881844,2.567487562704057,0.05510806758545454
0.0004145317002881844,2.567487562704057,0.05544653385882672
0.0004157817002881844,2.567487562704057,0.05443113503871018
0.0004170317002881844,2.57118525520211,0.0537542024919658
0.0004182817002881844,2.574882947700164,0.05341573621859362
0.0004195317002881844,2.56009217770795,0.05138493857836052
0.0004207817002881844,2.567487562704057,0.05273880367184926
0.0004220317002881844,2.563789870206003,0.0517234048517327
0.0004232817002881844,2.563789870206003,0.05206187112510488
0.0004245317002881844,2.563789870206003,0.04867720839138304
0.0004257817002881844,2.563789870206003,0.04833874211801086
0.0004270317002881844,2.567487562704057,0.04833874211801086
0.0004282817002881844,2.56009217770795,0.04867720839138304
0.0004295317002881844,2.563789870206003,0.04766180957126649
0.0004307817002881844,2.567487562704057,0.04563101193103337
0.0004320317002881844,2.563789870206003,0.04664641075114993
0.0004332817002881844,2.574882947700164,0.04529254565766119
0.0004345317002881844,2.563789870206003,0.04326174801742809
0.0004357817002881844,2.56009217770795,0.04360021429080027
0.0004370317002881844,2.567487562704057,0.04224634919731153
0.0004382817002881844,2.563789870206003,0.04258481547068371
0.0004395317002881844,2.563789870206003,0.04123095037719497
0.0004407817002881844,2.56009217770795,0.04123095037719497
0.0004420317002881844,2.548999100213789,0.03920015273696187
0.0004432817002881844,2.567487562704057,0.03953861901033405
0.0004445317002881844,2.563789870206003,0.03953861901033405
0.0004457817002881844,2.567487562704057,0.03886168646358969
0.0004470317002881844,2.563789870206003,0.03683088882335658
0.0004482817002881844,2.563789870206003,0.03547702372986784
0.0004495317002881844,2.556394485209896,0.03615395627661221
0.0004507817002881844,2.563789870206003,0.03581549000324002
0.0004520317002881844,2.56009217770795,0.03344622608963474
0.0004532817002881844,2.556394485209896,0.03243082726951818
0.0004545317002881844,2.56009217770795,0.03276929354289036
0.0004557817002881844,2.556394485209896,0.0317538947227738
0.0004570317002881844,2.56009217770795,0.03073849590265726
0.0004582817002881844,2.556394485209896,0.0317538947227738
0.0004595317002881844,2.563789870206003,0.0297230970825407
0.0004607817002881844,2.556394485209896,0.02803076571567978
0.0004620317002881844,2.548999100213789,0.02701536689556323
0.0004632817002881844,2.552696792711842,0.02667690062219104
0.0004645317002881844,2.56009217770795,0.02769229944230759
0.0004657817002881844,2.56009217770795,0.02599996807544667
0.0004670317002881844,2.56009217770795,0.02430763670858575
0.0004682817002881844,2.552696792711842,0.02566150180207449
0.0004695317002881844,2.556394485209896,0.02363070416184138
0.0004707817002881844,2.552696792711842,0.02227683906835264
0.0004720317002881844,2.545301407715735,0.02159990652160827
0.0004732817002881844,2.548999100213789,0.02193837279498046
0.0004745317002881844,2.552696792711842,0.02126144024823609
0.0004757817002881844,2.552696792711842,0.01923064260800298
0.0004770317002881844,2.545301407715735,0.01855371006125861
0.0004782817002881844,2.541603715217682,0.0188921763346308
0.0004795317002881844,2.545301407715735,0.01787677751451424
0.0004807817002881844,2.552696792711842,0.01753831124114206
0.0004820317002881844,2.537906022719628,0.01584597987428113
0.0004832817002881844,2.556394485209896,0.01483058105416458
0.0004845317002881844,2.541603715217682,0.01415364850742021
0.0004857817002881844,2.541603715217682,0.01381518223404803
0.0004870317002881844,2.537906022719628,0.01246131714055929
0.0004882817002881845,2.537906022719628,0.01110745204707055
0.0004895317002881845,2.530510637723521,0.01076898577369837
0.0004907817002881845,2.534208330221575,0.01043051950032618
0.0004920317002881845,2.530510637723521,0.01043051950032618
0.0004932817002881845,2.530510637723521,0.008061255586720889
0.0004945317002881845,2.537906022719628,0.007722789313348704
0.0004957817002881845,2.530510637723521,0.007722789313348704
0.0004970317002881844,2.530510637723521,0.005691991673115597
0.0004982817002881845,2.526812945225467,0.005015059126371228
0.0004995317002881844,2.51941756022936,0.004676592852999043
0.0005007817002881845,2.51941756022936,0.004338126579626859
0.0005020317002881844,2.508324482735199,0.002307328939393751
0.0005032817002881845,2.500929097739092,0.00298426148613812
0.0005045317002881844,2.508324482735199,0.0009534638459050128
0.0005057817002881845,2.500929097739092,0.001291930119277197
0.0005070317002881844,2.497231405241039,0.001291930119277197
0.0005082817002881845,2.456556787762449,-0.001415800067700279
0.0005095317002881845,2.41588217028386,-0.001415800067700279
0.0005107817002881845,2.308649087840306,-0.002431198887816833
0.0005120317002881845,1.594994435715964,-0.003785063981305571
0.0005132817002881845,0.896130553583837,-0.003108131434561202
0.0005145317002881845,0.7815020861441759,-0.004123530254677756
0.0005157817002881845,-0.1946887333419702,-0.00513892907479431
0.0005170317002881845,-1.666370347567296,-0.007508192988399602
0.0005182817002881844,-2.731305787006729,-0.007508192988399602
0.0005195317002881845,-2.790468866975586,-0.008862058081888341
0.0005207817002881844,-2.808957329465854,-0.008523591808516156
0.0005220317002881845,-2.820050406960015,-0.009538990628632709
0.0005232817002881844,-2.820050406960015,-0.01021592317537708
0.0005245317002881845,-2.820050406960015,-0.01021592317537708
0.0005257817002881844,-2.834841176952229,-0.011908254542238
0.0005270317002881845,-2.853329639442497,-0.01360058590909892
0.0005282817002881844,-2.853329639442497,-0.01360058590909892
0.0005295317002881845,-2.853329639442497,-0.01461598472921548
0.0005307817002881845,-2.857027331940551,-0.01529291727595985
0.0005320317002881845,-2.875515794430819,-0.0163083160960764
0.0005332817002881845,-2.871818101932765,-0.01698524864282077
0.0005345317002881845,-2.871818101932765,-0.0163083160960764
0.0005357817002881845,-2.875515794430819,-0.01698524864282077
0.0005370317002881845,-2.894004256921086,-0.01935451255642606
0.0005382817002881845,-2.882911179426926,-0.02036991137654262
0.0005395317002881844,-2.882911179426926,-0.02138531019665917
0.0005407817002881845,-2.879213486928872,-0.02172377647003135
0.0005420317002881844,-2.890306564423033,-0.02240070901677572
0.0005432817002881845,-2.894004256921086,-0.02273917529014791
0.0005445317002881844,-2.88660887192498,-0.02409304038363665
0.0005457817002881845,-2.890306564423033,-0.02375457411026446
0.0005470317002881844,-2.894004256921086,-0.02544690547712538
0.0005482817002881845,-2.894004256921086,-0.02612383802386975
0.0005495317002881844,-2.88660887192498,-0.02747770311735849
0.0005507817002881845,-2.890306564423033,-0.02713923684398631
0.0005520317002881845,-2.890306564423033,-0.02612383802386975
0.0005532817002881845,-2.88660887192498,-0.02917003448421942
0.0005545317002881845,-2.882911179426926,-0.02984696703096379
0.0005557817002881845,-2.894004256921086,-0.03086236585108034
0.0005570317002881845,-2.890306564423033,-0.03153929839782471
0.0005582817002881845,-2.894004256921086,-0.03187776467119689
0.0005595317002881845,-2.890306564423033,-0.03255469721794126
0.0005607817002881844,-2.894004256921086,-0.03289316349131345
0.0005620317002881845,-2.890306564423033,-0.03424702858480218
0.0005632817002881844,-2.890306564423033,-0.03458549485817437
0.0005645317002881845,-2.890306564423033,-0.0362778262250353
0.0005657817002881844,-2.890306564423033,-0.03695475877177966
0.0005670317002881845,-2.88660887192498,-0.03729322504515184
0.0005682817002881844,-2.882911179426926,-0.03695475877177966
0.0005695317002881845,-2.88660887192498,-0.03932402268538496
0.0005707817002881845,-2.890306564423033,-0.03898555641201276
0.0005720317002881845,-2.894004256921086,-0.04000095523212932
0.0005732817002881845,-2.882911179426926,-0.03966248895875714
0.0005745317002881845,-2.88660887192498,-0.04000095523212932
0.0005757817002881845,-2.894004256921086,-0.04237021914573462
0.0005770317002881845,-2.882911179426926,-0.04237021914573462
0.0005782817002881845,-2.88660887192498,-0.04304715169247898
0.0005795317002881844,-2.879213486928872,-0.04507794933271209
0.0005807817002881845,-2.894004256921086,-0.04575488187945646
0.0005820317002881844,-2.88660887192498,-0.04643181442620083
0.0005832817002881845,-2.88660887192498,-0.04575488187945646
0.0005845317002881844,-2.88660887192498,-0.04575488187945646
0.0005857817002881845,-2.879213486928872,-0.0471087469729452
0.0005870317002881844,-2.890306564423033,-0.04880107833980613
0.0005882817002881845,-2.88660887192498,-0.04947801088655049
0.0005895317002881844,-2.890306564423033,-0.04880107833980613
0.0005907817002881845,-2.890306564423033,-0.04913954461317831
0.0005920317002881845,-2.890306564423033,-0.05184727480015579
0.0005932817002881845,-2.882911179426926,-0.05252420734690015
0.0005945317002881845,-2.894004256921086,-0.05320113989364451
0.0005957817002881845,-2.88660887192498,-0.05252420734690015
0.0005970317002881845,-2.88660887192498,-0.05387807244038889
0.0005982817002881845,-2.88660887192498,-0.05557040380724981
0.0005995317002881845,-2.88660887192498,-0.05557040380724981
0.0006007817002881844,-2.890306564423033,-0.05557040380724981
0.0006020317002881845,-2.894004256921086,-0.05760120144748292
0.0006032817002881844,-2.88660887192498,-0.05726273517411073
0.0006045317002881845,-2.88660887192498,-0.05997046536108822
0.0006057817002881844,-2.88660887192498,-0.05726273517411073
0.0006070317002881845,-2.882911179426926,-0.05929353281434384
0.0006082817002881844,-2.88660887192498,-0.05963199908771603
0.0006095317002881845,-2.89770194941914,-0.06098586418120476
0.0006107817002881844,-2.88660887192498,-0.06098586418120476
0.0006120317002881845,-2.890306564423033,-0.06166279672794914
0.0006132817002881845,-2.882911179426926,-0.0626781955480657
0.0006145317002881845,-2.890306564423033,-0.06301666182143788
0.0006157817002881845,-2.882911179426926,-0.0623397292746935
0.0006170317002881845,-2.894004256921086,-0.06437052691492662
0.0006182817002881845,-2.89770194941914,-0.0667397908285319
0.0006195317002881845,-2.890306564423033,-0.06538592573504316
0.0006207817002881845,-2.894004256921086,-0.06606285828178754
0.0006220317002881844,-2.890306564423033,-0.06572439200841536
0.0006232817002881845,-2.88660887192498,-0.0667397908285319
0.0006245317002881844,-2.890306564423033,-0.0667397908285319
0.0006257817002881845,-2.88660887192498,-0.06843212219539282
0.0006270317002881844,-2.882911179426926,-0.06978598728888157
0.0006282817002881845,-2.894004256921086,-0.06877058846876502
0.0006295317002881844,-2.901399641917194,-0.07046291983562594
0.0006307817002881845,-2.890306564423033,-0.07113985238237031
0.0006320317002881844,-2.879213486928872,-0.07215525120248686
0.0006332817002881845,-2.890306564423033,-0.07249371747585905
0.0006345317002881845,-2.89770194941914,-0.07283218374923123
0.0006357817002881845,-2.89770194941914,-0.07283218374923123
0.0006370317002881845,-2.890306564423033,-0.07418604884271997
0.0006382817002881845,-2.901399641917194,-0.07384758256934779
0.0006395317002881845,-2.905097334415248,-0.0735091162959756
0.0006407817002881845,-2.89770194941914,-0.07452451511609215
0.0006420317002881845,-2.894004256921086,-0.07587838020958089
0.0006432817002881844,-2.88660887192498,-0.07553991393620871
0.0006445317002881845,-2.882911179426926,-0.07689377902969745
0.0006457817002881844,-2.894004256921086,-0.07757071157644181
0.0006470317002881845,-2.901399641917194,-0.07723224530306963
0.0006482817002881844,-2.89770194941914,-0.07723224530306963
0.0006495317002881845,-2.901399641917194,-0.07824764412318619
0.0006507817002881844,-2.901399641917194,-0.07757071157644181
0.0006520317002881845,-2.89770194941914,-0.07993997549004711
0.0006532817002881845,-2.890306564423033,-0.07858611039655837
0.0006545317002881845,-2.88660887192498,-0.08061690803679147
0.0006557817002881845,-2.901399641917194,-0.08095537431016366
0.0006570317002881845,-2.905097334415248,-0.08163230685690803
0.0006582817002881845,-2.901399641917194,-0.08061690803679147
0.0006595317002881845,-2.89770194941914,-0.08163230685690803
0.0006607817002881845,-2.89770194941914,-0.08298617195039677
0.0006620317002881845,-2.89770194941914,-0.08332463822376895
0.0006632817002881845,-2.908795026913301,-0.0843400370438855
0.0006645317002881844,-2.89770194941914,-0.0843400370438855
0.0006657817002881845,-2.894004256921086,-0.08535543586400206
0.0006670317002881844,-2.901399641917194,-0.0843400370438855
0.0006682817002881845,-2.89770194941914,-0.08501696959062988
0.0006695317002881844,-2.905097334415248,-0.0843400370438855
0.0006707817002881845,-2.901399641917194,-0.08467850331725769
0.0006720317002881844,-2.905097334415248,-0.08738623350423516
0.0006732817002881845,-2.901399641917194,-0.08772469977760736
0.0006745317002881845,-2.905097334415248,-0.0867093009574908
0.0006757817002881845,-2.905097334415248,-0.08772469977760736
0.0006770317002881845,-2.89770194941914,-0.08772469977760736
0.0006782817002881845,-2.905097334415248,-0.08772469977760736
0.0006795317002881845,-2.908795026913301,-0.08840163232435172
0.0006807817002881845,-2.905097334415248,-0.09009396369121264
0.0006820317002881845,-2.901399641917194,-0.08941703114446828
0.0006832817002881844,-2.901399641917194,-0.09009396369121264
0.0006845317002881845,-2.908795026913301,-0.09077089623795702
0.0006857817002881844,-2.901399641917194,-0.0890785648710961
0.0006870317002881845,-2.901399641917194,-0.09077089623795702
0.0006882817002881844,-2.905097334415248,-0.09212476133144575
0.0006895317002881845,-2.89770194941914,-0.09178629505807356
0.0006907817002881844,-2.905097334415248,-0.09178629505807356
0.0006920317002881845,-2.905097334415248,-0.09178629505807356
0.0006932817002881844,-2.89770194941914,-0.0931401601515623
0.0006945317002881845,-2.89770194941914,-0.0931401601515623
0.0006957817002881845,-2.901399641917194,-0.09280169387819012
0.0006970317002881845,-2.905097334415248,-0.0931401601515623
0.0006982817002881845,-2.916190411909408,-0.09347862642493449
0.0006995317002881845,-2.908795026913301,-0.09246322760481794
0.0007007817002881845,-2.901399641917194,-0.09415555897167886
0.0007020317002881845,-2.901399641917194,-0.09449402524505104
0.0007032817002881845,-2.912492719411354,-0.09517095779179541
0.0007045317002881844,-2.908795026913301,-0.09584789033853978
0.0007057817002881845,-2.912492719411354,-0.09517095779179541
0.0007070317002881844,-2.912492719411354,-0.09517095779179541
0.0007082817002881845,-2.901399641917194,-0.0955094240651676
0.0007095317002881844,-2.908795026913301,-0.09517095779179541
0.0007107817002881845,-2.901399641917194,-0.09652482288528415
0.0007120317002881844,-2.908795026913301,-0.09686328915865633
0.0007132817002881845,-2.908795026913301,-0.09754022170540071
0.0007145317002881844,-2.912492719411354,-0.09754022170540071
0.0007157817002881845,-2.901399641917194,-0.09517095779179541
0.0007170317002881845,-2.901399641917194,-0.09652482288528415
0.0007182817002881845,-2.908795026913301,-0.09686328915865633
0.0007195317002881845,-2.912492719411354,-0.09754022170540071
0.0007207817002881845,-2.908795026913301,-0.09787868797877289
0.0007220317002881845,-2.912492719411354,-0.09720175543202852
0.0007232817002881845,-2.912492719411354,-0.09821715425214507
0.0007245317002881845,-2.908795026913301,-0.09787868797877289
0.0007257817002881844,-2.908795026913301,-0.09923255307226163
0.0007270317002881845,-2.916190411909408,-0.09990948561900599
0.0007282817002881844,-2.905097334415248,-0.09990948561900599
0.0007295317002881845,-2.901399641917194,-0.09754022170540071
0.0007307817002881844,-2.905097334415248,-0.09720175543202852
0.0007320317002881845,-2.905097334415248,-0.09821715425214507
0.0007332817002881844,-2.908795026913301,-0.09957101934563381
0.0007345317002881845,-2.919888104407462,-0.09923255307226163
0.0007357817002881845,-2.908795026913301,-0.1002479518923782
0.0007370317002881845,-2.905097334415248,-0.1002479518923782
0.0007382817002881845,-2.912492719411354,-0.09889408679888945
0.0007395317002881845,-2.908795026913301,-0.09923255307226163
0.0007407817002881845,-2.908795026913301,-0.09957101934563381
0.0007420317002881845,-2.912492719411354,-0.09923255307226163
0.0007432817002881845,-2.912492719411354,-0.09957101934563381
0.0007445317002881845,-2.905097334415248,-0.1002479518923782
0.0007457817002881845,-2.901399641917194,-0.09957101934563381
0.0007470317002881844,-2.916190411909408,-0.09821715425214507
0.0007482817002881845,-2.912492719411354,-0.09957101934563381
0.0007495317002881844,-2.908795026913301,-0.09990948561900599
0.0007507817002881845,-2.908795026913301,-0.1012633507124947
0.0007520317002881844,-2.89770194941914,-0.09957101934563381
0.0007532817002881845,-2.905097334415248,-0.09923255307226163
0.0007545317002881844,-2.901399641917194,-0.1009248844391226
0.0007557817002881845,-2.912492719411354,-0.1009248844391226
0.0007570317002881845,-2.912492719411354,-0.09957101934563381
0.0007582817002881845,-2.905097334415248,-0.09889408679888945
0.0007595317002881845,-2.908795026913301,-0.09990948561900599
0.0007607817002881845,-2.905097334415248,-0.09923255307226163
0.0007620317002881845,-2.905097334415248,-0.09990948561900599
0.0007632817002881845,-2.912492719411354,-0.1002479518923782
0.0007645317002881845,-2.905097334415248,-0.09957101934563381
0.0007657817002881844,-2.901399641917194,-0.1005864181657504
0.0007670317002881845,-2.908795026913301,-0.1009248844391226
0.0007682817002881844,-2.901399641917194,-0.09990948561900599
0.0007695317002881845,-2.905097334415248,-0.09990948561900599
0.0007707817002881844,-2.919888104407462,-0.09957101934563381
0.0007720317002881845,-2.901399641917194,-0.09855562052551727
0.0007732817002881844,-2.908795026913301,-0.1005864181657504
0.0007745317002881845,-2.894004256921086,-0.09889408679888945
0.0007757817002881844,-2.912492719411354,-0.09990948561900599
0.0007770317002881845,-2.912492719411354,-0.09957101934563381
0.0007782817002881845,-2.916190411909408,-0.09923255307226163
0.0007795317002881845,-2.908795026913301,-0.09889408679888945
0.0007807817002881845,-2.905097334415248,-0.09889408679888945
0.0007820317002881845,-2.89770194941914,-0.09821715425214507
0.0007832817002881845,-2.908795026913301,-0.09821715425214507
0.0007845317002881845,-2.905097334415248,-0.09754022170540071
0.0007857817002881845,-2.919888104407462,-0.09889408679888945
0.0007870317002881844,-2.908795026913301,-0.09754022170540071
0.0007882817002881845,-2.905097334415248,-0.09957101934563381
0.0007895317002881844,-2.905097334415248,-0.09787868797877289
0.0007907817002881845,-2.916190411909408,-0.09821715425214507
0.0007920317002881844,-2.908795026913301,-0.09652482288528415
0.0007932817002881845,-2.912492719411354,-0.09787868797877289
0.0007945317002881844,-2.912492719411354,-0.09787868797877289
0.0007957817002881845,-2.905097334415248,-0.09855562052551727
0.0007970317002881844,-2.905097334415248,-0.09652482288528415
0.0007982817002881845,-2.908795026913301,-0.09754022170540071
0.0007995317002881845,-2.908795026913301,-0.09652482288528415
0.0008007817002881845,-2.901399641917194,-0.09618635661191197
0.0008020317002881845,-2.908795026913301,-0.0955094240651676
0.0008032817002881845,-2.912492719411354,-0.09517095779179541
0.0008045317002881845,-2.901399641917194,-0.09584789033853978
0.0008057817002881845,-2.901399641917194,-0.09517095779179541
0.0008070317002881845,-2.908795026913301,-0.09618635661191197
0.0008082817002881844,-2.89770194941914,-0.09517095779179541
0.0008095317002881845,-2.905097334415248,-0.09483249151842323
0.0008107817002881844,-2.905097334415248,-0.09280169387819012
0.0008120317002881845,-2.901399641917194,-0.09449402524505104
0.0008132817002881844,-2.894004256921086,-0.09347862642493449
0.0008145317002881845,-2.905097334415248,-0.09347862642493449
0.0008157817002881844,-2.901399641917194,-0.09280169387819012
0.0008170317002881845,-2.901399641917194,-0.09280169387819012
0.0008182817002881845,-2.905097334415248,-0.0931401601515623
0.0008195317002881845,-2.905097334415248,-0.0931401601515623
0.0008207817002881845,-2.908795026913301,-0.09280169387819012
0.0008220317002881845,-2.901399641917194,-0.09212476133144575
0.0008232817002881845,-2.905097334415248,-0.09144782878470138
0.0008245317002881845,-2.905097334415248,-0.09043242996458482
0.0008257817002881845,-2.901399641917194,-0.09043242996458482
0.0008270317002881845,-2.89770194941914,-0.09077089623795702
0.0008282817002881845,-2.894004256921086,-0.09144782878470138
0.0008295317002881844,-2.89770194941914,-0.0887400985977239
0.0008307817002881845,-2.901399641917194,-0.08975549741784046
0.0008320317002881844,-2.908795026913301,-0.08941703114446828
0.0008332817002881845,-2.89770194941914,-0.08806316605097954
0.0008345317002881844,-2.905097334415248,-0.08840163232435172
0.0008357817002881845,-2.901399641917194,-0.08840163232435172
0.0008370317002881844,-2.905097334415248,-0.08738623350423516
0.0008382817002881845,-2.905097334415248,-0.08738623350423516
0.0008395317002881845,-2.901399641917194,-0.08772469977760736
0.0008407817002881845,-2.901399641917194,-0.0867093009574908
0.0008420317002881845,-2.89770194941914,-0.08603236841074643
0.0008432817002881845,-2.901399641917194,-0.08535543586400206
0.0008445317002881845,-2.88660887192498,-0.08501696959062988
0.0008457817002881845,-2.890306564423033,-0.0843400370438855
0.0008470317002881845,-2.894004256921086,-0.08467850331725769
0.0008482817002881844,-2.901399641917194,-0.08332463822376895
0.0008495317002881845,-2.901399641917194,-0.08332463822376895
0.0008507817002881844,-2.901399641917194,-0.08163230685690803
0.0008520317002881845,-2.905097334415248,-0.08366310449714114
0.0008532817002881844,-2.890306564423033,-0.08400157077051332
0.0008545317002881845,-2.89770194941914,-0.0823092394036524
0.0008557817002881844,-2.89770194941914,-0.08027844176341929
0.0008570317002881845,-2.89770194941914,-0.08061690803679147
0.0008582817002881844,-2.894004256921086,-0.07960150921667491
0.0008595317002881845,-2.894004256921086,-0.07993997549004711
0.0008607817002881845,-2.890306564423033,-0.07926304294330273
0.0008620317002881845,-2.890306564423033,-0.07790917784981399
0.0008632817002881845,-2.88660887192498,-0.07824764412318619
0.0008645317002881845,-2.890306564423033,-0.07824764412318619
0.0008657817002881845,-2.894004256921086,-0.07858611039655837
0.0008670317002881845,-2.894004256921086,-0.07689377902969745
0.0008682817002881845,-2.89770194941914,-0.07587838020958089
0.0008695317002881844,-2.901399641917194,-0.07587838020958089
0.0008707817002881845,-2.894004256921086,-0.07452451511609215
0.0008720317002881844,-2.89770194941914,-0.07452451511609215
0.0008732817002881845,-2.88660887192498,-0.07486298138946433
0.0008745317002881844,-2.894004256921086,-0.07283218374923123
0.0008757817002881845,-2.894004256921086,-0.07283218374923123
0.0008770317002881844,-2.890306564423033,-0.07181678492911468
0.0008782817002881845,-2.88660887192498,-0.07249371747585905
0.0008795317002881844,-2.88660887192498,-0.07147831865574249
0.0008807817002881845,-2.890306564423033,-0.07147831865574249
0.0008820317002881845,-2.890306564423033,-0.06978598728888157
0.0008832817002881845,-2.88660887192498,-0.0691090547421372
0.0008845317002881845,-2.879213486928872,-0.07012445356225375
0.0008857817002881845,-2.88660887192498,-0.06978598728888157
0.0008870317002881845,-2.88660887192498,-0.0691090547421372
0.0008882817002881845,-2.882911179426926,-0.0670782571019041
0.0008895317002881845,-2.88660887192498,-0.06640132455515972
0.0008907817002881844,-2.879213486928872,-0.06606285828178754
0.0008920317002881845,-2.882911179426926,-0.06504745946167098
0.0008932817002881844,-2.882911179426926,-0.0647089931882988
0.0008945317002881845,-2.890306564423033,-0.06437052691492662
0.0008957817002881844,-2.879213486928872,-0.06335512809481006
0.0008970317002881845,-2.88660887192498,-0.06335512809481006
0.0008982817002881844,-2.875515794430819,-0.06403206064155444
0.0008995317002881845,-2.879213486928872,-0.06166279672794914
0.0009007817002881844,-2.882911179426926,-0.0626781955480657
0.0009020317002881845,-2.882911179426926,-0.05997046536108822
0.0009032817002881845,-2.879213486928872,-0.05997046536108822
0.0009045317002881845,-2.879213486928872,-0.05929353281434384
0.0009057817002881845,-2.882911179426926,-0.05929353281434384
0.0009070317002881845,-2.875515794430819,-0.05861660026759948
0.0009082817002881845,-2.875515794430819,-0.05760120144748292
0.0009095317002881845,-2.868120409434712,-0.05692426890073855
0.0009107817002881845,-2.879213486928872,-0.05624733635399418
0.0009120317002881844,-2.879213486928872,-0.05590887008062199
0.0009132817002881845,-2.868120409434712,-0.05557040380724981
0.0009145317002881844,-2.875515794430819,-0.05421653871376107
0.0009157817002881845,-2.879213486928872,-0.05252420734690015
0.0009170317002881844,-2.871818101932765,-0.05252420734690015
0.0009182817002881845,-2.871818101932765,-0.05218574107352797
0.0009195317002881844,-2.871818101932765,-0.05184727480015579
0.0009207817002881845,-2.871818101932765,-0.05184727480015579
0.0009220317002881845,-2.860725024438604,-0.05117034225341141
0.0009232817002881845,-2.871818101932765,-0.04947801088655049
0.0009245317002881845,-2.868120409434712,-0.04947801088655049
0.0009257817002881845,-2.868120409434712,-0.04846261206643393
0.0009270317002881845,-2.871818101932765,-0.04846261206643393
0.0009282817002881845,-2.871818101932765,-0.0471087469729452
0.0009295317002881845,-2.860725024438604,-0.04575488187945646
0.0009307817002881845,-2.860725024438604,-0.04541641560608428
0.0009320317002881845,-2.860725024438604,-0.0447394830593399
0.0009332817002881844,-2.860725024438604,-0.04406255051259554
0.0009345317002881845,-2.857027331940551,-0.04304715169247898
0.0009357817002881844,-2.860725024438604,-0.04372408423922335
0.0009370317002881845,-2.853329639442497,-0.04135482032561806
0.0009382817002881844,-2.857027331940551,-0.04203175287236242
0.0009395317002881845,-2.860725024438604,-0.03966248895875714
0.0009407817002881844,-2.857027331940551,-0.0406778877788737
0.0009420317002881845,-2.853329639442497,-0.03898555641201276
0.0009432817002881845,-2.857027331940551,-0.03797015759189622
0.0009445317002881845,-2.84593425444639,-0.03763169131852404
0.0009457817002881845,-2.853329639442497,-0.03797015759189622
0.0009470317002881845,-2.84593425444639,-0.03526242740491874
0.0009482817002881845,-2.842236561948337,-0.03492396113154655
0.0009495317002881845,-2.84593425444639,-0.03492396113154655
0.0009507817002881845,-2.853329639442497,-0.03357009603805781
0.0009520317002881844,-2.849631946944444,-0.03390856231143
0.0009532817002881845,-2.84593425444639,-0.03187776467119689
0.0009545317002881844,-2.857027331940551,-0.03187776467119689
0.0009557817002881845,-2.84593425444639,-0.03255469721794126
0.0009570317002881844,-2.834841176952229,-0.02849310193747505
0.0009582817002881845,-2.842236561948337,-0.02917003448421942
0.0009595317002881844,-2.838538869450283,-0.02917003448421942
0.0009607817002881845,-2.838538869450283,-0.02747770311735849
0.0009620317002881844,-2.842236561948337,-0.02849310193747505
0.0009632817002881845,-2.834841176952229,-0.02646230429724194
0.0009645317002881845,-2.842236561948337,-0.02646230429724194
0.0009657817002881845,-2.834841176952229,-0.02476997293038102
0.0009670317002881845,-2.827445791956122,-0.02375457411026446
0.0009682817002881845,-2.831143484454176,-0.02375457411026446
0.0009695317002881845,-2.823748099458069,-0.02273917529014791
0.0009707817002881845,-2.823748099458069,-0.02240070901677572
0.0009720317002881845,-2.820050406960015,-0.0207083776499148
0.0009732817002881844,-2.831143484454176,-0.02104684392328698
0.0009745317002881845,-2.816352714461961,-0.01935451255642606
0.0009757817002881844,-2.816352714461961,-0.01969297882979825
0.0009770317002881844,-2.816352714461961,-0.01833911373630951
0.0009782817002881845,-2.808957329465854,-0.01766218118956514
0.0009795317002881845,-2.805259636967801,-0.0163083160960764
0.0009807817002881844,-2.805259636967801,-0.01563138354933203
0.0009820317002881844,-2.805259636967801,-0.01461598472921548
0.0009832817002881846,-2.805259636967801,-0.01495445100258766
0.0009845317002881845,-2.801561944469747,-0.01292365336235455
0.0009857817002881845,-2.786771174477533,-0.011908254542238
0.0009870317002881844,-2.786771174477533,-0.01123132199549363
0.0009882817002881846,-2.783073481979479,-0.01156978826886582
0.0009895317002881845,-2.775678096983372,-0.01055438944874926
0.0009907817002881845,-2.771980404485318,-0.009200524355260524
0.0009920317002881844,-2.757189634493104,-0.007846659261771787
0.0009932817002881844,-2.738701172002836,-0.007846659261771787
0.0009945317002881845,-2.735003479504782,-0.007846659261771787
0.0009957817002881845,-2.709119632018407,-0.005477395348166494
0.0009970317002881844,-2.564909624594318,-0.006492794168283048
0.0009982817002881844,-2.291280379738352,-0.004461996528049941
0.0009995317002881845,-1.303996482758045,-0.004800462801422125
0.001000781700288184,0.08263820401204855,-0.002431198887816833
0.001002031700288184,1.787274445614751,-0.002431198887816833
0.001003281700288184,2.149648310424002,-0.002431198887816833
0.001004531700288185,2.489836020244931,-0.0007388675209559101
0.001005781700288185,2.512022175233253,-0.0004004012475837255
0.001007031700288184,2.530510637723521,0.0006149975725328283
0.001008281700288184,2.563789870206003,0.00298426148613812
0.001009531700288185,2.57118525520211,0.003322727759510305
0.001010781700288185,2.563789870206003,0.004338126579626859
0.001012031700288184,2.582278332696271,0.005691991673115597
0.001013281700288184,2.57118525520211,0.004676592852999043
0.001014531700288184,2.585976025194325,0.005353525399743412
0.001015781700288185,2.597069102688486,0.006707390493232151
0.001017031700288184,2.597069102688486,0.008061255586720889
0.001018281700288184,2.589673717692378,0.006368924219859966
0.001019531700288184,2.593371410190432,0.009076654406837442
0.001020781700288185,2.597069102688486,0.009753586953581812
0.001022031700288184,2.593371410190432,0.010092053226954
0.001023281700288184,2.593371410190432,0.01110745204707055
0.001024531700288184,2.600766795186539,0.01313824968730366
0.001025781700288185,2.604464487684593,0.01347671596067584
0.001027031700288185,2.608162180182646,0.01381518223404803
0.001028281700288184,2.608162180182646,0.01279978341393147
0.001029531700288184,2.604464487684593,0.0144921147807924
0.001030781700288185,2.604464487684593,0.01584597987428113
0.001032031700288185,2.597069102688486,0.01686137869439769
0.001033281700288184,2.608162180182646,0.01787677751451424
0.001034531700288184,2.600766795186539,0.01821524378788643
0.001035781700288184,2.600766795186539,0.0188921763346308
0.001037031700288185,2.608162180182646,0.01956910888137517
0.001038281700288184,2.604464487684593,0.02024604142811954
0.001039531700288184,2.604464487684593,0.02159990652160827
0.001040781700288184,2.600766795186539,0.02227683906835264
0.001042031700288185,2.600766795186539,0.02295377161509701
0.001043281700288184,2.597069102688486,0.02363070416184138
0.001044531700288184,2.604464487684593,0.02498456925533012
0.001045781700288184,2.593371410190432,0.02566150180207449
0.001047031700288185,2.597069102688486,0.02667690062219104
0.001048281700288185,2.600766795186539,0.02633843434881886
0.001049531700288184,2.593371410190432,0.02701536689556323
0.001050781700288184,2.600766795186539,0.02701536689556323
0.001052031700288185,2.604464487684593,0.02836923198905196
0.001053281700288185,2.597069102688486,0.03040002962928507
0.001054531700288184,2.585976025194325,0.02870769826242415
0.001055781700288184,2.593371410190432,0.03243082726951818
0.001057031700288184,2.597069102688486,0.03276929354289036
0.001058281700288185,2.593371410190432,0.03344622608963474
0.001059531700288184,2.593371410190432,0.03276929354289036
0.001060781700288184,2.585976025194325,0.03344622608963474
0.001062031700288184,2.589673717692378,0.03513855745649566
0.001063281700288185,2.593371410190432,0.03547702372986784
0.001064531700288184,2.589673717692378,0.03750782137010095
0.001065781700288184,2.589673717692378,0.03615395627661221
0.001067031700288184,2.593371410190432,0.03716935509672877
0.001068281700288185,2.578580640198218,0.03818475391684532
0.001069531700288185,2.585976025194325,0.03886168646358969
0.001070781700288184,2.589673717692378,0.04021555155707843
0.001072031700288184,2.582278332696271,0.04156941665056717
0.001073281700288185,2.578580640198218,0.04190788292393935
0.001074531700288185,2.582278332696271,0.04224634919731153
0.001075781700288184,2.582278332696271,0.04326174801742809
0.001077031700288184,2.593371410190432,0.04393868056417245
0.001078281700288184,2.589673717692378,0.04461561311091683
0.001079531700288185,2.585976025194325,0.04461561311091683
0.001080781700288184,2.574882947700164,0.04630794447777775
0.001082031700288184,2.582278332696271,0.04664641075114993
0.001083281700288184,2.582278332696271,0.04664641075114993
0.001084531700288185,2.574882947700164,0.04867720839138304
0.001085781700288185,2.578580640198218,0.0496926072114996
0.001087031700288184,2.57118525520211,0.0496926072114996
0.001088281700288184,2.582278332696271,0.05036953975824396
0.001089531700288185,2.574882947700164,0.0517234048517327
0.001090781700288185,2.578580640198218,0.05070800603161614
0.001092031700288184,2.582278332696271,0.0517234048517327
0.001093281700288184,2.582278332696271,0.0517234048517327
0.001094531700288185,2.574882947700164,0.05307726994522144
0.001095781700288185,2.574882947700164,0.05443113503871018
0.001097031700288184,2.578580640198218,0.05443113503871018
0.001098281700288184,2.57118525520211,0.05544653385882672
0.001099531700288184,2.578580640198218,0.05578500013219892
0.001100781700288185,2.578580640198218,0.05713886522568766
0.001102031700288184,2.57118525520211,0.05781579777243202
0.001103281700288184,2.563789870206003,0.05883119659254858
0.001104531700288184,2.574882947700164,0.05781579777243202
0.001105781700288185,2.57118525520211,0.05747733149905984
0.001107031700288185,2.574882947700164,0.05849273031917639
0.001108281700288184,2.57118525520211,0.06120046050615387
0.001109531700288184,2.578580640198218,0.06289279187301479
0.001110781700288185,2.57118525520211,0.06187739305289824
0.001112031700288185,2.57118525520211,0.06187739305289824
0.001113281700288184,2.567487562704057,0.06323125814638697
0.001114531700288184,2.57118525520211,0.06390819069313135
0.001115781700288185,2.574882947700164,0.06356972441975915
0.001117031700288185,2.578580640198218,0.06492358951324789
0.001118281700288184,2.57118525520211,0.06526205578662007
0.001119531700288184,2.574882947700164,0.06560052205999227
0.001120781700288184,2.574882947700164,0.06627745460673663
0.001122031700288185,2.574882947700164,0.06661592088010881
0.001123281700288184,2.574882947700164,0.06830825224696974
0.001124531700288184,2.574882947700164,0.06796978597359755
0.001125781700288184,2.574882947700164,0.06932365106708629
0.001127031700288185,2.57118525520211,0.07033904988720285
0.001128281700288185,2.57118525520211,0.06966211734045848
0.001129531700288184,2.574882947700164,0.07101598243394722
0.001130781700288184,2.567487562704057,0.07067751616057504
0.001132031700288185,2.57118525520211,0.07067751616057504
0.001133281700288185,2.57118525520211,0.07304678007418032
0.001134531700288184,2.56009217770795,0.07304678007418032
0.001135781700288184,2.578580640198218,0.0737237126209247
0.001137031700288185,2.567487562704057,0.07406217889429688
0.001138281700288185,2.567487562704057,0.07406217889429688
0.001139531700288184,2.57118525520211,0.07507757771441344
0.001140781700288184,2.574882947700164,0.07609297653452998
0.001142031700288184,2.567487562704057,0.07643144280790218
0.001143281700288185,2.567487562704057,0.07643144280790218
0.001144531700288184,2.574882947700164,0.07643144280790218
0.001145781700288184,2.574882947700164,0.07744684162801872
0.001147031700288184,2.563789870206003,0.07744684162801872
0.001148281700288185,2.574882947700164,0.07880070672150746
0.001149531700288185,2.574882947700164,0.07880070672150746
0.001150781700288184,2.57118525520211,0.07880070672150746
0.001152031700288184,2.57118525520211,0.07981610554162402
0.001153281700288185,2.57118525520211,0.07981610554162402
0.001154531700288185,2.57118525520211,0.08116997063511276
0.001155781700288184,2.57118525520211,0.08116997063511276
0.001157031700288184,2.578580640198218,0.08286230200197368
0.001158281700288184,2.574882947700164,0.08218536945522931
0.001159531700288185,2.567487562704057,0.08184690318185713
0.001160781700288184,2.57118525520211,0.08252383572860149
0.001162031700288184,2.574882947700164,0.08421616709546241
0.001163281700288184,2.556394485209896,0.08455463336883461
0.001164531700288185,2.574882947700164,0.08421616709546241
0.001165781700288184,2.57118525520211,0.08489309964220679
0.001167031700288184,2.57118525520211,0.08489309964220679
0.001168281700288184,2.574882947700164,0.08624696473569553
0.001169531700288185,2.57118525520211,0.08692389728243989
0.001170781700288185,2.567487562704057,0.08726236355581207
0.001172031700288184,2.574882947700164,0.08726236355581207
0.001173281700288184,2.57118525520211,0.08760082982918427
0.001174531700288185,2.563789870206003,0.08692389728243989
0.001175781700288185,2.574882947700164,0.08827776237592863
0.001177031700288184,2.578580640198218,0.08827776237592863
0.001178281700288184,2.578580640198218,0.08895469492267301
0.001179531700288184,2.582278332696271,0.08997009374278955
0.001180781700288185,2.567487562704057,0.08963162746941737
0.001182031700288184,2.567487562704057,0.08827776237592863
0.001183281700288184,2.567487562704057,0.09064702628953393
0.001184531700288184,2.567487562704057,0.09030856001616173
0.001185781700288185,2.567487562704057,0.09098549256290611
0.001187031700288184,2.57118525520211,0.09098549256290611
0.001188281700288184,2.578580640198218,0.09267782392976703
0.001189531700288184,2.574882947700164,0.0933547564765114
0.001190781700288185,2.567487562704057,0.09233935765639485
0.001192031700288185,2.57118525520211,0.09233935765639485
0.001193281700288184,2.578580640198218,0.09301629020313922
0.001194531700288184,2.574882947700164,0.09301629020313922
0.001195781700288185,2.567487562704057,0.09403168902325577
0.001197031700288185,2.57118525520211,0.0933547564765114
0.001198281700288184,2.578580640198218,0.09437015529662796
0.001199531700288184,2.567487562704057,0.09504708784337232
0.001200781700288184,2.57118525520211,0.0957240203901167
0.001202031700288185,2.563789870206003,0.09538555411674451
0.001203281700288184,2.574882947700164,0.0957240203901167
0.001204531700288184,2.563789870206003,0.09504708784337232
0.001205781700288184,2.57118525520211,0.09707788548360544
0.001207031700288185,2.578580640198218,0.09640095293686106
0.001208281700288184,2.574882947700164,0.09538555411674451
0.001209531700288184,2.563789870206003,0.09640095293686106
0.001210781700288184,2.57118525520211,0.09640095293686106
0.001212031700288185,2.57118525520211,0.09707788548360544
0.001213281700288185,2.57118525520211,0.09741635175697762
0.001214531700288184,2.57118525520211,0.09809328430372198
0.001215781700288184,2.567487562704057,0.09741635175697762
0.001217031700288185,2.582278332696271,0.0977548180303498
0.001218281700288185,2.57118525520211,0.09809328430372198
0.001219531700288184,2.582278332696271,0.0977548180303498
0.001220781700288184,2.563789870206003,0.0977548180303498
0.001222031700288184,2.57118525520211,0.09673941921023324
0.001223281700288185,2.57118525520211,0.09809328430372198
0.001224531700288184,2.57118525520211,0.09809328430372198
0.001225781700288184,2.57118525520211,0.1004625482173273
0.001227031700288184,2.57118525520211,0.09910868312383854
0.001228281700288185,2.578580640198218,0.09944714939721072
0.001229531700288184,2.556394485209896,0.09944714939721072
0.001230781700288184,2.567487562704057,0.0997856156705829
0.001232031700288184,2.567487562704057,0.0997856156705829
0.001233281700288185,2.563789870206003,0.09944714939721072
0.001234531700288185,2.578580640198218,0.1001240819439551
0.001235781700288184,2.57118525520211,0.1008010144906995
0.001237031700288184,2.567487562704057,0.1001240819439551
0.001238281700288185,2.57118525520211,0.1001240819439551
0.001239531700288185,2.57118525520211,0.09944714939721072
0.001240781700288184,2.574882947700164,0.1014779470374438
0.001242031700288184,2.578580640198218,0.1001240819439551
0.001243281700288184,2.563789870206003,0.1008010144906995
0.001244531700288185,2.578580640198218,0.1004625482173273
0.001245781700288184,2.57118525520211,0.0997856156705829
0.001247031700288184,2.563789870206003,0.1008010144906995
0.001248281700288184,2.57118525520211,0.1011394807640716
0.001249531700288185,2.57118525520211,0.1011394807640716
0.001250781700288185,2.563789870206003,0.1001240819439551
0.001252031700288184,2.57118525520211,0.1008010144906995
0.001253281700288184,2.567487562704057,0.1008010144906995
0.001254531700288185,2.567487562704057,0.1004625482173273
0.001255781700288185,2.56009217770795,0.1008010144906995
0.001257031700288184,2.574882947700164,0.1001240819439551
0.001258281700288184,2.57118525520211,0.1011394807640716
0.001259531700288185,2.57118525520211,0.101816413310816
0.001260781700288185,2.574882947700164,0.1011394807640716
0.001262031700288184,2.57118525520211,0.1001240819439551
0.001263281700288184,2.567487562704057,0.1001240819439551
0.001264531700288184,2.567487562704057,0.1004625482173273
0.001265781700288185,2.567487562704057,0.1001240819439551
0.001267031700288184,2.567487562704057,0.1004625482173273
0.001268281700288184,2.578580640198218,0.1011394807640716
0.001269531700288184,2.589673717692378,0.1011394807640716
0.001270781700288185,2.567487562704057,0.1011394807640716
0.001272031700288185,2.563789870206003,0.0997856156705829
0.001273281700288184,2.578580640198218,0.1004625482173273
0.001274531700288184,2.567487562704057,0.0997856156705829
0.001275781700288185,2.57118525520211,0.09910868312383854
0.001277031700288185,2.57118525520211,0.1014779470374438
0.001278281700288184,2.574882947700164,0.09944714939721072
0.001279531700288184,2.578580640198218,0.0997856156705829
0.001280781700288185,2.582278332696271,0.09944714939721072
0.001282031700288185,2.574882947700164,0.09944714939721072
0.001283281700288184,2.567487562704057,0.0997856156705829
0.001284531700288184,2.57118525520211,0.09843175057709418
0.001285781700288184,2.57118525520211,0.0997856156705829
0.001287031700288185,2.574882947700164,0.0997856156705829
0.001288281700288184,2.563789870206003,0.09809328430372198
0.001289531700288184,2.563789870206003,0.09741635175697762
0.001290781700288184,2.567487562704057,0.09910868312383854
0.001292031700288185,2.57118525520211,0.0977548180303498
0.001293281700288185,2.57118525520211,0.09843175057709418
0.001294531700288184,2.578580640198218,0.09809328430372198
0.001295781700288184,2.57118525520211,0.09707788548360544
0.001297031700288185,2.57118525520211,0.09673941921023324
0.001298281700288185,2.57118525520211,0.0977548180303498
0.001299531700288184,2.57118525520211,0.09809328430372198
0.001300781700288184,2.567487562704057,0.0977548180303498
0.001302031700288185,2.567487562704057,0.09606248666348888
0.001303281700288185,2.578580640198218,0.09538555411674451
0.001304531700288184,2.563789870206003,0.09707788548360544
0.001305781700288184,2.582278332696271,0.0957240203901167
0.001307031700288184,2.57118525520211,0.09437015529662796
0.001308281700288185,2.57118525520211,0.09504708784337232
0.001309531700288184,2.57118525520211,0.09606248666348888
0.001310781700288184,2.563789870206003,0.09470862157000014
0.001312031700288184,2.567487562704057,0.09504708784337232
0.001313281700288185,2.57118525520211,0.09437015529662796
0.001314531700288185,2.574882947700164,0.09437015529662796
0.001315781700288184,2.567487562704057,0.09470862157000014
0.001317031700288184,2.585976025194325,0.0933547564765114
0.001318281700288185,2.574882947700164,0.0933547564765114
0.001319531700288185,2.57118525520211,0.09301629020313922
0.001320781700288184,2.57118525520211,0.0933547564765114
0.001322031700288184,2.567487562704057,0.09301629020313922
0.001323281700288185,2.578580640198218,0.09064702628953393
0.001324531700288185,2.578580640198218,0.09301629020313922
0.001325781700288184,2.563789870206003,0.09098549256290611
0.001327031700288184,2.578580640198218,0.09200089138302266
0.001328281700288184,2.57118525520211,0.09030856001616173
0.001329531700288185,2.567487562704057,0.08997009374278955
0.001330781700288184,2.567487562704057,0.09030856001616173
0.001332031700288184,2.567487562704057,0.09064702628953393
0.001333281700288184,2.57118525520211,0.08963162746941737
0.001334531700288185,2.578580640198218,0.08895469492267301
0.001335781700288185,2.567487562704057,0.08827776237592863
0.001337031700288184,2.57118525520211,0.08827776237592863
0.001338281700288184,2.567487562704057,0.08658543100906771
0.001339531700288185,2.578580640198218,0.08726236355581207
0.001340781700288185,2.585976025194325,0.08760082982918427
0.001342031700288184,2.57118525520211,0.08692389728243989
0.001343281700288184,2.574882947700164,0.08760082982918427
0.001344531700288184,2.57118525520211,0.08557003218895115
0.001345781700288185,2.574882947700164,0.08590849846232335
0.001347031700288184,2.574882947700164,0.08523156591557897
0.001348281700288184,2.567487562704057,0.08387770082209023
0.001349531700288184,2.567487562704057,0.08320076827534587
0.001350781700288185,2.578580640198218,0.08489309964220679
0.001352031700288184,2.578580640198218,0.08455463336883461
0.001353281700288184,2.567487562704057,0.08252383572860149
0.001354531700288184,2.57118525520211,0.08116997063511276
0.001355781700288185,2.567487562704057,0.08184690318185713
0.001357031700288185,2.57118525520211,0.08049303808836838
0.001358281700288184,2.57118525520211,0.08150843690848494
0.001359531700288184,2.574882947700164,0.08049303808836838
0.001360781700288185,2.574882947700164,0.07913917299487964
0.001362031700288185,2.567487562704057,0.08049303808836838
0.001363281700288184,2.57118525520211,0.07947763926825183
0.001364531700288184,2.567487562704057,0.07880070672150746
0.001365781700288184,2.57118525520211,0.07913917299487964
0.001367031700288185,2.574882947700164,0.07643144280790218
0.001368281700288184,2.57118525520211,0.0757545102611578
0.001369531700288184,2.578580640198218,0.07676990908127436
0.001370781700288184,2.57118525520211,0.0757545102611578
0.001372031700288185,2.57118525520211,0.07440064516766906
0.001373281700288184,2.563789870206003,0.0737237126209247
0.001374531700288184,2.56009217770795,0.07406217889429688
0.001375781700288184,2.574882947700164,0.07304678007418032
0.001377031700288185,2.578580640198218,0.0737237126209247
0.001378281700288185,2.563789870206003,0.07406217889429688
0.001379531700288184,2.57118525520211,0.07304678007418032
0.001380781700288184,2.567487562704057,0.07270831380080814
0.001382031700288185,2.567487562704057,0.07203138125406378
0.001383281700288185,2.578580640198218,0.07067751616057504
0.001384531700288184,2.563789870206003,0.07033904988720285
0.001385781700288184,2.567487562704057,0.06898518479371411
0.001387031700288184,2.563789870206003,0.06864671852034193
0.001388281700288185,2.567487562704057,0.06796978597359755
0.001389531700288184,2.563789870206003,0.06729285342685319
0.001390781700288184,2.567487562704057,0.06729285342685319
0.001392031700288184,2.563789870206003,0.06560052205999227
0.001393281700288185,2.567487562704057,0.06729285342685319
0.001394531700288184,2.57118525520211,0.06661592088010881
0.001395781700288184,2.567487562704057,0.06492358951324789
0.001397031700288184,2.57118525520211,0.06390819069313135
0.001398281700288185,2.57118525520211,0.06255432559964261
0.001399531700288185,2.567487562704057,0.06187739305289824
0.001400781700288184,2.567487562704057,0.06187739305289824
0.001402031700288184,2.563789870206003,0.06187739305289824
0.001403281700288185,2.567487562704057,0.06187739305289824
0.001404531700288185,2.563789870206003,0.06187739305289824
0.001405781700288184,2.567487562704057,0.06018506168603731
0.001407031700288184,2.56009217770795,0.05713886522568766
0.001408281700288184,2.578580640198218,0.05849273031917639
0.001409531700288185,2.57118525520211,0.0581542640458042
0.001410781700288184,2.57118525520211,0.05713886522568766
0.001412031700288184,2.556394485209896,0.05578500013219892
0.001413281700288184,2.563789870206003,0.0561234664055711
0.001414531700288185,2.56009217770795,0.05510806758545454
0.001415781700288184,2.567487562704057,0.054092668765338
0.001417031700288184,2.57118525520211,0.05510806758545454
0.001418281700288184,2.567487562704057,0.0537542024919658
0.001419531700288185,2.556394485209896,0.0537542024919658
0.001420781700288185,2.57118525520211,0.05070800603161614
0.001422031700288184,2.567487562704057,0.05070800603161614
0.001423281700288184,2.56009217770795,0.05003107348487178
0.001424531700288185,2.57118525520211,0.04867720839138304
0.001425781700288185,2.57118525520211,0.05003107348487178
0.001427031700288184,2.57118525520211,0.04867720839138304
0.001428281700288184,2.57118525520211,0.04698487702452211
0.001429531700288184,2.56009217770795,0.04664641075114993
0.001430781700288185,2.57118525520211,0.04596947820440556
0.001432031700288184,2.57118525520211,0.04529254565766119
0.001433281700288184,2.567487562704057,0.04698487702452211
0.001434531700288184,2.567487562704057,0.04360021429080027
0.001435781700288185,2.56009217770795,0.04326174801742809
0.001437031700288185,2.563789870206003,0.04258481547068371
0.001438281700288184,2.56009217770795,0.04190788292393935
0.001439531700288184,2.563789870206003,0.04089248410382279
0.001440781700288185,2.563789870206003,0.04156941665056717
0.001442031700288185,2.567487562704057,0.04156941665056717
0.001443281700288184,2.556394485209896,0.03987708528370625
0.001444531700288184,2.56009217770795,0.03784628764347313
0.001445781700288185,2.563789870206003,0.03683088882335658
0.001447031700288185,2.563789870206003,0.03581549000324002
0.001448281700288184,2.556394485209896,0.03716935509672877
0.001449531700288184,2.56009217770795,0.03513855745649566
0.001450781700288184,2.556394485209896,0.03513855745649566
0.001452031700288185,2.563789870206003,0.03513855745649566
0.001453281700288184,2.56009217770795,0.03276929354289036
0.001454531700288184,2.556394485209896,0.03344622608963474
0.001455781700288184,2.556394485209896,0.03276929354289036
0.001457031700288185,2.556394485209896,0.03243082726951818
0.001458281700288185,2.556394485209896,0.0297230970825407
0.001459531700288184,2.556394485209896,0.03040002962928507
0.001460781700288184,2.56009217770795,0.02870769826242415
0.001462031700288185,2.56009217770795,0.02769229944230759
0.001463281700288185,2.56009217770795,0.02701536689556323
0.001464531700288184,2.56009217770795,0.02566150180207449
0.001465781700288184,2.56009217770795,0.02667690062219104
0.001467031700288185,2.563789870206003,0.02498456925533012
0.001468281700288185,2.552696792711842,0.02498456925533012
0.001469531700288184,2.545301407715735,0.02329223788846919
0.001470781700288184,2.552696792711842,0.02261530534172483
0.001472031700288184,2.556394485209896,0.02295377161509701
0.001473281700288185,2.552696792711842,0.02126144024823609
0.001474531700288184,2.552696792711842,0.02058450770149172
0.001475781700288184,2.556394485209896,0.01956910888137517
0.001477031700288184,2.541603715217682,0.01923064260800298
0.001478281700288185,2.541603715217682,0.01753831124114206
0.001479531700288185,2.541603715217682,0.01787677751451424
0.001480781700288184,2.552696792711842,0.01787677751451424
0.001482031700288184,2.545301407715735,0.01516904732753676
0.001483281700288185,2.548999100213789,0.01550751360090895
0.001484531700288185,2.530510637723521,0.0144921147807924
0.001485781700288184,2.541603715217682,0.01279978341393147
0.001487031700288184,2.534208330221575,0.01279978341393147
0.001488281700288185,2.541603715217682,0.01144591832044273
0.001489531700288185,2.545301407715735,0.01110745204707055
0.001490781700288184,2.526812945225467,0.009415120680209627
0.001492031700288184,2.534208330221575,0.009753586953581812
0.001493281700288184,2.534208330221575,0.008399721860093074
0.001494531700288185,2.526812945225467,0.008061255586720889
0.001495781700288184,2.526812945225467,0.008061255586720889
0.001497031700288184,2.530510637723521,0.006707390493232151
0.001498281700288184,2.523115252727414,0.006030457946487782
0.001499531700288185,2.51941756022936,0.004676592852999043
0.001500781700288185,2.523115252727414,0.003999660306254674
0.001502031700288184,2.515719867731307,0.00298426148613812
0.001503281700288184,2.512022175233253,0.00298426148613812
0.001504531700288185,2.497231405241039,0.001968862666021566
0.001505781700288185,2.493533712742985,0.0002765312991606437
0.001507031700288184,2.482440635248824,-6.19349742115409e-05
0.001508281700288184,2.456556787762449,-0.0007388675209559101
0.001509531700288185,2.445463710268288,-0.002092732614444648
0.001510781700288185,2.290160625350038,-0.002769665161189018
0.001512031700288184,2.057205997972662,-0.002769665161189018
0.001513281700288184,1.195643645926177,-0.004461996528049941
0.001514531700288184,0.2638251364166742,-0.004800462801422125
0.001515781700288185,-0.6642956805947754,-0.00513892907479431
0.001517031700288184,-1.204158785310599,-0.005477395348166494
0.001518281700288184,-2.431792694664388,-0.007169726715027417
0.001519531700288184,-2.771980404485318,-0.006831260441655233
0.001520781700288185,-2.797864251971693,-0.009538990628632709
0.001522031700288185,-2.812655021963908,-0.01089285572212145
0.001523281700288184,-2.820050406960015,-0.01021592317537708
0.001524531700288184,-2.838538869450283,-0.01089285572212145
0.001525781700288185,-2.84593425444639,-0.01123132199549363
0.001527031700288185,-2.857027331940551,-0.01292365336235455
0.001528281700288184,-2.853329639442497,-0.01427751845584329
0.001529531700288184,-2.860725024438604,-0.01495445100258766
0.001530781700288184,-2.871818101932765,-0.01664678236944859
0.001532031700288185,-2.864422716936658,-0.0163083160960764
0.001533281700288184,-2.871818101932765,-0.0163083160960764
0.001534531700288184,-2.864422716936658,-0.01664678236944859
0.001535781700288184,-2.875515794430819,-0.01698524864282077
0.001537031700288185,-2.875515794430819,-0.01867758000968169
0.001538281700288184,-2.879213486928872,-0.0207083776499148
0.001539531700288184,-2.890306564423033,-0.02172377647003135
0.001540781700288184,-2.890306564423033,-0.02104684392328698
0.001542031700288185,-2.890306564423033,-0.02240070901677572
0.001543281700288185,-2.882911179426926,-0.02172377647003135
0.001544531700288184,-2.890306564423033,-0.02443150665700883
0.001545781700288184,-2.882911179426926,-0.02578537175049757
0.001547031700288185,-2.890306564423033,-0.02713923684398631
0.001548281700288185,-2.88660887192498,-0.02578537175049757
0.001549531700288184,-2.88660887192498,-0.02612383802386975
0.001550781700288184,-2.894004256921086,-0.02646230429724194
0.001552031700288184,-2.88660887192498,-0.02815463566410286
0.001553281700288185,-2.890306564423033,-0.0295085007575916
0.001554531700288184,-2.88660887192498,-0.02984696703096379
0.001555781700288184,-2.88660887192498,-0.03052389957770815
0.001557031700288184,-2.894004256921086,-0.03052389957770815
0.001558281700288185,-2.882911179426926,-0.03153929839782471
0.001559531700288184,-2.890306564423033,-0.03289316349131345
0.001560781700288184,-2.890306564423033,-0.03390856231143
0.001562031700288184,-2.890306564423033,-0.03560089367829092
0.001563281700288185,-2.894004256921086,-0.03458549485817437
0.001564531700288185,-2.882911179426926,-0.03526242740491874
0.001565781700288184,-2.894004256921086,-0.03729322504515184
0.001567031700288184,-2.894004256921086,-0.03695475877177966
0.001568281700288185,-2.901399641917194,-0.03661629249840748
0.001569531700288185,-2.882911179426926,-0.03797015759189622
0.001570781700288184,-2.890306564423033,-0.03898555641201276
0.001572031700288184,-2.882911179426926,-0.0403394215055015
0.001573281700288184,-2.88660887192498,-0.04101635405224588
0.001574531700288185,-2.890306564423033,-0.04203175287236242
0.001575781700288184,-2.894004256921086,-0.04237021914573462
0.001577031700288184,-2.882911179426926,-0.04372408423922335
0.001578281700288184,-2.894004256921086,-0.04406255051259554
0.001579531700288185,-2.882911179426926,-0.04372408423922335
0.001580781700288184,-2.88660887192498,-0.04541641560608428
0.001582031700288184,-2.890306564423033,-0.04609334815282864
0.001583281700288184,-2.88660887192498,-0.04609334815282864
0.001584531700288185,-2.890306564423033,-0.04778567951968957
0.001585781700288185,-2.88660887192498,-0.04880107833980613
0.001587031700288184,-2.890306564423033,-0.04846261206643393
0.001588281700288184,-2.879213486928872,-0.04812414579306175
0.001589531700288185,-2.882911179426926,-0.04947801088655049
0.001590781700288185,-2.88660887192498,-0.05049340970666705
0.001592031700288184,-2.88660887192498,-0.05184727480015579
0.001593281700288184,-2.882911179426926,-0.05184727480015579
0.001594531700288184,-2.890306564423033,-0.05184727480015579
0.001595781700288185,-2.890306564423033,-0.05353960616701671
0.001597031700288184,-2.89770194941914,-0.05421653871376107
0.001598281700288184,-2.890306564423033,-0.05421653871376107
0.001599531700288184,-2.88660887192498,-0.05523193753387763
0.001600781700288185,-2.890306564423033,-0.05590887008062199
0.001602031700288185,-2.890306564423033,-0.05624733635399418
0.001603281700288184,-2.882911179426926,-0.05624733635399418
0.001604531700288184,-2.890306564423033,-0.05760120144748292
0.001605781700288185,-2.89770194941914,-0.05827813399422729
0.001607031700288185,-2.890306564423033,-0.05861660026759948
0.001608281700288184,-2.879213486928872,-0.0603089316344604
0.001609531700288184,-2.88660887192498,-0.05963199908771603
0.001610781700288185,-2.890306564423033,-0.06200126300132132
0.001612031700288185,-2.89770194941914,-0.06166279672794914
0.001613281700288184,-2.894004256921086,-0.0623397292746935
0.001614531700288184,-2.879213486928872,-0.06301666182143788
0.001615781700288184,-2.88660887192498,-0.06369359436818224
0.001617031700288185,-2.890306564423033,-0.0647089931882988
0.001618281700288184,-2.882911179426926,-0.06403206064155444
0.001619531700288184,-2.890306564423033,-0.06606285828178754
0.001620781700288184,-2.894004256921086,-0.06504745946167098
0.001622031700288185,-2.890306564423033,-0.06775518964864846
0.001623281700288185,-2.890306564423033,-0.06606285828178754
0.001624531700288184,-2.890306564423033,-0.0670782571019041
0.001625781700288184,-2.894004256921086,-0.06877058846876502
0.001627031700288185,-2.89770194941914,-0.06843212219539282
0.001628281700288185,-2.894004256921086,-0.07012445356225375
0.001629531700288184,-2.89770194941914,-0.07012445356225375
0.001630781700288184,-2.890306564423033,-0.07012445356225375
0.001632031700288185,-2.890306564423033,-0.07147831865574249
0.001633281700288185,-2.89770194941914,-0.07215525120248686
0.001634531700288184,-2.890306564423033,-0.07249371747585905
0.001635781700288184,-2.894004256921086,-0.0735091162959756
0.001637031700288184,-2.894004256921086,-0.07249371747585905
0.001638281700288185,-2.901399641917194,-0.07418604884271997
0.001639531700288184,-2.89770194941914,-0.07553991393620871
0.001640781700288184,-2.894004256921086,-0.07418604884271997
0.001642031700288184,-2.894004256921086,-0.07587838020958089
0.001643281700288185,-2.894004256921086,-0.07621684648295307
0.001644531700288185,-2.894004256921086,-0.07553991393620871
0.001645781700288184,-2.894004256921086,-0.07757071157644181
0.001647031700288184,-2.894004256921086,-0.07790917784981399
0.001648281700288185,-2.901399641917194,-0.07689377902969745
0.001649531700288185,-2.894004256921086,-0.07824764412318619
0.001650781700288184,-2.894004256921086,-0.07892457666993055
0.001652031700288184,-2.901399641917194,-0.07926304294330273
0.001653281700288185,-2.901399641917194,-0.08163230685690803
0.001654531700288185,-2.894004256921086,-0.08095537431016366
0.001655781700288184,-2.901399641917194,-0.08163230685690803
0.001657031700288184,-2.89770194941914,-0.07993997549004711
0.001658281700288184,-2.894004256921086,-0.08129384058353585
0.001659531700288185,-2.89770194941914,-0.08129384058353585
0.001660781700288184,-2.905097334415248,-0.0823092394036524
0.001662031700288184,-2.894004256921086,-0.0823092394036524
0.001663281700288184,-2.890306564423033,-0.08332463822376895
0.001664531700288185,-2.905097334415248,-0.08366310449714114
0.001665781700288185,-2.905097334415248,-0.08603236841074643
0.001667031700288184,-2.908795026913301,-0.0843400370438855
0.001668281700288184,-2.901399641917194,-0.08535543586400206
0.001669531700288185,-2.901399641917194,-0.08603236841074643
0.001670781700288185,-2.894004256921086,-0.08535543586400206
0.001672031700288184,-2.894004256921086,-0.08569390213737424
0.001673281700288184,-2.905097334415248,-0.08603236841074643
0.001674531700288185,-2.89770194941914,-0.0867093009574908
0.001675781700288185,-2.901399641917194,-0.0887400985977239
0.001677031700288184,-2.901399641917194,-0.0887400985977239
0.001678281700288184,-2.908795026913301,-0.08704776723086298
0.001679531700288184,-2.901399641917194,-0.08806316605097954
0.001680781700288185,-2.894004256921086,-0.0887400985977239
0.001682031700288184,-2.901399641917194,-0.0887400985977239
0.001683281700288184,-2.908795026913301,-0.08975549741784046
0.001684531700288184,-2.901399641917194,-0.09077089623795702
0.001685781700288185,-2.901399641917194,-0.09077089623795702
0.001687031700288185,-2.905097334415248,-0.09178629505807356
0.001688281700288184,-2.908795026913301,-0.0911093625113292
0.001689531700288184,-2.89770194941914,-0.09178629505807356
0.001690781700288185,-2.901399641917194,-0.09144782878470138
0.001692031700288185,-2.912492719411354,-0.09144782878470138
0.001693281700288184,-2.89770194941914,-0.09280169387819012
0.001694531700288184,-2.89770194941914,-0.09246322760481794
0.001695781700288184,-2.89770194941914,-0.09280169387819012
0.001697031700288185,-2.916190411909408,-0.09347862642493449
0.001698281700288184,-2.908795026913301,-0.09280169387819012
0.001699531700288184,-2.912492719411354,-0.09415555897167886
0.001700781700288184,-2.905097334415248,-0.09381709269830668
0.001702031700288185,-2.901399641917194,-0.09449402524505104
0.001703281700288184,-2.901399641917194,-0.09449402524505104
0.001704531700288184,-2.901399641917194,-0.09449402524505104
0.001705781700288184,-2.908795026913301,-0.09584789033853978
0.001707031700288185,-2.905097334415248,-0.09618635661191197
0.001708281700288185,-2.901399641917194,-0.0955094240651676
0.001709531700288184,-2.901399641917194,-0.09517095779179541
0.001710781700288184,-2.905097334415248,-0.09517095779179541
0.001712031700288185,-2.912492719411354,-0.09618635661191197
0.001713281700288185,-2.919888104407462,-0.09618635661191197
0.001714531700288184,-2.908795026913301,-0.09720175543202852
0.001715781700288184,-2.901399641917194,-0.09652482288528415
0.001717031700288184,-2.908795026913301,-0.09686328915865633
0.001718281700288185,-2.905097334415248,-0.09686328915865633
0.001719531700288184,-2.912492719411354,-0.09787868797877289
0.001720781700288184,-2.912492719411354,-0.09855562052551727
0.001722031700288184,-2.901399641917194,-0.09686328915865633
0.001723281700288185,-2.908795026913301,-0.09787868797877289
0.001724531700288184,-2.912492719411354,-0.09855562052551727
0.001725781700288184,-2.919888104407462,-0.09821715425214507
0.001727031700288184,-2.908795026913301,-0.09923255307226163
0.001728281700288185,-2.912492719411354,-0.09889408679888945
0.001729531700288185,-2.905097334415248,-0.09821715425214507
0.001730781700288184,-2.905097334415248,-0.09821715425214507
0.001732031700288184,-2.908795026913301,-0.09889408679888945
0.001733281700288185,-2.916190411909408,-0.09923255307226163
0.001734531700288185,-2.908795026913301,-0.09957101934563381
0.001735781700288184,-2.905097334415248,-0.09990948561900599
0.001737031700288184,-2.905097334415248,-0.09821715425214507
0.001738281700288184,-2.908795026913301,-0.09923255307226163
0.001739531700288185,-2.905097334415248,-0.09957101934563381
0.001740781700288184,-2.916190411909408,-0.09923255307226163
0.001742031700288184,-2.912492719411354,-0.09855562052551727
0.001743281700288184,-2.927283489403569,-0.1002479518923782
0.001744531700288185,-2.901399641917194,-0.09990948561900599
0.001745781700288184,-2.905097334415248,-0.09957101934563381
0.001747031700288184,-2.912492719411354,-0.09923255307226163
0.001748281700288184,-2.908795026913301,-0.1002479518923782
0.001749531700288185,-2.912492719411354,-0.1009248844391226
0.001750781700288185,-2.912492719411354,-0.09957101934563381
0.001752031700288184,-2.901399641917194,-0.09957101934563381
0.001753281700288184,-2.908795026913301,-0.09957101934563381
0.001754531700288185,-2.905097334415248,-0.1002479518923782
0.001755781700288185,-2.905097334415248,-0.09889408679888945
0.001757031700288184,-2.912492719411354,-0.09957101934563381
0.001758281700288184,-2.916190411909408,-0.09990948561900599
0.001759531700288184,-2.912492719411354,-0.09957101934563381
0.001760781700288185,-2.908795026913301,-0.09990948561900599
0.001762031700288184,-2.901399641917194,-0.09957101934563381
0.001763281700288184,-2.919888104407462,-0.09957101934563381
0.001764531700288184,-2.912492719411354,-0.09990948561900599
0.001765781700288185,-2.905097334415248,-0.09957101934563381
0.001767031700288184,-2.908795026913301,-0.09855562052551727
0.001768281700288184,-2.908795026913301,-0.09990948561900599
0.001769531700288184,-2.916190411909408,-0.09990948561900599
0.001770781700288185,-2.905097334415248,-0.09990948561900599
0.001772031700288185,-2.908795026913301,-0.09957101934563381
0.001773281700288184,-2.905097334415248,-0.09923255307226163
0.001774531700288184,-2.905097334415248,-0.09889408679888945
0.001775781700288185,-2.901399641917194,-0.09957101934563381
0.001777031700288185,-2.912492719411354,-0.09957101934563381
0.001778281700288184,-2.908795026913301,-0.09855562052551727
0.001779531700288184,-2.916190411909408,-0.09855562052551727
0.001780781700288184,-2.908795026913301,-0.09855562052551727
0.001782031700288185,-2.912492719411354,-0.09821715425214507
0.001783281700288184,-2.901399641917194,-0.09889408679888945
0.001784531700288184,-2.905097334415248,-0.09923255307226163
0.001785781700288184,-2.912492719411354,-0.09754022170540071
0.001787031700288185,-2.905097334415248,-0.09855562052551727
0.001788281700288185,-2.908795026913301,-0.09787868797877289
0.001789531700288184,-2.908795026913301,-0.09821715425214507
0.001790781700288184,-2.89770194941914,-0.09787868797877289
0.001792031700288185,-2.908795026913301,-0.09720175543202852
0.001793281700288185,-2.901399641917194,-0.09821715425214507
0.001794531700288184,-2.916190411909408,-0.09821715425214507
0.001795781700288184,-2.916190411909408,-0.09787868797877289
0.001797031700288185,-2.916190411909408,-0.09720175543202852
0.001798281700288185,-2.908795026913301,-0.09584789033853978
0.001799531700288184,-2.901399641917194,-0.09584789033853978
0.001800781700288184,-2.908795026913301,-0.0955094240651676
0.001802031700288184,-2.912492719411354,-0.09652482288528415
0.001803281700288185,-2.908795026913301,-0.09483249151842323
0.001804531700288184,-2.908795026913301,-0.0955094240651676
0.001805781700288184,-2.905097334415248,-0.09584789033853978
0.001807031700288184,-2.89770194941914,-0.09415555897167886
0.001808281700288185,-2.905097334415248,-0.09449402524505104
0.001809531700288185,-2.901399641917194,-0.09449402524505104
0.001810781700288184,-2.901399641917194,-0.09483249151842323
0.001812031700288184,-2.905097334415248,-0.09449402524505104
0.001813281700288185,-2.905097334415248,-0.09415555897167886
0.001814531700288185,-2.912492719411354,-0.09246322760481794
0.001815781700288184,-2.901399641917194,-0.0931401601515623
0.001817031700288184,-2.912492719411354,-0.0931401601515623
0.001818281700288185,-2.901399641917194,-0.09246322760481794
0.001819531700288185,-2.89770194941914,-0.09212476133144575
0.001820781700288184,-2.89770194941914,-0.09077089623795702
0.001822031700288184,-2.908795026913301,-0.09212476133144575
0.001823281700288184,-2.905097334415248,-0.0911093625113292
0.001824531700288185,-2.901399641917194,-0.09009396369121264
0.001825781700288184,-2.905097334415248,-0.09077089623795702
0.001827031700288184,-2.901399641917194,-0.09077089623795702
0.001828281700288184,-2.901399641917194,-0.08975549741784046
0.001829531700288185,-2.908795026913301,-0.08941703114446828
0.001830781700288185,-2.89770194941914,-0.0890785648710961
0.001832031700288184,-2.905097334415248,-0.0887400985977239
0.001833281700288184,-2.905097334415248,-0.08772469977760736
0.001834531700288185,-2.894004256921086,-0.08806316605097954
0.001835781700288185,-2.905097334415248,-0.0887400985977239
0.001837031700288184,-2.894004256921086,-0.08603236841074643
0.001838281700288184,-2.901399641917194,-0.0867093009574908
0.001839531700288185,-2.890306564423033,-0.08501696959062988
0.001840781700288185,-2.905097334415248,-0.08637083468411862
0.001842031700288184,-2.901399641917194,-0.08704776723086298
0.001843281700288184,-2.901399641917194,-0.08569390213737424
0.001844531700288184,-2.901399641917194,-0.0843400370438855
0.001845781700288185,-2.901399641917194,-0.0843400370438855
0.001847031700288184,-2.901399641917194,-0.08366310449714114
0.001848281700288184,-2.901399641917194,-0.08366310449714114
0.001849531700288184,-2.901399641917194,-0.0843400370438855
0.001850781700288185,-2.890306564423033,-0.08264770567702458
0.001852031700288185,-2.901399641917194,-0.0823092394036524
0.001853281700288184,-2.89770194941914,-0.08264770567702458
0.001854531700288184,-2.89770194941914,-0.08095537431016366
0.001855781700288185,-2.89770194941914,-0.08095537431016366
0.001857031700288185,-2.890306564423033,-0.08061690803679147
0.001858281700288184,-2.901399641917194,-0.07993997549004711
0.001859531700288184,-2.88660887192498,-0.07926304294330273
0.001860781700288185,-2.890306564423033,-0.07926304294330273
0.001862031700288185,-2.890306564423033,-0.07993997549004711
0.001863281700288184,-2.89770194941914,-0.07790917784981399
0.001864531700288184,-2.901399641917194,-0.07757071157644181
0.001865781700288184,-2.894004256921086,-0.07723224530306963
0.001867031700288185,-2.901399641917194,-0.07723224530306963
0.001868281700288184,-2.901399641917194,-0.07587838020958089
0.001869531700288184,-2.88660887192498,-0.07553991393620871
0.001870781700288184,-2.894004256921086,-0.07621684648295307
0.001872031700288185,-2.88660887192498,-0.07553991393620871
0.001873281700288185,-2.88660887192498,-0.07384758256934779
0.001874531700288184,-2.890306564423033,-0.07317065002260341
0.001875781700288184,-2.894004256921086,-0.07418604884271997
0.001877031700288185,-2.88660887192498,-0.07384758256934779
0.001878281700288185,-2.894004256921086,-0.07249371747585905
0.001879531700288184,-2.882911179426926,-0.07181678492911468
0.001880781700288184,-2.89770194941914,-0.07113985238237031
0.001882031700288184,-2.890306564423033,-0.06944752101550938
0.001883281700288185,-2.890306564423033,-0.0691090547421372
0.001884531700288184,-2.88660887192498,-0.07012445356225375
0.001885781700288184,-2.894004256921086,-0.06843212219539282
0.001887031700288184,-2.875515794430819,-0.06775518964864846
0.001888281700288185,-2.879213486928872,-0.06741672337527628
0.001889531700288184,-2.890306564423033,-0.06809365592202064
0.001890781700288184,-2.88660887192498,-0.06606285828178754
0.001892031700288184,-2.88660887192498,-0.06572439200841536
0.001893281700288185,-2.882911179426926,-0.0647089931882988
0.001894531700288185,-2.879213486928872,-0.06538592573504316
0.001895781700288184,-2.88660887192498,-0.0647089931882988
0.001897031700288184,-2.882911179426926,-0.06437052691492662
0.001898281700288185,-2.882911179426926,-0.0623397292746935
0.001899531700288185,-2.879213486928872,-0.06166279672794914
0.001900781700288184,-2.88660887192498,-0.06200126300132132
0.001902031700288184,-2.879213486928872,-0.06200126300132132
0.001903281700288184,-2.875515794430819,-0.05997046536108822
0.001904531700288185,-2.879213486928872,-0.05929353281434384
0.001905781700288184,-2.875515794430819,-0.05827813399422729
0.001907031700288184,-2.875515794430819,-0.05827813399422729
0.001908281700288184,-2.871818101932765,-0.05827813399422729
0.001909531700288185,-2.875515794430819,-0.05726273517411073
0.001910781700288184,-2.875515794430819,-0.05827813399422729
0.001912031700288184,-2.879213486928872,-0.05557040380724981
0.001913281700288184,-2.868120409434712,-0.05489347126050545
0.001914531700288185,-2.875515794430819,-0.05489347126050545
0.001915781700288185,-2.875515794430819,-0.05421653871376107
0.001917031700288184,-2.871818101932765,-0.05286267362027233
0.001918281700288184,-2.868120409434712,-0.05286267362027233
0.001919531700288185,-2.875515794430819,-0.05150880852678359
0.001920781700288185,-2.860725024438604,-0.05117034225341141
0.001922031700288184,-2.868120409434712,-0.05015494343329487
0.001923281700288184,-2.857027331940551,-0.05049340970666705
0.001924531700288184,-2.875515794430819,-0.04913954461317831
0.001925781700288185,-2.871818101932765,-0.04880107833980613
0.001927031700288184,-2.868120409434712,-0.04677028069957301
0.001928281700288184,-2.860725024438604,-0.04744721324631739
0.001929531700288184,-2.868120409434712,-0.0447394830593399
0.001930781700288185,-2.868120409434712,-0.04609334815282864
0.001932031700288184,-2.857027331940551,-0.04507794933271209
0.001933281700288184,-2.860725024438604,-0.04440101678596772
0.001934531700288184,-2.860725024438604,-0.04406255051259554
0.001935781700288185,-2.853329639442497,-0.04237021914573462
0.001937031700288185,-2.860725024438604,-0.04203175287236242
0.001938281700288184,-2.864422716936658,-0.0406778877788737
0.001939531700288184,-2.857027331940551,-0.04135482032561806
0.001940781700288185,-2.860725024438604,-0.03898555641201276
0.001942031700288185,-2.857027331940551,-0.03729322504515184
0.001943281700288184,-2.864422716936658,-0.0383086238652684
0.001944531700288184,-2.853329639442497,-0.0383086238652684
0.001945781700288184,-2.853329639442497,-0.03763169131852404
0.001947031700288185,-2.838538869450283,-0.03593935995166311
0.001948281700288184,-2.849631946944444,-0.0362778262250353
0.001949531700288184,-2.849631946944444,-0.03424702858480218
0.001950781700288184,-2.857027331940551,-0.03357009603805781
0.001952031700288185,-2.84593425444639,-0.03289316349131345
0.001953281700288184,-2.838538869450283,-0.03221623094456907
0.001954531700288184,-2.84593425444639,-0.03120083212445252
0.001955781700288184,-2.834841176952229,-0.03120083212445252
0.001957031700288184,-2.842236561948337,-0.02984696703096379
0.001958281700288184,-2.834841176952229,-0.02917003448421942
0.001959531700288184,-2.84593425444639,-0.02917003448421942
0.001960781700288184,-2.842236561948337,-0.02781616939073068
0.001962031700288184,-2.834841176952229,-0.02781616939073068
0.001963281700288184,-2.831143484454176,-0.02612383802386975
0.001964531700288184,-2.827445791956122,-0.02646230429724194
0.001965781700288184,-2.834841176952229,-0.02443150665700883
0.001967031700288184,-2.834841176952229,-0.02375457411026446
0.001968281700288184,-2.820050406960015,-0.02341610783689228
0.001969531700288184,-2.827445791956122,-0.02341610783689228
0.001970781700288184,-2.831143484454176,-0.02206224274340354
0.001972031700288184,-2.827445791956122,-0.02138531019665917
0.001973281700288184,-2.823748099458069,-0.0207083776499148
0.001974531700288184,-2.816352714461961,-0.01969297882979825
0.001975781700288184,-2.820050406960015,-0.01732371491619296
0.001977031700288184,-2.816352714461961,-0.01800064746293733
0.001978281700288184,-2.812655021963908,-0.01732371491619296
0.001979531700288184,-2.808957329465854,-0.01664678236944859
0.001980781700288184,-2.805259636967801,-0.01495445100258766
0.001982031700288184,-2.797864251971693,-0.01360058590909892
0.001983281700288184,-2.797864251971693,-0.01326211963572674
0.001984531700288184,-2.79416655947364,-0.01292365336235455
0.001985781700288184,-2.79416655947364,-0.01360058590909892
0.001987031700288184,-2.790468866975586,-0.01258518708898237
0.001988281700288184,-2.779375789481425,-0.009877456902004894
0.001989531700288184,-2.768282711987265,-0.009877456902004894
0.001990781700288184,-2.764585019489211,-0.008862058081888341
0.001992031700288184,-2.760887326991158,-0.009877456902004894
0.001993281700288184,-2.75349194199505,-0.009538990628632709
0.001994531700288184,-2.75349194199505,-0.008862058081888341
0.001995781700288184,-2.716515017014514,-0.004800462801422125
0.001997031700288184,-2.387420384687746,-0.00513892907479431
0.001998281700288184,-1.278112635271671,-0.004800462801422125
0.001999531700288184,-0.3056195082835778,-0.003785063981305571
0.002000781700288184,0.7999905486344439,-0.003108131434561202
0.002002031700288184,1.365737500836642,-0.002092732614444648
0.002003281700288184,2.334532935326681,-0.001077333794328095
0.002004531700288184,2.46764986525661,-0.001077333794328095
0.002005781700288184,2.500929097739092,-0.001754266341072464
0.002007031700288184,2.541603715217682,0.001291930119277197
0.002008281700288184,2.552696792711842,0.001630396392649382
0.002009531700288184,2.567487562704057,0.003999660306254674
0.002010781700288184,2.57118525520211,0.004676592852999043
0.002012031700288184,2.578580640198218,0.004676592852999043
0.002013281700288184,2.582278332696271,0.005353525399743412
0.002014531700288184,2.585976025194325,0.006707390493232151
0.002015781700288184,2.585976025194325,0.006030457946487782
0.002017031700288184,2.597069102688486,0.006707390493232151
0.002018281700288184,2.589673717692378,0.008399721860093074
0.002019531700288184,2.589673717692378,0.009415120680209627
0.002020781700288184,2.597069102688486,0.009753586953581812
0.002022031700288184,2.608162180182646,0.010092053226954
0.002023281700288184,2.593371410190432,0.01110745204707055
0.002024531700288184,2.604464487684593,0.0121228508671871
0.002025781700288184,2.597069102688486,0.01313824968730366
0.002027031700288184,2.600766795186539,0.01347671596067584
0.002028281700288184,2.600766795186539,0.01415364850742021
0.002029531700288184,2.608162180182646,0.01483058105416458
0.002030781700288184,2.604464487684593,0.01483058105416458
0.002032031700288184,2.604464487684593,0.01753831124114206
0.002033281700288184,2.597069102688486,0.01821524378788643
0.002034531700288184,2.600766795186539,0.01719984496776987
0.002035781700288184,2.597069102688486,0.01787677751451424
0.002037031700288184,2.604464487684593,0.0209229739748639
0.002038281700288184,2.600766795186539,0.0209229739748639
0.002039531700288184,2.604464487684593,0.02058450770149172
0.002040781700288184,2.600766795186539,0.02159990652160827
0.002042031700288184,2.597069102688486,0.02363070416184138
0.002043281700288184,2.597069102688486,0.02464610298195793
0.002044531700288184,2.597069102688486,0.02599996807544667
0.002045781700288184,2.600766795186539,0.02599996807544667
0.002047031700288184,2.585976025194325,0.02498456925533012
0.002048281700288184,2.593371410190432,0.02599996807544667
0.002049531700288184,2.593371410190432,0.02769229944230759
0.002050781700288184,2.604464487684593,0.02769229944230759
0.002052031700288184,2.593371410190432,0.02904616453579633
0.002053281700288184,2.593371410190432,0.03006156335591289
0.002054531700288184,2.589673717692378,0.03006156335591289
0.002055781700288184,2.585976025194325,0.03073849590265726
0.002057031700288184,2.593371410190432,0.03141542844940162
0.002058281700288184,2.585976025194325,0.03378469236300692
0.002059531700288184,2.597069102688486,0.03446162490975128
0.002060781700288184,2.589673717692378,0.03344622608963474
0.002062031700288184,2.585976025194325,0.03513855745649566
0.002063281700288184,2.589673717692378,0.03547702372986784
0.002064531700288184,2.589673717692378,0.03649242254998439
0.002065781700288184,2.600766795186539,0.03784628764347313
0.002067031700288184,2.585976025194325,0.03750782137010095
0.002068281700288184,2.593371410190432,0.03920015273696187
0.002069531700288184,2.578580640198218,0.03920015273696187
0.002070781700288184,2.582278332696271,0.03953861901033405
0.002072031700288184,2.582278332696271,0.03953861901033405
0.002073281700288184,2.585976025194325,0.04089248410382279
0.002074531700288184,2.585976025194325,0.04190788292393935
0.002075781700288184,2.578580640198218,0.04326174801742809
0.002077031700288184,2.574882947700164,0.04292328174405591
0.002078281700288184,2.574882947700164,0.04427714683754463
0.002079531700288184,2.578580640198218,0.04495407938428901
0.002080781700288184,2.585976025194325,0.04630794447777775
0.002082031700288184,2.585976025194325,0.04664641075114993
0.002083281700288184,2.57118525520211,0.0473233432978943
0.002084531700288184,2.574882947700164,0.04867720839138304
0.002085781700288184,2.57118525520211,0.04901567466475522
0.002087031700288184,2.574882947700164,0.04867720839138304
0.002088281700288184,2.578580640198218,0.04901567466475522
0.002089531700288184,2.563789870206003,0.05070800603161614
0.002090781700288184,2.578580640198218,0.05070800603161614
0.002092031700288184,2.585976025194325,0.05138493857836052
0.002093281700288184,2.567487562704057,0.05206187112510488
0.002094531700288184,2.582278332696271,0.05307726994522144
0.002095781700288184,2.567487562704057,0.054092668765338
0.002097031700288184,2.582278332696271,0.05544653385882672
0.002098281700288184,2.582278332696271,0.05510806758545454
0.002099531700288184,2.578580640198218,0.05578500013219892
0.002100781700288184,2.567487562704057,0.0561234664055711
0.002102031700288184,2.574882947700164,0.05713886522568766
0.002103281700288184,2.578580640198218,0.0581542640458042
0.002104531700288184,2.574882947700164,0.05747733149905984
0.002105781700288184,2.578580640198218,0.05849273031917639
0.002107031700288184,2.567487562704057,0.06086199423278169
0.002108281700288184,2.578580640198218,0.05984659541266513
0.002109531700288184,2.57118525520211,0.06018506168603731
0.002110781700288184,2.574882947700164,0.06153892677952605
0.002112031700288184,2.57118525520211,0.06153892677952605
0.002113281700288184,2.57118525520211,0.06323125814638697
0.002114531700288184,2.57118525520211,0.06289279187301479
0.002115781700288184,2.57118525520211,0.06526205578662007
0.002117031700288184,2.574882947700164,0.06356972441975915
0.002118281700288184,2.57118525520211,0.06560052205999227
0.002119531700288184,2.563789870206003,0.06661592088010881
0.002120781700288184,2.567487562704057,0.06661592088010881
0.002122031700288184,2.567487562704057,0.06830825224696974
0.002123281700288184,2.578580640198218,0.06796978597359755
0.002124531700288184,2.567487562704057,0.06864671852034193
0.002125781700288184,2.567487562704057,0.06966211734045848
0.002127031700288184,2.57118525520211,0.06932365106708629
0.002128281700288184,2.567487562704057,0.07033904988720285
0.002129531700288184,2.563789870206003,0.0713544487073194
0.002130781700288184,2.578580640198218,0.07101598243394722
0.002132031700288184,2.567487562704057,0.07236984752743596
0.002133281700288184,2.574882947700164,0.07236984752743596
0.002134531700288184,2.57118525520211,0.07270831380080814
0.002135781700288184,2.567487562704057,0.07406217889429688
0.002137031700288184,2.574882947700164,0.07338524634755252
0.002138281700288184,2.574882947700164,0.07440064516766906
0.002139531700288184,2.574882947700164,0.07440064516766906
0.002140781700288184,2.57118525520211,0.0757545102611578
0.002142031700288184,2.57118525520211,0.07643144280790218
0.002143281700288184,2.563789870206003,0.07710837535464654
0.002144531700288184,2.578580640198218,0.07643144280790218
0.002145781700288184,2.57118525520211,0.0781237741747631
0.002147031700288184,2.57118525520211,0.07880070672150746
0.002148281700288184,2.563789870206003,0.07880070672150746
0.002149531700288184,2.578580640198218,0.07913917299487964
0.002150781700288184,2.567487562704057,0.07947763926825183
0.002152031700288184,2.563789870206003,0.07981610554162402
0.002153281700288184,2.567487562704057,0.08116997063511276
0.002154531700288184,2.57118525520211,0.07981610554162402
0.002155781700288184,2.57118525520211,0.08116997063511276
0.002157031700288184,2.574882947700164,0.08218536945522931
0.002158281700288184,2.567487562704057,0.08218536945522931
0.002159531700288184,2.57118525520211,0.08286230200197368
0.002160781700288184,2.57118525520211,0.08320076827534587
0.002162031700288184,2.57118525520211,0.08421616709546241
0.002163281700288184,2.574882947700164,0.08489309964220679
0.002164531700288184,2.567487562704057,0.08421616709546241
0.002165781700288184,2.578580640198218,0.08421616709546241
0.002167031700288184,2.57118525520211,0.08523156591557897
0.002168281700288184,2.567487562704057,0.08590849846232335
0.002169531700288184,2.57118525520211,0.08658543100906771
0.002170781700288184,2.57118525520211,0.08726236355581207
0.002172031700288184,2.57118525520211,0.08624696473569553
0.002173281700288184,2.578580640198218,0.08793929610255645
0.002174531700288184,2.57118525520211,0.08793929610255645
0.002175781700288184,2.567487562704057,0.08793929610255645
0.002177031700288184,2.578580640198218,0.08861622864930081
0.002178281700288184,2.57118525520211,0.08929316119604519
0.002179531700288184,2.574882947700164,0.08963162746941737
0.002180781700288184,2.574882947700164,0.08997009374278955
0.002182031700288184,2.57118525520211,0.08997009374278955
0.002183281700288184,2.574882947700164,0.09030856001616173
0.002184531700288184,2.57118525520211,0.09200089138302266
0.002185781700288184,2.57118525520211,0.09098549256290611
0.002187031700288184,2.567487562704057,0.09200089138302266
0.002188281700288184,2.574882947700164,0.09166242510965047
0.002189531700288184,2.574882947700164,0.09233935765639485
0.002190781700288184,2.567487562704057,0.09200089138302266
0.002192031700288184,2.57118525520211,0.09267782392976703
0.002193281700288184,2.57118525520211,0.09504708784337232
0.002194531700288184,2.574882947700164,0.0933547564765114
0.002195781700288184,2.567487562704057,0.0933547564765114
0.002197031700288184,2.57118525520211,0.09233935765639485
0.002198281700288184,2.563789870206003,0.09470862157000014
0.002199531700288184,2.563789870206003,0.09470862157000014
0.002200781700288184,2.567487562704057,0.0957240203901167
0.002202031700288184,2.567487562704057,0.09538555411674451
0.002203281700288184,2.574882947700164,0.09470862157000014
0.002204531700288184,2.567487562704057,0.0957240203901167
0.002205781700288184,2.57118525520211,0.09640095293686106
0.002207031700288184,2.574882947700164,0.0977548180303498
0.002208281700288184,2.578580640198218,0.09640095293686106
0.002209531700288184,2.574882947700164,0.09606248666348888
0.002210781700288184,2.567487562704057,0.09606248666348888
0.002212031700288184,2.57118525520211,0.09741635175697762
0.002213281700288184,2.567487562704057,0.09741635175697762
0.002214531700288184,2.56009217770795,0.0977548180303498
0.002215781700288184,2.57118525520211,0.09606248666348888
0.002217031700288184,2.574882947700164,0.09741635175697762
0.002218281700288184,2.574882947700164,0.09809328430372198
0.002219531700288184,2.567487562704057,0.0977548180303498
0.002220781700288184,2.574882947700164,0.09910868312383854
0.002222031700288184,2.578580640198218,0.09910868312383854
0.002223281700288184,2.567487562704057,0.09877021685046636
0.002224531700288184,2.56009217770795,0.0997856156705829
0.002225781700288184,2.567487562704057,0.09910868312383854
0.002227031700288184,2.56009217770795,0.09877021685046636
0.002228281700288184,2.578580640198218,0.1001240819439551
0.002229531700288184,2.57118525520211,0.1001240819439551
0.002230781700288184,2.567487562704057,0.1004625482173273
0.002232031700288184,2.574882947700164,0.09910868312383854
0.002233281700288184,2.563789870206003,0.09877021685046636
0.002234531700288184,2.574882947700164,0.09944714939721072
0.002235781700288184,2.578580640198218,0.0997856156705829
0.002237031700288184,2.574882947700164,0.1004625482173273
0.002238281700288184,2.567487562704057,0.1011394807640716
0.002239531700288184,2.56009217770795,0.0997856156705829
0.002240781700288184,2.57118525520211,0.1001240819439551
0.002242031700288184,2.57118525520211,0.1008010144906995
0.002243281700288184,2.56009217770795,0.09944714939721072
0.002244531700288184,2.574882947700164,0.1004625482173273
0.002245781700288184,2.574882947700164,0.1011394807640716
0.002247031700288184,2.567487562704057,0.1014779470374438
0.002248281700288184,2.57118525520211,0.1001240819439551
0.002249531700288184,2.567487562704057,0.1014779470374438
0.002250781700288184,2.567487562704057,0.1008010144906995
0.002252031700288184,2.57118525520211,0.1004625482173273
0.002253281700288184,2.563789870206003,0.1008010144906995
0.002254531700288184,2.57118525520211,0.1001240819439551
0.002255781700288184,2.574882947700164,0.1011394807640716
0.002257031700288184,2.567487562704057,0.09944714939721072
0.002258281700288184,2.563789870206003,0.1004625482173273
0.002259531700288184,2.57118525520211,0.1014779470374438
0.002260781700288184,2.578580640198218,0.1011394807640716
0.002262031700288184,2.57118525520211,0.1008010144906995
0.002263281700288184,2.574882947700164,0.1008010144906995
0.002264531700288184,2.57118525520211,0.1008010144906995
0.002265781700288184,2.567487562704057,0.1011394807640716
0.002267031700288184,2.567487562704057,0.1011394807640716
0.002268281700288184,2.57118525520211,0.1021548795841882
0.002269531700288184,2.567487562704057,0.09910868312383854
0.002270781700288184,2.563789870206003,0.0997856156705829
0.002272031700288184,2.57118525520211,0.1001240819439551
0.002273281700288184,2.574882947700164,0.09910868312383854
0.002274531700288184,2.567487562704057,0.1001240819439551
0.002275781700288184,2.563789870206003,0.1008010144906995
0.002277031700288184,2.567487562704057,0.1008010144906995
0.002278281700288184,2.57118525520211,0.1011394807640716
0.002279531700288184,2.574882947700164,0.1001240819439551
0.002280781700288184,2.567487562704057,0.09944714939721072
0.002282031700288184,2.57118525520211,0.1001240819439551
0.002283281700288184,2.563789870206003,0.09944714939721072
0.002284531700288184,2.563789870206003,0.09944714939721072
0.002285781700288184,2.57118525520211,0.0977548180303498
0.002287031700288184,2.578580640198218,0.09910868312383854
0.002288281700288184,2.563789870206003,0.09843175057709418
0.002289531700288184,2.57118525520211,0.09910868312383854
0.002290781700288184,2.567487562704057,0.09910868312383854
0.002292031700288184,2.574882947700164,0.0977548180303498
0.002293281700288184,2.578580640198218,0.0977548180303498
0.002294531700288184,2.578580640198218,0.0977548180303498
0.002295781700288184,2.574882947700164,0.09877021685046636
0.002297031700288184,2.574882947700164,0.09707788548360544
0.002298281700288184,2.563789870206003,0.09741635175697762
0.002299531700288184,2.57118525520211,0.09809328430372198
0.002300781700288184,2.574882947700164,0.09673941921023324
0.002302031700288184,2.567487562704057,0.0977548180303498
0.002303281700288184,2.57118525520211,0.09640095293686106
0.002304531700288184,2.574882947700164,0.09606248666348888
0.002305781700288184,2.574882947700164,0.0957240203901167
0.002307031700288184,2.57118525520211,0.09504708784337232
0.002308281700288184,2.563789870206003,0.09606248666348888
0.002309531700288184,2.567487562704057,0.09640095293686106
0.002310781700288184,2.57118525520211,0.09470862157000014
0.002312031700288184,2.563789870206003,0.09470862157000014
0.002313281700288184,2.574882947700164,0.09538555411674451
0.002314531700288184,2.574882947700164,0.09437015529662796
0.002315781700288184,2.574882947700164,0.09437015529662796
0.002317031700288184,2.57118525520211,0.09403168902325577
0.002318281700288184,2.57118525520211,0.0933547564765114
0.002319531700288184,2.57118525520211,0.09267782392976703
0.002320781700288184,2.574882947700164,0.0933547564765114
0.002322031700288184,2.567487562704057,0.09200089138302266
0.002323281700288184,2.574882947700164,0.0933547564765114
0.002324531700288184,2.57118525520211,0.09166242510965047
0.002325781700288184,2.57118525520211,0.09267782392976703
0.002327031700288184,2.57118525520211,0.09064702628953393
0.002328281700288184,2.563789870206003,0.09030856001616173
0.002329531700288184,2.567487562704057,0.09030856001616173
0.002330781700288184,2.57118525520211,0.09132395883627829
0.002332031700288184,2.578580640198218,0.09064702628953393
0.002333281700288184,2.574882947700164,0.08929316119604519
0.002334531700288184,2.563789870206003,0.08895469492267301
0.002335781700288184,2.578580640198218,0.08929316119604519
0.002337031700288184,2.563789870206003,0.08827776237592863
0.002338281700288184,2.574882947700164,0.08861622864930081
0.002339531700288184,2.567487562704057,0.08658543100906771
0.002340781700288184,2.574882947700164,0.08692389728243989
0.002342031700288184,2.567487562704057,0.08658543100906771
0.002343281700288184,2.57118525520211,0.08692389728243989
0.002344531700288184,2.563789870206003,0.08692389728243989
0.002345781700288184,2.574882947700164,0.08590849846232335
0.002347031700288184,2.574882947700164,0.08387770082209023
0.002348281700288184,2.563789870206003,0.08455463336883461
0.002349531700288184,2.57118525520211,0.08489309964220679
0.002350781700288184,2.57118525520211,0.08353923454871805
0.002352031700288184,2.563789870206003,0.08320076827534587
0.002353281700288184,2.57118525520211,0.08184690318185713
0.002354531700288184,2.578580640198218,0.08320076827534587
0.002355781700288184,2.574882947700164,0.08218536945522931
0.002357031700288184,2.57118525520211,0.08184690318185713
0.002358281700288184,2.563789870206003,0.0801545718149962
0.002359531700288184,2.563789870206003,0.0801545718149962
0.002360781700288184,2.57118525520211,0.07880070672150746
0.002362031700288184,2.57118525520211,0.08049303808836838
0.002363281700288184,2.574882947700164,0.07880070672150746
0.002364531700288184,2.567487562704057,0.07947763926825183
0.002365781700288184,2.563789870206003,0.0777853079013909
0.002367031700288184,2.567487562704057,0.07710837535464654
0.002368281700288184,2.57118525520211,0.0777853079013909
0.002369531700288184,2.574882947700164,0.07609297653452998
0.002370781700288184,2.57118525520211,0.07609297653452998
0.002372031700288184,2.567487562704057,0.07541604398778562
0.002373281700288184,2.57118525520211,0.07440064516766906
0.002374531700288184,2.567487562704057,0.07440064516766906
0.002375781700288184,2.574882947700164,0.07440064516766906
0.002377031700288184,2.567487562704057,0.0737237126209247
0.002378281700288184,2.57118525520211,0.07236984752743596
0.002379531700288184,2.57118525520211,0.07203138125406378
0.002380781700288184,2.57118525520211,0.07203138125406378
0.002382031700288184,2.567487562704057,0.07101598243394722
0.002383281700288184,2.556394485209896,0.07203138125406378
0.002384531700288184,2.57118525520211,0.07033904988720285
0.002385781700288184,2.567487562704057,0.06966211734045848
0.002387031700288184,2.567487562704057,0.07000058361383066
0.002388281700288184,2.563789870206003,0.06763131970022537
0.002389531700288184,2.57118525520211,0.06864671852034193
0.002390781700288184,2.574882947700164,0.06763131970022537
0.002392031700288184,2.567487562704057,0.06661592088010881
0.002393281700288184,2.57118525520211,0.06796978597359755
0.002394531700288184,2.567487562704057,0.06424665696650353
0.002395781700288184,2.57118525520211,0.06289279187301479
0.002397031700288184,2.563789870206003,0.06221585932627043
0.002398281700288184,2.567487562704057,0.06492358951324789
0.002399531700288184,2.57118525520211,0.06323125814638697
0.002400781700288184,2.563789870206003,0.06187739305289824
0.002402031700288184,2.563789870206003,0.06153892677952605
0.002403281700288184,2.57118525520211,0.06120046050615387
0.002404531700288184,2.57118525520211,0.05984659541266513
0.002405781700288184,2.563789870206003,0.05916966286592076
0.002407031700288184,2.57118525520211,0.05950812913929295
0.002408281700288184,2.567487562704057,0.0581542640458042
0.002409531700288184,2.57118525520211,0.05849273031917639
0.002410781700288184,2.57118525520211,0.05680039895231546
0.002412031700288184,2.56009217770795,0.05680039895231546
0.002413281700288184,2.563789870206003,0.05646193267894328
0.002414531700288184,2.56009217770795,0.05443113503871018
0.002415781700288184,2.57118525520211,0.054092668765338
0.002417031700288184,2.57118525520211,0.05341573621859362
0.002418281700288184,2.567487562704057,0.0537542024919658
0.002419531700288184,2.563789870206003,0.05273880367184926
0.002420781700288184,2.563789870206003,0.05206187112510488
0.002422031700288184,2.56009217770795,0.05070800603161614
0.002423281700288184,2.563789870206003,0.0496926072114996
0.002424531700288184,2.567487562704057,0.0496926072114996
0.002425781700288184,2.556394485209896,0.0496926072114996
0.002427031700288184,2.567487562704057,0.0496926072114996
0.002428281700288184,2.563789870206003,0.04800027584463867
0.002429531700288184,2.567487562704057,0.0473233432978943
0.002430781700288184,2.56009217770795,0.04630794447777775
0.002432031700288184,2.556394485209896,0.04596947820440556
0.002433281700288184,2.567487562704057,0.04563101193103337
0.002434531700288184,2.57118525520211,0.04393868056417245
0.002435781700288184,2.567487562704057,0.04360021429080027
0.002437031700288184,2.567487562704057,0.04258481547068371
0.002438281700288184,2.552696792711842,0.04258481547068371
0.002439531700288184,2.563789870206003,0.04156941665056717
0.002440781700288184,2.567487562704057,0.04089248410382279
0.002442031700288184,2.56009217770795,0.04055401783045061
0.002443281700288184,2.563789870206003,0.03852322019021751
0.002444531700288184,2.563789870206003,0.03818475391684532
0.002445781700288184,2.567487562704057,0.03683088882335658
0.002447031700288184,2.563789870206003,0.03750782137010095
0.002448281700288184,2.56009217770795,0.03750782137010095
0.002449531700288184,2.563789870206003,0.03581549000324002
0.002450781700288184,2.56009217770795,0.03513855745649566
0.002452031700288184,2.563789870206003,0.03513855745649566
0.002453281700288184,2.552696792711842,0.03243082726951818
0.002454531700288184,2.563789870206003,0.032092360996146
0.002455781700288184,2.56009217770795,0.03276929354289036
0.002457031700288184,2.556394485209896,0.03107696217602944
0.002458281700288184,2.567487562704057,0.03006156335591289
0.002459531700288184,2.56009217770795,0.02938463080916852
0.002460781700288184,2.56009217770795,0.02904616453579633
0.002462031700288184,2.56009217770795,0.02938463080916852
0.002463281700288184,2.548999100213789,0.02701536689556323
0.002464531700288184,2.556394485209896,0.02633843434881886
0.002465781700288184,2.556394485209896,0.0253230355287023
0.002467031700288184,2.552696792711842,0.02599996807544667
0.002468281700288184,2.552696792711842,0.02430763670858575
0.002469531700288184,2.548999100213789,0.02396917043521356
0.002470781700288184,2.552696792711842,0.02295377161509701
0.002472031700288184,2.556394485209896,0.0209229739748639
0.002473281700288184,2.548999100213789,0.02024604142811954
0.002474531700288184,2.56009217770795,0.02193837279498046
0.002475781700288184,2.548999100213789,0.01956910888137517
0.002477031700288184,2.552696792711842,0.01990757515474735
0.002478281700288184,2.552696792711842,0.01753831124114206
0.002479531700288184,2.56009217770795,0.0165229124210255
0.002480781700288184,2.552696792711842,0.01719984496776987
0.002482031700288184,2.537906022719628,0.01516904732753676
0.002483281700288184,2.530510637723521,0.01516904732753676
0.002484531700288184,2.545301407715735,0.01381518223404803
0.002485781700288184,2.537906022719628,0.01279978341393147
0.002487031700288184,2.534208330221575,0.01246131714055929
0.002488281700288184,2.534208330221575,0.01144591832044273
0.002489531700288184,2.537906022719628,0.01144591832044273
0.002490781700288184,2.530510637723521,0.01110745204707055
0.002492031700288184,2.541603715217682,0.010092053226954
0.002493281700288184,2.530510637723521,0.008399721860093074
0.002494531700288184,2.530510637723521,0.008061255586720889
0.002495781700288184,2.534208330221575,0.009076654406837442
0.002497031700288184,2.530510637723521,0.005353525399743412
0.002498281700288184,2.51941756022936,0.006368924219859966
0.002499531700288184,2.51941756022936,0.006030457946487782
0.002500781700288184,2.51941756022936,0.005015059126371228
0.002502031700288184,2.515719867731307,0.003322727759510305
0.002503281700288184,2.508324482735199,0.003322727759510305
0.002504531700288184,2.515719867731307,0.001968862666021566
0.002505781700288184,2.497231405241039,0.0009534638459050128
0.002507031700288184,2.500929097739092,0.0002765312991606437
0.002508281700288184,2.463952172758556,-0.001415800067700279
0.002509531700288184,2.441766017770235,-0.001415800067700279
0.002510781700288184,2.227299852883127,-0.002431198887816833
0.002512031700288184,1.720715980649786,-0.004123530254677756
0.002513281700288184,1.095805948478731,-0.003446597707933387
0.002514531700288184,0.8628513211013548,-0.003785063981305571
0.002515781700288184,-0.5348764431629,-0.004800462801422125
0.002517031700288184,-1.847557279971922,-0.007846659261771787
0.002518281700288184,-2.757189634493104,-0.007846659261771787
0.002519531700288184,-2.786771174477533,-0.008523591808516156
0.002520781700288184,-2.801561944469747,-0.008523591808516156
0.002522031700288184,-2.816352714461961,-0.01021592317537708
0.002523281700288184,-2.816352714461961,-0.01055438944874926
0.002524531700288184,-2.823748099458069,-0.009877456902004894
0.002525781700288184,-2.842236561948337,-0.01258518708898237
0.002527031700288184,-2.849631946944444,-0.01224672081561019
0.002528281700288184,-2.853329639442497,-0.01258518708898237
0.002529531700288184,-2.860725024438604,-0.01596984982270422
0.002530781700288184,-2.868120409434712,-0.01427751845584329
0.002532031700288184,-2.864422716936658,-0.01596984982270422
0.002533281700288184,-2.875515794430819,-0.01698524864282077
0.002534531700288184,-2.875515794430819,-0.01766218118956514
0.002535781700288184,-2.882911179426926,-0.01901604628305388
0.002537031700288184,-2.879213486928872,-0.01901604628305388
0.002538281700288184,-2.875515794430819,-0.01901604628305388
0.002539531700288184,-2.882911179426926,-0.01969297882979825
0.002540781700288184,-2.882911179426926,-0.02240070901677572
0.002542031700288184,-2.88660887192498,-0.02240070901677572
0.002543281700288184,-2.894004256921086,-0.02341610783689228
0.002544531700288184,-2.882911179426926,-0.02273917529014791
0.002545781700288184,-2.890306564423033,-0.02476997293038102
0.002547031700288184,-2.890306564423033,-0.02544690547712538
0.002548281700288184,-2.890306564423033,-0.02612383802386975
0.002549531700288184,-2.882911179426926,-0.02612383802386975
0.002550781700288184,-2.894004256921086,-0.02747770311735849
0.002552031700288184,-2.890306564423033,-0.02646230429724194
0.002553281700288184,-2.882911179426926,-0.02747770311735849
0.002554531700288184,-2.894004256921086,-0.03052389957770815
0.002555781700288184,-2.88660887192498,-0.03187776467119689
0.002557031700288184,-2.890306564423033,-0.03187776467119689
0.002558281700288184,-2.890306564423033,-0.03187776467119689
0.002559531700288184,-2.890306564423033,-0.03255469721794126
0.002560781700288184,-2.88660887192498,-0.03221623094456907
0.002562031700288184,-2.890306564423033,-0.03424702858480218
0.002563281700288184,-2.88660887192498,-0.03492396113154655
0.002564531700288184,-2.890306564423033,-0.0362778262250353
0.002565781700288184,-2.894004256921086,-0.03593935995166311
0.002567031700288184,-2.882911179426926,-0.03661629249840748
0.002568281700288184,-2.890306564423033,-0.03763169131852404
0.002569531700288184,-2.882911179426926,-0.03695475877177966
0.002570781700288184,-2.88660887192498,-0.03898555641201276
0.002572031700288184,-2.89770194941914,-0.03966248895875714
0.002573281700288184,-2.890306564423033,-0.0406778877788737
0.002574531700288184,-2.879213486928872,-0.04101635405224588
0.002575781700288184,-2.890306564423033,-0.04101635405224588
0.002577031700288184,-2.882911179426926,-0.04203175287236242
0.002578281700288184,-2.882911179426926,-0.04338561796585116
0.002579531700288184,-2.882911179426926,-0.04406255051259554
0.002580781700288184,-2.894004256921086,-0.04440101678596772
0.002582031700288184,-2.88660887192498,-0.04575488187945646
0.002583281700288184,-2.882911179426926,-0.04575488187945646
0.002584531700288184,-2.890306564423033,-0.04744721324631739
0.002585781700288184,-2.890306564423033,-0.04846261206643393
0.002587031700288184,-2.890306564423033,-0.04846261206643393
0.002588281700288184,-2.88660887192498,-0.04947801088655049
0.002589531700288184,-2.879213486928872,-0.04981647715992267
0.002590781700288184,-2.879213486928872,-0.05015494343329487
0.002592031700288184,-2.88660887192498,-0.05218574107352797
0.002593281700288184,-2.88660887192498,-0.05015494343329487
0.002594531700288184,-2.88660887192498,-0.05252420734690015
0.002595781700288184,-2.882911179426926,-0.05523193753387763
0.002597031700288184,-2.894004256921086,-0.05489347126050545
0.002598281700288184,-2.88660887192498,-0.05455500498713325
0.002599531700288184,-2.894004256921086,-0.05523193753387763
0.002600781700288184,-2.894004256921086,-0.05523193753387763
0.002602031700288184,-2.890306564423033,-0.05624733635399418
0.002603281700288184,-2.882911179426926,-0.05692426890073855
0.002604531700288184,-2.882911179426926,-0.05760120144748292
0.002605781700288184,-2.882911179426926,-0.05929353281434384
0.002607031700288184,-2.894004256921086,-0.05963199908771603
0.002608281700288184,-2.890306564423033,-0.05929353281434384
0.002609531700288184,-2.88660887192498,-0.05997046536108822
0.002610781700288184,-2.890306564423033,-0.06064739790783258
0.002612031700288184,-2.88660887192498,-0.0603089316344604
0.002613281700288184,-2.894004256921086,-0.06200126300132132
0.002614531700288184,-2.894004256921086,-0.06301666182143788
0.002615781700288184,-2.890306564423033,-0.06301666182143788
0.002617031700288184,-2.88660887192498,-0.06437052691492662
0.002618281700288184,-2.890306564423033,-0.0647089931882988
0.002619531700288184,-2.890306564423033,-0.06504745946167098
0.002620781700288184,-2.890306564423033,-0.0647089931882988
0.002622031700288184,-2.901399641917194,-0.06572439200841536
0.002623281700288184,-2.901399641917194,-0.0667397908285319
0.002624531700288184,-2.890306564423033,-0.06843212219539282
0.002625781700288184,-2.894004256921086,-0.06775518964864846
0.002627031700288184,-2.88660887192498,-0.06809365592202064
0.002628281700288184,-2.894004256921086,-0.0691090547421372
0.002629531700288184,-2.894004256921086,-0.07080138610899812
0.002630781700288184,-2.890306564423033,-0.07046291983562594
0.002632031700288184,-2.901399641917194,-0.07147831865574249
0.002633281700288184,-2.901399641917194,-0.07147831865574249
0.002634531700288184,-2.89770194941914,-0.07147831865574249
0.002635781700288184,-2.88660887192498,-0.0735091162959756
0.002637031700288184,-2.894004256921086,-0.07418604884271997
0.002638281700288184,-2.894004256921086,-0.07384758256934779
0.002639531700288184,-2.894004256921086,-0.07452451511609215
0.002640781700288184,-2.894004256921086,-0.07384758256934779
0.002642031700288184,-2.88660887192498,-0.07486298138946433
0.002643281700288184,-2.905097334415248,-0.07655531275632527
0.002644531700288184,-2.901399641917194,-0.07723224530306963
0.002645781700288184,-2.89770194941914,-0.07723224530306963
0.002647031700288184,-2.890306564423033,-0.07689377902969745
0.002648281700288184,-2.894004256921086,-0.07689377902969745
0.002649531700288184,-2.890306564423033,-0.07892457666993055
0.002650781700288184,-2.89770194941914,-0.07858611039655837
0.002652031700288184,-2.901399641917194,-0.07926304294330273
0.002653281700288184,-2.89770194941914,-0.08061690803679147
0.002654531700288184,-2.905097334415248,-0.08027844176341929
0.002655781700288184,-2.901399641917194,-0.08027844176341929
0.002657031700288184,-2.894004256921086,-0.08061690803679147
0.002658281700288184,-2.905097334415248,-0.08129384058353585
0.002659531700288184,-2.89770194941914,-0.08332463822376895
0.002660781700288184,-2.89770194941914,-0.08264770567702458
0.002662031700288184,-2.89770194941914,-0.08332463822376895
0.002663281700288184,-2.89770194941914,-0.08264770567702458
0.002664531700288184,-2.901399641917194,-0.0823092394036524
0.002665781700288184,-2.905097334415248,-0.08366310449714114
0.002667031700288184,-2.901399641917194,-0.08569390213737424
0.002668281700288184,-2.905097334415248,-0.08501696959062988
0.002669531700288184,-2.89770194941914,-0.08637083468411862
0.002670781700288184,-2.901399641917194,-0.08569390213737424
0.002672031700288184,-2.901399641917194,-0.0867093009574908
0.002673281700288184,-2.901399641917194,-0.08772469977760736
0.002674531700288184,-2.89770194941914,-0.08840163232435172
0.002675781700288184,-2.901399641917194,-0.08704776723086298
0.002677031700288184,-2.89770194941914,-0.08738623350423516
0.002678281700288184,-2.89770194941914,-0.08806316605097954
0.002679531700288184,-2.908795026913301,-0.08975549741784046
0.002680781700288184,-2.905097334415248,-0.08840163232435172
0.002682031700288184,-2.905097334415248,-0.09043242996458482
0.002683281700288184,-2.908795026913301,-0.09077089623795702
0.002684531700288184,-2.901399641917194,-0.0887400985977239
0.002685781700288184,-2.89770194941914,-0.09043242996458482
0.002687031700288184,-2.901399641917194,-0.09077089623795702
0.002688281700288184,-2.901399641917194,-0.09144782878470138
0.002689531700288184,-2.89770194941914,-0.09178629505807356
0.002690781700288184,-2.905097334415248,-0.09144782878470138
0.002692031700288184,-2.905097334415248,-0.09178629505807356
0.002693281700288184,-2.916190411909408,-0.09246322760481794
0.002694531700288184,-2.901399641917194,-0.09144782878470138
0.002695781700288184,-2.901399641917194,-0.09381709269830668
0.002697031700288184,-2.919888104407462,-0.0931401601515623
0.002698281700288184,-2.908795026913301,-0.09415555897167886
0.002699531700288184,-2.912492719411354,-0.0955094240651676
0.002700781700288184,-2.901399641917194,-0.09415555897167886
0.002702031700288184,-2.901399641917194,-0.09517095779179541
0.002703281700288184,-2.894004256921086,-0.09347862642493449
0.002704531700288184,-2.908795026913301,-0.09483249151842323
0.002705781700288184,-2.908795026913301,-0.0955094240651676
0.002707031700288184,-2.905097334415248,-0.0955094240651676
0.002708281700288184,-2.912492719411354,-0.09618635661191197
0.002709531700288184,-2.908795026913301,-0.09584789033853978
0.002710781700288184,-2.908795026913301,-0.09618635661191197
0.002712031700288184,-2.905097334415248,-0.09652482288528415
0.002713281700288184,-2.894004256921086,-0.09584789033853978
0.002714531700288184,-2.919888104407462,-0.09652482288528415
0.002715781700288184,-2.905097334415248,-0.09584789033853978
0.002717031700288184,-2.905097334415248,-0.09720175543202852
0.002718281700288184,-2.901399641917194,-0.09821715425214507
0.002719531700288184,-2.905097334415248,-0.09754022170540071
0.002720781700288184,-2.908795026913301,-0.09821715425214507
0.002722031700288184,-2.905097334415248,-0.09855562052551727
0.002723281700288184,-2.89770194941914,-0.09787868797877289
0.002724531700288184,-2.908795026913301,-0.09821715425214507
0.002725781700288184,-2.908795026913301,-0.09821715425214507
0.002727031700288184,-2.912492719411354,-0.09754022170540071
0.002728281700288184,-2.912492719411354,-0.09855562052551727
0.002729531700288184,-2.908795026913301,-0.09821715425214507
0.002730781700288184,-2.916190411909408,-0.09923255307226163
0.002732031700288184,-2.905097334415248,-0.09923255307226163
0.002733281700288184,-2.916190411909408,-0.09889408679888945
0.002734531700288184,-2.908795026913301,-0.09923255307226163
0.002735781700288184,-2.916190411909408,-0.09957101934563381
0.002737031700288184,-2.908795026913301,-0.09957101934563381
0.002738281700288184,-2.912492719411354,-0.09889408679888945
0.002739531700288184,-2.908795026913301,-0.09923255307226163
0.002740781700288184,-2.908795026913301,-0.1002479518923782
0.002742031700288184,-2.912492719411354,-0.1005864181657504
0.002743281700288184,-2.916190411909408,-0.1009248844391226
0.002744531700288184,-2.908795026913301,-0.09957101934563381
0.002745781700288184,-2.905097334415248,-0.09889408679888945
0.002747031700288184,-2.908795026913301,-0.09855562052551727
0.002748281700288184,-2.912492719411354,-0.09990948561900599
0.002749531700288184,-2.905097334415248,-0.1012633507124947
0.002750781700288184,-2.919888104407462,-0.09923255307226163
0.002752031700288184,-2.912492719411354,-0.09990948561900599
0.002753281700288184,-2.908795026913301,-0.1002479518923782
0.002754531700288184,-2.901399641917194,-0.09990948561900599
0.002755781700288184,-2.908795026913301,-0.1002479518923782
0.002757031700288184,-2.908795026913301,-0.09923255307226163
0.002758281700288184,-2.912492719411354,-0.09923255307226163
0.002759531700288184,-2.901399641917194,-0.1005864181657504
0.002760781700288184,-2.905097334415248,-0.1009248844391226
0.002762031700288184,-2.916190411909408,-0.1002479518923782
0.002763281700288184,-2.919888104407462,-0.09990948561900599
0.002764531700288184,-2.912492719411354,-0.1002479518923782
0.002765781700288184,-2.905097334415248,-0.1002479518923782
0.002767031700288184,-2.89770194941914,-0.09990948561900599
0.002768281700288184,-2.901399641917194,-0.09990948561900599
0.002769531700288184,-2.912492719411354,-0.09855562052551727
0.002770781700288184,-2.916190411909408,-0.1002479518923782
0.002772031700288184,-2.908795026913301,-0.09923255307226163
0.002773281700288184,-2.908795026913301,-0.09923255307226163
0.002774531700288184,-2.905097334415248,-0.09923255307226163
0.002775781700288184,-2.89770194941914,-0.09923255307226163
0.002777031700288184,-2.908795026913301,-0.09990948561900599
0.002778281700288184,-2.916190411909408,-0.09855562052551727
0.002779531700288184,-2.908795026913301,-0.09990948561900599
0.002780781700288184,-2.908795026913301,-0.09957101934563381
0.002782031700288184,-2.901399641917194,-0.09889408679888945
0.002783281700288184,-2.905097334415248,-0.09923255307226163
0.002784531700288184,-2.919888104407462,-0.09889408679888945
0.002785781700288184,-2.912492719411354,-0.09787868797877289
0.002787031700288184,-2.901399641917194,-0.09821715425214507
0.002788281700288184,-2.912492719411354,-0.09957101934563381
0.002789531700288184,-2.908795026913301,-0.09787868797877289
0.002790781700288184,-2.905097334415248,-0.09754022170540071
0.002792031700288184,-2.908795026913301,-0.09821715425214507
0.002793281700288184,-2.916190411909408,-0.09686328915865633
0.002794531700288184,-2.912492719411354,-0.09720175543202852
0.002795781700288184,-2.908795026913301,-0.09720175543202852
0.002797031700288184,-2.908795026913301,-0.09754022170540071
0.002798281700288184,-2.916190411909408,-0.09720175543202852
0.002799531700288184,-2.912492719411354,-0.09618635661191197
0.002800781700288184,-2.916190411909408,-0.0955094240651676
0.002802031700288184,-2.901399641917194,-0.0955094240651676
0.002803281700288184,-2.908795026913301,-0.09686328915865633
0.002804531700288184,-2.905097334415248,-0.09618635661191197
0.002805781700288184,-2.901399641917194,-0.09584789033853978
0.002807031700288184,-2.912492719411354,-0.09517095779179541
0.002808281700288184,-2.908795026913301,-0.09415555897167886
0.002809531700288184,-2.89770194941914,-0.09415555897167886
0.002810781700288184,-2.901399641917194,-0.09449402524505104
0.002812031700288184,-2.908795026913301,-0.09381709269830668
0.002813281700288184,-2.919888104407462,-0.09381709269830668
0.002814531700288184,-2.901399641917194,-0.09449402524505104
0.002815781700288184,-2.905097334415248,-0.09280169387819012
0.002817031700288184,-2.908795026913301,-0.09347862642493449
0.002818281700288184,-2.905097334415248,-0.09246322760481794
0.002819531700288184,-2.901399641917194,-0.09212476133144575
0.002820781700288184,-2.908795026913301,-0.0931401601515623
0.002822031700288184,-2.905097334415248,-0.09144782878470138
0.002823281700288184,-2.901399641917194,-0.09043242996458482
0.002824531700288184,-2.908795026913301,-0.0911093625113292
0.002825781700288184,-2.901399641917194,-0.09043242996458482
0.002827031700288184,-2.905097334415248,-0.0911093625113292
0.002828281700288184,-2.89770194941914,-0.09009396369121264
0.002829531700288184,-2.901399641917194,-0.09009396369121264
0.002830781700288184,-2.905097334415248,-0.08840163232435172
0.002832031700288184,-2.905097334415248,-0.0890785648710961
0.002833281700288184,-2.894004256921086,-0.08738623350423516
0.002834531700288184,-2.908795026913301,-0.08840163232435172
0.002835781700288184,-2.905097334415248,-0.08840163232435172
0.002837031700288184,-2.89770194941914,-0.08840163232435172
0.002838281700288184,-2.908795026913301,-0.08738623350423516
0.002839531700288184,-2.908795026913301,-0.08738623350423516
0.002840781700288184,-2.89770194941914,-0.0867093009574908
0.002842031700288184,-2.901399641917194,-0.08535543586400206
0.002843281700288184,-2.901399641917194,-0.08535543586400206
0.002844531700288184,-2.89770194941914,-0.08535543586400206
0.002845781700288184,-2.89770194941914,-0.08535543586400206
0.002847031700288184,-2.901399641917194,-0.0843400370438855
0.002848281700288184,-2.89770194941914,-0.08400157077051332
0.002849531700288184,-2.894004256921086,-0.08264770567702458
0.002850781700288184,-2.89770194941914,-0.08264770567702458
0.002852031700288184,-2.901399641917194,-0.08298617195039677
0.002853281700288184,-2.89770194941914,-0.0823092394036524
0.002854531700288184,-2.894004256921086,-0.08095537431016366
0.002855781700288184,-2.89770194941914,-0.08027844176341929
0.002857031700288184,-2.894004256921086,-0.08027844176341929
0.002858281700288184,-2.894004256921086,-0.08061690803679147
0.002859531700288184,-2.901399641917194,-0.08027844176341929
0.002860781700288184,-2.894004256921086,-0.07790917784981399
0.002862031700288184,-2.894004256921086,-0.07858611039655837
0.002863281700288184,-2.901399641917194,-0.07757071157644181
0.002864531700288184,-2.894004256921086,-0.07757071157644181
0.002865781700288184,-2.89770194941914,-0.07757071157644181
0.002867031700288184,-2.890306564423033,-0.07655531275632527
0.002868281700288184,-2.89770194941914,-0.07621684648295307
0.002869531700288184,-2.882911179426926,-0.07621684648295307
0.002870781700288184,-2.894004256921086,-0.07452451511609215
0.002872031700288184,-2.89770194941914,-0.07384758256934779
0.002873281700288184,-2.89770194941914,-0.07553991393620871
0.002874531700288184,-2.894004256921086,-0.07452451511609215
0.002875781700288184,-2.890306564423033,-0.07418604884271997
0.002877031700288184,-2.894004256921086,-0.07283218374923123
0.002878281700288184,-2.88660887192498,-0.07147831865574249
0.002879531700288184,-2.882911179426926,-0.07317065002260341
0.002880781700288184,-2.88660887192498,-0.07080138610899812
0.002882031700288184,-2.894004256921086,-0.07012445356225375
0.002883281700288184,-2.894004256921086,-0.06978598728888157
0.002884531700288184,-2.88660887192498,-0.06944752101550938
0.002885781700288184,-2.890306564423033,-0.06877058846876502
0.002887031700288184,-2.882911179426926,-0.06809365592202064
0.002888281700288184,-2.875515794430819,-0.06775518964864846
0.002889531700288184,-2.88660887192498,-0.06606285828178754
0.002890781700288184,-2.882911179426926,-0.06572439200841536
0.002892031700288184,-2.88660887192498,-0.06572439200841536
0.002893281700288184,-2.88660887192498,-0.0647089931882988
0.002894531700288184,-2.88660887192498,-0.06504745946167098
0.002895781700288184,-2.882911179426926,-0.06437052691492662
0.002897031700288184,-2.88660887192498,-0.06301666182143788
0.002898281700288184,-2.890306564423033,-0.06335512809481006
0.002899531700288184,-2.882911179426926,-0.06132433045457696
0.002900781700288184,-2.875515794430819,-0.06132433045457696
0.002902031700288184,-2.879213486928872,-0.06064739790783258
0.002903281700288184,-2.879213486928872,-0.06098586418120476
0.002904531700288184,-2.882911179426926,-0.05997046536108822
0.002905781700288184,-2.882911179426926,-0.05963199908771603
0.002907031700288184,-2.868120409434712,-0.05692426890073855
0.002908281700288184,-2.875515794430819,-0.05760120144748292
0.002909531700288184,-2.879213486928872,-0.0579396677208551
0.002910781700288184,-2.879213486928872,-0.05692426890073855
0.002912031700288184,-2.879213486928872,-0.05590887008062199
0.002913281700288184,-2.875515794430819,-0.05489347126050545
0.002914531700288184,-2.871818101932765,-0.05455500498713325
0.002915781700288184,-2.875515794430819,-0.05387807244038889
0.002917031700288184,-2.871818101932765,-0.05320113989364451
0.002918281700288184,-2.875515794430819,-0.05286267362027233
0.002919531700288184,-2.864422716936658,-0.05218574107352797
0.002920781700288184,-2.864422716936658,-0.05117034225341141
0.002922031700288184,-2.871818101932765,-0.05184727480015579
0.002923281700288184,-2.860725024438604,-0.05117034225341141
0.002924531700288184,-2.864422716936658,-0.04846261206643393
0.002925781700288184,-2.868120409434712,-0.04778567951968957
0.002927031700288184,-2.871818101932765,-0.0471087469729452
0.002928281700288184,-2.864422716936658,-0.04643181442620083
0.002929531700288184,-2.857027331940551,-0.04575488187945646
0.002930781700288184,-2.871818101932765,-0.04541641560608428
0.002932031700288184,-2.864422716936658,-0.04507794933271209
0.002933281700288184,-2.864422716936658,-0.04406255051259554
0.002934531700288184,-2.860725024438604,-0.04338561796585116
0.002935781700288184,-2.857027331940551,-0.0427086854191068
0.002937031700288184,-2.853329639442497,-0.04135482032561806
0.002938281700288184,-2.857027331940551,-0.04203175287236242
0.002939531700288184,-2.857027331940551,-0.03966248895875714
0.002940781700288184,-2.860725024438604,-0.03966248895875714
0.002942031700288184,-2.849631946944444,-0.0383086238652684
0.002943281700288184,-2.864422716936658,-0.0383086238652684
0.002944531700288184,-2.853329639442497,-0.03797015759189622
0.002945781700288184,-2.857027331940551,-0.0362778262250353
0.002947031700288184,-2.849631946944444,-0.0362778262250353
0.002948281700288184,-2.853329639442497,-0.03458549485817437
0.002949531700288184,-2.849631946944444,-0.03661629249840748
0.002950781700288184,-2.84593425444639,-0.03390856231143
0.002952031700288184,-2.84593425444639,-0.03458549485817437
0.002953281700288184,-2.842236561948337,-0.03255469721794126
0.002954531700288184,-2.838538869450283,-0.03086236585108034
0.002955781700288184,-2.842236561948337,-0.03018543330433597
0.002957031700288184,-2.842236561948337,-0.03120083212445252
0.002958281700288184,-2.838538869450283,-0.03086236585108034
0.002959531700288184,-2.838538869450283,-0.02917003448421942
0.002960781700288184,-2.838538869450283,-0.02849310193747505
0.002962031700288184,-2.827445791956122,-0.02747770311735849
0.002963281700288184,-2.834841176952229,-0.02680077057061412
0.002964531700288184,-2.84593425444639,-0.02476997293038102
0.002965781700288184,-2.834841176952229,-0.02443150665700883
0.002967031700288184,-2.827445791956122,-0.02341610783689228
0.002968281700288184,-2.823748099458069,-0.02443150665700883
0.002969531700288184,-2.820050406960015,-0.02240070901677572
0.002970781700288184,-2.820050406960015,-0.02206224274340354
0.002972031700288184,-2.816352714461961,-0.02172377647003135
0.002973281700288184,-2.820050406960015,-0.01935451255642606
0.002974531700288184,-2.816352714461961,-0.01969297882979825
0.002975781700288184,-2.816352714461961,-0.01867758000968169
0.002977031700288184,-2.823748099458069,-0.01732371491619296
0.002978281700288184,-2.812655021963908,-0.01664678236944859
0.002979531700288184,-2.797864251971693,-0.0163083160960764
0.002980781700288184,-2.808957329465854,-0.01563138354933203
0.002982031700288184,-2.805259636967801,-0.01529291727595985
0.002983281700288184,-2.79416655947364,-0.01427751845584329
0.002984531700288184,-2.79416655947364,-0.01258518708898237
0.002985781700288184,-2.786771174477533,-0.01224672081561019
0.002987031700288184,-2.786771174477533,-0.01224672081561019
0.002988281700288184,-2.786771174477533,-0.011908254542238
0.002989531700288184,-2.775678096983372,-0.01021592317537708
0.002990781700288184,-2.771980404485318,-0.01021592317537708
0.002992031700288184,-2.75349194199505,-0.00818512553514397
0.002993281700288184,-2.749794249496997,-0.007508192988399602
0.002994531700288184,-2.727608094508675,-0.006492794168283048
0.002995781700288184,-2.712817324516461,-0.006154327894910864
0.002997031700288184,-2.343048074711103,-0.006154327894910864
0.002998281700288184,-1.777301122508904,-0.006154327894910864
0.002999531700288184,-1.141298012843688,-0.004123530254677756
0.003000781700288184,0.3340812938796923,-0.002431198887816833
0.003002031700288184,1.506249815762678,-0.001754266341072464
0.003003281700288184,2.264276777863663,-0.0007388675209559101
0.003004531700288184,2.504626790237146,-0.001077333794328095
0.003005781700288184,2.515719867731307,-0.0007388675209559101
0.003007031700288184,2.545301407715735,0.0009534638459050128
0.003008281700288184,2.548999100213789,0.001630396392649382
0.003009531700288184,2.567487562704057,0.00298426148613812
0.003010781700288184,2.567487562704057,0.003322727759510305
0.003012031700288184,2.578580640198218,0.004676592852999043
0.003013281700288184,2.574882947700164,0.004338126579626859
0.003014531700288184,2.585976025194325,0.006707390493232151
0.003015781700288184,2.585976025194325,0.007045856766604335
0.003017031700288184,2.585976025194325,0.00738432303997652
0.003018281700288184,2.589673717692378,0.00738432303997652
0.003019531700288184,2.593371410190432,0.007722789313348704
0.003020781700288184,2.597069102688486,0.009753586953581812
0.003022031700288184,2.600766795186539,0.009415120680209627
0.003023281700288184,2.600766795186539,0.01110745204707055
0.003024531700288184,2.608162180182646,0.0121228508671871
0.003025781700288184,2.589673717692378,0.01381518223404803
0.003027031700288184,2.597069102688486,0.01279978341393147
0.003028281700288184,2.597069102688486,0.01347671596067584
0.003029531700288184,2.597069102688486,0.01516904732753676
0.003030781700288184,2.608162180182646,0.01618444614765332
0.003032031700288184,2.608162180182646,0.01686137869439769
0.003033281700288184,2.604464487684593,0.0165229124210255
0.003034531700288184,2.6118598726807,0.01821524378788643
0.003035781700288184,2.604464487684593,0.01821524378788643
0.003037031700288184,2.593371410190432,0.01990757515474735
0.003038281700288184,2.600766795186539,0.01990757515474735
0.003039531700288184,2.608162180182646,0.02227683906835264
0.003040781700288184,2.600766795186539,0.02261530534172483
0.003042031700288184,2.604464487684593,0.02295377161509701
0.003043281700288184,2.604464487684593,0.02396917043521356
0.003044531700288184,2.597069102688486,0.02396917043521356
0.003045781700288184,2.589673717692378,0.02430763670858575
0.003047031700288184,2.597069102688486,0.02599996807544667
0.003048281700288184,2.600766795186539,0.02667690062219104
0.003049531700288184,2.600766795186539,0.02836923198905196
0.003050781700288184,2.597069102688486,0.02870769826242415
0.003052031700288184,2.593371410190432,0.02870769826242415
0.003053281700288184,2.600766795186539,0.02938463080916852
0.003054531700288184,2.589673717692378,0.03040002962928507
0.003055781700288184,2.578580640198218,0.03040002962928507
0.003057031700288184,2.589673717692378,0.03276929354289036
0.003058281700288184,2.604464487684593,0.03344622608963474
0.003059531700288184,2.593371410190432,0.03310775981626254
0.003060781700288184,2.589673717692378,0.0341231586363791
0.003062031700288184,2.589673717692378,0.03513855745649566
0.003063281700288184,2.585976025194325,0.03513855745649566
0.003064531700288184,2.589673717692378,0.03716935509672877
0.003065781700288184,2.589673717692378,0.03683088882335658
0.003067031700288184,2.589673717692378,0.03716935509672877
0.003068281700288184,2.585976025194325,0.03852322019021751
0.003069531700288184,2.597069102688486,0.04021555155707843
0.003070781700288184,2.593371410190432,0.03920015273696187
0.003072031700288184,2.578580640198218,0.04156941665056717
0.003073281700288184,2.578580640198218,0.04156941665056717
0.003074531700288184,2.574882947700164,0.04123095037719497
0.003075781700288184,2.585976025194325,0.04326174801742809
0.003077031700288184,2.578580640198218,0.04427714683754463
0.003078281700288184,2.582278332696271,0.04495407938428901
0.003079531700288184,2.578580640198218,0.04461561311091683
0.003080781700288184,2.578580640198218,0.04529254565766119
0.003082031700288184,2.578580640198218,0.04596947820440556
0.003083281700288184,2.578580640198218,0.0473233432978943
0.003084531700288184,2.57118525520211,0.04698487702452211
0.003085781700288184,2.582278332696271,0.04867720839138304
0.003087031700288184,2.578580640198218,0.05003107348487178
0.003088281700288184,2.574882947700164,0.04935414093812741
0.003089531700288184,2.57118525520211,0.05104647230498834
0.003090781700288184,2.578580640198218,0.05206187112510488
0.003092031700288184,2.574882947700164,0.05206187112510488
0.003093281700288184,2.57118525520211,0.05206187112510488
0.003094531700288184,2.582278332696271,0.05307726994522144
0.003095781700288184,2.582278332696271,0.05443113503871018
0.003097031700288184,2.57118525520211,0.0537542024919658
0.003098281700288184,2.57118525520211,0.05544653385882672
0.003099531700288184,2.574882947700164,0.05578500013219892
0.003100781700288184,2.57118525520211,0.0581542640458042
0.003102031700288184,2.578580640198218,0.05680039895231546
0.003103281700288184,2.582278332696271,0.05883119659254858
0.003104531700288184,2.578580640198218,0.05781579777243202
0.003105781700288184,2.567487562704057,0.05781579777243202
0.003107031700288184,2.57118525520211,0.05950812913929295
0.003108281700288184,2.567487562704057,0.06086199423278169
0.003109531700288184,2.578580640198218,0.06086199423278169
0.003110781700288184,2.574882947700164,0.06187739305289824
0.003112031700288184,2.567487562704057,0.06187739305289824
0.003113281700288184,2.567487562704057,0.06390819069313135
0.003114531700288184,2.574882947700164,0.06323125814638697
0.003115781700288184,2.578580640198218,0.06424665696650353
0.003117031700288184,2.574882947700164,0.06458512323987571
0.003118281700288184,2.57118525520211,0.06526205578662007
0.003119531700288184,2.574882947700164,0.06593898833336445
0.003120781700288184,2.57118525520211,0.06729285342685319
0.003122031700288184,2.574882947700164,0.06593898833336445
0.003123281700288184,2.57118525520211,0.06830825224696974
0.003124531700288184,2.582278332696271,0.06864671852034193
0.003125781700288184,2.57118525520211,0.06932365106708629
0.003127031700288184,2.563789870206003,0.06932365106708629
0.003128281700288184,2.57118525520211,0.06898518479371411
0.003129531700288184,2.567487562704057,0.07000058361383066
0.003130781700288184,2.57118525520211,0.07236984752743596
0.003132031700288184,2.567487562704057,0.07169291498069159
0.003133281700288184,2.57118525520211,0.0737237126209247
0.003134531700288184,2.567487562704057,0.07338524634755252
0.003135781700288184,2.574882947700164,0.0737237126209247
0.003137031700288184,2.57118525520211,0.0737237126209247
0.003138281700288184,2.567487562704057,0.07473911144104124
0.003139531700288184,2.57118525520211,0.07507757771441344
0.003140781700288184,2.574882947700164,0.07609297653452998
0.003142031700288184,2.578580640198218,0.07643144280790218
0.003143281700288184,2.57118525520211,0.07541604398778562
0.003144531700288184,2.574882947700164,0.07676990908127436
0.003145781700288184,2.578580640198218,0.07676990908127436
0.003147031700288184,2.567487562704057,0.07710837535464654
0.003148281700288184,2.57118525520211,0.07880070672150746
0.003149531700288184,2.567487562704057,0.0777853079013909
0.003150781700288184,2.57118525520211,0.0801545718149962
0.003152031700288184,2.57118525520211,0.07913917299487964
0.003153281700288184,2.57118525520211,0.08083150436174057
0.003154531700288184,2.578580640198218,0.08252383572860149
0.003155781700288184,2.57118525520211,0.08252383572860149
0.003157031700288184,2.574882947700164,0.08320076827534587
0.003158281700288184,2.57118525520211,0.08116997063511276
0.003159531700288184,2.57118525520211,0.08184690318185713
0.003160781700288184,2.57118525520211,0.08286230200197368
0.003162031700288184,2.57118525520211,0.08455463336883461
0.003163281700288184,2.567487562704057,0.08557003218895115
0.003164531700288184,2.567487562704057,0.08489309964220679
0.003165781700288184,2.574882947700164,0.08455463336883461
0.003167031700288184,2.57118525520211,0.08489309964220679
0.003168281700288184,2.574882947700164,0.08557003218895115
0.003169531700288184,2.57118525520211,0.08692389728243989
0.003170781700288184,2.567487562704057,0.08929316119604519
0.003172031700288184,2.567487562704057,0.08760082982918427
0.003173281700288184,2.574882947700164,0.08793929610255645
0.003174531700288184,2.57118525520211,0.08793929610255645
0.003175781700288184,2.57118525520211,0.08827776237592863
0.003177031700288184,2.567487562704057,0.08895469492267301
0.003178281700288184,2.567487562704057,0.08963162746941737
0.003179531700288184,2.567487562704057,0.08929316119604519
0.003180781700288184,2.578580640198218,0.08963162746941737
0.003182031700288184,2.57118525520211,0.08929316119604519
0.003183281700288184,2.574882947700164,0.09064702628953393
0.003184531700288184,2.578580640198218,0.09132395883627829
0.003185781700288184,2.57118525520211,0.09132395883627829
0.003187031700288184,2.57118525520211,0.09267782392976703
0.003188281700288184,2.563789870206003,0.09132395883627829
0.003189531700288184,2.567487562704057,0.09233935765639485
0.003190781700288184,2.567487562704057,0.09166242510965047
0.003192031700288184,2.567487562704057,0.09233935765639485
0.003193281700288184,2.578580640198218,0.09369322274988359
0.003194531700288184,2.574882947700164,0.09470862157000014
0.003195781700288184,2.567487562704057,0.09437015529662796
0.003197031700288184,2.556394485209896,0.09403168902325577
0.003198281700288184,2.567487562704057,0.09538555411674451
0.003199531700288184,2.567487562704057,0.09470862157000014
0.003200781700288184,2.567487562704057,0.09437015529662796
0.003202031700288184,2.563789870206003,0.09437015529662796
0.003203281700288184,2.567487562704057,0.09606248666348888
0.003204531700288184,2.563789870206003,0.09538555411674451
0.003205781700288184,2.57118525520211,0.09606248666348888
0.003207031700288184,2.57118525520211,0.09673941921023324
0.003208281700288184,2.57118525520211,0.09673941921023324
0.003209531700288184,2.57118525520211,0.09606248666348888
0.003210781700288184,2.574882947700164,0.09606248666348888
0.003212031700288184,2.57118525520211,0.09673941921023324
0.003213281700288184,2.567487562704057,0.09741635175697762
0.003214531700288184,2.574882947700164,0.09741635175697762
0.003215781700288184,2.567487562704057,0.0977548180303498
0.003217031700288184,2.563789870206003,0.09910868312383854
0.003218281700288184,2.567487562704057,0.0977548180303498
0.003219531700288184,2.57118525520211,0.09843175057709418
0.003220781700288184,2.57118525520211,0.09877021685046636
0.003222031700288184,2.567487562704057,0.09877021685046636
0.003223281700288184,2.567487562704057,0.09877021685046636
0.003224531700288184,2.574882947700164,0.09843175057709418
0.003225781700288184,2.57118525520211,0.09910868312383854
0.003227031700288184,2.57118525520211,0.09910868312383854
0.003228281700288184,2.567487562704057,0.09910868312383854
0.003229531700288184,2.57118525520211,0.09877021685046636
0.003230781700288184,2.574882947700164,0.09843175057709418
0.003232031700288184,2.57118525520211,0.0997856156705829
0.003233281700288184,2.57118525520211,0.09877021685046636
0.003234531700288184,2.57118525520211,0.0997856156705829
0.003235781700288184,2.567487562704057,0.0997856156705829
0.003237031700288184,2.578580640198218,0.09944714939721072
0.003238281700288184,2.567487562704057,0.1011394807640716
0.003239531700288184,2.57118525520211,0.1011394807640716
0.003240781700288184,2.57118525520211,0.1004625482173273
0.003242031700288184,2.567487562704057,0.1011394807640716
0.003243281700288184,2.574882947700164,0.09944714939721072
0.003244531700288184,2.563789870206003,0.1001240819439551
0.003245781700288184,2.574882947700164,0.1008010144906995
0.003247031700288184,2.57118525520211,0.1008010144906995
0.003248281700288184,2.57118525520211,0.1011394807640716
0.003249531700288184,2.563789870206003,0.101816413310816
0.003250781700288184,2.578580640198218,0.1001240819439551
0.003252031700288184,2.563789870206003,0.1001240819439551
0.003253281700288184,2.57118525520211,0.1008010144906995
0.003254531700288184,2.574882947700164,0.1004625482173273
0.003255781700288184,2.57118525520211,0.1011394807640716
0.003257031700288184,2.57118525520211,0.1001240819439551
0.003258281700288184,2.574882947700164,0.1001240819439551
0.003259531700288184,2.567487562704057,0.1011394807640716
0.003260781700288184,2.574882947700164,0.1008010144906995
0.003262031700288184,2.567487562704057,0.0997856156705829
0.003263281700288184,2.57118525520211,0.1014779470374438
0.003264531700288184,2.57118525520211,0.1014779470374438
0.003265781700288184,2.563789870206003,0.1008010144906995
0.003267031700288184,2.57118525520211,0.1014779470374438
0.003268281700288184,2.57118525520211,0.1004625482173273
0.003269531700288184,2.578580640198218,0.1001240819439551
0.003270781700288184,2.574882947700164,0.0997856156705829
0.003272031700288184,2.567487562704057,0.1011394807640716
0.003273281700288184,2.563789870206003,0.09944714939721072
0.003274531700288184,2.57118525520211,0.1004625482173273
0.003275781700288184,2.567487562704057,0.1004625482173273
0.003277031700288184,2.567487562704057,0.1001240819439551
0.003278281700288184,2.567487562704057,0.09944714939721072
0.003279531700288184,2.57118525520211,0.1004625482173273
0.003280781700288184,2.578580640198218,0.09877021685046636
0.003282031700288184,2.57118525520211,0.09944714939721072
0.003283281700288184,2.567487562704057,0.09910868312383854
0.003284531700288184,2.563789870206003,0.09877021685046636
0.003285781700288184,2.563789870206003,0.09910868312383854
0.003287031700288184,2.574882947700164,0.0997856156705829
0.003288281700288184,2.567487562704057,0.09944714939721072
0.003289531700288184,2.57118525520211,0.09843175057709418
0.003290781700288184,2.582278332696271,0.0977548180303498
0.003292031700288184,2.567487562704057,0.09741635175697762
0.003293281700288184,2.578580640198218,0.09843175057709418
0.003294531700288184,2.57118525520211,0.09877021685046636
0.003295781700288184,2.567487562704057,0.0977548180303498
0.003297031700288184,2.56009217770795,0.09877021685046636
0.003298281700288184,2.567487562704057,0.09741635175697762
0.003299531700288184,2.567487562704057,0.0977548180303498
0.003300781700288184,2.578580640198218,0.09707788548360544
0.003302031700288184,2.57118525520211,0.09640095293686106
0.003303281700288184,2.574882947700164,0.0957240203901167
0.003304531700288184,2.574882947700164,0.09640095293686106
0.003305781700288184,2.57118525520211,0.09640095293686106
0.003307031700288184,2.578580640198218,0.09538555411674451
0.003308281700288184,2.57118525520211,0.09640095293686106
0.003309531700288184,2.563789870206003,0.09470862157000014
0.003310781700288184,2.567487562704057,0.09504708784337232
0.003312031700288184,2.582278332696271,0.09470862157000014
0.003313281700288184,2.57118525520211,0.09437015529662796
0.003314531700288184,2.567487562704057,0.09437015529662796
0.003315781700288184,2.57118525520211,0.09403168902325577
0.003317031700288184,2.57118525520211,0.09437015529662796
0.003318281700288184,2.574882947700164,0.0933547564765114
0.003319531700288184,2.57118525520211,0.09369322274988359
0.003320781700288184,2.567487562704057,0.09166242510965047
0.003322031700288184,2.574882947700164,0.09132395883627829
0.003323281700288184,2.57118525520211,0.09132395883627829
0.003324531700288184,2.567487562704057,0.09233935765639485
0.003325781700288184,2.57118525520211,0.09301629020313922
0.003327031700288184,2.574882947700164,0.09166242510965047
0.003328281700288184,2.563789870206003,0.09064702628953393
0.003329531700288184,2.567487562704057,0.09030856001616173
0.003330781700288184,2.57118525520211,0.08895469492267301
0.003332031700288184,2.57118525520211,0.08997009374278955
0.003333281700288184,2.574882947700164,0.08861622864930081
0.003334531700288184,2.57118525520211,0.08861622864930081
0.003335781700288184,2.57118525520211,0.08997009374278955
0.003337031700288184,2.563789870206003,0.08760082982918427
0.003338281700288184,2.567487562704057,0.08726236355581207
0.003339531700288184,2.57118525520211,0.08793929610255645
0.003340781700288184,2.574882947700164,0.08726236355581207
0.003342031700288184,2.574882947700164,0.08760082982918427
0.003343281700288184,2.57118525520211,0.08590849846232335
0.003344531700288184,2.563789870206003,0.08692389728243989
0.003345781700288184,2.57118525520211,0.08489309964220679
0.003347031700288184,2.567487562704057,0.08523156591557897
0.003348281700288184,2.57118525520211,0.08455463336883461
0.003349531700288184,2.567487562704057,0.08252383572860149
0.003350781700288184,2.567487562704057,0.08353923454871805
0.003352031700288184,2.57118525520211,0.08286230200197368
0.003353281700288184,2.57118525520211,0.08286230200197368
0.003354531700288184,2.57118525520211,0.08286230200197368
0.003355781700288184,2.567487562704057,0.08218536945522931
0.003357031700288184,2.574882947700164,0.08083150436174057
0.003358281700288184,2.567487562704057,0.08083150436174057
0.003359531700288184,2.57118525520211,0.07981610554162402
0.003360781700288184,2.56009217770795,0.07913917299487964
0.003362031700288184,2.574882947700164,0.07880070672150746
0.003363281700288184,2.57118525520211,0.0801545718149962
0.003364531700288184,2.567487562704057,0.07880070672150746
0.003365781700288184,2.56009217770795,0.07846224044813528
0.003367031700288184,2.567487562704057,0.07676990908127436
0.003368281700288184,2.57118525520211,0.0777853079013909
0.003369531700288184,2.574882947700164,0.07676990908127436
0.003370781700288184,2.574882947700164,0.07473911144104124
0.003372031700288184,2.574882947700164,0.07473911144104124
0.003373281700288184,2.563789870206003,0.07507757771441344
0.003374531700288184,2.556394485209896,0.07406217889429688
0.003375781700288184,2.574882947700164,0.07440064516766906
0.003377031700288184,2.574882947700164,0.07338524634755252
0.003378281700288184,2.57118525520211,0.07338524634755252
0.003379531700288184,2.574882947700164,0.07203138125406378
0.003380781700288184,2.563789870206003,0.07270831380080814
0.003382031700288184,2.56009217770795,0.07033904988720285
0.003383281700288184,2.567487562704057,0.07033904988720285
0.003384531700288184,2.563789870206003,0.06864671852034193
0.003385781700288184,2.563789870206003,0.06864671852034193
0.003387031700288184,2.567487562704057,0.06898518479371411
0.003388281700288184,2.567487562704057,0.06932365106708629
0.003389531700288184,2.57118525520211,0.06695438715348101
0.003390781700288184,2.574882947700164,0.06763131970022537
0.003392031700288184,2.57118525520211,0.06627745460673663
0.003393281700288184,2.567487562704057,0.06492358951324789
0.003394531700288184,2.567487562704057,0.06492358951324789
0.003395781700288184,2.567487562704057,0.06458512323987571
0.003397031700288184,2.56009217770795,0.06593898833336445
0.003398281700288184,2.567487562704057,0.06356972441975915
0.003399531700288184,2.563789870206003,0.06323125814638697
0.003400781700288184,2.574882947700164,0.06187739305289824
0.003402031700288184,2.567487562704057,0.06255432559964261
0.003403281700288184,2.563789870206003,0.0605235279594095
0.003404531700288184,2.567487562704057,0.05984659541266513
0.003405781700288184,2.563789870206003,0.05849273031917639
0.003407031700288184,2.57118525520211,0.05781579777243202
0.003408281700288184,2.556394485209896,0.05781579777243202
0.003409531700288184,2.563789870206003,0.05916966286592076
0.003410781700288184,2.563789870206003,0.0581542640458042
0.003412031700288184,2.57118525520211,0.05646193267894328
0.003413281700288184,2.57118525520211,0.05510806758545454
0.003414531700288184,2.574882947700164,0.0537542024919658
0.003415781700288184,2.56009217770795,0.05443113503871018
0.003417031700288184,2.556394485209896,0.05510806758545454
0.003418281700288184,2.56009217770795,0.05341573621859362
0.003419531700288184,2.567487562704057,0.05240033739847708
0.003420781700288184,2.57118525520211,0.05104647230498834
0.003422031700288184,2.57118525520211,0.0496926072114996
0.003423281700288184,2.56009217770795,0.05036953975824396
0.003424531700288184,2.563789870206003,0.05138493857836052
0.003425781700288184,2.563789870206003,0.05003107348487178
0.003427031700288184,2.57118525520211,0.04867720839138304
0.003428281700288184,2.574882947700164,0.04833874211801086
0.003429531700288184,2.567487562704057,0.0473233432978943
0.003430781700288184,2.56009217770795,0.04563101193103337
0.003432031700288184,2.563789870206003,0.04596947820440556
0.003433281700288184,2.56009217770795,0.04461561311091683
0.003434531700288184,2.563789870206003,0.04393868056417245
0.003435781700288184,2.563789870206003,0.04393868056417245
0.003437031700288184,2.567487562704057,0.04360021429080027
0.003438281700288184,2.567487562704057,0.04258481547068371
0.003439531700288184,2.563789870206003,0.03920015273696187
0.003440781700288184,2.56009217770795,0.04021555155707843
0.003442031700288184,2.552696792711842,0.04021555155707843
0.003443281700288184,2.57118525520211,0.03953861901033405
0.003444531700288184,2.556394485209896,0.03852322019021751
0.003445781700288184,2.556394485209896,0.03852322019021751
0.003447031700288184,2.556394485209896,0.03581549000324002
0.003448281700288184,2.563789870206003,0.03480009118312347
0.003449531700288184,2.563789870206003,0.03513855745649566
0.003450781700288184,2.56009217770795,0.03547702372986784
0.003452031700288184,2.567487562704057,0.03513855745649566
0.003453281700288184,2.556394485209896,0.03276929354289036
0.003454531700288184,2.56009217770795,0.03310775981626254
0.003455781700288184,2.556394485209896,0.0317538947227738
0.003457031700288184,2.56009217770795,0.03073849590265726
0.003458281700288184,2.556394485209896,0.03040002962928507
0.003459531700288184,2.567487562704057,0.02904616453579633
0.003460781700288184,2.56009217770795,0.02870769826242415
0.003462031700288184,2.548999100213789,0.02735383316893541
0.003463281700288184,2.556394485209896,0.02735383316893541
0.003464531700288184,2.552696792711842,0.02667690062219104
0.003465781700288184,2.552696792711842,0.0253230355287023
0.003467031700288184,2.552696792711842,0.0253230355287023
0.003468281700288184,2.56009217770795,0.02430763670858575
0.003469531700288184,2.552696792711842,0.02430763670858575
0.003470781700288184,2.548999100213789,0.02159990652160827
0.003472031700288184,2.545301407715735,0.02193837279498046
0.003473281700288184,2.548999100213789,0.0209229739748639
0.003474531700288184,2.552696792711842,0.02126144024823609
0.003475781700288184,2.552696792711842,0.0188921763346308
0.003477031700288184,2.545301407715735,0.01855371006125861
0.003478281700288184,2.552696792711842,0.01855371006125861
0.003479531700288184,2.548999100213789,0.0188921763346308
0.003480781700288184,2.548999100213789,0.01618444614765332
0.003482031700288184,2.545301407715735,0.01381518223404803
0.003483281700288184,2.541603715217682,0.01483058105416458
0.003484531700288184,2.545301407715735,0.01516904732753676
0.003485781700288184,2.541603715217682,0.01415364850742021
0.003487031700288184,2.541603715217682,0.01313824968730366
0.003488281700288184,2.537906022719628,0.01144591832044273
0.003489531700288184,2.545301407715735,0.01110745204707055
0.003490781700288184,2.541603715217682,0.010092053226954
0.003492031700288184,2.534208330221575,0.010092053226954
0.003493281700288184,2.534208330221575,0.008061255586720889
0.003494531700288184,2.526812945225467,0.007045856766604335
0.003495781700288184,2.530510637723521,0.007722789313348704
0.003497031700288184,2.523115252727414,0.006707390493232151
0.003498281700288184,2.530510637723521,0.006707390493232151
0.003499531700288184,2.51941756022936,0.005353525399743412
0.003500781700288184,2.515719867731307,0.003999660306254674
0.003502031700288184,2.512022175233253,0.004338126579626859
0.003503281700288184,2.508324482735199,0.001968862666021566
0.003504531700288184,2.497231405241039,0.002645795212765936
0.003505781700288184,2.493533712742985,-6.19349742115409e-05
0.003507031700288184,2.482440635248824,-0.0007388675209559101
0.003508281700288184,2.460254480260503,-0.0004004012475837255
0.003509531700288184,2.441766017770235,-0.001077333794328095
0.003510781700288184,2.275369855357824,-0.002769665161189018
0.003512031700288184,1.905600605552465,-0.004123530254677756
0.003513281700288184,1.08471287098457,-0.006154327894910864
0.003514531700288184,0.4745936088057284,-0.00513892907479431
0.003515781700288184,-0.7715287630383293,-0.004800462801422125
0.003517031700288184,-2.243210377263656,-0.006831260441655233
0.003518281700288184,-2.723910402010622,-0.006154327894910864
0.003519531700288184,-2.760887326991158,-0.007169726715027417
0.003520781700288184,-2.801561944469747,-0.009538990628632709
0.003522031700288184,-2.808957329465854,-0.009538990628632709
0.003523281700288184,-2.827445791956122,-0.01123132199549363
0.003524531700288184,-2.827445791956122,-0.01123132199549363
0.003525781700288184,-2.842236561948337,-0.01123132199549363
0.003527031700288184,-2.84593425444639,-0.01123132199549363
0.003528281700288184,-2.849631946944444,-0.01326211963572674
0.003529531700288184,-2.864422716936658,-0.01427751845584329
0.003530781700288184,-2.864422716936658,-0.01596984982270422
0.003532031700288184,-2.871818101932765,-0.0163083160960764
0.003533281700288184,-2.875515794430819,-0.01732371491619296
0.003534531700288184,-2.871818101932765,-0.0163083160960764
0.003535781700288184,-2.871818101932765,-0.01732371491619296
0.003537031700288184,-2.890306564423033,-0.01732371491619296
0.003538281700288184,-2.88660887192498,-0.02003144510317043
0.003539531700288184,-2.88660887192498,-0.02104684392328698
0.003540781700288184,-2.890306564423033,-0.02138531019665917
0.003542031700288184,-2.88660887192498,-0.02341610783689228
0.003543281700288184,-2.875515794430819,-0.02375457411026446
0.003544531700288184,-2.88660887192498,-0.02409304038363665
0.003545781700288184,-2.890306564423033,-0.02409304038363665
0.003547031700288184,-2.88660887192498,-0.0251084392037532
0.003548281700288184,-2.882911179426926,-0.02544690547712538
0.003549531700288184,-2.89770194941914,-0.02680077057061412
0.003550781700288184,-2.890306564423033,-0.02713923684398631
0.003552031700288184,-2.890306564423033,-0.02849310193747505
0.003553281700288184,-2.88660887192498,-0.0295085007575916
0.003554531700288184,-2.882911179426926,-0.03052389957770815
0.003555781700288184,-2.894004256921086,-0.03153929839782471
0.003557031700288184,-2.890306564423033,-0.03086236585108034
0.003558281700288184,-2.890306564423033,-0.03086236585108034
0.003559531700288184,-2.88660887192498,-0.03289316349131345
0.003560781700288184,-2.890306564423033,-0.03323162976468563
0.003562031700288184,-2.890306564423033,-0.03492396113154655
0.003563281700288184,-2.894004256921086,-0.03458549485817437
0.003564531700288184,-2.88660887192498,-0.03526242740491874
0.003565781700288184,-2.882911179426926,-0.03560089367829092
0.003567031700288184,-2.894004256921086,-0.03729322504515184
0.003568281700288184,-2.890306564423033,-0.0383086238652684
0.003569531700288184,-2.894004256921086,-0.03898555641201276
0.003570781700288184,-2.882911179426926,-0.03932402268538496
0.003572031700288184,-2.88660887192498,-0.0406778877788737
0.003573281700288184,-2.875515794430819,-0.0403394215055015
0.003574531700288184,-2.89770194941914,-0.04169328659899024
0.003575781700288184,-2.890306564423033,-0.0427086854191068
0.003577031700288184,-2.89770194941914,-0.04237021914573462
0.003578281700288184,-2.88660887192498,-0.04304715169247898
0.003579531700288184,-2.875515794430819,-0.04406255051259554
0.003580781700288184,-2.875515794430819,-0.04609334815282864
0.003582031700288184,-2.890306564423033,-0.04643181442620083
0.003583281700288184,-2.890306564423033,-0.04643181442620083
0.003584531700288184,-2.894004256921086,-0.04812414579306175
0.003585781700288184,-2.890306564423033,-0.04778567951968957
0.003587031700288184,-2.882911179426926,-0.04880107833980613
0.003588281700288184,-2.88660887192498,-0.04880107833980613
0.003589531700288184,-2.882911179426926,-0.04913954461317831
0.003590781700288184,-2.890306564423033,-0.05150880852678359
0.003592031700288184,-2.894004256921086,-0.05117034225341141
0.003593281700288184,-2.88660887192498,-0.05252420734690015
0.003594531700288184,-2.882911179426926,-0.05150880852678359
0.003595781700288184,-2.894004256921086,-0.05387807244038889
0.003597031700288184,-2.890306564423033,-0.05387807244038889
0.003598281700288184,-2.894004256921086,-0.05523193753387763
0.003599531700288184,-2.88660887192498,-0.05590887008062199
0.003600781700288184,-2.88660887192498,-0.05523193753387763
0.003602031700288184,-2.879213486928872,-0.05658580262736637
0.003603281700288184,-2.882911179426926,-0.05726273517411073
0.003604531700288184,-2.88660887192498,-0.0579396677208551
0.003605781700288184,-2.890306564423033,-0.05895506654097166
0.003607031700288184,-2.890306564423033,-0.05997046536108822
0.003608281700288184,-2.890306564423033,-0.0603089316344604
0.003609531700288184,-2.882911179426926,-0.05929353281434384
0.003610781700288184,-2.890306564423033,-0.06098586418120476
0.003612031700288184,-2.89770194941914,-0.06166279672794914
0.003613281700288184,-2.89770194941914,-0.06132433045457696
0.003614531700288184,-2.894004256921086,-0.0626781955480657
0.003615781700288184,-2.88660887192498,-0.06403206064155444
0.003617031700288184,-2.894004256921086,-0.06335512809481006
0.003618281700288184,-2.88660887192498,-0.0647089931882988
0.003619531700288184,-2.894004256921086,-0.0647089931882988
0.003620781700288184,-2.890306564423033,-0.06640132455515972
0.003622031700288184,-2.88660887192498,-0.06572439200841536
0.003623281700288184,-2.894004256921086,-0.06640132455515972
0.003624531700288184,-2.894004256921086,-0.06877058846876502
0.003625781700288184,-2.894004256921086,-0.06944752101550938
0.003627031700288184,-2.88660887192498,-0.06877058846876502
0.003628281700288184,-2.890306564423033,-0.0691090547421372
0.003629531700288184,-2.901399641917194,-0.07080138610899812
0.003630781700288184,-2.890306564423033,-0.07080138610899812
0.003632031700288184,-2.890306564423033,-0.07181678492911468
0.003633281700288184,-2.89770194941914,-0.07249371747585905
0.003634531700288184,-2.89770194941914,-0.07249371747585905
0.003635781700288184,-2.89770194941914,-0.07215525120248686
0.003637031700288184,-2.890306564423033,-0.07317065002260341
0.003638281700288184,-2.89770194941914,-0.07418604884271997
0.003639531700288184,-2.901399641917194,-0.07452451511609215
0.003640781700288184,-2.901399641917194,-0.07520144766283653
0.003642031700288184,-2.89770194941914,-0.07418604884271997
0.003643281700288184,-2.894004256921086,-0.07621684648295307
0.003644531700288184,-2.89770194941914,-0.07587838020958089
0.003645781700288184,-2.890306564423033,-0.07757071157644181
0.003647031700288184,-2.88660887192498,-0.07824764412318619
0.003648281700288184,-2.894004256921086,-0.07757071157644181
0.003649531700288184,-2.88660887192498,-0.07757071157644181
0.003650781700288184,-2.901399641917194,-0.07960150921667491
0.003652031700288184,-2.905097334415248,-0.08027844176341929
0.003653281700288184,-2.89770194941914,-0.08061690803679147
0.003654531700288184,-2.901399641917194,-0.07960150921667491
0.003655781700288184,-2.901399641917194,-0.08061690803679147
0.003657031700288184,-2.894004256921086,-0.08129384058353585
0.003658281700288184,-2.89770194941914,-0.08163230685690803
0.003659531700288184,-2.894004256921086,-0.08197077313028021
0.003660781700288184,-2.905097334415248,-0.08298617195039677
0.003662031700288184,-2.89770194941914,-0.08298617195039677
0.003663281700288184,-2.905097334415248,-0.08400157077051332
0.003664531700288184,-2.905097334415248,-0.0843400370438855
0.003665781700288184,-2.894004256921086,-0.08366310449714114
0.003667031700288184,-2.89770194941914,-0.0843400370438855
0.003668281700288184,-2.89770194941914,-0.08467850331725769
0.003669531700288184,-2.901399641917194,-0.08501696959062988
0.003670781700288184,-2.901399641917194,-0.0867093009574908
0.003672031700288184,-2.901399641917194,-0.08637083468411862
0.003673281700288184,-2.908795026913301,-0.08603236841074643
0.003674531700288184,-2.89770194941914,-0.08772469977760736
0.003675781700288184,-2.901399641917194,-0.08704776723086298
0.003677031700288184,-2.89770194941914,-0.08772469977760736
0.003678281700288184,-2.901399641917194,-0.08840163232435172
0.003679531700288184,-2.905097334415248,-0.08975549741784046
0.003680781700288184,-2.894004256921086,-0.0890785648710961
0.003682031700288184,-2.905097334415248,-0.08975549741784046
0.003683281700288184,-2.905097334415248,-0.09043242996458482
0.003684531700288184,-2.901399641917194,-0.09043242996458482
0.003685781700288184,-2.905097334415248,-0.09144782878470138
0.003687031700288184,-2.89770194941914,-0.09077089623795702
0.003688281700288184,-2.908795026913301,-0.0911093625113292
0.003689531700288184,-2.901399641917194,-0.09144782878470138
0.003690781700288184,-2.905097334415248,-0.09144782878470138
0.003692031700288184,-2.905097334415248,-0.09212476133144575
0.003693281700288184,-2.912492719411354,-0.0931401601515623
0.003694531700288184,-2.905097334415248,-0.09246322760481794
0.003695781700288184,-2.912492719411354,-0.09144782878470138
0.003697031700288184,-2.905097334415248,-0.0931401601515623
0.003698281700288184,-2.908795026913301,-0.09449402524505104
0.003699531700288184,-2.905097334415248,-0.09449402524505104
0.003700781700288184,-2.908795026913301,-0.09618635661191197
0.003702031700288184,-2.905097334415248,-0.09381709269830668
0.003703281700288184,-2.908795026913301,-0.09517095779179541
0.003704531700288184,-2.919888104407462,-0.09415555897167886
0.003705781700288184,-2.912492719411354,-0.09618635661191197
0.003707031700288184,-2.912492719411354,-0.09483249151842323
0.003708281700288184,-2.901399641917194,-0.09618635661191197
0.003709531700288184,-2.905097334415248,-0.0955094240651676
0.003710781700288184,-2.901399641917194,-0.09754022170540071
0.003712031700288184,-2.89770194941914,-0.09652482288528415
0.003713281700288184,-2.905097334415248,-0.09720175543202852
0.003714531700288184,-2.916190411909408,-0.09720175543202852
0.003715781700288184,-2.901399641917194,-0.09652482288528415
0.003717031700288184,-2.905097334415248,-0.09720175543202852
0.003718281700288184,-2.912492719411354,-0.09618635661191197
0.003719531700288184,-2.908795026913301,-0.09855562052551727
0.003720781700288184,-2.905097334415248,-0.09652482288528415
0.003722031700288184,-2.905097334415248,-0.09889408679888945
0.003723281700288184,-2.905097334415248,-0.09821715425214507
0.003724531700288184,-2.912492719411354,-0.09889408679888945
0.003725781700288184,-2.908795026913301,-0.09720175543202852
0.003727031700288184,-2.908795026913301,-0.09923255307226163
0.003728281700288184,-2.901399641917194,-0.09889408679888945
0.003729531700288184,-2.905097334415248,-0.09855562052551727
0.003730781700288184,-2.912492719411354,-0.09889408679888945
0.003732031700288184,-2.905097334415248,-0.09889408679888945
0.003733281700288184,-2.908795026913301,-0.09855562052551727
0.003734531700288184,-2.912492719411354,-0.1002479518923782
0.003735781700288184,-2.901399641917194,-0.09957101934563381
0.003737031700288184,-2.908795026913301,-0.09990948561900599
0.003738281700288184,-2.908795026913301,-0.1005864181657504
0.003739531700288184,-2.908795026913301,-0.1002479518923782
0.003740781700288184,-2.912492719411354,-0.09855562052551727
0.003742031700288184,-2.908795026913301,-0.09889408679888945
0.003743281700288184,-2.905097334415248,-0.09990948561900599
0.003744531700288184,-2.908795026913301,-0.09787868797877289
0.003745781700288184,-2.908795026913301,-0.1002479518923782
0.003747031700288184,-2.912492719411354,-0.1002479518923782
0.003748281700288184,-2.916190411909408,-0.1005864181657504
0.003749531700288184,-2.916190411909408,-0.1002479518923782
0.003750781700288184,-2.916190411909408,-0.1002479518923782
0.003752031700288184,-2.912492719411354,-0.1012633507124947
0.003753281700288184,-2.905097334415248,-0.09990948561900599
0.003754531700288184,-2.908795026913301,-0.1009248844391226
0.003755781700288184,-2.908795026913301,-0.09923255307226163
0.003757031700288184,-2.908795026913301,-0.09990948561900599
0.003758281700288184,-2.908795026913301,-0.09957101934563381
0.003759531700288184,-2.916190411909408,-0.09923255307226163
0.003760781700288184,-2.905097334415248,-0.1005864181657504
0.003762031700288184,-2.908795026913301,-0.1009248844391226
0.003763281700288184,-2.912492719411354,-0.1005864181657504
0.003764531700288184,-2.901399641917194,-0.09923255307226163
0.003765781700288184,-2.916190411909408,-0.09923255307226163
0.003767031700288184,-2.908795026913301,-0.1002479518923782
0.003768281700288184,-2.908795026913301,-0.1002479518923782
0.003769531700288184,-2.905097334415248,-0.09923255307226163
0.003770781700288184,-2.912492719411354,-0.1002479518923782
0.003772031700288184,-2.908795026913301,-0.1005864181657504
0.003773281700288184,-2.912492719411354,-0.09990948561900599
0.003774531700288184,-2.901399641917194,-0.09855562052551727
0.003775781700288184,-2.912492719411354,-0.09957101934563381
0.003777031700288184,-2.912492719411354,-0.09957101934563381
0.003778281700288184,-2.905097334415248,-0.09855562052551727
0.003779531700288184,-2.905097334415248,-0.09855562052551727
0.003780781700288184,-2.912492719411354,-0.09923255307226163
0.003782031700288184,-2.912492719411354,-0.09889408679888945
0.003783281700288184,-2.908795026913301,-0.09855562052551727
0.003784531700288184,-2.912492719411354,-0.09787868797877289
0.003785781700288184,-2.908795026913301,-0.09787868797877289
0.003787031700288184,-2.905097334415248,-0.09889408679888945
0.003788281700288184,-2.901399641917194,-0.09787868797877289
0.003789531700288184,-2.905097334415248,-0.09720175543202852
0.003790781700288184,-2.89770194941914,-0.09787868797877289
0.003792031700288184,-2.912492719411354,-0.09787868797877289
0.003793281700288184,-2.912492719411354,-0.09787868797877289
0.003794531700288184,-2.912492719411354,-0.09720175543202852
0.003795781700288184,-2.89770194941914,-0.09618635661191197
0.003797031700288184,-2.905097334415248,-0.09686328915865633
0.003798281700288184,-2.912492719411354,-0.09652482288528415
0.003799531700288184,-2.912492719411354,-0.09787868797877289
0.003800781700288184,-2.912492719411354,-0.09686328915865633
0.003802031700288184,-2.908795026913301,-0.09618635661191197
0.003803281700288184,-2.894004256921086,-0.09483249151842323
0.003804531700288184,-2.89770194941914,-0.09517095779179541
0.003805781700288184,-2.905097334415248,-0.09517095779179541
0.003807031700288184,-2.912492719411354,-0.09584789033853978
0.003808281700288184,-2.905097334415248,-0.09517095779179541
0.003809531700288184,-2.908795026913301,-0.09483249151842323
0.003810781700288184,-2.912492719411354,-0.09347862642493449
0.003812031700288184,-2.905097334415248,-0.09381709269830668
0.003813281700288184,-2.901399641917194,-0.09347862642493449
0.003814531700288184,-2.905097334415248,-0.0931401601515623
0.003815781700288184,-2.905097334415248,-0.09280169387819012
0.003817031700288184,-2.901399641917194,-0.09449402524505104
0.003818281700288184,-2.905097334415248,-0.09212476133144575
0.003819531700288184,-2.89770194941914,-0.09246322760481794
0.003820781700288184,-2.901399641917194,-0.09212476133144575
0.003822031700288184,-2.905097334415248,-0.09212476133144575
0.003823281700288184,-2.905097334415248,-0.09178629505807356
0.003824531700288184,-2.89770194941914,-0.09212476133144575
0.003825781700288184,-2.908795026913301,-0.0911093625113292
0.003827031700288184,-2.905097334415248,-0.09009396369121264
0.003828281700288184,-2.901399641917194,-0.08975549741784046
0.003829531700288184,-2.901399641917194,-0.08975549741784046
0.003830781700288184,-2.905097334415248,-0.08806316605097954
0.003832031700288184,-2.901399641917194,-0.08941703114446828
0.003833281700288184,-2.905097334415248,-0.08806316605097954
0.003834531700288184,-2.894004256921086,-0.08806316605097954
0.003835781700288184,-2.908795026913301,-0.0867093009574908
0.003837031700288184,-2.89770194941914,-0.08738623350423516
0.003838281700288184,-2.908795026913301,-0.08738623350423516
0.003839531700288184,-2.901399641917194,-0.08738623350423516
0.003840781700288184,-2.89770194941914,-0.08704776723086298
0.003842031700288184,-2.905097334415248,-0.08501696959062988
0.003843281700288184,-2.901399641917194,-0.08467850331725769
0.003844531700288184,-2.89770194941914,-0.08332463822376895
0.003845781700288184,-2.901399641917194,-0.08501696959062988
0.003847031700288184,-2.901399641917194,-0.08501696959062988
0.003848281700288184,-2.89770194941914,-0.08467850331725769
0.003849531700288184,-2.890306564423033,-0.08298617195039677
0.003850781700288184,-2.89770194941914,-0.08163230685690803
0.003852031700288184,-2.894004256921086,-0.0823092394036524
0.003853281700288184,-2.894004256921086,-0.08129384058353585
0.003854531700288184,-2.894004256921086,-0.08163230685690803
0.003855781700288184,-2.89770194941914,-0.08129384058353585
0.003857031700288184,-2.894004256921086,-0.08095537431016366
0.003858281700288184,-2.894004256921086,-0.07993997549004711
0.003859531700288184,-2.894004256921086,-0.08027844176341929
0.003860781700288184,-2.88660887192498,-0.07926304294330273
0.003862031700288184,-2.89770194941914,-0.07824764412318619
0.003863281700288184,-2.894004256921086,-0.07757071157644181
0.003864531700288184,-2.894004256921086,-0.07824764412318619
0.003865781700288184,-2.890306564423033,-0.07689377902969745
0.003867031700288184,-2.894004256921086,-0.07655531275632527
0.003868281700288184,-2.890306564423033,-0.07520144766283653
0.003869531700288184,-2.890306564423033,-0.07655531275632527
0.003870781700288184,-2.882911179426926,-0.07520144766283653
0.003872031700288184,-2.894004256921086,-0.07384758256934779
0.003873281700288184,-2.894004256921086,-0.07418604884271997
0.003874531700288184,-2.890306564423033,-0.07452451511609215
0.003875781700288184,-2.890306564423033,-0.0735091162959756
0.003877031700288184,-2.88660887192498,-0.07384758256934779
0.003878281700288184,-2.88660887192498,-0.07147831865574249
0.003879531700288184,-2.89770194941914,-0.07283218374923123
0.003880781700288184,-2.890306564423033,-0.07046291983562594
0.003882031700288184,-2.88660887192498,-0.06978598728888157
0.003883281700288184,-2.88660887192498,-0.06877058846876502
0.003884531700288184,-2.894004256921086,-0.06978598728888157
0.003885781700288184,-2.882911179426926,-0.07012445356225375
0.003887031700288184,-2.88660887192498,-0.06877058846876502
0.003888281700288184,-2.88660887192498,-0.06775518964864846
0.003889531700288184,-2.882911179426926,-0.0667397908285319
0.003890781700288184,-2.88660887192498,-0.06640132455515972
0.003892031700288184,-2.88660887192498,-0.06538592573504316
0.003893281700288184,-2.882911179426926,-0.06572439200841536
0.003894531700288184,-2.890306564423033,-0.06437052691492662
0.003895781700288184,-2.879213486928872,-0.06369359436818224
0.003897031700288184,-2.875515794430819,-0.06200126300132132
0.003898281700288184,-2.88660887192498,-0.06166279672794914
0.003899531700288184,-2.882911179426926,-0.06200126300132132
0.003900781700288184,-2.875515794430819,-0.0626781955480657
0.003902031700288184,-2.882911179426926,-0.06200126300132132
0.003903281700288184,-2.882911179426926,-0.06098586418120476
0.003904531700288184,-2.882911179426926,-0.05895506654097166
0.003905781700288184,-2.882911179426926,-0.05963199908771603
0.003907031700288184,-2.879213486928872,-0.05827813399422729
0.003908281700288185,-2.882911179426926,-0.05692426890073855
0.003909531700288184,-2.882911179426926,-0.05760120144748292
0.003910781700288185,-2.875515794430819,-0.05624733635399418
0.003912031700288184,-2.879213486928872,-0.05624733635399418
0.003913281700288184,-2.871818101932765,-0.05489347126050545
0.003914531700288184,-2.875515794430819,-0.05455500498713325
0.003915781700288184,-2.871818101932765,-0.05387807244038889
0.003917031700288184,-2.864422716936658,-0.05387807244038889
0.003918281700288184,-2.871818101932765,-0.05320113989364451
0.003919531700288185,-2.871818101932765,-0.05150880852678359
0.003920781700288184,-2.860725024438604,-0.05049340970666705
0.003922031700288185,-2.868120409434712,-0.04981647715992267
0.003923281700288184,-2.871818101932765,-0.05049340970666705
0.003924531700288184,-2.864422716936658,-0.04947801088655049
0.003925781700288184,-2.864422716936658,-0.04947801088655049
0.003927031700288184,-2.871818101932765,-0.04846261206643393
0.003928281700288184,-2.860725024438604,-0.04744721324631739
0.003929531700288184,-2.871818101932765,-0.04643181442620083
0.003930781700288185,-2.860725024438604,-0.04507794933271209
0.003932031700288184,-2.860725024438604,-0.04507794933271209
0.003933281700288184,-2.853329639442497,-0.04372408423922335
0.003934531700288184,-2.868120409434712,-0.04406255051259554
0.003935781700288184,-2.853329639442497,-0.04372408423922335
0.003937031700288184,-2.853329639442497,-0.04237021914573462
0.003938281700288184,-2.857027331940551,-0.04203175287236242
0.003939531700288185,-2.857027331940551,-0.0406778877788737
0.003940781700288184,-2.853329639442497,-0.03966248895875714
0.003942031700288185,-2.857027331940551,-0.03932402268538496
0.003943281700288184,-2.853329639442497,-0.0383086238652684
0.003944531700288184,-2.864422716936658,-0.0383086238652684
0.003945781700288184,-2.849631946944444,-0.0362778262250353
0.003947031700288184,-2.842236561948337,-0.03560089367829092
0.003948281700288184,-2.842236561948337,-0.03526242740491874
0.003949531700288184,-2.853329639442497,-0.03424702858480218
0.003950781700288185,-2.842236561948337,-0.03424702858480218
0.003952031700288184,-2.84593425444639,-0.03323162976468563
0.003953281700288185,-2.849631946944444,-0.03289316349131345
0.003954531700288184,-2.842236561948337,-0.03221623094456907
0.003955781700288184,-2.834841176952229,-0.03086236585108034
0.003957031700288184,-2.842236561948337,-0.03052389957770815
0.003958281700288184,-2.84593425444639,-0.02984696703096379
0.003959531700288184,-2.842236561948337,-0.02815463566410286
0.003960781700288184,-2.834841176952229,-0.02781616939073068
0.003962031700288185,-2.827445791956122,-0.02747770311735849
0.003963281700288184,-2.827445791956122,-0.02713923684398631
0.003964531700288185,-2.831143484454176,-0.02612383802386975
0.003965781700288184,-2.831143484454176,-0.02476997293038102
0.003967031700288184,-2.827445791956122,-0.02409304038363665
0.003968281700288184,-2.827445791956122,-0.02341610783689228
0.003969531700288184,-2.820050406960015,-0.02240070901677572
0.003970781700288184,-2.827445791956122,-0.02273917529014791
0.003972031700288184,-2.816352714461961,-0.02104684392328698
0.003973281700288185,-2.816352714461961,-0.02104684392328698
0.003974531700288184,-2.823748099458069,-0.02003144510317043
0.003975781700288184,-2.816352714461961,-0.01833911373630951
0.003977031700288184,-2.808957329465854,-0.01766218118956514
0.003978281700288184,-2.801561944469747,-0.01664678236944859
0.003979531700288184,-2.816352714461961,-0.0163083160960764
0.003980781700288184,-2.801561944469747,-0.01664678236944859
0.003982031700288185,-2.79416655947364,-0.01495445100258766
0.003983281700288184,-2.797864251971693,-0.01461598472921548
0.003984531700288185,-2.79416655947364,-0.01393905218247111
0.003985781700288184,-2.783073481979479,-0.01258518708898237
0.003987031700288184,-2.797864251971693,-0.011908254542238
0.003988281700288184,-2.786771174477533,-0.01123132199549363
0.003989531700288184,-2.775678096983372,-0.009877456902004894
0.003990781700288184,-2.764585019489211,-0.009877456902004894
0.003992031700288184,-2.760887326991158,-0.01055438944874926
0.003993281700288185,-2.749794249496997,-0.00818512553514397
0.003994531700288184,-2.746096556998943,-0.007508192988399602
0.003995781700288185,-2.705421939520354,-0.007169726715027417
0.003997031700288184,-2.516839622119621,-0.005477395348166494
0.003998281700288184,-1.784696507505011,-0.004123530254677756
0.003999531700288184,-0.8824595379799368,-0.003785063981305571
0.004000781700288184,0.3192905238874779,-0.003108131434561202
0.004002031700288184,1.528435970751,-0.003108131434561202
0.004003281700288184,1.994345225505751,-0.001415800067700279
0.004004531700288185,2.42697524777802,-0.001754266341072464
0.004005781700288184,2.526812945225467,-0.001077333794328095
0.004007031700288185,2.530510637723521,0.0002765312991606437
0.004008281700288184,2.56009217770795,0.001291930119277197
0.004009531700288184,2.563789870206003,0.002307328939393751
0.004010781700288184,2.57118525520211,0.003322727759510305
0.004012031700288184,2.574882947700164,0.00366119403288249
0.004013281700288184,2.585976025194325,0.005691991673115597
0.004014531700288184,2.585976025194325,0.005353525399743412
0.004015781700288185,2.585976025194325,0.006368924219859966
0.004017031700288184,2.589673717692378,0.008399721860093074
0.004018281700288184,2.597069102688486,0.00738432303997652
0.004019531700288184,2.597069102688486,0.010092053226954
0.004020781700288184,2.600766795186539,0.010092053226954
0.004022031700288184,2.600766795186539,0.01144591832044273
0.004023281700288184,2.600766795186539,0.009753586953581812
0.004024531700288185,2.608162180182646,0.01178438459381492
0.004025781700288184,2.597069102688486,0.01246131714055929
0.004027031700288185,2.608162180182646,0.01347671596067584
0.004028281700288184,2.597069102688486,0.01483058105416458
0.004029531700288184,2.6118598726807,0.0144921147807924
0.004030781700288184,2.600766795186539,0.01516904732753676
0.004032031700288184,2.604464487684593,0.0165229124210255
0.004033281700288184,2.597069102688486,0.01753831124114206
0.004034531700288184,2.608162180182646,0.01855371006125861
0.004035781700288185,2.597069102688486,0.01855371006125861
0.004037031700288184,2.600766795186539,0.01990757515474735
0.004038281700288185,2.597069102688486,0.01990757515474735
0.004039531700288184,2.600766795186539,0.02159990652160827
0.004040781700288184,2.604464487684593,0.02159990652160827
0.004042031700288184,2.604464487684593,0.02430763670858575
0.004043281700288184,2.600766795186539,0.02566150180207449
0.004044531700288184,2.604464487684593,0.02430763670858575
0.004045781700288184,2.597069102688486,0.02498456925533012
0.004047031700288185,2.597069102688486,0.02566150180207449
0.004048281700288184,2.597069102688486,0.02599996807544667
0.004049531700288185,2.597069102688486,0.02633843434881886
0.004050781700288184,2.604464487684593,0.02938463080916852
0.004052031700288184,2.589673717692378,0.02870769826242415
0.004053281700288184,2.597069102688486,0.03073849590265726
0.004054531700288184,2.600766795186539,0.03040002962928507
0.004055781700288184,2.585976025194325,0.03006156335591289
0.004057031700288184,2.593371410190432,0.03141542844940162
0.004058281700288185,2.589673717692378,0.03243082726951818
0.004059531700288184,2.593371410190432,0.03276929354289036
0.004060781700288184,2.589673717692378,0.0341231586363791
0.004062031700288184,2.582278332696271,0.0341231586363791
0.004063281700288184,2.589673717692378,0.03615395627661221
0.004064531700288184,2.589673717692378,0.03716935509672877
0.004065781700288184,2.589673717692378,0.03784628764347313
0.004067031700288185,2.578580640198218,0.03852322019021751
0.004068281700288184,2.589673717692378,0.03784628764347313
0.004069531700288185,2.57118525520211,0.03852322019021751
0.004070781700288184,2.582278332696271,0.03987708528370625
0.004072031700288184,2.585976025194325,0.03953861901033405
0.004073281700288184,2.578580640198218,0.04156941665056717
0.004074531700288184,2.589673717692378,0.04156941665056717
0.004075781700288184,2.578580640198218,0.04393868056417245
0.004077031700288184,2.578580640198218,0.04461561311091683
0.004078281700288185,2.585976025194325,0.04461561311091683
0.004079531700288184,2.578580640198218,0.04360021429080027
0.004080781700288185,2.582278332696271,0.04630794447777775
0.004082031700288184,2.578580640198218,0.04698487702452211
0.004083281700288184,2.582278332696271,0.04800027584463867
0.004084531700288184,2.585976025194325,0.0473233432978943
0.004085781700288184,2.578580640198218,0.04766180957126649
0.004087031700288184,2.578580640198218,0.04867720839138304
0.004088281700288184,2.57118525520211,0.04935414093812741
0.004089531700288185,2.574882947700164,0.05003107348487178
0.004090781700288184,2.578580640198218,0.05206187112510488
0.004092031700288185,2.567487562704057,0.05206187112510488
0.004093281700288184,2.567487562704057,0.05240033739847708
0.004094531700288184,2.582278332696271,0.05240033739847708
0.004095781700288184,2.57118525520211,0.05273880367184926
0.004097031700288184,2.578580640198218,0.05443113503871018
0.004098281700288184,2.578580640198218,0.05443113503871018
0.004099531700288184,2.567487562704057,0.05510806758545454
0.004100781700288185,2.57118525520211,0.05646193267894328
0.004102031700288184,2.574882947700164,0.05747733149905984
0.004103281700288185,2.57118525520211,0.05849273031917639
0.004104531700288184,2.574882947700164,0.05916966286592076
0.004105781700288184,2.567487562704057,0.05883119659254858
0.004107031700288184,2.57118525520211,0.06018506168603731
0.004108281700288184,2.574882947700164,0.06018506168603731
0.004109531700288185,2.574882947700164,0.0605235279594095
0.004110781700288184,2.582278332696271,0.06018506168603731
0.004112031700288185,2.574882947700164,0.06187739305289824
0.004113281700288184,2.57118525520211,0.06255432559964261
0.004114531700288184,2.57118525520211,0.06390819069313135
0.004115781700288184,2.574882947700164,0.06356972441975915
0.004117031700288184,2.574882947700164,0.06560052205999227
0.004118281700288184,2.593371410190432,0.06492358951324789
0.004119531700288184,2.574882947700164,0.06593898833336445
0.004120781700288185,2.563789870206003,0.06763131970022537
0.004122031700288184,2.574882947700164,0.06796978597359755
0.004123281700288185,2.574882947700164,0.06966211734045848
0.004124531700288184,2.574882947700164,0.06796978597359755
0.004125781700288184,2.567487562704057,0.06864671852034193
0.004127031700288184,2.57118525520211,0.07000058361383066
0.004128281700288184,2.578580640198218,0.0713544487073194
0.004129531700288184,2.574882947700164,0.07169291498069159
0.004130781700288184,2.563789870206003,0.06932365106708629
0.004132031700288185,2.57118525520211,0.07033904988720285
0.004133281700288184,2.563789870206003,0.07236984752743596
0.004134531700288185,2.578580640198218,0.07236984752743596
0.004135781700288184,2.57118525520211,0.07304678007418032
0.004137031700288184,2.578580640198218,0.0757545102611578
0.004138281700288184,2.57118525520211,0.0737237126209247
0.004139531700288184,2.567487562704057,0.07609297653452998
0.004140781700288184,2.574882947700164,0.07440064516766906
0.004142031700288184,2.574882947700164,0.07507757771441344
0.004143281700288185,2.578580640198218,0.07643144280790218
0.004144531700288184,2.57118525520211,0.07846224044813528
0.004145781700288185,2.57118525520211,0.0781237741747631
0.004147031700288184,2.567487562704057,0.07744684162801872
0.004148281700288184,2.567487562704057,0.07913917299487964
0.004149531700288184,2.567487562704057,0.07846224044813528
0.004150781700288184,2.567487562704057,0.07981610554162402
0.004152031700288185,2.57118525520211,0.07913917299487964
0.004153281700288184,2.574882947700164,0.07947763926825183
0.004154531700288185,2.57118525520211,0.08150843690848494
0.004155781700288184,2.574882947700164,0.0801545718149962
0.004157031700288184,2.567487562704057,0.08150843690848494
0.004158281700288184,2.567487562704057,0.08320076827534587
0.004159531700288184,2.567487562704057,0.08353923454871805
0.004160781700288184,2.567487562704057,0.08387770082209023
0.004162031700288184,2.57118525520211,0.08320076827534587
0.004163281700288185,2.567487562704057,0.08320076827534587
0.004164531700288184,2.567487562704057,0.08489309964220679
0.004165781700288185,2.574882947700164,0.08590849846232335
0.004167031700288184,2.57118525520211,0.08658543100906771
0.004168281700288184,2.567487562704057,0.08590849846232335
0.004169531700288184,2.57118525520211,0.08590849846232335
0.004170781700288184,2.57118525520211,0.08557003218895115
0.004172031700288184,2.574882947700164,0.08793929610255645
0.004173281700288184,2.567487562704057,0.08827776237592863
0.004174531700288185,2.57118525520211,0.08760082982918427
0.004175781700288184,2.57118525520211,0.08726236355581207
0.004177031700288185,2.574882947700164,0.08895469492267301
0.004178281700288184,2.563789870206003,0.08861622864930081
0.004179531700288184,2.57118525520211,0.08895469492267301
0.004180781700288184,2.563789870206003,0.09030856001616173
0.004182031700288184,2.574882947700164,0.09030856001616173
0.004183281700288184,2.578580640198218,0.09098549256290611
0.004184531700288184,2.567487562704057,0.08963162746941737
0.004185781700288185,2.567487562704057,0.09098549256290611
0.004187031700288184,2.567487562704057,0.09166242510965047
0.004188281700288185,2.57118525520211,0.09200089138302266
0.004189531700288184,2.57118525520211,0.09233935765639485
0.004190781700288184,2.574882947700164,0.09267782392976703
0.004192031700288184,2.567487562704057,0.09369322274988359
0.004193281700288184,2.57118525520211,0.09504708784337232
0.004194531700288185,2.57118525520211,0.09233935765639485
0.004195781700288184,2.563789870206003,0.09301629020313922
0.004197031700288185,2.56009217770795,0.09504708784337232
0.004198281700288184,2.578580640198218,0.0933547564765114
0.004199531700288184,2.578580640198218,0.09470862157000014
0.004200781700288184,2.57118525520211,0.09538555411674451
0.004202031700288184,2.563789870206003,0.09403168902325577
0.004203281700288184,2.563789870206003,0.0957240203901167
0.004204531700288184,2.56009217770795,0.0957240203901167
0.004205781700288185,2.574882947700164,0.0957240203901167
0.004207031700288184,2.574882947700164,0.0957240203901167
0.004208281700288185,2.567487562704057,0.09606248666348888
0.004209531700288184,2.574882947700164,0.09673941921023324
0.004210781700288184,2.567487562704057,0.09673941921023324
0.004212031700288184,2.567487562704057,0.09673941921023324
0.004213281700288184,2.567487562704057,0.09606248666348888
0.004214531700288184,2.574882947700164,0.09606248666348888
0.004215781700288184,2.567487562704057,0.0977548180303498
0.004217031700288185,2.57118525520211,0.09910868312383854
0.004218281700288184,2.563789870206003,0.0977548180303498
0.004219531700288185,2.56009217770795,0.09809328430372198
0.004220781700288184,2.57118525520211,0.09843175057709418
0.004222031700288184,2.567487562704057,0.0977548180303498
0.004223281700288184,2.57118525520211,0.09809328430372198
0.004224531700288184,2.574882947700164,0.09877021685046636
0.004225781700288184,2.57118525520211,0.09910868312383854
0.004227031700288184,2.57118525520211,0.09877021685046636
0.004228281700288185,2.567487562704057,0.0997856156705829
0.004229531700288184,2.567487562704057,0.09741635175697762
0.004230781700288185,2.578580640198218,0.0997856156705829
0.004232031700288184,2.563789870206003,0.1004625482173273
0.004233281700288184,2.563789870206003,0.09944714939721072
0.004234531700288184,2.57118525520211,0.1001240819439551
0.004235781700288184,2.57118525520211,0.09944714939721072
0.004237031700288185,2.574882947700164,0.0997856156705829
0.004238281700288184,2.563789870206003,0.1001240819439551
0.004239531700288185,2.57118525520211,0.09944714939721072
0.004240781700288184,2.563789870206003,0.1004625482173273
0.004242031700288184,2.567487562704057,0.1004625482173273
0.004243281700288184,2.567487562704057,0.1011394807640716
0.004244531700288184,2.57118525520211,0.1014779470374438
0.004245781700288184,2.567487562704057,0.0997856156705829
0.004247031700288184,2.563789870206003,0.1011394807640716
0.004248281700288185,2.563789870206003,0.1001240819439551
0.004249531700288184,2.57118525520211,0.1021548795841882
0.004250781700288185,2.57118525520211,0.1008010144906995
0.004252031700288184,2.574882947700164,0.1001240819439551
0.004253281700288184,2.563789870206003,0.1004625482173273
0.004254531700288184,2.57118525520211,0.1004625482173273
0.004255781700288184,2.567487562704057,0.09944714939721072
0.004257031700288184,2.563789870206003,0.1011394807640716
0.004258281700288184,2.567487562704057,0.101816413310816
0.004259531700288185,2.567487562704057,0.1008010144906995
0.004260781700288184,2.567487562704057,0.1008010144906995
0.004262031700288185,2.567487562704057,0.1008010144906995
0.004263281700288184,2.57118525520211,0.1008010144906995
0.004264531700288184,2.574882947700164,0.0997856156705829
0.004265781700288184,2.578580640198218,0.1008010144906995
0.004267031700288184,2.574882947700164,0.09944714939721072
0.004268281700288184,2.578580640198218,0.1014779470374438
0.004269531700288184,2.567487562704057,0.1011394807640716
0.004270781700288185,2.563789870206003,0.1008010144906995
0.004272031700288184,2.563789870206003,0.0997856156705829
0.004273281700288185,2.56009217770795,0.1001240819439551
0.004274531700288184,2.567487562704057,0.0997856156705829
0.004275781700288184,2.57118525520211,0.0997856156705829
0.004277031700288184,2.57118525520211,0.0997856156705829
0.004278281700288184,2.567487562704057,0.1008010144906995
0.004279531700288184,2.574882947700164,0.09910868312383854
0.004280781700288184,2.57118525520211,0.09944714939721072
0.004282031700288185,2.57118525520211,0.09877021685046636
0.004283281700288184,2.563789870206003,0.09843175057709418
0.004284531700288184,2.567487562704057,0.09910868312383854
0.004285781700288184,2.578580640198218,0.09843175057709418
0.004287031700288184,2.578580640198218,0.0997856156705829
0.004288281700288184,2.574882947700164,0.09877021685046636
0.004289531700288184,2.56009217770795,0.09843175057709418
0.004290781700288185,2.57118525520211,0.09910868312383854
0.004292031700288184,2.574882947700164,0.1001240819439551
0.004293281700288185,2.57118525520211,0.09843175057709418
0.004294531700288184,2.563789870206003,0.09673941921023324
0.004295781700288184,2.57118525520211,0.09673941921023324
0.004297031700288184,2.57118525520211,0.09809328430372198
0.004298281700288184,2.563789870206003,0.09843175057709418
0.004299531700288184,2.57118525520211,0.0977548180303498
0.004300781700288184,2.563789870206003,0.09606248666348888
0.004302031700288185,2.563789870206003,0.09673941921023324
0.004303281700288184,2.574882947700164,0.0957240203901167
0.004304531700288185,2.567487562704057,0.09640095293686106
0.004305781700288184,2.574882947700164,0.09673941921023324
0.004307031700288184,2.57118525520211,0.0957240203901167
0.004308281700288184,2.574882947700164,0.09470862157000014
0.004309531700288184,2.57118525520211,0.09504708784337232
0.004310781700288184,2.57118525520211,0.09470862157000014
0.004312031700288184,2.57118525520211,0.09640095293686106
0.004313281700288185,2.574882947700164,0.09403168902325577
0.004314531700288184,2.57118525520211,0.0957240203901167
0.004315781700288185,2.57118525520211,0.09437015529662796
0.004317031700288184,2.574882947700164,0.0933547564765114
0.004318281700288184,2.563789870206003,0.09301629020313922
0.004319531700288184,2.57118525520211,0.09267782392976703
0.004320781700288184,2.563789870206003,0.09369322274988359
0.004322031700288184,2.56009217770795,0.09267782392976703
0.004323281700288184,2.57118525520211,0.09301629020313922
0.004324531700288185,2.574882947700164,0.09098549256290611
0.004325781700288184,2.574882947700164,0.09132395883627829
0.004327031700288184,2.567487562704057,0.08997009374278955
0.004328281700288184,2.567487562704057,0.09132395883627829
0.004329531700288184,2.574882947700164,0.09098549256290611
0.004330781700288184,2.563789870206003,0.09030856001616173
0.004332031700288184,2.567487562704057,0.08929316119604519
0.004333281700288185,2.563789870206003,0.08895469492267301
0.004334531700288184,2.563789870206003,0.08895469492267301
0.004335781700288185,2.57118525520211,0.08861622864930081
0.004337031700288184,2.567487562704057,0.08827776237592863
0.004338281700288184,2.57118525520211,0.08726236355581207
0.004339531700288184,2.567487562704057,0.08692389728243989
0.004340781700288184,2.57118525520211,0.08760082982918427
0.004342031700288184,2.578580640198218,0.08624696473569553
0.004343281700288184,2.578580640198218,0.08590849846232335
0.004344531700288185,2.574882947700164,0.08624696473569553
0.004345781700288184,2.567487562704057,0.08590849846232335
0.004347031700288185,2.574882947700164,0.08557003218895115
0.004348281700288184,2.574882947700164,0.08489309964220679
0.004349531700288184,2.56009217770795,0.08455463336883461
0.004350781700288184,2.567487562704057,0.08320076827534587
0.004352031700288184,2.57118525520211,0.08320076827534587
0.004353281700288184,2.567487562704057,0.08320076827534587
0.004354531700288184,2.57118525520211,0.08353923454871805
0.004355781700288185,2.57118525520211,0.08049303808836838
0.004357031700288184,2.57118525520211,0.08049303808836838
0.004358281700288185,2.567487562704057,0.08150843690848494
0.004359531700288184,2.57118525520211,0.08116997063511276
0.004360781700288184,2.578580640198218,0.0801545718149962
0.004362031700288184,2.57118525520211,0.0801545718149962
0.004363281700288184,2.57118525520211,0.07913917299487964
0.004364531700288184,2.57118525520211,0.07846224044813528
0.004365781700288184,2.563789870206003,0.0781237741747631
0.004367031700288185,2.57118525520211,0.07676990908127436
0.004368281700288184,2.567487562704057,0.07676990908127436
0.004369531700288184,2.57118525520211,0.07609297653452998
0.004370781700288184,2.574882947700164,0.07541604398778562
0.004372031700288184,2.563789870206003,0.07473911144104124
0.004373281700288184,2.567487562704057,0.07440064516766906
0.004374531700288184,2.57118525520211,0.0737237126209247
0.004375781700288185,2.57118525520211,0.07440064516766906
0.004377031700288184,2.567487562704057,0.07338524634755252
0.004378281700288185,2.57118525520211,0.07270831380080814
0.004379531700288184,2.567487562704057,0.07236984752743596
0.004380781700288184,2.56009217770795,0.07101598243394722
0.004382031700288184,2.57118525520211,0.07203138125406378
0.004383281700288184,2.567487562704057,0.07067751616057504
0.004384531700288184,2.56009217770795,0.07000058361383066
0.004385781700288184,2.567487562704057,0.07000058361383066
0.004387031700288185,2.57118525520211,0.06966211734045848
0.004388281700288184,2.57118525520211,0.06932365106708629
0.004389531700288185,2.563789870206003,0.06729285342685319
0.004390781700288184,2.567487562704057,0.06593898833336445
0.004392031700288184,2.567487562704057,0.06560052205999227
0.004393281700288184,2.563789870206003,0.06560052205999227
0.004394531700288184,2.57118525520211,0.06560052205999227
0.004395781700288184,2.574882947700164,0.06458512323987571
0.004397031700288184,2.57118525520211,0.06289279187301479
0.004398281700288185,2.57118525520211,0.06323125814638697
0.004399531700288184,2.563789870206003,0.06390819069313135
0.004400781700288185,2.567487562704057,0.06255432559964261
0.004402031700288184,2.57118525520211,0.06289279187301479
0.004403281700288184,2.57118525520211,0.05916966286592076
0.004404531700288184,2.56009217770795,0.05916966286592076
0.004405781700288184,2.563789870206003,0.0605235279594095
0.004407031700288184,2.57118525520211,0.0581542640458042
0.004408281700288184,2.56009217770795,0.05849273031917639
0.004409531700288185,2.567487562704057,0.05781579777243202
0.004410781700288184,2.56009217770795,0.05476960131208236
0.004412031700288184,2.57118525520211,0.05680039895231546
0.004413281700288184,2.57118525520211,0.0561234664055711
0.004414531700288184,2.56009217770795,0.0561234664055711
0.004415781700288184,2.57118525520211,0.054092668765338
0.004417031700288184,2.552696792711842,0.05443113503871018
0.004418281700288185,2.56009217770795,0.05138493857836052
0.004419531700288184,2.567487562704057,0.05240033739847708
0.004420781700288185,2.56009217770795,0.05070800603161614
0.004422031700288184,2.57118525520211,0.0517234048517327
0.004423281700288184,2.56009217770795,0.05104647230498834
0.004424531700288184,2.56009217770795,0.05036953975824396
0.004425781700288184,2.563789870206003,0.04901567466475522
0.004427031700288184,2.57118525520211,0.04867720839138304
0.004428281700288184,2.56009217770795,0.04698487702452211
0.004429531700288185,2.56009217770795,0.04698487702452211
0.004430781700288184,2.56009217770795,0.04664641075114993
0.004432031700288185,2.563789870206003,0.04563101193103337
0.004433281700288184,2.56009217770795,0.04495407938428901
0.004434531700288184,2.563789870206003,0.04393868056417245
0.004435781700288184,2.563789870206003,0.04258481547068371
0.004437031700288184,2.57118525520211,0.04258481547068371
0.004438281700288184,2.567487562704057,0.04326174801742809
0.004439531700288184,2.563789870206003,0.04156941665056717
0.004440781700288185,2.574882947700164,0.04055401783045061
0.004442031700288184,2.56009217770795,0.03920015273696187
0.004443281700288185,2.56009217770795,0.03920015273696187
0.004444531700288184,2.552696792711842,0.03920015273696187
0.004445781700288184,2.552696792711842,0.03683088882335658
0.004447031700288184,2.56009217770795,0.03852322019021751
0.004448281700288184,2.563789870206003,0.03513855745649566
0.004449531700288184,2.56009217770795,0.03446162490975128
0.004450781700288184,2.563789870206003,0.03480009118312347
0.004452031700288185,2.563789870206003,0.03480009118312347
0.004453281700288184,2.556394485209896,0.03378469236300692
0.004454531700288185,2.556394485209896,0.03276929354289036
0.004455781700288184,2.556394485209896,0.0317538947227738
0.004457031700288184,2.56009217770795,0.03107696217602944
0.004458281700288184,2.556394485209896,0.0297230970825407
0.004459531700288184,2.563789870206003,0.03040002962928507
0.004460781700288185,2.556394485209896,0.02870769826242415
0.004462031700288184,2.552696792711842,0.02870769826242415
0.004463281700288185,2.548999100213789,0.02667690062219104
0.004464531700288184,2.552696792711842,0.02667690062219104
0.004465781700288184,2.548999100213789,0.0253230355287023
0.004467031700288184,2.552696792711842,0.0253230355287023
0.004468281700288184,2.556394485209896,0.02430763670858575
0.004469531700288184,2.56009217770795,0.02329223788846919
0.004470781700288184,2.563789870206003,0.02363070416184138
0.004472031700288185,2.548999100213789,0.02126144024823609
0.004473281700288184,2.552696792711842,0.02227683906835264
0.004474531700288185,2.548999100213789,0.01956910888137517
0.004475781700288184,2.541603715217682,0.01990757515474735
0.004477031700288184,2.548999100213789,0.01855371006125861
0.004478281700288184,2.548999100213789,0.01855371006125861
0.004479531700288184,2.545301407715735,0.01686137869439769
0.004480781700288184,2.548999100213789,0.01719984496776987
0.004482031700288184,2.541603715217682,0.01686137869439769
0.004483281700288185,2.537906022719628,0.01516904732753676
0.004484531700288184,2.545301407715735,0.01516904732753676
0.004485781700288185,2.552696792711842,0.01313824968730366
0.004487031700288184,2.537906022719628,0.0121228508671871
0.004488281700288184,2.545301407715735,0.01178438459381492
0.004489531700288184,2.534208330221575,0.010092053226954
0.004490781700288184,2.530510637723521,0.01144591832044273
0.004492031700288184,2.534208330221575,0.009076654406837442
0.004493281700288184,2.534208330221575,0.008399721860093074
0.004494531700288185,2.530510637723521,0.008061255586720889
0.004495781700288184,2.526812945225467,0.007045856766604335
0.004497031700288185,2.530510637723521,0.005353525399743412
0.004498281700288184,2.526812945225467,0.006030457946487782
0.004499531700288184,2.523115252727414,0.004338126579626859
0.004500781700288184,2.515719867731307,0.004676592852999043
0.004502031700288184,2.512022175233253,0.002645795212765936
0.004503281700288185,2.512022175233253,0.002645795212765936
0.004504531700288184,2.508324482735199,0.001630396392649382
0.004505781700288185,2.497231405241039,0.001630396392649382
0.004507031700288184,2.497231405241039,0.0002765312991606437
0.004508281700288184,2.486138327746878,-0.001754266341072464
0.004509531700288184,2.393696015295538,-0.002769665161189018
0.004510781700288184,2.412184477785806,-0.001077333794328095
0.004512031700288184,1.97215907051743,-0.003785063981305571
0.004513281700288184,1.380528270828857,-0.003108131434561202
0.004514531700288185,0.5818266912492823,-0.004461996528049941
0.004515781700288184,-0.2797356607972027,-0.006154327894910864
0.004517031700288185,-1.47409033766851,-0.006154327894910864
0.004518281700288184,-2.40221115467996,-0.007846659261771787
0.004519531700288184,-2.786771174477533,-0.007846659261771787
0.004520781700288184,-2.805259636967801,-0.00818512553514397
0.004522031700288184,-2.812655021963908,-0.009538990628632709
0.004523281700288184,-2.831143484454176,-0.01055438944874926
0.004524531700288184,-2.838538869450283,-0.01055438944874926
0.004525781700288185,-2.838538869450283,-0.01258518708898237
0.004527031700288184,-2.842236561948337,-0.01224672081561019
0.004528281700288185,-2.842236561948337,-0.01360058590909892
0.004529531700288184,-2.857027331940551,-0.01529291727595985
0.004530781700288184,-2.868120409434712,-0.01563138354933203
0.004532031700288184,-2.875515794430819,-0.01529291727595985
0.004533281700288184,-2.868120409434712,-0.01596984982270422
0.004534531700288184,-2.882911179426926,-0.01664678236944859
0.004535781700288184,-2.879213486928872,-0.01766218118956514
0.004537031700288185,-2.882911179426926,-0.01901604628305388
0.004538281700288184,-2.882911179426926,-0.02104684392328698
0.004539531700288185,-2.882911179426926,-0.02104684392328698
0.004540781700288184,-2.882911179426926,-0.02206224274340354
0.004542031700288184,-2.88660887192498,-0.02206224274340354
0.004543281700288184,-2.875515794430819,-0.02307764156352009
0.004544531700288184,-2.882911179426926,-0.02409304038363665
0.004545781700288185,-2.88660887192498,-0.02443150665700883
0.004547031700288184,-2.890306564423033,-0.02409304038363665
0.004548281700288185,-2.890306564423033,-0.0251084392037532
0.004549531700288184,-2.890306564423033,-0.02747770311735849
0.004550781700288184,-2.88660887192498,-0.02747770311735849
0.004552031700288184,-2.882911179426926,-0.02781616939073068
0.004553281700288184,-2.890306564423033,-0.02883156821084723
0.004554531700288184,-2.890306564423033,-0.02984696703096379
0.004555781700288184,-2.88660887192498,-0.03052389957770815
0.004557031700288185,-2.890306564423033,-0.03153929839782471
0.004558281700288184,-2.894004256921086,-0.03289316349131345
0.004559531700288185,-2.890306564423033,-0.03255469721794126
0.004560781700288184,-2.890306564423033,-0.03255469721794126
0.004562031700288184,-2.88660887192498,-0.03458549485817437
0.004563281700288184,-2.890306564423033,-0.03424702858480218
0.004564531700288184,-2.890306564423033,-0.03729322504515184
0.004565781700288184,-2.894004256921086,-0.03695475877177966
0.004567031700288184,-2.88660887192498,-0.03729322504515184
0.004568281700288185,-2.890306564423033,-0.0383086238652684
0.004569531700288184,-2.890306564423033,-0.03797015759189622
0.004570781700288185,-2.88660887192498,-0.03864709013864058
0.004572031700288184,-2.890306564423033,-0.0403394215055015
0.004573281700288184,-2.88660887192498,-0.04135482032561806
0.004574531700288184,-2.88660887192498,-0.04101635405224588
0.004575781700288184,-2.890306564423033,-0.04101635405224588
0.004577031700288184,-2.890306564423033,-0.04304715169247898
0.004578281700288184,-2.901399641917194,-0.0427086854191068
0.004579531700288185,-2.882911179426926,-0.04372408423922335
0.004580781700288184,-2.882911179426926,-0.04440101678596772
0.004582031700288185,-2.88660887192498,-0.04677028069957301
0.004583281700288184,-2.88660887192498,-0.04677028069957301
0.004584531700288184,-2.894004256921086,-0.04609334815282864
0.004585781700288184,-2.875515794430819,-0.04812414579306175
0.004587031700288184,-2.882911179426926,-0.04812414579306175
0.004588281700288185,-2.88660887192498,-0.05015494343329487
0.004589531700288184,-2.894004256921086,-0.05015494343329487
0.004590781700288185,-2.894004256921086,-0.05049340970666705
0.004592031700288184,-2.88660887192498,-0.04981647715992267
0.004593281700288184,-2.879213486928872,-0.05117034225341141
0.004594531700288184,-2.890306564423033,-0.05252420734690015
0.004595781700288184,-2.88660887192498,-0.05387807244038889
0.004597031700288184,-2.890306564423033,-0.05421653871376107
0.004598281700288184,-2.890306564423033,-0.05387807244038889
0.004599531700288185,-2.88660887192498,-0.05489347126050545
0.004600781700288184,-2.894004256921086,-0.05557040380724981
0.004602031700288185,-2.875515794430819,-0.05658580262736637
0.004603281700288184,-2.894004256921086,-0.05760120144748292
0.004604531700288184,-2.88660887192498,-0.05861660026759948
0.004605781700288184,-2.88660887192498,-0.05963199908771603
0.004607031700288184,-2.890306564423033,-0.05827813399422729
0.004608281700288184,-2.88660887192498,-0.05997046536108822
0.004609531700288184,-2.88660887192498,-0.05963199908771603
0.004610781700288185,-2.890306564423033,-0.06098586418120476
0.004612031700288184,-2.89770194941914,-0.06132433045457696
0.004613281700288185,-2.890306564423033,-0.0626781955480657
0.004614531700288184,-2.89770194941914,-0.06301666182143788
0.004615781700288184,-2.88660887192498,-0.06403206064155444
0.004617031700288184,-2.890306564423033,-0.06437052691492662
0.004618281700288184,-2.890306564423033,-0.0647089931882988
0.004619531700288184,-2.894004256921086,-0.0647089931882988
0.004620781700288184,-2.88660887192498,-0.06504745946167098
0.004622031700288185,-2.89770194941914,-0.0667397908285319
0.004623281700288184,-2.894004256921086,-0.06741672337527628
0.004624531700288185,-2.88660887192498,-0.0670782571019041
0.004625781700288184,-2.88660887192498,-0.06775518964864846
0.004627031700288184,-2.890306564423033,-0.06877058846876502
0.004628281700288184,-2.901399641917194,-0.06978598728888157
0.004629531700288184,-2.894004256921086,-0.07147831865574249
0.004630781700288184,-2.890306564423033,-0.07046291983562594
0.004632031700288184,-2.890306564423033,-0.07080138610899812
0.004633281700288185,-2.901399641917194,-0.07147831865574249
0.004634531700288184,-2.894004256921086,-0.07249371747585905
0.004635781700288184,-2.890306564423033,-0.07317065002260341
0.004637031700288184,-2.894004256921086,-0.07283218374923123
0.004638281700288184,-2.89770194941914,-0.0735091162959756
0.004639531700288184,-2.88660887192498,-0.07418604884271997
0.004640781700288184,-2.894004256921086,-0.07553991393620871
0.004642031700288185,-2.894004256921086,-0.07655531275632527
0.004643281700288184,-2.901399641917194,-0.07520144766283653
0.004644531700288185,-2.901399641917194,-0.07689377902969745
0.004645781700288184,-2.894004256921086,-0.07723224530306963
0.004647031700288184,-2.894004256921086,-0.07723224530306963
0.004648281700288184,-2.89770194941914,-0.07790917784981399
0.004649531700288184,-2.894004256921086,-0.07824764412318619
0.004650781700288184,-2.894004256921086,-0.07993997549004711
0.004652031700288184,-2.901399641917194,-0.07993997549004711
0.004653281700288185,-2.89770194941914,-0.07790917784981399
0.004654531700288184,-2.901399641917194,-0.07960150921667491
0.004655781700288185,-2.901399641917194,-0.08027844176341929
0.004657031700288184,-2.89770194941914,-0.08163230685690803
0.004658281700288184,-2.908795026913301,-0.0823092394036524
0.004659531700288184,-2.901399641917194,-0.0823092394036524
0.004660781700288184,-2.905097334415248,-0.08163230685690803
0.004662031700288184,-2.89770194941914,-0.08264770567702458
0.004663281700288184,-2.890306564423033,-0.08400157077051332
0.004664531700288185,-2.894004256921086,-0.08332463822376895
0.004665781700288184,-2.912492719411354,-0.08535543586400206
0.004667031700288185,-2.905097334415248,-0.08535543586400206
0.004668281700288184,-2.894004256921086,-0.08501696959062988
0.004669531700288184,-2.901399641917194,-0.08467850331725769
0.004670781700288184,-2.905097334415248,-0.08603236841074643
0.004672031700288184,-2.901399641917194,-0.08772469977760736
0.004673281700288184,-2.905097334415248,-0.08637083468411862
0.004674531700288184,-2.89770194941914,-0.08637083468411862
0.004675781700288185,-2.912492719411354,-0.08704776723086298
0.004677031700288184,-2.89770194941914,-0.08704776723086298
0.004678281700288184,-2.905097334415248,-0.08806316605097954
0.004679531700288184,-2.89770194941914,-0.08941703114446828
0.004680781700288184,-2.908795026913301,-0.08941703114446828
0.004682031700288184,-2.901399641917194,-0.0887400985977239
0.004683281700288184,-2.905097334415248,-0.0890785648710961
0.004684531700288185,-2.905097334415248,-0.09009396369121264
0.004685781700288184,-2.908795026913301,-0.0890785648710961
0.004687031700288185,-2.89770194941914,-0.0911093625113292
0.004688281700288184,-2.908795026913301,-0.09212476133144575
0.004689531700288184,-2.905097334415248,-0.09144782878470138
0.004690781700288184,-2.905097334415248,-0.0931401601515623
0.004692031700288184,-2.908795026913301,-0.09178629505807356
0.004693281700288184,-2.908795026913301,-0.09144782878470138
0.004694531700288184,-2.908795026913301,-0.09246322760481794
0.004695781700288185,-2.905097334415248,-0.0931401601515623
0.004697031700288184,-2.908795026913301,-0.09347862642493449
0.004698281700288185,-2.905097334415248,-0.09449402524505104
0.004699531700288184,-2.908795026913301,-0.09415555897167886
0.004700781700288184,-2.901399641917194,-0.09381709269830668
0.004702031700288184,-2.905097334415248,-0.09381709269830668
0.004703281700288184,-2.908795026913301,-0.09415555897167886
0.004704531700288184,-2.912492719411354,-0.09449402524505104
0.004705781700288184,-2.908795026913301,-0.09652482288528415
0.004707031700288185,-2.908795026913301,-0.0955094240651676
0.004708281700288184,-2.916190411909408,-0.09449402524505104
0.004709531700288185,-2.908795026913301,-0.09483249151842323
0.004710781700288184,-2.912492719411354,-0.09720175543202852
0.004712031700288184,-2.908795026913301,-0.09652482288528415
0.004713281700288184,-2.905097334415248,-0.09652482288528415
0.004714531700288184,-2.912492719411354,-0.09754022170540071
0.004715781700288184,-2.912492719411354,-0.09754022170540071
0.004717031700288184,-2.908795026913301,-0.09618635661191197
0.004718281700288185,-2.908795026913301,-0.09618635661191197
0.004719531700288184,-2.908795026913301,-0.09754022170540071
0.004720781700288184,-2.901399641917194,-0.09855562052551727
0.004722031700288184,-2.905097334415248,-0.09720175543202852
0.004723281700288184,-2.908795026913301,-0.09889408679888945
0.004724531700288184,-2.901399641917194,-0.09720175543202852
0.004725781700288184,-2.901399641917194,-0.09787868797877289
0.004727031700288185,-2.912492719411354,-0.09889408679888945
0.004728281700288184,-2.912492719411354,-0.09821715425214507
0.004729531700288185,-2.912492719411354,-0.09889408679888945
0.004730781700288184,-2.919888104407462,-0.09923255307226163
0.004732031700288184,-2.908795026913301,-0.09889408679888945
0.004733281700288184,-2.912492719411354,-0.09787868797877289
0.004734531700288184,-2.908795026913301,-0.09923255307226163
0.004735781700288184,-2.905097334415248,-0.09923255307226163
0.004737031700288184,-2.912492719411354,-0.09990948561900599
0.004738281700288185,-2.908795026913301,-0.09990948561900599
0.004739531700288184,-2.908795026913301,-0.09990948561900599
0.004740781700288185,-2.912492719411354,-0.09957101934563381
0.004742031700288184,-2.916190411909408,-0.1002479518923782
0.004743281700288184,-2.916190411909408,-0.09957101934563381
0.004744531700288184,-2.912492719411354,-0.09957101934563381
0.004745781700288184,-2.916190411909408,-0.1005864181657504
0.004747031700288184,-2.908795026913301,-0.1002479518923782
0.004748281700288184,-2.901399641917194,-0.1002479518923782
0.004749531700288185,-2.912492719411354,-0.1005864181657504
0.004750781700288184,-2.912492719411354,-0.1002479518923782
0.004752031700288185,-2.916190411909408,-0.1002479518923782
0.004753281700288184,-2.908795026913301,-0.09889408679888945
0.004754531700288184,-2.905097334415248,-0.09923255307226163
0.004755781700288184,-2.901399641917194,-0.1005864181657504
0.004757031700288184,-2.916190411909408,-0.09957101934563381
0.004758281700288184,-2.912492719411354,-0.09957101934563381
0.004759531700288184,-2.916190411909408,-0.1012633507124947
0.004760781700288185,-2.912492719411354,-0.09990948561900599
0.004762031700288184,-2.905097334415248,-0.1002479518923782
0.004763281700288184,-2.912492719411354,-0.1005864181657504
0.004764531700288184,-2.908795026913301,-0.1005864181657504
0.004765781700288184,-2.908795026913301,-0.09957101934563381
0.004767031700288184,-2.912492719411354,-0.09990948561900599
0.004768281700288184,-2.916190411909408,-0.09957101934563381
0.004769531700288185,-2.912492719411354,-0.09855562052551727
0.004770781700288184,-2.912492719411354,-0.09990948561900599
0.004772031700288185,-2.905097334415248,-0.09990948561900599
0.004773281700288184,-2.905097334415248,-0.09923255307226163
0.004774531700288184,-2.912492719411354,-0.1005864181657504
0.004775781700288184,-2.905097334415248,-0.1002479518923782
0.004777031700288184,-2.908795026913301,-0.09889408679888945
0.004778281700288184,-2.912492719411354,-0.09923255307226163
0.004779531700288184,-2.901399641917194,-0.09787868797877289
0.004780781700288185,-2.908795026913301,-0.09990948561900599
0.004782031700288184,-2.912492719411354,-0.09957101934563381
0.004783281700288185,-2.916190411909408,-0.09720175543202852
0.004784531700288184,-2.901399641917194,-0.09720175543202852
0.004785781700288184,-2.908795026913301,-0.09855562052551727
0.004787031700288184,-2.908795026913301,-0.09821715425214507
0.004788281700288184,-2.916190411909408,-0.09889408679888945
0.004789531700288184,-2.912492719411354,-0.09754022170540071
0.004790781700288184,-2.901399641917194,-0.09787868797877289
0.004792031700288185,-2.916190411909408,-0.09821715425214507
0.004793281700288184,-2.905097334415248,-0.09923255307226163
0.004794531700288185,-2.905097334415248,-0.09720175543202852
0.004795781700288184,-2.916190411909408,-0.09652482288528415
0.004797031700288184,-2.908795026913301,-0.09584789033853978
0.004798281700288184,-2.908795026913301,-0.09618635661191197
0.004799531700288184,-2.912492719411354,-0.0955094240651676
0.004800781700288184,-2.901399641917194,-0.09686328915865633
0.004802031700288184,-2.916190411909408,-0.09584789033853978
0.004803281700288185,-2.912492719411354,-0.09652482288528415
0.004804531700288184,-2.908795026913301,-0.09720175543202852
0.004805781700288185,-2.901399641917194,-0.09584789033853978
0.004807031700288184,-2.89770194941914,-0.09517095779179541
0.004808281700288184,-2.901399641917194,-0.09449402524505104
0.004809531700288184,-2.908795026913301,-0.09415555897167886
0.004810781700288184,-2.908795026913301,-0.09381709269830668
0.004812031700288185,-2.912492719411354,-0.09517095779179541
0.004813281700288184,-2.905097334415248,-0.09415555897167886
0.004814531700288185,-2.901399641917194,-0.0931401601515623
0.004815781700288184,-2.901399641917194,-0.09246322760481794
0.004817031700288184,-2.901399641917194,-0.09415555897167886
0.004818281700288184,-2.905097334415248,-0.09347862642493449
0.004819531700288184,-2.905097334415248,-0.09347862642493449
0.004820781700288184,-2.908795026913301,-0.09178629505807356
0.004822031700288184,-2.905097334415248,-0.09212476133144575
0.004823281700288185,-2.905097334415248,-0.09009396369121264
0.004824531700288184,-2.905097334415248,-0.09077089623795702
0.004825781700288185,-2.901399641917194,-0.09043242996458482
0.004827031700288184,-2.89770194941914,-0.09043242996458482
0.004828281700288184,-2.905097334415248,-0.0911093625113292
0.004829531700288184,-2.908795026913301,-0.08975549741784046
0.004830781700288184,-2.905097334415248,-0.0890785648710961
0.004832031700288184,-2.901399641917194,-0.08975549741784046
0.004833281700288184,-2.901399641917194,-0.0887400985977239
0.004834531700288185,-2.905097334415248,-0.08772469977760736
0.004835781700288184,-2.905097334415248,-0.0867093009574908
0.004837031700288185,-2.901399641917194,-0.08840163232435172
0.004838281700288184,-2.901399641917194,-0.08704776723086298
0.004839531700288184,-2.890306564423033,-0.08738623350423516
0.004840781700288184,-2.89770194941914,-0.08603236841074643
0.004842031700288184,-2.905097334415248,-0.08704776723086298
0.004843281700288184,-2.901399641917194,-0.08467850331725769
0.004844531700288184,-2.894004256921086,-0.08501696959062988
0.004845781700288185,-2.894004256921086,-0.08332463822376895
0.004847031700288184,-2.901399641917194,-0.08400157077051332
0.004848281700288185,-2.890306564423033,-0.0843400370438855
0.004849531700288184,-2.894004256921086,-0.08332463822376895
0.004850781700288184,-2.901399641917194,-0.08163230685690803
0.004852031700288184,-2.901399641917194,-0.08332463822376895
0.004853281700288184,-2.89770194941914,-0.08095537431016366
0.004854531700288185,-2.901399641917194,-0.08197077313028021
0.004855781700288184,-2.905097334415248,-0.08061690803679147
0.004857031700288185,-2.89770194941914,-0.08061690803679147
0.004858281700288184,-2.890306564423033,-0.08095537431016366
0.004859531700288184,-2.894004256921086,-0.07960150921667491
0.004860781700288184,-2.89770194941914,-0.07892457666993055
0.004862031700288184,-2.901399641917194,-0.07892457666993055
0.004863281700288184,-2.88660887192498,-0.07757071157644181
0.004864531700288184,-2.890306564423033,-0.07757071157644181
0.004865781700288185,-2.890306564423033,-0.07689377902969745
0.004867031700288184,-2.901399641917194,-0.07587838020958089
0.004868281700288185,-2.88660887192498,-0.07689377902969745
0.004869531700288184,-2.894004256921086,-0.07689377902969745
0.004870781700288184,-2.894004256921086,-0.07553991393620871
0.004872031700288184,-2.890306564423033,-0.07452451511609215
0.004873281700288184,-2.882911179426926,-0.07384758256934779
0.004874531700288184,-2.890306564423033,-0.0735091162959756
0.004875781700288184,-2.901399641917194,-0.07384758256934779
0.004877031700288185,-2.89770194941914,-0.07384758256934779
0.004878281700288184,-2.890306564423033,-0.07215525120248686
0.004879531700288185,-2.879213486928872,-0.06978598728888157
0.004880781700288184,-2.890306564423033,-0.07012445356225375
0.004882031700288184,-2.890306564423033,-0.07012445356225375
0.004883281700288184,-2.890306564423033,-0.06944752101550938
0.004884531700288184,-2.894004256921086,-0.06944752101550938
0.004885781700288184,-2.879213486928872,-0.06944752101550938
0.004887031700288184,-2.875515794430819,-0.06843212219539282
0.004888281700288185,-2.890306564423033,-0.06809365592202064
0.004889531700288184,-2.88660887192498,-0.06640132455515972
0.004890781700288185,-2.88660887192498,-0.0670782571019041
0.004892031700288184,-2.88660887192498,-0.06606285828178754
0.004893281700288184,-2.882911179426926,-0.0647089931882988
0.004894531700288184,-2.890306564423033,-0.06369359436818224
0.004895781700288184,-2.879213486928872,-0.0647089931882988
0.004897031700288185,-2.868120409434712,-0.06335512809481006
0.004898281700288184,-2.879213486928872,-0.06369359436818224
0.004899531700288185,-2.879213486928872,-0.0623397292746935
0.004900781700288184,-2.882911179426926,-0.06200126300132132
0.004902031700288184,-2.882911179426926,-0.06064739790783258
0.004903281700288184,-2.871818101932765,-0.05963199908771603
0.004904531700288184,-2.879213486928872,-0.0579396677208551
0.004905781700288184,-2.875515794430819,-0.05861660026759948
0.004907031700288184,-2.879213486928872,-0.05929353281434384
0.004908281700288185,-2.875515794430819,-0.05861660026759948
0.004909531700288184,-2.882911179426926,-0.05726273517411073
0.004910781700288185,-2.875515794430819,-0.05624733635399418
0.004912031700288184,-2.875515794430819,-0.05624733635399418
0.004913281700288184,-2.871818101932765,-0.05421653871376107
0.004914531700288184,-2.875515794430819,-0.05421653871376107
0.004915781700288184,-2.864422716936658,-0.05421653871376107
0.004917031700288184,-2.879213486928872,-0.05286267362027233
0.004918281700288184,-2.868120409434712,-0.05252420734690015
0.004919531700288185,-2.875515794430819,-0.05184727480015579
0.004920781700288184,-2.871818101932765,-0.05117034225341141
0.004922031700288185,-2.875515794430819,-0.05218574107352797
0.004923281700288184,-2.868120409434712,-0.04846261206643393
0.004924531700288184,-2.871818101932765,-0.04812414579306175
0.004925781700288184,-2.860725024438604,-0.04947801088655049
0.004927031700288184,-2.864422716936658,-0.04812414579306175
0.004928281700288184,-2.871818101932765,-0.04744721324631739
0.004929531700288184,-2.868120409434712,-0.04778567951968957
0.004930781700288185,-2.868120409434712,-0.0447394830593399
0.004932031700288184,-2.857027331940551,-0.04338561796585116
0.004933281700288185,-2.853329639442497,-0.04304715169247898
0.004934531700288184,-2.84593425444639,-0.04541641560608428
0.004935781700288184,-2.868120409434712,-0.04372408423922335
0.004937031700288184,-2.864422716936658,-0.04101635405224588
0.004938281700288184,-2.860725024438604,-0.04169328659899024
0.004939531700288185,-2.853329639442497,-0.0403394215055015
0.004940781700288184,-2.853329639442497,-0.03898555641201276
0.004942031700288185,-2.84593425444639,-0.03864709013864058
0.004943281700288184,-2.853329639442497,-0.03797015759189622
0.004944531700288184,-2.853329639442497,-0.03864709013864058
0.004945781700288184,-2.853329639442497,-0.0362778262250353
0.004947031700288184,-2.857027331940551,-0.0362778262250353
0.004948281700288184,-2.84593425444639,-0.03458549485817437
0.004949531700288184,-2.849631946944444,-0.03492396113154655
0.004950781700288185,-2.84593425444639,-0.03357009603805781
0.004952031700288184,-2.849631946944444,-0.03323162976468563
0.004953281700288185,-2.842236561948337,-0.03187776467119689
0.004954531700288184,-2.84593425444639,-0.03221623094456907
0.004955781700288184,-2.842236561948337,-0.03153929839782471
0.004957031700288184,-2.838538869450283,-0.02984696703096379
0.004958281700288184,-2.834841176952229,-0.02984696703096379
0.004959531700288184,-2.838538869450283,-0.0295085007575916
0.004960781700288184,-2.834841176952229,-0.02713923684398631
0.004962031700288185,-2.831143484454176,-0.02781616939073068
0.004963281700288184,-2.838538869450283,-0.02578537175049757
0.004964531700288185,-2.834841176952229,-0.02476997293038102
0.004965781700288184,-2.838538869450283,-0.02612383802386975
0.004967031700288184,-2.827445791956122,-0.0251084392037532
0.004968281700288184,-2.834841176952229,-0.02409304038363665
0.004969531700288184,-2.820050406960015,-0.02409304038363665
0.004970781700288184,-2.820050406960015,-0.02172377647003135
0.004972031700288184,-2.816352714461961,-0.01969297882979825
0.004973281700288185,-2.820050406960015,-0.02036991137654262
0.004974531700288184,-2.820050406960015,-0.01867758000968169
0.004975781700288185,-2.808957329465854,-0.01935451255642606
0.004977031700288184,-2.816352714461961,-0.01766218118956514
0.004978281700288184,-2.808957329465854,-0.01698524864282077
0.004979531700288184,-2.801561944469747,-0.01529291727595985
0.004980781700288184,-2.801561944469747,-0.01495445100258766
0.004982031700288184,-2.816352714461961,-0.01495445100258766
0.004983281700288184,-2.801561944469747,-0.01495445100258766
0.004984531700288185,-2.801561944469747,-0.01292365336235455
0.004985781700288184,-2.790468866975586,-0.01156978826886582
0.004987031700288184,-2.783073481979479,-0.01292365336235455
0.004988281700288184,-2.779375789481425,-0.01089285572212145
0.004989531700288184,-2.768282711987265,-0.009200524355260524
0.004990781700288184,-2.768282711987265,-0.008862058081888341
0.004992031700288184,-2.764585019489211,-0.009200524355260524
0.004993281700288185,-2.746096556998943,-0.007508192988399602
0.004994531700288184,-2.735003479504782,-0.007846659261771787
0.004995781700288185,-2.723910402010622,-0.007169726715027417
0.004997031700288184,-2.716515017014514,-0.006154327894910864
0.004998281700288184,-2.568607317092371,-0.005815861621538678
0.004999531700288184,-1.758812660018636,-0.003785063981305571
0.005000781700288184,-0.05787411091398764,-0.003446597707933387
0.005002031700288184,1.17715518343591,-0.002092732614444648
0.005003281700288184,1.879716758066091,-0.002092732614444648
0.005004531700288185,2.486138327746878,-6.19349742115409e-05
0.005005781700288184,2.548999100213789,0.0009534638459050128
0.005007031700288185,2.526812945225467,0.0006149975725328283
0.005008281700288184,2.552696792711842,0.002645795212765936
0.005009531700288184,2.56009217770795,0.00366119403288249
0.005010781700288184,2.574882947700164,0.00366119403288249
0.005012031700288184,2.578580640198218,0.00366119403288249
0.005013281700288184,2.589673717692378,0.004676592852999043
0.005014531700288184,2.582278332696271,0.005353525399743412
0.005015781700288185,2.585976025194325,0.007722789313348704
0.005017031700288184,2.593371410190432,0.008399721860093074
0.005018281700288185,2.593371410190432,0.00738432303997652
0.005019531700288184,2.597069102688486,0.00738432303997652
0.005020781700288184,2.597069102688486,0.01043051950032618
0.005022031700288184,2.597069102688486,0.01110745204707055
0.005023281700288184,2.604464487684593,0.01144591832044273
0.005024531700288184,2.604464487684593,0.01144591832044273
0.005025781700288184,2.600766795186539,0.01279978341393147
0.005027031700288185,2.6118598726807,0.01381518223404803
0.005028281700288184,2.597069102688486,0.01483058105416458
0.005029531700288184,2.600766795186539,0.01415364850742021
0.005030781700288184,2.6118598726807,0.01618444614765332
0.005032031700288184,2.608162180182646,0.01618444614765332
0.005033281700288184,2.6118598726807,0.01821524378788643
0.005034531700288184,2.600766795186539,0.01855371006125861
0.005035781700288185,2.600766795186539,0.01956910888137517
0.005037031700288184,2.608162180182646,0.0188921763346308
0.005038281700288185,2.597069102688486,0.02058450770149172
0.005039531700288184,2.604464487684593,0.02159990652160827
0.005040781700288184,2.593371410190432,0.02227683906835264
0.005042031700288184,2.608162180182646,0.02363070416184138
0.005043281700288184,2.608162180182646,0.02295377161509701
0.005044531700288184,2.600766795186539,0.02396917043521356
0.005045781700288184,2.615557565178753,0.02498456925533012
0.005047031700288185,2.597069102688486,0.02498456925533012
0.005048281700288184,2.593371410190432,0.02701536689556323
0.005049531700288185,2.593371410190432,0.02803076571567978
0.005050781700288184,2.593371410190432,0.02735383316893541
0.005052031700288184,2.593371410190432,0.02836923198905196
0.005053281700288184,2.608162180182646,0.02938463080916852
0.005054531700288184,2.593371410190432,0.03073849590265726
0.005055781700288184,2.597069102688486,0.03107696217602944
0.005057031700288184,2.589673717692378,0.0341231586363791
0.005058281700288185,2.593371410190432,0.032092360996146
0.005059531700288184,2.593371410190432,0.03344622608963474
0.005060781700288185,2.589673717692378,0.03378469236300692
0.005062031700288184,2.589673717692378,0.0341231586363791
0.005063281700288184,2.589673717692378,0.03716935509672877
0.005064531700288184,2.593371410190432,0.03581549000324002
0.005065781700288184,2.578580640198218,0.03784628764347313
0.005067031700288184,2.585976025194325,0.03886168646358969
0.005068281700288184,2.585976025194325,0.03987708528370625
0.005069531700288185,2.589673717692378,0.03920015273696187
0.005070781700288184,2.589673717692378,0.03953861901033405
0.005072031700288184,2.585976025194325,0.03953861901033405
0.005073281700288184,2.585976025194325,0.04258481547068371
0.005074531700288184,2.582278332696271,0.04190788292393935
0.005075781700288184,2.578580640198218,0.04360021429080027
0.005077031700288184,2.585976025194325,0.04292328174405591
0.005078281700288185,2.574882947700164,0.04427714683754463
0.005079531700288184,2.585976025194325,0.04596947820440556
0.005080781700288185,2.585976025194325,0.04596947820440556
0.005082031700288184,2.582278332696271,0.04664641075114993
0.005083281700288184,2.578580640198218,0.04766180957126649
0.005084531700288184,2.57118525520211,0.04833874211801086
0.005085781700288184,2.574882947700164,0.04800027584463867
0.005087031700288184,2.574882947700164,0.0496926072114996
0.005088281700288184,2.574882947700164,0.05036953975824396
0.005089531700288185,2.574882947700164,0.05036953975824396
0.005090781700288184,2.57118525520211,0.05206187112510488
0.005092031700288185,2.582278332696271,0.0517234048517327
0.005093281700288184,2.578580640198218,0.0517234048517327
0.005094531700288184,2.574882947700164,0.054092668765338
0.005095781700288184,2.574882947700164,0.0537542024919658
0.005097031700288184,2.578580640198218,0.05443113503871018
0.005098281700288184,2.589673717692378,0.05544653385882672
0.005099531700288184,2.578580640198218,0.05713886522568766
0.005100781700288185,2.578580640198218,0.05510806758545454
0.005102031700288184,2.578580640198218,0.05713886522568766
0.005103281700288185,2.57118525520211,0.0581542640458042
0.005104531700288184,2.574882947700164,0.05849273031917639
0.005105781700288184,2.578580640198218,0.05883119659254858
0.005107031700288184,2.57118525520211,0.05883119659254858
0.005108281700288184,2.574882947700164,0.06153892677952605
0.005109531700288184,2.574882947700164,0.06153892677952605
0.005110781700288184,2.567487562704057,0.06187739305289824
0.005112031700288185,2.582278332696271,0.06221585932627043
0.005113281700288184,2.574882947700164,0.06255432559964261
0.005114531700288184,2.567487562704057,0.06390819069313135
0.005115781700288184,2.574882947700164,0.06458512323987571
0.005117031700288184,2.585976025194325,0.06560052205999227
0.005118281700288184,2.574882947700164,0.06492358951324789
0.005119531700288184,2.567487562704057,0.06593898833336445
