Time (s),Channel 1 (V),Channel 2 (V)
-5.923936507936505e-06,-0.01350180093734463,0.006700020709332516
-5.913936507936503e-06,-0.03938564842371972,0.006700020709332516
-5.903936507936502e-06,-0.01719949343539653,-0.004439507723672804
-5.893936507936507e-06,-0.01350180093734631,0.01412637299799992
-5.883936507936505e-06,-0.03568795592566613,0.02526590143102212
-5.873936507936504e-06,-0.02829257092955897,-0.008152683868019168
-5.863936507936502e-06,-0.02829257092955897,0.002986844564994595
-5.853936507936507e-06,-0.02459487843150707,-0.00443950772367787
-5.843936507936506e-06,-0.0208971859334518,-0.0007263315793433261
-5.833936507936504e-06,-0.0208971859334518,-0.01557903615669501
-5.823936507936502e-06,-0.01350180093734463,-0.01929221230103293
-5.813936507936501e-06,-0.03568795592565437,-0.0007263315793483918
-5.803936507936506e-06,-0.009804108439291047,-0.01186586001235709
-5.793936507936504e-06,-0.0208971859334518,0.002986844564994595
-5.783936507936503e-06,-0.01719949343539821,-0.004439507723681247
-5.773936507936501e-06,-0.03199026342760918,-0.01186586001235709
-5.763936507936506e-06,-0.02459487843150875,-0.01186586001235709
-5.753936507936505e-06,-0.006106415941237463,-0.0007263315793433261
-5.743936507936503e-06,-0.0208971859334518,-0.008152683868019168
-5.733936507936501e-06,-0.01719949343540326,-0.00815268386801748
-5.723936507936507e-06,-0.02829257092955392,-0.004439507723682936
-5.713936507936505e-06,-0.0430833409217733,-0.01186586001235709
-5.703936507936503e-06,-0.05417641841593406,0.002986844564994595
-5.693936507936502e-06,-0.03199026342761255,-0.0007263315793433261
-5.683936507936507e-06,-0.03568795592566446,0.0141263729980016
-5.673936507936505e-06,-0.03199026342761255,-0.008152683868019168
-5.663936507936504e-06,-0.03568795592566613,-0.004439507723681247
-5.653936507936502e-06,-0.03199026342761255,-0.008152683868019168
-5.643936507936501e-06,-0.02089718593345685,-0.00815268386801579
-5.633936507936506e-06,-0.03199026342761255,-0.0007263315793433261
-5.623936507936504e-06,-0.03938564842371972,-0.01186586001235709
-5.613936507936503e-06,-0.03568795592566613,0.0215527252866842
-5.603936507936501e-06,-0.02829257092956065,-0.004439507723682936
-5.593936507936506e-06,-0.03199026342761087,-0.008152683868017478
-5.583936507936505e-06,-0.009804108439291047,-0.004439507723681247
-5.573936507936503e-06,-0.03938564842371972,-0.01557903615669501
-5.563936507936501e-06,-0.02459487843150875,-0.0007263315793433261
-5.553936507936507e-06,-0.03199026342760918,-0.0007263315793433261
-5.543936507936505e-06,-0.01719949343539821,-0.008152683868019168
-5.533936507936503e-06,-0.03568795592566613,-0.02300538844537085
-5.523936507936502e-06,-0.02459487843150538,-0.0007263315793433261
-5.513936507936507e-06,-0.02459487843150538,0.002986844564992906
-5.503936507936505e-06,-0.006106415941237463,-0.008152683868019168
-5.493936507936504e-06,-0.02829257092955897,-0.01186586001235709
-5.483936507936502e-06,-0.01719949343539821,-0.004439507723681247
-5.473936507936501e-06,-0.03199026342761087,-0.01186586001235709
-5.463936507936506e-06,-0.02829257092955897,-0.01186586001235709
-5.453936507936504e-06,-0.02459487843150538,-0.0007263315793433261
-5.443936507936503e-06,-0.03938564842371972,-0.02671856458970878
-5.433936507936501e-06,-0.01719949343539485,-0.02300538844536579
-5.423936507936506e-06,-0.009804108439291047,-0.01186586001235709
-5.413936507936505e-06,-0.009804108439291047,0.006700020709332516
-5.403936507936503e-06,-0.02829257092955897,-0.02300538844537085
-5.393936507936501e-06,-0.02089718593345853,0.006700020709334205
-5.383936507936507e-06,-0.03568795592565941,0.01041319685366875
-5.373936507936505e-06,-0.02459487843150538,-0.01186586001235709
-5.363936507936503e-06,-0.03199026342761255,-0.008152683868019168
-5.353936507936502e-06,-0.03938564842371972,0.002986844564994595
-5.343936507936507e-06,-0.0171994934354083,-0.02671856458969527
-5.333936507936505e-06,-0.03199026342761255,-0.03414491687838462
-5.323936507936504e-06,-0.01719949343539821,-0.008152683868019168
-5.313936507936502e-06,-0.02829257092955897,-0.01929221230103293
-5.303936507936501e-06,-0.04308334092176489,-0.0007263315793416376
-5.293936507936506e-06,-0.02459487843150538,0.002986844564994595
-5.283936507936504e-06,-0.01350180093734463,-0.0007263315793433261
-5.273936507936502e-06,-0.05047872591788047,-0.0007263315793433261
-5.263936507936501e-06,-0.03199026342761927,-0.0118658600123554
-5.253936507936506e-06,-0.04678103341982689,-0.008152683868019168
-5.243936507936504e-06,-0.03568795592566613,0.006700020709332516
-5.233936507936503e-06,-0.03938564842371972,-0.0007263315793433261
-5.223936507936501e-06,-0.03568795592565772,-0.0118658600123554
-5.213936507936506e-06,-0.01719949343540662,-0.008152683868020857
-5.203936507936505e-06,-0.02829257092955897,0.002986844564994595
-5.193936507936503e-06,-0.03568795592566613,-0.02300538844537085
-5.183936507936502e-06,-0.03568795592566613,0.006700020709332516
-5.173936507936507e-06,-0.03938564842371804,-0.02300538844535734
-5.163936507936505e-06,-0.02459487843150538,-0.01186586001235709
-5.153936507936504e-06,-0.02829257092955897,-0.004439507723681247
-5.143936507936502e-06,-0.03568795592566613,0.01783954914234628
-5.133936507936507e-06,-0.02459487843151043,-0.01557903615667982
-5.123936507936506e-06,-0.04678103341982689,-0.02300538844537085
-5.113936507936504e-06,-0.03568795592566613,-0.008152683868019168
-5.103936507936502e-06,-0.03568795592566613,-0.02300538844537085
-5.093936507936501e-06,-0.02829257092955897,-0.01557903615669332
-5.083936507936506e-06,-0.02829257092955897,-0.01186586001235709
-5.073936507936504e-06,-0.04678103341982689,0.002986844564994595
-5.063936507936503e-06,-0.05047872591788047,-0.01186586001235709
-5.053936507936501e-06,-0.03199026342761423,-0.0007263315793467032
-5.043936507936506e-06,-0.03568795592566446,-0.00815268386801579
-5.033936507936505e-06,-0.03199026342761255,-0.008152683868019168
-5.023936507936503e-06,-0.0208971859334518,-0.01186586001235709
-5.013936507936502e-06,-0.03199026342761759,-0.004439507723682936
-5.003936507936507e-06,-0.04308334092176826,-0.008152683868017478
-4.993936507936505e-06,-0.0430833409217733,-0.0007263315793433261
-4.983936507936504e-06,-0.03199026342761255,-0.004439507723681247
-4.973936507936502e-06,-0.03199026342761255,-0.0007263315793433261
-4.963936507936507e-06,-0.07636257340423538,-0.0007263315793433261
-4.953936507936506e-06,-0.02829257092955897,-0.0007263315793433261
-4.943936507936504e-06,-0.03938564842371972,0.006700020709332516
-4.933936507936502e-06,-0.03568795592566613,-0.008152683868019168
-4.923936507936501e-06,-0.03199026342761255,-0.004439507723681247
-4.913936507936506e-06,-0.03199026342761255,-0.004439507723681247
-4.903936507936504e-06,-0.05417641841593406,0.002986844564994595
-4.893936507936503e-06,-0.03938564842371972,-0.008152683868019168
-4.883936507936501e-06,-0.05047872591787374,-0.0007263315793433261
-4.873936507936506e-06,-0.03568795592567286,-0.0007263315793433261
-4.863936507936505e-06,-0.03568795592566613,-0.01557903615669501
-4.853936507936503e-06,-0.03199026342761255,-0.008152683868019168
-4.843936507936502e-06,-0.03568795592566446,-0.0007263315793568346
-4.833936507936507e-06,-0.03199026342761423,-0.03043174073403319
-4.823936507936505e-06,-0.03199026342761255,-0.01186586001235709
-4.813936507936504e-06,-0.02829257092955897,0.002986844564994595
-4.803936507936502e-06,-0.03568795592566613,0.0215527252866842
-4.793936507936507e-06,-0.04308334092176994,-0.008152683868005658
-4.783936507936505e-06,-0.04678103341982689,-0.008152683868019168
-4.773936507936504e-06,-0.0430833409217733,-0.02300538844537085
-4.763936507936502e-06,-0.03938564842371972,-0.01929221230103293
-4.753936507936501e-06,-0.05047872591787879,-0.004439507723679559
-4.743936507936506e-06,-0.04678103341982689,-0.0007263315793433261
-4.733936507936504e-06,-0.02459487843150538,-0.02671856458970878
-4.723936507936503e-06,-0.03199026342761255,-0.004439507723681247
-4.713936507936501e-06,-0.03938564842372477,0.002986844564989529
-4.703936507936506e-06,-0.05047872591787542,-0.008152683868014102
-4.693936507936505e-06,-0.04678103341982689,-0.01186586001235709
-4.683936507936503e-06,-0.05047872591788047,-0.004439507723681247
-4.673936507936501e-06,-0.05787411091398259,-0.008152683868012413
-4.663936507936507e-06,-0.04678103341983193,0.006700020709325762
-4.653936507936505e-06,-0.03568795592566613,0.006700020709332516
-4.643936507936503e-06,0.2379412889302991,0.04754495829704965
-4.633936507936502e-06,3.569562229676578,0.1552270664828494
-4.623936507936507e-06,4.187076876851246,-0.1121216159093594
-4.613936507936505e-06,2.438068325272182,0.06611083901873925
-4.603936507936504e-06,3.21088605736538,0.0215527252866842
-4.593936507936502e-06,3.74705146958315,-0.0489976214557363
-4.583936507936501e-06,2.907675272525136,0.02897907757533978
-4.573936507936506e-06,3.236769904851756,-0.01557903615669501
-4.563936507936504e-06,3.166513747388737,-0.0675635021774259
-4.553936507936503e-06,-0.3499918182602207,-0.1269743204868327
-4.543936507936501e-06,-1.037762622897355,0.08467671974035457
-4.533936507936506e-06,0.7925951636375042,-0.07870303061036538
-4.523936507936505e-06,0.004986661552923288,-0.02671856458970878
-4.513936507936503e-06,-0.5496672131551142,0.03640542986403589
-4.503936507936501e-06,0.3118951388912211,-0.0118658600123554
-4.493936507936507e-06,-0.01719949343524857,-0.008152683868020857
-4.483936507936505e-06,0.0937312815062093,0.08838989588476678
-4.473936507936503e-06,3.673097619622078,0.1329480096168218
-4.463936507936502e-06,4.253635341816492,-0.08241620675477759
-4.453936507936507e-06,2.38630063030028,0.08096354359601665
-4.443936507936505e-06,3.258956059840077,0.02897907757536004
-4.433936507936504e-06,3.795121472057847,-0.01557903615669501
-4.423936507936502e-06,2.892884502532772,0.01783954914234628
-4.413936507936501e-06,3.270049137334321,0.01041319685365524
-4.403936507936506e-06,3.454933762236917,-0.02300538844537085
-4.393936507936504e-06,3.15911836239263,0.01783954914234628
-4.383936507936503e-06,3.236769904851756,-0.01557903615669501
-4.373936507936501e-06,3.35509606478942,0.01041319685366706
-4.363936507936506e-06,3.244165289847863,0.002986844564994595
-4.353936507936505e-06,3.225676827357595,-0.01929221230103293
-4.343936507936503e-06,3.314421447310881,0.01041319685367044
-4.333936507936501e-06,3.251560674843965,-0.01186586001234865
-4.323936507936507e-06,3.240467597349814,0.006700020709324076
-4.313936507936505e-06,3.314421447310881,-0.01186586001235709
-4.303936507936503e-06,3.25156067484397,0.002986844564994595
-4.293936507936502e-06,3.266351444836184,0.01412637299800836
-4.283936507936507e-06,3.281142214828392,0.002986844564999661
-4.273936507936505e-06,3.270049137334238,0.01783954914234628
-4.263936507936504e-06,3.295932984820613,0.02526590143102212
-4.253936507936502e-06,3.288537599824505,0.01412637299800836
-4.2439365079365e-06,3.040792202453409,-0.04157126916710436
-4.233936507936506e-06,-0.2723402758010955,-0.1381138489198464
-4.223936507936504e-06,-0.9490180029449014,0.1069557766064564
-4.213936507936502e-06,0.7704090086500152,-0.06385032603308799
-4.203936507936501e-06,0.05305666402737606,-0.03414491687834578
-4.193936507936506e-06,-0.4831087481901498,0.05125813444138757
-4.183936507936504e-06,0.30080206139721,-0.01929221230103293
-4.173936507936503e-06,0.01977743154513762,0.006700020709332516
-4.163936507936501e-06,-0.1503164233652179,0.02526590143100861
-4.153936507936506e-06,0.09003358900804642,-0.004439507723667739
-4.143936507936505e-06,0.03087050903929837,0.0215527252866842
-4.133936507936503e-06,-0.05787411091398764,0.01041319685367044
-4.123936507936502e-06,0.008684354050976872,-0.004439507723681247
-4.113936507936507e-06,0.04196358653344399,0.02897907757534485
-4.103936507936505e-06,-0.03199026342761255,-0.02300538844537085
-4.093936507936504e-06,0.008684354050976872,0.02526590143102212
-4.083936507936502e-06,0.01607973904708404,0.006700020709332516
-4.073936507936507e-06,-0.03568795592564259,-0.02671856458969358
-4.063936507936506e-06,0.01238204654903046,0.02526590143102212
-4.053936507936504e-06,-0.006106415941237463,-0.008152683868019168
-4.043936507936502e-06,-0.02459487843150538,-0.01186586001235709
-4.033936507936501e-06,0.001288969054861296,0.01041319685365862
-4.023936507936506e-06,-0.01719949343539821,-0.01557903615669501
-4.013936507936504e-06,0.001288969054869704,0.01041319685367044
-4.003936507936503e-06,0.2749182139108349,0.0735371913074151
-3.993936507936501e-06,3.599143769661286,0.1478007141940587
-3.983936507936506e-06,4.212960724337623,-0.1046952636206903
-3.973936507936505e-06,2.471347557754664,0.07725036745175302
-3.963936507936503e-06,3.247862982345916,0.01041319685367044
-3.953936507936502e-06,3.7766330095672,-0.03414491687835591
-3.943936507936507e-06,2.944652197505901,0.02897907757533135
-3.933936507936505e-06,3.273746829832291,-0.01186586001235709
-3.923936507936504e-06,3.188699902377059,-0.07127667832176383
-3.913936507936502e-06,-0.3241079707738457,-0.1344006727755085
-3.903936507936507e-06,-1.022971852905655,0.08467671974032925
-3.893936507936506e-06,0.8184790111247118,-0.08241620675477759
-3.883936507936504e-06,0.04196358653345913,-0.01929221230103293
-3.873936507936502e-06,-0.5274810581667928,0.02526590143102212
-3.863936507936501e-06,0.3488720638717469,0.002986844564996284
-3.853936507936506e-06,-0.00240872344318388,0.006700020709332516
-3.843936507936504e-06,-0.1688048858555952,0.0215527252866842
-3.833936507936503e-06,0.07894051151399496,-0.0007263315793433261
-3.823936507936501e-06,0.04566127903145722,0.02155272528668251
-3.813936507936506e-06,-0.07636257340420008,0.01783954914234797
-3.803936507936505e-06,0.02347512404319121,0.002986844564994595
-3.793936507936503e-06,0.03087050903929837,0.02526590143102212
-3.783936507936502e-06,-0.05047872591785188,-0.008152683868003972
-3.773936507936507e-06,0.01238204654900187,0.02526590143100693
-3.763936507936505e-06,0.004986661552923288,-0.0007263315793433261
-3.753936507936503e-06,-0.03568795592566613,0.01041319685367044
-3.743936507936502e-06,0.004986661552923288,0.002986844564994595
-3.733936507936507e-06,-0.006106415941232418,0.01041319685366706
-3.723936507936505e-06,-0.009804108439291047,0.006700020709332516
-3.713936507936504e-06,-0.00240872344318388,0.006700020709332516
-3.703936507936502e-06,-0.00240872344318388,-0.0007263315793433261
-3.693936507936501e-06,-0.02089718593345516,-0.004439507723672804
-3.683936507936506e-06,-0.02829257092955897,0.01412637299800836
-3.673936507936504e-06,-0.01719949343539821,-0.01186586001235709
-3.663936507936503e-06,-0.02829257092955897,0.002986844564994595
-3.653936507936501e-06,-0.03199026342760582,-0.02300538844536748
-3.643936507936506e-06,-0.01719949343540494,-0.01557903615669839
-3.633936507936505e-06,-0.01719949343539821,0.01412637299800836
-3.623936507936503e-06,-0.009804108439291047,-0.004439507723681247
-3.613936507936501e-06,-0.02459487843150202,-0.008152683868012413
-3.603936507936507e-06,-0.01719949343540158,0.006700020709325762
-3.593936507936505e-06,-0.02459487843150538,-0.01557903615669501
-3.583936507936503e-06,-0.00240872344318388,-0.004439507723681247
-3.573936507936502e-06,-0.0208971859334518,0.002986844564994595
-3.563936507936507e-06,-0.0245948784315037,-0.008152683868014102
-3.553936507936505e-06,-0.006106415941237463,0.01041319685367044
-3.543936507936504e-06,-0.02459487843150538,-0.01186586001235709
-3.533936507936502e-06,-0.009804108439291047,0.002986844564994595
-3.523936507936501e-06,-0.02089718593344844,-0.008152683868012413
-3.513936507936506e-06,-0.01350180093734463,0.006700020709332516
-3.503936507936504e-06,-0.0430833409217733,-0.01557903615669501
-3.493936507936503e-06,-0.006106415941237463,0.01783954914234628
-3.483936507936501e-06,-0.01719949343539653,0.02155272528668251
-3.473936507936506e-06,-0.01350180093734631,0.01783954914234797
-3.463936507936505e-06,-0.01719949343539821,-0.0007263315793433261
-3.453936507936503e-06,-0.0208971859334518,0.01783954914234628
-3.443936507936501e-06,-0.02459487843150707,-0.01186586001235033
-3.433936507936507e-06,-0.02829257092955728,0.00298684456498784
-3.423936507936505e-06,-0.0208971859334518,0.01783954914234628
-3.413936507936503e-06,-0.02459487843150538,0.01412637299800836
-3.403936507936502e-06,-0.02459487843150538,-0.0007263315793433261
-3.393936507936507e-06,-0.02829257092955728,0.01783954914233784
-3.383936507936505e-06,-0.0208971859334518,-0.01557903615669501
-3.373936507936504e-06,-0.02829257092955897,0.006700020709332516
-3.363936507936502e-06,-0.02459487843150538,-0.0007263315793433261
-3.353936507936501e-06,-0.04308334092176321,-0.01186586001235033
-3.343936507936506e-06,-0.0208971859334518,0.002986844564994595
-3.333936507936504e-06,-0.03568795592566613,-0.02300538844537085
-3.323936507936503e-06,-0.01350180093734463,-0.0007263315793433261
-3.313936507936501e-06,-0.02459487843149698,-0.0007263315793416376
-3.303936507936506e-06,-0.006106415941237463,0.002986844564994595
-3.293936507936505e-06,-0.03568795592566613,-0.0007263315793433261
-3.283936507936503e-06,-0.03199026342761255,-0.0007263315793433261
-3.273936507936501e-06,-0.02089718593345348,0.01783954914233615
-3.263936507936506e-06,-0.0245948784315037,-0.004439507723671115
-3.253936507936505e-06,-0.0208971859334518,-0.004439507723681247
-3.243936507936503e-06,-0.02829257092955897,-0.01929221230103293
-3.233936507936502e-06,-0.03568795592566613,-0.01557903615669501
-3.223936507936507e-06,-0.03199026342761423,-0.008152683868022545
-3.213936507936505e-06,-0.03568795592566613,0.002986844564994595
-3.203936507936504e-06,-0.03568795592566613,-0.01557903615669501
-3.193936507936502e-06,-0.02829257092955897,-0.01929221230103293
-3.183936507936507e-06,-0.03199026342761087,-0.008152683868024233
-3.173936507936506e-06,-0.03568795592566613,-0.004439507723681247
-3.163936507936504e-06,-0.02459487843150538,0.006700020709332516
-3.153936507936502e-06,-0.01350180093734463,-0.02671856458970878
-3.143936507936501e-06,-0.02829257092955056,-0.01186586001235202
-3.133936507936506e-06,-0.009804108439291047,-0.0007263315793433261
-3.123936507936504e-06,-0.03568795592566613,-0.0007263315793433261
-3.113936507936503e-06,-0.03199026342761255,-0.01186586001235709
-3.103936507936501e-06,-0.02829257092956233,-0.02671856458970033
-3.093936507936506e-06,-0.03568795592566277,-0.008152683868027609
-3.083936507936505e-06,-0.01719949343539821,-0.01186586001235709
-3.073936507936503e-06,-0.0430833409217733,-0.008152683868019168
-3.063936507936502e-06,-0.03938564842371972,-0.004439507723681247
-3.053936507936507e-06,-0.02459487843151211,-0.01929221230102618
-3.043936507936505e-06,-0.03568795592566613,-0.01557903615669501
-3.033936507936504e-06,-0.03938564842371972,-0.004439507723681247
-3.023936507936502e-06,-0.03199026342761255,-0.01929221230103293
-3.013936507936507e-06,-0.02459487843150875,-0.0155790361566967
-3.003936507936506e-06,-0.03568795592566613,-0.01186586001235709
-2.993936507936504e-06,-0.0208971859334518,0.01412637299800836
-2.983936507936502e-06,-0.02829257092955897,-0.008152683868019168
-2.973936507936501e-06,-0.02829257092956065,0.006700020709322385
-2.963936507936506e-06,-0.03199026342761255,-0.01557903615669501
-2.953936507936504e-06,-0.0430833409217733,0.01412637299800836
-2.943936507936503e-06,-0.02459487843150538,-0.01557903615669501
-2.933936507936501e-06,-0.03199026342761255,-0.0007263315793467032
-2.923936507936506e-06,-0.03199026342761255,-0.00815268386801579
-2.913936507936505e-06,-0.03199026342761255,-0.01186586001235709
-2.903936507936503e-06,-0.0208971859334518,0.002986844564994595
-2.893936507936502e-06,-0.02829257092955897,-0.01186586001235202
-2.883936507936507e-06,-0.02829257092955897,-0.0007263315793483924
-2.873936507936505e-06,-0.02829257092955897,-0.02300538844537085
-2.863936507936504e-06,-0.02829257092955897,-0.01557903615669501
-2.853936507936502e-06,-0.0208971859334518,-0.0007263315793433261
-2.843936507936507e-06,-0.03568795592565941,-0.02671856458969695
-2.833936507936506e-06,-0.02829257092955897,-0.004439507723681247
-2.823936507936504e-06,-0.02829257092955897,-0.008152683868019168
-2.813936507936502e-06,-0.02459487843150538,-0.004439507723681247
-2.803936507936501e-06,-0.03199026342760246,-0.008152683868010725
-2.793936507936506e-06,-0.009804108439291047,0.01041319685367044
-2.783936507936504e-06,-0.01719949343539821,-0.01557903615669501
-2.773936507936503e-06,-0.02459487843150538,-0.004439507723681247
-2.763936507936501e-06,-0.03568795592565772,-0.01186586001235878
-2.753936507936506e-06,-0.01719949343540662,-0.01557903615669332
-2.743936507936505e-06,-0.02459487843150538,-0.008152683868019168
-2.733936507936503e-06,-0.02459487843150538,-0.01186586001235709
-2.723936507936501e-06,-0.006106415941247553,-0.004439507723674493
-2.713936507936507e-06,-0.02829257092954888,0.01041319685366368
-2.703936507936505e-06,-0.009804108439291047,0.002986844564994595
-2.693936507936503e-06,-0.02829257092955897,-0.0007263315793433261
-2.683936507936502e-06,-0.01719949343539821,-0.008152683868019168
-2.673936507936507e-06,-0.02089718593345012,0.006700020709325762
-2.663936507936505e-06,-0.0208971859334518,-0.0007263315793433261
-2.653936507936504e-06,-0.02459487843150538,-0.01186586001235709
-2.643936507936502e-06,0.2638251364166742,0.05497131058572549
-2.633936507936501e-06,3.565864537178822,0.1440875380497292
-2.623936507936506e-06,4.220356109334009,-0.08984255904345344
-2.613936507936504e-06,2.463952172758556,0.0735371913074151
-2.603936507936503e-06,3.221979134859541,0.01783954914234628
-2.593936507936501e-06,3.750749162080832,-0.04528444531136799
-2.583936507936506e-06,2.933559120011733,0.02155272528665381
-2.573936507936505e-06,3.233072212353702,0.006700020709332516
-2.563936507936503e-06,3.436445299746649,-0.02671856458970878
-2.553936507936501e-06,3.199792979871223,0.006700020709317319
-2.543936507936507e-06,3.207188364867323,-0.02671856458969358
-2.533936507936505e-06,3.362491449785577,0.01783954914234628
-2.523936507936503e-06,3.255258367342023,0.002986844564994595
-2.513936507936502e-06,3.233072212353702,-0.01929221230103293
-2.503936507936507e-06,3.329212217303052,0.02526590143100186
-2.493936507936505e-06,3.266351444836184,-0.02300538844537085
-2.483936507936504e-06,3.262653752338131,-0.008152683868019168
-2.473936507936502e-06,3.284839907326452,-0.01929221230103293
-2.463936507936501e-06,3.258956059840082,-0.0007263315793382604
-2.453936507936506e-06,3.270049137334238,0.01041319685367044
-2.443936507936504e-06,3.270049137334238,-0.01186586001235709
-2.433936507936503e-06,3.277444522330345,-0.0007263315793433261
-2.423936507936501e-06,3.266351444836186,0.006700020709329139
-2.413936507936506e-06,3.270049137334236,-0.0007263315793399486
-2.403936507936505e-06,3.026001432462701,-0.04528444531139838
-2.393936507936503e-06,-0.2686425833030419,-0.1455402012085223
-2.383936507936501e-06,-0.9933903129207624,0.106955776606372
-2.373936507936507e-06,0.7260366986725905,-0.07870303061035525
-2.363936507936505e-06,0.01977743154513762,-0.02300538844537085
-2.353936507936503e-06,-0.490504133186257,0.04011860600837381
-2.343936507936502e-06,0.2823135989069421,-0.0304317407340467
-2.333936507936507e-06,0.004986661553049387,0.006700020709315635
-2.323936507936505e-06,-0.1540141158633808,0.02897907757536004
-2.313936507936504e-06,0.04566127903151271,-0.02300538844537085
-2.303936507936502e-06,0.02347512404319121,0.01783954914234628
-2.293936507936501e-06,-0.07636257340423203,0.002986844564994595
-2.283936507936506e-06,-0.02459487843150538,0.002986844564994595
-2.273936507936504e-06,0.02347512404319121,0.02897907757536004
-2.263936507936503e-06,-0.06896718840814839,-0.0304317407340467
-2.253936507936501e-06,-0.02089718593344339,0.01412637299800329
-2.243936507936506e-06,-0.00240872344318388,0.002986844564994595
-2.233936507936504e-06,-0.05047872591788047,-0.02300538844537085
-2.223936507936503e-06,-0.01350180093734463,0.01783954914234628
-2.213936507936501e-06,-0.002408723443192288,-0.01186586001235202
-2.203936507936506e-06,-0.02089718593344339,-0.0007263315793483924
-2.193936507936505e-06,-0.009804108439291047,0.01041319685367044
-2.183936507936503e-06,-0.0208971859334518,0.006700020709332516
-2.173936507936502e-06,-0.02829257092955897,-0.0007263315793433261
-2.163936507936507e-06,-0.01719949343540326,0.01783954914233784
-2.153936507936505e-06,-0.006106415941237463,0.006700020709332516
-2.143936507936504e-06,-0.02459487843150538,-0.0007263315793433261
-2.133936507936502e-06,-0.02459487843150538,0.006700020709332516
-2.123936507936507e-06,0.004986661552909836,-0.004439507723676181
-2.113936507936506e-06,-0.01719949343539821,-0.004439507723681247
-2.103936507936504e-06,-0.01719949343539821,0.01041319685367044
-2.093936507936502e-06,-0.01719949343539821,0.002986844564994595
-2.083936507936501e-06,-0.01719949343540326,0.006700020709332516
-2.073936507936506e-06,-0.02829257092955897,0.006700020709332516
-2.063936507936504e-06,-0.01719949343539821,-0.01557903615669501
-2.053936507936503e-06,-0.0208971859334518,-0.01186586001235709
-2.043936507936501e-06,-0.02829257092956065,0.01412637299800498
-2.033936507936506e-06,-0.03199026342761087,0.006700020709335894
-2.023936507936505e-06,-0.01719949343539821,0.006700020709332516
-2.013936507936503e-06,-0.009804108439291047,0.006700020709332516
-2.003936507936502e-06,-0.0208971859334518,-0.004439507723681247
-1.993936507936507e-06,-0.002408723443192286,0.002986844564991218
-1.983936507936505e-06,-0.02829257092955897,0.01783954914234628
-1.973936507936504e-06,-0.02459487843150538,0.01041319685367044
-1.963936507936502e-06,-0.02459487843150538,0.01783954914234628
-1.953936507936507e-06,-0.03568795592566109,0.006700020709337583
-1.943936507936506e-06,-0.03568795592566613,0.006700020709332516
-1.933936507936504e-06,-0.03199026342761255,-0.0007263315793433261
-1.923936507936502e-06,0.2416389814283527,0.06239766287440134
-1.913936507936501e-06,3.543678382190511,0.1515138903383916
-1.903936507936506e-06,4.220356109334009,-0.112121615909481
-1.893936507936504e-06,2.441766017770235,0.07725036745175302
-1.883936507936503e-06,3.214583749863434,0.01783954914234628
-1.873936507936501e-06,3.743353777084733,-0.03785809302268708
-1.863936507936506e-06,2.944652197505885,0.04011860600833836
-1.853936507936505e-06,3.233072212353702,-0.004439507723681247
-1.843936507936503e-06,3.421654529754435,-0.01186586001235709
-1.833936507936502e-06,3.185002209879022,0.02155272528667069
-1.823936507936507e-06,3.221979134859524,-0.008152683868005658
-1.813936507936505e-06,3.351398372291416,0.006700020709332516
-1.803936507936504e-06,3.25156067484397,0.01412637299800836
-1.793936507936502e-06,3.221979134859541,-0.008152683868019168
-1.783936507936507e-06,3.340305294797202,0.01041319685366199
-1.773936507936506e-06,3.244165289847863,-0.01557903615669501
-1.763936507936504e-06,3.258956059840077,0.002986844564994595
-1.753936507936502e-06,3.292235292322559,0.02897907757536004
-1.743936507936501e-06,3.270049137334231,-0.00443950772367787
-1.733936507936506e-06,3.255258367342023,0.002986844564994595
-1.723936507936504e-06,3.292235292322559,0.006700020709332516
-1.713936507936503e-06,3.262653752338131,-0.0007263315793433261
-1.703936507936501e-06,3.273746829832295,0.006700020709339271
-1.693936507936506e-06,3.281142214828395,0.02155272528667745
-1.683936507936505e-06,3.029699124960755,-0.03785809302272254
-1.673936507936503e-06,-0.2279679658244525,-0.1269743204868327
-1.663936507936501e-06,-1.019274160407121,0.1143821288950546
-1.653936507936507e-06,0.7371297761667341,-0.05642397374433449
-1.643936507936505e-06,0.0493589715295663,-0.004439507723681247
-1.633936507936503e-06,-0.490504133186257,0.06239766287440134
-1.623936507936502e-06,0.2860112914049956,-0.008152683868019168
-1.613936507936507e-06,0.02347512404331059,0.02526590143100693
-1.603936507936505e-06,0.1159174364945308,0.09581624817344263
-1.593936507936504e-06,3.610236847155167,0.1478007141941735
-1.583936507936502e-06,4.27212380430676,-0.07127667832176383
-1.573936507936501e-06,2.415882170284233,0.09581624817341224
-1.563936507936506e-06,3.236769904851756,0.02897907757536004
-1.553936507936504e-06,3.806214549552007,0.002986844564994595
-1.543936507936503e-06,2.892884502532772,0.03640542986403589
-1.533936507936501e-06,3.251560674843946,0.0104131968536468
-1.523936507936506e-06,3.199792979871243,-0.04157126916703682
-1.513936507936505e-06,-0.294526430789417,-0.112121615909481
-1.503936507936503e-06,-1.056251085388455,0.1106689527507943
-1.493936507936501e-06,0.7851997786418831,-0.05642397374439864
-1.483936507936507e-06,0.02347512404353758,-0.02671856458972229
-1.473936507936505e-06,-0.5385741356609536,0.03269225371969797
-1.463936507936503e-06,0.3414766788757994,-0.02300538844537085
-1.453936507936502e-06,-0.01350180093734463,0.01783954914234628
-1.443936507936507e-06,0.07524281901590102,0.09952942431774339
-1.433936507936505e-06,3.639818387139596,0.125521657328146
-1.423936507936504e-06,4.279519189302866,-0.07870303061043968
-1.413936507936502e-06,2.386300630299431,0.07725036745175302
-1.403936507936501e-06,3.240467597350066,0.03269225371967264
-1.393936507936506e-06,3.806214549552007,-0.02300538844537085
-1.383936507936504e-06,2.892884502532772,0.02526590143102212
-1.373936507936503e-06,3.244165289847863,0.002986844564994595
-1.363936507936501e-06,3.210886057363775,-0.05271079760010968
-1.353936507936506e-06,-0.3204102782757921,-0.1306874966311706
-1.343936507936505e-06,-1.041460315396241,0.08096354359609094
-1.333936507936503e-06,0.807385933630551,-0.0675635021774259
-1.323936507936501e-06,0.01607973904683518,-0.01929221230101098
-1.313936507936507e-06,-0.5311787506645974,0.02897907757533809
-1.303936507936505e-06,0.3377789863777458,0.01412637299800836
-1.293936507936503e-06,-0.00240872344318388,-0.004439507723681247
-1.283936507936502e-06,-0.1909910408439167,0.04011860600837381
-1.273936507936507e-06,0.08633589650997603,0.002986844565011477
-1.263936507936505e-06,0.01977743154513762,0.03269225371969797
-1.253936507936504e-06,-0.08745565089841631,-0.008152683868019168
-1.243936507936502e-06,0.01238204654903046,0.0215527252866842
-1.233936507936501e-06,0.02347512404316262,0.02897907757534653
-1.223936507936506e-06,-0.03938564842371972,-0.0007263315793433261
-1.213936507936504e-06,-0.006106415941237463,0.04011860600837381
-1.203936507936502e-06,0.01977743154513762,0.002986844564994595
-1.193936507936501e-06,-0.05047872591786366,0.01041319685367213
-1.183936507936506e-06,-0.01350180093734463,0.01412637299800836
-1.173936507936504e-06,-0.00240872344318388,0.006700020709332516
-1.163936507936503e-06,-0.03568795592566613,-0.0007263315793433261
-1.153936507936501e-06,0.008684354050968464,0.006700020709332516
-1.143936507936506e-06,-0.009804108439282642,0.006700020709332516
-1.133936507936505e-06,-0.00240872344318388,-0.0007263315793433261
-1.123936507936503e-06,-0.0208971859334518,-0.0007263315793433261
-1.113936507936502e-06,0.004986661552923288,0.006700020709332516
-1.103936507936507e-06,-0.006106415941232418,-0.0007263315793399486
-1.093936507936505e-06,0.001288969054869704,0.01783954914234628
-1.083936507936504e-06,0.008684354050976872,0.006700020709332516
-1.073936507936502e-06,-0.00240872344318388,0.002986844564994595
-1.063936507936507e-06,-0.006106415941235782,0.01412637299800329
-1.053936507936506e-06,-0.006106415941237463,0.01412637299800836
-1.043936507936504e-06,-0.009804108439291047,0.002986844564994595
-1.033936507936502e-06,-0.00240872344318388,0.01412637299800836
-1.023936507936501e-06,-0.00610641594124419,-0.0007263315793365719
-1.013936507936506e-06,-0.0208971859334518,0.01412637299800836
-1.003936507936504e-06,-0.006106415941237463,0.01041319685367044
-9.939365079365028e-07,0.004986661552923288,0.01041319685367044
-9.839365079365012e-07,-0.02829257092955224,-0.01186586001235202
-9.739365079365064e-07,-0.01350180093735136,-0.0007263315793483924
-9.639365079365048e-07,-0.009804108439291047,-0.004439507723681247
-9.539365079365032e-07,-0.01719949343539821,-0.0007263315793433261
-9.439365079365016e-07,-0.006106415941240826,0.002986844564999661
-9.339365079365068e-07,-0.01350180093734127,0.01412637299800329
-9.239365079365052e-07,-0.0208971859334518,-0.004439507723681247
-9.139365079365036e-07,-0.0208971859334518,-0.004439507723681247
-9.03936507936502e-07,-0.006106415941237463,0.002986844564994595
-8.939365079365072e-07,-0.006106415941237463,0.002986844564994595
-8.839365079365056e-07,-0.01719949343539821,-0.008152683868019168
-8.73936507936504e-07,-0.009804108439291047,0.002986844564994595
-8.639365079365024e-07,-0.01719949343539821,0.006700020709332516
-8.539365079365008e-07,-0.002408723443193969,0.006700020709337582
-8.439365079365059e-07,-0.02459487843150538,0.01783954914234628
-8.339365079365043e-07,-0.006106415941237463,0.002986844564994595
-8.239365079365027e-07,-0.0208971859334518,0.01783954914234628
-8.139365079365011e-07,-0.01719949343539485,0.002986844565001349
-8.039365079365063e-07,-0.009804108439294409,0.01783954914233953
-7.939365079365047e-07,-0.01350180093734463,0.002986844564994595
-7.839365079365031e-07,-0.0430833409217733,0.006700020709332516
-7.739365079365015e-07,-0.02829257092955056,0.006700020709334205
-7.639365079365067e-07,-0.009804108439299453,0.01041319685366875
-7.539365079365051e-07,-0.03199026342761255,0.01041319685367044
-7.439365079365035e-07,-0.0208971859334518,0.01041319685367044
-7.339365079365019e-07,-0.006106415941237463,0.006700020709332516
-7.239365079365071e-07,-0.03199026342760078,0.002986844564996284
-7.139365079365055e-07,-0.02829257092955897,-0.0007263315793433261
-7.039365079365039e-07,-0.01719949343539821,0.006700020709332516
-6.939365079365023e-07,-0.0208971859334518,0.006700020709332516
-6.839365079365007e-07,-0.009804108439299455,-0.004439507723671116
-6.739365079365059e-07,-0.02829257092955897,0.01783954914234628
-6.639365079365043e-07,-0.01719949343539821,0.01041319685367044
-6.539365079365027e-07,-0.02829257092955897,0.01783954914234628
-6.439365079365011e-07,0.2527320589240183,0.04383178215275732
-6.339365079365063e-07,3.562166844678966,0.14408753804979
-6.239365079365047e-07,4.198169954345688,-0.108408439765143
-6.139365079365031e-07,2.482440635248824,0.06982401516307718
-6.039365079365015e-07,3.236769904851991,0.01783954914231926
-5.939365079365066e-07,3.754446854579022,-0.04157126916703344
-5.83936507936505e-07,2.955745274999683,0.02526590143102212
-5.739365079365034e-07,3.258956059840077,-0.008152683868019168
-5.639365079365018e-07,3.19979297987122,-0.0675635021774259
-5.53936507936507e-07,-0.3130148932780874,-0.1269743204868056
-5.439365079365054e-07,-1.048855700392348,0.0921030720291047
-5.339365079365038e-07,0.7851997786422295,-0.06013714988875006
-5.239365079365022e-07,0.03826589403540554,-0.03785809302272254
-5.139365079365006e-07,-0.5496672131547174,0.04383178215269654
-5.039365079365058e-07,0.3229882163855315,0.01041319685367044
-4.939365079365042e-07,-0.00240872344318388,0.0215527252866842
-4.839365079365026e-07,-0.1909910408439167,0.03269225371969797
-4.73936507936501e-07,0.07524281901591111,0.01041319685368057
-4.639365079365062e-07,0.008684354051007134,0.03269225371968783
-4.539365079365046e-07,-0.07266488090620198,-0.008152683868019168
-4.43936507936503e-07,-0.006106415941237463,0.006700020709332516
-4.339365079365014e-07,0.02717281654120275,0.006700020709329139
-4.239365079365066e-07,-0.06526949591005277,-0.0007263315793399486
-4.13936507936505e-07,-0.02829257092955897,0.02526590143102212
-4.039365079365034e-07,0.2749182139108349,0.03269225371969797
-3.939365079365018e-07,3.547376074688256,0.1663665949158631
-3.83936507936507e-07,4.231449186827859,-0.1009820874763456
-3.739365079365054e-07,2.486138327746878,0.07725036745175302
-3.639365079365038e-07,3.221979134859541,0.04011860600837381
-3.539365079365022e-07,3.776633009567579,-0.0304317407340467
-3.439365079365006e-07,2.944652197505662,0.0401186060083451
-3.339365079365057e-07,3.25156067484397,-0.02300538844537085
-3.239365079365041e-07,3.19979297987122,-0.05642397374441215
-3.139365079365025e-07,-0.2871310457933098,-0.1492533773528602
-3.039365079365009e-07,-1.03776262289735,0.1069557766063753
-2.939365079365061e-07,0.8036882411324974,-0.07127667832176383
-2.839365079365045e-07,0.04196358653345913,-0.02671856458970878
-2.739365079365029e-07,-0.5348764431629,0.05868448673006341
-2.639365079365013e-07,0.3266859088834405,-0.008152683868014102
-2.539365079365065e-07,0.008684354051121501,0.00298684456498953
-2.439365079365049e-07,0.09742897400426288,0.0921030720291047
-2.339365079365033e-07,3.658306849629864,0.1589402426271873
-2.239365079365017e-07,4.27212380430676,-0.08241620675477759
-2.139365079365069e-07,2.38999832279834,0.08467671974035287
-2.039365079365053e-07,3.247862982345916,0.03269225371969797
-1.939365079365037e-07,3.806214549552007,-0.02300538844537085
-1.839365079365021e-07,2.892884502532772,0.04383178215271173
-1.739365079365005e-07,3.251560674844074,0.01041319685366537
-1.639365079365057e-07,3.480817609723292,-0.0007263315793433261
-1.539365079365041e-07,3.15911836239263,0.04754495829704965
-1.439365079365025e-07,3.244165289847863,-0.01929221230103293
-1.339365079365009e-07,3.362491449785522,0.01783954914234459
-1.239365079365061e-07,3.240467597349809,0.01412637299800836
-1.139365079365045e-07,3.221979134859541,0.0215527252866842
-1.039365079365029e-07,3.332909909801149,0.01412637299800836
-9.393650793650127e-08,3.262653752338008,0.006700020709324074
-8.393650793650644e-08,2.992722199980342,-0.01186586001234865
-7.393650793650485e-08,-0.2316656583225061,-0.1232611443424947
-6.393650793650325e-08,-0.9859949279254372,0.1143821288951322
-5.393650793650165e-08,0.718641313677265,-0.05271079760007422
-4.393650793650683e-08,0.07524281901623397,0.006700020709305497
-3.393650793650523e-08,-0.4942018256843105,0.0735371913074151
-2.393650793650363e-08,0.2897089839030492,0.01412637299800836
-1.393650793650203e-08,0.01238204654903046,0.04383178215271173
-3.93650793650721e-09,0.1233128214905875,0.09581624817341899
6.063492063494388e-09,3.617632232151275,0.1626534187715252
1.606349206349599e-08,4.279519189302866,-0.07870303061043968
2.606349206349758e-08,2.404789092789699,0.08096354359609094
3.606349206349918e-08,3.225676827357857,0.05497131058569679
4.6063492063494e-08,3.802516857053954,-0.008152683868019168
5.60634920634956e-08,2.903977580026933,0.03640542986403589
6.60634920634972e-08,3.258956059840077,0.02526590143102212
7.60634920634988e-08,3.199792979869607,-0.03043174073408384
8.606349206349362e-08,-0.3462941257605547,-0.1121216159094438
9.606349206349522e-08,-1.026669545404026,0.1106689527507943
1.060634920634968e-07,0.807385933630551,-0.06385032603308799
1.160634920634984e-07,0.03456820153709469,-0.01929221230099578
1.260634920634932e-07,-0.5311787506645891,0.06239766287436419
1.360634920634948e-07,0.3377789863777458,0.006700020709332516
1.460634920634964e-07,-0.0208971859334518,0.01412637299800836
1.56063492063498e-07,-0.1909910408439167,0.04383178215271173
1.660634920634929e-07,0.07894051151387221,0.0067000207093494
1.760634920634945e-07,0.02717281654124479,0.02897907757536004
1.860634920634961e-07,-0.09854872839257706,0.006700020709332516
1.960634920634977e-07,0.01607973904708404,0.02526590143102212
2.060634920634992e-07,0.02347512404315253,0.02897907757535498
2.160634920634941e-07,-0.06157180341204122,0.01783954914234628
2.260634920634957e-07,0.001288969054869704,0.02897907757536004
2.360634920634973e-07,0.004986661552923288,0.01412637299800836
2.460634920634989e-07,-0.05047872591786029,0.01041319685367044
2.560634920634937e-07,-0.006106415941257645,0.01041319685367044
2.660634920634953e-07,-0.01350180093734463,0.01412637299800836
2.760634920634969e-07,-0.01719949343539821,-0.01186586001235709
2.860634920634985e-07,-0.01719949343539821,0.01041319685366368
2.960634920634933e-07,-0.01719949343539821,-0.004439507723674492
3.060634920634949e-07,-0.006106415941237463,-0.0007263315793433261
3.160634920634965e-07,0.2527320589225134,0.05125813444138757
3.260634920634981e-07,3.60284146215906,0.1589402426271873
3.360634920634929e-07,4.209263031839573,-0.09726891133201274
3.460634920634945e-07,2.46764986525661,0.08467671974042887
3.560634920634961e-07,3.25156067484397,0.02897907757536004
3.660634920634977e-07,3.754446854579257,-0.0489976214557363
3.760634920634993e-07,2.94095450500761,0.03269225371968277
3.860634920634941e-07,3.25156067484397,-0.0007263315793433261
3.960634920634957e-07,3.451236069738863,-0.0304317407340467
4.060634920634973e-07,3.21088605736538,0.02526590143102212
4.160634920634989e-07,3.218281442361553,-0.03043174073402981
4.260634920634938e-07,3.362491449785511,0.006700020709315635
4.360634920634954e-07,3.262653752338131,-0.004439507723681247
4.46063492063497e-07,3.240467597349809,-0.0304317407340467
4.560634920634985e-07,3.321816832306966,0.02526590143099848
4.660634920634934e-07,3.273746829832313,-0.02671856458968513
4.76063492063495e-07,3.01490835496854,-0.04157126916706046
4.860634920634966e-07,-0.2464564283147204,-0.1344006727755085
4.960634920634982e-07,-0.97859954292933,0.08838989588476678
5.06063492063493e-07,0.7223390061745451,-0.08241620675469993
5.160634920634946e-07,0.04566127903151271,-0.02671856458970878
5.260634920634962e-07,-0.4794110556920962,0.0215527252866842
5.360634920634978e-07,0.2897089839030492,-0.03785809302272254
5.460634920634994e-07,0.01238204654894974,0.01412637299801849
5.560634920634942e-07,-0.1651071933575416,0.03640542986403589
5.660634920634958e-07,0.03826589403540554,-0.02671856458970878
5.760634920634974e-07,0.03087050903929837,0.0215527252866842
5.86063492063499e-07,-0.09115334339643459,-0.000726331579339949
5.960634920634938e-07,-0.01350180093737993,0.006700020709329139
6.060634920634954e-07,0.03087050903929837,-0.004439507723681247
6.16063492063497e-07,-0.06896718840814839,-0.0007263315793433261
6.260634920634986e-07,-0.01350180093721011,-0.0007263315793315063
6.360634920634934e-07,0.2823135989068076,0.0252659014310103
6.46063492063495e-07,3.580655307170739,0.1218084811838081
6.560634920634966e-07,4.198169954345688,-0.112121615909481
6.660634920634982e-07,2.471347557754664,0.06982401516307718
6.760634920634931e-07,3.233072212353355,-0.008152683867983707
6.860634920634947e-07,3.750749162081203,-0.06013714988875006
6.960634920634963e-07,2.937256812509415,0.002986844564994595
7.060634920634979e-07,3.240467597349809,-0.03785809302272254
7.160634920634994e-07,3.417956837256283,-0.0378580930227141
7.260634920634943e-07,3.203490672369273,-0.01929221230103293
7.360634920634959e-07,3.214583749863434,-0.04528444531139838
7.460634920634975e-07,3.35509606478947,-0.008152683868019168
7.560634920634991e-07,3.258956059840067,-0.02300538844537761
7.660634920634939e-07,3.236769904851756,-0.03785809302272254
7.760634920634955e-07,3.332909909801149,-0.01929221230103293
7.860634920634971e-07,3.273746829832291,-0.0304317407340467
7.960634920634987e-07,3.014908354967054,-0.06756350217746643
8.060634920634935e-07,-0.2538518133093413,-0.1566797296414955
8.160634920634951e-07,-0.952715695442955,0.0735371913074151
8.260634920634967e-07,0.7445251611636401,-0.1046952636208051
8.360634920634983e-07,0.0493589715295663,-0.04157126916706046
8.460634920634931e-07,-0.4942018256840634,0.0215527252866555
8.560634920634947e-07,0.30080206139721,-0.04157126916706046
8.660634920634963e-07,-0.00240872344318388,-0.02671856458970878
8.760634920634979e-07,-0.1429210383692201,0.01412637299800836
8.860634920634927e-07,0.05675435652558267,-0.03785809302269889
8.960634920634943e-07,0.04566127903151271,-0.0007263315793433261
9.060634920634959e-07,-0.06896718840814839,-0.02300538844537085
9.160634920634975e-07,-0.009804108439291047,-0.01557903615669501
9.260634920634991e-07,0.03087050903926138,0.02155272528666394
9.36063492063494e-07,-0.05047872591788047,-0.02300538844537085
9.460634920634956e-07,0.01238204654903046,-0.0007263315793433261
9.560634920634972e-07,0.02347512404319121,-0.01557903615669501
9.660634920634987e-07,-0.02089718593345012,-0.02300538844535734
9.760634920634936e-07,-0.0171994934353999,0.006700020709319007
9.860634920634952e-07,0.008684354050976872,0.002986844564994595
9.960634920634968e-07,-0.009804108439291047,-0.01557903615669501
1.006063492063498e-06,-0.006106415941237463,-0.0007263315793433261
1.016063492063493e-06,-0.01719949343539317,-0.03043174073403319
1.026063492063495e-06,-0.01350180093734463,-0.008152683868019168
1.036063492063496e-06,0.004986661552923288,-0.004439507723681247
1.046063492063498e-06,-0.02459487843150538,-0.008152683868019168
1.056063492063493e-06,-0.009804108439297772,-0.008152683868019168
1.066063492063494e-06,-0.01719949343539821,0.002986844564994595
1.076063492063496e-06,-0.02459487843150538,0.006700020709332516
1.086063492063498e-06,-0.03199026342761255,0.01412637299800836
1.096063492063499e-06,-0.02089718593345012,-0.008152683868010725
1.106063492063494e-06,-0.01719949343539821,0.01041319685367044
1.116063492063496e-06,0.2675228289147277,0.05125813444138757
1.126063492063497e-06,3.621329924649328,0.1552270664828494
1.136063492063499e-06,4.19077456934879,-0.1009820874763862
1.146063492063494e-06,2.452859095265186,0.07725036745167196
1.156063492063495e-06,3.25156067484397,0.02897907757536004
1.166063492063497e-06,3.754446854579257,-0.03785809302272254
1.176063492063498e-06,2.929861427513456,0.04754495829702939
1.186063492063493e-06,3.255258367341876,0.002986844565014857
1.196063492063495e-06,3.162816054890684,-0.06013714988875006
1.206063492063496e-06,-0.3499918182602207,-0.1158347920538189
1.216063492063498e-06,-1.01927416040792,0.0921030720291047
1.226063492063493e-06,0.8036882411316684,-0.06385032603301707
1.236063492063494e-06,0.01607973904708404,-0.02671856458970878
1.246063492063496e-06,-0.5311787506648463,0.03640542986403589
1.256063492063498e-06,0.3303836013816387,0.006700020709332516
1.266063492063499e-06,-0.01719949343546716,0.006700020709349402
1.276063492063494e-06,-0.1688048858555952,0.04383178215271173
1.286063492063496e-06,0.05305666402761988,-0.0007263315793433261
1.296063492063497e-06,0.01977743154513762,0.02897907757536004
1.306063492063499e-06,-0.09115334339643459,0.01783954914233784
1.316063492063494e-06,-0.01350180093737993,-0.0007263315793348858
1.326063492063495e-06,0.02717281654124479,0.03640542986403589
1.336063492063497e-06,-0.0652694959100948,0.006700020709332516
1.346063492063498e-06,0.001288969054989091,0.03269225371970978
1.356063492063493e-06,0.2638251364165548,0.0586844867300516
1.366063492063495e-06,3.584352999668792,0.173792947204539
1.376063492063497e-06,4.201867646843741,-0.07498985446610175
1.386063492063498e-06,2.463952172758556,0.0921030720291047
1.396063492063493e-06,3.221979134859196,0.04383178215273369
1.406063492063495e-06,3.769237624571471,-0.01929221230103293
1.416063492063496e-06,2.933559120011362,0.05497131058572549
1.426063492063498e-06,3.25156067484397,-0.0007263315793433261
1.436063492063499e-06,3.436445299746543,0.002986844565004726
1.446063492063494e-06,3.203490672369273,0.02526590143102212
1.456063492063496e-06,3.21088605736538,-0.004439507723681247
1.466063492063497e-06,3.340305294797256,0.006700020709332516
1.476063492063499e-06,3.251560674843958,0.006700020709332516
1.486063492063494e-06,3.225676827357607,0.006700020709332516
1.496063492063495e-06,3.329212217303095,0.01412637299800836
1.506063492063497e-06,3.240467597349809,0.01041319685367044
1.516063492063499e-06,2.992722199978726,-0.03043174073408891
1.526063492063493e-06,-0.2908287382898704,-0.1232611443424525
1.536063492063495e-06,-0.9638087729371156,0.1106689527507943
1.546063492063497e-06,0.7149436211792114,-0.06385032603308799
1.556063492063498e-06,0.03456820153735196,-0.004439507723681247
1.566063492063493e-06,-0.4831087481899144,0.05125813444136224
1.576063492063495e-06,0.2860112914049956,0.006700020709332516
1.586063492063496e-06,-0.00240872344318388,0.01783954914234628
1.596063492063498e-06,0.1307082064867451,0.09581624817344263
1.606063492063499e-06,3.632423002143773,0.1515138903384101
1.616063492063494e-06,4.257333034314545,-0.07127667832176383
1.626063492063496e-06,2.386300630299431,0.09581624817344263
1.636063492063497e-06,3.258956059840077,0.03269225371969797
1.646063492063499e-06,3.802516857053543,0.006700020709349402
1.656063492063494e-06,2.90027988752929,0.04383178215269485
1.666063492063495e-06,3.247862982345916,0.006700020709332516
1.676063492063497e-06,3.454933762236917,-0.0007263315793433261
1.686063492063499e-06,3.196095287373183,0.02155272528666732
1.696063492063493e-06,3.233072212353685,-0.01557903615667813
1.706063492063495e-06,3.366189142283631,0.006700020709332516
1.716063492063497e-06,3.25156067484397,0.006700020709332516
1.726063492063498e-06,3.229374519855648,-0.008152683868019168
1.736063492063493e-06,3.340305294797205,0.03269225371967939
1.746063492063495e-06,3.266351444836184,-0.008152683868019168
1.756063492063496e-06,2.989024507482165,-0.04528444531139838
1.766063492063498e-06,-0.2612471983069348,-0.1529665534971981
1.776063492063499e-06,-0.9749018504305013,0.07725036745168717
1.786063492063494e-06,0.7297343911714257,-0.0675635021774259
1.796063492063496e-06,0.03456820153735196,-0.04528444531139838
1.806063492063497e-06,-0.4868064406882034,0.05125813444138757
1.816063492063499e-06,0.2749182139107105,-0.008152683868010725
1.826063492063494e-06,0.001288969054869704,0.01041319685367044
1.836063492063496e-06,-0.1651071933575416,0.01041319685367044
1.846063492063497e-06,0.02717281654124479,-0.01186586001235709
1.856063492063499e-06,0.04566127903145217,0.02526590143101537
1.866063492063494e-06,-0.08745565089835577,0.01041319685367719
1.876063492063495e-06,-0.00240872344318388,-0.0007263315793433261
1.886063492063497e-06,0.01977743154513762,0.0215527252866842
1.896063492063498e-06,-0.08006026590230914,-0.004439507723681247
1.906063492063493e-06,-0.002408723443219185,0.01783954914233615
1.916063492063495e-06,0.001288969054869704,-0.0007263315793433261
1.926063492063496e-06,-0.05047872591788047,0.006700020709332516
1.936063492063498e-06,-0.02459487843150538,0.0215527252866842
1.946063492063493e-06,-0.02829257092955728,0.0104131968536755
1.956063492063494e-06,-0.02459487843150538,0.01041319685367044
1.966063492063496e-06,-0.02459487843150538,0.01412637299800836
1.976063492063498e-06,-0.01350180093734463,-0.01186586001235709
1.986063492063499e-06,-0.02829257092955561,0.01783954914233784
1.996063492063494e-06,-0.0208971859334518,-0.0007263315793433261
2.006063492063496e-06,-0.009804108439291047,0.0215527252866842
2.016063492063497e-06,-0.02459487843150538,0.01041319685367044
2.026063492063499e-06,-0.0245948784315037,-0.004439507723669428
2.036063492063494e-06,-0.02089718593345348,0.02155272528667238
2.046063492063495e-06,-0.02459487843150538,0.002986844564994595
2.056063492063497e-06,-0.03568795592566613,-0.004439507723681247
2.066063492063498e-06,-0.01719949343539821,0.01412637299800836
2.076063492063493e-06,0.2638251364165464,0.04011860600836199
2.086063492063495e-06,3.591748384664899,0.1478007141941735
2.096063492063496e-06,4.194472261847634,-0.1158347920538189
2.106063492063498e-06,2.449161402766342,0.09581624817344263
2.116063492063493e-06,3.229374519855293,0.01412637299804551
2.126063492063494e-06,3.750749162081203,-0.04157126916706046
2.136063492063496e-06,2.922466042517201,0.02897907757536004
2.146063492063498e-06,3.236769904851756,-0.004439507723681247
2.156063492063499e-06,3.162816054889082,-0.05271079760010799
2.166063492063494e-06,-0.3610848957543815,-0.1269743204868327
2.176063492063496e-06,-1.015576467909866,0.07725036745175302
2.186063492063497e-06,0.7851997786422295,-0.06013714988875006
2.196063492063499e-06,0.004986661552666016,-0.0118658600123402
2.206063492063494e-06,-0.5607602906490178,0.02526590143100524
2.216063492063495e-06,0.3044997538952636,0.01041319685367044
2.226063492063497e-06,-0.02829257092955897,0.01041319685367044
2.236063492063498e-06,0.08633589651172817,0.07353719130744379
2.246063492063493e-06,3.662004542126292,0.1366611857611311
2.256063492063495e-06,4.224053801832063,-0.08241620675477759
2.266063492063496e-06,2.378905245303324,0.0735371913074151
2.276063492063498e-06,3.255258367342023,0.01412637299800836
2.286063492063493e-06,3.791423779559549,-0.02300538844535397
2.296063492063494e-06,2.878093732540558,0.02526590143102212
2.306063492063496e-06,3.270049137334238,-0.004439507723681247
2.316063492063498e-06,3.188699902377059,-0.0675635021774259
2.326063492063499e-06,-0.3758756657468867,-0.1269743204867415
2.336063492063494e-06,-1.015576467909866,0.0735371913074151
2.346063492063496e-06,0.8110836261286045,-0.07498985446610175
2.356063492063497e-06,-0.00240872344318388,-0.0304317407340467
2.366063492063499e-06,-0.5348764431625115,0.0326922537196777
2.376063492063494e-06,0.3192905238870895,-0.01186586001233682
2.386063492063495e-06,-0.0208971859334518,-0.0007263315793433261
2.396063492063497e-06,-0.1872933483458631,0.03640542986403589
2.406063492063499e-06,0.07154512651785921,-0.00815268386800566
2.416063492063493e-06,0.008684354051005455,0.02155272528667069
2.426063492063495e-06,-0.1022464208906306,0.002986844564994595
2.436063492063497e-06,-0.00240872344318388,-0.008152683868019168
2.446063492063498e-06,0.004986661552923288,0.002986844564994595
2.456063492063493e-06,-0.08745565089837427,-0.0192922123010228
2.466063492063495e-06,-0.009804108439291047,0.002986844564994595
2.476063492063496e-06,0.2934066764011029,0.02526590143102212
2.486063492063498e-06,3.562166844680471,0.1292348334724839
2.496063492063499e-06,4.209263031839058,-0.1195479681980808
2.506063492063494e-06,2.471347557754664,0.04754495829704965
2.516063492063496e-06,3.225676827357595,0.002986844564994595
2.526063492063497e-06,3.780330702065632,-0.03785809302272254
2.536063492063499e-06,2.922466042517355,0.01041319685365355
2.546063492063494e-06,3.262653752337976,-0.02671856458969189
2.556063492063495e-06,3.440142992244703,-0.02671856458970878
2.566063492063497e-06,3.207188364867327,-0.008152683868019168
2.576063492063499e-06,3.214583749863498,-0.0452844453113815
2.586063492063493e-06,3.355096064789406,-0.008152683868036054
2.596063492063495e-06,3.25156067484397,-0.01557903615669501
2.606063492063497e-06,3.225676827357595,-0.0489976214557363
2.616063492063498e-06,3.325514524805041,-0.01557903615669501
2.626063492063493e-06,3.281142214828419,-0.01929221230103124
2.636063492063495e-06,3.262653752338131,-0.02300538844537085
2.646063492063496e-06,3.307026062314773,-0.004439507723681247
2.656063492063498e-06,3.281142214828399,-0.02300538844537085
2.666063492063499e-06,3.288537599824501,-0.01557903615669332
2.676063492063494e-06,3.277444522330345,-0.01186586001235709
2.686063492063496e-06,3.292235292322559,-0.0007263315793433261
2.696063492063497e-06,3.284839907326452,-0.01186586001235709
2.706063492063499e-06,3.284839907326448,-0.0007263315793534574
2.716063492063494e-06,3.277444522330345,-0.02300538844537085
2.726063492063495e-06,3.273746829832291,0.002986844564994595
2.736063492063497e-06,3.277444522330345,-0.02300538844537085
2.746063492063499e-06,3.292235292322558,0.01041319685366706
2.756063492063493e-06,3.288537599824507,0.002986844564997973
2.766063492063495e-06,3.273746829832291,-0.01186586001235709
2.776063492063497e-06,3.273746829832291,0.002986844564994595
2.786063492063498e-06,3.288537599824505,0.01412637299800836
2.796063492063493e-06,3.003815277474509,-0.03785809302269889
2.806063492063495e-06,-0.2538518133108276,-0.1344006727755085
2.816063492063496e-06,-0.9379249254507406,0.1069557766064564
2.826063492063498e-06,0.7445251611636401,-0.06013714988875006
2.836063492063499e-06,0.06045204902348827,-0.01929221230100422
2.846063492063494e-06,-0.4646202856998818,0.04383178215271173
2.856063492063496e-06,0.3155928313894243,-0.01557903615669501
2.866063492063497e-06,0.03087050903929837,0.03269225371969797
2.876063492063499e-06,0.1565920539747227,0.06611083901877471
2.886063492063494e-06,3.680493004618186,0.1440875380498356
2.896063492063496e-06,4.286914574298974,-0.08984255904345344
2.906063492063497e-06,2.42697524777802,0.06982401516307718
2.916063492063499e-06,3.277444522330602,0.0178395491423277
2.926063492063494e-06,3.843191474532286,-0.02300538844535228
2.936063492063495e-06,2.940954505007469,0.03269225371969797
2.946063492063497e-06,3.307026062314773,0.01783954914234628
2.956063492063498e-06,3.503003764711614,-0.01186586001235709
2.966063492063493e-06,3.214583749863565,0.02155272528666901
2.976063492063495e-06,3.247862982345916,-0.01186586001235709
2.986063492063496e-06,3.388375297271952,0.01041319685367044
2.996063492063498e-06,3.266351444836184,0.002986844564994595
3.006063492063493e-06,3.251560674843976,-0.01186586001235033
3.016063492063494e-06,3.340305294797256,0.01783954914234628
3.026063492063496e-06,3.292235292322559,-0.008152683868019168
3.036063492063498e-06,3.281142214828399,0.006700020709332516
3.046063492063499e-06,3.344002987295286,-0.004439507723679559
3.056063492063494e-06,3.292235292322559,-0.0007263315793433261
3.066063492063496e-06,3.288537599824505,0.002986844564994595
3.076063492063497e-06,3.310723754812827,0.002986844564994595
3.086063492063499e-06,3.295932984820609,-0.008152683868020856
3.096063492063494e-06,3.288537599824509,-0.0118658600123554
3.106063492063495e-06,3.314421447310881,0.006700020709332516
3.116063492063497e-06,3.040792202454916,-0.06385032603308799
3.126063492063498e-06,-0.2612471983072391,-0.1603929057857557
3.136063492063493e-06,-0.9305295404543291,0.09952942431766237
3.146063492063495e-06,0.7556182386578009,-0.06013714988875006
3.156063492063496e-06,0.04196358653345913,-0.0304317407340467
3.166063492063498e-06,-0.4683179781979355,0.05125813444138757
3.176063492063493e-06,0.3266859088832236,-0.01186586001232839
3.186063492063494e-06,0.02347512404319121,-0.004439507723681247
3.196063492063496e-06,-0.161409500859488,0.03640542986403589
3.206063492063498e-06,0.07524281901594138,-0.02300538844537085
3.216063492063499e-06,0.03826589403536351,0.0215527252866842
3.226063492063494e-06,-0.05417641841593406,0.0215527252866842
3.236063492063496e-06,0.02717281654124479,-0.008152683868019168
3.246063492063497e-06,0.04196358653345913,0.01041319685367044
3.256063492063499e-06,-0.03568795592563923,-0.01557903615668657
3.266063492063494e-06,0.02347512404316431,0.002986844564986154
3.276063492063495e-06,0.3118951388913708,0.04754495829704965
3.286063492063497e-06,3.588050692166846,0.1292348334724839
3.296063492063498e-06,4.212960724337119,-0.1009820874763963
3.306063492063493e-06,2.489836020245715,0.05497131058565458
3.316063492063495e-06,3.240467597349809,0.02897907757536004
3.326063492063496e-06,3.780330702065632,-0.04528444531139838
3.336063492063498e-06,2.952047582501629,0.02526590143102212
3.346063492063493e-06,3.262653752337989,-0.008152683868003975
3.356063492063495e-06,3.443840684742756,-0.01929221230103293
3.366063492063496e-06,3.218281442361488,0.01783954914234628
3.376063492063498e-06,3.236769904851756,-0.008152683868019168
3.386063492063499e-06,3.344002987295281,-0.02671856458969527
3.396063492063494e-06,3.281142214828399,0.002986844564994595
3.406063492063496e-06,3.229374519855648,-0.004439507723681247
3.416063492063497e-06,3.325514524805041,0.01041319685367044
3.426063492063499e-06,3.247862982345805,0.002986844564974332
3.436063492063494e-06,3.003815277474491,-0.0415712691670402
3.446063492063495e-06,-0.2464564283147204,-0.1269743204868327
3.456063492063497e-06,-0.952715695442955,0.09952942431778054
3.466063492063499e-06,0.7371297761672169,-0.08612938289908512
3.476063492063493e-06,0.04196358653377519,-0.01929221230106332
3.486063492063495e-06,-0.4868064406882034,0.02526590143102212
3.496063492063497e-06,0.30080206139721,-0.02671856458970878
3.506063492063498e-06,0.01607973904708404,0.01412637299800836
3.516063492063493e-06,-0.1540141158633035,0.04011860600836199
3.526063492063495e-06,0.03826589403540554,0.002986844564994595
3.536063492063496e-06,0.02717281654124479,0.03269225371969797
3.546063492063498e-06,-0.08745565089841631,0.01041319685367044
3.556063492063499e-06,-0.006106415941218967,-0.004439507723667739
3.566063492063494e-06,0.03456820153735196,0.02526590143102212
3.576063492063496e-06,-0.04678103341982689,-0.01557903615669501
3.586063492063497e-06,0.001288969054869704,0.002986844564994595
3.596063492063499e-06,0.2897089839045457,0.06982401516310251
3.606063492063494e-06,3.580655307169242,0.1255216573281207
3.616063492063495e-06,4.220356109334009,-0.08241620675477759
3.626063492063497e-06,2.489836020244931,0.0735371913074151
3.636063492063499e-06,3.240467597350051,0.02897907757533134
3.646063492063493e-06,3.772935317069283,-0.03414491687835593
3.656063492063495e-06,2.948349890003576,0.0215527252866842
3.666063492063497e-06,3.266351444836184,-0.008152683868019168
3.676063492063498e-06,3.440142992244703,-0.01186586001235709
3.686063492063493e-06,3.210886057365485,0.02526590143100524
3.696063492063495e-06,3.214583749863434,-0.01929221230103293
3.706063492063496e-06,3.35509606478947,-0.0007263315793433261
3.716063492063498e-06,3.262653752338131,-0.008152683868019168
3.726063492063499e-06,3.218281442361536,-0.01929221230102618
3.736063492063494e-06,3.325514524805041,-0.004439507723681247
3.746063492063496e-06,3.266351444836184,-0.008152683868019168
3.756063492063497e-06,2.996419892478273,-0.06013714988875006
3.766063492063499e-06,-0.2501541208130968,-0.164106081930097
3.776063492063494e-06,-0.9601110804390621,0.08838989588476678
3.786063492063495e-06,0.7149436211792114,-0.1046952636208051
3.796063492063497e-06,0.04566127903151271,-0.05642397374441215
3.806063492063499e-06,-0.4905041331859021,0.03640542986401056
3.816063492063493e-06,0.2897089839026944,-0.0192922123010076
3.826063492063495e-06,-0.01350180093734463,0.01041319685367044
3.836063492063497e-06,0.1048243590003701,0.06611083901873925
3.846063492063498e-06,3.639818387139596,0.1292348334724839
3.856063492063493e-06,4.235146879325953,-0.1046952636206988
3.866063492063495e-06,2.397393707793592,0.06239766287440134
3.876063492063496e-06,3.247862982345916,0.006700020709332516
3.886063492063498e-06,3.809912242050061,-0.0304317407340467
3.896063492063499e-06,2.881791425038787,-0.004439507723679559
3.906063492063494e-06,3.266351444836184,-0.0007263315793433261
3.916063492063496e-06,3.454933762236917,-0.01929221230103293
3.926063492063498e-06,3.192397594875112,0.01412637299800836
3.936063492063499e-06,3.233072212353766,-0.0192922123010228
3.946063492063494e-06,3.373584527279738,0.002986844564994595
3.956063492063496e-06,3.25156067484397,0.002986844564994595
3.966063492063497e-06,3.233072212353702,0.002986844564994595
3.976063492063499e-06,3.329212217303068,0.02526590143100186
3.986063492063494e-06,3.270049137334265,-0.01929221230101267
3.996063492063495e-06,2.996419892478273,-0.0304317407340467
4.006063492063497e-06,-0.2575495058088811,-0.1418270250641843
4.016063492063498e-06,-0.9601110804390621,0.1032426004621185
4.026063492063493e-06,0.7482228536609167,-0.06013714988867577
4.036063492063495e-06,0.06414974152178063,-0.02300538844537085
4.046063492063496e-06,-0.4794110556920962,0.05125813444138757
4.056063492063498e-06,0.30080206139721,-0.01929221230103293
4.066063492063493e-06,0.01607973904721349,0.02526590143100186
4.076063492063494e-06,-0.161409500859488,0.0215527252866842
4.086063492063496e-06,0.04196358653345913,-0.0007263315793433261
4.096063492063498e-06,0.03826589403540554,0.05125813444138757
4.106063492063499e-06,-0.07636257340421185,0.02526590143101875
4.116063492063494e-06,0.01977743154513762,0.01783954914234628
4.126063492063496e-06,0.03087050903929837,0.03269225371969797
4.136063492063497e-06,-0.04678103341982689,0.002986844564994595
4.146063492063499e-06,0.00128896905487643,0.02897907757535835
4.156063492063494e-06,0.01607973904707732,0.02526590143102381
4.166063492063495e-06,-0.02829257092955897,0.0215527252866842
4.176063492063497e-06,-0.00240872344318388,0.01412637299800836
4.186063492063498e-06,0.00128896905485457,0.006700020709334205
4.196063492063493e-06,-0.03199026342759741,0.01041319685366875
4.206063492063495e-06,0.004986661552923288,0.01783954914234628
4.216063492063496e-06,0.004986661552923288,0.002986844564994595
4.226063492063498e-06,-0.009804108439291047,0.01041319685367044
4.236063492063493e-06,-0.01719949343539485,-0.0007263315793382599
4.246063492063494e-06,0.001288969054869704,0.01041319685367044
4.256063492063496e-06,0.004986661552923288,0.02526590143102212
4.266063492063498e-06,-0.006106415941237463,0.01412637299800836
4.276063492063499e-06,-0.01350180093733959,0.006700020709330828
4.286063492063494e-06,-0.00240872344318388,0.002986844564994595
4.296063492063496e-06,-0.0208971859334518,0.0215527252866842
4.306063492063497e-06,0.001288969054869704,0.01041319685367044
4.316063492063499e-06,0.2823135989084487,0.0586844867301107
4.326063492063494e-06,3.595446077161446,0.1626534187714779
4.336063492063495e-06,4.205565339341795,-0.09355573518779135
4.346063492063497e-06,2.456556787762449,0.08096354359609094
4.356063492063498e-06,3.258956059840314,0.02155272528666225
4.366063492063493e-06,3.780330702065395,-0.02671856458968682
4.376063492063495e-06,2.944652197505522,0.01783954914234628
4.386063492063496e-06,3.266351444836184,0.01412637299800836
4.396063492063498e-06,3.170211439886791,-0.06385032603308799
4.406063492063493e-06,-0.3278056632703086,-0.1195479681981315
4.416063492063495e-06,-1.03036723790208,0.06239766287440134
4.426063492063496e-06,0.8036882411324974,-0.05642397374441215
4.436063492063498e-06,0.04196358653345913,-0.01557903615669501
4.446063492063499e-06,-0.5274810581663942,0.03269225371968277
4.456063492063494e-06,0.3488720638719066,-0.0007263315793433261
4.466063492063496e-06,-0.00240872344318388,-0.01186586001235709
4.476063492063497e-06,-0.1762002708517023,0.0215527252866842
4.486063492063499e-06,0.06784743401982581,-0.02300538844535059
4.496063492063494e-06,0.04935897152957471,0.02155272528666394
4.506063492063495e-06,-0.07636257340425556,-0.01557903615669501
4.516063492063497e-06,0.01607973904708404,0.002986844564994595
4.526063492063495e-06,0.06045204902372704,0.002986844564994595
4.536063492063497e-06,-0.04678103341982689,-0.02300538844537085
4.546063492063495e-06,0.02347512404319121,0.002986844564994595
4.556063492063497e-06,0.004986661552923288,-0.02300538844537085
4.566063492063495e-06,-0.03568795592566613,0.002986844564994595
4.576063492063496e-06,0.001288969054869704,0.01412637299800836
4.586063492063495e-06,0.004986661552923288,0.006700020709332516
4.596063492063496e-06,-0.006106415941237463,-0.008152683868019168
4.606063492063498e-06,-0.006106415941237463,-0.01186586001235709
4.616063492063496e-06,0.01977743154513762,-0.02300538844537085
4.626063492063498e-06,-0.01350180093734463,-0.008152683868019168
4.636063492063496e-06,-0.006106415941237463,0.002986844564994595
4.646063492063497e-06,-0.00240872344318388,-0.01557903615669501
4.656063492063496e-06,-0.00240872344318388,-0.01186586001235709
4.666063492063497e-06,0.001288969054869704,-0.008152683868019168
4.676063492063495e-06,0.001288969054869704,0.002986844564994595
4.686063492063497e-06,-0.0208971859334518,0.01412637299800836
4.696063492063495e-06,0.001288969054869704,-0.008152683868019168
4.706063492063497e-06,-0.009804108439291047,0.002986844564994595
4.716063492063495e-06,-0.02459487843150538,-0.008152683868019168
4.726063492063497e-06,-0.00240872344318388,0.006700020709332516
4.736063492063495e-06,-0.009804108439291047,-0.004439507723681247
4.746063492063496e-06,-0.02459487843150538,0.01041319685367044
4.756063492063495e-06,-0.01719949343539821,-0.0007263315793433261
4.766063492063496e-06,-0.01719949343539821,0.002986844564994595
4.776063492063494e-06,-0.0208971859334518,-0.008152683868019168
4.786063492063496e-06,-0.006106415941237463,0.002986844564994595
4.796063492063498e-06,-0.009804108439291047,-0.004439507723681247
4.806063492063496e-06,-0.0208971859334518,0.002986844564994595
4.816063492063497e-06,-0.01350180093734463,-0.01186586001235709
4.826063492063496e-06,-0.006106415941237463,-0.01929221230103293
4.836063492063497e-06,-0.01719949343539821,-0.02300538844537085
4.846063492063495e-06,0.001288969054869704,-0.004439507723681247
4.856063492063497e-06,-0.02829257092955897,-0.01186586001235709
4.866063492063495e-06,0.01607973904708404,-0.01186586001235709
4.876063492063497e-06,-0.02829257092955897,-0.008152683868019168
4.886063492063495e-06,-0.01719949343539821,-0.0007263315793433261
4.896063492063497e-06,-0.01350180093734463,-0.01186586001235709
4.906063492063495e-06,-0.01350180093734463,0.006700020709332516
4.916063492063497e-06,-0.009804108439291047,0.0215527252866842
4.926063492063495e-06,-0.009804108439291047,-0.0007263315793433261
4.936063492063496e-06,-0.02829257092955897,-0.004439507723681247
4.946063492063495e-06,-0.01350180093734463,-0.0007263315793433261
4.956063492063496e-06,0.2638251364166742,0.05868448673006341
4.966063492063498e-06,3.60284146215906,0.1292348334724839
4.976063492063496e-06,4.187076876851527,-0.1009820874764672
4.986063492063498e-06,2.441766017770235,0.06982401516307718
4.996063492063496e-06,3.233072212353702,0.006700020709332516
5.006063492063497e-06,3.758144547077311,-0.05642397374441215
5.016063492063496e-06,2.922466042517201,0.01783954914234628
5.026063492063497e-06,3.233072212353702,-0.004439507723681247
5.036063492063495e-06,3.144327592400416,-0.0489976214557363
5.046063492063497e-06,-0.3610848957543815,-0.1232611443424947
5.056063492063495e-06,-1.037762622898188,0.0921030720291047
5.066063492063497e-06,0.807385933630551,-0.08241620675477759
5.076063492063495e-06,0.01607973904708404,-0.01929221230103293
5.086063492063497e-06,-0.5459695206570607,0.0215527252866842
5.096063492063495e-06,0.2971043688991564,-0.01929221230103293
5.106063492063496e-06,-0.02829257092955897,0.01041319685367044
5.116063492063495e-06,0.1011266665023165,0.06982401516307718
5.126063492063496e-06,3.669399927124025,0.1180953050394702
5.136063492063498e-06,4.216658416835956,-0.09355573518779135
5.146063492063496e-06,2.386300630299431,0.0735371913074151
5.156063492063498e-06,3.247862982345916,0.01041319685367044
5.166063492063496e-06,3.791423779559793,-0.01557903615669501
5.176063492063497e-06,2.870698347544451,0.03269225371969797
5.186063492063496e-06,3.262653752338131,0.006700020709332516
5.196063492063497e-06,3.451236069738863,-0.02300538844537085
5.206063492063495e-06,3.151722977396523,0.02526590143102212
5.216063492063497e-06,3.214583749863434,-0.01557903615669501
5.226063492063495e-06,3.325514524805041,-0.0007263315793433261
5.236063492063497e-06,3.233072212353702,-0.0007263315793433261
5.246063492063495e-06,3.240467597349809,-0.01557903615669501
5.256063492063497e-06,3.318119139808934,0.0215527252866842
5.266063492063495e-06,3.25156067484397,-0.02300538844537085
5.276063492063496e-06,3.25156067484397,-0.0007263315793433261
5.286063492063495e-06,3.295932984820613,0.002986844564994595
5.296063492063496e-06,3.262653752338131,0.002986844564994595
5.306063492063494e-06,3.281142214828399,-0.01186586001235709
5.316063492063496e-06,3.292235292322559,-0.004439507723681247
5.326063492063498e-06,3.277444522330345,-0.01186586001235709
5.336063492063496e-06,3.273746829832291,-0.008152683868019168
5.346063492063497e-06,3.258956059840077,-0.008152683868019168
5.356063492063496e-06,3.277444522330345,-0.0007263315793433261
5.366063492063497e-06,3.284839907326452,-0.0007263315793433261
5.376063492063495e-06,3.295932984820613,-0.0007263315793433261
5.386063492063497e-06,3.273746829832291,-0.004439507723681247
5.396063492063495e-06,3.295932984820613,0.02526590143102212
5.406063492063497e-06,3.30332836981672,-0.004439507723681247
5.416063492063495e-06,3.310723754812827,0.006700020709332516
5.426063492063497e-06,3.288537599824505,0.006700020709332516
5.436063492063495e-06,3.295932984820613,-0.0007263315793433261
5.446063492063497e-06,3.281142214828399,0.01041319685367044
5.456063492063495e-06,3.30332836981672,0.01412637299800836
5.466063492063496e-06,3.295932984820613,0.002986844564994595
5.476063492063495e-06,3.30332836981672,0.02897907757536004
5.486063492063496e-06,3.292235292322559,-0.004439507723681247
5.496063492063498e-06,3.295932984820613,-0.0007263315793433261
5.506063492063496e-06,3.299630677318667,0.01783954914234628
5.516063492063498e-06,3.310723754812827,-0.008152683868019168
5.526063492063496e-06,3.295932984820613,0.01041319685367044
5.536063492063497e-06,3.299630677318667,0.002986844564994595
5.546063492063496e-06,3.310723754812827,0.01783954914234628
5.556063492063497e-06,3.284839907326452,0.01412637299800836
5.566063492063495e-06,3.307026062314773,-0.004439507723681247
5.576063492063497e-06,3.288537599824505,0.01041319685367044
5.586063492063495e-06,3.295932984820613,0.0215527252866842
5.596063492063497e-06,3.044489894952969,-0.03414491687838462
5.606063492063495e-06,-0.2723402758010955,-0.1381138489198464
5.616063492063497e-06,-0.9453203104468477,0.1218084811838081
5.626063492063495e-06,0.763013623653908,-0.0675635021774259
5.636063492063496e-06,0.0493589715295663,0.006700020709332516
5.646063492063495e-06,-0.4683179781979355,0.05125813444138757
5.656063492063496e-06,0.3155928313894243,-0.03785809302272254
5.666063492063498e-06,0.02347512404319121,0.01783954914234628
5.676063492063496e-06,0.1307082064867451,0.08467671974042887
5.686063492063498e-06,3.658306849629864,0.125521657328146
5.696063492063496e-06,4.286914574298974,-0.07498985446610175
5.706063492063497e-06,2.419579862781914,0.0735371913074151
5.716063492063496e-06,3.255258367342023,0.0215527252866842
5.726063492063497e-06,3.821005319544222,-0.02300538844537085
5.736063492063495e-06,2.922466042517201,0.01783954914234628
5.746063492063497e-06,3.292235292322559,0.0215527252866842
5.756063492063495e-06,3.225676827357595,-0.08241620675477759
5.766063492063497e-06,-0.3241079707738457,-0.1269743204868327
5.776063492063495e-06,-0.97859954292933,0.08838989588476678
5.786063492063497e-06,0.8406651661130332,-0.07498985446610175
5.796063492063495e-06,0.03826589403540554,-0.03414491687838462
5.806063492063496e-06,-0.4978995181823641,0.02897907757536004
5.816063492063495e-06,0.3710582188602281,-0.01557903615669501
5.826063492063496e-06,0.02347512404319121,-0.01557903615669501
5.836063492063494e-06,-0.1392233458711665,0.03640542986403589
5.846063492063496e-06,0.1011266665023165,-0.01929221230103293
5.856063492063498e-06,0.06045204902372704,0.03269225371969797
5.866063492063496e-06,-0.05047872591788047,0.006700020709332516
5.876063492063497e-06,0.03087050903929837,0.01412637299800836
5.886063492063496e-06,0.03456820153735196,0.01783954914234628
5.896063492063497e-06,-0.03938564842371972,-0.01557903615669501
5.906063492063495e-06,0.03456820153735196,0.0215527252866842
5.916063492063497e-06,0.3192905238874779,0.05497131058572549
5.926063492063495e-06,3.60284146215906,0.1403743619054977
5.936063492063497e-06,4.235146879326224,-0.1009820874764672
5.946063492063495e-06,2.489836020244931,0.06239766287440134
5.956063492063497e-06,3.244165289847863,0.006700020709332516
5.966063492063495e-06,3.7988191645559,-0.0304317407340467
5.976063492063497e-06,2.966838352493844,0.01412637299800836
5.986063492063495e-06,3.277444522330345,-0.008152683868019168
5.996063492063496e-06,3.21088605736538,-0.06385032603308799
6.006063492063495e-06,-0.3093172007816313,-0.1455402012085223
6.016063492063496e-06,-1.000785697917651,0.0921030720291047
6.026063492063498e-06,0.8443628586110868,-0.08241620675477759
6.036063492063496e-06,0.05305666402761988,-0.02671856458970878
6.046063492063498e-06,-0.5348764431629,0.0215527252866842
6.056063492063496e-06,0.3710582188602281,-0.008152683868019168
6.066063492063497e-06,-0.00240872344318388,-0.01186586001235709
6.076063492063496e-06,0.123312821490638,0.0735371913074151
6.086063492063497e-06,3.698981467108454,0.1292348334724839
6.096063492063495e-06,4.28321688180092,-0.08241620675477759
6.106063492063497e-06,2.404789092789699,0.0735371913074151
6.116063492063495e-06,3.284839907326452,0.03640542986403589
6.126063492063497e-06,3.821005319544222,-0.03785809302272254
6.136063492063495e-06,2.90027988752888,0.0215527252866842
6.146063492063497e-06,3.292235292322559,0.01783954914234628
6.156063492063495e-06,3.477119917225238,-0.03414491687838462
6.166063492063496e-06,3.192397594875112,0.04011860600837381
6.176063492063495e-06,3.25156067484397,-0.02300538844537085
6.186063492063496e-06,3.366189142283631,-0.004439507723681247
6.196063492063498e-06,3.247862982345916,-0.008152683868019168
6.206063492063496e-06,3.247862982345916,-0.02671856458970878
6.216063492063498e-06,3.336607602299202,-0.0007263315793433261
6.226063492063496e-06,3.270049137334238,-0.004439507723681247
6.236063492063497e-06,2.989024507482165,-0.04528444531139838
6.246063492063496e-06,-0.2464564283147204,-0.1455402012085223
6.256063492063497e-06,-0.97859954292933,0.0921030720291047
6.266063492063495e-06,0.7408274686655865,-0.09726891133212928
6.276063492063497e-06,0.0493589715295663,-0.0304317407340467
6.286063492063495e-06,-0.5015972106804176,0.04011860600837381
6.296063492063497e-06,0.2934066764011029,-0.03414491687838462
6.306063492063495e-06,0.01607973904708404,0.01412637299800836
6.316063492063497e-06,-0.1503164233653272,-0.0007263315793433261
6.326063492063495e-06,0.0493589715295663,-0.0007263315793433261
6.336063492063496e-06,0.0493589715295663,0.01783954914234628
6.346063492063495e-06,-0.08745565089841631,0.006700020709332516
6.356063492063496e-06,-0.00240872344318388,-0.0007263315793433261
6.366063492063494e-06,0.02347512404319121,0.0215527252866842
6.376063492063496e-06,-0.06896718840814839,-0.01557903615669501
6.386063492063498e-06,-0.006106415941237463,0.006700020709332516
6.396063492063496e-06,-0.00240872344318388,0.006700020709332516
6.406063492063497e-06,-0.01719949343539821,-0.01557903615669501
6.416063492063496e-06,-0.01350180093734463,-0.0007263315793433261
6.426063492063497e-06,-0.0208971859334518,-0.01186586001235709
6.436063492063496e-06,-0.006106415941237463,-0.02671856458970878
6.446063492063497e-06,-0.03199026342761255,0.002986844564994595
6.456063492063495e-06,-0.006106415941237463,-0.02300538844537085
6.466063492063497e-06,-0.02829257092955897,-0.01186586001235709
6.476063492063495e-06,0.2675228289147277,0.04754495829704965
6.486063492063497e-06,3.584352999668792,0.1366611857611598
6.496063492063495e-06,4.209263031839848,-0.1158347920538189
6.506063492063497e-06,2.46764986525661,0.05497131058572549
6.516063492063495e-06,3.236769904851756,0.01783954914234628
6.526063492063496e-06,3.769237624571471,-0.06385032603308799
6.536063492063495e-06,2.937256812509415,0.0215527252866842
6.546063492063496e-06,3.266351444836184,0.002986844564994595
6.556063492063498e-06,3.185002209879005,-0.07127667832176383
6.566063492063496e-06,-0.33889874076606,-0.1344006727755085
6.576063492063498e-06,-1.01927416040792,0.0921030720291047
6.586063492063496e-06,0.8036882411324974,-0.07870303061043968
6.596063492063497e-06,0.03826589403540554,-0.04528444531139838
6.606063492063496e-06,-0.5311787506648463,0.03640542986403589
6.616063492063497e-06,0.3377789863777458,-0.02300538844537085
6.626063492063495e-06,0.001288969054869704,-0.008152683868019168
6.636063492063497e-06,-0.1651071933575416,0.03269225371969797
6.646063492063495e-06,0.06045204902372704,-0.01557903615669501
6.656063492063497e-06,0.008684354050976872,0.0215527252866842
6.666063492063495e-06,-0.0911533433964699,0.006700020709332516
6.676063492063497e-06,0.01977743154513762,-0.004439507723681247
6.686063492063495e-06,0.03087050903929837,0.01783954914234628
6.696063492063496e-06,-0.05047872591788047,-0.008152683868019168
6.706063492063495e-06,-0.009804108439291047,0.01412637299800836
6.716063492063496e-06,0.2971043688991564,0.05125813444138757
6.726063492063498e-06,3.565864537178524,0.1478007141941735
6.736063492063496e-06,4.23144918682817,-0.1009820874764672
6.746063492063498e-06,2.489836020244931,0.0735371913074151
6.756063492063496e-06,3.233072212353702,0.01412637299800836
6.766063492063497e-06,3.772935317069525,-0.04157126916706046
6.776063492063496e-06,2.952047582501629,0.02897907757536004
6.786063492063497e-06,3.255258367342023,-0.008152683868019168
6.796063492063495e-06,3.192397594875112,-0.08241620675477759
6.806063492063497e-06,-0.3130148932796849,-0.1269743204868327
6.816063492063495e-06,-1.03036723790208,0.08096354359609094
6.826063492063497e-06,0.8221767036227653,-0.0675635021774259
6.836063492063495e-06,0.04196358653345913,-0.008152683868019168
6.846063492063497e-06,-0.5459695206570607,0.05125813444138757
6.856063492063495e-06,0.345174371373853,-0.008152683868019168
6.866063492063496e-06,-0.009804108439291047,0.01041319685367044
6.876063492063495e-06,0.1159174364945308,0.0735371913074151
6.886063492063496e-06,3.676795312120132,0.1589402426271873
6.896063492063494e-06,4.261030726812598,-0.07870303061043968
6.906063492063496e-06,2.401091400291646,0.08467671974042887
6.916063492063498e-06,3.266351444836184,0.02526590143102212
6.926063492063496e-06,3.806214549552007,-0.02300538844537085
6.936063492063497e-06,2.918768350019147,0.04011860600837381
6.946063492063496e-06,3.262653752338131,0.006700020709332516
6.956063492063497e-06,3.462329147233024,-0.004439507723681247
6.966063492063496e-06,3.177606824882898,0.01783954914234628
6.976063492063497e-06,3.244165289847863,0.01041319685367044
6.986063492063495e-06,3.377282219777792,0.002986844564994595
6.996063492063497e-06,3.25156067484397,-0.008152683868019168
7.006063492063495e-06,3.236769904851756,-0.004439507723681247
7.016063492063497e-06,3.344002987295309,-0.004439507723681247
7.026063492063495e-06,3.266351444836184,-0.004439507723681247
7.036063492063497e-06,3.266351444836184,-0.0007263315793433261
7.046063492063495e-06,3.318119139808934,-0.004439507723681247
7.056063492063496e-06,3.266351444836184,-0.0007263315793433261
7.066063492063495e-06,3.273746829832291,-0.01929221230103293
7.076063492063496e-06,3.292235292322559,0.006700020709332516
7.086063492063498e-06,3.270049137334238,-0.004439507723681247
7.096063492063496e-06,3.258956059840077,-0.01186586001235709
7.106063492063498e-06,3.284839907326452,0.006700020709332516
7.116063492063496e-06,3.288537599824505,-0.008152683868019168
7.126063492063497e-06,3.273746829832291,-0.0007263315793433261
7.136063492063496e-06,3.288537599824505,-0.008152683868019168
7.146063492063497e-06,3.284839907326452,-0.01186586001235709
7.156063492063495e-06,3.270049137334238,0.002986844564994595
7.166063492063497e-06,3.30332836981672,-0.004439507723681247
7.176063492063495e-06,3.273746829832291,-0.004439507723681247
7.186063492063497e-06,3.284839907326452,-0.02300538844537085
7.196063492063495e-06,3.037094509956862,-0.06013714988875006
7.206063492063497e-06,-0.2464564283147204,-0.156679729641536
7.216063492063495e-06,-0.9601110804390621,0.1069557766064564
7.226063492063496e-06,0.7445251611636401,-0.08612938289911551
7.236063492063495e-06,0.04566127903151271,-0.03414491687838462
7.246063492063496e-06,-0.472015670695989,0.05497131058572549
7.256063492063494e-06,0.2934066764011029,-0.02671856458970878
7.266063492063496e-06,0.001288969054869704,0.01041319685367044
7.276063492063498e-06,-0.1540141158633808,0.02897907757536004
7.286063492063496e-06,0.0493589715295663,-0.01929221230103293
7.296063492063497e-06,0.03456820153735196,0.01783954914234628
7.306063492063496e-06,-0.07266488090620198,0.002986844564994595
7.316063492063497e-06,-0.00240872344318388,0.006700020709332516
7.326063492063495e-06,0.03826589403540554,0.0215527252866842
7.336063492063497e-06,-0.05787411091398764,-0.01186586001235709
7.346063492063495e-06,0.01238204654903046,0.02897907757536004
7.356063492063497e-06,0.2897089839030492,0.05868448673006341
7.366063492063495e-06,3.554771459684364,0.1478007141941735
7.376063492063497e-06,4.205565339341795,-0.08984255904345344
7.386063492063495e-06,2.486138327746878,0.08096354359609094
7.396063492063496e-06,3.225676827357595,0.02526590143102212
7.406063492063495e-06,3.780330702065632,-0.02300538844537085
7.416063492063496e-06,2.948349890003576,0.04754495829704965
7.426063492063494e-06,3.273746829832291,-0.02300538844537085
7.436063492063496e-06,3.192397594875112,-0.05271079760007422
7.446063492063498e-06,-0.3019218157855242,-0.1269743204868327
7.456063492063496e-06,-1.01927416040792,0.08096354359609094
7.466063492063498e-06,0.8110836261286045,-0.07870303061043968
7.476063492063496e-06,0.03826589403540554,-0.03785809302272254
7.486063492063497e-06,-0.5348764431629,0.05125813444138757
7.496063492063496e-06,0.3488720638719066,-0.01557903615669501
7.506063492063497e-06,0.008684354050976872,0.01041319685367044
7.516063492063495e-06,-0.1688048858555952,0.04383178215271173
7.526063492063497e-06,0.0715451265178878,-0.004439507723681247
7.536063492063495e-06,0.05305666402761988,0.05125813444138757
7.546063492063497e-06,-0.07266488090620198,0.01041319685367044
7.556063492063495e-06,0.008684354050976872,0.006700020709332516
7.566063492063497e-06,0.04566127903151271,0.02897907757536004
7.576063492063495e-06,-0.07636257340425556,0.01412637299800836
7.586063492063496e-06,0.01238204654903046,0.01041319685367044
7.596063492063495e-06,0.01607973904708404,0.01412637299800836
7.606063492063496e-06,-0.03199026342761255,-0.0007263315793433261
7.616063492063498e-06,0.004986661552923288,0.006700020709332516
7.626063492063496e-06,0.01238204654903046,0.01041319685367044
7.636063492063498e-06,-0.02829257092955897,0.006700020709332516
7.646063492063496e-06,0.001288969054869704,0.0215527252866842
7.656063492063497e-06,-0.0208971859334518,-0.008152683868019168
7.666063492063496e-06,-0.02829257092955897,0.01412637299800836
7.676063492063497e-06,0.256429751420567,0.06239766287440134
7.686063492063495e-06,3.60284146215906,0.1292348334724839
7.696063492063497e-06,4.220356109334009,-0.08984255904345344
7.706063492063495e-06,2.471347557754664,0.08467671974042887
7.716063492063497e-06,3.244165289847863,0.02897907757536004
7.726063492063495e-06,3.769237624571471,-0.03785809302272254
7.736063492063497e-06,2.940954505007469,0.01783954914234628
7.746063492063495e-06,3.25156067484397,0.002986844564994595
7.756063492063496e-06,3.432747607248595,-0.02671856458970878
7.766063492063495e-06,3.19979297987122,0.03640542986403589
7.776063492063496e-06,3.21088605736538,-0.02671856458970878
7.786063492063494e-06,3.373584527279738,0.01783954914234628
7.796063492063496e-06,3.255258367342023,0.01412637299800836
7.806063492063498e-06,3.247862982345916,-0.004439507723681247
7.816063492063496e-06,3.336607602299202,0.03640542986403589
7.826063492063497e-06,3.307026062314773,-0.004439507723681247
7.836063492063496e-06,3.00381527747438,-0.04528444531139838
7.846063492063497e-06,-0.2242702733263989,-0.1418270250641843
7.856063492063495e-06,-0.9638087729371156,0.1180953050394702
7.866063492063497e-06,0.7334320836694793,-0.06385032603308799
7.876063492063495e-06,0.06784743401983422,-0.01557903615669501
7.886063492063497e-06,-0.490504133186257,0.06239766287440134
7.896063492063495e-06,0.2934066764011029,0.002986844564994595
7.906063492063497e-06,0.01607973904708404,0.01041319685367044
7.916063492063495e-06,0.1270105139886916,0.1032426004621185
7.926063492063496e-06,3.632423002143489,0.1440875380498356
7.936063492063495e-06,4.279519189302866,-0.07498985446610175
7.946063492063496e-06,2.419579862781914,0.06239766287440134
7.956063492063495e-06,3.247862982345916,0.03640542986403589
7.966063492063496e-06,3.821005319544222,-0.008152683868019168
7.976063492063498e-06,2.889186810034718,0.02897907757536004
7.986063492063496e-06,3.277444522330345,0.01412637299800836
7.996063492063498e-06,3.214583749863434,-0.0489976214557363
8.006063492063496e-06,-0.33889874076606,-0.1269743204868327
8.016063492063497e-06,-1.000785697917651,0.09581624817344263
8.026063492063496e-06,0.8258743961208189,-0.06013714988875006
8.036063492063497e-06,0.03456820153735196,-0.02300538844537085
8.046063492063495e-06,-0.5200856731706857,0.05125813444138757
8.056063492063497e-06,0.3340812938796923,-0.004439507723681247
8.066063492063495e-06,0.001288969054869704,-0.0007263315793433261
8.076063492063497e-06,0.123312821490638,0.1069557766064564
8.086063492063495e-06,3.706376852104561,0.125521657328146
8.096063492063497e-06,4.279519189302866,-0.0675635021774259
8.106063492063495e-06,2.393696015295538,0.0735371913074151
8.116063492063496e-06,3.266351444836184,0.02897907757536004
8.126063492063495e-06,3.813609934548114,-0.01186586001235709
8.136063492063496e-06,2.90027988752888,0.03269225371969797
8.146063492063498e-06,3.277444522330345,0.01783954914234628
8.156063492063496e-06,3.225676827357595,-0.07127667832176383
8.166063492063498e-06,-0.3499918182602207,-0.1269743204868327
8.176063492063496e-06,-1.000785697917651,0.08838989588476678
8.186063492063497e-06,0.8332697811169261,-0.0675635021774259
8.196063492063496e-06,0.02717281654124479,-0.02671856458970878
8.206063492063497e-06,-0.5348764431629,0.03269225371969797
8.216063492063495e-06,0.3303836013816387,-0.008152683868019168
8.226063492063497e-06,-0.006106415941237463,0.01783954914234628
8.236063492063495e-06,-0.1688048858555952,0.03269225371969797
8.246063492063497e-06,0.0937312815062093,-0.01186586001235709
8.256063492063495e-06,0.01977743154513762,0.03640542986403589
8.266063492063497e-06,-0.09485103589452348,-0.0007263315793433261
8.276063492063495e-06,0.004986661552923288,0.0215527252866842
8.286063492063496e-06,0.01977743154513762,0.01041319685367044
8.296063492063495e-06,-0.06896718840814839,0.006700020709332516
8.306063492063496e-06,-0.01350180093734463,0.006700020709332516
8.316063492063494e-06,0.2860112914049956,0.05125813444138757
8.326063492063496e-06,3.532585304696042,0.1552270664828494
8.336063492063498e-06,4.249937649318438,-0.1009820874764672
8.346063492063496e-06,2.475045250252717,0.06239766287440134
8.356063492063497e-06,3.21088605736538,0.0215527252866842
8.366063492063496e-06,3.776633009567579,-0.04157126916706046
8.376063492063497e-06,2.952047582501629,0.03640542986403589
8.386063492063495e-06,3.244165289847863,-0.008152683868019168
8.396063492063497e-06,3.185002209879005,-0.0489976214557363
8.406063492063495e-06,-0.3019218157855242,-0.1158347920538189
8.416063492063497e-06,-1.045158007894294,0.08467671974042887
8.426063492063495e-06,0.7925951636383366,-0.07127667832176383
8.436063492063497e-06,0.04196358653345913,-0.02300538844537085
8.446063492063495e-06,-0.5496672131551142,0.03640542986403589
8.456063492063496e-06,0.3340812938796923,-0.008152683868019168
8.466063492063495e-06,-0.006106415941237463,0.002986844564994595
8.476063492063496e-06,0.09742897400426288,0.08467671974042887
8.486063492063495e-06,3.650911464633757,0.1366611857611598
8.496063492063496e-06,4.27212380430676,-0.0675635021774259
8.506063492063498e-06,2.404789092789699,0.07725036745175302
8.516063492063496e-06,3.258956059840077,0.03640542986403589
8.526063492063498e-06,3.821005319544222,-0.03414491687838462
8.536063492063496e-06,2.907675272524986,0.006700020709332516
8.546063492063497e-06,3.292235292322559,0.002986844564994595
8.556063492063496e-06,3.207188364867327,-0.06385032603308799
8.566063492063497e-06,-0.3130148932796849,-0.1232611443424947
8.576063492063495e-06,-1.000785697917651,0.08096354359609094
8.586063492063497e-06,0.8184790111247118,-0.0675635021774259
8.596063492063495e-06,0.0493589715295663,-0.03414491687838462
8.606063492063497e-06,-0.5348764431629,0.02526590143102212
8.616063492063495e-06,0.3562674488680138,0.01412637299800836
8.626063492063497e-06,-0.00240872344318388,-0.008152683868019168
8.636063492063495e-06,0.1122197439964772,0.05868448673006341
8.646063492063496e-06,3.665702234625971,0.1329480096168218
8.656063492063495e-06,4.257333034314545,-0.09355573518779135
8.666063492063496e-06,2.404789092789699,0.07725036745175302
8.676063492063498e-06,3.270049137334238,0.01412637299800836
8.686063492063496e-06,3.821005319544222,-0.02300538844537085
8.696063492063498e-06,2.907675272524986,0.006700020709332516
8.706063492063496e-06,3.281142214828399,-0.0007263315793433261
8.716063492063497e-06,3.229374519855648,-0.07498985446610175
8.726063492063496e-06,-0.3278056632718993,-0.1344006727755085
8.736063492063497e-06,-1.011878775411812,0.08096354359609094
8.746063492063495e-06,0.8258743961208189,-0.06385032603308799
8.756063492063497e-06,0.03087050903929837,-0.02671856458970878
8.766063492063495e-06,-0.5237833656687392,0.03269225371969797
8.776063492063497e-06,0.3488720638719066,-0.008152683868019168
8.786063492063495e-06,0.004986661552923288,-0.01186586001235709
8.796063492063497e-06,0.09003358900815572,0.08467671974042887
8.806063492063495e-06,3.669399927124025,0.125521657328146
8.816063492063496e-06,4.261030726812598,-0.1009820874764672
8.826063492063495e-06,2.397393707793592,0.07725036745175302
8.836063492063496e-06,3.270049137334238,0.01041319685367044
8.846063492063494e-06,3.802516857053954,-0.01929221230103293
8.856063492063496e-06,2.903977580026933,0.01041319685367044
8.866063492063498e-06,3.262653752338131,0.01783954914234628
8.876063492063496e-06,3.233072212353702,-0.07127667832176383
8.886063492063497e-06,-0.3278056632718993,-0.1344006727755085
8.896063492063496e-06,-1.037762622898188,0.0921030720291047
8.906063492063497e-06,0.8110836261286045,-0.06013714988875006
8.916063492063495e-06,0.03826589403540554,-0.02671856458970878
8.926063492063497e-06,-0.5237833656687392,0.02526590143102212
8.936063492063495e-06,0.3303836013816387,-0.0007263315793433261
8.946063492063497e-06,-0.00240872344318388,0.01041319685367044
8.956063492063495e-06,-0.1762002708517023,0.03269225371969797
8.966063492063497e-06,0.07524281901594138,-0.004439507723681247
8.976063492063495e-06,0.02347512404319121,0.02526590143102212
8.986063492063497e-06,-0.0911533433964699,-0.0007263315793433261
8.996063492063495e-06,-0.00240872344318388,0.002986844564994595
9.006063492063496e-06,0.02347512404319121,0.02526590143102212
9.016063492063495e-06,-0.05787411091398764,-0.04157126916706046
9.026063492063496e-06,-0.006106415941237463,0.006700020709332516
9.036063492063498e-06,0.2786159064088885,0.04754495829704965
9.046063492063496e-06,3.528887612197988,0.1515138903385115
9.056063492063498e-06,4.227751494330116,-0.08612938289911551
9.066063492063496e-06,2.482440635248824,0.06611083901873925
9.076063492063497e-06,3.207188364867327,0.02526590143102212
9.086063492063496e-06,3.758144547077311,-0.03785809302272254
9.096063492063497e-06,2.955745274999683,0.02897907757536004
9.106063492063495e-06,3.25156067484397,-0.01186586001235709
9.116063492063497e-06,3.436445299746649,-0.02671856458970878
9.126063492063495e-06,3.21088605736538,0.0215527252866842
9.136063492063497e-06,3.214583749863434,-0.02300538844537085
9.146063492063495e-06,3.366189142283631,-0.0007263315793433261
9.156063492063497e-06,3.262653752338131,-0.0007263315793433261
9.166063492063495e-06,3.221979134859541,-0.03785809302272254
9.176063492063496e-06,3.325514524805041,0.01041319685367044
9.186063492063495e-06,3.258956059840077,-0.01186586001235709
9.196063492063496e-06,3.270049137334238,-0.01929221230103293
9.206063492063498e-06,3.292235292322559,-0.0007263315793433261
9.216063492063496e-06,3.277444522330345,-0.01186586001235709
9.226063492063498e-06,3.270049137334238,-0.02671856458970878
9.236063492063496e-06,3.262653752338131,-0.0007263315793433261
9.246063492063497e-06,3.292235292322559,-0.02300538844537085
9.256063492063496e-06,3.270049137334238,-0.01557903615669501
9.266063492063497e-06,3.288537599824505,-0.008152683868019168
9.276063492063495e-06,3.037094509956862,-0.05642397374441215
9.286063492063497e-06,-0.2316656583225061,-0.1455402012085223
9.296063492063495e-06,-0.997088005419598,0.08838989588476678
9.306063492063497e-06,0.7297343911714257,-0.1009820874764672
9.316063492063495e-06,0.04566127903151271,-0.04157126916706046
9.326063492063497e-06,-0.4942018256843105,0.04754495829704965
9.336063492063495e-06,0.2860112914049956,-0.06013714988875006
9.346063492063496e-06,-0.00240872344318388,0.01041319685367044
9.356063492063495e-06,-0.1798979633497559,0.0215527252866842
9.366063492063496e-06,0.05675435652567346,-0.01929221230103293
9.376063492063494e-06,0.01607973904708404,0.01041319685367044
9.386063492063496e-06,-0.08375795840036272,-0.008152683868019168
9.396063492063498e-06,-0.01350180093734463,-0.008152683868019168
9.406063492063496e-06,0.01238204654903046,0.002986844564994595
9.416063492063497e-06,-0.05417641841593406,-0.02300538844537085
9.426063492063496e-06,-0.02829257092955897,0.01412637299800836
9.436063492063497e-06,0.2638251364166742,0.05125813444138757
9.446063492063495e-06,3.488212994719399,0.1366611857611598
9.456063492063497e-06,4.238844571824277,-0.09355573518779135
9.466063492063495e-06,2.486138327746878,0.0735371913074151
9.476063492063497e-06,3.203490672369273,0.01041319685367044
9.486063492063495e-06,3.776633009567579,-0.03785809302272254
9.496063492063497e-06,2.959442967497737,0.01041319685367044
9.506063492063495e-06,3.236769904851756,-0.01929221230103293
9.516063492063497e-06,3.207188364867327,-0.0675635021774259
9.526063492063495e-06,-0.2834333532952563,-0.156679729641536
9.536063492063496e-06,-1.074739547878723,0.08467671974042887
9.546063492063495e-06,0.7888974711402831,-0.08241620675477759
9.556063492063496e-06,0.03826589403540554,-0.03785809302272254
9.566063492063498e-06,-0.5496672131551142,0.0215527252866842
9.576063492063496e-06,0.3155928313894243,-0.02300538844537085
9.586063492063498e-06,-0.01350180093734463,-0.004439507723681247
9.596063492063496e-06,0.0937312815062093,0.06239766287440134
9.606063492063497e-06,3.599143769661007,0.1478007141941735
9.616063492063496e-06,4.279519189302866,-0.09355573518779135
9.626063492063497e-06,2.397393707793592,0.05497131058572549
9.636063492063495e-06,3.221979134859541,0.01783954914234628
9.646063492063497e-06,3.817307627046168,-0.02671856458970878
9.656063492063495e-06,2.870698347544451,0.03640542986403589
9.666063492063497e-06,3.25156067484397,-0.008152683868019168
9.676063492063495e-06,3.188699902377059,-0.06013714988875006
9.686063492063497e-06,-0.3167125857777385,-0.1306874966311706
9.696063492063495e-06,-1.063646470384562,0.0921030720291047
9.706063492063496e-06,0.8184790111247118,-0.06013714988875006
9.716063492063495e-06,0.02347512404319121,-0.01929221230103293
9.726063492063496e-06,-0.5496672131551142,0.05497131058572549
9.736063492063498e-06,0.3229882163855315,-0.008152683868019168
9.746063492063496e-06,-0.02459487843150538,0.01412637299800836
9.756063492063498e-06,0.05305666402761988,0.0735371913074151
9.766063492063496e-06,3.621329924649328,0.1292348334724839
9.776063492063497e-06,4.27212380430676,-0.07870303061043968
9.786063492063496e-06,2.389998322797485,0.07725036745175302
9.796063492063497e-06,3.214583749863434,0.01783954914234628
9.806063492063495e-06,3.813609934548114,-0.02300538844537085
9.816063492063497e-06,2.881791425038612,0.01412637299800836
9.826063492063495e-06,3.247862982345916,0.006700020709332516
9.836063492063497e-06,3.44753837724081,-0.0304317407340467
9.846063492063495e-06,3.155420669894577,0.0215527252866842
9.856063492063497e-06,3.214583749863434,-0.02671856458970878
9.866063492063495e-06,3.347700679793363,-0.004439507723681247
9.876063492063496e-06,3.240467597349809,0.002986844564994595
9.886063492063495e-06,3.218281442361488,-0.01929221230103293
9.896063492063496e-06,3.318119139808934,0.01041319685367044
9.906063492063494e-06,3.244165289847863,-0.01929221230103293
9.916063492063496e-06,3.011210662470487,-0.03785809302272254
9.926063492063498e-06,-0.2020841183380774,-0.1381138489198464
9.936063492063496e-06,-1.011878775411812,0.08838989588476678
9.946063492063497e-06,0.7038505436850506,-0.0675635021774259
9.956063492063496e-06,0.07894051151399496,-0.03414491687838462
9.966063492063497e-06,-0.516387980672632,0.04383178215271173
9.976063492063495e-06,0.2971043688991564,-0.02300538844537085
9.986063492063497e-06,0.02347512404319121,0.01041319685367044
9.996063492063495e-06,0.07524281901594138,0.04011860600837381
1.00060634920635e-05,3.591748384664899,0.1329480096168218
1.00160634920635e-05,4.294309959295081,-0.08612938289911551
1.00260634920635e-05,2.419579862781914,0.06982401516307718
1.003606349206349e-05,3.21088605736538,0.01783954914234628
1.00460634920635e-05,3.821005319544222,-0.02300538844537085
1.005606349206349e-05,2.90027988752888,0.01783954914234628
1.00660634920635e-05,3.25156067484397,0.01412637299800836
1.007606349206349e-05,3.221979134859541,-0.07870303061043968
1.00860634920635e-05,-0.2982241232874706,-0.1418270250641843
1.00960634920635e-05,-1.059948777886509,0.08838989588476678
1.01060634920635e-05,0.8036882411324974,-0.07127667832176383
1.01160634920635e-05,0.05305666402761988,-0.03414491687838462
1.01260634920635e-05,-0.5459695206570607,0.04383178215271173
1.01360634920635e-05,0.3525697563699602,-0.004439507723681247
1.01460634920635e-05,0.01238204654903046,-0.008152683868019168
1.01560634920635e-05,-0.1798979633497559,0.03269225371969797
1.01660634920635e-05,0.06414974152178063,-0.004439507723681247
1.01760634920635e-05,0.01977743154513762,0.02526590143102212
1.01860634920635e-05,-0.08006026590230914,0.01783954914234628
1.01960634920635e-05,-0.006106415941237463,0.01783954914234628
1.020606349206349e-05,0.001288969054869704,0.03269225371969797
1.02160634920635e-05,-0.0652694959100948,-0.008152683868019168
1.022606349206349e-05,-0.009804108439291047,0.05125813444138757
1.02360634920635e-05,0.2823135989069421,0.05125813444138757
1.024606349206349e-05,3.51039914970772,0.1589402426271873
1.02560634920635e-05,4.249937649318438,-0.09726891133212928
1.02660634920635e-05,2.46764986525661,0.08096354359609094
1.02760634920635e-05,3.19979297987122,0.03269225371969797
1.02860634920635e-05,3.769237624571471,-0.01557903615669501
1.02960634920635e-05,2.948349890003576,0.01412637299800836
1.03060634920635e-05,3.240467597349809,-0.0007263315793433261
1.03160634920635e-05,3.432747607248595,-0.01929221230103293
1.03260634920635e-05,3.221979134859541,0.006700020709332516
1.03360634920635e-05,3.218281442361488,-0.0007263315793433261
1.03460634920635e-05,3.332909909801149,0.01412637299800836
1.03560634920635e-05,3.266351444836184,-0.0007263315793433261
1.03660634920635e-05,3.236769904851756,-0.01929221230103293
1.03760634920635e-05,3.336607602299202,0.01783954914234628
1.03860634920635e-05,3.262653752338131,-0.02300538844537085
1.039606349206349e-05,3.236769904851756,0.002986844564994595
1.04060634920635e-05,3.295932984820613,0.006700020709332516
1.041606349206349e-05,3.281142214828399,-0.01557903615669501
1.04260634920635e-05,3.262653752338131,0.01041319685367044
1.043606349206349e-05,3.288537599824505,0.006700020709332516
1.04460634920635e-05,3.288537599824505,0.002986844564994595
1.04560634920635e-05,3.273746829832291,0.002986844564994595
1.04660634920635e-05,3.30332836981672,-0.01557903615669501
1.04760634920635e-05,3.288537599824505,-0.01557903615669501
1.04860634920635e-05,3.292235292322559,-0.01929221230103293
1.04960634920635e-05,3.30332836981672,0.006700020709332516
1.05060634920635e-05,3.284839907326452,-0.01186586001235709
1.05160634920635e-05,3.292235292322559,0.002986844564994595
1.05260634920635e-05,3.292235292322559,-0.004439507723681247
1.05360634920635e-05,3.314421447310881,-0.004439507723681247
1.05460634920635e-05,3.299630677318667,-0.004439507723681247
1.05560634920635e-05,3.310723754812827,-0.004439507723681247
1.056606349206349e-05,3.310723754812827,0.01412637299800836
1.05760634920635e-05,3.30332836981672,-0.004439507723681247
1.058606349206349e-05,3.299630677318667,-0.004439507723681247
1.05960634920635e-05,3.307026062314773,-0.004439507723681247
1.060606349206349e-05,3.314421447310881,0.002986844564994595
1.06160634920635e-05,3.307026062314773,-0.004439507723681247
1.06260634920635e-05,3.307026062314773,0.01412637299800836
1.06360634920635e-05,3.070373742439344,-0.04157126916706046
1.06460634920635e-05,-0.1909910408439167,-0.1492533773528602
1.06560634920635e-05,-0.9712041579332229,0.1180953050394702
1.06660634920635e-05,0.7704090086500152,-0.07498985446610175
1.06760634920635e-05,0.07524281901594138,-0.02671856458970878
1.06860634920635e-05,-0.4646202856998818,0.04383178215271173
1.06960634920635e-05,0.3081974463933171,-0.01186586001235709
1.07060634920635e-05,0.04566127903151271,0.006700020709332516
1.07160634920635e-05,-0.1355256533731129,0.01412637299800836
1.07260634920635e-05,0.08633589651010214,-0.008152683868019168
1.073606349206349e-05,0.06045204902372704,0.03640542986403589
1.07460634920635e-05,-0.05787411091398764,0.002986844564994595
1.075606349206349e-05,0.03456820153735196,-0.004439507723681247
1.07660634920635e-05,0.05305666402761988,0.0215527252866842
1.077606349206349e-05,-0.03568795592566613,-0.01557903615669501
1.07860634920635e-05,0.02347512404319121,0.006700020709332516
1.07960634920635e-05,0.2860112914049956,0.03269225371969797
1.08060634920635e-05,3.554771459684364,0.1403743619054977
1.08160634920635e-05,4.264728419310652,-0.09355573518779135
1.08260634920635e-05,2.515719867731307,0.07725036745175302
1.08360634920635e-05,3.240467597349809,0.02526590143102212
1.08460634920635e-05,3.787726087061739,-0.02671856458970878
1.08560634920635e-05,2.974233737489951,0.01783954914234628
1.08660634920635e-05,3.262653752338131,-0.0304317407340467
1.08760634920635e-05,3.462329147233024,-0.01186586001235709
1.08860634920635e-05,3.229374519855648,0.002986844564994595
1.08960634920635e-05,3.247862982345916,-0.01929221230103293
1.09060634920635e-05,3.351398372291416,-0.0007263315793433261
1.09160634920635e-05,3.292235292322559,0.01041319685367044
1.092606349206349e-05,3.240467597349809,-0.02300538844537085
1.09360634920635e-05,3.351398372291416,0.006700020709332516
1.094606349206349e-05,3.281142214828399,-0.008152683868019168
1.09560634920635e-05,3.018606047466594,-0.04528444531139838
1.096606349206349e-05,-0.1983864258400238,-0.1529665534971981
1.09760634920635e-05,-0.97859954292933,0.09581624817344263
1.09860634920635e-05,0.7445251611636401,-0.07498985446610175
1.09960634920635e-05,0.0715451265178878,-0.02671856458970878
1.10060634920635e-05,-0.4794110556920962,0.03269225371969797
1.10160634920635e-05,0.30080206139721,-0.03414491687838462
1.10260634920635e-05,0.03087050903929837,0.01041319685367044
1.10360634920635e-05,0.1159174364945308,0.04754495829704965
1.10460634920635e-05,3.621329924649328,0.1403743619054977
1.10560634920635e-05,4.301705344291188,-0.08612938289911551
1.10660634920635e-05,2.438068325272182,0.05868448673006341
1.10760634920635e-05,3.244165289847863,0.01783954914234628
1.10860634920635e-05,3.824703012042275,-0.01929221230103293
1.109606349206349e-05,2.915070657521094,0.0215527252866842
1.11060634920635e-05,3.288537599824505,0.006700020709332516
1.111606349206349e-05,3.221979134859541,-0.08612938289911551
1.11260634920635e-05,-0.3056195082835778,-0.1269743204868327
1.113606349206349e-05,-1.03036723790208,0.0735371913074151
1.11460634920635e-05,0.807385933630551,-0.07127667832176383
1.11560634920635e-05,0.04566127903151271,-0.02671856458970878
1.11660634920635e-05,-0.5274810581667928,0.03269225371969797
1.11760634920635e-05,0.3488720638719066,-0.01186586001235709
1.11860634920635e-05,0.01977743154513762,-0.008152683868019168
1.11960634920635e-05,-0.1540141158633808,0.03269225371969797
1.12060634920635e-05,0.09003358900815572,-0.01557903615669501
1.12160634920635e-05,0.03826589403540554,0.01412637299800836
1.12260634920635e-05,-0.0652694959100948,-0.02300538844537085
1.12360634920635e-05,0.02717281654124479,0.01041319685367044
1.12460634920635e-05,0.06414974152178063,-0.0007263315793433261
1.12560634920635e-05,-0.0430833409217733,-0.01186586001235709
1.12660634920635e-05,0.004986661552923288,0.006700020709332516
1.12760634920635e-05,0.2934066764011029,0.05125813444138757
1.128606349206349e-05,3.543678382190203,0.1329480096168218
1.12960634920635e-05,4.261030726812598,-0.1158347920538189
1.130606349206349e-05,2.504626790237146,0.06611083901873925
1.13160634920635e-05,3.225676827357595,0.002986844564994595
1.132606349206349e-05,3.7988191645559,-0.03785809302272254
1.13360634920635e-05,2.96314065999579,0.01783954914234628
1.13460634920635e-05,3.255258367342023,-0.02671856458970878
1.13560634920635e-05,3.462329147233024,-0.0304317407340467
1.13660634920635e-05,3.236769904851756,-0.01557903615669501
1.13760634920635e-05,3.229374519855648,-0.01929221230103293
1.13860634920635e-05,3.373584527279738,-0.004439507723681247
1.13960634920635e-05,3.277444522330345,-0.01186586001235709
1.14060634920635e-05,3.236769904851756,-0.0304317407340467
1.14160634920635e-05,3.332909909801149,-0.004439507723681247
1.14260634920635e-05,3.288537599824505,-0.01557903615669501
1.14360634920635e-05,3.040792202454916,-0.06013714988875006
1.14460634920635e-05,-0.2205725808283453,-0.1492533773528602
1.145606349206349e-05,-0.9638087729371156,0.08467671974042887
1.14660634920635e-05,0.7556182386578009,-0.08984255904345344
1.147606349206349e-05,0.07894051151399496,-0.02300538844537085
1.14860634920635e-05,-0.4868064406882034,0.03640542986403589
1.149606349206349e-05,0.30080206139721,-0.0304317407340467
1.15060634920635e-05,0.03826589403540554,0.02897907757536004
1.15160634920635e-05,-0.1466187308672736,0.02526590143102212
1.15260634920635e-05,0.0493589715295663,0.01041319685367044
1.15360634920635e-05,0.0493589715295663,0.01783954914234628
1.15460634920635e-05,-0.07266488090620198,-0.0007263315793433261
1.15560634920635e-05,-0.00240872344318388,0.02897907757536004
1.15660634920635e-05,0.05305666402761988,0.03640542986403589
1.15760634920635e-05,-0.04678103341982689,0.01041319685367044
1.15860634920635e-05,0.008684354050976872,0.03269225371969797
1.15960634920635e-05,0.2823135989069421,0.05125813444138757
1.16060634920635e-05,3.562166844680471,0.1700797710602011
1.16160634920635e-05,4.249937649318438,-0.07127667832176383
1.162606349206349e-05,2.489836020244931,0.06982401516307718
1.16360634920635e-05,3.236769904851756,0.04754495829704965
1.164606349206349e-05,3.791423779559793,-0.02671856458970878
1.16560634920635e-05,2.970536044991897,0.04383178215271173
1.166606349206349e-05,3.277444522330345,0.006700020709332516
1.16760634920635e-05,3.221979134859541,-0.04528444531139838
1.16860634920635e-05,-0.2982241232874706,-0.1195479681981568
1.16960634920635e-05,-1.022971852905973,0.1069557766064564
1.17060634920635e-05,0.8036882411324974,-0.0675635021774259
1.17160634920635e-05,0.08263820401204855,-0.01186586001235709
1.17260634920635e-05,-0.5237833656687392,0.04383178215271173
1.17360634920635e-05,0.3414766788757994,0.01412637299800836
1.17460634920635e-05,0.02347512404319121,0.03640542986403589
1.17560634920635e-05,-0.1688048858555952,0.04754495829704965
1.17660634920635e-05,0.08633589651010214,0.006700020709332516
1.17760634920635e-05,0.02717281654124479,0.03269225371969797
1.17860634920635e-05,-0.05787411091398764,0.02526590143102212
1.17960634920635e-05,0.02347512404319121,0.03269225371969797
1.18060634920635e-05,0.03456820153735196,0.04754495829704965
1.181606349206349e-05,-0.04678103341982689,0.01412637299800836
1.18260634920635e-05,0.01607973904708404,0.03269225371969797
1.183606349206349e-05,0.3044997538952636,0.06239766287440134
1.18460634920635e-05,3.569562229676578,0.1663665949158631
1.185606349206349e-05,4.242542264322331,-0.07498985446610175
1.18660634920635e-05,2.478742942750771,0.1218084811838081
1.18760634920635e-05,3.225676827357595,0.03640542986403589
1.18860634920635e-05,3.761842239575365,-0.01557903615669501
1.18960634920635e-05,2.959442967497737,0.05125813444138757
1.19060634920635e-05,3.266351444836184,0.01783954914234628
1.19160634920635e-05,3.432747607248595,0.002986844564994595
1.19260634920635e-05,3.21088605736538,0.03269225371969797
1.19360634920635e-05,3.214583749863434,-0.0007263315793433261
1.19460634920635e-05,3.366189142283631,0.02897907757536004
1.19560634920635e-05,3.25156067484397,0.02526590143102212
1.19660634920635e-05,3.233072212353702,0.002986844564994595
1.19760634920635e-05,3.351398372291416,0.04383178215271173
1.198606349206349e-05,3.284839907326452,0.002986844564994595
1.19960634920635e-05,3.266351444836184,0.01412637299800836
1.200606349206349e-05,3.310723754812827,0.0215527252866842
1.20160634920635e-05,3.281142214828399,0.006700020709332516
1.202606349206349e-05,3.288537599824505,0.02526590143102212
1.20360634920635e-05,3.288537599824505,0.006700020709332516
1.20460634920635e-05,3.273746829832291,0.006700020709332516
1.20560634920635e-05,3.281142214828399,0.02897907757536004
1.20660634920635e-05,3.288537599824505,0.002986844564994595
1.20760634920635e-05,3.288537599824505,0.03269225371969797
1.20860634920635e-05,3.292235292322559,0.0215527252866842
1.20960634920635e-05,3.295932984820613,0.03269225371969797
1.21060634920635e-05,3.292235292322559,0.0215527252866842
1.21160634920635e-05,3.284839907326452,0.01041319685367044
1.21260634920635e-05,3.281142214828399,0.02897907757536004
1.21360634920635e-05,3.292235292322559,0.02897907757536004
1.21460634920635e-05,3.292235292322559,0.03269225371969797
1.215606349206349e-05,3.018606047466594,-0.0304317407340467
1.21660634920635e-05,-0.2538518133108276,-0.1269743204868327
1.217606349206349e-05,-0.9749018504312764,0.1329480096168218
1.21860634920635e-05,0.7556182386578009,-0.07127667832176383
1.219606349206349e-05,0.0493589715295663,-0.01557903615669501
1.22060634920635e-05,-0.4683179781979355,0.06611083901873925
1.22160634920635e-05,0.3118951388913708,0.01041319685367044
1.22260634920635e-05,0.02717281654124479,0.0215527252866842
1.22360634920635e-05,-0.1466187308672736,0.04383178215271173
1.22460634920635e-05,0.06414974152178063,0.002986844564994595
1.22560634920635e-05,0.03456820153735196,0.04011860600837381
1.22660634920635e-05,-0.06896718840814839,0.01783954914234628
1.22760634920635e-05,-0.01350180093734463,0.006700020709332516
1.22860634920635e-05,0.03826589403540554,0.05125813444138757
1.22960634920635e-05,-0.05787411091398764,0.01041319685367044
1.23060634920635e-05,-0.01719949343539821,0.04383178215271173
1.23160634920635e-05,0.2934066764011029,0.0735371913074151
1.23260634920635e-05,3.565864537178524,0.1366611857611598
1.23360634920635e-05,4.220356109334009,-0.07870303061043968
1.234606349206349e-05,2.493533712742985,0.08467671974042887
1.23560634920635e-05,3.233072212353702,0.04383178215271173
1.236606349206349e-05,3.761842239575365,-0.02300538844537085
1.23760634920635e-05,2.944652197505522,0.04754495829704965
1.238606349206349e-05,3.262653752338131,0.01412637299800836
1.23960634920635e-05,3.173909132384845,-0.0489976214557363
1.24060634920635e-05,-0.3241079707738457,-0.112121615909481
1.24160634920635e-05,-1.03036723790208,0.09952942431778054
1.24260634920635e-05,0.7999905486344439,-0.07127667832176383
1.24360634920635e-05,0.03826589403540554,-0.008152683868019168
1.24460634920635e-05,-0.5274810581667928,0.0215527252866842
1.24560634920635e-05,0.3229882163855315,0.002986844564994595
1.24660634920635e-05,0.001288969054869704,-0.004439507723681247
1.24760634920635e-05,-0.1835956558478095,0.04011860600837381
1.24860634920635e-05,0.0493589715295663,-0.02300538844537085
1.24960634920635e-05,0.01238204654903046,0.02897907757536004
1.25060634920635e-05,-0.0911533433964699,0.01041319685367044
1.251606349206349e-05,-0.009804108439291047,0.002986844564994595
1.25260634920635e-05,0.02347512404319121,0.02526590143102212
1.253606349206349e-05,-0.08006026590230914,-0.0007263315793433261
1.25460634920635e-05,-0.03568795592566613,0.02897907757536004
1.255606349206349e-05,0.2749182139108349,0.05125813444138757
1.25660634920635e-05,3.565864537178524,0.1440875380498356
1.25760634920635e-05,4.205565339341795,-0.09726891133212928
1.25860634920635e-05,2.456556787762449,0.08467671974042887
1.25960634920635e-05,3.207188364867327,0.01783954914234628
1.26060634920635e-05,3.754446854579257,-0.03414491687838462
1.26160634920635e-05,2.91137296502304,0.03269225371969797
1.26260634920635e-05,3.25156067484397,0.002986844564994595
1.26360634920635e-05,3.140629899902363,-0.0675635021774259
1.26460634920635e-05,-0.3610848957543815,-0.1381138489198464
1.26560634920635e-05,-1.037762622898188,0.08838989588476678
1.26660634920635e-05,0.7925951636383366,-0.0675635021774259
1.26760634920635e-05,0.03456820153735196,-0.02671856458970878
1.268606349206349e-05,-0.5533649056531679,0.03269225371969797
1.26960634920635e-05,0.3155928313894243,-0.01557903615669501
1.270606349206349e-05,-0.02829257092955897,-0.008152683868019168
1.27160634920635e-05,0.1048243590003701,0.06611083901873925
1.272606349206349e-05,3.684190697116239,0.1218084811838081
1.27360634920635e-05,4.23144918682817,-0.07870303061043968
1.27460634920635e-05,2.36411447531111,0.07725036745175302
1.27560634920635e-05,3.270049137334238,0.01041319685367044
1.27660634920635e-05,3.791423779559793,-0.03785809302272254
1.27760634920635e-05,2.878093732540558,0.002986844564994595
1.27860634920635e-05,3.270049137334238,0.002986844564994595
1.27960634920635e-05,3.443840684742756,-0.02300538844537085
1.28060634920635e-05,3.181304517380952,0.02526590143102212
1.28160634920635e-05,3.218281442361488,-0.01929221230103293
1.28260634920635e-05,3.35509606478947,0.01783954914234628
1.28360634920635e-05,3.236769904851756,-0.0007263315793433261
1.28460634920635e-05,3.221979134859541,-0.02300538844537085
1.28560634920635e-05,3.329212217303095,0.01041319685367044
1.28660634920635e-05,3.247862982345916,-0.01557903615669501
1.287606349206349e-05,2.977931429988005,-0.03785809302272254
1.28860634920635e-05,-0.2723402758010955,-0.1418270250641843
1.289606349206349e-05,-0.952715695442955,0.09952942431778054
1.29060634920635e-05,0.7075482361831043,-0.0675635021774259
1.291606349206349e-05,0.03826589403540554,-0.008152683868019168
1.29260634920635e-05,-0.5089925956765249,0.03640542986403589
1.29360634920635e-05,0.2786159064088885,-0.01557903615669501
1.29460634920635e-05,0.004986661552923288,0.0215527252866842
1.29560634920635e-05,0.1307082064867451,0.0735371913074151
1.29660634920635e-05,3.658306849629864,0.1515138903385115
1.29760634920635e-05,4.227751494330116,-0.08241620675477759
1.29860634920635e-05,2.404789092789699,0.09952942431778054
1.29960634920635e-05,3.25156067484397,0.01412637299800836
1.30060634920635e-05,3.809912242050061,-0.03414491687838462
1.30160634920635e-05,2.889186810034718,0.04011860600837381
1.30260634920635e-05,3.281142214828399,-0.0007263315793433261
1.30360634920635e-05,3.192397594875112,-0.04528444531139838
1.304606349206349e-05,-0.3795733582446494,-0.1269743204868327
1.30560634920635e-05,-1.004483390415705,0.1032426004621185
1.306606349206349e-05,0.8369674736149797,-0.06385032603308799
1.30760634920635e-05,0.01977743154513762,-0.04528444531139838
1.308606349206349e-05,-0.5237833656687392,0.04383178215271173
1.30960634920635e-05,0.3636628338641209,-0.01557903615669501
1.31060634920635e-05,-0.00240872344318388,0.002986844564994595
1.31160634920635e-05,-0.1577118083614344,0.03640542986403589
1.31260634920635e-05,0.0937312815062093,-0.0007263315793433261
1.31360634920635e-05,0.0493589715295663,0.01041319685367044
1.31460634920635e-05,-0.08006026590230914,0.006700020709332516
1.31560634920635e-05,0.03456820153735196,0.01412637299800836
1.31660634920635e-05,0.03826589403540554,0.02526590143102212
1.31760634920635e-05,-0.03938564842371972,-0.01929221230103293
1.31860634920635e-05,0.008684354050976872,0.03269225371969797
1.31960634920635e-05,0.3044997538952636,0.04011860600837381
1.32060634920635e-05,3.595446077162953,0.1589402426271873
1.321606349206349e-05,4.201867646843741,-0.108408439765143
1.32260634920635e-05,2.471347557754664,0.08467671974042887
1.323606349206349e-05,3.255258367342023,0.0215527252866842
1.32460634920635e-05,3.791423779559793,-0.03785809302272254
1.325606349206349e-05,2.96314065999579,0.01783954914234628
1.32660634920635e-05,3.262653752338131,-0.01186586001235709
1.32760634920635e-05,3.170211439886791,-0.07498985446610175
1.32860634920635e-05,-0.3352010482680065,-0.1306874966311706
1.32960634920635e-05,-0.9859949279254372,0.08096354359609094
1.33060634920635e-05,0.8258743961208189,-0.09355573518779135
1.33160634920635e-05,0.02717281654124479,-0.04157126916706046
1.33260634920635e-05,-0.5089925956765249,0.01783954914234628
1.33360634920635e-05,0.3636628338641209,-0.0304317407340467
1.33460634920635e-05,0.001288969054869704,-0.008152683868019168
1.33560634920635e-05,0.1381035914828523,0.0735371913074151
1.33660634920635e-05,3.713772237100668,0.1329480096168218
1.33760634920635e-05,4.246239956820384,-0.1009820874764672
1.33860634920635e-05,2.397393707793592,0.06239766287440134
1.33960634920635e-05,3.295932984820613,0.002986844564994595
1.340606349206349e-05,3.806214549552007,-0.03785809302272254
1.34160634920635e-05,2.896582195030826,0.02526590143102212
1.342606349206349e-05,3.292235292322559,-0.0007263315793433261
1.34360634920635e-05,3.466026839731078,-0.04528444531139838
1.344606349206349e-05,3.181304517380952,0.02897907757536004
1.34560634920635e-05,3.262653752338131,-0.04528444531139838
1.34660634920635e-05,3.399468374766113,0.006700020709332516
1.34760634920635e-05,3.233072212353702,-0.0007263315793433261
1.34860634920635e-05,3.262653752338131,-0.01557903615669501
1.34960634920635e-05,3.351398372291416,0.002986844564994595
1.35060634920635e-05,3.262653752338131,-0.02300538844537085
1.35160634920635e-05,2.981629122486058,-0.06385032603308799
1.35260634920635e-05,-0.2612471983069348,-0.1492533773528602
1.35360634920635e-05,-0.9601110804390621,0.09952942431778054
1.35460634920635e-05,0.763013623653908,-0.08984255904345344
1.35560634920635e-05,0.0493589715295663,-0.01929221230103293
1.35660634920635e-05,-0.4868064406882034,0.02526590143102212
1.357606349206349e-05,0.3192905238874779,-0.01929221230103293
1.35860634920635e-05,0.01238204654903046,0.002986844564994595
1.359606349206349e-05,-0.1503164233653272,0.01041319685367044
1.36060634920635e-05,0.06414974152178063,-0.004439507723681247
1.361606349206349e-05,0.06414974152178063,0.002986844564994595
1.36260634920635e-05,-0.07636257340425556,-0.01186586001235709
1.36360634920635e-05,0.004986661552923288,-0.008152683868019168
1.36460634920635e-05,0.04196358653345913,0.01041319685367044
1.36560634920635e-05,-0.02829257092955897,-0.004439507723681247
1.36660634920635e-05,-0.00240872344318388,0.01041319685367044
1.36760634920635e-05,0.01977743154513762,0.01041319685367044
1.36860634920635e-05,-0.03938564842371972,-0.01929221230103293
1.36960634920635e-05,-0.009804108439291047,-0.004439507723681247
1.37060634920635e-05,0.001288969054869704,-0.01186586001235709
1.37160634920635e-05,-0.01350180093734463,-0.004439507723681247
1.37260634920635e-05,-0.006106415941237463,-0.008152683868019168
1.37360634920635e-05,-0.01350180093734463,-0.01929221230103293
1.374606349206349e-05,-0.0208971859334518,-0.01186586001235709
1.37560634920635e-05,0.2860112914049956,0.04011860600837381
1.376606349206349e-05,3.613934539653221,0.1403743619054977
1.37760634920635e-05,4.198169954345688,-0.09726891133212928
1.378606349206349e-05,2.475045250252717,0.06982401516307718
1.37960634920635e-05,3.25156067484397,0.01041319685367044
1.38060634920635e-05,3.772935317069525,-0.04528444531139838
1.38160634920635e-05,2.952047582501629,0.0215527252866842
1.38260634920635e-05,3.262653752338131,0.002986844564994595
1.38360634920635e-05,3.170211439886791,-0.08241620675477759
1.38460634920635e-05,-0.3573872032563279,-0.1232611443424947
1.38560634920635e-05,-1.022971852905973,0.07725036745175302
1.38660634920635e-05,0.8110836261286045,-0.07870303061043968
1.38760634920635e-05,0.01607973904708404,-0.01557903615669501
1.38860634920635e-05,-0.5274810581667928,0.02897907757536004
1.38960634920635e-05,0.3340812938796923,-0.004439507723681247
1.39060634920635e-05,-0.01719949343539821,-0.004439507723681247
1.39160634920635e-05,0.1048243590003701,0.06239766287440134
1.39260634920635e-05,3.706376852104561,0.1366611857611598
1.393606349206349e-05,4.220356109334009,-0.07870303061043968
1.39460634920635e-05,2.389998322797485,0.08467671974042887
1.395606349206349e-05,3.266351444836184,0.04011860600837381
1.39660634920635e-05,3.795121472057847,-0.03414491687838462
1.397606349206349e-05,2.896582195030826,0.01783954914234628
1.39860634920635e-05,3.266351444836184,0.01412637299800836
1.39960634920635e-05,3.469724532229131,-0.02671856458970878
1.40060634920635e-05,3.170211439886791,0.02897907757536004
1.40160634920635e-05,3.247862982345916,-0.02671856458970878
1.40260634920635e-05,3.35509606478947,-0.004439507723681247
1.40360634920635e-05,3.25156067484397,0.006700020709332516
1.40460634920635e-05,3.233072212353702,-0.01929221230103293
1.40560634920635e-05,3.332909909801149,0.0215527252866842
1.40660634920635e-05,3.247862982345916,-0.01186586001235709
1.40760634920635e-05,2.985326814984112,-0.04528444531139838
1.40860634920635e-05,-0.2538518133108276,-0.1455402012085223
1.40960634920635e-05,-0.9896926204234908,0.1069557766064564
1.410606349206349e-05,0.718641313677265,-0.08984255904345344
1.41160634920635e-05,0.05675435652567346,-0.01186586001235709
1.412606349206349e-05,-0.4942018256843105,0.03640542986403589
1.41360634920635e-05,0.3155928313894243,-0.01557903615669501
1.414606349206349e-05,0.008684354050976872,0.03269225371969797
1.41560634920635e-05,-0.161409500859488,0.01412637299800836
1.41660634920635e-05,0.04566127903151271,-0.0007263315793433261
1.41760634920635e-05,0.02717281654124479,0.01783954914234628
1.41860634920635e-05,-0.07636257340425556,-0.0007263315793433261
1.41960634920635e-05,-0.01350180093734463,0.01412637299800836
1.42060634920635e-05,0.02717281654124479,0.01041319685367044
1.42160634920635e-05,-0.04678103341982689,0.002986844564994595
1.42260634920635e-05,0.001288969054869704,0.002986844564994595
1.42360634920635e-05,0.3044997538952636,0.06982401516307718
1.42460634920635e-05,3.573259922174632,0.1515138903385115
1.42560634920635e-05,4.212960724337902,-0.1158347920538189
1.42660634920635e-05,2.456556787762449,0.07725036745175302
1.427606349206349e-05,3.225676827357595,0.0215527252866842
1.42860634920635e-05,3.776633009567579,-0.04528444531139838
1.429606349206349e-05,2.952047582501629,0.02897907757536004
1.43060634920635e-05,3.244165289847863,-0.01186586001235709
1.431606349206349e-05,3.162816054890684,-0.0675635021774259
1.43260634920635e-05,-0.3352010482680065,-0.1381138489198464
1.43360634920635e-05,-1.01927416040792,0.07725036745175302
1.43460634920635e-05,0.8147813186266581,-0.07127667832176383
1.43560634920635e-05,0.03826589403540554,-0.02671856458970878
1.43660634920635e-05,-0.5274810581667928,0.01783954914234628
1.43760634920635e-05,0.345174371373853,-0.01186586001235709
1.43860634920635e-05,-0.009804108439291047,0.006700020709332516
1.43960634920635e-05,0.1307082064867451,0.06611083901873925
1.44060634920635e-05,3.6952837746104,0.1106689527507943
1.44160634920635e-05,4.249937649318438,-0.09355573518779135
1.44260634920635e-05,2.419579862781914,0.07725036745175302
1.44360634920635e-05,3.281142214828399,0.01041319685367044
1.44460634920635e-05,3.806214549552007,-0.0304317407340467
1.44560634920635e-05,2.889186810034718,0.006700020709332516
1.446606349206349e-05,3.284839907326452,0.002986844564994595
1.44760634920635e-05,3.203490672369273,-0.0675635021774259
1.448606349206349e-05,-0.3647825882524351,-0.1195479681981568
1.44960634920635e-05,-1.008181082913759,0.07725036745175302
1.450606349206349e-05,0.8147813186266581,-0.06013714988875006
1.45160634920635e-05,0.01607973904708404,-0.04157126916706046
1.45260634920635e-05,-0.5200856731706857,0.03269225371969797
1.45360634920635e-05,0.3414766788757994,-0.02300538844537085
1.45460634920635e-05,-0.009804108439291047,-0.0007263315793433261
1.45560634920635e-05,-0.1946887333419702,0.02526590143102212
1.45660634920635e-05,0.07894051151399496,-0.008152683868019168
1.45760634920635e-05,0.01607973904708404,0.02526590143102212
1.45860634920635e-05,-0.08745565089841631,-0.008152683868019168
1.45960634920635e-05,0.01238204654903046,0.006700020709332516
1.46060634920635e-05,0.01238204654903046,0.01783954914234628
1.46160634920635e-05,-0.08006026590230914,0.002986844564994595
1.46260634920635e-05,-0.009804108439291047,0.01041319685367044
1.463606349206349e-05,-0.006106415941237463,-0.02671856458970878
1.46460634920635e-05,-0.04678103341982689,0.01041319685367044
1.465606349206349e-05,-0.00240872344318388,-0.0007263315793433261
1.46660634920635e-05,-0.02829257092955897,0.002986844564994595
1.467606349206349e-05,-0.03199026342761255,-0.004439507723681247
1.46860634920635e-05,-0.01719949343539821,0.006700020709332516
1.46960634920635e-05,-0.02459487843150538,-0.004439507723681247
1.47060634920635e-05,-0.01719949343539821,-0.0007263315793433261
1.47160634920635e-05,-0.03568795592566613,0.01412637299800836
1.47260634920635e-05,-0.006106415941237463,-0.0007263315793433261
1.47360634920635e-05,-0.03938564842371972,0.01412637299800836
1.47460634920635e-05,-0.01350180093734463,-0.0007263315793433261
1.47560634920635e-05,-0.03199026342761255,0.01412637299800836
1.47660634920635e-05,-0.0208971859334518,-0.004439507723681247
1.47760634920635e-05,-0.03568795592566613,0.006700020709332516
1.47860634920635e-05,-0.0208971859334518,0.002986844564994595
1.47960634920635e-05,-0.03568795592566613,-0.004439507723681247
1.480606349206349e-05,-0.02459487843150538,0.006700020709332516
1.48160634920635e-05,-0.0208971859334518,0.01041319685367044
1.482606349206349e-05,-0.01719949343539821,-0.004439507723681247
1.48360634920635e-05,-0.02829257092955897,0.01783954914234628
1.484606349206349e-05,-0.00240872344318388,0.01041319685367044
1.48560634920635e-05,-0.02829257092955897,-0.0007263315793433261
1.48660634920635e-05,-0.02459487843150538,0.006700020709332516
1.48760634920635e-05,-0.02459487843150538,0.002986844564994595
1.48860634920635e-05,-0.03938564842371972,0.01412637299800836
1.48960634920635e-05,-0.02459487843150538,0.002986844564994595
1.49060634920635e-05,-0.03938564842371972,-0.0007263315793433261
1.49160634920635e-05,-0.01350180093734463,0.006700020709332516
1.49260634920635e-05,-0.05417641841593406,0.006700020709332516
1.49360634920635e-05,-0.03199026342761255,-0.01557903615669501
1.49460634920635e-05,-0.02459487843150538,0.01412637299800836
1.49560634920635e-05,-0.02459487843150538,-0.01557903615669501
1.49660634920635e-05,-0.02459487843150538,0.01783954914234628
1.49760634920635e-05,-0.02459487843150538,0.002986844564994595
1.49860634920635e-05,-0.01719949343539821,0.002986844564994595
1.499606349206349e-05,-0.0208971859334518,0.01412637299800836
1.50060634920635e-05,-0.02829257092955897,-0.008152683868019168
1.501606349206349e-05,-0.01350180093734463,0.002986844564994595
1.50260634920635e-05,-0.00240872344318388,-0.004439507723681247
1.503606349206349e-05,0.2638251364166742,0.04383178215271173
1.50460634920635e-05,3.595446077162953,0.1329480096168218
1.50560634920635e-05,4.198169954345688,-0.112121615909481
1.50660634920635e-05,2.460254480260503,0.06982401516307718
1.50760634920635e-05,3.233072212353702,0.02526590143102212
1.50860634920635e-05,3.74705146958315,-0.05642397374441215
1.50960634920635e-05,2.937256812509415,0.01783954914234628
1.51060634920635e-05,3.258956059840077,-0.004439507723681247
1.51160634920635e-05,3.170211439886791,-0.08241620675477759
1.51260634920635e-05,-0.3315033557699528,-0.1269743204868327
1.51360634920635e-05,-1.026669545404026,0.08467671974042887
1.51460634920635e-05,0.7962928561363902,-0.07870303061043968
1.51560634920635e-05,0.01238204654903046,-0.02300538844537085
1.516606349206349e-05,-0.5422718281590071,0.03269225371969797
1.51760634920635e-05,0.3155928313894243,-0.004439507723681247
1.518606349206349e-05,-0.03568795592566613,-0.01186586001235709
1.51960634920635e-05,-0.1872933483458631,0.02526590143102212
1.520606349206349e-05,0.05675435652567346,-0.01186586001235709
1.52160634920635e-05,0.02717281654124479,0.02526590143102212
1.52260634920635e-05,-0.09854872839257706,-0.0007263315793433261
1.52360634920635e-05,-0.006106415941237463,-0.0007263315793433261
1.52460634920635e-05,0.01607973904708404,0.0215527252866842
1.52560634920635e-05,-0.07636257340425556,0.002986844564994595
1.52660634920635e-05,-0.01350180093734463,0.002986844564994595
1.52760634920635e-05,0.01238204654903046,0.002986844564994595
1.52860634920635e-05,-0.04678103341982689,0.002986844564994595
1.52960634920635e-05,-0.006106415941237463,0.01783954914234628
1.53060634920635e-05,-0.01719949343539821,0.01412637299800836
1.53160634920635e-05,-0.0208971859334518,-0.008152683868019168
1.53260634920635e-05,-0.009804108439291047,0.006700020709332516
1.533606349206349e-05,-0.02829257092955897,0.006700020709332516
1.53460634920635e-05,-0.0208971859334518,-0.0007263315793433261
1.535606349206349e-05,0.2601274439186206,0.05868448673006341
1.53660634920635e-05,3.599143769661007,0.1366611857611598
1.537606349206349e-05,4.209263031839848,-0.09726891133212928
1.53860634920635e-05,2.452859095264396,0.0735371913074151
1.53960634920635e-05,3.240467597349809,0.006700020709332516
1.54060634920635e-05,3.761842239575365,-0.03414491687838462
1.54160634920635e-05,2.944652197505522,0.03640542986403589
1.54260634920635e-05,3.262653752338131,0.006700020709332516
1.54360634920635e-05,3.173909132384845,-0.08612938289911551
1.54460634920635e-05,-0.3499918182602207,-0.1306874966311706
1.54560634920635e-05,-1.008181082913759,0.09952942431778054
1.54660634920635e-05,0.8147813186266581,-0.07127667832176383
1.54760634920635e-05,0.01977743154513762,-0.01557903615669501
1.54860634920635e-05,-0.5459695206570607,0.03640542986403589
1.54960634920635e-05,0.3229882163855315,0.0215527252866842
1.55060634920635e-05,-0.02459487843150538,0.002986844564994595
1.55160634920635e-05,-0.1909910408439167,0.02897907757536004
1.552606349206349e-05,0.0715451265178878,-0.0007263315793433261
1.55360634920635e-05,0.01607973904708404,0.02526590143102212
1.554606349206349e-05,-0.08375795840036272,0.01412637299800836
1.55560634920635e-05,-0.006106415941237463,-0.0007263315793433261
1.556606349206349e-05,0.02717281654124479,0.01412637299800836
1.55760634920635e-05,-0.06896718840814839,0.002986844564994595
1.55860634920635e-05,-0.02459487843150538,0.03640542986403589
1.55960634920635e-05,0.2971043688991564,0.04383178215271173
1.56060634920635e-05,3.573259922174632,0.1663665949158631
1.56160634920635e-05,4.194472261847634,-0.09726891133212928
1.56260634920635e-05,2.463952172758556,0.08096354359609094
1.56360634920635e-05,3.236769904851756,0.03640542986403589
1.56460634920635e-05,3.758144547077311,-0.03785809302272254
1.56560634920635e-05,2.955745274999683,0.05125813444138757
1.56660634920635e-05,3.258956059840077,-0.004439507723681247
1.56760634920635e-05,3.173909132384845,-0.0489976214557363
1.56860634920635e-05,-0.3315033557699528,-0.1269743204868327
1.569606349206349e-05,-1.01927416040792,0.08838989588476678
1.57060634920635e-05,0.8036882411324974,-0.06385032603308799
1.571606349206349e-05,0.03456820153735196,-0.04157126916706046
1.57260634920635e-05,-0.5200856731706857,0.04383178215271173
1.573606349206349e-05,0.3303836013816387,0.006700020709332516
1.57460634920635e-05,-0.009804108439291047,0.01783954914234628
1.57560634920635e-05,0.1159174364945308,0.08096354359609094
1.57660634920635e-05,3.6952837746104,0.1440875380498356
1.57760634920635e-05,4.257333034314545,-0.05642397374441215
1.57860634920635e-05,2.401091400291646,0.08838989588476678
1.57960634920635e-05,3.262653752338131,0.006700020709332516
1.58060634920635e-05,3.806214549552007,-0.02671856458970878
1.58160634920635e-05,2.896582195030826,0.01783954914234628
1.58260634920635e-05,3.281142214828399,0.01783954914234628
1.58360634920635e-05,3.203490672369273,-0.07870303061043968
1.58460634920635e-05,-0.3758756657465959,-0.1269743204868327
1.58560634920635e-05,-1.000785697917651,0.08838989588476678
1.58660634920635e-05,0.8369674736149797,-0.07127667832176383
1.58760634920635e-05,0.03826589403540554,-0.02671856458970878
1.588606349206349e-05,-0.5237833656687392,0.03640542986403589
1.58960634920635e-05,0.3636628338641209,-0.004439507723681247
1.590606349206349e-05,-0.00240872344318388,0.01041319685367044
1.59160634920635e-05,-0.1651071933575416,0.03640542986403589
1.592606349206349e-05,0.09742897400426288,-0.008152683868019168
1.59360634920635e-05,0.01977743154513762,0.0215527252866842
1.59460634920635e-05,-0.07636257340425556,0.006700020709332516
1.59560634920635e-05,0.01977743154513762,0.006700020709332516
1.59660634920635e-05,0.03456820153735196,0.02526590143102212
1.59760634920635e-05,-0.0652694959100948,0.002986844564994595
1.59860634920635e-05,-0.009804108439291047,0.04011860600837381
1.59960634920635e-05,0.2934066764011029,0.05868448673006341
1.60060634920635e-05,3.580655307170739,0.1700797710602011
1.60160634920635e-05,4.205565339341795,-0.09726891133212928
1.60260634920635e-05,2.482440635248824,0.09952942431778054
1.60360634920635e-05,3.225676827357595,0.03269225371969797
1.60460634920635e-05,3.780330702065632,-0.02671856458970878
1.605606349206349e-05,2.926163735015254,0.02526590143102212
1.60660634920635e-05,3.258956059840077,0.006700020709332516
1.607606349206349e-05,3.432747607248595,-0.01929221230103293
1.60860634920635e-05,3.203490672369273,0.01412637299800836
1.609606349206349e-05,3.229374519855648,-0.01557903615669501
1.61060634920635e-05,3.35509606478947,0.006700020709332516
1.61160634920635e-05,3.270049137334238,-0.008152683868019168
1.61260634920635e-05,3.229374519855648,-0.0007263315793433261
1.61360634920635e-05,3.321816832306988,0.01041319685367044
1.61460634920635e-05,3.288537599824505,-0.01557903615669501
1.61560634920635e-05,3.255258367342023,0.002986844564994595
1.61660634920635e-05,3.310723754812827,-0.004439507723681247
1.61760634920635e-05,3.266351444836184,-0.01557903615669501
1.61860634920635e-05,3.270049137334238,-0.0007263315793433261
1.61960634920635e-05,3.284839907326452,-0.0007263315793433261
1.62060634920635e-05,3.292235292322559,-0.01557903615669501
1.62160634920635e-05,3.266351444836184,-0.004439507723681247
1.622606349206349e-05,3.288537599824505,-0.01929221230103293
1.62360634920635e-05,3.277444522330345,-0.02300538844537085
1.624606349206349e-05,3.277444522330345,0.006700020709332516
1.62560634920635e-05,3.284839907326452,-0.01186586001235709
1.626606349206349e-05,3.284839907326452,-0.0007263315793433261
1.62760634920635e-05,3.284839907326452,-0.02300538844537085
1.62860634920635e-05,3.281142214828399,-0.01186586001235709
1.62960634920635e-05,3.273746829832291,0.006700020709332516
1.63060634920635e-05,3.270049137334238,-0.01186586001235709
1.63160634920635e-05,3.281142214828399,-0.02300538844537085
1.63260634920635e-05,3.270049137334238,0.002986844564994595
1.63360634920635e-05,3.255258367342023,0.01041319685367044
1.63460634920635e-05,3.258956059840077,-0.02671856458970878
1.63560634920635e-05,3.258956059840077,0.006700020709332516
1.63660634920635e-05,3.270049137334238,-0.0007263315793433261
1.63760634920635e-05,3.273746829832291,-0.008152683868019168
1.63860634920635e-05,3.255258367342023,-0.01929221230103293
1.63960634920635e-05,3.00381527747438,-0.0489976214557363
1.64060634920635e-05,-0.3056195082835778,-0.160392905785874
1.641606349206349e-05,-0.9638087729371156,0.09581624817344263
1.64260634920635e-05,0.7408274686655865,-0.09726891133212928
1.643606349206349e-05,0.03456820153735196,-0.05642397374441215
1.64460634920635e-05,-0.5052949031784713,0.04383178215271173
1.645606349206349e-05,0.2860112914049956,-0.04528444531139838
1.64660634920635e-05,-0.00240872344318388,-0.0007263315793433261
1.64760634920635e-05,-0.1798979633497559,0.01041319685367044
1.64860634920635e-05,0.03826589403540554,-0.02671856458970878
1.64960634920635e-05,0.03087050903929837,0.02897907757536004
1.65060634920635e-05,-0.0911533433964699,-0.004439507723681247
1.65160634920635e-05,-0.009804108439291047,0.002986844564994595
1.65260634920635e-05,0.01238204654903046,0.01412637299800836
1.65360634920635e-05,-0.05787411091398764,-0.03785809302272254
1.65460634920635e-05,-0.01350180093734463,0.002986844564994595
1.65560634920635e-05,0.2897089839030492,0.04383178215271173
1.65660634920635e-05,3.580655307170739,0.1180953050394702
1.65760634920635e-05,4.220356109334009,-0.1046952636208051
1.658606349206349e-05,2.475045250252717,0.04754495829704965
1.65960634920635e-05,3.247862982345916,0.006700020709332516
1.660606349206349e-05,3.780330702065632,-0.06385032603308799
1.66160634920635e-05,2.944652197505522,-0.008152683868019168
1.662606349206349e-05,3.258956059840077,-0.03785809302272254
1.66360634920635e-05,3.473422224727185,-0.04528444531139838
1.66460634920635e-05,3.214583749863434,-0.008152683868019168
1.66560634920635e-05,3.233072212353702,-0.03785809302272254
1.66660634920635e-05,3.373584527279738,-0.03785809302272254
1.66760634920635e-05,3.277444522330345,-0.03414491687838462
1.66860634920635e-05,3.240467597349809,-0.03414491687838462
1.66960634920635e-05,3.351398372291416,-0.02300538844537085
1.67060634920635e-05,3.288537599824505,-0.02300538844537085
1.67160634920635e-05,3.00381527747438,-0.07498985446610175
1.67260634920635e-05,-0.2575495058088811,-0.1455402012085223
1.67360634920635e-05,-0.9490180029449014,0.08096354359609094
1.67460634920635e-05,0.7408274686655865,-0.08984255904345344
1.675606349206349e-05,0.0493589715295663,-0.04528444531139838
1.67660634920635e-05,-0.4757133631940426,0.02526590143102212
1.677606349206349e-05,0.3118951388913708,-0.02671856458970878
1.67860634920635e-05,0.01607973904708404,0.01412637299800836
1.679606349206349e-05,-0.1577118083614344,0.02526590143102212
1.68060634920635e-05,0.04566127903151271,-0.02300538844537085
1.68160634920635e-05,0.03456820153735196,0.0215527252866842
1.68260634920635e-05,-0.06157180341204122,-0.01186586001235709
1.68360634920635e-05,-0.006106415941237463,-0.0007263315793433261
1.68460634920635e-05,0.03456820153735196,0.02897907757536004
1.68560634920635e-05,-0.0652694959100948,-0.01929221230103293
1.68660634920635e-05,-0.01350180093734463,0.002986844564994595
1.68760634920635e-05,-0.01350180093734463,0.01412637299800836
1.68860634920635e-05,-0.02829257092955897,-0.02671856458970878
1.68960634920635e-05,-0.0208971859334518,0.01412637299800836
1.69060634920635e-05,0.001288969054869704,-0.0007263315793433261
1.69160634920635e-05,-0.02829257092955897,-0.008152683868019168
1.69260634920635e-05,-0.006106415941237463,0.006700020709332516
1.69360634920635e-05,-0.0208971859334518,-0.008152683868019168
1.694606349206349e-05,-0.02459487843150538,-0.0304317407340467
1.69560634920635e-05,0.2712205214127813,0.04754495829704965
1.696606349206349e-05,3.606539154657114,0.1143821288951322
1.69760634920635e-05,4.183379184353473,-0.1046952636208051
1.698606349206349e-05,2.460254480260503,0.06611083901873925
1.69960634920635e-05,3.262653752338131,0.02526590143102212
1.70060634920635e-05,3.750749162081203,-0.04528444531139838
1.70160634920635e-05,2.929861427513308,0.01041319685367044
1.70260634920635e-05,3.266351444836184,-0.004439507723681247
1.70360634920635e-05,3.425352222252488,-0.04157126916706046
1.70460634920635e-05,3.19979297987122,0.0215527252866842
1.70560634920635e-05,3.221979134859541,-0.04157126916706046
1.70660634920635e-05,3.336607602299202,-0.0007263315793433261
1.70760634920635e-05,3.258956059840077,-0.0007263315793433261
1.70860634920635e-05,3.218281442361488,-0.03785809302272254
1.70960634920635e-05,3.329212217303095,0.006700020709332516
1.71060634920635e-05,3.247862982345916,-0.0304317407340467
1.711606349206349e-05,3.247862982345916,-0.004439507723681247
1.71260634920635e-05,3.288537599824505,-0.01929221230103293
1.713606349206349e-05,3.25156067484397,-0.008152683868019168
1.71460634920635e-05,3.262653752338131,-0.01186586001235709
1.715606349206349e-05,3.281142214828399,-0.01557903615669501
1.71660634920635e-05,3.262653752338131,-0.01186586001235709
1.71760634920635e-05,3.262653752338131,0.002986844564994595
1.71860634920635e-05,3.262653752338131,0.006700020709332516
1.71960634920635e-05,3.018606047466594,-0.05642397374441215
1.72060634920635e-05,-0.2908287382913634,-0.1381138489198464
1.72160634920635e-05,-0.9638087729371156,0.07725036745175302
1.72260634920635e-05,0.7667113161519615,-0.07870303061043968
1.72360634920635e-05,0.03456820153735196,-0.04157126916706046
1.72460634920635e-05,-0.4646202856998818,0.04754495829704965
1.72560634920635e-05,0.2971043688991564,-0.03785809302272254
1.72660634920635e-05,0.01238204654903046,0.01041319685367044
1.72760634920635e-05,-0.1503164233653272,0.01783954914234628
1.728606349206349e-05,0.06045204902372704,-0.008152683868019168
1.72960634920635e-05,0.03087050903929837,0.0215527252866842
1.730606349206349e-05,-0.07266488090620198,-0.01186586001235709
1.73160634920635e-05,0.01607973904708404,-0.008152683868019168
1.732606349206349e-05,0.03826589403540554,0.02526590143102212
1.73360634920635e-05,-0.05787411091398764,-0.008152683868019168
1.73460634920635e-05,0.01238204654903046,0.02897907757536004
1.73560634920635e-05,0.3192905238874779,0.05125813444138757
1.73660634920635e-05,3.584352999668792,0.1403743619054977
1.73760634920635e-05,4.216658416835956,-0.1158347920538189
1.73860634920635e-05,2.460254480260503,0.06611083901873925
1.73960634920635e-05,3.236769904851756,0.0215527252866842
1.74060634920635e-05,3.765539932073418,-0.06013714988875006
1.74160634920635e-05,2.937256812509415,0.03640542986403589
1.74260634920635e-05,3.258956059840077,-0.008152683868019168
1.74360634920635e-05,3.170211439886791,-0.06013714988875006
1.74460634920635e-05,-0.33889874076606,-0.1232611443424947
1.74560634920635e-05,-1.01927416040792,0.08838989588476678
1.74660634920635e-05,0.807385933630551,-0.0675635021774259
1.747606349206349e-05,0.03456820153735196,-0.0304317407340467
1.74860634920635e-05,-0.5459695206570607,0.05125813444138757
1.749606349206349e-05,0.3340812938796923,0.002986844564994595
1.75060634920635e-05,-0.01350180093734463,0.01783954914234628
1.751606349206349e-05,-0.161409500859488,0.04011860600837381
1.75260634920635e-05,0.07894051151399496,-0.004439507723681247
1.75360634920635e-05,0.03087050903929837,0.04011860600837381
1.75460634920635e-05,-0.0911533433964699,0.01783954914234628
1.75560634920635e-05,0.004986661552923288,0.01783954914234628
1.75660634920635e-05,0.03087050903929837,0.02897907757536004
1.75760634920635e-05,-0.07266488090620198,0.002986844564994595
1.75860634920635e-05,0.001288969054869704,0.03269225371969797
1.75960634920635e-05,0.01238204654903046,-0.0007263315793433261
1.76060634920635e-05,-0.02829257092955897,0.02526590143102212
1.76160634920635e-05,0.01607973904708404,0.01041319685367044
1.76260634920635e-05,-0.006106415941237463,0.02526590143102212
1.76360634920635e-05,-0.01719949343539821,-0.004439507723681247
1.764606349206349e-05,-0.00240872344318388,0.01041319685367044
1.76560634920635e-05,0.004986661552923288,0.002986844564994595
1.766606349206349e-05,-0.0208971859334518,-0.0007263315793433261
1.76760634920635e-05,0.2638251364166742,0.05125813444138757
1.768606349206349e-05,3.632423002143489,0.1366611857611598
1.76960634920635e-05,4.194472261847634,-0.09726891133212928
1.77060634920635e-05,2.475045250252717,0.08467671974042887
1.77160634920635e-05,3.247862982345916,0.006700020709332516
1.77260634920635e-05,3.758144547077311,-0.03414491687838462
1.77360634920635e-05,2.944652197505522,0.02526590143102212
1.77460634920635e-05,3.25156067484397,0.002986844564994595
1.77560634920635e-05,3.185002209879005,-0.07498985446610175
1.77660634920635e-05,-0.3241079707738457,-0.1232611443424947
1.77760634920635e-05,-1.022971852905973,0.07725036745175302
1.77860634920635e-05,0.8110836261286045,-0.0675635021774259
1.77960634920635e-05,0.03456820153735196,-0.01557903615669501
1.78060634920635e-05,-0.5237833656687392,0.03640542986403589
1.781606349206349e-05,0.3562674488680138,0.002986844564994595
1.78260634920635e-05,0.001288969054869704,-0.008152683868019168
1.783606349206349e-05,0.123312821490638,0.0921030720291047
1.78460634920635e-05,3.691586082112346,0.125521657328146
1.785606349206349e-05,4.261030726812598,-0.07498985446610175
1.78660634920635e-05,2.389998322797485,0.08096354359609094
1.78760634920635e-05,3.270049137334238,0.02897907757536004
1.78860634920635e-05,3.824703012042275,-0.02300538844537085
1.78960634920635e-05,2.907675272524986,0.05125813444138757
1.79060634920635e-05,3.277444522330345,0.01783954914234628
1.79160634920635e-05,3.488212994719399,-0.004439507723681247
1.79260634920635e-05,3.192397594875112,0.04011860600837381
1.79360634920635e-05,3.25156067484397,-0.008152683868019168
1.79460634920635e-05,3.366189142283631,0.04011860600837381
1.79560634920635e-05,3.262653752338131,0.006700020709332516
1.79660634920635e-05,3.258956059840077,-0.004439507723681247
1.79760634920635e-05,3.351398372291416,0.03640542986403589
1.79860634920635e-05,3.281142214828399,-0.008152683868019168
1.79960634920635e-05,3.000117584976326,-0.03785809302272254
1.800606349206349e-05,-0.2390610433186132,-0.1306874966311706
1.80160634920635e-05,-0.9601110804390621,0.1180953050394702
1.802606349206349e-05,0.7556182386578009,-0.06385032603308799
1.80360634920635e-05,0.06045204902372704,-0.01186586001235709
1.804606349206349e-05,-0.4868064406882034,0.05125813444138757
1.80560634920635e-05,0.3118951388913708,-0.01929221230103293
1.80660634920635e-05,0.01977743154513762,0.02526590143102212
1.80760634920635e-05,-0.1392233458711665,0.02526590143102212
1.80860634920635e-05,0.06414974152178063,0.006700020709332516
1.80960634920635e-05,0.05305666402761988,0.02897907757536004
1.81060634920635e-05,-0.07266488090620198,0.01041319685367044
1.81160634920635e-05,-0.01350180093734463,0.01783954914234628
1.81260634920635e-05,0.03456820153735196,0.01412637299800836
1.81360634920635e-05,-0.06157180341204122,-0.0007263315793433261
1.81460634920635e-05,0.001288969054869704,0.04011860600837381
1.81560634920635e-05,0.01607973904708404,-0.0007263315793433261
1.81660634920635e-05,-0.01719949343539821,-0.0007263315793433261
1.817606349206349e-05,-0.00240872344318388,0.006700020709332516
1.81860634920635e-05,0.001288969054869704,0.002986844564994595
1.819606349206349e-05,-0.01719949343539821,-0.0007263315793433261
1.82060634920635e-05,-0.0208971859334518,0.002986844564994595
1.821606349206349e-05,0.004986661552923288,0.002986844564994595
1.82260634920635e-05,-0.00240872344318388,-0.0007263315793433261
1.82360634920635e-05,-0.01350180093734463,0.01041319685367044
1.82460634920635e-05,0.001288969054869704,-0.0007263315793433261
1.82560634920635e-05,-0.0208971859334518,0.002986844564994595
1.82660634920635e-05,-0.009804108439291047,-0.01186586001235709
1.82760634920635e-05,-0.009804108439291047,-0.01186586001235709
1.82860634920635e-05,-0.00240872344318388,0.002986844564994595
1.82960634920635e-05,-0.02459487843150538,-0.01186586001235709
1.83060634920635e-05,0.001288969054869704,-0.0007263315793433261
1.83160634920635e-05,0.2823135989069421,0.05497131058572549
1.83260634920635e-05,3.606539154657114,0.125521657328146
1.83360634920635e-05,4.205565339341795,-0.09355573518779135
1.834606349206349e-05,2.456556787762449,0.06239766287440134
1.83560634920635e-05,3.240467597349809,0.002986844564994595
1.836606349206349e-05,3.758144547077311,-0.06013714988875006
1.83760634920635e-05,2.944652197505522,0.02526590143102212
1.838606349206349e-05,3.270049137334238,-0.008152683868019168
1.83960634920635e-05,3.177606824882898,-0.05642397374441215
1.84060634920635e-05,-0.3499918182602207,-0.1269743204868327
1.84160634920635e-05,-1.015576467909866,0.08096354359609094
1.84260634920635e-05,0.8036882411324974,-0.08241620675477759
1.84360634920635e-05,0.01607973904708404,-0.01929221230103293
1.84460634920635e-05,-0.5311787506648463,0.0215527252866842
1.84560634920635e-05,0.3266859088835851,-0.004439507723681247
1.84660634920635e-05,-0.01350180093734463,0.01412637299800836
1.84760634920635e-05,0.1011266665023165,0.06239766287440134
1.84860634920635e-05,3.684190697116239,0.1329480096168218
1.84960634920635e-05,4.227751494330116,-0.1046952636208051
1.85060634920635e-05,2.375207552805271,0.06239766287440134
1.85160634920635e-05,3.247862982345916,0.02526590143102212
1.85260634920635e-05,3.7988191645559,-0.0304317407340467
1.853606349206349e-05,2.881791425038612,0.0215527252866842
1.85460634920635e-05,3.273746829832291,0.01412637299800836
1.855606349206349e-05,3.466026839731078,-0.02300538844537085
1.85660634920635e-05,3.173909132384845,0.02526590143102212
1.857606349206349e-05,3.236769904851756,-0.01929221230103293
1.85860634920635e-05,3.358793757287524,0.002986844564994595
1.85960634920635e-05,3.258956059840077,-0.008152683868019168
1.86060634920635e-05,3.229374519855648,-0.004439507723681247
1.86160634920635e-05,3.358793757287524,0.002986844564994595
1.86260634920635e-05,3.25156067484397,-0.01557903615669501
1.86360634920635e-05,2.989024507482165,-0.03414491687838462
1.86460634920635e-05,-0.250154120812774,-0.1455402012085223
1.86560634920635e-05,-0.9601110804390621,0.0921030720291047
1.86660634920635e-05,0.7334320836694793,-0.07498985446610175
1.86760634920635e-05,0.05675435652567346,-0.03414491687838462
1.86860634920635e-05,-0.4794110556920962,0.04754495829704965
1.86960634920635e-05,0.2897089839030492,-0.01929221230103293
1.870606349206349e-05,0.008684354050976872,0.02526590143102212
1.87160634920635e-05,0.1418012839809059,0.0735371913074151
1.872606349206349e-05,3.669399927124025,0.1440875380498356
1.87360634920635e-05,4.261030726812598,-0.07498985446610175
1.874606349206349e-05,2.412184477785806,0.06982401516307718
1.87560634920635e-05,3.25156067484397,0.03640542986403589
1.87660634920635e-05,3.813609934548114,-0.02671856458970878
1.87760634920635e-05,2.892884502532772,0.03269225371969797
1.87860634920635e-05,3.288537599824505,0.0215527252866842
1.87960634920635e-05,3.466026839731078,-0.004439507723681247
1.88060634920635e-05,3.177606824882898,0.0215527252866842
1.88160634920635e-05,3.244165289847863,-0.0007263315793433261
1.88260634920635e-05,3.362491449785577,0.002986844564994595
1.88360634920635e-05,3.258956059840077,0.006700020709332516
1.88460634920635e-05,3.236769904851756,0.01041319685367044
1.88560634920635e-05,3.340305294797256,0.01783954914234628
1.88660634920635e-05,3.258956059840077,-0.01186586001235709
1.887606349206349e-05,3.266351444836184,0.002986844564994595
1.88860634920635e-05,3.325514524805041,-0.004439507723681247
1.889606349206349e-05,3.270049137334238,-0.004439507723681247
1.89060634920635e-05,3.270049137334238,-0.01186586001235709
1.891606349206349e-05,3.307026062314773,0.01412637299800836
1.89260634920635e-05,3.277444522330345,0.002986844564994595
1.89360634920635e-05,3.273746829832291,-0.01929221230103293
1.89460634920635e-05,3.295932984820613,0.0215527252866842
1.89560634920635e-05,3.022303739964648,-0.04528444531139838
1.89660634920635e-05,-0.2871310457933098,-0.1381138489198464
1.89760634920635e-05,-0.9342272329526871,0.1143821288951322
1.89860634920635e-05,0.763013623653908,-0.0675635021774259
1.89960634920635e-05,0.0493589715295663,-0.04157126916706046
1.90060634920635e-05,-0.4683179781979355,0.05868448673006341
1.90160634920635e-05,0.3266859088835851,-0.02300538844537085
1.90260634920635e-05,0.03087050903929837,0.02897907757536004
1.90360634920635e-05,0.1639874389692274,0.06982401516307718
1.90460634920635e-05,3.706376852104561,0.1218084811838081
1.90560634920635e-05,4.261030726812598,-0.07498985446610175
1.906606349206349e-05,2.412184477785806,0.06611083901873925
1.90760634920635e-05,3.273746829832291,0.0215527252866842
1.908606349206349e-05,3.824703012042275,-0.02671856458970878
1.90960634920635e-05,2.91137296502304,0.0215527252866842
1.910606349206349e-05,3.292235292322559,-0.0007263315793433261
1.91160634920635e-05,3.469724532229131,-0.01929221230103293
1.91260634920635e-05,3.192397594875112,-0.004439507723681247
1.91360634920635e-05,3.225676827357595,-0.01186586001235709
1.91460634920635e-05,3.362491449785577,-0.008152683868019168
1.91560634920635e-05,3.258956059840077,-0.008152683868019168
1.91660634920635e-05,3.240467597349809,-0.01929221230103293
1.91760634920635e-05,3.344002987295309,0.01041319685367044
1.91860634920635e-05,3.277444522330345,-0.008152683868019168
1.91960634920635e-05,2.985326814984112,-0.06013714988875006
1.92060634920635e-05,-0.2649448908049883,-0.1492533773528602
1.92160634920635e-05,-0.9564133879410085,0.0921030720291047
1.92260634920635e-05,0.7334320836694793,-0.09726891133212928
1.923606349206349e-05,0.0493589715295663,-0.03785809302272254
1.92460634920635e-05,-0.4831087481901498,0.04383178215271173
1.925606349206349e-05,0.30080206139721,-0.02671856458970878
1.92660634920635e-05,0.004986661552923288,-0.01186586001235709
1.927606349206349e-05,-0.1392233458711665,0.01783954914234628
1.92860634920635e-05,0.05675435652567346,-0.01557903615669501
1.92960634920635e-05,0.03087050903929837,0.0215527252866842
1.93060634920635e-05,-0.05787411091398764,-0.008152683868019168
1.93160634920635e-05,-0.00240872344318388,-0.01186586001235709
1.93260634920635e-05,0.02347512404319121,0.002986844564994595
1.93360634920635e-05,-0.06896718840814839,-0.01186586001235709
1.93460634920635e-05,0.001288969054869704,0.01041319685367044
1.93560634920635e-05,0.004986661552923288,-0.02300538844537085
1.93660634920635e-05,-0.02459487843150538,-0.0007263315793433261
1.93760634920635e-05,-0.01350180093734463,-0.01557903615669501
1.93860634920635e-05,-0.00240872344318388,-0.008152683868019168
1.93960634920635e-05,-0.02829257092955897,-0.0007263315793433261
1.940606349206349e-05,-0.01350180093734463,0.002986844564994595
1.94160634920635e-05,-0.0208971859334518,-0.008152683868019168
1.942606349206349e-05,-0.03199026342761255,-0.008152683868019168
1.94360634920635e-05,-0.02829257092955897,-0.01557903615669501
1.944606349206349e-05,-0.0208971859334518,-0.008152683868019168
1.94560634920635e-05,-0.03568795592566613,-0.01186586001235709
1.94660634920635e-05,-0.02829257092955897,-0.01557903615669501
1.94760634920635e-05,-0.01719949343539821,-0.008152683868019168
1.94860634920635e-05,-0.01350180093734463,-0.008152683868019168
1.94960634920635e-05,-0.03199026342761255,0.006700020709332516
1.95060634920635e-05,-0.0208971859334518,-0.01929221230103293
1.95160634920635e-05,-0.01350180093734463,-0.01557903615669501
1.95260634920635e-05,-0.03199026342761255,-0.0007263315793433261
1.95360634920635e-05,-0.03938564842371972,-0.02300538844537085
1.95460634920635e-05,-0.03199026342761255,-0.004439507723681247
1.95560634920635e-05,-0.02459487843150538,-0.01929221230103293
1.95660634920635e-05,-0.02459487843150538,-0.01557903615669501
1.95760634920635e-05,-0.03938564842371972,-0.004439507723681247
1.95860634920635e-05,-0.01719949343539821,-0.02671856458970878
1.959606349206349e-05,0.2712205214127813,0.04011860600837381
1.96060634920635e-05,3.625027617147382,0.1218084811838081
1.961606349206349e-05,4.183379184353473,-0.1009820874764672
1.96260634920635e-05,2.449161402766342,0.05868448673006341
1.963606349206349e-05,3.244165289847863,0.002986844564994595
1.96460634920635e-05,3.735958392088989,-0.04528444531139838
1.96560634920635e-05,2.937256812509415,0.03269225371969797
1.96660634920635e-05,3.25156067484397,-0.02671856458970878
1.96760634920635e-05,3.15911836239263,-0.07127667832176383
1.96860634920635e-05,-0.383271050742703,-0.1158347920538189
1.96960634920635e-05,-1.011878775411812,0.09581624817344263
1.97060634920635e-05,0.8110836261286045,-0.07870303061043968
1.97160634920635e-05,0.001288969054869704,-0.04157126916706046
1.97260634920635e-05,-0.5459695206570607,0.01783954914234628
1.97360634920635e-05,0.3303836013816387,-0.01929221230103293
1.97460634920635e-05,-0.03568795592566613,-0.008152683868019168
1.97560634920635e-05,-0.1983864258400238,0.02897907757536004
1.976606349206349e-05,0.0715451265178878,-0.02300538844537085
1.97760634920635e-05,0.01238204654903046,0.01783954914234628
1.97860634920635e-05,-0.08375795840036272,0.01041319685367044
1.97960634920635e-05,-0.006106415941237463,-0.008152683868019168
1.980606349206349e-05,0.001288969054869704,0.02897907757536004
1.98160634920635e-05,-0.08006026590230914,-0.01186586001235709
1.98260634920635e-05,-0.03938564842371972,0.006700020709332516
1.98360634920635e-05,0.2786159064088885,0.05125813444138757
1.984606349206349e-05,3.576957614672685,0.1366611857611598
1.98560634920635e-05,4.17968149185542,-0.108408439765143
1.98660634920635e-05,2.460254480260503,0.07725036745175302
1.98760634920635e-05,3.221979134859541,0.002986844564994595
1.988606349206349e-05,3.750749162081203,-0.05271079760007422
1.98960634920635e-05,2.915070657521094,0.02897907757536004
1.99060634920635e-05,3.247862982345916,-0.01929221230103293
1.99160634920635e-05,3.410561452260274,-0.03414491687838462
1.99260634920635e-05,3.192397594875112,0.01041319685367044
1.99360634920635e-05,3.21088605736538,-0.0304317407340467
1.99460634920635e-05,3.336607602299202,0.006700020709332516
1.99560634920635e-05,3.258956059840077,-0.004439507723681247
1.99660634920635e-05,3.207188364867327,-0.02300538844537085
1.997606349206349e-05,3.325514524805041,0.0215527252866842
1.99860634920635e-05,3.262653752338131,-0.01557903615669501
1.99960634920635e-05,3.262653752338131,-0.004439507723681247
2.00060634920635e-05,3.295932984820613,0.006700020709332516
2.001606349206349e-05,3.270049137334238,-0.008152683868019168
2.00260634920635e-05,3.277444522330345,-0.008152683868019168
2.00360634920635e-05,3.277444522330345,-0.004439507723681247
2.00460634920635e-05,3.284839907326452,0.01412637299800836
2.005606349206349e-05,3.281142214828399,0.01783954914234628
2.00660634920635e-05,3.295932984820613,-0.0007263315793433261
2.00760634920635e-05,3.284839907326452,-0.004439507723681247
2.00860634920635e-05,3.281142214828399,0.006700020709332516
2.00960634920635e-05,3.292235292322559,-0.008152683868019168
2.01060634920635e-05,3.277444522330345,0.006700020709332516
2.01160634920635e-05,3.284839907326452,-0.01186586001235709
2.01260634920635e-05,3.281142214828399,0.002986844564994595
2.01360634920635e-05,3.273746829832291,-0.004439507723681247
2.014606349206349e-05,3.270049137334238,-0.008152683868019168
2.01560634920635e-05,3.029699124960755,-0.0489976214557363
2.01660634920635e-05,-0.2871310457933098,-0.1529665534971981
2.01760634920635e-05,-0.9822972354273836,0.1143821288951322
2.018606349206349e-05,0.7445251611636401,-0.08241620675477759
2.01960634920635e-05,0.02717281654124479,-0.02300538844537085
2.02060634920635e-05,-0.472015670695989,0.04011860600837381
2.02160634920635e-05,0.30080206139721,-0.008152683868019168
2.022606349206349e-05,0.008684354050976872,0.01041319685367044
2.02360634920635e-05,-0.1540141158633808,0.03640542986403589
2.02460634920635e-05,0.04566127903151271,-0.008152683868019168
2.02560634920635e-05,0.04566127903151271,0.03269225371969797
2.02660634920635e-05,-0.07266488090620198,-0.0007263315793433261
2.02760634920635e-05,-0.01719949343539821,0.01041319685367044
2.02860634920635e-05,0.03456820153735196,0.01783954914234628
2.02960634920635e-05,-0.05787411091398764,-0.004439507723681247
2.03060634920635e-05,0.01607973904708404,0.006700020709332516
2.031606349206349e-05,0.008684354050976872,0.002986844564994595
2.03260634920635e-05,-0.01719949343539821,0.01041319685367044
2.03360634920635e-05,-0.009804108439291047,0.02526590143102212
2.03460634920635e-05,-0.0208971859334518,0.01783954914234628
2.035606349206349e-05,-0.01719949343539821,0.01041319685367044
2.03660634920635e-05,-0.009804108439291047,0.01041319685367044
2.03760634920635e-05,0.001288969054869704,0.0215527252866842
2.03860634920635e-05,-0.006106415941237463,0.02526590143102212
2.039606349206349e-05,-0.01350180093734463,0.0215527252866842
2.04060634920635e-05,-0.006106415941237463,0.01412637299800836
2.04160634920635e-05,-0.01719949343539821,0.01041319685367044
2.04260634920635e-05,-0.0208971859334518,0.01041319685367044
2.043606349206349e-05,-0.009804108439291047,0.01412637299800836
2.04460634920635e-05,-0.03568795592566613,0.006700020709332516
2.04560634920635e-05,-0.01719949343539821,0.02897907757536004
2.04660634920635e-05,-0.02829257092955897,0.01041319685367044
2.04760634920635e-05,-0.01350180093734463,0.006700020709332516
2.048606349206349e-05,-0.01719949343539821,0.01412637299800836
2.04960634920635e-05,-0.01350180093734463,0.01041319685367044
2.05060634920635e-05,-0.02829257092955897,0.006700020709332516
2.05160634920635e-05,-0.009804108439291047,0.0215527252866842
2.052606349206349e-05,-0.03199026342761255,-0.0007263315793433261
2.05360634920635e-05,-0.02459487843150538,0.01041319685367044
2.05460634920635e-05,-0.03568795592566613,0.006700020709332516
2.05560634920635e-05,-0.01350180093734463,-0.0007263315793433261
2.056606349206349e-05,-0.0430833409217733,0.01412637299800836
2.05760634920635e-05,-0.0208971859334518,-0.008152683868019168
2.05860634920635e-05,-0.02829257092955897,0.006700020709332516
2.05960634920635e-05,-0.02459487843150538,0.006700020709332516
2.060606349206349e-05,-0.02459487843150538,-0.008152683868019168
2.06160634920635e-05,-0.02459487843150538,-0.0007263315793433261
2.06260634920635e-05,-0.03568795592566613,-0.008152683868019168
2.06360634920635e-05,0.2601274439186206,0.04754495829704965
2.06460634920635e-05,3.584352999668792,0.1478007141941735
2.065606349206349e-05,4.194472261847634,-0.1046952636208051
2.06660634920635e-05,2.460254480260503,0.08096354359609094
2.06760634920635e-05,3.229374519855648,0.02526590143102212
2.06860634920635e-05,3.739656084587043,-0.0304317407340467
2.069606349206349e-05,2.922466042517201,0.04754495829704965
2.07060634920635e-05,3.244165289847863,0.01783954914234628
2.07160634920635e-05,3.166513747388737,-0.06013714988875006
2.07260634920635e-05,-0.3684802807504887,-0.1046952636208051
2.073606349206349e-05,-1.03036723790208,0.1069557766064564
2.07460634920635e-05,0.7999905486344439,-0.07498985446610175
2.07560634920635e-05,0.001288969054869704,-0.01929221230103293
2.07660634920635e-05,-0.5200856731706857,0.03640542986403589
2.077606349206349e-05,0.3229882163855315,-0.004439507723681247
2.07860634920635e-05,-0.009804108439291047,0.006700020709332516
2.07960634920635e-05,-0.2020841183380774,0.04754495829704965
2.08060634920635e-05,0.06045204902372704,0.002986844564994595
2.08160634920635e-05,0.03087050903929837,0.01783954914234628
2.082606349206349e-05,-0.1022464208906306,0.01041319685367044
2.08360634920635e-05,-0.01719949343539821,0.006700020709332516
2.08460634920635e-05,0.008684354050976872,0.03640542986403589
2.08560634920635e-05,-0.08745565089841631,-0.01929221230103293
2.086606349206349e-05,0.004986661552923288,0.01041319685367044
2.08760634920635e-05,0.008684354050976872,-0.0007263315793433261
2.08860634920635e-05,-0.05417641841593406,0.002986844564994595
2.08960634920635e-05,-0.01350180093734463,0.002986844564994595
2.090606349206349e-05,-0.02459487843150538,0.01412637299800836
2.09160634920635e-05,-0.05787411091398764,0.002986844564994595
2.09260634920635e-05,-0.0208971859334518,-0.004439507723681247
2.09360634920635e-05,-0.01350180093734463,-0.0007263315793433261
2.094606349206349e-05,-0.03938564842371972,-0.02671856458970878
2.09560634920635e-05,-0.01719949343539821,-0.0007263315793433261
2.09660634920635e-05,-0.009804108439291047,-0.008152683868019168
2.09760634920635e-05,-0.0430833409217733,-0.008152683868019168
2.09860634920635e-05,-0.006106415941237463,-0.0007263315793433261
2.09960634920635e-05,-0.03938564842371972,0.006700020709332516
2.10060634920635e-05,-0.03568795592566613,0.002986844564994595
2.10160634920635e-05,-0.02829257092955897,-0.01929221230103293
2.10260634920635e-05,-0.02829257092955897,0.01412637299800836
2.103606349206349e-05,-0.04678103341982689,-0.01186586001235709
2.10460634920635e-05,-0.03938564842371972,-0.008152683868019168
2.10560634920635e-05,-0.03199026342761255,0.002986844564994595
2.10660634920635e-05,-0.03938564842371972,-0.0007263315793433261
2.107606349206349e-05,-0.0430833409217733,0.01041319685367044
2.10860634920635e-05,-0.03199026342761255,-0.004439507723681247
2.10960634920635e-05,-0.05047872591788047,0.01041319685367044
2.11060634920635e-05,-0.0430833409217733,0.01783954914234628
2.111606349206349e-05,-0.03199026342761255,0.006700020709332516
2.11260634920635e-05,-0.0430833409217733,-0.004439507723681247
2.11360634920635e-05,-0.02459487843150538,-0.0007263315793433261
2.11460634920635e-05,-0.03568795592566613,-0.004439507723681247
2.11560634920635e-05,-0.0430833409217733,-0.0007263315793433261
2.11660634920635e-05,-0.05047872591788047,0.006700020709332516
2.11760634920635e-05,-0.03568795592566613,0.002986844564994595
2.11860634920635e-05,-0.03568795592566613,0.0215527252866842
2.11960634920635e-05,-0.0430833409217733,-0.01557903615669501
2.120606349206349e-05,-0.0430833409217733,0.006700020709332516
2.12160634920635e-05,-0.03568795592566613,0.01783954914234628
2.12260634920635e-05,-0.05417641841593406,0.02526590143102212
2.12360634920635e-05,-0.03938564842371972,0.006700020709332516
2.124606349206349e-05,-0.0430833409217733,0.01412637299800836
2.12560634920635e-05,-0.0430833409217733,0.01783954914234628
2.12660634920635e-05,-0.02829257092955897,0.0215527252866842
2.12760634920635e-05,-0.04678103341982689,0.002986844564994595
2.128606349206349e-05,-0.03199026342761255,0.01783954914234628
2.12960634920635e-05,-0.03199026342761255,0.002986844564994595
2.13060634920635e-05,-0.02459487843150538,0.02526590143102212
2.13160634920635e-05,-0.05787411091398764,0.01041319685367044
2.13260634920635e-05,-0.0208971859334518,0.01783954914234628
2.13360634920635e-05,-0.03568795592566613,0.0215527252866842
2.13460634920635e-05,-0.02459487843150538,0.0215527252866842
2.13560634920635e-05,0.256429751420567,0.06982401516307718
2.13660634920635e-05,3.595446077162953,0.1626534187715252
2.137606349206349e-05,4.194472261847634,-0.08984255904345344
2.13860634920635e-05,2.452859095264396,0.08838989588476678
2.13960634920635e-05,3.229374519855648,0.04754495829704965
2.14060634920635e-05,3.739656084587043,-0.04528444531139838
2.141606349206349e-05,2.922466042517201,0.04011860600837381
2.14260634920635e-05,3.236769904851756,0.0215527252866842
2.14360634920635e-05,3.15911836239263,-0.04157126916706046
2.14460634920635e-05,-0.3278056632718993,-0.108408439765143
2.145606349206349e-05,-1.034064930400134,0.09952942431778054
2.14660634920635e-05,0.807385933630551,-0.04528444531139838
2.14760634920635e-05,0.02347512404319121,-0.008152683868019168
2.14860634920635e-05,-0.5348764431629,0.04383178215271173
2.149606349206349e-05,0.3303836013816387,0.01412637299800836
2.15060634920635e-05,-0.01719949343539821,0.01412637299800836
2.15160634920635e-05,0.1085220514984236,0.09581624817344263
2.15260634920635e-05,3.684190697116239,0.1515138903385115
2.15360634920635e-05,4.235146879326224,-0.07498985446610175
2.154606349206349e-05,2.404789092789699,0.07725036745175302
2.15560634920635e-05,3.255258367342023,0.04011860600837381
2.15660634920635e-05,3.795121472057847,-0.01186586001235709
2.15760634920635e-05,2.885489117536665,0.04011860600837381
2.158606349206349e-05,3.270049137334238,0.01041319685367044
2.15960634920635e-05,3.19979297987122,-0.0489976214557363
2.16060634920635e-05,-0.3536895107582744,-0.1195479681981568
2.16160634920635e-05,-1.01927416040792,0.09581624817344263
2.162606349206349e-05,0.8443628586110868,-0.03414491687838462
2.16360634920635e-05,0.01238204654903046,0.01041319685367044
2.16460634920635e-05,-0.5237833656687392,0.06611083901873925
2.16560634920635e-05,0.3414766788757994,0.01783954914234628
2.166606349206349e-05,-0.0208971859334518,0.02526590143102212
2.16760634920635e-05,-0.1725025783536487,0.05868448673006341
2.16860634920635e-05,0.07894051151399496,0.01412637299800836
2.16960634920635e-05,0.008684354050976872,0.05125813444138757
2.17060634920635e-05,-0.07636257340425556,0.01412637299800836
2.171606349206349e-05,0.008684354050976872,0.02897907757536004
2.17260634920635e-05,0.03087050903929837,0.04383178215271173
2.17360634920635e-05,-0.05787411091398764,0.01412637299800836
2.17460634920635e-05,-0.01719949343539821,0.03269225371969797
2.175606349206349e-05,0.01607973904708404,0.01412637299800836
2.17660634920635e-05,-0.03938564842371972,0.02526590143102212
2.17760634920635e-05,0.001288969054869704,0.02897907757536004
2.17860634920635e-05,0.004986661552923288,0.02526590143102212
2.179606349206349e-05,-0.02459487843150538,0.006700020709332516
2.18060634920635e-05,0.008684354050976872,0.0215527252866842
2.18160634920635e-05,0.001288969054869704,0.02526590143102212
2.18260634920635e-05,-0.0208971859334518,0.04011860600837381
2.183606349206349e-05,0.2712205214127813,0.08467671974042887
2.18460634920635e-05,3.632423002143489,0.1552270664828494
2.18560634920635e-05,4.220356109334009,-0.08241620675477759
2.18660634920635e-05,2.460254480260503,0.1069557766064564
2.18760634920635e-05,3.270049137334238,0.04383178215271173
2.188606349206349e-05,3.769237624571471,-0.01557903615669501
2.18960634920635e-05,2.944652197505522,0.03640542986403589
2.19060634920635e-05,3.273746829832291,0.002986844564994595
2.19160634920635e-05,3.181304517380952,-0.05642397374441215
2.192606349206349e-05,-0.3278056632718993,-0.1009820874764672
2.19360634920635e-05,-1.015576467909866,0.1106689527507943
2.19460634920635e-05,0.807385933630551,-0.07498985446610175
2.19560634920635e-05,0.01238204654903046,-0.01557903615669501
2.196606349206349e-05,-0.5274810581667928,0.03640542986403589
2.19760634920635e-05,0.3377789863777458,0.006700020709332516
2.19860634920635e-05,-0.0208971859334518,0.006700020709332516
2.19960634920635e-05,0.1196151289925844,0.08838989588476678
2.200606349206349e-05,3.669399927124025,0.1440875380498356
2.20160634920635e-05,4.249937649318438,-0.07870303061043968
2.20260634920635e-05,2.389998322797485,0.0735371913074151
2.20360634920635e-05,3.25156067484397,0.0215527252866842
2.20460634920635e-05,3.802516857053954,-0.03414491687838462
2.20560634920635e-05,2.91137296502304,0.02526590143102212
2.20660634920635e-05,3.258956059840077,0.01412637299800836
2.20760634920635e-05,3.196095287373166,-0.06385032603308799
2.20860634920635e-05,-0.3610848957543815,-0.1158347920538189
2.209606349206349e-05,-1.000785697917651,0.08467671974042887
2.21060634920635e-05,0.8110836261286045,-0.06013714988875006
2.21160634920635e-05,0.001288969054869704,-0.01929221230103293
2.21260634920635e-05,-0.5385741356609536,0.03269225371969797
2.213606349206349e-05,0.3266859088835851,0.006700020709332516
2.21460634920635e-05,-0.0208971859334518,0.002986844564994595
2.21560634920635e-05,-0.1909910408439167,0.05497131058572549
2.21660634920635e-05,0.0715451265178878,-0.01186586001235709
2.217606349206349e-05,0.008684354050976872,0.02897907757536004
2.21860634920635e-05,-0.1059441133886842,-0.0007263315793433261
2.21960634920635e-05,-0.00240872344318388,0.02897907757536004
2.22060634920635e-05,0.02347512404319121,0.02526590143102212
2.22160634920635e-05,-0.0652694959100948,-0.004439507723681247
2.22260634920635e-05,-0.03568795592566613,0.02897907757536004
2.22360634920635e-05,0.2934066764011029,0.05125813444138757
2.22460634920635e-05,3.558469152182417,0.1478007141941735
2.22560634920635e-05,4.183379184353473,-0.08984255904345344
2.226606349206349e-05,2.460254480260503,0.07725036745175302
2.22760634920635e-05,3.207188364867327,0.02526590143102212
2.22860634920635e-05,3.743353777085097,-0.0304317407340467
2.22960634920635e-05,2.922466042517201,0.03640542986403589
2.230606349206349e-05,3.244165289847863,-0.004439507723681247
2.23160634920635e-05,3.436445299746649,-0.0007263315793433261
2.23260634920635e-05,3.196095287373166,0.01412637299800836
2.23360634920635e-05,3.192397594875112,-0.01929221230103293
2.234606349206349e-05,3.351398372291416,0.0215527252866842
2.23560634920635e-05,3.258956059840077,0.002986844564994595
2.23660634920635e-05,3.207188364867327,-0.01186586001235709
2.23760634920635e-05,3.325514524805041,0.02526590143102212
2.23860634920635e-05,3.270049137334238,0.01783954914234628
2.23960634920635e-05,2.985326814984112,-0.04157126916706046
2.24060634920635e-05,-0.250154120812774,-0.1381138489198464
2.24160634920635e-05,-0.9859949279254372,0.1218084811838081
2.24260634920635e-05,0.7223390061753185,-0.0675635021774259
2.243606349206349e-05,0.04566127903151271,-0.01186586001235709
2.24460634920635e-05,-0.5052949031784713,0.04011860600837381
2.24560634920635e-05,0.2934066764011029,0.01041319685367044
2.24660634920635e-05,-0.006106415941237463,0.0215527252866842
2.247606349206349e-05,-0.1725025783536487,0.0215527252866842
2.24860634920635e-05,0.04196358653345913,-0.0007263315793433261
2.24960634920635e-05,0.0493589715295663,0.02526590143102212
2.25060634920635e-05,-0.08375795840036272,0.01041319685367044
2.251606349206349e-05,-0.01350180093734463,0.006700020709332516
2.25260634920635e-05,0.02347512404319121,0.02526590143102212
2.25360634920635e-05,-0.05047872591788047,0.002986844564994595
2.25460634920635e-05,-0.01719949343539821,0.006700020709332516
2.255606349206349e-05,0.2934066764011029,0.08467671974042887
2.25660634920635e-05,3.588050692166846,0.1515138903385115
2.25760634920635e-05,4.205565339341795,-0.108408439765143
2.25860634920635e-05,2.463952172758556,0.0921030720291047
2.25960634920635e-05,3.229374519855648,0.0215527252866842
2.260606349206349e-05,3.758144547077311,-0.03785809302272254
2.26160634920635e-05,2.944652197505522,0.04011860600837381
2.26260634920635e-05,3.258956059840077,-0.004439507723681247
2.26360634920635e-05,3.166513747388737,-0.06013714988875006
2.264606349206349e-05,-0.3499918182602207,-0.1232611443424947
2.26560634920635e-05,-1.004483390415705,0.08096354359609094
2.26660634920635e-05,0.7962928561363902,-0.06385032603308799
2.26760634920635e-05,0.02717281654124479,-0.004439507723681247
2.268606349206349e-05,-0.5237833656687392,0.03269225371969797
2.26960634920635e-05,0.3303836013816387,0.006700020709332516
2.27060634920635e-05,-0.01350180093734463,0.006700020709332516
2.27160634920635e-05,0.1159174364945308,0.0921030720291047
2.272606349206349e-05,3.6952837746104,0.1552270664828494
2.27360634920635e-05,4.238844571824277,-0.07870303061043968
2.27460634920635e-05,2.389998322797485,0.06982401516307718
2.27560634920635e-05,3.255258367342023,0.03269225371969797
2.27660634920635e-05,3.795121472057847,-0.03414491687838462
2.277606349206349e-05,2.892884502532772,0.02897907757536004
2.27860634920635e-05,3.258956059840077,0.01412637299800836
2.27960634920635e-05,3.192397594875112,-0.08241620675477759
2.28060634920635e-05,-0.3869687432407566,-0.1195479681981568
2.281606349206349e-05,-1.004483390415705,0.1069557766064564
2.28260634920635e-05,0.8221767036227653,-0.06013714988875006
2.28360634920635e-05,0.01977743154513762,-0.01929221230103293
2.28460634920635e-05,-0.5237833656687392,0.02526590143102212
2.285606349206349e-05,0.3562674488680138,0.006700020709332516
2.28660634920635e-05,-0.02459487843150538,0.01041319685367044
2.28760634920635e-05,-0.1762002708517023,0.06611083901873925
2.28860634920635e-05,0.09742897400426288,-0.008152683868019168
2.289606349206349e-05,0.02347512404319121,0.03640542986403589
2.29060634920635e-05,-0.0911533433964699,0.01412637299800836
2.29160634920635e-05,0.01238204654903046,0.006700020709332516
2.29260634920635e-05,0.02717281654124479,0.03640542986403589
2.29360634920635e-05,-0.07266488090620198,0.006700020709332516
2.294606349206349e-05,0.008684354050976872,0.01041319685367044
2.29560634920635e-05,0.01607973904708404,0.01783954914234628
2.29660634920635e-05,-0.03199026342761255,0.01412637299800836
2.29760634920635e-05,0.008684354050976872,0.01041319685367044
2.298606349206349e-05,0.01238204654903046,0.01412637299800836
2.29960634920635e-05,-0.02829257092955897,-0.0007263315793433261
2.30060634920635e-05,0.008684354050976872,0.006700020709332516
2.30160634920635e-05,-0.00240872344318388,0.01783954914234628
2.302606349206349e-05,-0.009804108439291047,0.01412637299800836
2.30360634920635e-05,0.2786159064088885,0.06239766287440134
2.30460634920635e-05,3.628725309645435,0.1366611857611598
2.30560634920635e-05,4.205565339341795,-0.09355573518779135
2.306606349206349e-05,2.463952172758556,0.08096354359609094
2.30760634920635e-05,3.273746829832291,0.006700020709332516
2.30860634920635e-05,3.761842239575365,-0.0489976214557363
2.30960634920635e-05,2.959442967497737,0.03269225371969797
2.31060634920635e-05,3.281142214828399,-0.0007263315793433261
2.31160634920635e-05,3.188699902377059,-0.05642397374441215
2.31260634920635e-05,-0.33889874076606,-0.1344006727755085
2.31360634920635e-05,-1.000785697917651,0.1032426004621185
2.31460634920635e-05,0.8258743961208189,-0.07870303061043968
2.315606349206349e-05,0.04566127903151271,-0.0304317407340467
2.31660634920635e-05,-0.5200856731706857,0.01783954914234628
2.31760634920635e-05,0.3525697563699602,-0.004439507723681247
2.31860634920635e-05,0.01977743154513762,-0.01186586001235709
2.319606349206349e-05,0.1307082064867451,0.0921030720291047
2.32060634920635e-05,3.710074544602614,0.1329480096168218
2.32160634920635e-05,4.264728419310652,-0.06385032603308799
2.32260634920635e-05,2.408486785287753,0.07725036745175302
2.323606349206349e-05,3.295932984820613,0.04383178215271173
2.32460634920635e-05,3.802516857053954,-0.02300538844537085
2.32560634920635e-05,2.915070657521094,0.02897907757536004
2.32660634920635e-05,3.288537599824505,0.0215527252866842
2.32760634920635e-05,3.203490672369273,-0.0489976214557363
2.32860634920635e-05,-0.3462941257621672,-0.1158347920538189
2.32960634920635e-05,-1.008181082913759,0.1106689527507943
2.33060634920635e-05,0.8480605511091404,-0.06385032603308799
2.33160634920635e-05,0.01977743154513762,-0.0007263315793433261
2.332606349206349e-05,-0.516387980672632,0.05125813444138757
2.33360634920635e-05,0.3599651413660673,0.002986844564994595
2.33460634920635e-05,-0.00240872344318388,0.01041319685367044
2.33560634920635e-05,0.1270105139886916,0.0921030720291047
2.336606349206349e-05,3.713772237100668,0.1478007141941735
2.33760634920635e-05,4.246239956820384,-0.07127667832176383
2.33860634920635e-05,2.404789092789699,0.07725036745175302
2.33960634920635e-05,3.281142214828399,0.01041319685367044
2.340606349206349e-05,3.809912242050061,-0.03414491687838462
2.34160634920635e-05,2.892884502532772,0.04011860600837381
2.34260634920635e-05,3.292235292322559,0.006700020709332516
2.34360634920635e-05,3.458631454734971,-0.03785809302272254
2.344606349206349e-05,3.188699902377059,0.03269225371969797
2.34560634920635e-05,3.266351444836184,-0.03414491687838462
2.34660634920635e-05,3.373584527279738,0.01412637299800836
2.34760634920635e-05,3.262653752338131,-0.01186586001235709
2.34860634920635e-05,3.247862982345916,-0.02300538844537085
2.349606349206349e-05,3.366189142283631,0.01783954914234628
2.35060634920635e-05,3.273746829832291,-0.04157126916706046
2.35160634920635e-05,3.270049137334238,-0.0007263315793433261
2.35260634920635e-05,3.321816832306988,-0.01557903615669501
2.353606349206349e-05,3.295932984820613,-0.004439507723681247
2.35460634920635e-05,3.292235292322559,0.006700020709332516
2.35560634920635e-05,3.299630677318667,-0.0007263315793433261
2.35660634920635e-05,3.281142214828399,-0.01557903615669501
2.357606349206349e-05,3.307026062314773,-0.0007263315793433261
2.35860634920635e-05,3.307026062314773,0.0215527252866842
2.35960634920635e-05,3.292235292322559,-0.01557903615669501
2.36060634920635e-05,3.288537599824505,0.002986844564994595
2.361606349206349e-05,3.30332836981672,-0.004439507723681247
2.36260634920635e-05,3.277444522330345,-0.01557903615669501
2.36360634920635e-05,3.295932984820613,0.01041319685367044
2.36460634920635e-05,3.295932984820613,-0.004439507723681247
2.36560634920635e-05,3.30332836981672,0.01041319685367044
2.366606349206349e-05,3.284839907326452,-0.01186586001235709
2.36760634920635e-05,3.033396817458808,-0.05642397374441215
2.36860634920635e-05,-0.2612471983069348,-0.1344006727755085
2.36960634920635e-05,-0.952715695442955,0.08838989588476678
2.370606349206349e-05,0.763013623653908,-0.07498985446610175
2.37160634920635e-05,0.05305666402761988,-0.0489976214557363
2.37260634920635e-05,-0.4757133631940426,0.05497131058572549
2.37360634920635e-05,0.3192905238874779,-0.01929221230103293
2.374606349206349e-05,0.02717281654124479,-0.0007263315793433261
2.37560634920635e-05,0.1418012839809059,0.07725036745175302
2.37660634920635e-05,3.673097619622078,0.125521657328146
2.37760634920635e-05,4.264728419310652,-0.1009820874764672
2.378606349206349e-05,2.408486785287753,0.08096354359609094
2.37960634920635e-05,3.270049137334238,-0.0007263315793433261
2.38060634920635e-05,3.824703012042275,-0.02671856458970878
2.38160634920635e-05,2.907675272524986,0.01412637299800836
2.38260634920635e-05,3.299630677318667,-0.01557903615669501
2.383606349206349e-05,3.480817609723292,-0.0304317407340467
2.38460634920635e-05,3.192397594875112,0.006700020709332516
2.38560634920635e-05,3.258956059840077,-0.0304317407340467
2.38660634920635e-05,3.392072989770006,-0.01557903615669501
2.387606349206349e-05,3.273746829832291,-0.004439507723681247
2.38860634920635e-05,3.255258367342023,-0.0304317407340467
2.38960634920635e-05,3.362491449785577,0.01041319685367044
2.39060634920635e-05,3.288537599824505,-0.01557903615669501
2.391606349206349e-05,3.299630677318667,-0.004439507723681247
2.39260634920635e-05,3.329212217303095,-0.01186586001235709
2.39360634920635e-05,3.30332836981672,-0.004439507723681247
2.39460634920635e-05,3.307026062314773,-0.01186586001235709
2.395606349206349e-05,3.325514524805041,-0.01186586001235709
2.39660634920635e-05,3.30332836981672,0.006700020709332516
2.39760634920635e-05,3.299630677318667,-0.01929221230103293
2.39860634920635e-05,3.314421447310881,-0.008152683868019168
2.39960634920635e-05,3.318119139808934,-0.008152683868019168
2.400606349206349e-05,3.299630677318667,0.01041319685367044
2.40160634920635e-05,3.299630677318667,-0.008152683868019168
2.40260634920635e-05,3.329212217303095,0.006700020709332516
2.40360634920635e-05,3.292235292322559,0.002986844564994595
2.404606349206349e-05,3.307026062314773,-0.01929221230103293
2.40560634920635e-05,3.318119139808934,0.002986844564994595
2.40660634920635e-05,3.307026062314773,-0.01186586001235709
2.40760634920635e-05,3.022303739964648,-0.04528444531139838
2.408606349206349e-05,-0.2649448908049883,-0.1344006727755085
2.40960634920635e-05,-0.9268318479565798,0.1032426004621185
2.41060634920635e-05,0.763013623653908,-0.08241620675477759
2.41160634920635e-05,0.06045204902372704,-0.0304317407340467
2.412606349206349e-05,-0.4572249007037747,0.05497131058572549
2.41360634920635e-05,0.3192905238874779,-0.02671856458970878
2.41460634920635e-05,0.01238204654903046,0.006700020709332516
2.41560634920635e-05,-0.1318279608750593,0.0215527252866842
2.41660634920635e-05,0.07524281901594138,-0.0304317407340467
2.41760634920635e-05,0.04196358653345913,0.01412637299800836
2.41860634920635e-05,-0.06896718840814839,0.002986844564994595
2.41960634920635e-05,0.03087050903929837,-0.01929221230103293
2.42060634920635e-05,0.05675435652567346,0.01041319685367044
2.421606349206349e-05,-0.03568795592566613,-0.01557903615669501
2.42260634920635e-05,0.004986661552923288,-0.0007263315793433261
2.42360634920635e-05,0.01977743154513762,-0.004439507723681247
2.42460634920635e-05,-0.01719949343539821,-0.01186586001235709
2.425606349206349e-05,0.01977743154513762,0.002986844564994595
2.42660634920635e-05,0.01238204654903046,-0.01929221230103293
2.42760634920635e-05,-0.00240872344318388,-0.01557903615669501
2.42860634920635e-05,0.001288969054869704,0.006700020709332516
2.429606349206349e-05,0.01977743154513762,-0.01557903615669501
2.43060634920635e-05,-0.00240872344318388,-0.01186586001235709
2.43160634920635e-05,-0.006106415941237463,-0.004439507723681247
2.43260634920635e-05,0.02717281654124479,-0.04528444531139838
2.43360634920635e-05,0.004986661552923288,-0.0007263315793433261
2.43460634920635e-05,0.001288969054869704,-0.0007263315793433261
2.43560634920635e-05,0.008684354050976872,-0.004439507723681247
2.43660634920635e-05,-0.01350180093734463,-0.004439507723681247
2.43760634920635e-05,0.004986661552923288,-0.01186586001235709
2.438606349206349e-05,-0.009804108439291047,-0.004439507723681247
2.43960634920635e-05,0.2934066764011029,0.04011860600837381
2.44060634920635e-05,3.625027617147382,0.1329480096168218
2.44160634920635e-05,4.205565339341795,-0.108408439765143
2.442606349206349e-05,2.471347557754664,0.0735371913074151
2.44360634920635e-05,3.273746829832291,0.002986844564994595
2.44460634920635e-05,3.750749162081203,-0.04157126916706046
2.44560634920635e-05,2.933559120011362,0.03640542986403589
2.446606349206349e-05,3.262653752338131,0.002986844564994595
2.44760634920635e-05,3.162816054890684,-0.0489976214557363
2.44860634920635e-05,-0.3684802807504887,-0.1306874966311706
2.44960634920635e-05,-1.004483390415705,0.08838989588476678
2.450606349206349e-05,0.8110836261286045,-0.08984255904345344
2.45160634920635e-05,0.01977743154513762,-0.01929221230103293
2.45260634920635e-05,-0.5459695206570607,0.02897907757536004
2.45360634920635e-05,0.3414766788757994,-0.004439507723681247
2.45460634920635e-05,-0.0208971859334518,0.01041319685367044
2.455606349206349e-05,-0.1762002708517023,0.0215527252866842
2.45660634920635e-05,0.07894051151399496,-0.008152683868019168
2.45760634920635e-05,0.04196358653345913,0.03269225371969797
2.45860634920635e-05,-0.07636257340425556,0.002986844564994595
2.459606349206349e-05,-0.006106415941237463,0.01412637299800836
2.46060634920635e-05,0.01607973904708404,0.01783954914234628
2.46160634920635e-05,-0.05787411091398764,-0.008152683868019168
2.46260634920635e-05,0.001288969054869704,0.006700020709332516
2.463606349206349e-05,-0.006106415941237463,0.006700020709332516
2.46460634920635e-05,-0.05047872591788047,-0.004439507723681247
2.46560634920635e-05,-0.02459487843150538,-0.004439507723681247
2.46660634920635e-05,-0.01350180093734463,0.006700020709332516
2.467606349206349e-05,-0.03938564842371972,0.002986844564994595
2.46860634920635e-05,-0.02829257092955897,0.01041319685367044
2.46960634920635e-05,-0.006106415941237463,0.006700020709332516
2.47060634920635e-05,-0.03199026342761255,0.01783954914234628
2.47160634920635e-05,-0.03568795592566613,-0.0007263315793433261
2.472606349206349e-05,-0.01719949343539821,-0.02300538844537085
2.47360634920635e-05,-0.02829257092955897,-0.0007263315793433261
2.47460634920635e-05,-0.02829257092955897,0.002986844564994595
2.47560634920635e-05,-0.02459487843150538,-0.0007263315793433261
2.476606349206349e-05,-0.02459487843150538,0.006700020709332516
2.47760634920635e-05,-0.03199026342761255,-0.01557903615669501
2.47860634920635e-05,-0.03568795592566613,0.006700020709332516
2.47960634920635e-05,-0.03199026342761255,0.006700020709332516
2.480606349206349e-05,-0.03199026342761255,0.01041319685367044
2.48160634920635e-05,-0.02829257092955897,-0.0007263315793433261
2.48260634920635e-05,-0.0430833409217733,-0.0007263315793433261
2.48360634920635e-05,-0.03938564842371972,-0.004439507723681247
2.484606349206349e-05,-0.03199026342761255,0.002986844564994595
2.48560634920635e-05,-0.03568795592566613,0.002986844564994595
2.48660634920635e-05,-0.02459487843150538,0.02526590143102212
2.48760634920635e-05,0.2675228289147277,0.04011860600837381
2.48860634920635e-05,3.599143769661007,0.1440875380498356
2.489606349206349e-05,4.175983799357367,-0.112121615909481
2.49060634920635e-05,2.445463710268288,0.08096354359609094
2.49160634920635e-05,3.233072212353702,0.02526590143102212
2.49260634920635e-05,3.728563007092882,-0.04528444531139838
2.493606349206349e-05,2.926163735015254,0.04383178215271173
2.49460634920635e-05,3.233072212353702,-0.01557903615669501
2.49560634920635e-05,3.421654529754435,-0.0304317407340467
2.49660634920635e-05,3.173909132384845,0.02526590143102212
2.497606349206349e-05,3.21088605736538,-0.02300538844537085
2.49860634920635e-05,3.340305294797256,-0.004439507723681247
2.49960634920635e-05,3.247862982345916,-0.01186586001235709
2.50060634920635e-05,3.218281442361488,-0.0304317407340467
2.501606349206349e-05,3.321816832306988,0.01412637299800836
2.50260634920635e-05,3.247862982345916,-0.02300538844537085
2.50360634920635e-05,3.247862982345916,-0.0007263315793433261
2.50460634920635e-05,3.277444522330345,-0.004439507723681247
2.50560634920635e-05,3.258956059840077,-0.01929221230103293
2.50660634920635e-05,3.270049137334238,-0.004439507723681247
2.50760634920635e-05,3.277444522330345,-0.008152683868019168
2.50860634920635e-05,3.266351444836184,0.006700020709332516
2.50960634920635e-05,3.277444522330345,-0.008152683868019168
2.510606349206349e-05,3.277444522330345,-0.0007263315793433261
2.51160634920635e-05,3.295932984820613,-0.004439507723681247
2.51260634920635e-05,3.270049137334238,0.002986844564994595
2.51360634920635e-05,3.292235292322559,0.006700020709332516
2.514606349206349e-05,3.284839907326452,-0.004439507723681247
2.51560634920635e-05,3.277444522330345,0.002986844564994595
2.51660634920635e-05,3.295932984820613,-0.01929221230103293
2.51760634920635e-05,3.295932984820613,-0.01186586001235709
2.518606349206349e-05,3.270049137334238,0.006700020709332516
2.51960634920635e-05,3.295932984820613,-0.008152683868019168
2.52060634920635e-05,3.307026062314773,-0.01186586001235709
2.52160634920635e-05,3.292235292322559,-0.008152683868019168
2.52260634920635e-05,3.314421447310881,-0.01186586001235709
2.52360634920635e-05,3.292235292322559,-0.004439507723681247
2.52460634920635e-05,3.299630677318667,-0.008152683868019168
2.52560634920635e-05,3.307026062314773,-0.0007263315793433261
2.52660634920635e-05,3.30332836981672,-0.008152683868019168
2.527606349206349e-05,3.01490835496854,-0.0489976214557363
2.52860634920635e-05,-0.2871310457933098,-0.1492533773528602
2.52960634920635e-05,-0.9157387704624191,0.1106689527507943
2.53060634920635e-05,0.7667113161519615,-0.08612938289911551
2.531606349206349e-05,0.04196358653345913,-0.03414491687838462
2.53260634920635e-05,-0.4609225932018283,0.05125813444138757
2.53360634920635e-05,0.3192905238874779,-0.02671856458970878
2.53460634920635e-05,0.01607973904708404,-0.0007263315793433261
2.535606349206349e-05,0.1528943614750666,0.05497131058572549
2.53660634920635e-05,3.702679159606507,0.125521657328146
2.53760634920635e-05,4.253635341816492,-0.08612938289911551
2.53860634920635e-05,2.412184477785806,0.05497131058572549
2.53960634920635e-05,3.262653752338131,-0.01186586001235709
2.54060634920635e-05,3.7988191645559,-0.04157126916706046
2.54160634920635e-05,2.90027988752888,0.01041319685367044
2.54260634920635e-05,3.281142214828399,-0.008152683868019168
2.54360634920635e-05,3.466026839731078,-0.01929221230103293
2.544606349206349e-05,3.185002209879005,0.002986844564994595
2.54560634920635e-05,3.233072212353702,-0.01186586001235709
2.54660634920635e-05,3.358793757287524,0.002986844564994595
2.54760634920635e-05,3.266351444836184,-0.01186586001235709
2.548606349206349e-05,3.236769904851756,-0.01186586001235709
2.54960634920635e-05,3.336607602299202,0.0215527252866842
2.55060634920635e-05,3.277444522330345,-0.01929221230103293
2.55160634920635e-05,2.974233737489951,-0.04157126916706046
2.552606349206349e-05,-0.2871310457933098,-0.156679729641536
2.55360634920635e-05,-0.9490180029449014,0.09581624817344263
2.55460634920635e-05,0.7297343911714257,-0.07870303061043968
2.55560634920635e-05,0.05675435652567346,-0.02671856458970878
2.556606349206349e-05,-0.4868064406882034,0.03269225371969797
2.55760634920635e-05,0.2971043688991564,-0.01929221230103293
2.55860634920635e-05,-0.006106415941237463,0.01783954914234628
2.55960634920635e-05,-0.1503164233653272,0.01412637299800836
2.56060634920635e-05,0.05675435652567346,-0.0007263315793433261
2.561606349206349e-05,0.03456820153735196,0.03269225371969797
2.56260634920635e-05,-0.07266488090620198,-0.004439507723681247
2.56360634920635e-05,-0.006106415941237463,-0.0007263315793433261
2.56460634920635e-05,0.03087050903929837,-0.004439507723681247
2.565606349206349e-05,-0.03938564842371972,-0.004439507723681247
2.56660634920635e-05,0.001288969054869704,0.01783954914234628
2.56760634920635e-05,0.30080206139721,0.04754495829704965
2.56860634920635e-05,3.632423002143489,0.1366611857611598
2.569606349206349e-05,4.209263031839848,-0.09355573518779135
2.57060634920635e-05,2.486138327746878,0.06982401516307718
2.57160634920635e-05,3.273746829832291,0.01412637299800836
2.57260634920635e-05,3.784028394563686,-0.04528444531139838
2.573606349206349e-05,2.948349890003576,0.0215527252866842
2.57460634920635e-05,3.270049137334238,-0.008152683868019168
2.57560634920635e-05,3.458631454734971,-0.01557903615669501
2.57660634920635e-05,3.203490672369273,0.01041319685367044
2.57760634920635e-05,3.236769904851756,-0.01557903615669501
2.578606349206349e-05,3.373584527279738,-0.004439507723681247
2.57960634920635e-05,3.288537599824505,0.006700020709332516
2.58060634920635e-05,3.244165289847863,-0.01186586001235709
2.58160634920635e-05,3.344002987295309,0.01041319685367044
2.582606349206349e-05,3.281142214828399,-0.004439507723681247
2.58360634920635e-05,3.273746829832291,0.006700020709332516
2.58460634920635e-05,3.307026062314773,0.0215527252866842
2.58560634920635e-05,3.281142214828399,0.002986844564994595
2.586606349206349e-05,3.292235292322559,-0.0007263315793433261
2.58760634920635e-05,3.307026062314773,0.002986844564994595
2.58860634920635e-05,3.288537599824505,0.006700020709332516
2.58960634920635e-05,3.288537599824505,0.002986844564994595
2.590606349206349e-05,3.307026062314773,-0.0007263315793433261
2.59160634920635e-05,3.029699124960755,-0.03785809302272254
2.59260634920635e-05,-0.3019218157855242,-0.1232611443424947
2.59360634920635e-05,-0.9120410779643655,0.1106689527507943
2.59460634920635e-05,0.7851997786422295,-0.07498985446610175
2.595606349206349e-05,0.03826589403540554,-0.008152683868019168
2.59660634920635e-05,-0.4535272082057211,0.06239766287440134
2.59760634920635e-05,0.3303836013816387,-0.0007263315793433261
2.59860634920635e-05,0.004986661552923288,0.02526590143102212
2.599606349206349e-05,-0.1281302683770057,0.04383178215271173
2.60060634920635e-05,0.06414974152178063,0.002986844564994595
2.60160634920635e-05,0.04566127903151271,0.05497131058572549
2.60260634920635e-05,-0.0652694959100948,0.0215527252866842
2.603606349206349e-05,0.004986661552923288,0.006700020709332516
2.60460634920635e-05,0.05305666402761988,0.03640542986403589
2.60560634920635e-05,-0.03199026342761255,0.006700020709332516
2.60660634920635e-05,0.03087050903929837,0.02526590143102212
2.607606349206349e-05,0.008684354050976872,0.01041319685367044
2.60860634920635e-05,-0.00240872344318388,0.01041319685367044
2.60960634920635e-05,0.004986661552923288,0.02897907757536004
2.61060634920635e-05,0.01607973904708404,0.01783954914234628
2.61160634920635e-05,0.001288969054869704,0.01412637299800836
2.61260634920635e-05,0.01977743154513762,0.01412637299800836
2.61360634920635e-05,-0.006106415941237463,0.002986844564994595
2.61460634920635e-05,-0.006106415941237463,0.006700020709332516
2.61560634920635e-05,0.008684354050976872,-0.0007263315793433261
2.616606349206349e-05,0.008684354050976872,-0.01557903615669501
2.61760634920635e-05,0.004986661552923288,0.01783954914234628
2.61860634920635e-05,0.001288969054869704,-0.01186586001235709
2.61960634920635e-05,0.01238204654903046,0.002986844564994595
2.620606349206349e-05,-0.00240872344318388,0.002986844564994595
2.62160634920635e-05,-0.006106415941237463,-0.004439507723681247
2.62260634920635e-05,0.004986661552923288,0.006700020709332516
2.62360634920635e-05,0.30080206139721,0.06239766287440134
2.624606349206349e-05,3.639818387139596,0.1478007141941735
2.62560634920635e-05,4.194472261847634,-0.112121615909481
2.62660634920635e-05,2.471347557754664,0.08096354359609094
2.62760634920635e-05,3.281142214828399,0.01783954914234628
2.62860634920635e-05,3.758144547077311,-0.05271079760007422
2.62960634920635e-05,2.959442967497737,0.02526590143102212
2.63060634920635e-05,3.273746829832291,-0.0007263315793433261
2.63160634920635e-05,3.170211439886791,-0.05271079760007422
2.63260634920635e-05,-0.3536895107582744,-0.1158347920538189
2.633606349206349e-05,-1.000785697917651,0.08838989588476678
2.63460634920635e-05,0.8258743961208189,-0.07870303061043968
2.63560634920635e-05,0.02717281654124479,-0.01929221230103293
2.63660634920635e-05,-0.5052949031784713,0.01041319685367044
2.637606349206349e-05,0.3525697563699602,-0.01557903615669501
2.63860634920635e-05,-0.00240872344318388,-0.008152683868019168
2.63960634920635e-05,0.1565920539731202,0.0735371913074151
2.64060634920635e-05,3.717469929598721,0.1292348334724839
2.641606349206349e-05,4.246239956820384,-0.1009820874764672
2.64260634920635e-05,2.412184477785806,0.06611083901873925
2.64360634920635e-05,3.281142214828399,0.02526590143102212
2.64460634920635e-05,3.806214549552007,-0.04528444531139838
2.64560634920635e-05,2.90027988752888,0.01041319685367044
2.64660634920635e-05,3.288537599824505,-0.0007263315793433261
2.64760634920635e-05,3.19979297987122,-0.07870303061043968
2.64860634920635e-05,-0.3869687432407566,-0.1306874966311706
2.64960634920635e-05,-0.9822972354273836,0.06611083901873925
2.650606349206349e-05,0.8332697811169261,-0.07498985446610175
2.65160634920635e-05,-0.00240872344318388,-0.04528444531139838
2.65260634920635e-05,-0.5274810581667928,0.01783954914234628
2.65360634920635e-05,0.3599651413660673,-0.02671856458970878
2.654606349206349e-05,-0.01350180093734463,-0.01929221230103293
2.65560634920635e-05,0.1418012839809059,0.06239766287440134
2.65660634920635e-05,3.735958392088989,0.1032426004621185
2.65760634920635e-05,4.224053801832063,-0.08984255904345344
2.658606349206349e-05,2.397393707793592,0.06611083901873925
2.65960634920635e-05,3.284839907326452,0.002986844564994595
2.66060634920635e-05,3.802516857053954,-0.04528444531139838
2.66160634920635e-05,2.915070657521094,0.006700020709332516
2.662606349206349e-05,3.281142214828399,-0.01186586001235709
2.66360634920635e-05,3.196095287373166,-0.08612938289911551
2.66460634920635e-05,-0.4091548982290781,-0.1232611443424947
2.66560634920635e-05,-0.9712041579332229,0.08096354359609094
2.66660634920635e-05,0.8406651661130332,-0.07498985446610175
2.667606349206349e-05,0.008684354050976872,-0.03785809302272254
2.66860634920635e-05,-0.516387980672632,0.01783954914234628
2.66960634920635e-05,0.3525697563699602,-0.004439507723681247
2.67060634920635e-05,-0.01350180093734463,-0.01186586001235709
2.671606349206349e-05,-0.1688048858555952,0.02897907757536004
2.67260634920635e-05,0.07894051151399496,-0.01929221230103293
2.67360634920635e-05,0.02717281654124479,0.01041319685367044
2.67460634920635e-05,-0.08375795840036272,-0.01186586001235709
2.675606349206349e-05,0.01238204654903046,-0.004439507723681247
2.67660634920635e-05,0.008684354050976872,0.0215527252866842
2.67760634920635e-05,-0.05417641841593406,-0.0304317407340467
2.67860634920635e-05,-0.009804108439291047,0.01041319685367044
2.679606349206349e-05,0.3192905238874779,0.03269225371969797
2.68060634920635e-05,3.621329924649328,0.1366611857611598
2.68160634920635e-05,4.201867646843741,-0.1046952636208051
2.68260634920635e-05,2.475045250252717,0.05868448673006341
2.68360634920635e-05,3.240467597349809,0.01412637299800836
2.684606349206349e-05,3.772935317069525,-0.06385032603308799
2.68560634920635e-05,2.926163735015254,0.04011860600837381
2.68660634920635e-05,3.258956059840077,-0.01929221230103293
2.68760634920635e-05,3.421654529754435,-0.01186586001235709
2.688606349206349e-05,3.19979297987122,0.01412637299800836
2.68960634920635e-05,3.225676827357595,-0.03414491687838462
2.69060634920635e-05,3.35509606478947,-0.01557903615669501
2.69160634920635e-05,3.270049137334238,-0.004439507723681247
2.692606349206349e-05,3.221979134859541,-0.01929221230103293
2.69360634920635e-05,3.344002987295309,0.02526590143102212
2.69460634920635e-05,3.262653752338131,-0.01186586001235709
2.69560634920635e-05,3.25156067484397,-0.004439507723681247
2.696606349206349e-05,3.30332836981672,0.01412637299800836
2.69760634920635e-05,3.258956059840077,-0.01186586001235709
2.69860634920635e-05,3.281142214828399,-0.004439507723681247
2.69960634920635e-05,3.295932984820613,0.01783954914234628
2.70060634920635e-05,3.284839907326452,-0.008152683868019168
2.701606349206349e-05,3.284839907326452,-0.008152683868019168
2.70260634920635e-05,3.288537599824505,-0.0007263315793433261
2.70360634920635e-05,2.996419892478273,-0.06385032603308799
2.70460634920635e-05,-0.3130148932796849,-0.1418270250641843
2.705606349206349e-05,-0.9416226179487942,0.09952942431778054
2.70660634920635e-05,0.7519205461597472,-0.08612938289911551
2.70760634920635e-05,0.0493589715295663,-0.03414491687838462
2.70860634920635e-05,-0.4794110556920962,0.03269225371969797
2.709606349206349e-05,0.3081974463933171,-0.02671856458970878
2.71060634920635e-05,0.008684354050976872,0.002986844564994595
2.71160634920635e-05,-0.1503164233653272,0.01412637299800836
2.71260634920635e-05,0.06784743401983422,-0.03414491687838462
2.713606349206349e-05,0.03826589403540554,0.01783954914234628
2.71460634920635e-05,-0.07266488090620198,0.01041319685367044
2.71560634920635e-05,0.01977743154513762,-0.0007263315793433261
2.71660634920635e-05,0.04196358653345913,0.01783954914234628
2.71760634920635e-05,-0.0652694959100948,-0.01557903615669501
2.71860634920635e-05,0.008684354050976872,0.01783954914234628
2.71960634920635e-05,0.008684354050976872,0.002986844564994595
2.72060634920635e-05,-0.03568795592566613,0.006700020709332516
2.72160634920635e-05,-0.006106415941237463,0.01412637299800836
2.722606349206349e-05,-0.006106415941237463,-0.0007263315793433261
2.72360634920635e-05,-0.03199026342761255,-0.0007263315793433261
2.72460634920635e-05,-0.006106415941237463,0.002986844564994595
2.72560634920635e-05,-0.01350180093734463,0.006700020709332516
2.726606349206349e-05,0.001288969054869704,-0.004439507723681247
2.72760634920635e-05,-0.01350180093734463,-0.0007263315793433261
2.72860634920635e-05,-0.01350180093734463,-0.0007263315793433261
2.72960634920635e-05,-0.01719949343539821,0.006700020709332516
2.730606349206349e-05,-0.0208971859334518,0.01412637299800836
2.73160634920635e-05,-0.01719949343539821,0.002986844564994595
2.73260634920635e-05,-0.01719949343539821,0.01041319685367044
2.73360634920635e-05,-0.0208971859334518,0.002986844564994595
2.73460634920635e-05,-0.02829257092955897,0.006700020709332516
2.73560634920635e-05,-0.009804108439291047,-0.004439507723681247
2.73660634920635e-05,-0.03199026342761255,0.002986844564994595
2.73760634920635e-05,-0.01719949343539821,0.002986844564994595
2.73860634920635e-05,-0.03568795592566613,0.01041319685367044
2.739606349206349e-05,-0.0430833409217733,0.01783954914234628
2.74060634920635e-05,-0.01719949343539821,-0.01186586001235709
2.74160634920635e-05,-0.03568795592566613,0.01041319685367044
2.74260634920635e-05,-0.02459487843150538,0.01783954914234628
2.743606349206349e-05,-0.0208971859334518,0.002986844564994595
2.74460634920635e-05,-0.02829257092955897,0.0215527252866842
2.74560634920635e-05,-0.02829257092955897,0.002986844564994595
2.74660634920635e-05,-0.02829257092955897,-0.01929221230103293
2.74760634920635e-05,-0.03199026342761255,-0.0007263315793433261
2.74860634920635e-05,-0.04678103341982689,0.01041319685367044
2.74960634920635e-05,-0.02459487843150538,0.002986844564994595
2.75060634920635e-05,-0.04678103341982689,-0.004439507723681247
2.75160634920635e-05,0.2601274439186206,0.05868448673006341
2.75260634920635e-05,3.628725309645435,0.1515138903385115
2.75360634920635e-05,4.168588414361259,-0.1009820874764672
2.754606349206349e-05,2.441766017770235,0.07725036745175302
2.75560634920635e-05,3.233072212353702,0.03269225371969797
2.756606349206349e-05,3.735958392088989,-0.03785809302272254
2.75760634920635e-05,2.896582195030826,0.0215527252866842
2.75860634920635e-05,3.236769904851756,0.006700020709332516
2.75960634920635e-05,3.133234514906255,-0.0675635021774259
2.760606349206349e-05,-0.3869687432407566,-0.1232611443424947
2.76160634920635e-05,-1.03036723790208,0.07725036745175302
2.76260634920635e-05,0.7925951636383366,-0.06013714988875006
2.76360634920635e-05,-0.01719949343539821,-0.02671856458970878
2.764606349206349e-05,-0.5496672131551142,0.02526590143102212
2.76560634920635e-05,0.3229882163855315,-0.01186586001235709
2.76660634920635e-05,-0.02829257092955897,0.006700020709332516
2.76760634920635e-05,-0.2094795033341846,0.02526590143102212
2.76860634920635e-05,0.06414974152178063,0.01041319685367044
2.76960634920635e-05,0.02347512404319121,0.01041319685367044
2.77060634920635e-05,-0.1096418058867378,0.01041319685367044
2.77160634920635e-05,-0.01719949343539821,-0.01557903615669501
2.77260634920635e-05,0.001288969054869704,0.01783954914234628
2.773606349206349e-05,-0.08375795840036272,-0.0007263315793433261
2.77460634920635e-05,-0.0208971859334518,0.006700020709332516
2.77560634920635e-05,-0.01719949343539821,-0.01186586001235709
2.77660634920635e-05,-0.05047872591788047,0.01783954914234628
2.777606349206349e-05,-0.0208971859334518,-0.004439507723681247
2.77860634920635e-05,-0.03568795592566613,-0.004439507723681247
2.77960634920635e-05,-0.03199026342761255,-0.008152683868019168
2.78060634920635e-05,-0.03938564842371972,-0.0007263315793433261
2.781606349206349e-05,-0.02829257092955897,-0.01929221230103293
2.78260634920635e-05,-0.05787411091398764,-0.01929221230103293
2.78360634920635e-05,0.2712205214127813,0.05125813444138757
2.78460634920635e-05,3.625027617147382,0.1292348334724839
2.78560634920635e-05,4.172286106859312,-0.108408439765143
2.78660634920635e-05,2.42697524777802,0.05497131058572549
2.78760634920635e-05,3.258956059840077,0.01412637299800836
2.78860634920635e-05,3.732260699590936,-0.06385032603308799
2.78960634920635e-05,2.926163735015254,0.0215527252866842
2.790606349206349e-05,3.233072212353702,-0.04157126916706046
2.79160634920635e-05,3.148025284898469,-0.08241620675477759
2.79260634920635e-05,-0.3980618207349174,-0.1678192580745498
2.79360634920635e-05,-1.026669545404026,0.06982401516307718
2.794606349206349e-05,0.7888974711402831,-0.09355573518779135
2.79560634920635e-05,-0.006106415941237463,-0.0489976214557363
2.79660634920635e-05,-0.560760290649275,0.006700020709332516
2.79760634920635e-05,0.3118951388913708,-0.004439507723681247
2.798606349206349e-05,-0.03938564842371972,-0.02671856458970878
2.79960634920635e-05,0.1085220514984236,0.07725036745175302
2.80060634920635e-05,3.691586082112346,0.1180953050394702
2.80160634920635e-05,4.216658416835956,-0.09726891133212928
2.80260634920635e-05,2.371509860307217,0.06611083901873925
2.80360634920635e-05,3.258956059840077,0.01412637299800836
2.80460634920635e-05,3.769237624571471,-0.03785809302272254
2.80560634920635e-05,2.878093732540558,0.006700020709332516
2.80660634920635e-05,3.258956059840077,-0.008152683868019168
2.807606349206349e-05,3.432747607248595,-0.02671856458970878
2.80860634920635e-05,3.155420669894577,0.01783954914234628
2.80960634920635e-05,3.221979134859541,-0.02671856458970878
2.81060634920635e-05,3.35509606478947,-0.01557903615669501
2.811606349206349e-05,3.240467597349809,0.01412637299800836
2.81260634920635e-05,3.225676827357595,-0.02300538844537085
2.81360634920635e-05,3.307026062314773,0.01041319685367044
2.81460634920635e-05,3.255258367342023,-0.02671856458970878
2.815606349206349e-05,3.25156067484397,-0.0007263315793433261
2.81660634920635e-05,3.310723754812827,0.006700020709332516
2.81760634920635e-05,3.255258367342023,-0.0007263315793433261
2.81860634920635e-05,3.277444522330345,-0.004439507723681247
2.81960634920635e-05,3.288537599824505,0.006700020709332516
2.82060634920635e-05,3.277444522330345,0.01783954914234628
2.82160634920635e-05,3.281142214828399,0.002986844564994595
2.82260634920635e-05,3.270049137334238,0.01412637299800836
2.82360634920635e-05,3.281142214828399,-0.004439507723681247
2.82460634920635e-05,3.273746829832291,0.02526590143102212
2.82560634920635e-05,3.288537599824505,0.01041319685367044
2.826606349206349e-05,3.277444522330345,0.006700020709332516
2.82760634920635e-05,3.281142214828399,0.002986844564994595
2.828606349206349e-05,3.30332836981672,0.002986844564994595
2.82960634920635e-05,3.270049137334238,0.01041319685367044
2.83060634920635e-05,3.292235292322559,-0.0007263315793433261
2.83160634920635e-05,3.007512969972433,-0.03785809302272254
2.832606349206349e-05,-0.2982241232874706,-0.1344006727755085
2.83360634920635e-05,-0.9379249254507406,0.1106689527507943
2.83460634920635e-05,0.7667113161519615,-0.06385032603308799
2.83560634920635e-05,0.03456820153735196,-0.01557903615669501
2.83660634920635e-05,-0.4646202856998818,0.04754495829704965
2.83760634920635e-05,0.3081974463933171,-0.004439507723681247
2.83860634920635e-05,0.01977743154513762,0.02526590143102212
2.83960634920635e-05,-0.1466187308672736,0.03640542986403589
2.84060634920635e-05,0.06784743401983422,-0.0007263315793433261
2.84160634920635e-05,0.05305666402761988,0.03269225371969797
2.84260634920635e-05,-0.06896718840814839,0.02526590143102212
2.843606349206349e-05,0.01607973904708404,0.002986844564994595
2.84460634920635e-05,0.02347512404319121,0.02897907757536004
2.845606349206349e-05,-0.06157180341204122,-0.01186586001235709
2.84660634920635e-05,0.004986661552923288,0.01041319685367044
2.84760634920635e-05,0.3192905238874779,0.06239766287440134
2.84860634920635e-05,3.617632232151275,0.1292348334724839
2.849606349206349e-05,4.205565339341795,-0.1046952636208051
2.85060634920635e-05,2.493533712742985,0.08096354359609094
2.85160634920635e-05,3.244165289847863,0.01412637299800836
2.85260634920635e-05,3.787726087061739,-0.04157126916706046
2.85360634920635e-05,2.955745274999683,0.02526590143102212
2.85460634920635e-05,3.277444522330345,-0.01186586001235709
2.85560634920635e-05,3.432747607248595,-0.02300538844537085
2.85660634920635e-05,3.221979134859541,0.01783954914234628
2.85760634920635e-05,3.244165289847863,-0.01186586001235709
2.85860634920635e-05,3.373584527279738,0.002986844564994595
2.85960634920635e-05,3.288537599824505,0.002986844564994595
2.860606349206349e-05,3.236769904851756,-0.02671856458970878
2.86160634920635e-05,3.351398372291416,0.01041319685367044
2.862606349206349e-05,3.284839907326452,-0.0007263315793433261
2.86360634920635e-05,3.00381527747438,-0.05271079760007422
2.86460634920635e-05,-0.2686425833030419,-0.1418270250641843
2.86560634920635e-05,-0.9342272329526871,0.08467671974042887
2.866606349206349e-05,0.7519205461597472,-0.08984255904345344
2.86760634920635e-05,0.06045204902372704,-0.04157126916706046
2.86860634920635e-05,-0.4535272082057211,0.03269225371969797
2.86960634920635e-05,0.3192905238874779,-0.04157126916706046
2.870606349206349e-05,0.02717281654124479,0.006700020709332516
2.87160634920635e-05,-0.1503164233653272,0.0215527252866842
2.87260634920635e-05,0.07894051151399496,-0.01929221230103293
2.87360634920635e-05,0.03826589403540554,-0.0007263315793433261
2.87460634920635e-05,-0.05787411091398764,0.006700020709332516
2.87560634920635e-05,0.008684354050976872,-0.004439507723681247
2.87660634920635e-05,0.04566127903151271,0.01412637299800836
2.87760634920635e-05,-0.0430833409217733,-0.01186586001235709
2.87860634920635e-05,0.008684354050976872,0.002986844564994595
2.879606349206349e-05,0.3192905238874779,0.05125813444138757
2.88060634920635e-05,3.621329924649328,0.1218084811838081
2.88160634920635e-05,4.216658416835956,-0.1009820874764672
2.88260634920635e-05,2.471347557754664,0.05868448673006341
2.883606349206349e-05,3.255258367342023,0.006700020709332516
2.88460634920635e-05,3.769237624571471,-0.03414491687838462
2.88560634920635e-05,2.952047582501629,0.0215527252866842
2.88660634920635e-05,3.270049137334238,-0.004439507723681247
2.887606349206349e-05,3.177606824882898,-0.0675635021774259
2.88860634920635e-05,-0.3610848957543815,-0.1381138489198464
2.88960634920635e-05,-0.9896926204234908,0.08467671974042887
2.89060634920635e-05,0.8295720886188724,-0.08984255904345344
2.89160634920635e-05,0.02717281654124479,-0.03414491687838462
2.89260634920635e-05,-0.5089925956765249,0.02897907757536004
2.89360634920635e-05,0.345174371373853,-0.008152683868019168
2.89460634920635e-05,-0.01350180093734463,-0.004439507723681247
2.89560634920635e-05,-0.1651071933575416,0.0215527252866842
2.896606349206349e-05,0.09003358900815572,-0.03414491687838462
2.89760634920635e-05,0.04196358653345913,0.01783954914234628
2.89860634920635e-05,-0.08375795840036272,-0.0007263315793433261
2.89960634920635e-05,0.01238204654903046,-0.004439507723681247
2.900606349206349e-05,0.02717281654124479,0.01412637299800836
2.90160634920635e-05,-0.0652694959100948,-0.004439507723681247
2.90260634920635e-05,0.008684354050976872,0.002986844564994595
2.90360634920635e-05,0.3155928313894243,0.04754495829704965
2.904606349206349e-05,3.60284146215906,0.1440875380498356
2.90560634920635e-05,4.194472261847634,-0.1269743204868327
2.90660634920635e-05,2.471347557754664,0.05497131058572549
2.90760634920635e-05,3.236769904851756,0.006700020709332516
2.90860634920635e-05,3.772935317069525,-0.04528444531139838
2.90960634920635e-05,2.937256812509415,0.006700020709332516
2.91060634920635e-05,3.262653752338131,-0.02671856458970878
2.91160634920635e-05,3.425352222252488,-0.02300538844537085
2.91260634920635e-05,3.21088605736538,-0.01186586001235709
2.91360634920635e-05,3.21088605736538,-0.0304317407340467
2.91460634920635e-05,3.35509606478947,-0.0007263315793433261
2.91560634920635e-05,3.281142214828399,-0.0007263315793433261
2.91660634920635e-05,3.214583749863434,-0.01186586001235709
2.917606349206349e-05,3.336607602299202,0.01783954914234628
2.91860634920635e-05,3.270049137334238,-0.01929221230103293
2.91960634920635e-05,3.273746829832291,-0.01557903615669501
2.92060634920635e-05,3.30332836981672,-0.01186586001235709
2.921606349206349e-05,3.270049137334238,-0.02671856458970878
2.92260634920635e-05,3.277444522330345,-0.008152683868019168
2.92360634920635e-05,3.284839907326452,-0.01186586001235709
2.92460634920635e-05,3.273746829832291,-0.02671856458970878
2.92560634920635e-05,3.270049137334238,-0.004439507723681247
2.92660634920635e-05,3.288537599824505,-0.01557903615669501
2.92760634920635e-05,3.284839907326452,-0.02300538844537085
2.92860634920635e-05,3.288537599824505,0.002986844564994595
2.92960634920635e-05,3.284839907326452,-0.03785809302272254
2.93060634920635e-05,3.284839907326452,-0.0007263315793433261
2.93160634920635e-05,3.266351444836184,-0.01186586001235709
2.932606349206349e-05,3.266351444836184,-0.02300538844537085
2.93360634920635e-05,3.273746829832291,-0.008152683868019168
2.934606349206349e-05,3.270049137334238,-0.01929221230103293
2.93560634920635e-05,3.007512969972433,-0.05642397374441215
2.93660634920635e-05,-0.3056195082835778,-0.1641060819302119
2.93760634920635e-05,-0.9564133879410085,0.09581624817344263
2.938606349206349e-05,0.7519205461597472,-0.09355573518779135
2.93960634920635e-05,0.03456820153735196,-0.0489976214557363
2.94060634920635e-05,-0.4572249007037747,0.02526590143102212
2.94160634920635e-05,0.30080206139721,-0.0304317407340467
2.94260634920635e-05,0.01238204654903046,0.006700020709332516
2.94360634920635e-05,0.1528943614750666,0.06982401516307718
2.94460634920635e-05,3.687888389614293,0.125521657328146
2.94560634920635e-05,4.264728419310652,-0.108408439765143
2.94660634920635e-05,2.41588217028386,0.04754495829704965
2.94760634920635e-05,3.281142214828399,0.01783954914234628
2.94860634920635e-05,3.821005319544222,-0.03414491687838462
2.949606349206349e-05,2.915070657521094,0.01041319685367044
2.95060634920635e-05,3.288537599824505,0.002986844564994595
2.951606349206349e-05,3.192397594875112,-0.08612938289911551
2.95260634920635e-05,-0.3795733582446494,-0.1381138489198464
2.95360634920635e-05,-0.9859949279254372,0.0735371913074151
2.95460634920635e-05,0.8258743961208189,-0.07870303061043968
2.955606349206349e-05,0.008684354050976872,-0.06385032603308799
2.95660634920635e-05,-0.516387980672632,0.03269225371969797
2.95760634920635e-05,0.345174371373853,-0.01557903615669501
2.95860634920635e-05,-0.0208971859334518,-0.0007263315793433261
2.95960634920635e-05,0.1270105139886916,0.07725036745175302
2.96060634920635e-05,3.728563007092882,0.1143821288951322
2.96160634920635e-05,4.220356109334009,-0.08984255904345344
2.96260634920635e-05,2.371509860307217,0.08096354359609094
2.96360634920635e-05,3.284839907326452,0.02526590143102212
2.96460634920635e-05,3.787726087061739,-0.04157126916706046
2.96560634920635e-05,2.889186810034718,-0.004439507723681247
2.96660634920635e-05,3.281142214828399,0.002986844564994595
2.96760634920635e-05,3.196095287373166,-0.07870303061043968
2.968606349206349e-05,-0.4054572057310245,-0.1455402012085223
2.96960634920635e-05,-0.9822972354273836,0.0735371913074151
2.97060634920635e-05,0.8184790111247118,-0.07498985446610175
2.97160634920635e-05,-0.00240872344318388,-0.04157126916706046
2.972606349206349e-05,-0.516387980672632,0.0215527252866842
2.97360634920635e-05,0.3525697563699602,-0.0007263315793433261
2.97460634920635e-05,-0.006106415941237463,-0.01186586001235709
2.97560634920635e-05,-0.1762002708517023,0.03640542986403589
2.976606349206349e-05,0.07894051151399496,-0.01186586001235709
2.97760634920635e-05,0.01238204654903046,0.01041319685367044
2.97860634920635e-05,-0.08375795840036272,-0.01186586001235709
2.97960634920635e-05,0.008684354050976872,-0.0007263315793433261
2.98060634920635e-05,0.02717281654124479,0.01412637299800836
2.98160634920635e-05,-0.05787411091398764,-0.04157126916706046
2.98260634920635e-05,0.008684354050976872,0.01783954914234628
2.98360634920635e-05,0.2934066764011029,0.05125813444138757
2.98460634920635e-05,3.580655307170739,0.1552270664828494
2.985606349206349e-05,4.198169954345688,-0.112121615909481
2.98660634920635e-05,2.475045250252717,0.05868448673006341
2.98760634920635e-05,3.225676827357595,0.02526590143102212
2.98860634920635e-05,3.765539932073418,-0.05271079760007422
2.989606349206349e-05,2.918768350019147,0.01041319685367044
2.99060634920635e-05,3.258956059840077,-0.02671856458970878
2.99160634920635e-05,3.15911836239263,-0.06013714988875006
2.99260634920635e-05,-0.3610848957543815,-0.1455402012085223
2.993606349206349e-05,-1.01927416040792,0.07725036745175302
2.99460634920635e-05,0.7962928561363902,-0.09355573518779135
2.99560634920635e-05,0.001288969054869704,-0.0304317407340467
2.99660634920635e-05,-0.5348764431629,0.01783954914234628
2.99760634920635e-05,0.3414766788757994,-0.01557903615669501
2.99860634920635e-05,-0.03938564842371972,0.01412637299800836
2.99960634920635e-05,0.1307082064867451,0.07725036745175302
3.00060634920635e-05,3.706376852104561,0.1218084811838081
3.00160634920635e-05,4.23144918682817,-0.08241620675477759
3.002606349206349e-05,2.386300630299431,0.06239766287440134
3.00360634920635e-05,3.258956059840077,0.0215527252866842
3.00460634920635e-05,3.802516857053954,-0.02300538844537085
3.00560634920635e-05,2.881791425038612,0.01041319685367044
3.006606349206349e-05,3.281142214828399,0.006700020709332516
3.00760634920635e-05,3.458631454734971,-0.01186586001235709
3.00860634920635e-05,3.166513747388737,0.03269225371969797
3.00960634920635e-05,3.244165289847863,-0.01929221230103293
3.010606349206349e-05,3.388375297271952,0.01041319685367044
3.01160634920635e-05,3.244165289847863,-0.008152683868019168
3.01260634920635e-05,3.244165289847863,-0.004439507723681247
3.01360634920635e-05,3.351398372291416,0.03269225371969797
3.01460634920635e-05,3.277444522330345,-0.01929221230103293
3.01560634920635e-05,2.992722199980219,-0.0304317407340467
3.01660634920635e-05,-0.2686425833030419,-0.1418270250641843
3.01760634920635e-05,-0.9490180029449014,0.1032426004621185
3.01860634920635e-05,0.7408274686655865,-0.06013714988875006
3.01960634920635e-05,0.06045204902372704,-0.01186586001235709
3.02060634920635e-05,-0.4942018256843105,0.04383178215271173
3.02160634920635e-05,0.3118951388913708,-0.01186586001235709
3.02260634920635e-05,0.008684354050976872,0.03640542986403589
3.023606349206349e-05,0.1602897464711738,0.07725036745175302
3.02460634920635e-05,3.702679159606507,0.1440875380498356
3.02560634920635e-05,4.261030726812598,-0.07498985446610175
3.02660634920635e-05,2.404789092789699,0.0735371913074151
3.027606349206349e-05,3.281142214828399,0.02526590143102212
3.02860634920635e-05,3.813609934548114,-0.02300538844537085
3.02960634920635e-05,2.892884502532772,0.02897907757536004
3.03060634920635e-05,3.295932984820613,0.02897907757536004
3.03160634920635e-05,3.477119917225238,0.01041319685367044
3.03260634920635e-05,3.19979297987122,0.03269225371969797
3.03360634920635e-05,3.266351444836184,-0.0007263315793433261
3.03460634920635e-05,3.384677604773899,0.01412637299800836
3.03560634920635e-05,3.288537599824505,0.002986844564994595
3.03660634920635e-05,3.236769904851756,-0.004439507723681247
3.03760634920635e-05,3.35509606478947,0.03640542986403589
3.038606349206349e-05,3.273746829832291,-0.01557903615669501
3.03960634920635e-05,2.981629122486058,-0.03414491687838462
3.040606349206349e-05,-0.2575495058088811,-0.1306874966311706
3.04160634920635e-05,-0.9379249254507406,0.1032426004621185
3.04260634920635e-05,0.7519205461597472,-0.07127667832176383
3.04360634920635e-05,0.06045204902372704,-0.004439507723681247
3.044606349206349e-05,-0.4794110556920962,0.06239766287440134
3.04560634920635e-05,0.3118951388913708,-0.008152683868019168
3.04660634920635e-05,0.01238204654903046,0.01041319685367044
3.04760634920635e-05,-0.1429210383692201,0.04383178215271173
3.04860634920635e-05,0.05675435652567346,-0.008152683868019168
3.04960634920635e-05,0.0493589715295663,0.03640542986403589
3.05060634920635e-05,-0.06896718840814839,0.01041319685367044
3.05160634920635e-05,-0.01350180093734463,0.01412637299800836
3.052606349206349e-05,0.02717281654122629,0.01783954914234459
3.05360634920635e-05,-0.03938564842371972,-0.0007263315793433261
3.05460634920635e-05,-0.006106415941237463,0.01783954914234628
3.05560634920635e-05,0.008684354050976872,0.01783954914234628
3.056606349206349e-05,-0.02459487843149025,0.006700020709337583
3.057606349206349e-05,-0.01719949343539821,0.03640542986403589
3.05860634920635e-05,0.004986661552923288,-0.008152683868019168
3.05960634920635e-05,-0.0208971859334518,0.006700020709332516
3.060606349206349e-05,-0.002408723443192286,0.02155272528667745
3.061606349206349e-05,-0.006106415941237463,-0.008152683868019168
3.06260634920635e-05,-0.01350180093734463,-0.0007263315793433261
3.06360634920635e-05,0.3044997538952636,0.05868448673006341
3.06460634920635e-05,3.658306849630099,0.1366611857610534
3.065606349206349e-05,4.175983799357367,-0.09726891133212928
3.06660634920635e-05,2.463952172758556,0.08096354359609094
3.06760634920635e-05,3.266351444836184,0.02526590143102212
3.06860634920635e-05,3.772935317069154,-0.05271079760003539
3.069606349206349e-05,2.955745274999683,0.03269225371969797
3.07060634920635e-05,3.266351444836184,0.006700020709332516
3.07160634920635e-05,3.429049914750542,-0.01186586001235709
3.07260634920635e-05,3.19979297987122,0.01783954914234628
3.073606349206349e-05,3.214583749863427,-0.03414491687836098
3.074606349206349e-05,3.362491449785577,0.0215527252866842
3.07560634920635e-05,3.255258367342023,0.006700020709332516
3.07660634920635e-05,3.236769904851756,0.006700020709332516
3.07760634920635e-05,3.329212217303067,0.01041319685366368
3.078606349206349e-05,3.266351444836184,-0.004439507723681247
3.07960634920635e-05,2.974233737489951,-0.04157126916706046
3.08060634920635e-05,-0.3056195082835778,-0.1232611443424947
3.081606349206349e-05,-0.9527156954426607,0.08096354359599808
3.082606349206349e-05,0.7297343911714257,-0.06013714988875006
3.08360634920635e-05,0.03456820153735196,-0.004439507723681247
3.08460634920635e-05,-0.4831087481901498,0.04383178215271173
3.08560634920635e-05,0.2897089839029214,-0.01557903615666968
3.086606349206349e-05,0.008684354050976872,0.04011860600837381
3.08760634920635e-05,-0.1540141158633808,0.04383178215271173
3.08860634920635e-05,0.06045204902372704,-0.01557903615669501
3.08960634920635e-05,0.04196358653345913,0.03640542986403589
3.090606349206349e-05,-0.06157180341199413,0.02526590143102719
3.091606349206349e-05,-0.00240872344318388,0.002986844564994595
3.09260634920635e-05,0.02717281654124479,0.05497131058572549
3.09360634920635e-05,-0.05417641841593406,0.0215527252866842
3.094606349206349e-05,-0.002408723443207424,0.02897907757535666
3.095606349206349e-05,0.3118951388913708,0.06239766287440134
3.09660634920635e-05,3.617632232151275,0.1552270664828494
3.09760634920635e-05,4.19077456934958,-0.08612938289911551
3.09860634920635e-05,2.467649865256967,0.1032426004620847
3.099606349206349e-05,3.25156067484397,0.02897907757536004
3.10060634920635e-05,3.765539932073418,-0.02671856458970878
3.10160634920635e-05,2.944652197505522,0.02526590143102212
3.10260634920635e-05,3.262653752338089,0.006700020709300434
3.103606349206349e-05,3.170211439886791,-0.06385032603308799
3.10460634920635e-05,-0.3795733582446494,-0.112121615909481
3.10560634920635e-05,-0.9896926204234908,0.1069557766064564
3.10660634920635e-05,0.8036882411324974,-0.07498985446610175
3.107606349206349e-05,0.0160797390474422,-0.03414491687840319
3.108606349206349e-05,-0.5089925956765249,0.02897907757536004
3.10960634920635e-05,0.3340812938796923,-0.004439507723681247
3.11060634920635e-05,-0.00240872344318388,0.002986844564994595
3.11160634920635e-05,0.1418012839825403,0.07725036745177498
3.112606349206349e-05,3.735958392088989,0.125521657328146
3.11360634920635e-05,4.224053801832063,-0.07870303061043968
3.11460634920635e-05,2.389998322797485,0.08096354359609094
3.115606349206349e-05,3.284839907326045,0.03640542986405615
3.116606349206349e-05,3.7988191645559,-0.03785809302272254
3.11760634920635e-05,2.892884502532772,0.03269225371969797
3.11860634920635e-05,3.292235292322559,0.03269225371969797
3.11960634920635e-05,3.466026839730948,-0.02671856458968176
3.120606349206349e-05,3.181304517380952,0.03269225371969797
3.12160634920635e-05,3.255258367342023,-0.01186586001235709
3.12260634920635e-05,3.380979912275845,0.01041319685367044
3.12360634920635e-05,3.25156067484397,0.01412637299800836
3.124606349206349e-05,3.247862982345918,-0.0267185645896902
3.12560634920635e-05,3.321816832306988,0.03640542986403589
3.12660634920635e-05,3.258956059840077,0.006700020709332516
3.12760634920635e-05,2.977931429988005,-0.03785809302272254
3.128606349206349e-05,-0.2834333532937729,-0.1344006727754646
3.129606349206349e-05,-0.9305295404546334,0.1032426004621185
3.13060634920635e-05,0.7371297761675329,-0.06385032603308799
3.13160634920635e-05,0.04566127903151271,-0.01186586001235709
3.13260634920635e-05,-0.4646202856995287,0.04754495829702601
3.133606349206349e-05,0.3118951388913708,-0.004439507723681247
3.13460634920635e-05,-0.00240872344318388,0.03640542986403589
3.13560634920635e-05,-0.1429210383692201,0.03269225371969797
3.13660634920635e-05,0.04566127903151271,-0.008152683867995529
3.137606349206349e-05,0.04566127903151271,0.04383178215271173
3.13860634920635e-05,-0.05787411091398764,-0.004439507723681247
3.13960634920635e-05,0.001288969054869704,0.002986844564994595
3.14060634920635e-05,0.03456820153731328,0.02155272528666732
3.141606349206349e-05,-0.05047872591784179,-0.01557903615667813
3.14260634920635e-05,0.004986661552923288,0.01412637299800836
3.14360634920635e-05,0.001288969054869704,0.01412637299800836
3.14460634920635e-05,-0.03199026342761255,-0.0007263315793433261
3.145606349206349e-05,-0.002408723443197331,0.01041319685366537
3.146606349206349e-05,-0.006106415941237463,0.002986844564994595
3.14760634920635e-05,-0.01719949343539821,0.01041319685367044
3.14860634920635e-05,-0.009804108439291047,-0.0007263315793433261
3.149606349206349e-05,0.008684354050968467,-0.0007263315793433261
3.150606349206349e-05,-0.0208971859334518,0.01041319685367044
3.15160634920635e-05,-0.03199026342761255,-0.0007263315793433261
3.15260634920635e-05,-0.01350180093734463,-0.0007263315793433261
3.15360634920635e-05,0.004986661552918243,0.002986844564989529
3.154606349206349e-05,-0.006106415941237463,-0.008152683868019168
3.15560634920635e-05,-0.0208971859334518,-0.004439507723681247
3.15660634920635e-05,-0.01719949343539821,0.006700020709332516
3.15760634920635e-05,-0.01719949343540326,0.002986844564996284
3.158606349206349e-05,-0.02829257092955897,0.006700020709332516
3.15960634920635e-05,0.2971043688991564,0.03640542986403589
3.16060634920635e-05,3.647213772135703,0.1440875380498356
3.16160634920635e-05,4.187076876851527,-0.108408439765143
3.162606349206349e-05,2.471347557755444,0.06982401516299612
3.163606349206349e-05,3.277444522330345,0.03269225371969797
3.16460634920635e-05,3.750749162081203,-0.03785809302272254
3.16560634920635e-05,2.937256812509415,0.02897907757536004
3.16660634920635e-05,3.266351444836255,-0.019292212301038
3.167606349206349e-05,3.421654529754435,-0.0304317407340467
3.16860634920635e-05,3.203490672369273,0.01783954914234628
3.16960634920635e-05,3.240467597349809,-0.0304317407340467
3.17060634920635e-05,3.366189142283579,0.01412637299800329
3.171606349206349e-05,3.25156067484397,0.002986844564994595
3.17260634920635e-05,3.221979134859541,-0.01186586001235709
3.17360634920635e-05,3.336607602299202,0.02897907757536004
3.17460634920635e-05,3.255258367342027,-0.01557903615668488
3.175606349206349e-05,3.262653752338131,0.006700020709332516
3.17660634920635e-05,3.30332836981672,0.01041319685367044
3.17760634920635e-05,3.270049137334238,-0.0007263315793433261
3.17860634920635e-05,3.266351444836184,-0.0007263315793433261
3.179606349206349e-05,3.270049137334236,0.01041319685366537
3.180606349206349e-05,3.266351444836184,-0.0007263315793433261
3.18160634920635e-05,3.281142214828399,0.01041319685367044
3.18260634920635e-05,3.277444522330345,-0.004439507723681247
3.183606349206349e-05,3.284839907326448,0.01041319685366368
3.184606349206349e-05,3.277444522330345,0.002986844564994595
3.18560634920635e-05,3.299630677318667,0.002986844564994595
3.18660634920635e-05,3.295932984820613,0.0215527252866842
3.18760634920635e-05,3.277444522330347,0.002986844564992906
3.188606349206349e-05,3.281142214828399,-0.0007263315793433261
3.18960634920635e-05,3.284839907326452,0.006700020709332516
3.19060634920635e-05,3.281142214828399,0.01783954914234628
3.19160634920635e-05,3.273746829832291,-0.008152683868012413
3.192606349206349e-05,3.273746829832291,0.006700020709332516
3.19360634920635e-05,3.266351444836184,-0.004439507723681247
3.19460634920635e-05,3.273746829832291,0.01783954914234628
3.19560634920635e-05,3.273746829832291,0.006700020709332516
3.196606349206349e-05,3.284839907326447,0.01041319685366875
3.197606349206349e-05,3.288537599824505,0.01041319685367044
3.19860634920635e-05,3.262653752338131,0.0215527252866842
3.19960634920635e-05,3.288537599824505,0.02526590143102212
3.20060634920635e-05,3.270049137334241,0.01783954914234628
3.201606349206349e-05,3.277444522330345,0.01783954914234628
3.20260634920635e-05,3.266351444836184,0.006700020709332516
3.20360634920635e-05,3.281142214828399,0.0215527252866842
3.204606349206349e-05,3.277444522330347,-0.0007263315793331962
3.205606349206349e-05,3.273746829832291,0.03269225371969797
3.20660634920635e-05,3.262653752338131,0.006700020709332516
3.20760634920635e-05,2.981629122486058,-0.02300538844537085
3.20860634920635e-05,-0.3241079707741147,-0.1269743204867246
3.209606349206349e-05,-0.9157387704624191,0.1106689527507943
3.21060634920635e-05,0.7445251611636401,-0.0675635021774259
3.21160634920635e-05,0.008684354050976872,-0.02671856458970878
3.21260634920635e-05,-0.4868064406882034,0.06239766287440134
3.213606349206349e-05,0.2971043688987999,-0.01557903615665955
3.214606349206349e-05,-0.01719949343539821,0.03269225371969797
3.21560634920635e-05,-0.1466187308672736,0.04011860600837381
3.21660634920635e-05,0.04196358653345913,0.006700020709332516
3.217606349206349e-05,0.02717281654125152,0.04754495829703107
3.218606349206349e-05,-0.0652694959100948,0.01783954914234628
3.21960634920635e-05,-0.009804108439291047,0.006700020709332516
3.22060634920635e-05,0.01607973904708404,0.04383178215271173
3.22160634920635e-05,-0.06157180341201432,-0.0007263315793365719
3.222606349206349e-05,-0.00240872344318388,0.01412637299800836
3.22360634920635e-05,-0.009804108439291047,0.01412637299800836
3.22460634920635e-05,-0.0430833409217733,0.01041319685367044
3.22560634920635e-05,0.03087050903928324,0.01412637299800667
3.226606349206349e-05,-0.00240872344318388,0.01041319685367044
3.22760634920635e-05,-0.0208971859334518,0.01041319685367044
3.22860634920635e-05,0.008684354050976872,0.01412637299800836
3.22960634920635e-05,-0.00240872344318388,0.002986844564994595
3.230606349206349e-05,-0.006106415941235782,-0.0007263315793416374
3.23160634920635e-05,-0.006106415941237463,0.01412637299800836
3.23260634920635e-05,0.008684354050976872,0.002986844564994595
3.23360634920635e-05,-0.00240872344318388,0.006700020709332516
3.234606349206349e-05,-0.009804108439287685,0.01412637299800498
3.235606349206349e-05,0.01238204654903046,-0.0007263315793433261
3.23660634920635e-05,-0.01350180093734463,0.01783954914234628
3.23760634920635e-05,-0.009804108439291047,-0.0007263315793433261
3.238606349206349e-05,-0.009804108439291047,0.006700020709329139
3.239606349206349e-05,0.3044997538952636,0.05868448673006341
3.24060634920635e-05,3.687888389614293,0.1478007141941735
3.24160634920635e-05,4.168588414361259,-0.09355573518779135
3.24260634920635e-05,2.463952172758926,0.08096354359605885
3.243606349206349e-05,3.277444522330345,0.01041319685367044
3.24460634920635e-05,3.780330702065632,-0.02671856458970878
3.24560634920635e-05,2.937256812509415,0.04383178215271173
3.24660634920635e-05,3.281142214828476,-0.008152683868020856
3.247606349206349e-05,3.451236069738786,-0.0118658600123554
3.24860634920635e-05,3.196095287373166,0.02526590143102212
3.24960634920635e-05,3.236769904851756,-0.004439507723681247
3.25060634920635e-05,3.369886834781684,0.006700020709332516
3.251606349206349e-05,3.270049137334283,0.01041319685366875
3.252606349206349e-05,3.236769904851756,0.002986844564994595
3.25360634920635e-05,3.340305294797256,0.04011860600837381
3.25460634920635e-05,3.273746829832291,-0.004439507723681247
3.25560634920635e-05,3.266351444836214,-0.0007263315793382604
3.256606349206349e-05,3.332909909801149,0.01041319685367044
3.25760634920635e-05,3.288537599824505,-0.008152683868019168
3.25860634920635e-05,3.270049137334238,0.01412637299800836
3.25960634920635e-05,3.303328369816713,-0.0007263315793517689
3.260606349206349e-05,3.288537599824505,-0.01929221230103293
3.26160634920635e-05,3.277444522330345,0.01783954914234628
3.26260634920635e-05,3.281142214828399,0.01041319685367044
3.26360634920635e-05,3.303328369816713,0.002986844564991218
3.264606349206349e-05,3.288537599824512,-0.00443950772367787
3.26560634920635e-05,3.30332836981672,0.002986844564994595
3.26660634920635e-05,3.284839907326452,0.006700020709332516
3.26760634920635e-05,3.284839907326452,0.01041319685367044
3.268606349206349e-05,3.314421447310867,-0.0007263315793382599
3.269606349206349e-05,3.284839907326452,-0.008152683868019168
3.27060634920635e-05,3.288537599824505,0.002986844564994595
3.27160634920635e-05,3.307026062314773,-0.0007263315793433261
3.272606349206349e-05,3.288537599824514,0.01041319685366537
3.273606349206349e-05,3.299630677318667,0.002986844564994595
3.27460634920635e-05,3.288537599824505,-0.01186586001235709
3.27560634920635e-05,3.292235292322559,0.01783954914234628
3.27660634920635e-05,3.303328369816713,-0.01186586001235202
3.277606349206349e-05,3.288537599824505,-0.0007263315793433261
3.27860634920635e-05,3.281142214828399,-0.01929221230103293
3.27960634920635e-05,2.996419892478273,-0.05271079760007422
3.28060634920635e-05,-0.3315033557702269,-0.15296655349709
3.281606349206349e-05,-0.9342272329524129,0.08467671974032079
3.28260634920635e-05,0.7556182386578009,-0.08241620675477759
3.28360634920635e-05,0.01607973904708404,-0.02300538844537085
3.28460634920635e-05,-0.472015670695989,0.04011860600837381
3.285606349206349e-05,0.3081974463929623,-0.0304317407340146
3.286606349206349e-05,0.004986661552923288,-0.0007263315793433261
3.28760634920635e-05,0.1787782089614417,0.05125813444138757
3.28860634920635e-05,3.724865314594829,0.1218084811838081
3.28960634920635e-05,4.224053801831238,-0.08984255904337746
3.290606349206349e-05,2.412184477785806,0.07725036745175302
3.29160634920635e-05,3.288537599824505,-0.0007263315793433261
3.29260634920635e-05,3.791423779559793,-0.0304317407340467
3.29360634920635e-05,2.889186810034904,0.006700020709327451
3.294606349206349e-05,3.295932984820613,-0.004439507723681247
3.29560634920635e-05,3.462329147233024,-0.02671856458970878
3.29660634920635e-05,3.207188364867327,0.006700020709332516
3.29760634920635e-05,3.236769904851819,-0.03785809302270566
3.298606349206349e-05,3.377282219777792,-0.0007263315793433261
3.29960634920635e-05,3.270049137334238,-0.01557903615669501
3.30060634920635e-05,3.229374519855648,-0.0304317407340467
3.30160634920635e-05,3.336607602299202,-0.01929221230103293
3.302606349206349e-05,3.25525836734206,-0.01929221230103293
3.303606349206349e-05,2.981629122486058,-0.05271079760007422
3.30460634920635e-05,-0.294526430789417,-0.1529665534971981
3.30560634920635e-05,-0.9194364629604727,0.08096354359609094
3.306606349206349e-05,0.7593159311550909,-0.1009820874763844
3.307606349206349e-05,0.03826589403540554,-0.04157126916706046
3.30860634920635e-05,-0.4609225932018283,0.02897907757536004
3.30960634920635e-05,0.3081974463933171,-0.0304317407340467
3.31060634920635e-05,0.01607973904701173,0.002986844565008103
3.311606349206349e-05,-0.1429210383692201,0.03269225371969797
3.31260634920635e-05,0.06045204902372704,-0.008152683868019168
3.31360634920635e-05,0.0493589715295663,0.002986844564994595
3.31460634920635e-05,-0.07266488090616667,-0.0007263315793433261
3.315606349206349e-05,0.004986661552923288,-0.0007263315793433261
3.31660634920635e-05,0.04196358653345913,0.0215527252866842
3.31760634920635e-05,-0.05047872591788047,-0.0007263315793433261
3.31860634920635e-05,0.01238204654916834,0.01041319685368901
3.319606349206349e-05,0.3155928313892865,0.05125813444136899
3.32060634920635e-05,3.628725309645435,0.1366611857611598
3.32160634920635e-05,4.183379184353473,-0.1009820874764672
3.32260634920635e-05,2.46764986525661,0.08467671974042887
3.323606349206349e-05,3.255258367341665,-0.004439507723640726
3.324606349206349e-05,3.750749162081203,-0.03414491687838462
3.32560634920635e-05,2.944652197505522,0.03640542986403589
3.32660634920635e-05,3.270049137334238,-0.01186586001235709
3.327606349206349e-05,3.148025284898525,-0.05271079760005565
3.328606349206349e-05,-0.3906664357388102,-0.1344006727755085
3.32960634920635e-05,-0.9933903129215443,0.08467671974042887
3.33060634920635e-05,0.7999905486344439,-0.06013714988875006
3.33160634920635e-05,0.008684354050736415,-0.015579036156668
3.332606349206349e-05,-0.5200856731706857,0.04383178215271173
3.33360634920635e-05,0.3525697563699602,-0.0007263315793433261
3.33460634920635e-05,-0.02459487843150538,0.002986844564994595
3.33560634920635e-05,0.141801283982537,0.07353719130744379
3.336606349206349e-05,3.728563007091251,0.1366611857611311
3.33760634920635e-05,4.212960724337902,-0.07127667832176383
3.33860634920635e-05,2.371509860307217,0.0921030720291047
3.33960634920635e-05,3.292235292322559,0.02897907757536004
3.340606349206349e-05,3.784028394563462,-0.02300538844534721
3.341606349206349e-05,2.892884502532772,0.006700020709332516
3.34260634920635e-05,3.288537599824505,0.01783954914234628
3.34360634920635e-05,3.177606824882898,-0.05271079760007422
3.34460634920635e-05,-0.4054572057312851,-0.1158347920537243
3.345606349206349e-05,-0.97859954292933,0.0921030720291047
3.34660634920635e-05,0.8369674736149797,-0.06385032603308799
3.34760634920635e-05,-0.01719949343539821,-0.02300538844537085
3.34860634920635e-05,-0.5200856731702989,0.04011860600835355
3.349606349206349e-05,0.3303836013816387,-0.004439507723681247
3.35060634920635e-05,-0.02829257092955897,0.01041319685367044
3.35160634920635e-05,-0.1909910408439167,0.04011860600837381
3.35260634920635e-05,0.08263820401201828,-0.01186586001233345
3.353606349206349e-05,0.01607973904711431,0.04011860600835017
3.35460634920635e-05,-0.08006026590230914,-0.004439507723681247
3.35560634920635e-05,-0.006106415941237463,0.006700020709332516
3.35660634920635e-05,0.01977743154513762,0.01783954914234628
3.357606349206349e-05,-0.06896718840810803,-0.004439507723671115
3.358606349206349e-05,-0.01350180093734463,0.0215527252866842
3.35960634920635e-05,0.004986661552923288,0.002986844564994595
3.36060634920635e-05,-0.06896718840814839,-0.0007263315793433261
3.361606349206349e-05,-0.002408723443214147,0.0141263729980016
3.362606349206349e-05,-0.01719949343539821,-0.01929221230103293
3.36360634920635e-05,-0.04678103341982689,-0.004439507723681247
3.36460634920635e-05,-0.01719949343539821,-0.0007263315793433261
3.36560634920635e-05,-0.03199026342761591,0.01041319685366199
3.366606349206349e-05,-0.03938564842371972,-0.008152683868019168
3.36760634920635e-05,0.2897089839030492,0.05497131058572549
3.36860634920635e-05,3.64351607963765,0.1292348334724839
3.36960634920635e-05,4.153797644368272,-0.1158347920537328
3.370606349206349e-05,2.456556787763221,0.07353719130732897
3.37160634920635e-05,3.262653752338131,0.01041319685367044
3.37260634920635e-05,3.74705146958315,-0.04157126916706046
3.37360634920635e-05,2.915070657521094,0.0215527252866842
3.374606349206349e-05,3.255258367341869,-0.03043174073402305
3.375606349206349e-05,3.432747607248595,-0.02671856458970878
3.37660634920635e-05,3.19979297987122,0.01412637299800836
3.37760634920635e-05,3.214583749863434,-0.03785809302272254
3.378606349206349e-05,3.347700679793303,-0.008152683868032678
3.379606349206349e-05,3.255258367342023,-0.0007263315793433261
3.38060634920635e-05,3.25156067484397,-0.03414491687838462
3.38160634920635e-05,3.314421447310881,0.0215527252866842
3.38260634920635e-05,3.277444522330202,-0.03414491687839475
3.383606349206349e-05,2.96314065999579,-0.05642397374441215
3.38460634920635e-05,-0.3167125857777385,-0.1455402012085223
3.38560634920635e-05,-0.9453203104468477,0.0921030720291047
3.38660634920635e-05,0.7408274686652603,-0.08241620675475057
3.387606349206349e-05,0.02347512404351737,-0.02300538844539787
3.38860634920635e-05,-0.490504133186257,0.03640542986403589
3.38960634920635e-05,0.2934066764011029,-0.008152683868019168
3.39060634920635e-05,0.001288969054797399,0.02526590143102719
3.391606349206349e-05,-0.1577118083613621,0.03640542986403082
3.392606349206349e-05,0.03826589403540554,0.002986844564994595
3.39360634920635e-05,0.01977743154513762,0.04011860600837381
3.39460634920635e-05,-0.05787411091398764,0.01041319685367044
3.395606349206349e-05,-0.01350180093736481,0.006700020709334205
3.396606349206349e-05,0.03456820153735196,0.03269225371969797
3.39760634920635e-05,-0.06157180341204122,-0.0007263315793433261
3.39860634920635e-05,-0.006106415941237463,0.03269225371969797
3.39960634920635e-05,0.3044997538967752,0.06239766287444017
3.400606349206349e-05,3.628725309645435,0.1478007141941735
3.40160634920635e-05,4.187076876851527,-0.07870303061043968
3.40260634920635e-05,2.445463710268288,0.08467671974042887
3.40360634920635e-05,3.247862982346141,0.03640542986400212
3.404606349206349e-05,3.743353777084871,-0.03785809302268878
3.40560634920635e-05,2.937256812509415,0.03269225371969797
3.40660634920635e-05,3.277444522330345,-0.01929221230103293
3.40760634920635e-05,3.13323451490466,-0.06385032603311669
3.408606349206349e-05,-0.3758756657450002,-0.126974320486804
3.409606349206349e-05,-0.9933903129215443,0.09581624817344263
3.41060634920635e-05,0.8110836261286045,-0.08241620675477759
3.41160634920635e-05,0.01977743154513762,-0.02671856458970878
3.412606349206349e-05,-0.5126902881743363,0.01783954914232602
3.413606349206349e-05,0.3377789863777458,-0.008152683868019168
3.41460634920635e-05,-0.01350180093734463,0.006700020709332516
3.41560634920635e-05,-0.1651071933575416,0.02526590143102212
3.41660634920635e-05,0.07524281901592625,-0.004439507723662673
3.417606349206349e-05,0.04196358653345913,0.03640542986403589
3.41860634920635e-05,-0.09485103589452348,-0.01186586001235709
3.41960634920635e-05,-0.00240872344318388,0.002986844564994595
3.42060634920635e-05,0.03456820153731328,0.01041319685366368
3.421606349206349e-05,-0.05047872591788047,-0.004439507723681247
3.42260634920635e-05,0.02347512404319121,0.01783954914234628
3.42360634920635e-05,0.01238204654903046,0.002986844564994595
3.42460634920635e-05,-0.03199026342759573,-0.0007263315793331948
3.425606349206349e-05,0.004986661552906474,0.02155272528667407
3.42660634920635e-05,-0.006106415941237463,-0.0007263315793433261
3.42760634920635e-05,-0.0208971859334518,-0.01186586001235709
3.42860634920635e-05,0.001288969054869704,0.01041319685367044
3.429606349206349e-05,-0.01719949343538981,0.006700020709334205
3.430606349206349e-05,-0.006106415941237463,-0.008152683868019168
3.43160634920635e-05,-0.01350180093734463,0.0215527252866842
3.43260634920635e-05,-0.006106415941237463,-0.0007263315793433261
3.43360634920635e-05,-0.009804108439297772,0.01412637299800667
3.434606349206349e-05,-0.02459487843150538,0.01041319685367044
3.43560634920635e-05,0.004986661552923288,0.01412637299800836
3.43660634920635e-05,-0.02829257092955897,0.01041319685367044
3.43760634920635e-05,-0.002408723443193969,0.006700020709339271
3.438606349206349e-05,-0.02459487843150538,0.0215527252866842
3.43960634920635e-05,0.3081974463933171,0.05125813444138757
3.44060634920635e-05,3.658306849629864,0.1515138903385115
3.44160634920635e-05,4.179681491854635,-0.1046952636207342
3.442606349206349e-05,2.452859095265181,0.05125813444131665
3.44360634920635e-05,3.273746829832291,0.006700020709332516
3.44460634920635e-05,3.761842239575365,-0.0304317407340467
3.44560634920635e-05,2.926163735015254,0.02526590143102212
3.446606349206349e-05,3.273746829832133,-0.01929221230101267
3.447606349206349e-05,3.425352222252488,-0.0304317407340467
3.44860634920635e-05,3.196095287373166,0.02526590143102212
3.44960634920635e-05,3.225676827357595,-0.03785809302272254
3.450606349206349e-05,3.355096064789412,0.006700020709312256
3.451606349206349e-05,3.266351444836184,-0.01929221230103293
3.45260634920635e-05,3.233072212353702,-0.04157126916706046
3.45360634920635e-05,3.340305294797256,0.002986844564994595
3.45460634920635e-05,3.273746829832286,-0.02300538844536579
3.455606349206349e-05,3.262653752338131,-0.01186586001235709
3.45660634920635e-05,3.318119139808934,-0.0007263315793433261
3.45760634920635e-05,3.270049137334238,-0.0304317407340467
3.45860634920635e-05,3.266351444836199,-0.01557903615668657
3.459606349206349e-05,3.299630677318651,0.002986844564986154
3.46060634920635e-05,3.295932984820613,-0.008152683868019168
3.46160634920635e-05,3.281142214828399,-0.008152683868019168
3.46260634920635e-05,3.292235292322559,-0.0007263315793433261
3.463606349206349e-05,3.007512969972563,-0.05642397374438682
3.464606349206349e-05,-0.3130148932796849,-0.1344006727755085
3.46560634920635e-05,-0.9305295404546334,0.1069557766064564
3.46660634920635e-05,0.7667113161519615,-0.08612938289911551
3.467606349206349e-05,0.0271728165415811,-0.02300538844539955
3.468606349206349e-05,-0.4646202856998818,0.04383178215271173
3.46960634920635e-05,0.3081974463933171,-0.01929221230103293
3.47060634920635e-05,0.008684354050976872,0.002986844564994595
3.47160634920635e-05,-0.1318279608749635,0.02155272528666056
3.472606349206349e-05,0.07894051151399496,-0.0304317407340467
3.47360634920635e-05,0.0493589715295663,0.01412637299800836
3.47460634920635e-05,-0.05787411091398764,-0.01929221230103293
3.47560634920635e-05,0.02717281654124815,-0.01186586001234358
3.476606349206349e-05,0.0345682015373486,0.01783954914233277
3.47760634920635e-05,-0.02459487843150538,-0.01557903615669501
3.47860634920635e-05,0.02347512404319121,-0.01186586001235709
3.47960634920635e-05,0.04566127903147908,-0.008152683868025923
3.480606349206349e-05,-0.02829257092952535,-0.0230053884453641
3.481606349206349e-05,0.02347512404319121,0.002986844564994595
3.48260634920635e-05,0.01607973904708404,-0.0007263315793433261
3.48360634920635e-05,-0.009804108439291047,-0.004439507723681247
3.484606349206349e-05,0.02347512404317607,-0.008152683868017478
3.485606349206349e-05,0.01238204654903046,0.002986844564994595
3.48660634920635e-05,0.01238204654903046,-0.008152683868019168
3.48760634920635e-05,-0.00240872344318388,0.01412637299800836
3.48860634920635e-05,-0.006106415941237463,-0.00815268386801579
3.489606349206349e-05,-0.006106415941237463,-0.0007263315793433261
3.49060634920635e-05,0.001288969054869704,-0.008152683868019168
3.49160634920635e-05,0.001288969054869704,-0.01186586001235709
3.49260634920635e-05,-0.01719949343539485,-0.02300538844536579
3.493606349206349e-05,-0.009804108439294409,-0.01186586001236216
3.49460634920635e-05,-0.006106415941237463,-0.004439507723681247
3.49560634920635e-05,-0.006106415941237463,-0.02300538844537085
3.49660634920635e-05,-0.006106415941242508,-0.02300538844536748
3.497606349206349e-05,-0.01719949343539317,-0.01557903615669839
3.498606349206349e-05,0.001288969054869704,-0.01186586001235709
3.49960634920635e-05,-0.0208971859334518,-0.02300538844537085
3.50060634920635e-05,-0.01350180093734463,-0.008152683868019168
3.501606349206349e-05,-0.009804108439292728,-0.0230053884453641
3.502606349206349e-05,-0.006106415941237463,-0.01186586001235709
3.50360634920635e-05,0.2934066764011029,0.03640542986403589
3.50460634920635e-05,3.658306849629864,0.1329480096168218
3.50560634920635e-05,4.17968149185542,-0.108408439765143
3.506606349206349e-05,2.456556787762449,0.05497131058572549
3.50760634920635e-05,3.273746829832291,0.01041319685367044
3.50860634920635e-05,3.761842239575365,-0.04528444531139838
3.50960634920635e-05,2.937256812509415,0.01412637299800836
3.510606349206349e-05,3.270049137334238,-0.03414491687838462
3.51160634920635e-05,3.155420669894577,-0.07870303061043968
3.51260634920635e-05,-0.3906664357388102,-0.1269743204868327
3.51360634920635e-05,-0.997088005419598,0.05125813444138757
3.514606349206349e-05,0.8147813186266581,-0.09726891133212928
3.515606349206349e-05,0.01977743154513762,-0.04528444531139838
3.51660634920635e-05,-0.5237833656687392,0.01041319685367044
3.51760634920635e-05,0.3377789863777458,-0.02671856458970878
3.518606349206349e-05,-0.01719949343539821,-0.008152683868019168
3.519606349206349e-05,-0.1651071933575416,0.01412637299800836
3.52060634920635e-05,0.07524281901594138,-0.004439507723681247
3.52160634920635e-05,0.03826589403540554,-0.0007263315793433261
3.52260634920635e-05,-0.09485103589452348,-0.01557903615669501
3.523606349206349e-05,0.008684354050976872,-0.008152683868019168
3.52460634920635e-05,0.01238204654903046,0.01412637299800836
3.52560634920635e-05,-0.05787411091398764,-0.0304317407340467
3.52660634920635e-05,0.01238204654903046,-0.01557903615669501
3.527606349206349e-05,0.3044997538952636,0.03640542986403589
3.52860634920635e-05,3.617632232151275,0.1292348334724839
3.52960634920635e-05,4.183379184353473,-0.112121615909481
3.53060634920635e-05,2.46764986525661,0.06239766287440134
3.531606349206349e-05,3.233072212353702,-0.01557903615669501
3.53260634920635e-05,3.74705146958315,-0.04157126916706046
3.53360634920635e-05,2.933559120011362,0.01412637299800836
3.53460634920635e-05,3.262653752338131,-0.01557903615669501
3.535606349206349e-05,3.125839129910148,-0.1046952636208051
3.536606349206349e-05,-0.3721779732485423,-0.1529665534971981
3.53760634920635e-05,-1.011878775411812,0.05868448673006341
3.53860634920635e-05,0.8036882411324974,-0.07870303061043968
3.53960634920635e-05,-0.01350180093734463,-0.04157126916706046
3.540606349206349e-05,-0.5311787506648463,0.02897907757536004
3.54160634920635e-05,0.3377789863777458,-0.02300538844537085
3.54260634920635e-05,-0.02459487843150538,-0.008152683868019168
3.54360634920635e-05,-0.1798979633497559,-0.004439507723681247
3.544606349206349e-05,0.05305666402761988,-0.01557903615669501
3.54560634920635e-05,0.03456820153735196,0.006700020709332516
3.54660634920635e-05,-0.09485103589452348,-0.01186586001235709
3.54760634920635e-05,0.001288969054869704,-0.008152683868019168
3.548606349206349e-05,0.01977743154513762,0.002986844564994595
3.54960634920635e-05,-0.07636257340425556,-0.02300538844537085
3.55060634920635e-05,-0.01350180093734463,0.002986844564994595
3.55160634920635e-05,0.3118951388913708,0.04754495829704965
3.552606349206349e-05,3.613934539653221,0.1478007141941735
3.553606349206349e-05,4.187076876851527,-0.1046952636208051
3.55460634920635e-05,2.445463710268288,0.0921030720291047
3.55560634920635e-05,3.244165289847863,0.01041319685367044
3.55660634920635e-05,3.754446854579257,-0.02300538844537085
3.557606349206349e-05,2.915070657521094,0.02526590143102212
3.55860634920635e-05,3.255258367342023,0.006700020709332516
3.55960634920635e-05,3.421654529754435,-0.01929221230103293
3.56060634920635e-05,3.188699902377059,0.02526590143102212
3.561606349206349e-05,3.21088605736538,-0.0304317407340467
3.56260634920635e-05,3.35509606478947,0.01041319685367044
3.56360634920635e-05,3.266351444836184,0.006700020709332516
3.56460634920635e-05,3.218281442361488,-0.01186586001235709
3.565606349206349e-05,3.307026062314773,0.01041319685367044
3.56660634920635e-05,3.258956059840077,-0.01929221230103293
3.56760634920635e-05,3.244165289847863,0.002986844564994595
3.56860634920635e-05,3.295932984820613,-0.0007263315793433261
3.569606349206349e-05,3.284839907326452,0.006700020709332516
3.570606349206349e-05,3.273746829832291,0.01041319685367044
3.57160634920635e-05,3.266351444836184,0.01412637299800836
3.57260634920635e-05,3.277444522330345,-0.01557903615669501
3.573606349206349e-05,3.277444522330345,0.006700020709332516
3.574606349206349e-05,3.284839907326452,-0.0007263315793433261
3.57560634920635e-05,2.989024507482165,-0.05642397374441215
3.57660634920635e-05,-0.3315033557699528,-0.1344006727755085
3.57760634920635e-05,-0.9379249254507406,0.07725036745175302
3.578606349206349e-05,0.7519205461597472,-0.07870303061043968
3.57960634920635e-05,0.02717281654124479,-0.0304317407340467
3.58060634920635e-05,-0.4646202856998818,0.04754495829704965
3.58160634920635e-05,0.2971043688991564,-0.02671856458970878
3.582606349206349e-05,-0.009804108439291047,0.006700020709332516
3.58360634920635e-05,0.1639874389692274,0.07725036745175302
3.58460634920635e-05,3.713772237100668,0.1329480096168218
3.58560634920635e-05,4.216658416835956,-0.07870303061043968
3.586606349206349e-05,2.404789092789699,0.08467671974042887
3.587606349206349e-05,3.288537599824505,0.002986844564994595
3.58860634920635e-05,3.813609934548114,-0.0304317407340467
3.58960634920635e-05,2.903977580026933,0.01041319685367044
3.590606349206349e-05,3.273746829832291,-0.0007263315793433261
3.591606349206349e-05,3.462329147233024,-0.04157126916706046
3.59260634920635e-05,3.185002209879005,0.02897907757536004
3.59360634920635e-05,3.240467597349809,-0.02300538844537085
3.59460634920635e-05,3.366189142283631,-0.0007263315793433261
3.595606349206349e-05,3.25156067484397,-0.004439507723681247
3.59660634920635e-05,3.225676827357595,-0.008152683868019168
3.59760634920635e-05,3.340305294797256,0.002986844564994595
3.59860634920635e-05,3.270049137334238,-0.02300538844537085
3.599606349206349e-05,3.236769904851756,0.01412637299800836
3.60060634920635e-05,3.307026062314773,-0.008152683868019168
3.60160634920635e-05,3.288537599824505,-0.01186586001235709
3.60260634920635e-05,3.266351444836184,0.006700020709332516
3.603606349206349e-05,3.292235292322559,0.01412637299800836
3.604606349206349e-05,3.270049137334238,-0.01557903615669501
3.60560634920635e-05,3.270049137334238,0.002986844564994595
3.60660634920635e-05,3.299630677318667,0.002986844564994595
3.607606349206349e-05,2.992722199980219,-0.04157126916706046
3.608606349206349e-05,-0.3352010482680065,-0.1306874966311706
3.60960634920635e-05,-0.9268318479565798,0.08838989588476678
3.61060634920635e-05,0.7593159311558544,-0.07127667832176383
3.61160634920635e-05,0.02347512404319121,-0.008152683868019168
3.612606349206349e-05,-0.4757133631940426,0.05497131058572549
3.61360634920635e-05,0.3081974463933171,-0.008152683868019168
3.61460634920635e-05,-0.01350180093734463,0.0215527252866842
3.61560634920635e-05,0.1528943614750666,0.1032426004621185
3.616606349206349e-05,3.717469929598721,0.1366611857611598
3.61760634920635e-05,4.253635341816492,-0.08612938289911551
3.61860634920635e-05,2.401091400291646,0.0735371913074151
3.61960634920635e-05,3.284839907326452,0.01041319685367044
3.620606349206349e-05,3.817307627046168,-0.02300538844537085
3.621606349206349e-05,2.892884502532772,0.0215527252866842
3.62260634920635e-05,3.299630677318667,0.01783954914234628
3.62360634920635e-05,3.469724532229131,-0.01557903615669501
3.624606349206349e-05,3.19979297987122,0.02897907757536004
3.625606349206349e-05,3.244165289847863,-0.0007263315793433261
3.62660634920635e-05,3.410561452260274,0.01412637299800836
3.62760634920635e-05,3.277444522330345,0.006700020709332516
3.62860634920635e-05,3.244165289847863,-0.01557903615669501
3.629606349206349e-05,3.347700679793363,0.0215527252866842
3.63060634920635e-05,3.284839907326452,-0.01557903615669501
3.63160634920635e-05,3.281142214828399,0.01412637299800836
3.63260634920635e-05,3.325514524805041,-0.0007263315793433261
3.633606349206349e-05,3.281142214828399,-0.008152683868019168
3.63460634920635e-05,3.281142214828399,0.02526590143102212
3.63560634920635e-05,3.329212217303095,-0.004439507723681247
3.63660634920635e-05,3.295932984820613,0.01783954914234628
3.637606349206349e-05,3.295932984820613,0.01041319685367044
3.63860634920635e-05,3.284839907326452,-0.008152683868019168
3.63960634920635e-05,3.011210662470487,-0.03785809302272254
3.64060634920635e-05,-0.3167125857777385,-0.1232611443424947
3.641606349206349e-05,-0.9379249254507406,0.1069557766064564
3.642606349206349e-05,0.7593159311558544,-0.05642397374441215
3.64360634920635e-05,0.04196358653345913,-0.02671856458970878
3.64460634920635e-05,-0.4572249007037747,0.05125813444138757
3.64560634920635e-05,0.3118951388913708,-0.004439507723681247
3.646606349206349e-05,-0.01719949343539821,0.03269225371969797
3.64760634920635e-05,-0.1503164233653272,0.04383178215271173
3.64860634920635e-05,0.06045204902372704,-0.01186586001235709
3.64960634920635e-05,0.03087050903929837,0.02526590143102212
3.650606349206349e-05,-0.06896718840814839,-0.0007263315793433261
3.65160634920635e-05,-0.01350180093734463,-0.008152683868019168
3.65260634920635e-05,0.03826589403540554,0.03640542986403589
3.65360634920635e-05,-0.06157180341204122,-0.01557903615669501
3.654606349206349e-05,0.004986661552923288,0.02526590143102212
3.65560634920635e-05,0.3118951388913708,0.05868448673006341
3.65660634920635e-05,3.606539154657114,0.1403743619054977
3.65760634920635e-05,4.201867646843741,-0.09355573518779135
3.658606349206349e-05,2.478742942750771,0.09581624817344263
3.659606349206349e-05,3.240467597349809,0.0215527252866842
3.66060634920635e-05,3.761842239575365,-0.04528444531139838
3.66160634920635e-05,2.944652197505522,0.006700020709332516
3.662606349206349e-05,3.273746829832291,0.002986844564994595
3.663606349206349e-05,3.432747607248595,-0.02671856458970878
3.66460634920635e-05,3.203490672369273,0.006700020709332516
3.66560634920635e-05,3.233072212353702,-0.01557903615669501
3.66660634920635e-05,3.351398372291416,-0.01186586001235709
3.667606349206349e-05,3.273746829832291,0.002986844564994595
3.66860634920635e-05,3.240467597349809,-0.02671856458970878
3.66960634920635e-05,3.332909909801149,0.002986844564994595
3.67060634920635e-05,3.255258367342023,-0.01557903615669501
3.671606349206349e-05,2.981629122486058,-0.0675635021774259
3.67260634920635e-05,-0.2871310457933098,-0.1381138489198464
3.67360634920635e-05,-0.9601110804390621,0.09581624817344263
3.67460634920635e-05,0.7408274686655865,-0.06013714988875006
3.675606349206349e-05,0.03087050903929837,-0.004439507723681247
3.676606349206349e-05,-0.472015670695989,0.04754495829704965
3.67760634920635e-05,0.2897089839030492,0.002986844564994595
3.67860634920635e-05,-0.006106415941237463,0.006700020709332516
3.67960634920635e-05,0.1528943614750666,0.08096354359609094
3.680606349206349e-05,3.6952837746104,0.125521657328146
3.68160634920635e-05,4.23144918682817,-0.07870303061043968
3.68260634920635e-05,2.397393707793592,0.08096354359609094
3.68360634920635e-05,3.284839907326452,0.02526590143102212
3.684606349206349e-05,3.802516857053954,-0.03785809302272254
3.68560634920635e-05,2.881791425038612,0.02526590143102212
3.68660634920635e-05,3.299630677318667,-0.004439507723681247
3.68760634920635e-05,3.458631454734971,-0.04157126916706046
3.688606349206349e-05,3.188699902377059,0.02526590143102212
3.68960634920635e-05,3.225676827357595,-0.02671856458970878
3.69060634920635e-05,3.369886834781684,-0.0007263315793433261
3.69160634920635e-05,3.266351444836184,-0.004439507723681247
3.692606349206349e-05,3.236769904851756,-0.01557903615669501
3.693606349206349e-05,3.35509606478947,0.0215527252866842
3.69460634920635e-05,3.262653752338131,-0.008152683868019168
3.69560634920635e-05,2.974233737489951,-0.03414491687838462
3.696606349206349e-05,-0.2834333532952563,-0.1455402012085223
3.697606349206349e-05,-0.9379249254507406,0.1069557766064564
3.69860634920635e-05,0.7260366986733722,-0.07498985446610175
3.69960634920635e-05,0.03456820153735196,-0.01929221230103293
3.70060634920635e-05,-0.472015670695989,0.03640542986403589
3.701606349206349e-05,0.2823135989069421,-0.008152683868019168
3.70260634920635e-05,0.01238204654903046,0.01412637299800836
3.70360634920635e-05,-0.1577118083614344,0.02526590143102212
3.70460634920635e-05,0.06045204902372704,-0.0007263315793433261
3.705606349206349e-05,0.04196358653345913,0.02526590143102212
3.70660634920635e-05,-0.07636257340425556,0.01041319685367044
3.70760634920635e-05,0.001288969054869704,0.006700020709332516
3.70860634920635e-05,0.03087050903929837,0.01412637299800836
3.709606349206349e-05,-0.05787411091398764,-0.0007263315793433261
3.710606349206349e-05,0.004986661552923288,0.01783954914234628
3.71160634920635e-05,0.001288969054869704,-0.004439507723681247
3.71260634920635e-05,-0.03568795592566613,0.002986844564994595
3.713606349206349e-05,-0.009804108439291047,0.002986844564994595
3.714606349206349e-05,-0.01350180093734463,-0.008152683868019168
3.71560634920635e-05,-0.0208971859334518,0.006700020709332516
3.71660634920635e-05,-0.006106415941237463,-0.0007263315793433261
3.717606349206349e-05,0.004986661552923288,0.01783954914234628
3.718606349206349e-05,-0.03568795592566613,0.002986844564994595
3.71960634920635e-05,-0.0208971859334518,0.006700020709332516
3.72060634920635e-05,-0.009804108439291047,-0.004439507723681247
3.72160634920635e-05,-0.01719949343539821,0.006700020709332516
3.722606349206349e-05,-0.009804108439291047,0.01041319685367044
3.72360634920635e-05,-0.01350180093734463,0.01041319685367044
3.72460634920635e-05,-0.02829257092955897,0.01412637299800836
3.72560634920635e-05,-0.02829257092955897,0.01783954914234628
3.726606349206349e-05,-0.009804108439291047,0.002986844564994595
3.727606349206349e-05,0.2897089839030492,0.05125813444138757
3.72860634920635e-05,3.628725309645435,0.1626534187715252
3.72960634920635e-05,4.19077456934958,-0.1009820874764672
3.730606349206349e-05,2.456556787762449,0.06982401516307718
3.731606349206349e-05,3.266351444836184,0.01783954914234628
3.73260634920635e-05,3.758144547077311,-0.04528444531139838
3.73360634920635e-05,2.929861427513308,0.01783954914234628
3.73460634920635e-05,3.270049137334238,-0.01557903615669501
3.735606349206349e-05,3.436445299746649,-0.01557903615669501
3.73660634920635e-05,3.19979297987122,0.002986844564994595
3.73760634920635e-05,3.236769904851756,-0.03414491687838462
3.73860634920635e-05,3.35509606478947,0.02526590143102212
3.739606349206349e-05,3.262653752338131,-0.02300538844537085
3.74060634920635e-05,3.214583749863434,-0.03414491687838462
3.74160634920635e-05,3.347700679793363,-0.004439507723681247
3.74260634920635e-05,3.273746829832291,-0.008152683868019168
3.743606349206349e-05,3.270049137334238,-0.0007263315793433261
3.74460634920635e-05,3.30332836981672,0.002986844564994595
3.74560634920635e-05,3.270049137334238,-0.01557903615669501
3.74660634920635e-05,3.277444522330345,-0.004439507723681247
3.747606349206349e-05,3.30332836981672,-0.0007263315793433261
3.748606349206349e-05,3.266351444836184,-0.008152683868019168
3.74960634920635e-05,3.292235292322559,-0.008152683868019168
3.75060634920635e-05,3.277444522330345,-0.0007263315793433261
3.751606349206349e-05,3.281142214828399,0.006700020709332516
3.752606349206349e-05,3.277444522330345,-0.008152683868019168
3.75360634920635e-05,3.288537599824505,-0.01186586001235709
3.75460634920635e-05,3.284839907326452,-0.0007263315793433261
3.75560634920635e-05,3.288537599824505,-0.008152683868019168
3.756606349206349e-05,3.292235292322559,-0.008152683868019168
3.75760634920635e-05,3.288537599824505,-0.01186586001235709
3.75860634920635e-05,3.277444522330345,-0.008152683868019168
3.75960634920635e-05,3.273746829832291,-0.008152683868019168
3.760606349206349e-05,3.30332836981672,-0.0007263315793433261
3.76160634920635e-05,3.284839907326452,-0.01186586001235709
3.76260634920635e-05,3.270049137334238,0.01783954914234628
3.76360634920635e-05,3.288537599824505,-0.02300538844537085
3.764606349206349e-05,3.284839907326452,0.01412637299800836
3.765606349206349e-05,3.284839907326452,-0.004439507723681247
3.76660634920635e-05,3.277444522330345,-0.01186586001235709
3.76760634920635e-05,3.288537599824505,-0.01557903615669501
3.76860634920635e-05,3.284839907326452,-0.0007263315793433261
3.769606349206349e-05,3.295932984820613,-0.0007263315793433261
3.77060634920635e-05,3.266351444836184,-0.01557903615669501
3.77160634920635e-05,3.273746829832291,-0.004439507723681247
3.77260634920635e-05,3.284839907326452,0.002986844564994595
3.773606349206349e-05,3.273746829832291,-0.008152683868019168
3.77460634920635e-05,3.288537599824505,-0.008152683868019168
3.77560634920635e-05,3.277444522330345,-0.0007263315793433261
3.77660634920635e-05,3.299630677318667,-0.008152683868019168
3.777606349206349e-05,3.281142214828399,0.006700020709332516
3.77860634920635e-05,3.307026062314773,-0.008152683868019168
3.77960634920635e-05,3.281142214828399,0.002986844564994595
3.78060634920635e-05,3.277444522330345,-0.004439507723681247
3.781606349206349e-05,3.277444522330345,-0.004439507723681247
3.782606349206349e-05,3.295932984820613,-0.004439507723681247
3.78360634920635e-05,2.981629122486058,-0.05271079760007422
3.78460634920635e-05,-0.3204102782757921,-0.1418270250641843
3.785606349206349e-05,-0.9268318479565798,0.09952942431778054
3.786606349206349e-05,0.763013623653908,-0.08984255904345344
3.78760634920635e-05,0.03087050903929837,-0.02671856458970878
3.78860634920635e-05,-0.490504133186257,0.03640542986403589
3.78960634920635e-05,0.2934066764011029,-0.03785809302272254
3.790606349206349e-05,0.004986661552923288,0.01041319685367044
3.79160634920635e-05,0.1602897464711738,0.06239766287440134
3.79260634920635e-05,3.6952837746104,0.1329480096168218
3.79360634920635e-05,4.224053801832063,-0.08984255904345344
3.794606349206349e-05,2.401091400291646,0.06982401516307718
3.79560634920635e-05,3.281142214828399,0.006700020709332516
3.79660634920635e-05,3.809912242050061,-0.02300538844537085
3.79760634920635e-05,2.903977580026933,-0.0007263315793433261
3.798606349206349e-05,3.273746829832291,0.002986844564994595
3.799606349206349e-05,3.480817609723292,-0.03414491687838462
3.80060634920635e-05,3.192397594875112,0.002986844564994595
3.80160634920635e-05,3.233072212353702,-0.02300538844537085
3.80260634920635e-05,3.384677604773899,0.0215527252866842
3.803606349206349e-05,3.262653752338131,-0.0007263315793433261
3.80460634920635e-05,3.247862982345916,-0.01186586001235709
3.80560634920635e-05,3.336607602299202,0.006700020709332516
3.806606349206349e-05,3.273746829832291,-0.01929221230103293
3.807606349206349e-05,3.262653752338131,-0.008152683868019168
3.80860634920635e-05,3.325514524805041,-0.0007263315793433261
3.80960634920635e-05,3.292235292322559,-0.01557903615669501
3.81060634920635e-05,3.295932984820613,0.01041319685367044
3.811606349206349e-05,3.325514524805041,0.01041319685367044
3.81260634920635e-05,3.277444522330345,-0.01557903615669501
3.81360634920635e-05,3.295932984820613,0.0215527252866842
3.81460634920635e-05,3.30332836981672,-0.0007263315793433261
3.815606349206349e-05,3.022303739964648,-0.05642397374441215
3.816606349206349e-05,-0.3093172007816313,-0.1492533773528602
3.81760634920635e-05,-0.9120410779643655,0.09581624817344263
3.81860634920635e-05,0.7815020861441759,-0.07498985446610175
3.819606349206349e-05,0.03087050903929837,-0.03414491687838462
3.820606349206349e-05,-0.4572249007037747,0.05125813444138757
3.82160634920635e-05,0.3044997538952636,0.002986844564994595
3.82260634920635e-05,0.03087050903929837,0.01783954914234628
3.82360634920635e-05,-0.1392233458711665,0.04011860600837381
3.824606349206349e-05,0.06045204902372704,0.006700020709332516
3.82560634920635e-05,0.05305666402761988,0.04011860600837381
3.82660634920635e-05,-0.0652694959100948,-0.0007263315793433261
3.82760634920635e-05,0.01238204654903046,0.002986844564994595
3.828606349206349e-05,0.05305666402761988,0.01783954914234628
3.82960634920635e-05,-0.06896718840814839,-0.01557903615669501
3.83060634920635e-05,0.01607973904708404,0.006700020709332516
3.83160634920635e-05,0.3192905238874779,0.05497131058572549
3.832606349206349e-05,3.647213772135703,0.1515138903385115
3.83360634920635e-05,4.216658416835956,-0.1046952636208051
3.83460634920635e-05,2.497231405241039,0.0735371913074151
3.83560634920635e-05,3.277444522330345,0.006700020709332516
3.836606349206349e-05,3.791423779559793,-0.0304317407340467
3.837606349206349e-05,2.970536044991897,0.04383178215271173
3.83860634920635e-05,3.292235292322559,-0.008152683868019168
3.83960634920635e-05,3.451236069738863,0.002986844564994595
3.840606349206349e-05,3.218281442361488,0.0215527252866842
3.841606349206349e-05,3.240467597349809,-0.008152683868019168
3.84260634920635e-05,3.366189142283631,0.01041319685367044
3.84360634920635e-05,3.281142214828399,0.006700020709332516
3.84460634920635e-05,3.244165289847863,-0.008152683868019168
3.845606349206349e-05,3.351398372291416,0.02526590143102212
3.84660634920635e-05,3.292235292322559,-0.01929221230103293
3.84760634920635e-05,3.277444522330345,0.006700020709332516
3.84860634920635e-05,3.332909909801149,-0.008152683868019168
3.849606349206349e-05,3.295932984820613,0.006700020709332516
3.85060634920635e-05,3.266351444836184,-0.004439507723681247
3.85160634920635e-05,3.30332836981672,0.01412637299800836
3.85260634920635e-05,3.281142214828399,-0.008152683868019168
3.853606349206349e-05,3.281142214828399,-0.004439507723681247
3.854606349206349e-05,3.295932984820613,-0.008152683868019168
3.85560634920635e-05,3.30332836981672,0.002986844564994595
3.85660634920635e-05,3.292235292322559,-0.01557903615669501
3.85760634920635e-05,3.30332836981672,-0.01186586001235709
3.858606349206349e-05,3.307026062314773,-0.008152683868019168
3.85960634920635e-05,3.284839907326452,0.006700020709332516
3.86060634920635e-05,3.299630677318667,-0.01929221230103293
3.86160634920635e-05,3.284839907326452,-0.004439507723681247
3.862606349206349e-05,3.314421447310881,-0.01929221230103293
3.86360634920635e-05,3.288537599824505,-0.004439507723681247
3.86460634920635e-05,3.292235292322559,-0.01929221230103293
3.86560634920635e-05,3.284839907326452,-0.01186586001235709
3.866606349206349e-05,3.273746829832291,-0.008152683868019168
3.86760634920635e-05,3.299630677318667,-0.01557903615669501
3.86860634920635e-05,3.284839907326452,-0.01929221230103293
3.86960634920635e-05,3.295932984820613,-0.01557903615669501
3.870606349206349e-05,3.30332836981672,-0.004439507723681247
3.871606349206349e-05,3.299630677318667,-0.004439507723681247
3.87260634920635e-05,3.307026062314773,-0.01929221230103293
3.87360634920635e-05,3.299630677318667,-0.01557903615669501
3.874606349206349e-05,3.284839907326452,-0.01186586001235709
3.875606349206349e-05,3.30332836981672,-0.004439507723681247
3.87660634920635e-05,3.314421447310881,-0.01557903615669501
3.87760634920635e-05,3.299630677318667,-0.02300538844537085
3.87860634920635e-05,3.310723754812827,-0.01186586001235709
3.879606349206349e-05,3.011210662470487,-0.0675635021774259
3.88060634920635e-05,-0.2834333532952563,-0.1529665534971981
3.88160634920635e-05,-0.9083433854663119,0.08838989588476678
3.88260634920635e-05,0.763013623653908,-0.08984255904345344
3.883606349206349e-05,0.0493589715295663,-0.02671856458970878
3.88460634920635e-05,-0.4646202856998818,0.04011860600837381
3.88560634920635e-05,0.3155928313894243,-0.0304317407340467
3.88660634920635e-05,0.01607973904708404,0.006700020709332516
3.887606349206349e-05,0.1565920539731202,0.06239766287440134
3.888606349206349e-05,3.706376852104561,0.1366611857611598
3.88960634920635e-05,4.249937649318438,-0.09726891133212928
3.89060634920635e-05,2.41588217028386,0.08096354359609094
3.89160634920635e-05,3.299630677318667,0.02897907757536004
3.892606349206349e-05,3.809912242050061,-0.02671856458970878
3.89360634920635e-05,2.907675272524986,0.03269225371969797
3.89460634920635e-05,3.292235292322559,0.006700020709332516
3.895606349206349e-05,3.203490672369273,-0.05271079760007422
3.896606349206349e-05,-0.3758756657465959,-0.1269743204868327
3.89760634920635e-05,-0.9749018504312764,0.09581624817344263
3.89860634920635e-05,0.8406651661130332,-0.07870303061043968
3.89960634920635e-05,0.02347512404319121,-0.04157126916706046
3.900606349206349e-05,-0.4942018256843105,0.03269225371969797
3.90160634920635e-05,0.3636628338641209,-0.01929221230103293
3.90260634920635e-05,0.001288969054869704,-0.01557903615669501
3.90360634920635e-05,0.1344058989847987,0.08838989588476678
3.904606349206349e-05,3.743353777085097,0.1218084811838081
3.905606349206349e-05,4.238844571824277,-0.07127667832176383
3.90660634920635e-05,2.378905245303324,0.05868448673006341
3.90760634920635e-05,3.307026062314773,0.01783954914234628
3.908606349206349e-05,3.809912242050061,-0.01929221230103293
3.909606349206349e-05,2.896582195030826,0.02526590143102212
3.91060634920635e-05,3.288537599824505,0.002986844564994595
3.91160634920635e-05,3.473422224727185,-0.03414491687838462
3.91260634920635e-05,3.173909132384845,0.01412637299800836
3.913606349206349e-05,3.258956059840077,-0.02671856458970878
3.91460634920635e-05,3.380979912275845,-0.01557903615669501
3.91560634920635e-05,3.273746829832291,-0.01929221230103293
3.91660634920635e-05,3.236769904851756,-0.03785809302272254
3.917606349206349e-05,3.340305294797256,-0.0007263315793433261
3.91860634920635e-05,3.270049137334238,-0.01929221230103293
3.91960634920635e-05,2.985326814984112,-0.0489976214557363
3.92060634920635e-05,-0.2760379682991491,-0.1492533773528602
3.921606349206349e-05,-0.9379249254507406,0.08467671974042887
3.922606349206349e-05,0.7482228536616936,-0.08984255904345344
3.92360634920635e-05,0.0493589715295663,-0.03414491687838462
3.92460634920635e-05,-0.4757133631940426,0.04011860600837381
3.92560634920635e-05,0.3044997538952636,-0.01929221230103293
3.926606349206349e-05,0.02347512404319121,-0.0007263315793433261
3.92760634920635e-05,-0.1281302683770057,0.02897907757536004
3.92860634920635e-05,0.06045204902372704,-0.02300538844537085
3.929606349206349e-05,0.04566127903151271,0.01412637299800836
3.930606349206349e-05,-0.07266488090620198,0.006700020709332516
3.93160634920635e-05,-0.009804108439291047,-0.004439507723681247
3.93260634920635e-05,0.04566127903151271,0.01783954914234628
3.93360634920635e-05,-0.05787411091398764,-0.004439507723681247
3.934606349206349e-05,0.01607973904708404,-0.0007263315793433261
3.93560634920635e-05,0.3155928313894243,0.04011860600837381
3.93660634920635e-05,3.617632232151275,0.1440875380498356
3.93760634920635e-05,4.201867646843741,-0.09355573518779135
3.938606349206349e-05,2.478742942750771,0.08838989588476678
3.93960634920635e-05,3.258956059840077,0.01412637299800836
3.94060634920635e-05,3.758144547077311,-0.03414491687838462
3.94160634920635e-05,2.952047582501629,0.02897907757536004
3.942606349206349e-05,3.277444522330345,-0.004439507723681247
3.943606349206349e-05,3.429049914750542,-0.01186586001235709
3.94460634920635e-05,3.207188364867327,0.01412637299800836
3.94560634920635e-05,3.229374519855648,-0.004439507723681247
3.94660634920635e-05,3.35509606478947,0.01041319685367044
3.947606349206349e-05,3.288537599824505,0.02897907757536004
3.94860634920635e-05,3.240467597349809,-0.01557903615669501
3.94960634920635e-05,3.340305294797256,0.02526590143102212
3.95060634920635e-05,3.277444522330345,-0.008152683868019168
3.951606349206349e-05,2.989024507482165,-0.04157126916706046
3.95260634920635e-05,-0.3019218157855242,-0.1306874966311706
3.95360634920635e-05,-0.9157387704624191,0.09952942431778054
3.95460634920635e-05,0.7482228536616936,-0.06385032603308799
3.955606349206349e-05,0.03087050903929837,-0.01186586001235709
3.95660634920635e-05,-0.4868064406882034,0.03640542986403589
3.95760634920635e-05,0.2897089839030492,0.006700020709332516
3.95860634920635e-05,0.01607973904708404,0.006700020709332516
3.95960634920635e-05,-0.1503164233653272,0.04011860600837381
3.960606349206349e-05,0.05675435652567346,-0.0007263315793433261
3.96160634920635e-05,0.04566127903151271,0.04011860600837381
3.96260634920635e-05,-0.08375795840036272,0.01412637299800836
3.963606349206349e-05,-0.009804108439291047,0.006700020709332516
3.964606349206349e-05,0.02717281654124479,0.03269225371969797
3.96560634920635e-05,-0.06157180341204122,0.002986844564994595
3.96660634920635e-05,0.001288969054869704,0.03640542986403589
3.96760634920635e-05,0.3044997538952636,0.05497131058572549
3.968606349206349e-05,3.625027617147382,0.1329480096168218
3.96960634920635e-05,4.194472261847634,-0.07870303061043968
3.97060634920635e-05,2.46764986525661,0.08467671974042887
3.97160634920635e-05,3.266351444836184,0.0215527252866842
3.972606349206349e-05,3.750749162081203,-0.01186586001235709
3.97360634920635e-05,2.944652197505522,0.03640542986403589
3.97460634920635e-05,3.273746829832291,-0.004439507723681247
3.97560634920635e-05,3.425352222252488,-0.02300538844537085
3.976606349206349e-05,3.207188364867327,0.02897907757536004
3.977606349206349e-05,3.214583749863434,-0.01929221230103293
3.97860634920635e-05,3.358793757287524,-0.0007263315793433261
3.97960634920635e-05,3.270049137334238,-0.0007263315793433261
3.98060634920635e-05,3.233072212353702,-0.01557903615669501
3.981606349206349e-05,3.325514524805041,0.0215527252866842
3.98260634920635e-05,3.266351444836184,-0.0007263315793433261
3.98360634920635e-05,3.277444522330345,-0.008152683868019168
3.984606349206349e-05,3.30332836981672,0.006700020709332516
3.985606349206349e-05,3.281142214828399,-0.01186586001235709
3.98660634920635e-05,3.284839907326452,-0.0007263315793433261
3.98760634920635e-05,3.310723754812827,-0.0007263315793433261
3.98860634920635e-05,3.295932984820613,0.002986844564994595
3.989606349206349e-05,3.288537599824505,0.006700020709332516
3.99060634920635e-05,3.299630677318667,-0.004439507723681247
3.99160634920635e-05,3.292235292322559,0.002986844564994595
3.99260634920635e-05,3.270049137334238,0.002986844564994595
3.993606349206349e-05,3.310723754812827,-0.004439507723681247
3.994606349206349e-05,3.292235292322559,0.0215527252866842
3.99560634920635e-05,3.295932984820613,0.002986844564994595
3.99660634920635e-05,3.281142214828399,-0.004439507723681247
3.997606349206349e-05,3.292235292322559,0.01412637299800836
3.998606349206349e-05,3.292235292322559,0.002986844564994595
3.99960634920635e-05,2.992722199980219,-0.04528444531139838
4.00060634920635e-05,-0.3204102782757921,-0.1306874966311706
4.00160634920635e-05,-0.9194364629604727,0.1292348334724839
4.002606349206349e-05,0.7667113161519615,-0.07127667832176383
4.00360634920635e-05,0.02347512404319121,-0.01557903615669501
4.00460634920635e-05,-0.4683179781979355,0.03640542986403589
4.00560634920635e-05,0.3155928313894243,-0.02671856458970878
4.006606349206349e-05,0.01977743154513762,0.01412637299800836
4.00760634920635e-05,-0.1355256533731129,0.02897907757536004
4.00860634920635e-05,0.06414974152178063,-0.01186586001235709
4.00960634920635e-05,0.03826589403540554,0.03640542986403589
4.010606349206349e-05,-0.06896718840814839,0.01041319685367044
4.011606349206349e-05,0.01238204654903046,-0.01186586001235709
4.01260634920635e-05,0.06414974152178063,0.03640542986403589
4.01360634920635e-05,-0.05417641841593406,-0.0007263315793433261
4.01460634920635e-05,0.01238204654903046,0.002986844564994595
4.015606349206349e-05,0.3155928313894243,0.05868448673006341
4.01660634920635e-05,3.647213772135703,0.1180953050394702
4.01760634920635e-05,4.198169954345688,-0.08612938289911551
4.018606349206349e-05,2.489836020244931,0.07725036745175302
4.019606349206349e-05,3.277444522330345,0.01783954914234628
4.02060634920635e-05,3.765539932073418,-0.03785809302272254
4.02160634920635e-05,2.948349890003576,0.02897907757536004
4.02260634920635e-05,3.270049137334238,-0.008152683868019168
4.023606349206349e-05,3.462329147233024,-0.01186586001235709
4.02460634920635e-05,3.214583749863434,0.03269225371969797
4.02560634920635e-05,3.240467597349809,-0.01557903615669501
4.02660634920635e-05,3.369886834781684,0.01783954914234628
4.027606349206349e-05,3.281142214828399,0.006700020709332516
4.028606349206349e-05,3.233072212353702,-0.01186586001235709
4.02960634920635e-05,3.347700679793363,0.01041319685367044
4.03060634920635e-05,3.273746829832291,-0.008152683868019168
4.031606349206349e-05,3.273746829832291,0.002986844564994595
4.032606349206349e-05,3.310723754812827,0.006700020709332516
4.03360634920635e-05,3.288537599824505,-0.01186586001235709
4.03460634920635e-05,3.284839907326452,0.01412637299800836
4.03560634920635e-05,3.295932984820613,0.02897907757536004
4.036606349206349e-05,3.284839907326452,-0.01557903615669501
4.03760634920635e-05,3.292235292322559,0.01041319685367044
4.03860634920635e-05,3.288537599824505,0.006700020709332516
4.03960634920635e-05,3.30332836981672,-0.02300538844537085
4.040606349206349e-05,3.30332836981672,-0.0007263315793433261
4.04160634920635e-05,3.288537599824505,0.01041319685367044
4.04260634920635e-05,3.310723754812827,-0.01186586001235709
4.04360634920635e-05,3.277444522330345,0.0215527252866842
4.044606349206349e-05,3.307026062314773,-0.004439507723681247
4.04560634920635e-05,3.284839907326452,0.006700020709332516
4.04660634920635e-05,3.310723754812827,-0.0007263315793433261
4.04760634920635e-05,3.01490835496854,-0.04528444531139838
4.04860634920635e-05,-0.3130148932796849,-0.160392905785874
4.049606349206349e-05,-0.9083433854663119,0.0921030720291047
4.05060634920635e-05,0.7815020861441759,-0.06013714988875006
4.05160634920635e-05,0.04196358653345913,-0.02300538844537085
4.052606349206349e-05,-0.4609225932018283,0.04754495829704965
4.053606349206349e-05,0.3192905238874779,-0.02671856458970878
4.05460634920635e-05,0.01607973904708404,0.01783954914234628
4.05560634920635e-05,0.1898712864556025,0.08096354359609094
4.05660634920635e-05,3.724865314594829,0.1180953050394702
4.057606349206349e-05,4.249937649318438,-0.09355573518779135
4.05860634920635e-05,2.423277555279967,0.06239766287440134
4.05960634920635e-05,3.284839907326452,0.002986844564994595
4.06060634920635e-05,3.817307627046168,-0.02300538844537085
4.061606349206349e-05,2.892884502532772,0.01041319685367044
4.06260634920635e-05,3.307026062314773,0.01041319685367044
4.06360634920635e-05,3.469724532229131,-0.02671856458970878
4.06460634920635e-05,3.188699902377059,0.01041319685367044
4.065606349206349e-05,3.262653752338131,-0.04157126916706046
4.066606349206349e-05,3.377282219777792,-0.004439507723681247
4.06760634920635e-05,3.273746829832291,0.002986844564994595
4.06860634920635e-05,3.262653752338131,-0.004439507723681247
4.06960634920635e-05,3.35509606478947,0.006700020709332516
4.070606349206349e-05,3.277444522330345,-0.02300538844537085
4.07160634920635e-05,3.270049137334238,-0.01186586001235709
4.07260634920635e-05,3.318119139808934,-0.008152683868019168
4.073606349206349e-05,3.281142214828399,-0.02300538844537085
4.074606349206349e-05,3.281142214828399,-0.01929221230103293
4.07560634920635e-05,3.295932984820613,0.002986844564994595
4.07660634920635e-05,3.310723754812827,-0.0007263315793433261
4.07760634920635e-05,3.295932984820613,-0.004439507723681247
4.078606349206349e-05,3.288537599824505,-0.01929221230103293
4.07960634920635e-05,3.011210662470487,-0.05642397374441215
4.08060634920635e-05,-0.3204102782757921,-0.1492533773528602
4.08160634920635e-05,-0.9120410779643655,0.08838989588476678
4.082606349206349e-05,0.763013623653908,-0.112121615909481
4.083606349206349e-05,0.03087050903929837,-0.03785809302272254
4.08460634920635e-05,-0.4572249007037747,0.04011860600837381
4.08560634920635e-05,0.3044997538952636,-0.03414491687838462
4.086606349206349e-05,-0.006106415941237463,0.006700020709332516
4.087606349206349e-05,0.1565920539731202,0.06982401516307718
4.08860634920635e-05,3.721167622096775,0.1218084811838081
4.08960634920635e-05,4.216658416835956,-0.108408439765143
4.09060634920635e-05,2.401091400291646,0.05868448673006341
4.091606349206349e-05,3.292235292322559,-0.0007263315793433261
4.09260634920635e-05,3.806214549552007,-0.0304317407340467
4.09360634920635e-05,2.90027988752888,-0.01186586001235709
4.09460634920635e-05,3.292235292322559,-0.01557903615669501
4.095606349206349e-05,3.473422224727185,-0.04157126916706046
4.09660634920635e-05,3.196095287373166,-0.004439507723681247
4.09760634920635e-05,3.266351444836184,-0.02671856458970878
4.09860634920635e-05,3.388375297271952,-0.02300538844537085
4.099606349206349e-05,3.270049137334238,-0.02300538844537085
4.100606349206349e-05,3.270049137334238,-0.04528444531139838
4.10160634920635e-05,3.347700679793363,-0.02300538844537085
4.10260634920635e-05,3.295932984820613,-0.03785809302272254
4.10360634920635e-05,3.281142214828399,-0.01929221230103293
4.104606349206349e-05,3.336607602299202,-0.01186586001235709
4.10560634920635e-05,3.295932984820613,-0.008152683868019168
4.10660634920635e-05,3.30332836981672,-0.01557903615669501
4.107606349206349e-05,3.307026062314773,-0.008152683868019168
4.108606349206349e-05,3.284839907326452,-0.01557903615669501
4.10960634920635e-05,3.299630677318667,-0.008152683868019168
4.11060634920635e-05,3.295932984820613,-0.01557903615669501
4.11160634920635e-05,3.022303739964648,-0.07127667832176383
4.112606349206349e-05,-0.3204102782757921,-0.1455402012085223
4.11360634920635e-05,-0.9046456929682584,0.08838989588476678
4.11460634920635e-05,0.7704090086500152,-0.1009820874764672
4.11560634920635e-05,0.03826589403540554,-0.03785809302272254
4.116606349206349e-05,-0.4535272082057211,0.03640542986403589
4.117606349206349e-05,0.3081974463933171,-0.03785809302272254
4.11860634920635e-05,-0.00240872344318388,0.002986844564994595
4.11960634920635e-05,-0.1429210383692201,0.01041319685367044
4.120606349206349e-05,0.05675435652567346,-0.0304317407340467
4.121606349206349e-05,0.0493589715295663,0.0215527252866842
4.12260634920635e-05,-0.06896718840814839,0.006700020709332516
4.12360634920635e-05,0.02347512404319121,-0.02300538844537085
4.12460634920635e-05,0.03456820153735196,0.002986844564994595
4.125606349206349e-05,-0.05047872591788047,-0.03785809302272254
4.12660634920635e-05,0.02347512404319121,0.006700020709332516
4.12760634920635e-05,0.01977743154513762,-0.01186586001235709
4.12860634920635e-05,-0.02829257092955897,-0.004439507723681247
4.129606349206349e-05,-0.00240872344318388,0.01041319685367044
4.13060634920635e-05,0.008684354050976872,-0.008152683868019168
4.13160634920635e-05,-0.02829257092955897,-0.01557903615669501
4.13260634920635e-05,0.008684354050976872,-0.01929221230103293
4.133606349206349e-05,-0.02459487843150538,-0.01186586001235709
4.134606349206349e-05,-0.02459487843150538,-0.01186586001235709
4.13560634920635e-05,0.3155928313894243,0.02526590143102212
4.13660634920635e-05,3.662004542127918,0.1329480096168218
4.13760634920635e-05,4.172286106859312,-0.1269743204868327
4.138606349206349e-05,2.445463710268288,0.06611083901873925
4.13960634920635e-05,3.270049137334238,-0.008152683868019168
4.14060634920635e-05,3.754446854579257,-0.05642397374441215
4.141606349206349e-05,2.915070657521094,0.006700020709332516
4.142606349206349e-05,3.277444522330345,-0.04157126916706046
4.14360634920635e-05,3.144327592400416,-0.07870303061043968
4.14460634920635e-05,-0.3795733582446494,-0.1455402012085223
4.14560634920635e-05,-0.997088005419598,0.06982401516307718
4.146606349206349e-05,0.807385933630551,-0.09355573518779135
4.14760634920635e-05,0.02347512404319121,-0.06013714988875006
4.14860634920635e-05,-0.5274810581667928,0.01041319685367044
4.14960634920635e-05,0.3377789863777458,-0.01929221230103293
4.150606349206349e-05,-0.02459487843150538,-0.01929221230103293
4.15160634920635e-05,-0.1762002708517023,0.01412637299800836
4.15260634920635e-05,0.0715451265178878,-0.0489976214557363
4.15360634920635e-05,0.02347512404319121,-0.004439507723681247
4.154606349206349e-05,-0.08745565089841631,-0.008152683868019168
4.155606349206349e-05,0.008684354050976872,-0.02300538844537085
4.15660634920635e-05,0.01238204654903046,0.002986844564994595
4.15760634920635e-05,-0.06896718840814839,0.002986844564994595
4.15860634920635e-05,-0.0208971859334518,-0.0007263315793433261
4.159606349206349e-05,0.3118951388913708,0.03269225371969797
4.16060634920635e-05,3.632423002143489,0.1292348334724839
4.16160634920635e-05,4.168588414361259,-0.108408439765143
4.162606349206349e-05,2.449161402766342,0.06982401516307718
4.163606349206349e-05,3.255258367342023,0.01041319685367044
4.16460634920635e-05,3.743353777085097,-0.05642397374441215
4.16560634920635e-05,2.929861427513308,0.02897907757536004
4.16660634920635e-05,3.25156067484397,-0.01929221230103293
4.167606349206349e-05,3.144327592400416,-0.08984255904345344
4.16860634920635e-05,-0.3795733582446494,-0.1306874966311706
4.16960634920635e-05,-1.000785697917651,0.06982401516307718
4.17060634920635e-05,0.8258743961208189,-0.09726891133212928
4.17160634920635e-05,0.008684354050976872,-0.02671856458970878
4.172606349206349e-05,-0.5237833656687392,0.0215527252866842
4.17360634920635e-05,0.3414766788757994,-0.03414491687838462
4.17460634920635e-05,-0.01350180093734463,0.002986844564994595
4.175606349206349e-05,0.1418012839809059,0.08096354359609094
4.176606349206349e-05,3.735958392088989,0.125521657328146
4.17760634920635e-05,4.227751494330116,-0.1046952636208051
4.17860634920635e-05,2.386300630299431,0.05125813444138757
4.17960634920635e-05,3.288537599824505,0.01783954914234628
4.180606349206349e-05,3.802516857053954,-0.02671856458970878
4.18160634920635e-05,2.90027988752888,0.01041319685367044
4.18260634920635e-05,3.307026062314773,0.006700020709332516
4.18360634920635e-05,3.473422224727185,-0.03785809302272254
4.184606349206349e-05,3.173909132384845,-0.004439507723681247
4.18560634920635e-05,3.25156067484397,-0.02300538844537085
4.18660634920635e-05,3.358793757287524,0.002986844564994595
4.18760634920635e-05,3.262653752338131,-0.008152683868019168
4.188606349206349e-05,3.236769904851756,-0.01186586001235709
4.189606349206349e-05,3.332909909801149,0.02526590143102212
4.19060634920635e-05,3.258956059840077,-0.008152683868019168
4.19160634920635e-05,3.25156067484397,0.002986844564994595
4.19260634920635e-05,3.318119139808934,0.002986844564994595
4.193606349206349e-05,3.273746829832291,-0.02300538844537085
4.19460634920635e-05,3.299630677318667,0.002986844564994595
4.19560634920635e-05,3.310723754812827,0.006700020709332516
4.196606349206349e-05,3.284839907326452,-0.0007263315793433261
4.197606349206349e-05,3.288537599824505,-0.008152683868019168
4.19860634920635e-05,3.288537599824505,0.006700020709332516
4.19960634920635e-05,2.992722199980219,-0.07870303061043968
4.20060634920635e-05,-0.3204102782757921,-0.1195479681981568
4.201606349206349e-05,-0.9194364629604727,0.09952942431778054
4.20260634920635e-05,0.7593159311558544,-0.06385032603308799
4.20360634920635e-05,0.01238204654903046,-0.04157126916706046
4.20460634920635e-05,-0.4609225932018283,0.05125813444138757
4.205606349206349e-05,0.30080206139721,-0.02671856458970878
4.206606349206349e-05,0.01977743154513762,0.006700020709332516
4.20760634920635e-05,0.1602897464711738,0.06982401516307718
4.20860634920635e-05,3.713772237100668,0.1403743619054977
4.209606349206349e-05,4.242542264322331,-0.08241620675477759
4.210606349206349e-05,2.401091400291646,0.06239766287440134
4.21160634920635e-05,3.292235292322559,-0.0007263315793433261
4.21260634920635e-05,3.813609934548114,-0.01186586001235709
4.21360634920635e-05,2.903977580026933,0.01783954914234628
4.214606349206349e-05,3.307026062314773,0.0215527252866842
4.21560634920635e-05,3.196095287373166,-0.06385032603308799
4.21660634920635e-05,-0.3943641282368638,-0.1269743204868327
4.21760634920635e-05,-0.9601110804390621,0.08467671974042887
4.218606349206349e-05,0.851758243607194,-0.1009820874764672
4.21960634920635e-05,0.02717281654124479,-0.0304317407340467
4.22060634920635e-05,-0.5015972106804176,0.01412637299800836
4.22160634920635e-05,0.3747559113582817,-0.01186586001235709
4.222606349206349e-05,-0.006106415941237463,0.002986844564994595
4.223606349206349e-05,-0.1651071933575416,0.04011860600837381
4.22460634920635e-05,0.1085220514984236,-0.02300538844537085
4.22560634920635e-05,0.06045204902372704,0.02897907757536004
4.22660634920635e-05,-0.06896718840814839,-0.0007263315793433261
4.227606349206349e-05,0.02347512404319121,0.01041319685367044
4.22860634920635e-05,0.04196358653345913,0.0215527252866842
4.22960634920635e-05,-0.03938564842371972,-0.0007263315793433261
4.230606349206349e-05,0.02347512404319121,0.02897907757536004
4.231606349206349e-05,0.01238204654903046,-0.008152683868019168
4.23260634920635e-05,-0.03199026342761255,0.01783954914234628
4.23360634920635e-05,-0.006106415941237463,0.002986844564994595
4.23460634920635e-05,0.01977743154513762,0.01041319685367044
4.235606349206349e-05,-0.01350180093734463,0.002986844564994595
4.23660634920635e-05,0.01238204654903046,0.002986844564994595
4.23760634920635e-05,-0.006106415941237463,0.01412637299800836
4.23860634920635e-05,0.001288969054869704,0.002986844564994595
4.239606349206349e-05,0.2860112914049956,0.06611083901873925
4.24060634920635e-05,3.639818387139596,0.1329480096168218
4.24160634920635e-05,4.194472261847634,-0.1046952636208051
4.24260634920635e-05,2.445463710268288,0.0735371913074151
4.243606349206349e-05,3.273746829832291,0.006700020709332516
4.244606349206349e-05,3.761842239575365,-0.05642397374441215
4.24560634920635e-05,2.933559120011362,0.02526590143102212
4.24660634920635e-05,3.262653752338131,-0.01186586001235709
4.24760634920635e-05,3.162816054890684,-0.0675635021774259
4.248606349206349e-05,-0.3906664357388102,-0.1269743204868327
4.24960634920635e-05,-1.000785697917651,0.07725036745175302
4.25060634920635e-05,0.807385933630551,-0.08984255904345344
4.25160634920635e-05,0.004986661552923288,-0.01929221230103293
4.252606349206349e-05,-0.5311787506648463,0.01783954914234628
4.25360634920635e-05,0.3340812938796923,0.002986844564994595
4.25460634920635e-05,-0.01719949343539821,0.006700020709332516
4.25560634920635e-05,-0.1872933483458631,0.04011860600837381
4.256606349206349e-05,0.0715451265178878,-0.01929221230103293
4.25760634920635e-05,0.001288969054869704,0.01783954914234628
4.25860634920635e-05,-0.0652694959100948,0.01783954914234628
4.25960634920635e-05,-0.006106415941237463,0.006700020709332516
4.26060634920635e-05,0.01977743154513762,0.01041319685367044
4.261606349206349e-05,-0.07636257340425556,0.006700020709332516
4.26260634920635e-05,-0.00240872344318388,-0.01186586001235709
4.26360634920635e-05,0.2971043688991564,0.05868448673006341
4.264606349206349e-05,3.569562229676578,0.1403743619054977
4.265606349206349e-05,4.19077456934958,-0.09726891133212928
4.26660634920635e-05,2.471347557754664,0.06982401516307718
4.26760634920635e-05,3.240467597349809,0.02897907757536004
4.26860634920635e-05,3.761842239575365,-0.03785809302272254
4.269606349206349e-05,2.937256812509415,0.03269225371969797
4.27060634920635e-05,3.258956059840077,-0.01186586001235709
4.27160634920635e-05,3.148025284898469,-0.06013714988875006
4.272606349206349e-05,-0.3795733582446494,-0.1306874966311706
4.27360634920635e-05,-0.997088005419598,0.08096354359609094
4.27460634920635e-05,0.807385933630551,-0.07127667832176383
4.27560634920635e-05,0.01977743154513762,-0.0489976214557363
4.27660634920635e-05,-0.5274810581667928,0.02897907757536004
4.277606349206349e-05,0.3414766788757994,-0.0007263315793433261
4.278606349206349e-05,-0.01350180093734463,-0.004439507723681247
4.27960634920635e-05,0.123312821490638,0.07725036745175302
4.28060634920635e-05,3.702679159606507,0.1292348334724839
4.28160634920635e-05,4.212960724337902,-0.08612938289911551
4.282606349206349e-05,2.375207552805271,0.06239766287440134
4.28360634920635e-05,3.270049137334238,0.02526590143102212
4.28460634920635e-05,3.784028394563686,-0.04157126916706046
4.285606349206349e-05,2.885489117536665,0.03269225371969797
4.286606349206349e-05,3.284839907326452,0.002986844564994595
4.28760634920635e-05,3.173909132384845,-0.07498985446610175
4.28860634920635e-05,-0.4091548982290781,-0.1344006727755085
4.28960634920635e-05,-0.9896926204234908,0.06239766287440134
4.290606349206349e-05,0.8295720886188724,-0.07870303061043968
4.29160634920635e-05,-0.009804108439291047,-0.05271079760007422
4.29260634920635e-05,-0.516387980672632,0.02526590143102212
4.29360634920635e-05,0.3673605263621745,-0.02671856458970878
4.29460634920635e-05,-0.05787411091398764,0.006700020709332516
4.295606349206349e-05,-0.1725025783536487,0.01412637299800836
4.29660634920635e-05,0.06414974152178063,-0.008152683868019168
4.29760634920635e-05,0.02347512404319121,0.0215527252866842
4.298606349206349e-05,-0.09854872839257706,0.006700020709332516
4.299606349206349e-05,0.001288969054869704,-0.01929221230103293
4.30060634920635e-05,0.02347512404319121,-0.01929221230103293
4.30160634920635e-05,-0.08006026590230914,-0.01929221230103293
4.30260634920635e-05,-0.00240872344318388,0.01412637299800836
4.303606349206349e-05,0.3118951388913708,0.02897907757536004
4.30460634920635e-05,3.599143769661007,0.1589402426271873
4.30560634920635e-05,4.198169954345688,-0.1269743204868327
4.306606349206349e-05,2.463952172758556,0.06239766287440134
4.307606349206349e-05,3.233072212353702,0.006700020709332516
4.30860634920635e-05,3.750749162081203,-0.07498985446610175
4.30960634920635e-05,2.940954505007469,0.01412637299800836
4.31060634920635e-05,3.262653752338131,-0.0304317407340467
4.311606349206349e-05,3.414259144758327,-0.0304317407340467
4.312606349206349e-05,3.218281442361488,0.01783954914234628
4.31360634920635e-05,3.221979134859541,-0.0304317407340467
4.31460634920635e-05,3.351398372291416,-0.01929221230103293
4.31560634920635e-05,3.266351444836184,0.002986844564994595
4.316606349206349e-05,3.214583749863434,-0.03785809302272254
4.31760634920635e-05,3.318119139808934,-0.008152683868019168
4.31860634920635e-05,3.262653752338131,-0.01929221230103293
4.319606349206349e-05,3.25156067484397,-0.01557903615669501
4.320606349206349e-05,3.310723754812827,0.002986844564994595
4.32160634920635e-05,3.266351444836184,-0.03414491687838462
4.32260634920635e-05,3.258956059840077,-0.02300538844537085
4.32360634920635e-05,3.273746829832291,-0.01186586001235709
4.324606349206349e-05,3.292235292322559,-0.04528444531139838
4.32560634920635e-05,3.284839907326452,-0.02300538844537085
4.32660634920635e-05,3.258956059840077,-0.008152683868019168
4.32760634920635e-05,2.996419892478273,-0.07498985446610175
4.32860634920635e-05,-0.3278056632718993,-0.1418270250641843
4.329606349206349e-05,-0.9564133879410085,0.08467671974042887
4.33060634920635e-05,0.7445251611636401,-0.08984255904345344
4.33160634920635e-05,0.01607973904708404,-0.0675635021774259
4.332606349206349e-05,-0.4942018256843105,0.03269225371969797
4.333606349206349e-05,0.2934066764011029,-0.05271079760007422
4.33460634920635e-05,-0.01350180093734463,-0.02300538844537085
4.33560634920635e-05,-0.1577118083614344,0.01041319685367044
4.33660634920635e-05,0.05675435652567346,-0.03785809302272254
4.337606349206349e-05,0.01607973904708404,-0.004439507723681247
4.33860634920635e-05,-0.07636257340425556,-0.01929221230103293
4.33960634920635e-05,-0.0208971859334518,-0.04528444531139838
4.340606349206349e-05,0.03456820153735196,-0.004439507723681247
4.341606349206349e-05,-0.05417641841593406,-0.03414491687838462
4.34260634920635e-05,0.008684354050976872,-0.01186586001235709
4.34360634920635e-05,0.3118951388913708,0.03269225371969797
4.34460634920635e-05,3.617632232151275,0.1218084811838081
4.345606349206349e-05,4.19077456934958,-0.1046952636208051
4.34660634920635e-05,2.46764986525661,0.04383178215271173
4.34760634920635e-05,3.255258367342023,0.002986844564994595
4.34860634920635e-05,3.765539932073418,-0.05271079760007422
4.34960634920635e-05,2.937256812509415,0.006700020709332516
4.350606349206349e-05,3.262653752338131,-0.03414491687838462
4.35160634920635e-05,3.462329147233024,-0.02300538844537085
4.35260634920635e-05,3.218281442361488,-0.01186586001235709
4.353606349206349e-05,3.229374519855648,-0.0304317407340467
4.354606349206349e-05,3.362491449785577,-0.02300538844537085
4.35560634920635e-05,3.277444522330345,-0.03414491687838462
4.35660634920635e-05,3.221979134859541,-0.0304317407340467
4.35760634920635e-05,3.340305294797256,0.006700020709332516
4.358606349206349e-05,3.273746829832291,-0.03785809302272254
4.35960634920635e-05,2.992722199980219,-0.0675635021774259
4.36060634920635e-05,-0.294526430789417,-0.156679729641536
4.361606349206349e-05,-0.9490180029449014,0.08096354359609094
4.36260634920635e-05,0.7408274686655865,-0.108408439765143
4.36360634920635e-05,0.05305666402761988,-0.05642397374441215
4.36460634920635e-05,-0.4794110556920962,0.03269225371969797
4.36560634920635e-05,0.3081974463933171,-0.03414491687838462
4.366606349206349e-05,0.004986661552923288,-0.01186586001235709
4.367606349206349e-05,0.1750805164633882,0.04754495829704965
4.36860634920635e-05,3.698981467108454,0.1143821288951322
4.36960634920635e-05,4.242542264322331,-0.09726891133212928
4.37060634920635e-05,2.401091400291646,0.06239766287440134
4.371606349206349e-05,3.277444522330345,-0.0304317407340467
4.37260634920635e-05,3.809912242050061,-0.04528444531139838
4.37360634920635e-05,2.892884502532772,-0.0007263315793433261
4.374606349206349e-05,3.277444522330345,-0.004439507723681247
4.375606349206349e-05,3.185002209879005,-0.09726891133212928
4.37660634920635e-05,-0.4054572057310245,-0.1492533773528602
4.37760634920635e-05,-0.9675064654351693,0.05868448673006341
4.37860634920635e-05,0.8295720886188724,-0.08241620675477759
4.379606349206349e-05,0.008684354050976872,-0.04528444531139838
4.38060634920635e-05,-0.5089925956765249,0.01783954914234628
4.38160634920635e-05,0.345174371373853,-0.02300538844537085
4.38260634920635e-05,-0.01719949343539821,-0.008152683868019168
4.38360634920635e-05,-0.1725025783536487,0.0215527252866842
4.384606349206349e-05,0.09003358900815572,-0.02300538844537085
4.38560634920635e-05,0.02347512404319121,-0.01186586001235709
4.38660634920635e-05,-0.0911533433964699,-0.008152683868019168
4.387606349206349e-05,0.02717281654124479,-0.01929221230103293
4.388606349206349e-05,0.04196358653345913,0.01412637299800836
4.38960634920635e-05,-0.05047872591788047,-0.0304317407340467
4.39060634920635e-05,0.001288969054869704,0.01783954914234628
4.39160634920635e-05,0.3081974463933171,0.02897907757536004
4.392606349206349e-05,3.606539154657114,0.1218084811838081
4.39360634920635e-05,4.194472261847634,-0.1158347920538189
4.39460634920635e-05,2.463952172758556,0.06982401516307718
4.395606349206349e-05,3.266351444836184,-0.0007263315793433261
4.396606349206349e-05,3.758144547077311,-0.0489976214557363
4.39760634920635e-05,2.933559120011362,0.01412637299800836
4.39860634920635e-05,3.25156067484397,-0.03785809302272254
4.39960634920635e-05,3.148025284898469,-0.0675635021774259
4.400606349206349e-05,-0.3906664357388102,-0.1455402012085223
4.401606349206349e-05,-0.9933903129215443,0.06982401516307718
4.40260634920635e-05,0.8184790111247118,-0.09726891133212928
4.40360634920635e-05,0.008684354050976872,-0.0489976214557363
4.40460634920635e-05,-0.5126902881745784,0.01041319685367044
4.405606349206349e-05,0.3414766788757994,-0.04528444531139838
4.40660634920635e-05,-0.02829257092955897,-0.02671856458970878
4.40760634920635e-05,0.1491966689770131,0.04754495829704965
4.408606349206349e-05,3.754446854579257,0.1292348334724839
4.409606349206349e-05,4.201867646843741,-0.1269743204868327
4.41060634920635e-05,2.382602937801378,0.0735371913074151
4.41160634920635e-05,3.299630677318667,-0.01929221230103293
4.41260634920635e-05,3.7988191645559,-0.04528444531139838
4.413606349206349e-05,2.896582195030826,0.002986844564994595
4.41460634920635e-05,3.299630677318667,-0.03785809302272254
4.41560634920635e-05,3.477119917225238,-0.0304317407340467
4.41660634920635e-05,3.196095287373166,-0.004439507723681247
4.41760634920635e-05,3.233072212353702,-0.04528444531139838
4.418606349206349e-05,3.369886834781684,-0.0304317407340467
4.41960634920635e-05,3.258956059840077,-0.01929221230103293
4.42060634920635e-05,3.270049137334238,-0.02300538844537085
4.421606349206349e-05,3.344002987295309,-0.01186586001235709
4.422606349206349e-05,3.281142214828399,-0.04157126916706046
4.42360634920635e-05,3.270049137334238,-0.01557903615669501
4.42460634920635e-05,3.332909909801149,-0.02300538844537085
4.42560634920635e-05,3.284839907326452,-0.03414491687838462
4.426606349206349e-05,3.295932984820613,-0.0007263315793433261
4.42760634920635e-05,3.325514524805041,-0.01557903615669501
4.42860634920635e-05,3.281142214828399,-0.02671856458970878
4.429606349206349e-05,3.310723754812827,-0.0007263315793433261
4.430606349206349e-05,3.30332836981672,0.002986844564994595
4.43160634920635e-05,3.026001432462701,-0.09726891133212928
4.43260634920635e-05,-0.3315033557699528,-0.1306874966311706
4.43360634920635e-05,-0.8824595379799368,0.08838989588476678
4.434606349206349e-05,0.7851997786422295,-0.07870303061043968
4.435606349206349e-05,0.04566127903151271,-0.03414491687838462
4.43660634920635e-05,-0.4572249007037747,0.0215527252866842
4.43760634920635e-05,0.3229882163855315,-0.03414491687838462
4.43860634920635e-05,0.01977743154513762,-0.02300538844537085
4.439606349206349e-05,-0.1281302683770057,0.0215527252866842
4.44060634920635e-05,0.08263820401204855,-0.04528444531139838
4.44160634920635e-05,0.06414974152178063,-0.0007263315793433261
4.442606349206349e-05,-0.05787411091398764,-0.0304317407340467
4.443606349206349e-05,0.02717281654124479,-0.02300538844537085
4.44460634920635e-05,0.0493589715295663,0.002986844564994595
4.44560634920635e-05,-0.03199026342761255,-0.04157126916706046
4.44660634920635e-05,0.01607973904708404,-0.004439507723681247
4.447606349206349e-05,0.3192905238874779,0.03640542986403589
4.44860634920635e-05,3.65460915713181,0.1069557766064564
4.44960634920635e-05,4.209263031839848,-0.1232611443424947
4.45060634920635e-05,2.489836020244931,0.04754495829704965
4.45160634920635e-05,3.277444522330345,-0.0007263315793433261
4.45260634920635e-05,3.780330702065632,-0.0675635021774259
4.45360634920635e-05,2.940954505007469,0.006700020709332516
4.45460634920635e-05,3.284839907326452,-0.04157126916706046
4.455606349206349e-05,3.151722977396523,-0.09355573518779135
4.456606349206349e-05,-0.3758756657465959,-0.1418270250641843
4.45760634920635e-05,-0.9749018504312764,0.06611083901873925
4.45860634920635e-05,0.8369674736149797,-0.09726891133212928
4.45960634920635e-05,0.01977743154513762,-0.04157126916706046
4.460606349206349e-05,-0.5089925956765249,0.01412637299800836
4.46160634920635e-05,0.3562674488680138,-0.03414491687838462
4.46260634920635e-05,0.001288969054869704,-0.01557903615669501
4.463606349206349e-05,-0.1651071933575416,0.006700020709332516
4.464606349206349e-05,0.09003358900815572,-0.0304317407340467
4.46560634920635e-05,0.01977743154513762,-0.004439507723681247
4.46660634920635e-05,-0.06157180341204122,-0.008152683868019168
4.46760634920635e-05,-0.00240872344318388,-0.01186586001235709
4.468606349206349e-05,0.03456820153735196,0.01412637299800836
4.46960634920635e-05,-0.07266488090620198,-0.008152683868019168
4.47060634920635e-05,0.01238204654903046,0.002986844564994595
4.47160634920635e-05,0.3192905238874779,0.03640542986403589
4.47260634920635e-05,3.64351607963765,0.1292348334724839
4.473606349206349e-05,4.19077456934958,-0.1195479681981568
4.47460634920635e-05,2.471347557754664,0.05868448673006341
4.47560634920635e-05,3.266351444836184,-0.0007263315793433261
4.476606349206349e-05,3.739656084587043,-0.06013714988875006
4.477606349206349e-05,2.952047582501629,0.01783954914234628
4.47860634920635e-05,3.273746829832291,-0.04157126916706046
4.47960634920635e-05,3.162816054890684,-0.0675635021774259
4.48060634920635e-05,-0.383271050742703,-0.1492533773528602
4.481606349206349e-05,-0.997088005419598,0.06611083901873925
4.48260634920635e-05,0.8221767036227653,-0.08241620675477759
4.48360634920635e-05,0.001288969054869704,-0.0304317407340467
4.484606349206349e-05,-0.5200856731706857,0.02897907757536004
4.485606349206349e-05,0.345174371373853,-0.02671856458970878
4.48660634920635e-05,-0.0208971859334518,-0.02671856458970878
4.48760634920635e-05,0.1491966689770131,0.06611083901873925
4.48860634920635e-05,3.74705146958315,0.125521657328146
4.489606349206349e-05,4.198169954345688,-0.07870303061043968
4.490606349206349e-05,2.382602937801378,0.08467671974042887
4.49160634920635e-05,3.288537599824505,0.01783954914234628
4.49260634920635e-05,3.7988191645559,-0.0489976214557363
4.49360634920635e-05,2.878093732540558,0.006700020709332516
4.494606349206349e-05,3.284839907326452,0.01041319685367044
4.49560634920635e-05,3.44753837724081,-0.0304317407340467
4.49660634920635e-05,3.181304517380952,0.01041319685367044
4.497606349206349e-05,3.247862982345916,-0.02300538844537085
4.498606349206349e-05,3.351398372291416,-0.0007263315793433261
4.49960634920635e-05,3.244165289847863,-0.008152683868019168
4.50060634920635e-05,3.229374519855648,-0.01557903615669501
4.50160634920635e-05,3.344002987295309,-0.0007263315793433261
4.502606349206349e-05,3.262653752338131,-0.01186586001235709
4.50360634920635e-05,2.959442967497737,-0.0489976214557363
4.50460634920635e-05,-0.3204102782757921,-0.1306874966311706
4.50560634920635e-05,-0.9231341554585263,0.09581624817344263
4.50660634920635e-05,0.7445251611636401,-0.0675635021774259
4.507606349206349e-05,0.03087050903929837,-0.01929221230103293
4.50860634920635e-05,-0.4794110556920962,0.04011860600837381
4.50960634920635e-05,0.2971043688991564,-0.03414491687838462
4.510606349206349e-05,0.001288969054869704,0.01041319685367044
4.511606349206349e-05,-0.1429210383692201,0.01041319685367044
4.51260634920635e-05,0.05305666402761988,0.006700020709332516
4.51360634920635e-05,0.04566127903151271,0.01041319685367044
4.51460634920635e-05,-0.07636257340425556,-0.004439507723681247
4.515606349206349e-05,0.001288969054869704,-0.004439507723681247
4.51660634920635e-05,0.04566127903151271,0.0215527252866842
4.51760634920635e-05,-0.04678103341982689,-0.004439507723681247
4.518606349206349e-05,0.01607973904708404,-0.01557903615669501
4.519606349206349e-05,-0.00240872344318388,0.006700020709332516
4.52060634920635e-05,-0.02459487843150538,0.01041319685367044
4.52160634920635e-05,-0.00240872344318388,-0.004439507723681247
4.52260634920635e-05,0.01238204654903046,-0.0007263315793433261
4.523606349206349e-05,-0.01350180093734463,-0.01557903615669501
4.524606349206349e-05,-0.00240872344318388,-0.0007263315793433261
4.52560634920635e-05,0.01238204654903046,-0.01186586001235709
4.52660634920635e-05,0.001288969054869704,0.006700020709332516
4.52760634920635e-05,0.3155928313894243,0.04011860600837381
4.528606349206349e-05,3.680493004618186,0.1180953050394702
4.52960634920635e-05,4.183379184353473,-0.1046952636208051
4.53060634920635e-05,2.46764986525661,0.05125813444138757
4.531606349206349e-05,3.284839907326452,0.01041319685367044
4.532606349206349e-05,3.780330702065632,-0.07127667832176383
4.53360634920635e-05,2.940954505007469,0.0215527252866842
4.53460634920635e-05,3.273746829832291,-0.008152683868019168
4.53560634920635e-05,3.458631454734971,-0.03414491687838462
4.536606349206349e-05,3.203490672369273,0.01783954914234628
4.53760634920635e-05,3.255258367342023,-0.03414491687838462
4.53860634920635e-05,3.384677604773899,-0.0007263315793433261
4.53960634920635e-05,3.273746829832291,-0.008152683868019168
4.54060634920635e-05,3.258956059840077,-0.04157126916706046
4.541606349206349e-05,3.344002987295309,-0.0007263315793433261
4.54260634920635e-05,3.277444522330345,-0.01557903615669501
4.54360634920635e-05,2.992722199980219,-0.03785809302272254
4.544606349206349e-05,-0.2908287382913634,-0.1418270250641843
4.545606349206349e-05,-0.9305295404546334,0.0921030720291047
4.54660634920635e-05,0.7519205461597472,-0.08241620675477759
4.54760634920635e-05,0.06045204902372704,-0.02671856458970878
4.54860634920635e-05,-0.4572249007037747,0.03269225371969797
4.549606349206349e-05,0.3266859088835851,-0.01929221230103293
4.55060634920635e-05,0.01977743154513762,0.01041319685367044
4.55160634920635e-05,0.1750805164633882,0.05868448673006341
4.552606349206349e-05,3.721167622096775,0.1292348334724839
4.553606349206349e-05,4.235146879326224,-0.08612938289911551
4.55460634920635e-05,2.42697524777802,0.07725036745175302
4.55560634920635e-05,3.288537599824505,0.002986844564994595
4.55660634920635e-05,3.817307627046168,-0.03414491687838462
4.557606349206349e-05,2.892884502532772,0.01783954914234628
4.55860634920635e-05,3.310723754812827,0.02526590143102212
4.55960634920635e-05,3.484515302221346,-0.01929221230103293
4.56060634920635e-05,3.192397594875112,0.01412637299800836
4.56160634920635e-05,3.236769904851756,-0.01929221230103293
4.562606349206349e-05,3.369886834781684,0.01041319685367044
4.56360634920635e-05,3.255258367342023,0.002986844564994595
4.56460634920635e-05,3.25156067484397,-0.0007263315793433261
4.565606349206349e-05,3.325514524805041,0.01041319685367044
4.566606349206349e-05,3.266351444836184,-0.01557903615669501
4.56760634920635e-05,2.992722199980219,-0.03414491687838462
4.56860634920635e-05,-0.2797356607972027,-0.1492533773528602
4.56960634920635e-05,-0.9305295404546334,0.09952942431778054
4.570606349206349e-05,0.7556182386578009,-0.07870303061043968
4.57160634920635e-05,0.04566127903151271,-0.0007263315793433261
4.57260634920635e-05,-0.4683179781979355,0.03269225371969797
4.573606349206349e-05,0.30080206139721,-0.008152683868019168
4.57460634920635e-05,0.02347512404319121,0.006700020709332516
4.57560634920635e-05,-0.1429210383692201,0.01412637299800836
4.57660634920635e-05,0.03456820153735196,0.002986844564994595
4.57760634920635e-05,0.0493589715295663,0.02897907757536004
4.578606349206349e-05,-0.05787411091398764,0.01412637299800836
4.579606349206349e-05,0.008684354050976872,-0.008152683868019168
4.58060634920635e-05,0.01977743154513762,0.03640542986403589
4.58160634920635e-05,-0.05417641841593406,-0.01557903615669501
4.58260634920635e-05,0.008684354050976872,0.01783954914234628
4.583606349206349e-05,0.3044997538952636,0.06239766287440134
4.58460634920635e-05,3.647213772135703,0.1403743619054977
4.58560634920635e-05,4.19077456934958,-0.1046952636208051
4.586606349206349e-05,2.46764986525661,0.06611083901873925
4.587606349206349e-05,3.262653752338131,0.01041319685367044
4.58860634920635e-05,3.772935317069525,-0.03785809302272254
4.58960634920635e-05,2.948349890003576,0.01041319685367044
4.59060634920635e-05,3.277444522330345,-0.01186586001235709
4.591606349206349e-05,3.170211439886791,-0.06013714988875006
4.59260634920635e-05,-0.3610848957543815,-0.1269743204868327
4.59360634920635e-05,-0.9859949279254372,0.07725036745175302
4.59460634920635e-05,0.8295720886188724,-0.08612938289911551
4.59560634920635e-05,0.02717281654124479,-0.02300538844537085
4.596606349206349e-05,-0.5126902881745784,0.01412637299800836
4.59760634920635e-05,0.345174371373853,0.006700020709332516
4.59860634920635e-05,-0.01350180093734463,-0.008152683868019168
4.599606349206349e-05,-0.1577118083614344,0.01783954914234628
4.600606349206349e-05,0.0715451265178878,-0.0007263315793433261
4.60160634920635e-05,0.04196358653345913,0.01412637299800836
4.60260634920635e-05,-0.0911533433964699,0.01783954914234628
4.60360634920635e-05,0.01238204654903046,-0.0007263315793433261
4.604606349206349e-05,0.02717281654124479,0.01412637299800836
4.60560634920635e-05,-0.07266488090620198,-0.01557903615669501
4.60660634920635e-05,-0.006106415941237463,0.006700020709332516
4.607606349206349e-05,0.3192905238874779,0.04011860600837381
4.608606349206349e-05,3.628725309645435,0.1366611857611598
4.60960634920635e-05,4.194472261847634,-0.112121615909481
4.61060634920635e-05,2.463952172758556,0.06611083901873925
4.61160634920635e-05,3.244165289847863,0.002986844564994595
4.612606349206349e-05,3.765539932073418,-0.03785809302272254
4.613606349206349e-05,2.948349890003576,0.01783954914234628
4.61460634920635e-05,3.266351444836184,-0.01557903615669501
4.61560634920635e-05,3.162816054890684,-0.0675635021774259
4.61660634920635e-05,-0.3684802807504887,-0.1306874966311706
4.617606349206349e-05,-0.9896926204234908,0.06611083901873925
4.61860634920635e-05,0.8036882411324974,-0.08241620675477759
4.61960634920635e-05,0.01238204654903046,-0.04157126916706046
4.620606349206349e-05,-0.5459695206570607,0.02897907757536004
4.621606349206349e-05,0.3414766788757994,-0.03414491687838462
4.62260634920635e-05,-0.01350180093734463,-0.02300538844537085
4.62360634920635e-05,0.1344058989847987,0.06611083901873925
4.62460634920635e-05,3.728563007092882,0.1106689527507943
4.625606349206349e-05,4.209263031839848,-0.09726891133212928
4.62660634920635e-05,2.382602937801378,0.05868448673006341
4.62760634920635e-05,3.284839907326452,-0.004439507723681247
4.62860634920635e-05,3.795121472057847,-0.0489976214557363
4.62960634920635e-05,2.85960527005029,0.002986844564994595
4.630606349206349e-05,3.258956059840077,-0.008152683868019168
4.63160634920635e-05,3.170211439886791,-0.08984255904345344
4.63260634920635e-05,-0.4239456682212924,-0.1344006727755085
4.633606349206349e-05,-0.9822972354273836,0.0735371913074151
4.634606349206349e-05,0.807385933630551,-0.09355573518779135
4.63560634920635e-05,0.004986661552923288,-0.03785809302272254
4.63660634920635e-05,-0.5237833656687392,0.01041319685367044
4.63760634920635e-05,0.3525697563699602,-0.0304317407340467
4.638606349206349e-05,-0.01719949343539821,-0.01557903615669501
4.63960634920635e-05,-0.1798979633497559,0.03269225371969797
4.64060634920635e-05,0.09742897400426288,-0.02671856458970878
4.641606349206349e-05,0.01238204654903046,0.01412637299800836
4.642606349206349e-05,-0.0911533433964699,-0.01929221230103293
4.64360634920635e-05,0.01607973904708404,-0.008152683868019168
4.64460634920635e-05,0.01238204654903046,0.01041319685367044
4.64560634920635e-05,-0.0652694959100948,-0.01929221230103293
4.646606349206349e-05,-0.009804108439291047,0.006700020709332516
4.64760634920635e-05,0.2934066764011029,0.02526590143102212
4.64860634920635e-05,3.595446077162953,0.1366611857611598
4.64960634920635e-05,4.175983799357367,-0.112121615909481
4.65060634920635e-05,2.456556787762449,0.07725036745175302
4.651606349206349e-05,3.236769904851756,0.002986844564994595
4.65260634920635e-05,3.758144547077311,-0.06013714988875006
4.65360634920635e-05,2.940954505007469,0.04383178215271173
4.654606349206349e-05,3.270049137334238,-0.008152683868019168
4.655606349206349e-05,3.144327592400416,-0.06385032603308799
4.65660634920635e-05,-0.3647825882524351,-0.1344006727755085
4.65760634920635e-05,-0.9933903129215443,0.05868448673006341
4.65860634920635e-05,0.8184790111247118,-0.07127667832176383
4.659606349206349e-05,0.01977743154513762,-0.0489976214557363
4.66060634920635e-05,-0.5311787506648463,0.0215527252866842
4.66160634920635e-05,0.3562674488680138,-0.02300538844537085
4.66260634920635e-05,-0.02459487843150538,-0.01557903615669501
4.66360634920635e-05,-0.1688048858555952,0.002986844564994595
4.66460634920635e-05,0.08263820401204855,-0.0304317407340467
4.66560634920635e-05,0.01977743154513762,-0.008152683868019168
4.66660634920635e-05,-0.07636257340425556,-0.01557903615669501
4.667606349206349e-05,-0.00240872344318388,-0.0304317407340467
4.668606349206349e-05,0.03826589403540554,-0.0007263315793433261
4.66960634920635e-05,-0.06896718840814839,-0.02300538844537085
4.67060634920635e-05,0.001288969054869704,-0.004439507723681247
4.67160634920635e-05,0.008684354050976872,0.002986844564994595
4.672606349206349e-05,-0.0430833409217733,-0.02300538844537085
4.67360634920635e-05,-0.006106415941237463,0.002986844564994595
4.67460634920635e-05,-0.009804108439291047,-0.004439507723681247
4.675606349206349e-05,-0.02829257092955897,-0.0007263315793433261
4.676606349206349e-05,-0.0208971859334518,-0.0007263315793433261
4.67760634920635e-05,0.004986661552923288,-0.01557903615669501
4.67860634920635e-05,-0.02459487843150538,-0.01557903615669501
4.67960634920635e-05,-0.02459487843150538,-0.0007263315793433261
4.680606349206349e-05,-0.01350180093734463,-0.0304317407340467
4.68160634920635e-05,-0.02829257092955897,-0.01186586001235709
4.68260634920635e-05,-0.01350180093734463,-0.004439507723681247
4.68360634920635e-05,-0.01719949343539821,-0.008152683868019168
4.68460634920635e-05,-0.009804108439291047,-0.0007263315793433261
4.685606349206349e-05,-0.006106415941237463,-0.0304317407340467
4.68660634920635e-05,-0.02459487843150538,0.01041319685367044
4.68760634920635e-05,-0.0208971859334518,-0.008152683868019168
4.688606349206349e-05,-0.03199026342761255,0.002986844564994595
4.689606349206349e-05,-0.01350180093734463,-0.01186586001235709
4.69060634920635e-05,-0.03938564842371972,-0.01186586001235709
4.69160634920635e-05,-0.02459487843150538,0.002986844564994595
4.69260634920635e-05,-0.01719949343539821,0.01041319685367044
4.693606349206349e-05,-0.02829257092955897,-0.004439507723681247
4.69460634920635e-05,-0.006106415941237463,0.002986844564994595
4.69560634920635e-05,-0.03568795592566613,0.002986844564994595
4.696606349206349e-05,-0.0208971859334518,-0.004439507723681247
4.697606349206349e-05,-0.02829257092955897,0.01412637299800836
4.69860634920635e-05,-0.03199026342761255,0.006700020709332516
4.69960634920635e-05,-0.01350180093734463,0.002986844564994595
4.70060634920635e-05,-0.03938564842371972,-0.004439507723681247
4.701606349206349e-05,-0.0208971859334518,0.0215527252866842
4.702606349206349e-05,-0.0430833409217733,0.006700020709332516
4.70360634920635e-05,-0.006106415941237463,0.01412637299800836
4.70460634920635e-05,-0.01719949343539821,0.02526590143102212
4.70560634920635e-05,-0.03938564842371972,0.01783954914234628
4.706606349206349e-05,-0.03199026342761255,0.002986844564994595
4.70760634920635e-05,-0.0208971859334518,0.01041319685367044
4.70860634920635e-05,-0.009804108439291047,-0.01929221230103293
4.709606349206349e-05,-0.03568795592566613,0.006700020709332516
4.710606349206349e-05,-0.01719949343539821,-0.0007263315793433261
4.71160634920635e-05,0.2934066764011029,0.04754495829704965
4.71260634920635e-05,3.647213772135703,0.1478007141941735
4.71360634920635e-05,4.183379184353473,-0.112121615909481
4.714606349206349e-05,2.445463710268288,0.05125813444138757
4.71560634920635e-05,3.273746829832291,0.01412637299800836
4.71660634920635e-05,3.754446854579257,-0.05271079760007422
4.71760634920635e-05,2.922466042517201,-0.0007263315793433261
4.71860634920635e-05,3.273746829832291,-0.01557903615669501
4.719606349206349e-05,3.15911836239263,-0.08612938289911551
4.72060634920635e-05,-0.3610848957543815,-0.1381138489198464
4.72160634920635e-05,-1.004483390415705,0.07725036745175302
4.722606349206349e-05,0.8147813186266581,-0.09355573518779135
4.723606349206349e-05,0.01607973904708404,-0.05271079760007422
4.72460634920635e-05,-0.5089925956765249,0.01783954914234628
4.72560634920635e-05,0.3414766788757994,-0.0304317407340467
4.72660634920635e-05,-0.01350180093734463,-0.02671856458970878
4.727606349206349e-05,0.1307082064867451,0.06982401516307718
4.72860634920635e-05,3.702679159606507,0.1218084811838081
4.72960634920635e-05,4.242542264322331,-0.1046952636208051
4.730606349206349e-05,2.378905245303324,0.06611083901873925
4.731606349206349e-05,3.288537599824505,0.01412637299800836
4.73260634920635e-05,3.791423779559793,-0.05271079760007422
4.73360634920635e-05,2.892884502532772,0.01412637299800836
4.73460634920635e-05,3.277444522330345,-0.004439507723681247
4.735606349206349e-05,3.466026839731078,-0.0489976214557363
4.736606349206349e-05,3.170211439886791,0.01412637299800836
4.73760634920635e-05,3.233072212353702,-0.01929221230103293
4.73860634920635e-05,3.35509606478947,-0.004439507723681247
4.73960634920635e-05,3.270049137334238,-0.008152683868019168
4.740606349206349e-05,3.218281442361488,-0.0304317407340467
4.74160634920635e-05,3.336607602299202,0.01783954914234628
4.74260634920635e-05,3.273746829832291,-0.04157126916706046
4.743606349206349e-05,2.966838352493844,-0.0489976214557363
4.744606349206349e-05,-0.2575495058088811,-0.160392905785874
4.74560634920635e-05,-0.9749018504312764,0.08467671974042887
4.74660634920635e-05,0.7445251611636401,-0.1009820874764672
4.74760634920635e-05,0.04566127903151271,-0.03414491687838462
4.748606349206349e-05,-0.4868064406882034,0.02897907757536004
4.74960634920635e-05,0.2712205214127813,-0.04528444531139838
4.75060634920635e-05,-0.00240872344318388,0.01041319685367044
4.75160634920635e-05,-0.161409500859488,0.01041319685367044
4.75260634920635e-05,0.05675435652567346,-0.01557903615669501
4.75360634920635e-05,0.03826589403540554,0.01783954914234628
4.75460634920635e-05,-0.09854872839257706,0.006700020709332516
4.75560634920635e-05,-0.01350180093734463,-0.004439507723681247
4.756606349206349e-05,0.03087050903929837,0.002986844564994595
4.757606349206349e-05,-0.0652694959100948,-0.01557903615669501
4.75860634920635e-05,-0.006106415941237463,0.002986844564994595
4.75960634920635e-05,-0.006106415941237463,-0.004439507723681247
4.76060634920635e-05,-0.0430833409217733,-0.008152683868019168
4.761606349206349e-05,-0.01719949343539821,-0.0007263315793433261
4.76260634920635e-05,-0.006106415941237463,-0.008152683868019168
4.76360634920635e-05,-0.03199026342761255,-0.02300538844537085
4.764606349206349e-05,-0.03199026342761255,-0.004439507723681247
4.765606349206349e-05,-0.0208971859334518,-0.01557903615669501
4.76660634920635e-05,-0.03568795592566613,-0.008152683868019168
4.76760634920635e-05,-0.009804108439291047,0.02526590143102212
4.76860634920635e-05,-0.02459487843150538,-0.01186586001235709
4.769606349206349e-05,-0.01719949343539821,-0.008152683868019168
4.77060634920635e-05,-0.01350180093734463,0.01783954914234628
4.77160634920635e-05,-0.01719949343539821,0.002986844564994595
4.77260634920635e-05,-0.006106415941237463,0.006700020709332516
4.77360634920635e-05,-0.009804108439291047,0.002986844564994595
4.774606349206349e-05,-0.0208971859334518,-0.02300538844537085
4.77560634920635e-05,0.2934066764011029,0.05125813444138757
4.77660634920635e-05,3.628725309645435,0.1478007141941735
4.777606349206349e-05,4.187076876851527,-0.1009820874764672
4.778606349206349e-05,2.460254480260503,0.08467671974042887
4.77960634920635e-05,3.266351444836184,0.0215527252866842
4.78060634920635e-05,3.750749162081203,-0.05271079760007422
4.78160634920635e-05,2.940954505007469,0.03269225371969797
4.782606349206349e-05,3.288537599824505,-0.01929221230103293
4.78360634920635e-05,3.177606824882898,-0.07498985446610175
4.78460634920635e-05,-0.3499918182602207,-0.1195479681981568
4.785606349206349e-05,-1.008181082913759,0.08838989588476678
4.78660634920635e-05,0.807385933630551,-0.07498985446610175
4.78760634920635e-05,0.02717281654124479,-0.02300538844537085
4.78860634920635e-05,-0.5200856731706857,0.03640542986403589
4.78960634920635e-05,0.3636628338641209,-0.02300538844537085
4.790606349206349e-05,-0.01719949343539821,0.01041319685367044
4.791606349206349e-05,0.1270105139886916,0.06982401516307718
4.79260634920635e-05,3.687888389614293,0.1403743619054977
4.79360634920635e-05,4.242542264322331,-0.09355573518779135
4.79460634920635e-05,2.389998322797485,0.0735371913074151
4.795606349206349e-05,3.262653752338131,0.03269225371969797
4.79660634920635e-05,3.802516857053954,-0.01929221230103293
4.79760634920635e-05,2.885489117536665,0.02526590143102212
4.798606349206349e-05,3.284839907326452,-0.004439507723681247
4.799606349206349e-05,3.458631454734971,-0.02300538844537085
4.80060634920635e-05,3.181304517380952,-0.0007263315793433261
4.80160634920635e-05,3.236769904851756,-0.02300538844537085
4.80260634920635e-05,3.362491449785577,0.002986844564994595
4.803606349206349e-05,3.262653752338131,-0.008152683868019168
4.80460634920635e-05,3.229374519855648,-0.0304317407340467
4.80560634920635e-05,3.340305294797256,0.01783954914234628
4.80660634920635e-05,3.255258367342023,-0.02300538844537085
4.80760634920635e-05,3.000117584976326,-0.05271079760007422
4.808606349206349e-05,-0.2464564283147204,-0.160392905785874
4.80960634920635e-05,-0.952715695442955,0.1069557766064564
4.81060634920635e-05,0.7519205461597472,-0.1046952636208051
4.811606349206349e-05,0.05305666402761988,-0.03785809302272254
4.812606349206349e-05,-0.4757133631940426,0.02897907757536004
4.81360634920635e-05,0.3081974463933171,-0.02671856458970878
4.81460634920635e-05,0.01238204654903046,0.01041319685367044
4.81560634920635e-05,-0.1355256533731129,0.006700020709332516
4.816606349206349e-05,0.05675435652567346,-0.01186586001235709
4.81760634920635e-05,0.04196358653345913,0.0215527252866842
4.81860634920635e-05,-0.05787411091398764,-0.0007263315793433261
4.819606349206349e-05,-0.006106415941237463,-0.0007263315793433261
4.820606349206349e-05,0.04196358653345913,0.02526590143102212
4.82160634920635e-05,-0.03938564842371972,-0.0007263315793433261
4.82260634920635e-05,-0.00240872344318388,0.002986844564994595
4.82360634920635e-05,0.01607973904708404,0.0215527252866842
4.824606349206349e-05,-0.01350180093734463,-0.0007263315793433261
4.825606349206349e-05,-0.009804108439291047,-0.0007263315793433261
4.82660634920635e-05,-0.00240872344318388,-0.0007263315793433261
4.82760634920635e-05,-0.01350180093734463,-0.01557903615669501
4.82860634920635e-05,-0.006106415941237463,0.01783954914234628
4.829606349206349e-05,0.001288969054869704,-0.008152683868019168
4.83060634920635e-05,-0.01350180093734463,0.006700020709332516
4.83160634920635e-05,0.2897089839030492,0.05868448673006341
4.832606349206349e-05,3.628725309645435,0.1403743619054977
4.833606349206349e-05,4.201867646843741,-0.09355573518779135
4.83460634920635e-05,2.460254480260503,0.0735371913074151
4.83560634920635e-05,3.266351444836184,0.01783954914234628
4.83660634920635e-05,3.754446854579257,-0.03785809302272254
4.837606349206349e-05,2.926163735015254,0.02897907757536004
4.83860634920635e-05,3.258956059840077,0.01783954914234628
4.83960634920635e-05,3.440142992244703,-0.01929221230103293
4.84060634920635e-05,3.203490672369273,0.01783954914234628
4.84160634920635e-05,3.225676827357595,-0.01929221230103293
4.842606349206349e-05,3.362491449785577,0.002986844564994595
4.84360634920635e-05,3.258956059840077,0.002986844564994595
4.84460634920635e-05,3.236769904851756,-0.01186586001235709
4.845606349206349e-05,3.318119139808934,0.02526590143102212
4.846606349206349e-05,3.270049137334238,-0.0007263315793433261
4.84760634920635e-05,2.970536044991897,-0.04528444531139838
4.84860634920635e-05,-0.2834333532952563,-0.1418270250641843
4.84960634920635e-05,-0.9564133879410085,0.1069557766064564
4.850606349206349e-05,0.7260366986733722,-0.0675635021774259
4.85160634920635e-05,0.03456820153735196,-0.008152683868019168
4.85260634920635e-05,-0.4868064406882034,0.05125813444138757
4.853606349206349e-05,0.2786159064088885,-0.01186586001235709
4.854606349206349e-05,0.008684354050976872,0.01041319685367044
4.85560634920635e-05,0.1307082064867451,0.08096354359609094
4.85660634920635e-05,3.673097619622078,0.125521657328146
4.85760634920635e-05,4.227751494330116,-0.06385032603308799
4.858606349206349e-05,2.382602937801378,0.0921030720291047
4.85960634920635e-05,3.25156067484397,0.03269225371969797
4.86060634920635e-05,3.809912242050061,-0.01929221230103293
4.86160634920635e-05,2.878093732540558,0.0215527252866842
4.86260634920635e-05,3.277444522330345,0.01041319685367044
4.863606349206349e-05,3.166513747388737,-0.06013714988875006
4.86460634920635e-05,-0.4054572057310245,-0.1269743204868327
4.86560634920635e-05,-0.9933903129215443,0.08838989588476678
4.866606349206349e-05,0.8332697811169261,-0.06385032603308799
4.867606349206349e-05,-0.0208971859334518,-0.01557903615669501
4.86860634920635e-05,-0.5274810581667928,0.04011860600837381
4.86960634920635e-05,0.3303836013816387,-0.008152683868019168
4.87060634920635e-05,-0.01719949343539821,0.006700020709332516
4.871606349206349e-05,-0.1946887333419702,0.04754495829704965
4.87260634920635e-05,0.08633589651010214,0.002986844564994595
4.87360634920635e-05,0.02717281654124479,0.03640542986403589
4.874606349206349e-05,-0.08375795840036272,0.03269225371969797
4.87560634920635e-05,0.01238204654903046,0.01412637299800836
4.87660634920635e-05,0.01977743154513762,0.04011860600837381
4.87760634920635e-05,-0.0652694959100948,0.006700020709332516
4.87860634920635e-05,-0.009804108439291047,0.03269225371969797
4.879606349206349e-05,0.3192905238874779,0.05497131058572549
4.880606349206349e-05,3.625027617147382,0.1552270664828494
4.88160634920635e-05,4.19077456934958,-0.06013714988875006
4.88260634920635e-05,2.46764986525661,0.1143821288951322
4.88360634920635e-05,3.233072212353702,0.03640542986403589
4.884606349206349e-05,3.761842239575365,-0.02300538844537085
4.88560634920635e-05,2.970536044991897,0.05868448673006341
4.88660634920635e-05,3.270049137334238,0.01412637299800836
4.887606349206349e-05,3.443840684742756,0.006700020709332516
4.888606349206349e-05,3.218281442361488,0.03640542986403589
4.88960634920635e-05,3.229374519855648,-0.01929221230103293
4.89060634920635e-05,3.362491449785577,0.01783954914234628
4.89160634920635e-05,3.281142214828399,0.01041319685367044
4.892606349206349e-05,3.247862982345916,-0.0007263315793433261
4.89360634920635e-05,3.336607602299202,0.02897907757536004
4.89460634920635e-05,3.288537599824505,0.006700020709332516
4.89560634920635e-05,3.000117584976326,-0.05642397374441215
4.89660634920635e-05,-0.2797356607972027,-0.1232611443424947
4.897606349206349e-05,-0.9490180029449014,0.09952942431778054
4.89860634920635e-05,0.763013623653908,-0.09355573518779135
4.89960634920635e-05,0.04196358653345913,-0.008152683868019168
4.900606349206349e-05,-0.4461318232096139,0.04011860600837381
4.901606349206349e-05,0.3044997538952636,-0.01557903615669501
4.90260634920635e-05,0.03456820153735196,0.006700020709332516
4.90360634920635e-05,0.167685131467281,0.06982401516307718
4.90460634920635e-05,3.713772237100668,0.1329480096168218
4.905606349206349e-05,4.257333034314545,-0.09355573518779135
4.90660634920635e-05,2.423277555279967,0.05868448673006341
4.90760634920635e-05,3.292235292322559,-0.008152683868019168
4.908606349206349e-05,3.817307627046168,-0.01929221230103293
4.909606349206349e-05,2.91137296502304,0.002986844564994595
4.91060634920635e-05,3.307026062314773,0.01412637299800836
4.91160634920635e-05,3.466026839731078,-0.03414491687838462
4.91260634920635e-05,3.218281442361488,-0.004439507723681247
4.913606349206349e-05,3.255258367342023,-0.01929221230103293
4.914606349206349e-05,3.373584527279738,-0.004439507723681247
4.91560634920635e-05,3.262653752338131,-0.01929221230103293
4.91660634920635e-05,3.255258367342023,-0.03414491687838462
4.91760634920635e-05,3.340305294797256,0.006700020709332516
4.918606349206349e-05,3.292235292322559,-0.02671856458970878
4.91960634920635e-05,3.262653752338131,-0.008152683868019168
4.92060634920635e-05,3.329212217303095,-0.008152683868019168
4.921606349206349e-05,3.292235292322559,-0.01557903615669501
4.922606349206349e-05,3.292235292322559,0.006700020709332516
4.92360634920635e-05,3.310723754812827,0.006700020709332516
4.92460634920635e-05,3.281142214828399,-0.01186586001235709
4.92560634920635e-05,3.288537599824505,-0.0007263315793433261
4.926606349206349e-05,3.295932984820613,-0.01186586001235709
4.92760634920635e-05,3.307026062314773,-0.008152683868019168
4.92860634920635e-05,3.292235292322559,0.006700020709332516
4.92960634920635e-05,3.310723754812827,-0.008152683868019168
4.93060634920635e-05,3.314421447310881,-0.01186586001235709
4.931606349206349e-05,3.318119139808934,-0.0007263315793433261
4.93260634920635e-05,3.318119139808934,-0.01186586001235709
4.93360634920635e-05,3.332909909801149,0.002986844564994595
4.934606349206349e-05,3.314421447310881,-0.004439507723681247
4.935606349206349e-05,3.029699124960755,-0.0489976214557363
4.93660634920635e-05,-0.2908287382913634,-0.1529665534971981
4.93760634920635e-05,-0.9009480004702047,0.09581624817344263
4.93860634920635e-05,0.7925951636383366,-0.07127667832176383
4.939606349206349e-05,0.05675435652567346,-0.02300538844537085
4.94060634920635e-05,-0.4350387457154532,0.01783954914234628
4.94160634920635e-05,0.3414766788757994,-0.01557903615669501
4.942606349206349e-05,0.03087050903929837,0.006700020709332516
4.943606349206349e-05,0.1861735939575489,0.05868448673006341
4.94460634920635e-05,3.74705146958315,0.1069557766064564
4.94560634920635e-05,4.257333034314545,-0.09726891133212928
4.94660634920635e-05,2.438068325272182,0.06982401516307718
4.947606349206349e-05,3.30332836981672,0.01412637299800836
4.948606349206349e-05,3.83949378203449,-0.0489976214557363
4.94960634920635e-05,2.915070657521094,0.006700020709332516
4.95060634920635e-05,3.314421447310881,-0.01186586001235709
4.95160634920635e-05,3.49930607221356,-0.0304317407340467
4.952606349206349e-05,3.214583749863434,-0.0007263315793433261
4.95360634920635e-05,3.262653752338131,-0.02671856458970878
4.95460634920635e-05,3.399468374766113,-0.01557903615669501
4.955606349206349e-05,3.281142214828399,-0.02671856458970878
4.956606349206349e-05,3.266351444836184,-0.02300538844537085
4.95760634920635e-05,3.366189142283631,-0.004439507723681247
4.95860634920635e-05,3.281142214828399,-0.04157126916706046
4.95960634920635e-05,2.989024507482165,-0.05271079760007422
4.960606349206349e-05,-0.2723402758010955,-0.1529665534971981
4.96160634920635e-05,-0.9157387704624191,0.06611083901873925
4.96260634920635e-05,0.7667113161519615,-0.09726891133212928
4.96360634920635e-05,0.0715451265178878,-0.03414491687838462
4.96460634920635e-05,-0.4424341307115603,0.02897907757536004
4.96560634920635e-05,0.3192905238874779,-0.05642397374441215
4.96660634920635e-05,0.01238204654903046,0.006700020709332516
4.96760634920635e-05,-0.1355256533731129,-0.01557903615669501
4.968606349206349e-05,0.06414974152178063,-0.01557903615669501
4.969606349206349e-05,0.06414974152178063,0.002986844564994595
4.97060634920635e-05,-0.05417641841593406,-0.01186586001235709
4.97160634920635e-05,0.001288969054869704,-0.01557903615669501
4.97260634920635e-05,0.05305666402761988,-0.0007263315793433261
4.973606349206349e-05,-0.02459487843150538,-0.01557903615669501
4.97460634920635e-05,0.01238204654903046,-0.004439507723681247
4.97560634920635e-05,0.01977743154513762,-0.004439507723681247
4.976606349206349e-05,-0.01719949343539821,-0.01929221230103293
4.977606349206349e-05,-0.00240872344318388,-0.01557903615669501
4.97860634920635e-05,0.004986661552923288,-0.004439507723681247
4.97960634920635e-05,-0.006106415941237463,-0.01929221230103293
4.98060634920635e-05,0.008684354050976872,0.002986844564994595
4.981606349206349e-05,-0.00240872344318388,-0.01186586001235709
4.98260634920635e-05,0.004986661552923288,-0.01557903615669501
4.98360634920635e-05,-0.01350180093734463,0.01041319685367044
4.98460634920635e-05,-0.00240872344318388,-0.01557903615669501
4.98560634920635e-05,-0.009804108439291047,-0.01186586001235709
4.986606349206349e-05,0.001288969054869704,-0.0304317407340467
4.98760634920635e-05,0.008684354050976872,-0.01929221230103293
4.98860634920635e-05,-0.006106415941237463,-0.01929221230103293
4.989606349206349e-05,-0.01719949343539821,-0.01557903615669501
4.990606349206349e-05,0.01607973904708404,-0.01557903615669501
4.99160634920635e-05,-0.01719949343539821,-0.01186586001235709
4.99260634920635e-05,-0.01719949343539821,-0.008152683868019168
4.99360634920635e-05,-0.009804108439291047,-0.01929221230103293
4.994606349206349e-05,-0.0208971859334518,-0.0304317407340467
4.99560634920635e-05,-0.00240872344318388,-0.0007263315793433261
4.99660634920635e-05,-0.03568795592566613,-0.0304317407340467
4.997606349206349e-05,-0.02459487843150538,-0.01929221230103293
4.998606349206349e-05,-0.009804108439291047,-0.01929221230103293
4.99960634920635e-05,-0.009804108439291047,-0.0007263315793433261
5.00060634920635e-05,-0.01350180093734463,-0.02300538844537085
5.00160634920635e-05,-0.02459487843150538,-0.01929221230103293
5.002606349206349e-05,-0.0208971859334518,-0.0007263315793433261
5.003606349206349e-05,-0.01350180093734463,-0.0007263315793433261
5.00460634920635e-05,-0.0208971859334518,-0.01929221230103293
5.00560634920635e-05,-0.03568795592566613,-0.004439507723681247
5.00660634920635e-05,-0.006106415941237463,-0.004439507723681247
5.007606349206349e-05,0.2786159064088885,0.04383178215271173
5.00860634920635e-05,3.65460915713181,0.1180953050394702
5.00960634920635e-05,4.172286106859312,-0.112121615909481
5.010606349206349e-05,2.452859095264396,0.06611083901873925
5.011606349206349e-05,3.247862982345916,0.006700020709332516
5.01260634920635e-05,3.74705146958315,-0.05271079760007422
5.01360634920635e-05,2.926163735015254,0.03640542986403589
5.01460634920635e-05,3.258956059840077,-0.01186586001235709
5.015606349206349e-05,3.429049914750542,-0.02300538844537085
5.01660634920635e-05,3.188699902377059,0.01041319685367044
5.01760634920635e-05,3.221979134859541,-0.0304317407340467
5.01860634920635e-05,3.344002987295309,0.01041319685367044
5.01960634920635e-05,3.244165289847863,-0.008152683868019168
5.020606349206349e-05,3.221979134859541,-0.01186586001235709
5.02160634920635e-05,3.325514524805041,0.01041319685367044
5.02260634920635e-05,3.25156067484397,0.006700020709332516
5.023606349206349e-05,2.96314065999579,-0.05271079760007422
5.024606349206349e-05,-0.3241079707738457,-0.1381138489198464
5.02560634920635e-05,-0.9601110804390621,0.1218084811838081
5.02660634920635e-05,0.7297343911714257,-0.0675635021774259
5.02760634920635e-05,0.01607973904708404,-0.004439507723681247
5.028606349206349e-05,-0.4831087481901498,0.04383178215271173
5.02960634920635e-05,0.2897089839030492,0.002986844564994595
5.03060634920635e-05,0.001288969054869704,0.002986844564994595
5.031606349206349e-05,0.1491966689770131,0.09952942431778054
5.03260634920635e-05,3.698981467108454,0.1440875380498356
5.03360634920635e-05,4.224053801832063,-0.07498985446610175
5.03460634920635e-05,2.386300630299431,0.07725036745175302
5.03560634920635e-05,3.258956059840077,0.01041319685367044
5.036606349206349e-05,3.791423779559793,-0.01186586001235709
5.037606349206349e-05,2.896582195030826,0.01783954914234628
5.03860634920635e-05,3.255258367342023,0.006700020709332516
5.039606349206349e-05,3.44753837724081,-0.004439507723681247
5.04060634920635e-05,3.185002209879005,0.02897907757536004
5.041606349206349e-05,3.247862982345916,-0.008152683868019168
5.04260634920635e-05,3.366189142283631,0.01412637299800836
5.04360634920635e-05,3.262653752338131,0.01041319685367044
5.044606349206349e-05,3.221979134859541,-0.01557903615669501
5.04560634920635e-05,3.329212217303095,0.01783954914234628
5.04660634920635e-05,3.258956059840077,-0.01929221230103293
5.04760634920635e-05,2.974233737489951,-0.04157126916706046
5.04860634920635e-05,-0.2982241232874706,-0.1455402012085223
5.049606349206349e-05,-0.9453203104468477,0.09581624817344263
5.05060634920635e-05,0.7371297761675329,-0.07870303061043968
5.05160634920635e-05,0.008684354050976872,-0.02671856458970878
5.052606349206349e-05,-0.4757133631940426,0.01783954914234628
5.05360634920635e-05,0.2897089839030492,-0.02300538844537085
5.05460634920635e-05,-0.006106415941237463,0.01041319685367044
5.05560634920635e-05,-0.1466187308672736,0.02897907757536004
5.05660634920635e-05,0.0493589715295663,0.006700020709332516
5.057606349206349e-05,0.04566127903151271,-0.0007263315793433261
5.058606349206349e-05,-0.07636257340425556,-0.01557903615669501
5.05960634920635e-05,-0.02829257092955897,0.006700020709332516
5.060606349206349e-05,0.01607973904708404,-0.0007263315793433261
5.06160634920635e-05,-0.06157180341204122,-0.01557903615669501
5.062606349206349e-05,-0.009804108439291047,-0.004439507723681247
5.06360634920635e-05,0.3192905238874779,0.02897907757536004
5.06460634920635e-05,3.647213772135703,0.125521657328146
5.065606349206349e-05,4.168588414361259,-0.112121615909481
5.06660634920635e-05,2.449161402766342,0.06982401516307718
5.06760634920635e-05,3.255258367342023,-0.0007263315793433261
5.06860634920635e-05,3.743353777085097,-0.05642397374441215
5.06960634920635e-05,2.929861427513308,0.01783954914234628
5.070606349206349e-05,3.273746829832291,-0.02300538844537085
5.07160634920635e-05,3.44753837724081,-0.03414491687838462
5.07260634920635e-05,3.192397594875112,0.002986844564994595
5.073606349206349e-05,3.233072212353702,-0.02671856458970878
5.07460634920635e-05,3.358793757287524,-0.01186586001235709
5.075606349206349e-05,3.266351444836184,-0.01929221230103293
5.07660634920635e-05,3.236769904851756,-0.0304317407340467
5.07760634920635e-05,3.325514524805041,0.02526590143102212
5.078606349206349e-05,3.281142214828399,-0.01557903615669501
5.07960634920635e-05,2.977931429988005,-0.0675635021774259
5.08060634920635e-05,-0.3093172007816313,-0.1455402012085223
5.08160634920635e-05,-0.9231341554585263,0.08096354359609094
5.08260634920635e-05,0.7297343911714257,-0.07127667832176383
5.083606349206349e-05,0.03087050903929837,-0.0304317407340467
5.08460634920635e-05,-0.4757133631940426,0.0215527252866842
5.08560634920635e-05,0.2971043688991564,-0.0304317407340467
5.086606349206349e-05,0.008684354050976872,-0.01186586001235709
5.08760634920635e-05,0.1713828239653346,0.06982401516307718
5.08860634920635e-05,3.728563007092882,0.1032426004621185
5.08960634920635e-05,4.224053801832063,-0.108408439765143
5.09060634920635e-05,2.389998322797485,0.06611083901873925
5.091606349206349e-05,3.288537599824505,-0.008152683868019168
5.092606349206349e-05,3.806214549552007,-0.05271079760007422
5.09360634920635e-05,2.889186810034718,0.01412637299800836
5.094606349206349e-05,3.281142214828399,0.006700020709332516
5.09560634920635e-05,3.473422224727185,-0.02671856458970878
5.096606349206349e-05,3.177606824882898,-0.004439507723681247
5.09760634920635e-05,3.225676827357595,-0.03785809302272254
5.09860634920635e-05,3.377282219777792,0.006700020709332516
5.099606349206349e-05,3.266351444836184,-0.03785809302272254
5.10060634920635e-05,3.258956059840077,-0.03785809302272254
5.10160634920635e-05,3.344002987295309,-0.01557903615669501
5.10260634920635e-05,3.277444522330345,-0.0304317407340467
5.10360634920635e-05,3.262653752338131,-0.01929221230103293
5.104606349206349e-05,3.332909909801149,-0.03785809302272254
5.10560634920635e-05,3.288537599824505,-0.01186586001235709
5.10660634920635e-05,3.270049137334238,-0.04157126916706046
5.107606349206349e-05,3.310723754812827,-0.0304317407340467
5.10860634920635e-05,3.284839907326452,-0.04157126916706046
5.109606349206349e-05,3.284839907326452,-0.03414491687838462
5.11060634920635e-05,3.299630677318667,-0.004439507723681247
5.11160634920635e-05,3.307026062314773,-0.0304317407340467
5.112606349206349e-05,3.277444522330345,-0.02300538844537085
5.113606349206349e-05,3.292235292322559,-0.01929221230103293
5.11460634920635e-05,3.295932984820613,-0.02300538844537085
5.11560634920635e-05,3.295932984820613,-0.01929221230103293
5.11660634920635e-05,3.307026062314773,-0.0304317407340467
5.117606349206349e-05,3.281142214828399,-0.008152683868019168
5.11860634920635e-05,3.295932984820613,-0.0304317407340467
5.11960634920635e-05,3.299630677318667,-0.03414491687838462
5.120606349206349e-05,3.295932984820613,-0.02300538844537085
5.12160634920635e-05,3.307026062314773,-0.01186586001235709
5.12260634920635e-05,3.295932984820613,-0.01929221230103293
5.12360634920635e-05,3.295932984820613,-0.02300538844537085
5.12460634920635e-05,3.295932984820613,-0.008152683868019168
5.125606349206349e-05,3.307026062314773,-0.01186586001235709
5.126606349206349e-05,3.299630677318667,-0.01929221230103293
5.12760634920635e-05,3.30332836981672,-0.02300538844537085
5.128606349206349e-05,3.299630677318667,-0.008152683868019168
5.12960634920635e-05,3.292235292322559,-0.01929221230103293
5.130606349206349e-05,3.310723754812827,-0.01557903615669501
5.13160634920635e-05,3.277444522330345,-0.03785809302272254
5.13260634920635e-05,3.292235292322559,-0.0007263315793433261
5.133606349206349e-05,3.299630677318667,-0.02671856458970878
5.13460634920635e-05,3.284839907326452,-0.01929221230103293
5.13560634920635e-05,3.00381527747438,-0.05642397374441215
5.13660634920635e-05,-0.3204102782757921,-0.1678192580745498
5.13760634920635e-05,-0.9009480004702047,0.0921030720291047
5.138606349206349e-05,0.763013623653908,-0.08612938289911551
5.13960634920635e-05,0.02717281654124479,-0.05271079760007422
5.14060634920635e-05,-0.4646202856998818,0.0215527252866842
5.141606349206349e-05,0.3229882163855315,-0.0304317407340467
5.14260634920635e-05,0.03087050903929837,-0.008152683868019168
5.143606349206349e-05,0.1787782089614417,0.06611083901873925
5.14460634920635e-05,3.739656084587043,0.1106689527507943
5.14560634920635e-05,4.238844571824277,-0.08241620675477759
5.146606349206349e-05,2.412184477785806,0.05868448673006341
5.147606349206349e-05,3.288537599824505,-0.0007263315793433261
5.14860634920635e-05,3.828400704540329,-0.05642397374441215
5.14960634920635e-05,2.896582195030826,0.03269225371969797
5.15060634920635e-05,3.314421447310881,-0.01557903615669501
5.151606349206349e-05,3.462329147233024,-0.02671856458970878
5.15260634920635e-05,3.21088605736538,-0.004439507723681247
5.15360634920635e-05,3.247862982345916,-0.0304317407340467
5.154606349206349e-05,3.384677604773899,0.01041319685367044
5.15560634920635e-05,3.270049137334238,-0.01929221230103293
5.15660634920635e-05,3.247862982345916,-0.0304317407340467
5.15760634920635e-05,3.336607602299202,-0.008152683868019168
5.15860634920635e-05,3.288537599824505,-0.04157126916706046
5.159606349206349e-05,3.266351444836184,-0.008152683868019168
5.16060634920635e-05,3.325514524805041,-0.01557903615669501
5.16160634920635e-05,3.288537599824505,-0.02300538844537085
5.162606349206349e-05,3.295932984820613,0.002986844564994595
5.16360634920635e-05,3.30332836981672,0.002986844564994595
5.164606349206349e-05,3.281142214828399,-0.02300538844537085
5.16560634920635e-05,3.292235292322559,-0.004439507723681247
5.16660634920635e-05,3.30332836981672,-0.004439507723681247
5.167606349206349e-05,3.00381527747438,-0.08984255904345344
5.16860634920635e-05,-0.3425964332641136,-0.1455402012085223
5.16960634920635e-05,-0.9120410779643655,0.09581624817344263
5.17060634920635e-05,0.7519205461597472,-0.08612938289911551
5.17160634920635e-05,0.008684354050976872,-0.02671856458970878
5.172606349206349e-05,-0.4646202856998818,0.03640542986403589
5.17360634920635e-05,0.3229882163855315,-0.02671856458970878
5.17460634920635e-05,-0.006106415941237463,-0.004439507723681247
5.175606349206349e-05,0.1602897464711738,0.06611083901873925
5.17660634920635e-05,3.735958392088989,0.1180953050394702
5.17760634920635e-05,4.205565339341795,-0.08984255904345344
5.17860634920635e-05,2.382602937801378,0.06611083901873925
5.17960634920635e-05,3.284839907326452,0.02526590143102212
5.180606349206349e-05,3.761842239575365,-0.03785809302272254
5.181606349206349e-05,2.885489117536665,-0.008152683868019168
5.18260634920635e-05,3.281142214828399,0.002986844564994595
5.183606349206349e-05,3.166513747388737,-0.06385032603308799
5.18460634920635e-05,-0.4387364382135068,-0.1269743204868327
5.185606349206349e-05,-0.9712041579332229,0.06611083901873925
5.18660634920635e-05,0.8258743961208189,-0.08241620675477759
5.18760634920635e-05,-0.02829257092955897,-0.02671856458970878
5.188606349206349e-05,-0.5200856731706857,0.01041319685367044
5.18960634920635e-05,0.3673605263621745,-0.02671856458970878
5.19060634920635e-05,-0.03938564842371972,-0.03414491687838462
5.19160634920635e-05,0.1639874389692274,0.06611083901873925
5.19260634920635e-05,3.769237624571471,0.1143821288951322
5.193606349206349e-05,4.198169954345688,-0.09726891133212928
5.19460634920635e-05,2.367812167809163,0.06982401516307718
5.19560634920635e-05,3.314421447310881,-0.01186586001235709
5.196606349206349e-05,3.791423779559793,-0.03414491687838462
5.19760634920635e-05,2.881791425038612,-0.008152683868019168
5.198606349206349e-05,3.288537599824505,0.01412637299800836
5.19960634920635e-05,3.454933762236917,-0.03414491687838462
5.20060634920635e-05,3.173909132384845,0.01412637299800836
5.201606349206349e-05,3.240467597349809,-0.02300538844537085
5.20260634920635e-05,3.377282219777792,-0.008152683868019168
5.20360634920635e-05,3.25156067484397,-0.01557903615669501
5.20460634920635e-05,3.233072212353702,-0.01929221230103293
5.20560634920635e-05,3.336607602299202,0.01041319685367044
5.206606349206349e-05,3.258956059840077,-0.03414491687838462
5.20760634920635e-05,2.955745274999683,-0.04528444531139838
5.20860634920635e-05,-0.3130148932796849,-0.1492533773528602
5.209606349206349e-05,-0.9305295404546334,0.08467671974042887
5.21060634920635e-05,0.7297343911714257,-0.07127667832176383
5.21160634920635e-05,0.01607973904708404,-0.0304317407340467
5.21260634920635e-05,-0.4831087481901498,0.03269225371969797
5.21360634920635e-05,0.3081974463933171,-0.01557903615669501
5.214606349206349e-05,-0.006106415941237463,0.006700020709332516
5.215606349206349e-05,-0.1725025783536487,0.01412637299800836
5.21660634920635e-05,0.04566127903151271,0.002986844564994595
5.217606349206349e-05,0.03087050903929837,0.01041319685367044
5.21860634920635e-05,-0.08006026590230914,-0.008152683868019168
5.219606349206349e-05,-0.01719949343539821,0.002986844564994595
5.22060634920635e-05,0.02717281654124479,0.01412637299800836
5.22160634920635e-05,-0.05417641841593406,-0.01557903615669501
5.222606349206349e-05,-0.00240872344318388,0.006700020709332516
5.22360634920635e-05,0.3192905238874779,0.05868448673006341
5.22460634920635e-05,3.650911464633757,0.1329480096168218
5.22560634920635e-05,4.146402259372937,-0.112121615909481
5.22660634920635e-05,2.456556787762449,0.06611083901873925
5.227606349206349e-05,3.270049137334238,-0.01557903615669501
5.22860634920635e-05,3.750749162081203,-0.03414491687838462
5.22960634920635e-05,2.926163735015254,0.01783954914234628
5.230606349206349e-05,3.273746829832291,-0.02671856458970878
5.23160634920635e-05,3.429049914750542,-0.03414491687838462
5.232606349206349e-05,3.203490672369273,0.006700020709332516
5.23360634920635e-05,3.218281442361488,-0.0304317407340467
5.23460634920635e-05,3.35509606478947,-0.01557903615669501
5.235606349206349e-05,3.258956059840077,-0.02300538844537085
5.236606349206349e-05,3.236769904851756,-0.02300538844537085
5.23760634920635e-05,3.314421447310881,-0.0007263315793433261
5.23860634920635e-05,3.281142214828399,-0.02671856458970878
5.23960634920635e-05,2.966838352493844,-0.06385032603308799
5.240606349206349e-05,-0.3278056632718993,-0.1492533773528602
5.24160634920635e-05,-0.9157387704624191,0.07725036745175302
5.24260634920635e-05,0.7593159311558544,-0.09726891133212928
5.243606349206349e-05,0.01238204654903046,-0.04157126916706046
5.24460634920635e-05,-0.4609225932018283,0.0215527252866842
5.24560634920635e-05,0.2934066764011029,-0.02300538844537085
5.24660634920635e-05,0.004986661552923288,-0.008152683868019168
5.24760634920635e-05,-0.1688048858555952,0.01783954914234628
5.248606349206349e-05,0.0493589715295663,-0.02671856458970878
5.249606349206349e-05,0.03087050903929837,0.01412637299800836
5.25060634920635e-05,-0.06157180341204122,-0.01557903615669501
5.251606349206349e-05,0.001288969054869704,-0.02300538844537085
5.25260634920635e-05,0.04196358653345913,0.006700020709332516
5.253606349206349e-05,-0.05417641841593406,-0.02671856458970878
5.25460634920635e-05,0.01607973904708404,-0.004439507723681247
5.25560634920635e-05,0.3266859088835851,0.03269225371969797
5.256606349206349e-05,3.65460915713181,0.1069557766064564
5.25760634920635e-05,4.175983799357367,-0.1269743204868327
5.25860634920635e-05,2.456556787762449,0.05125813444138757
5.25960634920635e-05,3.270049137334238,-0.02300538844537085
5.26060634920635e-05,3.758144547077311,-0.07498985446610175
5.261606349206349e-05,2.929861427513308,0.002986844564994595
5.26260634920635e-05,3.262653752338131,-0.04157126916706046
5.26360634920635e-05,3.125839129910148,-0.09355573518779135
5.264606349206349e-05,-0.4128525907271317,-0.156679729641536
5.26560634920635e-05,-0.9822972354273836,0.06982401516307718
5.26660634920635e-05,0.8147813186266581,-0.1046952636208051
5.26760634920635e-05,-0.01719949343539821,-0.05271079760007422
5.26860634920635e-05,-0.5237833656687392,-0.01557903615669501
5.269606349206349e-05,0.3562674488680138,-0.0489976214557363
5.270606349206349e-05,-0.03938564842371972,-0.04157126916706046
5.27160634920635e-05,-0.1688048858555952,0.006700020709332516
5.272606349206349e-05,0.06414974152178063,-0.0304317407340467
5.27360634920635e-05,0.03456820153735196,-0.004439507723681247
5.274606349206349e-05,-0.08745565089841631,-0.01929221230103293
5.27560634920635e-05,0.001288969054869704,-0.02671856458970878
5.27660634920635e-05,0.001288969054869704,-0.0007263315793433261
5.277606349206349e-05,-0.05047872591788047,-0.01557903615669501
5.27860634920635e-05,-0.0208971859334518,-0.0007263315793433261
5.27960634920635e-05,-0.006106415941237463,-0.02671856458970878
5.28060634920635e-05,-0.05787411091398764,-0.01186586001235709
5.28160634920635e-05,-0.00240872344318388,-0.01929221230103293
5.282606349206349e-05,-0.01350180093734463,-0.004439507723681247
5.28360634920635e-05,-0.03199026342761255,-0.008152683868019168
5.28460634920635e-05,-0.006106415941237463,0.002986844564994595
5.285606349206349e-05,-0.006106415941237463,-0.01186586001235709
5.28660634920635e-05,-0.03199026342761255,-0.02300538844537085
5.287606349206349e-05,-0.01350180093734463,-0.01186586001235709
5.28860634920635e-05,-0.009804108439291047,-0.02671856458970878
5.28960634920635e-05,-0.009804108439291047,-0.004439507723681247
5.290606349206349e-05,-0.01350180093734463,-0.008152683868019168
5.29160634920635e-05,-0.03199026342761255,-0.008152683868019168
5.29260634920635e-05,-0.0208971859334518,-0.008152683868019168
5.29360634920635e-05,-0.006106415941237463,-0.004439507723681247
5.29460634920635e-05,-0.03938564842371972,-0.0007263315793433261
5.295606349206349e-05,0.2934066764011029,0.03640542986403589
5.29660634920635e-05,3.680493004618186,0.1329480096168218
5.29760634920635e-05,4.161193029365152,-0.1269743204868327
5.298606349206349e-05,2.438068325272182,0.06611083901873925
5.29960634920635e-05,3.288537599824505,-0.0007263315793433261
5.30060634920635e-05,3.743353777085097,-0.07127667832176383
5.30160634920635e-05,2.926163735015254,0.002986844564994595
5.30260634920635e-05,3.273746829832291,-0.03414491687838462
5.303606349206349e-05,3.425352222252488,-0.05271079760007422
5.304606349206349e-05,3.203490672369273,0.0215527252866842
5.30560634920635e-05,3.233072212353702,-0.05642397374441215
5.306606349206349e-05,3.351398372291416,-0.01186586001235709
5.30760634920635e-05,3.266351444836184,-0.01929221230103293
5.308606349206349e-05,3.214583749863434,-0.04157126916706046
5.30960634920635e-05,3.325514524805041,-0.008152683868019168
5.31060634920635e-05,3.262653752338131,-0.02671856458970878
5.311606349206349e-05,3.25156067484397,-0.01929221230103293
5.31260634920635e-05,3.30332836981672,-0.008152683868019168
5.31360634920635e-05,3.273746829832291,-0.0007263315793433261
5.31460634920635e-05,3.258956059840077,-0.02300538844537085
5.31560634920635e-05,3.292235292322559,-0.01186586001235709
5.316606349206349e-05,3.258956059840077,-0.01929221230103293
5.31760634920635e-05,3.295932984820613,-0.01929221230103293
5.31860634920635e-05,3.273746829832291,-0.008152683868019168
5.319606349206349e-05,3.295932984820613,-0.02300538844537085
5.32060634920635e-05,3.277444522330345,-0.004439507723681247
5.321606349206349e-05,3.288537599824505,-0.01929221230103293
5.32260634920635e-05,3.277444522330345,-0.0007263315793433261
5.32360634920635e-05,3.292235292322559,-0.008152683868019168
5.324606349206349e-05,3.273746829832291,-0.004439507723681247
5.325606349206349e-05,3.288537599824505,-0.008152683868019168
5.32660634920635e-05,3.277444522330345,-0.01929221230103293
5.32760634920635e-05,2.992722199980219,-0.05642397374441215
5.32860634920635e-05,-0.3425964332641136,-0.1381138489198464
5.329606349206349e-05,-0.9083433854663119,0.08838989588476678
5.33060634920635e-05,0.7741067011480688,-0.09355573518779135
5.33160634920635e-05,0.02347512404319121,-0.03414491687838462
5.332606349206349e-05,-0.4461318232096139,0.03640542986403589
5.33360634920635e-05,0.3081974463933171,-0.02671856458970878
5.33460634920635e-05,0.008684354050976872,-0.0007263315793433261
5.33560634920635e-05,-0.1429210383692201,0.006700020709332516
5.33660634920635e-05,0.07894051151399496,-0.03785809302272254
5.337606349206349e-05,0.05305666402761988,0.01041319685367044
5.338606349206349e-05,-0.07636257340425556,-0.004439507723681247
5.33960634920635e-05,0.004986661552923288,-0.01929221230103293
5.340606349206349e-05,0.04566127903151271,0.002986844564994595
5.34160634920635e-05,-0.03938564842371972,-0.01557903615669501
5.342606349206349e-05,0.01238204654903046,-0.008152683868019168
5.34360634920635e-05,0.3414766788757994,0.03269225371969797
5.34460634920635e-05,3.636120694641543,0.1218084811838081
5.345606349206349e-05,4.19077456934958,-0.1195479681981568
5.34660634920635e-05,2.46764986525661,0.04754495829704965
5.34760634920635e-05,3.266351444836184,-0.01557903615669501
5.34860634920635e-05,3.761842239575365,-0.05271079760007422
5.34960634920635e-05,2.940954505007469,-0.008152683868019168
5.350606349206349e-05,3.284839907326452,-0.03414491687838462
5.35160634920635e-05,3.155420669894577,-0.08241620675477759
5.35260634920635e-05,-0.4017595132329709,-0.1492533773528602
5.353606349206349e-05,-0.9749018504312764,0.06982401516307718
5.35460634920635e-05,0.8295720886188724,-0.09726891133212928
5.355606349206349e-05,0.01607973904708404,-0.03414491687838462
5.35660634920635e-05,-0.5052949031784713,0.006700020709332516
5.35760634920635e-05,0.3562674488680138,-0.01929221230103293
5.358606349206349e-05,-0.009804108439291047,-0.01929221230103293
5.359606349206349e-05,-0.1651071933575416,0.01412637299800836
5.36060634920635e-05,0.07524281901594138,-0.01186586001235709
5.36160634920635e-05,0.04196358653345913,0.006700020709332516
5.36260634920635e-05,-0.07636257340425556,-0.004439507723681247
5.363606349206349e-05,0.01977743154513762,-0.01557903615669501
5.36460634920635e-05,0.05305666402761988,0.002986844564994595
5.36560634920635e-05,-0.01350180093734463,-0.004439507723681247
5.366606349206349e-05,0.04196358653345913,0.002986844564994595
5.36760634920635e-05,0.3488720638719066,0.06239766287440134
5.36860634920635e-05,3.680493004618186,0.1403743619054977
5.36960634920635e-05,4.194472261847634,-0.09355573518779135
5.37060634920635e-05,2.497231405241039,0.0735371913074151
5.371606349206349e-05,3.284839907326452,0.01412637299800836
5.37260634920635e-05,3.772935317069525,-0.03785809302272254
5.37360634920635e-05,2.966838352493844,0.02897907757536004
5.374606349206349e-05,3.288537599824505,-0.04157126916706046
5.37560634920635e-05,3.15911836239263,-0.07127667832176383
5.376606349206349e-05,-0.3684802807504887,-0.1344006727755085
5.37760634920635e-05,-0.9564133879410085,0.08096354359609094
5.37860634920635e-05,0.8295720886188724,-0.08612938289911551
5.379606349206349e-05,0.02347512404319121,-0.0304317407340467
5.38060634920635e-05,-0.4978995181823641,0.03269225371969797
5.38160634920635e-05,0.3488720638719066,-0.02300538844537085
5.38260634920635e-05,-0.006106415941237463,-0.008152683868019168
5.38360634920635e-05,0.1639874389692274,0.07725036745175302
5.384606349206349e-05,3.765539932073418,0.1218084811838081
5.38560634920635e-05,4.201867646843741,-0.08612938289911551
5.38660634920635e-05,2.389998322797485,0.06239766287440134
5.387606349206349e-05,3.30332836981672,0.01412637299800836
5.38860634920635e-05,3.7988191645559,-0.01929221230103293
5.38960634920635e-05,2.889186810034718,0.0215527252866842
5.39060634920635e-05,3.288537599824505,0.006700020709332516
5.39160634920635e-05,3.166513747388737,-0.08241620675477759
5.392606349206349e-05,-0.4165502832251853,-0.1269743204868327
5.393606349206349e-05,-0.952715695442955,0.06982401516307718
5.39460634920635e-05,0.8480605511091404,-0.07498985446610175
5.395606349206349e-05,-0.0208971859334518,-0.05271079760007422
5.39660634920635e-05,-0.5015972106804176,0.03640542986403589
5.397606349206349e-05,0.3488720638719066,-0.008152683868019168
5.39860634920635e-05,-0.01719949343539821,-0.01557903615669501
5.39960634920635e-05,-0.1577118083614344,0.02526590143102212
5.400606349206349e-05,0.08633589651010214,-0.02671856458970878
5.40160634920635e-05,0.03456820153735196,0.01412637299800836
5.40260634920635e-05,-0.07636257340425556,-0.01929221230103293
5.40360634920635e-05,0.01977743154513762,0.01041319685367044
5.40460634920635e-05,0.03456820153735196,0.01412637299800836
5.405606349206349e-05,-0.0430833409217733,-0.008152683868019168
5.40660634920635e-05,0.001288969054869704,-0.008152683868019168
5.40760634920635e-05,0.004986661552923288,-0.01929221230103293
5.408606349206349e-05,-0.03568795592566613,-0.008152683868019168
5.40960634920635e-05,0.01607973904708404,-0.008152683868019168
5.410606349206349e-05,0.004986661552923288,-0.01557903615669501
5.41160634920635e-05,-0.006106415941237463,-0.01557903615669501
5.41260634920635e-05,-0.0208971859334518,-0.0007263315793433261
5.413606349206349e-05,-0.0208971859334518,-0.008152683868019168
5.41460634920635e-05,-0.006106415941237463,-0.01557903615669501
5.41560634920635e-05,-0.01719949343539821,0.006700020709332516
5.41660634920635e-05,-0.006106415941237463,-0.01929221230103293
5.41760634920635e-05,-0.02459487843150538,-0.01557903615669501
5.418606349206349e-05,-0.01350180093734463,-0.004439507723681247
5.41960634920635e-05,-0.009804108439291047,-0.004439507723681247
5.42060634920635e-05,-0.00240872344318388,-0.01186586001235709
5.421606349206349e-05,-0.0208971859334518,-0.01186586001235709
5.42260634920635e-05,-0.00240872344318388,-0.01186586001235709
5.42360634920635e-05,0.30080206139721,0.03640542986403589
5.42460634920635e-05,3.65460915713181,0.1143821288951322
5.42560634920635e-05,4.164890721863205,-0.1158347920538189
5.426606349206349e-05,2.452859095264396,0.04383178215271173
5.427606349206349e-05,3.277444522330345,0.006700020709332516
5.42860634920635e-05,3.750749162081203,-0.07870303061043968
5.429606349206349e-05,2.933559120011362,0.02897907757536004
5.43060634920635e-05,3.270049137334238,-0.03414491687838462
5.431606349206349e-05,3.144327592400416,-0.1046952636208051
5.43260634920635e-05,-0.3906664357388102,-0.1306874966311706
5.43360634920635e-05,-0.9675064654351693,0.05497131058572549
5.434606349206349e-05,0.7999905486344439,-0.08241620675477759
5.43560634920635e-05,0.001288969054869704,-0.04157126916706046
5.43660634920635e-05,-0.5200856731706857,0.01783954914234628
5.43760634920635e-05,0.3414766788757994,-0.01929221230103293
5.43860634920635e-05,-0.0208971859334518,-0.01929221230103293
5.439606349206349e-05,-0.1946887333419702,0.03269225371969797
5.44060634920635e-05,0.08263820401204855,-0.01186586001235709
5.44160634920635e-05,0.02717281654124479,0.01041319685367044
5.442606349206349e-05,-0.08006026590230914,-0.0007263315793433261
5.44360634920635e-05,-0.01350180093734463,0.002986844564994595
5.444606349206349e-05,0.01607973904708404,-0.004439507723681247
5.44560634920635e-05,-0.09485103589452348,-0.02671856458970878
5.44660634920635e-05,-0.00240872344318388,-0.0007263315793433261
5.447606349206349e-05,0.3044997538952636,0.04754495829704965
5.448606349206349e-05,3.628725309645435,0.1329480096168218
5.44960634920635e-05,4.172286106859312,-0.108408439765143
5.45060634920635e-05,2.456556787762449,0.05868448673006341
5.45160634920635e-05,3.240467597349809,0.002986844564994595
5.452606349206349e-05,3.758144547077311,-0.05271079760007422
5.45360634920635e-05,2.918768350019147,0.01041319685367044
5.45460634920635e-05,3.277444522330345,-0.04528444531139838
5.455606349206349e-05,3.125839129910148,-0.0675635021774259
5.45660634920635e-05,-0.383271050742703,-0.1529665534971981
5.45760634920635e-05,-0.9896926204234908,0.06611083901873925
5.45860634920635e-05,0.8221767036227653,-0.08612938289911551
5.45960634920635e-05,0.001288969054869704,-0.02671856458970878
5.460606349206349e-05,-0.5237833656687392,0.0215527252866842
5.461606349206349e-05,0.3414766788757994,-0.02671856458970878
5.46260634920635e-05,-0.03568795592566613,-0.01557903615669501
5.463606349206349e-05,-0.1725025783536487,0.01041319685367044
5.46460634920635e-05,0.0715451265178878,-0.02300538844537085
5.465606349206349e-05,0.01607973904708404,-0.0007263315793433261
5.46660634920635e-05,-0.08745565089841631,-0.004439507723681247
5.46760634920635e-05,0.001288969054869704,-0.01557903615669501
5.468606349206349e-05,0.03456820153735196,-0.0007263315793433261
5.46960634920635e-05,-0.05787411091398764,-0.01557903615669501
5.47060634920635e-05,-0.006106415941237463,-0.01186586001235709
5.47160634920635e-05,0.3303836013816387,0.04383178215271173
5.47260634920635e-05,3.632423002143489,0.09952942431778054
5.473606349206349e-05,4.19077456934958,-0.1269743204868327
5.47460634920635e-05,2.445463710268288,0.06611083901873925
5.47560634920635e-05,3.247862982345916,-0.01186586001235709
5.476606349206349e-05,3.761842239575365,-0.06385032603308799
5.47760634920635e-05,2.948349890003576,0.02526590143102212
5.47860634920635e-05,3.25156067484397,-0.03785809302272254
5.47960634920635e-05,3.443840684742756,-0.03785809302272254
5.48060634920635e-05,3.21088605736538,-0.01186586001235709
5.481606349206349e-05,3.221979134859541,-0.0489976214557363
5.482606349206349e-05,3.35509606478947,-0.02300538844537085
5.48360634920635e-05,3.266351444836184,-0.02671856458970878
5.484606349206349e-05,3.229374519855648,-0.03414491687838462
5.48560634920635e-05,3.347700679793363,-0.01557903615669501
5.486606349206349e-05,3.270049137334238,-0.02671856458970878
5.48760634920635e-05,3.255258367342023,-0.02671856458970878
5.48860634920635e-05,3.288537599824505,-0.01929221230103293
5.489606349206349e-05,3.284839907326452,-0.0304317407340467
5.49060634920635e-05,3.273746829832291,-0.03414491687838462
5.49160634920635e-05,3.299630677318667,-0.01186586001235709
5.49260634920635e-05,3.266351444836184,-0.03414491687838462
5.49360634920635e-05,3.281142214828399,-0.01557903615669501
5.494606349206349e-05,3.284839907326452,-0.01186586001235709
5.49560634920635e-05,3.000117584976326,-0.07127667832176383
5.49660634920635e-05,-0.3499918182602207,-0.1455402012085223
5.497606349206349e-05,-0.9157387704624191,0.07725036745175302
5.49860634920635e-05,0.7445251611636401,-0.09726891133212928
5.499606349206349e-05,0.01607973904708404,-0.03785809302272254
5.50060634920635e-05,-0.4831087481901498,0.02526590143102212
5.50160634920635e-05,0.3081974463933171,-0.0304317407340467
5.502606349206349e-05,-0.03199026342761255,-0.0007263315793433261
5.50360634920635e-05,-0.1577118083614344,0.0215527252866842
5.50460634920635e-05,0.0493589715295663,-0.02300538844537085
5.50560634920635e-05,0.02347512404319121,0.006700020709332516
5.50660634920635e-05,-0.0911533433964699,-0.004439507723681247
5.507606349206349e-05,0.001288969054869704,0.002986844564994595
5.50860634920635e-05,0.01977743154513762,0.01041319685367044
5.50960634920635e-05,-0.08375795840036272,-0.0304317407340467
5.510606349206349e-05,-0.009804108439291047,0.006700020709332516
5.51160634920635e-05,0.3229882163855315,0.02897907757536004
5.51260634920635e-05,3.636120694641543,0.1292348334724839
5.51360634920635e-05,4.172286106859312,-0.1158347920538189
5.51460634920635e-05,2.449161402766342,0.06611083901873925
5.515606349206349e-05,3.25156067484397,0.006700020709332516
5.516606349206349e-05,3.754446854579257,-0.05642397374441215
5.51760634920635e-05,2.915070657521094,0.002986844564994595
5.518606349206349e-05,3.281142214828399,-0.01186586001235709
5.51960634920635e-05,3.129536822408201,-0.0675635021774259
5.520606349206349e-05,-0.4054572057310245,-0.1418270250641843
5.52160634920635e-05,-0.9675064654351693,0.06239766287440134
5.52260634920635e-05,0.8332697811169261,-0.08612938289911551
5.523606349206349e-05,0.008684354050976872,-0.04528444531139838
5.52460634920635e-05,-0.5274810581667928,0.0215527252866842
5.52560634920635e-05,0.345174371373853,-0.01557903615669501
5.52660634920635e-05,-0.02829257092955897,-0.01186586001235709
5.52760634920635e-05,0.1491966689770131,0.06982401516307718
5.528606349206349e-05,3.769237624571471,0.1292348334724839
5.52960634920635e-05,4.220356109334009,-0.112121615909481
5.53060634920635e-05,2.397393707793592,0.06611083901873925
5.531606349206349e-05,3.295932984820613,0.01412637299800836
5.53260634920635e-05,3.791423779559793,-0.0304317407340467
5.533606349206349e-05,2.881791425038612,0.0215527252866842
5.53460634920635e-05,3.299630677318667,-0.004439507723681247
5.53560634920635e-05,3.462329147233024,-0.008152683868019168
5.536606349206349e-05,3.177606824882898,0.02526590143102212
5.537606349206349e-05,3.236769904851756,-0.02300538844537085
5.53860634920635e-05,3.384677604773899,0.01783954914234628
5.53960634920635e-05,3.240467597349809,-0.004439507723681247
5.54060634920635e-05,3.244165289847863,-0.02671856458970878
5.541606349206349e-05,3.35509606478947,0.01783954914234628
5.54260634920635e-05,3.284839907326452,-0.02300538844537085
5.54360634920635e-05,2.959442967497737,-0.05271079760007422
5.544606349206349e-05,-0.2982241232874706,-0.160392905785874
5.54560634920635e-05,-0.9305295404546334,0.0921030720291047
5.54660634920635e-05,0.7593159311558544,-0.08984255904345344
5.54760634920635e-05,0.02347512404319121,-0.03414491687838462
5.54860634920635e-05,-0.4609225932018283,0.03640542986403589
5.549606349206349e-05,0.3229882163855315,-0.03785809302272254
5.550606349206349e-05,0.004986661552923288,0.002986844564994595
5.55160634920635e-05,0.1935689789536561,0.05868448673006341
5.552606349206349e-05,3.724865314594829,0.125521657328146
5.55360634920635e-05,4.242542264322331,-0.08984255904345344
5.554606349206349e-05,2.412184477785806,0.05497131058572549
5.55560634920635e-05,3.299630677318667,-0.004439507723681247
5.55660634920635e-05,3.809912242050061,-0.03785809302272254
5.557606349206349e-05,2.91137296502304,0.01412637299800836
5.55860634920635e-05,3.299630677318667,0.01041319685367044
5.55960634920635e-05,3.181304517380952,-0.08241620675477759
5.56060634920635e-05,-0.4165502832251853,-0.1418270250641843
5.56160634920635e-05,-0.9675064654351693,0.06982401516307718
5.562606349206349e-05,0.8369674736149797,-0.1009820874764672
5.56360634920635e-05,0.01238204654903046,-0.05271079760007422
5.56460634920635e-05,-0.4978995181823641,0.02897907757536004
5.565606349206349e-05,0.3784536038563353,-0.0304317407340467
5.56660634920635e-05,-0.0208971859334518,-0.01557903615669501
5.56760634920635e-05,-0.1503164233653272,0.01412637299800836
5.56860634920635e-05,0.1011266665023165,-0.02300538844537085
5.56960634920635e-05,0.05675435652567346,0.006700020709332516
5.570606349206349e-05,-0.07636257340425556,-0.004439507723681247
5.571606349206349e-05,0.03456820153735196,-0.01557903615669501
5.57260634920635e-05,0.05305666402761988,-0.0007263315793433261
5.573606349206349e-05,-0.03568795592566613,-0.01186586001235709
5.57460634920635e-05,0.01607973904708404,0.01412637299800836
5.575606349206349e-05,0.03826589403540554,-0.008152683868019168
5.57660634920635e-05,-0.03938564842371972,-0.01929221230103293
5.57760634920635e-05,0.008684354050976872,-0.01186586001235709
5.578606349206349e-05,-0.00240872344318388,-0.0007263315793433261
5.57960634920635e-05,-0.01350180093734463,-0.004439507723681247
5.58060634920635e-05,-0.009804108439291047,0.002986844564994595
5.58160634920635e-05,-0.00240872344318388,0.0215527252866842
5.58260634920635e-05,-0.01350180093734463,-0.02300538844537085
5.583606349206349e-05,-0.009804108439291047,-0.0007263315793433261
5.58460634920635e-05,0.004986661552923288,-0.004439507723681247
5.58560634920635e-05,-0.01719949343539821,-0.0007263315793433261
5.586606349206349e-05,-0.01350180093734463,-0.01929221230103293
5.58760634920635e-05,-0.009804108439291047,-0.008152683868019168
5.588606349206349e-05,-0.006106415941237463,0.002986844564994595
5.58960634920635e-05,-0.009804108439291047,-0.004439507723681247
5.59060634920635e-05,-0.006106415941237463,-0.004439507723681247
5.591606349206349e-05,0.3155928313894243,0.04754495829704965
5.59260634920635e-05,3.676795312120132,0.1366611857611598
5.59360634920635e-05,4.161193029365152,-0.1009820874764672
5.59460634920635e-05,2.46764986525661,0.05868448673006341
5.59560634920635e-05,3.266351444836184,0.01041319685367044
5.596606349206349e-05,3.758144547077311,-0.05271079760007422
5.59760634920635e-05,2.926163735015254,0.02526590143102212
5.59860634920635e-05,3.270049137334238,-0.01186586001235709
5.599606349206349e-05,3.425352222252488,-0.03785809302272254
5.60060634920635e-05,3.196095287373166,0.01783954914234628
5.60160634920635e-05,3.221979134859541,-0.03785809302272254
5.60260634920635e-05,3.347700679793363,-0.02300538844537085
5.60360634920635e-05,3.277444522330345,-0.01557903615669501
5.604606349206349e-05,3.225676827357595,-0.03414491687838462
5.605606349206349e-05,3.329212217303095,0.01783954914234628
5.60660634920635e-05,3.25156067484397,-0.02671856458970878
5.607606349206349e-05,3.25156067484397,-0.02300538844537085
5.60860634920635e-05,3.288537599824505,-0.01557903615669501
5.609606349206349e-05,3.270049137334238,-0.03785809302272254
5.61060634920635e-05,3.255258367342023,-0.01929221230103293
5.61160634920635e-05,3.266351444836184,-0.008152683868019168
5.612606349206349e-05,3.270049137334238,-0.01929221230103293
5.61360634920635e-05,3.277444522330345,-0.01557903615669501
5.61460634920635e-05,3.277444522330345,-0.008152683868019168
5.61560634920635e-05,2.977931429988005,-0.06013714988875006
5.61660634920635e-05,-0.3758756657465959,-0.1306874966311706
5.617606349206349e-05,-0.9157387704624191,0.08467671974042887
5.61860634920635e-05,0.7519205461597472,-0.08241620675477759
5.61960634920635e-05,0.01607973904708404,-0.02671856458970878
5.620606349206349e-05,-0.4387364382135068,0.04383178215271173
5.62160634920635e-05,0.2897089839030492,-0.0304317407340467
5.622606349206349e-05,0.01607973904708404,0.002986844564994595
5.62360634920635e-05,0.1824759014594953,0.07725036745175302
5.62460634920635e-05,3.765539932073418,0.125521657328146
5.625606349206349e-05,4.183379184353473,-0.08241620675477759
5.626606349206349e-05,2.408486785287753,0.05497131058572549
5.62760634920635e-05,3.295932984820613,0.002986844564994595
5.62860634920635e-05,3.795121472057847,-0.0489976214557363
5.62960634920635e-05,2.907675272524986,0.006700020709332516
5.630606349206349e-05,3.30332836981672,0.006700020709332516
5.63160634920635e-05,3.458631454734971,-0.03414491687838462
5.63260634920635e-05,3.21088605736538,0.01041319685367044
5.633606349206349e-05,3.244165289847863,-0.01186586001235709
5.63460634920635e-05,3.384677604773899,-0.01557903615669501
5.63560634920635e-05,3.262653752338131,-0.004439507723681247
5.63660634920635e-05,3.25156067484397,-0.01557903615669501
5.63760634920635e-05,3.344002987295309,0.01412637299800836
5.638606349206349e-05,3.281142214828399,-0.008152683868019168
5.639606349206349e-05,3.255258367342023,-0.01186586001235709
5.64060634920635e-05,3.318119139808934,-0.008152683868019168
5.641606349206349e-05,3.288537599824505,-0.01557903615669501
5.64260634920635e-05,3.288537599824505,0.01041319685367044
5.643606349206349e-05,3.325514524805041,0.002986844564994595
5.64460634920635e-05,3.273746829832291,-0.008152683868019168
5.64560634920635e-05,3.292235292322559,-0.01186586001235709
5.646606349206349e-05,3.295932984820613,0.01412637299800836
5.64760634920635e-05,3.307026062314773,-0.01929221230103293
5.64860634920635e-05,3.30332836981672,-0.01186586001235709
5.64960634920635e-05,3.30332836981672,-0.02300538844537085
5.65060634920635e-05,3.284839907326452,-0.004439507723681247
5.651606349206349e-05,3.277444522330345,-0.004439507723681247
5.65260634920635e-05,3.295932984820613,-0.01186586001235709
5.65360634920635e-05,3.295932984820613,0.002986844564994595
5.654606349206349e-05,3.295932984820613,-0.02300538844537085
5.65560634920635e-05,3.273746829832291,-0.0007263315793433261
5.656606349206349e-05,3.307026062314773,0.006700020709332516
5.65760634920635e-05,3.295932984820613,-0.01929221230103293
5.65860634920635e-05,3.299630677318667,0.01412637299800836
5.659606349206349e-05,3.284839907326452,-0.02671856458970878
5.660606349206349e-05,3.299630677318667,-0.0007263315793433261
5.66160634920635e-05,3.310723754812827,-0.008152683868019168
5.66260634920635e-05,3.307026062314773,-0.0007263315793433261
5.66360634920635e-05,3.314421447310881,-0.01557903615669501
5.664606349206349e-05,3.314421447310881,-0.0007263315793433261
5.66560634920635e-05,3.30332836981672,-0.01186586001235709
5.66660634920635e-05,3.299630677318667,-0.0007263315793433261
5.667606349206349e-05,3.30332836981672,-0.01557903615669501
5.66860634920635e-05,3.310723754812827,-0.004439507723681247
5.66960634920635e-05,3.310723754812827,0.006700020709332516
5.67060634920635e-05,3.314421447310881,0.006700020709332516
5.67160634920635e-05,3.318119139808934,-0.01186586001235709
5.672606349206349e-05,3.318119139808934,0.006700020709332516
5.67360634920635e-05,3.325514524805041,-0.004439507723681247
5.67460634920635e-05,3.299630677318667,-0.008152683868019168
5.675606349206349e-05,3.299630677318667,-0.0007263315793433261
5.67660634920635e-05,3.307026062314773,0.002986844564994595
5.677606349206349e-05,3.314421447310881,-0.01186586001235709
5.67860634920635e-05,3.314421447310881,-0.01557903615669501
5.67960634920635e-05,3.318119139808934,0.002986844564994595
5.680606349206349e-05,3.30332836981672,0.002986844564994595
5.68160634920635e-05,3.310723754812827,-0.02671856458970878
5.68260634920635e-05,3.295932984820613,-0.008152683868019168
5.68360634920635e-05,3.318119139808934,-0.01557903615669501
5.68460634920635e-05,3.310723754812827,-0.008152683868019168
5.685606349206349e-05,3.30332836981672,-0.01557903615669501
5.68660634920635e-05,3.307026062314773,-0.004439507723681247
5.68760634920635e-05,3.299630677318667,-0.01557903615669501
5.688606349206349e-05,3.30332836981672,-0.01186586001235709
5.68960634920635e-05,3.30332836981672,-0.03785809302272254
5.69060634920635e-05,3.318119139808934,0.002986844564994595
5.69160634920635e-05,3.321816832306988,-0.01186586001235709
5.69260634920635e-05,3.307026062314773,-0.008152683868019168
5.693606349206349e-05,3.307026062314773,-0.0007263315793433261
5.694606349206349e-05,3.310723754812827,-0.02300538844537085
5.69560634920635e-05,3.30332836981672,-0.01186586001235709
5.696606349206349e-05,3.332909909801149,-0.01929221230103293
5.69760634920635e-05,3.321816832306988,-0.0007263315793433261
5.698606349206349e-05,3.292235292322559,-0.02300538844537085
5.69960634920635e-05,3.307026062314773,-0.01929221230103293
5.70060634920635e-05,3.321816832306988,-0.01186586001235709
5.701606349206349e-05,3.314421447310881,-0.01186586001235709
5.70260634920635e-05,3.314421447310881,-0.02300538844537085
5.70360634920635e-05,3.307026062314773,0.002986844564994595
5.70460634920635e-05,3.318119139808934,-0.004439507723681247
5.70560634920635e-05,3.314421447310881,-0.02671856458970878
5.706606349206349e-05,3.30332836981672,-0.01557903615669501
5.70760634920635e-05,3.310723754812827,-0.0007263315793433261
5.70860634920635e-05,3.307026062314773,-0.01186586001235709
5.709606349206349e-05,3.307026062314773,-0.01186586001235709
5.71060634920635e-05,3.314421447310881,0.01041319685367044
5.711606349206349e-05,3.011210662470487,-0.06385032603308799
5.71260634920635e-05,-0.3462941257621672,-0.1492533773528602
5.71360634920635e-05,-0.8639710754896689,0.09952942431778054
5.714606349206349e-05,0.807385933630551,-0.08241620675477759
5.71560634920635e-05,0.03826589403540554,-0.04528444531139838
5.71660634920635e-05,-0.4313410532173996,0.04383178215271173
5.71760634920635e-05,0.345174371373853,-0.0304317407340467
5.71860634920635e-05,0.0493589715295663,-0.0007263315793433261
5.719606349206349e-05,-0.1318279608750593,0.01412637299800836
5.72060634920635e-05,0.1048243590003701,-0.04528444531139838
5.72160634920635e-05,0.06784743401983422,0.01783954914234628
5.722606349206349e-05,-0.0430833409217733,-0.01929221230103293
5.72360634920635e-05,0.03087050903929837,-0.004439507723681247
5.72460634920635e-05,0.05305666402761988,0.006700020709332516
5.72560634920635e-05,-0.03938564842371972,-0.0304317407340467
5.72660634920635e-05,0.03826589403540554,-0.01186586001235709
5.727606349206349e-05,0.3599651413660673,0.0215527252866842
5.728606349206349e-05,3.717469929598721,0.125521657328146
5.72960634920635e-05,4.187076876851527,-0.108408439765143
5.730606349206349e-05,2.478742942750771,0.0735371913074151
5.73160634920635e-05,3.295932984820613,-0.01186586001235709
5.732606349206349e-05,3.780330702065632,-0.0489976214557363
5.73360634920635e-05,2.948349890003576,-0.01557903615669501
5.73460634920635e-05,3.314421447310881,-0.02300538844537085
5.735606349206349e-05,3.443840684742756,-0.04157126916706046
5.73660634920635e-05,3.225676827357595,-0.008152683868019168
5.73760634920635e-05,3.236769904851756,-0.03414491687838462
5.73860634920635e-05,3.377282219777792,-0.02300538844537085
5.73960634920635e-05,3.277444522330345,-0.004439507723681247
5.740606349206349e-05,3.240467597349809,-0.04528444531139838
5.74160634920635e-05,3.35509606478947,-0.01186586001235709
5.74260634920635e-05,3.281142214828399,-0.02671856458970878
5.743606349206349e-05,2.952047582501629,-0.07127667832176383
5.74460634920635e-05,-0.3315033557699528,-0.1529665534971981
5.745606349206349e-05,-0.9083433854663119,0.0735371913074151
5.74660634920635e-05,0.7519205461597472,-0.1046952636208051
5.74760634920635e-05,0.04196358653345913,-0.01929221230103293
5.748606349206349e-05,-0.4572249007037747,0.02526590143102212
5.749606349206349e-05,0.3118951388913708,-0.03414491687838462
5.75060634920635e-05,0.01607973904708404,-0.0007263315793433261
5.75160634920635e-05,-0.1244325758789522,0.01412637299800836
5.75260634920635e-05,0.06414974152178063,-0.01929221230103293
5.753606349206349e-05,0.04566127903151271,-0.0007263315793433261
5.75460634920635e-05,-0.06896718840814839,-0.01186586001235709
5.75560634920635e-05,0.01607973904708404,-0.008152683868019168
5.756606349206349e-05,0.04566127903151271,0.006700020709332516
5.75760634920635e-05,-0.04678103341982689,-0.01557903615669501
5.75860634920635e-05,0.008684354050976872,0.01412637299800836
5.75960634920635e-05,0.3414766788757994,0.04011860600837381
5.76060634920635e-05,3.691586082112346,0.1143821288951322
5.761606349206349e-05,4.150099951870991,-0.09726891133212928
5.762606349206349e-05,2.475045250252717,0.06239766287440134
5.76360634920635e-05,3.273746829832291,0.01412637299800836
5.764606349206349e-05,3.769237624571471,-0.06013714988875006
5.76560634920635e-05,2.959442967497737,0.0215527252866842
5.766606349206349e-05,3.292235292322559,-0.008152683868019168
5.76760634920635e-05,3.155420669894577,-0.08612938289911551
5.76860634920635e-05,-0.3980618207349174,-0.1381138489198464
5.769606349206349e-05,-0.952715695442955,0.0735371913074151
5.77060634920635e-05,0.8443628586110868,-0.07498985446610175
5.77160634920635e-05,0.02717281654124479,-0.02671856458970878
5.77260634920635e-05,-0.516387980672632,0.01041319685367044
5.77360634920635e-05,0.3599651413660673,-0.01186586001235709
5.774606349206349e-05,-0.01350180093734463,-0.004439507723681247
5.77560634920635e-05,0.1787782089614417,0.06239766287440134
5.77660634920635e-05,3.791423779559793,0.1329480096168218
5.777606349206349e-05,4.212960724337902,-0.1009820874764672
5.77860634920635e-05,2.389998322797485,0.05868448673006341
5.77960634920635e-05,3.321816832306988,0.01041319685367044
5.78060634920635e-05,3.802516857053954,-0.0304317407340467
5.78160634920635e-05,2.896582195030826,0.01783954914234628
5.782606349206349e-05,3.314421447310881,0.01041319685367044
5.783606349206349e-05,3.469724532229131,-0.02671856458970878
5.78460634920635e-05,3.188699902377059,-0.0007263315793433261
5.785606349206349e-05,3.258956059840077,-0.0489976214557363
5.78660634920635e-05,3.369886834781684,-0.0007263315793433261
5.787606349206349e-05,3.273746829832291,-0.02300538844537085
5.78860634920635e-05,3.255258367342023,-0.01557903615669501
5.78960634920635e-05,3.340305294797256,-0.0007263315793433261
5.790606349206349e-05,3.266351444836184,-0.04528444531139838
5.79160634920635e-05,3.281142214828399,-0.01929221230103293
5.79260634920635e-05,3.336607602299202,-0.004439507723681247
5.79360634920635e-05,3.273746829832291,-0.02300538844537085
5.79460634920635e-05,3.307026062314773,-0.03414491687838462
5.795606349206349e-05,3.325514524805041,-0.03785809302272254
5.79660634920635e-05,3.292235292322559,-0.03414491687838462
5.79760634920635e-05,3.318119139808934,-0.0304317407340467
5.798606349206349e-05,3.318119139808934,-0.0304317407340467
5.79960634920635e-05,2.989024507482165,-0.07498985446610175
5.800606349206349e-05,-0.3536895107582744,-0.1529665534971981
5.80160634920635e-05,-0.8861572304779904,0.08838989588476678
5.80260634920635e-05,0.7704090086500152,-0.09355573518779135
5.803606349206349e-05,0.02347512404319121,-0.04528444531139838
5.80460634920635e-05,-0.4609225932018283,0.02897907757536004
5.80560634920635e-05,0.3155928313894243,-0.0489976214557363
5.80660634920635e-05,0.02717281654124479,0.01783954914234628
5.80760634920635e-05,0.1787782089614417,0.06982401516307718
5.808606349206349e-05,3.780330702065632,0.09952942431778054
5.80960634920635e-05,4.201867646843741,-0.07498985446610175
5.81060634920635e-05,2.401091400291646,0.04383178215271173
5.811606349206349e-05,3.314421447310881,-0.004439507723681247
5.81260634920635e-05,3.795121472057847,-0.02300538844537085
5.81360634920635e-05,2.892884502532772,0.01412637299800836
5.81460634920635e-05,3.30332836981672,-0.01557903615669501
5.81560634920635e-05,3.477119917225238,-0.02671856458970878
5.816606349206349e-05,3.177606824882898,-0.004439507723681247
5.817606349206349e-05,3.25156067484397,-0.02671856458970878
5.81860634920635e-05,3.380979912275845,-0.008152683868019168
5.819606349206349e-05,3.244165289847863,-0.01186586001235709
5.82060634920635e-05,3.225676827357595,-0.04157126916706046
5.821606349206349e-05,3.344002987295309,0.002986844564994595
5.82260634920635e-05,3.281142214828399,-0.0304317407340467
5.82360634920635e-05,3.258956059840077,-0.0007263315793433261
5.824606349206349e-05,3.340305294797256,-0.0007263315793433261
5.82560634920635e-05,3.277444522330345,-0.01186586001235709
5.82660634920635e-05,3.284839907326452,0.002986844564994595
5.82760634920635e-05,3.299630677318667,0.006700020709332516
5.82860634920635e-05,3.284839907326452,-0.01186586001235709
5.829606349206349e-05,3.273746829832291,0.01412637299800836
5.83060634920635e-05,3.277444522330345,0.01041319685367044
5.83160634920635e-05,3.281142214828399,-0.01186586001235709
5.832606349206349e-05,3.273746829832291,0.0215527252866842
5.83360634920635e-05,3.292235292322559,-0.01186586001235709
5.834606349206349e-05,3.299630677318667,0.002986844564994595
5.83560634920635e-05,3.258956059840077,0.01783954914234628
5.83660634920635e-05,3.299630677318667,-0.008152683868019168
5.837606349206349e-05,3.281142214828399,-0.0007263315793433261
5.838606349206349e-05,3.30332836981672,0.01783954914234628
5.83960634920635e-05,3.295932984820613,-0.004439507723681247
5.84060634920635e-05,3.281142214828399,0.01041319685367044
5.84160634920635e-05,3.299630677318667,-0.004439507723681247
5.842606349206349e-05,3.30332836981672,-0.01186586001235709
5.84360634920635e-05,3.273746829832291,-0.004439507723681247
5.84460634920635e-05,3.299630677318667,0.0215527252866842
5.845606349206349e-05,3.284839907326452,-0.004439507723681247
5.84660634920635e-05,3.307026062314773,0.006700020709332516
5.84760634920635e-05,2.977931429988005,-0.0489976214557363
5.84860634920635e-05,-0.3462941257621672,-0.1418270250641843
5.84960634920635e-05,-0.9046456929682584,0.1032426004621185
5.850606349206349e-05,0.7815020861441759,-0.08241620675477759
5.851606349206349e-05,0.01238204654903046,-0.02300538844537085
5.85260634920635e-05,-0.4535272082057211,0.04383178215271173
5.853606349206349e-05,0.3155928313894243,-0.0304317407340467
5.85460634920635e-05,-0.006106415941237463,0.0215527252866842
5.855606349206349e-05,0.1972666714517096,0.06611083901873925
5.85660634920635e-05,3.772935317069525,0.1292348334724839
5.85760634920635e-05,4.220356109334009,-0.0675635021774259
5.858606349206349e-05,2.401091400291646,0.08467671974042887
5.85960634920635e-05,3.307026062314773,0.01412637299800836
5.86060634920635e-05,3.806214549552007,-0.01929221230103293
5.86160634920635e-05,2.90027988752888,-0.0007263315793433261
5.86260634920635e-05,3.30332836981672,0.0215527252866842
5.863606349206349e-05,3.166513747388737,-0.07127667832176383
5.86460634920635e-05,-0.4387364382135068,-0.1232611443424947
5.86560634920635e-05,-0.9453203104468477,0.08467671974042887
5.866606349206349e-05,0.8480605511091404,-0.08241620675477759
5.86760634920635e-05,0.001288969054869704,-0.03414491687838462
5.868606349206349e-05,-0.4868064406882034,0.02526590143102212
5.86960634920635e-05,0.3673605263621745,-0.01557903615669501
5.87060634920635e-05,0.001288969054869704,0.002986844564994595
5.871606349206349e-05,0.1935689789536561,0.05868448673006341
5.872606349206349e-05,3.7988191645559,0.1218084811838081
5.87360634920635e-05,4.198169954345688,-0.1009820874764672
5.87460634920635e-05,2.401091400291646,0.0735371913074151
5.87560634920635e-05,3.299630677318667,-0.004439507723681247
5.876606349206349e-05,3.824703012042275,-0.03414491687838462
5.87760634920635e-05,2.889186810034718,-0.0007263315793433261
5.87860634920635e-05,3.336607602299202,-0.01186586001235709
5.879606349206349e-05,3.170211439886791,-0.1158347920538189
5.88060634920635e-05,-0.4498295157076675,-0.1269743204868327
5.88160634920635e-05,-0.9453203104468477,0.06611083901873925
5.88260634920635e-05,0.8591536286033011,-0.09726891133212928
5.88360634920635e-05,-0.006106415941237463,-0.0304317407340467
5.884606349206349e-05,-0.4683179781979355,0.01783954914234628
5.88560634920635e-05,0.3636628338641209,-0.01929221230103293
5.88660634920635e-05,0.008684354050976872,-0.02300538844537085
5.887606349206349e-05,-0.1540141158633808,0.03640542986403589
5.88860634920635e-05,0.1122197439964772,-0.0304317407340467
5.889606349206349e-05,0.04196358653345913,0.006700020709332516
5.89060634920635e-05,-0.06896718840814839,-0.02300538844537085
5.89160634920635e-05,0.02717281654124479,-0.008152683868019168
5.892606349206349e-05,0.0493589715295663,-0.0007263315793433261
5.89360634920635e-05,-0.03938564842371972,-0.004439507723681247
5.89460634920635e-05,0.02347512404319121,0.01783954914234628
5.89560634920635e-05,0.01977743154513762,-0.02300538844537085
5.89660634920635e-05,-0.02459487843150538,-0.008152683868019168
5.897606349206349e-05,-0.00240872344318388,0.002986844564994595
5.89860634920635e-05,0.004986661552923288,-0.0007263315793433261
5.89960634920635e-05,-0.03199026342761255,-0.0007263315793433261
5.900606349206349e-05,-0.006106415941237463,0.01783954914234628
5.90160634920635e-05,-0.00240872344318388,-0.01186586001235709
5.90260634920635e-05,-0.0208971859334518,0.002986844564994595
5.90360634920635e-05,-0.01719949343539821,-0.01929221230103293
5.90460634920635e-05,-0.009804108439291047,-0.01186586001235709
5.905606349206349e-05,-0.02829257092955897,-0.01186586001235709
5.906606349206349e-05,-0.02829257092955897,-0.01557903615669501
5.90760634920635e-05,-0.006106415941237463,-0.01557903615669501
5.908606349206349e-05,-0.03199026342761255,-0.01557903615669501
5.90960634920635e-05,-0.01350180093734463,-0.02671856458970878
5.910606349206349e-05,-0.03199026342761255,-0.0007263315793433261
5.91160634920635e-05,0.3081974463933171,0.04011860600837381
5.91260634920635e-05,3.684190697116239,0.1218084811838081
5.913606349206349e-05,4.157495336867099,-0.1158347920538189
5.91460634920635e-05,2.438068325272182,0.05125813444138757
5.91560634920635e-05,3.273746829832291,-0.0007263315793433261
5.91660634920635e-05,3.758144547077311,-0.06385032603308799
5.91760634920635e-05,2.922466042517201,0.006700020709332516
5.918606349206349e-05,3.277444522330345,-0.02671856458970878
5.91960634920635e-05,3.148025284898469,-0.09355573518779135
5.92060634920635e-05,-0.4387364382135068,-0.1344006727755085
5.921606349206349e-05,-0.97859954292933,0.06982401516307718
5.92260634920635e-05,0.8147813186266581,-0.08984255904345344
5.923606349206349e-05,-0.01350180093734463,-0.04157126916706046
5.92460634920635e-05,-0.5274810581667928,0.01041319685367044
5.92560634920635e-05,0.3414766788757994,-0.02671856458970878
5.926606349206349e-05,-0.02459487843150538,-0.01557903615669501
5.927606349206349e-05,0.1528943614750666,0.06611083901873925
5.92860634920635e-05,3.772935317069525,0.1069557766064564
5.92960634920635e-05,4.201867646843741,-0.112121615909481
5.93060634920635e-05,2.378905245303324,0.05497131058572549
5.931606349206349e-05,3.310723754812827,-0.01929221230103293
5.93260634920635e-05,3.795121472057847,-0.0489976214557363
5.93360634920635e-05,2.915070657521094,0.002986844564994595
5.934606349206349e-05,3.292235292322559,-0.004439507723681247
5.93560634920635e-05,3.155420669894577,-0.112121615909481
5.93660634920635e-05,-0.4350387457154532,-0.1418270250641843
5.93760634920635e-05,-0.9342272329526871,0.05125813444138757
5.93860634920635e-05,0.8406651661130332,-0.07870303061043968
5.939606349206349e-05,0.004986661552923288,-0.05642397374441215
5.940606349206349e-05,-0.4831087481901498,0.006700020709332516
5.94160634920635e-05,0.3525697563699602,-0.02300538844537085
5.942606349206349e-05,-0.02829257092955897,-0.0304317407340467
5.94360634920635e-05,0.1454989764789595,0.0735371913074151
5.944606349206349e-05,3.784028394563686,0.1106689527507943
5.94560634920635e-05,4.198169954345688,-0.1158347920538189
5.94660634920635e-05,2.382602937801378,0.04383178215271173
5.947606349206349e-05,3.321816832306988,0.002986844564994595
5.94860634920635e-05,3.791423779559793,-0.04157126916706046
5.94960634920635e-05,2.889186810034718,-0.01186586001235709
5.95060634920635e-05,3.288537599824505,-0.008152683868019168
5.95160634920635e-05,3.458631454734971,-0.0489976214557363
5.952606349206349e-05,3.185002209879005,-0.0007263315793433261
5.95360634920635e-05,3.240467597349809,-0.03785809302272254
5.95460634920635e-05,3.369886834781684,-0.04157126916706046
5.955606349206349e-05,3.247862982345916,-0.02300538844537085
5.95660634920635e-05,3.236769904851756,-0.02300538844537085
5.957606349206349e-05,3.329212217303095,-0.01186586001235709
5.95860634920635e-05,3.258956059840077,-0.04157126916706046
5.95960634920635e-05,2.96314065999579,-0.07127667832176383
5.960606349206349e-05,-0.3241079707738457,-0.160392905785874
5.961606349206349e-05,-0.9157387704624191,0.08467671974042887
5.96260634920635e-05,0.7371297761675329,-0.112121615909481
5.96360634920635e-05,0.03087050903929837,-0.0489976214557363
5.96460634920635e-05,-0.4794110556920962,0.002986844564994595
5.965606349206349e-05,0.3118951388913708,-0.05642397374441215
5.96660634920635e-05,0.001288969054869704,-0.008152683868019168
5.96760634920635e-05,-0.1281302683770057,-0.01557903615669501
5.968606349206349e-05,0.06045204902372704,-0.05271079760007422
5.96960634920635e-05,0.04196358653345913,-0.0007263315793433261
5.97060634920635e-05,-0.07636257340425556,-0.02300538844537085
5.97160634920635e-05,-0.006106415941237463,-0.02300538844537085
5.97260634920635e-05,0.04196358653345913,0.006700020709332516
5.973606349206349e-05,-0.05787411091398764,-0.02300538844537085
5.97460634920635e-05,-0.00240872344318388,-0.01557903615669501
5.97560634920635e-05,0.01607973904708404,-0.01929221230103293
5.976606349206349e-05,-0.01719949343539821,-0.04157126916706046
5.97760634920635e-05,0.001288969054869704,-0.0304317407340467
5.978606349206349e-05,-0.006106415941237463,-0.03414491687838462
5.97960634920635e-05,-0.02459487843150538,-0.0304317407340467
5.98060634920635e-05,-0.01350180093734463,-0.03414491687838462
5.981606349206349e-05,0.004986661552923288,-0.0304317407340467
5.98260634920635e-05,-0.009804108439291047,-0.01557903615669501
5.98360634920635e-05,0.2934066764011029,0.01412637299800836
5.98460634920635e-05,3.680493004618186,0.1106689527507943
5.98560634920635e-05,4.168588414361259,-0.1269743204868327
5.986606349206349e-05,2.456556787762449,0.04754495829704965
5.98760634920635e-05,3.299630677318667,-0.02300538844537085
5.98860634920635e-05,3.739656084587043,-0.07870303061043968
5.989606349206349e-05,2.937256812509415,0.002986844564994595
5.99060634920635e-05,3.277444522330345,-0.04157126916706046
5.99160634920635e-05,3.432747607248595,-0.03785809302272254
5.99260634920635e-05,3.214583749863434,-0.004439507723681247
5.99360634920635e-05,3.244165289847863,-0.05271079760007422
5.994606349206349e-05,3.351398372291416,-0.008152683868019168
5.995606349206349e-05,3.273746829832291,-0.02300538844537085
5.99660634920635e-05,3.240467597349809,-0.04528444531139838
5.997606349206349e-05,3.344002987295309,-0.008152683868019168
5.99860634920635e-05,3.281142214828399,-0.03785809302272254
5.999606349206349e-05,2.970536044991897,-0.07498985446610175
6.00060634920635e-05,-0.3056195082835778,-0.160392905785874
6.00160634920635e-05,-0.9268318479565798,0.0735371913074151
6.002606349206349e-05,0.7667113161519615,-0.08612938289911551
6.00360634920635e-05,0.02347512404319121,-0.01929221230103293
6.00460634920635e-05,-0.4609225932018283,0.0215527252866842
6.00560634920635e-05,0.3044997538952636,-0.04157126916706046
6.00660634920635e-05,0.02347512404319121,-0.008152683868019168
6.007606349206349e-05,0.1787782089614417,0.05868448673006341
6.00860634920635e-05,3.735958392088989,0.1032426004621185
6.00960634920635e-05,4.227751494330116,-0.1009820874764672
6.010606349206349e-05,2.386300630299431,0.04383178215271173
6.01160634920635e-05,3.288537599824505,-0.01557903615669501
6.012606349206349e-05,3.817307627046168,-0.03414491687838462
6.01360634920635e-05,2.915070657521094,0.01041319685367044
6.01460634920635e-05,3.292235292322559,-0.01186586001235709
6.015606349206349e-05,3.170211439886791,-0.07127667832176383
6.01660634920635e-05,-0.4165502832251853,-0.1344006727755085
6.01760634920635e-05,-0.9712041579332229,0.06982401516307718
6.01860634920635e-05,0.8443628586110868,-0.08241620675477759
6.01960634920635e-05,0.02347512404319121,-0.02671856458970878
6.020606349206349e-05,-0.5052949031784713,0.02526590143102212
6.02160634920635e-05,0.3784536038563353,-0.008152683868019168
6.02260634920635e-05,-0.01719949343539821,-0.008152683868019168
6.023606349206349e-05,0.167685131467281,0.08838989588476678
6.02460634920635e-05,3.772935317069525,0.1180953050394702
6.02560634920635e-05,4.216658416835956,-0.1046952636208051
6.02660634920635e-05,2.386300630299431,0.05868448673006341
6.02760634920635e-05,3.295932984820613,0.006700020709332516
6.028606349206349e-05,3.791423779559793,-0.03414491687838462
6.029606349206349e-05,2.896582195030826,0.01041319685367044
6.03060634920635e-05,3.30332836981672,-0.01186586001235709
6.031606349206349e-05,3.15911836239263,-0.07498985446610175
6.03260634920635e-05,-0.4461318232096139,-0.1306874966311706
6.033606349206349e-05,-0.952715695442955,0.05868448673006341
6.03460634920635e-05,0.8332697811169261,-0.08241620675477759
6.03560634920635e-05,-0.01719949343539821,-0.04157126916706046
6.036606349206349e-05,-0.5200856731706857,0.02526590143102212
6.03760634920635e-05,0.3414766788757994,-0.01557903615669501
6.03860634920635e-05,-0.01719949343539821,-0.01557903615669501
6.03960634920635e-05,0.1418012839809059,0.08467671974042887
6.04060634920635e-05,3.761842239575365,0.1032426004621185
6.041606349206349e-05,4.194472261847634,-0.08612938289911551
6.04260634920635e-05,2.389998322797485,0.0735371913074151
6.04360634920635e-05,3.288537599824505,0.006700020709332516
6.044606349206349e-05,3.791423779559793,-0.04157126916706046
6.04560634920635e-05,2.878093732540558,-0.0007263315793433261
6.046606349206349e-05,3.30332836981672,0.002986844564994595
6.04760634920635e-05,3.469724532229131,-0.03414491687838462
6.04860634920635e-05,3.173909132384845,0.006700020709332516
6.049606349206349e-05,3.247862982345916,-0.0304317407340467
6.050606349206349e-05,3.373584527279738,-0.01557903615669501
6.05160634920635e-05,3.225676827357595,-0.008152683868019168
6.05260634920635e-05,3.233072212353702,-0.0304317407340467
6.05360634920635e-05,3.321816832306988,-0.008152683868019168
6.054606349206349e-05,3.266351444836184,-0.01186586001235709
6.05560634920635e-05,2.977931429988005,-0.05642397374441215
6.05660634920635e-05,-0.3056195082835778,-0.1529665534971981
6.057606349206349e-05,-0.9379249254507406,0.08838989588476678
6.05860634920635e-05,0.7334320836694793,-0.09355573518779135
6.05960634920635e-05,0.01238204654903046,-0.03785809302272254
6.06060634920635e-05,-0.4831087481901498,0.03269225371969797
6.06160634920635e-05,0.30080206139721,-0.03785809302272254
6.062606349206349e-05,-0.009804108439291047,0.01412637299800836
6.063606349206349e-05,0.1528943614750666,0.06239766287440134
6.06460634920635e-05,3.717469929598721,0.125521657328146
6.065606349206349e-05,4.209263031839848,-0.07498985446610175
6.06660634920635e-05,2.378905245303324,0.05497131058572549
6.067606349206349e-05,3.277444522330345,0.006700020709332516
6.06860634920635e-05,3.795121472057847,-0.03414491687838462
6.06960634920635e-05,2.896582195030826,-0.0007263315793433261
6.070606349206349e-05,3.30332836981672,-0.02300538844537085
6.07160634920635e-05,3.451236069738863,-0.02300538844537085
6.07260634920635e-05,3.170211439886791,0.006700020709332516
6.07360634920635e-05,3.233072212353702,-0.05271079760007422
6.07460634920635e-05,3.369886834781684,-0.008152683868019168
6.075606349206349e-05,3.262653752338131,-0.01557903615669501
6.07660634920635e-05,3.240467597349809,-0.03785809302272254
6.07760634920635e-05,3.340305294797256,-0.01929221230103293
6.078606349206349e-05,3.258956059840077,-0.03414491687838462
6.07960634920635e-05,3.247862982345916,-0.01929221230103293
6.08060634920635e-05,3.318119139808934,-0.01557903615669501
6.08160634920635e-05,3.277444522330345,-0.01557903615669501
6.08260634920635e-05,3.266351444836184,-0.01557903615669501
6.083606349206349e-05,3.310723754812827,-0.03414491687838462
6.084606349206349e-05,3.284839907326452,-0.04157126916706046
6.08560634920635e-05,3.307026062314773,-0.0304317407340467
6.086606349206349e-05,3.295932984820613,-0.01557903615669501
6.08760634920635e-05,3.30332836981672,-0.02671856458970878
6.088606349206349e-05,3.288537599824505,-0.01186586001235709
6.08960634920635e-05,3.288537599824505,-0.01557903615669501
6.09060634920635e-05,3.307026062314773,-0.02300538844537085
6.091606349206349e-05,3.295932984820613,-0.03414491687838462
6.09260634920635e-05,3.284839907326452,-0.0304317407340467
6.09360634920635e-05,3.281142214828399,-0.01557903615669501
6.09460634920635e-05,3.295932984820613,-0.02300538844537085
6.09560634920635e-05,3.018606047466594,-0.06013714988875006
6.096606349206349e-05,-0.3425964332641136,-0.1641060819302119
6.09760634920635e-05,-0.9157387704624191,0.08467671974042887
6.09860634920635e-05,0.763013623653908,-0.1009820874764672
6.099606349206349e-05,0.03826589403540554,-0.04528444531139838
6.10060634920635e-05,-0.472015670695989,0.04383178215271173
6.101606349206349e-05,0.3044997538952636,-0.0304317407340467
6.10260634920635e-05,0.001288969054869704,0.006700020709332516
6.10360634920635e-05,-0.1207348833808986,0.01412637299800836
6.104606349206349e-05,0.05305666402761988,-0.03785809302272254
6.10560634920635e-05,0.05305666402761988,0.02897907757536004
6.10660634920635e-05,-0.06157180341204122,-0.01557903615669501
6.107606349206349e-05,0.001288969054869704,-0.008152683868019168
6.10860634920635e-05,0.05305666402761988,0.01041319685367044
6.109606349206349e-05,-0.05417641841593406,-0.01929221230103293
6.11060634920635e-05,0.01607973904708404,-0.01186586001235709
6.11160634920635e-05,0.3340812938796923,0.04011860600837381
6.112606349206349e-05,3.64351607963765,0.125521657328146
6.11360634920635e-05,4.19077456934958,-0.1269743204868327
6.11460634920635e-05,2.482440635248824,0.05125813444138757
6.11560634920635e-05,3.262653752338601,-0.000726331579400737
6.11660634920635e-05,3.780330702065632,-0.06385032603308799
6.117606349206349e-05,2.966838352493844,0.01412637299800836
6.118606349206349e-05,3.288537599824213,-0.03043174073400617
6.11960634920635e-05,3.451236069738863,-0.02671856458970878
6.120606349206349e-05,3.236769904851756,-0.008152683868019168
6.12160634920635e-05,3.247862982345916,-0.02671856458970878
6.122606349206349e-05,3.366189142283631,-0.03785809302272254
6.123606349206349e-05,3.292235292322626,-0.01186586001238073
6.12460634920635e-05,3.262653752338131,-0.05642397374441215
6.125606349206349e-05,3.351398372291416,-0.01186586001235709
6.12660634920635e-05,3.281142214828399,-0.02671856458970878
6.12760634920635e-05,3.000117584976326,-0.05642397374441215
6.128606349206349e-05,-0.2908287382913634,-0.156679729641536
6.12960634920635e-05,-0.9083433854663119,0.08467671974042887
6.130606349206349e-05,0.7667113161519615,-0.1046952636208051
6.13160634920635e-05,0.04566127903151271,-0.02671856458970878
6.13260634920635e-05,-0.4572249007037747,0.0215527252866842
6.133606349206349e-05,0.3266859088835851,-0.02300538844537085
6.13460634920635e-05,0.02717281654124479,-0.0007263315793433261
6.135606349206349e-05,0.1824759014594953,0.04754495829704965
6.13660634920635e-05,3.743353777085547,0.1069557766062639
6.13760634920635e-05,4.238844571824277,-0.1046952636208051
6.138606349206349e-05,2.42697524777802,0.06239766287440134
6.139606349206349e-05,3.292235292321772,-0.008152683867954993
6.14060634920635e-05,3.821005319544222,-0.0304317407340467
6.14160634920635e-05,2.918768350019497,0.006700020709329139
6.14260634920635e-05,3.30332836981672,0.002986844564994595
6.143606349206349e-05,3.503003764711614,-0.01557903615669501
6.144606349206349e-05,3.218281442361747,0.006700020709312256
6.14560634920635e-05,3.240467597349809,-0.04528444531139838
6.146606349206349e-05,3.403166067264167,-0.008152683868019168
6.14760634920635e-05,3.262653752338131,-0.01557903615669501
6.14860634920635e-05,3.25156067484397,-0.02671856458970878
6.149606349206349e-05,3.35509606478947,0.006700020709332516
6.15060634920635e-05,3.295932984820613,-0.02300538844537085
6.151606349206349e-05,3.273746829832291,-0.004439507723681247
6.15260634920635e-05,3.325514524805041,-0.01929221230103293
6.15360634920635e-05,3.299630677318667,-0.02300538844537085
6.154606349206349e-05,3.277444522330345,0.01041319685367044
6.15560634920635e-05,3.310723754812827,-0.02300538844537085
6.156606349206349e-05,3.307026062314773,0.006700020709332516
6.15760634920635e-05,3.288537599824505,-0.02300538844537085
6.15860634920635e-05,3.310723754812827,-0.0007263315793433261
6.159606349206349e-05,3.295932984820613,-0.01186586001235709
6.16060634920635e-05,3.295932984820613,0.002986844564994595
6.16160634920635e-05,3.307026062314773,-0.01557903615669501
6.16260634920635e-05,3.299630677318667,-0.01557903615667475
6.16360634920635e-05,3.299630677318667,0.006700020709332516
6.164606349206349e-05,3.314421447310881,-0.008152683868019168
6.165606349206349e-05,3.30702606231478,0.006700020709319009
6.16660634920635e-05,3.299630677318667,-0.01186586001235709
6.167606349206349e-05,3.000117584976326,-0.04528444531139838
6.16860634920635e-05,-0.3241079707738457,-0.1529665534971981
6.169606349206349e-05,-0.9083433854663119,0.1032426004621185
6.170606349206349e-05,0.7741067011480688,-0.07870303061043968
6.17160634920635e-05,0.03087050903929837,-0.0304317407340467
6.172606349206349e-05,-0.4609225932018283,0.03269225371969797
6.17360634920635e-05,0.3155928313894243,-0.02300538844537085
6.17460634920635e-05,0.02717281654124479,0.002986844564994595
6.175606349206349e-05,-0.1318279608750593,0.01412637299800836
6.17660634920635e-05,0.08633589651010214,-0.04528444531139838
6.177606349206349e-05,0.0493589715295663,0.002986844564994595
6.17860634920635e-05,-0.0652694959100948,-0.01557903615669501
6.17960634920635e-05,0.008684354050976872,0.002986844564994595
6.180606349206349e-05,0.04566127903151271,0.006700020709332516
6.18160634920635e-05,-0.05787411091398764,-0.02671856458970878
6.18260634920635e-05,0.03456820153735196,-0.004439507723681247
6.18360634920635e-05,0.322988216388565,0.03269225371978239
6.18460634920635e-05,3.658306849629864,0.125521657328146
6.185606349206349e-05,4.183379184353473,-0.1158347920538189
6.186606349206349e-05,2.467649865258171,0.05125813444123561
6.18760634920635e-05,3.266351444836184,-0.0007263315793433261
6.188606349206349e-05,3.772935317069525,-0.04157126916706046
6.18960634920635e-05,2.955745274999683,0.006700020709332516
6.190606349206349e-05,3.277444522330345,-0.004439507723681247
6.191606349206349e-05,3.443840684742756,-0.02300538844537085
6.19260634920635e-05,3.203490672369273,0.01412637299800836
6.193606349206349e-05,3.225676827357595,-0.03414491687838462
6.19460634920635e-05,3.358793757287524,-0.004439507723681247
6.19560634920635e-05,3.266351444836184,-0.01929221230103293
6.196606349206349e-05,3.236769904851756,-0.01929221230103293
6.19760634920635e-05,3.332909909801149,0.006700020709332516
6.198606349206349e-05,3.266351444836184,-0.02300538844537085
6.19960634920635e-05,2.977931429988005,-0.07498985446610175
6.20060634920635e-05,-0.3241079707738457,-0.1381138489198464
6.201606349206349e-05,-0.9231341554585263,0.08096354359609094
6.20260634920635e-05,0.7519205461597472,-0.07870303061043968
6.20360634920635e-05,0.02717281654124479,-0.0304317407340467
6.20460634920635e-05,-0.4572249007030752,0.02897907757532627
6.20560634920635e-05,0.3118951388913708,-0.008152683868019168
6.206606349206349e-05,0.01607973904708404,-0.01929221230103293
6.207606349206349e-05,-0.1503164233651759,0.02897907757531614
6.20860634920635e-05,0.05305666402761988,-0.01186586001235709
6.209606349206349e-05,0.05675435652567346,0.01783954914234628
6.21060634920635e-05,-0.07636257340425556,-0.01186586001235709
6.211606349206349e-05,0.01607973904708404,0.002986844564994595
6.212606349206349e-05,0.0271728165412347,0.01783954914233277
6.21360634920635e-05,-0.04678103341982689,-0.02300538844537085
6.214606349206349e-05,0.004986661552923288,-0.0007263315793433261
6.21560634920635e-05,0.3488720638719066,0.05125813444138757
6.21660634920635e-05,3.676795312120132,0.125521657328146
6.217606349206349e-05,4.157495336867099,-0.112121615909481
6.21860634920635e-05,2.463952172758556,0.06982401516307718
6.219606349206349e-05,3.277444522330345,-0.0007263315793433261
6.22060634920635e-05,3.754446854579257,-0.04528444531139838
6.22160634920635e-05,2.926163735015254,0.01783954914234628
6.222606349206349e-05,3.262653752338131,-0.01557903615669501
6.22360634920635e-05,3.140629899902363,-0.08241620675477759
6.224606349206349e-05,-0.4202479757232389,-0.1269743204868327
6.22560634920635e-05,-0.9601110804374411,0.06982401516293196
6.22660634920635e-05,0.8221767036227653,-0.08984255904345344
6.227606349206349e-05,-0.009804108439291047,-0.0304317407340467
6.22860634920635e-05,-0.5052949031784713,-0.0007263315793433261
6.22960634920635e-05,0.3414766788757994,-0.02300538844537085
6.23060634920635e-05,-0.002408723443341942,-0.02300538844534384
6.23160634920635e-05,-0.1762002708517023,0.006700020709332516
6.232606349206349e-05,0.0715451265178878,-0.01557903615669501
6.233606349206349e-05,0.02347512404323493,-0.01186586001236047
6.23460634920635e-05,-0.08745565089841631,-0.01929221230103293
6.235606349206349e-05,0.008684354050976872,-0.02300538844537085
6.23660634920635e-05,0.03087050903929837,-0.004439507723681247
6.23760634920635e-05,-0.06157180341204122,-0.01557903615669501
6.238606349206349e-05,0.004986661552923288,0.002986844564994595
6.23960634920635e-05,0.01238204654903046,-0.01929221230103293
6.240606349206349e-05,-0.03568795592566613,-0.01186586001235709
6.24160634920635e-05,-0.01350180093734463,-0.004439507723681247
6.24260634920635e-05,-0.01719949343539821,-0.02671856458970878
6.243606349206349e-05,-0.0430833409217733,-0.01186586001235709
6.24460634920635e-05,-0.01350180093734463,-0.008152683868019168
6.245606349206349e-05,-0.006106415941237463,-0.008152683868019168
6.24660634920635e-05,-0.009804108439291047,-0.01929221230103293
6.24760634920635e-05,-0.02459487843150538,-0.0007263315793433261
6.248606349206349e-05,-0.02459487843150538,-0.02300538844537085
6.24960634920635e-05,-0.02459487843150538,-0.008152683868019168
6.25060634920635e-05,-0.0208971859334518,-0.02300538844537085
6.25160634920635e-05,-0.02089718593344171,-0.004439507723691379
6.25260634920635e-05,-0.009804108439291047,-0.01557903615669501
6.253606349206349e-05,-0.0208971859334518,-0.01929221230103293
6.254606349206349e-05,-0.02459487843150202,-0.01557903615669839
6.25560634920635e-05,0.3229882163855315,0.03640542986403589
6.256606349206349e-05,3.698981467108454,0.1329480096168218
6.25760634920635e-05,4.142704566874884,-0.1158347920538189
6.258606349206349e-05,2.456556787762449,0.05125813444138757
6.259606349206349e-05,3.288537599824505,-0.004439507723681247
6.26060634920635e-05,3.754446854579257,-0.06385032603308799
6.261606349206349e-05,2.948349890003576,0.02526590143102212
6.26260634920635e-05,3.288537599824505,-0.03414491687838462
6.26360634920635e-05,3.440142992244703,-0.04157126916706046
6.264606349206349e-05,3.218281442361488,0.006700020709332516
6.26560634920635e-05,3.229374519855648,-0.04528444531139838
6.266606349206349e-05,3.373584527279738,-0.01929221230103293
6.26760634920635e-05,3.270049137334238,-0.01557903615669501
6.26860634920635e-05,3.244165289847863,-0.03414491687838462
6.269606349206349e-05,3.332909909801149,0.002986844564994595
6.27060634920635e-05,3.288537599824505,-0.0304317407340467
6.27160634920635e-05,2.977931429988005,-0.0489976214557363
6.27260634920635e-05,-0.3425964332646214,-0.1418270250639817
6.27360634920635e-05,-0.9009480004702047,0.08096354359609094
6.274606349206349e-05,0.7556182386578009,-0.09355573518779135
6.275606349206349e-05,0.01238204654970643,-0.03043174073410411
6.27660634920635e-05,-0.4498295157076675,0.03640542986403589
6.277606349206349e-05,0.3118951388913708,-0.01557903615669501
6.27860634920635e-05,0.001288969054869704,-0.008152683868019168
6.279606349206349e-05,-0.1466187308672736,0.0215527252866842
6.280606349206349e-05,0.06784743401983422,-0.008152683868019168
6.28160634920635e-05,0.0493589715295663,0.01412637299800836
6.282606349206349e-05,-0.05787411091398764,0.01041319685367044
6.28360634920635e-05,0.001288969054869704,-0.004439507723681247
6.28460634920635e-05,0.03456820153735196,0.006700020709332516
6.285606349206349e-05,-0.05047872591788047,-0.01929221230103293
6.28660634920635e-05,-0.01350180093734463,-0.0007263315793433261
6.287606349206349e-05,0.3377789863777458,0.05125813444138757
6.28860634920635e-05,3.687888389614293,0.1292348334724839
6.28960634920635e-05,4.131611489380723,-0.1009820874764672
6.290606349206349e-05,2.46764986525661,0.0735371913074151
6.29160634920635e-05,3.288537599824505,0.01041319685367044
6.29260634920635e-05,3.750749162081203,-0.03785809302272254
6.29360634920635e-05,2.948349890003869,0.01783954914232939
6.29460634920635e-05,3.270049137334238,-0.0007263315793433261
6.295606349206349e-05,3.122141437412095,-0.06385032603308799
6.296606349206349e-05,-0.4424341307083184,-0.1195479681981061
6.29760634920635e-05,-0.952715695442955,0.06982401516307718
6.298606349206349e-05,0.8258743961208189,-0.07870303061043968
6.29960634920635e-05,-0.00240872344318388,-0.01557903615669501
6.300606349206349e-05,-0.5200856731706857,0.05125813444138757
6.301606349206349e-05,0.3451743713730661,-0.008152683867965138
6.30260634920635e-05,-0.01350180093734463,0.006700020709332516
6.303606349206349e-05,-0.1725025783536487,0.02897907757536004
6.30460634920635e-05,0.06414974152178063,-0.0007263315793433261
6.30560634920635e-05,0.04196358653345913,0.0215527252866842
6.306606349206349e-05,-0.08745565089841631,0.0215527252866842
6.30760634920635e-05,0.01607973904708404,-0.004439507723681247
6.308606349206349e-05,0.03087050903929837,0.0215527252866842
6.30960634920635e-05,-0.05417641841593406,0.006700020709332516
6.31060634920635e-05,-0.006106415941237463,0.03269225371969797
6.311606349206349e-05,-0.00240872344318388,0.006700020709332516
6.31260634920635e-05,-0.03568795592566613,0.0215527252866842
6.313606349206349e-05,0.001288969054869704,0.01041319685367044
6.31460634920635e-05,-0.01719949343541839,-0.0007263315793500804
6.31560634920635e-05,-0.03938564842371972,-0.008152683868019168
6.316606349206349e-05,-0.00240872344318388,-0.0007263315793433261
6.31760634920635e-05,-0.006106415941237463,-0.01186586001235709
6.31860634920635e-05,-0.01719949343539821,0.006700020709332516
6.31960634920635e-05,-0.009804108439260779,0.006700020709319008
6.32060634920635e-05,0.02347512404319121,-0.008152683868019168
6.321606349206349e-05,-0.01350180093734463,0.02897907757536004
6.322606349206349e-05,-0.00610641594124419,0.002986844565018236
6.32360634920635e-05,0.001288969054869704,-0.0007263315793433261
6.324606349206349e-05,0.001288969054869704,0.01783954914234628
6.32560634920635e-05,0.001288969054869704,-0.0007263315793433261
6.32660634920635e-05,-0.01719949343539821,0.0215527252866842
6.327606349206349e-05,0.3192905238874779,0.04754495829704965
6.32860634920635e-05,3.706376852104561,0.1366611857611598
6.329606349206349e-05,4.146402259372937,-0.1195479681981568
6.33060634920635e-05,2.46764986525661,0.08096354359609094
6.33160634920635e-05,3.288537599824505,0.002986844564994595
6.332606349206349e-05,3.754446854579257,-0.06013714988875006
6.33360634920635e-05,2.933559120011362,0.02526590143102212
6.334606349206349e-05,3.270049137334238,-0.02300538844537085
6.33560634920635e-05,3.133234514906255,-0.08984255904345344
6.33660634920635e-05,-0.4387364382135068,-0.1195479681981568
6.337606349206349e-05,-0.9564133879410085,0.0735371913074151
6.33860634920635e-05,0.8295720886188724,-0.07127667832176383
6.33960634920635e-05,-0.01350180093734463,-0.02671856458970878
6.34060634920635e-05,-0.5126902881738117,0.0289790775753364
6.34160634920635e-05,0.3303836013816387,0.002986844564994595
6.342606349206349e-05,-0.01719949343539821,-0.008152683868019168
6.343606349206349e-05,0.1676851314671128,0.06611083901867171
6.34460634920635e-05,3.772935317069525,0.1180953050394702
6.345606349206349e-05,4.194472261847634,-0.1009820874764672
6.34660634920635e-05,2.378905245303324,0.07725036745175302
6.347606349206349e-05,3.30332836981672,0.0215527252866842
6.348606349206349e-05,3.791423779559793,-0.0304317407340467
6.34960634920635e-05,2.878093732540558,0.0215527252866842
6.350606349206349e-05,3.299630677318667,-0.0007263315793433261
6.35160634920635e-05,3.469724532229131,-0.03414491687838462
6.35260634920635e-05,3.170211439886791,0.01041319685367044
6.353606349206349e-05,3.221979134859541,-0.03785809302272254
6.35460634920635e-05,3.35509606478947,0.002986844564994595
6.355606349206349e-05,3.236769904851756,-0.01557903615669501
6.35660634920635e-05,3.225676827357595,-0.02300538844537085
6.35760634920635e-05,3.329212217303095,0.006700020709332516
6.358606349206349e-05,3.240467597349809,-0.03785809302272254
6.35960634920635e-05,3.25156067484397,-0.0007263315793433261
6.36060634920635e-05,3.310723754812827,-0.02300538844537085
6.36160634920635e-05,3.262653752338127,-0.004439507723691379
6.36260634920635e-05,3.258956059840077,-0.01557903615669501
6.363606349206349e-05,3.288537599824505,-0.02300538844537085
6.364606349206349e-05,3.270049137334254,-0.01557903615670177
6.36560634920635e-05,3.277444522330345,0.002986844564994595
6.366606349206349e-05,3.288537599824505,-0.02300538844537085
6.36760634920635e-05,2.970536044991897,-0.07870303061043968
6.368606349206349e-05,-0.3869687432407566,-0.1529665534971981
6.369606349206349e-05,-0.9046456929682584,0.0735371913074151
6.37060634920635e-05,0.7667113161519615,-0.1009820874764672
6.371606349206349e-05,-0.006106415941237463,-0.04157126916706046
6.37260634920635e-05,-0.4757133631940426,0.02526590143102212
6.37360634920635e-05,0.3081974463933171,-0.04528444531139838
6.374606349206349e-05,-0.02459487843150538,-0.01557903615669501
6.37560634920635e-05,-0.1466187308672736,0.0215527252866842
6.376606349206349e-05,0.06045204902372704,-0.03785809302272254
6.37760634920635e-05,0.01607973904708404,0.002986844564994595
6.37860634920635e-05,-0.08375795840036272,-0.01557903615669501
6.379606349206349e-05,-0.00240872344318388,-0.01186586001235709
6.38060634920635e-05,0.03826589403540554,-0.0007263315793433261
6.38160634920635e-05,-0.05787411091398764,-0.04157126916706046
6.38260634920635e-05,0.008684354050963419,-0.01186586001236384
6.38360634920635e-05,-0.006106415941237463,-0.01929221230103293
6.384606349206349e-05,-0.03568795592566613,-0.02300538844537085
6.385606349206349e-05,-0.01350180093736481,-0.01557903615670177
6.38660634920635e-05,-0.02459487843150538,-0.03414491687838462
6.387606349206349e-05,-0.04678103341982689,-0.01186586001235709
6.38860634920635e-05,-0.0208971859334518,-0.0304317407340467
6.389606349206349e-05,-0.01350180093734463,-0.02671856458970878
6.390606349206349e-05,-0.01350180093734463,-0.02300538844537423
6.39160634920635e-05,-0.0208971859334518,-0.01186586001235709
6.392606349206349e-05,-0.03199026342761255,-0.0304317407340467
6.39360634920635e-05,-0.03199026342761255,-0.02300538844537085
6.39460634920635e-05,-0.02829257092955897,-0.01929221230103293
6.395606349206349e-05,-0.01350180093734463,-0.02300538844537085
6.39660634920635e-05,-0.0208971859334518,-0.008152683868019168
6.397606349206349e-05,-0.01719949343539821,-0.02300538844537085
6.39860634920635e-05,-0.02459487843150538,-0.01186586001235709
6.39960634920635e-05,0.2897089839030492,0.03640542986403589
6.400606349206349e-05,3.662004542127918,0.125521657328146
6.40160634920635e-05,4.12791379688267,-0.1195479681981568
6.402606349206349e-05,2.430672940276074,0.05868448673006341
6.40360634920635e-05,3.270049137334661,-0.0007263315793973599
6.40460634920635e-05,3.735958392088989,-0.06013714988875006
6.405606349206349e-05,2.91137296502304,0.01412637299800836
6.40660634920635e-05,3.247862982345916,-0.03414491687838462
6.40760634920635e-05,3.432747607248595,-0.0489976214557363
6.40860634920635e-05,3.170211439886825,0.006700020709278482
6.40960634920635e-05,3.207188364867327,-0.05271079760007422
6.410606349206349e-05,3.336607602299202,-0.01557903615669501
6.411606349206349e-05,3.266351444836248,-0.008152683868025923
6.41260634920635e-05,3.233072212353702,-0.04528444531139838
6.413606349206349e-05,3.318119139808934,-0.0007263315793433261
6.41460634920635e-05,3.262653752338131,-0.05271079760007422
6.41560634920635e-05,2.944652197505522,-0.0489976214557363
6.416606349206349e-05,-0.3536895107582744,-0.1492533773528602
6.41760634920635e-05,-0.9231341554585263,0.07725036745175302
6.418606349206349e-05,0.7556182386578009,-0.112121615909481
6.41960634920635e-05,0.01607973904708404,-0.0304317407340467
6.42060634920635e-05,-0.4757133631940426,0.02526590143102212
6.421606349206349e-05,0.2823135989069421,-0.04528444531139838
6.42260634920635e-05,-0.006106415941237463,-0.004439507723681247
6.423606349206349e-05,-0.1429210383692201,0.0215527252866842
6.42460634920635e-05,0.06414974152178063,-0.02300538844537085
6.42560634920635e-05,0.02717281654124479,0.02897907757536004
6.426606349206349e-05,-0.08006026590230914,-0.01929221230103293
6.42760634920635e-05,-0.0208971859334518,-0.02300538844537085
6.42860634920635e-05,0.01238204654903046,0.002986844564994595
6.42960634920635e-05,-0.06896718840809121,-0.008152683868022545
6.43060634920635e-05,-0.006106415941237463,-0.01186586001235709
6.431606349206349e-05,0.3118951388913708,0.04383178215271173
6.432606349206349e-05,3.65091146463072,0.1180953050394026
6.43360634920635e-05,4.164890721863205,-0.112121615909481
6.434606349206349e-05,2.46764986525661,0.04011860600837381
6.43560634920635e-05,3.277444522330345,-0.01186586001235709
6.436606349206349e-05,3.754446854579257,-0.06385032603308799
6.437606349206349e-05,2.929861427513308,0.01412637299800836
6.43860634920635e-05,3.244165289847863,-0.01929221230103293
6.439606349206349e-05,3.432747607248595,-0.03414491687838462
6.44060634920635e-05,3.19979297987122,-0.01186586001235709
6.44160634920635e-05,3.236769904851756,-0.05271079760007422
6.442606349206349e-05,3.35509606478947,-0.01186586001235709
6.44360634920635e-05,3.255258367342023,-0.01186586001235709
6.444606349206349e-05,3.240467597349809,-0.02300538844537085
6.44560634920635e-05,3.332909909801149,-0.004439507723681247
6.44660634920635e-05,3.273746829832291,-0.04157126916706046
6.447606349206349e-05,3.240467597349809,-0.03785809302272254
6.44860634920635e-05,3.288537599824505,-0.01557903615669501
6.44960634920635e-05,3.266351444836184,-0.02671856458970878
6.45060634920635e-05,3.262653752338164,-0.01557903615669839
6.45160634920635e-05,3.299630677318667,-0.01929221230103293
6.452606349206349e-05,3.273746829832291,-0.01929221230103293
6.453606349206349e-05,3.288537599824492,-0.01929221230103293
6.45460634920635e-05,3.281142214828399,-0.01557903615669501
6.455606349206349e-05,2.996419892478273,-0.0675635021774259
6.45660634920635e-05,-0.3647825882524351,-0.1529665534971981
6.457606349206349e-05,-0.9046456929682584,0.08096354359609094
6.458606349206349e-05,0.7593159311558544,-0.09726891133212928
6.45960634920635e-05,0.004986661552923288,-0.0489976214557363
6.460606349206349e-05,-0.4535272082057211,0.03640542986403589
6.46160634920635e-05,0.30080206139721,-0.04157126916706046
6.46260634920635e-05,-0.006106415941237463,-0.004439507723681247
6.463606349206349e-05,-0.1503164233653272,0.01412637299800836
6.46460634920635e-05,0.05675435652567346,-0.04528444531139838
6.465606349206349e-05,0.02717281654124479,0.006700020709332516
6.46660634920635e-05,-0.08745565089841631,-0.0304317407340467
6.46760634920635e-05,-0.009804108439291047,-0.01557903615669501
6.468606349206349e-05,0.01977743154513762,-0.008152683868019168
6.46960634920635e-05,-0.04678103341982689,-0.0304317407340467
6.470606349206349e-05,-0.006106415941237463,0.002986844564994595
6.47160634920635e-05,-0.002408723443204058,-0.01186586001237735
6.47260634920635e-05,-0.02459487843150538,-0.03414491687838462
6.473606349206349e-05,-0.006106415941237463,-0.01186586001235709
6.474606349206349e-05,-0.002408723443187243,-0.004439507723688002
6.47560634920635e-05,-0.02829257092955897,-0.0304317407340467
6.47660634920635e-05,-0.00240872344318388,0.002986844564970955
6.47760634920635e-05,-0.00240872344318388,-0.02300538844537085
6.478606349206349e-05,-0.009804108439291047,-0.02300538844537085
6.479606349206349e-05,-0.01719949343539149,0.002986844564970954
6.48060634920635e-05,-0.03199026342761255,-0.03414491687838462
6.481606349206349e-05,-0.01350180093734463,-0.004439507723681247
6.48260634920635e-05,-0.02459487843150538,-0.01557903615669501
6.48360634920635e-05,0.004986661552923288,-0.01929221230103293
6.484606349206349e-05,-0.01350180093734463,0.002986844564994595
6.48560634920635e-05,-0.009804108439291047,-0.01186586001235709
6.486606349206349e-05,-0.009804108439291047,-0.008152683868019168
6.48760634920635e-05,0.2971043688991564,0.04383178215271173
6.48860634920635e-05,3.673097619622078,0.125521657328146
6.489606349206349e-05,4.139006874376831,-0.1232611443424947
6.49060634920635e-05,2.438068325272182,0.06239766287440134
6.491606349206349e-05,3.273746829832291,-0.0007263315793433261
6.49260634920635e-05,3.732260699590196,-0.06013714988867914
6.49360634920635e-05,2.918768350019147,0.01783954914234628
6.494606349206349e-05,3.255258367342023,-0.03785809302272254
6.49560634920635e-05,3.114746052415987,-0.09726891133212928
6.49660634920635e-05,-0.4424341307115603,-0.1269743204868327
6.49760634920635e-05,-0.9933903129199267,0.04383178215260367
6.49860634920635e-05,0.7851997786422295,-0.07498985446610175
6.499606349206349e-05,-0.03938564842371972,-0.04157126916706046
6.500606349206349e-05,-0.5348764431624493,0.0141263729979577
6.50160634920635e-05,0.3229882163855315,-0.02300538844537085
6.502606349206349e-05,-0.04678103341982689,-0.02300538844537085
6.50360634920635e-05,0.1381035914828523,0.06239766287440134
6.50460634920635e-05,3.769237624571471,0.1069557766064564
6.505606349206349e-05,4.161193029365152,-0.08984255904345344
6.50660634920635e-05,2.356719090315003,0.06611083901873925
6.507606349206349e-05,3.292235292322559,0.01041319685367044
6.50860634920635e-05,3.776633009567579,-0.05642397374441215
6.50960634920635e-05,2.870698347544451,0.002986844564994595
6.510606349206349e-05,3.281142214828399,0.01412637299800836
6.51160634920635e-05,3.451236069738863,-0.0489976214557363
6.512606349206349e-05,3.15911836239263,0.006700020709332516
6.51360634920635e-05,3.233072212353702,-0.03414491687838462
6.51460634920635e-05,3.332909909801149,-0.004439507723681247
6.515606349206349e-05,3.233072212353702,-0.02671856458970878
6.51660634920635e-05,3.236769904851756,-0.05271079760007422
6.51760634920635e-05,3.329212217303095,-0.004439507723681247
6.51860634920635e-05,3.25525836734201,-0.05642397374435811
6.51960634920635e-05,3.240467597349809,0.002986844564994595
6.520606349206349e-05,3.314421447310881,-0.0304317407340467
6.521606349206349e-05,3.244165289847927,-0.01557903615670852
6.52260634920635e-05,3.255258367342023,-0.02300538844537085
6.523606349206349e-05,3.299630677318667,0.002986844564994595
6.52460634920635e-05,3.270049137334238,-0.02300538844537085
6.525606349206349e-05,3.288537599824505,-0.004439507723681247
6.526606349206349e-05,3.266351444836184,-0.008152683868019168
6.52760634920635e-05,2.966838352493844,-0.08612938289911551
6.528606349206349e-05,-0.3795733582446494,-0.1455402012085223
6.52960634920635e-05,-0.889854922976044,0.06611083901873925
6.53060634920635e-05,0.7667113161519615,-0.1046952636208051
6.531606349206349e-05,0.001288969054869704,-0.03414491687838462
6.53260634920635e-05,-0.4461318232096139,0.01412637299800836
6.533606349206349e-05,0.3155928313894243,-0.01557903615669501
6.53460634920635e-05,0.01607973904708404,-0.01186586001235709
6.53560634920635e-05,0.1750805164633882,0.05868448673006341
6.536606349206349e-05,3.761842239575365,0.09952942431778054
6.53760634920635e-05,4.227751494330116,-0.1046952636208051
6.53860634920635e-05,2.393696015295538,0.03640542986403589
6.53960634920635e-05,3.303328369817167,-0.01186586001240437
6.54060634920635e-05,3.795121472057847,-0.06385032603308799
6.541606349206349e-05,2.889186810034718,-0.01929221230103293
6.542606349206349e-05,3.303328369816343,-0.03043174073403657
6.54360634920635e-05,3.155420669894577,-0.1046952636208051
6.544606349206349e-05,-0.4424341307115603,-0.156679729641536
6.54560634920635e-05,-0.9564133879410085,0.05125813444138757
6.546606349206349e-05,0.8369674736149797,-0.1046952636208051
6.547606349206349e-05,-0.006106415940470789,-0.05642397374445605
6.54860634920635e-05,-0.5052949031784713,-0.01186586001235709
6.549606349206349e-05,0.3599651413660673,-0.05271079760007422
6.55060634920635e-05,-0.009804108439291047,-0.03414491687838462
6.55160634920635e-05,-0.1762002708517023,-0.0007263315793433261
6.552606349206349e-05,0.07524281901594138,-0.04157126916706046
6.55360634920635e-05,0.02347512404319121,-0.004439507723681247
6.554606349206349e-05,-0.06157180341204122,-0.02671856458970878
6.55560634920635e-05,0.01238204654903046,-0.02671856458970878
6.55660634920635e-05,0.03087050903929837,-0.01186586001235709
6.557606349206349e-05,-0.06157180341204122,-0.04528444531139838
6.558606349206349e-05,0.02347512404311385,-0.01557903615672203
6.559606349206349e-05,0.01238204654903046,-0.02300538844537085
6.56060634920635e-05,-0.04678103341978317,-0.02671856458968851
6.56160634920635e-05,0.001288969054869704,-0.004439507723681247
6.562606349206349e-05,0.004986661552923288,-0.01557903615669501
6.563606349206349e-05,-0.006106415941227373,-0.004439507723691378
6.56460634920635e-05,-0.009804108439291047,-0.01557903615669501
6.56560634920635e-05,-0.01719949343539149,-0.004439507723684625
6.56660634920635e-05,-0.009804108439291047,-0.008152683868019168
6.567606349206349e-05,-0.01350180093734463,-0.01557903615669501
6.568606349206349e-05,0.001288969054856251,-0.0230053884453641
6.56960634920635e-05,-0.01719949343539821,-0.0304317407340467
6.570606349206351e-05,-0.02829257092953879,-0.03414491687837449
6.57160634920635e-05,-0.006106415941237463,-0.02300538844537085
6.57260634920635e-05,-0.01350180093734463,-0.01557903615669501
6.573606349206349e-05,-0.009804108439291047,-0.02300538844537085
6.57460634920635e-05,0.001288969054869704,-0.04528444531139838
6.575606349206349e-05,-0.01719949343539821,-0.01929221230103293
6.57660634920635e-05,-0.009804108439291047,-0.02300538844537085
6.57760634920635e-05,-0.01350180093734463,-0.02671856458970878
6.578606349206349e-05,-0.009804108439291047,-0.01557903615669501
6.579606349206349e-05,-0.02459487843149193,-0.03043174073403319
6.580606349206349e-05,-0.009804108439291047,-0.03414491687838462
6.58160634920635e-05,-0.013501800937348,-0.02671856458971553
6.58260634920635e-05,-0.01719949343539821,-0.03414491687838462
6.583606349206349e-05,-0.01719949343539821,-0.01929221230103293
6.584606349206349e-05,-0.01719949343539821,-0.02671856458970202
6.58560634920635e-05,-0.02459487843150538,-0.02300538844537085
6.58660634920635e-05,-0.02459487843150875,-0.01929221230102618
6.58760634920635e-05,-0.02829257092955897,-0.01186586001235709
6.588606349206349e-05,-0.0208971859334518,-0.008152683868019168
6.589606349206349e-05,-0.02829257092955224,-0.0192922123010228
6.59060634920635e-05,-0.03199026342761255,-0.02300538844537085
6.591606349206351e-05,0.3044997538983609,0.03269225371976889
6.59260634920635e-05,3.710074544602614,0.1106689527507943
6.59360634920635e-05,4.146402259372937,-0.1195479681981568
6.594606349206349e-05,2.430672940276074,0.04754495829704965
6.59560634920635e-05,3.273746829832291,-0.0007263315793433261
6.596606349206349e-05,3.739656084587043,-0.06385032603308799
6.59760634920635e-05,2.903977580026933,0.02897907757536004
6.59860634920635e-05,3.281142214828399,-0.02671856458970878
6.599606349206349e-05,3.429049914750542,-0.0489976214557363
6.60060634920635e-05,3.188699902377059,-0.01557903615669501
6.601606349206349e-05,3.214583749863434,-0.0489976214557363
6.60260634920635e-05,3.347700679793363,-0.02300538844537085
6.60360634920635e-05,3.244165289847863,-0.008152683868019168
6.604606349206349e-05,3.221979134859541,-0.03414491687838462
6.605606349206349e-05,3.329212217302997,-0.02671856458971553
6.60660634920635e-05,3.25156067484397,-0.02300538844537085
6.60760634920635e-05,3.251560674844,-0.01929221230101942
6.60860634920635e-05,3.284839907326452,-0.004439507723681247
6.609606349206349e-05,3.270049137334238,-0.02300538844537085
6.610606349206349e-05,3.262653752338137,-0.008152683868032676
6.61160634920635e-05,3.299630677318667,-0.008152683868019168
6.612606349206351e-05,3.258956059840094,-0.01186586001234358
6.61360634920635e-05,3.277444522330345,0.002986844564994595
6.614606349206349e-05,3.270049137334238,-0.0007263315793433261
6.615606349206349e-05,2.989024507482165,-0.06013714988875006
6.61660634920635e-05,-0.3795733582446494,-0.1381138489198464
6.617606349206349e-05,-0.889854922976044,0.08838989588476678
6.61860634920635e-05,0.763013623653908,-0.0675635021774259
6.61960634920635e-05,-0.01350180093734463,-0.0304317407340467
6.620606349206349e-05,-0.472015670695989,0.05125813444138757
6.62160634920635e-05,0.3155928313894243,-0.01557903615669501
6.622606349206349e-05,-0.0208971859334518,0.006700020709332516
6.62360634920635e-05,-0.1577118083614344,0.02897907757536004
6.62460634920635e-05,0.05675435652567346,-0.01557903615669501
6.625606349206349e-05,0.01607973904708404,0.03269225371969797
6.626606349206349e-05,-0.07266488090612126,-0.0230053884453202
6.62760634920635e-05,-0.00240872344318388,-0.01557903615669501
6.62860634920635e-05,0.03456820153726116,0.01412637299798134
6.62960634920635e-05,-0.0652694959100948,-0.01557903615669501
6.630606349206349e-05,0.001288969054869704,0.006700020709332516
6.631606349206349e-05,0.3229882163852389,0.0475449582970125
6.63260634920635e-05,3.676795312120132,0.125521657328146
6.63360634920635e-05,4.164890721861662,-0.1046952636206532
6.63460634920635e-05,2.46764986525661,0.06239766287440134
6.635606349206349e-05,3.277444522330345,-0.004439507723681247
6.636606349206349e-05,3.747051469582723,-0.06013714988869941
6.63760634920635e-05,2.929861427513308,0.01041319685367044
6.638606349206351e-05,3.270049137334382,-0.01186586001239424
6.63960634920635e-05,3.429049914750542,-0.05271079760007422
6.64060634920635e-05,3.192397594875112,0.006700020709332516
6.641606349206349e-05,3.221979134859541,-0.03414491687838462
6.64260634920635e-05,3.351398372291416,-0.01929221230103293
6.643606349206349e-05,3.266351444836184,0.002986844564994595
6.64460634920635e-05,3.244165289847863,-0.0489976214557363
6.64560634920635e-05,3.332909909801149,-0.004439507723681247
6.646606349206349e-05,3.258956059840077,-0.01557903615669501
6.647606349206349e-05,3.266351444836177,-0.01186586001236047
6.648606349206349e-05,3.310723754812827,-0.03414491687838462
6.64960634920635e-05,3.277444522330348,-0.01186586001236047
6.65060634920635e-05,3.281142214828399,-0.01557903615669501
6.651606349206349e-05,3.295932984820613,-0.01186586001235709
6.652606349206349e-05,3.284839907326462,-0.02671856458969527
6.65360634920635e-05,3.281142214828399,-0.01186586001235709
6.65460634920635e-05,3.28853759982423,-0.0007263315794041142
6.65560634920635e-05,2.985326814984112,-0.0675635021774259
6.656606349206349e-05,-0.3573872032563279,-0.1418270250641843
6.657606349206349e-05,-0.89355261547361,0.09210307202889195
6.65860634920635e-05,0.7519205461597472,-0.09355573518779135
6.659606349206351e-05,0.001288969054452688,-0.03414491687832383
6.66060634920635e-05,-0.4572249007037747,0.03269225371969797
6.66160634920635e-05,0.3229882163855315,-0.03414491687838462
6.662606349206349e-05,-0.006106415941237463,-0.004439507723681247
6.66360634920635e-05,0.1750805164633882,0.06611083901873925
6.664606349206349e-05,3.750749162081203,0.1106689527507943
6.66560634920635e-05,4.227751494330116,-0.08612938289911551
6.66660634920635e-05,2.386300630299431,0.05868448673006341
6.667606349206349e-05,3.292235292322559,-0.004439507723681247
6.668606349206349e-05,3.81360993454764,-0.02300538844535396
6.669606349206349e-05,2.885489117536665,0.002986844564994595
6.67060634920635e-05,3.295932984820613,-0.0007263315793433261
6.67160634920635e-05,3.466026839731078,-0.04157126916706046
6.672606349206349e-05,3.19979297987122,-0.01186586001235709
6.673606349206349e-05,3.255258367341973,-0.004439507723688002
6.67460634920635e-05,3.369886834781684,-0.01929221230103293
6.67560634920635e-05,3.266351444836201,-0.008152683868025923
6.67660634920635e-05,3.284839907326452,-0.01557903615669501
6.677606349206349e-05,3.351398372291416,-0.008152683868019168
6.678606349206349e-05,3.299630677318714,-0.03043174073402644
6.67960634920635e-05,3.273746829832291,-0.004439507723681247
6.680606349206351e-05,3.325514524805001,-0.03043174073403994
6.68160634920635e-05,3.281142214828399,-0.02300538844537085
6.682606349206349e-05,3.281142214828399,-0.01929221230103293
6.683606349206349e-05,3.30332836981672,-0.01186586001235709
6.68460634920635e-05,3.292235292322559,-0.01557903615669501
6.685606349206349e-05,3.307026062314773,-0.01186586001235709
6.68660634920635e-05,3.277444522330345,-0.008152683868019168
6.68760634920635e-05,3.307026062314773,-0.0304317407340467
6.688606349206349e-05,3.30332836981672,0.002986844564994595
6.68960634920635e-05,3.307026062314773,-0.01186586001235709
6.690606349206349e-05,3.307026062314773,-0.01929221230103293
6.69160634920635e-05,3.292235292322559,-0.01557903615669501
6.69260634920635e-05,3.310723754812827,-0.02671856458970878
6.693606349206349e-05,3.295932984820613,0.002986844564994595
6.694606349206349e-05,3.295932984820613,0.00670002070932914
6.69560634920635e-05,2.985326814984112,-0.06385032603308799
6.69660634920635e-05,-0.3499918182607353,-0.1381138489196235
6.69760634920635e-05,-0.9157387704624191,0.1069557766064564
6.698606349206349e-05,0.7704090086500152,-0.09355573518779135
6.699606349206349e-05,0.02347512404387053,-0.04157126916710774
6.70060634920635e-05,-0.4498295157076675,0.02526590143102212
6.701606349206351e-05,0.3303836013813461,-0.04157126916699967
6.70260634920635e-05,0.008684354050976872,0.02526590143102212
6.703606349206349e-05,-0.1540141158633808,0.002986844564994595
6.704606349206349e-05,0.0715451265178878,-0.0304317407340467
6.70560634920635e-05,0.0493589715295663,0.01041319685367044
6.706606349206351e-05,-0.06896718840806432,-0.01929221230101942
6.70760634920635e-05,0.02347512404319121,-0.004439507723681247
6.70860634920635e-05,0.03826589403540554,0.002986844564994595
6.709606349206349e-05,-0.03199026342761255,-0.0304317407340467
6.71060634920635e-05,0.01238204654903046,-0.0007263315793433261
6.711606349206349e-05,0.03456820153735196,-0.02300538844537085
6.71260634920635e-05,-0.0208971859334518,-0.02300538844537085
6.71360634920635e-05,0.008684354050976872,-0.01186586001235709
6.714606349206349e-05,0.004986661552923288,-0.008152683868019168
6.715606349206349e-05,0.01607973904707395,-0.0007263315793500803
6.71660634920635e-05,0.004986661552923288,0.002986844564994595
6.71760634920635e-05,-0.002408723443167065,-0.008152683868012413
6.71860634920635e-05,0.01607973904708404,-0.0007263315793433261
6.719606349206349e-05,0.001288969054869704,0.002986844564994595
6.720606349206349e-05,0.008684354050970147,-0.008152683868009037
6.72160634920635e-05,-0.006106415941237463,-0.01186586001235709
6.72260634920635e-05,0.001288969054869704,-0.01557903615668826
6.72360634920635e-05,0.001288969054869704,-0.008152683868019168
6.724606349206349e-05,-0.009804108439291047,-0.008152683868019168
6.725606349206349e-05,-0.006106415941240827,-0.004439507723684625
6.72660634920635e-05,0.01977743154513762,0.002986844564994595
6.727606349206351e-05,0.001288969054866341,-0.01557903615667813
6.72860634920635e-05,-0.00240872344318388,0.002986844564994595
6.72960634920635e-05,-0.00240872344318388,-0.01186586001235709
6.730606349206349e-05,-0.009804108439291047,-0.008152683868019168
6.73160634920635e-05,0.001288969054869704,0.006700020709332516
6.732606349206349e-05,-0.006106415941237463,-0.01186586001235709
6.73360634920635e-05,0.004986661552923288,0.002986844564994595
6.73460634920635e-05,0.001288969054869704,-0.0007263315793433261
6.735606349206349e-05,0.3118951388913708,0.05125813444138757
6.736606349206349e-05,3.702679159603423,0.1218084811837439
6.737606349206349e-05,4.168588414361259,-0.09355573518779135
6.73860634920635e-05,2.449161402767102,0.06239766287437094
6.73960634920635e-05,3.284839907326452,0.02897907757536004
6.740606349206349e-05,3.743353777085097,-0.03414491687838462
6.741606349206349e-05,2.9557452750004,0.01041319685362992
6.74260634920635e-05,3.270049137334238,0.002986844564994595
6.74360634920635e-05,3.432747607248377,-0.03043174073400617
6.74460634920635e-05,3.192397594875112,0.01412637299800836
6.745606349206349e-05,3.225676827357595,-0.0304317407340467
6.746606349206349e-05,3.351398372291302,-0.01186586001237398
6.74760634920635e-05,3.255258367342023,-0.02300538844537085
6.748606349206351e-05,3.244165289847947,-0.02300538844534384
6.74960634920635e-05,3.336607602299202,0.006700020709332516
6.75060634920635e-05,3.25156067484397,-0.01929221230103293
6.751606349206349e-05,3.262653752338131,0.002986844564994595
6.75260634920635e-05,3.299630677318667,-0.008152683868019168
6.753606349206349e-05,3.266351444836184,-0.01929221230103293
6.75460634920635e-05,3.262653752338131,-0.004439507723681247
6.75560634920635e-05,3.310723754812827,-0.004439507723681247
6.756606349206349e-05,3.255258367342023,-0.03414491687838462
6.757606349206349e-05,3.288537599824475,-0.01186586001237735
6.758606349206349e-05,3.281142214828399,-0.0007263315793433261
6.75960634920635e-05,2.981629122486058,-0.0675635021774259
6.76060634920635e-05,-0.3647825882524351,-0.1381138489198464
6.761606349206349e-05,-0.9157387704624191,0.09581624817344263
6.762606349206349e-05,0.7556182386562809,-0.08612938289895002
6.76360634920635e-05,0.008684354050976872,-0.02671856458970878
6.76460634920635e-05,-0.475713363193333,0.02155272528664706
6.76560634920635e-05,0.3044997538952636,-0.01929221230103293
6.766606349206349e-05,0.008684354050976872,-0.004439507723681247
6.767606349206349e-05,0.178778208961287,0.05868448673000599
6.76860634920635e-05,3.74705146958315,0.1143821288951322
6.769606349206351e-05,4.198169954344057,-0.0972689113319942
6.77060634920635e-05,2.404789092789699,0.05125813444138757
6.771606349206349e-05,3.299630677318667,-0.004439507723681247
6.772606349206349e-05,3.7988191645559,-0.0489976214557363
6.77360634920635e-05,2.881791425038612,0.002986844564994595
6.774606349206349e-05,3.288537599824505,-0.008152683868019168
6.77560634920635e-05,3.140629899902363,-0.09726891133212928
6.77660634920635e-05,-0.4424341307115603,-0.1381138489198464
6.777606349206349e-05,-0.9749018504312764,0.05125813444138757
6.77860634920635e-05,0.8295720886188724,-0.09355573518779135
6.779606349206349e-05,-0.0208971859334518,-0.06385032603308799
6.78060634920635e-05,-0.5089925956765249,-0.008152683868019168
6.78160634920635e-05,0.3488720638719066,-0.04528444531139838
6.782606349206349e-05,-0.0208971859334518,-0.03414491687838462
6.783606349206349e-05,-0.1614095008593602,-0.004439507723708266
6.78460634920635e-05,0.09003358900815572,-0.04528444531139838
6.78560634920635e-05,0.03087050903919076,-0.01557903615670177
6.78660634920635e-05,-0.08745565089841631,-0.02300538844537085
6.787606349206349e-05,0.01977743154513762,-0.02671856458970878
6.788606349206349e-05,0.02717281654123806,-0.02300538844537423
6.78960634920635e-05,-0.05787411091398764,-0.04157126916706046
6.79060634920635e-05,-0.006106415941213922,-0.008152683868042807
6.79160634920635e-05,0.01977743154513762,-0.03414491687838462
6.792606349206349e-05,-0.01350180093734463,-0.03785809302272254
6.793606349206349e-05,0.004986661552923288,-0.01557903615669501
6.79460634920635e-05,0.001288969054869704,-0.0304317407340467
6.795606349206351e-05,-0.01350180093733118,-0.03414491687838462
6.79660634920635e-05,0.001288969054869704,-0.03414491687838462
6.79760634920635e-05,-0.009804108439291047,-0.02671856458970878
6.798606349206349e-05,-0.00240872344318388,-0.03785809302272254
6.79960634920635e-05,0.001288969054869704,-0.02300538844537085
6.800606349206349e-05,0.004986661552923288,-0.02300538844537085
6.80160634920635e-05,-0.006106415941237463,-0.02671856458970878
6.80260634920635e-05,-0.009804108439291047,-0.03785809302272254
6.803606349206349e-05,-0.00240872344318388,-0.02300538844537085
6.804606349206349e-05,-0.01350180093733454,-0.02300538844537085
6.80560634920635e-05,0.004986661552923288,-0.03414491687838462
6.80660634920635e-05,-0.006106415941227374,-0.03043174073405007
6.80760634920635e-05,0.004986661552923288,-0.03414491687838462
6.808606349206349e-05,-0.009804108439291047,-0.0304317407340467
6.809606349206349e-05,-0.006106415941240827,-0.02671856458971215
6.81060634920635e-05,-0.0208971859334518,-0.03785809302272254
6.81160634920635e-05,-0.02829257092954888,-0.02671856458971553
6.81260634920635e-05,-0.01719949343539821,-0.03414491687838462
6.813606349206349e-05,-0.03568795592566613,-0.02671856458970878
6.814606349206349e-05,-0.02089718593346526,-0.02671856458970878
6.81560634920635e-05,0.3155928313894243,0.01412637299800836
6.816606349206351e-05,3.676795312120566,0.1069557766062436
6.81760634920635e-05,4.153797644369044,-0.1269743204868327
6.81860634920635e-05,2.452859095264396,0.05497131058572549
6.819606349206349e-05,3.292235292322559,-0.01557903615669501
6.82060634920635e-05,3.735958392088989,-0.06013714988875006
6.821606349206349e-05,2.944652197505522,0.02526590143102212
6.82260634920635e-05,3.273746829832291,-0.0304317407340467
6.82360634920635e-05,3.140629899902363,-0.08984255904345344
6.824606349206349e-05,-0.4165502832251853,-0.1455402012085223
6.825606349206349e-05,-0.9638087729366179,0.05868448672987767
6.826606349206349e-05,0.8221767036227653,-0.09355573518779135
6.82760634920635e-05,-0.009804108439741693,-0.03785809302268877
6.82860634920635e-05,-0.5052949031784713,-0.0007263315793433261
6.829606349206349e-05,0.3525697563699602,-0.03414491687838462
6.830606349206349e-05,-0.03938564842336323,-0.03414491687838462
6.83160634920635e-05,-0.1762002708517023,0.01041319685367044
6.83260634920635e-05,0.06414974152173691,-0.03043174073402644
6.83360634920635e-05,0.01607973904708404,-0.008152683868019168
6.834606349206349e-05,-0.09485103589452348,-0.02671856458970878
6.835606349206349e-05,-0.00610641594131818,-0.004439507723701511
6.83660634920635e-05,0.008684354050976872,0.01041319685367044
6.837606349206351e-05,-0.06526949591004771,-0.03785809302269215
6.83860634920635e-05,-0.01350180093734463,-0.004439507723681247
6.83960634920635e-05,0.3266859088835851,0.03269225371969797
6.840606349206349e-05,3.662004542127918,0.1366611857611598
6.84160634920635e-05,4.135309181878776,-0.112121615909481
6.842606349206349e-05,2.441766017770235,0.06239766287440134
6.84360634920635e-05,3.247862982345916,-0.01557903615669501
6.84460634920635e-05,3.74705146958315,-0.05642397374441215
6.845606349206349e-05,2.922466042517201,0.01412637299800836
6.846606349206349e-05,3.270049137333921,-0.05271079760001345
6.847606349206349e-05,3.10735066741988,-0.08241620675477759
6.84860634920635e-05,-0.4387364382135068,-0.1418270250641843
6.84960634920635e-05,-0.9896926204234908,0.04754495829704965
6.850606349206349e-05,0.7999905486344439,-0.09355573518779135
6.851606349206349e-05,-0.02089718593270518,-0.04157126916710774
6.85260634920635e-05,-0.5422718281590071,0.01783954914234628
6.85360634920635e-05,0.3229882163852019,-0.02300538844536072
6.85460634920635e-05,-0.03938564842371972,-0.01186586001235709
6.855606349206349e-05,-0.1835956558478095,-0.0007263315793433261
6.856606349206349e-05,0.05305666402740464,-0.0155790361566815
6.85760634920635e-05,0.004986661552923288,-0.004439507723681247
6.858606349206351e-05,-0.1133394983846905,-0.01929221230103631
6.85960634920635e-05,-0.00240872344318388,-0.02300538844537085
6.860606349206349e-05,0.01607973904708404,-0.008152683868019168
6.861606349206349e-05,-0.08375795840036272,-0.01557903615669501
6.86260634920635e-05,-0.0208971859334518,-0.0007263315793433261
6.863606349206349e-05,-0.006106415941237463,-0.01929221230103293
6.86460634920635e-05,-0.05417641841593406,-0.01186586001235709
6.86560634920635e-05,-0.02459487843150538,0.002986844564994595
6.866606349206349e-05,-0.02829257092955897,-0.008152683868019168
6.86760634920635e-05,-0.06157180341204122,-0.01557903615669501
6.868606349206349e-05,-0.03199026342761255,-0.004439507723681247
6.86960634920635e-05,-0.03938564842371972,-0.01929221230103293
6.87060634920635e-05,-0.03938564842371972,-0.0007263315793433261
6.871606349206349e-05,0.2897089839030492,0.04754495829704965
6.872606349206349e-05,3.684190697113152,0.1069557766064023
6.87360634920635e-05,4.109425334392402,-0.108408439765143
6.87460634920635e-05,2.41588217028464,0.06239766287433717
6.87560634920635e-05,3.273746829832291,-0.008152683868019168
6.876606349206349e-05,3.713772237100668,-0.0675635021774259
6.877606349206349e-05,2.896582195031569,-0.004439507723738662
6.87860634920635e-05,3.25156067484397,-0.03785809302272254
6.87960634920635e-05,3.392072989769805,-0.04528444531137136
6.88060634920635e-05,3.170211439886791,-0.01557903615669501
6.881606349206349e-05,3.196095287373166,-0.04528444531139838
6.882606349206349e-05,3.332909909801149,-0.01557903615669501
6.88360634920635e-05,3.233072212353702,-0.02671856458970878
6.884606349206351e-05,3.225676827357655,-0.06385032603303058
6.88560634920635e-05,3.292235292322559,-0.0007263315793433261
6.88660634920635e-05,3.262653752338131,-0.0489976214557363
6.887606349206349e-05,2.918768350019147,-0.06385032603308799
6.88860634920635e-05,-0.3906664357388102,-0.160392905785874
6.889606349206349e-05,-0.9120410779643655,0.08096354359609094
6.89060634920635e-05,0.7297343911714257,-0.1195479681981568
6.89160634920635e-05,-0.00240872344318388,-0.04528444531139838
6.892606349206349e-05,-0.4868064406882034,0.01412637299800836
6.893606349206349e-05,0.2971043688984434,-0.0415712691670098
6.89460634920635e-05,-0.03938564842371972,-0.02671856458970878
6.89560634920635e-05,-0.1540141158631992,0.006700020709291991
6.89660634920635e-05,0.04566127903151271,-0.03785809302272254
6.897606349206349e-05,0.02717281654124479,0.002986844564994595
6.898606349206349e-05,-0.0800602659022116,-0.004439507723674493
6.89960634920635e-05,-0.02459487843150538,-0.01929221230103293
6.90060634920635e-05,0.02717281654118089,0.01412637299797796
6.90160634920635e-05,-0.0430833409217733,-0.01929221230103293
6.902606349206349e-05,-0.009804108439291047,0.006700020709332516
6.903606349206349e-05,0.001288969054859614,-0.01557903615667475
6.90460634920635e-05,-0.03199026342761255,-0.01186586001235709
6.905606349206351e-05,-0.02089718593344844,-0.01557903615669163
6.90660634920635e-05,-0.01719949343539821,-0.01186586001235709
6.90760634920635e-05,-0.02829257092955897,-0.0304317407340467
6.908606349206349e-05,-0.0208971859334518,-0.01186586001235709
6.90960634920635e-05,-0.03199026342761255,-0.02300538844537085
6.910606349206349e-05,-0.006106415941237463,-0.01929221230103293
6.91160634920635e-05,0.30080206139721,0.03269225371969797
6.91260634920635e-05,3.710074544602614,0.1032426004621185
6.913606349206349e-05,4.124216104384616,-0.1009820874764672
6.914606349206349e-05,2.445463710269815,0.0512581344412491
6.915606349206349e-05,3.288537599824505,0.006700020709332516
6.91660634920635e-05,3.743353777084357,-0.06756350217735836
6.91760634920635e-05,2.929861427513308,0.006700020709332516
6.918606349206349e-05,3.266351444836184,-0.01929221230103293
6.919606349206349e-05,3.114746052416125,-0.08241620675472019
6.92060634920635e-05,-0.4646202856998818,-0.1306874966311706
6.92160634920635e-05,-0.945320310445257,0.0623976628742595
6.92260634920635e-05,0.8036882411324974,-0.09355573518779135
6.923606349206349e-05,-0.009804108439291047,-0.01557903615669501
6.924606349206349e-05,-0.5163879806721713,0.002986844564977709
6.92560634920635e-05,0.345174371373853,-0.0007263315793433261
6.926606349206351e-05,-0.04308334092189774,-0.004439507723660985
6.92760634920635e-05,-0.1798979633497559,0.01783954914234628
6.92860634920635e-05,0.07524281901594138,-0.004439507723681247
6.929606349206349e-05,0.01607973904708404,0.01412637299800836
6.93060634920635e-05,-0.07266488090620198,0.002986844564994595
6.931606349206349e-05,0.001288969054869704,-0.0007263315793433261
6.93260634920635e-05,0.03087050903929837,0.01783954914234628
6.93360634920635e-05,-0.04678103341982689,-0.04157126916706046
6.934606349206349e-05,0.01607973904708404,0.006700020709332516
6.935606349206349e-05,0.01238204654903382,-0.01557903615667475
6.936606349206349e-05,-0.03568795592566613,-0.008152683868019168
6.93760634920635e-05,0.004986661552923288,-0.0007263315793433261
6.93860634920635e-05,-0.006106415941237463,-0.008152683868019168
6.939606349206349e-05,-0.03199026342761255,-0.01186586001235709
6.940606349206349e-05,0.004986661552889654,0.002986844564981087
6.94160634920635e-05,-0.006106415941237463,-0.01929221230103293
6.94260634920635e-05,-0.0098041084389951,-0.004439507723627213
6.94360634920635e-05,0.3155928313894243,0.05497131058572549
6.944606349206349e-05,3.732260699590936,0.1106689527507943
6.945606349206349e-05,4.150099951870611,-0.1121216159092784
6.94660634920635e-05,2.456556787762449,0.06611083901873925
6.947606349206351e-05,3.310723754813224,0.00298684456493043
6.94860634920635e-05,3.74705146958315,-0.0675635021774259
6.949606349206349e-05,2.940954505007469,0.01412637299800836
6.950606349206349e-05,3.299630677318667,-0.02300538844537085
6.95160634920635e-05,3.136932207404309,-0.08984255904345344
6.952606349206349e-05,-0.4424341307115603,-0.1344006727755085
6.95360634920635e-05,-0.9342272329526871,0.05497131058572549
6.95460634920635e-05,0.8443628586110868,-0.1009820874764672
6.955606349206349e-05,-0.01350180093734463,-0.03785809302272254
6.95660634920635e-05,-0.4978995181823641,0.01412637299800836
6.957606349206349e-05,0.3599651413660673,-0.01929221230103293
6.95860634920635e-05,-0.01719949343539821,-0.008152683868019168
6.95960634920635e-05,0.1750805164633882,0.05868448673006341
6.960606349206349e-05,3.806214549552007,0.1180953050394702
6.961606349206349e-05,4.172286106858979,-0.09726891133193341
6.96260634920635e-05,2.386300630299431,0.06611083901873925
6.96360634920635e-05,3.318119139809355,-0.004439507723708264
6.96460634920635e-05,3.780330702065632,-0.03414491687838462
6.965606349206349e-05,2.885489117536665,0.01412637299800836
6.966606349206349e-05,3.288537599824139,0.002986844565004726
6.96760634920635e-05,3.458631454734971,-0.0304317407340467
6.96860634920635e-05,3.181304517380999,0.01412637299796108
6.96960634920635e-05,3.233072212353702,-0.03785809302272254
6.970606349206349e-05,3.380979912275845,0.006700020709332516
6.971606349206349e-05,3.247862982345916,-0.008152683868019168
6.97260634920635e-05,3.229374519855648,-0.02671856458970878
6.973606349206351e-05,3.347700679793282,0.01041319685364004
6.97460634920635e-05,3.258956059840077,-0.02300538844537085
6.97560634920635e-05,2.940954505007469,-0.05642397374441215
6.976606349206349e-05,-0.3462941257621672,-0.1455402012085223
6.97760634920635e-05,-0.9009480004702047,0.0921030720291047
6.978606349206349e-05,0.7593159311558544,-0.08241620675477759
6.97960634920635e-05,0.008684354050976872,-0.02671856458970878
6.98060634920635e-05,-0.4868064406882034,0.04383178215271173
6.981606349206349e-05,0.3044997538952636,-0.02300538844537085
6.982606349206349e-05,-0.006106415940954957,0.02155272528664368
6.983606349206349e-05,0.1898712864556025,0.06982401516307718
6.98460634920635e-05,3.765539932073805,0.129234833472288
6.98560634920635e-05,4.19077456934958,-0.08612938289911551
6.986606349206349e-05,2.393696015295538,0.05125813444138757
6.987606349206349e-05,3.292235292321742,0.01783954914237667
6.98860634920635e-05,3.791423779559793,-0.03414491687838462
6.98960634920635e-05,2.885489117537022,0.03269225371966419
6.99060634920635e-05,3.277444522330345,-0.004439507723681247
6.991606349206349e-05,3.136932207404309,-0.08241620675477759
6.992606349206349e-05,-0.4609225931985561,-0.119547968198123
6.99360634920635e-05,-0.9416226179487942,0.06239766287440134
6.994606349206351e-05,0.8369674736142062,-0.08241620675473368
6.99560634920635e-05,-0.01350180093734463,-0.03414491687838462
6.99660634920635e-05,-0.4978995181823641,0.02897907757536004
6.997606349206349e-05,0.3710582188602281,-0.01557903615669501
6.99860634920635e-05,-0.01719949343539821,0.006700020709332516
6.999606349206349e-05,0.1750805164633882,0.06982401516307718
7.00060634920635e-05,3.809912242050061,0.1329480096168218
7.00160634920635e-05,4.168588414361259,-0.08241620675477759
7.002606349206349e-05,2.378905245303324,0.06982401516307718
7.003606349206349e-05,3.336607602298332,0.01041319685372447
7.004606349206349e-05,3.787726087061739,-0.0489976214557363
7.00560634920635e-05,2.892884502533139,0.03269225371965744
7.00660634920635e-05,3.295932984820613,-0.01186586001235709
7.007606349206349e-05,3.118443744914041,-0.08984255904345344
7.008606349206349e-05,-0.4868064406849242,-0.1232611443424643
7.00960634920635e-05,-0.9416226179487942,0.08838989588476678
7.01060634920635e-05,0.8406651661122294,-0.07127667832172331
7.01160634920635e-05,-0.0430833409217733,-0.02671856458970878
7.012606349206349e-05,-0.4868064406882034,0.02897907757536004
7.013606349206349e-05,0.356267448867247,-0.01557903615665449
7.01460634920635e-05,-0.02459487843150538,-0.02300538844537085
7.015606349206351e-05,0.1676851314705969,0.08838989588479042
7.01660634920635e-05,3.813609934548114,0.1143821288951322
7.01760634920635e-05,4.175983799357367,-0.08612938289911551
7.018606349206349e-05,2.386300630299431,0.06982401516307718
7.01960634920635e-05,3.336607602299202,0.006700020709332516
7.020606349206349e-05,3.784028394563686,-0.04157126916706046
7.02160634920635e-05,2.881791425038612,-0.0007263315793433261
7.02260634920635e-05,3.288537599824505,-0.008152683868019168
7.023606349206349e-05,3.148025284898469,-0.08612938289911551
7.024606349206349e-05,-0.4794110556887969,-0.1158347920537919
7.025606349206349e-05,-0.9157387704624191,0.05868448673006341
7.02660634920635e-05,0.8591536286033011,-0.08241620675477759
7.02760634920635e-05,-0.03938564842371972,-0.03785809302272254
7.028606349206349e-05,-0.472015670695989,0.03269225371969797
7.029606349206349e-05,0.3525697563692102,-0.01186586001231656
7.03060634920635e-05,-0.0208971859334518,-0.01557903615669501
7.03160634920635e-05,-0.1725025783533999,0.006700020709312254
7.03260634920635e-05,0.1011266665023165,-0.01557903615669501
7.033606349206349e-05,0.02717281654124479,0.002986844564994595
7.034606349206349e-05,-0.06157180341196052,-0.000726331579339949
7.03560634920635e-05,0.02347512404319121,-0.008152683868019168
7.036606349206351e-05,0.01607973904703023,0.01041319685363329
7.03760634920635e-05,-0.0430833409217733,-0.0304317407340467
7.038606349206349e-05,0.004986661552923288,0.01783954914234628
7.039606349206349e-05,0.3488720638719066,0.03640542986403589
7.04060634920635e-05,3.710074544602614,0.125521657328146
7.041606349206349e-05,4.142704566874884,-0.112121615909481
7.04260634920635e-05,2.460254480260503,0.06611083901873925
7.04360634920635e-05,3.292235292322559,0.002986844564994595
7.044606349206349e-05,3.765539932073418,-0.05642397374441215
7.04560634920635e-05,2.948349890003576,-0.0007263315793433261
7.046606349206349e-05,3.277444522330345,-0.01929221230103293
7.04760634920635e-05,3.44753837724081,-0.01929221230103293
7.04860634920635e-05,3.218281442361488,-0.004439507723681247
7.049606349206349e-05,3.236769904851756,-0.03785809302272254
7.050606349206349e-05,3.355096064789363,-0.008152683868046184
7.05160634920635e-05,3.284839907326452,-0.01929221230103293
7.05260634920635e-05,3.244165289847947,-0.03785809302268539
7.05360634920635e-05,3.336607602299202,0.002986844564994595
7.054606349206349e-05,3.270049137334238,-0.02671856458970878
7.055606349206349e-05,3.258956059840087,-0.0118658600123706
7.05660634920635e-05,3.318119139808934,0.002986844564994595
7.05760634920635e-05,3.273746829832291,-0.015579036156668
7.05860634920635e-05,3.273746829832291,0.01412637299800836
7.059606349206349e-05,3.288537599824505,-0.004439507723681247
7.060606349206349e-05,3.295932984820606,-0.01186586001235033
7.06160634920635e-05,3.284839907326452,0.01783954914234628
7.062606349206351e-05,3.288537599824213,-0.01929221230104306
7.06360634920635e-05,2.966838352493844,-0.0304317407340467
7.06460634920635e-05,-0.3943641282368638,-0.1269743204868327
7.065606349206349e-05,-0.8972503079721512,0.1032426004621185
7.06660634920635e-05,0.7445251611636401,-0.08241620675477759
7.067606349206349e-05,0.01607973904708404,-0.02300538844537085
7.06860634920635e-05,-0.4535272082057211,0.02897907757536004
7.06960634920635e-05,0.3044997538952636,-0.02671856458970878
7.070606349206349e-05,-0.009804108439291047,0.006700020709332516
7.071606349206349e-05,-0.142921038369099,0.02526590143100524
7.072606349206349e-05,0.05305666402761988,-0.01557903615669501
7.07360634920635e-05,0.03826589403529793,0.03640542986398861
7.07460634920635e-05,-0.08006026590230914,-0.01557903615669501
7.075606349206349e-05,0.01607973904708404,0.002986844564994595
7.076606349206349e-05,0.0271728165412347,0.01412637299799823
7.07760634920635e-05,-0.08006026590230914,-0.02300538844537085
7.07860634920635e-05,0.004986661553225961,0.01041319685368732
7.07960634920635e-05,0.3377789863777458,0.02897907757536004
7.080606349206349e-05,3.691586082112346,0.1329480096168218
7.081606349206349e-05,4.150099951870574,-0.1195479681979272
7.08260634920635e-05,2.456556787762449,0.0735371913074151
7.083606349206351e-05,3.288537599824916,-0.004439507723721773
7.08460634920635e-05,3.739656084587043,-0.0489976214557363
7.08560634920635e-05,2.933559120011362,0.01412637299800836
7.086606349206349e-05,3.292235292322559,-0.02300538844537085
7.08760634920635e-05,3.429049914750542,-0.03414491687838462
7.088606349206349e-05,3.203490672369273,-0.0007263315793433261
7.08960634920635e-05,3.236769904851756,-0.04157126916706046
7.09060634920635e-05,3.362491449785577,-0.0007263315793433261
7.091606349206349e-05,3.277444522330345,-0.0007263315793433261
7.092606349206349e-05,3.240467597349843,-0.03414491687835423
7.093606349206349e-05,3.336607602299202,0.006700020709332516
7.09460634920635e-05,3.281142214828385,-0.03414491687836774
7.09560634920635e-05,3.266351444836184,-0.01557903615669501
7.096606349206349e-05,3.314421447310881,-0.01186586001235709
7.097606349206349e-05,3.288537599824529,-0.004439507723688002
7.09860634920635e-05,3.292235292322559,-0.01557903615669501
7.09960634920635e-05,3.299630677318667,0.002986844564974332
7.10060634920635e-05,3.299630677318667,-0.01929221230103293
7.101606349206349e-05,3.292235292322559,0.006700020709332516
7.102606349206349e-05,3.31072375481281,-0.0118658600123402
7.10360634920635e-05,2.992722199980219,-0.05271079760007422
7.104606349206351e-05,-0.3980618207353344,-0.1381138489196505
7.10560634920635e-05,-0.8565756904935617,0.07725036745175302
7.10660634920635e-05,0.7888974711402831,-0.07870303061043968
7.107606349206349e-05,0.004986661552923288,-0.04157126916706046
7.10860634920635e-05,-0.4461318232096139,0.04383178215271173
7.109606349206349e-05,0.3266859088835851,-0.03785809302272254
7.11060634920635e-05,-0.01350180093734463,-0.0007263315793433261
7.11160634920635e-05,-0.1244325758789522,0.01412637299800836
7.112606349206349e-05,0.07524281901594138,-0.02671856458970878
7.11360634920635e-05,0.04196358653345913,-0.0007263315793433261
7.114606349206349e-05,-0.05787411091398764,-0.01186586001235709
7.11560634920635e-05,0.02717281654124479,-0.02300538844537085
7.11660634920635e-05,0.04196358653345913,0.02897907757536004
7.117606349206349e-05,-0.0208971859334518,-0.0304317407340467
7.118606349206349e-05,0.001288969054849525,-0.01186586001237398
7.11960634920635e-05,0.03087050903929837,-0.008152683868019168
7.12060634920635e-05,-0.02459487843146167,-0.01186586001236047
7.12160634920635e-05,0.02347512404319121,-0.01557903615669501
7.122606349206349e-05,0.008684354050976872,-0.0304317407340467
7.123606349206349e-05,0.00128896905487643,-0.01557903615670852
7.12460634920635e-05,0.001288969054869704,-0.02671856458970878
7.125606349206351e-05,0.01238204654902373,-0.02300538844537423
7.12660634920635e-05,0.004986661552923288,-0.02671856458970878
7.127606349206349e-05,0.3562674488680138,0.04383178215271173
7.128606349206349e-05,3.761842239575365,0.1143821288951322
7.12960634920635e-05,4.161193029365152,-0.1269743204868327
7.130606349206349e-05,2.471347557754664,0.05497131058572549
7.13160634920635e-05,3.314421447310881,-0.008152683868019168
7.13260634920635e-05,3.776633009567579,-0.0489976214557363
7.133606349206349e-05,2.937256812509415,0.01783954914234628
7.13460634920635e-05,3.318119139808934,-0.04157126916706046
7.135606349206349e-05,3.451236069738863,-0.05271079760007422
7.13660634920635e-05,3.233072212353702,-0.008152683868019168
7.13760634920635e-05,3.244165289847863,-0.0489976214557363
7.138606349206349e-05,3.347700679793363,-0.03414491687838462
7.139606349206349e-05,3.273746829832358,-0.02300538844538098
7.14060634920635e-05,3.258956059840077,-0.04528444531139838
7.14160634920635e-05,3.336607602299135,-0.01557903615670177
7.14260634920635e-05,3.262653752338131,-0.02300538844537085
7.143606349206349e-05,3.277444522330345,-0.02300538844537085
7.144606349206349e-05,3.329212217303048,-0.008152683868032676
7.14560634920635e-05,3.273746829832291,-0.02300538844537085
7.14660634920635e-05,3.30332836981673,-0.04157126916702669
7.14760634920635e-05,3.314421447310881,-0.004439507723681247
7.148606349206349e-05,3.284839907326452,-0.0304317407340467
7.149606349206349e-05,3.292235292322553,-0.02300538844537761
7.15060634920635e-05,3.288537599824505,-0.02300538844537085
7.151606349206351e-05,2.981629122482994,-0.07498985446615916
7.15260634920635e-05,-0.3869687432407566,-0.1381138489198464
7.15360634920635e-05,-0.871366460485776,0.08838989588476678
7.154606349206349e-05,0.7851997786422295,-0.09726891133212928
7.15560634920635e-05,-0.00240872344318388,-0.02300538844537085
7.156606349206349e-05,-0.4424341307115603,0.02526590143102212
7.15760634920635e-05,0.3266859088835851,-0.04528444531139838
7.15860634920635e-05,0.001288969054869704,0.006700020709332516
7.159606349206349e-05,0.2009643639497632,0.08096354359609094
7.160606349206349e-05,3.791423779556528,0.1106689527507673
7.161606349206349e-05,4.205565339341795,-0.08984255904345344
7.16260634920635e-05,2.389998322798325,0.06611083901869197
7.16360634920635e-05,3.314421447310881,0.01412637299800836
7.164606349206349e-05,3.809912242050061,-0.03785809302272254
7.165606349206349e-05,2.874396040043355,0.01783954914229563
7.16660634920635e-05,3.299630677318667,-0.01557903615669501
7.16760634920635e-05,3.473422224726926,-0.03414491687836098
7.16860634920635e-05,3.188699902377059,-0.008152683868019168
7.169606349206349e-05,3.244165289847863,-0.03785809302272254
7.170606349206349e-05,3.36249144978547,-0.008152683868046184
7.17160634920635e-05,3.255258367342023,-0.01557903615669501
7.172606349206351e-05,3.258956059840164,-0.01929221230102618
7.17360634920635e-05,3.35509606478947,-0.01186586001235709
7.17460634920635e-05,3.281142214828399,-0.01186586001235709
7.175606349206349e-05,3.258956059840077,-0.01186586001235709
7.17660634920635e-05,3.318119139808934,-0.01557903615669501
7.177606349206349e-05,3.277444522330345,-0.01929221230103293
7.17860634920635e-05,3.295932984820613,-0.03414491687838462
7.17960634920635e-05,3.310723754812827,-0.008152683868019168
7.180606349206349e-05,3.270049137334238,-0.0304317407340467
7.181606349206349e-05,3.281142214828388,-0.008152683868039429
7.182606349206349e-05,3.284839907326452,-0.008152683868019168
7.18360634920635e-05,2.974233737489951,-0.0675635021774259
7.18460634920635e-05,-0.3943641282368638,-0.1455402012085223
7.185606349206349e-05,-0.8787618454818833,0.0921030720291047
7.186606349206349e-05,0.7667113161504651,-0.08984255904328795
7.18760634920635e-05,0.001288969054869704,-0.03414491687838462
7.18860634920635e-05,-0.4387364382128375,0.006700020709288614
7.18960634920635e-05,0.2971043688991564,-0.04157126916706046
7.190606349206349e-05,-0.00240872344318388,0.0215527252866842
7.191606349206349e-05,0.1935689789534778,0.08467671974037146
7.19260634920635e-05,3.795121472057847,0.1180953050394702
7.193606349206351e-05,4.194472261846,-0.08984255904329472
7.19460634920635e-05,2.397393707793592,0.08467671974042887
7.195606349206349e-05,3.307026062314773,-0.008152683868019168
7.196606349206349e-05,3.787726087061739,-0.02671856458970878
7.19760634920635e-05,2.881791425038612,0.01412637299800836
7.198606349206349e-05,3.295932984820613,-0.004439507723681247
7.19960634920635e-05,3.451236069738863,-0.03785809302272254
7.20060634920635e-05,3.177606824882898,0.01041319685367044
7.201606349206349e-05,3.244165289847863,-0.0304317407340467
7.20260634920635e-05,3.358793757287524,-0.01557903615669501
7.203606349206349e-05,3.236769904851756,0.006700020709332516
7.20460634920635e-05,3.236769904851756,-0.01929221230103293
7.20560634920635e-05,3.332909909801149,-0.008152683868019168
7.206606349206349e-05,3.258956059840077,-0.02300538844537085
7.207606349206349e-05,2.940954505007758,-0.04157126916704357
7.20860634920635e-05,-0.3795733582446494,-0.1418270250641843
7.20960634920635e-05,-0.9046456929667618,0.09210307202894598
7.21060634920635e-05,0.7408274686655865,-0.08241620675477759
7.211606349206349e-05,-0.009804108439291047,-0.03414491687838462
7.212606349206349e-05,-0.4794110556916691,0.02526590143096809
7.21360634920635e-05,0.2934066764011029,-0.0304317407340467
7.214606349206351e-05,-0.006106415941385437,0.01412637299800836
7.21560634920635e-05,-0.1688048858555952,0.01412637299800836
7.216606349206349e-05,0.04196358653345913,-0.01929221230103293
7.217606349206349e-05,0.03087050903929837,0.0215527252866842
7.21860634920635e-05,-0.08745565089841631,-0.01186586001235709
7.219606349206351e-05,0.004986661552953555,0.002986844564997972
7.22060634920635e-05,0.03826589403540554,0.006700020709332516
7.22160634920635e-05,-0.07266488090620198,-0.02300538844537085
7.222606349206349e-05,-0.01350180093734463,-0.004439507723681247
7.22360634920635e-05,0.3303836013816387,0.04011860600837381
7.224606349206349e-05,3.691586082112346,0.1069557766064564
7.22560634920635e-05,4.139006874376831,-0.108408439765143
7.22660634920635e-05,2.445463710268288,0.05497131058572549
7.227606349206349e-05,3.288537599824505,0.0215527252866842
7.228606349206349e-05,3.732260699590532,-0.0452844453113376
7.22960634920635e-05,2.915070657521094,-0.0007263315793433261
7.23060634920635e-05,3.2774445223302,-0.008152683868083333
7.23160634920635e-05,3.118443744914041,-0.07870303061043968
7.232606349206349e-05,-0.4572249007037747,-0.1418270250641843
7.233606349206349e-05,-0.9379249254503034,0.07725036745155378
7.23460634920635e-05,0.8295720886188724,-0.08612938289911551
7.23560634920635e-05,-0.02829257092998607,-0.03414491687833397
7.23660634920635e-05,-0.4978995181823641,0.0215527252866842
7.237606349206349e-05,0.3340812938796923,-0.02300538844537085
7.238606349206349e-05,-0.01719949343507876,0.01412637299797458
7.23960634920635e-05,0.1713828239653346,0.06982401516307718
7.240606349206351e-05,3.802516857054297,0.1032426004619294
7.24160634920635e-05,4.17968149185542,-0.1046952636208051
7.24260634920635e-05,2.375207552805271,0.05125813444138757
7.243606349206349e-05,3.318119139808934,-0.004439507723681247
7.24460634920635e-05,3.791423779559793,-0.05271079760007422
7.245606349206349e-05,2.874396040042504,-0.008152683868019168
7.24660634920635e-05,3.321816832306988,-0.0304317407340467
7.24760634920635e-05,3.133234514906255,-0.09355573518779135
7.248606349206349e-05,-0.490504133186257,-0.1455402012085223
7.249606349206349e-05,-0.9342272329522835,0.05497131058554314
7.250606349206349e-05,0.851758243607194,-0.112121615909481
7.25160634920635e-05,-0.04678103342023718,-0.06385032603304071
7.25260634920635e-05,-0.4978995181823641,-0.01186586001235709
7.253606349206349e-05,0.3636628338641209,-0.01929221230103293
7.254606349206349e-05,-0.02829257092920245,-0.02671856458970202
7.25560634920635e-05,-0.1688048858555952,0.006700020709332516
7.25660634920635e-05,0.08263820401199137,-0.06385032603302382
7.25760634920635e-05,0.01977743154513762,0.006700020709332516
7.258606349206349e-05,-0.08745565089841631,-0.03785809302272254
7.259606349206349e-05,0.03087050903919075,-0.03043174073405345
7.26060634920635e-05,0.03826589403540554,-0.01186586001235709
7.261606349206351e-05,-0.05047872591780648,-0.03414491687837787
7.26260634920635e-05,0.03087050903929837,-0.02671856458970878
7.26360634920635e-05,0.3747559113582817,0.02526590143102212
7.264606349206349e-05,3.698981467108454,0.09952942431778054
7.26560634920635e-05,4.172286106859312,-0.1381138489198464
7.266606349206349e-05,2.475045250252717,0.04383178215271173
7.26760634920635e-05,3.288537599824505,-0.008152683868019168
7.26860634920635e-05,3.772935317069525,-0.06385032603308799
7.269606349206349e-05,2.944652197505522,-0.0007263315793433261
7.270606349206349e-05,3.299630677318344,-0.04528444531135786
7.271606349206349e-05,3.421654529754435,-0.03785809302272254
7.27260634920635e-05,3.221979134859541,-0.02300538844537085
7.27360634920635e-05,3.233072212353702,-0.06385032603308799
7.274606349206349e-05,3.369886834781684,-0.03414491687838462
7.275606349206349e-05,3.270049137334328,-0.03043174073405007
7.27660634920635e-05,3.266351444836184,-0.02671856458970878
7.27760634920635e-05,3.321816832306944,-0.004439507723711641
7.27860634920635e-05,3.273746829832291,-0.03785809302272254
7.279606349206349e-05,2.966838352493844,-0.08984255904345344
7.280606349206349e-05,-0.3425964332611038,-0.1715324342188134
7.28160634920635e-05,-0.8972503079721512,0.06239766287440134
7.282606349206351e-05,0.7630136236532186,-0.1121216159094067
7.28360634920635e-05,0.004986661552923288,-0.0304317407340467
7.284606349206349e-05,-0.4498295157076675,0.006700020709332516
7.285606349206349e-05,0.3044997538952636,-0.0304317407340467
7.28660634920635e-05,0.01977743154513762,-0.008152683868019168
7.287606349206349e-05,0.1972666714517096,0.06611083901873925
7.28860634920635e-05,3.776633009567579,0.0921030720291047
7.28960634920635e-05,4.194472261847634,-0.09726891133212928
7.290606349206349e-05,2.386300630299431,0.04383178215271173
7.29160634920635e-05,3.299630677318667,-0.008152683868019168
7.292606349206349e-05,3.795121472057847,-0.05642397374441215
7.29360634920635e-05,2.881791425038612,0.006700020709332516
7.29460634920635e-05,3.321816832306988,-0.01929221230103293
7.295606349206349e-05,3.148025284898469,-0.07870303061043968
7.296606349206349e-05,-0.4609225931985459,-0.1566797296414651
7.29760634920635e-05,-0.9342272329526871,0.05868448673006341
7.29860634920635e-05,0.8554559361044438,-0.09726891133207863
7.29960634920635e-05,-0.02829257092955897,-0.04157126916706046
7.300606349206349e-05,-0.4868064406882034,0.01783954914234628
7.301606349206349e-05,0.3599651413652972,-0.03414491687833733
7.30260634920635e-05,-0.01719949343539821,-0.02300538844537085
7.30360634920635e-05,-0.1577118083612158,0.006700020709291991
7.30460634920635e-05,0.08263820401204855,-0.03785809302272254
7.305606349206349e-05,0.02717281654124479,-0.008152683868019168
7.306606349206349e-05,-0.07636257340425556,-0.0304317407340467
7.30760634920635e-05,0.008684354050976872,-0.02671856458970878
7.308606349206351e-05,0.03826589403532819,-0.008152683868025923
7.30960634920635e-05,-0.04678103341982689,-0.01557903615669501
7.31060634920635e-05,0.001288969054869704,-0.01186586001235709
7.311606349206349e-05,0.3414766788757994,0.03640542986403589
7.31260634920635e-05,3.6952837746104,0.1218084811838081
7.313606349206349e-05,4.161193029365152,-0.1195479681981568
7.31460634920635e-05,2.452859095264396,0.05497131058572549
7.31560634920635e-05,3.299630677318667,0.01041319685367044
7.316606349206349e-05,3.761842239575365,-0.05642397374441215
7.317606349206349e-05,2.929861427514065,0.02155272528661328
7.31860634920635e-05,3.277444522330345,-0.03414491687838462
7.31960634920635e-05,3.429049914750343,-0.01557903615668826
7.32060634920635e-05,3.21088605736538,-0.008152683868019168
7.321606349206349e-05,3.225676827357595,-0.03414491687838462
7.322606349206349e-05,3.366189142283503,-0.004439507723708266
7.32360634920635e-05,3.266351444836184,-0.008152683868019168
7.32460634920635e-05,3.25156067484406,-0.03785809302269215
7.32560634920635e-05,3.351398372291416,-0.004439507723681247
7.326606349206349e-05,3.273746829832291,-0.0304317407340467
7.327606349206349e-05,2.955745274999972,-0.06756350217739213
7.32860634920635e-05,-0.3610848957543815,-0.156679729641536
7.329606349206351e-05,-0.8898549229745306,0.08838989588458104
7.33060634920635e-05,0.7741067011480688,-0.1158347920538189
7.33160634920635e-05,0.02347512404319121,-0.03414491687838462
7.332606349206349e-05,-0.4424341307115603,0.02526590143102212
7.33360634920635e-05,0.3118951388913708,-0.04528444531139838
7.334606349206349e-05,0.008684354050976872,-0.0007263315793433261
7.33560634920635e-05,-0.1318279608750593,-0.0007263315793433261
7.33660634920635e-05,0.07524281901594138,-0.03785809302272254
7.337606349206349e-05,0.04566127903151271,-0.0007263315793433261
7.338606349206349e-05,-0.06896718840804414,-0.02300538844535059
7.339606349206349e-05,0.01238204654903046,-0.03414491687838462
7.34060634920635e-05,0.03456820153729143,-0.01186586001238748
7.34160634920635e-05,-0.03199026342761255,-0.04528444531139838
7.342606349206349e-05,0.004986661552923288,-0.004439507723681247
7.343606349206349e-05,0.3377789863774432,0.03640542986399874
7.34460634920635e-05,3.6952837746104,0.1032426004621185
7.34560634920635e-05,4.153797644367504,-0.1344006727753363
7.34660634920635e-05,2.460254480260503,0.05497131058572549
7.347606349206349e-05,3.281142214828399,-0.0007263315793433261
7.348606349206349e-05,3.747051469582726,-0.07127667832169966
7.34960634920635e-05,2.926163735015254,-0.01929221230103293
7.350606349206351e-05,3.292235292322401,-0.02671856458978307
7.35160634920635e-05,3.118443744914041,-0.108408439765143
7.35260634920635e-05,-0.4609225932018283,-0.1232611443424947
7.353606349206349e-05,-0.9638087729371156,0.05497131058572549
7.35460634920635e-05,0.8443628586110868,-0.1009820874764672
7.355606349206349e-05,-0.02829257092955897,-0.04528444531139838
7.35660634920635e-05,-0.5052949031784713,0.01041319685367044
7.35760634920635e-05,0.3525697563699602,-0.03785809302272254
7.358606349206349e-05,-0.02829257092955897,-0.0304317407340467
7.359606349206349e-05,0.1750805164632032,0.05868448672998236
7.360606349206349e-05,3.821005319544222,0.1069557766064564
7.36160634920635e-05,4.150099951870991,-0.09355573518779135
7.36260634920635e-05,2.386300630299431,0.06239766287440134
7.363606349206349e-05,3.325514524805041,0.006700020709332516
7.364606349206349e-05,3.784028394563269,-0.0452844453113511
7.36560634920635e-05,2.878093732540558,0.01412637299800836
7.36660634920635e-05,3.281142214828547,-0.004439507723708264
7.36760634920635e-05,3.443840684742756,-0.03414491687838462
7.368606349206349e-05,3.162816054890684,0.006700020709332516
7.369606349206349e-05,3.236769904851688,-0.03785809302268202
7.37060634920635e-05,3.351398372291416,-0.004439507723681247
7.371606349206351e-05,3.236769904851745,0.0067000207093055
7.37260634920635e-05,3.225676827357595,-0.02300538844537085
7.373606349206349e-05,3.336607602299202,0.01412637299800836
7.374606349206349e-05,3.247862982345916,-0.008152683868019168
7.37560634920635e-05,3.236769904851756,-0.01557903615669501
7.376606349206349e-05,3.288537599824505,-0.008152683868019168
7.37760634920635e-05,3.247862982345916,-0.02671856458970878
7.37860634920635e-05,3.266351444836184,-0.01186586001235709
7.379606349206349e-05,3.284839907326452,-0.01929221230103293
7.38060634920635e-05,3.25156067484397,-0.01929221230103293
7.381606349206349e-05,3.277444522330345,-0.03414491687838462
7.38260634920635e-05,3.273746829832291,-0.004439507723681247
7.38360634920635e-05,3.273746829832291,-0.0304317407340467
7.384606349206349e-05,3.244165289847863,0.006700020709332516
7.385606349206349e-05,3.284839907326415,-0.01557903615667475
7.38660634920635e-05,3.266351444836184,-0.0007263315793433261
7.38760634920635e-05,3.277444522330341,-0.01929221230102956
7.38860634920635e-05,3.273746829832291,-0.01557903615669501
7.389606349206349e-05,3.273746829832291,-0.01186586001235709
7.390606349206349e-05,3.292235292322542,-0.02300538844536072
7.39160634920635e-05,2.926163735015254,-0.05642397374441215
7.39260634920635e-05,-0.3980618207353512,-0.1344006727753092
7.39360634920635e-05,-0.8750641529838297,0.08467671974042887
7.394606349206349e-05,0.7741067011480688,-0.108408439765143
7.395606349206349e-05,-0.01350180093734463,-0.01929221230103293
7.39660634920635e-05,-0.4646202856998818,0.05125813444138757
7.397606349206351e-05,0.3155928313891149,-0.03414491687835423
7.39860634920635e-05,-0.02459487843150538,-0.0007263315793433261
7.39960634920635e-05,-0.1429210383692201,0.01783954914234628
7.400606349206349e-05,0.06414974152178063,-0.008152683868019168
7.40160634920635e-05,0.03826589403540554,0.01783954914234628
7.402606349206349e-05,-0.06157180341204122,-0.01929221230103293
7.40360634920635e-05,-0.00240872344318388,-0.01929221230103293
7.40460634920635e-05,0.03826589403540554,0.006700020709332516
7.405606349206349e-05,-0.07636257340425556,-0.01186586001235709
7.406606349206349e-05,0.01977743154505018,0.006700020709315632
7.40760634920635e-05,0.01238204654903046,-0.01557903615669501
7.40860634920635e-05,-0.04678103341976635,-0.008152683868012413
7.40960634920635e-05,0.01977743154513762,-0.0007263315793433261
7.410606349206349e-05,-0.009804108439291047,-0.0304317407340467
7.411606349206349e-05,-0.01350180093734127,-0.00443950772370489
7.41260634920635e-05,-0.006106415941237463,-0.008152683868019168
7.41360634920635e-05,-0.002408723443190606,-0.01929221230101604
7.41460634920635e-05,-0.009804108439291047,-0.0007263315793433261
7.415606349206349e-05,-0.009804108439291047,-0.01186586001235709
7.416606349206349e-05,-0.002408723443190606,-0.01557903615669163
7.41760634920635e-05,-0.02459487843150538,-0.01557903615669501
7.418606349206351e-05,-0.01350180093733118,-0.01557903615669501
7.41960634920635e-05,0.001288969054869704,-0.01557903615669501
7.42060634920635e-05,0.004986661552923288,-0.008152683868019168
7.421606349206349e-05,-0.009804108439291047,-0.02671856458970878
7.42260634920635e-05,-0.01719949343539821,-0.01557903615669501
7.423606349206349e-05,-0.009804108439291047,-0.01929221230103293
7.42460634920635e-05,-0.01719949343539821,-0.0007263315793433261
7.42560634920635e-05,-0.00240872344318388,-0.0304317407340467
7.426606349206349e-05,-0.0208971859334518,-0.008152683868019168
7.427606349206349e-05,-0.009804108439301136,-0.008152683868019168
7.428606349206349e-05,-0.01719949343539821,-0.02671856458970878
7.42960634920635e-05,-0.01719949343538476,-0.01557903615671528
7.43060634920635e-05,-0.00240872344318388,-0.03785809302272254
7.431606349206349e-05,0.3303836013816387,0.04383178215271173
7.432606349206349e-05,3.735958392085892,0.1143821288950681
7.43360634920635e-05,4.12791379688267,-0.1269743204868327
7.43460634920635e-05,2.445463710269065,0.05125813444133692
7.43560634920635e-05,3.299630677318667,-0.004439507723681247
7.436606349206349e-05,3.732260699590936,-0.05642397374441215
7.437606349206349e-05,2.926163735015987,0.002986844564940562
7.43860634920635e-05,3.281142214828399,-0.0304317407340467
7.439606349206351e-05,3.107350667416601,-0.08984255904350748
7.44060634920635e-05,-0.4978995181823641,-0.1492533773528602
7.44160634920635e-05,-0.9416226179487942,0.05125813444138757
7.442606349206349e-05,0.8184790111247118,-0.08612938289911551
7.44360634920635e-05,-0.03568795592566613,-0.05642397374441215
7.444606349206349e-05,-0.4942018256843105,0.002986844564994595
7.44560634920635e-05,0.3303836013816387,-0.02300538844537085
7.44660634920635e-05,-0.02459487843150538,-0.01186586001235709
7.447606349206349e-05,-0.1762002708517023,-0.0007263315793433261
7.448606349206349e-05,0.07894051151376291,-0.03414491687835423
7.449606349206349e-05,0.04196358653345913,-0.0007263315793433261
7.45060634920635e-05,-0.09854872839257706,-0.01929221230103293
7.45160634920635e-05,0.02347512404319121,-0.01557903615669501
7.452606349206349e-05,0.01607973904708404,-0.01186586001235709
7.453606349206349e-05,-0.05047872591781993,-0.03414491687836436
7.45460634920635e-05,-0.006106415941237463,-0.004439507723681247
7.45560634920635e-05,0.3599651413691277,0.006700020709413567
7.45660634920635e-05,3.724865314594829,0.09581624817344263
7.457606349206349e-05,4.139006874376831,-0.1158347920538189
7.458606349206349e-05,2.452859095265929,0.03269225371956289
7.45960634920635e-05,3.292235292322559,-0.02300538844537085
7.460606349206351e-05,3.739656084586303,-0.0638503260330272
7.46160634920635e-05,2.926163735015254,0.002986844564994595
7.462606349206349e-05,3.281142214828399,-0.04157126916706046
7.463606349206349e-05,3.103652974921827,-0.08241620675477759
7.46460634920635e-05,-0.472015670695989,-0.1492533773528602
7.465606349206349e-05,-0.9379249254507406,0.04383178215271173
7.46660634920635e-05,0.8147813186266581,-0.1009820874764672
7.46760634920635e-05,-0.02459487843150538,-0.04157126916706046
7.468606349206349e-05,-0.5311787506648463,-0.0007263315793433261
7.46960634920635e-05,0.3377789863777458,-0.01929221230103293
7.470606349206349e-05,-0.02459487843150538,-0.01186586001235709
7.47160634920635e-05,-0.1651071933575416,0.002986844564994595
7.47260634920635e-05,0.0493589715295663,-0.03414491687838462
7.473606349206349e-05,0.008684354050976872,-0.008152683868019168
7.474606349206349e-05,-0.09115334339637909,0.002986844564984464
7.47560634920635e-05,-0.00240872344318388,-0.01186586001235709
7.47660634920635e-05,0.01977743154505018,-0.01557903615669501
7.47760634920635e-05,-0.07636257340425556,-0.01557903615669501
7.478606349206349e-05,-0.00240872344318388,-0.0007263315793433261
7.479606349206349e-05,0.3451743713735368,0.03269225371966757
7.48060634920635e-05,3.728563007092882,0.1218084811838081
7.48160634920635e-05,4.109425334390888,-0.1121216159093155
7.48260634920635e-05,2.445463710268288,0.06982401516307718
7.483606349206349e-05,3.262653752338131,0.006700020709332516
7.484606349206349e-05,3.728563007092882,-0.0304317407340467
7.48560634920635e-05,2.91137296502304,0.01041319685367044
7.486606349206351e-05,3.262653752338275,-0.02671856458971553
7.48760634920635e-05,3.421654529754435,-0.03414491687838462
7.48860634920635e-05,3.177606824882898,0.01783954914234628
7.489606349206349e-05,3.203490672369273,-0.01929221230103293
7.49060634920635e-05,3.336607602299202,-0.01186586001235709
7.491606349206349e-05,3.233072212353702,-0.004439507723681247
7.49260634920635e-05,3.225676827357595,-0.01186586001235709
7.49360634920635e-05,3.321816832306988,0.01041319685367044
7.494606349206349e-05,3.247862982345916,-0.03785809302272254
7.495606349206349e-05,2.937256812509698,-0.04157126916705708
7.496606349206349e-05,-0.4202479757232389,-0.1269743204868327
7.49760634920635e-05,-0.8898549229745575,0.09210307202893585
7.49860634920635e-05,0.7445251611636401,-0.09355573518779135
7.499606349206349e-05,-0.03199026342761255,-0.01929221230103293
7.500606349206349e-05,-0.4683179781975386,0.0252659014309816
7.50160634920635e-05,0.2971043688991564,-0.02671856458970878
7.50260634920635e-05,-0.02829257092935382,0.00670002070938655
7.50360634920635e-05,0.1972666714517096,0.06611083901873925
7.504606349206349e-05,3.806214549552007,0.1106689527507943
7.505606349206349e-05,4.16119302936483,-0.1009820874762747
7.50660634920635e-05,2.367812167809163,0.0735371913074151
7.507606349206351e-05,3.292235292322996,0.002986844564964201
7.50860634920635e-05,3.772935317069525,-0.0304317407340467
7.50960634920635e-05,2.878093732540558,0.0215527252866842
7.510606349206349e-05,3.277444522330345,-0.008152683868019168
7.51160634920635e-05,3.114746052415987,-0.08241620675477759
7.512606349206349e-05,-0.5237833656687392,-0.1344006727755085
7.51360634920635e-05,-0.9305295404546334,0.06239766287440134
7.51460634920635e-05,0.8295720886188724,-0.07870303061043968
7.515606349206349e-05,-0.04678103341982689,-0.03414491687838462
7.516606349206349e-05,-0.5052949031780543,0.04383178215264082
7.517606349206349e-05,0.3562674488680138,-0.0007263315793433261
7.51860634920635e-05,-0.05417641841569865,-0.03043174073393525
7.51960634920635e-05,0.2046620564478168,0.0921030720291047
7.520606349206349e-05,3.832098397038382,0.1069557766064564
7.521606349206349e-05,4.157495336866803,-0.08241620675460537
7.52260634920635e-05,2.382602937801378,0.08096354359609094
7.52360634920635e-05,3.34770067979374,0.01412637299798472
7.52460634920635e-05,3.761842239575365,-0.01186586001235709
7.525606349206349e-05,2.878093732540558,0.03269225371969797
7.526606349206349e-05,3.303328369816333,0.0104131968536907
7.52760634920635e-05,3.462329147233024,-0.01557903615669501
7.528606349206351e-05,3.166513747388821,0.01412637299798134
7.52960634920635e-05,3.258956059840077,-0.01557903615669501
7.53060634920635e-05,3.380979912275845,0.01041319685367044
7.531606349206349e-05,3.236769904851756,0.02526590143102212
7.53260634920635e-05,3.273746829832291,0.002986844564994595
7.533606349206349e-05,3.332909909801149,0.03640542986403589
7.53460634920635e-05,3.270049137334238,-0.008152683868019168
7.53560634920635e-05,2.940954505007469,-0.0304317407340467
7.536606349206349e-05,-0.3721779732485423,-0.1344006727755085
7.537606349206349e-05,-0.8750641529833723,0.1069557766062369
7.538606349206349e-05,0.7704090086500152,-0.07498985446610175
7.53960634920635e-05,0.004986661552923288,-0.004439507723681247
7.54060634920635e-05,-0.4609225932018283,0.04011860600837381
7.541606349206349e-05,0.3192905238874779,-0.01929221230103293
7.542606349206349e-05,-0.006106415940941523,0.01412637299797797
7.54360634920635e-05,-0.1281302683770057,0.02897907757536004
7.54460634920635e-05,0.05675435652567346,-0.008152683867995529
7.54560634920635e-05,0.05675435652567346,0.01783954914234628
7.546606349206349e-05,-0.06896718840814839,0.002986844564994595
7.547606349206349e-05,0.02347512404310714,0.00670002070932914
7.54860634920635e-05,0.04566127903151271,0.01412637299800836
7.549606349206351e-05,-0.0578741109139271,0.01412637299798809
7.55060634920635e-05,0.008684354050976872,-0.008152683868019168
7.551606349206349e-05,0.001288969054869704,0.01783954914234628
7.552606349206349e-05,-0.0208971859334518,0.006700020709332516
7.55360634920635e-05,0.001288969054869704,0.002986844564994595
7.554606349206349e-05,-0.009804108439291047,0.006700020709332516
7.55560634920635e-05,-0.01350180093734463,-0.0007263315793433261
7.55660634920635e-05,-0.009804108439291047,0.002986844564994595
7.557606349206349e-05,-0.00240872344318388,-0.008152683868019168
7.55860634920635e-05,-0.01350180093734463,0.006700020709332516
7.559606349206349e-05,-0.00240872344318388,0.01412637299800836
7.56060634920635e-05,-0.00240872344318388,-0.01929221230103293
7.56160634920635e-05,-0.02459487843150538,0.01783954914234628
7.562606349206349e-05,-0.009804108439291047,-0.01929221230103293
7.563606349206349e-05,-0.002408723443190606,-0.01557903615669839
7.56460634920635e-05,0.008684354050976872,-0.01929221230103293
7.56560634920635e-05,-0.01719949343539149,-0.01929221230101604
7.56660634920635e-05,-0.009804108439291047,-0.0007263315793433261
7.567606349206349e-05,0.345174371373853,0.01783954914234628
7.568606349206349e-05,3.735958392085906,0.125521657328048
7.56960634920635e-05,4.131611489380723,-0.1232611443424947
7.57060634920635e-05,2.45655678776323,0.0698240151630164
7.57160634920635e-05,3.314421447310881,0.002986844564994595
7.572606349206349e-05,3.728563007092882,-0.04528444531139838
7.573606349206349e-05,2.915070657521094,0.04383178215271173
7.57460634920635e-05,3.277444522330345,-0.02300538844537085
7.575606349206351e-05,3.429049914750327,-0.02671856458967163
7.57660634920635e-05,3.192397594875112,0.01412637299800836
7.57760634920635e-05,3.225676827357595,-0.03785809302272254
7.578606349206349e-05,3.347700679793363,0.006700020709332516
7.57960634920635e-05,3.247862982345916,-0.004439507723681247
7.580606349206349e-05,3.236769904851756,-0.03785809302272254
7.58160634920635e-05,3.318119139808934,0.01041319685367044
7.58260634920635e-05,3.25156067484397,-0.03414491687838462
7.583606349206349e-05,3.262653752338131,-0.01557903615669501
7.584606349206349e-05,3.292235292322532,0.002986844564977709
7.585606349206349e-05,3.266351444836184,-0.02300538844537085
7.58660634920635e-05,3.240467597349856,-0.026718564589675
7.58760634920635e-05,3.292235292322559,0.01041319685367044
7.588606349206349e-05,3.270049137334238,-0.01557903615669501
7.589606349206349e-05,3.277444522330338,0.002986844564977709
7.59060634920635e-05,3.288537599824505,0.01041319685367044
7.59160634920635e-05,3.273746829832305,-0.008152683868012413
7.59260634920635e-05,3.288537599824505,-0.0007263315793433261
7.593606349206349e-05,3.30332836981672,-0.004439507723681247
7.594606349206349e-05,3.270049137334268,-0.01186586001235033
7.59560634920635e-05,3.281142214828399,0.002986844564994595
7.596606349206351e-05,3.30702606231476,0.01041319685365017
7.59760634920635e-05,3.292235292322559,-0.01186586001235709
7.59860634920635e-05,3.288537599824505,-0.01929221230103293
