Time (s),Channel 1 (V)
-6.462832369942197e-05,0.008684354050976872
-6.460832369942196e-05,0.01607973904708404
-6.458832369942196e-05,-0.009804108439264143
-6.456832369942197e-05,0.04935897152953939
-6.454832369942197e-05,3.229374519855648
-6.452832369942197e-05,3.240467597349809
-6.450832369942196e-05,3.266351444836184
-6.448832369942197e-05,3.270049137334236
-6.446832369942197e-05,0.09742897400426288
-6.444832369942197e-05,0.05305666402761988
-6.442832369942196e-05,0.01607973904708404
-6.440832369942196e-05,-0.01719949343539485
-6.438832369942197e-05,-0.009804108439291047
-6.436832369942197e-05,0.02347512404319121
-6.434832369942196e-05,0.03087050903929837
-6.432832369942196e-05,0.06784743402127191
-6.430832369942197e-05,3.229374519854211
-6.428832369942197e-05,3.247862982345916
-6.426832369942196e-05,3.270049137334238
-6.424832369942196e-05,3.288537599823066
-6.422832369942197e-05,0.1233128214920773
-6.420832369942197e-05,0.0715451265178878
-6.418832369942197e-05,0.02347512404319121
-6.416832369942196e-05,-0.009804108439291047
-6.414832369942197e-05,0.001288969054864659
-6.412832369942197e-05,0.004986661552923288
-6.410832369942197e-05,0.01977743154513762
-6.408832369942196e-05,0.05305666402761988
-6.406832369942196e-05,3.203490672369283
-6.404832369942197e-05,3.225676827357595
-6.402832369942197e-05,3.266351444836184
-6.400832369942196e-05,3.314421447310881
-6.398832369942196e-05,3.30332836981672
-6.396832369942197e-05,3.30332836981672
-6.394832369942197e-05,3.284839907326452
-6.392832369942196e-05,3.244165289847863
-6.390832369942196e-05,0.1085220514983984
-6.388832369942197e-05,0.0530566640276451
-6.386832369942197e-05,0.03087050903929837
-6.384832369942197e-05,-0.00240872344318388
-6.382832369942196e-05,-0.01350180093734463
-6.380832369942197e-05,0.004986661552914882
-6.378832369942197e-05,0.02347512404319121
-6.376832369942197e-05,0.0715451265178878
-6.374832369942196e-05,3.221979134859541
-6.372832369942196e-05,3.236769904851772
-6.370832369942197e-05,3.273746829832291
-6.368832369942197e-05,3.277444522330345
-6.366832369942196e-05,0.1085220514984236
-6.364832369942196e-05,0.06045204902370854
-6.362832369942197e-05,0.01977743154513762
-6.360832369942197e-05,-0.0208971859334518
-6.358832369942196e-05,-0.03199026342761255
-6.356832369942196e-05,0.01238204654903382
-6.354832369942197e-05,0.01977743154513426
-6.352832369942197e-05,0.01238204654903046
-6.350832369942196e-05,0.008684354050976872
-6.348832369942196e-05,-0.00240872344318388
-6.346832369942197e-05,-0.00240872344318388
-6.344832369942197e-05,0.04566127903151271
-6.342832369942197e-05,3.221979134859541
-6.340832369942196e-05,3.233072212353702
-6.338832369942196e-05,3.258956059840099
-6.336832369942197e-05,3.307026062314773
-6.334832369942197e-05,3.321816832306988
-6.332832369942196e-05,3.295932984820613
-6.330832369942196e-05,3.299630677318665
-6.328832369942197e-05,3.295932984820613
-6.326832369942197e-05,3.30332836981672
-6.324832369942196e-05,3.30332836981672
-6.322832369942196e-05,3.3033283698167
-6.320832369942197e-05,3.258956059840097
-6.318832369942197e-05,0.1122197439964772
-6.316832369942196e-05,0.06414974152178063
-6.314832369942196e-05,0.04566127903151271
-6.312832369942197e-05,-0.009804108439265824
-6.310832369942197e-05,-0.009804108439291047
-6.308832369942197e-05,0.01977743154513762
-6.306832369942196e-05,0.02717281654124479
-6.304832369942197e-05,0.01977743154514099
-6.302832369942197e-05,0.008684354050976872
-6.300832369942197e-05,0.01977743154513762
-6.298832369942196e-05,0.01607973904708404
-6.296832369942196e-05,0.07154512651932214
-6.294832369942197e-05,3.225676827357595
-6.292832369942197e-05,3.247862982345916
-6.290832369942196e-05,3.277444522330345
-6.288832369942196e-05,3.332909909801149
-6.286832369942197e-05,3.332909909801149
-6.284832369942197e-05,3.325514524805041
-6.282832369942196e-05,3.310723754812827
-6.280832369942196e-05,3.270049137332813
-6.278832369942197e-05,0.1381035914842763
-6.276832369942197e-05,0.07894051151399496
-6.274832369942197e-05,0.05675435652567346
-6.272832369942196e-05,0.06045204902372704
-6.270832369942197e-05,3.236769904850311
-6.268832369942197e-05,3.25156067484397
-6.266832369942197e-05,3.307026062314773
-6.264832369942196e-05,3.347700679793363
-6.262832369942196e-05,3.340305294797244
-6.260832369942197e-05,3.314421447310881
-6.258832369942197e-05,3.314421447310881
-6.256832369942196e-05,3.262653752338131
-6.254832369942196e-05,0.1418012839808807
-6.252832369942197e-05,0.08633589651012735
-6.250832369942197e-05,0.05305666402761988
-6.248832369942196e-05,0.0493589715295663
-6.246832369942196e-05,3.229374519855658
-6.244832369942197e-05,3.251560674843959
-6.242832369942197e-05,3.30332836981672
-6.240832369942197e-05,3.299630677318667
-6.238832369942196e-05,0.1307082064867451
-6.236832369942197e-05,0.0715451265179147
-6.234832369942197e-05,0.03087050903929837
-6.232832369942197e-05,0.0493589715295663
-6.230832369942196e-05,3.229374519855648
-6.228832369942196e-05,3.240467597349837
-6.226832369942197e-05,3.30332836981672
-6.224832369942197e-05,3.336607602299202
-6.222832369942196e-05,3.325514524805041
-6.220832369942196e-05,3.292235292322558
-6.218832369942197e-05,3.288537599824507
-6.216832369942197e-05,3.288537599824505
-6.214832369942196e-05,3.310723754812827
-6.212832369942196e-05,3.307026062314772
-6.210832369942197e-05,3.303328369816722
-6.208832369942197e-05,3.310723754812827
-6.206832369942197e-05,3.30332836981672
-6.204832369942196e-05,3.310723754812827
-6.202832369942197e-05,3.303328369816724
-6.200832369942197e-05,3.310723754812827
-6.198832369942197e-05,3.307026062314773
-6.196832369942196e-05,3.318119139808934
-6.194832369942196e-05,3.314421447310861
-6.192832369942197e-05,3.270049137334238
-6.190832369942197e-05,0.123312821490638
-6.188832369942196e-05,0.06784743401983422
-6.186832369942196e-05,0.04566127903149085
-6.184832369942197e-05,-0.002408723443162022
-6.182832369942197e-05,0.008684354050976872
-6.180832369942196e-05,0.004986661552923288
-6.178832369942196e-05,0.02717281654124311
-6.176832369942197e-05,0.02347512404319289
-6.174832369942197e-05,0.01238204654903046
-6.172832369942197e-05,0.008684354050976872
-6.170832369942196e-05,0.008684354050976872
-6.168832369942197e-05,0.00498666155292497
-6.166832369942197e-05,0.008684354050976872
-6.164832369942197e-05,0.001288969054869704
-6.162832369942196e-05,0.01607973904708404
-6.160832369942196e-05,0.06045204902516137
-6.158832369942197e-05,3.214583749863434
-6.156832369942197e-05,3.240467597349809
-6.154832369942196e-05,3.277444522330345
-6.152832369942196e-05,3.321816832306988
-6.150832369942197e-05,3.321816832306988
-6.148832369942197e-05,3.321816832306988
-6.146832369942196e-05,3.30332836981672
-6.144832369942196e-05,3.262653752336708
-6.142832369942197e-05,0.1344058989862211
-6.140832369942197e-05,0.05305666402761988
-6.138832369942196e-05,0.02717281654124479
-6.136832369942196e-05,0.04196358653345913
-6.134832369942197e-05,3.210886057363939
-6.132832369942197e-05,3.236769904851756
-6.130832369942197e-05,3.281142214828399
-6.128832369942196e-05,3.270049137334238
-6.126832369942196e-05,0.112219743996452
-6.124832369942197e-05,0.05675435652567346
-6.122832369942197e-05,0.01238204654903046
-6.120832369942196e-05,-0.009804108439291047
-6.118832369942196e-05,-0.009804108439277594
-6.116832369942197e-05,0.01977743154513762
-6.114832369942197e-05,0.01977743154513762
-6.112832369942196e-05,0.01977743154513762
-6.110832369942196e-05,0.01238204654902877
-6.108832369942197e-05,0.008684354050978553
-6.106832369942197e-05,0.004986661552923288
-6.104832369942196e-05,0.0493589715295663
-6.102832369942196e-05,3.221979134859541
-6.100832369942197e-05,3.247862982345904
-6.098832369942197e-05,3.277444522330345
-6.096832369942197e-05,3.266351444836184
-6.094832369942196e-05,0.1159174364945308
-6.092832369942197e-05,0.04935897152959656
-6.090832369942197e-05,0.01238204654903046
-6.088832369942197e-05,-0.0208971859334518
-6.086832369942196e-05,-0.02459487843150538
-6.084832369942196e-05,-0.006106415941229056
-6.082832369942197e-05,0.01238204654903046
-6.080832369942197e-05,0.008684354050976872
-6.078832369942196e-05,-0.006106415941237463
-6.076832369942196e-05,-0.00240872344318388
-6.074832369942197e-05,-0.00240872344318388
-6.072832369942197e-05,-0.00240872344318388
-6.070832369942196e-05,-0.009804108439291047
-6.068832369942196e-05,-0.002408723443188925
-6.066832369942197e-05,-0.01350180093733959
-6.064832369942197e-05,-0.00240872344318388
-6.062832369942197e-05,-0.006106415941237463
-6.060832369942196e-05,0.004986661552923288
-6.058832369942197e-05,0.004986661552923288
-6.056832369942197e-05,-0.006106415941237463
-6.054832369942197e-05,-0.006106415941237463
-6.052832369942196e-05,-0.00240872344318388
-6.050832369942196e-05,0.001288969054868022
-6.048832369942197e-05,-0.00240872344318388
-6.046832369942197e-05,-0.00240872344318388
-6.044832369942196e-05,0.004986661552923288
-6.042832369942196e-05,-0.002408723443187243
-6.040832369942197e-05,-0.009804108439287685
-6.038832369942197e-05,-0.01719949343539821
-6.036832369942196e-05,-0.006106415941237463
-6.034832369942196e-05,-0.01350180093731941
-6.032832369942197e-05,0.04196358653343391
-6.030832369942197e-05,3.214583749863434
-6.028832369942197e-05,3.218281442361488
-6.026832369942196e-05,3.266351444836184
-6.024832369942197e-05,3.295932984820599
-6.022832369942197e-05,3.310723754812827
-6.020832369942197e-05,3.295932984820613
-6.018832369942196e-05,3.284839907326452
-6.016832369942196e-05,3.273746829832298
-6.014832369942197e-05,3.288537599824505
-6.012832369942197e-05,3.30332836981672
-6.010832369942196e-05,3.295932984820613
-6.008832369942196e-05,3.255258367340596
-6.006832369942197e-05,0.1159174364959585
-6.004832369942197e-05,0.05305666402761988
-6.002832369942196e-05,0.03087050903929837
-6.000832369942196e-05,-0.01350180093734631
-5.998832369942197e-05,-0.01719949343539653
-5.996832369942197e-05,0.004986661552923288
-5.994832369942197e-05,0.01977743154513762
-5.992832369942196e-05,0.06784743401983422
-5.990832369942197e-05,3.221979134858107
-5.988832369942197e-05,3.244165289847863
-5.986832369942197e-05,3.277444522330345
-5.984832369942196e-05,3.332909909801149
-5.982832369942196e-05,3.31811913980893
-5.980832369942197e-05,3.307026062314773
-5.978832369942197e-05,3.292235292322559
-5.976832369942196e-05,3.258956059840077
-5.974832369942196e-05,0.127010513988663
-5.972832369942197e-05,0.06414974152180922
-5.970832369942197e-05,0.04196358653345913
-5.968832369942196e-05,-0.01350180093734463
-5.966832369942196e-05,-0.006106415941227374
-5.964832369942197e-05,0.01607973904707395
-5.962832369942197e-05,0.02347512404319121
-5.960832369942197e-05,0.0715451265178878
-5.958832369942196e-05,3.218281442361488
-5.956832369942197e-05,3.240467597349799
-5.954832369942197e-05,3.277444522330345
-5.952832369942197e-05,3.318119139808934
-5.950832369942196e-05,3.325514524805041
-5.948832369942196e-05,3.30702606231477
-5.946832369942197e-05,3.299630677318667
-5.944832369942197e-05,3.255258367342023
-5.942832369942196e-05,0.1159174364945308
-5.940832369942196e-05,0.0678474340198174
-5.938832369942197e-05,0.03087050903929837
-5.936832369942197e-05,0.05675435652567346
-5.934832369942196e-05,3.225676827357595
-5.932832369942196e-05,3.247862982345936
-5.930832369942197e-05,3.292235292322539
-5.928832369942197e-05,3.344002987295309
-5.926832369942196e-05,3.332909909801149
-5.924832369942196e-05,3.325514524805041
-5.922832369942197e-05,3.318119139808938
-5.920832369942197e-05,3.310723754812827
-5.918832369942197e-05,3.340305294797256
-5.916832369942196e-05,3.332909909801149
-5.914832369942197e-05,3.336607602299201
-5.912832369942197e-05,3.332909909801149
-5.910832369942197e-05,3.325514524805041
-5.908832369942196e-05,3.318119139808934
-5.906832369942196e-05,3.321816832306971
-5.904832369942197e-05,3.284839907326452
-5.902832369942197e-05,0.1344058989847987
-5.900832369942196e-05,0.08633589651010214
-5.898832369942196e-05,0.04196358653347426
-5.896832369942197e-05,0.07524281901592625
-5.894832369942197e-05,3.240467597349809
-5.892832369942196e-05,3.273746829832291
-5.890832369942196e-05,3.299630677318667
-5.888832369942197e-05,3.30702606231477
-5.886832369942197e-05,0.1270105139886916
-5.884832369942197e-05,0.0937312815062093
-5.882832369942196e-05,0.05305666402761988
-5.880832369942197e-05,0.06045204902372368
-5.878832369942197e-05,3.240467597349809
-5.876832369942197e-05,3.270049137334238
-5.874832369942196e-05,3.318119139808934
-5.872832369942196e-05,3.307026062313332
-5.870832369942197e-05,0.1381035914828523
-5.868832369942197e-05,0.08263820401204855
-5.866832369942196e-05,0.04196358653345913
-5.864832369942196e-05,0.06045204902517314
-5.862832369942197e-05,3.240467597348363
-5.860832369942197e-05,3.266351444836184
-5.858832369942196e-05,3.30332836981672
-5.856832369942196e-05,3.307026062313326
-5.854832369942197e-05,0.1233128214920858
-5.852832369942197e-05,0.07524281901594138
-5.850832369942197e-05,0.04196358653345913
-5.848832369942196e-05,0.04196358653345913
-5.846832369942197e-05,3.244165289846407
-5.844832369942197e-05,3.255258367342023
-5.842832369942197e-05,3.299630677318667
-5.840832369942196e-05,3.292235292322559
-5.838832369942196e-05,0.115917436494514
-5.836832369942197e-05,0.07894051151399496
-5.834832369942197e-05,0.02347512404319121
-5.832832369942196e-05,0.04196358653345913
-5.830832369942196e-05,3.244165289847866
-5.828832369942197e-05,3.251560674843966
-5.826832369942197e-05,3.299630677318667
-5.824832369942196e-05,3.295932984820613
-5.822832369942196e-05,0.1270105139886647
-5.820832369942197e-05,0.06784743401986112
-5.818832369942197e-05,0.02347512404319121
-5.816832369942197e-05,0.001288969054869704
-5.814832369942196e-05,-0.00240872344318388
-5.812832369942197e-05,0.004986661552919925
-5.810832369942197e-05,0.01607973904708404
-5.808832369942197e-05,0.05675435652567346
-5.806832369942196e-05,3.218281442361488
-5.804832369942196e-05,3.221979134859561
-5.802832369942197e-05,3.266351444836184
-5.800832369942197e-05,3.255258367342023
-5.798832369942196e-05,0.1011266665023165
-5.796832369942196e-05,0.0604520490237035
-5.794832369942197e-05,0.008684354051000417
-5.792832369942197e-05,-0.01719949343539821
-5.790832369942196e-05,-0.00240872344318388
-5.788832369942196e-05,0.001288969054874748
-5.786832369942197e-05,0.01238204654902541
-5.784832369942197e-05,0.05675435652567346
-5.782832369942197e-05,3.221979134859541
-5.780832369942196e-05,3.240467597349809
-5.778832369942197e-05,3.277444522330328
-5.776832369942197e-05,3.329212217303095
-5.774832369942197e-05,3.332909909801149
-5.772832369942196e-05,3.314421447310881
-5.770832369942196e-05,3.299630677318665
-5.768832369942197e-05,3.295932984820613
-5.766832369942197e-05,3.310723754812827
-5.764832369942196e-05,3.314421447310881
-5.762832369942196e-05,3.318119139808904
-5.760832369942197e-05,3.251560674844
-5.758832369942197e-05,0.09742897400426288
-5.756832369942196e-05,0.05675435652567346
-5.754832369942196e-05,0.04196358653346081
-5.752832369942197e-05,0.04566127903151103
-5.750832369942197e-05,3.233072212353702
-5.748832369942197e-05,3.240467597349809
-5.746832369942196e-05,3.281142214828399
-5.744832369942197e-05,3.281142214828399
-5.742832369942197e-05,0.1048243590003701
-5.740832369942197e-05,0.06784743401983422
-5.738832369942196e-05,0.01607973904708404
-5.736832369942196e-05,-0.03199026342760918
-5.734832369942197e-05,-0.02459487843150538
-5.732832369942197e-05,0.004986661552923288
-5.730832369942196e-05,0.008684354050976872
-5.728832369942196e-05,0.06045204902516137
-5.726832369942197e-05,3.214583749863434
-5.724832369942197e-05,3.225676827357595
-5.722832369942196e-05,3.281142214828399
-5.720832369942196e-05,3.321816832306988
-5.718832369942197e-05,3.321816832306988
-5.716832369942197e-05,3.307026062314773
-5.714832369942196e-05,3.295932984820613
-5.712832369942196e-05,3.292235292322559
-5.710832369942197e-05,3.303328369816715
-5.708832369942197e-05,3.310723754812827
-5.706832369942197e-05,3.307026062314773
-5.704832369942196e-05,3.255258367342023
-5.702832369942197e-05,0.1159174364959585
-5.700832369942197e-05,0.06784743401983422
-5.698832369942197e-05,0.04196358653345913
-5.696832369942196e-05,0.06045204902372704
-5.694832369942196e-05,3.236769904851762
-5.692832369942197e-05,3.25156067484397
-5.690832369942197e-05,3.295932984820613
-5.688832369942196e-05,3.30332836981672
-5.686832369942196e-05,0.1307082064867233
-5.684832369942197e-05,0.08263820401207041
-5.682832369942197e-05,0.03826589403540554
-5.680832369942196e-05,0.05675435652567346
-5.678832369942196e-05,3.25156067484397
-5.676832369942197e-05,3.258956059840073
-5.674832369942197e-05,3.30332836981672
-5.672832369942197e-05,3.340305294797256
-5.670832369942196e-05,3.329212217303095
-5.668832369942197e-05,3.325514524805043
-5.666832369942197e-05,3.310723754812827
-5.664832369942197e-05,3.273746829832291
-5.662832369942196e-05,0.1454989764789595
-5.660832369942196e-05,0.09003358900814395
-5.658832369942197e-05,0.06414974152178063
-5.656832369942197e-05,0.06784743401983422
-5.654832369942196e-05,3.244165289847863
-5.652832369942196e-05,3.255258367342049
-5.650832369942197e-05,3.310723754812802
-5.648832369942197e-05,3.358793757287524
-5.646832369942196e-05,3.347700679793363
-5.644832369942196e-05,3.321816832306981
-5.642832369942197e-05,3.30702606231478
-5.640832369942197e-05,3.321816832306988
-5.638832369942197e-05,3.336607602299202
-5.636832369942196e-05,3.344002987295309
-5.634832369942197e-05,3.32551452480505
-5.632832369942197e-05,3.325514524805041
-5.630832369942197e-05,3.332909909801149
-5.628832369942196e-05,3.318119139808934
-5.626832369942196e-05,3.329212217303095
-5.624832369942197e-05,3.329212217303095
-5.622832369942197e-05,3.325514524805041
-5.620832369942196e-05,3.321816832306988
-5.618832369942196e-05,3.321816832306969
-5.616832369942197e-05,3.281142214828417
-5.614832369942197e-05,0.1344058989847987
-5.612832369942196e-05,0.07524281901594138
-5.610832369942196e-05,0.04935897152956966
-5.608832369942197e-05,0.0567543565256701
-5.606832369942197e-05,3.225676827357595
-5.604832369942197e-05,3.262653752338131
-5.602832369942196e-05,3.307026062314773
-5.600832369942197e-05,3.344002987295292
-5.598832369942197e-05,3.347700679793363
-5.596832369942197e-05,3.318119139808934
-5.594832369942196e-05,3.314421447310881
-5.592832369942196e-05,3.288537599823073
-5.590832369942197e-05,0.1381035914828523
-5.588832369942197e-05,0.08263820401204855
-5.586832369942196e-05,0.05305666402761988
-5.584832369942196e-05,0.06414974152322336
-5.582832369942197e-05,3.236769904850313
-5.580832369942197e-05,3.258956059840077
-5.578832369942196e-05,3.299630677318667
-5.576832369942196e-05,3.347700679793365
-5.574832369942197e-05,3.351398372291415
-5.572832369942197e-05,3.325514524805041
-5.570832369942197e-05,3.318119139808934
-5.568832369942196e-05,3.314421447310881
-5.566832369942197e-05,3.329212217303088
-5.564832369942197e-05,3.325514524805041
-5.562832369942197e-05,3.332909909801149
-5.560832369942196e-05,3.318119139808934
-5.558832369942196e-05,3.307026062314784
-5.556832369942197e-05,3.329212217303095
-5.554832369942197e-05,3.321816832306988
-5.552832369942196e-05,3.281142214828399
-5.550832369942196e-05,0.1270105139886697
-5.548832369942197e-05,0.07894051151399496
-5.546832369942197e-05,0.06045204902372704
-5.544832369942196e-05,0.004986661552923288
-5.542832369942196e-05,0.0123820465490355
-5.540832369942197e-05,0.02347512404318616
-5.538832369942197e-05,0.02717281654124479
-5.536832369942197e-05,0.07524281901594138
-5.534832369942196e-05,3.218281442361488
-5.532832369942197e-05,3.247862982345903
-5.530832369942197e-05,3.288537599824505
-5.528832369942197e-05,3.332909909801149
-5.526832369942196e-05,3.332909909801149
-5.524832369942196e-05,3.314421447310869
-5.522832369942197e-05,3.288537599824505
-5.520832369942197e-05,3.295932984820613
-5.518832369942196e-05,3.314421447310881
-5.516832369942196e-05,3.325514524805033
-5.514832369942197e-05,3.307026062314773
-5.512832369942197e-05,3.284839907326452
-5.510832369942196e-05,0.1344058989847987
-5.508832369942196e-05,0.07524281901593129
-5.506832369942197e-05,0.05305666402762996
-5.504832369942197e-05,0.05675435652567346
-5.502832369942196e-05,3.233072212353702
-5.500832369942196e-05,3.258956059840077
-5.498832369942197e-05,3.3033283698167
-5.496832369942197e-05,3.310723754812827
-5.494832369942197e-05,0.1307082064867451
-5.492832369942196e-05,0.07894051151399496
-5.490832369942197e-05,0.04196358653347594
-5.488832369942197e-05,0.004986661552923288
-5.486832369942197e-05,0.01238204654903046
-5.484832369942196e-05,0.02717281654124479
-5.482832369942196e-05,0.03087050903930174
-5.480832369942197e-05,0.03826589403540554
-5.478832369942197e-05,0.01238204654903046
-5.476832369942196e-05,0.01238204654903046
-5.474832369942196e-05,0.008684354050980236
-5.472832369942197e-05,0.01607973904708068
-5.470832369942197e-05,0.01607973904708404
-5.468832369942196e-05,0.001288969054869704
-5.466832369942196e-05,0.004986661552919925
-5.464832369942197e-05,-0.002408723443180517
-5.462832369942197e-05,-0.006106415941237463
-5.460832369942197e-05,-0.00240872344318388
-5.458832369942196e-05,-0.00240872344318388
-5.456832369942197e-05,0.04935897152954275
-5.454832369942197e-05,3.203490672369273
-5.452832369942197e-05,3.221979134859541
-5.450832369942196e-05,3.270049137334238
-5.448832369942196e-05,3.26265375233669
-5.446832369942197e-05,0.0937312815062093
-5.444832369942197e-05,0.0493589715295663
-5.442832369942196e-05,0.008684354050976872
-5.440832369942196e-05,-0.03568795592566446
-5.438832369942197e-05,-0.03199026342761423
-5.436832369942197e-05,-0.01719949343539821
-5.434832369942196e-05,0.01238204654903046
-5.432832369942196e-05,0.05305666402904748
-5.430832369942197e-05,3.192397594873685
-5.428832369942197e-05,3.221979134859541
-5.426832369942197e-05,3.255258367342023
-5.424832369942196e-05,3.310723754812827
-5.422832369942197e-05,3.310723754812827
-5.420832369942197e-05,3.295932984820613
-5.418832369942197e-05,3.277444522330345
-5.416832369942196e-05,3.292235292322559
-5.414832369942196e-05,3.295932984820616
-5.412832369942197e-05,3.30332836981672
-5.410832369942197e-05,3.307026062314773
-5.408832369942196e-05,3.262653752338131
-5.406832369942196e-05,0.1270105139886663
-5.404832369942197e-05,0.07154512651791303
-5.402832369942197e-05,0.03456820153735196
-5.400832369942196e-05,0.01238204654903046
-5.398832369942196e-05,-0.01350180093733286
-5.396832369942197e-05,0.01238204654901868
-5.394832369942197e-05,0.03087050903929837
-5.392832369942197e-05,0.06045204902372704
-5.390832369942196e-05,3.207188364867327
-5.388832369942197e-05,3.229374519855638
-5.386832369942197e-05,3.262653752338131
-5.384832369942197e-05,3.314421447310881
-5.382832369942196e-05,3.310723754812827
-5.380832369942196e-05,3.295932984820609
-5.378832369942197e-05,3.288537599824505
-5.376832369942197e-05,3.295932984820613
-5.374832369942196e-05,3.299630677318667
-5.372832369942196e-05,3.318119139808931
-5.370832369942197e-05,3.310723754812831
-5.368832369942197e-05,3.270049137334238
-5.366832369942196e-05,0.1196151289925844
-5.364832369942196e-05,0.0641497415217739
-5.362832369942197e-05,0.04935897152957302
-5.360832369942197e-05,0.0493589715295663
-5.358832369942197e-05,3.203490672369273
-5.356832369942196e-05,3.25156067484397
-5.354832369942197e-05,3.284839907326437
-5.352832369942197e-05,3.284839907326452
-5.350832369942197e-05,0.123312821490638
-5.348832369942196e-05,0.07524281901594138
-5.346832369942196e-05,0.03826589403537864
-5.344832369942197e-05,-0.0208971859334518
-5.342832369942197e-05,-0.00240872344318388
-5.340832369942196e-05,0.01607973904708404
-5.338832369942196e-05,0.02717281654124143
-5.336832369942197e-05,0.01977743154513762
-5.334832369942197e-05,0.004986661552923288
-5.332832369942196e-05,-0.00240872344318388
-5.330832369942196e-05,-0.002408723443172109
-5.328832369942197e-05,0.02347512404317944
-5.326832369942197e-05,0.01977743154513762
-5.324832369942196e-05,0.01238204654903046
-5.322832369942196e-05,0.004986661552923288
-5.320832369942197e-05,-0.002408723443180517
-5.318832369942197e-05,0.01607973904708404
-5.316832369942197e-05,0.01607973904708404
-5.314832369942196e-05,0.01238204654903046
-5.312832369942196e-05,0.01238204654903046
-5.310832369942197e-05,0.01238204654903046
-5.308832369942197e-05,0.01238204654903046
-5.306832369942196e-05,0.01238204654903046
-5.304832369942196e-05,0.001288969054871385
-5.302832369942197e-05,0.004986661552923288
-5.300832369942197e-05,0.001288969054869704
-5.298832369942196e-05,0.004986661552923288
-5.296832369942196e-05,-0.009804108439284321
-5.294832369942197e-05,0.004986661552916561
-5.292832369942197e-05,-0.01350180093734463
-5.290832369942196e-05,-0.006106415941237463
-5.288832369942196e-05,0.02717281654124479
-5.286832369942197e-05,3.188699902375622
-5.284832369942197e-05,3.207188364867327
-5.282832369942197e-05,3.247862982345916
-5.280832369942196e-05,3.236769904851756
-5.278832369942197e-05,0.08263820401348276
-5.276832369942197e-05,0.03826589403540554
-5.274832369942197e-05,-0.00240872344318388
-5.272832369942196e-05,0.01238204654903046
-5.270832369942196e-05,3.203490672369283
-5.268832369942197e-05,3.225676827357595
-5.266832369942197e-05,3.277444522330345
-5.264832369942196e-05,3.273746829832291
-5.262832369942196e-05,0.1011266665022946
-5.260832369942197e-05,0.05305666402764173
-5.258832369942197e-05,0.02347512404319121
-5.256832369942196e-05,0.02717281654124479
-5.254832369942196e-05,3.229374519855655
-5.252832369942197e-05,3.244165289847856
-5.250832369942197e-05,3.295932984820613
-5.248832369942197e-05,3.273746829832291
-5.246832369942196e-05,0.1307082064867451
-5.244832369942197e-05,0.0715451265179147
-5.242832369942197e-05,0.03456820153735196
-5.240832369942197e-05,0.001288969054869704
-5.238832369942196e-05,0.004986661552923288
-5.236832369942196e-05,0.03456820153735028
-5.234832369942197e-05,0.03087050903929837
-5.232832369942197e-05,0.06414974152178063
-5.230832369942196e-05,3.233072212353702
-5.228832369942196e-05,3.233072212353719
-5.226832369942197e-05,3.270049137334221
-5.224832369942197e-05,3.273746829832291
-5.222832369942196e-05,0.1159174364945308
-5.220832369942196e-05,0.07154512651786595
-5.218832369942197e-05,0.02347512404321307
-5.216832369942197e-05,0.04196358653345913
-5.214832369942197e-05,3.21088605736538
-5.212832369942196e-05,3.233072212353702
-5.210832369942197e-05,3.270049137334221
-5.208832369942197e-05,3.314421447310881
-5.206832369942197e-05,3.299630677318667
-5.204832369942196e-05,3.288537599824505
-5.202832369942196e-05,3.2811422148284
-5.200832369942197e-05,3.284839907326452
-5.198832369942197e-05,3.299630677318667
-5.196832369942196e-05,3.299630677318667
-5.194832369942196e-05,3.303328369816698
-5.192832369942197e-05,3.255258367342045
-5.190832369942197e-05,0.1085220514984236
-5.188832369942196e-05,0.06414974152178063
-5.186832369942196e-05,0.03456820153735533
-5.184832369942197e-05,0.04196358653345576
-5.182832369942197e-05,3.233072212353702
-5.180832369942197e-05,3.247862982345916
-5.178832369942196e-05,3.277444522330345
-5.176832369942197e-05,3.288537599824501
-5.174832369942197e-05,0.1196151289925844
-5.172832369942197e-05,0.06784743401983422
-5.170832369942196e-05,0.02717281654124479
-5.168832369942196e-05,-0.01350180093733791
-5.166832369942197e-05,0.001288969054869704
-5.164832369942197e-05,0.03456820153735196
-5.162832369942196e-05,0.01607973904708404
-5.160832369942196e-05,0.02717281654123806
-5.158832369942197e-05,0.01238204654903718
-5.156832369942197e-05,0.008684354050976872
-5.154832369942196e-05,0.008684354050976872
-5.152832369942196e-05,0.01238204654903214
-5.150832369942197e-05,0.01607973904708236
-5.148832369942197e-05,0.01238204654903046
-5.146832369942197e-05,-0.00240872344318388
-5.144832369942196e-05,0.06045204902372704
-5.142832369942197e-05,3.229374519854207
-5.140832369942197e-05,3.247862982345916
-5.138832369942197e-05,3.277444522330345
-5.136832369942196e-05,3.284839907326452
-5.134832369942196e-05,0.1159174364945157
-5.132832369942197e-05,0.08263820401204855
-5.130832369942197e-05,0.03826589403540554
-5.128832369942196e-05,0.03087050903929837
-5.126832369942196e-05,3.229374519855657
-5.124832369942197e-05,3.247862982345916
-5.122832369942197e-05,3.284839907326452
-5.120832369942196e-05,3.284839907326452
-5.118832369942196e-05,0.1196151289925609
-5.116832369942197e-05,0.06784743401985777
-5.114832369942197e-05,0.03456820153735196
-5.112832369942196e-05,0.001288969054869704
-5.110832369942196e-05,0.001288969054869704
-5.108832369942197e-05,0.01977743154512922
-5.106832369942197e-05,0.04566127903151271
-5.104832369942197e-05,0.07524281901594138
-5.102832369942196e-05,3.229374519855648
-5.100832369942197e-05,3.258956059840064
-5.098832369942197e-05,3.277444522330345
-5.096832369942197e-05,3.284839907326452
-5.094832369942196e-05,0.1270105139886916
-5.092832369942196e-05,0.09373128150618408
-5.090832369942197e-05,0.03826589403540554
-5.088832369942197e-05,0.0493589715295663
-5.086832369942196e-05,3.244165289847863
-5.084832369942196e-05,3.255258367342045
-5.082832369942197e-05,3.303328369816698
-5.080832369942197e-05,3.35509606478947
-5.078832369942196e-05,3.340305294797256
-5.076832369942196e-05,3.321816832306988
-5.074832369942197e-05,3.318119139808936
-5.072832369942197e-05,3.318119139808934
-5.070832369942197e-05,3.314421447310881
-5.068832369942196e-05,3.329212217303095
-5.066832369942197e-05,3.329212217303095
-5.064832369942197e-05,3.321816832306988
-5.062832369942197e-05,3.336607602299202
-5.060832369942196e-05,3.329212217303095
-5.058832369942196e-05,3.340305294797254
-5.056832369942197e-05,3.336607602299202
-5.054832369942197e-05,3.332909909801149
-5.052832369942196e-05,3.336607602299202
-5.050832369942196e-05,3.329212217303076
-5.048832369942197e-05,3.288537599824524
-5.046832369942197e-05,0.1307082064867451
-5.044832369942196e-05,0.07894051151399496
-5.042832369942196e-05,0.04196358653344567
-5.040832369942197e-05,0.0123820465490439
-5.038832369942197e-05,0.01238204654903046
-5.036832369942197e-05,0.03087050903929837
-5.034832369942196e-05,0.04566127903151271
-5.032832369942197e-05,0.09003358900813554
-5.030832369942197e-05,3.236769904851756
-5.028832369942197e-05,3.262653752338131
-5.026832369942196e-05,3.299630677318667
-5.024832369942196e-05,3.351398372291412
-5.022832369942197e-05,3.340305294797256
-5.020832369942197e-05,3.307026062314773
-5.018832369942196e-05,3.307026062314773
-5.016832369942196e-05,3.310723754812829
-5.014832369942197e-05,3.314421447310879
-5.012832369942197e-05,3.325514524805041
-5.010832369942196e-05,3.321816832306988
-5.008832369942196e-05,3.27004913733281
-5.006832369942197e-05,0.1307082064881731
-5.004832369942197e-05,0.07894051151399496
-5.002832369942197e-05,0.0715451265178878
-5.000832369942196e-05,0.06414974152178063
-4.998832369942197e-05,3.25156067484252
-4.996832369942197e-05,3.255258367342023
-4.994832369942197e-05,3.288537599824505
-4.992832369942196e-05,3.295932984820613
-4.990832369942196e-05,0.1307082064867216
-4.988832369942197e-05,0.07894051151399496
-4.986832369942197e-05,0.04196358653345913
-4.984832369942196e-05,0.06045204902372704
-4.982832369942196e-05,3.244165289847866
-4.980832369942197e-05,3.251560674843966
-4.978832369942197e-05,3.299630677318667
-4.976832369942196e-05,3.336607602299202
-4.974832369942196e-05,3.344002987295297
-4.972832369942197e-05,3.318119139808946
-4.970832369942197e-05,3.310723754812827
-4.968832369942197e-05,3.307026062314773
-4.966832369942196e-05,3.325514524805041
-4.964832369942197e-05,3.32181683230699
-4.962832369942197e-05,3.325514524805041
-4.960832369942197e-05,3.270049137334238
-4.958832369942196e-05,0.1307082064867451
-4.956832369942196e-05,0.07154512651787939
-4.954832369942197e-05,0.05305666402761988
-4.952832369942197e-05,0.05675435652567346
-4.950832369942196e-05,3.233072212353702
-4.948832369942196e-05,3.262653752338148
-4.946832369942197e-05,3.29963067731865
-4.944832369942197e-05,3.358793757287524
-4.942832369942196e-05,3.35509606478947
-4.940832369942196e-05,3.321816832306986
-4.938832369942197e-05,3.318119139808936
-4.936832369942197e-05,3.307026062314773
-4.934832369942197e-05,3.325514524805041
-4.932832369942196e-05,3.329212217303095
-4.930832369942197e-05,3.318119139808939
-4.928832369942197e-05,3.277444522330345
-4.926832369942197e-05,0.1307082064867451
-4.924832369942196e-05,0.0715451265178878
-4.922832369942196e-05,0.04566127903151943
-4.920832369942197e-05,0.06045204902372704
-4.918832369942197e-05,3.229374519855648
-4.916832369942196e-05,3.240467597349809
-4.914832369942196e-05,3.281142214828394
-4.912832369942197e-05,3.270049137334238
-4.910832369942197e-05,0.123312821490638
-4.908832369942196e-05,0.05675435652567346
-4.906832369942196e-05,0.008684354050963419
-4.904832369942197e-05,-0.02089718593343835
-4.902832369942197e-05,-0.01719949343539821
-4.900832369942196e-05,0.001288969054869704
-4.898832369942196e-05,0.01607973904708404
-4.896832369942197e-05,0.05305666402760306
-4.894832369942197e-05,3.207188364867327
-4.892832369942197e-05,3.229374519855648
-4.890832369942196e-05,3.262653752338131
-4.888832369942197e-05,3.310723754812805
-4.886832369942197e-05,3.314421447310881
-4.884832369942197e-05,3.295932984820613
-4.882832369942196e-05,3.277444522330345
-4.880832369942196e-05,3.244165289846437
-4.878832369942197e-05,0.1085220514984236
-4.876832369942197e-05,0.06045204902372704
-4.874832369942196e-05,0.02347512404319121
-4.872832369942196e-05,0.03456820153879134
-4.870832369942197e-05,3.19979297986978
-4.868832369942197e-05,3.225676827357595
-4.866832369942196e-05,3.284839907326452
-4.864832369942196e-05,3.329212217303095
-4.862832369942197e-05,3.340305294797251
-4.860832369942197e-05,3.314421447310881
-4.858832369942197e-05,3.310723754812827
-4.856832369942196e-05,3.262653752338131
-4.854832369942197e-05,0.1344058989862211
-4.852832369942197e-05,0.1048243590003701
-4.850832369942197e-05,0.06784743401983422
-4.848832369942196e-05,0.06414974152178063
-4.846832369942196e-05,3.244165289847873
-4.844832369942197e-05,3.266351444836184
-4.842832369942197e-05,3.318119139808934
-4.840832369942196e-05,3.358793757287524
-4.838832369942196e-05,3.344002987295303
-4.836832369942197e-05,3.329212217303102
-4.834832369942197e-05,3.307026062314773
-4.832832369942196e-05,3.314421447310881
-4.830832369942196e-05,3.332909909801149
-4.828832369942197e-05,3.332909909801149
-4.826832369942197e-05,3.329212217303095
-4.824832369942197e-05,3.273746829832291
-4.822832369942196e-05,0.1454989764789595
-4.820832369942197e-05,0.07154512651792143
-4.818832369942197e-05,0.04566127903151271
-4.816832369942197e-05,0.008684354050976872
-4.814832369942196e-05,0.001288969054869704
-4.812832369942196e-05,0.01607973904708572
-4.810832369942197e-05,0.01977743154513762
-4.808832369942197e-05,0.02347512404319121
-4.806832369942196e-05,0.01607973904708404
-4.804832369942196e-05,0.01238204654902373
-4.802832369942197e-05,-0.002408723443177154
-4.800832369942197e-05,0.001288969054869704
-4.798832369942196e-05,0.001288969054869704
-4.796832369942196e-05,0.004986661552919925
-4.794832369942197e-05,-0.002408723443180517
-4.792832369942197e-05,-0.01719949343539821
-4.790832369942197e-05,0.004986661552923288
-4.788832369942196e-05,0.001288969054869704
-4.786832369942197e-05,0.001288969054869704
-4.784832369942197e-05,0.01607973904708404
-4.782832369942197e-05,0.001288969054869704
-4.780832369942196e-05,0.01977743154513762
-4.778832369942196e-05,0.016079739047079
-4.776832369942197e-05,0.004986661552923288
-4.774832369942197e-05,0.001288969054869704
-4.772832369942196e-05,0.008684354050976872
-4.770832369942196e-05,-0.002408723443165383
-4.768832369942197e-05,0.03826589403538704
-4.766832369942197e-05,3.207188364867327
-4.764832369942196e-05,3.236769904851756
-4.762832369942196e-05,3.258956059840102
-4.760832369942197e-05,3.314421447310855
-4.758832369942197e-05,3.321816832306988
-4.756832369942197e-05,3.307026062314773
-4.754832369942196e-05,3.295932984820613
-4.752832369942197e-05,3.292235292322561
-4.750832369942197e-05,3.318119139808934
-4.748832369942197e-05,3.314421447310881
-4.746832369942196e-05,3.318119139808934
-4.744832369942196e-05,3.273746829830862
-4.742832369942197e-05,0.1307082064867451
-4.740832369942197e-05,0.06784743401983422
-4.738832369942196e-05,0.04566127903151271
-4.736832369942196e-05,0.05305666402905925
-4.734832369942197e-05,3.218281442361488
-4.732832369942197e-05,3.247862982345916
-4.730832369942196e-05,3.284839907326452
-4.728832369942196e-05,3.325514524805048
-4.726832369942197e-05,3.340305294797249
-4.724832369942197e-05,3.310723754812827
-4.722832369942197e-05,3.295932984820613
-4.720832369942196e-05,3.266351444836184
-4.718832369942197e-05,0.1307082064881713
-4.716832369942197e-05,0.07894051151399496
-4.714832369942197e-05,0.05675435652567346
-4.712832369942196e-05,0.05675435652567346
-4.710832369942196e-05,3.218281442361508
-4.708832369942197e-05,3.262653752338131
-4.706832369942197e-05,3.310723754812827
-4.704832369942196e-05,3.351398372291416
-4.702832369942196e-05,3.347700679793353
-4.700832369942197e-05,3.325514524805041
-4.698832369942197e-05,3.307026062314773
-4.696832369942196e-05,3.325514524805041
-4.694832369942196e-05,3.325514524805043
-4.692832369942197e-05,3.329212217303093
-4.690832369942197e-05,3.318119139808934
-4.688832369942196e-05,3.325514524805041
-4.686832369942196e-05,3.329212217303095
-4.684832369942197e-05,3.321816832306991
-4.682832369942197e-05,3.332909909801149
-4.680832369942197e-05,3.336607602299202
-4.678832369942196e-05,3.336607602299202
-4.676832369942197e-05,3.340305294797254
-4.674832369942197e-05,3.325514524805041
-4.672832369942197e-05,3.329212217303095
-4.670832369942196e-05,3.329212217303095
-4.668832369942196e-05,3.340305294797252
-4.666832369942197e-05,3.332909909801149
-4.664832369942197e-05,3.321816832306988
-4.662832369942196e-05,3.329212217303095
-4.660832369942196e-05,3.336607602299207
-4.658832369942197e-05,3.347700679793358
-4.656832369942197e-05,3.284839907326452
-4.654832369942196e-05,0.1418012839809059
-4.652832369942196e-05,0.08633589651009037
-4.650832369942197e-05,0.06045204902373881
-4.648832369942197e-05,0.008684354050976872
-4.646832369942197e-05,0.01238204654903046
-4.644832369942196e-05,0.02347512404319121
-4.642832369942197e-05,0.02347512404319121
-4.640832369942197e-05,0.0715451265178878
-4.638832369942197e-05,3.236769904851756
-4.636832369942196e-05,3.247862982345916
-4.634832369942196e-05,3.288537599824505
-4.632832369942197e-05,3.288537599824505
-4.630832369942197e-05,0.1307082064867451
-4.628832369942196e-05,0.08633589651010214
-4.626832369942196e-05,0.04196358653344063
-4.624832369942197e-05,0.001288969054888206
-4.622832369942197e-05,0.001288969054869704
-4.620832369942196e-05,0.02347512404319121
-4.618832369942196e-05,0.03826589403542235
-4.616832369942197e-05,0.07524281901592456
-4.614832369942197e-05,3.236769904851756
-4.612832369942197e-05,3.255258367342023
-4.610832369942196e-05,3.284839907326452
-4.608832369942197e-05,3.292235292322556
-4.606832369942197e-05,0.1270105139886916
-4.604832369942197e-05,0.06784743401983422
-4.602832369942196e-05,0.03456820153735196
-4.600832369942196e-05,0.03826589403685837
-4.598832369942197e-05,3.233072212353702
-4.596832369942197e-05,3.25156067484397
-4.594832369942196e-05,3.310723754812827
-4.592832369942196e-05,3.314421447309436
-4.590832369942197e-05,0.1381035914842967
-4.588832369942197e-05,0.07524281901594138
-4.586832369942196e-05,0.03456820153735196
-4.584832369942196e-05,0.05675435652712125
-4.582832369942197e-05,3.240467597348361
-4.580832369942197e-05,3.258956059840077
-4.578832369942197e-05,3.310723754812827
-4.576832369942196e-05,3.351398372291416
-4.574832369942197e-05,3.344002987295313
-4.572832369942197e-05,3.318119139808934
-4.570832369942197e-05,3.318119139808934
-4.568832369942196e-05,3.30332836981672
-4.566832369942196e-05,3.32181683230699
-4.564832369942197e-05,3.325514524805041
-4.562832369942197e-05,3.318119139808934
-4.560832369942196e-05,3.277444522330345
-4.558832369942196e-05,0.1233128214906127
-4.556832369942197e-05,0.06784743401985943
-4.554832369942197e-05,0.04566127903151271
-4.552832369942196e-05,0.008684354050976872
-4.550832369942196e-05,0.00128896905487643
-4.548832369942197e-05,0.01607973904707732
-4.546832369942197e-05,0.02347512404319121
-4.544832369942197e-05,0.07524281901594138
-4.542832369942196e-05,3.225676827357595
-4.540832369942197e-05,3.244165289847854
-4.538832369942197e-05,3.273746829832291
-4.536832369942197e-05,3.332909909801149
-4.534832369942196e-05,3.325514524805041
-4.532832369942196e-05,3.321816832306979
-4.530832369942197e-05,3.30332836981672
-4.528832369942197e-05,3.299630677318667
-4.526832369942196e-05,3.314421447310881
-4.524832369942196e-05,3.310723754812827
-4.522832369942197e-05,3.310723754812827
-4.520832369942197e-05,3.273746829832291
-4.518832369942196e-05,0.1159174364945308
-4.516832369942196e-05,0.06784743401982245
-4.514832369942197e-05,0.0419635865334709
-4.512832369942197e-05,0.05305666402761988
-4.510832369942196e-05,3.229374519855648
-4.508832369942196e-05,3.25156067484397
-4.506832369942197e-05,3.295932984820593
-4.504832369942197e-05,3.336607602299202
-4.502832369942197e-05,3.340305294797256
-4.500832369942196e-05,3.325514524805041
-4.498832369942196e-05,3.314421447310857
-4.496832369942197e-05,3.262653752338131
-4.494832369942197e-05,0.1344058989847987
-4.492832369942196e-05,0.08263820401204855
-4.490832369942196e-05,0.04935897152956293
-4.488832369942197e-05,0.04196358653345913
-4.486832369942197e-05,3.236769904851756
-4.484832369942196e-05,3.240467597349809
-4.482832369942196e-05,3.307026062314792
-4.480832369942197e-05,3.347700679793344
-4.478832369942197e-05,3.332909909801149
-4.476832369942196e-05,3.318119139808934
-4.474832369942196e-05,3.299630677318667
-4.472832369942197e-05,3.273746829832303
-4.470832369942197e-05,0.1270105139886916
-4.468832369942197e-05,0.0937312815062093
-4.466832369942196e-05,0.04566127903151271
-4.464832369942197e-05,0.05675435652566842
-4.462832369942197e-05,3.225676827357595
-4.460832369942197e-05,3.244165289847863
-4.458832369942196e-05,3.30332836981672
-4.456832369942196e-05,3.33290990980115
-4.454832369942197e-05,3.336607602299202
-4.452832369942197e-05,3.321816832306988
-4.450832369942196e-05,3.314421447310881
-4.448832369942196e-05,3.281142214826966
-4.446832369942197e-05,0.1307082064881779
-4.444832369942197e-05,0.07894051151399496
-4.442832369942196e-05,0.04566127903151271
-4.440832369942196e-05,0.0530566640290643
-4.438832369942197e-05,3.229374519854204
-4.436832369942197e-05,3.236769904851756
-4.434832369942197e-05,3.284839907326452
-4.432832369942196e-05,3.325514524805041
-4.430832369942197e-05,3.325514524805041
-4.428832369942197e-05,3.314421447310881
-4.426832369942197e-05,3.288537599824505
-4.424832369942196e-05,3.25156067484397
-4.422832369942196e-05,0.1270105139886697
-4.420832369942197e-05,0.07894051151399496
-4.418832369942197e-05,0.04566127903151271
-4.416832369942196e-05,-0.00240872344318388
-4.414832369942196e-05,-0.002408723443178835
-4.412832369942197e-05,0.008684354050971827
-4.410832369942197e-05,0.01977743154513762
-4.408832369942196e-05,0.02347512404319121
-4.406832369942196e-05,0.02717281654124143
-4.404832369942197e-05,0.01977743154514099
-4.402832369942197e-05,0.01977743154513762
-4.400832369942197e-05,0.01977743154513762
-4.398832369942196e-05,0.01977743154513762
-4.396832369942197e-05,0.02347512404318952
-4.394832369942197e-05,0.01977743154513762
-4.392832369942197e-05,0.06414974152178063
-4.390832369942196e-05,3.233072212353702
-4.388832369942196e-05,3.255258367342037
-4.386832369942197e-05,3.284839907326452
-4.384832369942197e-05,3.277444522330345
-4.382832369942196e-05,0.1270105139886916
-4.380832369942196e-05,0.08263820401203342
-4.378832369942197e-05,0.04935897152958143
-4.376832369942197e-05,0.05305666402761988
-4.374832369942196e-05,3.244165289847863
-4.372832369942197e-05,3.255258367342023
-4.370832369942196e-05,3.30332836981672
-4.368832369942197e-05,3.295932984820613
-4.366832369942197e-05,0.1159174364945308
-4.364832369942197e-05,0.0715451265178878
-4.362832369942197e-05,0.03087050903929837
-4.360832369942197e-05,0.04196358653345913
-4.358832369942197e-05,3.240467597349809
-4.356832369942196e-05,3.244165289847863
-4.354832369942197e-05,3.288537599824505
-4.352832369942196e-05,3.281142214828399
-4.350832369942197e-05,0.1085220514984236
-4.348832369942196e-05,0.0715451265178878
-4.346832369942197e-05,0.02717281654124479
-4.344832369942196e-05,0.05675435652567346
-4.342832369942197e-05,3.240467597349809
-4.340832369942196e-05,3.25156067484397
-4.338832369942197e-05,3.299630677318667
-4.336832369942196e-05,3.329212217303095
-4.334832369942197e-05,3.325514524805041
-4.332832369942197e-05,3.307026062314773
-4.330832369942197e-05,3.295932984820613
-4.328832369942197e-05,3.266351444836184
-4.326832369942197e-05,0.1159174364945308
-4.324832369942197e-05,0.07894051151399496
-4.322832369942197e-05,0.04566127903151271
-4.320832369942197e-05,0.008684354050976872
-4.318832369942196e-05,0.001288969054869704
-4.316832369942197e-05,0.01977743154513762
-4.314832369942196e-05,0.03456820153735196
-4.312832369942197e-05,0.03456820153735196
-4.310832369942196e-05,0.03087050903929837
-4.308832369942197e-05,0.02717281654124479
-4.306832369942196e-05,0.03456820153735196
-4.304832369942197e-05,0.08263820401204855
-4.302832369942196e-05,3.236769904851756
-4.300832369942197e-05,3.25156067484397
-4.298832369942196e-05,3.292235292322559
-4.296832369942197e-05,3.292235292322559
-4.294832369942197e-05,0.123312821490638
-4.292832369942197e-05,0.06784743401983422
-4.290832369942197e-05,0.02347512404319121
-4.288832369942197e-05,0.0493589715295663
-4.286832369942197e-05,3.229374519855648
-4.284832369942196e-05,3.240467597349809
-4.282832369942197e-05,3.281142214828399
-4.280832369942196e-05,3.340305294797256
-4.278832369942197e-05,3.340305294797256
-4.276832369942196e-05,3.321816832306988
-4.274832369942197e-05,3.318119139808934
-4.272832369942196e-05,3.314421447310881
-4.270832369942197e-05,3.329212217303095
-4.268832369942196e-05,3.336607602299202
-4.266832369942197e-05,3.318119139808934
-4.264832369942196e-05,3.277444522330345
-4.262832369942197e-05,0.1307082064867451
-4.260832369942197e-05,0.07524281901594138
-4.258832369942197e-05,0.05305666402761988
-4.256832369942197e-05,0.06045204902372704
-4.254832369942197e-05,3.244165289847863
-4.252832369942197e-05,3.244165289847863
-4.250832369942196e-05,3.307026062314773
-4.248832369942197e-05,3.332909909801149
-4.246832369942196e-05,3.336607602299202
-4.244832369942197e-05,3.325514524805041
-4.242832369942196e-05,3.307026062314773
-4.240832369942197e-05,3.258956059840077
-4.238832369942196e-05,0.1085220514984236
-4.236832369942197e-05,0.07524281901594138
-4.234832369942196e-05,0.04196358653345913
-4.232832369942197e-05,0.0493589715295663
-4.230832369942196e-05,3.221979134859541
-4.228832369942197e-05,3.240467597349809
-4.226832369942197e-05,3.284839907326452
-4.224832369942197e-05,3.329212217303095
-4.222832369942197e-05,3.314421447310881
-4.220832369942197e-05,3.307026062314773
-4.218832369942197e-05,3.299630677318667
-4.216832369942197e-05,3.292235292322559
-4.214832369942197e-05,3.310723754812827
-4.212832369942196e-05,3.321816832306988
-4.210832369942197e-05,3.310723754812827
-4.208832369942196e-05,3.318119139808934
-4.206832369942197e-05,3.318119139808934
-4.204832369942196e-05,3.307026062314773
-4.202832369942197e-05,3.321816832306988
-4.200832369942196e-05,3.273746829832291
-4.198832369942197e-05,0.1307082064867451
-4.196832369942196e-05,0.06045204902372704
-4.194832369942197e-05,0.04196358653345913
-4.192832369942196e-05,-0.00240872344318388
-4.190832369942197e-05,0.004986661552923288
-4.188832369942197e-05,0.02347512404319121
-4.186832369942197e-05,0.03826589403540554
-4.184832369942197e-05,0.03826589403540554
-4.182832369942197e-05,0.02347512404319121
-4.180832369942197e-05,0.01238204654903046
-4.178832369942196e-05,0.01238204654903046
-4.176832369942197e-05,0.01607973904708404
-4.174832369942196e-05,0.03087050903929837
-4.172832369942197e-05,0.01238204654903046
-4.170832369942196e-05,0.008684354050976872
-4.168832369942197e-05,0.05305666402761988
-4.166832369942196e-05,3.218281442361488
-4.164832369942197e-05,3.233072212353702
-4.162832369942196e-05,3.273746829832291
-4.160832369942197e-05,3.30332836981672
-4.158832369942196e-05,3.307026062314773
-4.156832369942197e-05,3.30332836981672
-4.154832369942197e-05,3.299630677318667
-4.152832369942197e-05,3.258956059840077
-4.150832369942197e-05,0.1085220514984236
-4.148832369942197e-05,0.0715451265178878
-4.146832369942197e-05,0.03456820153735196
-4.144832369942196e-05,0.04196358653345913
-4.142832369942197e-05,3.225676827357595
-4.140832369942196e-05,3.236769904851756
-4.138832369942197e-05,3.292235292322559
-4.136832369942196e-05,3.288537599824505
-4.134832369942197e-05,0.1159174364945308
-4.132832369942196e-05,0.0715451265178878
-4.130832369942197e-05,0.03087050903929837
-4.128832369942196e-05,0.04196358653345913
-4.126832369942197e-05,3.229374519855648
-4.124832369942196e-05,3.236769904851756
-4.122832369942197e-05,3.281142214828399
-4.120832369942197e-05,3.284839907326452
-4.118832369942197e-05,0.1085220514984236
-4.116832369942197e-05,0.0715451265178878
-4.114832369942197e-05,0.03087050903929837
-4.112832369942197e-05,-0.0208971859334518
-4.110832369942197e-05,0.001288969054869704
-4.108832369942197e-05,0.03087050903929837
-4.106832369942196e-05,0.03826589403540554
-4.104832369942197e-05,0.07524281901594138
-4.102832369942196e-05,3.240467597349809
-4.100832369942197e-05,3.240467597349809
-4.098832369942196e-05,3.277444522330345
-4.096832369942197e-05,3.295932984820613
-4.094832369942196e-05,0.1159174364945308
-4.092832369942197e-05,0.07524281901594138
-4.090832369942196e-05,0.03087050903929837
-4.088832369942197e-05,-0.01719949343539821
-4.086832369942196e-05,0.001288969054869704
-4.084832369942197e-05,0.004986661552923288
-4.082832369942197e-05,0.01607973904708404
-4.080832369942197e-05,0.06784743401983422
-4.078832369942197e-05,3.221979134859541
-4.076832369942197e-05,3.229374519855648
-4.074832369942197e-05,3.273746829832291
-4.072832369942196e-05,3.277444522330345
-4.070832369942197e-05,0.123312821490638
-4.068832369942196e-05,0.06414974152178063
-4.066832369942197e-05,0.03087050903929837
-4.064832369942196e-05,-0.02829257092955897
-4.062832369942197e-05,-0.009804108439291047
-4.060832369942196e-05,0.01977743154513762
-4.058832369942197e-05,0.03456820153735196
-4.056832369942196e-05,0.08633589651010214
-4.054832369942197e-05,3.229374519855648
-4.052832369942196e-05,3.25156067484397
-4.050832369942197e-05,3.292235292322559
-4.048832369942197e-05,3.295932984820613
-4.046832369942197e-05,0.1418012839809059
-4.044832369942197e-05,0.07894051151399496
-4.042832369942197e-05,0.05675435652567346
-4.040832369942197e-05,0.01238204654903046
-4.038832369942196e-05,0.01607973904708404
-4.036832369942197e-05,0.03826589403540554
-4.034832369942196e-05,0.04566127903151271
-4.032832369942197e-05,0.07894051151399496
-4.030832369942196e-05,3.236769904851756
-4.028832369942197e-05,3.258956059840077
-4.026832369942196e-05,3.288537599824505
-4.024832369942197e-05,3.344002987295309
-4.022832369942196e-05,3.336607602299202
-4.020832369942197e-05,3.325514524805041
-4.018832369942196e-05,3.307026062314773
-4.016832369942197e-05,3.262653752338131
-4.014832369942197e-05,0.1454989764789595
-4.012832369942197e-05,0.07894051151399496
-4.010832369942197e-05,0.05305666402761988
-4.008832369942197e-05,0.05305666402761988
-4.006832369942197e-05,3.229374519855648
-4.004832369942197e-05,3.255258367342023
-4.002832369942197e-05,3.284839907326452
-4.000832369942196e-05,3.288537599824505
-3.998832369942197e-05,0.1159174364945308
-3.996832369942196e-05,0.08263820401204855
-3.994832369942197e-05,0.03087050903929837
-3.992832369942196e-05,-0.01350180093734463
-3.990832369942197e-05,-0.00240872344318388
-3.988832369942196e-05,0.01607973904708404
-3.986832369942197e-05,0.01977743154513762
-3.984832369942196e-05,0.05305666402761988
-3.982832369942197e-05,3.207188364867327
-3.980832369942196e-05,3.233072212353702
-3.978832369942197e-05,3.262653752338131
-3.976832369942197e-05,3.277444522330345
-3.974832369942197e-05,0.1122197439964772
-3.972832369942197e-05,0.05305666402761988
-3.970832369942197e-05,0.01607973904708404
-3.968832369942197e-05,0.01238204654903046
-3.966832369942196e-05,3.19979297987122
-3.964832369942197e-05,3.240467597349809
-3.962832369942196e-05,3.273746829832291
-3.960832369942197e-05,3.314421447310881
-3.958832369942196e-05,3.310723754812827
-3.956832369942197e-05,3.299630677318667
-3.954832369942196e-05,3.273746829832291
-3.952832369942197e-05,3.247862982345916
-3.950832369942196e-05,0.1122197439964772
-3.948832369942197e-05,0.06045204902372704
-3.946832369942196e-05,0.02717281654124479
-3.944832369942197e-05,0.03826589403540554
-3.942832369942197e-05,3.19979297987122
-3.940832369942197e-05,3.236769904851756
-3.938832369942197e-05,3.277444522330345
-3.936832369942197e-05,3.310723754812827
-3.934832369942197e-05,3.314421447310881
-3.932832369942196e-05,3.299630677318667
-3.930832369942197e-05,3.277444522330345
-3.928832369942196e-05,3.244165289847863
-3.926832369942197e-05,0.1122197439964772
-3.924832369942196e-05,0.07894051151399496
-3.922832369942197e-05,0.04196358653345913
-3.920832369942196e-05,-0.00240872344318388
-3.918832369942197e-05,0.001288969054869704
-3.916832369942196e-05,0.02717281654124479
-3.914832369942197e-05,0.03456820153735196
-3.912832369942196e-05,0.07894051151399496
-3.910832369942197e-05,3.233072212353702
-3.908832369942197e-05,3.247862982345916
-3.906832369942197e-05,3.284839907326452
-3.904832369942197e-05,3.332909909801149
-3.902832369942197e-05,3.347700679793363
-3.900832369942197e-05,3.321816832306988
-3.898832369942197e-05,3.310723754812827
-3.896832369942197e-05,3.310723754812827
-3.894832369942196e-05,3.325514524805041
-3.892832369942197e-05,3.321816832306988
-3.890832369942196e-05,3.332909909801149
-3.888832369942197e-05,3.281142214828399
-3.886832369942196e-05,0.1122197439964772
-3.884832369942197e-05,0.08263820401204855
-3.882832369942196e-05,0.05305666402761988
-3.880832369942197e-05,0.06414974152178063
-3.878832369942196e-05,3.240467597349809
-3.876832369942197e-05,3.25156067484397
-3.874832369942196e-05,3.310723754812827
-3.872832369942197e-05,3.292235292322559
-3.870832369942197e-05,0.1085220514984236
-3.868832369942197e-05,0.07894051151399496
-3.866832369942197e-05,0.01977743154513762
-3.864832369942197e-05,0.04566127903151271
-3.862832369942197e-05,3.240467597349809
-3.860832369942196e-05,3.244165289847863
-3.858832369942197e-05,3.288537599824505
-3.856832369942196e-05,3.332909909801149
-3.854832369942197e-05,3.332909909801149
-3.852832369942196e-05,3.318119139808934
-3.850832369942197e-05,3.299630677318667
-3.848832369942196e-05,3.262653752338131
-3.846832369942197e-05,0.123312821490638
-3.844832369942196e-05,0.08633589651010214
-3.842832369942197e-05,0.05675435652567346
-3.840832369942196e-05,0.06045204902372704
-3.838832369942197e-05,3.244165289847863
-3.836832369942197e-05,3.240467597349809
-3.834832369942197e-05,3.30332836981672
-3.832832369942197e-05,3.329212217303095
-3.830832369942197e-05,3.344002987295309
-3.828832369942197e-05,3.314421447310881
-3.826832369942197e-05,3.307026062314773
-3.824832369942197e-05,3.314421447310881
-3.822832369942196e-05,3.329212217303095
-3.820832369942197e-05,3.332909909801149
-3.818832369942196e-05,3.321816832306988
-3.816832369942197e-05,3.273746829832291
-3.814832369942196e-05,0.1159174364945308
-3.812832369942197e-05,0.07894051151399496
-3.810832369942196e-05,0.05675435652567346
-3.808832369942197e-05,0.0715451265178878
-3.806832369942196e-05,3.258956059840077
-3.804832369942197e-05,3.266351444836184
-3.802832369942197e-05,3.318119139808934
-3.800832369942197e-05,3.314421447310881
-3.798832369942197e-05,0.1344058989847987
-3.796832369942197e-05,0.1011266665023165
-3.794832369942197e-05,0.04566127903151271
-3.792832369942197e-05,0.06414974152178063
-3.790832369942197e-05,3.258956059840077
-3.788832369942196e-05,3.262653752338131
-3.786832369942197e-05,3.310723754812827
-3.784832369942196e-05,3.299630677318667
-3.782832369942197e-05,0.1196151289925844
-3.780832369942196e-05,0.1011266665023165
-3.778832369942197e-05,0.03456820153735196
-3.776832369942196e-05,0.004986661552923288
-3.774832369942197e-05,0.01238204654903046
-3.772832369942196e-05,0.04566127903151271
-3.770832369942197e-05,0.04566127903151271
-3.768832369942196e-05,0.09003358900815572
-3.766832369942197e-05,3.266351444836184
-3.764832369942197e-05,3.247862982345916
-3.762832369942197e-05,3.292235292322559
-3.760832369942197e-05,3.284839907326452
-3.758832369942197e-05,0.1159174364945308
-3.756832369942197e-05,0.07894051151399496
-3.754832369942196e-05,0.03826589403540554
-3.752832369942197e-05,-0.00240872344318388
-3.750832369942196e-05,-0.009804108439291047
-3.748832369942197e-05,0.02717281654124479
-3.746832369942196e-05,0.02717281654124479
-3.744832369942197e-05,0.03087050903929837
-3.742832369942196e-05,0.02347512404319121
-3.740832369942197e-05,-0.00240872344318388
-3.738832369942196e-05,0.008684354050976872
-3.736832369942197e-05,0.008684354050976872
-3.734832369942196e-05,0.01238204654903046
-3.732832369942197e-05,0.004986661552923288
-3.730832369942197e-05,0.008684354050976872
-3.728832369942197e-05,0.06045204902372704
-3.726832369942197e-05,3.233072212353702
-3.724832369942197e-05,3.240467597349809
-3.722832369942197e-05,3.270049137334238
-3.720832369942197e-05,3.329212217303095
-3.718832369942197e-05,3.314421447310881
-3.716832369942196e-05,3.30332836981672
-3.714832369942197e-05,3.30332836981672
-3.712832369942196e-05,3.247862982345916
-3.710832369942197e-05,0.0937312815062093
-3.708832369942196e-05,0.06045204902372704
-3.706832369942197e-05,0.03456820153735196
-3.704832369942196e-05,-0.00240872344318388
-3.702832369942197e-05,-0.0208971859334518
-3.700832369942196e-05,0.004986661552923288
-3.698832369942197e-05,0.01607973904708404
-3.696832369942196e-05,0.0715451265178878
-3.694832369942197e-05,3.240467597349809
-3.692832369942197e-05,3.244165289847863
-3.690832369942197e-05,3.277444522330345
-3.688832369942197e-05,3.277444522330345
-3.686832369942197e-05,0.1048243590003701
-3.684832369942197e-05,0.07524281901594138
-3.682832369942196e-05,0.02717281654124479
-3.680832369942197e-05,-0.01719949343539821
-3.678832369942196e-05,-0.02459487843150538
-3.676832369942197e-05,0.008684354050976872
-3.674832369942196e-05,0.02347512404319121
-3.672832369942197e-05,0.03087050903929837
-3.670832369942196e-05,0.008684354050976872
-3.668832369942197e-05,-0.006106415941237463
-3.666832369942196e-05,0.01238204654903046
-3.664832369942197e-05,0.01238204654903046
-3.662832369942196e-05,0.008684354050976872
-3.660832369942197e-05,0.008684354050976872
-3.658832369942197e-05,0.01977743154513762
-3.656832369942197e-05,0.001288969054869704
-3.654832369942197e-05,0.01238204654903046
-3.652832369942197e-05,0.008684354050976872
-3.650832369942197e-05,0.02347512404319121
-3.648832369942196e-05,0.02347512404319121
-3.646832369942197e-05,0.01607973904708404
-3.644832369942196e-05,0.01607973904708404
-3.642832369942197e-05,0.01238204654903046
-3.640832369942196e-05,0.06784743401983422
-3.638832369942197e-05,3.25156067484397
-3.636832369942196e-05,3.240467597349809
-3.634832369942197e-05,3.273746829832291
-3.632832369942196e-05,3.273746829832291
-3.630832369942197e-05,0.1011266665023165
-3.628832369942196e-05,0.07524281901594138
-3.626832369942197e-05,0.03087050903929837
-3.624832369942197e-05,-0.01719949343539821
-3.622832369942197e-05,-0.009804108439291047
-3.620832369942197e-05,0.01977743154513762
-3.618832369942197e-05,0.02347512404319121
-3.616832369942197e-05,0.01977743154513762
-3.614832369942197e-05,0.01977743154513762
-3.612832369942197e-05,0.004986661552923288
-3.610832369942196e-05,0.01238204654903046
-3.608832369942197e-05,0.01977743154513762
-3.606832369942196e-05,0.008684354050976872
-3.604832369942197e-05,0.004986661552923288
-3.602832369942196e-05,0.001288969054869704
-3.600832369942197e-05,0.0493589715295663
-3.598832369942196e-05,3.236769904851756
-3.596832369942197e-05,3.225676827357595
-3.594832369942196e-05,3.266351444836184
-3.592832369942197e-05,3.240467597349809
-3.590832369942196e-05,0.0715451265178878
-3.588832369942197e-05,0.05305666402761988
-3.586832369942197e-05,0.001288969054869704
-3.584832369942197e-05,0.008684354050976872
-3.582832369942197e-05,3.225676827357595
-3.580832369942197e-05,3.221979134859541
-3.578832369942197e-05,3.277444522330345
-3.576832369942196e-05,3.307026062314773
-3.574832369942197e-05,3.307026062314773
-3.572832369942196e-05,3.288537599824505
-3.570832369942197e-05,3.270049137334238
-3.568832369942196e-05,3.273746829832291
-3.566832369942197e-05,3.281142214828399
-3.564832369942196e-05,3.284839907326452
-3.562832369942197e-05,3.284839907326452
-3.560832369942196e-05,3.284839907326452
-3.558832369942197e-05,3.288537599824505
-3.556832369942196e-05,3.299630677318667
-3.554832369942197e-05,3.295932984820613
-3.552832369942197e-05,3.25156067484397
-3.550832369942197e-05,0.0937312815062093
-3.548832369942197e-05,0.06784743401983422
-3.546832369942197e-05,0.03826589403540554
-3.544832369942197e-05,-0.009804108439291047
-3.542832369942196e-05,-0.009804108439291047
-3.540832369942197e-05,0.008684354050976872
-3.538832369942196e-05,0.03087050903929837
-3.536832369942197e-05,0.07524281901594138
-3.534832369942196e-05,3.240467597349809
-3.532832369942197e-05,3.236769904851756
-3.530832369942196e-05,3.281142214828399
-3.528832369942197e-05,3.273746829832291
-3.526832369942196e-05,0.1122197439964772
-3.524832369942197e-05,0.08633589651010214
-3.522832369942196e-05,0.02717281654124479
-3.520832369942197e-05,-0.00240872344318388
-3.518832369942197e-05,-0.006106415941237463
-3.516832369942197e-05,0.01977743154513762
-3.514832369942197e-05,0.03087050903929837
-3.512832369942197e-05,0.01977743154513762
-3.510832369942197e-05,0.01238204654903046
-3.508832369942197e-05,0.02347512404319121
-3.506832369942197e-05,0.01977743154513762
-3.504832369942196e-05,0.008684354050976872
-3.502832369942197e-05,0.03087050903929837
-3.500832369942196e-05,0.01977743154513762
-3.498832369942197e-05,0.008684354050976872
-3.496832369942196e-05,0.06784743401983422
-3.494832369942197e-05,3.240467597349809
-3.492832369942196e-05,3.236769904851756
-3.490832369942197e-05,3.281142214828399
-3.488832369942196e-05,3.281142214828399
-3.486832369942197e-05,0.1085220514984236
-3.484832369942196e-05,0.08263820401204855
-3.482832369942197e-05,0.03826589403540554
-3.480832369942197e-05,0.05305666402761988
-3.478832369942197e-05,3.244165289847863
-3.476832369942197e-05,3.247862982345916
-3.474832369942197e-05,3.307026062314773
-3.472832369942197e-05,3.332909909801149
-3.470832369942196e-05,3.347700679793363
-3.468832369942197e-05,3.329212217303095
-3.466832369942196e-05,3.310723754812827
-3.464832369942197e-05,3.329212217303095
-3.462832369942196e-05,3.332909909801149
-3.460832369942197e-05,3.332909909801149
-3.458832369942196e-05,3.325514524805041
-3.456832369942197e-05,3.321816832306988
-3.454832369942196e-05,3.329212217303095
-3.452832369942197e-05,3.325514524805041
-3.450832369942196e-05,3.336607602299202
-3.448832369942197e-05,3.281142214828399
-3.446832369942197e-05,0.1270105139886916
-3.444832369942197e-05,0.07894051151399496
-3.442832369942197e-05,0.05675435652567346
-3.440832369942197e-05,0.01238204654903046
-3.438832369942197e-05,0.01238204654903046
-3.436832369942196e-05,0.01977743154513762
-3.434832369942197e-05,0.03826589403540554
-3.432832369942196e-05,0.1011266665023165
-3.430832369942197e-05,3.244165289847863
-3.428832369942196e-05,3.233072212353702
-3.426832369942197e-05,3.292235292322559
-3.424832369942196e-05,3.266351444836184
-3.422832369942197e-05,0.1159174364945308
-3.420832369942196e-05,0.07894051151399496
-3.418832369942197e-05,0.01607973904708404
-3.416832369942196e-05,-0.01719949343539821
-3.414832369942197e-05,-0.02459487843150538
-3.412832369942197e-05,0.001288969054869704
-3.410832369942197e-05,0.01977743154513762
-3.408832369942197e-05,0.01238204654903046
-3.406832369942197e-05,0.004986661552923288
-3.404832369942197e-05,-0.00240872344318388
-3.402832369942197e-05,0.008684354050976872
-3.400832369942197e-05,0.01238204654903046
-3.398832369942196e-05,0.01238204654903046
-3.396832369942197e-05,0.01238204654903046
-3.394832369942196e-05,0.001288969054869704
-3.392832369942197e-05,0.05305666402761988
-3.390832369942196e-05,3.236769904851756
-3.388832369942197e-05,3.233072212353702
-3.386832369942196e-05,3.277444522330345
-3.384832369942197e-05,3.270049137334238
-3.382832369942196e-05,0.0937312815062093
-3.380832369942197e-05,0.06045204902372704
-3.378832369942196e-05,0.01607973904708404
-3.376832369942197e-05,-0.02459487843150538
-3.374832369942197e-05,-0.01350180093734463
-3.372832369942197e-05,0.01238204654903046
-3.370832369942197e-05,0.01977743154513762
-3.368832369942197e-05,0.01977743154513762
-3.366832369942197e-05,0.008684354050976872
-3.364832369942196e-05,0.01238204654903046
-3.362832369942197e-05,0.008684354050976872
-3.360832369942196e-05,0.06784743401983422
-3.358832369942197e-05,3.25156067484397
-3.356832369942196e-05,3.244165289847863
-3.354832369942197e-05,3.288537599824505
-3.352832369942196e-05,3.325514524805041
-3.350832369942197e-05,3.329212217303095
-3.348832369942196e-05,3.318119139808934
-3.346832369942197e-05,3.30332836981672
-3.344832369942196e-05,3.258956059840077
-3.342832369942197e-05,0.1048243590003701
-3.340832369942197e-05,0.07524281901594138
-3.338832369942197e-05,0.04566127903151271
-3.336832369942197e-05,0.001288969054869704
-3.334832369942197e-05,-0.006106415941237463
-3.332832369942197e-05,0.01238204654903046
-3.330832369942196e-05,0.02717281654124479
-3.328832369942197e-05,0.08263820401204855
-3.326832369942196e-05,3.244165289847863
-3.324832369942197e-05,3.244165289847863
-3.322832369942196e-05,3.288537599824505
-3.320832369942197e-05,3.292235292322559
-3.318832369942196e-05,0.1159174364945308
-3.316832369942197e-05,0.0937312815062093
-3.314832369942196e-05,0.03087050903929837
-3.312832369942197e-05,0.05305666402761988
-3.310832369942196e-05,3.240467597349809
-3.308832369942197e-05,3.255258367342023
-3.306832369942197e-05,3.307026062314773
-3.304832369942197e-05,3.325514524805041
-3.302832369942197e-05,3.336607602299202
-3.300832369942197e-05,3.307026062314773
-3.298832369942197e-05,3.314421447310881
-3.296832369942197e-05,3.270049137334238
-3.294832369942197e-05,0.1048243590003701
-3.292832369942196e-05,0.07524281901594138
-3.290832369942197e-05,0.03826589403540554
-3.288832369942196e-05,0.06045204902372704
-3.286832369942197e-05,3.240467597349809
-3.284832369942196e-05,3.233072212353702
-3.282832369942197e-05,3.299630677318667
-3.280832369942196e-05,3.270049137334238
-3.278832369942197e-05,0.09003358900815572
-3.276832369942196e-05,0.07524281901594138
-3.274832369942197e-05,0.01977743154513762
-3.272832369942196e-05,-0.03199026342761255
-3.270832369942197e-05,-0.01719949343539821
-3.268832369942197e-05,0.01607973904708404
-3.266832369942197e-05,0.008684354050976872
-3.264832369942197e-05,0.01238204654903046
-3.262832369942197e-05,0.004986661552923288
-3.260832369942197e-05,0.004986661552923288
-3.258832369942196e-05,0.004986661552923288
-3.256832369942197e-05,0.06045204902372704
-3.254832369942196e-05,3.236769904851756
-3.252832369942197e-05,3.225676827357595
-3.250832369942196e-05,3.284839907326452
-3.248832369942197e-05,3.299630677318667
-3.246832369942196e-05,3.318119139808934
-3.244832369942197e-05,3.307026062314773
-3.242832369942196e-05,3.295932984820613
-3.240832369942197e-05,3.236769904851756
-3.238832369942196e-05,0.0715451265178878
-3.236832369942197e-05,0.0493589715295663
-3.234832369942197e-05,0.03087050903929837
-3.232832369942197e-05,-0.0208971859334518
-3.230832369942197e-05,-0.0208971859334518
-3.228832369942197e-05,0.004986661552923288
-3.226832369942197e-05,0.01977743154513762
-3.224832369942196e-05,0.06414974152178063
-3.222832369942197e-05,3.233072212353702
-3.220832369942196e-05,3.233072212353702
-3.218832369942197e-05,3.273746829832291
-3.216832369942196e-05,3.244165289847863
-3.214832369942197e-05,0.07524281901594138
-3.212832369942196e-05,0.06414974152178063
-3.210832369942197e-05,0.01977743154513762
-3.208832369942196e-05,0.02347512404319121
-3.206832369942197e-05,3.233072212353702
-3.204832369942196e-05,3.225676827357595
-3.202832369942197e-05,3.273746829832291
-3.200832369942197e-05,3.310723754812827
-3.198832369942197e-05,3.318119139808934
-3.196832369942197e-05,3.292235292322559
-3.194832369942197e-05,3.281142214828399
-3.192832369942197e-05,3.25156067484397
-3.190832369942197e-05,0.0937312815062093
-3.188832369942197e-05,0.07524281901594138
-3.186832369942196e-05,0.02717281654124479
-3.184832369942197e-05,0.04196358653345913
-3.182832369942196e-05,3.240467597349809
-3.180832369942197e-05,3.229374519855648
-3.178832369942196e-05,3.288537599824505
-3.176832369942197e-05,3.325514524805041
-3.174832369942196e-05,3.336607602299202
-3.172832369942197e-05,3.310723754812827
-3.170832369942196e-05,3.307026062314773
-3.168832369942197e-05,3.262653752338131
-3.166832369942196e-05,0.09742897400426288
-3.164832369942197e-05,0.08263820401204855
-3.162832369942197e-05,0.0493589715295663
-3.160832369942197e-05,0.06784743401983422
-3.158832369942197e-05,3.266351444836184
-3.156832369942197e-05,3.233072212353702
-3.154832369942197e-05,3.295932984820613
-3.152832369942196e-05,3.332909909801149
-3.150832369942197e-05,3.340305294797256
-3.148832369942196e-05,3.318119139808934
-3.146832369942197e-05,3.310723754812827
-3.144832369942196e-05,3.307026062314773
-3.142832369942197e-05,3.325514524805041
-3.140832369942196e-05,3.325514524805041
-3.138832369942197e-05,3.318119139808934
-3.136832369942196e-05,3.314421447310881
-3.134832369942197e-05,3.321816832306988
-3.132832369942196e-05,3.325514524805041
-3.130832369942197e-05,3.318119139808934
-3.128832369942197e-05,3.325514524805041
-3.126832369942197e-05,3.321816832306988
-3.124832369942197e-05,3.332909909801149
-3.122832369942197e-05,3.310723754812827
-3.120832369942197e-05,3.273746829832291
-3.118832369942196e-05,0.1122197439964772
-3.116832369942197e-05,0.07894051151399496
-3.114832369942196e-05,0.06045204902372704
-3.112832369942197e-05,0.01238204654903046
-3.110832369942196e-05,0.01977743154513762
-3.108832369942197e-05,0.02717281654124479
-3.106832369942196e-05,0.04196358653345913
-3.104832369942197e-05,0.08633589651010214
-3.102832369942196e-05,3.255258367342023
-3.100832369942197e-05,3.255258367342023
-3.098832369942196e-05,3.295932984820613
-3.096832369942197e-05,3.284839907326452
-3.094832369942197e-05,0.1085220514984236
-3.092832369942197e-05,0.09003358900815572
-3.090832369942197e-05,0.03826589403540554
-3.088832369942197e-05,-0.01350180093734463
-3.086832369942197e-05,-0.00240872344318388
-3.084832369942197e-05,0.02717281654124479
-3.082832369942197e-05,0.03456820153735196
-3.080832369942196e-05,0.08263820401204855
-3.078832369942197e-05,3.244165289847863
-3.076832369942196e-05,3.240467597349809
-3.074832369942197e-05,3.277444522330345
-3.072832369942196e-05,3.273746829832291
-3.070832369942197e-05,0.1048243590003701
-3.068832369942196e-05,0.07894051151399496
-3.066832369942197e-05,0.03456820153735196
-3.064832369942196e-05,0.05305666402761988
-3.062832369942197e-05,3.240467597349809
-3.060832369942196e-05,3.240467597349809
-3.058832369942197e-05,3.292235292322559
-3.056832369942197e-05,3.277444522330345
-3.054832369942197e-05,0.09742897400426288
-3.052832369942197e-05,0.06414974152178063
-3.050832369942197e-05,0.03456820153735196
-3.048832369942197e-05,-0.009804108439291047
-3.046832369942196e-05,0.008684354050976872
-3.044832369942197e-05,0.03087050903929837
-3.042832369942196e-05,0.03826589403540554
-3.040832369942197e-05,0.08633589651010214
-3.038832369942196e-05,3.262653752338131
-3.036832369942197e-05,3.240467597349809
-3.034832369942196e-05,3.288537599824505
-3.032832369942197e-05,3.332909909801149
-3.030832369942196e-05,3.321816832306988
-3.028832369942197e-05,3.314421447310881
-3.026832369942196e-05,3.299630677318667
-3.024832369942197e-05,3.30332836981672
-3.022832369942197e-05,3.307026062314773
-3.020832369942197e-05,3.310723754812827
-3.018832369942197e-05,3.310723754812827
-3.016832369942197e-05,3.25156067484397
-3.014832369942197e-05,0.0937312815062093
-3.012832369942197e-05,0.0493589715295663
-3.010832369942197e-05,0.04196358653345913
-3.008832369942196e-05,-0.009804108439291047
-3.006832369942197e-05,-0.01350180093734463
-3.004832369942196e-05,0.008684354050976872
-3.002832369942197e-05,0.02347512404319121
-3.000832369942196e-05,0.08263820401204855
-2.998832369942197e-05,3.247862982345916
-2.996832369942196e-05,3.25156067484397
-2.994832369942197e-05,3.288537599824505
-2.992832369942196e-05,3.292235292322559
-2.990832369942197e-05,0.1159174364945308
-2.988832369942197e-05,0.09742897400426288
-2.986832369942197e-05,0.04196358653345913
-2.984832369942197e-05,0.001288969054869704
-2.982832369942197e-05,0.004986661552923288
-2.980832369942197e-05,0.03826589403540554
-2.978832369942197e-05,0.04566127903151271
-2.976832369942197e-05,0.03826589403540554
-2.974832369942196e-05,0.02717281654124479
-2.972832369942197e-05,0.02717281654124479
-2.970832369942196e-05,0.01607973904708404
-2.968832369942197e-05,0.0715451265178878
-2.966832369942196e-05,3.255258367342023
-2.964832369942197e-05,3.240467597349809
-2.962832369942196e-05,3.288537599824505
-2.960832369942197e-05,3.284839907326452
-2.958832369942196e-05,0.1048243590003701
-2.956832369942197e-05,0.07894051151399496
-2.954832369942196e-05,0.02717281654124479
-2.952832369942197e-05,0.04566127903151271
-2.950832369942197e-05,3.25156067484397
-2.948832369942197e-05,3.236769904851756
-2.946832369942197e-05,3.288537599824505
-2.944832369942197e-05,3.281142214828399
-2.942832369942197e-05,0.1085220514984236
-2.940832369942196e-05,0.06784743401983422
-2.938832369942197e-05,0.03456820153735196
-2.936832369942196e-05,0.04566127903151271
-2.934832369942197e-05,3.236769904851756
-2.932832369942196e-05,3.247862982345916
-2.930832369942197e-05,3.292235292322559
-2.928832369942196e-05,3.329212217303095
-2.926832369942197e-05,3.332909909801149
-2.924832369942196e-05,3.318119139808934
-2.922832369942197e-05,3.318119139808934
-2.920832369942196e-05,3.318119139808934
-2.918832369942197e-05,3.325514524805041
-2.916832369942197e-05,3.329212217303095
-2.914832369942197e-05,3.314421447310881
-2.912832369942197e-05,3.318119139808934
-2.910832369942197e-05,3.314421447310881
-2.908832369942197e-05,3.318119139808934
-2.906832369942197e-05,3.318119139808934
-2.904832369942197e-05,3.325514524805041
-2.902832369942196e-05,3.314421447310881
-2.900832369942197e-05,3.325514524805041
-2.898832369942196e-05,3.325514524805041
-2.896832369942197e-05,3.325514524805041
-2.894832369942196e-05,3.314421447310881
-2.892832369942197e-05,3.325514524805041
-2.890832369942196e-05,3.318119139808934
-2.888832369942197e-05,3.284839907326452
-2.886832369942196e-05,0.1159174364945308
-2.884832369942197e-05,0.09742897400426288
-2.882832369942196e-05,0.05305666402761988
-2.880832369942197e-05,0.01977743154513762
-2.878832369942197e-05,0.01238204654903046
-2.876832369942197e-05,0.01607973904708404
-2.874832369942197e-05,0.04196358653345913
-2.872832369942197e-05,0.03456820153735196
-2.870832369942197e-05,0.03087050903929837
-2.868832369942196e-05,0.02717281654124479
-2.866832369942197e-05,0.02717281654124479
-2.864832369942196e-05,0.01977743154513762
-2.862832369942197e-05,0.02717281654124479
-2.860832369942196e-05,0.01607973904708404
-2.858832369942197e-05,0.008684354050976872
-2.856832369942196e-05,0.06414974152178063
-2.854832369942197e-05,3.244165289847863
-2.852832369942196e-05,3.236769904851756
-2.850832369942197e-05,3.277444522330345
-2.848832369942196e-05,3.325514524805041
-2.846832369942197e-05,3.332909909801149
-2.844832369942197e-05,3.307026062314773
-2.842832369942197e-05,3.30332836981672
-2.840832369942197e-05,3.255258367342023
-2.838832369942197e-05,0.08633589651010214
-2.836832369942197e-05,0.06784743401983422
-2.834832369942196e-05,0.03456820153735196
-2.832832369942197e-05,-0.01350180093734463
-2.830832369942196e-05,-0.009804108439291047
-2.828832369942197e-05,0.004986661552923288
-2.826832369942196e-05,0.02347512404319121
-2.824832369942197e-05,0.01238204654903046
-2.822832369942196e-05,0.01238204654903046
-2.820832369942197e-05,-0.00240872344318388
-2.818832369942196e-05,-0.006106415941237463
-2.816832369942197e-05,0.05305666402761988
-2.814832369942196e-05,3.247862982345916
-2.812832369942197e-05,3.247862982345916
-2.810832369942197e-05,3.281142214828399
-2.808832369942197e-05,3.325514524805041
-2.806832369942197e-05,3.310723754812827
-2.804832369942197e-05,3.318119139808934
-2.802832369942197e-05,3.292235292322559
-2.800832369942197e-05,3.25156067484397
-2.798832369942197e-05,0.1159174364945308
-2.796832369942196e-05,0.06784743401983422
-2.794832369942197e-05,0.03826589403540554
-2.792832369942196e-05,-0.00240872344318388
-2.790832369942197e-05,-0.00240872344318388
-2.788832369942196e-05,0.01977743154513762
-2.786832369942197e-05,0.03087050903929837
-2.784832369942196e-05,0.04196358653345913
-2.782832369942197e-05,0.01238204654903046
-2.780832369942196e-05,0.01607973904708404
-2.778832369942197e-05,0.001288969054869704
-2.776832369942196e-05,0.05675435652567346
-2.774832369942197e-05,3.233072212353702
-2.772832369942197e-05,3.225676827357595
-2.770832369942197e-05,3.270049137334238
-2.768832369942197e-05,3.266351444836184
-2.766832369942197e-05,0.09742897400426288
-2.764832369942197e-05,0.06045204902372704
-2.762832369942196e-05,0.01607973904708404
-2.760832369942197e-05,-0.03199026342761255
-2.758832369942196e-05,-0.02459487843150538
-2.756832369942197e-05,0.001288969054869704
-2.754832369942196e-05,0.01238204654903046
-2.752832369942197e-05,0.06414974152178063
-2.750832369942196e-05,3.236769904851756
-2.748832369942197e-05,3.240467597349809
-2.746832369942196e-05,3.270049137334238
-2.744832369942197e-05,3.281142214828399
-2.742832369942196e-05,0.1159174364945308
-2.740832369942197e-05,0.07524281901594138
-2.738832369942197e-05,0.03826589403540554
-2.736832369942197e-05,0.05305666402761988
-2.734832369942197e-05,3.247862982345916
-2.732832369942197e-05,3.247862982345916
-2.730832369942197e-05,3.295932984820613
-2.728832369942196e-05,3.332909909801149
-2.726832369942197e-05,3.336607602299202
-2.724832369942196e-05,3.310723754812827
-2.722832369942197e-05,3.307026062314773
-2.720832369942196e-05,3.266351444836184
-2.718832369942197e-05,0.1159174364945308
-2.716832369942196e-05,0.09003358900815572
-2.714832369942197e-05,0.05305666402761988
-2.712832369942196e-05,0.001288969054869704
-2.710832369942197e-05,-0.006106415941237463
-2.708832369942196e-05,0.02347512404319121
-2.706832369942197e-05,0.02717281654124479
-2.704832369942197e-05,0.03087050903929837
-2.702832369942197e-05,0.01977743154513762
-2.700832369942197e-05,0.008684354050976872
-2.698832369942197e-05,0.004986661552923288
-2.696832369942197e-05,0.01607973904708404
-2.694832369942197e-05,0.01977743154513762
-2.692832369942197e-05,0.004986661552923288
-2.690832369942196e-05,0.01977743154513762
-2.688832369942197e-05,0.008684354050976872
-2.686832369942196e-05,0.01238204654903046
-2.684832369942197e-05,0.01607973904708404
-2.682832369942196e-05,0.01977743154513762
-2.680832369942197e-05,0.01607973904708404
-2.678832369942196e-05,0.01977743154513762
-2.676832369942197e-05,0.008684354050976872
-2.674832369942196e-05,0.01607973904708404
-2.672832369942197e-05,0.01238204654903046
-2.670832369942196e-05,0.01607973904708404
-2.668832369942197e-05,0.01977743154513762
-2.666832369942197e-05,0.01607973904708404
-2.664832369942197e-05,0.01977743154513762
-2.662832369942197e-05,0.02347512404319121
-2.660832369942197e-05,0.01977743154513762
-2.658832369942197e-05,0.01977743154513762
-2.656832369942196e-05,0.08263820401204855
-2.654832369942197e-05,3.244165289847863
-2.652832369942196e-05,3.247862982345916
-2.650832369942197e-05,3.273746829832291
-2.648832369942196e-05,3.329212217303095
-2.646832369942197e-05,3.329212217303095
-2.644832369942196e-05,3.299630677318667
-2.642832369942197e-05,3.284839907326452
-2.640832369942196e-05,3.244165289847863
-2.638832369942197e-05,0.09003358900815572
-2.636832369942196e-05,0.06414974152178063
-2.634832369942197e-05,0.04196358653345913
-2.632832369942197e-05,-0.009804108439291047
-2.630832369942197e-05,-0.01350180093734463
-2.628832369942197e-05,0.01607973904708404
-2.626832369942197e-05,0.01238204654903046
-2.624832369942197e-05,0.02347512404319121
-2.622832369942196e-05,0.008684354050976872
-2.620832369942197e-05,0.01607973904708404
-2.618832369942196e-05,0.01238204654903046
-2.616832369942197e-05,0.01977743154513762
-2.614832369942196e-05,0.01238204654903046
-2.612832369942197e-05,0.01607973904708404
-2.610832369942196e-05,0.01977743154513762
-2.608832369942197e-05,0.06784743401983422
-2.606832369942196e-05,3.247862982345916
-2.604832369942197e-05,3.244165289847863
-2.602832369942196e-05,3.295932984820613
-2.600832369942197e-05,3.270049137334238
-2.598832369942197e-05,0.0937312815062093
-2.596832369942197e-05,0.07524281901594138
-2.594832369942197e-05,0.03087050903929837
-2.592832369942197e-05,0.03087050903929837
-2.590832369942197e-05,3.236769904851756
-2.588832369942197e-05,3.225676827357595
-2.586832369942197e-05,3.273746829832291
-2.584832369942196e-05,3.273746829832291
-2.582832369942197e-05,0.09003358900815572
-2.580832369942196e-05,0.06784743401983422
-2.578832369942197e-05,0.03087050903929837
-2.576832369942196e-05,-0.009804108439291047
-2.574832369942197e-05,-0.01719949343539821
-2.572832369942196e-05,0.001288969054869704
-2.570832369942197e-05,0.02347512404319121
-2.568832369942196e-05,0.01238204654903046
-2.566832369942197e-05,0.01977743154513762
-2.564832369942196e-05,0.004986661552923288
-2.562832369942197e-05,0.008684354050976872
-2.560832369942197e-05,0.06045204902372704
-2.558832369942197e-05,3.240467597349809
-2.556832369942197e-05,3.240467597349809
-2.554832369942197e-05,3.284839907326452
-2.552832369942197e-05,3.262653752338131
-2.550832369942196e-05,0.09742897400426288
-2.548832369942197e-05,0.08263820401204855
-2.546832369942196e-05,0.02717281654124479
-2.544832369942197e-05,0.05305666402761988
-2.542832369942196e-05,3.236769904851756
-2.540832369942197e-05,3.240467597349809
-2.538832369942196e-05,3.299630677318667
-2.536832369942197e-05,3.288537599824505
-2.534832369942196e-05,0.1085220514984236
-2.532832369942197e-05,0.07524281901594138
-2.530832369942196e-05,0.03456820153735196
-2.528832369942197e-05,-0.00240872344318388
-2.526832369942197e-05,0.001288969054869704
-2.524832369942197e-05,0.02717281654124479
-2.522832369942197e-05,0.03826589403540554
-2.520832369942197e-05,0.02347512404319121
-2.518832369942197e-05,0.01977743154513762
-2.516832369942196e-05,0.004986661552923288
-2.514832369942197e-05,0.01607973904708404
-2.512832369942196e-05,0.07524281901594138
-2.510832369942197e-05,3.258956059840077
-2.508832369942196e-05,3.247862982345916
-2.506832369942197e-05,3.299630677318667
-2.504832369942196e-05,3.277444522330345
-2.502832369942197e-05,0.1085220514984236
-2.500832369942196e-05,0.07894051151399496
-2.498832369942197e-05,0.02717281654124479
-2.496832369942196e-05,0.001288969054869704
-2.494832369942197e-05,-0.00240872344318388
-2.492832369942197e-05,0.01977743154513762
-2.490832369942197e-05,0.01977743154513762
-2.488832369942197e-05,0.06414974152178063
-2.486832369942197e-05,3.233072212353702
-2.484832369942197e-05,3.229374519855648
-2.482832369942197e-05,3.277444522330345
-2.480832369942197e-05,3.314421447310881
-2.478832369942196e-05,3.307026062314773
-2.476832369942197e-05,3.30332836981672
-2.474832369942196e-05,3.281142214828399
-2.472832369942197e-05,3.288537599824505
-2.470832369942196e-05,3.310723754812827
-2.468832369942197e-05,3.310723754812827
-2.466832369942196e-05,3.310723754812827
-2.464832369942197e-05,3.244165289847863
-2.462832369942196e-05,0.1011266665023165
-2.460832369942197e-05,0.06414974152178063
-2.458832369942196e-05,0.02717281654124479
-2.456832369942197e-05,0.0493589715295663
-2.454832369942197e-05,3.236769904851756
-2.452832369942197e-05,3.236769904851756
-2.450832369942197e-05,3.288537599824505
-2.448832369942197e-05,3.292235292322559
-2.446832369942197e-05,0.09742897400426288
-2.444832369942196e-05,0.07524281901594138
-2.442832369942197e-05,0.03087050903929837
-2.440832369942196e-05,0.06045204902372704
-2.438832369942197e-05,3.255258367342023
-2.436832369942196e-05,3.255258367342023
-2.434832369942197e-05,3.30332836981672
-2.432832369942196e-05,3.30332836981672
-2.430832369942197e-05,0.1122197439964772
-2.428832369942196e-05,0.09003358900815572
-2.426832369942197e-05,0.03826589403540554
-2.424832369942196e-05,0.001288969054869704
-2.422832369942197e-05,0.001288969054869704
-2.420832369942197e-05,0.02347512404319121
-2.418832369942197e-05,0.0493589715295663
-2.416832369942197e-05,0.0715451265178878
-2.414832369942197e-05,3.229374519855648
-2.412832369942197e-05,3.240467597349809
-2.410832369942196e-05,3.284839907326452
-2.408832369942197e-05,3.281142214828399
-2.406832369942196e-05,0.1085220514984236
-2.404832369942197e-05,0.0937312815062093
-2.402832369942196e-05,0.04196358653345913
-2.400832369942197e-05,-0.009804108439291047
-2.398832369942196e-05,0.001288969054869704
-2.396832369942197e-05,0.01238204654903046
-2.394832369942196e-05,0.03087050903929837
-2.392832369942197e-05,0.01977743154513762
-2.390832369942196e-05,0.01607973904708404
-2.388832369942197e-05,0.004986661552923288
-2.386832369942197e-05,0.004986661552923288
-2.384832369942197e-05,0.06045204902372704
-2.382832369942197e-05,3.229374519855648
-2.380832369942197e-05,3.229374519855648
-2.378832369942197e-05,3.258956059840077
-2.376832369942197e-05,3.258956059840077
-2.374832369942197e-05,0.0937312815062093
-2.372832369942196e-05,0.05305666402761988
-2.370832369942197e-05,0.02347512404319121
-2.368832369942196e-05,0.01977743154513762
-2.366832369942197e-05,3.225676827357595
-2.364832369942196e-05,3.240467597349809
-2.362832369942197e-05,3.281142214828399
-2.360832369942196e-05,3.321816832306988
-2.358832369942197e-05,3.332909909801149
-2.356832369942196e-05,3.288537599824505
-2.354832369942197e-05,3.288537599824505
-2.352832369942196e-05,3.284839907326452
-2.350832369942197e-05,3.310723754812827
-2.348832369942197e-05,3.299630677318667
-2.346832369942197e-05,3.288537599824505
-2.344832369942197e-05,3.30332836981672
-2.342832369942197e-05,3.295932984820613
-2.340832369942197e-05,3.299630677318667
-2.338832369942196e-05,3.314421447310881
-2.336832369942197e-05,3.273746829832291
-2.334832369942196e-05,0.1122197439964772
-2.332832369942197e-05,0.0715451265178878
-2.330832369942196e-05,0.04196358653345913
-2.328832369942197e-05,0.008684354050976872
-2.326832369942196e-05,0.008684354050976872
-2.324832369942197e-05,0.02347512404319121
-2.322832369942196e-05,0.03087050903929837
-2.320832369942197e-05,0.07894051151399496
-2.318832369942196e-05,3.240467597349809
-2.316832369942197e-05,3.247862982345916
-2.314832369942197e-05,3.292235292322559
-2.312832369942197e-05,3.329212217303095
-2.310832369942197e-05,3.332909909801149
-2.308832369942197e-05,3.325514524805041
-2.306832369942197e-05,3.310723754812827
-2.304832369942196e-05,3.310723754812827
-2.302832369942197e-05,3.321816832306988
-2.300832369942196e-05,3.325514524805041
-2.298832369942197e-05,3.336607602299202
-2.296832369942196e-05,3.270049137334238
-2.294832369942197e-05,0.1159174364945308
-2.292832369942196e-05,0.0715451265178878
-2.290832369942197e-05,0.05305666402761988
-2.288832369942196e-05,0.004986661552923288
-2.286832369942197e-05,0.001288969054869704
-2.284832369942196e-05,0.03087050903929837
-2.282832369942197e-05,0.02347512404319121
-2.280832369942197e-05,0.01977743154513762
-2.278832369942197e-05,0.01977743154513762
-2.276832369942197e-05,-0.00240872344318388
-2.274832369942197e-05,0.01238204654903046
-2.272832369942197e-05,0.05305666402761988
-2.270832369942197e-05,3.218281442361488
-2.268832369942197e-05,3.233072212353702
-2.266832369942196e-05,3.281142214828399
-2.264832369942197e-05,3.318119139808934
-2.262832369942196e-05,3.325514524805041
-2.260832369942197e-05,3.30332836981672
-2.258832369942196e-05,3.281142214828399
-2.256832369942197e-05,3.247862982345916
-2.254832369942196e-05,0.1159174364945308
-2.252832369942197e-05,0.07524281901594138
-2.250832369942196e-05,0.03826589403540554
-2.248832369942197e-05,-0.009804108439291047
-2.246832369942196e-05,-0.01719949343539821
-2.244832369942197e-05,0.01238204654903046
-2.242832369942197e-05,0.01238204654903046
-2.240832369942197e-05,0.01977743154513762
-2.238832369942197e-05,0.001288969054869704
-2.236832369942197e-05,0.001288969054869704
-2.234832369942197e-05,0.008684354050976872
-2.232832369942196e-05,0.06414974152178063
-2.230832369942197e-05,3.221979134859541
-2.228832369942196e-05,3.247862982345916
-2.226832369942197e-05,3.270049137334238
-2.224832369942196e-05,3.321816832306988
-2.222832369942197e-05,3.329212217303095
-2.220832369942196e-05,3.310723754812827
-2.218832369942197e-05,3.310723754812827
-2.216832369942196e-05,3.299630677318667
-2.214832369942197e-05,3.314421447310881
-2.212832369942196e-05,3.30332836981672
-2.210832369942197e-05,3.310723754812827
-2.208832369942197e-05,3.321816832306988
-2.206832369942197e-05,3.299630677318667
-2.204832369942197e-05,3.318119139808934
-2.202832369942197e-05,3.318119139808934
-2.200832369942197e-05,3.281142214828399
-2.198832369942196e-05,0.123312821490638
-2.196832369942197e-05,0.07894051151399496
-2.194832369942196e-05,0.04566127903151271
-2.192832369942197e-05,0.01607973904708404
-2.190832369942196e-05,0.02347512404319121
-2.188832369942197e-05,0.02347512404319121
-2.186832369942196e-05,0.04196358653345913
-2.184832369942197e-05,0.03087050903929837
-2.182832369942196e-05,0.03087050903929837
-2.180832369942197e-05,0.01238204654903046
-2.178832369942196e-05,0.03826589403540554
-2.176832369942197e-05,0.02717281654124479
-2.174832369942197e-05,0.03087050903929837
-2.172832369942197e-05,0.02347512404319121
-2.170832369942197e-05,0.01977743154513762
-2.168832369942197e-05,0.06045204902372704
-2.166832369942197e-05,3.233072212353702
-2.164832369942197e-05,3.247862982345916
-2.162832369942197e-05,3.281142214828399
-2.160832369942196e-05,3.318119139808934
-2.158832369942197e-05,3.325514524805041
-2.156832369942196e-05,3.318119139808934
-2.154832369942197e-05,3.299630677318667
-2.152832369942196e-05,3.262653752338131
-2.150832369942197e-05,0.1270105139886916
-2.148832369942196e-05,0.0715451265178878
-2.146832369942197e-05,0.05305666402761988
-2.144832369942196e-05,0.05675435652567346
-2.142832369942197e-05,3.236769904851756
-2.140832369942196e-05,3.229374519855648
-2.138832369942197e-05,3.281142214828399
-2.136832369942197e-05,3.332909909801149
-2.134832369942197e-05,3.321816832306988
-2.132832369942197e-05,3.30332836981672
-2.130832369942197e-05,3.288537599824505
-2.128832369942197e-05,3.25156067484397
-2.126832369942196e-05,0.1196151289925844
-2.124832369942197e-05,0.0715451265178878
-2.122832369942196e-05,0.03826589403540554
-2.120832369942197e-05,-0.00240872344318388
-2.118832369942196e-05,0.001288969054869704
-2.116832369942197e-05,0.01977743154513762
-2.114832369942196e-05,0.02347512404319121
-2.112832369942197e-05,0.03456820153735196
-2.110832369942196e-05,0.008684354050976872
-2.108832369942197e-05,0.01977743154513762
-2.106832369942196e-05,0.001288969054869704
-2.104832369942197e-05,0.008684354050976872
-2.102832369942197e-05,0.01977743154513762
-2.100832369942197e-05,0.001288969054869704
-2.098832369942197e-05,0.004986661552923288
-2.096832369942197e-05,-0.00240872344318388
-2.094832369942197e-05,-0.009804108439291047
-2.092832369942197e-05,0.01238204654903046
-2.090832369942197e-05,0.001288969054869704
-2.088832369942196e-05,0.06045204902372704
-2.086832369942197e-05,3.225676827357595
-2.084832369942196e-05,3.233072212353702
-2.082832369942197e-05,3.270049137334238
-2.080832369942196e-05,3.318119139808934
-2.078832369942197e-05,3.321816832306988
-2.076832369942196e-05,3.292235292322559
-2.074832369942197e-05,3.295932984820613
-2.072832369942196e-05,3.244165289847863
-2.070832369942197e-05,0.1011266665023165
-2.068832369942197e-05,0.08633589651010214
-2.066832369942197e-05,0.03826589403540554
-2.064832369942197e-05,-0.009804108439291047
-2.062832369942197e-05,-0.00240872344318388
-2.060832369942197e-05,0.01238204654903046
-2.058832369942197e-05,0.01238204654903046
-2.056832369942197e-05,0.03456820153735196
-2.054832369942196e-05,0.001288969054869704
-2.052832369942197e-05,0.01238204654903046
-2.050832369942196e-05,0.004986661552923288
-2.048832369942197e-05,0.06414974152178063
-2.046832369942196e-05,3.236769904851756
-2.044832369942197e-05,3.233072212353702
-2.042832369942196e-05,3.262653752338131
-2.040832369942197e-05,3.262653752338131
-2.038832369942196e-05,0.1011266665023165
-2.036832369942197e-05,0.05675435652567346
-2.034832369942196e-05,0.01238204654903046
-2.032832369942197e-05,-0.02459487843150538
-2.030832369942197e-05,-0.0208971859334518
-2.028832369942197e-05,0.001288969054869704
-2.026832369942197e-05,0.01977743154513762
-2.024832369942197e-05,0.0715451265178878
-2.022832369942197e-05,3.240467597349809
-2.020832369942196e-05,3.233072212353702
-2.018832369942197e-05,3.277444522330345
-2.016832369942196e-05,3.310723754812827
-2.014832369942197e-05,3.318119139808934
-2.012832369942196e-05,3.310723754812827
-2.010832369942197e-05,3.288537599824505
-2.008832369942196e-05,3.288537599824505
-2.006832369942197e-05,3.30332836981672
-2.004832369942196e-05,3.295932984820613
-2.002832369942197e-05,3.310723754812827
-2.000832369942196e-05,3.314421447310881
-1.998832369942197e-05,3.314421447310881
-1.996832369942197e-05,3.321816832306988
-1.994832369942197e-05,3.318119139808934
-1.992832369942197e-05,3.310723754812827
-1.990832369942197e-05,3.325514524805041
-1.988832369942197e-05,3.325514524805041
-1.986832369942197e-05,3.321816832306988
-1.984832369942197e-05,3.321816832306988
-1.982832369942196e-05,3.321816832306988
-1.980832369942197e-05,3.329212217303095
-1.978832369942196e-05,3.321816832306988
-1.976832369942197e-05,3.273746829832291
-1.974832369942196e-05,0.1196151289925844
-1.972832369942197e-05,0.08633589651010214
-1.970832369942196e-05,0.06045204902372704
-1.968832369942197e-05,0.06045204902372704
-1.966832369942196e-05,3.25156067484397
-1.964832369942197e-05,3.233072212353702
-1.962832369942196e-05,3.307026062314773
-1.960832369942197e-05,3.340305294797256
-1.958832369942197e-05,3.340305294797256
-1.956832369942197e-05,3.307026062314773
-1.954832369942197e-05,3.30332836981672
-1.952832369942197e-05,3.258956059840077
-1.950832369942197e-05,0.123312821490638
-1.948832369942196e-05,0.07894051151399496
-1.946832369942197e-05,0.04196358653345913
-1.944832369942196e-05,0.06784743401983422
-1.942832369942197e-05,3.247862982345916
-1.940832369942196e-05,3.244165289847863
-1.938832369942197e-05,3.299630677318667
-1.936832369942196e-05,3.295932984820613
-1.934832369942197e-05,0.1159174364945308
-1.932832369942196e-05,0.09003358900815572
-1.930832369942197e-05,0.03826589403540554
-1.928832369942196e-05,0.008684354050976872
-1.926832369942197e-05,0.01238204654903046
-1.924832369942197e-05,0.02347512404319121
-1.922832369942197e-05,0.04196358653345913
-1.920832369942197e-05,0.08633589651010214
-1.918832369942197e-05,3.255258367342023
-1.916832369942197e-05,3.262653752338131
-1.914832369942196e-05,3.295932984820613
-1.912832369942197e-05,3.351398372291416
-1.910832369942196e-05,3.347700679793363
-1.908832369942197e-05,3.318119139808934
-1.906832369942196e-05,3.321816832306988
-1.904832369942197e-05,3.270049137334238
-1.902832369942196e-05,0.1344058989847987
-1.900832369942197e-05,0.0937312815062093
-1.898832369942196e-05,0.0493589715295663
-1.896832369942197e-05,0.05675435652567346
-1.894832369942196e-05,3.229374519855648
-1.892832369942197e-05,3.233072212353702
-1.890832369942197e-05,3.288537599824505
-1.888832369942197e-05,3.288537599824505
-1.886832369942197e-05,0.1159174364945308
-1.884832369942197e-05,0.0715451265178878
-1.882832369942197e-05,0.04196358653345913
-1.880832369942197e-05,0.04566127903151271
-1.878832369942197e-05,3.236769904851756
-1.876832369942196e-05,3.255258367342023
-1.874832369942197e-05,3.295932984820613
-1.872832369942196e-05,3.340305294797256
-1.870832369942197e-05,3.332909909801149
-1.868832369942196e-05,3.310723754812827
-1.866832369942197e-05,3.318119139808934
-1.864832369942196e-05,3.273746829832291
-1.862832369942197e-05,0.1159174364945308
-1.860832369942196e-05,0.0715451265178878
-1.858832369942197e-05,0.03456820153735196
-1.856832369942196e-05,-0.006106415941237463
-1.854832369942197e-05,0.001288969054869704
-1.852832369942197e-05,0.008684354050976872
-1.850832369942197e-05,0.02717281654124479
-1.848832369942197e-05,0.02347512404319121
-1.846832369942197e-05,0.01238204654903046
-1.844832369942197e-05,0.008684354050976872
-1.842832369942196e-05,0.001288969054869704
-1.840832369942197e-05,0.004986661552923288
-1.838832369942196e-05,0.01977743154513762
-1.836832369942197e-05,0.02717281654124479
-1.834832369942196e-05,0.01238204654903046
-1.832832369942197e-05,0.06414974152178063
-1.830832369942196e-05,3.236769904851756
-1.828832369942197e-05,3.247862982345916
-1.826832369942196e-05,3.288537599824505
-1.824832369942197e-05,3.284839907326452
-1.822832369942196e-05,0.1196151289925844
-1.820832369942197e-05,0.08263820401204855
-1.818832369942197e-05,0.03087050903929837
-1.816832369942197e-05,-0.009804108439291047
-1.814832369942197e-05,-0.01350180093734463
-1.812832369942197e-05,0.01977743154513762
-1.810832369942197e-05,0.03087050903929837
-1.808832369942196e-05,0.07524281901594138
-1.806832369942197e-05,3.229374519855648
-1.804832369942196e-05,3.236769904851756
-1.802832369942197e-05,3.266351444836184
-1.800832369942196e-05,3.281142214828399
-1.798832369942197e-05,0.09003358900815572
-1.796832369942196e-05,0.07894051151399496
-1.794832369942197e-05,0.02717281654124479
-1.792832369942196e-05,0.03456820153735196
-1.790832369942197e-05,3.236769904851756
-1.788832369942196e-05,3.244165289847863
-1.786832369942197e-05,3.277444522330345
-1.784832369942197e-05,3.314421447310881
-1.782832369942197e-05,3.325514524805041
-1.780832369942197e-05,3.30332836981672
-1.778832369942197e-05,3.307026062314773
-1.776832369942197e-05,3.240467597349809
-1.774832369942197e-05,0.1048243590003701
-1.772832369942197e-05,0.0715451265178878
-1.770832369942196e-05,0.02717281654124479
-1.768832369942197e-05,0.05675435652567346
-1.766832369942196e-05,3.240467597349809
-1.764832369942197e-05,3.244165289847863
-1.762832369942196e-05,3.288537599824505
-1.760832369942197e-05,3.288537599824505
-1.758832369942196e-05,0.1011266665023165
-1.756832369942197e-05,0.0715451265178878
-1.754832369942196e-05,0.01977743154513762
-1.752832369942197e-05,0.05305666402761988
-1.750832369942196e-05,3.244165289847863
-1.748832369942197e-05,3.244165289847863
-1.746832369942197e-05,3.295932984820613
-1.744832369942197e-05,3.321816832306988
-1.742832369942197e-05,3.325514524805041
-1.740832369942197e-05,3.30332836981672
-1.738832369942197e-05,3.30332836981672
-1.736832369942196e-05,3.247862982345916
-1.734832369942197e-05,0.09003358900815572
-1.732832369942196e-05,0.07524281901594138
-1.730832369942197e-05,0.03456820153735196
-1.728832369942196e-05,-0.01719949343539821
-1.726832369942197e-05,-0.00240872344318388
-1.724832369942196e-05,0.004986661552923288
-1.722832369942197e-05,0.01607973904708404
-1.720832369942196e-05,0.02347512404319121
-1.718832369942197e-05,0.004986661552923288
-1.716832369942196e-05,0.004986661552923288
-1.714832369942197e-05,0.02347512404319121
-1.712832369942197e-05,0.06784743401983422
-1.710832369942197e-05,3.270049137334238
-1.708832369942197e-05,3.244165289847863
-1.706832369942197e-05,3.284839907326452
-1.704832369942197e-05,3.318119139808934
-1.702832369942196e-05,3.332909909801149
-1.700832369942197e-05,3.314421447310881
-1.698832369942196e-05,3.292235292322559
-1.696832369942197e-05,3.30332836981672
-1.694832369942196e-05,3.307026062314773
-1.692832369942197e-05,3.325514524805041
-1.690832369942196e-05,3.310723754812827
-1.688832369942197e-05,3.262653752338131
-1.686832369942196e-05,0.1011266665023165
-1.684832369942197e-05,0.0715451265178878
-1.682832369942196e-05,0.04566127903151271
-1.680832369942197e-05,0.008684354050976872
-1.678832369942197e-05,0.004986661552923288
-1.676832369942197e-05,0.01607973904708404
-1.674832369942197e-05,0.04566127903151271
-1.672832369942197e-05,0.0937312815062093
-1.670832369942197e-05,3.247862982345916
-1.668832369942197e-05,3.229374519855648
-1.666832369942197e-05,3.288537599824505
-1.664832369942196e-05,3.277444522330345
-1.662832369942197e-05,0.09742897400426288
-1.660832369942196e-05,0.08263820401204855
-1.658832369942197e-05,0.03087050903929837
-1.656832369942196e-05,-0.00240872344318388
-1.654832369942197e-05,0.001288969054869704
-1.652832369942196e-05,0.01977743154513762
-1.650832369942197e-05,0.03087050903929837
-1.648832369942196e-05,0.01977743154513762
-1.646832369942197e-05,0.01977743154513762
-1.644832369942196e-05,0.01607973904708404
-1.642832369942197e-05,0.004986661552923288
-1.640832369942197e-05,0.008684354050976872
-1.638832369942197e-05,0.008684354050976872
-1.636832369942197e-05,0.008684354050976872
-1.634832369942197e-05,-0.009804108439291047
-1.632832369942197e-05,-0.009804108439291047
-1.630832369942196e-05,0.004986661552923288
-1.628832369942197e-05,-0.00240872344318388
-1.626832369942196e-05,-0.009804108439291047
-1.624832369942197e-05,0.004986661552923288
-1.622832369942196e-05,0.004986661552923288
-1.620832369942197e-05,-0.00240872344318388
-1.618832369942196e-05,-0.006106415941237463
-1.616832369942197e-05,0.06784743401983422
-1.614832369942196e-05,3.247862982345916
-1.612832369942197e-05,3.233072212353702
-1.610832369942196e-05,3.266351444836184
-1.608832369942197e-05,3.310723754812827
-1.606832369942197e-05,3.314421447310881
-1.604832369942197e-05,3.307026062314773
-1.602832369942197e-05,3.292235292322559
-1.600832369942197e-05,3.292235292322559
-1.598832369942197e-05,3.30332836981672
-1.596832369942196e-05,3.30332836981672
-1.594832369942197e-05,3.310723754812827
-1.592832369942196e-05,3.266351444836184
-1.590832369942197e-05,0.0937312815062093
-1.588832369942196e-05,0.08263820401204855
-1.586832369942197e-05,0.04196358653345913
-1.584832369942196e-05,0.01607973904708404
-1.582832369942197e-05,0.004986661552923288
-1.580832369942196e-05,0.02347512404319121
-1.578832369942197e-05,0.02347512404319121
-1.576832369942196e-05,0.03087050903929837
-1.574832369942197e-05,0.02347512404319121
-1.572832369942197e-05,0.01238204654903046
-1.570832369942197e-05,-0.009804108439291047
-1.568832369942197e-05,0.01977743154513762
-1.566832369942197e-05,0.01238204654903046
-1.564832369942197e-05,0.008684354050976872
-1.562832369942197e-05,0.004986661552923288
-1.560832369942197e-05,0.05305666402761988
-1.558832369942196e-05,3.244165289847863
-1.556832369942197e-05,3.218281442361488
-1.554832369942196e-05,3.247862982345916
-1.552832369942197e-05,3.299630677318667
-1.550832369942196e-05,3.30332836981672
-1.548832369942197e-05,3.30332836981672
-1.546832369942196e-05,3.284839907326452
-1.544832369942197e-05,3.277444522330345
-1.542832369942196e-05,3.295932984820613
-1.540832369942197e-05,3.295932984820613
-1.538832369942196e-05,3.288537599824505
-1.536832369942197e-05,3.247862982345916
-1.534832369942197e-05,0.0937312815062093
-1.532832369942197e-05,0.06414974152178063
-1.530832369942197e-05,0.03456820153735196
-1.528832369942197e-05,-0.009804108439291047
-1.526832369942197e-05,-0.01350180093734463
-1.524832369942196e-05,0.004986661552923288
-1.522832369942197e-05,0.01607973904708404
-1.520832369942196e-05,0.01607973904708404
-1.518832369942197e-05,0.001288969054869704
-1.516832369942196e-05,0.001288969054869704
-1.514832369942197e-05,0.001288969054869704
-1.512832369942196e-05,0.06784743401983422
-1.510832369942197e-05,3.244165289847863
-1.508832369942196e-05,3.236769904851756
-1.506832369942197e-05,3.273746829832291
-1.504832369942196e-05,3.30332836981672
-1.502832369942197e-05,3.321816832306988
-1.500832369942197e-05,3.307026062314773
-1.498832369942197e-05,3.292235292322559
-1.496832369942197e-05,3.299630677318667
-1.494832369942197e-05,3.292235292322559
-1.492832369942197e-05,3.30332836981672
-1.490832369942196e-05,3.318119139808934
-1.488832369942197e-05,3.266351444836184
-1.486832369942196e-05,0.09003358900815572
-1.484832369942197e-05,0.06414974152178063
-1.482832369942196e-05,0.02717281654124479
-1.480832369942197e-05,0.008684354050976872
-1.478832369942196e-05,-0.00240872344318388
-1.476832369942197e-05,0.01607973904708404
-1.474832369942196e-05,0.02717281654124479
-1.472832369942197e-05,0.03456820153735196
-1.470832369942196e-05,0.03087050903929837
-1.468832369942197e-05,0.008684354050976872
-1.466832369942197e-05,0.01977743154513762
-1.464832369942197e-05,0.03087050903929837
-1.462832369942197e-05,0.03087050903929837
-1.460832369942197e-05,0.01607973904708404
-1.458832369942197e-05,0.01977743154513762
-1.456832369942197e-05,0.02717281654124479
-1.454832369942197e-05,0.01977743154513762
-1.452832369942196e-05,0.01977743154513762
-1.450832369942197e-05,0.01977743154513762
-1.448832369942196e-05,0.06784743401983422
-1.446832369942197e-05,3.240467597349809
-1.444832369942196e-05,3.233072212353702
-1.442832369942197e-05,3.270049137334238
-1.440832369942196e-05,3.314421447310881
-1.438832369942197e-05,3.332909909801149
-1.436832369942196e-05,3.318119139808934
-1.434832369942197e-05,3.299630677318667
-1.432832369942196e-05,3.299630677318667
-1.430832369942197e-05,3.314421447310881
-1.428832369942197e-05,3.325514524805041
-1.426832369942197e-05,3.318119139808934
-1.424832369942197e-05,3.273746829832291
-1.422832369942197e-05,0.1122197439964772
-1.420832369942197e-05,0.0715451265178878
-1.418832369942196e-05,0.04566127903151271
-1.416832369942197e-05,0.001288969054869704
-1.414832369942196e-05,-0.00240872344318388
-1.412832369942197e-05,0.01977743154513762
-1.410832369942196e-05,0.03087050903929837
-1.408832369942197e-05,0.03456820153735196
-1.406832369942196e-05,0.02347512404319121
-1.404832369942197e-05,0.01977743154513762
-1.402832369942196e-05,0.01238204654903046
-1.400832369942197e-05,0.03456820153735196
-1.398832369942196e-05,0.01977743154513762
-1.396832369942197e-05,0.02347512404319121
-1.394832369942197e-05,0.02347512404319121
-1.392832369942197e-05,0.0715451265178878
-1.390832369942197e-05,3.262653752338131
-1.388832369942197e-05,3.25156067484397
-1.386832369942197e-05,3.281142214828399
-1.384832369942196e-05,3.266351444836184
-1.382832369942197e-05,0.08263820401204855
-1.380832369942196e-05,0.06784743401983422
-1.378832369942197e-05,0.03087050903929837
-1.376832369942196e-05,0.04566127903151271
-1.374832369942197e-05,3.236769904851756
-1.372832369942196e-05,3.233072212353702
-1.370832369942197e-05,3.30332836981672
-1.368832369942196e-05,3.318119139808934
-1.366832369942197e-05,3.329212217303095
-1.364832369942196e-05,3.318119139808934
-1.362832369942197e-05,3.299630677318667
-1.360832369942197e-05,3.318119139808934
-1.358832369942197e-05,3.314421447310881
-1.356832369942197e-05,3.325514524805041
-1.354832369942197e-05,3.314421447310881
-1.352832369942197e-05,3.318119139808934
-1.350832369942197e-05,3.318119139808934
-1.348832369942197e-05,3.325514524805041
-1.346832369942196e-05,3.329212217303095
-1.344832369942197e-05,3.340305294797256
-1.342832369942196e-05,3.332909909801149
-1.340832369942197e-05,3.329212217303095
-1.338832369942196e-05,3.329212217303095
-1.336832369942197e-05,3.325514524805041
-1.334832369942196e-05,3.332909909801149
-1.332832369942197e-05,3.329212217303095
-1.330832369942196e-05,3.321816832306988
-1.328832369942197e-05,3.266351444836184
-1.326832369942196e-05,0.1011266665023165
-1.324832369942197e-05,0.08633589651010214
-1.322832369942197e-05,0.0493589715295663
-1.320832369942197e-05,0.06414974152178063
-1.318832369942197e-05,3.262653752338131
-1.316832369942197e-05,3.236769904851756
-1.314832369942197e-05,3.277444522330345
-1.312832369942197e-05,3.284839907326452
-1.310832369942197e-05,0.09742897400426288
-1.308832369942197e-05,0.07894051151399496
-1.306832369942197e-05,0.01607973904708404
-1.304832369942197e-05,-0.009804108439291047
-1.302832369942197e-05,-0.00240872344318388
-1.300832369942197e-05,0.01238204654903046
-1.298832369942197e-05,0.008684354050976872
-1.296832369942197e-05,0.07524281901594138
-1.294832369942196e-05,3.244165289847863
-1.292832369942196e-05,3.240467597349809
-1.290832369942196e-05,3.273746829832291
-1.288832369942197e-05,3.270049137334238
-1.286832369942197e-05,0.09742897400426288
-1.284832369942197e-05,0.06784743401983422
-1.282832369942197e-05,0.01607973904708404
-1.280832369942197e-05,-0.03568795592566613
-1.278832369942197e-05,-0.01719949343539821
-1.276832369942197e-05,0.004986661552923288
-1.274832369942197e-05,0.01238204654903046
-1.272832369942197e-05,0.06784743401983422
-1.270832369942197e-05,3.233072212353702
-1.268832369942197e-05,3.221979134859541
-1.266832369942197e-05,3.273746829832291
-1.264832369942197e-05,3.318119139808934
-1.262832369942197e-05,3.325514524805041
-1.260832369942196e-05,3.30332836981672
-1.258832369942196e-05,3.299630677318667
-1.256832369942196e-05,3.255258367342023
-1.254832369942197e-05,0.1011266665023165
-1.252832369942197e-05,0.1011266665023165
-1.250832369942197e-05,0.0493589715295663
-1.248832369942197e-05,0.01607973904708404
-1.246832369942197e-05,0.01238204654903046
-1.244832369942197e-05,0.02347512404319121
-1.242832369942197e-05,0.04196358653345913
-1.240832369942197e-05,0.08633589651010214
-1.238832369942197e-05,3.247862982345916
-1.236832369942197e-05,3.244165289847863
-1.234832369942197e-05,3.284839907326452
-1.232832369942197e-05,3.277444522330345
-1.230832369942197e-05,0.1048243590003701
-1.228832369942197e-05,0.07894051151399496
-1.226832369942197e-05,0.02717281654124479
-1.224832369942196e-05,0.04566127903151271
-1.222832369942196e-05,3.244165289847863
-1.220832369942196e-05,3.221979134859541
-1.218832369942197e-05,3.288537599824505
-1.216832369942197e-05,3.273746829832291
-1.214832369942197e-05,0.1048243590003701
-1.212832369942197e-05,0.05305666402761988
-1.210832369942197e-05,0.01607973904708404
-1.208832369942197e-05,0.02347512404319121
-1.206832369942197e-05,3.225676827357595
-1.204832369942197e-05,3.233072212353702
-1.202832369942197e-05,3.284839907326452
-1.200832369942197e-05,3.321816832306988
-1.198832369942197e-05,3.318119139808934
-1.196832369942197e-05,3.307026062314773
-1.194832369942197e-05,3.288537599824505
-1.192832369942197e-05,3.295932984820613
-1.190832369942197e-05,3.299630677318667
-1.188832369942196e-05,3.30332836981672
-1.186832369942196e-05,3.307026062314773
-1.184832369942196e-05,3.255258367342023
-1.182832369942197e-05,0.1085220514984236
-1.180832369942197e-05,0.08263820401204855
-1.178832369942197e-05,0.05305666402761988
-1.176832369942197e-05,0.01607973904708404
-1.174832369942197e-05,0.01238204654903046
-1.172832369942197e-05,0.02347512404319121
-1.170832369942197e-05,0.03087050903929837
-1.168832369942197e-05,0.04566127903151271
-1.166832369942197e-05,0.03456820153735196
-1.164832369942197e-05,0.01238204654903046
-1.162832369942197e-05,0.004986661552923288
-1.160832369942197e-05,0.01238204654903046
-1.158832369942197e-05,0.01607973904708404
-1.156832369942197e-05,0.01238204654903046
-1.154832369942196e-05,0.01607973904708404
-1.152832369942196e-05,0.07524281901594138
-1.150832369942196e-05,3.255258367342023
-1.148832369942196e-05,3.240467597349809
-1.146832369942197e-05,3.281142214828399
-1.144832369942197e-05,3.292235292322559
-1.142832369942197e-05,0.1011266665023165
-1.140832369942197e-05,0.07894051151399496
-1.138832369942197e-05,0.04566127903151271
-1.136832369942197e-05,0.001288969054869704
-1.134832369942197e-05,0.004986661552923288
-1.132832369942197e-05,0.01977743154513762
-1.130832369942197e-05,0.03456820153735196
-1.128832369942197e-05,0.04196358653345913
-1.126832369942197e-05,0.02347512404319121
-1.124832369942197e-05,0.02717281654124479
-1.122832369942197e-05,0.01607973904708404
-1.120832369942197e-05,0.07524281901594138
-1.118832369942196e-05,3.25156067484397
-1.116832369942196e-05,3.244165289847863
-1.114832369942196e-05,3.288537599824505
-1.112832369942197e-05,3.325514524805041
-1.110832369942197e-05,3.332909909801149
-1.108832369942197e-05,3.318119139808934
-1.106832369942197e-05,3.30332836981672
-1.104832369942197e-05,3.258956059840077
-1.102832369942197e-05,0.1011266665023165
-1.100832369942197e-05,0.07524281901594138
-1.098832369942197e-05,0.04566127903151271
-1.096832369942197e-05,0.06414974152178063
-1.094832369942197e-05,3.258956059840077
-1.092832369942197e-05,3.244165289847863
-1.090832369942197e-05,3.310723754812827
-1.088832369942197e-05,3.288537599824505
-1.086832369942197e-05,0.1011266665023165
-1.084832369942197e-05,0.0715451265178878
-1.082832369942196e-05,0.03456820153735196
-1.080832369942196e-05,-0.009804108439291047
-1.078832369942196e-05,0.001288969054869704
-1.076832369942197e-05,0.02717281654124479
-1.074832369942197e-05,0.02347512404319121
-1.072832369942197e-05,0.07524281901594138
-1.070832369942197e-05,3.240467597349809
-1.068832369942197e-05,3.236769904851756
-1.066832369942197e-05,3.277444522330345
-1.064832369942197e-05,3.325514524805041
-1.062832369942197e-05,3.332909909801149
-1.060832369942197e-05,3.310723754812827
-1.058832369942197e-05,3.295932984820613
-1.056832369942197e-05,3.25156067484397
-1.054832369942197e-05,0.1011266665023165
-1.052832369942197e-05,0.07894051151399496
-1.050832369942197e-05,0.06414974152178063
-1.048832369942197e-05,0.008684354050976872
-1.046832369942196e-05,0.008684354050976872
-1.044832369942196e-05,0.01977743154513762
-1.042832369942196e-05,0.03456820153735196
-1.040832369942197e-05,0.03456820153735196
-1.038832369942197e-05,0.01607973904708404
-1.036832369942197e-05,0.01607973904708404
-1.034832369942197e-05,0.01238204654903046
-1.032832369942197e-05,0.01238204654903046
-1.030832369942197e-05,0.01238204654903046
-1.028832369942197e-05,0.01238204654903046
-1.026832369942197e-05,0.01977743154513762
-1.024832369942197e-05,0.02347512404319121
-1.022832369942197e-05,0.01607973904708404
-1.020832369942197e-05,0.02347512404319121
-1.018832369942197e-05,0.02347512404319121
-1.016832369942197e-05,0.01977743154513762
-1.014832369942197e-05,0.008684354050976872
-1.012832369942196e-05,0.004986661552923288
-1.010832369942196e-05,0.008684354050976872
-1.008832369942196e-05,0.004986661552923288
-1.006832369942197e-05,0.004986661552923288
-1.004832369942197e-05,0.01607973904708404
-1.002832369942197e-05,0.001288969054869704
-1.000832369942197e-05,0.06045204902372704
-9.988323699421966e-06,3.255258367342023
-9.968323699421966e-06,3.236769904851756
-9.948323699421966e-06,3.273746829832291
-9.928323699421966e-06,3.262653752338131
-9.908323699421967e-06,0.09003358900815572
-9.888323699421967e-06,0.08263820401204855
-9.868323699421967e-06,0.01607973904708404
-9.848323699421967e-06,0.04566127903151271
-9.828323699421967e-06,3.247862982345916
-9.808323699421968e-06,3.236769904851756
-9.788323699421968e-06,3.281142214828399
-9.768323699421965e-06,3.266351444836184
-9.748323699421965e-06,0.08263820401204855
-9.728323699421965e-06,0.0715451265178878
-9.708323699421965e-06,0.02347512404319121
-9.688323699421965e-06,-0.01719949343539821
-9.668323699421965e-06,-0.0208971859334518
-9.648323699421966e-06,0.01607973904708404
-9.628323699421966e-06,0.02347512404319121
-9.608323699421966e-06,0.06414974152178063
-9.588323699421966e-06,3.236769904851756
-9.568323699421966e-06,3.240467597349809
-9.548323699421967e-06,3.281142214828399
-9.528323699421967e-06,3.321816832306988
-9.508323699421967e-06,3.329212217303095
-9.488323699421967e-06,3.310723754812827
-9.468323699421967e-06,3.310723754812827
-9.448323699421968e-06,3.266351444836184
-9.428323699421968e-06,0.1159174364945308
-9.408323699421965e-06,0.07524281901594138
-9.388323699421965e-06,0.04566127903151271
-9.368323699421965e-06,0.07524281901594138
-9.348323699421965e-06,3.25156067484397
-9.328323699421965e-06,3.236769904851756
-9.308323699421966e-06,3.30332836981672
-9.288323699421966e-06,3.288537599824505
-9.268323699421966e-06,0.1048243590003701
-9.248323699421966e-06,0.08633589651010214
-9.228323699421966e-06,0.03456820153735196
-9.208323699421966e-06,0.06045204902372704
-9.188323699421967e-06,3.244165289847863
-9.168323699421967e-06,3.25156067484397
-9.148323699421967e-06,3.299630677318667
-9.128323699421967e-06,3.332909909801149
-9.108323699421967e-06,3.332909909801149
-9.088323699421968e-06,3.310723754812827
-9.068323699421964e-06,3.307026062314773
-9.048323699421965e-06,3.299630677318667
-9.028323699421965e-06,3.307026062314773
-9.008323699421965e-06,3.318119139808934
-8.988323699421965e-06,3.307026062314773
-8.968323699421965e-06,3.262653752338131
-8.948323699421966e-06,0.1011266665023165
-8.928323699421966e-06,0.07894051151399496
-8.908323699421966e-06,0.03826589403540554
-8.888323699421966e-06,0.04566127903151271
-8.868323699421966e-06,3.236769904851756
-8.848323699421967e-06,3.240467597349809
-8.828323699421967e-06,3.288537599824505
-8.808323699421967e-06,3.340305294797256
-8.788323699421967e-06,3.332909909801149
-8.768323699421967e-06,3.310723754812827
-8.748323699421968e-06,3.30332836981672
-8.728323699421968e-06,3.255258367342023
-8.708323699421965e-06,0.1048243590003701
-8.688323699421965e-06,0.09003358900815572
-8.668323699421965e-06,0.03826589403540554
-8.648323699421965e-06,0.05305666402761988
-8.628323699421965e-06,3.247862982345916
-8.608323699421965e-06,3.229374519855648
-8.588323699421966e-06,3.299630677318667
-8.568323699421966e-06,3.325514524805041
-8.548323699421966e-06,3.332909909801149
-8.528323699421966e-06,3.314421447310881
-8.508323699421966e-06,3.30332836981672
-8.488323699421967e-06,3.255258367342023
-8.468323699421967e-06,0.1122197439964772
-8.448323699421967e-06,0.09003358900815572
-8.428323699421967e-06,0.04196358653345913
-8.408323699421967e-06,0.06045204902372704
-8.388323699421968e-06,3.247862982345916
-8.368323699421968e-06,3.244165289847863
-8.348323699421965e-06,3.299630677318667
-8.328323699421965e-06,3.332909909801149
-8.308323699421965e-06,3.332909909801149
-8.288323699421965e-06,3.318119139808934
-8.268323699421965e-06,3.288537599824505
-8.248323699421966e-06,3.307026062314773
-8.228323699421966e-06,3.310723754812827
-8.208323699421966e-06,3.321816832306988
-8.188323699421966e-06,3.318119139808934
-8.168323699421966e-06,3.307026062314773
-8.148323699421966e-06,3.307026062314773
-8.128323699421967e-06,3.318119139808934
-8.108323699421967e-06,3.314421447310881
-8.088323699421967e-06,3.314421447310881
-8.068323699421967e-06,3.314421447310881
-8.048323699421967e-06,3.318119139808934
-8.028323699421968e-06,3.318119139808934
-8.008323699421964e-06,3.318119139808934
-7.988323699421965e-06,3.321816832306988
-7.968323699421965e-06,3.314421447310881
-7.948323699421965e-06,3.307026062314773
-7.928323699421965e-06,3.314421447310881
-7.908323699421965e-06,3.314421447310881
-7.888323699421966e-06,3.325514524805041
-7.868323699421966e-06,3.318119139808934
-7.848323699421966e-06,3.314421447310881
-7.828323699421966e-06,3.329212217303095
-7.808323699421966e-06,3.314421447310881
-7.788323699421967e-06,3.310723754812827
-7.768323699421967e-06,3.321816832306988
-7.748323699421967e-06,3.325514524805041
-7.728323699421967e-06,3.321816832306988
-7.708323699421967e-06,3.321816832306988
-7.688323699421967e-06,3.281142214828399
-7.668323699421968e-06,0.1159174364945308
-7.648323699421964e-06,0.1048243590003701
-7.628323699421965e-06,0.06045204902372704
-7.608323699421965e-06,0.02347512404319121
-7.588323699421965e-06,0.01238204654903046
-7.568323699421965e-06,0.02717281654124479
-7.548323699421965e-06,0.04566127903151271
-7.528323699421966e-06,0.03826589403540554
-7.508323699421966e-06,0.03087050903929837
-7.488323699421966e-06,0.02347512404319121
-7.468323699421966e-06,0.02347512404319121
-7.448323699421966e-06,0.0937312815062093
-7.428323699421967e-06,3.270049137334238
-7.408323699421967e-06,3.244165289847863
-7.388323699421967e-06,3.295932984820613
-7.368323699421967e-06,3.329212217303095
-7.348323699421967e-06,3.340305294797256
-7.328323699421968e-06,3.332909909801149
-7.308323699421968e-06,3.318119139808934
-7.288323699421965e-06,3.273746829832291
-7.268323699421965e-06,0.1122197439964772
-7.248323699421965e-06,0.09742897400426288
-7.228323699421965e-06,0.06045204902372704
-7.208323699421965e-06,0.01977743154513762
-7.188323699421966e-06,0.01607973904708404
-7.168323699421966e-06,0.01977743154513762
-7.148323699421966e-06,0.03826589403540554
-7.128323699421966e-06,0.1048243590003701
-7.108323699421966e-06,3.255258367342023
-7.088323699421966e-06,3.233072212353702
-7.068323699421967e-06,3.284839907326452
-7.048323699421967e-06,3.329212217303095
-7.028323699421967e-06,3.329212217303095
-7.008323699421967e-06,3.318119139808934
-6.988323699421967e-06,3.299630677318667
-6.968323699421968e-06,3.292235292322559
-6.948323699421964e-06,3.314421447310881
-6.928323699421965e-06,3.318119139808934
-6.908323699421965e-06,3.310723754812827
-6.888323699421965e-06,3.318119139808934
-6.868323699421965e-06,3.314421447310881
-6.848323699421965e-06,3.318119139808934
-6.828323699421966e-06,3.318119139808934
-6.808323699421966e-06,3.266351444836184
-6.788323699421966e-06,0.0937312815062093
-6.768323699421966e-06,0.09003358900815572
-6.748323699421966e-06,0.03826589403540554
-6.728323699421967e-06,0.01238204654903046
-6.708323699421967e-06,0.01607973904708404
-6.688323699421967e-06,0.03087050903929837
-6.668323699421967e-06,0.03456820153735196
-6.648323699421967e-06,0.09003358900815572
-6.628323699421967e-06,3.273746829832291
-6.608323699421968e-06,3.240467597349809
-6.588323699421964e-06,3.281142214828399
-6.568323699421965e-06,3.329212217303095
-6.548323699421965e-06,3.344002987295309
-6.528323699421965e-06,3.325514524805041
-6.508323699421965e-06,3.314421447310881
-6.488323699421965e-06,3.307026062314773
-6.468323699421966e-06,3.321816832306988
-6.448323699421966e-06,3.314421447310881
-6.428323699421966e-06,3.318119139808934
-6.408323699421966e-06,3.266351444836184
-6.388323699421966e-06,0.07894051151399496
-6.368323699421967e-06,0.07524281901594138
-6.348323699421967e-06,0.03826589403540554
-6.328323699421967e-06,0.06784743401983422
-6.308323699421967e-06,3.255258367342023
-6.288323699421967e-06,3.244165289847863
-6.268323699421968e-06,3.30332836981672
-6.248323699421968e-06,3.273746829832291
-6.228323699421965e-06,0.08633589651010214
-6.208323699421965e-06,0.08263820401204855
-6.188323699421965e-06,0.02717281654124479
-6.168323699421965e-06,0.05675435652567346
-6.148323699421965e-06,3.262653752338131
-6.128323699421965e-06,3.236769904851756
-6.108323699421966e-06,3.295932984820613
-6.088323699421966e-06,3.329212217303095
-6.068323699421966e-06,3.340305294797256
-6.048323699421966e-06,3.314421447310881
-6.028323699421966e-06,3.30332836981672
-6.008323699421967e-06,3.255258367342023
-5.988323699421967e-06,0.0937312815062093
-5.968323699421967e-06,0.07524281901594138
-5.948323699421967e-06,0.03826589403540554
-5.928323699421967e-06,0.06045204902372704
-5.908323699421968e-06,3.247862982345916
-5.888323699421968e-06,3.225676827357595
-5.868323699421965e-06,3.292235292322559
-5.848323699421965e-06,3.277444522330345
-5.828323699421965e-06,0.0937312815062093
-5.808323699421965e-06,0.0937312815062093
-5.788323699421965e-06,0.03087050903929837
-5.768323699421966e-06,0.004986661552923288
-5.748323699421966e-06,0.01977743154513762
-5.728323699421966e-06,0.03087050903929837
-5.708323699421966e-06,0.04196358653345913
-5.688323699421966e-06,0.09742897400426288
-5.668323699421967e-06,3.255258367342023
-5.648323699421967e-06,3.244165289847863
-5.628323699421967e-06,3.284839907326452
-5.608323699421967e-06,3.277444522330345
-5.588323699421967e-06,0.1048243590003701
-5.568323699421967e-06,0.09003358900815572
-5.548323699421968e-06,0.03087050903929837
-5.528323699421964e-06,-0.009804108439291047
-5.508323699421965e-06,-0.00240872344318388
-5.488323699421965e-06,0.01238204654903046
-5.468323699421965e-06,0.02347512404319121
-5.448323699421965e-06,0.08263820401204855
-5.428323699421965e-06,3.255258367342023
-5.408323699421966e-06,3.225676827357595
-5.388323699421966e-06,3.281142214828399
-5.368323699421966e-06,3.262653752338131
-5.348323699421966e-06,0.07524281901594138
-5.328323699421966e-06,0.06784743401983422
-5.308323699421967e-06,0.01977743154513762
-5.288323699421967e-06,-0.01719949343539821
-5.268323699421967e-06,-0.01350180093734463
-5.248323699421967e-06,0.004986661552923288
-5.228323699421967e-06,0.01977743154513762
-5.208323699421968e-06,0.0715451265178878
-5.188323699421968e-06,3.244165289847863
-5.168323699421965e-06,3.221979134859541
-5.148323699421965e-06,3.262653752338131
-5.128323699421965e-06,3.314421447310881
-5.108323699421965e-06,3.318119139808934
-5.088323699421965e-06,3.310723754812827
-5.068323699421965e-06,3.299630677318667
-5.048323699421966e-06,3.30332836981672
-5.028323699421966e-06,3.310723754812827
-5.008323699421966e-06,3.310723754812827
-4.988323699421966e-06,3.318119139808934
-4.968323699421966e-06,3.314421447310881
-4.948323699421967e-06,3.321816832306988
-4.928323699421967e-06,3.314421447310881
-4.908323699421967e-06,3.321816832306988
-4.888323699421967e-06,3.321816832306988
-4.868323699421967e-06,3.310723754812827
-4.848323699421968e-06,3.318119139808934
-4.828323699421968e-06,3.318119139808934
-4.808323699421965e-06,3.258956059840077
-4.788323699421965e-06,0.09003358900815572
-4.768323699421965e-06,0.09003358900815572
-4.748323699421965e-06,0.0493589715295663
-4.728323699421965e-06,0.0715451265178878
-4.708323699421966e-06,3.255258367342023
-4.688323699421966e-06,3.244165289847863
-4.668323699421966e-06,3.299630677318667
-4.648323699421966e-06,3.281142214828399
-4.628323699421966e-06,0.0937312815062093
-4.608323699421966e-06,0.07524281901594138
-4.588323699421967e-06,0.02717281654124479
-4.568323699421967e-06,-0.01350180093734463
-4.548323699421967e-06,-0.006106415941237463
-4.528323699421967e-06,0.02717281654124479
-4.508323699421967e-06,0.02717281654124479
-4.488323699421968e-06,0.01977743154513762
-4.468323699421964e-06,0.008684354050976872
-4.448323699421965e-06,0.01607973904708404
-4.428323699421965e-06,0.01977743154513762
-4.408323699421965e-06,0.01238204654903046
-4.388323699421965e-06,0.01238204654903046
-4.368323699421965e-06,0.01607973904708404
-4.348323699421966e-06,0.01607973904708404
-4.328323699421966e-06,0.02717281654124479
-4.308323699421966e-06,0.01607973904708404
-4.288323699421966e-06,0.01607973904708404
-4.268323699421966e-06,0.008684354050976872
-4.248323699421967e-06,0.02717281654124479
-4.228323699421967e-06,0.01607973904708404
-4.208323699421967e-06,0.01238204654903046
-4.188323699421967e-06,0.01238204654903046
-4.168323699421967e-06,0.004986661552923288
-4.148323699421968e-06,0.008684354050976872
-4.128323699421968e-06,0.01238204654903046
-4.108323699421965e-06,-0.00240872344318388
-4.088323699421965e-06,-0.006106415941237463
-4.068323699421965e-06,-0.00240872344318388
-4.048323699421965e-06,-0.006106415941237463
-4.028323699421965e-06,-0.00240872344318388
-4.008323699421965e-06,-0.00240872344318388
-3.988323699421966e-06,-0.006106415941237463
-3.968323699421966e-06,0.001288969054869704
-3.948323699421966e-06,-0.006106415941237463
-3.928323699421966e-06,0.05305666402761988
-3.908323699421966e-06,3.240467597349809
-3.888323699421967e-06,3.203490672369273
-3.868323699421967e-06,3.255258367342023
-3.848323699421967e-06,3.299630677318667
-3.828323699421967e-06,3.299630677318667
-3.808323699421967e-06,3.281142214828399
-3.788323699421968e-06,3.273746829832291
-3.768323699421968e-06,3.233072212353702
-3.748323699421965e-06,0.0715451265178878
-3.728323699421965e-06,0.05675435652567346
-3.708323699421965e-06,0.004986661552923288
-3.688323699421965e-06,-0.0208971859334518
-3.668323699421965e-06,-0.02829257092955897
-3.648323699421966e-06,0.001288969054869704
-3.628323699421966e-06,0.004986661552923288
-3.608323699421966e-06,0.01238204654903046
-3.588323699421966e-06,0.008684354050976872
-3.568323699421966e-06,0.004986661552923288
-3.548323699421966e-06,-0.01350180093734463
-3.528323699421967e-06,-0.01719949343539821
-3.508323699421967e-06,0.004986661552923288
-3.488323699421967e-06,-0.006106415941237463
-3.468323699421967e-06,-0.009804108439291047
-3.448323699421967e-06,0.06784743401983422
-3.428323699421968e-06,3.233072212353702
-3.408323699421964e-06,3.214583749863434
-3.388323699421965e-06,3.258956059840077
-3.368323699421965e-06,3.247862982345916
-3.348323699421965e-06,0.06414974152178063
-3.328323699421965e-06,0.05675435652567346
-3.308323699421965e-06,-0.00240872344318388
-3.288323699421966e-06,0.03456820153735196
-3.268323699421966e-06,3.244165289847863
-3.248323699421966e-06,3.225676827357595
-3.228323699421966e-06,3.281142214828399
-3.208323699421966e-06,3.314421447310881
-3.188323699421967e-06,3.314421447310881
-3.168323699421967e-06,3.288537599824505
-3.148323699421967e-06,3.288537599824505
-3.128323699421967e-06,3.292235292322559
-3.108323699421967e-06,3.299630677318667
-3.088323699421967e-06,3.299630677318667
-3.068323699421968e-06,3.295932984820613
-3.048323699421964e-06,3.295932984820613
-3.028323699421965e-06,3.307026062314773
-3.008323699421965e-06,3.321816832306988
-2.988323699421965e-06,3.307026062314773
-2.968323699421965e-06,3.247862982345916
-2.948323699421965e-06,0.0937312815062093
-2.928323699421966e-06,0.0715451265178878
-2.908323699421966e-06,0.03087050903929837
-2.888323699421966e-06,0.05305666402761988
-2.868323699421966e-06,3.247862982345916
-2.848323699421966e-06,3.225676827357595
-2.828323699421967e-06,3.295932984820613
-2.808323699421967e-06,3.273746829832291
-2.788323699421967e-06,0.08633589651010214
-2.768323699421967e-06,0.0937312815062093
-2.748323699421967e-06,0.03087050903929837
-2.728323699421968e-06,-0.006106415941237463
-2.708323699421968e-06,-0.01350180093734463
-2.688323699421965e-06,0.01977743154513762
-2.668323699421965e-06,0.03456820153735196
-2.648323699421965e-06,0.07524281901594138
-2.628323699421965e-06,3.266351444836184
-2.608323699421965e-06,3.236769904851756
-2.588323699421966e-06,3.284839907326452
-2.568323699421966e-06,3.281142214828399
-2.548323699421966e-06,0.09003358900815572
-2.528323699421966e-06,0.08633589651010214
-2.508323699421966e-06,0.02347512404319121
-2.488323699421966e-06,-0.0208971859334518
-2.468323699421967e-06,0.004986661552923288
-2.448323699421967e-06,0.03087050903929837
-2.428323699421967e-06,0.03826589403540554
-2.408323699421967e-06,0.07894051151399496
-2.388323699421967e-06,3.266351444836184
-2.368323699421968e-06,3.233072212353702
-2.348323699421964e-06,3.273746829832291
-2.328323699421965e-06,3.266351444836184
-2.308323699421965e-06,0.0937312815062093
-2.288323699421965e-06,0.09003358900815572
-2.268323699421965e-06,0.01977743154513762
-2.248323699421965e-06,-0.00240872344318388
-2.228323699421966e-06,-0.00240872344318388
-2.208323699421966e-06,0.01977743154513762
-2.188323699421966e-06,0.03456820153735196
-2.168323699421966e-06,0.0937312815062093
-2.148323699421966e-06,3.266351444836184
-2.128323699421967e-06,3.229374519855648
-2.108323699421967e-06,3.277444522330345
-2.088323699421967e-06,3.270049137334238
-2.068323699421967e-06,0.07894051151399496
-2.048323699421967e-06,0.08633589651010214
-2.028323699421967e-06,0.01977743154513762
-2.008323699421968e-06,-0.01350180093734463
-1.988323699421964e-06,-0.0208971859334518
-1.968323699421965e-06,0.01238204654903046
-1.948323699421965e-06,0.02347512404319121
-1.928323699421965e-06,0.07894051151399496
-1.908323699421965e-06,3.247862982345916
-1.888323699421965e-06,3.233072212353702
-1.868323699421966e-06,3.273746829832291
-1.848323699421966e-06,3.258956059840077
-1.828323699421966e-06,0.07894051151399496
-1.808323699421966e-06,0.08633589651010214
-1.788323699421966e-06,0.01977743154513762
-1.768323699421967e-06,0.05675435652567346
-1.748323699421967e-06,3.258956059840077
-1.728323699421967e-06,3.233072212353702
-1.708323699421967e-06,3.292235292322559
-1.688323699421967e-06,3.277444522330345
-1.668323699421968e-06,0.07894051151399496
-1.648323699421968e-06,0.06414974152178063
-1.628323699421965e-06,0.02717281654124479
-1.608323699421965e-06,-0.0208971859334518
-1.588323699421965e-06,-0.00240872344318388
-1.568323699421965e-06,0.01607973904708404
-1.548323699421965e-06,0.02347512404319121
-1.528323699421965e-06,0.07894051151399496
-1.508323699421966e-06,3.266351444836184
-1.488323699421966e-06,3.221979134859541
-1.468323699421966e-06,3.273746829832291
-1.448323699421966e-06,3.270049137334238
-1.428323699421966e-06,0.08633589651010214
-1.408323699421967e-06,0.07894051151399496
-1.388323699421967e-06,0.01607973904708404
-1.368323699421967e-06,-0.01350180093734463
-1.348323699421967e-06,-0.009804108439291047
-1.328323699421967e-06,0.004986661552923288
-1.308323699421968e-06,0.01238204654903046
-1.288323699421968e-06,0.01977743154513762
-1.268323699421965e-06,0.008684354050976872
-1.248323699421965e-06,-0.009804108439291047
-1.228323699421965e-06,-0.00240872344318388
-1.208323699421965e-06,-0.00240872344318388
-1.188323699421965e-06,-0.00240872344318388
-1.168323699421966e-06,0.008684354050976872
-1.148323699421966e-06,0.004986661552923288
-1.128323699421966e-06,-0.00240872344318388
-1.108323699421966e-06,-0.006106415941237463
-1.088323699421966e-06,-0.00240872344318388
-1.068323699421967e-06,-0.00240872344318388
-1.048323699421967e-06,0.06414974152178063
-1.028323699421967e-06,3.236769904851756
-1.008323699421967e-06,3.221979134859541
-9.883236994219673e-07,3.266351444836184
-9.683236994219675e-07,3.314421447310881
-9.483236994219677e-07,3.310723754812827
-9.283236994219645e-07,3.292235292322559
-9.083236994219647e-07,3.281142214828399
-8.883236994219648e-07,3.292235292322559
-8.68323699421965e-07,3.299630677318667
-8.483236994219652e-07,3.30332836981672
-8.283236994219654e-07,3.295932984820613
-8.083236994219656e-07,3.240467597349809
-7.883236994219658e-07,0.06414974152178063
-7.68323699421966e-07,0.0715451265178878
-7.483236994219662e-07,0.02347512404319121
-7.283236994219664e-07,-0.006106415941237463
-7.083236994219666e-07,-0.009804108439291047
-6.883236994219668e-07,0.008684354050976872
-6.683236994219669e-07,0.02347512404319121
-6.483236994219671e-07,0.09003358900815572
-6.283236994219673e-07,3.258956059840077
-6.083236994219675e-07,3.236769904851756
-5.883236994219677e-07,3.292235292322559
-5.683236994219645e-07,3.273746829832291
-5.483236994219647e-07,0.09003358900815572
-5.283236994219649e-07,0.0937312815062093
-5.083236994219651e-07,0.03456820153735196
-4.883236994219653e-07,-0.01350180093734463
-4.683236994219655e-07,-0.00240872344318388
-4.483236994219657e-07,0.01977743154513762
-4.283236994219659e-07,0.02347512404319121
-4.083236994219661e-07,0.07524281901594138
-3.883236994219662e-07,3.258956059840077
-3.683236994219664e-07,3.221979134859541
-3.483236994219666e-07,3.277444522330345
-3.283236994219668e-07,3.266351444836184
-3.08323699421967e-07,0.08633589651010214
-2.883236994219672e-07,0.08633589651010214
-2.683236994219674e-07,0.04196358653345913
-2.483236994219676e-07,0.05675435652567346
-2.283236994219678e-07,3.262653752338131
-2.083236994219646e-07,3.247862982345916
-1.883236994219648e-07,3.299630677318667
-1.68323699421965e-07,3.344002987295309
-1.483236994219652e-07,3.336607602299202
-1.283236994219653e-07,3.314421447310881
-1.083236994219655e-07,3.307026062314773
-8.832369942196573e-08,3.266351444836184
-6.832369942196592e-08,0.08633589651010214
-4.832369942196611e-08,0.0937312815062093
-2.83236994219663e-08,0.06045204902372704
-8.323699421966492e-09,0.06784743401983422
1.167630057803332e-08,3.266351444836184
3.167630057803313e-08,3.244165289847863
5.167630057803293e-08,3.30332836981672
7.167630057803274e-08,3.344002987295309
9.167630057803255e-08,3.340305294797256
1.116763005780324e-07,3.329212217303095
1.316763005780356e-07,3.310723754812827
1.516763005780354e-07,3.262653752338131
1.716763005780352e-07,0.1048243590003701
1.91676300578035e-07,0.07894051151399496
2.116763005780348e-07,0.03826589403540554
2.316763005780346e-07,0.004986661552923288
2.516763005780344e-07,-0.00240872344318388
2.716763005780342e-07,0.004986661552923288
2.91676300578034e-07,0.01238204654903046
3.116763005780338e-07,0.07894051151399496
3.316763005780336e-07,3.262653752338131
3.516763005780334e-07,3.221979134859541
3.716763005780333e-07,3.270049137334238
3.916763005780331e-07,3.314421447310881
4.116763005780329e-07,3.321816832306988
4.316763005780327e-07,3.310723754812827
4.516763005780325e-07,3.288537599824505
4.716763005780323e-07,3.25156067484397
4.916763005780355e-07,0.1011266665023165
5.116763005780353e-07,0.07524281901594138
5.316763005780351e-07,0.04196358653345913
5.516763005780349e-07,0.05305666402761988
5.716763005780347e-07,3.255258367342023
5.916763005780345e-07,3.236769904851756
6.116763005780343e-07,3.299630677318667
6.316763005780342e-07,3.273746829832291
6.51676300578034e-07,0.09003358900815572
6.716763005780338e-07,0.08263820401204855
6.916763005780336e-07,0.02717281654124479
7.116763005780334e-07,-0.009804108439291047
7.316763005780332e-07,-0.01350180093734463
7.51676300578033e-07,0.01977743154513762
7.716763005780328e-07,0.02717281654124479
7.916763005780326e-07,0.0715451265178878
8.116763005780324e-07,3.255258367342023
8.316763005780322e-07,3.233072212353702
8.516763005780354e-07,3.270049137334238
8.716763005780352e-07,3.321816832306988
8.916763005780351e-07,3.325514524805041
9.116763005780349e-07,3.310723754812827
9.316763005780347e-07,3.288537599824505
9.516763005780345e-07,3.30332836981672
9.716763005780343e-07,3.307026062314773
9.916763005780341e-07,3.318119139808934
1.011676300578034e-06,3.310723754812827
1.031676300578034e-06,3.314421447310881
1.051676300578034e-06,3.318119139808934
1.071676300578033e-06,3.30332836981672
1.091676300578033e-06,3.318119139808934
1.111676300578033e-06,3.270049137334238
1.131676300578033e-06,0.09742897400426288
1.151676300578033e-06,0.08263820401204855
1.171676300578032e-06,0.0493589715295663
1.191676300578036e-06,0.08263820401204855
1.211676300578035e-06,3.277444522330345
1.231676300578035e-06,3.258956059840077
1.251676300578035e-06,3.318119139808934
1.271676300578035e-06,3.307026062314773
1.291676300578035e-06,0.1085220514984236
1.311676300578034e-06,0.1048243590003701
1.331676300578034e-06,0.05675435652567346
1.351676300578034e-06,0.02347512404319121
1.371676300578034e-06,0.01977743154513762
1.391676300578034e-06,0.03826589403540554
1.411676300578033e-06,0.06045204902372704
1.431676300578033e-06,0.0493589715295663
1.451676300578033e-06,0.04196358653345913
1.471676300578033e-06,0.03456820153735196
1.491676300578033e-06,0.03456820153735196
1.511676300578033e-06,0.03456820153735196
1.531676300578032e-06,0.04196358653345913
1.551676300578036e-06,0.03456820153735196
1.571676300578035e-06,0.02717281654124479
1.591676300578035e-06,0.01607973904708404
1.611676300578035e-06,0.02347512404319121
1.631676300578035e-06,0.03087050903929837
1.651676300578035e-06,0.02347512404319121
1.671676300578034e-06,0.03087050903929837
1.691676300578034e-06,0.02347512404319121
1.711676300578034e-06,0.004986661552923288
1.731676300578034e-06,0.01977743154513762
1.751676300578034e-06,0.01607973904708404
1.771676300578033e-06,0.008684354050976872
1.791676300578033e-06,0.01607973904708404
1.811676300578033e-06,0.008684354050976872
1.831676300578033e-06,0.01238204654903046
1.851676300578033e-06,0.02347512404319121
1.871676300578032e-06,0.004986661552923288
1.891676300578032e-06,0.004986661552923288
1.911676300578035e-06,0.01607973904708404
1.931676300578035e-06,0.001288969054869704
1.951676300578035e-06,-0.009804108439291047
1.971676300578035e-06,-0.00240872344318388
1.991676300578035e-06,0.004986661552923288
2.011676300578034e-06,0.004986661552923288
2.031676300578034e-06,0.004986661552923288
2.051676300578034e-06,0.001288969054869704
2.071676300578034e-06,-0.009804108439291047
2.091676300578034e-06,-0.00240872344318388
2.111676300578034e-06,0.004986661552923288
2.131676300578033e-06,-0.00240872344318388
2.151676300578033e-06,0.06045204902372704
2.171676300578035e-06,3.236769904851756
2.191676300578034e-06,3.233072212353702
2.211676300578034e-06,3.266351444836184
2.231676300578034e-06,3.295932984820613
2.251676300578034e-06,3.325514524805041
2.271676300578034e-06,3.30332836981672
2.291676300578034e-06,3.292235292322559
2.311676300578033e-06,3.236769904851756
2.331676300578033e-06,0.09003358900815572
2.351676300578035e-06,0.07894051151399496
2.371676300578034e-06,0.03456820153735196
2.391676300578034e-06,-0.009804108439291047
2.411676300578034e-06,-0.00240872344318388
2.431676300578034e-06,0.01607973904708404
2.451676300578034e-06,0.01607973904708404
2.471676300578033e-06,0.02717281654124479
2.491676300578033e-06,0.01977743154513762
2.511676300578033e-06,0.01977743154513762
2.531676300578035e-06,0.004986661552923288
2.551676300578034e-06,0.008684354050976872
2.571676300578034e-06,0.004986661552923288
2.591676300578034e-06,0.008684354050976872
2.611676300578034e-06,-0.00240872344318388
2.631676300578034e-06,0.008684354050976872
2.651676300578033e-06,0.001288969054869704
2.671676300578033e-06,0.001288969054869704
2.691676300578033e-06,0.001288969054869704
2.711676300578035e-06,0.05305666402761988
2.731676300578034e-06,3.229374519855648
2.751676300578034e-06,3.221979134859541
2.771676300578034e-06,3.273746829832291
2.791676300578034e-06,3.262653752338131
2.811676300578034e-06,0.08263820401204855
2.831676300578033e-06,0.06414974152178063
2.851676300578033e-06,0.008684354050976872
2.871676300578035e-06,0.03826589403540554
2.891676300578035e-06,3.236769904851756
2.911676300578034e-06,3.218281442361488
2.931676300578034e-06,3.284839907326452
2.951676300578034e-06,3.262653752338131
2.971676300578034e-06,0.08263820401204855
2.991676300578034e-06,0.0715451265178878
3.011676300578033e-06,0.004986661552923288
3.031676300578033e-06,-0.01350180093734463
3.051676300578035e-06,-0.01719949343539821
3.071676300578035e-06,-0.00240872344318388
3.091676300578034e-06,0.01238204654903046
3.111676300578034e-06,0.01977743154513762
3.131676300578034e-06,0.01238204654903046
3.151676300578034e-06,0.001288969054869704
3.171676300578034e-06,0.004986661552923288
3.191676300578033e-06,-0.00240872344318388
3.211676300578033e-06,0.02717281654124479
3.231676300578035e-06,0.008684354050976872
3.251676300578034e-06,0.01607973904708404
3.271676300578034e-06,-0.009804108439291047
3.291676300578034e-06,-0.006106415941237463
3.311676300578034e-06,-0.009804108439291047
3.331676300578034e-06,0.001288969054869704
3.351676300578034e-06,0.004986661552923288
3.371676300578033e-06,-0.00240872344318388
3.391676300578033e-06,0.001288969054869704
3.411676300578035e-06,-0.01350180093734463
3.431676300578034e-06,0.001288969054869704
3.451676300578034e-06,-0.00240872344318388
3.471676300578034e-06,-0.009804108439291047
3.491676300578034e-06,0.001288969054869704
3.511676300578034e-06,0.04196358653345913
3.531676300578033e-06,3.247862982345916
3.551676300578033e-06,3.218281442361488
3.571676300578033e-06,3.266351444836184
3.591676300578035e-06,3.25156067484397
3.611676300578034e-06,0.08263820401204855
3.631676300578034e-06,0.06414974152178063
3.651676300578034e-06,0.02347512404319121
3.671676300578034e-06,-0.03938564842371972
3.691676300578034e-06,0.001288969054869704
3.711676300578033e-06,0.008684354050976872
3.731676300578033e-06,0.01607973904708404
3.751676300578033e-06,0.08263820401204855
3.771676300578035e-06,3.255258367342023
3.791676300578034e-06,3.236769904851756
3.811676300578034e-06,3.284839907326452
3.831676300578034e-06,3.273746829832291
3.851676300578034e-06,0.09742897400426288
3.871676300578034e-06,0.09003358900815572
3.891676300578033e-06,0.03826589403540554
3.911676300578033e-06,0.001288969054869704
3.931676300578033e-06,-0.00240872344318388
3.951676300578035e-06,0.01607973904708404
3.971676300578034e-06,0.02347512404319121
3.991676300578034e-06,0.03087050903929837
4.011676300578034e-06,0.008684354050976872
4.031676300578034e-06,0.01607973904708404
4.051676300578034e-06,0.01607973904708404
4.071676300578033e-06,0.004986661552923288
4.091676300578033e-06,0.02347512404319121
4.111676300578035e-06,0.01607973904708404
4.131676300578035e-06,0.008684354050976872
4.151676300578034e-06,0.06414974152178063
4.171676300578034e-06,3.258956059840077
4.191676300578034e-06,3.229374519855648
4.211676300578034e-06,3.270049137334238
4.231676300578034e-06,3.270049137334238
4.251676300578033e-06,0.09003358900815572
4.271676300578033e-06,0.08263820401204855
4.291676300578035e-06,0.03087050903929837
4.311676300578034e-06,0.05305666402761988
4.331676300578034e-06,3.270049137334238
4.351676300578034e-06,3.236769904851756
4.371676300578034e-06,3.295932984820613
4.391676300578034e-06,3.277444522330345
4.411676300578034e-06,0.08263820401204855
4.431676300578033e-06,0.0715451265178878
4.451676300578033e-06,0.01238204654903046
4.471676300578035e-06,-0.01350180093734463
4.491676300578034e-06,-0.02829257092955897
4.511676300578034e-06,-0.009804108439291047
4.531676300578034e-06,0.004986661552923288
4.551676300578034e-06,0.0715451265178878
4.571676300578034e-06,3.236769904851756
4.591676300578034e-06,3.203490672369273
4.611676300578033e-06,3.25156067484397
4.631676300578033e-06,3.30332836981672
4.651676300578035e-06,3.314421447310881
4.671676300578034e-06,3.288537599824505
4.691676300578034e-06,3.281142214828399
4.711676300578034e-06,3.25156067484397
4.731676300578034e-06,0.07524281901594138
4.751676300578034e-06,0.07524281901594138
4.771676300578033e-06,0.03456820153735196
4.791676300578033e-06,-0.00240872344318388
4.811676300578033e-06,-0.01350180093734463
4.831676300578035e-06,0.01607973904708404
4.851676300578034e-06,0.01977743154513762
4.871676300578034e-06,0.08263820401204855
4.891676300578034e-06,3.281142214828399
4.911676300578034e-06,3.240467597349809
4.931676300578034e-06,3.292235292322559
4.951676300578033e-06,3.332909909801149
4.971676300578033e-06,3.336607602299202
4.991676300578033e-06,3.329212217303095
5.011676300578035e-06,3.310723754812827
5.031676300578034e-06,3.258956059840077
5.051676300578034e-06,0.07894051151399496
5.071676300578034e-06,0.07894051151399496
5.091676300578034e-06,0.04196358653345913
5.111676300578034e-06,0.08263820401204855
5.131676300578033e-06,3.284839907326452
5.151676300578033e-06,3.229374519855648
5.171676300578035e-06,3.307026062314773
5.191676300578035e-06,3.273746829832291
5.211676300578034e-06,0.07894051151399496
5.231676300578034e-06,0.09742897400426288
5.251676300578034e-06,0.02717281654124479
5.271676300578034e-06,0.001288969054869704
5.291676300578034e-06,0.004986661552923288
5.311676300578033e-06,0.02717281654124479
5.331676300578033e-06,0.04196358653345913
5.351676300578035e-06,0.04196358653345913
5.371676300578035e-06,0.01977743154513762
5.391676300578034e-06,0.01238204654903046
5.411676300578034e-06,0.02347512404319121
5.431676300578034e-06,0.09003358900815572
5.451676300578034e-06,3.277444522330345
5.471676300578034e-06,3.240467597349809
5.491676300578033e-06,3.281142214828399
5.511676300578033e-06,3.318119139808934
5.531676300578035e-06,3.314421447310881
5.551676300578034e-06,3.30332836981672
5.571676300578034e-06,3.295932984820613
5.591676300578034e-06,3.295932984820613
5.611676300578034e-06,3.299630677318667
5.631676300578034e-06,3.321816832306988
5.651676300578034e-06,3.314421447310881
5.671676300578033e-06,3.258956059840077
5.691676300578033e-06,0.0715451265178878
5.711676300578035e-06,0.0937312815062093
5.731676300578034e-06,0.04566127903151271
5.751676300578034e-06,0.0715451265178878
5.771676300578034e-06,3.273746829832291
5.791676300578034e-06,3.236769904851756
5.811676300578034e-06,3.299630677318667
5.831676300578033e-06,3.332909909801149
5.851676300578033e-06,3.332909909801149
5.871676300578033e-06,3.30332836981672
5.891676300578035e-06,3.321816832306988
5.911676300578034e-06,3.310723754812827
5.931676300578034e-06,3.314421447310881
5.951676300578034e-06,3.329212217303095
5.971676300578034e-06,3.318119139808934
5.991676300578034e-06,3.258956059840077
6.011676300578033e-06,0.06784743401983422
6.031676300578033e-06,0.09003358900815572
6.051676300578033e-06,0.0493589715295663
6.071676300578035e-06,0.07524281901594138
6.091676300578034e-06,3.273746829832291
6.111676300578034e-06,3.236769904851756
6.131676300578034e-06,3.299630677318667
6.151676300578034e-06,3.273746829832291
6.171676300578034e-06,0.07894051151399496
6.191676300578033e-06,0.08633589651010214
6.211676300578033e-06,0.02717281654124479
6.231676300578033e-06,0.08263820401204855
6.251676300578035e-06,3.288537599824505
6.271676300578034e-06,3.244165289847863
6.291676300578034e-06,3.325514524805041
6.311676300578034e-06,3.281142214828399
6.331676300578034e-06,0.09003358900815572
6.351676300578034e-06,0.09003358900815572
6.371676300578033e-06,0.03456820153735196
6.391676300578033e-06,0.0715451265178878
6.411676300578035e-06,3.284839907326452
6.431676300578035e-06,3.244165289847863
6.451676300578034e-06,3.307026062314773
6.471676300578034e-06,3.277444522330345
6.491676300578034e-06,0.07524281901594138
6.511676300578034e-06,0.09003358900815572
6.531676300578034e-06,0.04566127903151271
6.551676300578033e-06,0.01607973904708404
6.571676300578033e-06,0.008684354050976872
6.591676300578035e-06,0.03456820153735196
6.611676300578035e-06,0.02717281654124479
6.631676300578034e-06,0.04196358653345913
6.651676300578034e-06,0.01977743154513762
6.671676300578034e-06,0.01607973904708404
6.691676300578034e-06,0.02347512404319121
6.711676300578034e-06,0.08263820401204855
6.731676300578033e-06,3.273746829832291
6.751676300578033e-06,3.244165289847863
6.771676300578035e-06,3.288537599824505
6.791676300578034e-06,3.270049137334238
6.811676300578034e-06,0.07894051151399496
6.831676300578034e-06,0.0937312815062093
6.851676300578034e-06,0.03087050903929837
6.871676300578034e-06,-0.01350180093734463
6.891676300578034e-06,-0.006106415941237463
6.911676300578033e-06,0.008684354050976872
6.931676300578033e-06,0.01238204654903046
6.951676300578035e-06,0.07894051151399496
6.971676300578034e-06,3.255258367342023
6.991676300578034e-06,3.221979134859541
7.011676300578034e-06,3.262653752338131
7.031676300578034e-06,3.247862982345916
7.051676300578034e-06,0.0715451265178878
7.071676300578033e-06,0.07894051151399496
7.091676300578033e-06,0.01607973904708404
7.111676300578033e-06,-0.02459487843150538
7.131676300578035e-06,-0.0208971859334518
7.151676300578034e-06,0.004986661552923288
7.171676300578034e-06,0.01977743154513762
7.191676300578034e-06,0.01238204654903046
7.211676300578034e-06,0.01607973904708404
7.231676300578034e-06,0.004986661552923288
7.251676300578033e-06,0.001288969054869704
7.271676300578033e-06,0.06784743401983422
7.291676300578033e-06,3.25156067484397
7.311676300578035e-06,3.218281442361488
7.331676300578034e-06,3.273746829832291
7.351676300578034e-06,3.299630677318667
7.371676300578034e-06,3.307026062314773
7.391676300578034e-06,3.292235292322559
7.411676300578034e-06,3.288537599824505
7.431676300578033e-06,3.229374519855648
7.451676300578033e-06,0.06045204902372704
7.471676300578035e-06,0.07524281901594138
7.491676300578035e-06,0.03087050903929837
7.511676300578034e-06,-0.02459487843150538
7.531676300578034e-06,-0.01350180093734463
7.551676300578034e-06,-0.00240872344318388
7.571676300578034e-06,0.01607973904708404
7.591676300578034e-06,0.01977743154513762
7.611676300578033e-06,0.01607973904708404
7.631676300578033e-06,0.008684354050976872
7.651676300578035e-06,0.004986661552923288
7.671676300578035e-06,0.008684354050976872
7.691676300578034e-06,0.008684354050976872
7.711676300578034e-06,0.01977743154513762
7.731676300578034e-06,0.008684354050976872
7.751676300578034e-06,0.07894051151399496
7.771676300578034e-06,3.277444522330345
7.791676300578033e-06,3.229374519855648
7.811676300578033e-06,3.277444522330345
7.831676300578035e-06,3.332909909801149
7.851676300578034e-06,3.329212217303095
7.871676300578034e-06,3.314421447310881
7.891676300578034e-06,3.30332836981672
7.911676300578034e-06,3.307026062314773
7.931676300578034e-06,3.310723754812827
7.951676300578034e-06,3.329212217303095
7.971676300578033e-06,3.314421447310881
7.991676300578033e-06,3.314421447310881
8.011676300578035e-06,3.318119139808934
8.031676300578034e-06,3.318119139808934
8.051676300578034e-06,3.329212217303095
8.071676300578034e-06,3.270049137334238
8.091676300578034e-06,0.1011266665023165
8.111676300578034e-06,0.1085220514984236
8.131676300578034e-06,0.05675435652567346
8.151676300578033e-06,0.09003358900815572
8.171676300578033e-06,3.281142214828399
8.191676300578035e-06,3.258956059840077
8.211676300578034e-06,3.299630677318667
8.231676300578034e-06,3.284839907326452
8.251676300578034e-06,0.09003358900815572
8.271676300578034e-06,0.1048243590003701
8.291676300578034e-06,0.03456820153735196
8.311676300578033e-06,0.09003358900815572
8.331676300578033e-06,3.281142214828399
8.351676300578033e-06,3.258956059840077
8.371676300578035e-06,3.314421447310881
8.391676300578034e-06,3.299630677318667
8.411676300578034e-06,0.0937312815062093
8.431676300578034e-06,0.0937312815062093
8.451676300578034e-06,0.04196358653345913
8.471676300578034e-06,0.06784743401983422
8.491676300578033e-06,3.281142214828399
8.511676300578033e-06,3.240467597349809
8.531676300578033e-06,3.288537599824505
8.551676300578035e-06,3.270049137334238
8.571676300578034e-06,0.07894051151399496
8.591676300578034e-06,0.08263820401204855
8.611676300578034e-06,0.02717281654124479
8.631676300578034e-06,-0.01719949343539821
8.651676300578034e-06,-0.0208971859334518
8.671676300578033e-06,0.001288969054869704
8.691676300578033e-06,0.004986661552923288
8.711676300578035e-06,0.0715451265178878
8.731676300578035e-06,3.255258367342023
8.751676300578034e-06,3.218281442361488
8.771676300578034e-06,3.266351444836184
8.791676300578034e-06,3.299630677318667
8.811676300578034e-06,3.314421447310881
8.831676300578034e-06,3.30332836981672
8.851676300578033e-06,3.281142214828399
8.871676300578033e-06,3.233072212353702
8.891676300578035e-06,0.07894051151399496
8.911676300578035e-06,0.08263820401204855
8.931676300578034e-06,0.03826589403540554
8.951676300578034e-06,0.004986661552923288
8.971676300578034e-06,-0.006106415941237463
8.991676300578034e-06,0.01977743154513762
9.011676300578034e-06,0.01977743154513762
9.031676300578033e-06,0.07524281901594138
9.051676300578033e-06,3.258956059840077
9.071676300578035e-06,3.221979134859541
9.091676300578034e-06,3.281142214828399
9.111676300578034e-06,3.30332836981672
9.131676300578034e-06,3.332909909801149
9.151676300578034e-06,3.314421447310881
9.171676300578034e-06,3.295932984820613
9.191676300578034e-06,3.25156067484397
9.211676300578033e-06,0.09742897400426288
9.231676300578033e-06,0.09003358900815572
9.251676300578035e-06,0.04566127903151271
9.271676300578034e-06,-0.00240872344318388
9.291676300578034e-06,-0.006106415941237463
9.311676300578034e-06,0.008684354050976872
9.331676300578034e-06,0.008684354050976872
9.351676300578034e-06,0.0715451265178878
9.371676300578033e-06,3.244165289847863
9.391676300578033e-06,3.214583749863434
9.411676300578033e-06,3.270049137334238
9.431676300578035e-06,3.295932984820613
9.451676300578034e-06,3.318119139808934
9.471676300578034e-06,3.299630677318667
9.491676300578034e-06,3.288537599824505
9.511676300578034e-06,3.281142214828399
9.531676300578034e-06,3.299630677318667
9.551676300578033e-06,3.310723754812827
9.571676300578033e-06,3.299630677318667
9.591676300578033e-06,3.247862982345916
9.611676300578035e-06,0.06784743401983422
9.631676300578034e-06,0.07524281901594138
9.651676300578034e-06,0.03826589403540554
9.671676300578034e-06,0.06784743401983422
9.691676300578034e-06,3.262653752338131
9.711676300578034e-06,3.233072212353702
9.731676300578035e-06,3.288537599824505
9.751676300578035e-06,3.273746829832291
9.771676300578035e-06,0.08633589651010214
9.791676300578035e-06,0.08633589651010214
9.811676300578034e-06,0.03087050903929837
9.831676300578034e-06,0.06045204902372704
9.851676300578034e-06,3.273746829832291
9.871676300578034e-06,3.247862982345916
9.891676300578034e-06,3.30332836981672
9.911676300578033e-06,3.351398372291416
9.931676300578033e-06,3.336607602299202
9.951676300578033e-06,3.314421447310881
9.971676300578033e-06,3.310723754812827
9.991676300578033e-06,3.25156067484397
1.001167630057803e-05,0.08633589651010214
1.003167630057803e-05,0.09003358900815572
1.005167630057803e-05,0.04196358653345913
1.007167630057803e-05,0.07894051151399496
1.009167630057804e-05,3.266351444836184
1.011167630057803e-05,3.236769904851756
1.013167630057803e-05,3.292235292322559
1.015167630057803e-05,3.284839907326452
1.017167630057803e-05,0.08633589651010214
1.019167630057803e-05,0.07524281901594138
1.021167630057803e-05,0.03087050903929837
1.023167630057803e-05,-0.009804108439291047
1.025167630057803e-05,0.008684354050976872
1.027167630057803e-05,0.01607973904708404
1.029167630057803e-05,0.03087050903929837
1.031167630057803e-05,0.07894051151399496
1.033167630057803e-05,3.281142214828399
1.035167630057803e-05,3.229374519855648
1.037167630057803e-05,3.277444522330345
1.039167630057803e-05,3.314421447310881
1.041167630057803e-05,3.321816832306988
1.043167630057803e-05,3.318119139808934
1.045167630057804e-05,3.299630677318667
1.047167630057803e-05,3.247862982345916
1.049167630057803e-05,0.07894051151399496
1.051167630057803e-05,0.09003358900815572
1.053167630057803e-05,0.04566127903151271
1.055167630057803e-05,0.0715451265178878
1.057167630057803e-05,3.270049137334238
1.059167630057803e-05,3.236769904851756
1.061167630057803e-05,3.299630677318667
1.063167630057803e-05,3.262653752338131
1.065167630057803e-05,0.06784743401983422
1.067167630057803e-05,0.07894051151399496
1.069167630057803e-05,0.02347512404319121
1.071167630057803e-05,0.04566127903151271
1.073167630057803e-05,3.270049137334238
1.075167630057803e-05,3.225676827357595
1.077167630057803e-05,3.292235292322559
1.079167630057804e-05,3.262653752338131
1.081167630057803e-05,0.07524281901594138
1.083167630057803e-05,0.07894051151399496
1.085167630057803e-05,0.01977743154513762
1.087167630057803e-05,0.05675435652567346
1.089167630057803e-05,3.266351444836184
1.091167630057803e-05,3.236769904851756
1.093167630057803e-05,3.295932984820613
1.095167630057803e-05,3.277444522330345
1.097167630057803e-05,0.07524281901594138
1.099167630057803e-05,0.07894051151399496
1.101167630057803e-05,0.03456820153735196
1.103167630057803e-05,-0.009804108439291047
1.105167630057803e-05,-0.00240872344318388
1.107167630057803e-05,0.008684354050976872
1.109167630057803e-05,0.01607973904708404
1.111167630057803e-05,0.08263820401204855
1.113167630057803e-05,3.247862982345916
1.115167630057804e-05,3.214583749863434
1.117167630057803e-05,3.262653752338131
1.119167630057803e-05,3.258956059840077
1.121167630057803e-05,0.07524281901594138
1.123167630057803e-05,0.07524281901594138
1.125167630057803e-05,0.02347512404319121
1.127167630057803e-05,0.03826589403540554
1.129167630057803e-05,3.262653752338131
1.131167630057803e-05,3.229374519855648
1.133167630057803e-05,3.270049137334238
1.135167630057803e-05,3.266351444836184
1.137167630057803e-05,0.06045204902372704
1.139167630057803e-05,0.06784743401983422
1.141167630057803e-05,0.01238204654903046
1.143167630057803e-05,0.04196358653345913
1.145167630057803e-05,3.255258367342023
1.147167630057803e-05,3.221979134859541
1.149167630057803e-05,3.281142214828399
1.151167630057804e-05,3.307026062314773
1.153167630057803e-05,3.310723754812827
1.155167630057803e-05,3.299630677318667
1.157167630057803e-05,3.288537599824505
1.159167630057803e-05,3.233072212353702
1.161167630057803e-05,0.07894051151399496
1.163167630057803e-05,0.08633589651010214
1.165167630057803e-05,0.03087050903929837
1.167167630057803e-05,-0.006106415941237463
1.169167630057803e-05,-0.006106415941237463
1.171167630057803e-05,0.01238204654903046
1.173167630057803e-05,0.02717281654124479
1.175167630057803e-05,0.03087050903929837
1.177167630057803e-05,0.02347512404319121
1.179167630057803e-05,0.01607973904708404
1.181167630057803e-05,0.004986661552923288
1.183167630057803e-05,0.02347512404319121
1.185167630057804e-05,0.01238204654903046
1.187167630057803e-05,0.01238204654903046
1.189167630057803e-05,0.008684354050976872
1.191167630057803e-05,0.004986661552923288
1.193167630057803e-05,0.01238204654903046
1.195167630057803e-05,-0.00240872344318388
1.197167630057803e-05,0.001288969054869704
1.199167630057803e-05,0.01238204654903046
1.201167630057803e-05,0.004986661552923288
1.203167630057803e-05,0.001288969054869704
1.205167630057803e-05,-0.00240872344318388
1.207167630057803e-05,0.05305666402761988
1.209167630057803e-05,3.247862982345916
1.211167630057803e-05,3.218281442361488
1.213167630057803e-05,3.266351444836184
1.215167630057803e-05,3.310723754812827
1.217167630057803e-05,3.321816832306988
1.219167630057803e-05,3.321816832306988
1.221167630057804e-05,3.307026062314773
1.223167630057803e-05,3.25156067484397
1.225167630057803e-05,0.08263820401204855
1.227167630057803e-05,0.08633589651010214
1.229167630057803e-05,0.04196358653345913
1.231167630057803e-05,0.001288969054869704
1.233167630057803e-05,-0.00240872344318388
1.235167630057803e-05,0.01607973904708404
1.237167630057803e-05,0.02717281654124479
1.239167630057803e-05,0.1048243590003701
1.241167630057803e-05,3.295932984820613
1.243167630057803e-05,3.236769904851756
1.245167630057803e-05,3.292235292322559
1.247167630057803e-05,3.336607602299202
1.249167630057803e-05,3.340305294797256
1.251167630057803e-05,3.325514524805041
1.253167630057803e-05,3.321816832306988
1.255167630057803e-05,3.318119139808934
1.257167630057804e-05,3.314421447310881
1.259167630057803e-05,3.325514524805041
1.261167630057803e-05,3.325514524805041
1.263167630057803e-05,3.255258367342023
1.265167630057803e-05,0.06784743401983422
1.267167630057803e-05,0.09742897400426288
1.269167630057803e-05,0.04566127903151271
1.271167630057803e-05,0.004986661552923288
1.273167630057803e-05,0.01238204654903046
1.275167630057803e-05,0.02347512404319121
1.277167630057803e-05,0.02717281654124479
1.279167630057803e-05,0.01607973904708404
1.281167630057803e-05,0.02347512404319121
1.283167630057803e-05,0.01607973904708404
1.285167630057803e-05,0.008684354050976872
1.287167630057803e-05,0.01238204654903046
1.289167630057803e-05,0.004986661552923288
1.291167630057803e-05,0.008684354050976872
1.293167630057803e-05,0.008684354050976872
1.295167630057803e-05,0.09003358900815572
1.297167630057803e-05,3.273746829832291
1.299167630057803e-05,3.221979134859541
1.301167630057803e-05,3.281142214828399
1.303167630057803e-05,3.262653752338131
1.305167630057803e-05,0.06784743401983422
1.307167630057803e-05,0.07524281901594138
1.309167630057803e-05,0.03087050903929837
1.311167630057803e-05,0.06414974152178063
1.313167630057803e-05,3.273746829832291
1.315167630057803e-05,3.221979134859541
1.317167630057803e-05,3.284839907326452
1.319167630057803e-05,3.321816832306988
1.321167630057803e-05,3.321816832306988
1.323167630057803e-05,3.30332836981672
1.325167630057803e-05,3.310723754812827
1.327167630057804e-05,3.30332836981672
1.329167630057803e-05,3.307026062314773
1.331167630057803e-05,3.321816832306988
1.333167630057803e-05,3.321816832306988
1.335167630057803e-05,3.318119139808934
1.337167630057803e-05,3.321816832306988
1.339167630057803e-05,3.314421447310881
1.341167630057803e-05,3.325514524805041
1.343167630057803e-05,3.255258367342023
1.345167630057803e-05,0.06414974152178063
1.347167630057803e-05,0.08633589651010214
1.349167630057803e-05,0.0493589715295663
1.351167630057803e-05,0.09003358900815572
1.353167630057803e-05,3.299630677318667
1.355167630057803e-05,3.240467597349809
1.357167630057803e-05,3.30332836981672
1.359167630057803e-05,3.336607602299202
1.361167630057803e-05,3.336607602299202
1.363167630057803e-05,3.325514524805041
1.365167630057803e-05,3.30332836981672
1.367167630057803e-05,3.247862982345916
1.369167630057803e-05,0.06784743401983422
1.371167630057803e-05,0.09003358900815572
1.373167630057803e-05,0.04566127903151271
1.375167630057803e-05,0.01977743154513762
1.377167630057803e-05,0.01238204654903046
1.379167630057803e-05,0.02717281654124479
1.381167630057803e-05,0.04196358653345913
1.383167630057803e-05,0.03456820153735196
1.385167630057803e-05,0.04196358653345913
1.387167630057803e-05,0.02347512404319121
1.389167630057803e-05,0.02347512404319121
1.391167630057803e-05,0.09742897400426288
1.393167630057803e-05,3.30332836981672
1.395167630057803e-05,3.233072212353702
1.397167630057803e-05,3.295932984820613
1.399167630057803e-05,3.321816832306988
1.401167630057803e-05,3.332909909801149
1.403167630057803e-05,3.314421447310881
1.405167630057803e-05,3.299630677318667
1.407167630057803e-05,3.25156067484397
1.409167630057803e-05,0.05305666402761988
1.411167630057803e-05,0.1011266665023165
1.413167630057803e-05,0.03826589403540554
1.415167630057803e-05,0.001288969054869704
1.417167630057803e-05,0.008684354050976872
1.419167630057803e-05,0.03826589403540554
1.421167630057803e-05,0.04196358653345913
1.423167630057803e-05,0.1122197439964772
1.425167630057803e-05,3.310723754812827
1.427167630057803e-05,3.236769904851756
1.429167630057803e-05,3.30332836981672
1.431167630057803e-05,3.273746829832291
1.433167630057803e-05,0.06045204902372704
1.435167630057803e-05,0.1122197439964772
1.437167630057803e-05,0.0493589715295663
1.439167630057803e-05,0.08263820401204855
1.441167630057803e-05,3.30332836981672
1.443167630057803e-05,3.244165289847863
1.445167630057803e-05,3.318119139808934
1.447167630057803e-05,3.336607602299202
1.449167630057803e-05,3.332909909801149
1.451167630057803e-05,3.310723754812827
1.453167630057803e-05,3.307026062314773
1.455167630057803e-05,3.314421447310881
1.457167630057803e-05,3.310723754812827
1.459167630057803e-05,3.329212217303095
1.461167630057803e-05,3.314421447310881
1.463167630057803e-05,3.25156067484397
1.465167630057803e-05,0.05675435652567346
1.467167630057803e-05,0.09003358900815572
1.469167630057803e-05,0.0493589715295663
1.471167630057803e-05,0.07894051151399496
1.473167630057803e-05,3.30332836981672
1.475167630057803e-05,3.236769904851756
1.477167630057803e-05,3.310723754812827
1.479167630057803e-05,3.340305294797256
1.481167630057803e-05,3.347700679793363
1.483167630057803e-05,3.321816832306988
1.485167630057803e-05,3.318119139808934
1.487167630057803e-05,3.318119139808934
1.489167630057803e-05,3.336607602299202
1.491167630057803e-05,3.340305294797256
1.493167630057803e-05,3.332909909801149
1.495167630057803e-05,3.336607602299202
1.497167630057803e-05,3.332909909801149
1.499167630057803e-05,3.351398372291416
1.501167630057803e-05,3.332909909801149
1.503167630057803e-05,3.288537599824505
1.505167630057803e-05,0.09003358900815572
1.507167630057803e-05,0.123312821490638
1.509167630057803e-05,0.05675435652567346
1.511167630057803e-05,0.04196358653345913
1.513167630057803e-05,0.02347512404319121
1.515167630057803e-05,0.03456820153735196
1.517167630057803e-05,0.03087050903929837
1.519167630057803e-05,0.03456820153735196
1.521167630057803e-05,0.03456820153735196
1.523167630057803e-05,0.02717281654124479
1.525167630057803e-05,0.02717281654124479
1.527167630057803e-05,0.02717281654124479
1.529167630057803e-05,0.03826589403540554
1.531167630057803e-05,0.02717281654124479
1.533167630057803e-05,0.02347512404319121
1.535167630057804e-05,0.0937312815062093
1.537167630057804e-05,3.288537599824505
1.539167630057804e-05,3.240467597349809
1.541167630057803e-05,3.292235292322559
1.543167630057803e-05,3.325514524805041
1.545167630057803e-05,3.332909909801149
1.547167630057803e-05,3.307026062314773
1.549167630057803e-05,3.295932984820613
1.551167630057803e-05,3.281142214828399
1.553167630057803e-05,3.299630677318667
1.555167630057803e-05,3.314421447310881
1.557167630057803e-05,3.30332836981672
1.559167630057803e-05,3.314421447310881
1.561167630057803e-05,3.307026062314773
1.563167630057803e-05,3.307026062314773
1.565167630057803e-05,3.307026062314773
1.567167630057803e-05,3.314421447310881
1.569167630057804e-05,3.318119139808934
1.571167630057804e-05,3.325514524805041
1.573167630057804e-05,3.318119139808934
1.575167630057804e-05,3.247862982345916
1.577167630057803e-05,0.06414974152178063
1.579167630057803e-05,0.0937312815062093
1.581167630057803e-05,0.0493589715295663
1.583167630057803e-05,0.07894051151399496
1.585167630057803e-05,3.281142214828399
1.587167630057803e-05,3.236769904851756
1.589167630057803e-05,3.299630677318667
1.591167630057803e-05,3.329212217303095
1.593167630057803e-05,3.347700679793363
1.595167630057803e-05,3.332909909801149
1.597167630057803e-05,3.310723754812827
1.599167630057803e-05,3.325514524805041
1.601167630057803e-05,3.329212217303095
1.603167630057803e-05,3.336607602299202
1.605167630057803e-05,3.329212217303095
1.607167630057804e-05,3.266351444836184
1.609167630057804e-05,0.0715451265178878
1.611167630057804e-05,0.0937312815062093
1.613167630057803e-05,0.05305666402761988
1.615167630057803e-05,0.07894051151399496
1.617167630057803e-05,3.295932984820613
1.619167630057803e-05,3.236769904851756
1.621167630057803e-05,3.307026062314773
1.623167630057803e-05,3.344002987295309
1.625167630057803e-05,3.351398372291416
1.627167630057803e-05,3.321816832306988
1.629167630057803e-05,3.30332836981672
1.631167630057803e-05,3.255258367342023
1.633167630057803e-05,0.0937312815062093
1.635167630057803e-05,0.1085220514984236
1.637167630057803e-05,0.05305666402761988
1.639167630057803e-05,0.01977743154513762
1.641167630057804e-05,0.02347512404319121
1.643167630057804e-05,0.03826589403540554
1.645167630057804e-05,0.05305666402761988
1.647167630057803e-05,0.1196151289925844
1.649167630057803e-05,3.292235292322559
1.651167630057803e-05,3.240467597349809
1.653167630057803e-05,3.295932984820613
1.655167630057803e-05,3.329212217303095
1.657167630057803e-05,3.347700679793363
1.659167630057803e-05,3.325514524805041
1.661167630057803e-05,3.310723754812827
1.663167630057803e-05,3.258956059840077
1.665167630057803e-05,0.08633589651010214
1.667167630057803e-05,0.1048243590003701
1.669167630057803e-05,0.0493589715295663
1.671167630057803e-05,0.07894051151399496
1.673167630057803e-05,3.281142214828399
1.675167630057803e-05,3.229374519855648
1.677167630057804e-05,3.295932984820613
1.679167630057804e-05,3.266351444836184
1.681167630057804e-05,0.0715451265178878
1.683167630057803e-05,0.08633589651010214
1.685167630057803e-05,0.02717281654124479
1.687167630057803e-05,0.05675435652567346
1.689167630057803e-05,3.266351444836184
1.691167630057803e-05,3.233072212353702
1.693167630057803e-05,3.281142214828399
1.695167630057803e-05,3.255258367342023
1.697167630057803e-05,0.07524281901594138
1.699167630057803e-05,0.08263820401204855
1.701167630057803e-05,0.02717281654124479
1.703167630057803e-05,-0.006106415941237463
1.705167630057803e-05,0.004986661552923288
1.707167630057803e-05,0.02717281654124479
1.709167630057803e-05,0.03087050903929837
1.711167630057803e-05,0.03087050903929837
1.713167630057804e-05,0.01607973904708404
1.715167630057804e-05,0.01607973904708404
1.717167630057804e-05,0.008684354050976872
1.719167630057803e-05,0.07524281901594138
1.721167630057803e-05,3.266351444836184
1.723167630057803e-05,3.221979134859541
1.725167630057803e-05,3.273746829832291
1.727167630057803e-05,3.258956059840077
1.729167630057803e-05,0.07524281901594138
1.731167630057803e-05,0.06784743401983422
1.733167630057803e-05,0.008684354050976872
1.735167630057803e-05,0.04196358653345913
1.737167630057803e-05,3.25156067484397
1.739167630057803e-05,3.218281442361488
1.741167630057803e-05,3.281142214828399
1.743167630057803e-05,3.321816832306988
1.745167630057803e-05,3.314421447310881
1.747167630057804e-05,3.299630677318667
1.749167630057804e-05,3.295932984820613
1.751167630057804e-05,3.284839907326452
1.753167630057803e-05,3.292235292322559
1.755167630057803e-05,3.307026062314773
1.757167630057803e-05,3.299630677318667
1.759167630057803e-05,3.244165289847863
1.761167630057803e-05,0.06045204902372704
1.763167630057803e-05,0.06414974152178063
1.765167630057803e-05,0.04566127903151271
1.767167630057803e-05,-0.00240872344318388
1.769167630057803e-05,-0.01719949343539821
1.771167630057803e-05,0.01607973904708404
1.773167630057803e-05,0.02717281654124479
1.775167630057803e-05,0.01238204654903046
1.777167630057803e-05,0.008684354050976872
1.779167630057803e-05,0.01238204654903046
1.781167630057803e-05,0.01607973904708404
1.783167630057804e-05,0.01977743154513762
1.785167630057804e-05,0.01607973904708404
1.787167630057804e-05,0.01607973904708404
1.789167630057803e-05,0.008684354050976872
1.791167630057803e-05,0.01977743154513762
1.793167630057803e-05,0.008684354050976872
1.795167630057803e-05,0.008684354050976872
1.797167630057803e-05,0.02347512404319121
1.799167630057803e-05,0.008684354050976872
1.801167630057803e-05,0.01977743154513762
1.803167630057803e-05,0.01238204654903046
1.805167630057803e-05,-0.00240872344318388
1.807167630057803e-05,0.0715451265178878
1.809167630057803e-05,3.266351444836184
1.811167630057803e-05,3.233072212353702
1.813167630057803e-05,3.295932984820613
1.815167630057803e-05,3.262653752338131
1.817167630057803e-05,0.07524281901594138
1.819167630057804e-05,0.08633589651010214
1.821167630057804e-05,0.04196358653345913
1.823167630057804e-05,0.001288969054869704
1.825167630057803e-05,-0.01719949343539821
1.827167630057803e-05,0.02347512404319121
1.829167630057803e-05,0.02717281654124479
1.831167630057803e-05,0.01607973904708404
1.833167630057803e-05,0.01607973904708404
1.835167630057803e-05,0.02347512404319121
1.837167630057803e-05,0.01977743154513762
1.839167630057803e-05,0.01238204654903046
1.841167630057803e-05,0.004986661552923288
1.843167630057803e-05,0.01607973904708404
1.845167630057803e-05,0.01607973904708404
1.847167630057803e-05,0.004986661552923288
1.849167630057803e-05,0.004986661552923288
1.851167630057803e-05,0.004986661552923288
1.853167630057804e-05,0.01238204654903046
1.855167630057804e-05,0.001288969054869704
1.857167630057804e-05,0.008684354050976872
1.859167630057803e-05,0.001288969054869704
1.861167630057803e-05,0.001288969054869704
1.863167630057803e-05,0.001288969054869704
1.865167630057803e-05,-0.00240872344318388
1.867167630057803e-05,0.001288969054869704
1.869167630057803e-05,-0.01350180093734463
1.871167630057803e-05,0.004986661552923288
1.873167630057803e-05,-0.006106415941237463
1.875167630057803e-05,-0.006106415941237463
1.877167630057803e-05,0.001288969054869704
1.879167630057803e-05,0.004986661552923288
1.881167630057803e-05,0.001288969054869704
1.883167630057803e-05,-0.00240872344318388
1.885167630057803e-05,0.004986661552923288
1.887167630057803e-05,0.001288969054869704
1.889167630057803e-05,-0.009804108439291047
1.891167630057804e-05,-0.006106415941237463
1.893167630057804e-05,-0.009804108439291047
1.895167630057803e-05,0.001288969054869704
1.897167630057803e-05,-0.00240872344318388
1.899167630057803e-05,-0.00240872344318388
1.901167630057803e-05,0.001288969054869704
1.903167630057803e-05,0.06414974152178063
1.905167630057803e-05,3.262653752338131
1.907167630057803e-05,3.207188364867327
1.909167630057803e-05,3.255258367342023
1.911167630057803e-05,3.233072212353702
1.913167630057803e-05,0.05675435652567346
1.915167630057803e-05,0.07524281901594138
1.917167630057803e-05,0.01607973904708404
1.919167630057803e-05,0.0493589715295663
1.921167630057803e-05,3.258956059840077
1.923167630057803e-05,3.218281442361488
1.925167630057804e-05,3.281142214828399
1.927167630057804e-05,3.307026062314773
1.929167630057804e-05,3.310723754812827
1.931167630057803e-05,3.292235292322559
1.933167630057803e-05,3.284839907326452
1.935167630057803e-05,3.273746829832291
1.937167630057803e-05,3.288537599824505
1.939167630057803e-05,3.30332836981672
1.941167630057803e-05,3.284839907326452
1.943167630057803e-05,3.281142214828399
1.945167630057803e-05,3.295932984820613
1.947167630057803e-05,3.292235292322559
1.949167630057803e-05,3.30332836981672
1.951167630057803e-05,3.229374519855648
1.953167630057803e-05,0.03826589403540554
1.955167630057803e-05,0.06414974152178063
1.957167630057803e-05,0.01607973904708404
1.959167630057804e-05,-0.009804108439291047
1.961167630057803e-05,-0.01350180093734463
1.963167630057804e-05,0.004986661552923288
1.965167630057804e-05,0.008684354050976872
1.967167630057803e-05,0.02347512404319121
1.969167630057803e-05,0.008684354050976872
1.971167630057803e-05,0.01607973904708404
1.973167630057803e-05,0.01238204654903046
1.975167630057803e-05,0.01238204654903046
1.977167630057803e-05,0.03087050903929837
1.979167630057803e-05,0.01607973904708404
1.981167630057803e-05,0.01977743154513762
1.983167630057803e-05,0.09003358900815572
1.985167630057803e-05,3.284839907326452
1.987167630057803e-05,3.240467597349809
1.989167630057803e-05,3.281142214828399
1.991167630057803e-05,3.258956059840077
1.993167630057804e-05,0.0715451265178878
1.995167630057803e-05,0.09003358900815572
1.997167630057804e-05,0.04566127903151271
1.999167630057804e-05,0.0715451265178878
2.001167630057803e-05,3.277444522330345
2.003167630057803e-05,3.240467597349809
2.005167630057803e-05,3.30332836981672
2.007167630057803e-05,3.266351444836184
2.009167630057803e-05,0.07524281901594138
2.011167630057803e-05,0.08263820401204855
2.013167630057803e-05,0.02717281654124479
2.015167630057803e-05,0.06414974152178063
2.017167630057803e-05,3.284839907326452
2.019167630057803e-05,3.233072212353702
2.021167630057803e-05,3.299630677318667
2.023167630057803e-05,3.273746829832291
2.025167630057803e-05,0.07894051151399496
2.027167630057803e-05,0.09742897400426288
2.029167630057803e-05,0.03456820153735196
2.031167630057804e-05,0.01607973904708404
2.033167630057804e-05,0.01238204654903046
2.035167630057804e-05,0.03826589403540554
2.037167630057803e-05,0.04566127903151271
2.039167630057803e-05,0.04196358653345913
2.041167630057803e-05,0.01977743154513762
2.043167630057803e-05,0.01238204654903046
2.045167630057803e-05,0.01977743154513762
2.047167630057803e-05,0.09003358900815572
2.049167630057803e-05,3.284839907326452
2.051167630057803e-05,3.25156067484397
2.053167630057803e-05,3.292235292322559
2.055167630057803e-05,3.266351444836184
2.057167630057803e-05,0.07894051151399496
2.059167630057803e-05,0.08263820401204855
2.061167630057803e-05,0.02347512404319121
2.063167630057803e-05,0.06414974152178063
2.065167630057804e-05,3.270049137334238
2.067167630057803e-05,3.233072212353702
2.069167630057804e-05,3.310723754812827
2.071167630057804e-05,3.270049137334238
2.073167630057803e-05,0.07524281901594138
2.075167630057803e-05,0.0715451265178878
2.077167630057803e-05,0.01977743154513762
2.079167630057803e-05,-0.00240872344318388
2.081167630057803e-05,-0.00240872344318388
2.083167630057803e-05,0.02717281654124479
2.085167630057803e-05,0.03826589403540554
2.087167630057803e-05,0.01977743154513762
2.089167630057803e-05,0.01977743154513762
2.091167630057803e-05,0.004986661552923288
2.093167630057803e-05,-0.00240872344318388
2.095167630057803e-05,0.004986661552923288
2.097167630057803e-05,0.02717281654124479
2.099167630057804e-05,0.01238204654903046
2.101167630057803e-05,0.01977743154513762
2.103167630057804e-05,0.0715451265178878
2.105167630057804e-05,3.277444522330345
2.107167630057803e-05,3.214583749863434
2.109167630057803e-05,3.273746829832291
2.111167630057803e-05,3.310723754812827
2.113167630057803e-05,3.321816832306988
2.115167630057803e-05,3.310723754812827
2.117167630057803e-05,3.288537599824505
2.119167630057803e-05,3.295932984820613
2.121167630057803e-05,3.30332836981672
2.123167630057803e-05,3.307026062314773
2.125167630057803e-05,3.314421447310881
2.127167630057803e-05,3.247862982345916
2.129167630057803e-05,0.06784743401983422
2.131167630057803e-05,0.0715451265178878
2.133167630057804e-05,0.03826589403540554
2.135167630057803e-05,0.004986661552923288
2.137167630057804e-05,-0.0208971859334518
2.139167630057803e-05,0.01607973904708404
2.141167630057804e-05,0.01238204654903046
2.143167630057803e-05,0.07894051151399496
2.145167630057803e-05,3.247862982345916
2.147167630057803e-05,3.225676827357595
2.149167630057803e-05,3.281142214828399
2.151167630057803e-05,3.310723754812827
2.153167630057803e-05,3.318119139808934
2.155167630057803e-05,3.310723754812827
2.157167630057803e-05,3.299630677318667
2.159167630057803e-05,3.240467597349809
2.161167630057803e-05,0.06784743401983422
2.163167630057803e-05,0.07894051151399496
2.165167630057803e-05,0.01977743154513762
2.167167630057804e-05,0.05675435652567346
2.169167630057803e-05,3.244165289847863
2.171167630057804e-05,3.214583749863434
2.173167630057803e-05,3.273746829832291
2.175167630057804e-05,3.240467597349809
2.177167630057804e-05,0.05675435652567346
2.179167630057803e-05,0.06045204902372704
2.181167630057803e-05,0.01238204654903046
2.183167630057803e-05,0.05305666402761988
2.185167630057803e-05,3.25156067484397
2.187167630057803e-05,3.218281442361488
2.189167630057803e-05,3.281142214828399
2.191167630057803e-05,3.262653752338131
2.193167630057803e-05,0.05675435652567346
2.195167630057803e-05,0.0715451265178878
2.197167630057803e-05,0.01977743154513762
2.199167630057803e-05,-0.01719949343539821
2.201167630057803e-05,-0.006106415941237463
2.203167630057803e-05,0.01607973904708404
2.205167630057804e-05,0.02347512404319121
2.207167630057803e-05,0.0937312815062093
2.209167630057804e-05,3.281142214828399
2.211167630057803e-05,3.233072212353702
2.213167630057803e-05,3.288537599824505
2.215167630057803e-05,3.336607602299202
2.217167630057803e-05,3.344002987295309
2.219167630057803e-05,3.329212217303095
2.221167630057803e-05,3.321816832306988
2.223167630057803e-05,3.244165289847863
2.225167630057803e-05,0.0715451265178878
2.227167630057803e-05,0.08633589651010214
2.229167630057803e-05,0.04196358653345913
2.231167630057803e-05,0.008684354050976872
2.233167630057803e-05,-0.00240872344318388
2.235167630057803e-05,0.01238204654903046
2.237167630057803e-05,0.01977743154513762
2.239167630057804e-05,0.03456820153735196
2.241167630057803e-05,0.02347512404319121
2.243167630057804e-05,0.001288969054869704
2.245167630057803e-05,0.008684354050976872
2.247167630057804e-05,0.07524281901594138
2.249167630057803e-05,3.277444522330345
2.251167630057803e-05,3.236769904851756
2.253167630057803e-05,3.277444522330345
2.255167630057803e-05,3.307026062314773
2.257167630057803e-05,3.318119139808934
2.259167630057803e-05,3.314421447310881
2.261167630057803e-05,3.310723754812827
2.263167630057803e-05,3.307026062314773
2.265167630057803e-05,3.314421447310881
2.267167630057803e-05,3.325514524805041
2.269167630057803e-05,3.307026062314773
2.271167630057803e-05,3.266351444836184
2.273167630057803e-05,0.07524281901594138
2.275167630057803e-05,0.06784743401983422
2.277167630057804e-05,0.04566127903151271
2.279167630057803e-05,0.01238204654903046
2.281167630057804e-05,-0.00240872344318388
2.283167630057804e-05,0.02717281654124479
2.285167630057803e-05,0.03456820153735196
2.287167630057803e-05,0.0937312815062093
2.289167630057803e-05,3.284839907326452
2.291167630057803e-05,3.229374519855648
2.293167630057803e-05,3.288537599824505
2.295167630057803e-05,3.255258367342023
2.297167630057803e-05,0.07524281901594138
2.299167630057803e-05,0.09003358900815572
2.301167630057803e-05,0.01977743154513762
2.303167630057803e-05,0.06414974152178063
2.305167630057803e-05,3.284839907326452
2.307167630057803e-05,3.225676827357595
2.309167630057803e-05,3.295932984820613
2.311167630057804e-05,3.273746829832291
2.313167630057803e-05,0.07894051151399496
2.315167630057804e-05,0.09003358900815572
2.317167630057803e-05,0.03087050903929837
2.319167630057803e-05,0.06045204902372704
2.321167630057803e-05,3.277444522330345
2.323167630057803e-05,3.233072212353702
2.325167630057803e-05,3.30332836981672
2.327167630057803e-05,3.344002987295309
2.329167630057803e-05,3.332909909801149
2.331167630057803e-05,3.310723754812827
2.333167630057803e-05,3.30332836981672
2.335167630057803e-05,3.244165289847863
2.337167630057803e-05,0.08263820401204855
2.339167630057803e-05,0.0937312815062093
2.341167630057803e-05,0.04566127903151271
2.343167630057803e-05,-0.00240872344318388
2.345167630057804e-05,0.01238204654903046
2.347167630057803e-05,0.01977743154513762
2.349167630057804e-05,0.03087050903929837
2.351167630057803e-05,0.1085220514984236
2.353167630057804e-05,3.281142214828399
2.355167630057803e-05,3.240467597349809
2.357167630057803e-05,3.284839907326452
2.359167630057803e-05,3.321816832306988
2.361167630057803e-05,3.332909909801149
2.363167630057803e-05,3.325514524805041
2.365167630057803e-05,3.299630677318667
2.367167630057803e-05,3.255258367342023
2.369167630057803e-05,0.07524281901594138
2.371167630057803e-05,0.08633589651010214
2.373167630057803e-05,0.03456820153735196
2.375167630057803e-05,0.008684354050976872
2.377167630057803e-05,0.01238204654903046
2.379167630057803e-05,0.02347512404319121
2.381167630057803e-05,0.03456820153735196
2.383167630057804e-05,0.03456820153735196
2.385167630057803e-05,0.04196358653345913
2.387167630057804e-05,0.01977743154513762
2.389167630057804e-05,0.01607973904708404
2.391167630057803e-05,0.01977743154513762
2.393167630057803e-05,0.03087050903929837
2.395167630057803e-05,0.02347512404319121
2.397167630057803e-05,0.02347512404319121
2.399167630057803e-05,0.07894051151399496
2.401167630057803e-05,3.30332836981672
2.403167630057803e-05,3.236769904851756
2.405167630057803e-05,3.295932984820613
2.407167630057803e-05,3.329212217303095
2.409167630057803e-05,3.321816832306988
2.411167630057803e-05,3.318119139808934
2.413167630057803e-05,3.307026062314773
2.415167630057803e-05,3.25156067484397
2.417167630057804e-05,0.07524281901594138
2.419167630057803e-05,0.09003358900815572
2.421167630057804e-05,0.05305666402761988
2.423167630057803e-05,0.08263820401204855
2.425167630057804e-05,3.284839907326452
2.427167630057803e-05,3.240467597349809
2.429167630057803e-05,3.295932984820613
2.431167630057803e-05,3.277444522330345
2.433167630057803e-05,0.05305666402761988
2.435167630057803e-05,0.09003358900815572
2.437167630057803e-05,0.03087050903929837
2.439167630057803e-05,0.0715451265178878
2.441167630057803e-05,3.292235292322559
2.443167630057803e-05,3.255258367342023
2.445167630057803e-05,3.310723754812827
2.447167630057803e-05,3.281142214828399
2.449167630057803e-05,0.07524281901594138
2.451167630057804e-05,0.0937312815062093
2.453167630057803e-05,0.03456820153735196
2.455167630057804e-05,0.07894051151399496
2.457167630057803e-05,3.284839907326452
2.459167630057804e-05,3.244165289847863
2.461167630057803e-05,3.321816832306988
2.463167630057803e-05,3.336607602299202
2.465167630057803e-05,3.332909909801149
2.467167630057803e-05,3.310723754812827
2.469167630057803e-05,3.307026062314773
2.471167630057803e-05,3.244165289847863
2.473167630057803e-05,0.0715451265178878
2.475167630057803e-05,0.1122197439964772
2.477167630057803e-05,0.06045204902372704
2.479167630057803e-05,0.01607973904708404
2.481167630057803e-05,0.008684354050976872
2.483167630057803e-05,0.02347512404319121
2.485167630057803e-05,0.02347512404319121
2.487167630057803e-05,0.03826589403540554
2.489167630057804e-05,0.01977743154513762
2.491167630057803e-05,0.02717281654124479
2.493167630057804e-05,0.01238204654903046
2.495167630057803e-05,0.008684354050976872
2.497167630057803e-05,0.008684354050976872
2.499167630057803e-05,0.004986661552923288
2.501167630057803e-05,0.008684354050976872
2.503167630057803e-05,0.08263820401204855
2.505167630057803e-05,3.284839907326452
2.507167630057803e-05,3.218281442361488
2.509167630057803e-05,3.288537599824505
2.511167630057803e-05,3.247862982345916
2.513167630057803e-05,0.05675435652567346
2.515167630057803e-05,0.08263820401204855
2.517167630057803e-05,0.01977743154513762
2.519167630057804e-05,-0.01350180093734463
2.521167630057803e-05,-0.01719949343539821
2.523167630057804e-05,0.008684354050976872
2.525167630057803e-05,0.01977743154513762
2.527167630057804e-05,0.07894051151399496
2.529167630057803e-05,3.277444522330345
2.531167630057804e-05,3.19979297987122
2.533167630057803e-05,3.277444522330345
2.535167630057803e-05,3.307026062314773
2.537167630057803e-05,3.325514524805041
2.539167630057803e-05,3.310723754812827
2.541167630057803e-05,3.295932984820613
2.543167630057803e-05,3.229374519855648
2.545167630057803e-05,0.06045204902372704
2.547167630057803e-05,0.0937312815062093
2.549167630057803e-05,0.03826589403540554
2.551167630057803e-05,0.06414974152178063
2.553167630057804e-05,3.288537599824505
2.555167630057803e-05,3.214583749863434
2.557167630057804e-05,3.299630677318667
2.559167630057803e-05,3.273746829832291
2.561167630057804e-05,0.07524281901594138
2.563167630057803e-05,0.09003358900815572
2.565167630057804e-05,0.02717281654124479
2.567167630057803e-05,0.001288969054869704
2.569167630057803e-05,0.001288969054869704
2.571167630057803e-05,0.02717281654124479
2.573167630057803e-05,0.04196358653345913
2.575167630057803e-05,0.09742897400426288
2.577167630057803e-05,3.288537599824505
2.579167630057803e-05,3.233072212353702
2.581167630057803e-05,3.292235292322559
2.583167630057803e-05,3.340305294797256
2.585167630057803e-05,3.344002987295309
2.587167630057803e-05,3.314421447310881
2.589167630057803e-05,3.307026062314773
2.591167630057804e-05,3.310723754812827
2.593167630057803e-05,3.318119139808934
2.595167630057804e-05,3.321816832306988
2.597167630057803e-05,3.321816832306988
2.599167630057804e-05,3.25156067484397
2.601167630057803e-05,0.06414974152178063
2.603167630057803e-05,0.08633589651010214
2.605167630057803e-05,0.0493589715295663
2.607167630057803e-05,0.08263820401204855
2.609167630057803e-05,3.284839907326452
2.611167630057803e-05,3.225676827357595
2.613167630057803e-05,3.295932984820613
2.615167630057803e-05,3.266351444836184
2.617167630057803e-05,0.0493589715295663
2.619167630057803e-05,0.08633589651010214
2.621167630057803e-05,0.03087050903929837
2.623167630057803e-05,0.06784743401983422
2.625167630057804e-05,3.292235292322559
2.627167630057803e-05,3.229374519855648
2.629167630057804e-05,3.295932984820613
2.631167630057803e-05,3.332909909801149
2.633167630057804e-05,3.336607602299202
2.635167630057803e-05,3.318119139808934
2.637167630057804e-05,3.307026062314773
2.639167630057803e-05,3.258956059840077
2.641167630057803e-05,0.07524281901594138
2.643167630057803e-05,0.1011266665023165
2.645167630057803e-05,0.04196358653345913
2.647167630057803e-05,0.01977743154513762
2.649167630057803e-05,0.004986661552923288
2.651167630057803e-05,0.008684354050976872
2.653167630057803e-05,0.03456820153735196
2.655167630057803e-05,0.03087050903929837
2.657167630057803e-05,0.01977743154513762
2.659167630057804e-05,0.01607973904708404
2.661167630057803e-05,0.008684354050976872
2.663167630057804e-05,0.01238204654903046
2.665167630057803e-05,0.008684354050976872
2.667167630057804e-05,0.001288969054869704
2.669167630057803e-05,0.001288969054869704
2.671167630057804e-05,0.07894051151399496
2.673167630057803e-05,3.277444522330345
2.675167630057803e-05,3.221979134859541
2.677167630057803e-05,3.266351444836184
2.679167630057803e-05,3.258956059840077
2.681167630057803e-05,0.05305666402761988
2.683167630057803e-05,0.07894051151399496
2.685167630057803e-05,0.01977743154513762
2.687167630057803e-05,-0.01719949343539821
2.689167630057803e-05,-0.01719949343539821
2.691167630057803e-05,0.008684354050976872
2.693167630057803e-05,0.01607973904708404
2.695167630057803e-05,0.02347512404319121
2.697167630057804e-05,0.008684354050976872
2.699167630057803e-05,-0.009804108439291047
2.701167630057804e-05,-0.009804108439291047
2.703167630057803e-05,0.004986661552923288
2.705167630057804e-05,0.004986661552923288
2.707167630057803e-05,0.004986661552923288
2.709167630057803e-05,0.001288969054869704
2.711167630057803e-05,-0.006106415941237463
2.713167630057803e-05,0.001288969054869704
2.715167630057803e-05,0.01238204654903046
2.717167630057803e-05,0.004986661552923288
2.719167630057803e-05,0.06045204902372704
2.721167630057803e-05,3.255258367342023
2.723167630057803e-05,3.207188364867327
2.725167630057803e-05,3.266351444836184
2.727167630057803e-05,3.30332836981672
2.729167630057803e-05,3.310723754812827
2.731167630057804e-05,3.299630677318667
2.733167630057803e-05,3.281142214828399
2.735167630057804e-05,3.240467597349809
2.737167630057803e-05,0.06414974152178063
2.739167630057804e-05,0.08263820401204855
2.741167630057803e-05,0.04196358653345913
2.743167630057804e-05,-0.00240872344318388
2.745167630057803e-05,-0.009804108439291047
2.747167630057803e-05,0.01607973904708404
2.749167630057803e-05,0.03456820153735196
2.751167630057803e-05,0.1048243590003701
2.753167630057803e-05,3.281142214828399
2.755167630057803e-05,3.236769904851756
2.757167630057803e-05,3.281142214828399
2.759167630057803e-05,3.255258367342023
2.761167630057803e-05,0.05675435652567346
2.763167630057803e-05,0.09003358900815572
2.765167630057804e-05,0.01607973904708404
2.767167630057803e-05,0.05675435652567346
2.769167630057804e-05,3.262653752338131
2.771167630057803e-05,3.203490672369273
2.773167630057804e-05,3.281142214828399
2.775167630057803e-05,3.25156067484397
2.777167630057804e-05,0.0493589715295663
2.779167630057803e-05,0.06414974152178063
2.781167630057803e-05,-0.006106415941237463
2.783167630057803e-05,0.03826589403540554
2.785167630057803e-05,3.25156067484397
2.787167630057803e-05,3.221979134859541
2.789167630057803e-05,3.284839907326452
2.791167630057803e-05,3.258956059840077
2.793167630057803e-05,0.0493589715295663
2.795167630057803e-05,0.08263820401204855
2.797167630057803e-05,0.02347512404319121
2.799167630057803e-05,0.0715451265178878
2.801167630057803e-05,3.284839907326452
2.803167630057804e-05,3.244165289847863
2.805167630057803e-05,3.299630677318667
2.807167630057804e-05,3.273746829832291
2.809167630057803e-05,0.08263820401204855
2.811167630057804e-05,0.1011266665023165
2.813167630057803e-05,0.04566127903151271
2.815167630057803e-05,0.008684354050976872
2.817167630057803e-05,0.001288969054869704
2.819167630057803e-05,0.03826589403540554
2.821167630057803e-05,0.03826589403540554
2.823167630057803e-05,0.03456820153735196
2.825167630057803e-05,0.02347512404319121
2.827167630057803e-05,0.01238204654903046
2.829167630057803e-05,0.02347512404319121
2.831167630057803e-05,0.03456820153735196
2.833167630057803e-05,0.02347512404319121
2.835167630057803e-05,0.01977743154513762
2.837167630057804e-05,0.01607973904708404
2.839167630057803e-05,0.008684354050976872
2.841167630057804e-05,0.01607973904708404
2.843167630057803e-05,0.01607973904708404
2.845167630057804e-05,0.008684354050976872
2.847167630057803e-05,0.02717281654124479
2.849167630057804e-05,0.01607973904708404
2.851167630057803e-05,0.008684354050976872
2.853167630057803e-05,0.008684354050976872
2.855167630057803e-05,0.004986661552923288
2.857167630057803e-05,0.001288969054869704
2.859167630057803e-05,0.001288969054869704
2.861167630057803e-05,0.01238204654903046
2.863167630057803e-05,-0.00240872344318388
2.865167630057803e-05,0.001288969054869704
2.867167630057803e-05,-0.01350180093734463
2.869167630057803e-05,-0.009804108439291047
2.871167630057804e-05,-0.01350180093734463
2.873167630057803e-05,-0.006106415941237463
2.875167630057804e-05,0.001288969054869704
2.877167630057803e-05,-0.02459487843150538
2.879167630057804e-05,-0.01350180093734463
2.881167630057803e-05,-0.01350180093734463
2.883167630057804e-05,-0.0208971859334518
2.885167630057803e-05,-0.01350180093734463
2.887167630057803e-05,0.0493589715295663
2.889167630057803e-05,3.247862982345916
2.891167630057803e-05,3.19979297987122
2.893167630057803e-05,3.255258367342023
2.895167630057803e-05,3.244165289847863
2.897167630057803e-05,0.05675435652567346
2.899167630057803e-05,0.06414974152178063
2.901167630057803e-05,0.01238204654903046
2.903167630057803e-05,-0.02459487843150538
2.905167630057803e-05,-0.01350180093734463
2.907167630057803e-05,0.008684354050976872
2.909167630057804e-05,0.03456820153735196
2.911167630057803e-05,0.07524281901594138
2.913167630057804e-05,3.255258367342023
2.915167630057803e-05,3.218281442361488
2.917167630057804e-05,3.284839907326452
2.919167630057803e-05,3.314421447310881
2.921167630057803e-05,3.329212217303095
2.923167630057803e-05,3.307026062314773
2.925167630057803e-05,3.310723754812827
2.927167630057803e-05,3.288537599824505
2.929167630057803e-05,3.307026062314773
2.931167630057803e-05,3.307026062314773
2.933167630057803e-05,3.325514524805041
2.935167630057803e-05,3.307026062314773
2.937167630057803e-05,3.310723754812827
2.939167630057803e-05,3.318119139808934
2.941167630057803e-05,3.314421447310881
2.943167630057804e-05,3.273746829832291
2.945167630057803e-05,0.09742897400426288
2.947167630057804e-05,0.08263820401204855
2.949167630057803e-05,0.04196358653345913
2.951167630057804e-05,0.06414974152178063
2.953167630057803e-05,3.262653752338131
2.955167630057804e-05,3.236769904851756
2.957167630057803e-05,3.284839907326452
2.959167630057803e-05,3.288537599824505
2.961167630057803e-05,0.1048243590003701
2.963167630057803e-05,0.07894051151399496
2.965167630057803e-05,0.03087050903929837
2.967167630057803e-05,-0.009804108439291047
2.969167630057803e-05,-0.006106415941237463
2.971167630057803e-05,0.01977743154513762
2.973167630057803e-05,0.02347512404319121
2.975167630057803e-05,0.01977743154513762
2.977167630057804e-05,0.01607973904708404
2.979167630057803e-05,0.01607973904708404
2.981167630057804e-05,0.01977743154513762
2.983167630057803e-05,0.01977743154513762
2.985167630057804e-05,0.02347512404319121
2.987167630057803e-05,0.01607973904708404
2.989167630057804e-05,0.008684354050976872
2.991167630057803e-05,0.01238204654903046
2.993167630057803e-05,0.008684354050976872
2.995167630057803e-05,0.008684354050976872
2.997167630057803e-05,0.008684354050976872
2.999167630057803e-05,0.06784743401983422
3.001167630057803e-05,3.25156067484397
3.003167630057803e-05,3.240467597349809
3.005167630057803e-05,3.292235292322559
3.007167630057803e-05,3.314421447310881
3.009167630057803e-05,3.318119139808934
3.011167630057803e-05,3.307026062314773
3.013167630057803e-05,3.30332836981672
3.015167630057804e-05,3.244165289847863
3.017167630057803e-05,0.0715451265178878
3.019167630057804e-05,0.08633589651010214
3.021167630057803e-05,0.03456820153735196
3.023167630057804e-05,0.001288969054869704
3.025167630057803e-05,-0.009804108439291047
3.027167630057803e-05,0.01607973904708404
3.029167630057803e-05,0.03087050903929837
3.031167630057803e-05,0.02717281654124479
3.033167630057803e-05,0.02717281654124479
3.035167630057803e-05,0.01238204654903046
3.037167630057803e-05,0.02717281654124479
3.039167630057803e-05,0.004986661552923288
3.041167630057803e-05,0.01607973904708404
3.043167630057803e-05,0.008684354050976872
3.045167630057803e-05,0.008684354050976872
3.047167630057803e-05,0.01238204654903046
3.049167630057804e-05,0.004986661552923288
3.051167630057803e-05,0.008684354050976872
3.053167630057804e-05,0.001288969054869704
3.055167630057803e-05,0.05675435652567346
3.057167630057804e-05,3.244165289847863
3.059167630057803e-05,3.221979134859541
3.061167630057804e-05,3.266351444836184
3.063167630057803e-05,3.25156067484397
3.065167630057803e-05,0.06784743401983422
3.067167630057803e-05,0.0715451265178878
3.069167630057803e-05,0.01607973904708404
3.071167630057804e-05,-0.0208971859334518
3.073167630057803e-05,-0.009804108439291047
3.075167630057803e-05,0.008684354050976872
3.077167630057803e-05,0.01607973904708404
3.079167630057804e-05,0.01977743154513762
3.081167630057803e-05,-0.00240872344318388
3.083167630057804e-05,0.001288969054869704
3.085167630057803e-05,0.004986661552923288
3.087167630057804e-05,0.06784743401983422
3.089167630057803e-05,3.270049137334238
3.091167630057804e-05,3.218281442361488
3.093167630057803e-05,3.281142214828399
3.095167630057804e-05,3.310723754812827
3.097167630057803e-05,3.332909909801149
3.099167630057803e-05,3.30332836981672
3.101167630057803e-05,3.288537599824505
3.103167630057803e-05,3.233072212353702
3.105167630057804e-05,0.06414974152178063
3.107167630057803e-05,0.07524281901594138
3.109167630057803e-05,0.01977743154513762
3.111167630057803e-05,0.05675435652567346
3.113167630057804e-05,3.258956059840077
3.115167630057803e-05,3.214583749863434
3.117167630057803e-05,3.277444522330345
3.119167630057803e-05,3.258956059840077
3.121167630057804e-05,0.07524281901594138
3.123167630057803e-05,0.07894051151399496
3.125167630057804e-05,0.01607973904708404
3.127167630057803e-05,0.05305666402761988
3.129167630057804e-05,3.266351444836184
3.131167630057803e-05,3.236769904851756
3.133167630057803e-05,3.284839907326452
3.135167630057803e-05,3.266351444836184
3.137167630057803e-05,0.08263820401204855
3.139167630057804e-05,0.0937312815062093
3.141167630057803e-05,0.03456820153735196
3.143167630057803e-05,0.01238204654903046
3.145167630057803e-05,0.004986661552923288
3.147167630057804e-05,0.01977743154513762
3.149167630057803e-05,0.01977743154513762
3.151167630057803e-05,0.02717281654124479
3.153167630057803e-05,0.01607973904708404
3.155167630057804e-05,0.001288969054869704
3.157167630057803e-05,0.004986661552923288
3.159167630057804e-05,0.01238204654903046
3.161167630057803e-05,0.004986661552923288
3.163167630057804e-05,0.008684354050976872
3.165167630057803e-05,0.004986661552923288
3.167167630057804e-05,0.004986661552923288
3.169167630057803e-05,0.004986661552923288
3.171167630057803e-05,0.01607973904708404
3.173167630057804e-05,0.008684354050976872
3.175167630057803e-05,0.008684354050976872
3.177167630057803e-05,0.01238204654903046
3.179167630057803e-05,0.01238204654903046
3.181167630057804e-05,0.004986661552923288
3.183167630057803e-05,0.0715451265178878
3.185167630057803e-05,3.262653752338131
3.187167630057803e-05,3.214583749863434
3.189167630057804e-05,3.25156067484397
3.191167630057803e-05,3.244165289847863
3.193167630057804e-05,0.04566127903151271
3.195167630057803e-05,0.06045204902372704
3.197167630057804e-05,0.008684354050976872
3.199167630057803e-05,0.03087050903929837
3.201167630057804e-05,3.255258367342023
3.203167630057803e-05,3.21088605736538
3.205167630057803e-05,3.273746829832291
3.207167630057804e-05,3.310723754812827
3.209167630057803e-05,3.318119139808934
3.211167630057803e-05,3.288537599824505
3.213167630057803e-05,3.295932984820613
3.215167630057804e-05,3.284839907326452
3.217167630057803e-05,3.299630677318667
3.219167630057803e-05,3.30332836981672
3.221167630057803e-05,3.299630677318667
3.223167630057804e-05,3.244165289847863
3.225167630057803e-05,0.05305666402761988
3.227167630057804e-05,0.07894051151399496
3.229167630057803e-05,0.02717281654124479
3.231167630057804e-05,0.008684354050976872
3.233167630057803e-05,-0.01350180093734463
3.235167630057804e-05,0.004986661552923288
3.237167630057803e-05,0.02347512404319121
3.239167630057804e-05,0.09003358900815572
3.241167630057803e-05,3.273746829832291
3.243167630057803e-05,3.221979134859541
3.245167630057803e-05,3.284839907326452
3.247167630057803e-05,3.310723754812827
3.249167630057804e-05,3.325514524805041
3.251167630057803e-05,3.318119139808934
3.253167630057803e-05,3.295932984820613
3.255167630057803e-05,3.225676827357595
3.257167630057804e-05,0.05675435652567346
3.259167630057803e-05,0.08263820401204855
3.261167630057803e-05,0.03456820153735196
3.263167630057803e-05,0.001288969054869704
3.265167630057804e-05,0.001288969054869704
3.267167630057803e-05,0.01238204654903046
3.269167630057804e-05,0.01977743154513762
3.271167630057803e-05,0.03087050903929837
3.273167630057804e-05,0.01607973904708404
3.275167630057804e-05,-0.00240872344318388
3.277167630057803e-05,-0.00240872344318388
3.279167630057803e-05,0.004986661552923288
3.281167630057803e-05,0.008684354050976872
3.283167630057804e-05,-0.009804108439291047
3.285167630057803e-05,0.004986661552923288
3.287167630057803e-05,0.06414974152178063
3.289167630057803e-05,3.270049137334238
3.291167630057804e-05,3.214583749863434
3.293167630057803e-05,3.266351444836184
3.295167630057803e-05,3.307026062314773
3.297167630057803e-05,3.318119139808934
3.299167630057804e-05,3.310723754812827
3.301167630057803e-05,3.288537599824505
3.303167630057803e-05,3.288537599824505
3.305167630057803e-05,3.310723754812827
3.307167630057804e-05,3.318119139808934
3.309167630057804e-05,3.299630677318667
3.311167630057803e-05,3.258956059840077
3.313167630057803e-05,0.05675435652567346
3.315167630057803e-05,0.09003358900815572
3.317167630057804e-05,0.04566127903151271
3.319167630057803e-05,0.0937312815062093
3.321167630057803e-05,3.299630677318667
3.323167630057803e-05,3.236769904851756
3.325167630057804e-05,3.295932984820613
3.327167630057803e-05,3.270049137334238
3.329167630057803e-05,0.06045204902372704
3.331167630057803e-05,0.1011266665023165
3.333167630057804e-05,0.03456820153735196
3.335167630057803e-05,0.004986661552923288
3.337167630057803e-05,0.001288969054869704
3.339167630057803e-05,0.02347512404319121
3.341167630057804e-05,0.03456820153735196
3.343167630057804e-05,0.1011266665023165
3.345167630057804e-05,3.295932984820613
3.347167630057803e-05,3.233072212353702
3.349167630057803e-05,3.295932984820613
3.351167630057804e-05,3.266351444836184
3.353167630057803e-05,0.0715451265178878
3.355167630057803e-05,0.1122197439964772
3.357167630057803e-05,0.05675435652567346
3.359167630057804e-05,-0.00240872344318388
3.361167630057803e-05,0.001288969054869704
3.363167630057803e-05,0.01977743154513762
3.365167630057803e-05,0.03087050903929837
3.367167630057804e-05,0.03087050903929837
3.369167630057803e-05,0.01977743154513762
3.371167630057803e-05,0.01977743154513762
3.373167630057803e-05,0.01977743154513762
3.375167630057804e-05,0.01607973904708404
3.377167630057804e-05,0.004986661552923288
3.379167630057804e-05,0.008684354050976872
3.381167630057803e-05,-0.00240872344318388
3.383167630057803e-05,0.008684354050976872
3.385167630057804e-05,0.001288969054869704
3.387167630057803e-05,0.01238204654903046
3.389167630057803e-05,0.01607973904708404
3.391167630057803e-05,0.08263820401204855
3.393167630057804e-05,3.292235292322559
3.395167630057803e-05,3.218281442361488
3.397167630057803e-05,3.273746829832291
3.399167630057803e-05,3.30332836981672
3.401167630057804e-05,3.321816832306988
3.403167630057803e-05,3.292235292322559
3.405167630057803e-05,3.295932984820613
3.407167630057803e-05,3.221979134859541
3.409167630057804e-05,0.0493589715295663
3.411167630057804e-05,0.08263820401204855
3.413167630057804e-05,0.03826589403540554
3.415167630057803e-05,0.001288969054869704
3.417167630057803e-05,-0.01719949343539821
3.419167630057804e-05,0.004986661552923288
3.421167630057803e-05,0.01977743154513762
3.423167630057803e-05,0.02347512404319121
3.425167630057803e-05,0.01238204654903046
3.427167630057804e-05,0.001288969054869704
3.429167630057803e-05,0.01238204654903046
3.431167630057803e-05,0.01607973904708404
3.433167630057803e-05,0.004986661552923288
3.435167630057804e-05,0.001288969054869704
3.437167630057803e-05,0.008684354050976872
3.439167630057803e-05,0.07524281901594138
3.441167630057803e-05,3.277444522330345
3.443167630057804e-05,3.221979134859541
3.445167630057803e-05,3.277444522330345
3.447167630057804e-05,3.314421447310881
3.449167630057803e-05,3.325514524805041
3.451167630057804e-05,3.30332836981672
3.453167630057804e-05,3.299630677318667
3.455167630057803e-05,3.299630677318667
3.457167630057803e-05,3.314421447310881
3.459167630057803e-05,3.336607602299202
3.461167630057804e-05,3.321816832306988
3.463167630057803e-05,3.314421447310881
3.465167630057803e-05,3.314421447310881
3.467167630057803e-05,3.329212217303095
3.469167630057804e-05,3.318119139808934
3.471167630057803e-05,3.321816832306988
3.473167630057803e-05,3.325514524805041
3.475167630057803e-05,3.318119139808934
3.477167630057804e-05,3.318119139808934
3.479167630057803e-05,3.314421447310881
3.481167630057804e-05,3.329212217303095
3.483167630057803e-05,3.325514524805041
3.485167630057804e-05,3.325514524805041
3.487167630057804e-05,3.255258367342023
3.489167630057803e-05,0.07524281901594138
3.491167630057803e-05,0.08633589651010214
3.493167630057803e-05,0.04566127903151271
3.495167630057804e-05,0.08633589651010214
3.497167630057803e-05,3.292235292322559
3.499167630057803e-05,3.233072212353702
3.501167630057803e-05,3.314421447310881
3.503167630057804e-05,3.336607602299202
3.505167630057803e-05,3.344002987295309
3.507167630057803e-05,3.318119139808934
3.509167630057803e-05,3.314421447310881
3.511167630057804e-05,3.310723754812827
3.513167630057803e-05,3.332909909801149
3.515167630057803e-05,3.325514524805041
3.517167630057803e-05,3.325514524805041
3.519167630057804e-05,3.318119139808934
3.521167630057804e-05,3.329212217303095
3.523167630057803e-05,3.325514524805041
3.525167630057803e-05,3.336607602299202
3.527167630057803e-05,3.273746829832291
3.529167630057804e-05,0.07894051151399496
3.531167630057803e-05,0.09003358900815572
3.533167630057803e-05,0.05305666402761988
3.535167630057803e-05,0.07894051151399496
3.537167630057804e-05,3.295932984820613
3.539167630057803e-05,3.244165289847863
3.541167630057803e-05,3.314421447310881
3.543167630057803e-05,3.344002987295309
3.545167630057804e-05,3.35509606478947
3.547167630057803e-05,3.329212217303095
3.549167630057803e-05,3.318119139808934
3.551167630057803e-05,3.258956059840077
3.553167630057804e-05,0.07524281901594138
3.555167630057804e-05,0.09003358900815572
3.557167630057804e-05,0.0493589715295663
3.559167630057803e-05,0.004986661552923288
3.561167630057803e-05,-0.009804108439291047
3.563167630057804e-05,0.01977743154513762
3.565167630057803e-05,0.03087050903929837
3.567167630057803e-05,0.03087050903929837
3.569167630057803e-05,0.01977743154513762
3.571167630057804e-05,0.01977743154513762
3.573167630057803e-05,0.01238204654903046
3.575167630057803e-05,0.09003358900815572
3.577167630057803e-05,3.288537599824505
3.579167630057804e-05,3.244165289847863
3.581167630057803e-05,3.292235292322559
3.583167630057803e-05,3.321816832306988
3.585167630057803e-05,3.332909909801149
3.587167630057804e-05,3.325514524805041
3.589167630057804e-05,3.30332836981672
3.591167630057804e-05,3.30332836981672
3.593167630057803e-05,3.314421447310881
3.595167630057803e-05,3.30332836981672
3.597167630057804e-05,3.318119139808934
3.599167630057803e-05,3.318119139808934
3.601167630057803e-05,3.321816832306988
3.603167630057803e-05,3.318119139808934
3.605167630057804e-05,3.321816832306988
3.607167630057803e-05,3.321816832306988
3.609167630057803e-05,3.318119139808934
3.611167630057803e-05,3.325514524805041
3.613167630057804e-05,3.325514524805041
3.615167630057803e-05,3.262653752338131
3.617167630057803e-05,0.06784743401983422
3.619167630057803e-05,0.0937312815062093
3.621167630057804e-05,0.04566127903151271
3.623167630057804e-05,0.01607973904708404
3.625167630057804e-05,0.01238204654903046
3.627167630057803e-05,0.02717281654124479
3.629167630057803e-05,0.03087050903929837
3.631167630057804e-05,0.1122197439964772
3.633167630057803e-05,3.292235292322559
3.635167630057803e-05,3.240467597349809
3.637167630057803e-05,3.299630677318667
3.639167630057804e-05,3.258956059840077
3.641167630057803e-05,0.07524281901594138
3.643167630057803e-05,0.1048243590003701
3.645167630057803e-05,0.02717281654124479
3.647167630057804e-05,0.06784743401983422
3.649167630057803e-05,3.284839907326452
3.651167630057803e-05,3.229374519855648
3.653167630057803e-05,3.292235292322559
3.655167630057804e-05,3.318119139808934
3.657167630057803e-05,3.332909909801149
3.659167630057804e-05,3.310723754812827
3.661167630057803e-05,3.281142214828399
3.663167630057804e-05,3.229374519855648
3.665167630057804e-05,0.05305666402761988
3.667167630057803e-05,0.09742897400426288
3.669167630057803e-05,0.03826589403540554
3.671167630057803e-05,0.004986661552923288
3.673167630057804e-05,0.001288969054869704
3.675167630057803e-05,0.004986661552923288
3.677167630057803e-05,0.03087050903929837
3.679167630057803e-05,0.08633589651010214
3.681167630057804e-05,3.281142214828399
3.683167630057803e-05,3.236769904851756
3.685167630057803e-05,3.292235292322559
3.687167630057803e-05,3.262653752338131
3.689167630057804e-05,0.07524281901594138
3.691167630057803e-05,0.0937312815062093
3.693167630057803e-05,0.01977743154513762
3.695167630057803e-05,0.06045204902372704
3.697167630057804e-05,3.284839907326452
3.699167630057804e-05,3.225676827357595
3.701167630057803e-05,3.284839907326452
3.703167630057803e-05,3.266351444836184
3.705167630057803e-05,0.06784743401983422
3.707167630057804e-05,0.07524281901594138
3.709167630057803e-05,0.01977743154513762
3.711167630057803e-05,-0.01719949343539821
3.713167630057803e-05,-0.01350180093734463
3.715167630057804e-05,0.01607973904708404
3.717167630057803e-05,0.02347512404319121
3.719167630057803e-05,0.01977743154513762
3.721167630057803e-05,0.01607973904708404
3.723167630057804e-05,0.01977743154513762
3.725167630057803e-05,0.008684354050976872
3.727167630057803e-05,0.01607973904708404
3.729167630057803e-05,0.01238204654903046
3.731167630057804e-05,0.01607973904708404
3.733167630057804e-05,0.001288969054869704
3.735167630057803e-05,0.06784743401983422
3.737167630057803e-05,3.270049137334238
3.739167630057803e-05,3.214583749863434
3.741167630057804e-05,3.273746829832291
3.743167630057803e-05,3.307026062314773
3.745167630057803e-05,3.325514524805041
3.747167630057803e-05,3.310723754812827
3.749167630057804e-05,3.284839907326452
3.751167630057803e-05,3.295932984820613
3.753167630057803e-05,3.310723754812827
3.755167630057803e-05,3.307026062314773
3.757167630057804e-05,3.30332836981672
3.759167630057803e-05,3.240467597349809
3.761167630057803e-05,0.05675435652567346
3.763167630057803e-05,0.08633589651010214
3.765167630057804e-05,0.02347512404319121
3.767167630057804e-05,0.0715451265178878
3.769167630057804e-05,3.270049137334238
3.771167630057803e-05,3.225676827357595
3.773167630057803e-05,3.288537599824505
3.775167630057804e-05,3.340305294797256
3.777167630057803e-05,3.340305294797256
3.779167630057803e-05,3.318119139808934
3.781167630057803e-05,3.295932984820613
3.783167630057804e-05,3.299630677318667
3.785167630057803e-05,3.310723754812827
3.787167630057803e-05,3.314421447310881
3.789167630057803e-05,3.314421447310881
3.791167630057804e-05,3.30332836981672
3.793167630057803e-05,3.295932984820613
3.795167630057803e-05,3.30332836981672
3.797167630057803e-05,3.314421447310881
3.799167630057804e-05,3.318119139808934
3.801167630057804e-05,3.318119139808934
3.803167630057804e-05,3.318119139808934
3.805167630057803e-05,3.329212217303095
3.807167630057803e-05,3.266351444836184
3.809167630057804e-05,0.06784743401983422
3.811167630057803e-05,0.09742897400426288
3.813167630057803e-05,0.04196358653345913
3.815167630057803e-05,0.01607973904708404
3.817167630057804e-05,0.01238204654903046
3.819167630057803e-05,0.02347512404319121
3.821167630057803e-05,0.03087050903929837
3.823167630057803e-05,0.1048243590003701
3.825167630057804e-05,3.288537599824505
3.827167630057803e-05,3.233072212353702
3.829167630057803e-05,3.299630677318667
3.831167630057803e-05,3.325514524805041
3.833167630057804e-05,3.340305294797256
3.835167630057804e-05,3.321816832306988
3.837167630057804e-05,3.310723754812827
3.839167630057803e-05,3.314421447310881
3.841167630057803e-05,3.318119139808934
3.843167630057804e-05,3.329212217303095
3.845167630057803e-05,3.325514524805041
3.847167630057803e-05,3.329212217303095
3.849167630057803e-05,3.318119139808934
3.851167630057804e-05,3.318119139808934
3.853167630057803e-05,3.318119139808934
3.855167630057803e-05,3.314421447310881
3.857167630057803e-05,3.314421447310881
3.859167630057804e-05,3.307026062314773
3.861167630057803e-05,3.318119139808934
3.863167630057803e-05,3.25156067484397
3.865167630057803e-05,0.06045204902372704
3.867167630057804e-05,0.08633589651010214
3.869167630057803e-05,0.03826589403540554
3.871167630057804e-05,0.07894051151399496
3.873167630057803e-05,3.295932984820613
3.875167630057804e-05,3.236769904851756
3.877167630057804e-05,3.299630677318667
3.879167630057803e-05,3.325514524805041
3.881167630057803e-05,3.344002987295309
3.883167630057803e-05,3.318119139808934
3.885167630057804e-05,3.318119139808934
3.887167630057803e-05,3.30332836981672
3.889167630057803e-05,3.321816832306988
3.891167630057803e-05,3.329212217303095
3.893167630057804e-05,3.321816832306988
3.895167630057803e-05,3.270049137334238
3.897167630057803e-05,0.06784743401983422
3.899167630057803e-05,0.0937312815062093
3.901167630057804e-05,0.05305666402761988
3.903167630057803e-05,0.03087050903929837
3.905167630057803e-05,0.008684354050976872
3.907167630057803e-05,0.03456820153735196
3.909167630057804e-05,0.04566127903151271
3.911167630057804e-05,0.1048243590003701
3.913167630057803e-05,3.310723754812827
3.915167630057803e-05,3.244165289847863
3.917167630057803e-05,3.284839907326452
3.919167630057804e-05,3.318119139808934
3.921167630057803e-05,3.336607602299202
3.923167630057803e-05,3.332909909801149
3.925167630057803e-05,3.314421447310881
3.927167630057804e-05,3.247862982345916
3.929167630057803e-05,0.06414974152178063
3.931167630057803e-05,0.1048243590003701
3.933167630057803e-05,0.05675435652567346
3.935167630057804e-05,0.08263820401204855
3.937167630057803e-05,3.299630677318667
3.939167630057803e-05,3.229374519855648
3.941167630057803e-05,3.30332836981672
3.943167630057804e-05,3.273746829832291
3.945167630057804e-05,0.07894051151399496
3.947167630057803e-05,0.09742897400426288
3.949167630057803e-05,0.0493589715295663
3.951167630057803e-05,0.07524281901594138
3.953167630057804e-05,3.307026062314773
3.955167630057803e-05,3.240467597349809
3.957167630057803e-05,3.310723754812827
3.959167630057803e-05,3.344002987295309
3.961167630057804e-05,3.344002987295309
3.963167630057803e-05,3.321816832306988
3.965167630057803e-05,3.314421447310881
3.967167630057803e-05,3.314421447310881
3.969167630057804e-05,3.321816832306988
3.971167630057803e-05,3.325514524805041
3.973167630057803e-05,3.318119139808934
3.975167630057803e-05,3.314421447310881
3.977167630057804e-05,3.310723754812827
3.979167630057804e-05,3.325514524805041
3.981167630057804e-05,3.314421447310881
3.983167630057803e-05,3.310723754812827
3.985167630057803e-05,3.321816832306988
3.987167630057804e-05,3.325514524805041
3.989167630057803e-05,3.329212217303095
3.991167630057803e-05,3.262653752338131
3.993167630057803e-05,0.06784743401983422
3.995167630057804e-05,0.1011266665023165
3.997167630057803e-05,0.0493589715295663
3.999167630057803e-05,0.09003358900815572
4.001167630057803e-05,3.310723754812827
4.003167630057804e-05,3.244165289847863
4.005167630057803e-05,3.325514524805041
4.007167630057803e-05,3.347700679793363
4.009167630057803e-05,3.351398372291416
4.011167630057804e-05,3.325514524805041
4.013167630057804e-05,3.310723754812827
4.015167630057804e-05,3.321816832306988
4.017167630057803e-05,3.329212217303095
4.019167630057803e-05,3.340305294797256
4.021167630057804e-05,3.329212217303095
4.023167630057803e-05,3.329212217303095
4.025167630057803e-05,3.332909909801149
4.027167630057803e-05,3.332909909801149
4.029167630057804e-05,3.325514524805041
4.031167630057803e-05,3.270049137334238
4.033167630057803e-05,0.08263820401204855
4.035167630057803e-05,0.1011266665023165
4.037167630057804e-05,0.06045204902372704
4.039167630057803e-05,0.02347512404319121
4.041167630057803e-05,0.01238204654903046
4.043167630057803e-05,0.01977743154513762
4.045167630057804e-05,0.03826589403540554
4.047167630057804e-05,0.09742897400426288
4.049167630057804e-05,3.284839907326452
4.051167630057803e-05,3.240467597349809
4.053167630057803e-05,3.299630677318667
4.055167630057804e-05,3.329212217303095
4.057167630057803e-05,3.344002987295309
4.059167630057803e-05,3.332909909801149
4.061167630057803e-05,3.295932984820613
4.063167630057804e-05,3.247862982345916
4.065167630057803e-05,0.0715451265178878
4.067167630057803e-05,0.09003358900815572
4.069167630057803e-05,0.04196358653345913
4.071167630057804e-05,-0.00240872344318388
4.073167630057803e-05,-0.01350180093734463
4.075167630057803e-05,0.004986661552923288
4.077167630057803e-05,0.02347512404319121
4.079167630057804e-05,0.02347512404319121
4.081167630057803e-05,0.01238204654903046
4.083167630057804e-05,0.001288969054869704
4.085167630057803e-05,0.008684354050976872
4.087167630057804e-05,0.008684354050976872
4.089167630057804e-05,0.001288969054869704
4.091167630057803e-05,0.004986661552923288
4.093167630057803e-05,0.001288969054869704
4.095167630057803e-05,0.06414974152178063
4.097167630057804e-05,3.262653752338131
4.099167630057803e-05,3.221979134859541
4.101167630057803e-05,3.270049137334238
4.103167630057803e-05,3.295932984820613
4.105167630057804e-05,3.310723754812827
4.107167630057803e-05,3.299630677318667
4.109167630057803e-05,3.273746829832291
4.111167630057803e-05,3.281142214828399
4.113167630057804e-05,3.292235292322559
4.115167630057803e-05,3.281142214828399
4.117167630057803e-05,3.292235292322559
4.119167630057803e-05,3.295932984820613
4.121167630057804e-05,3.295932984820613
4.123167630057804e-05,3.30332836981672
4.125167630057803e-05,3.292235292322559
4.127167630057803e-05,3.292235292322559
4.129167630057803e-05,3.314421447310881
4.131167630057804e-05,3.318119139808934
4.133167630057803e-05,3.295932984820613
4.135167630057803e-05,3.244165289847863
4.137167630057803e-05,0.06414974152178063
4.139167630057804e-05,0.08263820401204855
4.141167630057803e-05,0.03826589403540554
4.143167630057803e-05,0.004986661552923288
4.145167630057803e-05,-0.00240872344318388
4.147167630057804e-05,0.004986661552923288
4.149167630057803e-05,0.01977743154513762
4.151167630057803e-05,0.01607973904708404
4.153167630057803e-05,0.01607973904708404
4.155167630057804e-05,0.01607973904708404
4.157167630057804e-05,0.01607973904708404
4.159167630057804e-05,0.09003358900815572
4.161167630057803e-05,3.284839907326452
4.163167630057803e-05,3.233072212353702
4.165167630057804e-05,3.281142214828399
4.167167630057803e-05,3.321816832306988
4.169167630057803e-05,3.325514524805041
4.171167630057803e-05,3.314421447310881
4.173167630057804e-05,3.307026062314773
4.175167630057803e-05,3.240467597349809
4.177167630057803e-05,0.07894051151399496
4.179167630057803e-05,0.08263820401204855
4.181167630057804e-05,0.04196358653345913
4.183167630057803e-05,0.001288969054869704
4.185167630057803e-05,-0.009804108439291047
4.187167630057803e-05,0.008684354050976872
4.189167630057804e-05,0.01238204654903046
4.191167630057804e-05,0.08263820401204855
4.193167630057804e-05,3.262653752338131
4.195167630057803e-05,3.225676827357595
4.197167630057803e-05,3.266351444836184
4.199167630057804e-05,3.247862982345916
4.201167630057803e-05,0.0715451265178878
4.203167630057803e-05,0.07524281901594138
4.205167630057803e-05,0.02347512404319121
4.207167630057804e-05,-0.02459487843150538
4.209167630057803e-05,-0.009804108439291047
4.211167630057803e-05,0.008684354050976872
4.213167630057803e-05,0.02717281654124479
4.215167630057804e-05,0.02347512404319121
4.217167630057803e-05,0.01977743154513762
4.219167630057803e-05,0.01238204654903046
4.221167630057803e-05,0.01607973904708404
4.223167630057804e-05,0.01607973904708404
4.225167630057804e-05,0.01238204654903046
4.227167630057804e-05,0.01977743154513762
4.229167630057803e-05,0.01607973904708404
4.231167630057803e-05,0.01238204654903046
4.233167630057804e-05,0.02347512404319121
4.235167630057803e-05,0.01977743154513762
4.237167630057803e-05,0.01607973904708404
4.239167630057803e-05,0.01607973904708404
4.241167630057804e-05,0.01238204654903046
4.243167630057803e-05,0.02347512404319121
4.245167630057803e-05,0.02717281654124479
4.247167630057803e-05,0.01238204654903046
4.249167630057804e-05,0.01977743154513762
4.251167630057803e-05,0.01238204654903046
4.253167630057803e-05,0.01977743154513762
4.255167630057803e-05,0.001288969054869704
4.257167630057804e-05,0.008684354050976872
4.259167630057803e-05,0.008684354050976872
4.261167630057804e-05,0.008684354050976872
4.263167630057803e-05,0.06784743401983422
4.265167630057804e-05,3.273746829832291
4.267167630057804e-05,3.221979134859541
4.269167630057803e-05,3.281142214828399
4.271167630057803e-05,3.314421447310881
4.273167630057803e-05,3.325514524805041
4.275167630057804e-05,3.314421447310881
4.277167630057803e-05,3.292235292322559
4.279167630057803e-05,3.292235292322559
4.281167630057803e-05,3.295932984820613
4.283167630057804e-05,3.30332836981672
4.285167630057803e-05,3.292235292322559
4.287167630057803e-05,3.295932984820613
4.289167630057803e-05,3.295932984820613
4.291167630057804e-05,3.295932984820613
4.293167630057803e-05,3.292235292322559
4.295167630057804e-05,3.244165289847863
4.297167630057803e-05,0.05305666402761988
4.299167630057804e-05,0.08633589651010214
4.301167630057804e-05,0.02347512404319121
4.303167630057803e-05,0.06414974152178063
4.305167630057803e-05,3.270049137334238
4.307167630057803e-05,3.214583749863434
4.309167630057804e-05,3.288537599824505
4.311167630057803e-05,3.329212217303095
4.313167630057803e-05,3.325514524805041
4.315167630057803e-05,3.30332836981672
4.317167630057804e-05,3.292235292322559
4.319167630057803e-05,3.244165289847863
4.321167630057803e-05,0.06784743401983422
4.323167630057803e-05,0.09003358900815572
4.325167630057804e-05,0.0493589715295663
4.327167630057803e-05,0.008684354050976872
4.329167630057803e-05,0.001288969054869704
4.331167630057803e-05,0.01607973904708404
4.333167630057804e-05,0.02347512404319121
4.335167630057804e-05,0.03087050903929837
4.337167630057803e-05,0.01607973904708404
4.339167630057803e-05,-0.00240872344318388
4.341167630057803e-05,0.004986661552923288
4.343167630057804e-05,0.07524281901594138
4.345167630057803e-05,3.284839907326452
4.347167630057803e-05,3.229374519855648
4.349167630057803e-05,3.273746829832291
4.351167630057804e-05,3.25156067484397
4.353167630057803e-05,0.05305666402761988
4.355167630057803e-05,0.08633589651010214
4.357167630057803e-05,0.02347512404319121
4.359167630057804e-05,0.06045204902372704
4.361167630057803e-05,3.273746829832291
4.363167630057803e-05,3.225676827357595
4.365167630057803e-05,3.277444522330345
4.367167630057804e-05,3.262653752338131
4.369167630057804e-05,0.04566127903151271
4.371167630057804e-05,0.08633589651010214
4.373167630057803e-05,0.02717281654124479
4.375167630057803e-05,-0.009804108439291047
4.377167630057804e-05,0.001288969054869704
4.379167630057803e-05,0.01977743154513762
4.381167630057803e-05,0.03087050903929837
4.383167630057803e-05,0.07894051151399496
4.385167630057804e-05,3.284839907326452
4.387167630057803e-05,3.225676827357595
4.389167630057803e-05,3.295932984820613
4.391167630057803e-05,3.325514524805041
4.393167630057804e-05,3.332909909801149
4.395167630057803e-05,3.321816832306988
4.397167630057803e-05,3.307026062314773
4.399167630057803e-05,3.25156067484397
4.401167630057804e-05,0.06414974152178063
4.403167630057804e-05,0.09742897400426288
4.405167630057804e-05,0.04566127903151271
4.407167630057803e-05,0.08633589651010214
4.409167630057803e-05,3.299630677318667
4.411167630057804e-05,3.229374519855648
4.413167630057803e-05,3.310723754812827
4.415167630057803e-05,3.336607602299202
4.417167630057803e-05,3.344002987295309
4.419167630057804e-05,3.314421447310881
4.421167630057803e-05,3.314421447310881
4.423167630057803e-05,3.30332836981672
4.425167630057803e-05,3.325514524805041
4.427167630057804e-05,3.321816832306988
4.429167630057803e-05,3.336607602299202
4.431167630057803e-05,3.318119139808934
4.433167630057803e-05,3.307026062314773
4.435167630057804e-05,3.321816832306988
4.437167630057804e-05,3.318119139808934
4.439167630057804e-05,3.255258367342023
4.441167630057803e-05,0.06045204902372704
4.443167630057803e-05,0.09742897400426288
4.445167630057804e-05,0.04196358653345913
4.447167630057803e-05,0.08633589651010214
4.449167630057803e-05,3.284839907326452
4.451167630057803e-05,3.218281442361488
4.453167630057804e-05,3.295932984820613
4.455167630057803e-05,3.258956059840077
4.457167630057803e-05,0.05675435652567346
4.459167630057803e-05,0.09742897400426288
4.461167630057804e-05,0.02347512404319121
4.463167630057803e-05,0.08633589651010214
4.465167630057803e-05,3.30332836981672
4.467167630057803e-05,3.236769904851756
4.469167630057804e-05,3.30332836981672
4.471167630057803e-05,3.277444522330345
4.473167630057804e-05,0.06784743401983422
4.475167630057803e-05,0.1011266665023165
4.477167630057804e-05,0.04196358653345913
4.479167630057804e-05,0.001288969054869704
4.481167630057803e-05,0.01607973904708404
4.483167630057803e-05,0.03087050903929837
4.485167630057803e-05,0.04566127903151271
4.487167630057804e-05,0.03087050903929837
4.489167630057803e-05,0.03826589403540554
4.491167630057803e-05,0.02717281654124479
4.493167630057803e-05,0.03087050903929837
4.495167630057804e-05,0.1048243590003701
4.497167630057803e-05,3.310723754812827
4.499167630057803e-05,3.244165289847863
4.501167630057803e-05,3.310723754812827
4.503167630057804e-05,3.270049137334238
4.505167630057803e-05,0.07524281901594138
4.507167630057804e-05,0.1011266665023165
4.509167630057803e-05,0.04196358653345913
4.511167630057804e-05,0.05675435652567346
4.513167630057804e-05,3.292235292322559
4.515167630057803e-05,3.225676827357595
4.517167630057803e-05,3.292235292322559
4.519167630057803e-05,3.318119139808934
4.521167630057804e-05,3.325514524805041
4.523167630057803e-05,3.299630677318667
4.525167630057803e-05,3.292235292322559
4.527167630057803e-05,3.225676827357595
4.529167630057804e-05,0.04196358653345913
4.531167630057803e-05,0.07524281901594138
4.533167630057803e-05,0.02717281654124479
4.535167630057803e-05,0.05305666402761988
4.537167630057804e-05,3.277444522330345
4.539167630057803e-05,3.218281442361488
4.541167630057803e-05,3.284839907326452
4.543167630057803e-05,3.314421447310881
4.545167630057804e-05,3.325514524805041
4.547167630057804e-05,3.307026062314773
4.549167630057803e-05,3.292235292322559
4.551167630057803e-05,3.236769904851756
4.553167630057803e-05,0.05675435652567346
4.555167630057804e-05,0.0937312815062093
4.557167630057803e-05,0.03456820153735196
4.559167630057803e-05,0.001288969054869704
4.561167630057803e-05,-0.006106415941237463
4.563167630057804e-05,0.01238204654903046
4.565167630057803e-05,0.01607973904708404
4.567167630057803e-05,0.01977743154513762
4.569167630057803e-05,0.008684354050976872
4.571167630057804e-05,0.008684354050976872
4.573167630057803e-05,0.004986661552923288
4.575167630057803e-05,0.01238204654903046
4.577167630057803e-05,0.004986661552923288
4.579167630057804e-05,0.001288969054869704
4.581167630057804e-05,0.001288969054869704
4.583167630057804e-05,0.004986661552923288
4.585167630057803e-05,0.01238204654903046
4.587167630057803e-05,0.001288969054869704
4.589167630057804e-05,0.004986661552923288
4.591167630057803e-05,-0.00240872344318388
4.593167630057803e-05,-0.00240872344318388
4.595167630057803e-05,-0.006106415941237463
4.597167630057804e-05,-0.009804108439291047
4.599167630057803e-05,0.06414974152178063
4.601167630057803e-05,3.277444522330345
4.603167630057803e-05,3.207188364867327
4.605167630057804e-05,3.277444522330345
4.607167630057803e-05,3.307026062314773
4.609167630057803e-05,3.314421447310881
4.611167630057803e-05,3.292235292322559
4.613167630057804e-05,3.292235292322559
4.615167630057804e-05,3.281142214828399
4.617167630057804e-05,3.292235292322559
4.619167630057803e-05,3.30332836981672
4.621167630057803e-05,3.307026062314773
4.623167630057804e-05,3.307026062314773
4.625167630057803e-05,3.318119139808934
4.627167630057803e-05,3.307026062314773
4.629167630057803e-05,3.321816832306988
4.631167630057804e-05,3.329212217303095
4.633167630057803e-05,3.321816832306988
4.635167630057803e-05,3.325514524805041
4.637167630057803e-05,3.329212217303095
4.639167630057804e-05,3.255258367342023
4.641167630057803e-05,0.06414974152178063
4.643167630057803e-05,0.09742897400426288
4.645167630057803e-05,0.06784743401983422
4.647167630057804e-05,0.1011266665023165
4.649167630057804e-05,3.318119139808934
4.651167630057804e-05,3.236769904851756
4.653167630057803e-05,3.318119139808934
4.655167630057803e-05,3.295932984820613
4.657167630057804e-05,0.07894051151399496
4.659167630057803e-05,0.1270105139886916
4.661167630057803e-05,0.05305666402761988
4.663167630057803e-05,0.1011266665023165
4.665167630057804e-05,3.318119139808934
4.667167630057803e-05,3.247862982345916
4.669167630057803e-05,3.325514524805041
4.671167630057803e-05,3.362491449785577
4.673167630057804e-05,3.362491449785577
4.675167630057803e-05,3.336607602299202
4.677167630057803e-05,3.329212217303095
4.679167630057803e-05,3.325514524805041
4.681167630057804e-05,3.332909909801149
4.683167630057803e-05,3.340305294797256
4.685167630057804e-05,3.336607602299202
4.687167630057803e-05,3.273746829832291
4.689167630057804e-05,0.08263820401204855
4.691167630057804e-05,0.1159174364945308
4.693167630057803e-05,0.06784743401983422
4.695167630057803e-05,0.1011266665023165
4.697167630057803e-05,3.325514524805041
4.699167630057804e-05,3.233072212353702
4.701167630057803e-05,3.310723754812827
4.703167630057803e-05,3.347700679793363
4.705167630057803e-05,3.35509606478947
4.707167630057804e-05,3.329212217303095
4.709167630057803e-05,3.318119139808934
4.711167630057803e-05,3.310723754812827
4.713167630057803e-05,3.318119139808934
4.715167630057804e-05,3.336607602299202
4.717167630057803e-05,3.318119139808934
4.719167630057803e-05,3.314421447310881
4.721167630057803e-05,3.310723754812827
4.723167630057804e-05,3.307026062314773
4.725167630057804e-05,3.307026062314773
4.727167630057803e-05,3.314421447310881
4.729167630057803e-05,3.310723754812827
4.731167630057803e-05,3.314421447310881
4.733167630057804e-05,3.321816832306988
4.735167630057803e-05,3.244165289847863
4.737167630057803e-05,0.05675435652567346
4.739167630057803e-05,0.0937312815062093
4.741167630057804e-05,0.03826589403540554
4.743167630057803e-05,0.008684354050976872
4.745167630057803e-05,0.001288969054869704
4.747167630057803e-05,0.02717281654124479
4.749167630057804e-05,0.02717281654124479
4.751167630057803e-05,0.1011266665023165
4.753167630057803e-05,3.310723754812827
4.755167630057803e-05,3.225676827357595
4.757167630057804e-05,3.292235292322559
4.759167630057804e-05,3.318119139808934
4.761167630057803e-05,3.325514524805041
4.763167630057803e-05,3.318119139808934
4.765167630057803e-05,3.310723754812827
4.767167630057804e-05,3.307026062314773
4.769167630057803e-05,3.307026062314773
4.771167630057803e-05,3.329212217303095
4.773167630057803e-05,3.321816832306988
4.775167630057804e-05,3.262653752338131
4.777167630057803e-05,0.06414974152178063
4.779167630057803e-05,0.1048243590003701
4.781167630057803e-05,0.04566127903151271
4.783167630057804e-05,0.1048243590003701
4.785167630057803e-05,3.332909909801149
4.787167630057804e-05,3.244165289847863
4.789167630057803e-05,3.314421447310881
4.791167630057804e-05,3.35509606478947
4.793167630057803e-05,3.35509606478947
4.795167630057804e-05,3.329212217303095
4.797167630057803e-05,3.318119139808934
4.799167630057803e-05,3.258956059840077
4.801167630057803e-05,0.0715451265178878
4.803167630057803e-05,0.1011266665023165
4.805167630057803e-05,0.06045204902372704
4.807167630057803e-05,0.01977743154513762
4.809167630057804e-05,0.01977743154513762
4.811167630057803e-05,0.01977743154513762
4.813167630057804e-05,0.04566127903151271
4.815167630057803e-05,0.04196358653345913
4.817167630057804e-05,0.02717281654124479
4.819167630057803e-05,0.02347512404319121
4.821167630057804e-05,0.03456820153735196
4.823167630057803e-05,0.02717281654124479
4.825167630057804e-05,0.03826589403540554
4.827167630057803e-05,0.03826589403540554
4.829167630057804e-05,0.04196358653345913
4.831167630057803e-05,0.03087050903929837
4.833167630057803e-05,0.03456820153735196
4.835167630057803e-05,0.03826589403540554
4.837167630057803e-05,0.02717281654124479
4.839167630057803e-05,0.03826589403540554
4.841167630057803e-05,0.03087050903929837
4.843167630057803e-05,0.02717281654124479
4.845167630057803e-05,0.01238204654903046
4.847167630057804e-05,0.02347512404319121
4.849167630057803e-05,0.02717281654124479
4.851167630057804e-05,0.01977743154513762
4.853167630057803e-05,0.01607973904708404
4.855167630057804e-05,0.09742897400426288
4.857167630057803e-05,3.288537599824505
4.859167630057804e-05,3.221979134859541
4.861167630057803e-05,3.266351444836184
4.863167630057804e-05,3.299630677318667
4.865167630057803e-05,3.307026062314773
4.867167630057803e-05,3.292235292322559
4.869167630057803e-05,3.281142214828399
4.871167630057803e-05,3.221979134859541
4.873167630057803e-05,0.02717281654124479
4.875167630057803e-05,0.07524281901594138
4.877167630057803e-05,0.03456820153735196
4.879167630057803e-05,0.06784743401983422
4.881167630057804e-05,3.292235292322559
4.883167630057803e-05,3.19979297987122
4.885167630057804e-05,3.284839907326452
4.887167630057803e-05,3.314421447310881
4.889167630057804e-05,3.314421447310881
4.891167630057803e-05,3.295932984820613
4.893167630057804e-05,3.288537599824505
4.895167630057803e-05,3.292235292322559
4.897167630057804e-05,3.307026062314773
4.899167630057803e-05,3.307026062314773
4.901167630057804e-05,3.307026062314773
4.903167630057803e-05,3.236769904851756
4.905167630057803e-05,0.03456820153735196
4.907167630057803e-05,0.07894051151399496
4.909167630057803e-05,0.04196358653345913
4.911167630057803e-05,0.0715451265178878
4.913167630057803e-05,3.288537599824505
4.915167630057804e-05,3.214583749863434
4.917167630057803e-05,3.288537599824505
4.919167630057804e-05,3.255258367342023
4.921167630057803e-05,0.04196358653345913
4.923167630057804e-05,0.09003358900815572
4.925167630057803e-05,0.01977743154513762
4.927167630057804e-05,0.06414974152178063
4.929167630057803e-05,3.288537599824505
4.931167630057804e-05,3.218281442361488
4.933167630057803e-05,3.292235292322559
4.935167630057804e-05,3.318119139808934
4.937167630057803e-05,3.336607602299202
4.939167630057803e-05,3.310723754812827
4.941167630057803e-05,3.295932984820613
4.943167630057803e-05,3.299630677318667
4.945167630057803e-05,3.307026062314773
4.947167630057803e-05,3.318119139808934
4.949167630057803e-05,3.299630677318667
4.951167630057803e-05,3.292235292322559
4.953167630057804e-05,3.307026062314773
4.955167630057803e-05,3.310723754812827
4.957167630057804e-05,3.314421447310881
4.959167630057803e-05,3.233072212353702
4.961167630057804e-05,0.03087050903929837
4.963167630057803e-05,0.09003358900815572
4.965167630057804e-05,0.03826589403540554
4.967167630057803e-05,0.008684354050976872
4.969167630057804e-05,-0.01350180093734463
4.971167630057803e-05,0.008684354050976872
4.973167630057804e-05,0.03456820153735196
4.975167630057803e-05,0.03826589403540554
4.977167630057803e-05,0.01977743154513762
4.979167630057803e-05,0.01977743154513762
4.981167630057803e-05,0.02717281654124479
4.983167630057803e-05,0.02717281654124479
4.985167630057803e-05,0.02717281654124479
4.987167630057804e-05,0.03087050903929837
4.989167630057803e-05,0.02717281654124479
4.991167630057804e-05,0.1011266665023165
4.993167630057803e-05,3.321816832306988
4.995167630057804e-05,3.236769904851756
4.997167630057803e-05,3.307026062314773
4.999167630057804e-05,3.255258367342023
5.001167630057803e-05,0.04566127903151271
5.003167630057804e-05,0.1085220514984236
5.005167630057803e-05,0.03456820153735196
5.007167630057804e-05,0.008684354050976872
5.009167630057803e-05,0.008684354050976872
5.011167630057803e-05,0.04196358653345913
5.013167630057803e-05,0.04566127903151271
5.015167630057803e-05,0.123312821490638
5.017167630057803e-05,3.325514524805041
5.019167630057803e-05,3.229374519855648
5.021167630057804e-05,3.295932984820613
5.023167630057803e-05,3.262653752338131
5.025167630057804e-05,0.05675435652567346
5.027167630057803e-05,0.1159174364945308
5.029167630057804e-05,0.03826589403540554
5.031167630057803e-05,0.08633589651010214
5.033167630057804e-05,3.307026062314773
5.035167630057803e-05,3.247862982345916
5.037167630057804e-05,3.321816832306988
5.039167630057803e-05,3.340305294797256
5.041167630057804e-05,3.347700679793363
5.043167630057803e-05,3.325514524805041
5.045167630057803e-05,3.299630677318667
5.047167630057803e-05,3.310723754812827
5.049167630057803e-05,3.314421447310881
5.051167630057803e-05,3.318119139808934
5.053167630057803e-05,3.318119139808934
5.055167630057803e-05,3.321816832306988
5.057167630057803e-05,3.318119139808934
5.059167630057804e-05,3.321816832306988
5.061167630057803e-05,3.310723754812827
5.063167630057804e-05,3.258956059840077
5.065167630057803e-05,0.05675435652567346
5.067167630057804e-05,0.09742897400426288
5.069167630057803e-05,0.04566127903151271
5.071167630057804e-05,0.09003358900815572
5.073167630057803e-05,3.310723754812827
5.075167630057804e-05,3.233072212353702
5.077167630057803e-05,3.307026062314773
5.079167630057804e-05,3.336607602299202
5.081167630057803e-05,3.344002987295309
5.083167630057803e-05,3.314421447310881
5.085167630057803e-05,3.299630677318667
5.087167630057803e-05,3.236769904851756
5.089167630057803e-05,0.0493589715295663
5.091167630057803e-05,0.08633589651010214
5.093167630057804e-05,0.03826589403540554
5.095167630057803e-05,0.07894051151399496
5.097167630057804e-05,3.295932984820613
5.099167630057803e-05,3.221979134859541
5.101167630057804e-05,3.288537599824505
5.103167630057803e-05,3.258956059840077
5.105167630057804e-05,0.05675435652567346
5.107167630057803e-05,0.0937312815062093
5.109167630057804e-05,0.03456820153735196
5.111167630057803e-05,0.004986661552923288
5.113167630057804e-05,0.008684354050976872
5.115167630057803e-05,0.02717281654124479
5.117167630057803e-05,0.03826589403540554
5.119167630057803e-05,0.1048243590003701
5.121167630057803e-05,3.292235292322559
5.123167630057803e-05,3.225676827357595
5.125167630057803e-05,3.281142214828399
5.127167630057804e-05,3.247862982345916
5.129167630057803e-05,0.04566127903151271
5.131167630057804e-05,0.0937312815062093
5.133167630057803e-05,0.02347512404319121
5.135167630057804e-05,-0.006106415941237463
5.137167630057803e-05,0.008684354050976872
5.139167630057804e-05,0.01977743154513762
5.141167630057803e-05,0.01977743154513762
5.143167630057804e-05,0.1048243590003701
5.145167630057803e-05,3.299630677318667
5.147167630057804e-05,3.221979134859541
5.149167630057803e-05,3.284839907326452
5.151167630057803e-05,3.25156067484397
5.153167630057803e-05,0.05305666402761988
5.155167630057803e-05,0.09742897400426288
5.157167630057803e-05,0.03087050903929837
5.159167630057803e-05,0.07524281901594138
5.161167630057803e-05,3.299630677318667
5.163167630057803e-05,3.236769904851756
5.165167630057804e-05,3.310723754812827
5.167167630057803e-05,3.284839907326452
5.169167630057804e-05,0.0715451265178878
5.171167630057803e-05,0.0937312815062093
5.173167630057804e-05,0.02717281654124479
5.175167630057803e-05,0.07524281901594138
5.177167630057804e-05,3.299630677318667
5.179167630057803e-05,3.236769904851756
5.181167630057804e-05,3.292235292322559
5.183167630057803e-05,3.266351444836184
5.185167630057804e-05,0.05305666402761988
5.187167630057803e-05,0.09003358900815572
5.189167630057803e-05,0.03826589403540554
5.191167630057803e-05,0.08263820401204855
5.193167630057803e-05,3.30332836981672
5.195167630057803e-05,3.218281442361488
5.197167630057803e-05,3.292235292322559
5.199167630057804e-05,3.258956059840077
5.201167630057803e-05,0.05305666402761988
5.203167630057804e-05,0.08633589651010214
5.205167630057803e-05,0.02717281654124479
5.207167630057804e-05,0.06414974152178063
5.209167630057803e-05,3.292235292322559
5.211167630057804e-05,3.236769904851756
5.213167630057803e-05,3.284839907326452
5.215167630057804e-05,3.321816832306988
5.217167630057803e-05,3.329212217303095
5.219167630057804e-05,3.307026062314773
5.221167630057803e-05,3.292235292322559
5.223167630057803e-05,3.288537599824505
5.225167630057803e-05,3.30332836981672
5.227167630057803e-05,3.310723754812827
5.229167630057803e-05,3.30332836981672
5.231167630057803e-05,3.247862982345916
5.233167630057804e-05,0.05675435652567346
5.235167630057803e-05,0.1048243590003701
5.237167630057804e-05,0.05305666402761988
5.239167630057803e-05,0.001288969054869704
5.241167630057804e-05,0.01238204654903046
5.243167630057803e-05,0.03826589403540554
5.245167630057804e-05,0.03826589403540554
5.247167630057803e-05,0.123312821490638
5.249167630057804e-05,3.318119139808934
5.251167630057803e-05,3.236769904851756
5.253167630057804e-05,3.310723754812827
5.255167630057803e-05,3.340305294797256
5.257167630057803e-05,3.35509606478947
5.259167630057803e-05,3.325514524805041
5.261167630057803e-05,3.318119139808934
5.263167630057803e-05,3.321816832306988
5.265167630057803e-05,3.325514524805041
5.267167630057803e-05,3.325514524805041
5.269167630057803e-05,3.325514524805041
5.271167630057804e-05,3.329212217303095
5.273167630057803e-05,3.321816832306988
5.275167630057804e-05,3.325514524805041
5.277167630057803e-05,3.321816832306988
5.279167630057804e-05,3.318119139808934
5.281167630057803e-05,3.318119139808934
5.283167630057804e-05,3.310723754812827
5.285167630057803e-05,3.310723754812827
5.287167630057804e-05,3.310723754812827
5.289167630057803e-05,3.30332836981672
5.291167630057804e-05,3.318119139808934
5.293167630057803e-05,3.307026062314773
5.295167630057803e-05,3.307026062314773
5.297167630057803e-05,3.318119139808934
5.299167630057803e-05,3.318119139808934
5.301167630057803e-05,3.310723754812827
5.303167630057803e-05,3.247862982345916
5.305167630057804e-05,0.04566127903151271
5.307167630057803e-05,0.08633589651010214
5.309167630057804e-05,0.03456820153735196
5.311167630057803e-05,0.008684354050976872
5.313167630057804e-05,-0.009804108439291047
5.315167630057803e-05,0.01977743154513762
5.317167630057804e-05,0.03826589403540554
5.319167630057803e-05,0.02347512404319121
5.321167630057804e-05,0.008684354050976872
5.323167630057803e-05,0.01238204654903046
5.325167630057804e-05,0.01977743154513762
5.327167630057803e-05,0.008684354050976872
5.329167630057803e-05,0.008684354050976872
5.331167630057803e-05,0.03456820153735196
5.333167630057803e-05,0.01238204654903046
5.335167630057803e-05,0.01607973904708404
5.337167630057803e-05,0.01607973904708404
5.339167630057804e-05,0.01977743154513762
5.341167630057803e-05,0.01238204654903046
5.343167630057804e-05,0.0937312815062093
5.345167630057803e-05,3.299630677318667
5.347167630057804e-05,3.229374519855648
5.349167630057803e-05,3.281142214828399
5.351167630057804e-05,3.25156067484397
5.353167630057803e-05,0.0493589715295663
5.355167630057804e-05,0.07524281901594138
5.357167630057803e-05,0.01238204654903046
5.359167630057804e-05,-0.00240872344318388
5.361167630057803e-05,-0.009804108439291047
5.363167630057803e-05,0.01607973904708404
5.365167630057803e-05,0.02717281654124479
5.367167630057803e-05,0.0937312815062093
5.369167630057803e-05,3.292235292322559
5.371167630057803e-05,3.225676827357595
5.373167630057803e-05,3.288537599824505
5.375167630057803e-05,3.247862982345916
5.377167630057804e-05,0.0493589715295663
5.379167630057803e-05,0.09742897400426288
5.381167630057804e-05,0.01977743154513762
5.383167630057803e-05,-0.01350180093734463
5.385167630057804e-05,-0.009804108439291047
5.387167630057803e-05,0.01238204654903046
5.389167630057804e-05,0.01977743154513762
5.391167630057803e-05,0.0937312815062093
5.393167630057804e-05,3.292235292322559
5.395167630057803e-05,3.218281442361488
5.397167630057804e-05,3.284839907326452
5.399167630057803e-05,3.307026062314773
5.401167630057803e-05,3.329212217303095
5.403167630057803e-05,3.318119139808934
5.405167630057803e-05,3.307026062314773
5.407167630057803e-05,3.295932984820613
5.409167630057803e-05,3.321816832306988
5.411167630057804e-05,3.314421447310881
5.413167630057803e-05,3.310723754812827
5.415167630057804e-05,3.25156067484397
5.417167630057803e-05,0.05305666402761988
5.419167630057804e-05,0.1011266665023165
5.421167630057803e-05,0.04566127903151271
5.423167630057804e-05,0.01977743154513762
5.425167630057803e-05,0.004986661552923288
5.427167630057804e-05,0.004986661552923288
5.429167630057803e-05,0.02717281654124479
5.431167630057804e-05,0.1011266665023165
5.433167630057803e-05,3.30332836981672
5.435167630057803e-05,3.229374519855648
5.437167630057803e-05,3.281142214828399
5.439167630057803e-05,3.258956059840077
5.441167630057803e-05,0.05675435652567346
5.443167630057803e-05,0.1085220514984236
5.445167630057804e-05,0.03087050903929837
5.447167630057803e-05,0.07894051151399496
5.449167630057804e-05,3.30332836981672
5.451167630057803e-05,3.229374519855648
5.453167630057804e-05,3.310723754812827
5.455167630057803e-05,3.340305294797256
5.457167630057804e-05,3.347700679793363
5.459167630057803e-05,3.325514524805041
5.461167630057804e-05,3.314421447310881
5.463167630057803e-05,3.262653752338131
5.465167630057804e-05,0.06784743401983422
5.467167630057803e-05,0.1085220514984236
5.469167630057803e-05,0.04196358653345913
5.471167630057803e-05,0.08263820401204855
5.473167630057803e-05,3.292235292322559
5.475167630057803e-05,3.229374519855648
5.477167630057803e-05,3.295932984820613
5.479167630057803e-05,3.340305294797256
5.481167630057803e-05,3.336607602299202
5.483167630057804e-05,3.314421447310881
5.485167630057803e-05,3.307026062314773
5.487167630057804e-05,3.299630677318667
5.489167630057803e-05,3.318119139808934
5.491167630057804e-05,3.332909909801149
5.493167630057803e-05,3.318119139808934
5.495167630057804e-05,3.318119139808934
5.497167630057803e-05,3.318119139808934
5.499167630057804e-05,3.318119139808934
5.501167630057803e-05,3.325514524805041
5.503167630057804e-05,3.325514524805041
5.505167630057803e-05,3.340305294797256
5.507167630057803e-05,3.321816832306988
5.509167630057803e-05,3.321816832306988
5.511167630057803e-05,3.258956059840077
5.513167630057803e-05,0.0493589715295663
5.515167630057803e-05,0.1011266665023165
5.517167630057804e-05,0.04566127903151271
5.519167630057803e-05,0.02717281654124479
5.521167630057804e-05,0.01238204654903046
5.523167630057803e-05,0.02717281654124479
5.525167630057804e-05,0.02717281654124479
5.527167630057803e-05,0.03826589403540554
5.529167630057804e-05,0.02347512404319121
5.531167630057803e-05,0.01977743154513762
5.533167630057804e-05,0.02717281654124479
5.535167630057803e-05,0.01977743154513762
5.537167630057804e-05,0.01977743154513762
5.539167630057803e-05,0.01238204654903046
5.541167630057803e-05,0.02347512404319121
5.543167630057803e-05,0.01977743154513762
5.545167630057803e-05,0.01607973904708404
5.547167630057803e-05,0.02347512404319121
5.549167630057803e-05,0.004986661552923288
5.551167630057804e-05,0.008684354050976872
5.553167630057803e-05,0.01238204654903046
5.555167630057804e-05,0.001288969054869704
5.557167630057803e-05,0.004986661552923288
5.559167630057804e-05,0.004986661552923288
5.561167630057803e-05,0.004986661552923288
5.563167630057804e-05,0.004986661552923288
5.565167630057803e-05,-0.00240872344318388
5.567167630057804e-05,0.0715451265178878
5.569167630057803e-05,3.281142214828399
5.571167630057804e-05,3.21088605736538
5.573167630057803e-05,3.262653752338131
5.575167630057803e-05,3.292235292322559
5.577167630057803e-05,3.30332836981672
5.579167630057803e-05,3.284839907326452
5.581167630057803e-05,3.292235292322559
5.583167630057803e-05,3.284839907326452
5.585167630057803e-05,3.288537599824505
5.587167630057803e-05,3.299630677318667
5.589167630057804e-05,3.30332836981672
5.591167630057803e-05,3.299630677318667
5.593167630057804e-05,3.307026062314773
5.595167630057803e-05,3.310723754812827
5.597167630057804e-05,3.310723754812827
5.599167630057803e-05,3.314421447310881
5.601167630057804e-05,3.307026062314773
5.603167630057803e-05,3.307026062314773
5.605167630057804e-05,3.310723754812827
5.607167630057803e-05,3.314421447310881
5.609167630057804e-05,3.318119139808934
5.611167630057803e-05,3.321816832306988
5.613167630057803e-05,3.321816832306988
5.615167630057803e-05,3.325514524805041
5.617167630057803e-05,3.325514524805041
5.619167630057803e-05,3.314421447310881
5.621167630057803e-05,3.325514524805041
5.623167630057804e-05,3.332909909801149
5.625167630057803e-05,3.318119139808934
5.627167630057804e-05,3.329212217303095
5.629167630057803e-05,3.325514524805041
5.631167630057804e-05,3.255258367342023
5.633167630057803e-05,0.06414974152178063
5.635167630057804e-05,0.1159174364945308
5.637167630057803e-05,0.05675435652567346
5.639167630057804e-05,0.03456820153735196
5.641167630057803e-05,0.01238204654903046
5.643167630057804e-05,0.02717281654124479
5.645167630057803e-05,0.03456820153735196
5.647167630057803e-05,0.1048243590003701
5.649167630057803e-05,3.314421447310881
5.651167630057803e-05,3.240467597349809
5.653167630057803e-05,3.307026062314773
5.655167630057803e-05,3.336607602299202
5.657167630057803e-05,3.347700679793363
5.659167630057803e-05,3.321816832306988
5.661167630057804e-05,3.307026062314773
5.663167630057803e-05,3.258956059840077
5.665167630057804e-05,0.0715451265178878
5.667167630057803e-05,0.1159174364945308
5.669167630057804e-05,0.0493589715295663
5.671167630057803e-05,0.03087050903929837
5.673167630057804e-05,0.008684354050976872
5.675167630057803e-05,0.03087050903929837
5.677167630057804e-05,0.03087050903929837
5.679167630057803e-05,0.04566127903151271
5.681167630057803e-05,0.02717281654124479
5.683167630057803e-05,0.03087050903929837
5.685167630057803e-05,0.02717281654124479
5.687167630057803e-05,0.01607973904708404
5.689167630057803e-05,0.03456820153735196
5.691167630057803e-05,0.02717281654124479
5.693167630057803e-05,0.02347512404319121
5.695167630057804e-05,0.09742897400426288
5.697167630057803e-05,3.30332836981672
5.699167630057804e-05,3.229374519855648
5.701167630057803e-05,3.270049137334238
5.703167630057804e-05,3.321816832306988
5.705167630057803e-05,3.332909909801149
5.707167630057804e-05,3.321816832306988
5.709167630057803e-05,3.310723754812827
5.711167630057804e-05,3.307026062314773
5.713167630057803e-05,3.314421447310881
5.715167630057804e-05,3.325514524805041
5.717167630057803e-05,3.329212217303095
5.719167630057803e-05,3.321816832306988
5.721167630057803e-05,3.318119139808934
5.723167630057803e-05,3.325514524805041
5.725167630057803e-05,3.314421447310881
5.727167630057803e-05,3.270049137334238
5.729167630057804e-05,0.0715451265178878
5.731167630057803e-05,0.1011266665023165
5.733167630057804e-05,0.02717281654124479
5.735167630057803e-05,0.01238204654903046
5.737167630057804e-05,-0.009804108439291047
5.739167630057803e-05,0.01238204654903046
5.741167630057804e-05,0.03087050903929837
5.743167630057803e-05,0.02347512404319121
5.745167630057804e-05,0.01607973904708404
5.747167630057803e-05,0.01607973904708404
5.749167630057804e-05,0.01607973904708404
5.751167630057803e-05,0.08633589651010214
5.753167630057803e-05,3.288537599824505
5.755167630057803e-05,3.229374519855648
5.757167630057803e-05,3.281142214828399
5.759167630057803e-05,3.307026062314773
5.761167630057803e-05,3.325514524805041
5.763167630057803e-05,3.321816832306988
5.765167630057803e-05,3.310723754812827
5.767167630057804e-05,3.307026062314773
5.769167630057803e-05,3.314421447310881
5.771167630057804e-05,3.325514524805041
5.773167630057803e-05,3.325514524805041
5.775167630057804e-05,3.262653752338131
5.777167630057803e-05,0.06414974152178063
5.779167630057804e-05,0.09003358900815572
5.781167630057803e-05,0.04196358653345913
5.783167630057804e-05,0.01977743154513762
5.785167630057803e-05,0.008684354050976872
5.787167630057803e-05,0.02347512404319121
5.789167630057803e-05,0.03456820153735196
5.791167630057803e-05,0.04196358653345913
5.793167630057803e-05,0.03826589403540554
5.795167630057803e-05,0.03456820153735196
5.797167630057803e-05,0.03456820153735196
5.799167630057803e-05,0.03456820153735196
5.801167630057804e-05,0.04196358653345913
5.803167630057803e-05,0.02347512404319121
5.805167630057804e-05,0.03087050903929837
5.807167630057803e-05,0.1085220514984236
5.809167630057804e-05,3.299630677318667
5.811167630057803e-05,3.236769904851756
5.813167630057804e-05,3.281142214828399
5.815167630057803e-05,3.329212217303095
5.817167630057804e-05,3.336607602299202
5.819167630057803e-05,3.314421447310881
5.821167630057804e-05,3.288537599824505
5.823167630057803e-05,3.229374519855648
5.825167630057803e-05,0.04196358653345913
5.827167630057803e-05,0.07894051151399496
5.829167630057803e-05,0.03087050903929837
5.831167630057803e-05,0.05675435652567346
5.833167630057803e-05,3.277444522330345
5.835167630057804e-05,3.19979297987122
5.837167630057803e-05,3.281142214828399
5.839167630057804e-05,3.247862982345916
5.841167630057803e-05,0.02347512404319121
5.843167630057804e-05,0.06414974152178063
5.845167630057803e-05,-0.00240872344318388
5.847167630057804e-05,0.04566127903151271
5.849167630057803e-05,3.281142214828399
5.851167630057804e-05,3.203490672369273
5.853167630057803e-05,3.277444522330345
5.855167630057804e-05,3.244165289847863
5.857167630057803e-05,0.03087050903929837
5.859167630057803e-05,0.07524281901594138
5.861167630057803e-05,0.01607973904708404
5.863167630057803e-05,0.05675435652567346
5.865167630057803e-05,3.288537599824505
5.867167630057803e-05,3.21088605736538
5.869167630057803e-05,3.288537599824505
5.871167630057803e-05,3.321816832306988
5.873167630057804e-05,3.318119139808934
5.875167630057803e-05,3.299630677318667
5.877167630057804e-05,3.281142214828399
5.879167630057803e-05,3.288537599824505
5.881167630057804e-05,3.281142214828399
5.883167630057803e-05,3.307026062314773
5.885167630057804e-05,3.307026062314773
5.887167630057803e-05,3.30332836981672
5.889167630057804e-05,3.299630677318667
5.891167630057803e-05,3.321816832306988
5.893167630057804e-05,3.314421447310881
5.895167630057803e-05,3.255258367342023
5.897167630057803e-05,0.06414974152178063
5.899167630057803e-05,0.1011266665023165
5.901167630057803e-05,0.04196358653345913
5.903167630057803e-05,0.07894051151399496
5.905167630057803e-05,3.295932984820613
5.907167630057804e-05,3.236769904851756
5.909167630057803e-05,3.307026062314773
5.911167630057804e-05,3.351398372291416
5.913167630057803e-05,3.347700679793363
5.915167630057804e-05,3.318119139808934
5.917167630057803e-05,3.321816832306988
5.919167630057804e-05,3.262653752338131
5.921167630057803e-05,0.07524281901594138
5.923167630057804e-05,0.1085220514984236
5.925167630057803e-05,0.06045204902372704
5.927167630057804e-05,0.08633589651010214
5.929167630057803e-05,3.292235292322559
5.931167630057803e-05,3.233072212353702
5.933167630057803e-05,3.30332836981672
5.935167630057803e-05,3.336607602299202
5.937167630057803e-05,3.351398372291416
5.939167630057803e-05,3.318119139808934
5.941167630057804e-05,3.307026062314773
5.943167630057803e-05,3.310723754812827
5.945167630057804e-05,3.310723754812827
5.947167630057803e-05,3.325514524805041
5.949167630057804e-05,3.332909909801149
5.951167630057803e-05,3.329212217303095
5.953167630057804e-05,3.314421447310881
5.955167630057803e-05,3.318119139808934
5.957167630057804e-05,3.318119139808934
5.959167630057803e-05,3.258956059840077
5.961167630057804e-05,0.06784743401983422
5.963167630057803e-05,0.08633589651010214
5.965167630057803e-05,0.04196358653345913
5.967167630057803e-05,0.06784743401983422
5.969167630057803e-05,3.292235292322559
5.971167630057803e-05,3.236769904851756
5.973167630057803e-05,3.295932984820613
5.975167630057803e-05,3.258956059840077
5.977167630057803e-05,0.05675435652567346
5.979167630057804e-05,0.08633589651010214
5.981167630057803e-05,0.01977743154513762
5.983167630057804e-05,0.01607973904708404
5.985167630057803e-05,-0.01350180093734463
5.987167630057804e-05,0.02347512404319121
5.989167630057803e-05,0.02717281654124479
5.991167630057804e-05,0.09742897400426288
5.993167630057803e-05,3.292235292322559
5.995167630057804e-05,3.221979134859541
5.997167630057803e-05,3.288537599824505
5.999167630057804e-05,3.318119139808934
6.001167630057803e-05,3.321816832306988
6.003167630057803e-05,3.314421447310881
6.005167630057803e-05,3.30332836981672
6.007167630057803e-05,3.299630677318667
6.009167630057803e-05,3.310723754812827
6.011167630057803e-05,3.314421447310881
6.013167630057804e-05,3.307026062314773
6.015167630057803e-05,3.310723754812827
6.017167630057804e-05,3.325514524805041
6.019167630057803e-05,3.318119139808934
6.021167630057804e-05,3.321816832306988
6.023167630057803e-05,3.255258367342023
6.025167630057804e-05,0.06045204902372704
6.027167630057803e-05,0.0937312815062093
6.029167630057804e-05,0.04566127903151271
6.031167630057803e-05,0.09003358900815572
6.033167630057804e-05,3.295932984820613
6.035167630057803e-05,3.229374519855648
6.037167630057803e-05,3.30332836981672
6.039167630057803e-05,3.325514524805041
6.041167630057803e-05,3.340305294797256
6.043167630057803e-05,3.318119139808934
6.045167630057803e-05,3.307026062314773
6.047167630057804e-05,3.255258367342023
6.049167630057803e-05,0.05305666402761988
6.051167630057804e-05,0.1085220514984236
6.053167630057803e-05,0.0493589715295663
6.055167630057804e-05,0.01607973904708404
6.057167630057803e-05,0.01607973904708404
6.059167630057804e-05,0.04196358653345913
6.061167630057803e-05,0.04196358653345913
6.063167630057804e-05,0.03826589403540554
6.065167630057803e-05,0.03087050903929837
6.067167630057804e-05,0.02347512404319121
6.069167630057803e-05,0.03087050903929837
6.071167630057803e-05,0.03456820153735196
6.073167630057803e-05,0.03087050903929837
6.075167630057803e-05,0.02347512404319121
6.077167630057803e-05,0.01977743154513762
6.079167630057803e-05,0.02717281654124479
6.081167630057803e-05,0.01977743154513762
6.083167630057803e-05,0.01607973904708404
6.085167630057804e-05,0.02347512404319121
6.087167630057803e-05,0.01607973904708404
6.089167630057804e-05,0.004986661552923288
6.091167630057803e-05,0.001288969054869704
6.093167630057804e-05,0.004986661552923288
6.095167630057803e-05,0.08263820401204855
6.097167630057804e-05,3.292235292322559
6.099167630057803e-05,3.203490672369273
6.101167630057804e-05,3.295932984820613
6.103167630057803e-05,3.299630677318667
6.105167630057804e-05,3.318119139808934
6.107167630057804e-05,3.30332836981672
6.109167630057803e-05,3.299630677318667
6.111167630057803e-05,3.284839907326452
6.113167630057803e-05,3.292235292322559
6.115167630057802e-05,3.299630677318667
6.117167630057804e-05,3.299630677318667
6.119167630057803e-05,3.288537599824505
6.121167630057803e-05,3.310723754812827
6.123167630057804e-05,3.30332836981672
6.125167630057803e-05,3.307026062314773
6.127167630057804e-05,3.310723754812827
6.129167630057803e-05,3.321816832306988
6.131167630057804e-05,3.314421447310881
6.133167630057804e-05,3.325514524805041
6.135167630057803e-05,3.321816832306988
6.137167630057803e-05,3.325514524805041
6.139167630057804e-05,3.329212217303095
6.141167630057802e-05,3.314421447310881
6.143167630057804e-05,3.25156067484397
6.145167630057803e-05,0.04196358653345913
6.147167630057803e-05,0.1011266665023165
6.149167630057804e-05,0.03826589403540554
6.151167630057803e-05,0.09742897400426288
6.153167630057804e-05,3.314421447310881
6.155167630057803e-05,3.214583749863434
6.157167630057804e-05,3.292235292322559
6.159167630057804e-05,3.247862982345916
6.161167630057803e-05,0.02717281654124479
6.163167630057803e-05,0.09742897400426288
6.165167630057804e-05,0.03456820153735196
6.167167630057803e-05,0.06784743401983422
6.169167630057804e-05,3.307026062314773
6.171167630057803e-05,3.221979134859541
6.173167630057804e-05,3.307026062314773
6.175167630057804e-05,3.258956059840077
6.177167630057803e-05,0.05675435652567346
6.179167630057803e-05,0.1048243590003701
6.181167630057803e-05,0.03456820153735196
6.183167630057802e-05,0.008684354050976872
6.185167630057804e-05,0.001288969054869704
6.187167630057803e-05,0.03087050903929837
6.189167630057803e-05,0.04196358653345913
6.191167630057804e-05,0.1048243590003701
6.193167630057803e-05,3.314421447310881
6.195167630057804e-05,3.221979134859541
6.197167630057803e-05,3.284839907326452
6.199167630057804e-05,3.321816832306988
6.201167630057804e-05,3.340305294797256
6.203167630057803e-05,3.329212217303095
6.205167630057803e-05,3.30332836981672
6.207167630057804e-05,3.244165289847863
6.209167630057803e-05,0.04196358653345913
6.211167630057804e-05,0.1122197439964772
6.213167630057803e-05,0.06045204902372704
6.215167630057803e-05,0.02717281654124479
6.217167630057804e-05,0.01607973904708404
6.219167630057803e-05,0.03456820153735196
6.221167630057803e-05,0.04566127903151271
6.223167630057803e-05,0.04566127903151271
6.225167630057804e-05,0.03456820153735196
6.227167630057804e-05,0.01977743154513762
6.229167630057803e-05,0.01977743154513762
6.231167630057803e-05,0.03087050903929837
6.233167630057804e-05,0.01607973904708404
6.235167630057803e-05,0.03087050903929837
6.237167630057804e-05,0.01977743154513762
6.239167630057803e-05,0.08633589651010214
6.241167630057804e-05,3.30332836981672
6.243167630057804e-05,3.196095287373166
6.245167630057803e-05,3.273746829832291
6.247167630057803e-05,3.295932984820613
6.249167630057803e-05,3.318119139808934
6.251167630057802e-05,3.299630677318667
6.253167630057804e-05,3.292235292322559
6.255167630057803e-05,3.225676827357595
6.257167630057803e-05,0.02717281654124479
6.259167630057804e-05,0.1085220514984236
6.261167630057803e-05,0.02717281654124479
6.263167630057804e-05,0.0937312815062093
6.265167630057803e-05,3.307026062314773
6.267167630057804e-05,3.218281442361488
6.269167630057804e-05,3.292235292322559
6.271167630057803e-05,3.258956059840077
6.273167630057803e-05,0.04566127903151271
6.275167630057804e-05,0.09742897400426288
6.277167630057803e-05,0.01977743154513762
6.279167630057804e-05,0.08263820401204855
6.281167630057803e-05,3.314421447310881
6.283167630057803e-05,3.221979134859541
6.285167630057804e-05,3.284839907326452
6.287167630057803e-05,3.321816832306988
6.289167630057803e-05,3.332909909801149
6.291167630057803e-05,3.307026062314773
6.293167630057802e-05,3.307026062314773
6.295167630057804e-05,3.233072212353702
6.297167630057803e-05,0.03826589403540554
6.299167630057803e-05,0.1048243590003701
6.301167630057804e-05,0.04196358653345913
6.303167630057803e-05,0.01238204654903046
6.305167630057804e-05,0.004986661552923288
6.307167630057803e-05,0.004986661552923288
6.309167630057804e-05,0.02717281654124479
6.311167630057804e-05,0.02717281654124479
6.313167630057803e-05,0.01607973904708404
6.315167630057803e-05,0.01238204654903046
6.317167630057804e-05,0.02347512404319121
6.319167630057802e-05,0.01977743154513762
6.321167630057804e-05,0.02347512404319121
6.323167630057803e-05,0.02717281654124479
6.325167630057803e-05,0.02717281654124479
6.327167630057804e-05,0.03456820153735196
6.329167630057803e-05,0.01977743154513762
6.331167630057804e-05,0.02347512404319121
6.333167630057803e-05,0.01977743154513762
6.335167630057804e-05,0.1048243590003701
6.337167630057804e-05,3.321816832306988
6.339167630057803e-05,3.225676827357595
6.341167630057803e-05,3.281142214828399
6.343167630057804e-05,3.240467597349809
6.345167630057803e-05,0.02717281654124479
6.347167630057804e-05,0.1048243590003701
6.349167630057803e-05,0.03087050903929837
6.351167630057804e-05,0.06784743401983422
6.353167630057804e-05,3.314421447310881
6.355167630057803e-05,3.21088605736538
6.357167630057803e-05,3.30332836981672
6.359167630057803e-05,3.325514524805041
6.361167630057802e-05,3.325514524805041
6.363167630057804e-05,3.310723754812827
6.365167630057803e-05,3.292235292322559
6.367167630057803e-05,3.288537599824505
6.369167630057804e-05,3.295932984820613
6.371167630057803e-05,3.299630677318667
6.373167630057804e-05,3.299630677318667
6.375167630057803e-05,3.307026062314773
6.377167630057804e-05,3.299630677318667
6.379167630057804e-05,3.310723754812827
6.381167630057803e-05,3.314421447310881
6.383167630057803e-05,3.314421447310881
6.385167630057804e-05,3.30332836981672
6.387167630057802e-05,3.295932984820613
6.389167630057804e-05,3.307026062314773
6.391167630057803e-05,3.299630677318667
6.393167630057803e-05,3.314421447310881
6.395167630057804e-05,3.318119139808934
6.397167630057803e-05,3.325514524805041
6.399167630057803e-05,3.247862982345916
6.401167630057803e-05,0.03456820153735196
6.403167630057804e-05,0.1011266665023165
6.405167630057804e-05,0.04196358653345913
6.407167630057803e-05,0.09742897400426288
6.409167630057803e-05,3.332909909801149
6.411167630057804e-05,3.233072212353702
6.413167630057803e-05,3.307026062314773
6.415167630057804e-05,3.273746829832291
6.417167630057803e-05,0.06414974152178063
6.419167630057804e-05,0.1048243590003701
6.421167630057804e-05,0.04566127903151271
6.423167630057803e-05,0.09003358900815572
6.425167630057803e-05,3.318119139808934
6.427167630057803e-05,3.229374519855648
6.429167630057802e-05,3.310723754812827
6.431167630057804e-05,3.340305294797256
6.433167630057803e-05,3.340305294797256
6.435167630057803e-05,3.332909909801149
6.437167630057804e-05,3.318119139808934
6.439167630057803e-05,3.247862982345916
6.441167630057804e-05,0.0493589715295663
6.443167630057803e-05,0.1196151289925844
6.445167630057804e-05,0.0493589715295663
6.447167630057804e-05,0.1048243590003701
6.449167630057803e-05,3.310723754812827
6.451167630057803e-05,3.225676827357595
6.453167630057804e-05,3.310723754812827
6.455167630057803e-05,3.270049137334238
6.457167630057804e-05,0.05675435652567346
6.459167630057803e-05,0.1196151289925844
6.461167630057803e-05,0.03826589403540554
6.463167630057804e-05,0.0937312815062093
6.465167630057803e-05,3.310723754812827
6.467167630057803e-05,3.225676827357595
6.469167630057803e-05,3.314421447310881
6.471167630057804e-05,3.340305294797256
6.473167630057804e-05,3.340305294797256
6.475167630057803e-05,3.318119139808934
6.477167630057803e-05,3.310723754812827
6.479167630057804e-05,3.247862982345916
6.481167630057803e-05,0.05675435652567346
6.483167630057804e-05,0.09742897400426288
6.485167630057803e-05,0.0493589715295663
6.487167630057804e-05,0.0937312815062093
6.489167630057804e-05,3.314421447310881
6.491167630057803e-05,3.221979134859541
6.493167630057803e-05,3.307026062314773
6.495167630057803e-05,3.266351444836184
6.497167630057802e-05,0.04566127903151271
6.499167630057804e-05,0.1048243590003701
6.501167630057803e-05,0.04196358653345913
6.503167630057803e-05,0.02347512404319121
6.505167630057804e-05,0.008684354050976872
6.507167630057803e-05,0.03087050903929837
6.509167630057804e-05,0.04196358653345913
6.511167630057803e-05,0.03826589403540554
6.513167630057804e-05,0.01977743154513762
6.515167630057804e-05,0.01977743154513762
6.517167630057803e-05,0.01977743154513762
6.519167630057803e-05,0.03087050903929837
6.521167630057804e-05,0.01977743154513762
6.523167630057803e-05,0.01977743154513762
6.525167630057804e-05,0.01607973904708404
6.527167630057803e-05,0.08633589651010214
6.529167630057804e-05,3.284839907326452
6.531167630057804e-05,3.218281442361488
6.533167630057803e-05,3.277444522330345
6.535167630057803e-05,3.236769904851756
6.537167630057803e-05,0.03087050903929837
6.539167630057802e-05,0.1048243590003701
6.541167630057804e-05,0.02717281654124479
6.543167630057803e-05,-0.009804108439291047
6.545167630057803e-05,0.001288969054869704
6.547167630057804e-05,0.03456820153735196
6.549167630057803e-05,0.02717281654124479
6.551167630057804e-05,0.1048243590003701
6.553167630057803e-05,3.325514524805041
6.555167630057804e-05,3.218281442361488
6.557167630057804e-05,3.292235292322559
6.559167630057803e-05,3.255258367342023
6.561167630057803e-05,0.05305666402761988
6.563167630057804e-05,0.0937312815062093
6.565167630057802e-05,0.03087050903929837
6.567167630057804e-05,0.008684354050976872
6.569167630057803e-05,0.001288969054869704
6.571167630057803e-05,0.03087050903929837
6.573167630057804e-05,0.03826589403540554
6.575167630057803e-05,0.09003358900815572
6.577167630057803e-05,3.30332836981672
6.579167630057803e-05,3.21088605736538
6.581167630057804e-05,3.284839907326452
6.583167630057804e-05,3.25156067484397
6.585167630057803e-05,0.02717281654124479
6.587167630057803e-05,0.1085220514984236
6.589167630057804e-05,0.02717281654124479
6.591167630057803e-05,-0.009804108439291047
6.593167630057804e-05,-0.009804108439291047
6.595167630057803e-05,0.008684354050976872
6.597167630057804e-05,0.02717281654124479
6.599167630057804e-05,0.02347512404319121
6.601167630057803e-05,0.004986661552923288
6.603167630057803e-05,0.01607973904708404
6.605167630057803e-05,0.01238204654903046
6.607167630057802e-05,0.1011266665023165
6.609167630057804e-05,3.314421447310881
6.611167630057803e-05,3.225676827357595
6.613167630057803e-05,3.288537599824505
6.615167630057804e-05,3.318119139808934
6.617167630057803e-05,3.340305294797256
6.619167630057804e-05,3.318119139808934
6.621167630057803e-05,3.310723754812827
6.623167630057804e-05,3.30332836981672
6.625167630057804e-05,3.314421447310881
6.627167630057803e-05,3.318119139808934
6.629167630057803e-05,3.30332836981672
6.631167630057804e-05,3.25156067484397
6.633167630057803e-05,0.04566127903151271
6.635167630057804e-05,0.08633589651010214
6.637167630057803e-05,0.03826589403540554
6.639167630057803e-05,0.008684354050976872
6.641167630057804e-05,-0.00240872344318388
6.643167630057803e-05,0.01607973904708404
6.645167630057803e-05,0.02717281654124479
6.647167630057803e-05,0.0937312815062093
6.649167630057804e-05,3.299630677318667
6.651167630057804e-05,3.214583749863434
6.653167630057803e-05,3.277444522330345
6.655167630057803e-05,3.310723754812827
6.657167630057804e-05,3.329212217303095
6.659167630057803e-05,3.314421447310881
6.661167630057804e-05,3.30332836981672
6.663167630057803e-05,3.292235292322559
6.665167630057804e-05,3.30332836981672
6.667167630057804e-05,3.310723754812827
6.669167630057803e-05,3.310723754812827
6.671167630057803e-05,3.307026062314773
6.673167630057803e-05,3.321816832306988
6.675167630057802e-05,3.310723754812827
6.677167630057804e-05,3.310723754812827
6.679167630057803e-05,3.25156067484397
6.681167630057803e-05,0.04196358653345913
6.683167630057804e-05,0.09742897400426288
6.685167630057803e-05,0.0493589715295663
6.687167630057804e-05,0.08633589651010214
6.689167630057803e-05,3.314421447310881
6.691167630057804e-05,3.229374519855648
6.693167630057804e-05,3.30332836981672
6.695167630057803e-05,3.332909909801149
6.697167630057803e-05,3.347700679793363
6.699167630057804e-05,3.314421447310881
6.701167630057803e-05,3.310723754812827
6.703167630057804e-05,3.255258367342023
6.705167630057803e-05,0.0493589715295663
6.707167630057804e-05,0.1048243590003701
6.709167630057804e-05,0.06414974152178063
6.711167630057803e-05,0.09003358900815572
6.713167630057803e-05,3.310723754812827
6.715167630057803e-05,3.229374519855648
6.717167630057802e-05,3.307026062314773
6.719167630057804e-05,3.336607602299202
6.721167630057803e-05,3.340305294797256
6.723167630057803e-05,3.318119139808934
6.725167630057804e-05,3.318119139808934
6.727167630057803e-05,3.314421447310881
6.729167630057804e-05,3.318119139808934
6.731167630057803e-05,3.329212217303095
6.733167630057804e-05,3.318119139808934
6.735167630057804e-05,3.318119139808934
6.737167630057803e-05,3.321816832306988
6.739167630057803e-05,3.321816832306988
6.741167630057804e-05,3.321816832306988
6.743167630057802e-05,3.318119139808934
6.745167630057804e-05,3.314421447310881
6.747167630057803e-05,3.314421447310881
6.749167630057803e-05,3.318119139808934
6.751167630057804e-05,3.314421447310881
6.753167630057803e-05,3.325514524805041
6.755167630057804e-05,3.321816832306988
6.757167630057803e-05,3.321816832306988
6.759167630057804e-05,3.325514524805041
6.761167630057804e-05,3.332909909801149
6.763167630057803e-05,3.332909909801149
6.765167630057803e-05,3.35509606478947
6.767167630057804e-05,3.336607602299202
6.769167630057803e-05,3.344002987295309
6.771167630057804e-05,3.332909909801149
6.773167630057803e-05,3.344002987295309
6.775167630057804e-05,3.344002987295309
6.777167630057804e-05,3.340305294797256
6.779167630057803e-05,3.340305294797256
6.781167630057803e-05,3.347700679793363
6.783167630057803e-05,3.273746829832291
6.785167630057802e-05,0.06045204902372704
6.787167630057804e-05,0.1196151289925844
6.789167630057803e-05,0.0715451265178878
6.791167630057803e-05,0.1196151289925844
6.793167630057804e-05,3.344002987295309
6.795167630057803e-05,3.244165289847863
6.797167630057804e-05,3.332909909801149
6.799167630057803e-05,3.270049137334238
6.801167630057804e-05,0.06784743401983422
6.803167630057804e-05,0.1196151289925844
6.805167630057803e-05,0.05305666402761988
6.807167630057803e-05,0.01238204654903046
6.809167630057804e-05,0.01238204654903046
6.811167630057803e-05,0.02347512404319121
6.813167630057804e-05,0.0493589715295663
6.815167630057803e-05,0.1085220514984236
6.817167630057803e-05,3.325514524805041
6.819167630057804e-05,3.218281442361488
6.821167630057803e-05,3.295932984820613
6.823167630057803e-05,3.25156067484397
6.825167630057803e-05,0.04566127903151271
6.827167630057804e-05,0.1048243590003701
6.829167630057804e-05,0.02717281654124479
6.831167630057803e-05,0.001288969054869704
6.833167630057803e-05,-0.00240872344318388
6.835167630057804e-05,0.03087050903929837
6.837167630057803e-05,0.03456820153735196
6.839167630057804e-05,0.02347512404319121
6.841167630057803e-05,0.01977743154513762
6.843167630057804e-05,0.01238204654903046
6.845167630057804e-05,0.01238204654903046
6.847167630057803e-05,0.001288969054869704
6.849167630057803e-05,0.001288969054869704
6.851167630057803e-05,0.004986661552923288
6.853167630057802e-05,0.001288969054869704
6.855167630057804e-05,0.07524281901594138
6.857167630057803e-05,3.30332836981672
6.859167630057803e-05,3.203490672369273
6.861167630057804e-05,3.255258367342023
6.863167630057803e-05,3.221979134859541
6.865167630057804e-05,0.01607973904708404
6.867167630057803e-05,0.0715451265178878
6.869167630057804e-05,0.004986661552923288
6.871167630057804e-05,0.05305666402761988
6.873167630057803e-05,3.288537599824505
6.875167630057803e-05,3.196095287373166
6.877167630057804e-05,3.284839907326452
6.879167630057803e-05,3.247862982345916
6.881167630057804e-05,0.02717281654124479
6.883167630057803e-05,0.07524281901594138
6.885167630057803e-05,0.01607973904708404
6.887167630057804e-05,-0.006106415941237463
6.889167630057803e-05,-0.009804108439291047
6.891167630057803e-05,0.01977743154513762
6.893167630057803e-05,0.02347512404319121
6.895167630057802e-05,0.1011266665023165
6.897167630057804e-05,3.310723754812827
6.899167630057803e-05,3.218281442361488
6.901167630057803e-05,3.292235292322559
6.903167630057804e-05,3.318119139808934
6.905167630057803e-05,3.321816832306988
6.907167630057804e-05,3.318119139808934
6.909167630057803e-05,3.299630677318667
6.911167630057804e-05,3.295932984820613
6.913167630057804e-05,3.30332836981672
6.915167630057803e-05,3.318119139808934
6.917167630057803e-05,3.321816832306988
6.919167630057804e-05,3.318119139808934
6.921167630057802e-05,3.310723754812827
6.923167630057804e-05,3.307026062314773
6.925167630057803e-05,3.310723754812827
6.927167630057803e-05,3.25156067484397
6.929167630057804e-05,0.0493589715295663
6.931167630057803e-05,0.1048243590003701
6.933167630057804e-05,0.0493589715295663
6.935167630057803e-05,0.1011266665023165
6.937167630057804e-05,3.314421447310881
6.939167630057804e-05,3.236769904851756
6.941167630057803e-05,3.314421447310881
6.943167630057803e-05,3.340305294797256
6.945167630057804e-05,3.351398372291416
6.947167630057803e-05,3.321816832306988
6.949167630057804e-05,3.314421447310881
6.951167630057803e-05,3.244165289847863
6.953167630057804e-05,0.06784743401983422
6.955167630057804e-05,0.1159174364945308
6.957167630057803e-05,0.06414974152178063
6.959167630057803e-05,0.09742897400426288
6.961167630057803e-05,3.310723754812827
6.963167630057802e-05,3.233072212353702
6.965167630057804e-05,3.332909909801149
6.967167630057803e-05,3.281142214828399
6.969167630057803e-05,0.06045204902372704
6.971167630057804e-05,0.1085220514984236
6.973167630057803e-05,0.04566127903151271
6.975167630057804e-05,0.01607973904708404
6.977167630057803e-05,0.01977743154513762
6.979167630057804e-05,0.02717281654124479
6.981167630057804e-05,0.0493589715295663
6.983167630057803e-05,0.1159174364945308
6.985167630057803e-05,3.329212217303095
6.987167630057804e-05,3.240467597349809
6.989167630057802e-05,3.299630677318667
6.991167630057804e-05,3.332909909801149
6.993167630057803e-05,3.344002987295309
6.995167630057803e-05,3.329212217303095
6.997167630057804e-05,3.318119139808934
6.999167630057803e-05,3.314421447310881
7.001167630057803e-05,3.318119139808934
7.003167630057803e-05,3.321816832306988
7.005167630057804e-05,3.318119139808934
7.007167630057804e-05,3.240467597349809
7.009167630057803e-05,0.03456820153735196
7.011167630057803e-05,0.1011266665023165
7.013167630057804e-05,0.04566127903151271
7.015167630057803e-05,0.0937312815062093
7.017167630057804e-05,3.30332836981672
7.019167630057803e-05,3.221979134859541
7.021167630057804e-05,3.307026062314773
7.023167630057804e-05,3.270049137334238
7.025167630057803e-05,0.04566127903151271
7.027167630057803e-05,0.1048243590003701
7.029167630057803e-05,0.04566127903151271
7.031167630057802e-05,0.004986661552923288
7.033167630057804e-05,0.02717281654124479
7.035167630057803e-05,0.01977743154513762
7.037167630057803e-05,0.03826589403540554
7.039167630057804e-05,0.04196358653345913
7.041167630057803e-05,0.01977743154513762
7.043167630057804e-05,0.01238204654903046
7.045167630057803e-05,0.02717281654124479
7.047167630057804e-05,0.1085220514984236
7.049167630057804e-05,3.314421447310881
7.051167630057803e-05,3.233072212353702
7.053167630057803e-05,3.281142214828399
7.055167630057804e-05,3.262653752338131
7.057167630057803e-05,0.05675435652567346
7.059167630057804e-05,0.08633589651010214
7.061167630057803e-05,0.03087050903929837
7.063167630057803e-05,0.06784743401983422
7.065167630057804e-05,3.299630677318667
7.067167630057803e-05,3.214583749863434
7.069167630057803e-05,3.292235292322559
7.071167630057803e-05,3.244165289847863
7.073167630057804e-05,0.03456820153735196
7.075167630057804e-05,0.08633589651010214
7.077167630057803e-05,0.02347512404319121
7.079167630057803e-05,0.06784743401983422
7.081167630057804e-05,3.295932984820613
7.083167630057803e-05,3.21088605736538
7.085167630057804e-05,3.284839907326452
7.087167630057803e-05,3.240467597349809
7.089167630057804e-05,0.03826589403540554
7.091167630057804e-05,0.09003358900815572
7.093167630057803e-05,0.01977743154513762
7.095167630057803e-05,-0.01350180093734463
7.097167630057803e-05,-0.01350180093734463
7.099167630057802e-05,0.01238204654903046
7.101167630057804e-05,0.02347512404319121
7.103167630057803e-05,0.02347512404319121
7.105167630057803e-05,0.008684354050976872
7.107167630057804e-05,0.004986661552923288
7.109167630057803e-05,0.008684354050976872
7.111167630057804e-05,0.001288969054869704
7.113167630057803e-05,0.01238204654903046
7.115167630057804e-05,0.004986661552923288
7.117167630057804e-05,0.004986661552923288
7.119167630057803e-05,0.001288969054869704
7.121167630057803e-05,-0.00240872344318388
7.123167630057804e-05,-0.00240872344318388
7.125167630057803e-05,0.01238204654903046
7.127167630057804e-05,0.004986661552923288
7.129167630057803e-05,-0.00240872344318388
7.131167630057804e-05,0.01238204654903046
7.133167630057804e-05,0.01238204654903046
7.135167630057803e-05,0.004986661552923288
7.137167630057803e-05,0.004986661552923288
7.139167630057803e-05,0.004986661552923288
7.141167630057802e-05,-0.006106415941237463
7.143167630057804e-05,0.07894051151399496
7.145167630057803e-05,3.299630677318667
7.147167630057803e-05,3.221979134859541
7.149167630057804e-05,3.284839907326452
7.151167630057803e-05,3.318119139808934
7.153167630057804e-05,3.325514524805041
7.155167630057803e-05,3.307026062314773
7.157167630057804e-05,3.299630677318667
7.159167630057804e-05,3.299630677318667
7.161167630057803e-05,3.299630677318667
7.163167630057803e-05,3.299630677318667
7.165167630057804e-05,3.314421447310881
7.167167630057802e-05,3.247862982345916
7.169167630057804e-05,0.03826589403540554
7.171167630057803e-05,0.0937312815062093
7.173167630057803e-05,0.04196358653345913
7.175167630057804e-05,0.01607973904708404
7.177167630057803e-05,-0.00240872344318388
7.179167630057804e-05,0.01238204654903046
7.181167630057803e-05,0.03826589403540554
7.183167630057804e-05,0.01607973904708404
7.185167630057804e-05,0.01607973904708404
7.187167630057803e-05,0.001288969054869704
7.189167630057803e-05,0.001288969054869704
7.191167630057804e-05,0.07894051151399496
7.193167630057803e-05,3.295932984820613
7.195167630057804e-05,3.21088605736538
7.197167630057803e-05,3.281142214828399
7.199167630057804e-05,3.229374519855648
7.201167630057804e-05,0.03087050903929837
7.203167630057803e-05,0.08263820401204855
7.205167630057803e-05,0.02347512404319121
7.207167630057803e-05,0.06045204902372704
7.209167630057802e-05,3.284839907326452
7.211167630057804e-05,3.214583749863434
7.213167630057803e-05,3.284839907326452
7.215167630057803e-05,3.236769904851756
7.217167630057804e-05,0.02717281654124479
7.219167630057803e-05,0.08263820401204855
7.221167630057804e-05,0.01238204654903046
7.223167630057803e-05,-0.01350180093734463
7.225167630057804e-05,-0.01719949343539821
7.227167630057804e-05,-0.00240872344318388
7.229167630057803e-05,0.01977743154513762
7.231167630057803e-05,0.0937312815062093
7.233167630057804e-05,3.288537599824505
7.235167630057803e-05,3.21088605736538
7.237167630057804e-05,3.262653752338131
7.239167630057803e-05,3.236769904851756
7.241167630057803e-05,0.0493589715295663
7.243167630057804e-05,0.09003358900815572
7.245167630057803e-05,0.01607973904708404
7.247167630057803e-05,-0.009804108439291047
7.249167630057803e-05,-0.0208971859334518
7.251167630057804e-05,0.004986661552923288
7.253167630057804e-05,0.01238204654903046
7.255167630057803e-05,0.1011266665023165
7.257167630057803e-05,3.30332836981672
7.259167630057804e-05,3.225676827357595
7.261167630057803e-05,3.284839907326452
7.263167630057804e-05,3.329212217303095
7.265167630057803e-05,3.336607602299202
7.267167630057804e-05,3.318119139808934
7.269167630057804e-05,3.307026062314773
7.271167630057803e-05,3.229374519855648
7.273167630057803e-05,0.03087050903929837
7.275167630057803e-05,0.09003358900815572
7.277167630057802e-05,0.03826589403540554
7.279167630057804e-05,0.09003358900815572
7.281167630057803e-05,3.30332836981672
7.283167630057803e-05,3.221979134859541
7.285167630057804e-05,3.307026062314773
7.287167630057803e-05,3.258956059840077
7.289167630057804e-05,0.02717281654124479
7.291167630057803e-05,0.09003358900815572
7.293167630057804e-05,0.02347512404319121
7.295167630057804e-05,0.004986661552923288
7.297167630057803e-05,0.008684354050976872
7.299167630057803e-05,0.01607973904708404
7.301167630057804e-05,0.03456820153735196
7.303167630057803e-05,0.03087050903929837
7.305167630057804e-05,0.004986661552923288
7.307167630057803e-05,0.01977743154513762
7.309167630057803e-05,0.02347512404319121
7.311167630057804e-05,0.01977743154513762
7.313167630057803e-05,0.01607973904708404
7.315167630057803e-05,0.01238204654903046
7.317167630057803e-05,0.01607973904708404
7.319167630057802e-05,0.001288969054869704
7.321167630057804e-05,0.008684354050976872
7.323167630057803e-05,0.01238204654903046
7.325167630057803e-05,0.01238204654903046
7.327167630057804e-05,0.001288969054869704
7.329167630057803e-05,-0.00240872344318388
7.331167630057804e-05,0.008684354050976872
7.333167630057803e-05,0.001288969054869704
7.335167630057804e-05,0.08633589651010214
7.337167630057804e-05,3.295932984820613
7.339167630057803e-05,3.214583749863434
7.341167630057803e-05,3.284839907326452
7.343167630057804e-05,3.30332836981672
7.345167630057802e-05,3.314421447310881
7.347167630057804e-05,3.299630677318667
7.349167630057803e-05,3.288537599824505
7.351167630057803e-05,3.214583749863434
7.353167630057804e-05,0.01607973904708404
7.355167630057803e-05,0.06784743401983422
7.357167630057804e-05,0.01607973904708404
7.359167630057803e-05,-0.009804108439291047
7.361167630057804e-05,-0.02459487843150538
7.363167630057804e-05,0.004986661552923288
7.365167630057803e-05,0.004986661552923288
7.367167630057803e-05,0.08263820401204855
7.369167630057804e-05,3.299630677318667
7.371167630057803e-05,3.214583749863434
7.373167630057804e-05,3.277444522330345
7.375167630057803e-05,3.236769904851756
7.377167630057804e-05,0.03456820153735196
7.379167630057804e-05,0.09003358900815572
7.381167630057803e-05,0.02347512404319121
7.383167630057803e-05,0.06414974152178063
7.385167630057803e-05,3.288537599824505
7.387167630057802e-05,3.218281442361488
7.389167630057804e-05,3.292235292322559
7.391167630057803e-05,3.255258367342023
7.393167630057803e-05,0.03826589403540554
7.395167630057804e-05,0.09003358900815572
7.397167630057803e-05,0.03456820153735196
7.399167630057804e-05,0.07524281901594138
7.401167630057803e-05,3.292235292322559
7.403167630057804e-05,3.229374519855648
7.405167630057804e-05,3.299630677318667
7.407167630057803e-05,3.258956059840077
7.409167630057803e-05,0.03826589403540554
7.411167630057804e-05,0.1011266665023165
7.413167630057803e-05,0.03087050903929837
7.415167630057804e-05,-0.00240872344318388
7.417167630057803e-05,-0.00240872344318388
7.419167630057803e-05,0.008684354050976872
7.421167630057804e-05,0.02717281654124479
7.423167630057803e-05,0.01977743154513762
7.425167630057803e-05,0.01607973904708404
7.427167630057803e-05,0.004986661552923288
7.429167630057804e-05,0.008684354050976872
7.431167630057804e-05,0.01238204654903046
7.433167630057803e-05,0.008684354050976872
7.435167630057803e-05,0.01977743154513762
7.437167630057804e-05,0.004986661552923288
7.439167630057803e-05,0.08263820401204855
7.441167630057804e-05,3.299630677318667
7.443167630057803e-05,3.218281442361488
7.445167630057804e-05,3.281142214828399
7.447167630057804e-05,3.247862982345916
7.449167630057803e-05,0.03826589403540554
7.451167630057803e-05,0.09003358900815572
7.453167630057803e-05,0.02347512404319121
7.455167630057802e-05,0.06045204902372704
7.457167630057804e-05,3.284839907326452
7.459167630057803e-05,3.218281442361488
7.461167630057803e-05,3.288537599824505
7.463167630057804e-05,3.318119139808934
7.465167630057803e-05,3.329212217303095
7.467167630057804e-05,3.318119139808934
7.469167630057803e-05,3.30332836981672
7.471167630057804e-05,3.236769904851756
7.473167630057804e-05,0.05305666402761988
7.475167630057803e-05,0.1048243590003701
7.477167630057803e-05,0.0493589715295663
7.479167630057804e-05,0.08633589651010214
7.481167630057803e-05,3.299630677318667
7.483167630057804e-05,3.236769904851756
7.485167630057803e-05,3.307026062314773
7.487167630057803e-05,3.270049137334238
7.489167630057804e-05,0.05675435652567346
7.491167630057803e-05,0.1122197439964772
7.493167630057803e-05,0.0493589715295663
7.495167630057803e-05,0.08263820401204855
7.497167630057802e-05,3.310723754812827
7.499167630057804e-05,3.240467597349809
7.501167630057803e-05,3.299630677318667
7.503167630057803e-05,3.344002987295309
7.505167630057804e-05,3.35509606478947
7.507167630057803e-05,3.325514524805041
7.509167630057804e-05,3.310723754812827
7.511167630057803e-05,3.329212217303095
7.513167630057804e-05,3.329212217303095
7.515167630057804e-05,3.332909909801149
7.517167630057803e-05,3.329212217303095
7.519167630057803e-05,3.247862982345916
7.521167630057803e-05,0.04196358653345913
7.523167630057802e-05,0.08633589651010214
7.525167630057804e-05,0.03826589403540554
7.527167630057803e-05,0.01238204654903046
7.529167630057803e-05,-0.00240872344318388
7.531167630057804e-05,0.008684354050976872
7.533167630057803e-05,0.01977743154513762
7.535167630057804e-05,0.03456820153735196
7.537167630057803e-05,0.01238204654903046
7.539167630057804e-05,0.004986661552923288
7.541167630057804e-05,0.008684354050976872
7.543167630057803e-05,0.01238204654903046
7.545167630057803e-05,0.001288969054869704
7.547167630057804e-05,0.001288969054869704
7.549167630057803e-05,0.01238204654903046
7.551167630057804e-05,0.06414974152178063
7.553167630057803e-05,3.292235292322559
7.555167630057804e-05,3.196095287373166
7.557167630057804e-05,3.266351444836184
7.559167630057803e-05,3.236769904851756
7.561167630057803e-05,0.01977743154513762
7.563167630057803e-05,0.08263820401204855
7.565167630057802e-05,0.004986661552923288
7.567167630057804e-05,0.06045204902372704
7.569167630057803e-05,3.288537599824505
7.571167630057803e-05,3.21088605736538
7.573167630057804e-05,3.292235292322559
7.575167630057803e-05,3.262653752338131
7.577167630057804e-05,0.0493589715295663
7.579167630057803e-05,0.08633589651010214
7.581167630057804e-05,0.03087050903929837
7.583167630057804e-05,0.001288969054869704
7.585167630057803e-05,-0.00240872344318388
7.587167630057803e-05,0.02717281654124479
7.589167630057804e-05,0.03456820153735196
7.591167630057802e-05,0.02717281654124479
7.593167630057804e-05,0.03087050903929837
7.595167630057803e-05,0.01607973904708404
7.597167630057803e-05,0.02717281654124479
7.599167630057804e-05,0.02717281654124479
7.601167630057803e-05,0.02347512404319121
7.603167630057803e-05,0.02347512404319121
7.605167630057803e-05,0.01607973904708404
7.607167630057804e-05,0.01238204654903046
7.609167630057804e-05,0.03087050903929837
7.611167630057803e-05,0.02717281654124479
7.613167630057803e-05,0.02347512404319121
7.615167630057804e-05,0.02717281654124479
7.617167630057803e-05,0.02347512404319121
7.619167630057804e-05,0.02347512404319121
7.621167630057803e-05,0.03087050903929837
7.623167630057804e-05,0.03087050903929837
7.625167630057804e-05,0.03456820153735196
7.627167630057803e-05,0.0493589715295663
7.629167630057803e-05,0.02347512404319121
7.631167630057803e-05,0.04196358653345913
7.633167630057802e-05,0.03826589403540554
7.635167630057804e-05,0.03456820153735196
7.637167630057803e-05,0.02347512404319121
7.639167630057803e-05,0.1122197439964772
7.641167630057804e-05,3.325514524805041
7.643167630057803e-05,3.233072212353702
7.645167630057804e-05,3.295932984820613
7.647167630057803e-05,3.325514524805041
7.649167630057804e-05,3.344002987295309
7.651167630057804e-05,3.310723754812827
7.653167630057803e-05,3.314421447310881
7.655167630057803e-05,3.233072212353702
7.657167630057804e-05,0.03826589403540554
7.659167630057803e-05,0.09742897400426288
7.661167630057804e-05,0.03826589403540554
7.663167630057803e-05,0.008684354050976872
7.665167630057803e-05,-0.009804108439291047
7.667167630057804e-05,0.01238204654903046
7.669167630057803e-05,0.02717281654124479
7.671167630057803e-05,0.09003358900815572
7.673167630057803e-05,3.295932984820613
7.675167630057804e-05,3.207188364867327
7.677167630057804e-05,3.277444522330345
7.679167630057803e-05,3.244165289847863
7.681167630057803e-05,0.03087050903929837
7.683167630057804e-05,0.08263820401204855
7.685167630057803e-05,0.02347512404319121
7.687167630057804e-05,0.05675435652567346
7.689167630057803e-05,3.292235292322559
7.691167630057804e-05,3.221979134859541
7.693167630057804e-05,3.292235292322559
7.695167630057803e-05,3.329212217303095
7.697167630057803e-05,3.332909909801149
7.699167630057803e-05,3.321816832306988
7.701167630057802e-05,3.307026062314773
7.703167630057804e-05,3.299630677318667
7.705167630057803e-05,3.307026062314773
7.707167630057803e-05,3.314421447310881
7.709167630057804e-05,3.310723754812827
7.711167630057803e-05,3.307026062314773
7.713167630057804e-05,3.307026062314773
7.715167630057803e-05,3.314421447310881
7.717167630057804e-05,3.307026062314773
7.719167630057804e-05,3.321816832306988
7.721167630057803e-05,3.307026062314773
7.723167630057803e-05,3.318119139808934
7.725167630057804e-05,3.307026062314773
7.727167630057803e-05,3.25156067484397
7.729167630057804e-05,0.04196358653345913
7.731167630057803e-05,0.1011266665023165
7.733167630057804e-05,0.04566127903151271
7.735167630057804e-05,0.01607973904708404
7.737167630057803e-05,0.02717281654124479
7.739167630057803e-05,0.01977743154513762
7.741167630057803e-05,0.04566127903151271
7.743167630057802e-05,0.1270105139886916
7.745167630057804e-05,3.344002987295309
7.747167630057803e-05,3.233072212353702
7.749167630057803e-05,3.295932984820613
7.751167630057804e-05,3.336607602299202
7.753167630057803e-05,3.351398372291416
7.755167630057804e-05,3.329212217303095
7.757167630057803e-05,3.318119139808934
7.759167630057804e-05,3.244165289847863
7.761167630057804e-05,0.06045204902372704
7.763167630057803e-05,0.1085220514984236
7.765167630057803e-05,0.06414974152178063
7.767167630057804e-05,0.03456820153735196
7.769167630057802e-05,0.008684354050976872
7.771167630057804e-05,0.02717281654124479
7.773167630057803e-05,0.03456820153735196
7.775167630057803e-05,0.1196151289925844
7.777167630057804e-05,3.314421447310881
7.779167630057803e-05,3.233072212353702
7.781167630057804e-05,3.284839907326452
7.783167630057803e-05,3.255258367342023
7.785167630057804e-05,0.04196358653345913
7.787167630057804e-05,0.1085220514984236
7.789167630057803e-05,0.03826589403540554
7.791167630057803e-05,0.0715451265178878
7.793167630057804e-05,3.314421447310881
7.795167630057803e-05,3.225676827357595
7.797167630057804e-05,3.295932984820613
7.799167630057803e-05,3.25156067484397
7.801167630057804e-05,0.03087050903929837
7.803167630057804e-05,0.09003358900815572
7.805167630057803e-05,0.01607973904708404
7.807167630057803e-05,-0.009804108439291047
7.809167630057803e-05,-0.01350180093734463
7.811167630057802e-05,0.01607973904708404
7.813167630057804e-05,0.02347512404319121
7.815167630057803e-05,0.02717281654124479
7.817167630057803e-05,0.01238204654903046
7.819167630057804e-05,-0.009804108439291047
7.821167630057803e-05,0.01607973904708404
7.823167630057804e-05,0.07894051151399496
7.825167630057803e-05,3.299630677318667
7.827167630057804e-05,3.218281442361488
7.829167630057804e-05,3.284839907326452
7.831167630057803e-05,3.240467597349809
7.833167630057803e-05,0.03456820153735196
7.835167630057804e-05,0.09742897400426288
7.837167630057804e-05,0.01977743154513762
7.839167630057803e-05,0.0715451265178878
7.841167630057803e-05,3.30332836981672
7.843167630057803e-05,3.218281442361488
7.845167630057804e-05,3.299630677318667
7.847167630057803e-05,3.25156067484397
7.849167630057803e-05,0.04196358653345913
7.851167630057803e-05,0.09742897400426288
7.853167630057804e-05,0.02717281654124479
7.855167630057804e-05,0.07894051151399496
7.857167630057803e-05,3.284839907326452
7.859167630057803e-05,3.221979134859541
7.861167630057804e-05,3.281142214828399
7.863167630057804e-05,3.240467597349809
7.865167630057803e-05,0.02717281654124479
7.867167630057803e-05,0.07524281901594138
7.869167630057804e-05,0.01238204654903046
7.871167630057804e-05,0.05675435652567346
7.873167630057803e-05,3.292235292322559
7.875167630057803e-05,3.218281442361488
7.877167630057803e-05,3.270049137334238
7.879167630057804e-05,3.229374519855648
7.881167630057803e-05,0.01607973904708404
7.883167630057803e-05,0.08633589651010214
7.885167630057803e-05,0.001288969054869704
7.887167630057804e-05,-0.02459487843150538
7.889167630057804e-05,-0.0208971859334518
7.891167630057803e-05,-0.006106415941237463
7.893167630057803e-05,0.001288969054869704
7.895167630057804e-05,0.08263820401204855
7.897167630057804e-05,3.288537599824505
7.899167630057803e-05,3.214583749863434
7.901167630057803e-05,3.273746829832291
7.903167630057804e-05,3.292235292322559
7.905167630057804e-05,3.321816832306988
7.907167630057803e-05,3.299630677318667
7.909167630057803e-05,3.288537599824505
7.911167630057803e-05,3.284839907326452
7.913167630057804e-05,3.288537599824505
7.915167630057803e-05,3.299630677318667
7.917167630057803e-05,3.314421447310881
7.919167630057803e-05,3.25156067484397
7.921167630057804e-05,0.03456820153735196
7.923167630057804e-05,0.09003358900815572
7.925167630057803e-05,0.03826589403540554
7.927167630057803e-05,0.08263820401204855
7.929167630057804e-05,3.299630677318667
7.931167630057804e-05,3.218281442361488
7.933167630057803e-05,3.292235292322559
7.935167630057803e-05,3.321816832306988
7.937167630057804e-05,3.336607602299202
7.939167630057804e-05,3.310723754812827
7.941167630057803e-05,3.30332836981672
7.943167630057803e-05,3.310723754812827
7.945167630057804e-05,3.314421447310881
7.947167630057804e-05,3.314421447310881
7.949167630057803e-05,3.318119139808934
7.951167630057803e-05,3.255258367342023
7.953167630057803e-05,0.04566127903151271
7.955167630057804e-05,0.1011266665023165
7.957167630057803e-05,0.05305666402761988
7.959167630057803e-05,0.1011266665023165
7.961167630057803e-05,3.310723754812827
7.963167630057804e-05,3.225676827357595
7.965167630057804e-05,3.318119139808934
7.967167630057803e-05,3.344002987295309
7.969167630057803e-05,3.351398372291416
7.971167630057804e-05,3.325514524805041
7.973167630057804e-05,3.30332836981672
7.975167630057803e-05,3.247862982345916
7.977167630057803e-05,0.05305666402761988
7.979167630057804e-05,0.1122197439964772
7.981167630057804e-05,0.05305666402761988
7.983167630057803e-05,0.01607973904708404
7.985167630057803e-05,0.008684354050976872
7.987167630057803e-05,0.01977743154513762
7.989167630057804e-05,0.03456820153735196
7.991167630057803e-05,0.04196358653345913
7.993167630057803e-05,0.02717281654124479
7.995167630057803e-05,0.02347512404319121
7.997167630057804e-05,0.01607973904708404
7.999167630057804e-05,0.01607973904708404
8.001167630057803e-05,0.02717281654124479
8.003167630057803e-05,0.01607973904708404
8.005167630057804e-05,0.01238204654903046
8.007167630057804e-05,0.08263820401204855
8.009167630057803e-05,3.318119139808934
8.011167630057803e-05,3.218281442361488
8.013167630057804e-05,3.284839907326452
8.015167630057804e-05,3.310723754812827
8.017167630057803e-05,3.314421447310881
8.019167630057803e-05,3.310723754812827
8.021167630057803e-05,3.295932984820613
8.023167630057804e-05,3.292235292322559
8.025167630057803e-05,3.284839907326452
8.027167630057803e-05,3.30332836981672
8.029167630057803e-05,3.30332836981672
8.031167630057804e-05,3.299630677318667
8.033167630057804e-05,3.307026062314773
8.035167630057803e-05,3.299630677318667
8.037167630057803e-05,3.307026062314773
8.039167630057804e-05,3.295932984820613
8.041167630057804e-05,3.307026062314773
8.043167630057803e-05,3.314421447310881
8.045167630057803e-05,3.307026062314773
8.047167630057804e-05,3.247862982345916
8.049167630057804e-05,0.03456820153735196
8.051167630057803e-05,0.1011266665023165
8.053167630057803e-05,0.03087050903929837
8.055167630057803e-05,0.09742897400426288
8.057167630057804e-05,3.314421447310881
8.059167630057803e-05,3.21088605736538
8.061167630057803e-05,3.314421447310881
8.063167630057803e-05,3.262653752338131
8.065167630057804e-05,0.01977743154513762
8.067167630057804e-05,0.1011266665023165
8.069167630057803e-05,0.02717281654124479
8.071167630057803e-05,0.08263820401204855
8.073167630057804e-05,3.310723754812827
8.075167630057804e-05,3.203490672369273
8.077167630057803e-05,3.284839907326452
8.079167630057803e-05,3.321816832306988
8.081167630057804e-05,3.325514524805041
8.083167630057804e-05,3.314421447310881
8.085167630057803e-05,3.299630677318667
8.087167630057803e-05,3.236769904851756
8.089167630057803e-05,0.03826589403540554
8.091167630057804e-05,0.09003358900815572
8.093167630057803e-05,0.02717281654124479
8.095167630057803e-05,0.07894051151399496
8.097167630057803e-05,3.30332836981672
8.099167630057804e-05,3.236769904851756
8.101167630057804e-05,3.310723754812827
8.103167630057803e-05,3.273746829832291
8.105167630057803e-05,0.0493589715295663
8.107167630057804e-05,0.1085220514984236
8.109167630057804e-05,0.0493589715295663
8.111167630057803e-05,0.01977743154513762
8.113167630057803e-05,0.01607973904708404
8.115167630057804e-05,0.02717281654124479
8.117167630057804e-05,0.03456820153735196
8.119167630057803e-05,0.1270105139886916
8.121167630057803e-05,3.325514524805041
8.123167630057803e-05,3.240467597349809
8.125167630057804e-05,3.299630677318667
8.127167630057803e-05,3.262653752338131
8.129167630057803e-05,0.0493589715295663
8.131167630057803e-05,0.1159174364945308
8.133167630057804e-05,0.04196358653345913
8.135167630057804e-05,0.09742897400426288
8.137167630057803e-05,3.325514524805041
8.139167630057803e-05,3.240467597349809
8.141167630057804e-05,3.314421447310881
8.143167630057804e-05,3.332909909801149
8.145167630057803e-05,3.344002987295309
8.147167630057803e-05,3.329212217303095
8.149167630057804e-05,3.325514524805041
8.151167630057804e-05,3.321816832306988
8.153167630057803e-05,3.314421447310881
8.155167630057803e-05,3.332909909801149
8.157167630057804e-05,3.329212217303095
8.159167630057804e-05,3.262653752338131
8.161167630057803e-05,0.06045204902372704
8.163167630057803e-05,0.1085220514984236
8.165167630057803e-05,0.06784743401983422
8.167167630057804e-05,0.01977743154513762
8.169167630057803e-05,0.008684354050976872
8.171167630057803e-05,0.02347512404319121
8.173167630057803e-05,0.03456820153735196
8.175167630057804e-05,0.04196358653345913
8.177167630057804e-05,0.03456820153735196
8.179167630057803e-05,0.01238204654903046
8.181167630057803e-05,0.01607973904708404
8.183167630057804e-05,0.01977743154513762
8.185167630057804e-05,0.01977743154513762
8.187167630057803e-05,0.01607973904708404
8.189167630057803e-05,0.01238204654903046
8.191167630057804e-05,0.09742897400426288
8.193167630057804e-05,3.325514524805041
8.195167630057803e-05,3.236769904851756
8.197167630057803e-05,3.292235292322559
8.199167630057803e-05,3.258956059840077
8.201167630057804e-05,0.03826589403540554
8.203167630057803e-05,0.1011266665023165
8.205167630057803e-05,0.03087050903929837
8.207167630057803e-05,0.004986661552923288
8.209167630057804e-05,0.008684354050976872
8.211167630057804e-05,0.01607973904708404
8.213167630057803e-05,0.02347512404319121
8.215167630057803e-05,0.1011266665023165
8.217167630057804e-05,3.318119139808934
8.219167630057804e-05,3.221979134859541
8.221167630057803e-05,3.281142214828399
8.223167630057803e-05,3.318119139808934
8.225167630057804e-05,3.329212217303095
8.227167630057804e-05,3.310723754812827
8.229167630057803e-05,3.295932984820613
8.231167630057803e-05,3.229374519855648
8.233167630057803e-05,0.03087050903929837
8.235167630057804e-05,0.09742897400426288
8.237167630057803e-05,0.03826589403540554
8.239167630057803e-05,-0.009804108439291047
8.241167630057803e-05,-0.009804108439291047
8.243167630057804e-05,-0.006106415941237463
8.245167630057804e-05,0.01607973904708404
8.247167630057803e-05,0.01607973904708404
8.249167630057803e-05,0.008684354050976872
8.251167630057804e-05,-0.00240872344318388
8.253167630057804e-05,0.004986661552923288
8.255167630057803e-05,0.001288969054869704
8.257167630057803e-05,-0.006106415941237463
8.259167630057804e-05,-0.006106415941237463
8.261167630057804e-05,0.001288969054869704
8.263167630057803e-05,0.07894051151399496
8.265167630057803e-05,3.288537599824505
8.267167630057803e-05,3.188699902377059
8.269167630057804e-05,3.273746829832291
8.271167630057803e-05,3.288537599824505
8.273167630057803e-05,3.30332836981672
8.275167630057803e-05,3.292235292322559
8.277167630057804e-05,3.281142214828399
8.279167630057804e-05,3.207188364867327
8.281167630057803e-05,0.01977743154513762
8.283167630057803e-05,0.07894051151399496
8.285167630057804e-05,0.01977743154513762
8.287167630057804e-05,-0.009804108439291047
8.289167630057803e-05,-0.01719949343539821
8.291167630057803e-05,-0.006106415941237463
8.293167630057804e-05,0.01977743154513762
8.295167630057804e-05,0.1011266665023165
8.297167630057803e-05,3.310723754812827
8.299167630057803e-05,3.214583749863434
8.301167630057803e-05,3.277444522330345
8.303167630057804e-05,3.310723754812827
8.305167630057803e-05,3.329212217303095
8.307167630057803e-05,3.307026062314773
8.309167630057803e-05,3.299630677318667
8.311167630057804e-05,3.225676827357595
8.313167630057804e-05,0.02717281654124479
8.315167630057803e-05,0.09003358900815572
8.317167630057803e-05,0.03087050903929837
8.319167630057804e-05,0.004986661552923288
8.321167630057804e-05,-0.02459487843150538
8.323167630057803e-05,0.001288969054869704
8.325167630057803e-05,0.01238204654903046
8.327167630057804e-05,0.01607973904708404
8.329167630057804e-05,0.01238204654903046
8.331167630057803e-05,-0.009804108439291047
8.333167630057803e-05,0.004986661552923288
8.335167630057803e-05,0.08633589651010214
8.337167630057804e-05,3.307026062314773
8.339167630057803e-05,3.218281442361488
8.341167630057803e-05,3.281142214828399
8.343167630057803e-05,3.221979134859541
8.345167630057804e-05,0.02717281654124479
8.347167630057804e-05,0.07524281901594138
8.349167630057803e-05,0.004986661552923288
8.351167630057803e-05,0.06045204902372704
8.353167630057804e-05,3.295932984820613
8.355167630057804e-05,3.19979297987122
8.357167630057803e-05,3.284839907326452
8.359167630057803e-05,3.233072212353702
8.361167630057804e-05,0.01607973904708404
8.363167630057804e-05,0.08633589651010214
8.365167630057803e-05,0.02717281654124479
8.367167630057803e-05,-0.009804108439291047
8.369167630057804e-05,-0.00240872344318388
8.371167630057804e-05,0.01607973904708404
8.373167630057803e-05,0.02347512404319121
8.375167630057803e-05,0.01238204654903046
8.377167630057803e-05,0.008684354050976872
8.379167630057804e-05,0.001288969054869704
8.381167630057803e-05,0.008684354050976872
8.383167630057803e-05,0.09003358900815572
8.385167630057803e-05,3.30332836981672
8.387167630057804e-05,3.214583749863434
8.389167630057804e-05,3.281142214828399
8.391167630057803e-05,3.295932984820613
8.393167630057803e-05,3.325514524805041
8.395167630057804e-05,3.30332836981672
8.397167630057804e-05,3.292235292322559
8.399167630057803e-05,3.218281442361488
8.401167630057803e-05,0.01977743154513762
8.403167630057804e-05,0.08633589651010214
8.405167630057804e-05,0.01977743154513762
8.407167630057803e-05,0.06784743401983422
8.409167630057803e-05,3.295932984820613
8.411167630057803e-05,3.19979297987122
8.413167630057804e-05,3.292235292322559
8.415167630057803e-05,3.321816832306988
8.417167630057803e-05,3.336607602299202
8.419167630057803e-05,3.30332836981672
8.421167630057804e-05,3.295932984820613
8.423167630057804e-05,3.240467597349809
8.425167630057803e-05,0.04566127903151271
8.427167630057803e-05,0.1011266665023165
8.429167630057804e-05,0.03456820153735196
8.431167630057804e-05,0.01977743154513762
8.433167630057803e-05,-0.01350180093734463
8.435167630057803e-05,0.01607973904708404
8.437167630057804e-05,0.03456820153735196
8.439167630057804e-05,0.03087050903929837
8.441167630057803e-05,0.01977743154513762
8.443167630057803e-05,0.02347512404319121
8.445167630057803e-05,0.001288969054869704
8.447167630057804e-05,0.08263820401204855
8.449167630057803e-05,3.30332836981672
8.451167630057803e-05,3.214583749863434
8.453167630057803e-05,3.262653752338131
8.455167630057804e-05,3.310723754812827
8.457167630057804e-05,3.321816832306988
8.459167630057803e-05,3.30332836981672
8.461167630057803e-05,3.277444522330345
8.463167630057804e-05,3.21088605736538
8.465167630057804e-05,0.02717281654124479
8.467167630057803e-05,0.08263820401204855
8.469167630057803e-05,0.02717281654124479
8.471167630057804e-05,0.06414974152178063
8.473167630057804e-05,3.281142214828399
8.475167630057803e-05,3.203490672369273
8.477167630057803e-05,3.281142214828399
8.479167630057803e-05,3.244165289847863
8.481167630057804e-05,0.02717281654124479
8.483167630057803e-05,0.07894051151399496
8.485167630057803e-05,0.02717281654124479
8.487167630057803e-05,-0.01350180093734463
8.489167630057804e-05,-0.009804108439291047
8.491167630057804e-05,0.02347512404319121
8.493167630057803e-05,0.02347512404319121
8.495167630057803e-05,0.09742897400426288
8.497167630057804e-05,3.295932984820613
8.499167630057804e-05,3.214583749863434
8.501167630057803e-05,3.288537599824505
8.503167630057803e-05,3.314421447310881
8.505167630057804e-05,3.321816832306988
8.507167630057804e-05,3.310723754812827
8.509167630057803e-05,3.307026062314773
8.511167630057803e-05,3.229374519855648
8.513167630057803e-05,0.03456820153735196
8.515167630057804e-05,0.1011266665023165
8.517167630057803e-05,0.04196358653345913
8.519167630057803e-05,0.0937312815062093
8.521167630057803e-05,3.307026062314773
8.523167630057804e-05,3.214583749863434
8.525167630057804e-05,3.30332836981672
8.527167630057803e-05,3.329212217303095
8.529167630057803e-05,3.344002987295309
8.531167630057804e-05,3.321816832306988
8.533167630057804e-05,3.299630677318667
8.535167630057803e-05,3.240467597349809
8.537167630057803e-05,0.05305666402761988
8.539167630057804e-05,0.1085220514984236
8.541167630057804e-05,0.04566127903151271
8.543167630057803e-05,0.01238204654903046
8.545167630057803e-05,0.004986661552923288
8.547167630057804e-05,0.03087050903929837
8.549167630057804e-05,0.03087050903929837
8.551167630057803e-05,0.03087050903929837
8.553167630057803e-05,0.02717281654124479
8.555167630057803e-05,0.01977743154513762
8.557167630057804e-05,0.004986661552923288
8.559167630057804e-05,0.02717281654124479
8.561167630057803e-05,0.01977743154513762
8.563167630057803e-05,0.01238204654903046
8.565167630057804e-05,0.01607973904708404
8.567167630057804e-05,0.02717281654124479
8.569167630057803e-05,0.01238204654903046
8.571167630057803e-05,0.004986661552923288
8.573167630057804e-05,0.008684354050976872
8.575167630057804e-05,0.08633589651010214
8.577167630057803e-05,3.314421447310881
8.579167630057803e-05,3.207188364867327
8.581167630057804e-05,3.277444522330345
8.583167630057804e-05,3.314421447310881
8.585167630057803e-05,3.321816832306988
8.587167630057803e-05,3.30332836981672
8.589167630057803e-05,3.288537599824505
8.591167630057804e-05,3.207188364867327
8.593167630057803e-05,0.01977743154513762
8.595167630057803e-05,0.07894051151399496
8.597167630057803e-05,0.03826589403540554
8.599167630057804e-05,0.07894051151399496
8.601167630057804e-05,3.292235292322559
8.603167630057803e-05,3.21088605736538
8.605167630057803e-05,3.288537599824505
8.607167630057804e-05,3.25156067484397
8.609167630057804e-05,0.03456820153735196
8.611167630057803e-05,0.08633589651010214
8.613167630057803e-05,0.01607973904708404
8.615167630057804e-05,-0.006106415941237463
8.617167630057804e-05,0.004986661552923288
8.619167630057803e-05,0.01238204654903046
8.621167630057803e-05,0.02347512404319121
8.623167630057803e-05,0.02347512404319121
8.625167630057804e-05,0.01607973904708404
8.627167630057803e-05,0.008684354050976872
8.629167630057803e-05,0.004986661552923288
8.631167630057803e-05,0.08633589651010214
8.633167630057804e-05,3.30332836981672
8.635167630057804e-05,3.221979134859541
8.637167630057803e-05,3.281142214828399
8.639167630057803e-05,3.314421447310881
8.641167630057804e-05,3.318119139808934
8.643167630057804e-05,3.30332836981672
8.645167630057803e-05,3.292235292322559
8.647167630057803e-05,3.299630677318667
8.649167630057804e-05,3.314421447310881
8.651167630057804e-05,3.318119139808934
8.653167630057803e-05,3.318119139808934
8.655167630057803e-05,3.307026062314773
8.657167630057803e-05,3.314421447310881
8.659167630057804e-05,3.307026062314773
8.661167630057803e-05,3.295932984820613
8.663167630057803e-05,3.240467597349809
8.665167630057803e-05,0.03826589403540554
8.667167630057804e-05,0.09742897400426288
8.669167630057804e-05,0.03456820153735196
8.671167630057803e-05,0.004986661552923288
8.673167630057803e-05,0.01607973904708404
8.675167630057804e-05,0.004986661552923288
8.677167630057804e-05,0.03087050903929837
8.679167630057803e-05,0.1011266665023165
8.681167630057803e-05,3.314421447310881
8.683167630057804e-05,3.214583749863434
8.685167630057804e-05,3.292235292322559
8.687167630057803e-05,3.310723754812827
8.689167630057803e-05,3.321816832306988
8.691167630057803e-05,3.318119139808934
8.693167630057804e-05,3.299630677318667
8.695167630057803e-05,3.221979134859541
8.697167630057803e-05,0.02717281654124479
8.699167630057803e-05,0.09003358900815572
8.701167630057804e-05,0.03826589403540554
8.703167630057804e-05,0.1011266665023165
8.705167630057803e-05,3.318119139808934
8.707167630057803e-05,3.221979134859541
8.709167630057804e-05,3.30332836981672
8.711167630057804e-05,3.351398372291416
8.713167630057803e-05,3.340305294797256
8.715167630057803e-05,3.329212217303095
8.717167630057804e-05,3.325514524805041
8.719167630057804e-05,3.314421447310881
8.721167630057803e-05,3.329212217303095
8.723167630057803e-05,3.329212217303095
8.725167630057803e-05,3.314421447310881
8.727167630057804e-05,3.314421447310881
8.729167630057803e-05,3.318119139808934
8.731167630057803e-05,3.321816832306988
8.733167630057803e-05,3.329212217303095
8.735167630057804e-05,3.255258367342023
8.737167630057804e-05,0.03826589403540554
8.739167630057803e-05,0.123312821490638
8.741167630057803e-05,0.05305666402761988
8.743167630057804e-05,0.1270105139886916
8.745167630057804e-05,3.332909909801149
8.747167630057803e-05,3.221979134859541
8.749167630057803e-05,3.329212217303095
8.751167630057804e-05,3.336607602299202
8.753167630057804e-05,3.347700679793363
8.755167630057803e-05,3.325514524805041
8.757167630057803e-05,3.307026062314773
8.759167630057804e-05,3.236769904851756
8.761167630057804e-05,0.03087050903929837
8.763167630057803e-05,0.1085220514984236
8.765167630057803e-05,0.03826589403540554
8.767167630057803e-05,0.08633589651010214
8.769167630057804e-05,3.30332836981672
8.771167630057803e-05,3.207188364867327
8.773167630057803e-05,3.292235292322559
8.775167630057803e-05,3.247862982345916
8.777167630057804e-05,0.02347512404319121
8.779167630057804e-05,0.08633589651010214
8.781167630057803e-05,0.01238204654903046
8.783167630057803e-05,0.08263820401204855
8.785167630057804e-05,3.325514524805041
8.787167630057804e-05,3.233072212353702
8.789167630057803e-05,3.295932984820613
8.791167630057803e-05,3.321816832306988
8.793167630057804e-05,3.332909909801149
8.795167630057804e-05,3.314421447310881
8.797167630057803e-05,3.307026062314773
8.799167630057803e-05,3.307026062314773
8.801167630057803e-05,3.329212217303095
8.803167630057804e-05,3.329212217303095
8.805167630057803e-05,3.325514524805041
8.807167630057803e-05,3.321816832306988
8.809167630057803e-05,3.325514524805041
8.811167630057804e-05,3.329212217303095
8.813167630057804e-05,3.329212217303095
8.815167630057803e-05,3.336607602299202
8.817167630057803e-05,3.332909909801149
8.819167630057804e-05,3.325514524805041
8.821167630057804e-05,3.336607602299202
8.823167630057803e-05,3.332909909801149
8.825167630057803e-05,3.336607602299202
8.827167630057804e-05,3.325514524805041
8.829167630057804e-05,3.325514524805041
8.831167630057803e-05,3.255258367342023
8.833167630057803e-05,0.02717281654124479
8.835167630057803e-05,0.1048243590003701
8.837167630057804e-05,0.05675435652567346
8.839167630057803e-05,0.01607973904708404
8.841167630057803e-05,0.008684354050976872
8.843167630057803e-05,0.01977743154513762
8.845167630057804e-05,0.02717281654124479
8.847167630057804e-05,0.02717281654124479
8.849167630057803e-05,0.02717281654124479
8.851167630057803e-05,0.01607973904708404
8.853167630057804e-05,0.004986661552923288
8.855167630057804e-05,0.0937312815062093
8.857167630057803e-05,3.332909909801149
8.859167630057803e-05,3.21088605736538
8.861167630057804e-05,3.288537599824505
8.863167630057804e-05,3.30332836981672
8.865167630057803e-05,3.321816832306988
8.867167630057803e-05,3.307026062314773
8.869167630057803e-05,3.281142214828399
8.871167630057804e-05,3.30332836981672
8.873167630057803e-05,3.30332836981672
8.875167630057803e-05,3.307026062314773
8.877167630057803e-05,3.30332836981672
8.879167630057804e-05,3.244165289847863
8.881167630057804e-05,0.02347512404319121
8.883167630057803e-05,0.09742897400426288
8.885167630057803e-05,0.03456820153735196
8.887167630057804e-05,0.01977743154513762
8.889167630057804e-05,0.001288969054869704
8.891167630057803e-05,0.01977743154513762
8.893167630057803e-05,0.02717281654124479
8.895167630057804e-05,0.1085220514984236
8.897167630057804e-05,3.314421447310881
8.899167630057803e-05,3.218281442361488
8.901167630057803e-05,3.292235292322559
8.903167630057803e-05,3.236769904851756
8.905167630057804e-05,0.02347512404319121
8.907167630057803e-05,0.1011266665023165
8.909167630057803e-05,0.02717281654124479
8.911167630057803e-05,0.07894051151399496
8.913167630057804e-05,3.314421447310881
8.915167630057804e-05,3.229374519855648
8.917167630057803e-05,3.299630677318667
8.919167630057803e-05,3.321816832306988
8.921167630057804e-05,3.336607602299202
8.923167630057804e-05,3.292235292322559
8.925167630057803e-05,3.284839907326452
8.927167630057803e-05,3.292235292322559
8.929167630057804e-05,3.314421447310881
8.931167630057804e-05,3.314421447310881
8.933167630057803e-05,3.310723754812827
8.935167630057803e-05,3.236769904851756
8.937167630057803e-05,0.01607973904708404
8.939167630057804e-05,0.08263820401204855
8.941167630057803e-05,0.04196358653345913
8.943167630057803e-05,0.09003358900815572
8.945167630057803e-05,3.329212217303095
8.947167630057804e-05,3.221979134859541
8.949167630057804e-05,3.30332836981672
8.951167630057803e-05,3.336607602299202
8.953167630057803e-05,3.347700679793363
8.955167630057804e-05,3.325514524805041
8.957167630057804e-05,3.318119139808934
8.959167630057803e-05,3.318119139808934
8.961167630057803e-05,3.325514524805041
8.963167630057804e-05,3.332909909801149
8.965167630057804e-05,3.329212217303095
8.967167630057803e-05,3.318119139808934
8.969167630057803e-05,3.336607602299202
8.971167630057804e-05,3.325514524805041
8.973167630057804e-05,3.325514524805041
8.975167630057803e-05,3.255258367342023
8.977167630057803e-05,0.0493589715295663
8.979167630057803e-05,0.1122197439964772
8.981167630057804e-05,0.06045204902372704
8.983167630057803e-05,0.1011266665023165
8.985167630057803e-05,3.332909909801149
8.987167630057803e-05,3.236769904851756
8.989167630057804e-05,3.314421447310881
8.991167630057804e-05,3.340305294797256
8.993167630057803e-05,3.351398372291416
8.995167630057803e-05,3.336607602299202
8.997167630057804e-05,3.321816832306988
8.999167630057804e-05,3.329212217303095
9.001167630057803e-05,3.332909909801149
9.003167630057803e-05,3.340305294797256
9.005167630057804e-05,3.340305294797256
9.007167630057804e-05,3.255258367342023
9.009167630057803e-05,0.0493589715295663
9.011167630057803e-05,0.1196151289925844
9.013167630057803e-05,0.06045204902372704
9.015167630057804e-05,0.03087050903929837
9.017167630057803e-05,0.004986661552923288
9.019167630057803e-05,0.03456820153735196
9.021167630057803e-05,0.04196358653345913
9.023167630057804e-05,0.03826589403540554
9.025167630057804e-05,0.04196358653345913
9.027167630057803e-05,0.03456820153735196
9.029167630057803e-05,0.03456820153735196
9.031167630057804e-05,0.03456820153735196
9.033167630057804e-05,0.03456820153735196
9.035167630057803e-05,0.02717281654124479
9.037167630057803e-05,0.01607973904708404
9.039167630057804e-05,0.01977743154513762
9.041167630057804e-05,0.03087050903929837
9.043167630057803e-05,0.01977743154513762
9.045167630057803e-05,0.01607973904708404
9.047167630057803e-05,0.004986661552923288
9.049167630057804e-05,0.03456820153735196
9.051167630057803e-05,0.01607973904708404
9.053167630057803e-05,0.01607973904708404
9.055167630057803e-05,0.09742897400426288
9.057167630057804e-05,3.307026062314773
9.059167630057804e-05,3.214583749863434
9.061167630057803e-05,3.277444522330345
9.063167630057803e-05,3.240467597349809
9.065167630057804e-05,0.03456820153735196
9.067167630057804e-05,0.1011266665023165
9.069167630057803e-05,0.02347512404319121
9.071167630057803e-05,0.08263820401204855
9.073167630057804e-05,3.30332836981672
9.075167630057804e-05,3.218281442361488
9.077167630057803e-05,3.292235292322559
9.079167630057803e-05,3.255258367342023
9.081167630057803e-05,0.02717281654124479
9.083167630057804e-05,0.1048243590003701
9.085167630057803e-05,0.03087050903929837
9.087167630057803e-05,-0.01350180093734463
9.089167630057803e-05,-0.01350180093734463
9.091167630057804e-05,0.004986661552923288
9.093167630057804e-05,0.03087050903929837
9.095167630057803e-05,0.02717281654124479
9.097167630057803e-05,0.01607973904708404
9.099167630057804e-05,0.004986661552923288
9.101167630057804e-05,0.001288969054869704
9.103167630057803e-05,0.01607973904708404
9.105167630057803e-05,0.008684354050976872
9.107167630057804e-05,0.008684354050976872
9.109167630057804e-05,0.01977743154513762
9.111167630057803e-05,0.09003358900815572
9.113167630057803e-05,3.318119139808934
9.115167630057803e-05,3.214583749863434
9.117167630057804e-05,3.284839907326452
9.119167630057803e-05,3.314421447310881
9.121167630057803e-05,3.332909909801149
9.123167630057803e-05,3.307026062314773
9.125167630057804e-05,3.307026062314773
9.127167630057804e-05,3.281142214828399
9.129167630057803e-05,3.295932984820613
9.131167630057803e-05,3.310723754812827
9.133167630057804e-05,3.30332836981672
9.135167630057804e-05,3.225676827357595
9.137167630057803e-05,0.01238204654903046
9.139167630057803e-05,0.0715451265178878
9.141167630057804e-05,0.01238204654903046
9.143167630057804e-05,0.0715451265178878
9.145167630057803e-05,3.277444522330345
9.147167630057803e-05,3.196095287373166
9.149167630057803e-05,3.277444522330345
9.151167630057804e-05,3.236769904851756
9.153167630057803e-05,0.02347512404319121
9.155167630057803e-05,0.09003358900815572
9.157167630057803e-05,0.01977743154513762
9.159167630057804e-05,0.05675435652567346
9.161167630057804e-05,3.281142214828399
9.163167630057803e-05,3.207188364867327
9.165167630057803e-05,3.281142214828399
9.167167630057804e-05,3.247862982345916
9.169167630057804e-05,0.03456820153735196
9.171167630057803e-05,0.07894051151399496
9.173167630057803e-05,0.01238204654903046
9.175167630057804e-05,-0.009804108439291047
9.177167630057804e-05,-0.02829257092955897
9.179167630057803e-05,0.01238204654903046
9.181167630057803e-05,0.01238204654903046
9.183167630057804e-05,0.08263820401204855
9.185167630057804e-05,3.292235292322559
9.187167630057803e-05,3.207188364867327
9.189167630057803e-05,3.281142214828399
9.191167630057803e-05,3.310723754812827
9.193167630057804e-05,3.332909909801149
9.195167630057803e-05,3.314421447310881
9.197167630057803e-05,3.295932984820613
9.199167630057803e-05,3.240467597349809
9.201167630057804e-05,0.03826589403540554
9.203167630057804e-05,0.07894051151399496
9.205167630057803e-05,0.03456820153735196
9.207167630057803e-05,0.07524281901594138
9.209167630057804e-05,3.299630677318667
9.211167630057804e-05,3.218281442361488
9.213167630057803e-05,3.295932984820613
9.215167630057803e-05,3.318119139808934
9.217167630057804e-05,3.336607602299202
9.219167630057804e-05,3.299630677318667
9.221167630057803e-05,3.288537599824505
9.223167630057803e-05,3.225676827357595
9.225167630057803e-05,0.02717281654124479
9.227167630057804e-05,0.1011266665023165
9.229167630057803e-05,0.03087050903929837
9.231167630057803e-05,0.07894051151399496
9.233167630057803e-05,3.284839907326452
9.235167630057804e-05,3.21088605736538
9.237167630057804e-05,3.299630677318667
9.239167630057803e-05,3.258956059840077
9.241167630057803e-05,0.03826589403540554
9.243167630057804e-05,0.0937312815062093
9.245167630057804e-05,0.01977743154513762
9.247167630057803e-05,0.07524281901594138
9.249167630057803e-05,3.288537599824505
9.251167630057804e-05,3.214583749863434
9.253167630057804e-05,3.288537599824505
9.255167630057803e-05,3.247862982345916
9.257167630057803e-05,0.02347512404319121
9.259167630057803e-05,0.07894051151399496
9.261167630057804e-05,0.02717281654124479
9.263167630057803e-05,0.07524281901594138
9.265167630057803e-05,3.295932984820613
9.267167630057803e-05,3.207188364867327
9.269167630057804e-05,3.288537599824505
9.271167630057804e-05,3.321816832306988
9.273167630057803e-05,3.332909909801149
9.275167630057803e-05,3.30332836981672
9.277167630057804e-05,3.284839907326452
9.279167630057804e-05,3.295932984820613
9.281167630057803e-05,3.310723754812827
9.283167630057803e-05,3.329212217303095
9.285167630057804e-05,3.318119139808934
9.287167630057804e-05,3.244165289847863
9.289167630057803e-05,0.03087050903929837
9.291167630057803e-05,0.08633589651010214
9.293167630057803e-05,0.03826589403540554
9.295167630057804e-05,0.08633589651010214
9.297167630057803e-05,3.307026062314773
9.299167630057803e-05,3.225676827357595
9.301167630057803e-05,3.30332836981672
9.303167630057804e-05,3.247862982345916
9.305167630057804e-05,0.03826589403540554
9.307167630057803e-05,0.1085220514984236
9.309167630057803e-05,0.03826589403540554
9.311167630057804e-05,0.08263820401204855
9.313167630057804e-05,3.321816832306988
9.315167630057803e-05,3.229374519855648
9.317167630057803e-05,3.310723754812827
9.319167630057804e-05,3.262653752338131
9.321167630057804e-05,0.03826589403540554
9.323167630057803e-05,0.1048243590003701
9.325167630057803e-05,0.03826589403540554
9.327167630057803e-05,0.08633589651010214
9.329167630057804e-05,3.310723754812827
9.331167630057803e-05,3.221979134859541
9.333167630057803e-05,3.30332836981672
9.335167630057803e-05,3.321816832306988
9.337167630057804e-05,3.332909909801149
9.339167630057804e-05,3.314421447310881
9.341167630057803e-05,3.310723754812827
9.343167630057803e-05,3.299630677318667
9.345167630057804e-05,3.314421447310881
9.347167630057804e-05,3.321816832306988
9.349167630057803e-05,3.329212217303095
9.351167630057803e-05,3.247862982345916
9.353167630057804e-05,0.04566127903151271
9.355167630057804e-05,0.1011266665023165
9.357167630057803e-05,0.04196358653345913
9.359167630057803e-05,0.01607973904708404
9.361167630057804e-05,0.01607973904708404
9.363167630057804e-05,0.01977743154513762
9.365167630057803e-05,0.03826589403540554
9.367167630057803e-05,0.1159174364945308
9.369167630057803e-05,3.321816832306988
9.371167630057804e-05,3.240467597349809
9.373167630057804e-05,3.288537599824505
9.375167630057803e-05,3.321816832306988
9.377167630057803e-05,3.321816832306988
9.379167630057804e-05,3.321816832306988
9.381167630057804e-05,3.307026062314773
9.383167630057803e-05,3.30332836981672
9.385167630057803e-05,3.30332836981672
9.387167630057804e-05,3.318119139808934
9.389167630057804e-05,3.321816832306988
9.391167630057803e-05,3.240467597349809
9.393167630057803e-05,0.02717281654124479
9.395167630057804e-05,0.09003358900815572
9.397167630057804e-05,0.03826589403540554
9.399167630057803e-05,0.09003358900815572
9.401167630057803e-05,3.310723754812827
9.403167630057803e-05,3.203490672369273
9.405167630057804e-05,3.277444522330345
9.407167630057803e-05,3.30332836981672
9.409167630057803e-05,3.318119139808934
9.411167630057803e-05,3.307026062314773
9.413167630057804e-05,3.299630677318667
9.415167630057804e-05,3.295932984820613
9.417167630057803e-05,3.30332836981672
9.419167630057803e-05,3.314421447310881
9.421167630057804e-05,3.321816832306988
9.423167630057804e-05,3.229374519855648
9.425167630057803e-05,0.02717281654124479
9.427167630057803e-05,0.1011266665023165
9.429167630057804e-05,0.03826589403540554
9.431167630057804e-05,0.01238204654903046
9.433167630057803e-05,0.01977743154513762
9.435167630057803e-05,0.04566127903151271
9.437167630057803e-05,0.04566127903151271
9.439167630057804e-05,0.03826589403540554
9.441167630057803e-05,0.03456820153735196
9.443167630057803e-05,0.03456820153735196
9.445167630057803e-05,0.02717281654124479
9.447167630057804e-05,0.1085220514984236
9.449167630057804e-05,3.340305294797256
9.451167630057803e-05,3.225676827357595
9.453167630057803e-05,3.292235292322559
9.455167630057804e-05,3.240467597349809
9.457167630057804e-05,0.02717281654124479
9.459167630057803e-05,0.1122197439964772
9.461167630057803e-05,0.02347512404319121
9.463167630057804e-05,-0.00240872344318388
9.465167630057804e-05,-0.01350180093734463
9.467167630057803e-05,0.01238204654903046
9.469167630057803e-05,0.01977743154513762
9.471167630057803e-05,0.02347512404319121
9.473167630057804e-05,0.001288969054869704
9.475167630057803e-05,-0.00240872344318388
9.477167630057803e-05,0.004986661552923288
9.479167630057803e-05,0.004986661552923288
9.481167630057804e-05,0.004986661552923288
9.483167630057804e-05,0.008684354050976872
9.485167630057803e-05,0.004986661552923288
9.487167630057803e-05,0.08263820401204855
9.489167630057804e-05,3.318119139808934
9.491167630057804e-05,3.196095287373166
9.493167630057803e-05,3.273746829832291
9.495167630057803e-05,3.307026062314773
9.497167630057804e-05,3.314421447310881
9.499167630057804e-05,3.292235292322559
9.501167630057803e-05,3.292235292322559
9.503167630057803e-05,3.299630677318667
9.505167630057803e-05,3.307026062314773
9.507167630057804e-05,3.314421447310881
9.509167630057803e-05,3.299630677318667
9.511167630057803e-05,3.221979134859541
9.513167630057803e-05,0.008684354050976872
9.515167630057804e-05,0.07894051151399496
9.517167630057804e-05,0.01607973904708404
9.519167630057803e-05,0.08263820401204855
9.521167630057803e-05,3.321816832306988
9.523167630057804e-05,3.19979297987122
9.525167630057804e-05,3.295932984820613
9.527167630057803e-05,3.233072212353702
9.529167630057803e-05,0.01607973904708404
9.531167630057804e-05,0.09742897400426288
9.533167630057804e-05,0.01977743154513762
9.535167630057803e-05,0.004986661552923288
9.537167630057803e-05,-0.009804108439291047
9.539167630057803e-05,0.01607973904708404
9.541167630057804e-05,0.04196358653345913
9.543167630057803e-05,0.02717281654124479
9.545167630057803e-05,0.008684354050976872
9.547167630057803e-05,0.01238204654903046
9.549167630057804e-05,0.01238204654903046
9.551167630057804e-05,0.09742897400426288
9.553167630057803e-05,3.325514524805041
9.555167630057803e-05,3.218281442361488
9.557167630057804e-05,3.281142214828399
9.559167630057804e-05,3.214583749863434
9.561167630057803e-05,0.004986661552923288
9.563167630057803e-05,0.09003358900815572
9.565167630057804e-05,0.03087050903929837
9.567167630057804e-05,0.09003358900815572
9.569167630057803e-05,3.321816832306988
9.571167630057803e-05,3.214583749863434
9.573167630057804e-05,3.299630677318667
9.575167630057804e-05,3.329212217303095
9.577167630057803e-05,3.325514524805041
9.579167630057803e-05,3.310723754812827
9.581167630057803e-05,3.307026062314773
9.583167630057804e-05,3.221979134859541
9.585167630057803e-05,0.01238204654903046
9.587167630057803e-05,0.1159174364945308
9.589167630057803e-05,0.03826589403540554
9.591167630057804e-05,0.008684354050976872
9.593167630057804e-05,-0.01350180093734463
9.595167630057803e-05,0.008684354050976872
9.597167630057803e-05,0.01977743154513762
9.599167630057804e-05,0.01607973904708404
9.601167630057804e-05,0.004986661552923288
9.603167630057803e-05,0.004986661552923288
9.605167630057803e-05,0.008684354050976872
9.607167630057804e-05,0.0937312815062093
9.609167630057804e-05,3.325514524805041
9.611167630057803e-05,3.207188364867327
9.613167630057803e-05,3.288537599824505
9.615167630057803e-05,3.299630677318667
9.617167630057804e-05,3.325514524805041
9.619167630057803e-05,3.299630677318667
9.621167630057803e-05,3.295932984820613
9.623167630057803e-05,3.295932984820613
9.625167630057804e-05,3.299630677318667
9.627167630057804e-05,3.307026062314773
9.629167630057803e-05,3.314421447310881
9.631167630057803e-05,3.307026062314773
9.633167630057804e-05,3.307026062314773
9.635167630057804e-05,3.318119139808934
9.637167630057803e-05,3.314421447310881
9.639167630057803e-05,3.236769904851756
9.641167630057804e-05,0.01238204654903046
9.643167630057804e-05,0.1011266665023165
9.645167630057803e-05,0.04196358653345913
9.647167630057803e-05,0.008684354050976872
9.649167630057803e-05,0.001288969054869704
9.651167630057804e-05,0.01238204654903046
9.653167630057803e-05,0.01607973904708404
9.655167630057803e-05,0.1048243590003701
9.657167630057803e-05,3.321816832306988
9.659167630057804e-05,3.203490672369273
9.661167630057804e-05,3.277444522330345
9.663167630057803e-05,3.318119139808934
9.665167630057803e-05,3.332909909801149
9.667167630057804e-05,3.314421447310881
9.669167630057804e-05,3.292235292322559
9.671167630057803e-05,3.284839907326452
9.673167630057803e-05,3.299630677318667
9.675167630057804e-05,3.307026062314773
9.677167630057804e-05,3.318119139808934
9.679167630057803e-05,3.229374519855648
9.681167630057803e-05,0.004986661552923288
9.683167630057803e-05,0.09742897400426288
9.685167630057804e-05,0.03456820153735196
9.687167630057803e-05,0.01238204654903046
9.689167630057803e-05,0.004986661552923288
9.691167630057803e-05,0.01607973904708404
9.693167630057804e-05,0.03456820153735196
9.695167630057804e-05,0.03087050903929837
9.697167630057803e-05,0.02347512404319121
9.699167630057803e-05,0.01977743154513762
9.701167630057804e-05,0.004986661552923288
9.703167630057804e-05,0.1085220514984236
9.705167630057803e-05,3.332909909801149
9.707167630057803e-05,3.233072212353702
9.709167630057804e-05,3.307026062314773
9.711167630057804e-05,3.325514524805041
9.713167630057803e-05,3.344002987295309
9.715167630057803e-05,3.314421447310881
9.717167630057803e-05,3.321816832306988
9.719167630057804e-05,3.318119139808934
9.721167630057803e-05,3.318119139808934
9.723167630057803e-05,3.332909909801149
9.725167630057803e-05,3.321816832306988
9.727167630057804e-05,3.25156067484397
9.729167630057804e-05,0.01977743154513762
9.731167630057803e-05,0.1085220514984236
9.733167630057803e-05,0.04196358653345913
9.735167630057804e-05,0.1048243590003701
9.737167630057804e-05,3.329212217303095
9.739167630057803e-05,3.21088605736538
9.741167630057803e-05,3.307026062314773
9.743167630057804e-05,3.244165289847863
9.745167630057804e-05,0.01977743154513762
9.747167630057803e-05,0.09742897400426288
9.749167630057803e-05,0.02347512404319121
9.751167630057803e-05,-0.009804108439291047
9.753167630057804e-05,0.004986661552923288
9.755167630057803e-05,0.01977743154513762
9.757167630057803e-05,0.02347512404319121
9.759167630057803e-05,0.1011266665023165
9.761167630057804e-05,3.325514524805041
9.763167630057804e-05,3.21088605736538
9.765167630057803e-05,3.299630677318667
9.767167630057803e-05,3.318119139808934
9.769167630057804e-05,3.347700679793363
9.771167630057804e-05,3.318119139808934
9.773167630057803e-05,3.30332836981672
9.775167630057803e-05,3.307026062314773
9.777167630057804e-05,3.314421447310881
9.779167630057804e-05,3.325514524805041
9.781167630057803e-05,3.336607602299202
9.783167630057803e-05,3.336607602299202
9.785167630057804e-05,3.336607602299202
9.787167630057804e-05,3.325514524805041
9.789167630057803e-05,3.325514524805041
9.791167630057803e-05,3.325514524805041
9.793167630057803e-05,3.325514524805041
9.795167630057804e-05,3.340305294797256
9.797167630057803e-05,3.329212217303095
9.799167630057803e-05,3.255258367342023
9.801167630057803e-05,0.03087050903929837
9.803167630057804e-05,0.1159174364945308
9.805167630057804e-05,0.06045204902372704
9.807167630057803e-05,0.123312821490638
9.809167630057803e-05,3.35509606478947
9.811167630057804e-05,3.233072212353702
9.813167630057804e-05,3.314421447310881
9.815167630057803e-05,3.35509606478947
9.817167630057803e-05,3.358793757287524
9.819167630057804e-05,3.336607602299202
9.821167630057804e-05,3.310723754812827
9.823167630057803e-05,3.321816832306988
9.825167630057803e-05,3.332909909801149
9.827167630057803e-05,3.347700679793363
9.829167630057804e-05,3.347700679793363
9.831167630057803e-05,3.332909909801149
9.833167630057803e-05,3.344002987295309
9.835167630057803e-05,3.336607602299202
9.837167630057804e-05,3.347700679793363
9.839167630057804e-05,3.336607602299202
9.841167630057803e-05,3.336607602299202
9.843167630057803e-05,3.332909909801149
9.845167630057804e-05,3.336607602299202
9.847167630057804e-05,3.329212217303095
9.849167630057803e-05,3.340305294797256
9.851167630057803e-05,3.329212217303095
9.853167630057804e-05,3.336607602299202
9.855167630057804e-05,3.255258367342023
9.857167630057803e-05,0.03826589403540554
9.859167630057803e-05,0.1270105139886916
9.861167630057803e-05,0.05675435652567346
9.863167630057804e-05,0.03826589403540554
9.865167630057803e-05,0.01977743154513762
9.867167630057803e-05,0.04196358653345913
9.869167630057803e-05,0.0493589715295663
9.871167630057804e-05,0.04196358653345913
9.873167630057804e-05,0.03087050903929837
9.875167630057803e-05,0.02717281654124479
9.877167630057803e-05,0.02717281654124479
9.879167630057804e-05,0.02717281654124479
9.881167630057804e-05,0.03456820153735196
9.883167630057803e-05,0.03826589403540554
9.885167630057803e-05,0.01977743154513762
9.887167630057804e-05,0.1011266665023165
9.889167630057804e-05,3.321816832306988
9.891167630057803e-05,3.19979297987122
9.893167630057803e-05,3.281142214828399
9.895167630057803e-05,3.314421447310881
9.897167630057804e-05,3.336607602299202
9.899167630057803e-05,3.307026062314773
9.901167630057803e-05,3.299630677318667
9.903167630057803e-05,3.221979134859541
9.905167630057804e-05,0.008684354050976872
9.907167630057804e-05,0.1011266665023165
9.909167630057803e-05,0.03456820153735196
9.911167630057803e-05,0.004986661552923288
9.913167630057804e-05,-0.009804108439291047
9.915167630057804e-05,0.004986661552923288
9.917167630057803e-05,0.01977743154513762
9.919167630057803e-05,0.0937312815062093
