Frequency (Hz),Trace 1 (dBV),Phase (deg)
0,6.046652637102622,0
6.103515625,5.737655950534943,-179.3950929773634
12.20703125,2.258199078880001,1.38685137580674
18.310546875,-7.955065169211175,-174.927703210004
24.4140625,-26.78536481514932,26.89968836548062
30.517578125,-29.01684890694248,-127.427016378032
36.62109375,-27.10830963104052,74.23770844303465
42.724609375,-25.90125090258471,-98.92301002769999
48.828125,-23.41999994640727,84.06043906537269
54.931640625,-22.07483743191963,-119.6896367452505
61.03515625,-23.10486351577087,24.1660360780193
67.138671875,-25.53392946692102,-172.1682273842503
73.2421875,-27.419555672091,-7.262956867232556
79.345703125,-28.15399398453833,157.4163943242729
85.44921875,-26.69148360240613,-41.93311838705622
91.552734375,-24.76515765622412,116.3766039346663
97.65625,-23.14498269199739,-90.70886183927009
103.759765625,-24.18544766597883,67.81587879016884
109.86328125,-27.8659623218334,-123.094806803214
115.966796875,-28.96225489405008,91.10986957379957
122.0703125,-25.92781034791165,-11.48818428826742
128.173828125,-24.07551954873239,-169.7133553390102
134.27734375,-23.63940182630194,24.23374270323723
140.380859375,-24.21249488879472,-148.0632767045765
146.484375,-26.85129641156919,30.20528242659423
152.587890625,-26.26786707648606,132.4189366809156
158.69140625,-27.03192435160018,-97.1981327915056
164.794921875,-34.93025370065175,73.2078746787262
170.8984375,-35.87193534847216,-108.6010243417089
177.001953125,-26.49954077846368,76.01869531513921
183.10546875,-23.18519009198478,-97.20283985053018
189.208984375,-23.53163206262577,86.41848509841358
195.3125,-26.50418543468773,-90.31339470030554
201.416015625,-28.08033625161325,100.6799166410843
207.51953125,-29.76848350825626,-52.18934382604174
213.623046875,-32.54103729344012,149.4069309152519
219.7265625,-32.93300569877283,-10.72346295514926
225.830078125,-36.17313540828453,-153.4456933850162
231.93359375,-46.73461666124421,21.67364502838078
238.037109375,-41.6188782147222,-161.8192469995969
244.140625,-32.97977256074595,28.35620147310398
250.244140625,-30.55348451126815,-53.36292548016542
256.34765625,-34.90396955406928,142.4103079681258
262.451171875,-30.73999997423945,-24.07507241570423
268.5546875,-28.35967271130896,162.747952553567
274.658203125,-26.96613727292474,-17.59399376071197
280.76171875,-28.13455243905166,159.1309570643454
286.865234375,-31.37495330856207,-30.34858297127882
292.96875,-32.69850009117535,134.7412924130306
299.072265625,-31.21200524425115,-66.51185212616106
305.17578125,-31.24284041393184,91.16006342402193
311.279296875,-32.99578805868502,-115.5373087641787
317.3828125,-32.5228360730588,29.01571920241191
323.486328125,-32.36269273499183,-169.3407630071349
329.58984375,-35.88615605732,-32.12446740805487
335.693359375,-50.55586968080416,30.44931472615987
341.796875,-32.8477350869086,-164.9228425927883
347.900390625,-31.06310113629414,46.9824966673012
354.00390625,-31.91305845510402,-5.708505049542913
360.107421875,-37.26719204450297,-162.9497751069329
366.2109375,-39.68339281528469,20.06252310646748
372.314453125,-33.63625586922108,-159.34325984779
378.41796875,-28.82757588207955,7.186397511394541
384.521484375,-26.81677466520273,78.6869606971989
390.625,-26.97260653947895,-141.251418020578
396.728515625,-27.90125570049341,17.69343272728031
402.83203125,-30.97553889322886,178.9926675598242
408.935546875,-33.80938058313563,-36.90210983206612
415.0390625,-35.4201009231641,113.4560341170595
421.142578125,-42.48645913444997,-84.39247448582603
427.24609375,-41.82358648382434,85.28884492600821
433.349609375,-36.72963541317259,-90.20379811898786
439.453125,-35.79163600763709,96.03211085001412
445.556640625,-35.59201757097537,-97.59150761165682
451.66015625,-31.48214712950157,56.11964733034391
457.763671875,-28.81291818055291,-125.0058652759169
463.8671875,-30.72786315670626,63.4571945438292
469.970703125,-34.97564965884705,-114.329733476618
476.07421875,-31.38649326681722,56.1304929241446
482.177734375,-29.52586116945289,-143.0245864845846
488.28125,-29.52347719580521,-41.0088772200999
494.384765625,-28.32698890081894,136.5194583993185
500.48828125,-30.60881907086098,33.29150555525646
506.591796875,-42.37964495038656,-67.68891334411269
512.6953125,-40.93237596750701,97.16277084947204
518.798828125,-31.13163410918508,-99.47378862909261
524.90234375,-29.61445045748311,82.53631755018425
531.005859375,-35.60236299635081,-82.30968306088864
537.109375,-43.0464527142623,143.7971859278217
543.212890625,-35.88518112575193,1.266704793891145
549.31640625,-35.40842171790677,-178.2245528869946
555.419921875,-37.03801550353116,12.84075707822927
561.5234375,-31.28924460011876,-126.5008207368488
567.626953125,-31.78953776401342,76.81491715294747
573.73046875,-34.06694390344698,-85.81996760622451
579.833984375,-44.22806975669091,107.2715029250414
585.9375,-33.99807334918627,-60.13836238768467
592.041015625,-29.4503892087025,178.7946563426539
598.14453125,-25.64405031180299,115.0108037512771
604.248046875,-24.18722885323719,-38.47337267471068
610.3515625,-26.27274650713658,149.0689506756298
616.455078125,-31.16076444311926,-24.00861397333405
622.55859375,-34.87933517491464,150.6220906500078
628.662109375,-25.99098766647074,-44.9253150696998
634.765625,-22.62608657186119,135.6582056480747
640.869140625,-21.46378725393843,-40.59619740381369
646.97265625,-21.78498240762047,107.031928037957
653.076171875,-24.79527247429075,-30.38398767437923
659.1796875,-31.72852983566933,-176.9971877429352
665.283203125,-39.72524519861887,10.24407855742454
671.38671875,-51.15430288801733,-170.0653787210402
677.490234375,-30.42460109802929,16.61535823132964
683.59375,-24.60995507188661,-156.8474874281239
689.697265625,-21.62177417298418,26.90237213486399
695.80078125,-21.5514241637411,-120.4132509630952
701.904296875,-23.41520464356616,96.81337037566101
708.0078125,-25.3457325427857,-60.55669940823304
714.111328125,-29.52927872848398,148.1538269763589
720.21484375,-36.44740801400796,-24.68239423811652
726.318359375,-43.26562719347126,136.4546139437839
732.421875,-32.7318543746646,-66.85751717499517
738.525390625,-31.26222100678316,97.44314915040505
744.62890625,-34.67094585669755,-96.14638463745055
750.732421875,-31.43047682831983,61.7157767003465
756.8359375,-28.34172451363051,-160.3633588007869
762.939453125,-25.18662591636052,13.54520982313603
769.04296875,-24.71855941810604,-172.9312124975764
775.146484375,-26.68474218343272,-38.2106385581454
781.25,-28.89967163338859,119.4216219638539
787.353515625,-31.49128586299557,-75.47537349799209
793.45703125,-29.19207642509767,94.57768688206673
799.560546875,-31.56542078912331,-87.95333641476815
805.6640625,-39.57073146581487,84.39403262246324
811.767578125,-31.13337669063218,-106.3983456136127
817.87109375,-26.87304156834841,68.30441346776658
823.974609375,-25.17299654272453,-119.7747447935551
830.078125,-25.93927091177097,56.5860715344047
836.181640625,-27.96293072296248,-115.6233213583892
842.28515625,-29.29782727445682,63.9039177080589
848.388671875,-28.21720720420783,49.50278533208635
854.4921875,-27.83272091116281,12.86635875689805
860.595703125,-27.1739366260217,176.3409612086163
866.69921875,-27.70157346443166,-27.91081009734655
872.802734375,-30.27140087916915,144.764755291084
878.90625,-34.23894869262288,-29.86836388045056
885.009765625,-36.81524435946268,148.5858290887237
891.11328125,-33.63529657762881,-33.31672308144859
897.216796875,-30.5147614451592,-50.68692392418119
903.3203125,-27.32627543525142,169.536912427599
909.423828125,-24.93941061026639,4.352924931432002
915.52734375,-22.60419417385638,-172.4264771420495
921.630859375,-21.39757197196683,15.64935091211164
927.734375,-20.37193876027142,-149.1467230836027
933.837890625,-19.64915214067706,56.62442542756157
939.94140625,-20.01079720983449,-119.6105266822202
946.044921875,-22.02050402775411,32.89565994332585
952.1484375,-26.32212642236476,176.3426218721064
958.251953125,-35.491532118108,131.3140076253656
964.35546875,-34.13696696266116,-51.37948049154587
970.458984375,-27.14813938455702,152.6649104412687
976.5625,-26.85629181549737,15.79066119412167
982.666015625,-27.55523715682702,-90.063617012226
988.76953125,-29.00500634184506,97.21964868677587
994.873046875,-32.48889775868371,-108.5101743153638
1000.9765625,-33.69834287246813,1.555265386875254
1007.080078125,-34.03285368707835,156.062427207063
1013.18359375,-36.23454464415612,-37.4176040025495
1019.287109375,-41.63812496127864,122.7833607623338
1025.390625,-42.85610127124212,-82.23957172502479
1031.494140625,-39.09718472978584,71.46205097985445
1037.59765625,-35.49813103822844,-130.1652070290748
1043.701171875,-41.03069768280954,45.00385385994217
1049.8046875,-34.01192497273095,-130.1987075072286
1055.908203125,-31.87308786290112,42.62278681805529
1062.01171875,-34.14905041471813,-158.7682088680506
1068.115234375,-33.46957953908883,36.35994720739063
1074.21875,-27.37479929190406,-135.530661702231
1080.322265625,-24.83341825959231,41.16938612273974
1086.42578125,-25.54843853518685,-137.4362884716631
1092.529296875,-31.6281022925795,54.86633564826507
1098.6328125,-35.09462519985164,-120.8943813340492
1104.736328125,-31.86150346799607,46.773603668833
1110.83984375,-31.01840363364626,-108.5616791404811
1116.943359375,-31.89829597304817,100.3318179051384
1123.046875,-36.06235070597403,-110.4914574586043
1129.150390625,-34.14917970383937,31.1437020574866
1135.25390625,-32.36276994033678,-158.1863771372199
1141.357421875,-32.07586798192737,20.88260383149357
1147.4609375,-30.38452355749538,-157.4672536365014
1153.564453125,-30.52336077390814,61.52287082278512
1159.66796875,-30.3432366587243,-15.74941836548132
1165.771484375,-27.73940959790045,-159.9464547705988
1171.875,-25.69891185697029,28.61262317847564
1177.978515625,-27.1626340808501,-152.0969832029606
1184.08203125,-30.03042386171011,-60.23430157972763
1190.185546875,-31.50569582102001,41.40157937729079
1196.2890625,-30.9425450114481,-147.1865973027915
1202.392578125,-28.35692756836218,10.6347251496875
1208.49609375,-27.79928070702967,152.8105373332239
1214.599609375,-27.74314774268046,-44.0675632014798
1220.703125,-28.75298031173723,116.5771816097632
1226.806640625,-29.49528304608197,-93.42948303279384
1232.91015625,-32.16874813770156,30.03330643682403
1239.013671875,-41.44397593830281,177.7016872747631
1245.1171875,-34.99906403608905,-14.35661160173098
1251.220703125,-31.32529334994841,167.6984616326655
1257.32421875,-26.45271053553021,7.604920659281368
1263.427734375,-26.49892216864873,-160.034149851476
1269.53125,-29.93183616163267,28.84445242709528
1275.634765625,-38.10848582486683,-141.6919243047643
1281.73828125,-35.49238993144046,44.09535564977995
1287.841796875,-28.46944339382489,-128.7694873084029
1293.9453125,-29.74956029233617,84.75585713548462
1300.048828125,-35.73091195373188,12.22042904189423
1306.15234375,-40.8523568772486,-140.4379993846132
1312.255859375,-40.7602714099481,55.11602815321443
1318.359375,-31.53739488555555,-100.6768811330243
1324.462890625,-27.70222589664936,106.570575134696
1330.56640625,-25.73617141373042,-21.55069491108802
1336.669921875,-26.06570254466287,-159.9149919595168
1342.7734375,-26.11862608950361,47.05051331807068
1348.876953125,-24.05478459435,-55.19734562478433
1354.98046875,-22.29766900998538,159.7594041090495
1361.083984375,-22.36608072258482,-9.333147664248578
1367.1875,-25.15530862082777,163.5433976070739
1373.291015625,-28.24319522282068,-44.57291685168581
1379.39453125,-29.66181706564508,97.16138164015088
1385.498046875,-30.04130188743719,-106.4357392683033
1391.6015625,-29.35298828409318,62.49984355539033
1397.705078125,-29.02928778073917,-117.6649848740683
1403.80859375,-28.74539911717203,75.62791663194469
1409.912109375,-28.40064432831566,-86.31332217735986
1416.015625,-28.60117410570648,109.1479564132886
1422.119140625,-31.14287017664363,-64.26551881903742
1428.22265625,-35.28997626806814,125.3052626257584
1434.326171875,-41.13548345349572,113.7081569799755
1440.4296875,-36.53577410440964,-58.66720203037794
1446.533203125,-42.33483468008119,131.0016008268692
1452.63671875,-36.62023641261546,-49.25357509163501
1458.740234375,-30.9674675893234,123.3976811848898
1464.84375,-28.78584311895396,-51.33868169484765
1470.947265625,-31.2349731638907,139.3576821434594
1477.05078125,-32.77565433238625,-36.50438376734071
1483.154296875,-35.236851186961,144.2454569547355
1489.2578125,-35.25395004448571,-26.43149496372714
1495.361328125,-31.74638692735777,175.3604399108251
1501.46484375,-31.65214819015909,-46.3226596890494
1507.568359375,-32.16048883504218,113.725616004352
1513.671875,-33.35147160428388,-28.84786971526027
1519.775390625,-33.12722892531019,145.1448411376596
1525.87890625,-33.08761084869317,-46.39497511283909
1531.982421875,-31.85203126523347,114.9771497015817
1538.0859375,-28.89201256370237,-88.50493187516223
1544.189453125,-31.57214761021469,61.85728846677438
1550.29296875,-38.20820391954707,-143.8015504441215
1556.396484375,-38.61652050734823,15.69214379524169
1562.5,-35.71237242999351,-178.8315055931202
1568.603515625,-32.68087718325415,-4.801742303891007
1574.70703125,-31.28369794643268,166.173963313445
1580.810546875,-30.78297642959647,-20.6725875842119
1586.9140625,-34.87837525779505,163.9228096819979
1593.017578125,-36.81124203591425,-23.5213265978361
1599.12109375,-28.00967486525062,161.8382980896191
1605.224609375,-25.68801500676475,13.82728242752064
1611.328125,-24.08615723564872,-153.8601701434291
1617.431640625,-22.25269384677894,11.63108611218712
1623.53515625,-22.82491241113611,137.6826268610069
1629.638671875,-25.7947808521398,-101.0997632749632
1635.7421875,-32.50657596362949,64.46672481608309
1641.845703125,-33.61606633076266,-119.078255343585
1647.94921875,-29.47280634837262,55.95614417773338
1654.052734375,-31.48187490827708,-107.1372861870747
1660.15625,-31.24648601470922,106.7292689216792
1666.259765625,-27.67978198811882,-70.78281674311573
1672.36328125,-24.94687824982739,87.32185945632276
1678.466796875,-25.74467025289132,-114.2070609239278
1684.5703125,-28.73042085641112,35.9486000584142
1690.673828125,-35.27539099250784,-171.1062323541774
1696.77734375,-43.85462492971513,2.824926514849524
1702.880859375,-31.6262291721708,-174.045499323705
1708.984375,-28.48706295045445,-0.7533356960980976
1715.087890625,-27.43825027917244,-177.3607550794721
1721.19140625,-26.61004848695667,8.0833833278658
1727.294921875,-26.61758998945025,-177.6246037118712
1733.3984375,-27.71191041302021,164.8448444281116
1739.501953125,-31.8073908754866,-16.53954877965807
1745.60546875,-35.93550392969049,168.0763812236067
1751.708984375,-43.72981240232246,3.030738571151016
1757.8125,-41.1758557219391,-148.0326091263282
1763.916015625,-33.95845732034262,91.6732487130089
1770.01953125,-30.43068761183963,-52.19441149822897
1776.123046875,-27.4644321526789,149.8373115899883
1782.2265625,-26.04118286480493,-19.37841845385669
1788.330078125,-25.79351447755849,161.0639531728359
1794.43359375,-25.43111130880229,-21.36686121458597
1800.537109375,-26.310149235601,160.015963397935
1806.640625,-27.91841195224176,-2.931729504595024
1812.744140625,-29.50190827021959,-149.6403297177814
1818.84765625,-31.91623578383527,42.96273462633113
1824.951171875,-30.87640375247337,-142.1915204527003
1831.0546875,-28.48382200248162,32.56398327146351
1837.158203125,-26.61056850749926,-140.130365304424
1843.26171875,-24.42526070179327,65.76082712309879
1849.365234375,-23.95728576771628,-97.66042863276144
1855.46875,-26.08026323594688,97.43901058235984
1861.572265625,-27.70931267690362,-71.13180209460937
1867.67578125,-30.4959409175901,126.4341999860408
1873.779296875,-34.92411314691998,101.0544941423026
1879.8828125,-35.50958883098133,-70.08722247764092
1885.986328125,-32.47689745613659,130.7480165626442
1892.08984375,-29.53921559867342,-34.62530260389544
1898.193359375,-26.09735432297875,165.6801697171668
1904.296875,-25.26302522156087,18.39204919518711
1910.400390625,-25.63610243684371,-148.4471855334897
1916.50390625,-28.98081564681015,39.80411961246838
1922.607421875,-28.86273632395578,152.1334576365828
1928.7109375,-26.59784147206354,-42.53420400490296
1934.814453125,-25.50184333179568,140.0803470118772
1940.91796875,-26.32825728758558,-43.53428092650516
1947.021484375,-32.17169700974026,122.4092624936448
1953.125,-40.06931543351488,-58.40111101824412
1959.228515625,-40.91168087414107,-156.6951957071508
1965.33203125,-33.17530361944356,84.31532750091603
1971.435546875,-29.70119697534507,-97.36389530967126
1977.5390625,-27.64338108235004,78.20535009545146
1983.642578125,-25.23900369041579,-99.92375428613994
1989.74609375,-25.50540371687804,129.8717381586811
1995.849609375,-30.30176784769235,18.16773170529353
2001.953125,-34.76008047676248,-145.3158340459263
2008.056640625,-31.34396695571617,37.44545487515401
2014.16015625,-30.7744757640823,-153.8314321513559
2020.263671875,-33.28471973604483,20.23177140366348
2026.3671875,-35.98888455642547,-168.620075341148
2032.470703125,-35.16694831631349,-106.5406523221838
2038.57421875,-33.93330112129169,16.03156916833131
2044.677734375,-32.80605867936791,-166.8238524090316
2050.78125,-31.1305026461406,21.45149858736965
2056.884765625,-29.3336962770571,-151.5151483440033
2062.98828125,-26.94631973548448,33.31973634425704
2069.091796875,-27.25992936762042,-134.7021840397144
2075.1953125,-29.86857178146854,72.61146113146918
2081.298828125,-35.61413938844727,-102.5671656738124
2087.40234375,-42.10382416044812,-72.27019376965451
2093.505859375,-32.12802917686166,98.4955287754514
2099.609375,-32.06922978128308,-75.44652740136294
2105.712890625,-32.40548543587428,111.8113214514175
2111.81640625,-29.57562637075668,-51.36151382441869
2117.919921875,-28.75432706778648,178.0538349109968
2124.0234375,-27.88150077341911,9.378789774159122
2130.126953125,-29.0590166787085,-157.7277500900973
2136.23046875,-33.15813590467992,40.23127726126651
2142.333984375,-36.35771635146673,-143.082593470226
2148.4375,-38.25982305733135,21.3718943714985
2154.541015625,-37.44232376055859,-171.6078476720411
2160.64453125,-30.8726094720776,-16.96959009958428
2166.748046875,-26.25602547869449,120.3600016021738
2172.8515625,-24.59968876033185,-123.1652582098226
2178.955078125,-25.68999322142561,35.00159414245013
2185.05859375,-27.52787576724222,-154.4923584265154
2191.162109375,-30.53097557101641,20.261604523142
2197.265625,-37.60387445629679,-159.5340809017043
2203.369140625,-46.04395327659144,23.93406658801812
2209.47265625,-36.89590249731699,-155.8775131552167
2215.576171875,-30.53121865628114,24.89825909956519
2221.6796875,-28.42080489456592,-155.4080078797027
2227.783203125,-33.15691508546186,6.401882385135692
2233.88671875,-41.68654500972532,106.5389600320085
2239.990234375,-35.04053752198703,-137.8825771017696
2246.09375,-32.50575458182914,37.75843953775921
2252.197265625,-34.16640174401685,-145.5251512101465
2258.30078125,-31.00576538488734,25.97202190812634
2264.404296875,-26.20278734480107,-160.1770442265865
2270.5078125,-25.86027420858834,-4.510290253516622
2276.611328125,-26.12094891399383,39.80485469136934
2282.71484375,-27.48176672172042,-137.8287854386943
2288.818359375,-28.24175812125775,45.82106441313793
2294.921875,-29.25235739643067,-116.8244386855439
2301.025390625,-31.55311600074424,86.54764367256033
2307.12890625,-31.43737553739633,-86.26307399146209
2313.232421875,-29.6511469025897,-26.80297205745683
2319.3359375,-29.12763882399535,130.5584712575374
2325.439453125,-31.85967746905732,-68.86130994165758
2331.54296875,-34.15013533193065,96.60599987401507
2337.646484375,-36.62309047489486,-146.2721790023616
2343.75,-37.55265207990463,-104.8882963423104
2349.853515625,-38.53626251781492,58.3637254480092
2355.95703125,-37.17433115827966,-119.8515906574001
2362.060546875,-33.98483980238549,70.16124498893552
2368.1640625,-29.76871892828637,-93.0723031661345
2374.267578125,-29.2730357659166,102.6936012211911
2380.37109375,-29.8365951977034,-72.23506339130911
2386.474609375,-30.15771766096126,101.3908036607509
2392.578125,-29.29374846270419,-110.0284131592763
2398.681640625,-26.43033866886119,32.33602612557662
2404.78515625,-24.94030117128354,174.8277147157087
2410.888671875,-25.30963836338227,-38.26626789407491
2416.9921875,-26.71898375166976,106.1475531361271
2423.095703125,-34.50625791055526,-95.44776526494826
2429.19921875,-34.08200735197924,76.24904013193898
2435.302734375,-27.22743721720922,-105.4808431362531
2441.40625,-24.78720906800724,74.53338995493139
2447.509765625,-23.77637473625472,-113.9317990012024
2453.61328125,-25.2084546733501,-15.29985262728879
2459.716796875,-27.47558563992754,98.04591282756893
2465.8203125,-28.42437743857077,-100.1980033941899
2471.923828125,-29.72934632598166,48.53445746680867
2478.02734375,-29.09619241156676,-148.0329819405934
2484.130859375,-28.28625919901074,45.82657111644623
2490.234375,-27.432942806716,-57.38254899401993
2496.337890625,-26.14111763623243,169.9430670247762
2502.44140625,-26.61561743118968,0.9386634668959569
2508.544921875,-27.53643060643084,-168.6539958086966
2514.6484375,-26.28885385602987,35.95578515839154
2520.751953125,-26.0987358931053,-109.7527667897417
2526.85546875,-29.37269782325178,99.5465371724989
2532.958984375,-36.36480096247152,-52.32475070903202
2539.0625,-35.00036215797039,143.77997712764
2545.166015625,-28.7323892130981,-36.38956978921772
2551.26953125,-26.16918751165258,113.4628147744969
2557.373046875,-25.2167773288154,-75.78465545031331
2563.4765625,-24.47132360482749,157.8108720033919
2569.580078125,-23.81940240876084,7.636840290235984
2575.68359375,-24.51207128691301,-166.5390658518808
2581.787109375,-26.72266469490242,10.6624431073889
2587.890625,-31.01060413981573,-168.5235314259904
2593.994140625,-33.52336412623569,26.13478807431751
2600.09765625,-32.86643033657088,-144.4400789564413
2606.201171875,-33.84924409478482,33.08413193442853
2612.3046875,-35.73227189950388,179.7454860329789
2618.408203125,-37.58755488832088,-11.66228137779818
2624.51171875,-36.02451883466544,166.5894540933483
2630.615234375,-32.37060482507197,5.970439733775959
2636.71875,-28.35511295710571,-157.7294912316497
2642.822265625,-28.33251239122847,28.42709479523795
2648.92578125,-33.31380830854587,168.2592723367957
2655.029296875,-48.29627715157131,-120.7454291761278
2661.1328125,-29.80994895181124,47.30237543440475
2667.236328125,-25.68176890336739,-125.744810952443
2673.33984375,-24.86883605391338,65.91355824245431
2679.443359375,-26.19071523621807,-156.4653816331477
2685.546875,-28.24161155110207,-81.18943120616383
2691.650390625,-29.05761346537264,91.42147394244802
2697.75390625,-30.1067337828511,-96.18519251140084
2703.857421875,-31.05903053401498,75.4315703928587
2709.9609375,-32.07615036192022,-120.2079718336777
2716.064453125,-29.3382534449323,29.45511604121095
2722.16796875,-25.53060536895345,-161.6871267575467
2728.271484375,-23.8692366877169,46.66934399061174
2734.375,-23.71492217434911,-109.1336909052906
2740.478515625,-27.58140813237787,67.92709844197958
2746.58203125,-38.92661208214985,-115.4105231971147
2752.685546875,-35.06933156031722,45.74136611412686
2758.7890625,-33.8834422475686,-158.2947989216548
2764.892578125,-34.71825168636529,2.97900517454002
2770.99609375,-39.79841574144311,170.4267226415711
2777.099609375,-38.63894653762694,-22.78735776365692
2783.203125,-42.5070627091581,138.54890320506
2789.306640625,-35.21597458299968,-86.34629296869376
2795.41015625,-34.28448446574395,81.00502961338469
2801.513671875,-38.66142182546534,-92.13905762910387
2807.6171875,-50.44977507695226,91.53237285942001
2813.720703125,-33.38708535821346,-90.65078385538875
2819.82421875,-28.35858226006944,84.04885504866392
2825.927734375,-25.6564241700581,-98.70535501625658
2832.03125,-24.75099554285154,73.55341402779287
2838.134765625,-24.31596568273747,-113.4184260810732
2844.23828125,-25.80885205406785,77.01980640958429
2850.341796875,-32.55434979848562,-112.6807459963526
2856.4453125,-43.72223289878345,24.38645985503159
2862.548828125,-29.552453120465,149.9796945682868
2868.65234375,-25.28520188529985,-109.5995800437988
2874.755859375,-25.20998541862353,52.19258525909425
2880.859375,-25.40084466155089,-146.3025073607324
2886.962890625,-26.3357781172135,-5.229812468092427
2893.06640625,-30.48752215542462,147.9763026639328
2899.169921875,-36.80943860119333,-50.44118679625183
2905.2734375,-32.06661385308992,128.7846406255806
2911.376953125,-29.25780695762158,-37.81710512558428
2917.48046875,-31.20868602620948,-170.4841831742222
2923.583984375,-39.6870724384553,85.80234628894111
2929.6875,-40.56078284622374,-109.1145922942943
2935.791015625,-34.04115020174488,68.41154068401356
2941.89453125,-33.79732048646305,-116.4584243873346
2947.998046875,-31.36223892233145,49.99808965588512
2954.1015625,-31.96707566302474,-157.2369866688909
2960.205078125,-32.47967268901046,-15.2896010414366
2966.30859375,-30.65799193596101,127.4380954587354
2972.412109375,-32.96604496891312,-38.40062085278282
2978.515625,-38.7718763748935,150.6691366484826
2984.619140625,-39.21030924725646,-32.75941101980917
2990.72265625,-44.61359655848803,144.9550063262151
2996.826171875,-58.2747468957856,-33.10151728815002
3002.9296875,-36.83333927225665,153.0490021298529
3009.033203125,-29.08910824471491,-18.1092311903252
3015.13671875,-26.36023394319953,164.0400106809454
3021.240234375,-24.95132202801382,-19.59290606611261
3027.34375,-26.17975309048538,155.4128867301521
3033.447265625,-33.86853287672663,-36.20623894607061
3039.55078125,-37.27552806822493,123.4694866900716
3045.654296875,-31.05178561976875,-77.02692810367184
3051.7578125,-28.58574038739833,62.7311725543046
3057.861328125,-30.57575991415642,-159.5523093937584
3063.96484375,-32.58835417787836,5.873039228641082
3070.068359375,-31.7966090870368,174.9338925031348
3076.171875,-30.89102647630276,-13.89403509160121
3082.275390625,-34.53014685069243,-44.05447749605383
3088.37890625,-37.26089469027634,120.6876274997968
3094.482421875,-32.15477946723922,-72.58853229817292
3100.5859375,-32.54418208954896,89.26531550444147
3106.689453125,-31.37627033526892,-110.6993806527847
3112.79296875,-27.44155234136075,51.22345389159868
3118.896484375,-26.36173414420485,-156.4078062774152
3125,-27.794451413331,3.116417960400936
3131.103515625,-31.01735715604764,-177.8500938028671
3137.20703125,-33.02329078114015,6.361847407761529
3143.310546875,-33.18376219066436,-161.8150054323767
3149.4140625,-40.55042377854208,13.73113582450224
3155.517578125,-38.10042733693152,142.9354545316944
3161.62109375,-33.61179061082618,-101.7714784922336
3167.724609375,-33.07497902276824,37.01409850926388
3173.828125,-30.38459322331673,-156.4185164289133
3179.931640625,-30.82254994300094,-11.99819642321256
3186.03515625,-29.9500101518747,128.5819184948863
3192.138671875,-30.57881311470762,-48.5198905743845
3198.2421875,-31.50799278885601,126.7685560254235
3204.345703125,-31.672972258946,-62.23871268340694
3210.44921875,-32.16741519572507,121.0532775282868
3216.552734375,-30.43975988079566,-47.40628337582186
3222.65625,-29.24338038207252,155.3847313655331
3228.759765625,-30.72967581326486,24.25290180363619
3234.86328125,-32.40536698855785,-147.4616321546231
3240.966796875,-39.20378492965956,19.98472192086479
3247.0703125,-36.66310551499626,79.84720721080771
3253.173828125,-29.7337418069338,-111.7187249167494
3259.27734375,-29.8791599237227,68.47280509351089
3265.380859375,-32.93361197736153,-111.7485709339169
3271.484375,-39.49674504816396,66.03041996080186
3277.587890625,-39.349571342846,-118.2689049661238
3283.69140625,-29.43857937485486,49.10448794522812
3289.794921875,-30.07837940578496,96.7323538523637
3295.8984375,-37.87145323335464,-75.1696734368285
3302.001953125,-43.62102692914657,92.34543295367422
3308.10546875,-32.26505754479371,127.984205218259
3314.208984375,-29.02309417471548,-76.10156177970786
3320.3125,-27.11427531836042,96.88949477455297
3326.416015625,-27.56981601753083,-79.11080794636383
3332.51953125,-31.50634360020135,100.9224633103625
3338.623046875,-36.9128886419301,-92.00184781169327
3344.7265625,-43.23333564919565,55.01141053536877
3350.830078125,-39.38410818713692,-178.4470964781586
3356.93359375,-35.68663695244499,9.337864272447231
3363.037109375,-36.61613582920803,-169.0647436730076
3369.140625,-34.65855827746393,2.255113799469626
3375.244140625,-33.81547564327753,-174.8503274729186
3381.34765625,-33.45016013820695,4.652610116579904
3387.451171875,-31.7696220691055,168.0106962152086
3393.5546875,-29.68305180744284,-31.3234692365935
3399.658203125,-30.04703106753587,122.3380417083993
3405.76171875,-35.19519798255865,-80.69860616886123
3411.865234375,-36.26121845748968,94.22360815161991
3417.96875,-28.69659430802868,-65.60235200191909
3424.072265625,-25.45193308840548,144.5813329068783
3430.17578125,-26.02313745917828,-33.43085045084874
3436.279296875,-28.53569759578711,145.1633736782651
3442.3828125,-31.21818566790116,-31.67249156882976
3448.486328125,-32.71203061810886,146.4562545130377
3454.58984375,-31.37563106312004,-31.9190851914337
3460.693359375,-27.30514122435108,156.2756178148643
3466.796875,-25.32173563229939,-26.58698024080235
3472.900390625,-25.38793530127233,141.2800630838627
3479.00390625,-25.08537195511494,-44.04805760287505
3485.107421875,-26.87553182581498,89.8538295095845
3491.2109375,-31.20597641959386,-103.7382383221711
3497.314453125,-32.39108144358482,94.38873218060718
3503.41796875,-31.6618469308477,-74.02697156635904
3509.521484375,-30.30495315795165,123.390930164443
3515.625,-27.790300071508,-32.67812887345352
3521.728515625,-26.0596227187287,-173.3448551030084
3527.83203125,-24.32619232529749,42.84445566201191
3533.935546875,-24.32382969050274,-114.1749928258922
3540.0390625,-28.09034343463235,76.49467436620228
3546.142578125,-30.42177825539543,-103.3182841214219
3552.24609375,-29.34010382558222,91.57383808875318
3558.349609375,-30.3668328432647,-65.13010877996147
3564.453125,-28.93839066398711,130.1401352681933
3570.556640625,-26.35001870560406,-20.31774111801931
3576.66015625,-26.96951504670887,-163.0713221671148
3582.763671875,-32.26114623356308,80.2234452884783
3588.8671875,-36.09390826827202,-73.52157780988986
3594.970703125,-33.28861248195735,108.0870304730943
3601.07421875,-29.75591039067425,-84.59779387969725
3607.177734375,-26.11262040722895,101.6340259337391
3613.28125,-24.96081665036169,-51.56677675122006
3619.384765625,-26.12087861075523,-57.69563894265553
3625.48828125,-28.43814892960237,120.6043247630374
3631.591796875,-32.76281969630116,-67.82348161880398
3637.6953125,-38.03990647377888,128.9289850550022
3643.798828125,-35.04062132862983,-39.87099493594948
3649.90234375,-35.02433341524858,-8.212724320476701
3656.005859375,-40.86974934596551,153.4415982246495
3662.109375,-43.02708725959463,129.2036478808913
3668.212890625,-38.16741717693969,-20.66343085333393
3674.31640625,-31.03761575906582,-179.6483837150573
3680.419921875,-29.39988706325768,13.71786936515711
3686.5234375,-29.77087308137186,-146.9751444105055
3692.626953125,-36.10737367241457,55.81171622887189
3698.73046875,-40.11534848299731,-124.4523364585862
3704.833984375,-28.95944604113312,8.115990177358144
3710.9375,-24.40432593107537,109.5555096239821
3717.041015625,-23.63155364981722,-87.6660371179718
3723.14453125,-25.68466795115991,79.61940357886529
3729.248046875,-28.21791197979489,-111.5866496156435
3735.3515625,-29.27342086689641,67.45082171785944
3741.455078125,-29.75774026053233,-104.2668153277823
3747.55859375,-30.71409930060197,98.91680029585289
3753.662109375,-31.99889223001738,-23.38899209113233
3759.765625,-32.90928526712223,-174.1580266995078
3765.869140625,-34.42194924768146,24.02657604211099
3771.97265625,-31.67765878613938,-115.6387047851455
3778.076171875,-27.3706668919712,138.6681029985461
3784.1796875,-24.5940490429015,-23.39528424981031
3790.283203125,-24.43215243592978,162.3937643304961
3796.38671875,-28.30696129763842,48.31275541524717
3802.490234375,-30.61726267370538,-81.41324056330434
3808.59375,-25.19480162646782,109.9853206913737
3814.697265625,-23.25937415468159,-58.1462204590883
3820.80078125,-22.87677741468427,129.9952124489117
3826.904296875,-22.24573137166974,-34.73770409125613
3833.0078125,-21.9531972583042,-158.8294325590284
3839.111328125,-23.74187491511233,22.28270320608178
3845.21484375,-28.51234096554894,161.8856948173747
3851.318359375,-37.62537470666489,10.51127344256613
3857.421875,-33.75405023013872,-154.0541821439546
3863.525390625,-32.59992527402186,23.01293502035031
3869.62890625,-31.67247397324573,-139.4600847095487
3875.732421875,-28.66023059387835,94.39353839267226
3881.8359375,-28.45142712465565,-35.51696005316052
3887.939453125,-28.69465753992564,137.5237001640488
3894.04296875,-29.58891367256792,-111.7847222469925
3900.146484375,-35.22816167131095,30.72930509865796
3906.25,-31.20656316735918,141.3507141461199
3912.353515625,-28.98380294524319,-80.35849261635877
3918.45703125,-29.69464084567105,73.22739523415686
3924.560546875,-29.76119816185467,-115.5851131272546
3930.6640625,-27.95218817343791,70.29819616593976
3936.767578125,-27.18174293112714,-85.92986876768201
3942.87109375,-27.91428344460812,114.6549961432545
3948.974609375,-26.44893037498395,-50.56424304393492
3955.078125,-26.41736821581437,141.9454949257702
3961.181640625,-30.32825210793268,-28.42075949928382
3967.28515625,-31.96305562519385,172.2590807263568
3973.388671875,-25.67381563899419,51.49501720669524
3979.4921875,-22.14506948430203,-96.21168187879596
3985.595703125,-20.73507145760767,86.70549779344225
3991.69921875,-21.56069061707963,-96.17024590455314
3997.802734375,-24.3682075831225,-94.06316805696193
4003.90625,-25.71970124535799,66.54612046680266
4010.009765625,-24.50577483693329,-118.280354101861
4016.11328125,-23.68089896070048,51.82720425545495
4022.216796875,-22.48510028845654,-151.8056384660911
4028.3203125,-21.03117053945987,-16.18258912805941
4034.423828125,-21.44348786486042,138.5723623453675
4040.52734375,-23.46677787952375,-44.6100435872497
4046.630859375,-25.25800449616923,135.9813716001188
4052.734375,-28.49355541301468,-34.92641982497062
4058.837890625,-31.25582948623511,148.3956227627665
4064.94140625,-29.32513838737092,-73.70705691143272
4071.044921875,-27.56935943984872,49.60569496964291
4077.1484375,-29.31600071370725,-173.5451419073362
4083.251953125,-32.3420768038081,-11.6232479747242
4089.35546875,-36.38805591356701,149.8507477276172
4095.458984375,-38.92821157319444,-40.19184175931049
4101.5625,-36.24919454692103,128.1160254328222
4107.666015625,-30.19648138437233,-85.97165150275292
4113.76953125,-27.95178202884304,64.64320726442209
4119.873046875,-25.92270541694761,-164.3815764360972
4125.9765625,-24.14722757136148,-4.621463135955278
4132.080078125,-24.91035478417779,160.2363686817717
4138.18359375,-27.22952292292205,-32.43302700077749
4144.287109375,-28.27040031505608,125.094861624056
4150.390625,-30.29953418616609,-80.60827114156008
4156.494140625,-34.88696052830753,84.4492157893883
4162.59765625,-28.69688354002986,-98.75595634572753
4168.701171875,-27.44874328137747,86.92205350868835
4174.8046875,-28.81269926270807,-79.12988306377558
4180.908203125,-31.48972132082542,111.7151054026078
4187.01171875,-30.69599910660072,-102.0591733836408
4193.115234375,-30.13004688915623,43.8682091111633
4199.21875,-30.65628661744002,-140.9603756382354
4205.322265625,-29.61723260477435,54.74396479539244
4211.42578125,-28.97531875817806,-91.42761165189046
4217.529296875,-29.9038447973689,133.9928929486263
4223.6328125,-32.12595351742069,-33.04679174922963
4229.736328125,-31.98495378483229,154.1588392850656
4235.83984375,-31.87407189357783,-8.03762654765289
4241.943359375,-31.96756434364582,-169.4409453217385
4248.046875,-28.87223126441056,43.12435007253599
4254.150390625,-28.02780943449162,-92.72913055713171
4260.25390625,-27.79904496859725,118.7504131530985
4266.357421875,-28.37437131749876,-33.94639224085524
4272.4609375,-30.9591646354893,164.3084496798353
4278.564453125,-30.29162615355313,-2.279814894669388
4284.66796875,-29.48973073148534,163.157797348144
4290.771484375,-29.73318113612756,-53.39865376313404
4296.875,-25.59180482309376,71.47126033740005
4302.978515625,-23.43664421047606,70.91172798372183
4309.08203125,-24.06215306271213,-160.7841429000964
4315.185546875,-25.03625373267246,18.7879004204303
4321.2890625,-29.32786489218996,-144.3906805680885
4327.392578125,-52.48538966626186,42.52396526990803
4333.49609375,-35.68988503027684,-108.8742700235488
4339.599609375,-32.66946335367822,117.8165186746585
4345.703125,-30.51625717206942,-45.91461043837283
4351.806640625,-26.31021428913623,139.632671848255
4357.91015625,-24.07657749290035,-51.25286023927321
4364.013671875,-22.85834664748787,67.50089646959775
4370.1171875,-23.08363329126589,-172.874430494597
4376.220703125,-28.33500826525158,-1.085675838003013
4382.32421875,-37.59442033885583,175.8365625588623
4388.427734375,-28.37152685808105,-6.00466118064006
4394.53125,-28.70453975609149,150.8938052195621
4400.634765625,-35.95843425224336,-87.95110554084341
4406.73828125,-32.24247689608332,96.05425081157884
4412.841796875,-25.66548159704867,-74.54971580363703
4418.9453125,-24.83496968140884,101.5516711732292
4425.048828125,-27.06763233572281,-74.47575089304394
4431.15234375,-27.78186887746211,-139.0113365108029
4437.255859375,-27.63989579097092,83.49349951396191
4443.359375,-31.66420490687478,-101.1534230531497
4449.462890625,-37.64090321785972,42.161902273917
4455.56640625,-33.61868609225191,-170.0642595103857
4461.669921875,-33.71545080754042,-15.43085140781058
4467.7734375,-35.93520497659161,160.8581872760715
4473.876953125,-49.34824702806466,-3.205172872250959
4479.98046875,-43.97129741789293,-165.9415837195029
4486.083984375,-31.42275253205061,31.58724144595238
4492.1875,-27.87311024539948,-129.780260273188
4498.291015625,-28.91359123717737,65.21934911676955
4504.39453125,-29.35249747912881,-87.19002906254504
4510.498046875,-32.04715054250259,156.3364421097968
4516.6015625,-37.25408307130955,26.46036409441678
4522.705078125,-42.91513732949794,-130.1200839742561
4528.80859375,-34.12023706032112,53.83619836406007
4534.912109375,-28.85235374872097,-140.6132840626017
4541.015625,-26.82604835622992,29.41990931012369
4547.119140625,-27.32388609838289,-150.3476023397669
4553.22265625,-30.4799657589199,34.2252122099477
4559.326171875,-39.77552956191969,-121.9150873841081
4565.4296875,-35.10553899320087,103.5222863445192
4571.533203125,-31.45905251812667,-49.09896004937895
4577.63671875,-33.99092817224844,142.6332186745407
4583.740234375,-31.91752966062623,-33.00483933216096
4589.84375,-29.0562092338977,158.7006866818452
4595.947265625,-26.93718830621583,5.252590314710473
4602.05078125,-27.10722298568522,-161.0703013716991
4608.154296875,-29.86457335423506,21.48070524718516
4614.2578125,-30.29755785173759,-162.3448134724609
4620.361328125,-27.65642540944053,1.773003952688188
4626.46484375,-24.07520862562159,153.2821512853889
4632.568359375,-22.90427430781513,-90.55416010876813
4638.671875,-23.09656699031469,82.77235592621862
4644.775390625,-23.82093175246809,-89.47504680430727
4650.87890625,-24.97716420029215,66.84095937354601
4656.982421875,-26.60607555984139,-134.5089724374781
4663.0859375,-32.08569156229721,-30.82786240485453
4669.189453125,-36.75913661658699,117.3111174232525
4675.29296875,-32.10118444195381,-104.7952070816754
4681.396484375,-31.88715055944778,52.73367754094109
4687.5,-34.08077809460006,-153.3142483149464
4693.603515625,-33.59901679445471,20.47150330628533
4699.70703125,-29.91613535181432,-132.4757905028409
4705.810546875,-29.38479811716224,103.4266175394197
4711.9140625,-29.51703925973086,-43.13530033184194
4718.017578125,-31.06534658558051,146.6973113148632
4724.12109375,-32.91362780202336,-31.42420814355226
4730.224609375,-36.7784192157055,115.0985437626117
4736.328125,-33.53855729890965,-164.1619663367236
4742.431640625,-30.67074742829403,13.73701105656159
4748.53515625,-30.61688317119017,-153.7182835717994
4754.638671875,-29.17146756181812,53.83463370391648
4760.7421875,-28.25027277731649,-85.46850624300313
4766.845703125,-35.68782428100703,90.43891529475091
4772.94921875,-33.25311794550971,-112.0234430230897
4779.052734375,-28.2186180424278,54.58352856629925
4785.15625,-26.77709380174843,-176.9274763980258
4791.259765625,-27.36349625449452,-54.35162125172123
4797.36328125,-30.33726576687071,105.3937065297185
4803.466796875,-30.42136593923129,-101.8984006210532
4809.5703125,-31.90316173510286,39.098321977805
4815.673828125,-30.64486016069686,157.8597944410116
4821.77734375,-28.50745126454991,-64.36000064002471
4827.880859375,-26.76960393300277,69.14271999350385
4833.984375,-25.75688543740671,-137.0598732231074
4840.087890625,-27.0015568526332,31.72074987039618
4846.19140625,-29.51891019756658,-138.8044049159719
4852.294921875,-30.27416741270061,113.5793404732073
4858.3984375,-28.04540705620047,-23.59033922796782
4864.501953125,-28.1799771830038,175.1387594718118
4870.60546875,-33.29741478040393,41.94989628872081
4876.708984375,-37.15370520509413,-91.1538653564145
4882.8125,-31.74754013113295,86.47894412416923
4888.916015625,-28.45064857575896,-120.794372922667
4895.01953125,-28.18102340443941,40.60915536354845
4901.123046875,-34.34346739648043,-147.8600689081471
4907.2265625,-40.17786385157491,30.4188334844457
4913.330078125,-29.0788915876397,-149.9831419622478
4919.43359375,-25.12947986603809,15.19934120063721
4925.537109375,-23.55043195469783,165.5177607518952
4931.640625,-24.28541330163462,-12.06562503151316
4937.744140625,-26.22015273832115,179.4657054783008
4943.84765625,-25.28665255856133,-5.715325665680047
4949.951171875,-25.05486261742632,-122.3366657736988
4956.0546875,-24.87875108518272,135.2099025830454
4962.158203125,-22.78647974384689,-36.99938562358259
4968.26171875,-21.72984982319414,138.3106262055884
4974.365234375,-23.05314153733412,-33.79312988022539
4980.46875,-27.33157270916245,146.554577864524
4986.572265625,-40.42875529453842,-37.46411396238957
4992.67578125,-32.93480755160665,157.8640289277757
4998.779296875,-29.46335788334343,96.0409443314003
5004.8828125,-30.49110079207918,30.17698373163954
5010.986328125,-34.18672884438325,-80.0489377733964
5017.08984375,-38.24400499533817,119.9844324140916
5023.193359375,-38.24868617082684,-65.42078380991586
5029.296875,-35.29099139766822,101.1100050159962
5035.400390625,-31.76949607980609,-91.36213866833175
5041.50390625,-30.6536994199562,81.77183724142407
5047.607421875,-30.74824231146937,-94.47158597168213
5053.7109375,-33.84931135875305,100.8846212146217
5059.814453125,-41.74062266799825,-62.68516393602459
5065.91796875,-36.7059928941922,116.2677962313931
5072.021484375,-31.57522742260301,-75.24487405086721
5078.125,-31.10607699368494,68.31622814910465
5084.228515625,-30.7313939319539,-149.3795474217201
5090.33203125,-30.27200371001772,10.05135400016788
5096.435546875,-31.34904954685723,-172.9097576811251
5102.5390625,-30.97182161989581,20.29485266810433
5108.642578125,-37.09036387053069,-116.0114074629257
5114.74609375,-39.73651842577588,106.4916745582862
5120.849609375,-32.21390480348713,-61.95336512856922
5126.953125,-27.83766139764317,130.6023067329837
5133.056640625,-24.0787643367755,-38.77597842964335
5139.16015625,-22.64621829470441,137.70527879082
5145.263671875,-24.17443968350133,-42.9744718559394
5151.3671875,-27.09054063932947,-88.13133899841725
5157.470703125,-31.3806285521613,136.4291270116659
5163.57421875,-39.04239654126305,-37.95683251754362
5169.677734375,-34.82108371485729,119.8774989178979
5175.78125,-34.56032851427599,-88.2057325863825
5181.884765625,-36.09283280722253,81.61149651166846
5187.98828125,-38.21827456710058,-89.11438947193889
5194.091796875,-38.18799831339761,123.1744418164651
5200.1953125,-33.46705019497389,-51.24086484757039
5206.298828125,-28.99189388656598,114.0744614787343
5212.40234375,-28.17422707611087,-128.5340622157324
5218.505859375,-27.74635427721877,22.08475749860585
5224.609375,-26.59867342952717,-165.9748683685976
5230.712890625,-26.96875888723211,15.44640541748524
5236.81640625,-26.87546282827862,-163.8013359923898
5242.919921875,-25.5279667139089,9.73852290725387
5249.0234375,-25.33141252844159,-178.1842095631149
5255.126953125,-25.51544391748215,1.34101956613387
5261.23046875,-26.00762775580366,-167.7245141649231
5267.333984375,-26.85944333969562,33.02637256946969
5273.4375,-27.91541638304023,-112.097062798006
5279.541015625,-26.8245959551974,85.17078344664552
5285.64453125,-25.64944875126767,-76.50306317380193
5291.748046875,-26.91801609313933,147.9480974746551
5297.8515625,-27.51440777322368,13.91011807435277
5303.955078125,-24.88244758944872,-124.7917982132451
5310.05859375,-24.15568501928458,87.6984512798079
5316.162109375,-24.47160841447961,-69.46970675058279
5322.265625,-24.22588959439637,146.4182091716918
5328.369140625,-24.6730405499871,22.34549149512386
5334.47265625,-25.53104698395655,-110.6024541252403
5340.576171875,-27.52353626570943,125.520907615992
5346.6796875,-27.02938460284408,-46.17699982363487
5352.783203125,-24.25281583059515,135.8177845362673
5358.88671875,-22.76089249205183,-41.39232986574978
5364.990234375,-23.1027836476862,29.04553898907416
5371.09375,-24.87232207683488,174.2066481962321
5377.197265625,-27.24161727770736,-9.58012078125015
5383.30078125,-30.5945950359281,176.658294962393
5389.404296875,-33.38534375619054,7.740822464976972
5395.5078125,-34.52777430967124,-150.775119014715
5401.611328125,-31.93341217333533,85.6523074501644
5407.71484375,-31.33824942071244,-54.31817512463661
5413.818359375,-31.456288914626,140.2038319840114
5419.921875,-28.98210360671411,-26.86654655200944
5426.025390625,-27.96206356662316,145.296335611394
5432.12890625,-28.80654884895576,-54.49201556891943
5438.232421875,-30.25165541487086,121.3093621113273
5444.3359375,-34.21760483918866,-80.28539124521173
5450.439453125,-47.02132054404365,81.20472661792766
5456.54296875,-36.29050179473416,-96.3680959778159
5462.646484375,-32.01702812881783,90.97076390976305
5468.75,-25.79981346490021,-74.25251144168151
5474.853515625,-22.74903399488554,122.4040428715474
5480.95703125,-21.68416037279232,-31.86813741135886
5487.060546875,-21.21196399344322,163.6644107329805
5493.1640625,-22.23440868872314,-17.19558400593425
5499.267578125,-23.54396312205013,154.0498737476629
5505.37109375,-24.02529620443755,-168.7915115813611
5511.474609375,-25.50007209846718,-14.8058837545792
5517.578125,-29.4077250592503,147.8510670931594
5523.681640625,-45.88657052359946,-36.24741327281176
5529.78515625,-29.92661990877832,139.0445195823254
5535.888671875,-26.80005656532281,-45.56211769061956
5541.9921875,-27.44050069125777,140.6336549163115
5548.095703125,-28.61421757720583,-17.30505754833764
5554.19921875,-30.65902410478483,179.5293614626526
5560.302734375,-35.35566641466799,0.8119936277644558
5566.40625,-37.72817306034749,-170.0777194109819
5572.509765625,-36.71653851916152,-130.889888684907
5578.61328125,-30.18650576507407,29.53839629143722
5584.716796875,-26.85402695462104,177.9578666576527
5590.8203125,-26.048191870644,-23.24187483827677
5596.923828125,-26.16577138162761,138.6846562017788
5603.02734375,-26.77648806211522,-77.64894084312542
5609.130859375,-28.79766882582203,65.5519692769351
5615.234375,-32.81968564583732,-157.5542017712781
5621.337890625,-34.76981215745004,-16.87587475024242
5627.44140625,-37.79542850732789,141.9162591840847
5633.544921875,-37.57283169294561,-46.71720043457031
5639.6484375,-37.95615882905037,125.9382873734663
5645.751953125,-41.93145431156602,-49.09362446622739
5651.85546875,-38.46159023838596,-142.7038750541499
5657.958984375,-36.48230505606129,87.27128348705237
5664.0625,-31.88872649708748,-87.96293736218078
5670.166015625,-28.48935601430767,89.91075039365532
5676.26953125,-31.32869066862518,-90.00901038573795
5682.373046875,-37.07479033980481,99.54228411921886
5688.4765625,-28.52608900152794,-63.61170329825426
5694.580078125,-24.87530418716329,138.1348132207586
5700.68359375,-25.01145908965767,13.43167009207594
5706.787109375,-26.98647133762433,-137.4684128291483
5712.890625,-28.42622098980033,63.35896744931309
5718.994140625,-29.51805497147768,-105.182553666904
5725.09765625,-28.32461959645224,74.25093399363782
5731.201171875,-26.4451252469534,-103.6669385545308
5737.3046875,-26.4552163417147,88.22111447138134
5743.408203125,-30.27285949501962,-75.73371255557048
5749.51171875,-34.34255206612032,117.0101873142708
5755.615234375,-30.58384272913364,-44.88686067457694
5761.71875,-27.83051552595315,155.3016655497278
5767.822265625,-29.26626923579656,-2.307975160093546
5773.92578125,-38.48480999639522,-152.9236019768661
5780.029296875,-40.25470965752298,65.33784807908243
5786.1328125,-37.5064562854824,-39.36638671322549
5792.236328125,-36.42435404640086,-141.4934655231262
5798.33984375,-33.18357016575314,57.70654608555029
5804.443359375,-33.64809745468089,-109.0370746575418
5810.546875,-33.03712214503185,96.63400816278309
5816.650390625,-32.19558705184127,-64.30377287263562
5822.75390625,-37.78501596063325,136.978161731328
5828.857421875,-33.11517314640668,-12.55860812524851
5834.9609375,-30.67240568869823,-117.4737960933679
5841.064453125,-32.24037077417792,89.72698293139413
5847.16796875,-30.72937853966213,-97.91184073050611
5853.271484375,-26.57827829643029,104.4018500198812
5859.375,-26.88488249060553,-17.243346163705
5865.478515625,-28.38183225727697,-157.2447829327368
5871.58203125,-29.131182171822,30.00608673236777
5877.685546875,-35.65968163590052,-142.8578581126579
5883.7890625,-39.66838524303824,49.43036631973798
5889.892578125,-37.57298146778147,-87.37107887929179
5895.99609375,-29.58009666482482,143.062883108868
5902.099609375,-26.7359295091284,-50.59298376742561
5908.203125,-27.45685551406375,112.0316201657551
5914.306640625,-29.11278109571177,-112.4760649324184
5920.41015625,-32.99040951001615,24.22994511816712
5926.513671875,-43.8805638617443,-172.5565779703702
5932.6171875,-46.37716999725272,-2.02575625871815
5938.720703125,-34.95652143387288,169.994695859351
5944.82421875,-33.27720509347134,-21.13028846900323
5950.927734375,-35.81634280020208,147.695389191589
5957.03125,-32.15712449596867,-28.36503178200555
5963.134765625,-27.27488907891821,156.3901571732679
5969.23828125,-24.55872743366924,3.591673477476095
5975.341796875,-24.82447249042635,-156.7867609932204
5981.4453125,-27.31506981938075,-110.3897536396852
5987.548828125,-31.00781082711939,55.85911829473381
5993.65234375,-37.47489611960106,-134.9563590057756
5999.755859375,-44.1854920944754,38.36099112828163
6005.859375,-42.23439606788442,-145.9921129731495
6011.962890625,-33.88411277560671,33.74262914086905
6018.06640625,-29.99085943288352,-138.6988292417574
6024.169921875,-28.93523172559172,30.79083340405274
6030.2734375,-30.09912104370448,176.5321541674014
6036.376953125,-31.1468908392684,-30.21966927274288
6042.48046875,-33.49389449665941,141.8858070578626
6048.583984375,-30.86382701689691,-40.21692309164288
6054.6875,-28.45308050196059,143.6810459167619
6060.791015625,-29.18543704981561,-33.34416783400584
6066.89453125,-30.42715233659486,145.7016526134056
6072.998046875,-31.65674138980668,2.227169013867115
6079.1015625,-34.58393756570622,-128.2357719406371
6085.205078125,-39.95320372791524,77.7438431996414
6091.30859375,-38.15829698596688,82.50419698169412
6097.412109375,-32.47969816587973,-89.88494043731183
6103.515625,-29.21783441274812,81.83097148918172
6109.619140625,-29.41588967079534,-99.7000697190379
6115.72265625,-29.28919863502767,86.53307413893816
6121.826171875,-30.44832504926596,-82.09964660718417
6127.9296875,-30.8169461153734,108.3571542700858
6134.033203125,-30.66510867011218,-76.47942738183252
6140.13671875,-32.81558326285848,-19.39292227876265
6146.240234375,-31.85522609414998,135.2073754254894
6152.34375,-32.51035355587042,-32.05927477408931
6158.447265625,-30.0045016333166,151.4988890909205
6164.55078125,-27.55513433486814,-18.12644545768849
6170.654296875,-26.73973448886138,176.5327884176589
6176.7578125,-25.23429600897586,4.720734836827416
6182.861328125,-22.80981359141551,-160.4683418195026
6188.96484375,-22.4750260621089,119.6036264717703
6195.068359375,-24.52381057893783,-18.46020115372395
6201.171875,-28.9526067206989,166.0359094390629
6207.275390625,-26.9923931759685,-12.14292667658748
6213.37890625,-24.81369913857314,167.4023847624075
6219.482421875,-26.55086311912536,-28.65544470016481
6225.5859375,-30.63379210030094,125.7021214452978
6231.689453125,-31.30084339921406,-66.56276213421863
6237.79296875,-27.8869689692562,117.2157430580908
6243.896484375,-29.41591517053189,-53.8847569954598
6250,-32.83052545235089,141.9880640885303
6256.103515625,-29.0474217187823,4.118372339882017
6262.20703125,-29.72406569201368,-138.366031010678
6268.310546875,-36.42680828847765,64.34871975672309
6274.4140625,-42.82138034597697,-86.27605680456675
6280.517578125,-31.36710557816183,146.2563978869458
6286.62109375,-30.32280537915816,-3.376842837077286
6292.724609375,-31.08032399533997,-162.6451810844435
6298.828125,-28.72614438006749,36.0886098721631
6304.931640625,-28.07853113099999,-129.4793962470439
6311.03515625,-31.44865771821399,55.31358584520145
6317.138671875,-36.51136147201102,-120.3796206700303
6323.2421875,-36.8788589259129,49.58493916198014
6329.345703125,-35.55481963190324,-157.9471410134066
6335.44921875,-32.85519913121018,27.24500992683985
6341.552734375,-31.63578151931931,-134.1766003665534
6347.65625,-30.07678149565695,62.96720709724018
6353.759765625,-25.3698446505518,-105.9675835061979
6359.86328125,-22.93202054692731,82.78600367973831
6365.966796875,-21.84097607173365,-78.86043182939054
6372.0703125,-21.51541200934793,110.7630064252777
6378.173828125,-23.04116907603872,-75.91754344523838
6384.27734375,-25.0701105105911,-118.0793712131391
6390.380859375,-26.35202561084089,71.60599107815324
6396.484375,-30.90517469249946,-128.3859807549835
6402.587890625,-44.76841702236464,13.33246970500913
6408.69140625,-40.08575243398962,137.4598777109874
6414.794921875,-38.84286297747886,-68.28029490439815
6420.8984375,-30.57107438162814,99.11344921386525
6427.001953125,-25.98613291837387,-91.82929178127577
6433.10546875,-24.91671817970347,78.97611953264405
6439.208984375,-26.02201695202289,-117.1262168756003
6445.3125,-25.48529043235892,39.31152372387341
6451.416015625,-23.9096005603507,-156.3913356034043
6457.51953125,-22.37729930080814,-1.418810007454548
6463.623046875,-21.75381572736498,174.0200801390912
6469.7265625,-21.7367663924856,-175.452177628569
6475.830078125,-21.65823228713209,15.2899289387774
6481.93359375,-21.7180461776368,-165.3499790980199
6488.037109375,-22.15933337984728,15.90703523237984
6494.140625,-23.22132141145945,-168.6558899462477
6500.244140625,-24.94049695560827,5.232622515788024
6506.34765625,-27.77178733407926,-163.7120645049369
6512.451171875,-32.54379235795302,28.40741349235192
6518.5546875,-40.64401941833228,-156.828376019321
6524.658203125,-30.66337582984007,6.113669966168267
6530.76171875,-26.7055903189044,163.345631829974
6536.865234375,-28.05771125742295,-27.49480171848176
6542.96875,-31.71942248501597,156.1587100750056
6549.072265625,-41.89656880745103,-7.547524530800893
6555.17578125,-29.20378444707842,-106.4231213673935
6561.279296875,-28.21602537971731,118.9770526889025
6567.3828125,-29.29409181093558,-42.74153500432596
6573.486328125,-27.25039838569367,169.8239779940076
6579.58984375,-26.83079394833804,3.371178364991483
6585.693359375,-25.44619507476489,177.6258045641465
6591.796875,-24.8570237094711,-15.5381329263607
6597.900390625,-25.60723491271037,146.3894890825412
6604.00390625,-26.45041866031486,-40.47831681329225
6610.107421875,-25.46455573481745,140.7921619442521
6616.2109375,-26.59171665083807,-36.58043258434198
6622.314453125,-29.21673783961189,145.7860438713663
6628.41796875,-26.72966752996949,-51.20317997439575
6634.521484375,-24.46557431594226,96.59171430930625
6640.625,-24.26786512936286,-132.4169125128573
6646.728515625,-26.30923606999634,26.37878048607173
6652.83203125,-27.61873051594914,-163.5533151146378
6658.935546875,-25.09334467834585,3.181185159618193
6665.0390625,-24.59002382282696,172.86933039976
6671.142578125,-27.77108700913489,-33.67861014915597
6677.24609375,-36.02214574134926,94.16410060602534
6683.349609375,-38.12287529452865,-89.1561042621445
6689.453125,-29.84364270256279,111.0183792383641
6695.556640625,-28.66142455881611,-77.3276986036548
6701.66015625,-28.70296623403597,-10.9085920540048
6707.763671875,-28.39605388602621,172.2188041663249
6713.8671875,-29.7852363980633,2.12629628653375
6719.970703125,-30.72868388948359,-168.5181890778584
6726.07421875,-31.07112771415239,32.71028638354938
6732.177734375,-36.56767626272479,-119.71539844258
6738.28125,-43.8644877502019,60.42881123267973
6744.384765625,-49.57394622892898,-144.1743720412092
6750.48828125,-42.17626852339574,23.43788012548821
6756.591796875,-38.86977124665216,-172.1894618308334
6762.6953125,-37.69760470210207,0.4884287551863372
6768.798828125,-30.39036312156305,-173.1031528999087
6774.90234375,-25.11243571286418,15.34374330579391
6781.005859375,-24.75249940152318,-147.4453614328918
6787.109375,-26.01082977240622,46.19206299982676
6793.212890625,-28.35344612986818,-127.1335627002925
6799.31640625,-33.83758906656179,66.361688001307
6805.419921875,-39.53790629188348,-135.6943987630851
6811.5234375,-38.39099070898783,-25.85859340762563
6817.626953125,-34.97958831225708,156.1986778368604
6823.73046875,-34.9295688189472,-0.7445534052629744
6829.833984375,-40.53958146790535,-57.06576281244573
6835.9375,-44.19986357056452,131.4255717383431
6842.041015625,-30.35415782612087,-42.42225572431985
6848.14453125,-29.10878372391818,139.7767582175969
6854.248046875,-34.38224350424209,-44.09505562224567
6860.3515625,-40.33083676882502,128.3312377789694
6866.455078125,-32.75557801294202,-68.1395364011446
6872.55859375,-29.03883458662316,83.34013735463751
6878.662109375,-29.74854958168949,-111.4828490234752
6884.765625,-28.90741379780073,86.5816736911206
6890.869140625,-26.99414844034241,-75.77414116478072
6896.97265625,-26.22589446156448,107.0960574978733
6903.076171875,-26.48543358919234,-87.80032201252475
6909.1796875,-28.20449614975702,58.99383690366214
6915.283203125,-33.65064176954864,-148.8016397236652
6921.38671875,-57.38878385069977,-112.5088823211239
6927.490234375,-38.04996718028015,60.74668541538943
6933.59375,-32.76879274383406,-137.1667997387643
6939.697265625,-29.58099383382713,32.58821015601522
6945.80078125,-32.32594363945767,66.70391437722155
6951.904296875,-36.61207321906775,-127.8708578215312
6958.0078125,-30.80841251628998,46.80759750226507
6964.111328125,-28.49145058451953,-137.8687057538077
6970.21484375,-33.52687383534262,47.88356501135662
6976.318359375,-42.4869185445539,-131.2349834111992
6982.421875,-31.82407290604026,43.60652736927852
6988.525390625,-31.09516646142574,-113.98626680201
6994.62890625,-38.26577273080625,87.1803890810952
7000.732421875,-28.59794099381262,-82.75205400095138
7006.8359375,-24.49280785777191,106.6780932497324
7012.939453125,-23.20871834681747,-20.3128566306122
7019.04296875,-24.60645051338202,-82.24269755035974
7025.146484375,-29.89726902409148,115.6992077331986
7031.25,-44.53313586499316,-42.34551078565969
7037.353515625,-31.90791494327412,143.7742572921671
7043.45703125,-29.66343415189801,-43.4204293668671
7049.560546875,-32.12423186249404,155.677530440957
7055.6640625,-37.89348873532076,-42.66716163740628
7061.767578125,-38.35539699712695,111.8979626129352
7067.87109375,-30.84790898705106,-72.92958372018296
7073.974609375,-28.08344768802233,108.2804977322946
7080.078125,-24.98795194731195,-99.80523033045888
7086.181640625,-23.8709714743806,62.97142980854589
7092.28515625,-25.74429053748061,-97.07860500818609
7098.388671875,-28.79374806498359,83.73521875719574
7104.4921875,-30.99950095664827,-128.4965677564749
7110.595703125,-37.16114522251984,179.1381325897627
7116.69921875,-27.68089196907889,6.33339673642264
7122.802734375,-23.78299281681482,-164.5463771720438
7128.90625,-22.5998547024672,22.03602054388207
7135.009765625,-23.72915638824727,-153.1703786159116
7141.11328125,-25.96325543537283,147.0554586050921
7147.216796875,-26.96515521958771,6.115162427215846
7153.3203125,-30.07514465810094,-153.5678775961507
7159.423828125,-32.5752871583775,77.8219389768786
7165.52734375,-32.21694218528401,-41.42274633629702
7171.630859375,-34.21576062941698,164.4632233510739
7177.734375,-53.72279549081938,4.905180644226727
7183.837890625,-36.20219135582246,-156.077204359719
7189.94140625,-34.56053996080033,31.84130682720894
7196.044921875,-29.7324707598883,-147.8415414026259
7202.1484375,-28.21702236455911,30.45232350238232
7208.251953125,-28.59662988704036,-162.3864031558396
7214.35546875,-29.24570377204449,0.3158211456131519
7220.458984375,-35.40285870895785,176.8283656574631
7226.5625,-51.26403032090397,-1.641363267038421
7232.666015625,-57.13694519988911,-173.623482865529
7238.76953125,-39.38713661204338,-167.068640503368
7244.873046875,-35.00014012737937,39.65606860519119
7250.9765625,-30.87659118254783,-18.32401207102795
7257.080078125,-28.89223566132955,-175.9144493236756
7263.18359375,-28.82716427734653,8.904929568551372
7269.287109375,-29.95313411342853,-173.2453060690286
7275.390625,-30.63198866127441,-15.18749548478785
7281.494140625,-30.43637560528965,128.7117878052449
7287.59765625,-30.4930232901802,-63.76660027292785
7293.701171875,-30.93110635879969,132.4493782999297
7299.8046875,-33.33574258853726,-11.30231249221346
7305.908203125,-31.4523417476748,-162.5235713593361
7312.01171875,-28.48566101958172,34.66712335504298
7318.115234375,-27.14001335108594,-140.890470211644
7324.21875,-29.26679379257995,31.96868936218004
7330.322265625,-34.16630089434965,-162.3154373742391
7336.42578125,-43.00294480398298,-14.64330259385452
7342.529296875,-55.70811192104949,137.7772184036388
7348.6328125,-48.17414248490689,-33.35677447605477
7354.736328125,-46.35669424210521,-133.4546637825596
7360.83984375,-43.36012345853575,43.30610072367897
7366.943359375,-40.41625510437292,-137.6520673996126
7373.046875,-33.0128207867416,42.51611056606404
7379.150390625,-29.02295386366136,-146.461142913757
7385.25390625,-27.00122963057687,40.14261914183115
7391.357421875,-26.3895142831827,-115.6051470917666
7397.4609375,-26.88282693169066,57.39477958015034
7403.564453125,-29.79286771274693,-160.9622520296743
7409.66796875,-36.14601993254466,-90.8977410462504
7415.771484375,-37.53480608318573,82.73598088268454
7421.875,-30.513137870784,-72.33505081557932
7427.978515625,-26.95370167855516,145.4909387203973
7434.08203125,-26.62870510995236,-23.96109419168929
7440.185546875,-30.98754686529352,153.5920994599224
7446.2890625,-34.99293227382014,-57.22544691399614
7452.392578125,-28.69423755639987,73.40073614751321
7458.49609375,-29.46913809603885,-140.0414070703564
7464.599609375,-37.91517000751956,34.38861223473189
7470.703125,-34.76788135613236,-141.7957653718677
7476.806640625,-28.13370133469522,35.07199688042446
7482.91015625,-29.82617605934923,-109.0547099796303
7489.013671875,-38.59135945753422,-178.3014550165483
7495.1171875,-31.77958120690431,36.50499956495826
7501.220703125,-26.99994993827271,-77.8810456797585
7507.32421875,-24.46937233543732,171.5244278037133
7513.427734375,-23.09422233848775,9.723128165737974
7519.53125,-22.11245196266794,-160.9930230026061
7525.634765625,-22.33991984590183,47.63334219723141
7531.73828125,-22.47363167731608,-95.92516676417031
7537.841796875,-23.90397427588917,104.0333388565975
7543.9453125,-28.03739817310969,-30.36247086217206
7550.048828125,-29.64031138229549,-104.518275613482
7556.15234375,-32.24898108429218,111.9075928677377
7562.255859375,-29.73218465987284,-50.18654421317832
7568.359375,-25.42494295194205,137.8003559231168
7574.462890625,-23.71404689089514,-51.72214120251355
7580.56640625,-23.62276830971121,84.89369289772382
7586.669921875,-24.89329968971415,-161.6685081477712
7592.7734375,-28.14391330786179,-30.19840009553448
7598.876953125,-35.83657748668797,129.0624730739064
7604.98046875,-41.2174665247937,-70.35649390963464
7611.083984375,-34.43482965639605,99.82033089010008
7617.1875,-27.47697477613841,-76.25458722641845
7623.291015625,-23.13404588033432,99.53115877662815
7629.39453125,-21.58087634990122,-86.96146180724044
7635.498046875,-21.94875118910826,90.66189559221668
7641.6015625,-23.56116253896296,-94.94722747503995
7647.705078125,-26.57283949110622,98.44690779767501
7653.80859375,-32.3736714877155,55.69419750676319
7659.912109375,-34.86232016892338,-123.2013616863786
7666.015625,-29.70534435338913,63.62786384996286
7672.119140625,-27.53566716424931,-101.5630357377075
7678.22265625,-27.15996031773799,102.707571585242
7684.326171875,-28.08561340396052,-21.20865470666488
7690.4296875,-33.73467654136418,-134.5528600739866
7696.533203125,-38.31368014756816,92.57580638251062
7702.63671875,-30.99046364579338,-66.69742155803507
7708.740234375,-28.2149196306182,118.5380633792343
7714.84375,-28.5784017770309,-85.85701130646032
7720.947265625,-37.38357369474728,70.16394538598594
7727.05078125,-44.11122572290961,-132.3447477740842
7733.154296875,-36.43782369770349,13.62088088119977
7739.2578125,-33.17213156626426,94.17140497145894
7745.361328125,-30.29696428080396,-74.57145945878983
7751.46484375,-26.38996523643248,166.2951553368577
7757.568359375,-24.23871065440385,23.30596620966657
7763.671875,-22.84575067192095,-146.5572397086096
7769.775390625,-23.17981032929702,41.22225566077348
7775.87890625,-25.64715496520451,-130.4792748552366
7781.982421875,-27.85238673913129,58.33624204873711
7788.0859375,-24.40735038972974,-119.9828920448173
7794.189453125,-22.39990204936773,24.9883506115007
7800.29296875,-21.84565939619733,80.08220018205715
7806.396484375,-23.71107196769849,-108.0231365738386
7812.5,-26.75800858405809,67.85448860247824
7818.603515625,-26.52005033116975,-102.652834807553
7824.70703125,-26.26066719824776,69.65733866081612
7830.810546875,-27.01184872182408,75.16204136993508
7836.9140625,-26.20483049083716,-132.1236323166764
7843.017578125,-26.81581022497562,13.94559973443078
7849.12109375,-31.00056244731734,169.1463166838793
7855.224609375,-40.60388107636168,-45.91778524727871
7861.328125,-39.6955557305649,110.6964950837012
7867.431640625,-35.55461231012749,-89.24082837222169
7873.53515625,-37.77815977934836,51.61716966760908
7879.638671875,-41.2919519384002,-157.9435425212991
7885.7421875,-35.86257384328405,-4.584394200060536
7891.845703125,-29.70637415620247,152.1498799381615
7897.94921875,-26.97122166319336,-22.68639548455217
7904.052734375,-27.84426142584505,-171.7294088056704
7910.15625,-29.2088668898094,10.29447660362881
7916.259765625,-31.61758279590077,177.3683913920006
7922.36328125,-38.14221672511114,-21.85623570337346
7928.466796875,-50.08311772775279,143.0442348395393
7934.5703125,-35.66195746364924,-43.53191435787402
7940.673828125,-30.11281053565136,132.157884649085
7946.77734375,-31.57142382050448,-57.12138679455296
7952.880859375,-40.88483185072669,119.4424545966295
7958.984375,-49.09673105262691,82.42556301901666
7965.087890625,-37.28458689111651,69.6351880398217
7971.19140625,-31.86563533471242,-74.60226109868202
7977.294921875,-34.17867069825564,116.2217893041625
7983.3984375,-35.1628074918237,-66.04017777711967
7989.501953125,-29.26197808486091,-69.08912356459811
7995.60546875,-26.17675728763283,102.2203585412599
8001.708984375,-24.578000494819,-90.9787232732363
8007.8125,-25.02238560452383,52.43821539811456
8013.916015625,-27.802804929708,156.1794830130855
8020.01953125,-31.14193464139834,-78.91790681213831
8026.123046875,-30.58512542709231,87.65022323990294
8032.2265625,-28.20595210354924,-102.5026101704784
8038.330078125,-27.43220987529002,62.10022996640846
8044.43359375,-26.83543382978542,-91.16514989631952
8050.537109375,-28.54138024672066,-169.9514646119954
8056.640625,-31.49253531735457,30.22209425463634
8062.744140625,-34.48493378155931,-157.3671203799857
8068.84765625,-62.87198538111794,31.47837279115955
8074.951171875,-34.52831931842096,-46.11893089815934
8081.0546875,-33.64184993473621,-178.4332829625523
8087.158203125,-37.17848854248977,30.61815042402998
8093.26171875,-28.82389616078989,-140.3191925243618
8099.365234375,-23.63198386691982,54.19417754494857
8105.46875,-21.79920104764426,-127.8434034684738
8111.572265625,-23.3258451416354,29.21699231581543
8117.67578125,-29.38243681770195,-168.1915163743902
8123.779296875,-39.82733490100487,-9.601501249541103
8129.8828125,-32.73731100378488,-166.15184906522
8135.986328125,-30.26120805471342,121.4719858089792
8142.08984375,-29.78577042081446,-48.24555456693125
8148.193359375,-30.01363173188205,145.7668201039992
8154.296875,-30.45963942167624,-37.09350992003455
8160.400390625,-29.97584563506969,138.6466794748115
8166.50390625,-29.87885576196631,-34.39260382720772
8172.607421875,-31.990236066788,156.8133450076509
8178.7109375,-35.52125898931695,-7.403112149187993
8184.814453125,-37.73592891499623,-150.3893920702243
8190.91796875,-35.74773488028009,58.57887574690772
8197.021484375,-34.11194640482918,-107.2623064979787
8203.125,-33.25315002639083,82.12292568610786
8209.228515625,-33.48649445703058,-99.24520190586604
8215.33203125,-34.67639736910973,70.11370582919999
8221.435546875,-40.56597176985137,-123.1773750484188
8227.5390625,-38.3636096159798,49.82518025252008
8233.642578125,-34.60427792615045,-137.6624717006979
8239.74609375,-31.87042379181281,18.09463135398442
8245.849609375,-30.05106578384718,-178.1259369867919
8251.953125,-28.05722674698703,0.7324534342847818
8258.056640625,-27.16224046415666,-179.983621746274
8264.16015625,-29.62654398555445,2.41151070939064
8270.263671875,-32.96236157924097,-172.4547329421574
8276.3671875,-35.42311553116389,11.37322739602215
8282.470703125,-35.44984212092853,-167.295312743773
8288.57421875,-31.06003790178482,11.14731778197543
8294.677734375,-27.36380379696272,-169.7940766982889
8300.78125,-26.38098980741345,26.49391589847633
8306.884765625,-26.3929362048799,-63.66386807972771
8312.98828125,-28.1079731308011,155.8020864462916
8319.091796875,-29.91885730825061,-20.79316175353311
8325.1953125,-28.80944629872743,162.0990286340164
8331.298828125,-28.67686811283221,-10.22301141511311
8337.40234375,-29.44756405908695,-173.6228180641644
8343.505859375,-30.10804711013856,117.5931634988075
8349.609375,-28.54761626520605,-72.84169354204192
8355.712890625,-27.89923485092352,90.83370584657786
8361.81640625,-29.57250975142225,100.9341389857042
8367.919921875,-31.64630649023823,-59.79873531244787
8374.0234375,-32.54295845900501,125.2869075160385
8380.126953125,-28.66780826515373,-71.83438853699438
8386.23046875,-27.80032821488428,129.4504182031147
8392.333984375,-32.65098523810522,26.39716033343779
8398.4375,-38.83144104905681,-143.4641170566985
8404.541015625,-29.97779984722738,33.68878695674813
8410.64453125,-27.63362924030398,-128.9300788159842
8416.748046875,-26.2141021605083,68.92790622326619
8422.8515625,-25.58370303473765,-89.40700023838838
8428.955078125,-25.59252282696613,-120.0318098575126
8435.05859375,-25.63197339655339,91.19324817349747
8441.162109375,-25.2890408129455,-77.95086266509632
8447.265625,-25.9502108795315,107.07463599936
8453.369140625,-28.82591083878656,-76.57890759483476
8459.47265625,-35.05736616968039,104.7573269333345
8465.576171875,-45.46160455156137,-63.87128252196862
8471.6796875,-35.40219565928992,118.3363702832196
8477.783203125,-33.03181582763045,-46.26623770504937
8483.88671875,-29.31797614970062,166.5062460010368
8489.990234375,-25.98371483525445,-25.59325767457115
8496.09375,-23.97882874191371,54.48207772312161
8502.197265625,-23.62193677064578,-151.570176026354
8508.30078125,-25.26578503576133,23.73715390808697
8514.404296875,-29.24487284800128,-172.0795725849234
8520.5078125,-39.11883241544218,-7.793624445237969
8526.611328125,-35.85383428266275,161.8920892008947
8532.71484375,-36.96669147236533,-33.45088164901291
8538.818359375,-35.79260316061499,128.9131321917074
8544.921875,-30.80882590850079,-78.49871632542825
8551.025390625,-30.52306797346666,88.47505749788294
8557.12890625,-32.2306014412282,-100.4140473652443
8563.232421875,-38.59497847066789,58.12069322841382
8569.3359375,-36.27920288984419,-147.1325524486161
8575.439453125,-30.12154572308035,15.21182387318883
8581.54296875,-29.3346499659373,-172.6202320434099
8587.646484375,-31.4432647805943,0.1777422045763317
8593.75,-33.74185519675955,169.450207487773
8599.853515625,-32.55033242118288,-22.04124181158301
8605.95703125,-34.8839320782969,140.8010571553423
8612.060546875,-42.71519780326251,-55.98165010489036
8618.1640625,-43.27401098721814,125.2172141654866
8624.267578125,-39.24938186607172,-41.08760374050546
8630.37109375,-37.44343638676428,-14.25716639808963
8636.474609375,-32.15814552215789,170.5233816308858
8642.578125,-30.82262995334426,-10.05096983412971
8648.681640625,-35.78696893850841,168.23740982621
8654.78515625,-55.07615351657562,79.03014565963052
8660.888671875,-34.44184001621033,-47.11621671946321
8666.9921875,-29.91768289321463,153.1280103162115
8673.095703125,-30.7616287212908,-23.54467101593412
8679.19921875,-32.06201215914956,160.547134518835
8685.302734375,-32.79014602024127,-1.426303009013023
8691.40625,-32.31250212135711,-172.035991230045
8697.509765625,-31.02441856463113,-1.864719698968971
8703.61328125,-31.78265913995522,164.2597745417065
8709.716796875,-31.30972224119786,-28.68898512263663
8715.8203125,-26.93500323733898,136.4228472205733
8721.923828125,-24.30413801656696,-37.58292004986995
8728.02734375,-24.57120220170306,-147.944698496516
8734.130859375,-26.09264306825154,63.47370270560041
8740.234375,-27.62632518037617,-107.9557150767714
8746.337890625,-31.45550966077375,49.05829664214055
8752.44140625,-35.21134308322241,154.2895702077325
8758.544921875,-32.38802327895336,-5.202491188828894
8764.6484375,-34.47809992821578,-174.9042724880171
8770.751953125,-38.05474425793445,12.68135615636178
8776.85546875,-34.96106516516041,-135.7529858205279
8782.958984375,-30.23566699784419,50.9198377266091
8789.0625,-26.96975805633498,-154.6626736324292
8795.166015625,-24.99339819025738,0.5329432661673044
8801.26953125,-25.54834171553284,-179.1096441163204
8807.373046875,-27.71544763544439,3.628744609897924
8813.4765625,-29.87967673820802,-163.5129564041859
8819.580078125,-31.63838409978714,37.19524883579491
8825.68359375,-31.56539912388639,-120.8491639464547
8831.787109375,-30.87654914589464,68.19742502436959
8837.890625,-32.55119381278337,-118.9802305371094
8843.994140625,-32.36887792954876,54.25790415218079
8850.09765625,-30.11887741133159,-129.6246751021204
8856.201171875,-27.51803628367643,44.95974140875908
8862.3046875,-26.28251747328097,-151.9794813414888
8868.408203125,-28.65654816580691,-36.06804947987737
8874.51171875,-33.31894002535464,94.45089709673505
8880.615234375,-40.7476171815211,-113.7177762282653
8886.71875,-31.51294522385641,89.24122440211508
8892.822265625,-27.08160882718525,-60.18804556305024
8898.92578125,-25.95706130548817,143.2905466649305
8905.029296875,-26.59877198441627,-24.2257416377009
8911.1328125,-28.48840943164219,157.3567780120258
8917.236328125,-27.97194694979861,-6.805900824226325
8923.33984375,-23.95433790838485,-160.2307459097682
8929.443359375,-22.36725141453196,39.01583822074475
8935.546875,-22.60234558212863,-105.3682498580526
8941.650390625,-24.2403892503618,116.7830981522965
8947.75390625,-26.23245294665582,-31.85353424241334
8953.857421875,-26.79282092527098,161.6187925768568
8959.9609375,-27.29767638545474,-34.97825604795111
8966.064453125,-25.76190809419368,169.5627846506306
8972.16796875,-23.69176163002247,70.63119770080246
8978.271484375,-23.6022678332764,-86.45272988217211
8984.375,-24.55207730262325,88.26625571724159
8990.478515625,-24.70114912536957,-80.41265967134457
8996.58203125,-23.52383293858286,135.5965109677019
9002.685546875,-21.79651984811797,-4.269896589136838
9008.7890625,-20.48083202737135,-150.4838706810034
9014.892578125,-19.45468825278032,43.70890496368732
9020.99609375,-20.05813605200622,-125.5867730218296
9027.099609375,-22.87360274762915,60.85164262331762
9033.203125,-27.30134877186291,-121.2209177519548
9039.306640625,-26.6753198636269,56.93014063376457
9045.41015625,-25.74340020017964,-129.8824611407319
9051.513671875,-28.04179252941661,11.73671108663914
9057.6171875,-30.41452914458397,169.8859281622544
9063.720703125,-31.41723357285784,-15.89160923092415
9069.82421875,-30.90488296250184,135.7208769486448
9075.927734375,-29.01165074845473,-165.251333587792
9082.03125,-29.03732220274739,13.39558836395556
9088.134765625,-32.60059123616967,-171.3741319973829
9094.23828125,-38.40878703976705,-1.814042258327972
9100.341796875,-36.88005927438602,166.6205173298995
9106.4453125,-32.38149435935527,-22.52366570620756
9112.548828125,-25.93020548167886,150.6915660672531
9118.65234375,-22.37135810255408,-35.20475679448397
9124.755859375,-22.72576232928681,141.6168928706442
9130.859375,-24.18452278618386,-41.11368513527343
9136.962890625,-26.28675099851879,134.2526394718241
9143.06640625,-28.22569290827348,-41.82351833112494
9149.169921875,-26.25145722616886,165.731617696955
9155.2734375,-27.5357757061693,100.4720551202817
9161.376953125,-31.71859848583118,-70.06579911929916
9167.48046875,-34.82772933967881,89.88950516355659
9173.583984375,-35.0154119796432,-132.7710746136604
9179.6875,-32.08721124660501,-7.408681449999242
9185.791015625,-32.52727853259172,152.2292022848764
9191.89453125,-30.38610482765702,-36.36564123031255
9197.998046875,-29.90687499288808,123.985044296584
9204.1015625,-30.09189486738329,-73.16097679248934
9210.205078125,-29.29513478615714,102.3094359571199
9216.30859375,-30.11509036858259,-74.79397148899371
9222.412109375,-32.12529699996445,117.0899215985087
9228.515625,-33.38976351221389,-41.71654115799343
9234.619140625,-36.26410311479628,151.2261659982283
9240.72265625,-33.48193326648114,-29.43648304550325
9246.826171875,-33.33964007782624,138.2558177179434
9252.9296875,-39.15211340460991,-73.77755699769006
9259.033203125,-47.18736747035344,22.29710656818654
9265.13671875,-38.50021818801389,-179.2542049462654
9271.240234375,-32.45031236761101,-12.77938187869885
9277.34375,-28.97608001147088,140.8982298251416
9283.447265625,-29.7247528226197,-53.55175259328792
9289.55078125,-35.32535117953179,111.2646843719977
9295.654296875,-29.80451100972043,-98.28828667130952
9301.7578125,-25.85680009387423,69.61854106326267
9307.861328125,-25.02430496044809,-118.1593107147919
9313.96484375,-25.19178021668754,56.02258664815781
9320.068359375,-25.58254886842986,-119.0679398095598
9326.171875,-25.44210360272383,69.37607818648431
9332.275390625,-26.4733310114655,70.8922620137873
9338.37890625,-28.66833372844272,-106.191036144354
9344.482421875,-27.0203141408554,62.52707188346734
9350.5859375,-26.10489076258667,-115.2866125482793
9356.689453125,-26.06992937916548,71.69925813966252
9362.79296875,-27.985385328562,-101.1533668525393
9368.896484375,-33.15551088013922,107.8659253846263
9375,-37.78382440492638,-60.41913488928255
9381.103515625,-39.76979385199215,116.2738907016023
9387.20703125,-33.27299830219968,-78.26561754044181
9393.310546875,-28.10620992744763,73.93668869999505
9399.4140625,-25.73358529865928,-126.5352526890293
9405.517578125,-24.24587495063003,34.54792466962238
9411.62109375,-25.56233434007928,-169.2379187693916
9417.724609375,-32.03219148458186,-16.06571925966163
9423.828125,-34.01521624624599,141.9574430606149
9429.931640625,-25.41669616541471,-41.78162122056041
9436.03515625,-22.9591883876282,135.0491702777202
9442.138671875,-24.49089986485977,-50.34608910780984
9448.2421875,-28.11546007964766,124.4476290013681
9454.345703125,-28.13514561672903,-67.27510498688451
9460.44921875,-24.62720753709539,88.37399562266623
9466.552734375,-23.86589113588827,-122.6584092854355
9472.65625,-25.43208899403681,-10.15782744037278
9478.759765625,-27.134004752676,147.467244424108
9484.86328125,-28.4009000157212,-28.96991115176053
9490.966796875,-28.08804757345962,153.0510895383005
9497.0703125,-26.0499536628023,-21.80963626592448
9503.173828125,-26.00543197002674,164.525646776438
9509.27734375,-27.18724265038697,-32.18353016931319
9515.380859375,-28.31300851487816,120.4038226347213
9521.484375,-29.17674942161626,-60.50012791162968
9527.587890625,-31.57388533477246,122.1874887503181
9533.69140625,-39.15546359613134,-77.7755238002344
9539.794921875,-39.11051562676882,34.09216542872693
9545.8984375,-30.98009258042265,112.9411459367665
9552.001953125,-27.08603444935909,-23.69560459856541
9558.10546875,-28.41220779139312,-133.9263991305697
9564.208984375,-32.05487351463303,82.63006010084506
9570.3125,-35.55725382826088,-110.1227400812397
9576.416015625,-35.03450668301483,44.6535239938283
9582.51953125,-32.4528712295421,-154.842611602594
9588.623046875,-32.77015836581394,27.06658718274734
9594.7265625,-32.11936918268626,35.13980650779278
9600.830078125,-32.40637484367949,-172.8052701371515
9606.93359375,-36.08205199042118,-23.48371068690741
9613.037109375,-36.24284605049993,139.0750811460909
9619.140625,-32.63391114423513,-100.5521970043081
9625.244140625,-31.10841088608264,48.11046170245741
9631.34765625,-29.209968331946,-139.7562315336965
9637.451171875,-28.24636660991846,39.34265756740275
9643.5546875,-31.70380985911534,-137.80011105307
9649.658203125,-32.87269154035639,58.25128666489407
9655.76171875,-33.00510155927307,-92.23570543611564
9661.865234375,-31.80692884632494,114.3607839576844
9667.96875,-31.92524797837963,-33.52815868411322
9674.072265625,-33.07806430930805,168.5398530401151
9680.17578125,-38.31047103048429,-8.315697594274965
9686.279296875,-46.60290982334406,-179.6180769543817
9692.3828125,-37.76038517831397,11.5573029018966
9698.486328125,-33.29281783242325,-177.4615909866332
9704.58984375,-34.12479130191564,-37.1059192808516
9710.693359375,-33.50067490941222,112.2917245477703
9716.796875,-31.58011952666505,-91.39763868792956
9722.900390625,-30.90711032096781,77.14868118734904
9729.00390625,-30.97571700161765,-103.9777124199661
9735.107421875,-36.28369570204703,90.98662257673654
9741.2109375,-38.45749537979565,-95.57043999045653
9747.314453125,-31.87254317133842,61.12487230850393
9753.41796875,-28.26205705786689,-119.5958060685458
9759.521484375,-25.41406161818947,60.00953431909119
9765.625,-25.54877978655107,-115.6156991140684
9771.728515625,-27.58082346881675,93.30198560522355
9777.83203125,-34.23497024932107,-61.96379612981058
9783.935546875,-39.6413628838836,129.5097902452648
9790.0390625,-30.99196341812146,-39.69066341244748
9796.142578125,-26.65979039370734,150.5178988791474
9802.24609375,-25.20507697626712,-10.09736251836967
9808.349609375,-25.54019601574657,-159.8091949814697
9814.453125,-27.31776722097873,55.09240769521927
9820.556640625,-31.57166626964466,-114.850360150113
9826.66015625,-36.11522206797077,55.4378442831124
9832.763671875,-37.66672392109474,-143.4248004439771
9838.8671875,-36.88516873703239,-25.06522126551171
9844.970703125,-44.76140956330405,130.456137650753
9851.07421875,-38.85495863839512,-85.19734229534404
9857.177734375,-33.62838568019303,83.98599326474628
9863.28125,-32.17547005347507,-75.57892573490665
9869.384765625,-36.74876984972801,140.7628253575074
9875.48828125,-43.2177611059026,-22.06127973706448
9881.591796875,-34.9606464832942,162.3420696208674
9887.6953125,-29.17836424863386,1.971935473851016
9893.798828125,-28.34259334627679,-133.1352565748211
9899.90234375,-29.78919792369357,84.80800671908113
9906.005859375,-30.89021761880932,-59.27246949858502
9912.109375,-30.57823595781668,143.8026920108443
9918.212890625,-26.93283110891254,-0.1327187894769373
9924.31640625,-27.74832221776389,-144.0490723556251
9930.419921875,-35.56098147161875,55.06215007553693
9936.5234375,-31.56104148337411,-95.24210321892356
9942.626953125,-28.60184670231418,-161.7039278053244
9948.73046875,-27.05249226049246,64.00069367188452
9954.833984375,-27.26305000515035,-106.6850450697278
9960.9375,-28.64662230985111,48.5007988126921
9967.041015625,-28.59569340263467,-147.8438499059717
9973.14453125,-30.30872065980563,29.54711859904045
9979.248046875,-37.75062899944765,-142.6359060770117
9985.3515625,-41.89016491976494,65.00324153559832
9991.455078125,-33.94347195744062,-89.93649739815247
9997.55859375,-33.76454854402296,91.58863820895388
10003.662109375,-35.46675747312801,-99.45981670009539
10009.765625,-37.7988628393994,56.16584310153365
10015.869140625,-41.49200192318838,-164.2679375494222
10021.97265625,-43.31027611915205,4.376211881879712
10028.076171875,-38.71191792835498,174.9480323016862
10034.1796875,-47.1671617652821,-17.65125371426739
10040.283203125,-33.47949034578789,157.0295056798312
10046.38671875,-27.98575178563011,-28.83556623747186
10052.490234375,-25.64758596614445,151.6431024052236
10058.59375,-26.51601450781481,-15.88505048687377
10064.697265625,-29.9261638636693,-177.5609912669716
10070.80078125,-36.26075336170359,22.29975075265612
10076.904296875,-30.48785635380831,-126.5452390851134
10083.0078125,-27.82003702605099,60.16750926603894
10089.111328125,-24.90164548738379,-151.5752755113755
10095.21484375,-23.2669471340524,14.26806897008507
10101.318359375,-23.07980207941524,-169.098944911956
10107.421875,-24.63548019281895,-155.7636671398045
10113.525390625,-25.8908514556439,13.5613151696868
10119.62890625,-26.71849097038173,-173.8614941008427
10125.732421875,-27.38979146510484,8.498324015745688
10131.8359375,-28.65180758697309,-158.9236061613335
10137.939453125,-31.61937317521579,45.14305009728865
10144.04296875,-29.87243487900819,-109.0208445431027
10150.146484375,-30.27665937686089,84.14343882174224
10156.25,-30.30018329442895,-93.25673843007289
10162.353515625,-31.07424504884478,71.04140461921631
10168.45703125,-34.11836148678002,170.7737143324522
10174.560546875,-37.37855003933725,-56.6850535059282
10180.6640625,-37.45384025933937,114.7646366835778
10186.767578125,-32.36667431431181,-63.10040719242473
10192.87109375,-29.77550376299638,118.6655457806979
10198.974609375,-27.14245079200348,-45.91201929429177
10205.078125,-24.49391842335455,165.2024686964123
10211.181640625,-23.21542408760562,12.22306463717896
10217.28515625,-24.18175411824988,-109.8770234913614
10223.388671875,-29.22143621672973,89.85665162905515
10229.4921875,-46.76097448615558,-89.03743249070926
10235.595703125,-29.44966271465033,70.23302666692301
10241.69921875,-24.59320150641734,-143.4766047663321
10247.802734375,-24.19414400425563,-56.08078414845852
10253.90625,-27.60801873634695,95.33646104720721
10260.009765625,-32.45203276745197,-92.76256998598507
10266.11328125,-38.88133670010919,108.6894524035378
10272.216796875,-38.03427073610828,22.37881119889683
10278.3203125,-36.96836133897284,-128.0980243733559
10284.423828125,-36.40697938540806,65.06440214272034
10290.52734375,-33.05313746022428,-93.28234740189194
10296.630859375,-30.05251914536014,149.3671636754908
10302.734375,-28.45366298569858,9.099771139692907
10308.837890625,-28.13069452453928,-157.9317643696168
10314.94140625,-29.67897643434724,27.92066333493672
10321.044921875,-34.23432633580637,-150.3989475937721
10327.1484375,-39.54828823959356,30.41965161278666
10333.251953125,-30.64064379943968,-118.6128757146255
10339.35546875,-29.36746735268489,74.02925541467472
10345.458984375,-31.32585688625273,-109.1642546700063
10351.5625,-28.47807110421176,75.37510855384114
10357.666015625,-23.68189505568892,45.88523836677256
10363.76953125,-21.64498394216409,-113.3732480413455
10369.873046875,-22.05234578949204,75.18125396675933
10375.9765625,-23.16055776865939,-82.87793804689802
10382.080078125,-25.37420931092029,136.877774801884
10388.18359375,-26.7369487305774,-33.8801311720072
10394.287109375,-25.5938527104965,136.1113961663142
10400.390625,-24.01640068022831,-62.09971909563323
10406.494140625,-24.63593568763911,79.4374262789832
10412.59765625,-28.91829072490113,-166.5660056226229
10418.701171875,-38.7091956468499,-29.88330440752829
10424.8046875,-37.37596956808495,134.4385759601091
10430.908203125,-32.38940671867957,-55.02227982744723
10437.01171875,-31.2830803934059,34.52239182988579
10443.115234375,-34.49476567084834,-155.1376101627345
10449.21875,-34.27085379662597,34.06880635066826
10455.322265625,-31.09548305384355,-130.7965385241855
10461.42578125,-28.65972633456723,64.8821512405697
10467.529296875,-28.77203005389026,-102.1972723142909
10473.6328125,-28.1832681461598,-24.74007011790127
10479.736328125,-28.0124339061161,127.7477637169968
10485.83984375,-29.71053709568658,-50.95398037383227
10491.943359375,-28.8855233087692,139.4488262066159
10498.046875,-27.93523891749821,-21.83624736175182
10504.150390625,-28.88607849982085,-169.9197980862927
10510.25390625,-29.80321457304843,57.59914037140194
10516.357421875,-33.09299709483145,-109.1895895991665
10522.4609375,-33.83680559788446,69.96755977192441
10528.564453125,-30.58068000420502,-121.9693110403385
10534.66796875,-28.6208231148081,34.2851073823312
10540.771484375,-30.13462419513606,-157.5751978755888
10546.875,-33.25327458235576,17.9481017132848
10552.978515625,-36.01582145183179,178.3781059054022
10559.08203125,-36.40710821022407,-32.01770019885877
10565.185546875,-31.95549540212405,133.7682544235313
10571.2890625,-25.91147356520164,-41.13890044371266
10577.392578125,-24.69166996880877,147.1094185479164
10583.49609375,-26.44821737974876,-23.27173823755495
10589.599609375,-27.07878748952162,178.8750066569969
10595.703125,-28.9582877131953,14.80298688139304
10601.806640625,-35.27170874886702,123.1198970134882
10607.91015625,-35.21339240879185,-95.53270677511756
10614.013671875,-30.00762034515088,83.68059812156744
10620.1171875,-27.71567664399339,-98.31105026647253
10626.220703125,-25.96301552187451,73.60593185201822
10632.32421875,-25.60860114505912,-107.4448857544458
10638.427734375,-27.92598002994832,76.83287745150864
10644.53125,-31.17634108898449,-131.6462809358924
10650.634765625,-33.71373468742037,-21.87255281836493
10656.73828125,-36.6893733556464,133.7925662542281
10662.841796875,-34.42423831610171,-50.51264743972558
10668.9453125,-30.8711043380407,145.2150305512178
10675.048828125,-26.42335619141486,-3.709095564459008
10681.15234375,-24.39658721250202,-128.8833974047504
10687.255859375,-24.63792531062818,72.20934333349469
10693.359375,-26.97136735741369,-97.80689585389732
10699.462890625,-29.92521968782031,97.16662987960972
10705.56640625,-26.89355922844915,-75.32122222422572
10711.669921875,-22.81647739948812,108.8895570790541
10717.7734375,-21.76421463870016,-15.95334107028046
10723.876953125,-21.94946823588953,-99.65175500981343
10729.98046875,-23.89909975538403,75.64453942688006
10736.083984375,-26.52827809850141,-126.6917806967369
10742.1875,-27.20344738613007,45.42613074723085
10748.291015625,-29.30968709739714,-128.1138061251464
10754.39453125,-29.69034463670166,59.69381698490417
10760.498046875,-33.28471128975681,-106.1656998854534
10766.6015625,-35.44503599441826,115.0901540807335
10772.705078125,-32.3522416326143,-46.67690222848832
10778.80859375,-33.34627095962156,131.8070712854077
10784.912109375,-32.3044848802177,-42.92950239917182
10791.015625,-30.96964080021512,162.2524996598027
10797.119140625,-29.53380347059598,25.47205502148413
10803.22265625,-29.37931509221112,-145.3493804196873
10809.326171875,-31.67516815481142,27.57485574555068
10815.4296875,-33.10054094304682,-152.1832623708157
10821.533203125,-37.27741548164644,-19.16724382651203
10827.63671875,-41.05705077198629,156.991662219677
10833.740234375,-36.26154458667152,-16.57512419157361
10839.84375,-35.29270127985296,164.7315182737914
10845.947265625,-33.59227523631714,-18.30495536511576
10852.05078125,-30.86397503125119,149.2643582439407
10858.154296875,-28.9831514283557,-66.65535519904672
10864.2578125,-28.36950849385533,112.280816383647
10870.361328125,-28.5352899388747,-50.98898993677135
10876.46484375,-28.08044338745383,136.0212006536567
10882.568359375,-29.10888935176667,-43.32313642340444
10888.671875,-30.93844608274247,150.0785641287543
10894.775390625,-33.63934165469154,-16.92035679440195
10900.87890625,-30.54897091115325,159.3888021060992
10906.982421875,-26.79318263787092,-24.7807063071771
10913.0859375,-27.06321519290366,147.3193435872977
10919.189453125,-26.99645406132735,-42.17794756880386
10925.29296875,-27.40117462432978,133.7714211133292
10931.396484375,-35.01945025243892,-51.80544228814303
10937.5,-33.13793663215144,128.603826728933
10943.603515625,-33.69920477093351,-6.735143722140152
10949.70703125,-35.58905383444323,-101.8041908476466
10955.810546875,-31.87562750660416,79.9045960873984
10961.9140625,-26.47960118085605,-133.7984704282192
10968.017578125,-22.76534068232872,6.965069758484551
10974.12109375,-23.51700262788844,160.0099438967891
10980.224609375,-27.71495187893351,-25.61923327026798
10986.328125,-28.31226244286617,166.3114113336664
10992.431640625,-25.54917201763068,8.643953585080931
10998.53515625,-23.12928577504342,-141.660350002604
11004.638671875,-24.44463568301608,63.25117500009281
11010.7421875,-27.64524226240697,-117.6842403687418
11016.845703125,-29.09947142324501,7.193378314405523
11022.94921875,-29.29741854025652,146.3455973485942
11029.052734375,-30.36806749704088,-29.65256144765478
11035.15625,-33.92321907695599,157.7672781165602
11041.259765625,-34.45004079134074,-16.11918076869862
11047.36328125,-33.88242356438759,165.9558871686069
11053.466796875,-37.67517286775919,-29.40744482648962
11059.5703125,-39.41897581076461,132.5592209433791
11065.673828125,-34.38840747571243,-68.73453128041996
11071.77734375,-30.82951123130706,78.17534319232428
11077.880859375,-28.53888838079104,-161.2930179676327
11083.984375,-26.59722834525937,-71.56694454742231
11090.087890625,-25.74754773337698,71.98962816787792
11096.19140625,-25.30399082417297,-105.209845012463
11102.294921875,-25.87772173744144,83.55249412650984
11108.3984375,-27.97898604832008,-90.12895747520456
11114.501953125,-30.54464895396224,115.7138450908834
11120.60546875,-35.97022852169821,6.402707148064198
11126.708984375,-30.6732128922898,-99.7284080103355
11132.8125,-25.85562901870274,98.59471027834014
11138.916015625,-24.75602336708473,-80.9210705559762
11145.01953125,-25.36846003979205,78.88424872425129
11151.123046875,-27.05432236858238,168.2772855875324
11157.2265625,-26.72557701166466,-15.06131345727981
11163.330078125,-25.56198226714799,163.5528266855276
11169.43359375,-24.4854926809067,-18.06776333270704
11175.537109375,-24.77548046949462,169.5992927477941
11181.640625,-26.61826512832688,-112.770108146261
11187.744140625,-29.62680693687728,54.95562434417158
11193.84765625,-36.88806219799324,-131.0067731217585
11199.951171875,-34.481143854541,36.70103146346908
11206.0546875,-27.57010561420104,-142.0423681578671
11212.158203125,-26.84012125255789,43.29951834435006
11218.26171875,-29.52281776417547,-148.9971325367274
11224.365234375,-29.92775923457505,-12.35672717509958
11230.46875,-24.2040398771044,124.2704223335563
11236.572265625,-22.48292718198853,-70.48922361979415
11242.67578125,-22.33819550542395,92.47998017475705
11248.779296875,-25.01705915951099,-113.072361778403
11254.8828125,-33.21692186713414,27.65453869918877
11260.986328125,-40.48634445221489,-171.9948469529404
11267.08984375,-35.04498880383748,-2.1022527950699
11273.193359375,-31.82300014087328,164.5777264752243
11279.296875,-29.21869002930956,-40.09361677035917
11285.400390625,-30.47305678463859,89.68718686081
11291.50390625,-29.68416966166703,-122.4472365126446
11297.607421875,-27.1749155670532,49.27459046041842
11303.7109375,-26.82000770618947,-115.722058628536
11309.814453125,-26.73908822802986,79.41135429408246
11315.91796875,-27.46781425454955,-96.18344105538526
11322.021484375,-30.92261204409235,85.73390361107684
11328.125,-34.54026548727197,-99.18476626382959
11334.228515625,-30.38998921976184,79.27771203937699
11340.33203125,-28.97545406492674,-85.18372509375702
11346.435546875,-29.96217732765146,127.1253400626665
11352.5390625,-32.23821683803941,-18.1153396394146
11358.642578125,-36.20129139224851,-176.8188374273818
11364.74609375,-37.65040245798534,26.62733162870135
11370.849609375,-32.12342749263119,-152.3876129515817
11376.953125,-30.35952391739859,24.30523654984151
11383.056640625,-28.13646353361172,-146.4437684262579
11389.16015625,-27.78569451840127,30.67271058647507
11395.263671875,-28.74400502062189,-148.031098518634
11401.3671875,-30.19064281216936,43.09945053785331
11407.470703125,-32.11521869654315,-122.9449605240987
11413.57421875,-33.79234122592876,70.32219387119699
11419.677734375,-31.00860422111874,-88.15586966619247
11425.78125,-28.11145053496179,143.385132958548
11431.884765625,-27.06934426666411,106.4799679639949
11437.98828125,-28.23844158698778,-47.98908539780658
11444.091796875,-30.85771153048616,154.7705404431122
11450.1953125,-32.53368411597442,-10.86950124500182
11456.298828125,-33.58590517354106,-161.6390054285403
11462.40234375,-30.98220623927111,87.84408778888155
11468.505859375,-29.16538531000164,-78.18629882010801
11474.609375,-28.30585766973276,110.1415702107303
11480.712890625,-27.20712140400919,-72.3898353588112
11486.81640625,-27.73151841155204,95.79476728214453
11492.919921875,-27.60605596545744,-93.89882298666255
11499.0234375,-28.66093470736235,73.0915872304502
11505.126953125,-28.30605567392148,-108.1654200374253
11511.23046875,-27.0606594002128,167.7713687091578
11517.333984375,-27.57977473477886,-0.4935724383722199
11523.4375,-28.55976513918118,176.7964291785385
11529.541015625,-29.68252096111534,27.27405715243295
11535.64453125,-29.96924924382478,-76.69562030266214
11541.748046875,-29.1315296002845,146.4634742574706
11547.8515625,-29.01580739753717,25.95483988907388
11553.955078125,-29.16194613775217,-130.7862004425398
11560.05859375,-31.10258731347975,52.64276431189009
11566.162109375,-33.65071069958667,-135.9767978587808
11572.265625,-37.92067132376107,-6.80249360633379
11578.369140625,-41.07217939430715,87.65985259453876
11584.47265625,-31.50179911149646,-107.4095198577982
11590.576171875,-28.50884485787664,68.77116016893912
11596.6796875,-26.25730233171728,-108.1615531872077
11602.783203125,-26.50783165019055,-169.2109898388707
11608.88671875,-30.7880469214407,19.64679097569746
11614.990234375,-38.36540790080183,176.5863333473457
11621.09375,-29.71530377402671,-38.08769408899678
11627.197265625,-29.43732949236637,122.1873881536906
11633.30078125,-32.92524756654004,-80.53598820968155
11639.404296875,-35.91475639993917,72.94704358525759
11645.5078125,-34.84336400090331,-135.3660396716152
11651.611328125,-32.03090394813464,-11.68701973225448
11657.71484375,-33.24548000794932,97.56424849859071
11663.818359375,-41.03484008825858,-133.9201679753471
11669.921875,-39.62289333854622,18.50353014822982
11676.025390625,-30.43651849158938,-177.2311237550157
11682.12890625,-24.7559080656664,-27.86595857955104
11688.232421875,-22.41434882111066,87.52854010243254
11694.3359375,-21.57324563608369,-113.5248020121977
11700.439453125,-21.77852214161846,56.02074648234554
11706.54296875,-23.21766032540852,-134.1610760824374
11712.646484375,-23.5010566856241,40.14389090661471
11718.75,-23.42489452969156,-156.8795769839493
11724.853515625,-23.19113682539101,-4.749022701884753
11730.95703125,-24.88276088203573,-124.8448779227828
11737.060546875,-29.32644338547628,103.5400336337545
11743.1640625,-33.95069243949138,-79.08797264291888
11749.267578125,-30.69447864751033,103.8131259800894
11755.37109375,-29.53593388088698,-63.99988504522698
11761.474609375,-32.59293612226537,120.007371167784
11767.578125,-37.68083540664671,-61.19056308145694
11773.681640625,-39.8980550404604,113.459707901299
11779.78515625,-32.55243323356186,-73.20347266889596
11785.888671875,-29.53517660308501,113.1550270651014
11791.9921875,-30.21676014676657,-33.44945431901925
11798.095703125,-30.7908125105767,-107.9230007378939
11804.19921875,-26.84472908920052,93.23862445427625
11810.302734375,-27.01525216271939,-59.13366872687618
11816.40625,-30.30449334652924,141.8264290306841
11822.509765625,-42.44869505644328,-32.33729047419622
11828.61328125,-29.56851482586338,104.1700754965472
11834.716796875,-24.0624998400201,-124.9361036666581
11840.8203125,-23.20860063606818,43.79556890846459
11846.923828125,-23.96594436048755,-128.1689269273969
11853.02734375,-25.04764293029018,63.77717226036397
11859.130859375,-29.84899836833727,-68.83564718874879
11865.234375,-30.35208742947902,-154.6011992643951
11871.337890625,-28.16746444837084,48.5838628463846
11877.44140625,-28.47511982291825,-136.4455511794315
11883.544921875,-28.97217516324573,33.9939747900316
11889.6484375,-31.44235457215536,-157.5667861673811
11895.751953125,-31.30122987745172,20.76585235351286
11901.85546875,-30.5544253810686,-122.3912720316347
11907.958984375,-31.81700860652293,96.23429297006773
11914.0625,-29.61003512821577,-25.31196958933035
11920.166015625,-25.40783990135258,174.9792266025119
11926.26953125,-24.22068544646246,18.09022803524282
11932.373046875,-24.57769746068279,-142.7711458723381
11938.4765625,-25.56811888937508,43.98785942185603
11944.580078125,-29.23214394330378,-103.1487071138471
11950.68359375,-35.91219632646448,109.6686985683932
11956.787109375,-34.31619233481406,-56.59078034451211
11962.890625,-28.47698441893273,115.6778125921561
11968.994140625,-27.95345346508192,-32.75806572138094
11975.09765625,-31.95537212293652,-146.3294044430942
11981.201171875,-33.47486924454869,46.61071130887551
11987.3046875,-33.56783046641272,-139.3153458762655
11993.408203125,-32.82929677297809,35.5169413182246
11999.51171875,-32.93352051833585,-145.8286834839443
12005.615234375,-38.15989203708394,30.97898563633015
12011.71875,-41.57074014366465,-151.6793954398446
12017.822265625,-34.89146910184289,36.94854896481247
12023.92578125,-35.00951528326182,-130.4066334460402
12030.029296875,-31.55291230298752,55.10055866323543
12036.1328125,-26.21217423807296,-110.1743360392073
12042.236328125,-25.59777503005389,107.3240322457022
12048.33984375,-28.06573608390745,-25.83830647173064
12054.443359375,-30.48062592067943,178.3805567555032
12060.546875,-31.15195117849447,-9.553029637357417
12066.650390625,-29.37867615232583,132.4611029475668
12072.75390625,-25.96677264638495,-107.3382297768798
12078.857421875,-25.40008516954124,49.29031778702628
12084.9609375,-26.61548181344087,-87.58723752982063
12091.064453125,-28.33984801532576,103.856466169241
12097.16796875,-31.44430237446775,-93.20262550302517
12103.271484375,-37.064839066564,79.94053689243249
12109.375,-49.7988939425838,-105.944380033194
12115.478515625,-36.23436393398278,75.95348889670244
12121.58203125,-31.68061188526825,-85.93522487736072
12127.685546875,-32.54571016325724,138.4560144974499
12133.7890625,-35.17069586521548,-0.2601405341562253
12139.892578125,-35.62079960418587,-166.2216138330457
12145.99609375,-31.68756792438592,37.76897005887951
12152.099609375,-34.51304451508955,-90.19317231041391
12158.203125,-42.64864315688641,77.85207912055833
12164.306640625,-30.33369334778504,-161.9550498083129
12170.41015625,-28.82915338106076,22.97447908469781
12176.513671875,-36.76723892053514,-154.0387690914818
12182.6171875,-32.68002055338498,23.10787444261157
12188.720703125,-29.21712979759032,-158.8163253690273
12194.82421875,-26.18826297062366,25.7782008223814
12200.927734375,-24.24293780121033,-155.8170952761203
12207.03125,-24.74034423600486,-10.28484357912544
12213.134765625,-27.46776543449265,130.8077036786239
12219.23828125,-31.86411651174371,-41.62331621423322
12225.341796875,-35.10143244982619,155.3148805438748
12231.4453125,-31.25534551064711,-21.18743149152998
12237.548828125,-33.99826204449526,151.3242113986613
12243.65234375,-32.60558999649981,-29.84859087590266
12249.755859375,-29.36543532471097,139.5715971765592
12255.859375,-28.02167852602864,-83.26663990417322
12261.962890625,-27.81731204893769,41.89409779203593
12268.06640625,-29.93866558287064,144.8838836447185
12274.169921875,-34.56934143286403,-43.06318368661834
12280.2734375,-31.81055750258123,108.2171985525188
12286.376953125,-30.53471924166836,-148.1941429738308
12292.48046875,-30.04074995958032,-2.240779061012733
12298.583984375,-31.89211888616219,164.682107569402
12304.6875,-33.79202186033417,-33.39135251013359
12310.791015625,-31.54049257522086,125.5151563176319
12316.89453125,-27.4960053178483,-90.81157420910094
12322.998046875,-24.89641215975148,59.14883234482279
12329.1015625,-25.03605463156309,-143.2912996497671
12335.205078125,-26.54479079425603,18.95203886576619
12341.30859375,-30.85662458519082,173.9664654853859
12347.412109375,-35.8388080891348,-45.07713539732637
12353.515625,-39.130954992043,66.50232868414767
12359.619140625,-33.65301200131763,-133.9758573196033
12365.72265625,-29.1615211372121,43.44635703373504
12371.826171875,-27.45275066826362,-139.4556164932352
12377.9296875,-26.66742728955893,56.72812144563648
12384.033203125,-25.79196246663567,-59.42562660381368
12390.13671875,-26.06182627304447,156.4833908016305
12396.240234375,-28.36766518879161,-20.86045145426863
12402.34375,-36.49761566032904,146.9772988984302
12408.447265625,-35.04671609838894,-25.90607186334232
12414.55078125,-26.20361742284369,-175.6749302594272
12420.654296875,-25.27042801301173,11.6886880184192
12426.7578125,-26.48319535422623,-176.9953288055461
12432.861328125,-27.40896447496207,26.10817207071526
12438.96484375,-32.80204869624139,-103.1992838534152
12445.068359375,-51.21559247892252,80.05083964433321
12451.171875,-38.15262523134039,-110.2060055992729
12457.275390625,-34.47290862127441,55.33256195840258
12463.37890625,-36.62711871215751,-141.8455746697479
12469.482421875,-41.80736211982093,20.09340484534219
12475.5859375,-48.68077223965032,-168.9003565603375
12481.689453125,-33.49383056070296,29.71147718853119
12487.79296875,-29.01319620096211,-128.794600251065
12493.896484375,-27.99508867684111,63.56203368018364
12500,-27.61776691696945,-109.6322530314559
12506.103515625,-27.6624905928848,65.7972287750185
12512.20703125,-28.20402242994052,-134.4703522430542
12518.310546875,-28.63970098718902,-33.41731325386295
12524.4140625,-29.58950843991626,117.4326971946773
12530.517578125,-30.6258713468243,-52.94470825108699
12536.62109375,-31.92425592635651,100.9456727587609
12542.724609375,-31.77755326162162,-114.8421211268325
12548.828125,-33.44400068990167,98.24920196458955
12554.931640625,-39.13862384933257,-82.55651059048239
12561.03515625,-37.26911653595687,103.6005138095446
12567.138671875,-35.36352115726394,-53.62518901766004
12573.2421875,-28.59643854716523,128.1312154182741
12579.345703125,-24.11712374215458,-73.32794540753424
12585.44921875,-22.0136845603961,106.3436781799215
12591.552734375,-21.53732086895747,-55.9568360723111
12597.65625,-22.04997622309215,124.0638229140276
12603.759765625,-24.68615128447308,-66.27429195920605
12609.86328125,-33.18226083056685,101.8395501354424
12615.966796875,-40.75188809529543,-86.93433510839866
12622.0703125,-31.88640494652602,77.99462259873303
12628.173828125,-29.73956178256081,-120.9869822897392
12634.27734375,-29.04240931802418,69.11078130322977
12640.380859375,-28.52425904022083,-85.80847261141399
12646.484375,-29.77606725985451,91.05777208083768
12652.587890625,-34.64325419190164,119.613810694281
12658.69140625,-30.15474757939718,-80.11358352208505
12664.794921875,-26.88478650262401,104.6116909637949
12670.8984375,-28.81198736738441,-55.09761330974131
12677.001953125,-32.70860595287879,148.4202609342036
12683.10546875,-34.32798197505099,3.185378476798669
12689.208984375,-33.90098754133771,-115.5651499323216
12695.3125,-33.3508202376228,140.478708142986
12701.416015625,-33.90070332733544,0.5951038323397261
12707.51953125,-30.75631095544322,-173.5746822615133
12713.623046875,-28.75034794829201,8.145192675050769
12719.7265625,-28.84094335366367,-171.2001945560985
12725.830078125,-28.99029142588311,23.44305752769672
12731.93359375,-27.00250505696363,-31.99852244047718
12738.037109375,-25.11735848909704,-179.6846790478459
12744.140625,-25.16762814131809,-107.7972447445634
12750.244140625,-26.3050529487173,40.61316635591017
12756.34765625,-28.52036406031613,-141.616135133221
12762.451171875,-31.36858386622747,16.49418627258941
12768.5546875,-30.638898376442,158.8672585837605
12774.658203125,-25.96940031885246,-17.22993300113139
12780.76171875,-23.01909192584381,174.0475522653263
12786.865234375,-22.24620561137092,14.46919106175117
12792.96875,-22.13060309496255,-136.1141881826199
12799.072265625,-22.01056443415908,53.27844395287362
12805.17578125,-22.61725999468233,-130.4855155751175
12811.279296875,-22.66001537966572,52.90203744511724
12817.3828125,-22.7516846537516,-121.6119930209138
12823.486328125,-23.98274041207522,73.21511573848387
12829.58984375,-25.66563797957819,-45.26865913498874
12835.693359375,-28.97242945779649,-24.58144810262414
12841.796875,-36.00729643938047,155.2729305325252
12847.900390625,-35.27970729409267,-20.83368807469976
12854.00390625,-34.17841951047998,153.0047958670182
12860.107421875,-32.17648643816842,-38.96984624808249
12866.2109375,-32.59437886135032,130.5578202063054
12872.314453125,-39.93530309436841,-52.4250796310563
12878.41796875,-32.92502452819827,140.841169920357
12884.521484375,-37.36762694748857,-9.19145019164379
12890.625,-37.77245385492839,-169.1877554633793
12896.728515625,-35.59501231810064,29.8494707635302
12902.83203125,-30.14083803175106,-129.1147491617124
12908.935546875,-27.6135446859622,87.54829576510447
12915.0390625,-25.84247958328151,-6.960925985797108
12921.142578125,-26.7563409310758,-129.4030108564914
12927.24609375,-31.07990658639854,69.40447521286991
12933.349609375,-34.78820991900118,-81.64154423323403
12939.453125,-31.23640696502775,113.2499373357808
12945.556640625,-29.73202678933496,-58.20310309631596
12951.66015625,-32.33770002477304,144.7710762492848
12957.763671875,-33.00081503210026,-57.01069612703168
12963.8671875,-27.32544950969525,55.24679094610405
12969.970703125,-24.18688118270677,-158.5397095816242
12976.07421875,-23.76303627278356,-20.31872957482381
12982.177734375,-24.25982539564761,122.5024142326365
12988.28125,-24.05165161194823,-99.44396633652703
12994.384765625,-24.38373047448215,63.16482461647478
13000.48828125,-27.77588629602521,-93.05370691444921
13006.591796875,-31.09300964069098,122.8214372669361
13012.6953125,-32.93230294372,-36.90455680695732
13018.798828125,-31.66684917455473,147.548576418747
13024.90234375,-31.2731814839556,-51.55212240169034
13031.005859375,-27.9930296501981,111.4379569911598
13037.109375,-25.81401311839221,-72.36888422744894
13043.212890625,-27.34971085506053,98.86094959077802
13049.31640625,-28.56461202434834,-31.13797755053844
13055.419921875,-26.97745068333604,-176.5178327585182
13061.5234375,-24.2977500344872,15.53470239456818
13067.626953125,-22.37875394109508,-172.6969432042773
13073.73046875,-22.59242971794193,0.3314204672944002
13079.833984375,-24.79477039074231,-173.9290147703578
13085.9375,-28.11850623102668,4.942001137405774
13092.041015625,-29.24203190181851,175.6237104023497
13098.14453125,-30.54714481835644,-5.661462034647895
13104.248046875,-32.75131133878423,170.0701215377932
13110.3515625,-31.09569134532918,-124.7274453780632
13116.455078125,-27.91769606557903,48.67165881261896
13122.55859375,-24.91617838357195,-122.7694891453047
13128.662109375,-26.07614606257179,71.43958574920163
13134.765625,-29.57896622990782,-88.79389773408801
13140.869140625,-31.40769914770621,120.4478388755081
13146.97265625,-32.43586974647082,-1.649510345012672
13153.076171875,-32.25616678437973,-156.1328768183842
13159.1796875,-37.20831115312379,23.97699249936768
13165.283203125,-48.57024104783684,-157.4978586809935
13171.38671875,-39.60915151208571,24.80620192575238
13177.490234375,-28.73949353447484,-155.0869068965101
13183.59375,-24.81410949846286,68.42506102546967
13189.697265625,-23.87786918735173,-40.49770254803754
13195.80078125,-24.05229612985903,142.4603269027698
13201.904296875,-24.9869278941529,-42.78682590612804
13208.0078125,-26.0546377382663,138.4821157395638
13214.111328125,-27.56425084269886,-48.33637082065529
13220.21484375,-30.60035923588102,120.4182916720986
13226.318359375,-31.5583030827684,-66.60825980195987
13232.421875,-30.85527384314904,99.14332064512973
13238.525390625,-30.86007458608389,-88.15383676997941
13244.62890625,-30.86978454323781,102.2951327222005
13250.732421875,-31.56915761392377,-69.20970446384493
13256.8359375,-33.69001847344833,135.9181948591079
13262.939453125,-34.76191916809673,-34.02617429278487
13269.04296875,-33.61847428123563,141.9721003255648
13275.146484375,-33.36969023814247,-41.47206382976459
13281.25,-36.4113788910791,120.945230304298
13287.353515625,-30.46922117928754,-93.11193146461304
13293.45703125,-25.86759147853254,85.69615957552136
13299.560546875,-23.11344913093125,-71.34869056218696
13305.6640625,-22.61206092992081,119.6288108052827
13311.767578125,-25.19100062837619,-54.80652381932343
13317.87109375,-29.70528654562795,111.9858327481091
13323.974609375,-33.60343228945127,-145.3486328606239
13330.078125,-34.50528156649356,-19.79576211974924
13336.181640625,-33.78893074158572,149.1902853742488
13342.28515625,-33.46060938572663,-21.75484396591886
13348.388671875,-31.71727925087848,-174.2191763555912
13354.4921875,-33.73658159905577,29.67219600951783
13360.595703125,-47.67798561565562,-163.0034423447529
13366.69921875,-47.45505082863919,15.08861921035499
13372.802734375,-48.07925270690728,-168.9465499547357
13378.90625,-35.41794229123811,3.257798109644964
13385.009765625,-29.59894838746471,-176.5908602424594
13391.11328125,-26.26586951246256,6.164701057350023
13397.216796875,-24.17743033850767,176.878836891413
13403.3203125,-24.65505455328894,-9.509395112949067
13409.423828125,-25.24037384859779,-176.7463231569131
13415.52734375,-24.06894970708375,24.9638158434944
13421.630859375,-23.09579576837327,-126.6558267142091
13427.734375,-23.87451500806613,75.50422583456773
13433.837890625,-26.05436720396483,-124.9426913433234
13439.94140625,-27.90548288208907,-9.322387046666448
13446.044921875,-28.02923414162671,148.21716515312
13452.1484375,-27.30835289996611,-43.27176637298864
13458.251953125,-26.66792264311228,133.9181622913602
13464.35546875,-29.68810033714949,-45.36893858688912
13470.458984375,-37.38762960549164,133.0097444785751
13476.5625,-30.16767716463995,-37.66936440978955
13482.666015625,-27.18590796321125,159.1056783469511
13488.76953125,-30.1681657748366,-12.80820709346391
13494.873046875,-31.40944841409829,-178.1658672648768
13500.9765625,-24.95796791610628,18.09829686370754
13507.080078125,-22.18172452877992,-161.057539051052
13513.18359375,-22.71792773652428,-2.324431939892099
13519.287109375,-25.02153979444319,129.1229376106779
13525.390625,-26.43786308559475,-76.33384537872256
13531.494140625,-26.19815447626048,82.89062155209835
13537.59765625,-28.0472892116962,-117.9322723705422
13543.701171875,-31.57255883395585,53.24333820443616
13549.8046875,-41.51010721901754,-145.0106938415989
13555.908203125,-32.38049824527592,122.446712057121
13562.01171875,-28.94955484993932,3.780243289880208
13568.115234375,-28.90423028365204,-137.7281479108663
13574.21875,-29.24344816084506,62.16945721608764
13580.322265625,-34.43096955589732,-103.5941476931439
13586.42578125,-38.25734087063899,89.48105408571041
13592.529296875,-34.74480121358427,-102.3376588695981
13598.6328125,-31.84119037707632,23.58041266645898
13604.736328125,-28.71604353723635,161.1778999055406
13610.83984375,-29.65768686109407,-40.61015641360979
13616.943359375,-30.70514533010516,119.9972178361598
13623.046875,-30.81948276160086,-53.8280839117833
13629.150390625,-27.43412909929368,154.5788222609387
13635.25390625,-23.73692410187262,-53.55148135284269
13641.357421875,-23.61800965077066,119.9184692353713
13647.4609375,-23.79753511969204,-91.39437561383058
13653.564453125,-22.97860016638495,26.29222688355264
13659.66796875,-23.29836165361154,-178.4562983747774
13665.771484375,-24.70420445367834,-20.10497086791706
13671.875,-26.06241448274151,155.444765375235
13677.978515625,-27.46628689004109,-22.5102411467787
13684.08203125,-30.23132992991955,148.878420586071
13690.185546875,-33.83850957044569,-29.00386592470239
13696.2890625,-31.70407323768426,155.672356107053
13702.392578125,-26.03597653885009,-33.99662187787681
13708.49609375,-22.35586257004163,142.4692312230009
13714.599609375,-21.74250183001774,-35.65271537278316
13720.703125,-22.97332576780719,155.1804589152456
13726.806640625,-24.71733348439518,41.93962065565873
13732.91015625,-26.38103242832914,-98.06623662076399
13739.013671875,-24.98016840521439,130.1126801969295
13745.1171875,-22.27063736664856,11.60164386512677
13751.220703125,-21.56309359527151,168.3765713881907
13757.32421875,-22.11669452010227,-27.30311105838192
13763.427734375,-23.26946649975873,106.1422757302052
13769.53125,-25.25176077289503,-80.26872977889128
13775.634765625,-28.65814069307804,104.5493095393339
13781.73828125,-35.6348049005644,-74.38975894020442
13787.841796875,-41.70345832195666,97.06737550606643
13793.9453125,-35.34421526249879,-173.9290805939102
13800.048828125,-33.22625529195642,-16.29879145133746
13806.15234375,-28.05856101663331,154.3025644659081
13812.255859375,-24.63524773193738,-32.72112526022278
13818.359375,-24.08832636566958,143.5063346106872
13824.462890625,-24.64547759020207,-25.50929523295524
13830.56640625,-26.25760014712455,178.0620125085447
13836.669921875,-29.74522338619391,8.023368814448663
13842.7734375,-31.87418874544622,-154.4759670731597
13848.876953125,-29.2598747363757,31.09767226758623
13854.98046875,-26.34877452522189,-153.9298727054928
13861.083984375,-25.0482309264526,6.191507662227179
13867.1875,-25.20106849488002,158.2671971736531
13873.291015625,-25.799708274374,-37.77125585884169
13879.39453125,-25.34719832688924,128.5028182324671
13885.498046875,-24.66723990886593,-60.98516026800186
13891.6015625,-24.27443879140369,109.3635578662883
13897.705078125,-25.05858150114432,-97.20006752216825
13903.80859375,-27.69289465813753,71.1999060189313
13909.912109375,-29.90293242815961,-108.9910684569526
13916.015625,-32.35885914803171,66.34810608416296
13922.119140625,-35.1322936355408,-131.5730448069442
13928.22265625,-39.76094595192669,20.86366496249651
13934.326171875,-38.80733638905622,151.8307499490523
13940.4296875,-36.18912543400253,-52.31005708474297
13946.533203125,-41.20753055845968,112.7969398651161
13952.63671875,-34.69202859363446,-86.52603055655914
13958.740234375,-28.43311903097636,93.25630907529076
13964.84375,-26.91453277106974,-89.62070497925552
13970.947265625,-27.07910170009492,-84.53270369133264
13977.05078125,-27.23801359076123,93.3747366315297
13983.154296875,-27.56791148354895,28.95983083951528
13989.2578125,-28.700316557262,-153.7028749216223
13995.361328125,-29.48806209507812,23.52635693591094
14001.46484375,-26.82395818310087,-155.372397277455
14007.568359375,-24.45122564390489,14.54437347508058
14013.671875,-24.05481151531669,169.7144029677305
14019.775390625,-24.96294229230412,143.0134322163285
14025.87890625,-28.63552446324011,-43.0945156177801
14031.982421875,-36.36699842226042,142.428001103858
14038.0859375,-32.57265910734743,-24.53980555846461
14044.189453125,-31.73264541007829,155.936980783311
14050.29296875,-35.59869227255756,-23.5699165247314
14056.396484375,-47.48658243173438,175.0559188808527
14062.5,-35.34670712079362,8.366719327891015
14068.603515625,-29.17568705059021,-153.9906672386246
14074.70703125,-26.13575744286518,105.0442813392648
14080.810546875,-23.31689537840916,26.29894842754226
14086.9140625,-21.8339858116879,-142.5083256069534
14093.017578125,-22.04780581410954,37.82194120534574
14099.12109375,-23.78896323582823,-137.5129452729715
14105.224609375,-29.13468860908511,52.71449603615799
14111.328125,-40.85567040533719,-100.0543710801884
14117.431640625,-32.69794422295845,117.9328796017227
14123.53515625,-31.30426856991378,-49.96962913828926
14129.638671875,-30.29836403411743,125.3123177454499
14135.7421875,-30.22319421898066,-76.99589617974017
14141.845703125,-32.27494970787492,84.43501907056326
14147.94921875,-31.87254971906942,-108.7313888202367
14154.052734375,-33.08726751426012,60.41391138806182
14160.15625,-34.43294651518785,-124.1452871404988
14166.259765625,-32.04997080671578,46.82747367254539
14172.36328125,-33.81819486390649,-142.5690469057308
14178.466796875,-41.6514855942667,59.84269071654287
14184.5703125,-31.27747811195983,-75.72585819581134
14190.673828125,-24.50000066529869,118.4819140284653
14196.77734375,-23.02962024867188,-48.51915859569905
14202.880859375,-23.0988022396156,146.1800938146193
14208.984375,-24.3809563463746,-25.30763869129468
14215.087890625,-26.44523479172033,-152.8084183814432
14221.19140625,-29.13592493823886,60.36617834075369
14227.294921875,-31.68661671752366,-135.1692237750057
14233.3984375,-37.21282328932409,20.76310138511813
14239.501953125,-50.32591911346447,-161.8605319894463
14245.60546875,-31.07858759126828,45.01555483415506
14251.708984375,-25.8609239248797,-115.2583806715872
14257.8125,-24.89303140377002,73.89141957213357
14263.916015625,-24.63028606259423,-109.3816590056212
14270.01953125,-25.51170156336964,67.05006582047213
14276.123046875,-28.20226170327363,-110.6142304667112
14282.2265625,-27.86800217703179,68.11439588932521
14288.330078125,-26.34551584433497,-121.8795789969628
14294.43359375,-27.71025475188276,45.81081251898157
14300.537109375,-28.40718130948286,-152.8293887343003
14306.640625,-28.16066410118258,149.4676593309168
14312.744140625,-28.25570907596898,-30.79624294125023
14318.84765625,-29.20600695197169,164.808457847533
14324.951171875,-35.32667646429128,20.68473991357159
14331.0546875,-39.09963133691618,-98.01221437816677
14337.158203125,-31.2391194842373,139.3404963491426
14343.26171875,-31.10399997620759,-25.57663346937679
14349.365234375,-31.41994409923287,163.4176937103609
14355.46875,-30.30774664232356,-17.5444918952638
14361.572265625,-28.80393746258098,157.8092031275191
14367.67578125,-28.78917832652393,-45.47779276981655
14373.779296875,-29.14185954847541,63.83927312963179
14379.8828125,-30.56490143250134,-136.3449674222425
14385.986328125,-33.25046585304072,51.23597088737166
14392.08984375,-30.99383229775265,-105.0221873872826
14398.193359375,-31.23918679817362,109.9177547136457
14404.296875,-34.80377020076381,-45.96047291689845
14410.400390625,-31.90594224388786,152.7520718278933
14416.50390625,-29.81935658384421,-8.96849439747249
14422.607421875,-31.50987096714381,169.8512949698421
14428.7109375,-31.28895175883621,-127.6447313350955
14434.814453125,-30.29900419314584,38.03277077556732
14440.91796875,-34.59878215755558,-142.1864498059547
14447.021484375,-42.27782456861075,57.53153440456466
14453.125,-32.24910350575757,-77.5204969657393
14459.228515625,-28.63289787099635,146.2476251153055
14465.33203125,-27.45957814757798,-18.58754940688162
14471.435546875,-26.77497017369411,134.3027290864552
14477.5390625,-26.98513470791724,-84.3120633279035
14483.642578125,-26.21447045328128,80.58232070878122
14489.74609375,-26.74715373706425,-83.84953850058592
14495.849609375,-31.62287911463667,116.9707713246409
14501.953125,-34.59071391317755,-52.48545341537803
14508.056640625,-30.60777698533058,133.6302851001613
14514.16015625,-29.4483974963859,-37.91085955934008
14520.263671875,-28.60078756780116,139.8247800842448
14526.3671875,-28.33673079186434,-64.87052815901869
14532.470703125,-28.73609819101075,103.5650212172254
14538.57421875,-27.62758185369334,-79.83404346565254
14544.677734375,-26.94948753205317,31.56160241637786
14550.78125,-28.67810132901639,-149.020354969668
14556.884765625,-30.16538794059987,22.6823196416865
14562.98828125,-30.95673363844835,-164.0826703518712
14569.091796875,-34.6032530141362,35.83963040535868
14575.1953125,-45.93827012216479,-110.6129749393857
14581.298828125,-34.44785321858482,-163.8166849238998
14587.40234375,-28.83048340734518,29.06470899983048
14593.505859375,-28.26763377832316,-151.551202074426
14599.609375,-30.55592126013265,48.53413143101915
14605.712890625,-35.00991985716482,-103.0422370820578
14611.81640625,-37.7049075822165,103.5585639609286
14617.919921875,-38.59031444843167,-53.59470086637401
14624.0234375,-42.691642514233,111.3156932811777
14630.126953125,-33.43772183629912,-92.18321198806396
14636.23046875,-28.68224174433585,-1.945518821262474
14642.333984375,-28.65663030810596,142.6207938007891
14648.4375,-28.18009704561322,-39.96659160598952
14654.541015625,-29.19607703110258,126.9884598778243
14660.64453125,-39.29884856838559,144.3385170224288
14666.748046875,-44.83735256302471,-43.31999540785736
14672.8515625,-35.29819947572071,115.6216810970039
14678.955078125,-29.75863339491573,-115.2238396722935
14685.05859375,-32.37657845499567,10.92021426680542
14691.162109375,-38.42380608145449,-177.7930447413188
14697.265625,-27.68046973817549,-4.061267454408042
14703.369140625,-22.9904998365253,163.5927810813001
14709.47265625,-20.58505913380803,-29.73695221368828
14715.576171875,-19.28888730474239,135.9147983249886
14721.6796875,-19.20563952877799,-43.12273161298116
14727.783203125,-20.50271065485541,3.316145547614213
14733.88671875,-22.68688129111134,163.3404597927617
14739.990234375,-24.75509840499202,-4.407218914204586
14746.09375,-27.66060484404648,-168.9979766763859
14752.197265625,-31.06465440595067,34.66150969049749
14758.30078125,-24.91114949628173,-93.96914487768342
14764.404296875,-21.62056841115331,122.2693596805836
14770.5078125,-22.19558223652038,-31.31802414740677
14776.611328125,-24.24317791478622,179.5873810487389
14782.71484375,-29.87448095791773,31.54775426968694
14788.818359375,-39.90613739721339,-120.9725740752231
14794.921875,-34.77921489279901,75.20251306124824
14801.025390625,-33.0810402223125,-118.6041754665716
14807.12890625,-36.87799220856109,-23.35127610384394
14813.232421875,-34.94845508082003,146.5276092930415
14819.3359375,-33.05396510070106,-36.64805179306539
14825.439453125,-30.11204948280834,140.5713140114648
14831.54296875,-28.74040312432668,-38.19472082997412
14837.646484375,-34.2656613339973,143.9608081765838
14843.75,-28.72193108020969,-13.08902414772742
14849.853515625,-25.49046810997348,-80.45211431133274
14855.95703125,-24.44403569219138,92.29362906711512
14862.060546875,-25.68246171491927,-87.90814652203441
14868.1640625,-26.74947498197507,91.57443602971846
14874.267578125,-25.73718510417646,-94.87219183215761
14880.37109375,-25.342538200214,48.35647910881613
14886.474609375,-24.22440248856665,147.2602015966757
14892.578125,-22.96060877525825,-50.17384331060664
14898.681640625,-24.00248425022421,125.7144293192201
14904.78515625,-28.50069303844524,-56.43811101052905
14910.888671875,-41.43824807659649,39.94317619362774
14916.9921875,-40.73782033842982,151.7066327300215
14923.095703125,-37.37591639598864,-15.46654758376599
14929.19921875,-38.037398171931,173.681978489506
14935.302734375,-34.6757187027557,-8.711701924438549
14941.40625,-29.25278859894918,168.2380636703225
14947.509765625,-27.5615184307711,-13.70573746905207
14953.61328125,-27.77852416497474,171.6518219418257
14959.716796875,-26.33096275165041,-1.560400663954699
14965.8203125,-27.28393247334626,-176.8827455094132
14971.923828125,-32.81326476633922,12.0305526851737
14978.02734375,-32.1360544062631,-165.3904643499241
14984.130859375,-26.77267655158115,-1.024974626092139
14990.234375,-24.14963248354214,145.6500071625462
14996.337890625,-24.8280477926459,-108.4958946702448
15002.44140625,-25.77457341978786,34.6265020984108
15008.544921875,-26.04794133407913,-131.5777420260455
15014.6484375,-28.39305395019825,65.65763705345891
15020.751953125,-30.97450753053741,-107.6528163730896
15026.85546875,-30.2881788097144,79.94993675677001
15032.958984375,-30.70756460107033,-25.84258558032701
15039.0625,-31.39506534651297,-112.572013817875
15045.166015625,-28.92952902045977,94.76666313828956
15051.26953125,-28.5222229635256,-73.77974755589017
15057.373046875,-29.91461674556415,114.9629793160962
15063.4765625,-30.65253104028091,-43.99883010427489
15069.580078125,-33.84044729798999,166.6402578213211
15075.68359375,-34.89889888386291,28.9809867881319
15081.787109375,-29.31198459905026,-114.4040268792901
15087.890625,-25.399893090184,70.0512826611976
15093.994140625,-25.35608434678423,-111.4617585568392
15100.09765625,-26.80190255926915,52.93752813821892
15106.201171875,-27.52381244277002,161.0070565266632
15112.3046875,-26.77225706671465,-60.83943128837988
15118.408203125,-25.32300083233631,106.3177618287617
15124.51171875,-25.53635323816652,-89.26312196134624
15130.615234375,-26.99972151920188,62.72101157474928
15136.71875,-29.55826324472614,-140.8207886664674
15142.822265625,-30.96554592618169,29.99483197519935
15148.92578125,-28.07431223562356,-150.5482695758049
15155.029296875,-25.07247783138201,-158.8164826174784
15161.1328125,-24.51423529993231,18.30888770864959
15167.236328125,-25.33590592465126,-157.4898620085049
15173.33984375,-28.47690743360511,27.9433896209925
15179.443359375,-38.83081757633689,-131.1765728462846
15185.546875,-42.38950504633976,142.1859884695688
15191.650390625,-39.95319942676061,-9.842049720697934
15197.75390625,-42.64550950054869,169.9803414416954
15203.857421875,-36.4146170531662,-0.7495815065605623
15209.9609375,-34.3420369263758,-107.8338863207368
15216.064453125,-34.69040973208948,77.53404986301037
15222.16796875,-34.2351130760564,175.9873240019206
15228.271484375,-30.65511687397548,-17.44678689194142
15234.375,-30.20014691279281,165.486731694149
15240.478515625,-33.08954362040249,-15.09276815013252
15246.58203125,-42.481798948689,154.9873546171564
15252.685546875,-35.03130053340079,-7.282784860662685
15258.7890625,-32.68341431315413,-141.6455641901665
15264.892578125,-37.29236252412475,8.198842155605877
15270.99609375,-38.4329765024163,179.4827904591633
15277.099609375,-36.48298053067263,14.26753387101569
15283.203125,-53.41819575492931,-165.2219721168753
15289.306640625,-34.69502985341619,-113.919693981039
15295.41015625,-34.09430463345532,47.43708025741688
15301.513671875,-35.15160040939998,-105.5829628465929
15307.6171875,-33.64888964663333,106.3483467871544
15313.720703125,-32.77285338492239,-53.94144667289467
15319.82421875,-31.35271852294913,157.0372802008041
15325.927734375,-30.99524527405083,14.91403413959771
15332.03125,-33.47894414896732,-133.3549053625908
15338.134765625,-38.45946815478013,128.0935884143275
15344.23828125,-42.48917781426843,-26.57116101528732
15350.341796875,-34.95667592973793,157.2325204585077
15356.4453125,-32.69983945675626,-20.13291687686506
15362.548828125,-33.38850142291613,149.1281873428049
15368.65234375,-33.74288277883702,-56.55200246909516
15374.755859375,-32.67603640777831,101.2710882350103
15380.859375,-35.95501124841227,-123.6837401537154
15386.962890625,-31.37230337596382,1.858293710222786
15393.06640625,-25.38929909403144,-179.7367633827673
15399.169921875,-22.66639941979954,12.81809116667593
15405.2734375,-22.17129356221039,-146.9152738826253
15411.376953125,-22.79209904958127,28.27203284634307
15417.48046875,-25.67280302713858,-156.0316338716499
15423.583984375,-32.49284236122133,25.32031728104319
15429.6875,-32.04361593164313,-168.8911541878634
15435.791015625,-27.12773156397822,-1.226733518287449
15441.89453125,-23.66440252900339,-161.3191803772572
15447.998046875,-22.42946529730634,41.86006630233192
15454.1015625,-23.60632478789189,-138.6986784202311
15460.205078125,-27.56514323424675,54.84510510678069
15466.30859375,-33.68454670914231,-117.152421357881
15472.412109375,-30.31370065501106,60.85758648565736
15478.515625,-29.48304194503308,-115.9523283902967
15484.619140625,-26.93610610329623,67.1310313576861
15490.72265625,-22.60635099674219,-118.7628201091423
15496.826171875,-20.38266700235153,53.44713539427877
15502.9296875,-19.78503044380215,-136.7484130260768
15509.033203125,-20.80806368669158,8.35124547632358
15515.13671875,-23.45721880881535,127.5962801442337
15521.240234375,-26.49905522824075,-66.65411256461059
15527.34375,-27.20584420606443,111.0876382931526
15533.447265625,-27.43656576681459,-66.3838145879518
15539.55078125,-27.40385851305025,127.1521570849544
15545.654296875,-27.48579781877035,-25.52050388880745
15551.7578125,-27.23060463178534,174.6865983011311
15557.861328125,-25.80330307652961,-9.308828117544879
15563.96484375,-25.19416768178406,160.3531977965353
15570.068359375,-25.19457385138127,-26.28155034492739
15576.171875,-26.21166132762085,163.3269186175816
15582.275390625,-30.28729145174649,2.757273005500428
15588.37890625,-28.14616195580484,-144.4017508612079
15594.482421875,-23.22784935267673,94.02004211491422
15600.5859375,-20.73284107884048,-60.28300530662779
15606.689453125,-21.50285692667527,125.6090631393738
15612.79296875,-25.39143241784613,-59.42932877274391
15618.896484375,-29.91907116974207,103.4211422300077
15625,-34.4663012175083,-86.943321171809
15631.103515625,-37.61464008927913,112.3710982237902
15637.20703125,-30.39934372702772,-46.70564135516591
15643.310546875,-29.71158093267622,143.5842278737537
15649.4140625,-30.71819187583417,-27.43628250886472
15655.517578125,-29.24657171646535,158.700931708592
15661.62109375,-27.77815941181403,15.69114719924591
15667.724609375,-27.20125660514363,-115.555492239168
15673.828125,-26.23407059978611,72.71271659977006
15679.931640625,-25.79982652799502,-94.727967424064
15686.03515625,-26.61491437196798,100.2962929770916
15692.138671875,-28.94368298169181,-64.82163982142359
15698.2421875,-34.78610397771414,127.8920940482778
15704.345703125,-42.9159123060895,-52.87732642946207
15710.44921875,-29.46234993497387,120.9848901033875
15716.552734375,-26.25834600782776,-61.09424031211769
15722.65625,-26.76863949656041,132.9276740151118
15728.759765625,-30.09715692257561,-21.14051138690019
15734.86328125,-36.19980808678756,172.7141010063781
15740.966796875,-44.35009177136189,4.713696781586599
15747.0703125,-42.23509258119258,-153.6278057611849
15753.173828125,-33.93606057516714,57.19663520232128
15759.27734375,-31.27461543367577,-74.79548557506486
15765.380859375,-32.42141057080937,143.5947653230995
15771.484375,-32.81276470705373,58.07880937383975
15777.587890625,-29.88355106259564,-101.8416047712576
15783.69140625,-27.71623139570379,86.4556912722319
15789.794921875,-27.14565857508497,-86.41240709310783
15795.8984375,-28.62795097857913,90.15354838918208
15802.001953125,-30.29776047371371,-97.71987439651723
15808.10546875,-33.56069066253817,78.3745570563438
15814.208984375,-41.6586744550403,-109.0708887500884
15820.3125,-48.79586149948853,59.38706520927996
15826.416015625,-36.51809694594838,-130.0082043563064
15832.51953125,-33.12947885366634,22.54029978646124
15838.623046875,-31.30089756069619,-179.4154183271885
15844.7265625,-28.00747782977624,40.70017797155314
15850.830078125,-28.05395800891673,-130.5052254831833
15856.93359375,-30.76010316579522,43.01601182915058
15863.037109375,-32.53549846898721,-130.7141422587331
15869.140625,-32.73687737432519,19.55304769139139
15875.244140625,-31.86591824058054,167.667207094724
15881.34765625,-32.86173242986331,-28.97533106111633
15887.451171875,-35.30833986775315,159.3415051931315
15893.5546875,-35.48329708887724,7.002421685773838
15899.658203125,-39.44663160630779,-160.3769920402786
15905.76171875,-30.14526946754711,7.388838367121539
15911.865234375,-27.0600638100987,-176.1914873120586
15917.96875,-27.73286227330592,4.454600826860234
15924.072265625,-27.87668723228995,173.2274730646764
15930.17578125,-26.15370190134884,-17.22182616810835
15936.279296875,-26.3366591982329,159.6709673948208
15942.3828125,-27.20556178111698,-16.74755028424923
15948.486328125,-28.53031480979995,-175.1774273381175
15954.58984375,-32.29737966266243,18.39612428478193
15960.693359375,-33.211148020927,-154.7863382587049
15966.796875,-29.37423293368273,34.17742147270845
15972.900390625,-27.47377054959638,-131.2414822408871
15979.00390625,-26.98379527057141,69.92904860671023
15985.107421875,-28.78053360240168,-100.6866695900052
15991.2109375,-33.87599986111644,78.24737817626897
15997.314453125,-46.21729218864181,-92.03685692183018
16003.41796875,-36.5133103115334,105.5251978881206
16009.521484375,-31.51036323424592,-74.93352105006595
16015.625,-29.74656601400049,84.15072262861155
16021.728515625,-28.41981818969458,-116.0850277668782
16027.83203125,-27.27657681340172,35.86550578020017
16033.935546875,-27.14916235182049,174.2498303787123
16040.0390625,-29.88425383027029,-28.75716619517164
16046.142578125,-36.28123660989369,149.0894679233054
16052.24609375,-36.03047785679041,-3.581130049443413
16058.349609375,-26.46939477634393,-167.7411332465413
16064.453125,-22.21637069028472,17.07139443971421
16070.556640625,-22.04332162148326,-159.7427639857454
16076.66015625,-23.90190970333517,35.60711436484951
16082.763671875,-25.13763012015902,-30.46065727721253
16088.8671875,-26.83317081229796,-157.374543076163
16094.970703125,-28.63642492952929,33.11065334278823
16101.07421875,-27.67683838684732,-141.5924945101324
16107.177734375,-28.2173024418241,42.16035026411496
16113.28125,-29.36669442630643,-134.4640987556469
16119.384765625,-29.28434390855384,50.06958762513768
16125.48828125,-27.48788098234823,-131.506359498257
16131.591796875,-27.42288880669266,-6.400195527760733
16137.6953125,-29.35893579087877,89.7345293444444
16143.798828125,-30.36362615636529,-60.73761745232407
16149.90234375,-30.76879943360245,-156.3007212230516
16156.005859375,-30.68744724562684,65.57207434595662
16162.109375,-30.34842095611492,-95.43350943804599
16168.212890625,-28.86836028836478,114.3028649450791
16174.31640625,-26.77113045785079,-36.67434925172164
16180.419921875,-26.62564532526153,169.7435328987734
16186.5234375,-26.02403820921694,-1.243252317138069
16192.626953125,-24.254928125631,174.1841865196638
16198.73046875,-24.54434270296697,0.00352768276090169
16204.833984375,-26.17749801859241,-167.1824287624545
16210.9375,-27.75818677985396,55.91197673155828
16217.041015625,-28.87929961829153,-129.3913074190183
16223.14453125,-31.50813897355846,31.96962910414977
16229.248046875,-35.63391467026339,162.378717074698
16235.3515625,-33.92800211479697,-59.8292072247398
16241.455078125,-39.61723649595595,86.87192124037718
16247.55859375,-46.36858387260185,-107.4081125067102
16253.662109375,-54.89973714019823,64.83369860625541
16259.765625,-53.60304398963743,-152.3249047549826
16265.869140625,-43.74696424030755,0.8477070941477159
16271.97265625,-32.66088182424757,169.5915600948938
16278.076171875,-30.63552893618783,-22.61866712414373
16284.1796875,-34.42435001099218,149.8981494923374
16290.283203125,-33.63728511236098,-33.63423559408961
16296.38671875,-30.02386648518215,140.7939322408747
16302.490234375,-30.60994375023942,-36.70532396292522
16308.59375,-33.28840313954318,161.620978458713
16314.697265625,-32.75851088206221,31.62931667214897
16320.80078125,-35.81147772275096,-58.66378193301513
16326.904296875,-50.58679666207993,115.6672871239513
16333.0078125,-39.42524732456168,-57.44215117423428
16339.111328125,-32.00449876856534,133.014617335266
16345.21484375,-28.58141266571357,-62.43799163984591
16351.318359375,-25.23833338475431,53.3647550858494
16357.421875,-23.74532721603143,116.0003432613203
16363.525390625,-24.71761650072292,-53.12402632082655
16369.62890625,-29.92962758924296,168.9546711046299
16375.732421875,-29.04955696718577,3.034644868305938
16381.8359375,-23.28669097631231,-173.8340568813366
16387.939453125,-21.28305635670612,14.35793995781045
16394.04296875,-22.29001651660575,-175.1158514811536
16400.146484375,-25.78046616144065,-20.55014376068059
16406.25,-28.76424591727286,145.1579244519702
16412.353515625,-29.96988175015902,-32.9713617209584
16418.45703125,-29.37676776427612,-170.6202942305704
16424.560546875,-29.30238123354243,58.88871205275484
16430.6640625,-27.77865643676229,-130.5562892985539
16436.767578125,-25.6611015244194,46.52093989045692
16442.87109375,-24.84169240087681,-126.7995836345595
16448.974609375,-27.77368845612351,35.05559836361189
16455.078125,-38.98483673845925,-152.3255010881303
16461.181640625,-34.21065493524704,50.78672307833366
16467.28515625,-28.65217809752935,-127.4409180175793
16473.388671875,-26.84023714551758,46.48877222471823
16479.4921875,-29.8820101384297,-121.3907640725258
16485.595703125,-38.10185800582842,49.06344479175392
16491.69921875,-41.14856797561492,-156.8420031482928
16497.802734375,-51.34112564283114,-2.311703817708095
16503.90625,-42.02630948708269,134.9956122770911
16510.009765625,-52.28094906612836,-66.41938290957859
16516.11328125,-38.96902516172742,101.4139651686747
16522.216796875,-32.80174000727201,-99.77552737055144
16528.3203125,-31.66220047003004,49.27829028991488
16534.423828125,-30.72052286617179,-149.8126477777376
16540.52734375,-29.63845450665001,-41.83123470567597
16546.630859375,-32.18190111904745,158.0417885398831
16552.734375,-37.68894644614414,11.8606126222579
16558.837890625,-37.9280052499336,78.16287453317281
16564.94140625,-41.40844720981295,-115.1146245295183
16571.044921875,-33.83765682960964,41.00036673614574
16577.1484375,-29.57298533679274,-174.6709134251794
16583.251953125,-29.24304919666693,-99.76209956088617
16589.35546875,-34.02496266366227,77.38857274803115
16595.458984375,-53.32838298442917,-112.8673615349092
16601.5625,-37.77427938632194,60.00828463245047
16607.666015625,-38.34240570792925,-111.331568948796
16613.76953125,-41.91339121257144,110.400553441809
16619.873046875,-31.55824902252711,-51.5834229245762
16625.9765625,-27.74782764145652,130.8815968876847
16632.080078125,-26.21289699123454,-40.36656605643114
16638.18359375,-24.52372332431699,177.4883700919389
16644.287109375,-24.01599768425635,41.05965337123332
16650.390625,-25.104335287058,-131.4975590050095
16656.494140625,-27.30566711487986,25.7713787167991
16662.59765625,-33.00283064736691,164.9827020022664
16668.701171875,-37.90384211884061,-44.60765759225266
16674.8046875,-29.71578396050012,116.6257944707326
16680.908203125,-27.56302812762393,-70.83603331784526
16687.01171875,-29.88405531150741,116.7330693842557
16693.115234375,-35.06189034182103,54.152464119678
16699.21875,-35.66871691037666,-130.2587567028581
16705.322265625,-32.41069467938864,45.91516195516796
16711.42578125,-35.78071197408737,-133.1218068068253
16717.529296875,-42.0281418789238,58.29527749325088
16723.6328125,-32.05662855784423,-87.90247178524574
16729.736328125,-28.86497176406121,103.0026135515406
16735.83984375,-27.29787957960142,-69.78650635810283
16741.943359375,-30.48058387699681,148.6229885165903
16748.046875,-37.19751543944911,21.29354921387539
16754.150390625,-40.57621007284632,-135.4792691201991
16760.25390625,-40.42736356396568,56.72595538651069
16766.357421875,-34.24254217377427,-110.5700373028275
16772.4609375,-33.3619183669167,130.6876450019871
16778.564453125,-28.8885358666145,-4.386656499813782
16784.66796875,-26.90086227676212,-165.7370543142972
16790.771484375,-27.63614735248953,24.39633915114164
16796.875,-26.96864988937654,-133.433367175254
16802.978515625,-25.05360833456863,137.6479649940558
16809.08203125,-25.19342781980626,14.56455456168008
16815.185546875,-24.56234338194916,-154.9636835790568
16821.2890625,-23.64503001159089,28.24960928010838
16827.392578125,-25.73791674827746,-117.2111978735739
16833.49609375,-30.75280577178643,74.95666596728074
16839.599609375,-33.44829422188482,-120.8315987015461
16845.703125,-29.66022563160983,43.49223243397103
16851.806640625,-27.14977316295796,-149.5622028761449
16857.91015625,-27.0860126531754,19.75280668743035
16864.013671875,-27.17408171446445,-170.6988408528033
16870.1171875,-29.12266765964636,-1.566263909544626
16876.220703125,-36.34691396669476,172.3735050127123
16882.32421875,-39.39084362539396,-25.88044055350533
16888.427734375,-31.2506979102196,44.55034423838897
16894.53125,-28.99478822004386,-158.57807832689
16900.634765625,-29.19147899636526,18.25856694135421
16906.73828125,-32.81802565808623,-163.6873143150912
16912.841796875,-43.07656161337639,15.73955591520957
16918.9453125,-54.60900981260071,-165.4893307091008
16925.048828125,-48.65504619133753,5.662470363248583
16931.15234375,-45.53427892838441,128.3071867369838
16937.255859375,-32.98852703781171,-113.1172709706795
16943.359375,-28.77594937152069,53.11607214601272
16949.462890625,-27.62373573233299,-125.0636764827853
16955.56640625,-27.24364297672911,60.15114370011376
16961.669921875,-25.68985683627616,-163.5711851112709
16967.7734375,-24.24957583229645,-38.08879170546088
16973.876953125,-24.31102339920155,129.5512521746251
16979.98046875,-24.63200928635727,-58.71015032197064
16986.083984375,-25.1546919302987,144.8705978899157
16992.1875,-28.3363854363018,2.060361552686571
16998.291015625,-39.07473452548159,-141.6945151996202
17004.39453125,-38.10435111442109,39.76584148138548
17010.498046875,-30.73932694009568,-172.1152884244194
17016.6015625,-27.9769546541286,-12.65961373029589
17022.705078125,-28.68400913124906,-146.5889607877216
17028.80859375,-33.30657306330362,73.93254020491599
17034.912109375,-29.87888100976125,-93.9988844238185
17041.015625,-27.39360978259144,93.1722139776264
17047.119140625,-27.15752897578034,-85.5334595113732
17053.22265625,-29.92848001027098,93.36063710611816
17059.326171875,-30.98310556423501,-76.01922133051141
17065.4296875,-28.80652761545145,116.9978577358253
17071.533203125,-29.64644200552668,-152.1125797395709
17077.63671875,-32.58401009899461,-39.06458675636882
17083.740234375,-38.42612427090145,125.3118792369382
17089.84375,-35.94868967765165,-58.11357160276786
17095.947265625,-28.15484079957747,106.5860062914169
17102.05078125,-24.07378527414491,-84.79954608975359
17108.154296875,-22.57489688516198,63.44924246226186
17114.2578125,-22.90993032022293,-133.840045568028
17120.361328125,-24.69173178885465,39.75127946604599
17126.46484375,-27.52018704261677,-153.1680167221883
17132.568359375,-30.2345027370084,5.506925482098637
17138.671875,-31.19438965595305,176.3052800898073
17144.775390625,-28.54405430399995,111.7655690866696
17150.87890625,-26.93862879651952,-97.68793703170681
17156.982421875,-27.76331810098265,51.22598724853065
17163.0859375,-30.05067907222897,-144.769272392664
17169.189453125,-29.0471655283057,31.45938305423546
17175.29296875,-28.02596334952418,-148.2710825875046
17181.396484375,-27.34889026315907,28.64339817408785
17187.5,-29.8972005377777,-153.6217905905715
17193.603515625,-36.36306441961664,24.47437443731846
17199.70703125,-35.62474465705565,175.0736062137075
17205.810546875,-32.25863255922368,-35.69585063657213
17211.9140625,-31.94653148575567,132.5821363864012
17218.017578125,-31.79693684602311,-38.84623025445804
17224.12109375,-32.50364342627077,155.6794877472403
17230.224609375,-33.95959046465796,-34.12763378521203
17236.328125,-32.04011695594492,92.29897078018068
17242.431640625,-28.91294260983263,-116.9782829164765
17248.53515625,-27.01003851207794,64.28143120780931
17254.638671875,-28.6955681158647,-108.1403772426099
17260.7421875,-35.31820000160857,76.18773040371973
17266.845703125,-50.8759582202218,-91.76512180719364
17272.94921875,-33.29379811813067,92.1915606421492
17279.052734375,-26.43510000483808,-115.0792248896599
17285.15625,-22.18379770391856,-30.8763742082854
17291.259765625,-20.89383176862317,107.5906960128112
17297.36328125,-21.76915732648595,-80.38873445126174
17303.466796875,-24.50828354293371,91.86854401810638
17309.5703125,-31.94577564383288,-86.97437797259177
17315.673828125,-43.92234801165457,-163.0606995505655
17321.77734375,-42.76575852849504,26.84398766288977
17327.880859375,-45.9691318025999,-168.5321998142561
17333.984375,-39.87209093331204,-12.67070262511485
17340.087890625,-36.68988721003338,136.3200824277961
17346.19140625,-30.13625534317097,-98.29402060292158
17352.294921875,-25.68179262256088,36.25909178788977
17358.3984375,-25.21512767113322,-169.1976413586408
17364.501953125,-27.3415301296123,9.906373517312735
17370.60546875,-27.30384665248321,-166.4228714202744
17376.708984375,-26.00762252428314,16.12498348249229
17382.8125,-24.91668731085615,-163.8315663376117
17388.916015625,-26.30757216597246,10.29644018055786
17395.01953125,-31.71146998196389,167.0575283426042
17401.123046875,-27.53179282737953,-45.63333036141607
17407.2265625,-24.77777125813578,106.1892918605087
17413.330078125,-26.45805842975543,-89.7392469430003
17419.43359375,-29.12866388927936,174.8726932720199
17425.537109375,-29.71889443130829,47.67473639033745
17431.640625,-27.93423940600262,-126.223149929318
17437.744140625,-25.52434537193551,57.21641397987866
17443.84765625,-23.72668860651399,-102.9816132273173
17449.951171875,-23.41820001933373,149.5216337127121
17456.0546875,-24.8790827306212,-3.617030580463355
17462.158203125,-25.33135766606343,-174.3342097362178
17468.26171875,-23.8097793805651,11.0010505444177
17474.365234375,-24.7940508509871,-174.0571388269712
17480.46875,-25.8395055872764,-0.5851882207018625
17486.572265625,-26.6742669442181,166.5669737819599
17492.67578125,-34.06509365135722,-4.09623312731133
17498.779296875,-37.80773195421928,-151.8457985618539
17504.8828125,-34.21111860735081,41.23686308355815
17510.986328125,-35.54594490641119,-131.50368518296
17517.08984375,-35.96899869519942,63.22031679586311
17523.193359375,-44.10200119601128,-109.187138618404
17529.296875,-38.18046229736244,102.1646806557624
17535.400390625,-38.34625639990944,-51.266070382999
17541.50390625,-42.57849687262777,122.8184020315244
17547.607421875,-32.47885498832836,-72.20637901112975
17553.7109375,-29.55916141939829,89.11866731580311
17559.814453125,-26.66633214222524,-94.98053078323439
17565.91796875,-26.2607062300407,79.64315555129319
17572.021484375,-28.34319307101147,-114.6507602810754
17578.125,-33.36631302222869,59.93040678921871
17584.228515625,-44.91555024947794,-114.9293837951755
17590.33203125,-33.08257741199661,63.33520012757916
17596.435546875,-33.06697552446967,-162.8951246277905
17602.5390625,-33.97332524126277,-35.59450022730114
17608.642578125,-35.24415508218618,131.2742022845195
17614.74609375,-36.94753626555058,-47.96781787759564
17620.849609375,-30.73495904145931,136.6978140985302
17626.953125,-29.3537113051716,-46.39661848936751
17633.056640625,-27.56182359433237,119.9062232536022
17639.16015625,-26.52918154137723,-87.0122938242849
17645.263671875,-29.13611876374436,74.1259335164228
17651.3671875,-30.08253332866067,-124.8777396063136
17657.470703125,-29.63543462309249,25.01239560544698
17663.57421875,-32.53773328316535,-174.9106834150902
17669.677734375,-29.9574423021582,12.48280053795963
17675.78125,-26.71915767821879,-173.1577395819943
17681.884765625,-24.90592216171695,10.61823323332566
17687.98828125,-23.78200834668431,-161.8467289709644
17694.091796875,-24.13431485990395,59.43822485563636
17700.1953125,-25.05221878122431,-1.780659342562711
17706.298828125,-26.79938632272028,169.5375941100644
17712.40234375,-27.4146457013371,-20.63258131687042
17718.505859375,-22.48643535036184,149.5146085077486
17724.609375,-21.12466774078182,-51.2079220933942
17730.712890625,-21.15368919944561,84.33140819210206
17736.81640625,-22.59993970008044,-139.7405986495324
17742.919921875,-27.88888043147723,5.263601749845948
17749.0234375,-32.41484473755798,-140.2177789899926
17755.126953125,-42.73145059769619,8.72082734782075
17761.23046875,-35.33741630729853,150.4197236197873
17767.333984375,-28.29317357411073,-32.42662573897121
17773.4375,-25.94512606411222,148.0543016272225
17779.541015625,-28.01443553579177,-31.55168370785724
17785.64453125,-33.53528826675837,150.6430727102728
17791.748046875,-32.91255531944944,-31.41986011506515
17797.8515625,-30.65581112065518,150.9093657773358
17803.955078125,-26.04714501976564,-30.78743504124543
17810.05859375,-22.52550755095545,118.260645205571
17816.162109375,-22.15296967786278,-104.7735276105616
17822.265625,-23.70508100198312,52.37366731723334
17828.369140625,-27.53232670735299,-123.5336387194289
17834.47265625,-37.62335277907856,62.37975856067095
17840.576171875,-39.51518935177142,-106.0108833599313
17846.6796875,-30.51978434893919,81.80553559115724
17852.783203125,-25.86111179971347,-100.8170450523983
17858.88671875,-24.13394828068714,74.85025338413627
17864.990234375,-23.87355490858368,-108.9342981117399
17871.09375,-23.55432949534351,71.02508744237453
17877.197265625,-24.23619402824358,-105.0184401992013
17883.30078125,-25.83207947169707,86.75424480233166
17889.404296875,-29.00351382649012,-69.6486675230331
17895.5078125,-35.79326790351396,127.1836853754614
17901.611328125,-36.12877303899816,-28.08205523449963
17907.71484375,-31.01435847960864,177.1157671384783
17913.818359375,-28.36524060012596,9.842408449885303
17919.921875,-25.46573989836224,-162.2387946812028
17926.025390625,-23.87471288037716,22.69517617588316
17932.12890625,-23.63187352306655,-158.5618133094583
17938.232421875,-23.22433723775927,13.54884972704166
17944.3359375,-24.36882399733286,-157.9755733052232
17950.439453125,-25.05652631413937,59.51755287192246
17956.54296875,-23.08750691481272,-83.90370651005968
17962.646484375,-22.0571396818454,137.983019851881
17968.75,-21.51193598405936,-20.37314441277826
17974.853515625,-21.49785599889569,162.8558290901668
17980.95703125,-24.25032301617566,-1.22115741846019
17987.060546875,-32.84289408733211,-147.0526769535779
17993.1640625,-42.78515647024509,46.25959689897032
17999.267578125,-32.69344806639707,-112.801753812356
18005.37109375,-30.23578147539769,84.13352607045599
18011.474609375,-32.83019806992697,-78.20473832760827
18017.578125,-51.79891919780611,169.0348354990957
18023.681640625,-33.27539258335341,-31.75120945263302
18029.78515625,-27.5057750215737,105.6626815753527
18035.888671875,-25.19410567541154,-96.71364058489213
18041.9921875,-27.19363514791107,84.55483848771701
18048.095703125,-39.5270467842447,-89.95889059454394
18054.19921875,-31.26650590702775,99.64948307661825
18060.302734375,-25.60544849836464,-49.86225430789026
18066.40625,-24.21214871650278,-145.0504201474935
18072.509765625,-26.78826777093416,76.06755021203098
18078.61328125,-30.20383666480463,-71.62479231382294
18084.716796875,-33.53616728079338,125.2834778311918
18090.8203125,-41.29280038762459,-52.53576958133393
18096.923828125,-33.30469038072442,127.5799464018458
18103.02734375,-31.07642597451911,-42.88498396633364
18109.130859375,-27.13351307253744,-60.96055812889273
18115.234375,-27.56271752367216,152.6226197728886
18121.337890625,-33.02816188533107,-17.28199646396902
18127.44140625,-29.82736809924453,176.6127622043505
18133.544921875,-23.81477819613499,52.92049942093158
18139.6484375,-20.35430594433411,-108.508618739046
18145.751953125,-19.84615476206982,73.02218262127316
18151.85546875,-21.46828916629501,162.4380098418693
18157.958984375,-23.85851218177935,-39.51618277966125
18164.0625,-26.92289771214261,141.2484611459078
18170.166015625,-31.18792826886572,-43.63872274624963
18176.26953125,-35.30233471049495,116.3367652945765
18182.373046875,-30.88999178151436,-98.11701648555537
18188.4765625,-25.27650996657768,50.35688872092307
18194.580078125,-23.79851753210445,-152.9331075510355
18200.68359375,-25.16226457144587,-80.18758553825033
18206.787109375,-30.10631948588432,62.03360803737688
18212.890625,-31.39471580344194,-124.0696370580924
18218.994140625,-27.16711638769492,48.16970461332081
18225.09765625,-26.11200970997402,-145.837771980471
18231.201171875,-26.92439088249308,14.61909802140916
18237.3046875,-30.75073401723969,-173.2787145306503
18243.408203125,-33.34886477601699,107.6315062301997
18249.51171875,-31.48514295589256,-39.35571932039631
18255.615234375,-29.07056814287901,137.6607358332144
18261.71875,-27.3988985028123,-40.88991653816164
18267.822265625,-28.39527934702496,143.6247373199316
18273.92578125,-30.14906524570271,-29.9221452714016
18280.029296875,-30.8740127025763,163.7314245669061
18286.1328125,-27.15288429168687,-8.707245919411298
18292.236328125,-24.96073150775884,170.1955443635678
18298.33984375,-27.39181601750445,-13.26068177154569
18304.443359375,-32.09667033644597,153.9378270708495
18310.546875,-33.98746779053301,-39.77443746555634
18316.650390625,-36.85337435600231,136.4002075783507
18322.75390625,-38.92070843643826,-43.00694041922426
18328.857421875,-33.43229332772487,138.243885811894
18334.9609375,-29.50969065993091,-42.79836534469491
18341.064453125,-28.97539712544398,138.459342260197
18347.16796875,-32.00275179084319,-40.21094413474858
18353.271484375,-46.7455086868987,126.8629985246769
18359.375,-31.8092912003973,-68.737361549277
18365.478515625,-28.08054117228939,106.0200973854494
18371.58203125,-26.49458521911307,-79.01106156634178
18377.685546875,-27.3901190076392,57.81929958460556
18383.7890625,-27.67921958022495,170.5310013292826
18389.892578125,-26.53394844156232,-59.12889494822474
18395.99609375,-26.69401204955846,118.0979458049731
18402.099609375,-26.68473788490145,-52.97891011475581
18408.203125,-28.74712387417173,101.4494713763092
18414.306640625,-33.53852680005083,-146.93776859888
18420.41015625,-33.01805747240412,12.00548150402024
18426.513671875,-34.59577719396363,-173.0155239669952
18432.6171875,-38.85727262533344,19.52567395678237
18438.720703125,-37.89814835662281,-120.9236182636075
18444.82421875,-36.72762661925221,75.97856059976233
18450.927734375,-33.86348082443362,-130.4112103107136
18457.03125,-31.98251402948733,-19.55820245082799
18463.134765625,-34.46834875970653,75.10698782986245
18469.23828125,-54.88076191015787,-132.9790609507917
18475.341796875,-38.2032493728091,25.77957695438182
18481.4453125,-36.09551561281005,-171.3180972150707
18487.548828125,-32.30749361246211,-3.295308220298495
18493.65234375,-32.74335919053924,172.1729512212555
18499.755859375,-37.13600151133803,-0.3443648140548741
18505.859375,-37.64510624563279,-146.9621160973542
18511.962890625,-28.82345376990217,78.45419414090965
18518.06640625,-26.5231284545904,-82.25339302497726
18524.169921875,-28.52299207828004,100.1525525370323
18530.2734375,-33.38757999359986,-57.40157060583949
18536.376953125,-43.65063407520473,-135.4326312529983
18542.48046875,-29.91750315478983,101.6174391053788
18548.583984375,-25.74082063535212,-42.66564486953964
18554.6875,-26.56968366976274,-143.0018406861256
18560.791015625,-26.74875482129362,57.99851181157623
18566.89453125,-28.25777590649388,-141.365951941253
18572.998046875,-33.47435734420174,18.72655986948691
18579.1015625,-28.66145290580318,27.45181917968019
18585.205078125,-25.17366284930663,-143.9676666907509
18591.30859375,-23.40800269962813,41.22388413984964
18597.412109375,-23.1395150066461,-142.4843376308961
18603.515625,-24.08037997084971,51.01175421402303
18609.619140625,-25.6384698148237,-102.2919433297775
18615.72265625,-27.83768023351343,67.44917860566748
18621.826171875,-30.05451427331126,121.2250014639426
18627.9296875,-35.08092213922559,-40.16736244876447
18634.033203125,-38.50432800757771,132.1522338318462
18640.13671875,-35.36088174261728,-38.11067220427133
18646.240234375,-30.96026821568037,179.2095823471246
18652.34375,-31.20007440543011,14.49921383733904
18658.447265625,-40.70993092889594,-146.4909612768941
18664.55078125,-38.39118870003826,43.58790311583315
18670.654296875,-31.20351283808965,-102.4564687928563
18676.7578125,-29.61729793421251,110.3604945641677
18682.861328125,-29.12437632323528,-81.71968058063862
18688.96484375,-28.22106543796217,94.60556504436754
18695.068359375,-26.68873857450167,-106.1944220967899
18701.171875,-26.89931360927613,43.73931048071893
18707.275390625,-29.30736166189336,-165.8147794793229
18713.37890625,-32.35740972662369,-25.4075016546292
18719.482421875,-41.24117732017758,137.0248396592788
18725.5859375,-33.86506896526095,-59.80664909688158
18731.689453125,-31.26946002745147,109.9037206831825
18737.79296875,-30.78370684470426,-67.43298687712723
18743.896484375,-28.73108485378477,120.455745560686
18750,-30.01207138913045,-50.64632717557222
18756.103515625,-35.61520823464308,145.3174113673366
18762.20703125,-30.33909449110809,-24.60919524924812
18768.310546875,-25.61156847288238,144.7248921317288
18774.4140625,-24.74303008860577,-46.59963206723692
18780.517578125,-25.77619923496932,115.9822431026013
18786.62109375,-27.80171318082385,-63.74156327207272
18792.724609375,-29.01994918100462,150.9071163009909
18798.828125,-30.32973334457817,6.071175498410704
18804.931640625,-30.41524231945815,-162.2042450909046
18811.03515625,-32.54214367099321,43.0084761423123
18817.138671875,-40.98481731312829,-113.4143148106004
18823.2421875,-36.39216803931797,63.11903719034571
18829.345703125,-28.84721979519878,-131.4181855404321
18835.44921875,-27.02354932995953,40.19032986769295
18841.552734375,-28.37961737909744,-147.384699425497
18847.65625,-30.0482338554131,24.82854324380878
18853.759765625,-38.27110504901987,-144.7187425871787
18859.86328125,-40.40898020517449,46.2625400669382
18865.966796875,-36.35227946161338,-135.6068451343439
18872.0703125,-40.15886723990334,46.21989784447846
18878.173828125,-39.04005999563171,-125.9700768128393
18884.27734375,-29.74879876659095,41.62720018189679
18890.380859375,-27.92214668075232,-115.6190597321731
18896.484375,-27.20383698473724,111.7933784955323
18902.587890625,-26.19279685919558,-63.19403652316698
18908.69140625,-27.58492988439441,119.3784748688041
18914.794921875,-29.97836720017532,-64.41003984846209
18920.8984375,-29.08404248280309,98.37271933564632
18927.001953125,-29.13826641632261,-94.73281619434823
18933.10546875,-29.48977230840226,82.82108137342685
18939.208984375,-29.70781529235279,-74.81588946105805
18945.3125,-29.54514970039406,125.7664834438773
18951.416015625,-29.6634281330652,-53.60155921082621
18957.51953125,-28.18828408056206,123.4816053755868
18963.623046875,-25.42932533796623,-57.91489602106343
18969.7265625,-23.33670161118111,108.0873216464341
18975.830078125,-23.94842023425736,-174.6152793960404
18981.93359375,-26.45785556774169,-15.79200134511826
18988.037109375,-30.24540754029047,176.5632405360074
18994.140625,-32.85256295755326,4.599910842096933
19000.244140625,-27.35548378671969,-171.9980536929892
19006.34765625,-25.06487890084216,12.53578037135735
19012.451171875,-25.08267849331915,179.3917355454993
19018.5546875,-26.10977241171017,-86.95037643159033
19024.658203125,-28.56505462730125,56.2517593647818
19030.76171875,-31.40065300644283,-147.8761839904205
19036.865234375,-33.38393260795034,12.8091829362951
19042.96875,-35.53947018489988,166.9068562998064
19049.072265625,-32.44775186540112,-38.01966704271865
19055.17578125,-31.52919101098949,130.9968226644402
19061.279296875,-31.93584793329815,-54.04063648497537
19067.3828125,-31.44716245172834,139.7463170626362
19073.486328125,-26.62463299706359,-17.94879446773153
19079.58984375,-24.64319735057166,125.6301706299706
19085.693359375,-25.657425480853,-77.21602360558774
19091.796875,-27.79842629093573,114.4401714328305
19097.900390625,-28.99501391752874,-69.39337347360568
19104.00390625,-27.98765408262074,116.8819431890296
19110.107421875,-28.9707326850098,45.67851038437328
19116.2109375,-32.59348206928139,-106.6250165931062
19122.314453125,-36.9674221069442,89.17712666046597
19128.41796875,-34.23060432738347,-103.1166090932555
19134.521484375,-34.29253919132895,40.76819639266041
19140.625,-36.73135534508005,-173.4026026786311
19146.728515625,-31.04451601185763,-120.6663048460243
19152.83203125,-27.49835587345666,31.26627225055448
19158.935546875,-26.09742545937275,-171.4118045802057
19165.0390625,-28.67857870490431,-29.23898175147679
19171.142578125,-33.86340693624177,-12.40988374555373
19177.24609375,-34.99242438495938,161.5723318519398
19183.349609375,-32.6175631918911,-23.63692720605042
19189.453125,-37.81600892009232,142.4356634480331
19195.556640625,-39.52622582867874,-92.17309524191259
19201.66015625,-30.18759954940973,71.00078143229939
19207.763671875,-25.73041787255989,-90.79155179443919
19213.8671875,-24.7641469312642,121.3027691838438
19219.970703125,-26.95727471797323,-51.27123684377351
19226.07421875,-30.69437316890889,156.5409670643897
19232.177734375,-36.6689625337937,21.45472568809367
19238.28125,-39.75979967607979,-166.0356233949331
19244.384765625,-32.84047132371006,5.574810312267014
19250.48828125,-29.06820151701686,177.460138956468
19256.591796875,-28.17967421626749,-18.59663816029762
19262.6953125,-26.3528512413525,17.32580838077159
19268.798828125,-26.09962374917073,170.2147481864966
19274.90234375,-28.3134351959318,-3.752641433895674
19281.005859375,-28.13850710116776,-163.2564986806298
19287.109375,-27.11798885663111,88.67297786340934
19293.212890625,-26.88740709251278,-46.76742470281266
19299.31640625,-25.69597362415161,146.5050767568074
19305.419921875,-26.34008373339611,-24.70488147814057
19311.5234375,-28.178504923738,168.2424465100155
19317.626953125,-26.81841103575138,3.316535341453424
19323.73046875,-26.34767977102864,127.8169713284301
19329.833984375,-32.93774320385936,-124.8170732577288
19335.9375,-34.59144298777896,39.37457180449647
19342.041015625,-28.42983255135559,-149.2955838528732
19348.14453125,-29.66456616879024,33.66573582466047
19354.248046875,-37.01654007078046,-131.6682425762888
19360.3515625,-34.32370029726575,74.62335298670517
19366.455078125,-29.63055320719162,-80.40988548131914
19372.55859375,-31.05300990557939,115.0251770887911
19378.662109375,-38.48051028798888,-63.47937660945176
19384.765625,-44.5188993871107,114.1349168587229
19390.869140625,-41.79933833516241,-69.14623629105955
19396.97265625,-35.39394198453478,102.9400601357737
19403.076171875,-30.81258600792564,-83.76867123163217
19409.1796875,-29.12099226889929,93.67683130521078
19415.283203125,-27.55707042155522,-103.4701289407585
19421.38671875,-25.86794449376184,31.40319377276913
19427.490234375,-24.95911492947049,-178.9030949032702
19433.59375,-24.53073109111091,-11.73039748825245
19439.697265625,-26.79126375558245,168.6138327300129
19445.80078125,-29.96977724124575,-32.03611926194032
19451.904296875,-29.93287576619958,114.8230731972462
19458.0078125,-30.93773746305884,-84.97060462478693
19464.111328125,-33.1026891918022,82.45163410319432
19470.21484375,-32.94731484348328,-106.7882251772007
19476.318359375,-31.48092971793587,58.67107174540151
19482.421875,-29.51079608640082,-133.6568865879602
19488.525390625,-27.20725753750152,44.47809501501982
19494.62890625,-27.00561757355382,-145.8875006708926
19500.732421875,-26.51422764213059,-65.47988630755512
19506.8359375,-25.78544949993082,74.52161213210508
19512.939453125,-26.51685414513808,-117.3377709623627
19519.04296875,-26.02097240174811,50.21336531785418
19525.146484375,-23.73568411509432,-147.836787265936
19531.25,-22.02833158783594,5.632171428904408
19537.353515625,-21.22203619858818,164.4228322907325
19543.45703125,-21.20971890602886,-23.19625555026787
19549.560546875,-23.09833420513776,129.9574447553731
19555.6640625,-29.27098849135291,-99.15240167069727
19561.767578125,-58.34305932976391,32.75903304477032
19567.87109375,-30.65810585351633,105.0905880937859
19573.974609375,-26.56457287623397,-97.50064056458156
19580.078125,-26.83742171591003,77.1485170751061
19586.181640625,-25.7082003841593,-104.2142940467088
19592.28515625,-24.60007424094794,69.25426904467456
19598.388671875,-25.22171201114053,-123.2160802738221
19604.4921875,-26.89547178562209,38.13196933328084
19610.595703125,-31.93130799904801,-158.8362741505996
19616.69921875,-31.73752175979939,93.66153420818496
19622.802734375,-30.40280338704277,-69.50940817919118
19628.90625,-29.7961633096833,117.8880013698647
19635.009765625,-29.53160693685491,-48.89322425556308
19641.11328125,-31.76460407861156,163.087913782025
19647.216796875,-30.61130506537197,58.98167057479915
19653.3203125,-27.58273730835942,-102.4832181728814
19659.423828125,-26.41148679400114,91.44473298196731
19665.52734375,-25.52829114247588,-58.12641988323674
19671.630859375,-26.91786435691636,154.4653263116058
19677.734375,-30.5435296401978,3.215916602476117
19683.837890625,-32.66973392962859,-157.8951378288991
19689.94140625,-32.73533301968119,15.42216274621656
19696.044921875,-31.44273609458617,-174.0659569948012
19702.1484375,-33.32084035210418,10.43346232416616
19708.251953125,-38.50582753938893,-104.3121720665488
19714.35546875,-36.84983993733145,158.6579997683787
19720.458984375,-31.61925163926391,-19.72936876990775
19726.5625,-31.07592936594887,174.8799986709219
19732.666015625,-30.88842284240847,17.18905587447653
19738.76953125,-30.05323831732765,-152.1734887957257
19744.873046875,-29.1846372044947,31.63297573785078
19750.9765625,-28.4812837827755,-150.5869624889075
19757.080078125,-28.70302504023601,10.23253747714579
19763.18359375,-31.51743266124608,163.1362749784395
19769.287109375,-34.00927198611903,-39.81207272145886
19775.390625,-31.43819948560019,113.1191750498673
19781.494140625,-28.96366737007721,-80.84285603329788
19787.59765625,-27.8105667981771,53.27566236514594
19793.701171875,-28.86432801803298,-174.7316775821525
19799.8046875,-29.1524909945168,-72.13248182441396
19805.908203125,-30.2287784095447,69.71704274123647
19812.01171875,-33.39556998294986,-125.9934219383181
19818.115234375,-36.38770268128765,40.12997558333655
19824.21875,-35.65739000392934,-109.9456703579981
19830.322265625,-33.97228073926318,124.1007606254587
19836.42578125,-30.43747961898233,-13.11724745043785
19842.529296875,-29.30146125858716,178.3213639848786
19848.6328125,-34.19858879982791,-12.18419212540158
19854.736328125,-45.56696228554376,128.3358346165755
19860.83984375,-40.30022734825324,-77.35131016207292
19866.943359375,-34.27036750102674,82.0454277013729
19873.046875,-30.89387560448619,-119.1092588956961
19879.150390625,-29.74983314538179,36.88329749493256
19885.25390625,-29.11086475742898,-166.559210337965
19891.357421875,-29.3108708771644,15.56383574288437
19897.4609375,-29.97549167317785,-140.7589461056002
19903.564453125,-34.37596202058904,171.0778659988986
19909.66796875,-57.39926177939677,-52.72302437679748
19915.771484375,-36.43500679712638,58.49607132621212
19921.875,-30.50388552518886,-149.1145705669719
19927.978515625,-30.83896080148243,58.83099243023854
19934.08203125,-33.27313188868855,-104.6364647033557
19940.185546875,-27.74062535390305,80.58987506672028
19946.2890625,-24.17914804216413,-109.924522079555
19952.392578125,-23.25123441643491,39.13293940683673
19958.49609375,-24.29221819465873,173.4143182528056
19964.599609375,-27.21604956333127,-6.814111902935541
19970.703125,-29.75150150735655,-144.2109245407646
19976.806640625,-30.64901404719177,63.83711051008441
19982.91015625,-33.51784981102337,-123.3540818443617
19989.013671875,-35.88027902416735,24.79534876522137
19995.1171875,-32.40810282157819,-173.808994915083
20001.220703125,-27.1949560225171,4.666518042454561
